seed_idx,i,j,pi,qi,pj,qj,abs_r_bytes,p_bytes,hamming_pct,ham_dev,r_cos1_raw,p_raw
0,0,1,2,3,3,5,0.000179,5.7036e-01,50.0024,2.373e-05,+0.000587,5.5705e-01
0,0,2,2,3,5,7,0.000419,1.8491e-01,49.9978,2.246e-05,-0.001643,1.0046e-01
0,0,3,2,3,7,11,0.000186,5.5745e-01,49.9947,5.266e-05,+0.000271,7.8640e-01
0,0,4,2,3,8,13,0.000203,5.2132e-01,49.9998,1.688e-06,+0.000241,8.0957e-01
0,0,5,2,3,11,17,0.000153,6.2822e-01,50.0076,7.645e-05,-0.000456,6.4841e-01
0,0,6,2,3,13,19,0.000189,5.5034e-01,50.0059,5.924e-05,-0.000401,6.8836e-01
0,0,7,2,3,17,23,0.000111,7.2472e-01,49.9905,9.471e-05,-0.000978,3.2819e-01
0,0,8,2,3,19,29,0.000080,8.0024e-01,50.0028,2.800e-05,+0.001580,1.1415e-01
0,0,9,2,3,23,31,0.000019,9.5297e-01,49.9993,6.913e-06,+0.000515,6.0674e-01
0,0,10,2,3,29,37,0.000390,2.1710e-01,50.0056,5.612e-05,+0.000036,9.7124e-01
0,0,11,2,3,31,41,0.000180,5.6857e-01,49.9929,7.124e-05,+0.002073,3.8147e-02
0,0,12,2,3,37,43,0.000216,4.9465e-01,49.9925,7.466e-05,-0.000927,3.5413e-01
0,0,13,2,3,41,47,0.000281,3.7488e-01,50.0022,2.214e-05,-0.000552,5.8091e-01
0,0,14,2,3,43,53,0.000071,8.2169e-01,49.9965,3.524e-05,-0.000045,9.6416e-01
0,0,15,2,3,47,59,0.000201,5.2587e-01,50.0061,6.086e-05,-0.000323,7.4655e-01
0,0,16,2,3,53,61,0.000108,7.3227e-01,49.9984,1.560e-05,-0.000840,4.0090e-01
0,0,17,2,3,59,67,0.000395,2.1106e-01,49.9946,5.440e-05,+0.001195,2.3211e-01
0,0,18,2,3,61,71,0.000357,2.5946e-01,50.0040,4.005e-05,+0.002230,2.5729e-02
0,0,19,2,3,67,73,0.000192,5.4467e-01,50.0020,1.986e-05,-0.000030,9.7610e-01
0,1,2,3,5,5,7,0.000495,1.1741e-01,50.0062,6.206e-05,+0.000509,6.1100e-01
0,1,3,3,5,7,11,0.000400,2.0619e-01,49.9939,6.056e-05,-0.001370,1.7070e-01
0,1,4,3,5,8,13,0.000502,1.1267e-01,49.9981,1.939e-05,-0.000563,5.7333e-01
0,1,5,3,5,11,17,0.000439,1.6519e-01,49.9966,3.388e-05,+0.001157,2.4728e-01
0,1,6,3,5,13,19,0.000185,5.5953e-01,49.9993,6.587e-06,+0.002413,1.5828e-02
0,1,7,3,5,17,23,0.000576,6.8530e-02,49.9926,7.406e-05,+0.000851,3.9503e-01
0,1,8,3,5,19,29,0.000014,9.6410e-01,50.0073,7.335e-05,-0.000632,5.2731e-01
0,1,9,3,5,23,31,0.000061,8.4696e-01,49.9906,9.434e-05,-0.000887,3.7495e-01
0,1,10,3,5,29,37,0.000022,9.4430e-01,49.9946,5.385e-05,-0.000717,4.7328e-01
0,1,11,3,5,31,41,0.000496,1.1669e-01,49.9959,4.054e-05,+0.000672,5.0153e-01
0,1,12,3,5,37,43,0.000391,2.1621e-01,49.9958,4.166e-05,-0.000802,4.2274e-01
0,1,13,3,5,41,47,0.000726,2.1757e-02,49.9908,9.184e-05,-0.000379,7.0494e-01
0,1,14,3,5,43,53,0.000201,5.2532e-01,49.9978,2.199e-05,-0.002381,1.7283e-02
0,1,15,3,5,47,59,0.000255,4.2043e-01,49.9982,1.764e-05,-0.000404,6.8632e-01
0,1,16,3,5,53,61,0.000267,3.9780e-01,49.9937,6.288e-05,-0.001052,2.9298e-01
0,1,17,3,5,59,67,0.000008,9.8040e-01,49.9944,5.648e-05,+0.000507,6.1193e-01
0,1,18,3,5,61,71,0.000430,1.7402e-01,49.9998,2.150e-06,-0.000643,5.2011e-01
0,1,19,3,5,67,73,0.000419,1.8484e-01,50.0051,5.096e-05,-0.001710,8.7216e-02
0,2,3,5,7,7,11,0.000207,5.1182e-01,49.9952,4.835e-05,+0.000749,4.5370e-01
0,2,4,5,7,8,13,0.000424,1.7958e-01,50.0031,3.065e-05,-0.000032,9.7409e-01
0,2,5,5,7,11,17,0.000112,7.2224e-01,50.0018,1.829e-05,+0.000994,3.2033e-01
0,2,6,5,7,13,19,0.000416,1.8836e-01,50.0148,1.483e-04,+0.000892,3.7256e-01
0,2,7,5,7,17,23,0.000549,8.2343e-02,49.9925,7.515e-05,+0.001084,2.7818e-01
0,2,8,5,7,19,29,0.000023,9.4127e-01,49.9989,1.076e-05,-0.001050,2.9373e-01
0,2,9,5,7,23,31,0.000382,2.2677e-01,49.9987,1.345e-05,+0.000687,4.9232e-01
0,2,10,5,7,29,37,0.000147,6.4314e-01,50.0041,4.066e-05,-0.001130,2.5866e-01
0,2,11,5,7,31,41,0.000317,3.1615e-01,49.9984,1.605e-05,-0.001644,1.0009e-01
0,2,12,5,7,37,43,0.000141,6.5470e-01,49.9899,1.009e-04,+0.000996,3.1918e-01
0,2,13,5,7,41,47,0.000219,4.8956e-01,50.0038,3.850e-05,-0.000777,4.3697e-01
0,2,14,5,7,43,53,0.000085,7.8875e-01,50.0034,3.355e-05,+0.000778,4.3629e-01
0,2,15,5,7,47,59,0.000411,1.9373e-01,49.9991,8.700e-06,+0.000596,5.5148e-01
0,2,16,5,7,53,61,0.000147,6.4139e-01,49.9983,1.701e-05,+0.000597,5.5078e-01
0,2,17,5,7,59,67,0.000236,4.5497e-01,50.0041,4.059e-05,-0.000404,6.8589e-01
0,2,18,5,7,61,71,0.000198,5.3070e-01,50.0092,9.151e-05,-0.000291,7.7093e-01
0,2,19,5,7,67,73,0.000174,5.8287e-01,50.0013,1.297e-05,+0.000396,6.9207e-01
0,3,4,7,11,8,13,0.000242,4.4406e-01,50.0040,3.965e-05,+0.000631,5.2775e-01
0,3,5,7,11,11,17,0.000785,1.3106e-02,49.9988,1.174e-05,+0.000308,7.5801e-01
0,3,6,7,11,13,19,0.000268,3.9734e-01,50.0053,5.332e-05,-0.000655,5.1239e-01
0,3,7,7,11,17,23,0.000355,2.6142e-01,49.9972,2.780e-05,-0.002107,3.5151e-02
0,3,8,7,11,19,29,0.000145,6.4676e-01,50.0014,1.429e-05,+0.000267,7.8984e-01
0,3,9,7,11,23,31,0.000760,1.6212e-02,50.0116,1.159e-04,-0.001405,1.6008e-01
0,3,10,7,11,29,37,0.000078,8.0520e-01,49.9932,6.756e-05,-0.001344,1.7904e-01
0,3,11,7,11,31,41,0.000068,8.3083e-01,49.9974,2.592e-05,+0.000591,5.5420e-01
0,3,12,7,11,37,43,0.000085,7.8773e-01,50.0042,4.180e-05,-0.000121,9.0359e-01
0,3,13,7,11,41,47,0.000524,9.7450e-02,49.9959,4.120e-05,-0.000144,8.8561e-01
0,3,14,7,11,43,53,0.000218,4.9049e-01,50.0072,7.222e-05,-0.000190,8.4892e-01
0,3,15,7,11,47,59,0.000500,1.1360e-01,49.9935,6.545e-05,-0.000736,4.6194e-01
0,3,16,7,11,53,61,0.000345,2.7475e-01,49.9961,3.864e-05,+0.001387,1.6541e-01
0,3,17,7,11,59,67,0.000283,3.7122e-01,49.9976,2.424e-05,-0.000051,9.5949e-01
0,3,18,7,11,61,71,0.000049,8.7755e-01,49.9887,1.133e-04,-0.001210,2.2632e-01
0,3,19,7,11,67,73,0.000143,6.5112e-01,49.9977,2.315e-05,+0.001461,1.4398e-01
0,4,5,8,13,11,17,0.000035,9.1202e-01,50.0051,5.069e-05,+0.001262,2.0694e-01
0,4,6,8,13,13,19,0.000277,3.8188e-01,50.0076,7.563e-05,-0.000240,8.1063e-01
0,4,7,8,13,17,23,0.000355,2.6101e-01,50.0005,4.625e-06,-0.002571,1.0131e-02
0,4,8,8,13,19,29,0.000502,1.1267e-01,49.9863,1.371e-04,-0.000523,6.0076e-01
0,4,9,8,13,23,31,0.000634,4.4849e-02,49.9917,8.325e-05,+0.000084,9.3310e-01
0,4,10,8,13,29,37,0.000165,6.0099e-01,50.0134,1.336e-04,-0.000991,3.2151e-01
0,4,11,8,13,31,41,0.000228,4.7058e-01,50.0006,6.275e-06,-0.000835,4.0356e-01
0,4,12,8,13,37,43,0.000153,6.2793e-01,50.0056,5.592e-05,+0.000137,8.9106e-01
0,4,13,8,13,41,47,0.000261,4.0841e-01,50.0011,1.060e-05,-0.000126,8.9934e-01
0,4,14,8,13,43,53,0.000536,9.0354e-02,50.0037,3.683e-05,+0.000223,8.2335e-01
0,4,15,8,13,47,59,0.000355,2.6167e-01,49.9986,1.432e-05,-0.000167,8.6741e-01
0,4,16,8,13,53,61,0.000007,9.8292e-01,49.9957,4.344e-05,+0.000204,8.3812e-01
0,4,17,8,13,59,67,0.000040,8.9873e-01,50.0021,2.091e-05,+0.000017,9.8653e-01
0,4,18,8,13,61,71,0.000009,9.7717e-01,50.0043,4.261e-05,+0.001513,1.3040e-01
0,4,19,8,13,67,73,0.000141,6.5669e-01,49.9976,2.365e-05,-0.001200,2.3016e-01
0,5,6,11,17,13,19,0.000179,5.7202e-01,50.0018,1.836e-05,-0.000479,6.3215e-01
0,5,7,11,17,17,23,0.000169,5.9324e-01,49.9873,1.268e-04,+0.000212,8.3180e-01
0,5,8,11,17,19,29,0.000032,9.1882e-01,49.9973,2.733e-05,-0.000037,9.7016e-01
0,5,9,11,17,23,31,0.000540,8.7498e-02,49.9950,5.034e-05,-0.000485,6.2748e-01
0,5,10,11,17,29,37,0.000195,5.3656e-01,49.9970,3.035e-05,-0.000926,3.5419e-01
0,5,11,11,17,31,41,0.000482,1.2714e-01,50.0044,4.354e-05,+0.001750,8.0142e-02
0,5,12,11,17,37,43,0.000338,2.8477e-01,49.9951,4.869e-05,-0.001120,2.6253e-01
0,5,13,11,17,41,47,0.000271,3.9145e-01,50.0030,3.014e-05,+0.000205,8.3745e-01
0,5,14,11,17,43,53,0.000281,3.7341e-01,49.9929,7.084e-05,-0.000276,7.8244e-01
0,5,15,11,17,47,59,0.000154,6.2643e-01,49.9986,1.406e-05,+0.002006,4.4871e-02
0,5,16,11,17,53,61,0.000005,9.8821e-01,49.9986,1.438e-05,+0.000129,8.9750e-01
0,5,17,11,17,59,67,0.000093,7.6783e-01,50.0029,2.927e-05,+0.000196,8.4422e-01
0,5,18,11,17,61,71,0.000746,1.8299e-02,50.0025,2.468e-05,+0.000591,5.5484e-01
0,5,19,11,17,67,73,0.000091,7.7464e-01,50.0059,5.924e-05,-0.000479,6.3173e-01
0,6,7,13,19,17,23,0.000112,7.2311e-01,50.0032,3.233e-05,+0.000298,7.6601e-01
0,6,8,13,19,19,29,0.000026,9.3450e-01,49.9987,1.349e-05,-0.001799,7.2053e-02
0,6,9,13,19,23,31,0.000531,9.3063e-02,49.9878,1.221e-04,-0.000608,5.4293e-01
0,6,10,13,19,29,37,0.000412,1.9217e-01,49.9939,6.129e-05,+0.001028,3.0415e-01
0,6,11,13,19,31,41,0.000020,9.4848e-01,49.9926,7.377e-05,-0.001597,1.1017e-01
0,6,12,13,19,37,43,0.000662,3.6307e-02,49.9993,6.525e-06,+0.001870,6.1427e-02
0,6,13,13,19,41,47,0.000082,7.9656e-01,50.0015,1.545e-05,-0.002171,2.9955e-02
0,6,14,13,19,43,53,0.000155,6.2491e-01,49.9938,6.217e-05,+0.000056,9.5520e-01
0,6,15,13,19,47,59,0.000491,1.2032e-01,50.0030,3.008e-05,-0.000451,6.5168e-01
0,6,16,13,19,53,61,0.000199,5.2826e-01,49.9938,6.216e-05,-0.000661,5.0842e-01
0,6,17,13,19,59,67,0.000157,6.1914e-01,49.9971,2.946e-05,-0.000166,8.6817e-01
0,6,18,13,19,61,71,0.000391,2.1634e-01,50.0042,4.229e-05,-0.000695,4.8737e-01
0,6,19,13,19,67,73,0.000576,6.8684e-02,49.9905,9.530e-05,-0.000190,8.4929e-01
0,7,8,17,23,19,29,0.000288,3.6253e-01,50.0043,4.284e-05,-0.001591,1.1167e-01
0,7,9,17,23,23,31,0.000089,7.7842e-01,49.9984,1.650e-05,-0.001187,2.3535e-01
0,7,10,17,23,29,37,0.000064,8.3866e-01,50.0051,5.081e-05,+0.000672,5.0176e-01
0,7,11,17,23,31,41,0.000157,6.1848e-01,49.9984,1.635e-05,-0.002143,3.2141e-02
0,7,12,17,23,37,43,0.000230,4.6695e-01,50.0002,2.400e-06,+0.000421,6.7340e-01
0,7,13,17,23,41,47,0.000047,8.8157e-01,50.0033,3.327e-05,+0.000208,8.3507e-01
0,7,14,17,23,43,53,0.000008,9.7938e-01,50.0044,4.415e-05,-0.000401,6.8805e-01
0,7,15,17,23,47,59,0.000121,7.0238e-01,50.0022,2.218e-05,+0.000381,7.0326e-01
0,7,16,17,23,53,61,0.000507,1.0889e-01,50.0018,1.839e-05,+0.000095,9.2422e-01
0,7,17,17,23,59,67,0.000531,9.2907e-02,50.0037,3.666e-05,-0.000247,8.0456e-01
0,7,18,17,23,61,71,0.000496,1.1706e-01,49.9986,1.389e-05,-0.001196,2.3179e-01
0,7,19,17,23,67,73,0.000090,7.7571e-01,50.0047,4.667e-05,-0.000578,5.6351e-01
0,8,9,19,29,23,31,0.000258,4.1502e-01,50.0077,7.666e-05,-0.001245,2.1325e-01
0,8,10,19,29,29,37,0.000239,4.5002e-01,50.0020,1.970e-05,-0.002025,4.2862e-02
0,8,11,19,29,31,41,0.000049,8.7743e-01,50.0006,5.612e-06,-0.000261,7.9415e-01
0,8,12,19,29,37,43,0.000505,1.1021e-01,49.9919,8.091e-05,-0.000469,6.3908e-01
0,8,13,19,29,41,47,0.000009,9.7666e-01,49.9899,1.008e-04,-0.000543,5.8724e-01
0,8,14,19,29,43,53,0.000235,4.5722e-01,50.0023,2.334e-05,-0.000902,3.6690e-01
0,8,15,19,29,47,59,0.000333,2.9172e-01,50.0046,4.626e-05,+0.000154,8.7757e-01
0,8,16,19,29,53,61,0.000461,1.4497e-01,50.0048,4.810e-05,-0.000478,6.3252e-01
0,8,17,19,29,59,67,0.000116,7.1455e-01,49.9927,7.343e-05,-0.000842,4.0007e-01
0,8,18,19,29,61,71,0.000870,5.9531e-03,49.9965,3.510e-05,+0.000111,9.1181e-01
0,8,19,19,29,67,73,0.000136,6.6786e-01,49.9964,3.621e-05,+0.000318,7.5067e-01
0,9,10,23,31,29,37,0.000156,6.2083e-01,49.9929,7.066e-05,-0.000758,4.4868e-01
0,9,11,23,31,31,41,0.000131,6.7770e-01,50.0020,1.988e-05,+0.001843,6.5384e-02
0,9,12,23,31,37,43,0.000041,8.9677e-01,49.9936,6.390e-05,-0.001092,2.7479e-01
0,9,13,23,31,41,47,0.000027,9.3120e-01,50.0052,5.173e-05,-0.000123,9.0231e-01
0,9,14,23,31,43,53,0.000624,4.8495e-02,50.0062,6.207e-05,-0.001264,2.0636e-01
0,9,15,23,31,47,59,0.000039,9.0149e-01,50.0115,1.145e-04,+0.001202,2.2925e-01
0,9,16,23,31,53,61,0.000432,1.7234e-01,49.9979,2.141e-05,+0.000401,6.8832e-01
0,9,17,23,31,59,67,0.000869,6.0030e-03,49.9989,1.071e-05,-0.000217,8.2849e-01
0,9,18,23,31,61,71,0.000392,2.1522e-01,49.9828,1.718e-04,+0.001112,2.6631e-01
0,9,19,23,31,67,73,0.000146,6.4366e-01,49.9977,2.295e-05,-0.000563,5.7344e-01
0,10,11,29,37,31,41,0.000151,6.3359e-01,50.0077,7.656e-05,-0.001188,2.3497e-01
0,10,12,29,37,37,43,0.000030,9.2394e-01,50.0047,4.691e-05,+0.000788,4.3086e-01
0,10,13,29,37,41,47,0.000252,4.2622e-01,50.0005,4.662e-06,+0.000294,7.6839e-01
0,10,14,29,37,43,53,0.000633,4.5404e-02,49.9938,6.231e-05,-0.000360,7.1879e-01
0,10,15,29,37,47,59,0.000169,5.9353e-01,49.9961,3.916e-05,-0.000279,7.8030e-01
0,10,16,29,37,53,61,0.000218,4.8989e-01,49.9923,7.683e-05,+0.000269,7.8809e-01
0,10,17,29,37,59,67,0.000256,4.1864e-01,50.0000,2.000e-07,-0.000623,5.3333e-01
0,10,18,29,37,61,71,0.000254,4.2273e-01,49.9943,5.745e-05,-0.000949,3.4261e-01
0,10,19,29,37,67,73,0.000050,8.7314e-01,49.9995,5.387e-06,-0.001258,2.0830e-01
0,11,12,31,41,37,43,0.000280,3.7626e-01,50.0101,1.012e-04,+0.000058,9.5390e-01
0,11,13,31,41,41,47,0.000018,9.5463e-01,49.9999,1.050e-06,+0.001560,1.1880e-01
0,11,14,31,41,43,53,0.000154,6.2638e-01,49.9995,5.125e-06,-0.000249,8.0324e-01
0,11,15,31,41,47,59,0.000120,7.0452e-01,49.9992,7.700e-06,+0.001007,3.1399e-01
0,11,16,31,41,53,61,0.000456,1.4954e-01,50.0023,2.254e-05,+0.001892,5.8452e-02
0,11,17,31,41,59,67,0.000489,1.2212e-01,50.0094,9.421e-05,-0.000330,7.4129e-01
0,11,18,31,41,61,71,0.000425,1.7904e-01,49.9998,2.487e-06,-0.000413,6.7950e-01
0,11,19,31,41,67,73,0.000356,2.6009e-01,49.9959,4.145e-05,-0.001406,1.5975e-01
0,12,13,37,43,41,47,0.000355,2.6159e-01,50.0035,3.453e-05,+0.000620,5.3526e-01
0,12,14,37,43,43,53,0.000092,7.7040e-01,49.9988,1.167e-05,+0.000489,6.2500e-01
0,12,15,37,43,47,59,0.000045,8.8599e-01,50.0046,4.572e-05,-0.000309,7.5702e-01
0,12,16,37,43,53,61,0.000020,9.4863e-01,50.0047,4.706e-05,+0.000084,9.3313e-01
0,12,17,37,43,59,67,0.000475,1.3297e-01,50.0094,9.446e-05,-0.000125,9.0040e-01
0,12,18,37,43,61,71,0.000522,9.8702e-02,50.0113,1.127e-04,+0.000401,6.8852e-01
0,12,19,37,43,67,73,0.000072,8.1959e-01,50.0025,2.550e-05,-0.000167,8.6743e-01
0,13,14,41,47,43,53,0.000200,5.2791e-01,50.0075,7.490e-05,-0.000769,4.4206e-01
0,13,15,41,47,47,59,0.000707,2.5433e-02,50.0079,7.908e-05,+0.000783,4.3337e-01
0,13,16,41,47,53,61,0.000159,6.1616e-01,50.0021,2.081e-05,+0.001283,1.9955e-01
0,13,17,41,47,59,67,0.000023,9.4263e-01,49.9991,8.713e-06,+0.002074,3.8039e-02
0,13,18,41,47,61,71,0.000446,1.5833e-01,49.9938,6.246e-05,+0.000586,5.5821e-01
0,13,19,41,47,67,73,0.000455,1.5017e-01,49.9997,3.200e-06,-0.000194,8.4598e-01
0,14,15,43,53,47,59,0.000056,8.5845e-01,49.9967,3.298e-05,-0.000973,3.3049e-01
0,14,16,43,53,53,61,0.000446,1.5802e-01,50.0064,6.366e-05,-0.000987,3.2349e-01
0,14,17,43,53,59,67,0.000140,6.5697e-01,49.9977,2.299e-05,+0.000474,6.3541e-01
0,14,18,43,53,61,71,0.000184,5.6064e-01,50.0083,8.301e-05,-0.000964,3.3506e-01
0,14,19,43,53,67,73,0.000038,9.0363e-01,50.0041,4.120e-05,-0.000187,8.5187e-01
0,15,16,47,59,53,61,0.000092,7.7136e-01,50.0066,6.601e-05,+0.000836,4.0328e-01
0,15,17,47,59,59,67,0.000570,7.1710e-02,50.0008,8.413e-06,-0.000029,9.7679e-01
0,15,18,47,59,61,71,0.000251,4.2667e-01,50.0027,2.666e-05,+0.000430,6.6744e-01
0,15,19,47,59,67,73,0.000081,7.9729e-01,49.9991,8.725e-06,+0.000801,4.2321e-01
0,16,17,53,61,59,67,0.000575,6.8963e-02,50.0037,3.718e-05,-0.000219,8.2628e-01
0,16,18,53,61,61,71,0.000031,9.2135e-01,49.9956,4.415e-05,+0.000206,8.3651e-01
0,16,19,53,61,67,73,0.000434,1.6999e-01,50.0008,7.563e-06,-0.000150,8.8045e-01
0,17,18,59,67,61,71,0.000140,6.5715e-01,50.0005,5.100e-06,-0.000021,9.8310e-01
0,17,19,59,67,67,73,0.000075,8.1246e-01,50.0075,7.456e-05,-0.001426,1.5392e-01
0,18,19,61,71,67,73,0.000627,4.7251e-02,50.0014,1.389e-05,+0.000315,7.5303e-01
1,0,1,2,3,3,5,0.000027,9.3151e-01,49.9975,2.505e-05,-0.000450,6.5239e-01
1,0,2,2,3,5,7,0.000033,9.1780e-01,49.9977,2.259e-05,+0.000117,9.0706e-01
1,0,3,2,3,7,11,0.000111,7.2593e-01,50.0017,1.665e-05,+0.001348,1.7764e-01
1,0,4,2,3,8,13,0.000105,7.4089e-01,49.9937,6.264e-05,-0.000225,8.2199e-01
1,0,5,2,3,11,17,0.000178,5.7415e-01,49.9936,6.351e-05,+0.001029,3.0368e-01
1,0,6,2,3,13,19,0.000128,6.8569e-01,49.9922,7.845e-05,-0.001165,2.4402e-01
1,0,7,2,3,17,23,0.000075,8.1179e-01,49.9938,6.170e-05,-0.001504,1.3260e-01
1,0,8,2,3,19,29,0.000250,4.3002e-01,50.0063,6.335e-05,+0.000850,3.9536e-01
1,0,9,2,3,23,31,0.000477,1.3123e-01,49.9932,6.761e-05,+0.000398,6.9036e-01
1,0,10,2,3,29,37,0.000271,3.9132e-01,50.0103,1.030e-04,-0.002192,2.8369e-02
1,0,11,2,3,31,41,0.000368,2.4439e-01,49.9976,2.394e-05,+0.000005,9.9640e-01
1,0,12,2,3,37,43,0.000265,4.0139e-01,50.0036,3.579e-05,-0.001631,1.0287e-01
1,0,13,2,3,41,47,0.000322,3.0898e-01,50.0046,4.594e-05,-0.002231,2.5656e-02
1,0,14,2,3,43,53,0.000051,8.7178e-01,50.0066,6.617e-05,-0.000014,9.8910e-01
1,0,15,2,3,47,59,0.000560,7.6383e-02,50.0067,6.685e-05,+0.000285,7.7562e-01
1,0,16,2,3,53,61,0.000272,3.8897e-01,49.9998,1.550e-06,-0.001458,1.4475e-01
1,0,17,2,3,59,67,0.000446,1.5873e-01,50.0117,1.174e-04,+0.000246,8.0586e-01
1,0,18,2,3,61,71,0.000427,1.7709e-01,49.9973,2.719e-05,-0.001118,2.6371e-01
1,0,19,2,3,67,73,0.000003,9.9122e-01,50.0017,1.656e-05,+0.001044,2.9627e-01
1,1,2,3,5,5,7,0.000114,7.1817e-01,49.9987,1.266e-05,+0.000894,3.7122e-01
1,1,3,3,5,7,11,0.000118,7.0799e-01,49.9956,4.430e-05,-0.000543,5.8683e-01
1,1,4,3,5,8,13,0.000346,2.7383e-01,50.0033,3.286e-05,+0.001522,1.2808e-01
1,1,5,3,5,11,17,0.000499,1.1469e-01,50.0041,4.139e-05,+0.002381,1.7243e-02
1,1,6,3,5,13,19,0.000464,1.4218e-01,50.0028,2.815e-05,-0.001320,1.8698e-01
1,1,7,3,5,17,23,0.000289,3.6141e-01,50.0052,5.162e-05,+0.000775,4.3817e-01
1,1,8,3,5,19,29,0.000297,3.4711e-01,49.9983,1.675e-05,+0.000048,9.6210e-01
1,1,9,3,5,23,31,0.000132,6.7540e-01,50.0068,6.784e-05,+0.001069,2.8497e-01
1,1,10,3,5,29,37,0.000229,4.6825e-01,50.0089,8.905e-05,-0.001042,2.9753e-01
1,1,11,3,5,31,41,0.000172,5.8610e-01,49.9893,1.067e-04,-0.000054,9.5692e-01
1,1,12,3,5,37,43,0.000145,6.4757e-01,50.0008,8.363e-06,+0.000120,9.0461e-01
1,1,13,3,5,41,47,0.000139,6.6130e-01,49.9960,4.031e-05,-0.001987,4.6957e-02
1,1,14,3,5,43,53,0.000648,4.0457e-02,50.0015,1.510e-05,-0.000427,6.6958e-01
1,1,15,3,5,47,59,0.000231,4.6443e-01,50.0012,1.213e-05,+0.001640,1.0110e-01
1,1,16,3,5,53,61,0.000180,5.6935e-01,50.0017,1.692e-05,-0.001100,2.7154e-01
1,1,17,3,5,59,67,0.000377,2.3309e-01,49.9979,2.085e-05,+0.000255,7.9838e-01
1,1,18,3,5,61,71,0.000081,7.9857e-01,49.9889,1.108e-04,+0.000116,9.0764e-01
1,1,19,3,5,67,73,0.000139,6.6025e-01,49.9948,5.171e-05,-0.000934,3.5029e-01
1,2,3,5,7,7,11,0.000193,5.4215e-01,50.0001,1.038e-06,-0.001069,2.8500e-01
1,2,4,5,7,8,13,0.000012,9.6982e-01,49.9954,4.557e-05,-0.001556,1.1973e-01
1,2,5,5,7,11,17,0.000121,7.0168e-01,49.9962,3.795e-05,-0.000070,9.4419e-01
1,2,6,5,7,13,19,0.000130,6.8186e-01,49.9923,7.684e-05,-0.001035,3.0051e-01
1,2,7,5,7,17,23,0.000134,6.7106e-01,50.0022,2.199e-05,+0.000384,7.0081e-01
1,2,8,5,7,19,29,0.000172,5.8690e-01,50.0083,8.346e-05,-0.000502,6.1549e-01
1,2,9,5,7,23,31,0.000367,2.4589e-01,50.0065,6.460e-05,-0.001004,3.1560e-01
1,2,10,5,7,29,37,0.000472,1.3534e-01,50.0058,5.811e-05,-0.000052,9.5858e-01
1,2,11,5,7,31,41,0.000379,2.3089e-01,49.9949,5.063e-05,+0.000056,9.5499e-01
1,2,12,5,7,37,43,0.000430,1.7379e-01,50.0053,5.278e-05,-0.000188,8.5108e-01
1,2,13,5,7,41,47,0.000418,1.8636e-01,50.0047,4.673e-05,-0.000753,4.5164e-01
1,2,14,5,7,43,53,0.000025,9.3743e-01,50.0071,7.059e-05,+0.001352,1.7639e-01
1,2,15,5,7,47,59,0.000141,6.5629e-01,49.9985,1.476e-05,-0.000134,8.9360e-01
1,2,16,5,7,53,61,0.000111,7.2633e-01,49.9918,8.181e-05,-0.001226,2.2011e-01
1,2,17,5,7,59,67,0.000030,9.2358e-01,50.0070,7.021e-05,+0.000478,6.3249e-01
1,2,18,5,7,61,71,0.000134,6.7259e-01,50.0042,4.207e-05,-0.001945,5.1748e-02
1,2,19,5,7,67,73,0.000184,5.6103e-01,49.9972,2.845e-05,+0.000764,4.4502e-01
1,3,4,7,11,8,13,0.000126,6.9146e-01,50.0026,2.646e-05,+0.001119,2.6308e-01
1,3,5,7,11,11,17,0.000105,7.3890e-01,49.9943,5.744e-05,+0.000285,7.7599e-01
1,3,6,7,11,13,19,0.000013,9.6626e-01,49.9937,6.253e-05,-0.000360,7.1863e-01
1,3,7,7,11,17,23,0.000012,9.6950e-01,50.0042,4.195e-05,-0.000659,5.1005e-01
1,3,8,7,11,19,29,0.000158,6.1817e-01,49.9940,5.958e-05,-0.000773,4.3931e-01
1,3,9,7,11,23,31,0.000447,1.5716e-01,50.0054,5.421e-05,+0.001113,2.6572e-01
1,3,10,7,11,29,37,0.000138,6.6353e-01,49.9955,4.477e-05,-0.000291,7.7076e-01
1,3,11,7,11,31,41,0.000556,7.8833e-02,49.9927,7.256e-05,+0.001236,2.1638e-01
1,3,12,7,11,37,43,0.000035,9.1288e-01,50.0008,8.488e-06,+0.002172,2.9834e-02
1,3,13,7,11,41,47,0.000059,8.5316e-01,50.0068,6.799e-05,-0.000233,8.1596e-01
1,3,14,7,11,43,53,0.000045,8.8796e-01,49.9973,2.668e-05,+0.001317,1.8769e-01
1,3,15,7,11,47,59,0.000315,3.1881e-01,49.9985,1.503e-05,+0.000844,3.9846e-01
1,3,16,7,11,53,61,0.000276,3.8288e-01,50.0062,6.233e-05,-0.000133,8.9420e-01
1,3,17,7,11,59,67,0.000348,2.7159e-01,49.9946,5.447e-05,+0.000993,3.2047e-01
1,3,18,7,11,61,71,0.000412,1.9230e-01,49.9947,5.346e-05,+0.001643,1.0031e-01
1,3,19,7,11,67,73,0.000003,9.9326e-01,49.9978,2.169e-05,+0.000789,4.3007e-01
1,4,5,8,13,11,17,0.000128,6.8569e-01,50.0015,1.535e-05,+0.001572,1.1584e-01
1,4,6,8,13,13,19,0.000148,6.4065e-01,49.9976,2.389e-05,+0.000534,5.9347e-01
1,4,7,8,13,17,23,0.000815,9.9925e-03,49.9965,3.509e-05,+0.001754,7.9442e-02
1,4,8,8,13,19,29,0.000658,3.7546e-02,50.0053,5.301e-05,-0.000134,8.9355e-01
1,4,9,8,13,23,31,0.000188,5.5268e-01,49.9947,5.275e-05,+0.000723,4.6957e-01
1,4,10,8,13,29,37,0.000406,1.9873e-01,49.9979,2.071e-05,+0.000725,4.6859e-01
1,4,11,8,13,31,41,0.000222,4.8316e-01,49.9941,5.918e-05,-0.001088,2.7666e-01
1,4,12,8,13,37,43,0.000148,6.3901e-01,49.9938,6.160e-05,+0.001358,1.7440e-01
1,4,13,8,13,41,47,0.000000,9.9968e-01,49.9970,3.005e-05,+0.000293,7.6945e-01
1,4,14,8,13,43,53,0.000258,4.1492e-01,49.9984,1.644e-05,+0.000891,3.7284e-01
1,4,15,8,13,47,59,0.000027,9.3080e-01,50.0022,2.164e-05,+0.000511,6.0932e-01
1,4,16,8,13,53,61,0.000410,1.9534e-01,49.9901,9.894e-05,-0.000964,3.3522e-01
1,4,17,8,13,59,67,0.000044,8.8920e-01,50.0051,5.091e-05,-0.000124,9.0132e-01
1,4,18,8,13,61,71,0.000407,1.9847e-01,49.9986,1.408e-05,-0.000012,9.9071e-01
1,4,19,8,13,67,73,0.000025,9.3755e-01,50.0103,1.032e-04,-0.000557,5.7757e-01
1,5,6,11,17,13,19,0.000004,9.8977e-01,49.9989,1.101e-05,+0.000995,3.1979e-01
1,5,7,11,17,17,23,0.000324,3.0597e-01,50.0095,9.471e-05,+0.001845,6.5073e-02
1,5,8,11,17,19,29,0.000162,6.0865e-01,49.9980,1.991e-05,+0.001432,1.5224e-01
1,5,9,11,17,23,31,0.000164,6.0433e-01,50.0050,5.035e-05,-0.000351,7.2532e-01
1,5,10,11,17,29,37,0.000641,4.2550e-02,49.9949,5.099e-05,+0.000466,6.4146e-01
1,5,11,11,17,31,41,0.000320,3.1221e-01,50.0001,6.000e-07,-0.000970,3.3225e-01
1,5,12,11,17,37,43,0.000138,6.6368e-01,49.9986,1.413e-05,-0.000256,7.9825e-01
1,5,13,11,17,41,47,0.000085,7.8841e-01,49.9904,9.552e-05,-0.000319,7.4937e-01
1,5,14,11,17,43,53,0.000477,1.3107e-01,50.0048,4.831e-05,+0.001370,1.7056e-01
1,5,15,11,17,47,59,0.000040,8.9920e-01,49.9996,4.087e-06,+0.000455,6.4938e-01
1,5,16,11,17,53,61,0.000404,2.0147e-01,49.9976,2.421e-05,-0.000859,3.9030e-01
1,5,17,11,17,59,67,0.000029,9.2601e-01,49.9965,3.516e-05,-0.000323,7.4645e-01
1,5,18,11,17,61,71,0.000344,2.7714e-01,49.9960,3.975e-05,-0.002146,3.1843e-02
1,5,19,11,17,67,73,0.000006,9.8558e-01,50.0010,9.725e-06,-0.000542,5.8786e-01
1,6,7,13,19,17,23,0.000060,8.4988e-01,49.9885,1.148e-04,-0.000200,8.4171e-01
1,6,8,13,19,19,29,0.000183,5.6259e-01,50.0058,5.783e-05,+0.000235,8.1394e-01
1,6,9,13,19,23,31,0.000034,9.1514e-01,50.0049,4.906e-05,-0.000672,5.0128e-01
1,6,10,13,19,29,37,0.000204,5.1853e-01,49.9940,6.048e-05,-0.002062,3.9205e-02
1,6,11,13,19,31,41,0.000190,5.4727e-01,50.0010,9.887e-06,+0.000355,7.2242e-01
1,6,12,13,19,37,43,0.000811,1.0286e-02,49.9915,8.526e-05,-0.001727,8.4126e-02
1,6,13,13,19,41,47,0.000052,8.6892e-01,50.0027,2.729e-05,-0.000007,9.9444e-01
1,6,14,13,19,43,53,0.000055,8.6258e-01,50.0034,3.392e-05,-0.000970,3.3223e-01
1,6,15,13,19,47,59,0.000198,5.3193e-01,49.9944,5.567e-05,-0.001241,2.1445e-01
1,6,16,13,19,53,61,0.000321,3.1055e-01,50.0114,1.143e-04,-0.001810,7.0355e-02
1,6,17,13,19,59,67,0.000253,4.2309e-01,49.9954,4.582e-05,-0.001241,2.1465e-01
1,6,18,13,19,61,71,0.000428,1.7604e-01,49.9981,1.931e-05,-0.001438,1.5041e-01
1,6,19,13,19,67,73,0.000429,1.7450e-01,50.0006,5.763e-06,+0.000410,6.8175e-01
1,7,8,17,23,19,29,0.000372,2.3911e-01,50.0019,1.887e-05,+0.000386,6.9945e-01
1,7,9,17,23,23,31,0.000082,7.9550e-01,49.9977,2.299e-05,+0.000349,7.2743e-01
1,7,10,17,23,29,37,0.000495,1.1752e-01,50.0111,1.111e-04,-0.000524,6.0004e-01
1,7,11,17,23,31,41,0.000426,1.7760e-01,49.9979,2.124e-05,+0.000025,9.7971e-01
1,7,12,17,23,37,43,0.000010,9.7458e-01,50.0025,2.529e-05,-0.001094,2.7380e-01
1,7,13,17,23,41,47,0.000093,7.6941e-01,49.9951,4.946e-05,-0.000207,8.3624e-01
1,7,14,17,23,43,53,0.000194,5.4045e-01,49.9971,2.893e-05,-0.000462,6.4389e-01
1,7,15,17,23,47,59,0.000614,5.2294e-02,49.9997,3.075e-06,-0.000912,3.6193e-01
1,7,16,17,23,53,61,0.000274,3.8578e-01,49.9996,4.325e-06,+0.000441,6.5919e-01
1,7,17,17,23,59,67,0.000016,9.5960e-01,50.0066,6.615e-05,+0.000145,8.8508e-01
1,7,18,17,23,61,71,0.000089,7.7858e-01,50.0043,4.324e-05,-0.000913,3.6117e-01
1,7,19,17,23,67,73,0.000437,1.6742e-01,50.0130,1.297e-04,-0.000832,4.0542e-01
1,8,9,19,29,23,31,0.000204,5.1946e-01,50.0005,4.587e-06,+0.000519,6.0399e-01
1,8,10,19,29,29,37,0.000134,6.7158e-01,49.9916,8.353e-05,-0.000696,4.8620e-01
1,8,11,19,29,31,41,0.000232,4.6329e-01,50.0051,5.061e-05,-0.000955,3.3977e-01
1,8,12,19,29,37,43,0.000072,8.1949e-01,50.0027,2.681e-05,+0.001107,2.6809e-01
1,8,13,19,29,41,47,0.000130,6.8173e-01,50.0054,5.441e-05,+0.000107,9.1485e-01
1,8,14,19,29,43,53,0.000401,2.0451e-01,49.9976,2.387e-05,-0.000632,5.2743e-01
1,8,15,19,29,47,59,0.000134,6.7256e-01,50.0005,5.050e-06,-0.001503,1.3274e-01
1,8,16,19,29,53,61,0.000067,8.3324e-01,49.9940,6.023e-05,+0.000670,5.0276e-01
1,8,17,19,29,59,67,0.000270,3.9246e-01,50.0014,1.445e-05,+0.000330,7.4137e-01
1,8,18,19,29,61,71,0.000237,4.5418e-01,49.9879,1.214e-04,+0.001317,1.8791e-01
1,8,19,19,29,67,73,0.000249,4.3077e-01,49.9957,4.259e-05,-0.002051,4.0300e-02
1,9,10,23,31,29,37,0.000086,7.8668e-01,50.0097,9.704e-05,+0.000547,5.8456e-01
1,9,11,23,31,31,41,0.000059,8.5211e-01,49.9999,6.250e-07,-0.000652,5.1451e-01
1,9,12,23,31,37,43,0.000673,3.3339e-02,49.9920,8.045e-05,+0.000267,7.8932e-01
1,9,13,23,31,41,47,0.000167,5.9750e-01,49.9986,1.370e-05,-0.001099,2.7191e-01
1,9,14,23,31,43,53,0.000134,6.7208e-01,49.9957,4.339e-05,+0.001465,1.4294e-01
1,9,15,23,31,47,59,0.000081,7.9783e-01,50.0045,4.494e-05,+0.000446,6.5584e-01
1,9,16,23,31,53,61,0.000039,9.0156e-01,49.9915,8.536e-05,+0.000135,8.9251e-01
1,9,17,23,31,59,67,0.000279,3.7794e-01,50.0040,3.996e-05,-0.000737,4.6117e-01
1,9,18,23,31,61,71,0.000237,4.5263e-01,49.9951,4.922e-05,-0.001639,1.0131e-01
1,9,19,23,31,67,73,0.000404,2.0103e-01,49.9996,4.325e-06,+0.001803,7.1311e-02
1,10,11,29,37,31,41,0.000283,3.7000e-01,50.0116,1.156e-04,-0.000858,3.9068e-01
1,10,12,29,37,37,43,0.000017,9.5788e-01,49.9988,1.174e-05,+0.001177,2.3908e-01
1,10,13,29,37,41,47,0.000478,1.3080e-01,49.9920,7.984e-05,-0.001007,3.1408e-01
1,10,14,29,37,43,53,0.000089,7.7872e-01,49.9999,5.500e-07,+0.000344,7.3074e-01
1,10,15,29,37,47,59,0.000320,3.1220e-01,50.0000,2.500e-08,+0.000846,3.9766e-01
1,10,16,29,37,53,61,0.000321,3.1008e-01,50.0037,3.710e-05,-0.000722,4.7043e-01
1,10,17,29,37,59,67,0.000258,4.1537e-01,50.0030,2.980e-05,-0.000001,9.9913e-01
1,10,18,29,37,61,71,0.000013,9.6722e-01,50.0057,5.674e-05,+0.002233,2.5555e-02
1,10,19,29,37,67,73,0.000147,6.4252e-01,49.9980,2.006e-05,-0.000953,3.4034e-01
1,11,12,31,41,37,43,0.000364,2.4933e-01,50.0029,2.943e-05,+0.000671,5.0234e-01
1,11,13,31,41,41,47,0.000304,3.3620e-01,49.9958,4.157e-05,+0.000212,8.3228e-01
1,11,14,31,41,43,53,0.000514,1.0378e-01,50.0025,2.494e-05,-0.000205,8.3746e-01
1,11,15,31,41,47,59,0.000477,1.3148e-01,49.9931,6.904e-05,-0.000684,4.9428e-01
1,11,16,31,41,53,61,0.000176,5.7726e-01,49.9939,6.136e-05,-0.001055,2.9120e-01
1,11,17,31,41,59,67,0.000271,3.9139e-01,50.0062,6.216e-05,-0.000886,3.7571e-01
1,11,18,31,41,61,71,0.000756,1.6812e-02,49.9921,7.875e-05,+0.000708,4.7917e-01
1,11,19,31,41,67,73,0.000453,1.5227e-01,49.9957,4.318e-05,+0.001011,3.1196e-01
1,12,13,37,43,41,47,0.000215,4.9609e-01,50.0006,6.125e-06,+0.002109,3.4935e-02
1,12,14,37,43,43,53,0.000216,4.9523e-01,49.9987,1.314e-05,+0.000563,5.7373e-01
1,12,15,37,43,47,59,0.000010,9.7376e-01,49.9989,1.146e-05,+0.000628,5.3014e-01
1,12,16,37,43,53,61,0.000106,7.3773e-01,49.9904,9.619e-05,-0.002446,1.4445e-02
1,12,17,37,43,59,67,0.000141,6.5530e-01,50.0036,3.574e-05,-0.001525,1.2736e-01
1,12,18,37,43,61,71,0.000377,2.3362e-01,50.0034,3.383e-05,-0.000919,3.5827e-01
1,12,19,37,43,67,73,0.000298,3.4550e-01,50.0069,6.923e-05,+0.003490,4.8298e-04
1,13,14,41,47,43,53,0.000212,5.0303e-01,50.0013,1.294e-05,+0.000302,7.6260e-01
1,13,15,41,47,47,59,0.000203,5.2189e-01,50.0067,6.671e-05,-0.001829,6.7394e-02
1,13,16,41,47,53,61,0.000121,7.0193e-01,50.0074,7.391e-05,-0.000656,5.1177e-01
1,13,17,41,47,59,67,0.000162,6.0755e-01,50.0024,2.384e-05,+0.000315,7.5252e-01
1,13,18,41,47,61,71,0.000339,2.8360e-01,49.9996,3.625e-06,+0.000027,9.7824e-01
1,13,19,41,47,67,73,0.000434,1.6950e-01,50.0096,9.598e-05,+0.001336,1.8161e-01
1,14,15,43,53,47,59,0.000096,7.6127e-01,50.0111,1.111e-04,-0.000836,4.0310e-01
1,14,16,43,53,53,61,0.000103,7.4474e-01,50.0046,4.587e-05,+0.000268,7.8836e-01
1,14,17,43,53,59,67,0.000426,1.7842e-01,49.9974,2.583e-05,-0.000833,4.0480e-01
1,14,18,43,53,61,71,0.000224,4.7962e-01,50.0125,1.253e-04,-0.000662,5.0817e-01
1,14,19,43,53,67,73,0.000109,7.3086e-01,49.9932,6.826e-05,+0.000963,3.3572e-01
1,15,16,47,59,53,61,0.000102,7.4696e-01,50.0010,9.525e-06,-0.001293,1.9605e-01
1,15,17,47,59,59,67,0.000605,5.5717e-02,50.0061,6.118e-05,-0.000339,7.3459e-01
1,15,18,47,59,61,71,0.000174,5.8268e-01,49.9955,4.526e-05,+0.001339,1.8052e-01
1,15,19,47,59,67,73,0.000407,1.9761e-01,49.9866,1.340e-04,-0.001134,2.5667e-01
1,16,17,53,61,59,67,0.000167,5.9706e-01,50.0055,5.530e-05,-0.001106,2.6864e-01
1,16,18,53,61,61,71,0.000009,9.7774e-01,49.9984,1.624e-05,+0.000851,3.9470e-01
1,16,19,53,61,67,73,0.000042,8.9370e-01,49.9973,2.714e-05,+0.000772,4.4023e-01
1,17,18,59,67,61,71,0.000113,7.2059e-01,50.0009,8.513e-06,-0.000922,3.5675e-01
1,17,19,59,67,67,73,0.000642,4.2417e-02,50.0016,1.584e-05,+0.001224,2.2098e-01
1,18,19,61,71,67,73,0.000141,6.5513e-01,49.9993,6.550e-06,+0.001787,7.3910e-02
2,0,1,2,3,3,5,0.000065,8.3742e-01,49.9976,2.424e-05,-0.000317,7.5095e-01
2,0,2,2,3,5,7,0.000372,2.3996e-01,50.0072,7.196e-05,-0.000557,5.7760e-01
2,0,3,2,3,7,11,0.000252,4.2572e-01,49.9958,4.216e-05,-0.000943,3.4551e-01
2,0,4,2,3,8,13,0.000134,6.7285e-01,49.9973,2.671e-05,+0.001145,2.5209e-01
2,0,5,2,3,11,17,0.000489,1.2177e-01,49.9993,7.187e-06,-0.000187,8.5173e-01
2,0,6,2,3,13,19,0.000620,4.9974e-02,49.9953,4.659e-05,+0.000121,9.0405e-01
2,0,7,2,3,17,23,0.000212,5.0301e-01,49.9988,1.169e-05,-0.001428,1.5338e-01
2,0,8,2,3,19,29,0.000510,1.0688e-01,50.0006,5.700e-06,+0.002560,1.0470e-02
2,0,9,2,3,23,31,0.000400,2.0598e-01,49.9952,4.826e-05,-0.001366,1.7209e-01
2,0,10,2,3,29,37,0.000241,4.4565e-01,50.0070,6.965e-05,-0.000763,4.4536e-01
2,0,11,2,3,31,41,0.000114,7.1925e-01,50.0011,1.064e-05,+0.000509,6.1082e-01
2,0,12,2,3,37,43,0.000524,9.7639e-02,50.0070,6.967e-05,+0.000915,3.6031e-01
2,0,13,2,3,41,47,0.000226,4.7471e-01,50.0041,4.096e-05,+0.000625,5.3179e-01
2,0,14,2,3,43,53,0.000444,1.5998e-01,50.0137,1.371e-04,+0.000710,4.7744e-01
2,0,15,2,3,47,59,0.000340,2.8281e-01,50.0052,5.209e-05,+0.000388,6.9838e-01
2,0,16,2,3,53,61,0.000264,4.0311e-01,50.0087,8.705e-05,-0.000984,3.2506e-01
2,0,17,2,3,59,67,0.000055,8.6076e-01,49.9983,1.672e-05,-0.000770,4.4132e-01
2,0,18,2,3,61,71,0.000022,9.4448e-01,49.9963,3.662e-05,-0.002180,2.9256e-02
2,0,19,2,3,67,73,0.000759,1.6399e-02,50.0079,7.875e-05,+0.001501,1.3331e-01
2,1,2,3,5,5,7,0.000653,3.8974e-02,50.0137,1.375e-04,+0.000233,8.1614e-01
2,1,3,3,5,7,11,0.000144,6.4955e-01,50.0033,3.350e-05,-0.000417,6.7640e-01
2,1,4,3,5,8,13,0.000267,3.9771e-01,49.9933,6.685e-05,-0.001213,2.2530e-01
2,1,5,3,5,11,17,0.000069,8.2849e-01,50.0032,3.210e-05,-0.000145,8.8509e-01
2,1,6,3,5,13,19,0.000042,8.9490e-01,49.9988,1.163e-05,+0.001696,8.9811e-02
2,1,7,3,5,17,23,0.000157,6.2061e-01,49.9993,7.075e-06,+0.000077,9.3846e-01
2,1,8,3,5,19,29,0.000267,3.9782e-01,49.9963,3.714e-05,+0.001108,2.6784e-01
2,1,9,3,5,23,31,0.000040,8.9897e-01,49.9977,2.347e-05,+0.000477,6.3345e-01
2,1,10,3,5,29,37,0.000299,3.4481e-01,50.0087,8.706e-05,+0.000693,4.8834e-01
2,1,11,3,5,31,41,0.000157,6.1911e-01,49.9902,9.803e-05,-0.000118,9.0593e-01
2,1,12,3,5,37,43,0.000308,3.2936e-01,50.0001,1.113e-06,-0.000924,3.5551e-01
2,1,13,3,5,41,47,0.000330,2.9605e-01,50.0149,1.485e-04,-0.000097,9.2298e-01
2,1,14,3,5,43,53,0.000254,4.2119e-01,50.0024,2.370e-05,-0.001968,4.9044e-02
2,1,15,3,5,47,59,0.000119,7.0673e-01,50.0035,3.490e-05,-0.001655,9.8009e-02
2,1,16,3,5,53,61,0.000747,1.8131e-02,49.9948,5.221e-05,+0.000360,7.1892e-01
2,1,17,3,5,59,67,0.000062,8.4431e-01,50.0035,3.486e-05,+0.000220,8.2602e-01
2,1,18,3,5,61,71,0.000385,2.2356e-01,50.0051,5.111e-05,+0.001377,1.6839e-01
2,1,19,3,5,67,73,0.000054,8.6387e-01,50.0020,1.961e-05,+0.000153,8.7810e-01
2,2,3,5,7,7,11,0.000451,1.5414e-01,50.0008,7.700e-06,+0.000881,3.7854e-01
2,2,4,5,7,8,13,0.000063,8.4182e-01,49.9983,1.677e-05,+0.001470,1.4149e-01
2,2,5,5,7,11,17,0.000149,6.3796e-01,49.9936,6.392e-05,-0.001542,1.2317e-01
2,2,6,5,7,13,19,0.000109,7.3145e-01,50.0006,5.600e-06,+0.000015,9.8803e-01
2,2,7,5,7,17,23,0.000588,6.3145e-02,50.0111,1.114e-04,-0.002029,4.2496e-02
2,2,8,5,7,19,29,0.000265,4.0240e-01,49.9958,4.151e-05,-0.000521,6.0266e-01
2,2,9,5,7,23,31,0.000208,5.1064e-01,49.9995,4.850e-06,+0.000202,8.4011e-01
2,2,10,5,7,29,37,0.000076,8.1034e-01,49.9951,4.919e-05,-0.000051,9.5936e-01
2,2,11,5,7,31,41,0.000444,1.6036e-01,49.9968,3.215e-05,-0.000483,6.2924e-01
2,2,12,5,7,37,43,0.000053,8.6772e-01,49.9964,3.556e-05,+0.000847,3.9678e-01
2,2,13,5,7,41,47,0.000068,8.3005e-01,50.0037,3.670e-05,-0.000850,3.9529e-01
2,2,14,5,7,43,53,0.000039,9.0116e-01,50.0028,2.820e-05,+0.000143,8.8598e-01
2,2,15,5,7,47,59,0.000181,5.6782e-01,49.9987,1.310e-05,+0.000747,4.5489e-01
2,2,16,5,7,53,61,0.000230,4.6672e-01,49.9944,5.554e-05,-0.000695,4.8699e-01
2,2,17,5,7,59,67,0.000911,3.9769e-03,49.9914,8.611e-05,-0.000710,4.7749e-01
2,2,18,5,7,61,71,0.000278,3.7955e-01,50.0009,8.962e-06,-0.000016,9.8707e-01
2,2,19,5,7,67,73,0.000142,6.5342e-01,50.0033,3.316e-05,+0.000083,9.3398e-01
2,3,4,7,11,8,13,0.000506,1.0987e-01,49.9993,6.975e-06,-0.000679,4.9716e-01
2,3,5,7,11,11,17,0.000076,8.0912e-01,49.9941,5.868e-05,-0.001215,2.2429e-01
2,3,6,7,11,13,19,0.000139,6.5954e-01,50.0103,1.029e-04,-0.001584,1.1314e-01
2,3,7,7,11,17,23,0.000206,5.1380e-01,50.0005,4.900e-06,+0.001059,2.8979e-01
2,3,8,7,11,19,29,0.000075,8.1173e-01,49.9980,2.039e-05,+0.000274,7.8415e-01
2,3,9,7,11,23,31,0.000031,9.2083e-01,49.9978,2.173e-05,+0.000810,4.1816e-01
2,3,10,7,11,29,37,0.000037,9.0754e-01,50.0002,1.788e-06,-0.001218,2.2316e-01
2,3,11,7,11,31,41,0.000587,6.3201e-02,49.9856,1.438e-04,+0.001356,1.7518e-01
2,3,12,7,11,37,43,0.000065,8.3661e-01,50.0053,5.301e-05,+0.001699,8.9236e-02
2,3,13,7,11,41,47,0.000456,1.4959e-01,50.0144,1.438e-04,-0.000655,5.1235e-01
2,3,14,7,11,43,53,0.000016,9.6040e-01,50.0018,1.757e-05,-0.001216,2.2399e-01
2,3,15,7,11,47,59,0.000459,1.4704e-01,49.9934,6.568e-05,+0.000325,7.4492e-01
2,3,16,7,11,53,61,0.000008,9.8031e-01,50.0013,1.289e-05,+0.000629,5.2967e-01
2,3,17,7,11,59,67,0.000079,8.0180e-01,50.0006,6.263e-06,-0.000598,5.4964e-01
2,3,18,7,11,61,71,0.000007,9.8139e-01,49.9995,4.688e-06,+0.000549,5.8268e-01
2,3,19,7,11,67,73,0.000618,5.0799e-02,49.9996,3.863e-06,+0.001372,1.6998e-01
2,4,5,8,13,11,17,0.000190,5.4770e-01,49.9952,4.783e-05,-0.001503,1.3283e-01
2,4,6,8,13,13,19,0.000040,8.9896e-01,49.9939,6.143e-05,-0.000976,3.2885e-01
2,4,7,8,13,17,23,0.000797,1.1704e-02,50.0014,1.405e-05,-0.002843,4.4662e-03
2,4,8,8,13,19,29,0.000325,3.0456e-01,49.9957,4.321e-05,-0.000163,8.7067e-01
2,4,9,8,13,23,31,0.000254,4.2120e-01,50.0008,7.550e-06,+0.001609,1.0771e-01
2,4,10,8,13,29,37,0.000082,7.9577e-01,49.9971,2.911e-05,-0.000696,4.8665e-01
2,4,11,8,13,31,41,0.000049,8.7595e-01,49.9961,3.853e-05,-0.000742,4.5808e-01
2,4,12,8,13,37,43,0.000389,2.1874e-01,49.9981,1.874e-05,+0.000716,4.7405e-01
2,4,13,8,13,41,47,0.000045,8.8666e-01,50.0009,9.475e-06,-0.000067,9.4654e-01
2,4,14,8,13,43,53,0.000675,3.2744e-02,50.0159,1.590e-04,+0.000400,6.8942e-01
2,4,15,8,13,47,59,0.000121,7.0146e-01,50.0068,6.772e-05,-0.000755,4.5035e-01
2,4,16,8,13,53,61,0.000041,8.9656e-01,49.9953,4.706e-05,-0.000886,3.7542e-01
2,4,17,8,13,59,67,0.000475,1.3340e-01,49.9917,8.304e-05,-0.000134,8.9338e-01
2,4,18,8,13,61,71,0.000263,4.0512e-01,50.0040,4.026e-05,-0.001684,9.2188e-02
2,4,19,8,13,67,73,0.000001,9.9624e-01,50.0005,4.937e-06,-0.001360,1.7391e-01
2,5,6,11,17,13,19,0.000503,1.1137e-01,50.0013,1.270e-05,+0.000270,7.8705e-01
2,5,7,11,17,17,23,0.000422,1.8247e-01,50.0072,7.175e-05,-0.001601,1.0928e-01
2,5,8,11,17,19,29,0.000301,3.4058e-01,49.9998,1.812e-06,-0.001313,1.8925e-01
2,5,9,11,17,23,31,0.000180,5.6955e-01,50.0016,1.575e-05,-0.000136,8.9196e-01
2,5,10,11,17,29,37,0.000456,1.4963e-01,49.9946,5.364e-05,-0.000470,6.3807e-01
2,5,11,11,17,31,41,0.000145,6.4559e-01,49.9964,3.570e-05,+0.002301,2.1397e-02
2,5,12,11,17,37,43,0.000047,8.8147e-01,49.9906,9.351e-05,-0.000641,5.2169e-01
2,5,13,11,17,41,47,0.000054,8.6450e-01,49.9921,7.910e-05,+0.000179,8.5829e-01
2,5,14,11,17,43,53,0.000216,4.9389e-01,50.0008,7.625e-06,-0.000676,4.9930e-01
2,5,15,11,17,47,59,0.000730,2.0952e-02,50.0103,1.030e-04,-0.000559,5.7591e-01
2,5,16,11,17,53,61,0.000360,2.5486e-01,50.0006,5.637e-06,-0.000001,9.9889e-01
2,5,17,11,17,59,67,0.000081,7.9822e-01,50.0030,2.981e-05,-0.000446,6.5565e-01
2,5,18,11,17,61,71,0.000317,3.1625e-01,50.0021,2.059e-05,+0.000907,3.6441e-01
2,5,19,11,17,67,73,0.000225,4.7757e-01,49.9953,4.721e-05,-0.000588,5.5623e-01
2,6,7,13,19,17,23,0.000053,8.6807e-01,50.0073,7.252e-05,-0.000873,3.8254e-01
2,6,8,13,19,19,29,0.000008,9.7893e-01,49.9936,6.379e-05,+0.000388,6.9778e-01
2,6,9,13,19,23,31,0.000142,6.5310e-01,49.9984,1.593e-05,+0.000397,6.9172e-01
2,6,10,13,19,29,37,0.000107,7.3564e-01,50.0045,4.481e-05,+0.000530,5.9612e-01
2,6,11,13,19,31,41,0.000222,4.8213e-01,50.0001,1.475e-06,+0.000429,6.6824e-01
2,6,12,13,19,37,43,0.000076,8.0901e-01,50.0022,2.174e-05,-0.000698,4.8516e-01
2,6,13,13,19,41,47,0.000085,7.8843e-01,50.0009,9.250e-06,-0.001397,1.6252e-01
2,6,14,13,19,43,53,0.000108,7.3301e-01,49.9993,6.700e-06,-0.002458,1.3984e-02
2,6,15,13,19,47,59,0.000062,8.4407e-01,49.9958,4.220e-05,-0.000197,8.4356e-01
2,6,16,13,19,53,61,0.000723,2.2309e-02,49.9894,1.060e-04,+0.002261,2.3729e-02
2,6,17,13,19,59,67,0.000004,9.8949e-01,50.0017,1.691e-05,-0.001028,3.0379e-01
2,6,18,13,19,61,71,0.000181,5.6732e-01,49.9932,6.806e-05,-0.000121,9.0342e-01
2,6,19,13,19,67,73,0.000314,3.2049e-01,49.9977,2.304e-05,-0.000166,8.6777e-01
2,7,8,17,23,19,29,0.000244,4.3944e-01,50.0052,5.179e-05,-0.001340,1.8033e-01
2,7,9,17,23,23,31,0.000033,9.1645e-01,50.0021,2.080e-05,-0.001483,1.3803e-01
2,7,10,17,23,29,37,0.000115,7.1728e-01,49.9913,8.666e-05,-0.000466,6.4144e-01
2,7,11,17,23,31,41,0.000433,1.7107e-01,49.9971,2.933e-05,+0.001572,1.1585e-01
2,7,12,17,23,37,43,0.000416,1.8833e-01,49.9913,8.666e-05,-0.000529,5.9699e-01
2,7,13,17,23,41,47,0.000027,9.3280e-01,49.9924,7.560e-05,+0.000707,4.7944e-01
2,7,14,17,23,43,53,0.000276,3.8196e-01,50.0065,6.470e-05,-0.001757,7.8978e-02
2,7,15,17,23,47,59,0.000507,1.0892e-01,50.0004,3.925e-06,-0.000550,5.8224e-01
2,7,16,17,23,53,61,0.000279,3.7827e-01,50.0024,2.439e-05,+0.000768,4.4235e-01
2,7,17,17,23,59,67,0.000530,9.3700e-02,50.0044,4.376e-05,-0.000458,6.4696e-01
2,7,18,17,23,61,71,0.000263,4.0595e-01,49.9997,3.038e-06,+0.001611,1.0724e-01
2,7,19,17,23,67,73,0.000237,4.5451e-01,49.9949,5.094e-05,+0.001227,2.1972e-01
2,8,9,19,29,23,31,0.000201,5.2422e-01,50.0105,1.045e-04,+0.001412,1.5802e-01
2,8,10,19,29,29,37,0.000162,6.0847e-01,50.0075,7.497e-05,-0.002191,2.8467e-02
2,8,11,19,29,31,41,0.000306,3.3350e-01,50.0012,1.204e-05,-0.000493,6.2227e-01
2,8,12,19,29,37,43,0.000093,7.6851e-01,49.9939,6.073e-05,-0.000813,4.1627e-01
2,8,13,19,29,41,47,0.000129,6.8408e-01,50.0087,8.691e-05,+0.000206,8.3678e-01
2,8,14,19,29,43,53,0.000002,9.9582e-01,50.0063,6.319e-05,+0.000658,5.1024e-01
2,8,15,19,29,47,59,0.000599,5.8010e-02,50.0010,9.513e-06,+0.000528,5.9738e-01
2,8,16,19,29,53,61,0.000080,8.0110e-01,50.0026,2.640e-05,-0.000052,9.5836e-01
2,8,17,19,29,59,67,0.000246,4.3603e-01,50.0091,9.138e-05,-0.000295,7.6812e-01
2,8,18,19,29,61,71,0.000223,4.8065e-01,49.9949,5.120e-05,-0.000625,5.3217e-01
2,8,19,19,29,67,73,0.000274,3.8608e-01,50.0119,1.193e-04,-0.000346,7.2914e-01
2,9,10,23,31,29,37,0.000137,6.6374e-01,50.0059,5.896e-05,+0.000617,5.3738e-01
2,9,11,23,31,31,41,0.000265,4.0159e-01,50.0045,4.463e-05,+0.000221,8.2474e-01
2,9,12,23,31,37,43,0.000121,7.0116e-01,49.9982,1.824e-05,-0.001657,9.7523e-02
2,9,13,23,31,41,47,0.000298,3.4557e-01,49.9920,8.000e-05,-0.000087,9.3028e-01
2,9,14,23,31,43,53,0.000506,1.0975e-01,49.9950,4.967e-05,+0.000253,8.0058e-01
2,9,15,23,31,47,59,0.000009,9.7814e-01,50.0016,1.578e-05,-0.002000,4.5532e-02
2,9,16,23,31,53,61,0.000548,8.3222e-02,50.0040,4.034e-05,+0.000262,7.9346e-01
2,9,17,23,31,59,67,0.000025,9.3752e-01,50.0056,5.554e-05,+0.000146,8.8398e-01
2,9,18,23,31,61,71,0.000173,5.8346e-01,50.0117,1.168e-04,+0.001989,4.6721e-02
2,9,19,23,31,67,73,0.000001,9.9727e-01,50.0036,3.649e-05,+0.000617,5.3700e-01
2,10,11,29,37,31,41,0.000027,9.3266e-01,50.0043,4.264e-05,+0.000633,5.2695e-01
2,10,12,29,37,37,43,0.000033,9.1740e-01,49.9927,7.308e-05,+0.000967,3.3351e-01
2,10,13,29,37,41,47,0.000085,7.8763e-01,49.9992,8.212e-06,-0.000756,4.4943e-01
2,10,14,29,37,43,53,0.000093,7.6884e-01,49.9906,9.444e-05,-0.000107,9.1514e-01
2,10,15,29,37,47,59,0.000002,9.9617e-01,49.9957,4.346e-05,-0.000898,3.6937e-01
2,10,16,29,37,53,61,0.000018,9.5341e-01,50.0010,1.040e-05,+0.000699,4.8443e-01
2,10,17,29,37,59,67,0.000526,9.6121e-02,50.0103,1.028e-04,-0.000758,4.4818e-01
2,10,18,29,37,61,71,0.000035,9.1283e-01,49.9867,1.331e-04,-0.001557,1.1955e-01
2,10,19,29,37,67,73,0.000459,1.4625e-01,50.0044,4.390e-05,-0.000652,5.1462e-01
2,11,12,31,41,37,43,0.000029,9.2743e-01,49.9989,1.086e-05,+0.001848,6.4629e-02
2,11,13,31,41,41,47,0.000138,6.6260e-01,49.9960,4.027e-05,-0.001353,1.7601e-01
2,11,14,31,41,43,53,0.000375,2.3506e-01,50.0005,5.375e-06,-0.000482,6.2953e-01
2,11,15,31,41,47,59,0.000322,3.0791e-01,49.9899,1.006e-04,+0.001204,2.2870e-01
2,11,16,31,41,53,61,0.000393,2.1346e-01,49.9956,4.426e-05,+0.000737,4.6129e-01
2,11,17,31,41,59,67,0.000418,1.8603e-01,50.0056,5.574e-05,+0.002032,4.2125e-02
2,11,18,31,41,61,71,0.000008,9.7954e-01,50.0004,4.487e-06,+0.000303,7.6221e-01
2,11,19,31,41,67,73,0.000124,6.9472e-01,50.0035,3.506e-05,-0.000844,3.9886e-01
2,12,13,37,43,41,47,0.000353,2.6417e-01,49.9972,2.814e-05,-0.001186,2.3565e-01
2,12,14,37,43,43,53,0.000023,9.4142e-01,49.9992,7.637e-06,+0.001282,2.0000e-01
2,12,15,37,43,47,59,0.000210,5.0604e-01,49.9988,1.186e-05,+0.000059,9.5307e-01
2,12,16,37,43,53,61,0.000083,7.9288e-01,50.0031,3.055e-05,-0.000069,9.4518e-01
2,12,17,37,43,59,67,0.000113,7.2170e-01,50.0006,5.975e-06,-0.001406,1.5964e-01
2,12,18,37,43,61,71,0.000552,8.1098e-02,49.9994,5.925e-06,-0.001063,2.8758e-01
2,12,19,37,43,67,73,0.000245,4.3778e-01,49.9935,6.540e-05,+0.000677,4.9862e-01
2,13,14,41,47,43,53,0.000016,9.6043e-01,49.9972,2.758e-05,+0.000565,5.7208e-01
2,13,15,41,47,47,59,0.000231,4.6537e-01,49.9989,1.130e-05,-0.000658,5.1061e-01
2,13,16,41,47,53,61,0.000207,5.1301e-01,49.9966,3.354e-05,+0.000134,8.9356e-01
2,13,17,41,47,59,67,0.000294,3.5321e-01,49.9914,8.586e-05,-0.000395,6.9282e-01
2,13,18,41,47,61,71,0.000460,1.4596e-01,49.9888,1.115e-04,-0.000042,9.6664e-01
2,13,19,41,47,67,73,0.000671,3.3823e-02,50.0049,4.904e-05,-0.001036,3.0003e-01
2,14,15,43,53,47,59,0.000332,2.9415e-01,49.9950,4.998e-05,+0.001068,2.8574e-01
2,14,16,43,53,53,61,0.000054,8.6468e-01,50.0087,8.721e-05,-0.000803,4.2181e-01
2,14,17,43,53,59,67,0.000578,6.7616e-02,49.9958,4.184e-05,+0.000247,8.0485e-01
2,14,18,43,53,61,71,0.000170,5.9020e-01,49.9889,1.105e-04,+0.000557,5.7762e-01
2,14,19,43,53,67,73,0.000236,4.5591e-01,50.0061,6.091e-05,+0.000625,5.3213e-01
2,15,16,47,59,53,61,0.000157,6.1880e-01,49.9916,8.409e-05,-0.000790,4.2946e-01
2,15,17,47,59,59,67,0.000043,8.9271e-01,49.9950,5.039e-05,+0.000052,9.5814e-01
2,15,18,47,59,61,71,0.000056,8.6025e-01,49.9902,9.824e-05,-0.001214,2.2475e-01
2,15,19,47,59,67,73,0.000228,4.7005e-01,49.9912,8.791e-05,+0.001226,2.2020e-01
2,16,17,53,61,59,67,0.000372,2.3886e-01,50.0062,6.207e-05,-0.000168,8.6670e-01
2,16,18,53,61,61,71,0.000148,6.4016e-01,49.9948,5.232e-05,+0.000703,4.8188e-01
2,16,19,53,61,67,73,0.000192,5.4321e-01,50.0069,6.895e-05,-0.000496,6.1981e-01
2,17,18,59,67,61,71,0.000462,1.4417e-01,50.0050,4.967e-05,+0.000665,5.0602e-01
2,17,19,59,67,67,73,0.000008,9.7993e-01,50.0085,8.473e-05,-0.001634,1.0220e-01
2,18,19,61,71,67,73,0.000415,1.8942e-01,50.0001,1.275e-06,-0.000267,7.8931e-01
3,0,1,2,3,3,5,0.000379,2.3083e-01,49.9963,3.682e-05,+0.000769,4.4179e-01
3,0,2,2,3,5,7,0.000286,3.6528e-01,49.9938,6.204e-05,-0.001057,2.9038e-01
3,0,3,2,3,7,11,0.000083,7.9286e-01,49.9977,2.309e-05,-0.001093,2.7458e-01
3,0,4,2,3,8,13,0.000353,2.6493e-01,50.0023,2.314e-05,+0.000218,8.2707e-01
3,0,5,2,3,11,17,0.000424,1.7971e-01,50.0055,5.525e-05,-0.000548,5.8338e-01
3,0,6,2,3,13,19,0.000509,1.0744e-01,50.0007,7.162e-06,+0.000011,9.9101e-01
3,0,7,2,3,17,23,0.000242,4.4470e-01,49.9947,5.288e-05,-0.000554,5.7960e-01
3,0,8,2,3,19,29,0.000182,5.6532e-01,49.9971,2.945e-05,-0.000231,8.1700e-01
3,0,9,2,3,23,31,0.000039,9.0262e-01,50.0035,3.478e-05,-0.002427,1.5235e-02
3,0,10,2,3,29,37,0.000030,9.2485e-01,49.9965,3.548e-05,+0.000222,8.2463e-01
3,0,11,2,3,31,41,0.000253,4.2351e-01,50.0050,5.013e-05,-0.000002,9.9872e-01
3,0,12,2,3,37,43,0.000141,6.5637e-01,49.9967,3.324e-05,-0.002043,4.1034e-02
3,0,13,2,3,41,47,0.000188,5.5245e-01,49.9979,2.123e-05,+0.000479,6.3221e-01
3,0,14,2,3,43,53,0.000172,5.8661e-01,49.9943,5.685e-05,+0.001853,6.3942e-02
3,0,15,2,3,47,59,0.000362,2.5185e-01,49.9988,1.173e-05,-0.001111,2.6643e-01
3,0,16,2,3,53,61,0.000407,1.9840e-01,50.0008,7.588e-06,-0.001452,1.4657e-01
3,0,17,2,3,59,67,0.000361,2.5376e-01,50.0224,2.243e-04,+0.000250,8.0278e-01
3,0,18,2,3,61,71,0.000022,9.4412e-01,49.9997,3.150e-06,-0.000009,9.9275e-01
3,0,19,2,3,67,73,0.000207,5.1354e-01,50.0082,8.246e-05,+0.000031,9.7501e-01
3,1,2,3,5,5,7,0.000160,6.1289e-01,50.0046,4.631e-05,+0.000534,5.9344e-01
3,1,3,3,5,7,11,0.000522,9.8933e-02,50.0032,3.211e-05,+0.001021,3.0741e-01
3,1,4,3,5,8,13,0.000185,5.5951e-01,50.0003,3.413e-06,+0.000555,5.7880e-01
3,1,5,3,5,11,17,0.000532,9.2739e-02,49.9873,1.267e-04,-0.000607,5.4417e-01
3,1,6,3,5,13,19,0.000094,7.6702e-01,50.0025,2.506e-05,+0.000288,7.7343e-01
3,1,7,3,5,17,23,0.000255,4.1995e-01,49.9956,4.365e-05,-0.000275,7.8332e-01
3,1,8,3,5,19,29,0.000264,4.0398e-01,49.9919,8.103e-05,+0.001049,2.9400e-01
3,1,9,3,5,23,31,0.000179,5.7103e-01,49.9953,4.663e-05,+0.000398,6.9064e-01
3,1,10,3,5,29,37,0.000074,8.1503e-01,50.0022,2.220e-05,+0.000866,3.8658e-01
3,1,11,3,5,31,41,0.000835,8.2424e-03,49.9848,1.522e-04,+0.000037,9.7012e-01
3,1,12,3,5,37,43,0.000114,7.1868e-01,49.9884,1.157e-04,-0.000688,4.9126e-01
3,1,13,3,5,41,47,0.000428,1.7586e-01,50.0008,7.975e-06,+0.000452,6.5114e-01
3,1,14,3,5,43,53,0.000049,8.7623e-01,49.9941,5.927e-05,+0.001587,1.1248e-01
3,1,15,3,5,47,59,0.000512,1.0529e-01,50.0010,9.925e-06,+0.001796,7.2457e-02
3,1,16,3,5,53,61,0.000556,7.8697e-02,50.0013,1.324e-05,+0.000617,5.3724e-01
3,1,17,3,5,59,67,0.000221,4.8541e-01,49.9971,2.935e-05,-0.000971,3.3178e-01
3,1,18,3,5,61,71,0.000137,6.6415e-01,49.9935,6.525e-05,+0.000100,9.2004e-01
3,1,19,3,5,67,73,0.000096,7.6028e-01,50.0023,2.311e-05,+0.000440,6.5966e-01
3,2,3,5,7,7,11,0.000164,6.0296e-01,49.9957,4.287e-05,+0.000616,5.3791e-01
3,2,4,5,7,8,13,0.000118,7.0908e-01,50.0031,3.140e-05,-0.000511,6.0948e-01
3,2,5,5,7,11,17,0.000442,1.6250e-01,49.9961,3.921e-05,+0.000078,9.3757e-01
3,2,6,5,7,13,19,0.000197,5.3313e-01,50.0012,1.185e-05,-0.000363,7.1666e-01
3,2,7,5,7,17,23,0.000107,7.3570e-01,50.0029,2.926e-05,+0.000174,8.6218e-01
3,2,8,5,7,19,29,0.000126,6.9124e-01,49.9964,3.636e-05,-0.001207,2.2761e-01
3,2,9,5,7,23,31,0.000303,3.3850e-01,49.9997,3.462e-06,-0.001318,1.8736e-01
3,2,10,5,7,29,37,0.000546,8.4448e-02,49.9945,5.524e-05,+0.000656,5.1174e-01
3,2,11,5,7,31,41,0.000359,2.5612e-01,49.9912,8.771e-05,+0.000610,5.4171e-01
3,2,12,5,7,37,43,0.000044,8.8977e-01,50.0074,7.438e-05,-0.000352,7.2513e-01
3,2,13,5,7,41,47,0.000877,5.5346e-03,50.0019,1.859e-05,-0.002221,2.6367e-02
3,2,14,5,7,43,53,0.000344,2.7631e-01,50.0061,6.126e-05,-0.002303,2.1282e-02
3,2,15,5,7,47,59,0.000123,6.9666e-01,50.0026,2.581e-05,-0.001082,2.7910e-01
3,2,16,5,7,53,61,0.000150,6.3547e-01,49.9989,1.092e-05,+0.001720,8.5455e-02
3,2,17,5,7,59,67,0.000617,5.0989e-02,50.0072,7.234e-05,-0.000085,9.3247e-01
3,2,18,5,7,61,71,0.000769,1.4996e-02,49.9944,5.649e-05,+0.000937,3.4861e-01
3,2,19,5,7,67,73,0.000083,7.9327e-01,49.9969,3.065e-05,-0.000272,7.8594e-01
3,3,4,7,11,8,13,0.000066,8.3454e-01,50.0016,1.620e-05,-0.001141,2.5405e-01
3,3,5,7,11,11,17,0.000306,3.3306e-01,49.9966,3.401e-05,+0.000005,9.9564e-01
3,3,6,7,11,13,19,0.000100,7.5266e-01,50.0027,2.670e-05,+0.001363,1.7282e-01
3,3,7,7,11,17,23,0.000008,9.7897e-01,50.0001,1.362e-06,+0.000019,9.8504e-01
3,3,8,7,11,19,29,0.000760,1.6248e-02,49.9923,7.736e-05,+0.001442,1.4943e-01
3,3,9,7,11,23,31,0.000352,2.6529e-01,49.9995,4.762e-06,+0.001588,1.1238e-01
3,3,10,7,11,29,37,0.000034,9.1340e-01,50.0057,5.686e-05,-0.000575,5.6533e-01
3,3,11,7,11,31,41,0.000608,5.4490e-02,49.9950,5.039e-05,-0.000580,5.6172e-01
3,3,12,7,11,37,43,0.000260,4.1071e-01,49.9921,7.877e-05,+0.000298,7.6562e-01
3,3,13,7,11,41,47,0.000640,4.2909e-02,49.9860,1.397e-04,+0.000430,6.6702e-01
3,3,14,7,11,43,53,0.000208,5.1085e-01,49.9970,2.961e-05,+0.000211,8.3327e-01
3,3,15,7,11,47,59,0.000363,2.5058e-01,50.0013,1.301e-05,-0.001256,2.0898e-01
3,3,16,7,11,53,61,0.000169,5.9266e-01,49.9997,3.000e-06,-0.000648,5.1679e-01
3,3,17,7,11,59,67,0.000308,3.3082e-01,50.0075,7.541e-05,-0.002218,2.6524e-02
3,3,18,7,11,61,71,0.000097,7.5813e-01,50.0057,5.724e-05,-0.000703,4.8227e-01
3,3,19,7,11,67,73,0.000300,3.4313e-01,49.9932,6.763e-05,-0.000004,9.9657e-01
3,4,5,8,13,11,17,0.000190,5.4890e-01,50.0074,7.391e-05,+0.000714,4.7549e-01
3,4,6,8,13,13,19,0.000073,8.1836e-01,50.0012,1.165e-05,+0.000672,5.0158e-01
3,4,7,8,13,17,23,0.000166,5.9930e-01,50.0034,3.409e-05,+0.000191,8.4871e-01
3,4,8,8,13,19,29,0.000350,2.6798e-01,49.9951,4.911e-05,+0.000447,6.5490e-01
3,4,9,8,13,23,31,0.000061,8.4824e-01,50.0010,9.612e-06,-0.000334,7.3823e-01
3,4,10,8,13,29,37,0.000419,1.8514e-01,49.9986,1.361e-05,-0.001047,2.9498e-01
3,4,11,8,13,31,41,0.000045,8.8692e-01,49.9966,3.391e-05,-0.000592,5.5362e-01
3,4,12,8,13,37,43,0.000081,7.9904e-01,49.9955,4.453e-05,-0.000721,4.7082e-01
3,4,13,8,13,41,47,0.000249,4.3056e-01,50.0014,1.396e-05,+0.003631,2.8229e-04
3,4,14,8,13,43,53,0.000829,8.7255e-03,50.0071,7.066e-05,-0.001531,1.2572e-01
3,4,15,8,13,47,59,0.000011,9.7334e-01,50.0048,4.831e-05,-0.000219,8.2684e-01
3,4,16,8,13,53,61,0.000187,5.5468e-01,50.0059,5.933e-05,-0.001544,1.2265e-01
3,4,17,8,13,59,67,0.000113,7.2170e-01,49.9912,8.754e-05,-0.001212,2.2550e-01
3,4,18,8,13,61,71,0.000185,5.5788e-01,50.0061,6.086e-05,+0.000527,5.9813e-01
3,4,19,8,13,67,73,0.000073,8.1662e-01,50.0010,1.032e-05,+0.000619,5.3591e-01
3,5,6,11,17,13,19,0.000300,3.4308e-01,49.9957,4.259e-05,+0.001775,7.5832e-02
3,5,7,11,17,17,23,0.000430,1.7421e-01,49.9969,3.125e-05,+0.000285,7.7587e-01
3,5,8,11,17,19,29,0.000406,1.9971e-01,49.9919,8.120e-05,+0.000504,6.1423e-01
3,5,9,11,17,23,31,0.000066,8.3489e-01,50.0043,4.275e-05,+0.000502,6.1558e-01
3,5,10,11,17,29,37,0.000138,6.6189e-01,50.0089,8.945e-05,-0.000365,7.1529e-01
3,5,11,11,17,31,41,0.000089,7.7793e-01,49.9952,4.837e-05,+0.001036,3.0001e-01
3,5,12,11,17,37,43,0.000131,6.7844e-01,49.9998,2.338e-06,-0.000804,4.2123e-01
3,5,13,11,17,41,47,0.000208,5.1056e-01,49.9973,2.673e-05,-0.000253,8.0038e-01
3,5,14,11,17,43,53,0.000151,6.3296e-01,50.0124,1.236e-04,+0.001001,3.1660e-01
3,5,15,11,17,47,59,0.000034,9.1551e-01,50.0028,2.797e-05,+0.000722,4.7058e-01
3,5,16,11,17,53,61,0.000694,2.8245e-02,50.0067,6.684e-05,-0.000229,8.1895e-01
3,5,17,11,17,59,67,0.000201,5.2544e-01,50.0056,5.640e-05,+0.002449,1.4337e-02
3,5,18,11,17,61,71,0.000317,3.1562e-01,50.0031,3.135e-05,-0.001134,2.5696e-01
3,5,19,11,17,67,73,0.000275,3.8479e-01,49.9918,8.154e-05,+0.000677,4.9822e-01
3,6,7,13,19,17,23,0.000427,1.7697e-01,50.0082,8.224e-05,+0.001456,1.4528e-01
3,6,8,13,19,19,29,0.000324,3.0580e-01,49.9980,2.039e-05,+0.000810,4.1814e-01
3,6,9,13,19,23,31,0.000351,2.6719e-01,49.9938,6.231e-05,-0.000033,9.7389e-01
3,6,10,13,19,29,37,0.000175,5.7951e-01,50.0003,2.562e-06,+0.001269,2.0436e-01
3,6,11,13,19,31,41,0.000001,9.9850e-01,49.9878,1.222e-04,-0.000187,8.5146e-01
3,6,12,13,19,37,43,0.000302,3.3976e-01,49.9990,9.875e-06,-0.001529,1.2633e-01
3,6,13,13,19,41,47,0.000078,8.0480e-01,50.0014,1.396e-05,-0.000813,4.1593e-01
3,6,14,13,19,43,53,0.000060,8.4855e-01,49.9977,2.269e-05,-0.000147,8.8277e-01
3,6,15,13,19,47,59,0.000088,7.8010e-01,49.9981,1.941e-05,-0.000536,5.9162e-01
3,6,16,13,19,53,61,0.000011,9.7305e-01,49.9896,1.042e-04,-0.000605,5.4539e-01
3,6,17,13,19,59,67,0.000249,4.3165e-01,49.9946,5.354e-05,-0.003001,2.6941e-03
3,6,18,13,19,61,71,0.000810,1.0450e-02,49.9970,3.011e-05,-0.001046,2.9576e-01
3,6,19,13,19,67,73,0.000106,7.3695e-01,49.9909,9.085e-05,-0.000598,5.5004e-01
3,7,8,17,23,19,29,0.000036,9.0979e-01,50.0052,5.173e-05,+0.001516,1.2950e-01
3,7,9,17,23,23,31,0.000010,9.7548e-01,50.0075,7.510e-05,+0.001813,6.9796e-02
3,7,10,17,23,29,37,0.000760,1.6302e-02,50.0004,4.200e-06,+0.001345,1.7866e-01
3,7,11,17,23,31,41,0.000184,5.5970e-01,50.0034,3.447e-05,-0.000935,3.4976e-01
3,7,12,17,23,37,43,0.000198,5.3052e-01,49.9970,3.014e-05,+0.001177,2.3920e-01
3,7,13,17,23,41,47,0.000069,8.2843e-01,50.0044,4.430e-05,-0.000236,8.1309e-01
3,7,14,17,23,43,53,0.000011,9.7106e-01,50.0060,6.025e-05,-0.000850,3.9538e-01
3,7,15,17,23,47,59,0.000507,1.0908e-01,49.9981,1.913e-05,-0.000268,7.8892e-01
3,7,16,17,23,53,61,0.000274,3.8698e-01,49.9970,3.049e-05,+0.000230,8.1818e-01
3,7,17,17,23,59,67,0.000016,9.5859e-01,50.0017,1.725e-05,+0.000671,5.0253e-01
3,7,18,17,23,61,71,0.000179,5.7228e-01,49.9901,9.873e-05,-0.000053,9.5749e-01
3,7,19,17,23,67,73,0.000045,8.8642e-01,49.9984,1.616e-05,-0.000587,5.5715e-01
3,8,9,19,29,23,31,0.000341,2.8119e-01,50.0117,1.168e-04,-0.000131,8.9564e-01
3,8,10,19,29,29,37,0.000298,3.4627e-01,49.9921,7.855e-05,+0.000793,4.2782e-01
3,8,11,19,29,31,41,0.000136,6.6603e-01,50.0070,7.038e-05,+0.000310,7.5681e-01
3,8,12,19,29,37,43,0.000012,9.6923e-01,49.9997,2.888e-06,+0.000710,4.7770e-01
3,8,13,19,29,41,47,0.000408,1.9749e-01,49.9986,1.373e-05,-0.000554,5.7976e-01
3,8,14,19,29,43,53,0.000111,7.2539e-01,50.0028,2.760e-05,+0.000185,8.5298e-01
3,8,15,19,29,47,59,0.000393,2.1422e-01,49.9961,3.928e-05,-0.002309,2.0926e-02
3,8,16,19,29,53,61,0.000202,5.2330e-01,50.0049,4.916e-05,-0.001648,9.9254e-02
3,8,17,19,29,59,67,0.000440,1.6449e-01,50.0043,4.310e-05,-0.000065,9.4808e-01
3,8,18,19,29,61,71,0.000295,3.5150e-01,50.0052,5.248e-05,-0.000256,7.9768e-01
3,8,19,19,29,67,73,0.000151,6.3229e-01,49.9969,3.139e-05,-0.000284,7.7671e-01
3,9,10,23,31,29,37,0.000426,1.7764e-01,49.9979,2.125e-05,+0.000385,7.0002e-01
3,9,11,23,31,31,41,0.000232,4.6338e-01,49.9995,5.000e-06,+0.000748,4.5423e-01
3,9,12,23,31,37,43,0.000153,6.2796e-01,50.0058,5.846e-05,+0.000404,6.8607e-01
3,9,13,23,31,41,47,0.000124,6.9499e-01,49.9974,2.572e-05,-0.000670,5.0297e-01
3,9,14,23,31,43,53,0.000124,6.9506e-01,49.9987,1.312e-05,+0.001806,7.0944e-02
3,9,15,23,31,47,59,0.000016,9.5961e-01,50.0013,1.257e-05,+0.000321,7.4803e-01
3,9,16,23,31,53,61,0.000267,3.9863e-01,49.9947,5.339e-05,-0.001022,3.0680e-01
3,9,17,23,31,59,67,0.000011,9.7163e-01,49.9970,3.000e-05,-0.000040,9.6842e-01
3,9,18,23,31,61,71,0.000476,1.3207e-01,50.0008,8.225e-06,-0.000297,7.6654e-01
3,9,19,23,31,67,73,0.000115,7.1538e-01,50.0067,6.689e-05,+0.001280,2.0069e-01
3,10,11,29,37,31,41,0.000452,1.5322e-01,49.9986,1.445e-05,-0.002472,1.3422e-02
3,10,12,29,37,37,43,0.000349,2.7026e-01,49.9962,3.756e-05,-0.001145,2.5203e-01
3,10,13,29,37,41,47,0.000090,7.7641e-01,50.0042,4.242e-05,+0.001428,1.5328e-01
3,10,14,29,37,43,53,0.000289,3.6034e-01,49.9899,1.014e-04,+0.000039,9.6903e-01
3,10,15,29,37,47,59,0.000295,3.5124e-01,50.0005,4.800e-06,-0.000168,8.6689e-01
3,10,16,29,37,53,61,0.000146,6.4517e-01,50.0068,6.799e-05,+0.000728,4.6641e-01
3,10,17,29,37,59,67,0.000170,5.9105e-01,50.0012,1.213e-05,+0.001785,7.4250e-02
3,10,18,29,37,61,71,0.000391,2.1584e-01,50.0032,3.200e-05,+0.000417,6.7650e-01
3,10,19,29,37,67,73,0.000348,2.7115e-01,50.0039,3.916e-05,+0.000966,3.3406e-01
3,11,12,31,41,37,43,0.000142,6.5430e-01,49.9978,2.219e-05,-0.002216,2.6668e-02
3,11,13,31,41,41,47,0.000643,4.2137e-02,50.0046,4.627e-05,+0.001947,5.1522e-02
3,11,14,31,41,43,53,0.000007,9.8237e-01,49.9967,3.338e-05,+0.001007,3.1376e-01
3,11,15,31,41,47,59,0.000216,4.9535e-01,49.9962,3.768e-05,+0.000017,9.8620e-01
3,11,16,31,41,53,61,0.000170,5.9178e-01,49.9914,8.564e-05,-0.000238,8.1192e-01
3,11,17,31,41,59,67,0.000062,8.4350e-01,50.0030,3.003e-05,-0.000619,5.3588e-01
3,11,18,31,41,61,71,0.000089,7.7908e-01,50.0114,1.136e-04,-0.000124,9.0156e-01
3,11,19,31,41,67,73,0.000410,1.9509e-01,49.9926,7.371e-05,+0.000516,6.0613e-01
3,12,13,37,43,41,47,0.000586,6.3839e-02,49.9895,1.050e-04,+0.001799,7.2090e-02
3,12,14,37,43,43,53,0.000726,2.1776e-02,49.9824,1.759e-04,+0.001066,2.8648e-01
3,12,15,37,43,47,59,0.000261,4.0860e-01,50.0034,3.444e-05,+0.000240,8.1025e-01
3,12,16,37,43,53,61,0.000153,6.2836e-01,50.0077,7.720e-05,+0.000480,6.3132e-01
3,12,17,37,43,59,67,0.000151,6.3288e-01,50.0050,5.014e-05,+0.000266,7.9047e-01
3,12,18,37,43,61,71,0.000661,3.6552e-02,50.0017,1.654e-05,+0.000287,7.7391e-01
3,12,19,37,43,67,73,0.000140,6.5818e-01,50.0008,8.450e-06,+0.000746,4.5587e-01
3,13,14,41,47,43,53,0.000145,6.4753e-01,49.9981,1.915e-05,-0.001249,2.1168e-01
3,13,15,41,47,47,59,0.000034,9.1494e-01,49.9990,9.800e-06,-0.000795,4.2654e-01
3,13,16,41,47,53,61,0.000207,5.1288e-01,50.0040,4.009e-05,-0.001268,2.0467e-01
3,13,17,41,47,59,67,0.000709,2.4884e-02,49.9964,3.577e-05,+0.000086,9.3156e-01
3,13,18,41,47,61,71,0.000615,5.1879e-02,49.9952,4.798e-05,+0.001512,1.3062e-01
3,13,19,41,47,67,73,0.000091,7.7450e-01,50.0010,1.006e-05,-0.000324,7.4559e-01
3,14,15,43,53,47,59,0.000075,8.1347e-01,50.0040,4.037e-05,-0.000110,9.1240e-01
3,14,16,43,53,53,61,0.000310,3.2616e-01,49.9952,4.759e-05,-0.000083,9.3380e-01
3,14,17,43,53,59,67,0.000101,7.4846e-01,50.0005,4.950e-06,+0.000105,9.1672e-01
3,14,18,43,53,61,71,0.000745,1.8524e-02,49.9874,1.262e-04,+0.001045,2.9616e-01
3,14,19,43,53,67,73,0.000093,7.6980e-01,49.9922,7.816e-05,-0.000215,8.3008e-01
3,15,16,47,59,53,61,0.000168,5.9452e-01,50.0028,2.751e-05,-0.000933,3.5090e-01
3,15,17,47,59,59,67,0.000341,2.8033e-01,49.9995,5.350e-06,+0.000089,9.2920e-01
3,15,18,47,59,61,71,0.000237,4.5286e-01,50.0017,1.675e-05,-0.001223,2.2135e-01
3,15,19,47,59,67,73,0.000041,8.9753e-01,49.9933,6.746e-05,+0.000848,3.9633e-01
3,16,17,53,61,59,67,0.000061,8.4682e-01,50.0026,2.561e-05,+0.000508,6.1134e-01
3,16,18,53,61,61,71,0.000324,3.0506e-01,49.9956,4.366e-05,+0.000702,4.8255e-01
3,16,19,53,61,67,73,0.000279,3.7843e-01,49.9880,1.198e-04,-0.000534,5.9320e-01
3,17,18,59,67,61,71,0.000153,6.2799e-01,49.9946,5.420e-05,+0.001344,1.7909e-01
3,17,19,59,67,67,73,0.000024,9.4019e-01,50.0010,9.687e-06,+0.000380,7.0370e-01
3,18,19,61,71,67,73,0.000794,1.2046e-02,49.9942,5.784e-05,+0.000585,5.5830e-01
4,0,1,2,3,3,5,0.000002,9.9511e-01,49.9889,1.111e-04,+0.000934,3.5005e-01
4,0,2,2,3,5,7,0.000232,4.6266e-01,49.9900,9.968e-05,+0.002038,4.1578e-02
4,0,3,2,3,7,11,0.000125,6.9329e-01,49.9905,9.532e-05,-0.000937,3.4891e-01
4,0,4,2,3,8,13,0.000064,8.3982e-01,50.0037,3.744e-05,-0.001106,2.6864e-01
4,0,5,2,3,11,17,0.000391,2.1650e-01,50.0011,1.124e-05,-0.000772,4.4010e-01
4,0,6,2,3,13,19,0.000287,3.6342e-01,49.9968,3.170e-05,+0.001723,8.4922e-02
4,0,7,2,3,17,23,0.000641,4.2763e-02,50.0017,1.740e-05,+0.000225,8.2214e-01
4,0,8,2,3,19,29,0.000226,4.7508e-01,49.9992,8.337e-06,+0.000389,6.9718e-01
4,0,9,2,3,23,31,0.000523,9.8447e-02,50.0017,1.699e-05,+0.000708,4.7920e-01
4,0,10,2,3,29,37,0.000114,7.1766e-01,50.0000,1.125e-07,+0.000224,8.2298e-01
4,0,11,2,3,31,41,0.000692,2.8684e-02,50.0018,1.816e-05,+0.001518,1.2890e-01
4,0,12,2,3,37,43,0.000619,5.0312e-02,49.9947,5.304e-05,-0.001101,2.7085e-01
4,0,13,2,3,41,47,0.000289,3.6048e-01,49.9989,1.051e-05,-0.001615,1.0630e-01
4,0,14,2,3,43,53,0.000004,9.8959e-01,49.9977,2.330e-05,+0.001746,8.0873e-02
4,0,15,2,3,47,59,0.000072,8.1884e-01,49.9966,3.394e-05,+0.000100,9.2005e-01
4,0,16,2,3,53,61,0.000180,5.6818e-01,49.9954,4.554e-05,+0.001417,1.5660e-01
4,0,17,2,3,59,67,0.000012,9.7002e-01,50.0098,9.836e-05,+0.000336,7.3723e-01
4,0,18,2,3,61,71,0.000399,2.0705e-01,49.9914,8.619e-05,+0.001360,1.7379e-01
4,0,19,2,3,67,73,0.000394,2.1249e-01,49.9948,5.234e-05,+0.001021,3.0709e-01
4,1,2,3,5,5,7,0.000014,9.6367e-01,50.0058,5.769e-05,-0.001216,2.2392e-01
4,1,3,3,5,7,11,0.000185,5.5848e-01,49.9943,5.656e-05,-0.000999,3.1782e-01
4,1,4,3,5,8,13,0.000400,2.0611e-01,50.0035,3.473e-05,-0.000035,9.7172e-01
4,1,5,3,5,11,17,0.000153,6.2754e-01,50.0087,8.738e-05,+0.001755,7.9321e-02
4,1,6,3,5,13,19,0.000387,2.2084e-01,50.0065,6.539e-05,-0.001857,6.3249e-02
4,1,7,3,5,17,23,0.000003,9.9180e-01,49.9987,1.301e-05,-0.000382,7.0281e-01
4,1,8,3,5,19,29,0.000284,3.6952e-01,50.0010,1.012e-05,-0.000177,8.5935e-01
4,1,9,3,5,23,31,0.000177,5.7517e-01,50.0005,4.925e-06,+0.000161,8.7185e-01
4,1,10,3,5,29,37,0.000256,4.1785e-01,50.0032,3.230e-05,-0.002274,2.2984e-02
4,1,11,3,5,31,41,0.000194,5.3920e-01,49.9965,3.485e-05,-0.000305,7.6034e-01
4,1,12,3,5,37,43,0.000032,9.1830e-01,50.0034,3.405e-05,-0.000225,8.2215e-01
4,1,13,3,5,41,47,0.000540,8.7844e-02,50.0057,5.742e-05,+0.000578,5.6302e-01
4,1,14,3,5,43,53,0.000142,6.5319e-01,50.0023,2.289e-05,-0.000886,3.7536e-01
4,1,15,3,5,47,59,0.000089,7.7776e-01,50.0034,3.418e-05,-0.001945,5.1820e-02
4,1,16,3,5,53,61,0.000111,7.2646e-01,49.9924,7.557e-05,-0.000742,4.5825e-01
4,1,17,3,5,59,67,0.000749,1.7829e-02,49.9992,8.100e-06,+0.000082,9.3433e-01
4,1,18,3,5,61,71,0.000029,9.2748e-01,50.0006,5.725e-06,-0.000225,8.2161e-01
4,1,19,3,5,67,73,0.000124,6.9589e-01,49.9984,1.550e-05,+0.000161,8.7227e-01
4,2,3,5,7,7,11,0.000076,8.1012e-01,49.9989,1.078e-05,+0.001202,2.2925e-01
4,2,4,5,7,8,13,0.000251,4.2823e-01,49.9970,2.969e-05,-0.001214,2.2456e-01
4,2,5,5,7,11,17,0.000441,1.6352e-01,49.9994,6.062e-06,-0.001316,1.8811e-01
4,2,6,5,7,13,19,0.000021,9.4592e-01,50.0003,3.300e-06,-0.001601,1.0945e-01
4,2,7,5,7,17,23,0.000297,3.4749e-01,50.0028,2.788e-05,-0.002896,3.7834e-03
4,2,8,5,7,19,29,0.000661,3.6560e-02,49.9944,5.619e-05,-0.000070,9.4429e-01
4,2,9,5,7,23,31,0.000281,3.7411e-01,50.0088,8.786e-05,-0.002018,4.3587e-02
4,2,10,5,7,29,37,0.000162,6.0781e-01,50.0008,7.912e-06,-0.000017,9.8683e-01
4,2,11,5,7,31,41,0.000054,8.6378e-01,49.9997,2.512e-06,-0.000156,8.7640e-01
4,2,12,5,7,37,43,0.000261,4.0965e-01,49.9999,6.125e-07,-0.000767,4.4301e-01
4,2,13,5,7,41,47,0.000144,6.4917e-01,49.9954,4.646e-05,+0.000421,6.7354e-01
4,2,14,5,7,43,53,0.000403,2.0223e-01,49.9961,3.870e-05,+0.000102,9.1909e-01
4,2,15,5,7,47,59,0.000434,1.6944e-01,50.0004,3.888e-06,-0.000033,9.7343e-01
4,2,16,5,7,53,61,0.000418,1.8584e-01,50.0024,2.436e-05,-0.000939,3.4761e-01
4,2,17,5,7,59,67,0.000366,2.4678e-01,49.9988,1.226e-05,+0.000606,5.4481e-01
4,2,18,5,7,61,71,0.000299,3.4361e-01,50.0056,5.629e-05,+0.001445,1.4849e-01
4,2,19,5,7,67,73,0.000481,1.2848e-01,50.0066,6.611e-05,+0.002395,1.6607e-02
4,3,4,7,11,8,13,0.000020,9.4983e-01,50.0003,3.237e-06,-0.000346,7.2918e-01
4,3,5,7,11,11,17,0.000622,4.9339e-02,49.9980,2.001e-05,-0.001222,2.2185e-01
4,3,6,7,11,13,19,0.000493,1.1933e-01,49.9943,5.662e-05,-0.000035,9.7179e-01
4,3,7,7,11,17,23,0.000078,8.0527e-01,50.0026,2.615e-05,-0.001158,2.4697e-01
4,3,8,7,11,19,29,0.000252,4.2593e-01,50.0054,5.351e-05,-0.000577,5.6400e-01
4,3,9,7,11,23,31,0.000574,6.9318e-02,49.9964,3.616e-05,+0.000596,5.5147e-01
4,3,10,7,11,29,37,0.000168,5.9476e-01,49.9853,1.469e-04,+0.000337,7.3628e-01
4,3,11,7,11,31,41,0.000431,1.7281e-01,49.9962,3.784e-05,+0.001381,1.6739e-01
4,3,12,7,11,37,43,0.000415,1.8972e-01,50.0050,5.036e-05,-0.001045,2.9583e-01
4,3,13,7,11,41,47,0.000388,2.1937e-01,49.9969,3.079e-05,-0.001193,2.3301e-01
4,3,14,7,11,43,53,0.000177,5.7643e-01,50.0002,2.425e-06,+0.000107,9.1496e-01
4,3,15,7,11,47,59,0.000283,3.7103e-01,49.9993,7.412e-06,+0.000716,4.7392e-01
4,3,16,7,11,53,61,0.000470,1.3757e-01,50.0026,2.631e-05,-0.000825,4.0940e-01
4,3,17,7,11,59,67,0.000483,1.2682e-01,49.9964,3.554e-05,-0.001964,4.9587e-02
4,3,18,7,11,61,71,0.000098,7.5735e-01,50.0079,7.864e-05,-0.002084,3.7192e-02
4,3,19,7,11,67,73,0.000072,8.2002e-01,49.9952,4.751e-05,-0.002135,3.2785e-02
4,4,5,8,13,11,17,0.000048,8.7864e-01,49.9979,2.140e-05,-0.000945,3.4480e-01
4,4,6,8,13,13,19,0.000614,5.2061e-02,49.9984,1.644e-05,+0.001351,1.7660e-01
4,4,7,8,13,17,23,0.000957,2.4871e-03,49.9951,4.916e-05,+0.000648,5.1707e-01
4,4,8,8,13,19,29,0.000256,4.1876e-01,50.0074,7.373e-05,+0.000264,7.9203e-01
4,4,9,8,13,23,31,0.000084,7.9106e-01,49.9993,6.725e-06,+0.001444,1.4872e-01
4,4,10,8,13,29,37,0.000068,8.3088e-01,50.0062,6.248e-05,-0.000355,7.2263e-01
4,4,11,8,13,31,41,0.000837,8.1477e-03,50.0101,1.012e-04,-0.000373,7.0925e-01
4,4,12,8,13,37,43,0.000223,4.8145e-01,49.9895,1.045e-04,-0.000033,9.7376e-01
4,4,13,8,13,41,47,0.000089,7.7838e-01,49.9903,9.667e-05,+0.000918,3.5836e-01
4,4,14,8,13,43,53,0.000268,3.9663e-01,49.9982,1.811e-05,+0.000682,4.9493e-01
4,4,15,8,13,47,59,0.000014,9.6516e-01,49.9903,9.662e-05,+0.000151,8.8022e-01
4,4,16,8,13,53,61,0.000543,8.6235e-02,50.0129,1.292e-04,-0.001515,1.2978e-01
4,4,17,8,13,59,67,0.000462,1.4409e-01,49.9981,1.862e-05,+0.001191,2.3384e-01
4,4,18,8,13,61,71,0.000077,8.0680e-01,49.9992,7.725e-06,-0.001440,1.4974e-01
4,4,19,8,13,67,73,0.000343,2.7869e-01,49.9898,1.018e-04,+0.002055,3.9840e-02
4,5,6,11,17,13,19,0.000305,3.3505e-01,50.0035,3.474e-05,-0.000639,5.2301e-01
4,5,7,11,17,17,23,0.000377,2.3357e-01,49.9959,4.144e-05,+0.001560,1.1871e-01
4,5,8,11,17,19,29,0.000069,8.2687e-01,49.9960,4.002e-05,+0.000552,5.8084e-01
4,5,9,11,17,23,31,0.000193,5.4209e-01,50.0055,5.477e-05,-0.000941,3.4687e-01
4,5,10,11,17,29,37,0.000268,3.9667e-01,49.9917,8.333e-05,-0.000783,4.3338e-01
4,5,11,11,17,31,41,0.000457,1.4832e-01,50.0049,4.905e-05,+0.000965,3.3463e-01
4,5,12,11,17,37,43,0.000429,1.7516e-01,49.9931,6.850e-05,+0.000935,3.4980e-01
4,5,13,11,17,41,47,0.000108,7.3203e-01,49.9987,1.315e-05,-0.000340,7.3400e-01
4,5,14,11,17,43,53,0.000582,6.5640e-02,49.9984,1.616e-05,-0.000238,8.1221e-01
4,5,15,11,17,47,59,0.000310,3.2732e-01,50.0019,1.852e-05,-0.001015,3.1020e-01
4,5,16,11,17,53,61,0.000071,8.2351e-01,49.9898,1.023e-04,-0.000096,9.2362e-01
4,5,17,11,17,59,67,0.000345,2.7532e-01,49.9911,8.882e-05,+0.000053,9.5808e-01
4,5,18,11,17,61,71,0.000322,3.0845e-01,49.9989,1.115e-05,+0.000183,8.5493e-01
4,5,19,11,17,67,73,0.000214,4.9852e-01,50.0075,7.537e-05,-0.000953,3.4061e-01
4,6,7,13,19,17,23,0.000029,9.2801e-01,49.9939,6.073e-05,+0.001030,3.0283e-01
4,6,8,13,19,19,29,0.000161,6.1161e-01,50.0018,1.781e-05,+0.001842,6.5430e-02
4,6,9,13,19,23,31,0.000167,5.9685e-01,50.0117,1.169e-04,-0.000573,5.6664e-01
4,6,10,13,19,29,37,0.000526,9.5955e-02,50.0057,5.734e-05,+0.000944,3.4534e-01
4,6,11,13,19,31,41,0.000078,8.0441e-01,49.9956,4.419e-05,-0.000097,9.2303e-01
4,6,12,13,19,37,43,0.000304,3.3672e-01,50.0065,6.459e-05,+0.001238,2.1585e-01
4,6,13,13,19,41,47,0.000388,2.2042e-01,50.0015,1.466e-05,-0.000811,4.1756e-01
4,6,14,13,19,43,53,0.000290,3.5866e-01,49.9955,4.515e-05,-0.000847,3.9678e-01
4,6,15,13,19,47,59,0.000247,4.3429e-01,49.9991,8.737e-06,-0.000097,9.2234e-01
4,6,16,13,19,53,61,0.000086,7.8578e-01,50.0007,6.837e-06,-0.000159,8.7345e-01
4,6,17,13,19,59,67,0.000147,6.4275e-01,49.9925,7.516e-05,-0.000186,8.5236e-01
4,6,18,13,19,61,71,0.000090,7.7622e-01,50.0034,3.371e-05,-0.000883,3.7738e-01
4,6,19,13,19,67,73,0.000045,8.8652e-01,50.0137,1.365e-04,-0.000445,6.5618e-01
4,7,8,17,23,19,29,0.000094,7.6736e-01,49.9922,7.844e-05,-0.000343,7.3174e-01
4,7,9,17,23,23,31,0.000337,2.8626e-01,50.0018,1.846e-05,-0.001919,5.5046e-02
4,7,10,17,23,29,37,0.000415,1.8974e-01,50.0035,3.489e-05,+0.000999,3.1784e-01
4,7,11,17,23,31,41,0.000130,6.8056e-01,49.9985,1.466e-05,+0.000167,8.6704e-01
4,7,12,17,23,37,43,0.000108,7.3262e-01,49.9957,4.296e-05,-0.002276,2.2848e-02
4,7,13,17,23,41,47,0.000411,1.9368e-01,50.0015,1.456e-05,-0.000327,7.4334e-01
4,7,14,17,23,43,53,0.000322,3.0835e-01,49.9992,8.350e-06,-0.000037,9.7011e-01
4,7,15,17,23,47,59,0.000439,1.6461e-01,49.9906,9.356e-05,+0.000651,5.1481e-01
4,7,16,17,23,53,61,0.000072,8.1883e-01,49.9974,2.606e-05,+0.000711,4.7726e-01
4,7,17,17,23,59,67,0.000403,2.0289e-01,49.9960,3.986e-05,-0.000822,4.1087e-01
4,7,18,17,23,61,71,0.000563,7.5196e-02,49.9980,1.986e-05,+0.000336,7.3721e-01
4,7,19,17,23,67,73,0.000339,2.8413e-01,49.9993,7.212e-06,+0.000532,5.9456e-01
4,8,9,19,29,23,31,0.000599,5.8183e-02,50.0062,6.242e-05,+0.001129,2.5903e-01
4,8,10,19,29,29,37,0.000781,1.3484e-02,50.0019,1.922e-05,-0.000740,4.5910e-01
4,8,11,19,29,31,41,0.000133,6.7424e-01,50.0032,3.153e-05,-0.001031,3.0241e-01
4,8,12,19,29,37,43,0.000414,1.9088e-01,50.0098,9.797e-05,+0.001023,3.0607e-01
4,8,13,19,29,41,47,0.000137,6.6497e-01,49.9989,1.090e-05,+0.000623,5.3350e-01
4,8,14,19,29,43,53,0.000206,5.1509e-01,49.9956,4.436e-05,-0.000960,3.3695e-01
4,8,15,19,29,47,59,0.000782,1.3360e-02,50.0040,3.985e-05,-0.001052,2.9269e-01
4,8,16,19,29,53,61,0.000009,9.7847e-01,49.9975,2.510e-05,+0.000225,8.2165e-01
4,8,17,19,29,59,67,0.000325,3.0399e-01,49.9991,9.350e-06,-0.000015,9.8801e-01
4,8,18,19,29,61,71,0.000107,7.3405e-01,49.9988,1.165e-05,-0.001774,7.5992e-02
4,8,19,19,29,67,73,0.000287,3.6368e-01,50.0001,1.150e-06,+0.000060,9.5215e-01
4,9,10,23,31,29,37,0.000113,7.2015e-01,50.0001,5.250e-07,+0.000691,4.8978e-01
4,9,11,23,31,31,41,0.000089,7.7878e-01,50.0103,1.030e-04,-0.000945,3.4442e-01
4,9,12,23,31,37,43,0.000338,2.8506e-01,50.0121,1.213e-04,+0.000957,3.3849e-01
4,9,13,23,31,41,47,0.000090,7.7490e-01,50.0006,6.050e-06,-0.000375,7.0778e-01
4,9,14,23,31,43,53,0.000135,6.7036e-01,49.9955,4.531e-05,+0.000025,9.7971e-01
4,9,15,23,31,47,59,0.000065,8.3697e-01,50.0031,3.050e-05,-0.001451,1.4670e-01
4,9,16,23,31,53,61,0.000187,5.5353e-01,50.0006,6.475e-06,-0.001141,2.5373e-01
4,9,17,23,31,59,67,0.000092,7.7205e-01,50.0008,8.050e-06,+0.000027,9.7838e-01
4,9,18,23,31,61,71,0.000284,3.6831e-01,50.0120,1.196e-04,+0.000115,9.0867e-01
4,9,19,23,31,67,73,0.000620,4.9924e-02,49.9952,4.768e-05,-0.000663,5.0756e-01
4,10,11,29,37,31,41,0.000191,5.4566e-01,49.9975,2.515e-05,+0.000099,9.2097e-01
4,10,12,29,37,37,43,0.000279,3.7799e-01,49.9952,4.818e-05,-0.002161,3.0692e-02
4,10,13,29,37,41,47,0.000064,8.4066e-01,50.0060,6.020e-05,+0.001216,2.2403e-01
4,10,14,29,37,43,53,0.000495,1.1720e-01,49.9980,2.014e-05,+0.000548,5.8355e-01
4,10,15,29,37,47,59,0.000454,1.5107e-01,50.0062,6.182e-05,-0.000345,7.2974e-01
4,10,16,29,37,53,61,0.000665,3.5570e-02,50.0012,1.193e-05,+0.000661,5.0873e-01
4,10,17,29,37,59,67,0.000669,3.4459e-02,49.9953,4.745e-05,-0.000375,7.0736e-01
4,10,18,29,37,61,71,0.000503,1.1184e-01,49.9927,7.325e-05,-0.000150,8.8077e-01
4,10,19,29,37,67,73,0.000179,5.7236e-01,49.9998,2.375e-06,+0.000666,5.0518e-01
4,11,12,31,41,37,43,0.000198,5.3039e-01,49.9988,1.180e-05,+0.000213,8.3106e-01
4,11,13,31,41,41,47,0.000096,7.6264e-01,49.9931,6.937e-05,-0.000824,4.1015e-01
4,11,14,31,41,43,53,0.000045,8.8569e-01,50.0013,1.314e-05,-0.000567,5.7048e-01
4,11,15,31,41,47,59,0.000199,5.2986e-01,49.9995,4.625e-06,-0.000439,6.6102e-01
4,11,16,31,41,53,61,0.000118,7.0828e-01,49.9969,3.143e-05,+0.000296,7.6724e-01
4,11,17,31,41,59,67,0.000070,8.2488e-01,50.0054,5.373e-05,-0.000267,7.8914e-01
4,11,18,31,41,61,71,0.000092,7.7101e-01,50.0025,2.468e-05,+0.000979,3.2763e-01
4,11,19,31,41,67,73,0.000162,6.0832e-01,50.0062,6.215e-05,+0.000880,3.7889e-01
4,12,13,37,43,41,47,0.000292,3.5537e-01,49.9897,1.035e-04,-0.000205,8.3770e-01
4,12,14,37,43,43,53,0.000050,8.7412e-01,50.0079,7.896e-05,+0.000596,5.5105e-01
4,12,15,37,43,47,59,0.000653,3.8849e-02,49.9956,4.390e-05,+0.002462,1.3817e-02
4,12,16,37,43,53,61,0.000013,9.6704e-01,50.0029,2.893e-05,-0.001459,1.4447e-01
4,12,17,37,43,59,67,0.000463,1.4352e-01,50.0051,5.055e-05,-0.000727,4.6712e-01
4,12,18,37,43,61,71,0.000010,9.7570e-01,49.9945,5.547e-05,+0.000945,3.4483e-01
4,12,19,37,43,67,73,0.000338,2.8506e-01,50.0036,3.640e-05,+0.000497,6.1954e-01
4,13,14,41,47,43,53,0.000198,5.3184e-01,50.0099,9.946e-05,-0.002379,1.7377e-02
4,13,15,41,47,47,59,0.000661,3.6615e-02,50.0043,4.267e-05,+0.000635,5.2568e-01
4,13,16,41,47,53,61,0.000286,3.6499e-01,49.9976,2.357e-05,-0.000720,4.7167e-01
4,13,17,41,47,59,67,0.000290,3.5879e-01,50.0106,1.061e-04,-0.000767,4.4328e-01
4,13,18,41,47,61,71,0.000651,3.9515e-02,49.9998,1.725e-06,+0.000428,6.6900e-01
4,13,19,41,47,67,73,0.000109,7.2968e-01,49.9953,4.680e-05,-0.001917,5.5200e-02
4,14,15,43,53,47,59,0.000255,4.2027e-01,50.0128,1.283e-04,-0.000059,9.5290e-01
4,14,16,43,53,53,61,0.000039,9.0146e-01,50.0119,1.195e-04,+0.001632,1.0277e-01
4,14,17,43,53,59,67,0.000196,5.3564e-01,49.9989,1.064e-05,+0.001625,1.0426e-01
4,14,18,43,53,61,71,0.000011,9.7105e-01,50.0018,1.796e-05,+0.001694,9.0193e-02
4,14,19,43,53,67,73,0.000411,1.9370e-01,50.0049,4.851e-05,+0.000532,5.9450e-01
4,15,16,47,59,53,61,0.000030,9.2369e-01,49.9994,6.375e-06,+0.000419,6.7533e-01
4,15,17,47,59,59,67,0.000310,3.2743e-01,50.0015,1.545e-05,+0.000428,6.6832e-01
4,15,18,47,59,61,71,0.000490,1.2112e-01,49.9938,6.212e-05,+0.000056,9.5512e-01
4,15,19,47,59,67,73,0.000428,1.7570e-01,50.0001,5.000e-07,+0.000527,5.9829e-01
4,16,17,53,61,59,67,0.000428,1.7582e-01,49.9981,1.940e-05,+0.000936,3.4908e-01
4,16,18,53,61,61,71,0.000340,2.8264e-01,50.0021,2.143e-05,-0.000661,5.0879e-01
4,16,19,53,61,67,73,0.000405,1.9989e-01,49.9877,1.228e-04,-0.001865,6.2191e-02
4,17,18,59,67,61,71,0.000276,3.8306e-01,49.9892,1.081e-04,-0.000201,8.4070e-01
4,17,19,59,67,67,73,0.000462,1.4426e-01,49.9998,2.075e-06,-0.002057,3.9653e-02
4,18,19,61,71,67,73,0.000058,8.5538e-01,50.0017,1.690e-05,+0.000443,6.5745e-01
5,0,1,2,3,3,5,0.000190,5.4702e-01,50.0097,9.695e-05,-0.000845,3.9787e-01
5,0,2,2,3,5,7,0.000146,6.4391e-01,50.0070,7.004e-05,-0.000501,6.1622e-01
5,0,3,2,3,7,11,0.000343,2.7831e-01,49.9924,7.557e-05,-0.000246,8.0575e-01
5,0,4,2,3,8,13,0.000605,5.5891e-02,50.0014,1.436e-05,+0.000542,5.8756e-01
5,0,5,2,3,11,17,0.000042,8.9483e-01,49.9970,3.031e-05,-0.001184,2.3632e-01
5,0,6,2,3,13,19,0.000090,7.7573e-01,50.0032,3.182e-05,+0.001444,1.4870e-01
5,0,7,2,3,17,23,0.000229,4.6899e-01,49.9880,1.200e-04,-0.001120,2.6272e-01
5,0,8,2,3,19,29,0.000299,3.4397e-01,49.9983,1.688e-05,+0.001509,1.3132e-01
5,0,9,2,3,23,31,0.000854,6.9134e-03,49.9915,8.486e-05,-0.001191,2.3378e-01
5,0,10,2,3,29,37,0.000047,8.8262e-01,50.0043,4.278e-05,+0.000411,6.8116e-01
5,0,11,2,3,31,41,0.000003,9.9174e-01,49.9915,8.473e-05,-0.000237,8.1280e-01
5,0,12,2,3,37,43,0.000143,6.5077e-01,49.9955,4.479e-05,+0.000279,7.7992e-01
5,0,13,2,3,41,47,0.000407,1.9801e-01,50.0005,5.212e-06,+0.001715,8.6402e-02
5,0,14,2,3,43,53,0.000457,1.4855e-01,50.0042,4.241e-05,-0.002201,2.7713e-02
5,0,15,2,3,47,59,0.000155,6.2511e-01,50.0027,2.745e-05,+0.000390,6.9673e-01
5,0,16,2,3,53,61,0.000147,6.4271e-01,50.0001,6.875e-07,+0.001383,1.6679e-01
5,0,17,2,3,59,67,0.000190,5.4729e-01,49.9910,9.043e-05,-0.001570,1.1640e-01
5,0,18,2,3,61,71,0.000416,1.8784e-01,49.9963,3.735e-05,+0.002347,1.8909e-02
5,0,19,2,3,67,73,0.000158,6.1710e-01,49.9950,4.986e-05,-0.001432,1.5222e-01
5,1,2,3,5,5,7,0.000059,8.5240e-01,49.9977,2.334e-05,+0.000192,8.4741e-01
5,1,3,3,5,7,11,0.000601,5.7351e-02,50.0141,1.414e-04,-0.000901,3.6764e-01
5,1,4,3,5,8,13,0.000509,1.0761e-01,50.0007,7.312e-06,-0.001646,9.9755e-02
5,1,5,3,5,11,17,0.000338,2.8475e-01,50.0032,3.194e-05,-0.000131,8.9606e-01
5,1,6,3,5,13,19,0.000313,3.2271e-01,50.0027,2.702e-05,-0.000936,3.4934e-01
5,1,7,3,5,17,23,0.000636,4.4427e-02,49.9969,3.106e-05,+0.000638,5.2327e-01
5,1,8,3,5,19,29,0.000108,7.3270e-01,50.0079,7.877e-05,-0.000430,6.6746e-01
5,1,9,3,5,23,31,0.000246,4.3664e-01,50.0043,4.296e-05,+0.001655,9.7890e-02
5,1,10,3,5,29,37,0.000247,4.3543e-01,49.9999,7.750e-07,-0.001232,2.1797e-01
5,1,11,3,5,31,41,0.000139,6.5962e-01,50.0046,4.620e-05,-0.000190,8.4951e-01
5,1,12,3,5,37,43,0.000081,7.9864e-01,49.9996,3.737e-06,+0.002440,1.4676e-02
5,1,13,3,5,41,47,0.000156,6.2222e-01,50.0058,5.776e-05,-0.000024,9.8074e-01
5,1,14,3,5,43,53,0.000093,7.6824e-01,50.0032,3.231e-05,+0.000704,4.8125e-01
5,1,15,3,5,47,59,0.000054,8.6407e-01,50.0051,5.082e-05,-0.000488,6.2566e-01
5,1,16,3,5,53,61,0.000184,5.6027e-01,50.0112,1.124e-04,-0.000550,5.8231e-01
5,1,17,3,5,59,67,0.000247,4.3411e-01,49.9927,7.345e-05,-0.000865,3.8683e-01
5,1,18,3,5,61,71,0.000731,2.0876e-02,50.0007,6.750e-06,-0.000030,9.7637e-01
5,1,19,3,5,67,73,0.000278,3.7951e-01,49.9919,8.136e-05,-0.001450,1.4707e-01
5,2,3,5,7,7,11,0.000321,3.0937e-01,50.0002,2.238e-06,-0.000004,9.9650e-01
5,2,4,5,7,8,13,0.000267,3.9842e-01,50.0012,1.193e-05,+0.000056,9.5519e-01
5,2,5,5,7,11,17,0.000233,4.6218e-01,49.9922,7.778e-05,+0.000316,7.5191e-01
5,2,6,5,7,13,19,0.000073,8.1766e-01,50.0006,6.063e-06,-0.002121,3.3943e-02
5,2,7,5,7,17,23,0.000142,6.5428e-01,49.9951,4.880e-05,+0.000198,8.4284e-01
5,2,8,5,7,19,29,0.000300,3.4254e-01,49.9946,5.386e-05,-0.000017,9.8626e-01
5,2,9,5,7,23,31,0.000114,7.1760e-01,50.0023,2.350e-05,-0.000791,4.2866e-01
5,2,10,5,7,29,37,0.000087,7.8207e-01,49.9966,3.381e-05,-0.000422,6.7273e-01
5,2,11,5,7,31,41,0.000267,3.9788e-01,50.0032,3.156e-05,-0.000773,4.3978e-01
5,2,12,5,7,37,43,0.000366,2.4659e-01,50.0068,6.818e-05,-0.000282,7.7767e-01
5,2,13,5,7,41,47,0.000336,2.8762e-01,49.9973,2.680e-05,+0.000625,5.3170e-01
5,2,14,5,7,43,53,0.000421,1.8268e-01,50.0042,4.170e-05,-0.001393,1.6376e-01
5,2,15,5,7,47,59,0.000480,1.2867e-01,49.9998,1.563e-06,+0.000282,7.7819e-01
5,2,16,5,7,53,61,0.000302,3.4014e-01,49.9925,7.520e-05,+0.001161,2.4550e-01
5,2,17,5,7,59,67,0.000283,3.7092e-01,50.0076,7.636e-05,-0.001193,2.3291e-01
5,2,18,5,7,61,71,0.000248,4.3316e-01,50.0145,1.451e-04,+0.000510,6.0976e-01
5,2,19,5,7,67,73,0.000373,2.3767e-01,50.0073,7.265e-05,-0.000970,3.3229e-01
5,3,4,7,11,8,13,0.000182,5.6411e-01,49.9934,6.606e-05,+0.001161,2.4554e-01
5,3,5,7,11,11,17,0.000061,8.4731e-01,49.9939,6.134e-05,+0.001062,2.8826e-01
5,3,6,7,11,13,19,0.000044,8.8980e-01,50.0045,4.512e-05,+0.000915,3.6045e-01
5,3,7,7,11,17,23,0.000504,1.1113e-01,49.9977,2.326e-05,+0.001363,1.7277e-01
5,3,8,7,11,19,29,0.000599,5.7991e-02,50.0089,8.950e-05,+0.000460,6.4551e-01
5,3,9,7,11,23,31,0.000116,7.1418e-01,49.9985,1.454e-05,+0.002138,3.2557e-02
5,3,10,7,11,29,37,0.000379,2.3078e-01,49.9997,2.875e-06,+0.001832,6.6965e-02
5,3,11,7,11,31,41,0.000266,3.9944e-01,50.0037,3.683e-05,+0.000312,7.5509e-01
5,3,12,7,11,37,43,0.000171,5.8875e-01,49.9972,2.826e-05,+0.000288,7.7303e-01
5,3,13,7,11,41,47,0.000020,9.4952e-01,49.9973,2.656e-05,-0.000433,6.6489e-01
5,3,14,7,11,43,53,0.000593,6.0731e-02,50.0028,2.751e-05,-0.000391,6.9565e-01
5,3,15,7,11,47,59,0.000320,3.1231e-01,50.0094,9.372e-05,+0.000752,4.5220e-01
5,3,16,7,11,53,61,0.000082,7.9534e-01,49.9889,1.110e-04,-0.001145,2.5232e-01
5,3,17,7,11,59,67,0.000582,6.5723e-02,49.9989,1.120e-05,-0.001269,2.0451e-01
5,3,18,7,11,61,71,0.000436,1.6779e-01,49.9957,4.310e-05,+0.000727,4.6736e-01
5,3,19,7,11,67,73,0.000130,6.8110e-01,49.9970,3.034e-05,-0.000815,4.1524e-01
5,4,5,8,13,11,17,0.000013,9.6731e-01,49.9982,1.802e-05,-0.001195,2.3195e-01
5,4,6,8,13,13,19,0.000228,4.7117e-01,50.0080,7.971e-05,+0.001179,2.3849e-01
5,4,7,8,13,17,23,0.000471,1.3621e-01,49.9959,4.080e-05,-0.000680,4.9646e-01
5,4,8,8,13,19,29,0.000297,3.4805e-01,50.0052,5.239e-05,+0.000885,3.7624e-01
5,4,9,8,13,23,31,0.000829,8.7862e-03,50.0151,1.513e-04,+0.001790,7.3375e-02
5,4,10,8,13,29,37,0.000270,3.9373e-01,49.9907,9.281e-05,+0.000611,5.4121e-01
5,4,11,8,13,31,41,0.000669,3.4295e-02,50.0054,5.406e-05,+0.000260,7.9513e-01
5,4,12,8,13,37,43,0.000039,9.0162e-01,50.0018,1.805e-05,-0.000407,6.8383e-01
5,4,13,8,13,41,47,0.000033,9.1778e-01,49.9891,1.090e-04,+0.000194,8.4583e-01
5,4,14,8,13,43,53,0.000086,7.8636e-01,50.0065,6.472e-05,-0.000618,5.3680e-01
5,4,15,8,13,47,59,0.000121,7.0237e-01,50.0045,4.519e-05,-0.000226,8.2087e-01
5,4,16,8,13,53,61,0.000074,8.1428e-01,50.0006,6.050e-06,+0.000001,9.9941e-01
5,4,17,8,13,59,67,0.000094,7.6561e-01,50.0057,5.709e-05,+0.001023,3.0619e-01
5,4,18,8,13,61,71,0.000196,5.3483e-01,49.9916,8.406e-05,-0.000978,3.2802e-01
5,4,19,8,13,67,73,0.000377,2.3276e-01,49.9895,1.049e-04,+0.000361,7.1843e-01
5,5,6,11,17,13,19,0.000323,3.0775e-01,50.0014,1.364e-05,-0.000213,8.3149e-01
5,5,7,11,17,17,23,0.000271,3.9164e-01,50.0102,1.025e-04,+0.000604,5.4594e-01
5,5,8,11,17,19,29,0.000728,2.1396e-02,49.9960,4.039e-05,-0.000362,7.1715e-01
5,5,9,11,17,23,31,0.000104,7.4239e-01,50.0015,1.505e-05,+0.001681,9.2714e-02
5,5,10,11,17,29,37,0.000031,9.2113e-01,49.9935,6.534e-05,-0.000405,6.8569e-01
5,5,11,11,17,31,41,0.000011,9.7308e-01,50.0016,1.634e-05,+0.000529,5.9652e-01
5,5,12,11,17,37,43,0.000721,2.2694e-02,49.9907,9.260e-05,-0.000513,6.0822e-01
5,5,13,11,17,41,47,0.000343,2.7876e-01,50.0070,7.010e-05,-0.000191,8.4889e-01
5,5,14,11,17,43,53,0.000017,9.5720e-01,50.0030,2.992e-05,-0.001275,2.0245e-01
5,5,15,11,17,47,59,0.000319,3.1238e-01,50.0083,8.344e-05,-0.001436,1.5106e-01
5,5,16,11,17,53,61,0.000189,5.5016e-01,49.9946,5.447e-05,-0.000064,9.4885e-01
5,5,17,11,17,59,67,0.000145,6.4764e-01,49.9987,1.301e-05,-0.000028,9.7803e-01
5,5,18,11,17,61,71,0.000089,7.7846e-01,50.0009,9.238e-06,-0.000339,7.3430e-01
5,5,19,11,17,67,73,0.000071,8.2270e-01,49.9981,1.935e-05,+0.000033,9.7341e-01
5,6,7,13,19,17,23,0.000344,2.7607e-01,49.9958,4.181e-05,+0.000050,9.6010e-01
5,6,8,13,19,19,29,0.000433,1.7140e-01,49.9962,3.755e-05,+0.000775,4.3822e-01
5,6,9,13,19,23,31,0.000204,5.1957e-01,49.9947,5.284e-05,-0.000518,6.0414e-01
5,6,10,13,19,29,37,0.000455,1.5007e-01,50.0042,4.242e-05,+0.000454,6.4989e-01
5,6,11,13,19,31,41,0.000821,9.4639e-03,50.0007,6.825e-06,+0.000011,9.9153e-01
5,6,12,13,19,37,43,0.000686,3.0142e-02,49.9897,1.027e-04,+0.000050,9.6038e-01
5,6,13,13,19,41,47,0.000431,1.7330e-01,49.9985,1.531e-05,+0.001822,6.8505e-02
5,6,14,13,19,43,53,0.000121,7.0181e-01,49.9959,4.091e-05,+0.000404,6.8618e-01
5,6,15,13,19,47,59,0.000383,2.2613e-01,49.9959,4.142e-05,-0.000750,4.5315e-01
5,6,16,13,19,53,61,0.000827,8.9125e-03,49.9993,7.187e-06,-0.001232,2.1791e-01
5,6,17,13,19,59,67,0.000128,6.8504e-01,49.9937,6.312e-05,+0.001214,2.2479e-01
5,6,18,13,19,61,71,0.001138,3.1800e-04,49.9919,8.097e-05,+0.000520,6.0315e-01
5,6,19,13,19,67,73,0.000512,1.0531e-01,49.9917,8.274e-05,-0.001149,2.5044e-01
5,7,8,17,23,19,29,0.000074,8.1562e-01,50.0030,3.021e-05,+0.000584,5.5898e-01
5,7,9,17,23,23,31,0.000699,2.7005e-02,49.9907,9.328e-05,+0.000794,4.2696e-01
5,7,10,17,23,29,37,0.000223,4.8048e-01,50.0058,5.776e-05,-0.000122,9.0280e-01
5,7,11,17,23,31,41,0.000456,1.4922e-01,50.0053,5.291e-05,+0.000867,3.8617e-01
5,7,12,17,23,37,43,0.000118,7.0881e-01,49.9980,1.953e-05,+0.000201,8.4077e-01
5,7,13,17,23,41,47,0.000478,1.3042e-01,49.9994,5.700e-06,+0.000403,6.8723e-01
5,7,14,17,23,43,53,0.000184,5.6012e-01,50.0001,1.375e-06,+0.000431,6.6615e-01
5,7,15,17,23,47,59,0.000019,9.5316e-01,49.9984,1.606e-05,+0.000027,9.7873e-01
5,7,16,17,23,53,61,0.000433,1.7100e-01,50.0028,2.830e-05,+0.000196,8.4495e-01
5,7,17,17,23,59,67,0.000099,7.5400e-01,49.9958,4.206e-05,+0.000062,9.5073e-01
5,7,18,17,23,61,71,0.000542,8.6753e-02,49.9923,7.686e-05,+0.001010,3.1243e-01
5,7,19,17,23,67,73,0.000175,5.8023e-01,49.9924,7.595e-05,+0.000564,5.7279e-01
5,8,9,19,29,23,31,0.000330,2.9642e-01,49.9959,4.074e-05,-0.000981,3.2645e-01
5,8,10,19,29,29,37,0.000121,7.0149e-01,50.0040,3.985e-05,-0.000242,8.0889e-01
5,8,11,19,29,31,41,0.000017,9.5803e-01,49.9988,1.198e-05,-0.000049,9.6092e-01
5,8,12,19,29,37,43,0.000510,1.0668e-01,50.0104,1.038e-04,-0.000806,4.2010e-01
5,8,13,19,29,41,47,0.000091,7.7447e-01,49.9933,6.719e-05,+0.000114,9.0959e-01
5,8,14,19,29,43,53,0.000338,2.8574e-01,50.0029,2.874e-05,+0.001115,2.6470e-01
5,8,15,19,29,47,59,0.000367,2.4561e-01,50.0022,2.207e-05,-0.000858,3.9071e-01
5,8,16,19,29,53,61,0.000358,2.5771e-01,50.0061,6.084e-05,+0.001231,2.1835e-01
5,8,17,19,29,59,67,0.000163,6.0605e-01,49.9960,4.045e-05,-0.000421,6.7372e-01
5,8,18,19,29,61,71,0.000158,6.1782e-01,50.0049,4.880e-05,+0.000828,4.0759e-01
5,8,19,19,29,67,73,0.000233,4.6081e-01,49.9998,2.213e-06,-0.000256,7.9791e-01
5,9,10,23,31,29,37,0.000644,4.1671e-02,49.9983,1.746e-05,-0.000486,6.2675e-01
5,9,11,23,31,31,41,0.000249,4.3175e-01,49.9959,4.071e-05,-0.001860,6.2937e-02
5,9,12,23,31,37,43,0.000238,4.5247e-01,49.9988,1.195e-05,+0.000551,5.8132e-01
5,9,13,23,31,41,47,0.000013,9.6640e-01,50.0043,4.280e-05,-0.000162,8.7118e-01
5,9,14,23,31,43,53,0.000051,8.7199e-01,49.9971,2.877e-05,-0.000438,6.6160e-01
5,9,15,23,31,47,59,0.000603,5.6712e-02,49.9885,1.146e-04,-0.000265,7.9114e-01
5,9,16,23,31,53,61,0.000135,6.6974e-01,50.0024,2.353e-05,-0.000180,8.5712e-01
5,9,17,23,31,59,67,0.000082,7.9630e-01,49.9979,2.136e-05,+0.001876,6.0652e-02
5,9,18,23,31,61,71,0.000245,4.3844e-01,49.9985,1.496e-05,-0.000769,4.4199e-01
5,9,19,23,31,67,73,0.000379,2.3019e-01,49.9945,5.452e-05,+0.000760,4.4737e-01
5,10,11,29,37,31,41,0.000145,6.4755e-01,49.9915,8.515e-05,+0.000247,8.0457e-01
5,10,12,29,37,37,43,0.000211,5.0455e-01,49.9909,9.059e-05,+0.000594,5.5239e-01
5,10,13,29,37,41,47,0.000452,1.5302e-01,49.9893,1.069e-04,+0.000467,6.4077e-01
5,10,14,29,37,43,53,0.000115,7.1528e-01,50.0022,2.184e-05,+0.001049,2.9413e-01
5,10,15,29,37,47,59,0.000361,2.5327e-01,49.9962,3.802e-05,+0.000168,8.6650e-01
5,10,16,29,37,53,61,0.000297,3.4770e-01,49.9976,2.424e-05,+0.000642,5.2089e-01
5,10,17,29,37,59,67,0.000369,2.4365e-01,50.0012,1.222e-05,+0.000728,4.6676e-01
5,10,18,29,37,61,71,0.000122,7.0031e-01,50.0073,7.342e-05,-0.000391,6.9565e-01
5,10,19,29,37,67,73,0.000388,2.2034e-01,50.0029,2.854e-05,-0.002354,1.8588e-02
5,11,12,31,41,37,43,0.000920,3.6227e-03,50.0027,2.699e-05,+0.000231,8.1740e-01
5,11,13,31,41,41,47,0.000111,7.2583e-01,49.9993,7.237e-06,-0.000628,5.2984e-01
5,11,14,31,41,43,53,0.000305,3.3482e-01,50.0008,8.163e-06,+0.000172,8.6366e-01
5,11,15,31,41,47,59,0.000093,7.6864e-01,49.9997,3.300e-06,+0.000762,4.4613e-01
5,11,16,31,41,53,61,0.000148,6.3894e-01,50.0004,4.062e-06,+0.001193,2.3285e-01
5,11,17,31,41,59,67,0.000474,1.3388e-01,50.0008,7.700e-06,-0.000113,9.0978e-01
5,11,18,31,41,61,71,0.000334,2.9017e-01,49.9903,9.730e-05,+0.001847,6.4803e-02
5,11,19,31,41,67,73,0.000077,8.0872e-01,49.9995,5.437e-06,-0.001913,5.5690e-02
5,12,13,37,43,41,47,0.000052,8.6859e-01,49.9998,2.375e-06,+0.001320,1.8686e-01
5,12,14,37,43,43,53,0.000102,7.4667e-01,49.9968,3.222e-05,-0.001301,1.9331e-01
5,12,15,37,43,47,59,0.000675,3.2913e-02,50.0017,1.736e-05,-0.001968,4.9052e-02
5,12,16,37,43,53,61,0.000009,9.7796e-01,49.9981,1.942e-05,-0.000669,5.0325e-01
5,12,17,37,43,59,67,0.000014,9.6415e-01,49.9983,1.731e-05,+0.000752,4.5194e-01
5,12,18,37,43,61,71,0.000095,7.6420e-01,50.0040,3.994e-05,+0.001577,1.1479e-01
5,12,19,37,43,67,73,0.000044,8.9047e-01,49.9991,9.075e-06,+0.000149,8.8165e-01
5,13,14,41,47,43,53,0.000594,6.0315e-02,50.0042,4.187e-05,-0.000012,9.9025e-01
5,13,15,41,47,47,59,0.000359,2.5623e-01,49.9960,4.049e-05,-0.001979,4.7841e-02
5,13,16,41,47,53,61,0.000149,6.3863e-01,49.9947,5.257e-05,-0.000249,8.0305e-01
5,13,17,41,47,59,67,0.000249,4.3090e-01,49.9932,6.841e-05,+0.000567,5.7052e-01
5,13,18,41,47,61,71,0.000492,1.1986e-01,49.9997,3.437e-06,+0.000508,6.1130e-01
5,13,19,41,47,67,73,0.000061,8.4795e-01,49.9966,3.380e-05,+0.000432,6.6584e-01
5,14,15,43,53,47,59,0.000270,3.9314e-01,49.9891,1.086e-04,+0.000051,9.5923e-01
5,14,16,43,53,53,61,0.000099,7.5495e-01,49.9950,4.995e-05,+0.000727,4.6721e-01
5,14,17,43,53,59,67,0.000083,7.9206e-01,49.9984,1.641e-05,+0.002199,2.7867e-02
5,14,18,43,53,61,71,0.000435,1.6906e-01,50.0042,4.169e-05,+0.001018,3.0881e-01
5,14,19,43,53,67,73,0.000452,1.5270e-01,50.0022,2.178e-05,-0.000005,9.9614e-01
5,15,16,47,59,53,61,0.000009,9.7677e-01,50.0002,1.563e-06,-0.000168,8.6689e-01
5,15,17,47,59,59,67,0.000335,2.8985e-01,50.0051,5.115e-05,+0.000030,9.7577e-01
5,15,18,47,59,61,71,0.000055,8.6286e-01,50.0033,3.268e-05,+0.000523,6.0118e-01
5,15,19,47,59,67,73,0.000397,2.0923e-01,49.9913,8.654e-05,-0.000488,6.2586e-01
5,16,17,53,61,59,67,0.000179,5.7213e-01,50.0010,1.039e-05,+0.000046,9.6355e-01
5,16,18,53,61,61,71,0.000161,6.1058e-01,50.0005,5.462e-06,-0.000959,3.3739e-01
5,16,19,53,61,67,73,0.000082,7.9450e-01,49.9917,8.330e-05,+0.000766,4.4339e-01
5,17,18,59,67,61,71,0.000366,2.4763e-01,50.0070,7.042e-05,+0.000628,5.3019e-01
5,17,19,59,67,67,73,0.000072,8.2070e-01,49.9986,1.381e-05,+0.000343,7.3179e-01
5,18,19,61,71,67,73,0.000317,3.1628e-01,49.9995,5.313e-06,+0.000519,6.0368e-01
6,0,1,2,3,3,5,0.000449,1.5602e-01,49.9913,8.664e-05,+0.000724,4.6911e-01
6,0,2,2,3,5,7,0.000103,7.4378e-01,49.9959,4.090e-05,-0.001279,2.0090e-01
6,0,3,2,3,7,11,0.000163,6.0548e-01,49.9978,2.154e-05,-0.000528,5.9780e-01
6,0,4,2,3,8,13,0.000171,5.8832e-01,49.9917,8.333e-05,-0.000051,9.5940e-01
6,0,5,2,3,11,17,0.000068,8.2996e-01,49.9942,5.795e-05,-0.000293,7.6937e-01
6,0,6,2,3,13,19,0.000363,2.5131e-01,49.9912,8.791e-05,-0.000327,7.4368e-01
6,0,7,2,3,17,23,0.000179,5.7118e-01,50.0066,6.634e-05,+0.000885,3.7602e-01
6,0,8,2,3,19,29,0.000449,1.5536e-01,49.9873,1.269e-04,-0.000008,9.9401e-01
6,0,9,2,3,23,31,0.000079,8.0240e-01,49.9970,2.972e-05,-0.000091,9.2728e-01
6,0,10,2,3,29,37,0.000188,5.5122e-01,49.9923,7.714e-05,+0.000647,5.1742e-01
6,0,11,2,3,31,41,0.000468,1.3890e-01,50.0027,2.652e-05,-0.000046,9.6329e-01
6,0,12,2,3,37,43,0.000115,7.1616e-01,49.9947,5.301e-05,-0.000807,4.1987e-01
6,0,13,2,3,41,47,0.000330,2.9675e-01,50.0037,3.732e-05,+0.000725,4.6864e-01
6,0,14,2,3,43,53,0.000172,5.8714e-01,50.0055,5.485e-05,+0.001135,2.5643e-01
6,0,15,2,3,47,59,0.000075,8.1247e-01,49.9947,5.274e-05,-0.002196,2.8067e-02
6,0,16,2,3,53,61,0.000178,5.7433e-01,49.9888,1.115e-04,+0.000263,7.9289e-01
6,0,17,2,3,59,67,0.000161,6.1150e-01,50.0034,3.375e-05,-0.000078,9.3753e-01
6,0,18,2,3,61,71,0.000291,3.5708e-01,49.9993,7.000e-06,-0.000135,8.9238e-01
6,0,19,2,3,67,73,0.000344,2.7736e-01,50.0023,2.294e-05,-0.000909,3.6325e-01
6,1,2,3,5,5,7,0.000400,2.0638e-01,50.0036,3.574e-05,+0.002316,2.0576e-02
6,1,3,3,5,7,11,0.000392,2.1494e-01,49.9968,3.165e-05,-0.000346,7.2953e-01
6,1,4,3,5,8,13,0.000295,3.5143e-01,49.9992,8.087e-06,-0.001098,2.7229e-01
6,1,5,3,5,11,17,0.000183,5.6293e-01,50.0023,2.284e-05,+0.001119,2.6315e-01
6,1,6,3,5,13,19,0.000044,8.9000e-01,50.0035,3.450e-05,+0.002446,1.4460e-02
6,1,7,3,5,17,23,0.000550,8.2038e-02,49.9989,1.145e-05,-0.001959,5.0137e-02
6,1,8,3,5,19,29,0.000060,8.4833e-01,49.9975,2.499e-05,+0.000179,8.5829e-01
6,1,9,3,5,23,31,0.000257,4.1576e-01,50.0033,3.266e-05,+0.000250,8.0275e-01
6,1,10,3,5,29,37,0.000018,9.5485e-01,50.0011,1.140e-05,+0.000278,7.8116e-01
6,1,11,3,5,31,41,0.000397,2.0947e-01,50.0132,1.319e-04,-0.000737,4.6111e-01
6,1,12,3,5,37,43,0.000106,7.3836e-01,50.0049,4.920e-05,-0.001041,2.9767e-01
6,1,13,3,5,41,47,0.000300,3.4217e-01,50.0068,6.841e-05,+0.001026,3.0475e-01
6,1,14,3,5,43,53,0.000196,5.3527e-01,50.0006,5.837e-06,-0.000051,9.5968e-01
6,1,15,3,5,47,59,0.000188,5.5276e-01,50.0022,2.218e-05,+0.001495,1.3480e-01
6,1,16,3,5,53,61,0.000017,9.5833e-01,49.9995,5.262e-06,+0.000599,5.4926e-01
6,1,17,3,5,59,67,0.000646,4.0991e-02,49.9955,4.491e-05,+0.000433,6.6534e-01
6,1,18,3,5,61,71,0.000036,9.0824e-01,50.0076,7.644e-05,+0.000264,7.9162e-01
6,1,19,3,5,67,73,0.000077,8.0813e-01,49.9944,5.555e-05,+0.001076,2.8187e-01
6,2,3,5,7,7,11,0.000110,7.2847e-01,50.0026,2.619e-05,-0.000809,4.1868e-01
6,2,4,5,7,8,13,0.000530,9.3834e-02,49.9985,1.523e-05,+0.001535,1.2486e-01
6,2,5,5,7,11,17,0.000377,2.3350e-01,49.9970,3.030e-05,+0.000065,9.4835e-01
6,2,6,5,7,13,19,0.000070,8.2512e-01,49.9973,2.679e-05,-0.000781,4.3485e-01
6,2,7,5,7,17,23,0.000526,9.6413e-02,49.9880,1.200e-04,-0.000177,8.5921e-01
6,2,8,5,7,19,29,0.000020,9.4917e-01,49.9920,7.982e-05,-0.000848,3.9669e-01
6,2,9,5,7,23,31,0.000235,4.5655e-01,50.0012,1.210e-05,-0.000774,4.3904e-01
6,2,10,5,7,29,37,0.000342,2.8007e-01,49.9976,2.411e-05,-0.001770,7.6688e-02
6,2,11,5,7,31,41,0.000065,8.3735e-01,49.9911,8.860e-05,-0.000522,6.0180e-01
6,2,12,5,7,37,43,0.000280,3.7522e-01,50.0033,3.251e-05,+0.000345,7.3036e-01
6,2,13,5,7,41,47,0.000159,6.1441e-01,49.9946,5.435e-05,-0.000375,7.0787e-01
6,2,14,5,7,43,53,0.000198,5.3024e-01,50.0009,8.950e-06,+0.000016,9.8754e-01
6,2,15,5,7,47,59,0.000149,6.3643e-01,49.9978,2.221e-05,+0.001333,1.8238e-01
6,2,16,5,7,53,61,0.000034,9.1460e-01,49.9995,5.475e-06,+0.000718,4.7282e-01
6,2,17,5,7,59,67,0.000082,7.9637e-01,50.0056,5.620e-05,-0.000551,5.8178e-01
6,2,18,5,7,61,71,0.000420,1.8391e-01,49.9884,1.161e-04,-0.000690,4.8999e-01
6,2,19,5,7,67,73,0.000115,7.1714e-01,50.0019,1.856e-05,+0.001888,5.8997e-02
6,3,4,7,11,8,13,0.000593,6.0853e-02,50.0028,2.764e-05,-0.000874,3.8194e-01
6,3,5,7,11,11,17,0.000174,5.8133e-01,49.9966,3.424e-05,+0.000343,7.3196e-01
6,3,6,7,11,13,19,0.000202,5.2374e-01,50.0045,4.508e-05,-0.000136,8.9189e-01
6,3,7,7,11,17,23,0.000019,9.5163e-01,49.9958,4.240e-05,-0.000231,8.1759e-01
6,3,8,7,11,19,29,0.000109,7.2980e-01,50.0014,1.361e-05,+0.001341,1.7998e-01
6,3,9,7,11,23,31,0.000106,7.3742e-01,49.9941,5.939e-05,-0.000705,4.8110e-01
6,3,10,7,11,29,37,0.000152,6.3185e-01,50.0048,4.753e-05,-0.000647,5.1780e-01
6,3,11,7,11,31,41,0.000111,7.2629e-01,50.0005,4.987e-06,-0.001287,1.9822e-01
6,3,12,7,11,37,43,0.000360,2.5535e-01,49.9982,1.805e-05,-0.000256,7.9790e-01
6,3,13,7,11,41,47,0.000309,3.2791e-01,49.9993,6.987e-06,-0.000735,4.6258e-01
6,3,14,7,11,43,53,0.000733,2.0440e-02,50.0217,2.172e-04,+0.000144,8.8578e-01
6,3,15,7,11,47,59,0.000078,8.0471e-01,50.0109,1.089e-04,+0.000429,6.6780e-01
6,3,16,7,11,53,61,0.000153,6.2752e-01,49.9985,1.549e-05,+0.000158,8.7427e-01
6,3,17,7,11,59,67,0.000669,3.4341e-02,49.9970,3.039e-05,-0.000508,6.1126e-01
6,3,18,7,11,61,71,0.000045,8.8689e-01,49.9971,2.934e-05,+0.000498,6.1865e-01
6,3,19,7,11,67,73,0.000206,5.1454e-01,49.9933,6.705e-05,-0.001483,1.3816e-01
6,4,5,8,13,11,17,0.000106,7.3803e-01,49.9960,4.030e-05,+0.000381,7.0287e-01
6,4,6,8,13,13,19,0.000031,9.2115e-01,50.0010,9.612e-06,-0.002292,2.1928e-02
6,4,7,8,13,17,23,0.000244,4.3994e-01,50.0022,2.181e-05,+0.000743,4.5748e-01
6,4,8,8,13,19,29,0.000018,9.5573e-01,50.0041,4.052e-05,-0.000293,7.6928e-01
6,4,9,8,13,23,31,0.000314,3.1999e-01,49.9952,4.825e-05,-0.000362,7.1719e-01
6,4,10,8,13,29,37,0.000187,5.5412e-01,50.0009,8.537e-06,+0.000754,4.5106e-01
6,4,11,8,13,31,41,0.000195,5.3789e-01,49.9944,5.580e-05,-0.000042,9.6614e-01
6,4,12,8,13,37,43,0.000306,3.3296e-01,50.0084,8.416e-05,+0.001031,3.0233e-01
6,4,13,8,13,41,47,0.000472,1.3516e-01,49.9937,6.290e-05,+0.001933,5.3268e-02
6,4,14,8,13,43,53,0.000172,5.8564e-01,50.0028,2.815e-05,+0.001269,2.0451e-01
6,4,15,8,13,47,59,0.000206,5.1510e-01,49.9983,1.691e-05,-0.001229,2.1919e-01
6,4,16,8,13,53,61,0.000073,8.1783e-01,50.0064,6.395e-05,-0.001530,1.2601e-01
6,4,17,8,13,59,67,0.000189,5.5002e-01,49.9990,9.775e-06,+0.000674,5.0025e-01
6,4,18,8,13,61,71,0.000109,7.3085e-01,50.0004,3.625e-06,+0.000571,5.6796e-01
6,4,19,8,13,67,73,0.000113,7.2110e-01,49.9985,1.469e-05,+0.001040,2.9833e-01
6,5,6,11,17,13,19,0.000103,7.4445e-01,50.0067,6.654e-05,-0.002798,5.1405e-03
6,5,7,11,17,17,23,0.000129,6.8408e-01,49.9939,6.104e-05,-0.000575,5.6510e-01
6,5,8,11,17,19,29,0.000274,3.8562e-01,49.9986,1.447e-05,-0.000446,6.5529e-01
6,5,9,11,17,23,31,0.000513,1.0473e-01,49.9988,1.222e-05,-0.000298,7.6548e-01
6,5,10,11,17,29,37,0.000173,5.8340e-01,49.9992,8.387e-06,+0.000146,8.8389e-01
6,5,11,11,17,31,41,0.000339,2.8370e-01,50.0111,1.112e-04,+0.000226,8.2144e-01
6,5,12,11,17,37,43,0.000248,4.3202e-01,50.0011,1.149e-05,-0.000744,4.5661e-01
6,5,13,11,17,41,47,0.000325,3.0428e-01,50.0022,2.185e-05,-0.000102,9.1897e-01
6,5,14,11,17,43,53,0.000190,5.4900e-01,50.0020,2.008e-05,+0.000157,8.7531e-01
6,5,15,11,17,47,59,0.000384,2.2424e-01,50.0027,2.736e-05,+0.000678,4.9808e-01
6,5,16,11,17,53,61,0.000132,6.7639e-01,49.9959,4.058e-05,-0.000104,9.1745e-01
6,5,17,11,17,59,67,0.000317,3.1592e-01,49.9992,8.250e-06,+0.000624,5.3293e-01
6,5,18,11,17,61,71,0.000176,5.7864e-01,49.9847,1.530e-04,+0.002108,3.5073e-02
6,5,19,11,17,67,73,0.000506,1.0989e-01,50.0016,1.609e-05,+0.000006,9.9544e-01
6,6,7,13,19,17,23,0.000070,8.2393e-01,49.9990,9.725e-06,-0.000059,9.5287e-01
6,6,8,13,19,19,29,0.000136,6.6678e-01,50.0051,5.091e-05,-0.001194,2.3250e-01
6,6,9,13,19,23,31,0.000679,3.1892e-02,49.9996,4.112e-06,+0.000149,8.8143e-01
6,6,10,13,19,29,37,0.000155,6.2445e-01,49.9971,2.918e-05,-0.000296,7.6758e-01
6,6,11,13,19,31,41,0.000073,8.1668e-01,49.9991,8.862e-06,-0.000343,7.3192e-01
6,6,12,13,19,37,43,0.000127,6.8912e-01,50.0005,5.375e-06,-0.000851,3.9504e-01
6,6,13,13,19,41,47,0.000772,1.4654e-02,49.9982,1.799e-05,-0.000318,7.5044e-01
6,6,14,13,19,43,53,0.000381,2.2883e-01,49.9990,1.046e-05,+0.001429,1.5315e-01
6,6,15,13,19,47,59,0.000018,9.5400e-01,49.9996,3.950e-06,+0.000348,7.2818e-01
6,6,16,13,19,53,61,0.000410,1.9521e-01,50.0132,1.320e-04,-0.001259,2.0807e-01
6,6,17,13,19,59,67,0.000305,3.3468e-01,50.0027,2.659e-05,-0.001201,2.2956e-01
6,6,18,13,19,61,71,0.000230,4.6729e-01,50.0054,5.356e-05,+0.001026,3.0471e-01
6,6,19,13,19,67,73,0.000053,8.6676e-01,49.9946,5.430e-05,+0.000523,6.0098e-01
6,7,8,17,23,19,29,0.000180,5.6878e-01,50.0057,5.711e-05,+0.000974,3.2998e-01
6,7,9,17,23,23,31,0.000042,8.9529e-01,50.0030,3.019e-05,+0.000770,4.4140e-01
6,7,10,17,23,29,37,0.000310,3.2645e-01,49.9914,8.578e-05,+0.000741,4.5897e-01
6,7,11,17,23,31,41,0.000227,4.7366e-01,49.9932,6.846e-05,-0.000533,5.9423e-01
6,7,12,17,23,37,43,0.000066,8.3577e-01,50.0025,2.530e-05,-0.001551,1.2102e-01
6,7,13,17,23,41,47,0.000020,9.4981e-01,50.0029,2.889e-05,-0.001087,2.7725e-01
6,7,14,17,23,43,53,0.000337,2.8701e-01,50.0088,8.836e-05,-0.000599,5.4946e-01
6,7,15,17,23,47,59,0.000061,8.4748e-01,50.0044,4.390e-05,-0.000579,5.6265e-01
6,7,16,17,23,53,61,0.000090,7.7482e-01,49.9879,1.211e-04,-0.000303,7.6159e-01
6,7,17,17,23,59,67,0.000053,8.6602e-01,49.9919,8.134e-05,+0.000020,9.8411e-01
6,7,18,17,23,61,71,0.000173,5.8541e-01,49.9963,3.699e-05,+0.000189,8.5029e-01
6,7,19,17,23,67,73,0.000391,2.1683e-01,49.9987,1.270e-05,+0.000890,3.7357e-01
6,8,9,19,29,23,31,0.000290,3.5865e-01,50.0066,6.625e-05,-0.001015,3.1014e-01
6,8,10,19,29,29,37,0.000334,2.9100e-01,50.0086,8.569e-05,+0.001145,2.5228e-01
6,8,11,19,29,31,41,0.000159,6.1609e-01,49.9998,2.050e-06,+0.000583,5.5957e-01
6,8,12,19,29,37,43,0.000413,1.9136e-01,50.0022,2.224e-05,-0.001904,5.6891e-02
6,8,13,19,29,41,47,0.000018,9.5443e-01,49.9996,3.750e-06,+0.002210,2.7099e-02
6,8,14,19,29,43,53,0.000540,8.7748e-02,49.9985,1.512e-05,-0.001043,2.9677e-01
6,8,15,19,29,47,59,0.000662,3.6327e-02,50.0074,7.441e-05,+0.000327,7.4368e-01
6,8,16,19,29,53,61,0.000091,7.7266e-01,50.0022,2.195e-05,-0.000766,4.4356e-01
6,8,17,19,29,59,67,0.000218,4.9048e-01,49.9897,1.029e-04,-0.001649,9.9236e-02
6,8,18,19,29,61,71,0.000611,5.3234e-02,50.0043,4.290e-05,-0.000170,8.6505e-01
6,8,19,19,29,67,73,0.000206,5.1455e-01,50.0066,6.629e-05,-0.000664,5.0688e-01
6,9,10,23,31,29,37,0.000235,4.5786e-01,49.9929,7.106e-05,+0.000834,4.0439e-01
6,9,11,23,31,31,41,0.000423,1.8098e-01,50.0106,1.056e-04,-0.001404,1.6036e-01
6,9,12,23,31,37,43,0.000002,9.9378e-01,50.0015,1.516e-05,-0.000089,9.2916e-01
6,9,13,23,31,41,47,0.000028,9.3062e-01,50.0059,5.933e-05,+0.000730,4.6527e-01
6,9,14,23,31,43,53,0.000086,7.8567e-01,50.0034,3.415e-05,+0.001373,1.6973e-01
6,9,15,23,31,47,59,0.000497,1.1594e-01,50.0000,3.625e-07,+0.000736,4.6195e-01
6,9,16,23,31,53,61,0.000057,8.5701e-01,50.0038,3.800e-05,+0.000506,6.1277e-01
6,9,17,23,31,59,67,0.000349,2.7033e-01,50.0016,1.635e-05,-0.001866,6.2109e-02
6,9,18,23,31,61,71,0.000336,2.8738e-01,49.9935,6.512e-05,+0.000604,5.4599e-01
6,9,19,23,31,67,73,0.000276,3.8228e-01,49.9974,2.594e-05,-0.000301,7.6358e-01
6,10,11,29,37,31,41,0.000273,3.8748e-01,50.0046,4.601e-05,+0.002296,2.1681e-02
6,10,12,29,37,37,43,0.000307,3.3095e-01,49.9974,2.592e-05,-0.001399,1.6179e-01
6,10,13,29,37,41,47,0.000399,2.0692e-01,50.0036,3.599e-05,+0.001212,2.2550e-01
6,10,14,29,37,43,53,0.000143,6.5172e-01,50.0112,1.123e-04,+0.000437,6.6185e-01
6,10,15,29,37,47,59,0.000134,6.7095e-01,50.0023,2.322e-05,+0.000439,6.6096e-01
6,10,16,29,37,53,61,0.000337,2.8617e-01,50.0044,4.389e-05,+0.000727,4.6720e-01
6,10,17,29,37,59,67,0.000069,8.2792e-01,50.0015,1.491e-05,-0.001031,3.0234e-01
6,10,18,29,37,61,71,0.000158,6.1649e-01,49.9928,7.199e-05,+0.000902,3.6682e-01
6,10,19,29,37,67,73,0.000116,7.1317e-01,50.0041,4.118e-05,-0.000639,5.2292e-01
6,11,12,31,41,37,43,0.000074,8.1385e-01,50.0066,6.566e-05,-0.000252,8.0123e-01
6,11,13,31,41,41,47,0.000507,1.0888e-01,50.0107,1.074e-04,-0.000346,7.2898e-01
6,11,14,31,41,43,53,0.000231,4.6498e-01,50.0032,3.170e-05,-0.000226,8.2110e-01
6,11,15,31,41,47,59,0.000365,2.4808e-01,50.0007,7.263e-06,-0.000171,8.6461e-01
6,11,16,31,41,53,61,0.000139,6.5962e-01,50.0028,2.848e-05,-0.000095,9.2447e-01
6,11,17,31,41,59,67,0.000206,5.1477e-01,50.0029,2.932e-05,+0.001506,1.3202e-01
6,11,18,31,41,61,71,0.000034,9.1454e-01,49.9936,6.410e-05,+0.000272,7.8578e-01
6,11,19,31,41,67,73,0.000581,6.6005e-02,50.0031,3.121e-05,+0.000468,6.3944e-01
6,12,13,37,43,41,47,0.000444,1.5991e-01,50.0036,3.551e-05,+0.000379,7.0451e-01
6,12,14,37,43,43,53,0.000277,3.8117e-01,49.9986,1.446e-05,+0.000148,8.8204e-01
6,12,15,37,43,47,59,0.000247,4.3535e-01,50.0022,2.220e-05,+0.000178,8.5909e-01
6,12,16,37,43,53,61,0.000251,4.2695e-01,50.0039,3.911e-05,-0.001026,3.0486e-01
6,12,17,37,43,59,67,0.000177,5.7626e-01,49.9979,2.131e-05,-0.000769,4.4167e-01
6,12,18,37,43,61,71,0.000179,5.7196e-01,50.0114,1.137e-04,+0.000480,6.3150e-01
6,12,19,37,43,67,73,0.000330,2.9598e-01,49.9982,1.760e-05,-0.000755,4.5026e-01
6,13,14,41,47,43,53,0.000447,1.5769e-01,49.9999,7.000e-07,-0.000379,7.0464e-01
6,13,15,41,47,47,59,0.000791,1.2332e-02,50.0120,1.203e-04,+0.001017,3.0904e-01
6,13,16,41,47,53,61,0.000473,1.3484e-01,49.9975,2.455e-05,-0.000095,9.2469e-01
6,13,17,41,47,59,67,0.000228,4.7186e-01,49.9939,6.095e-05,-0.000592,5.5377e-01
6,13,18,41,47,61,71,0.000438,1.6561e-01,49.9995,5.475e-06,+0.000644,5.1961e-01
6,13,19,41,47,67,73,0.000010,9.7386e-01,49.9961,3.889e-05,-0.000682,4.9530e-01
6,14,15,43,53,47,59,0.000684,3.0610e-02,50.0012,1.224e-05,-0.000621,5.3455e-01
6,14,16,43,53,53,61,0.000272,3.8975e-01,50.0038,3.842e-05,-0.000169,8.6605e-01
6,14,17,43,53,59,67,0.000039,9.0144e-01,49.9969,3.075e-05,+0.000565,5.7175e-01
6,14,18,43,53,61,71,0.000222,4.8178e-01,50.0113,1.132e-04,-0.000212,8.3232e-01
6,14,19,43,53,67,73,0.000413,1.9122e-01,49.9971,2.899e-05,+0.000408,6.8317e-01
6,15,16,47,59,53,61,0.000952,2.6054e-03,49.9985,1.509e-05,-0.001129,2.5875e-01
6,15,17,47,59,59,67,0.000443,1.6168e-01,49.9967,3.276e-05,+0.000029,9.7707e-01
6,15,18,47,59,61,71,0.000057,8.5814e-01,49.9973,2.706e-05,-0.001304,1.9229e-01
6,15,19,47,59,67,73,0.000320,3.1183e-01,50.0006,5.925e-06,-0.002318,2.0437e-02
6,16,17,53,61,59,67,0.000233,4.6173e-01,50.0076,7.643e-05,-0.001907,5.6479e-02
6,16,18,53,61,61,71,0.000005,9.8678e-01,50.0032,3.192e-05,-0.000688,4.9122e-01
6,16,19,53,61,67,73,0.000121,7.0306e-01,49.9942,5.789e-05,+0.000912,3.6165e-01
6,17,18,59,67,61,71,0.000110,7.2827e-01,50.0060,5.988e-05,-0.000065,9.4816e-01
6,17,19,59,67,67,73,0.000036,9.1061e-01,49.9958,4.151e-05,+0.000290,7.7191e-01
6,18,19,61,71,67,73,0.000398,2.0819e-01,50.0008,8.462e-06,+0.000448,6.5427e-01
7,0,1,2,3,3,5,0.000254,4.2102e-01,49.9992,7.875e-06,+0.000955,3.3954e-01
7,0,2,2,3,5,7,0.000208,5.1066e-01,50.0028,2.836e-05,+0.001102,2.7025e-01
7,0,3,2,3,7,11,0.000002,9.9574e-01,50.0001,1.000e-06,-0.000401,6.8818e-01
7,0,4,2,3,8,13,0.000077,8.0778e-01,50.0081,8.073e-05,+0.001583,1.1341e-01
7,0,5,2,3,11,17,0.000274,3.8599e-01,50.0052,5.160e-05,+0.000006,9.9518e-01
7,0,6,2,3,13,19,0.000589,6.2546e-02,49.9958,4.161e-05,+0.000669,5.0359e-01
7,0,7,2,3,17,23,0.000127,6.8777e-01,50.0028,2.832e-05,-0.000451,6.5180e-01
7,0,8,2,3,19,29,0.000185,5.5805e-01,50.0090,9.026e-05,-0.000881,3.7853e-01
7,0,9,2,3,23,31,0.000082,7.9575e-01,49.9964,3.574e-05,-0.000543,5.8688e-01
7,0,10,2,3,29,37,0.000174,5.8180e-01,50.0019,1.902e-05,+0.000149,8.8153e-01
7,0,11,2,3,31,41,0.000099,7.5537e-01,49.9874,1.260e-04,+0.000153,8.7838e-01
7,0,12,2,3,37,43,0.000277,3.8033e-01,50.0034,3.422e-05,-0.001067,2.8603e-01
7,0,13,2,3,41,47,0.000007,9.8171e-01,49.9953,4.730e-05,-0.000118,9.0570e-01
7,0,14,2,3,43,53,0.000205,5.1777e-01,49.9981,1.901e-05,-0.000508,6.1163e-01
7,0,15,2,3,47,59,0.000024,9.3880e-01,50.0062,6.161e-05,+0.000051,9.5915e-01
7,0,16,2,3,53,61,0.000308,3.3038e-01,49.9987,1.259e-05,+0.000637,5.2395e-01
7,0,17,2,3,59,67,0.000754,1.7108e-02,50.0042,4.187e-05,+0.000828,4.0752e-01
7,0,18,2,3,61,71,0.000336,2.8859e-01,49.9991,9.488e-06,-0.001726,8.4412e-02
7,0,19,2,3,67,73,0.000442,1.6264e-01,50.0059,5.921e-05,+0.002330,1.9827e-02
7,1,2,3,5,5,7,0.000107,7.3447e-01,50.0055,5.479e-05,+0.000219,8.2675e-01
7,1,3,3,5,7,11,0.000567,7.3136e-02,49.9975,2.507e-05,+0.000997,3.1853e-01
7,1,4,3,5,8,13,0.000267,3.9768e-01,50.0023,2.285e-05,-0.000176,8.6036e-01
7,1,5,3,5,11,17,0.000008,9.7899e-01,50.0032,3.200e-05,+0.000662,5.0798e-01
7,1,6,3,5,13,19,0.000217,4.9211e-01,49.9919,8.136e-05,-0.001326,1.8483e-01
7,1,7,3,5,17,23,0.000491,1.2087e-01,50.0072,7.170e-05,+0.000635,5.2520e-01
7,1,8,3,5,19,29,0.000165,6.0132e-01,50.0051,5.146e-05,-0.001404,1.6018e-01
7,1,9,3,5,23,31,0.000428,1.7635e-01,50.0006,6.188e-06,+0.000158,8.7470e-01
7,1,10,3,5,29,37,0.000381,2.2782e-01,50.0085,8.502e-05,+0.000475,6.3450e-01
7,1,11,3,5,31,41,0.000252,4.2551e-01,49.9982,1.769e-05,+0.001770,7.6757e-02
7,1,12,3,5,37,43,0.000249,4.3054e-01,50.0009,9.150e-06,-0.000180,8.5704e-01
7,1,13,3,5,41,47,0.000557,7.7996e-02,49.9933,6.685e-05,+0.002519,1.1759e-02
7,1,14,3,5,43,53,0.000257,4.1559e-01,49.9987,1.344e-05,+0.002199,2.7895e-02
7,1,15,3,5,47,59,0.000370,2.4256e-01,49.9887,1.133e-04,+0.000659,5.0971e-01
7,1,16,3,5,53,61,0.000052,8.7055e-01,50.0050,5.036e-05,-0.000014,9.8857e-01
7,1,17,3,5,59,67,0.000818,9.7241e-03,49.9944,5.573e-05,+0.000053,9.5739e-01
7,1,18,3,5,61,71,0.000139,6.5939e-01,50.0084,8.439e-05,-0.000923,3.5589e-01
7,1,19,3,5,67,73,0.000008,9.8102e-01,50.0082,8.206e-05,-0.000430,6.6700e-01
7,2,3,5,7,7,11,0.000364,2.5024e-01,49.9975,2.484e-05,+0.000102,9.1905e-01
7,2,4,5,7,8,13,0.000312,3.2458e-01,49.9982,1.771e-05,+0.000945,3.4476e-01
7,2,5,5,7,11,17,0.000460,1.4582e-01,49.9995,5.038e-06,-0.000371,7.1070e-01
7,2,6,5,7,13,19,0.000451,1.5353e-01,49.9905,9.543e-05,-0.001666,9.5639e-02
7,2,7,5,7,17,23,0.000024,9.4017e-01,50.0082,8.166e-05,-0.001736,8.2542e-02
7,2,8,5,7,19,29,0.000030,9.2525e-01,50.0061,6.092e-05,-0.000469,6.3892e-01
7,2,9,5,7,23,31,0.000165,6.0223e-01,50.0019,1.927e-05,+0.000768,4.4271e-01
7,2,10,5,7,29,37,0.000392,2.1496e-01,49.9955,4.549e-05,+0.001587,1.1255e-01
7,2,11,5,7,31,41,0.000051,8.7099e-01,50.0039,3.925e-05,+0.000407,6.8435e-01
7,2,12,5,7,37,43,0.000529,9.4455e-02,50.0131,1.307e-04,-0.001069,2.8521e-01
7,2,13,5,7,41,47,0.000228,4.7043e-01,49.9865,1.350e-04,+0.000279,7.8037e-01
7,2,14,5,7,43,53,0.000395,2.1163e-01,50.0003,3.500e-06,+0.000224,8.2258e-01
7,2,15,5,7,47,59,0.000069,8.2823e-01,50.0045,4.452e-05,-0.000796,4.2620e-01
7,2,16,5,7,53,61,0.000125,6.9186e-01,49.9979,2.108e-05,-0.000583,5.6008e-01
7,2,17,5,7,59,67,0.000246,4.3583e-01,50.0081,8.106e-05,-0.001683,9.2288e-02
7,2,18,5,7,61,71,0.000076,8.0970e-01,50.0012,1.248e-05,+0.000470,6.3826e-01
7,2,19,5,7,67,73,0.000112,7.2331e-01,49.9917,8.277e-05,+0.000839,4.0139e-01
7,3,4,7,11,8,13,0.000374,2.3654e-01,49.9996,3.825e-06,+0.001911,5.6015e-02
7,3,5,7,11,11,17,0.000307,3.3103e-01,49.9983,1.728e-05,-0.000512,6.0876e-01
7,3,6,7,11,13,19,0.000541,8.6829e-02,50.0021,2.116e-05,-0.000394,6.9390e-01
7,3,7,7,11,17,23,0.000362,2.5238e-01,50.0047,4.685e-05,-0.000951,3.4143e-01
7,3,8,7,11,19,29,0.000442,1.6175e-01,50.0101,1.011e-04,+0.000097,9.2242e-01
7,3,9,7,11,23,31,0.000023,9.4147e-01,50.0004,3.912e-06,+0.000769,4.4177e-01
7,3,10,7,11,29,37,0.000280,3.7539e-01,49.9961,3.935e-05,-0.000779,4.3611e-01
7,3,11,7,11,31,41,0.000114,7.1924e-01,50.0027,2.666e-05,+0.000103,9.1813e-01
7,3,12,7,11,37,43,0.000541,8.7331e-02,49.9909,9.135e-05,+0.000090,9.2841e-01
7,3,13,7,11,41,47,0.000180,5.6952e-01,50.0039,3.942e-05,-0.000299,7.6497e-01
7,3,14,7,11,43,53,0.000088,7.8132e-01,50.0031,3.111e-05,+0.000254,7.9933e-01
7,3,15,7,11,47,59,0.000138,6.6263e-01,50.0073,7.266e-05,-0.001571,1.1624e-01
7,3,16,7,11,53,61,0.000170,5.9032e-01,49.9964,3.636e-05,-0.000633,5.2665e-01
7,3,17,7,11,59,67,0.000513,1.0498e-01,49.9944,5.593e-05,+0.001380,1.6762e-01
7,3,18,7,11,61,71,0.000275,3.8402e-01,50.0088,8.826e-05,+0.000599,5.4887e-01
7,3,19,7,11,67,73,0.000432,1.7161e-01,50.0058,5.754e-05,+0.000303,7.6200e-01
7,4,5,8,13,11,17,0.000443,1.6135e-01,49.9943,5.740e-05,-0.000303,7.6191e-01
7,4,6,8,13,13,19,0.000071,8.2235e-01,50.0059,5.904e-05,-0.000605,5.4497e-01
7,4,7,8,13,17,23,0.000162,6.0781e-01,50.0063,6.325e-05,+0.000115,9.0845e-01
7,4,8,8,13,19,29,0.000343,2.7753e-01,50.0009,9.412e-06,+0.000787,4.3119e-01
7,4,9,8,13,23,31,0.000032,9.1960e-01,49.9980,1.979e-05,-0.000551,5.8159e-01
7,4,10,8,13,29,37,0.000332,2.9356e-01,50.0059,5.943e-05,-0.001385,1.6600e-01
7,4,11,8,13,31,41,0.000499,1.1422e-01,50.0071,7.126e-05,-0.001200,2.3004e-01
7,4,12,8,13,37,43,0.000104,7.4167e-01,49.9974,2.590e-05,-0.001010,3.1228e-01
7,4,13,8,13,41,47,0.000213,4.9997e-01,49.9977,2.320e-05,+0.000586,5.5792e-01
7,4,14,8,13,43,53,0.000343,2.7774e-01,49.9938,6.174e-05,-0.001199,2.3046e-01
7,4,15,8,13,47,59,0.000009,9.7790e-01,50.0008,7.512e-06,-0.000203,8.3881e-01
7,4,16,8,13,53,61,0.000372,2.3998e-01,49.9995,5.412e-06,+0.002535,1.1240e-02
7,4,17,8,13,59,67,0.000405,2.0005e-01,49.9971,2.860e-05,+0.000826,4.0886e-01
7,4,18,8,13,61,71,0.000454,1.5145e-01,49.9999,1.262e-06,-0.000071,9.4306e-01
7,4,19,8,13,67,73,0.000070,8.2442e-01,50.0073,7.321e-05,+0.000031,9.7543e-01
7,5,6,11,17,13,19,0.000011,9.7314e-01,49.9984,1.594e-05,-0.000424,6.7181e-01
7,5,7,11,17,17,23,0.000038,9.0439e-01,50.0025,2.460e-05,-0.001071,2.8425e-01
7,5,8,11,17,19,29,0.000347,2.7208e-01,49.9970,2.979e-05,+0.001094,2.7386e-01
7,5,9,11,17,23,31,0.000217,4.9322e-01,50.0039,3.941e-05,-0.000991,3.2173e-01
7,5,10,11,17,29,37,0.000122,6.9932e-01,50.0025,2.505e-05,-0.000753,4.5153e-01
7,5,11,11,17,31,41,0.000066,8.3437e-01,49.9961,3.859e-05,-0.000823,4.1052e-01
7,5,12,11,17,37,43,0.000005,9.8863e-01,50.0008,8.325e-06,-0.000019,9.8468e-01
7,5,13,11,17,41,47,0.000183,5.6210e-01,49.9977,2.300e-05,+0.000289,7.7282e-01
7,5,14,11,17,43,53,0.000246,4.3615e-01,49.9930,6.964e-05,+0.000301,7.6311e-01
7,5,15,11,17,47,59,0.000231,4.6550e-01,49.9917,8.329e-05,-0.000355,7.2245e-01
7,5,16,11,17,53,61,0.000020,9.4883e-01,49.9927,7.274e-05,+0.000184,8.5369e-01
7,5,17,11,17,59,67,0.000016,9.5913e-01,50.0018,1.847e-05,+0.000578,5.6305e-01
7,5,18,11,17,61,71,0.000658,3.7499e-02,50.0102,1.017e-04,-0.002058,3.9574e-02
7,5,19,11,17,67,73,0.000377,2.3301e-01,49.9973,2.734e-05,+0.000113,9.0981e-01
7,6,7,13,19,17,23,0.000039,9.0232e-01,50.0030,2.966e-05,+0.000881,3.7849e-01
7,6,8,13,19,19,29,0.000323,3.0673e-01,49.9861,1.385e-04,+0.001055,2.9159e-01
7,6,9,13,19,23,31,0.000052,8.6850e-01,49.9995,4.600e-06,-0.001350,1.7691e-01
7,6,10,13,19,29,37,0.000233,4.6197e-01,49.9904,9.591e-05,+0.000460,6.4574e-01
7,6,11,13,19,31,41,0.000471,1.3648e-01,50.0042,4.192e-05,+0.001109,2.6742e-01
7,6,12,13,19,37,43,0.000433,1.7053e-01,49.9990,9.763e-06,-0.000539,5.9014e-01
7,6,13,13,19,41,47,0.000153,6.2863e-01,49.9931,6.886e-05,-0.000160,8.7290e-01
7,6,14,13,19,43,53,0.000269,3.9464e-01,49.9995,4.700e-06,-0.001386,1.6567e-01
7,6,15,13,19,47,59,0.000103,7.4517e-01,50.0074,7.382e-05,+0.000143,8.8623e-01
7,6,16,13,19,53,61,0.000112,7.2387e-01,50.0012,1.215e-05,-0.001064,2.8733e-01
7,6,17,13,19,59,67,0.000563,7.5147e-02,50.0001,1.313e-06,+0.000375,7.0742e-01
7,6,18,13,19,61,71,0.000389,2.1839e-01,49.9990,1.045e-05,+0.000271,7.8671e-01
7,6,19,13,19,67,73,0.000605,5.5527e-02,49.9938,6.222e-05,+0.000343,7.3155e-01
7,7,8,17,23,19,29,0.000151,6.3252e-01,49.9980,2.041e-05,-0.001359,1.7399e-01
7,7,9,17,23,23,31,0.000043,8.9115e-01,49.9876,1.238e-04,-0.000328,7.4306e-01
7,7,10,17,23,29,37,0.000035,9.1125e-01,50.0000,3.250e-07,+0.001225,2.2039e-01
7,7,11,17,23,31,41,0.000092,7.7189e-01,49.9949,5.059e-05,-0.000251,8.0205e-01
7,7,12,17,23,37,43,0.000075,8.1146e-01,50.0070,6.993e-05,+0.001540,1.2361e-01
7,7,13,17,23,41,47,0.000011,9.7282e-01,50.0070,7.010e-05,+0.001346,1.7846e-01
7,7,14,17,23,43,53,0.000576,6.8461e-02,50.0078,7.801e-05,-0.001981,4.7543e-02
7,7,15,17,23,47,59,0.000093,7.6750e-01,49.9959,4.069e-05,-0.001499,1.3398e-01
7,7,16,17,23,53,61,0.000215,4.9699e-01,49.9904,9.636e-05,-0.000374,7.0844e-01
7,7,17,17,23,59,67,0.000080,7.9973e-01,50.0067,6.673e-05,+0.000302,7.6266e-01
7,7,18,17,23,61,71,0.000002,9.9376e-01,49.9962,3.751e-05,-0.000054,9.5718e-01
7,7,19,17,23,67,73,0.000426,1.7755e-01,50.0092,9.194e-05,-0.000817,4.1389e-01
7,8,9,19,29,23,31,0.000174,5.8260e-01,50.0034,3.427e-05,-0.001629,1.0327e-01
7,8,10,19,29,29,37,0.000119,7.0741e-01,50.0003,2.612e-06,+0.001204,2.2870e-01
7,8,11,19,29,31,41,0.000166,6.0042e-01,50.0055,5.488e-05,+0.000490,6.2423e-01
7,8,12,19,29,37,43,0.000053,8.6749e-01,50.0065,6.474e-05,-0.000945,3.4491e-01
7,8,13,19,29,41,47,0.000084,7.8998e-01,49.9894,1.058e-04,-0.001628,1.0346e-01
7,8,14,19,29,43,53,0.000328,3.0032e-01,49.9883,1.169e-04,+0.001675,9.3969e-02
7,8,15,19,29,47,59,0.000485,1.2495e-01,49.9974,2.618e-05,+0.000717,4.7337e-01
7,8,16,19,29,53,61,0.000032,9.2021e-01,49.9975,2.470e-05,-0.000569,5.6959e-01
7,8,17,19,29,59,67,0.000313,3.2181e-01,49.9961,3.934e-05,-0.000169,8.6602e-01
7,8,18,19,29,61,71,0.000113,7.2123e-01,49.9992,7.850e-06,+0.000095,9.2465e-01
7,8,19,19,29,67,73,0.000804,1.1020e-02,49.9949,5.088e-05,-0.000268,7.8856e-01
7,9,10,23,31,29,37,0.000299,3.4423e-01,50.0102,1.021e-04,+0.001896,5.8020e-02
7,9,11,23,31,31,41,0.000378,2.3170e-01,50.0052,5.175e-05,-0.000355,7.2274e-01
7,9,12,23,31,37,43,0.000229,4.6953e-01,49.9946,5.351e-05,+0.000552,5.8115e-01
7,9,13,23,31,41,47,0.000330,2.9610e-01,50.0007,7.387e-06,-0.001360,1.7370e-01
7,9,14,23,31,43,53,0.000032,9.1827e-01,50.0043,4.315e-05,-0.001288,1.9777e-01
7,9,15,23,31,47,59,0.000073,8.1801e-01,50.0116,1.164e-04,+0.000206,8.3699e-01
7,9,16,23,31,53,61,0.000009,9.7646e-01,50.0013,1.268e-05,-0.000217,8.2823e-01
7,9,17,23,31,59,67,0.000191,5.4488e-01,49.9898,1.019e-04,-0.000213,8.3170e-01
7,9,18,23,31,61,71,0.000096,7.6245e-01,50.0012,1.210e-05,+0.001286,1.9828e-01
7,9,19,23,31,67,73,0.000163,6.0608e-01,50.0049,4.908e-05,+0.000811,4.1738e-01
7,10,11,29,37,31,41,0.000403,2.0216e-01,49.9998,2.137e-06,+0.001920,5.4811e-02
7,10,12,29,37,37,43,0.000005,9.8639e-01,50.0014,1.425e-05,+0.000053,9.5734e-01
7,10,13,29,37,41,47,0.000069,8.2683e-01,49.9907,9.287e-05,+0.001130,2.5842e-01
7,10,14,29,37,43,53,0.000046,8.8329e-01,50.0041,4.116e-05,-0.000910,3.6276e-01
7,10,15,29,37,47,59,0.000143,6.5090e-01,49.9930,7.014e-05,-0.001632,1.0275e-01
7,10,16,29,37,53,61,0.000166,5.9927e-01,49.9904,9.626e-05,-0.000279,7.8041e-01
7,10,17,29,37,59,67,0.000245,4.3895e-01,49.9920,7.955e-05,+0.000497,6.1947e-01
7,10,18,29,37,61,71,0.000359,2.5679e-01,50.0066,6.574e-05,-0.000387,6.9841e-01
7,10,19,29,37,67,73,0.000159,6.1561e-01,49.9926,7.421e-05,+0.002016,4.3807e-02
7,11,12,31,41,37,43,0.000291,3.5720e-01,50.0000,2.375e-07,+0.000192,8.4786e-01
7,11,13,31,41,41,47,0.000784,1.3176e-02,50.0054,5.369e-05,-0.000685,4.9332e-01
7,11,14,31,41,43,53,0.000206,5.1425e-01,49.9912,8.765e-05,-0.001794,7.2867e-02
7,11,15,31,41,47,59,0.000017,9.5626e-01,49.9967,3.332e-05,-0.001081,2.7955e-01
7,11,16,31,41,53,61,0.000091,7.7323e-01,49.9998,1.800e-06,-0.002054,4.0006e-02
7,11,17,31,41,59,67,0.000137,6.6378e-01,49.9968,3.226e-05,+0.000376,7.0677e-01
7,11,18,31,41,61,71,0.000604,5.6033e-02,50.0027,2.680e-05,+0.000359,7.1988e-01
7,11,19,31,41,67,73,0.000631,4.6080e-02,49.9967,3.290e-05,+0.000474,6.3571e-01
7,12,13,37,43,41,47,0.000223,4.8053e-01,50.0001,1.350e-06,-0.001517,1.2931e-01
7,12,14,37,43,43,53,0.000009,9.7621e-01,49.9964,3.599e-05,-0.000042,9.6638e-01
7,12,15,37,43,47,59,0.000272,3.8908e-01,49.9961,3.871e-05,+0.001259,2.0817e-01
7,12,16,37,43,53,61,0.000222,4.8275e-01,49.9984,1.596e-05,-0.001055,2.9126e-01
7,12,17,37,43,59,67,0.000040,8.9948e-01,49.9957,4.318e-05,-0.000020,9.8378e-01
7,12,18,37,43,61,71,0.000275,3.8425e-01,50.0041,4.141e-05,+0.000410,6.8145e-01
7,12,19,37,43,67,73,0.000174,5.8151e-01,50.0040,3.981e-05,-0.000095,9.2437e-01
7,13,14,41,47,43,53,0.000080,7.9943e-01,49.9938,6.224e-05,-0.000265,7.9136e-01
7,13,15,41,47,47,59,0.000030,9.2479e-01,50.0069,6.889e-05,+0.001806,7.0842e-02
7,13,16,41,47,53,61,0.000054,8.6340e-01,49.9972,2.769e-05,+0.000269,7.8804e-01
7,13,17,41,47,59,67,0.000047,8.8261e-01,50.0040,3.995e-05,-0.000683,4.9433e-01
7,13,18,41,47,61,71,0.000184,5.6056e-01,50.0039,3.919e-05,+0.000072,9.4265e-01
7,13,19,41,47,67,73,0.000134,6.7219e-01,50.0064,6.396e-05,+0.001530,1.2608e-01
7,14,15,43,53,47,59,0.000154,6.2607e-01,50.0053,5.265e-05,+0.000375,7.0786e-01
7,14,16,43,53,53,61,0.000117,7.1106e-01,50.0074,7.355e-05,-0.000269,7.8804e-01
7,14,17,43,53,59,67,0.000229,4.6919e-01,50.0042,4.209e-05,+0.001237,2.1599e-01
7,14,18,43,53,61,71,0.000380,2.2931e-01,50.0012,1.242e-05,-0.000728,4.6664e-01
7,14,19,43,53,67,73,0.000017,9.5746e-01,50.0012,1.215e-05,+0.001304,1.9213e-01
7,15,16,47,59,53,61,0.000304,3.3714e-01,50.0073,7.295e-05,+0.002966,3.0207e-03
7,15,17,47,59,59,67,0.000273,3.8718e-01,50.0008,8.337e-06,-0.000125,9.0040e-01
7,15,18,47,59,61,71,0.000165,6.0123e-01,50.0060,5.977e-05,+0.000614,5.3893e-01
7,15,19,47,59,67,73,0.000095,7.6454e-01,49.9991,9.425e-06,+0.000651,5.1495e-01
7,16,17,53,61,59,67,0.000106,7.3815e-01,49.9902,9.806e-05,-0.001284,1.9905e-01
7,16,18,53,61,61,71,0.000079,8.0277e-01,49.9912,8.770e-05,+0.000764,4.4513e-01
7,16,19,53,61,67,73,0.000089,7.7910e-01,49.9982,1.850e-05,-0.000158,8.7459e-01
7,17,18,59,67,61,71,0.000244,4.4035e-01,49.9965,3.489e-05,-0.000384,7.0123e-01
7,17,19,59,67,67,73,0.000510,1.0687e-01,49.9962,3.784e-05,-0.000622,5.3406e-01
7,18,19,61,71,67,73,0.000256,4.1731e-01,50.0018,1.795e-05,+0.000252,8.0071e-01
8,0,1,2,3,3,5,0.000628,4.6946e-02,50.0039,3.865e-05,-0.000795,4.2661e-01
8,0,2,2,3,5,7,0.000080,8.0075e-01,49.9990,9.613e-06,+0.002539,1.1116e-02
8,0,3,2,3,7,11,0.000123,6.9810e-01,50.0018,1.850e-05,+0.000432,6.6602e-01
8,0,4,2,3,8,13,0.000753,1.7242e-02,49.9943,5.658e-05,+0.001104,2.6970e-01
8,0,5,2,3,11,17,0.000138,6.6327e-01,49.9979,2.100e-05,+0.001402,1.6100e-01
8,0,6,2,3,13,19,0.000572,7.0562e-02,50.0111,1.105e-04,-0.000181,8.5635e-01
8,0,7,2,3,17,23,0.000169,5.9340e-01,50.0026,2.581e-05,-0.000339,7.3478e-01
8,0,8,2,3,19,29,0.000279,3.7691e-01,49.9899,1.006e-04,+0.000478,6.3266e-01
8,0,9,2,3,23,31,0.000018,9.5394e-01,50.0174,1.744e-04,+0.000325,7.4536e-01
8,0,10,2,3,29,37,0.000208,5.1055e-01,49.9932,6.836e-05,-0.001320,1.8679e-01
8,0,11,2,3,31,41,0.000266,4.0018e-01,50.0029,2.916e-05,+0.001342,1.7955e-01
8,0,12,2,3,37,43,0.000302,3.3933e-01,50.0061,6.092e-05,-0.000835,4.0356e-01
8,0,13,2,3,41,47,0.000487,1.2377e-01,49.9988,1.218e-05,-0.000684,4.9421e-01
8,0,14,2,3,43,53,0.000253,4.2442e-01,49.9985,1.510e-05,-0.000289,7.7270e-01
8,0,15,2,3,47,59,0.000034,9.1480e-01,50.0000,2.750e-07,+0.001127,2.5970e-01
8,0,16,2,3,53,61,0.000235,4.5682e-01,50.0027,2.745e-05,-0.000452,6.5092e-01
8,0,17,2,3,59,67,0.000053,8.6799e-01,50.0020,1.985e-05,+0.000050,9.5987e-01
8,0,18,2,3,61,71,0.000167,5.9829e-01,49.9955,4.467e-05,+0.002883,3.9370e-03
8,0,19,2,3,67,73,0.000089,7.7903e-01,49.9957,4.253e-05,-0.000278,7.8135e-01
8,1,2,3,5,5,7,0.000383,2.2595e-01,49.9913,8.679e-05,-0.001156,2.4776e-01
8,1,3,3,5,7,11,0.000304,3.3641e-01,49.9988,1.157e-05,-0.000426,6.7027e-01
8,1,4,3,5,8,13,0.000024,9.3836e-01,50.0089,8.853e-05,+0.000417,6.7660e-01
8,1,5,3,5,11,17,0.000067,8.3272e-01,50.0080,7.967e-05,+0.000493,6.2219e-01
8,1,6,3,5,13,19,0.000201,5.2513e-01,50.0050,4.981e-05,-0.000231,8.1764e-01
8,1,7,3,5,17,23,0.000004,9.9017e-01,49.9900,1.002e-04,+0.000201,8.4104e-01
8,1,8,3,5,19,29,0.000061,8.4810e-01,49.9999,1.175e-06,+0.000353,7.2410e-01
8,1,9,3,5,23,31,0.000166,6.0067e-01,50.0158,1.579e-04,-0.000425,6.7101e-01
8,1,10,3,5,29,37,0.000286,3.6577e-01,50.0064,6.374e-05,+0.000480,6.3096e-01
8,1,11,3,5,31,41,0.001014,1.3468e-03,50.0017,1.654e-05,+0.000070,9.4457e-01
8,1,12,3,5,37,43,0.000809,1.0485e-02,49.9941,5.873e-05,+0.000107,9.1465e-01
8,1,13,3,5,41,47,0.000442,1.6185e-01,50.0045,4.505e-05,-0.000590,5.5516e-01
8,1,14,3,5,43,53,0.000221,4.8367e-01,49.9944,5.597e-05,-0.000903,3.6670e-01
8,1,15,3,5,47,59,0.000268,3.9613e-01,49.9976,2.355e-05,-0.001450,1.4697e-01
8,1,16,3,5,53,61,0.000553,8.0516e-02,50.0102,1.020e-04,+0.003101,1.9286e-03
8,1,17,3,5,59,67,0.000149,6.3834e-01,50.0118,1.182e-04,+0.000001,9.9943e-01
8,1,18,3,5,61,71,0.000223,4.8153e-01,50.0005,5.475e-06,+0.000255,7.9891e-01
8,1,19,3,5,67,73,0.000247,4.3514e-01,50.0085,8.502e-05,+0.001433,1.5181e-01
8,2,3,5,7,7,11,0.000293,3.5487e-01,50.0093,9.306e-05,+0.000397,6.9162e-01
8,2,4,5,7,8,13,0.000533,9.1833e-02,50.0011,1.076e-05,+0.001417,1.5649e-01
8,2,5,5,7,11,17,0.000267,3.9831e-01,49.9954,4.574e-05,+0.000612,5.4066e-01
8,2,6,5,7,13,19,0.000636,4.4336e-02,50.0022,2.248e-05,+0.001624,1.0446e-01
8,2,7,5,7,17,23,0.000086,7.8468e-01,50.0017,1.680e-05,+0.000531,5.9518e-01
8,2,8,5,7,19,29,0.000058,8.5326e-01,50.0090,8.966e-05,+0.000510,6.0985e-01
8,2,9,5,7,23,31,0.000059,8.5232e-01,50.0052,5.190e-05,+0.000024,9.8114e-01
8,2,10,5,7,29,37,0.000291,3.5778e-01,49.9947,5.302e-05,-0.000702,4.8288e-01
8,2,11,5,7,31,41,0.000689,2.9388e-02,50.0016,1.613e-05,+0.002141,3.2310e-02
8,2,12,5,7,37,43,0.000073,8.1798e-01,49.9940,6.034e-05,-0.000878,3.8006e-01
8,2,13,5,7,41,47,0.000310,3.2757e-01,50.0019,1.874e-05,+0.000413,6.7984e-01
8,2,14,5,7,43,53,0.000629,4.6785e-02,50.0052,5.216e-05,+0.000424,6.7128e-01
8,2,15,5,7,47,59,0.000640,4.2852e-02,49.9841,1.589e-04,-0.000545,5.8569e-01
8,2,16,5,7,53,61,0.000558,7.7414e-02,50.0011,1.064e-05,-0.000266,7.9048e-01
8,2,17,5,7,59,67,0.000169,5.9300e-01,50.0120,1.203e-04,-0.001047,2.9495e-01
8,2,18,5,7,61,71,0.000060,8.4861e-01,50.0026,2.646e-05,-0.001314,1.8899e-01
8,2,19,5,7,67,73,0.000373,2.3763e-01,50.0109,1.091e-04,-0.000259,7.9529e-01
8,3,4,7,11,8,13,0.000053,8.6619e-01,50.0040,3.975e-05,-0.001003,3.1584e-01
8,3,5,7,11,11,17,0.000102,7.4712e-01,50.0114,1.143e-04,-0.000457,6.4794e-01
8,3,6,7,11,13,19,0.000322,3.0927e-01,49.9931,6.899e-05,+0.001619,1.0542e-01
8,3,7,7,11,17,23,0.000254,4.2173e-01,49.9964,3.561e-05,-0.000387,6.9853e-01
8,3,8,7,11,19,29,0.000348,2.7173e-01,49.9952,4.823e-05,+0.002008,4.4666e-02
8,3,9,7,11,23,31,0.000278,3.7929e-01,49.9951,4.869e-05,+0.000892,3.7239e-01
8,3,10,7,11,29,37,0.000032,9.1929e-01,50.0027,2.701e-05,+0.000272,7.8562e-01
8,3,11,7,11,31,41,0.000204,5.1849e-01,49.9967,3.344e-05,+0.000030,9.7582e-01
8,3,12,7,11,37,43,0.000004,9.8950e-01,50.0042,4.205e-05,+0.001907,5.6565e-02
8,3,13,7,11,41,47,0.000269,3.9432e-01,49.9963,3.650e-05,+0.001969,4.8972e-02
8,3,14,7,11,43,53,0.000241,4.4621e-01,49.9938,6.153e-05,-0.000699,4.8464e-01
8,3,15,7,11,47,59,0.000068,8.2939e-01,50.0002,1.925e-06,-0.001304,1.9210e-01
8,3,16,7,11,53,61,0.000566,7.3724e-02,50.0061,6.087e-05,-0.000150,8.8106e-01
8,3,17,7,11,59,67,0.000202,5.2383e-01,49.9934,6.635e-05,+0.001357,1.7466e-01
8,3,18,7,11,61,71,0.000184,5.6036e-01,50.0037,3.715e-05,+0.001766,7.7343e-02
8,3,19,7,11,67,73,0.000070,8.2581e-01,50.0022,2.163e-05,-0.000379,7.0472e-01
8,4,5,8,13,11,17,0.000282,3.7236e-01,49.9916,8.428e-05,+0.000616,5.3816e-01
8,4,6,8,13,13,19,0.000877,5.5540e-03,50.0115,1.147e-04,-0.001022,3.0676e-01
8,4,7,8,13,17,23,0.000131,6.7769e-01,50.0081,8.114e-05,+0.001420,1.5573e-01
8,4,8,8,13,19,29,0.000585,6.4330e-02,49.9987,1.255e-05,-0.001359,1.7409e-01
8,4,9,8,13,23,31,0.000300,3.4340e-01,50.0008,7.688e-06,+0.001330,1.8341e-01
8,4,10,8,13,29,37,0.000246,4.3748e-01,49.9981,1.899e-05,+0.000930,3.5246e-01
8,4,11,8,13,31,41,0.000030,9.2491e-01,50.0031,3.106e-05,-0.000548,5.8400e-01
8,4,12,8,13,37,43,0.000361,2.5300e-01,49.9977,2.272e-05,+0.000340,7.3353e-01
8,4,13,8,13,41,47,0.000539,8.8441e-02,50.0061,6.133e-05,+0.000239,8.1126e-01
8,4,14,8,13,43,53,0.000150,6.3493e-01,49.9972,2.808e-05,-0.001110,2.6689e-01
8,4,15,8,13,47,59,0.000405,2.0011e-01,50.0031,3.120e-05,+0.000905,3.6557e-01
8,4,16,8,13,53,61,0.000041,8.9696e-01,50.0035,3.470e-05,-0.001006,3.1428e-01
8,4,17,8,13,59,67,0.000222,4.8353e-01,50.0039,3.920e-05,+0.000874,3.8227e-01
8,4,18,8,13,61,71,0.000393,2.1416e-01,49.9992,8.475e-06,-0.001116,2.6464e-01
8,4,19,8,13,67,73,0.000078,8.0528e-01,49.9969,3.107e-05,-0.000830,4.0632e-01
8,5,6,11,17,13,19,0.000171,5.8872e-01,50.0043,4.329e-05,+0.000306,7.5942e-01
8,5,7,11,17,17,23,0.000064,8.3896e-01,49.9875,1.251e-04,+0.000493,6.2186e-01
8,5,8,11,17,19,29,0.000133,6.7346e-01,50.0018,1.795e-05,+0.000694,4.8795e-01
8,5,9,11,17,23,31,0.000124,6.9459e-01,49.9985,1.474e-05,+0.001397,1.6233e-01
8,5,10,11,17,29,37,0.000236,4.5630e-01,50.0024,2.416e-05,-0.000793,4.2792e-01
8,5,11,11,17,31,41,0.000056,8.6013e-01,50.0085,8.519e-05,+0.001934,5.3174e-02
8,5,12,11,17,37,43,0.000182,5.6413e-01,49.9991,9.075e-06,-0.000904,3.6581e-01
8,5,13,11,17,41,47,0.000045,8.8773e-01,49.9964,3.585e-05,-0.000633,5.2663e-01
8,5,14,11,17,43,53,0.000109,7.2945e-01,49.9960,4.025e-05,-0.000761,4.4656e-01
8,5,15,11,17,47,59,0.000053,8.6611e-01,49.9916,8.432e-05,-0.001409,1.5874e-01
8,5,16,11,17,53,61,0.000377,2.3347e-01,49.9966,3.425e-05,-0.000087,9.3031e-01
8,5,17,11,17,59,67,0.000039,9.0290e-01,49.9966,3.410e-05,+0.000226,8.2086e-01
8,5,18,11,17,61,71,0.000617,5.0909e-02,49.9949,5.148e-05,-0.000289,7.7287e-01
8,5,19,11,17,67,73,0.000304,3.3675e-01,50.0062,6.248e-05,-0.000442,6.5872e-01
8,6,7,13,19,17,23,0.000031,9.2160e-01,49.9888,1.119e-04,-0.001116,2.6427e-01
8,6,8,13,19,19,29,0.000069,8.2694e-01,50.0060,5.969e-05,+0.000131,8.9575e-01
8,6,9,13,19,23,31,0.000051,8.7294e-01,49.9905,9.453e-05,-0.000100,9.2035e-01
8,6,10,13,19,29,37,0.000392,2.1520e-01,49.9888,1.118e-04,-0.001843,6.5282e-02
8,6,11,13,19,31,41,0.000569,7.1783e-02,50.0029,2.863e-05,-0.000354,7.2306e-01
8,6,12,13,19,37,43,0.000610,5.3594e-02,49.9944,5.626e-05,-0.000028,9.7781e-01
8,6,13,13,19,41,47,0.000162,6.0807e-01,49.9989,1.104e-05,+0.000303,7.6177e-01
8,6,14,13,19,43,53,0.000080,7.9916e-01,50.0069,6.871e-05,-0.002067,3.8741e-02
8,6,15,13,19,47,59,0.000204,5.1833e-01,50.0003,2.738e-06,-0.001749,8.0376e-02
8,6,16,13,19,53,61,0.000451,1.5419e-01,50.0027,2.664e-05,-0.000027,9.7852e-01
8,6,17,13,19,59,67,0.000215,4.9694e-01,49.9935,6.536e-05,-0.001333,1.8261e-01
8,6,18,13,19,61,71,0.000275,3.8372e-01,49.9960,4.011e-05,+0.001380,1.6774e-01
8,6,19,13,19,67,73,0.000626,4.7921e-02,50.0033,3.299e-05,+0.001203,2.2886e-01
8,7,8,17,23,19,29,0.000551,8.1194e-02,49.9939,6.061e-05,-0.000210,8.3380e-01
8,7,9,17,23,23,31,0.000128,6.8594e-01,50.0056,5.565e-05,-0.000551,5.8180e-01
8,7,10,17,23,29,37,0.000004,9.9085e-01,50.0009,8.675e-06,+0.000237,8.1295e-01
8,7,11,17,23,31,41,0.000201,5.2425e-01,49.9949,5.110e-05,-0.000628,5.2978e-01
8,7,12,17,23,37,43,0.000018,9.5471e-01,50.0047,4.689e-05,+0.000292,7.7003e-01
8,7,13,17,23,41,47,0.000340,2.8231e-01,50.0016,1.581e-05,+0.000408,6.8293e-01
8,7,14,17,23,43,53,0.000395,2.1155e-01,49.9951,4.854e-05,+0.000196,8.4449e-01
8,7,15,17,23,47,59,0.000164,6.0482e-01,49.9966,3.409e-05,+0.000743,4.5721e-01
8,7,16,17,23,53,61,0.000118,7.0959e-01,50.0015,1.501e-05,-0.001024,3.0586e-01
8,7,17,17,23,59,67,0.000412,1.9226e-01,49.9928,7.211e-05,-0.000770,4.4128e-01
8,7,18,17,23,61,71,0.000204,5.1876e-01,50.0074,7.359e-05,-0.000170,8.6512e-01
8,7,19,17,23,67,73,0.000433,1.7132e-01,49.9994,6.312e-06,-0.000778,4.3652e-01
8,8,9,19,29,23,31,0.000200,5.2687e-01,49.9973,2.731e-05,+0.000564,5.7292e-01
8,8,10,19,29,29,37,0.000029,9.2610e-01,49.9954,4.564e-05,+0.000956,3.3918e-01
8,8,11,19,29,31,41,0.000028,9.2970e-01,49.9923,7.711e-05,+0.000383,7.0185e-01
8,8,12,19,29,37,43,0.000103,7.4375e-01,50.0000,4.500e-07,+0.000308,7.5798e-01
8,8,13,19,29,41,47,0.000163,6.0541e-01,50.0051,5.142e-05,-0.000341,7.3284e-01
8,8,14,19,29,43,53,0.000350,2.6817e-01,49.9996,3.775e-06,+0.000007,9.9457e-01
8,8,15,19,29,47,59,0.000120,7.0495e-01,50.0157,1.571e-04,-0.001307,1.9135e-01
8,8,16,19,29,53,61,0.000052,8.6885e-01,50.0004,4.175e-06,+0.000372,7.0999e-01
8,8,17,19,29,59,67,0.000071,8.2167e-01,50.0047,4.702e-05,+0.001967,4.9186e-02
8,8,18,19,29,61,71,0.000315,3.1911e-01,50.0074,7.350e-05,-0.001854,6.3758e-02
8,8,19,19,29,67,73,0.000048,8.7937e-01,50.0008,7.525e-06,+0.001141,2.5398e-01
8,9,10,23,31,29,37,0.000209,5.0860e-01,50.0072,7.238e-05,-0.000327,7.4395e-01
8,9,11,23,31,31,41,0.000106,7.3849e-01,49.9989,1.130e-05,+0.001921,5.4714e-02
8,9,12,23,31,37,43,0.000128,6.8511e-01,49.9932,6.836e-05,+0.001262,2.0703e-01
8,9,13,23,31,41,47,0.000031,9.2291e-01,49.9972,2.789e-05,+0.000176,8.6047e-01
8,9,14,23,31,43,53,0.000260,4.1160e-01,50.0022,2.164e-05,+0.000856,3.9175e-01
8,9,15,23,31,47,59,0.000163,6.0612e-01,50.0039,3.896e-05,-0.000811,4.1724e-01
8,9,16,23,31,53,61,0.000187,5.5477e-01,49.9883,1.166e-04,-0.000316,7.5181e-01
8,9,17,23,31,59,67,0.000770,1.4861e-02,50.0008,7.712e-06,-0.000215,8.2958e-01
8,9,18,23,31,61,71,0.000322,3.0786e-01,49.9959,4.096e-05,+0.001696,8.9878e-02
8,9,19,23,31,67,73,0.000713,2.4169e-02,50.0004,4.387e-06,+0.001261,2.0730e-01
8,10,11,29,37,31,41,0.000023,9.4324e-01,49.9975,2.505e-05,-0.000108,9.1406e-01
8,10,12,29,37,37,43,0.000229,4.6953e-01,50.0030,2.966e-05,-0.001561,1.1841e-01
8,10,13,29,37,41,47,0.000161,6.0999e-01,49.9999,9.625e-07,-0.000321,7.4799e-01
8,10,14,29,37,43,53,0.000604,5.6272e-02,49.9948,5.189e-05,-0.000320,7.4874e-01
8,10,15,29,37,47,59,0.000158,6.1714e-01,49.9903,9.686e-05,+0.000482,6.3000e-01
8,10,16,29,37,53,61,0.000348,2.7099e-01,49.9960,3.951e-05,+0.000536,5.9181e-01
8,10,17,29,37,59,67,0.000313,3.2210e-01,50.0036,3.581e-05,+0.000162,8.7158e-01
8,10,18,29,37,61,71,0.000047,8.8264e-01,50.0018,1.806e-05,-0.001068,2.8540e-01
8,10,19,29,37,67,73,0.000355,2.6132e-01,50.0033,3.321e-05,-0.001065,2.8680e-01
8,11,12,31,41,37,43,0.000101,7.5003e-01,50.0020,1.971e-05,-0.000106,9.1577e-01
8,11,13,31,41,41,47,0.000456,1.4887e-01,50.0001,7.875e-07,+0.000366,7.1439e-01
8,11,14,31,41,43,53,0.000283,3.7104e-01,50.0005,4.613e-06,+0.000642,5.2057e-01
8,11,15,31,41,47,59,0.000143,6.5176e-01,49.9974,2.629e-05,-0.000348,7.2807e-01
8,11,16,31,41,53,61,0.000559,7.7108e-02,50.0048,4.786e-05,-0.001749,8.0370e-02
8,11,17,31,41,59,67,0.000087,7.8370e-01,49.9923,7.704e-05,-0.000819,4.1306e-01
8,11,18,31,41,61,71,0.000231,4.6421e-01,50.0012,1.214e-05,+0.000568,5.7030e-01
8,11,19,31,41,67,73,0.000071,8.2240e-01,50.0047,4.661e-05,+0.000685,4.9313e-01
8,12,13,37,43,41,47,0.000897,4.5755e-03,50.0029,2.923e-05,-0.000913,3.6145e-01
8,12,14,37,43,43,53,0.000073,8.1840e-01,50.0056,5.617e-05,+0.000892,3.7229e-01
8,12,15,37,43,47,59,0.000001,9.9782e-01,50.0024,2.408e-05,+0.000766,4.4382e-01
8,12,16,37,43,53,61,0.000050,8.7542e-01,49.9974,2.600e-05,-0.001478,1.3949e-01
8,12,17,37,43,59,67,0.000531,9.3056e-02,50.0003,2.600e-06,+0.000570,5.6852e-01
8,12,18,37,43,61,71,0.000256,4.1847e-01,49.9956,4.393e-05,-0.000743,4.5772e-01
8,12,19,37,43,67,73,0.000277,3.8167e-01,49.9917,8.272e-05,+0.000233,8.1611e-01
8,13,14,41,47,43,53,0.000245,4.3810e-01,50.0033,3.297e-05,+0.000238,8.1164e-01
8,13,15,41,47,47,59,0.000485,1.2481e-01,49.9958,4.200e-05,+0.000359,7.1933e-01
8,13,16,41,47,53,61,0.000014,9.6429e-01,50.0007,6.750e-06,-0.000285,7.7588e-01
8,13,17,41,47,59,67,0.000148,6.3940e-01,50.0019,1.870e-05,-0.000353,7.2382e-01
8,13,18,41,47,61,71,0.000142,6.5354e-01,49.9970,2.995e-05,-0.000028,9.7744e-01
8,13,19,41,47,67,73,0.000300,3.4309e-01,50.0010,1.040e-05,-0.000401,6.8859e-01
8,14,15,43,53,47,59,0.000075,8.1236e-01,50.0021,2.103e-05,+0.001635,1.0202e-01
8,14,16,43,53,53,61,0.000323,3.0640e-01,50.0091,9.085e-05,-0.000771,4.4078e-01
8,14,17,43,53,59,67,0.000303,3.3786e-01,49.9915,8.475e-05,+0.000154,8.7780e-01
8,14,18,43,53,61,71,0.000016,9.5990e-01,49.9981,1.862e-05,+0.000333,7.3892e-01
8,14,19,43,53,67,73,0.000336,2.8769e-01,50.0107,1.069e-04,-0.001021,3.0708e-01
8,15,16,47,59,53,61,0.000178,5.7294e-01,50.0009,9.325e-06,+0.000753,4.5124e-01
8,15,17,47,59,59,67,0.000353,2.6450e-01,49.9982,1.757e-05,-0.000375,7.0729e-01
8,15,18,47,59,61,71,0.000039,9.0108e-01,49.9962,3.752e-05,-0.000308,7.5799e-01
8,15,19,47,59,67,73,0.000780,1.3582e-02,49.9892,1.078e-04,+0.000482,6.2958e-01
8,16,17,53,61,59,67,0.000580,6.6720e-02,50.0050,4.973e-05,-0.000453,6.5025e-01
8,16,18,53,61,61,71,0.000414,1.9080e-01,49.9993,7.225e-06,-0.000239,8.1093e-01
8,16,19,53,61,67,73,0.000094,7.6675e-01,49.9993,6.950e-06,-0.000458,6.4674e-01
8,17,18,59,67,61,71,0.000080,8.0007e-01,49.9975,2.507e-05,-0.000357,7.2115e-01
8,17,19,59,67,67,73,0.000199,5.2826e-01,49.9889,1.114e-04,-0.000200,8.4169e-01
8,18,19,61,71,67,73,0.000295,3.5032e-01,49.9963,3.700e-05,-0.000176,8.6003e-01
9,0,1,2,3,3,5,0.000407,1.9773e-01,49.9994,6.450e-06,-0.000320,7.4930e-01
9,0,2,2,3,5,7,0.000419,1.8553e-01,50.0049,4.916e-05,+0.000900,3.6829e-01
9,0,3,2,3,7,11,0.000374,2.3664e-01,49.9954,4.551e-05,+0.001008,3.1333e-01
9,0,4,2,3,8,13,0.000020,9.4909e-01,50.0023,2.349e-05,+0.000201,8.4105e-01
9,0,5,2,3,11,17,0.000431,1.7319e-01,50.0059,5.919e-05,-0.000067,9.4663e-01
9,0,6,2,3,13,19,0.000272,3.8886e-01,50.0074,7.441e-05,+0.000851,3.9475e-01
9,0,7,2,3,17,23,0.000688,2.9518e-02,49.9972,2.802e-05,-0.000427,6.6963e-01
9,0,8,2,3,19,29,0.000152,6.3038e-01,49.9907,9.274e-05,+0.001010,3.1259e-01
9,0,9,2,3,23,31,0.000424,1.8016e-01,49.9928,7.224e-05,+0.000525,5.9988e-01
9,0,10,2,3,29,37,0.000255,4.2017e-01,50.0031,3.102e-05,-0.001370,1.7055e-01
9,0,11,2,3,31,41,0.000202,5.2284e-01,49.9971,2.861e-05,-0.000480,6.3094e-01
9,0,12,2,3,37,43,0.000128,6.8511e-01,49.9982,1.835e-05,+0.000309,7.5702e-01
9,0,13,2,3,41,47,0.000401,2.0458e-01,49.9981,1.862e-05,-0.000388,6.9802e-01
9,0,14,2,3,43,53,0.000127,6.8841e-01,50.0054,5.379e-05,-0.000516,6.0579e-01
9,0,15,2,3,47,59,0.000168,5.9540e-01,50.0032,3.201e-05,-0.001505,1.3220e-01
9,0,16,2,3,53,61,0.000130,6.8207e-01,49.9921,7.909e-05,+0.001054,2.9202e-01
9,0,17,2,3,59,67,0.000581,6.5952e-02,49.9946,5.360e-05,+0.000318,7.5070e-01
9,0,18,2,3,61,71,0.000258,4.1390e-01,50.0067,6.730e-05,+0.000020,9.8436e-01
9,0,19,2,3,67,73,0.000551,8.1567e-02,50.0096,9.561e-05,-0.001432,1.5207e-01
9,1,2,3,5,5,7,0.000394,2.1318e-01,50.0122,1.219e-04,-0.001336,1.8152e-01
9,1,3,3,5,7,11,0.000155,6.2357e-01,49.9940,6.009e-05,+0.001828,6.7567e-02
9,1,4,3,5,8,13,0.000320,3.1093e-01,50.0036,3.564e-05,-0.000287,7.7449e-01
9,1,5,3,5,11,17,0.000019,9.5286e-01,49.9978,2.236e-05,-0.000221,8.2488e-01
9,1,6,3,5,13,19,0.000102,7.4761e-01,50.0013,1.311e-05,-0.001536,1.2460e-01
9,1,7,3,5,17,23,0.000527,9.5736e-02,49.9937,6.323e-05,-0.000133,8.9448e-01
9,1,8,3,5,19,29,0.000002,9.9532e-01,49.9956,4.411e-05,-0.000435,6.6358e-01
9,1,9,3,5,23,31,0.000353,2.6415e-01,49.9982,1.801e-05,+0.000573,5.6647e-01
9,1,10,3,5,29,37,0.000394,2.1297e-01,50.0051,5.133e-05,-0.001987,4.6954e-02
9,1,11,3,5,31,41,0.000266,4.0089e-01,49.9937,6.341e-05,+0.000666,5.0554e-01
9,1,12,3,5,37,43,0.000054,8.6467e-01,49.9936,6.368e-05,+0.000273,7.8475e-01
9,1,13,3,5,41,47,0.000193,5.4254e-01,49.9964,3.638e-05,+0.000403,6.8723e-01
9,1,14,3,5,43,53,0.000186,5.5738e-01,50.0025,2.501e-05,+0.000197,8.4348e-01
9,1,15,3,5,47,59,0.000744,1.8627e-02,50.0013,1.259e-05,-0.000854,3.9324e-01
9,1,16,3,5,53,61,0.000128,6.8524e-01,50.0017,1.724e-05,+0.000554,5.7942e-01
9,1,17,3,5,59,67,0.000155,6.2496e-01,49.9897,1.031e-04,+0.000830,4.0662e-01
9,1,18,3,5,61,71,0.000363,2.5115e-01,50.0030,2.960e-05,+0.001608,1.0786e-01
9,1,19,3,5,67,73,0.000131,6.7954e-01,50.0029,2.876e-05,-0.000403,6.8699e-01
9,2,3,5,7,7,11,0.000177,5.7611e-01,50.0039,3.865e-05,-0.000504,6.1439e-01
9,2,4,5,7,8,13,0.000155,6.2418e-01,49.9925,7.490e-05,+0.000301,7.6370e-01
9,2,5,5,7,11,17,0.000239,4.4883e-01,49.9957,4.315e-05,-0.000966,3.3401e-01
9,2,6,5,7,13,19,0.000010,9.7404e-01,49.9948,5.248e-05,-0.001613,1.0682e-01
9,2,7,5,7,17,23,0.000185,5.5769e-01,50.0012,1.196e-05,+0.000629,5.2957e-01
9,2,8,5,7,19,29,0.000005,9.8777e-01,49.9955,4.505e-05,+0.001127,2.5973e-01
9,2,9,5,7,23,31,0.000303,3.3766e-01,49.9848,1.523e-04,+0.000143,8.8590e-01
9,2,10,5,7,29,37,0.000432,1.7203e-01,50.0004,3.862e-06,+0.000419,6.7490e-01
9,2,11,5,7,31,41,0.000350,2.6795e-01,49.9909,9.098e-05,-0.000204,8.3870e-01
9,2,12,5,7,37,43,0.000205,5.1600e-01,50.0080,8.029e-05,-0.001538,1.2400e-01
9,2,13,5,7,41,47,0.000134,6.7260e-01,50.0017,1.726e-05,-0.000444,6.5697e-01
9,2,14,5,7,43,53,0.000503,1.1182e-01,50.0047,4.717e-05,-0.001024,3.0577e-01
9,2,15,5,7,47,59,0.000677,3.2269e-02,49.9908,9.160e-05,-0.001238,2.1556e-01
9,2,16,5,7,53,61,0.000007,9.8332e-01,49.9970,3.005e-05,+0.001056,2.9077e-01
9,2,17,5,7,59,67,0.000183,5.6254e-01,50.0039,3.921e-05,-0.000508,6.1138e-01
9,2,18,5,7,61,71,0.000567,7.3073e-02,49.9935,6.529e-05,+0.000916,3.5946e-01
9,2,19,5,7,67,73,0.000255,4.2020e-01,50.0040,3.962e-05,-0.000802,4.2276e-01
9,3,4,7,11,8,13,0.000196,5.3506e-01,50.0004,4.050e-06,+0.000162,8.7169e-01
9,3,5,7,11,11,17,0.000105,7.3969e-01,50.0045,4.518e-05,+0.000247,8.0472e-01
9,3,6,7,11,13,19,0.000559,7.7362e-02,50.0033,3.312e-05,+0.001302,1.9289e-01
9,3,7,7,11,17,23,0.000566,7.3645e-02,50.0068,6.789e-05,-0.000492,6.2238e-01
9,3,8,7,11,19,29,0.000341,2.8023e-01,50.0045,4.488e-05,-0.000897,3.6991e-01
9,3,9,7,11,23,31,0.000224,4.7796e-01,50.0036,3.615e-05,+0.001271,2.0370e-01
9,3,10,7,11,29,37,0.000280,3.7582e-01,50.0021,2.136e-05,-0.000842,3.9981e-01
9,3,11,7,11,31,41,0.000319,3.1372e-01,49.9991,8.900e-06,+0.000102,9.1913e-01
9,3,12,7,11,37,43,0.000162,6.0900e-01,49.9997,2.562e-06,-0.001197,2.3136e-01
9,3,13,7,11,41,47,0.000134,6.7198e-01,50.0058,5.771e-05,+0.000278,7.8115e-01
9,3,14,7,11,43,53,0.000453,1.5216e-01,50.0056,5.555e-05,-0.000957,3.3874e-01
9,3,15,7,11,47,59,0.000121,7.0164e-01,49.9976,2.375e-05,-0.000177,8.5926e-01
9,3,16,7,11,53,61,0.000181,5.6744e-01,50.0076,7.650e-05,+0.000568,5.7033e-01
9,3,17,7,11,59,67,0.000182,5.6398e-01,50.0092,9.164e-05,+0.000596,5.5150e-01
9,3,18,7,11,61,71,0.000124,6.9407e-01,49.9988,1.246e-05,-0.002266,2.3445e-02
9,3,19,7,11,67,73,0.000221,4.8455e-01,49.9986,1.367e-05,+0.000059,9.5266e-01
9,4,5,8,13,11,17,0.000570,7.1637e-02,49.9948,5.185e-05,-0.000441,6.5945e-01
9,4,6,8,13,13,19,0.000106,7.3691e-01,50.0085,8.467e-05,-0.001911,5.6047e-02
9,4,7,8,13,17,23,0.000308,3.3037e-01,50.0032,3.166e-05,-0.000796,4.2613e-01
9,4,8,8,13,19,29,0.000224,4.7910e-01,50.0068,6.757e-05,-0.000634,5.2635e-01
9,4,9,8,13,23,31,0.000209,5.0899e-01,49.9940,6.030e-05,+0.000845,3.9831e-01
9,4,10,8,13,29,37,0.000230,4.6791e-01,50.0025,2.451e-05,+0.000383,7.0172e-01
9,4,11,8,13,31,41,0.000358,2.5724e-01,50.0004,3.600e-06,+0.000712,4.7667e-01
9,4,12,8,13,37,43,0.000542,8.6274e-02,49.9878,1.223e-04,+0.000600,5.4849e-01
9,4,13,8,13,41,47,0.000154,6.2617e-01,50.0133,1.325e-04,+0.001415,1.5720e-01
9,4,14,8,13,43,53,0.000085,7.8836e-01,50.0000,3.000e-07,-0.000775,4.3850e-01
9,4,15,8,13,47,59,0.000075,8.1215e-01,50.0022,2.183e-05,+0.000780,4.3518e-01
9,4,16,8,13,53,61,0.000236,4.5505e-01,49.9935,6.520e-05,-0.000007,9.9434e-01
9,4,17,8,13,59,67,0.000054,8.6456e-01,50.0024,2.429e-05,+0.001192,2.3345e-01
9,4,18,8,13,61,71,0.000307,3.3091e-01,49.9909,9.144e-05,+0.000914,3.6087e-01
9,4,19,8,13,67,73,0.000181,5.6793e-01,50.0003,2.675e-06,-0.001917,5.5180e-02
9,5,6,11,17,13,19,0.000029,9.2730e-01,50.0056,5.628e-05,+0.001071,2.8424e-01
9,5,7,11,17,17,23,0.000006,9.8434e-01,50.0039,3.871e-05,+0.001652,9.8470e-02
9,5,8,11,17,19,29,0.000614,5.2013e-02,49.9937,6.307e-05,+0.001206,2.2800e-01
9,5,9,11,17,23,31,0.000011,9.7199e-01,49.9999,1.325e-06,-0.002328,1.9907e-02
9,5,10,11,17,29,37,0.000217,4.9191e-01,49.9973,2.739e-05,-0.000867,3.8581e-01
9,5,11,11,17,31,41,0.000057,8.5808e-01,49.9988,1.167e-05,+0.001694,9.0269e-02
9,5,12,11,17,37,43,0.000452,1.5299e-01,49.9946,5.404e-05,+0.001039,2.9884e-01
9,5,13,11,17,41,47,0.000016,9.6078e-01,49.9946,5.379e-05,+0.000846,3.9751e-01
9,5,14,11,17,43,53,0.000209,5.0781e-01,50.0034,3.410e-05,+0.000102,9.1866e-01
9,5,15,11,17,47,59,0.000332,2.9420e-01,49.9981,1.860e-05,-0.001659,9.7169e-02
9,5,16,11,17,53,61,0.000204,5.1932e-01,49.9986,1.418e-05,-0.000816,4.1431e-01
9,5,17,11,17,59,67,0.000253,4.2348e-01,49.9941,5.886e-05,+0.000857,3.9127e-01
9,5,18,11,17,61,71,0.000229,4.6986e-01,50.0038,3.816e-05,-0.000475,6.3504e-01
9,5,19,11,17,67,73,0.000510,1.0702e-01,49.9912,8.767e-05,-0.000100,9.2022e-01
9,6,7,13,19,17,23,0.000007,9.8142e-01,50.0084,8.446e-05,+0.000126,8.9974e-01
9,6,8,13,19,19,29,0.000196,5.3602e-01,49.9958,4.155e-05,-0.000004,9.9720e-01
9,6,9,13,19,23,31,0.000556,7.8528e-02,49.9987,1.340e-05,+0.001072,2.8360e-01
9,6,10,13,19,29,37,0.000244,4.4042e-01,50.0001,8.375e-07,-0.000974,3.3019e-01
9,6,11,13,19,31,41,0.000140,6.5862e-01,50.0015,1.463e-05,+0.000078,9.3799e-01
9,6,12,13,19,37,43,0.000116,7.1294e-01,50.0024,2.389e-05,+0.001111,2.6650e-01
9,6,13,13,19,41,47,0.000191,5.4523e-01,49.9954,4.581e-05,-0.000776,4.3770e-01
9,6,14,13,19,43,53,0.000271,3.9060e-01,50.0104,1.043e-04,-0.000637,5.2433e-01
9,6,15,13,19,47,59,0.000232,4.6306e-01,50.0057,5.680e-05,+0.000221,8.2532e-01
9,6,16,13,19,53,61,0.000276,3.8247e-01,50.0012,1.185e-05,-0.000519,6.0406e-01
9,6,17,13,19,59,67,0.000451,1.5367e-01,50.0057,5.671e-05,-0.000373,7.0916e-01
9,6,18,13,19,61,71,0.000241,4.4618e-01,50.0035,3.499e-05,+0.000842,3.9989e-01
9,6,19,13,19,67,73,0.000007,9.8263e-01,50.0018,1.753e-05,-0.001525,1.2732e-01
9,7,8,17,23,19,29,0.000202,5.2313e-01,50.0066,6.649e-05,-0.000812,4.1690e-01
9,7,9,17,23,23,31,0.000337,2.8698e-01,49.9926,7.381e-05,-0.001060,2.8909e-01
9,7,10,17,23,29,37,0.000067,8.3175e-01,50.0050,4.995e-05,-0.001287,1.9820e-01
9,7,11,17,23,31,41,0.000570,7.1681e-02,49.9966,3.369e-05,+0.000977,3.2863e-01
9,7,12,17,23,37,43,0.000129,6.8267e-01,49.9904,9.605e-05,-0.000484,6.2808e-01
9,7,13,17,23,41,47,0.000204,5.1852e-01,49.9955,4.500e-05,+0.001212,2.2558e-01
9,7,14,17,23,43,53,0.000224,4.7800e-01,49.9992,8.138e-06,+0.001452,1.4646e-01
9,7,15,17,23,47,59,0.000701,2.6686e-02,50.0041,4.149e-05,-0.001108,2.6780e-01
9,7,16,17,23,53,61,0.000144,6.4852e-01,50.0014,1.424e-05,-0.000040,9.6826e-01
9,7,17,17,23,59,67,0.000145,6.4755e-01,50.0079,7.917e-05,+0.000033,9.7366e-01
9,7,18,17,23,61,71,0.000029,9.2686e-01,50.0022,2.235e-05,+0.001341,1.8008e-01
9,7,19,17,23,67,73,0.000299,3.4443e-01,49.9915,8.509e-05,+0.000724,4.6914e-01
9,8,9,19,29,23,31,0.000446,1.5873e-01,50.0003,3.075e-06,+0.000996,3.1933e-01
9,8,10,19,29,29,37,0.000447,1.5788e-01,50.0030,2.976e-05,-0.000205,8.3722e-01
9,8,11,19,29,31,41,0.000028,9.2927e-01,50.0035,3.493e-05,+0.001952,5.0981e-02
9,8,12,19,29,37,43,0.000219,4.8931e-01,50.0071,7.114e-05,+0.001942,5.2129e-02
9,8,13,19,29,41,47,0.000030,9.2407e-01,49.9956,4.409e-05,-0.001149,2.5048e-01
9,8,14,19,29,43,53,0.000110,7.2755e-01,50.0004,4.000e-06,-0.000553,5.8052e-01
9,8,15,19,29,47,59,0.000081,7.9868e-01,50.0012,1.198e-05,+0.003494,4.7575e-04
9,8,16,19,29,53,61,0.000523,9.8248e-02,49.9987,1.265e-05,+0.000433,6.6521e-01
9,8,17,19,29,59,67,0.000327,3.0093e-01,49.9936,6.354e-05,+0.001099,2.7172e-01
9,8,18,19,29,61,71,0.000144,6.4784e-01,50.0055,5.539e-05,+0.002057,3.9698e-02
9,8,19,19,29,67,73,0.000004,9.9047e-01,50.0006,6.050e-06,+0.000298,7.6608e-01
9,9,10,23,31,29,37,0.000029,9.2711e-01,49.9948,5.199e-05,+0.001307,1.9110e-01
9,9,11,23,31,31,41,0.000366,2.4768e-01,50.0060,5.955e-05,+0.000840,4.0088e-01
9,9,12,23,31,37,43,0.000220,4.8715e-01,49.9972,2.791e-05,-0.000582,5.6054e-01
9,9,13,23,31,41,47,0.000130,6.8116e-01,49.9948,5.241e-05,+0.000604,5.4610e-01
9,9,14,23,31,43,53,0.000568,7.2294e-02,49.9929,7.052e-05,+0.000954,3.3997e-01
9,9,15,23,31,47,59,0.000192,5.4415e-01,50.0050,4.955e-05,-0.001485,1.3750e-01
9,9,16,23,31,53,61,0.000004,9.9079e-01,50.0017,1.730e-05,-0.000563,5.7373e-01
9,9,17,23,31,59,67,0.000208,5.1044e-01,49.9928,7.181e-05,+0.002009,4.4488e-02
9,9,18,23,31,61,71,0.000221,4.8519e-01,50.0100,1.000e-04,+0.000907,3.6456e-01
9,9,19,23,31,67,73,0.000437,1.6661e-01,50.0009,8.825e-06,+0.000632,5.2730e-01
9,10,11,29,37,31,41,0.000406,1.9885e-01,50.0003,2.612e-06,-0.000371,7.1046e-01
9,10,12,29,37,37,43,0.000161,6.1074e-01,50.0020,2.002e-05,-0.000546,5.8517e-01
9,10,13,29,37,41,47,0.000033,9.1766e-01,50.0019,1.910e-05,-0.000142,8.8737e-01
9,10,14,29,37,43,53,0.000178,5.7276e-01,49.9984,1.594e-05,+0.001531,1.2567e-01
9,10,15,29,37,47,59,0.000030,9.2534e-01,50.0119,1.194e-04,+0.000824,4.1006e-01
9,10,16,29,37,53,61,0.000095,7.6467e-01,49.9948,5.206e-05,-0.000808,4.1914e-01
9,10,17,29,37,59,67,0.000326,3.0269e-01,50.0004,4.050e-06,-0.001825,6.7952e-02
9,10,18,29,37,61,71,0.000257,4.1639e-01,49.9983,1.672e-05,-0.001335,1.8199e-01
9,10,19,29,37,67,73,0.000171,5.8930e-01,49.9983,1.729e-05,-0.000648,5.1705e-01
9,11,12,31,41,37,43,0.000108,7.3294e-01,49.9959,4.111e-05,-0.000509,6.1073e-01
9,11,13,31,41,41,47,0.000210,5.0646e-01,49.9869,1.305e-04,+0.000671,5.0211e-01
9,11,14,31,41,43,53,0.000100,7.5137e-01,49.9989,1.125e-05,-0.000758,4.4850e-01
9,11,15,31,41,47,59,0.000274,3.8660e-01,50.0036,3.617e-05,+0.000070,9.4388e-01
9,11,16,31,41,53,61,0.000723,2.2165e-02,50.0069,6.895e-05,+0.002116,3.4372e-02
9,11,17,31,41,59,67,0.000145,6.4696e-01,50.0016,1.606e-05,+0.000267,7.8928e-01
9,11,18,31,41,61,71,0.000308,3.2954e-01,49.9899,1.009e-04,+0.001181,2.3758e-01
9,11,19,31,41,67,73,0.000155,6.2293e-01,49.9889,1.111e-04,+0.000280,7.7977e-01
9,12,13,37,43,41,47,0.000306,3.3314e-01,50.0092,9.163e-05,+0.000333,7.3918e-01
9,12,14,37,43,43,53,0.000207,5.1281e-01,49.9953,4.686e-05,-0.000096,9.2333e-01
9,12,15,37,43,47,59,0.000097,7.6013e-01,49.9978,2.191e-05,+0.001042,2.9732e-01
9,12,16,37,43,53,61,0.000155,6.2308e-01,50.0033,3.254e-05,-0.001767,7.7291e-02
9,12,17,37,43,59,67,0.000154,6.2521e-01,50.0024,2.420e-05,-0.001401,1.6107e-01
9,12,18,37,43,61,71,0.000658,3.7505e-02,50.0098,9.795e-05,-0.000291,7.7119e-01
9,12,19,37,43,67,73,0.000375,2.3610e-01,49.9977,2.306e-05,-0.000555,5.7885e-01
9,13,14,41,47,43,53,0.000218,4.8985e-01,49.9998,1.988e-06,-0.000117,9.0697e-01
9,13,15,41,47,47,59,0.000328,2.9892e-01,49.9971,2.949e-05,+0.000337,7.3644e-01
9,13,16,41,47,53,61,0.000231,4.6479e-01,49.9983,1.674e-05,+0.001141,2.5400e-01
9,13,17,41,47,59,67,0.000059,8.5248e-01,50.0029,2.947e-05,+0.000054,9.5687e-01
9,13,18,41,47,61,71,0.000088,7.8107e-01,49.9951,4.922e-05,-0.000253,8.0053e-01
9,13,19,41,47,67,73,0.000033,9.1622e-01,49.9984,1.636e-05,-0.001020,3.0758e-01
9,14,15,43,53,47,59,0.000587,6.3493e-02,49.9987,1.292e-05,+0.000409,6.8233e-01
9,14,16,43,53,53,61,0.000053,8.6707e-01,49.9869,1.308e-04,+0.000676,4.9925e-01
9,14,17,43,53,59,67,0.000354,2.6240e-01,50.0051,5.074e-05,+0.000344,7.3073e-01
9,14,18,43,53,61,71,0.000212,5.0350e-01,50.0032,3.234e-05,-0.000448,6.5422e-01
9,14,19,43,53,67,73,0.000167,5.9834e-01,50.0029,2.903e-05,+0.001578,1.1461e-01
9,15,16,47,59,53,61,0.000126,6.9031e-01,50.0017,1.712e-05,-0.000043,9.6564e-01
9,15,17,47,59,59,67,0.000395,2.1199e-01,49.9907,9.341e-05,+0.000927,3.5389e-01
9,15,18,47,59,61,71,0.000064,8.3860e-01,49.9928,7.239e-05,-0.000595,5.5171e-01
9,15,19,47,59,67,73,0.000107,7.3590e-01,49.9953,4.742e-05,+0.000306,7.5986e-01
9,16,17,53,61,59,67,0.000311,3.2569e-01,49.9944,5.574e-05,+0.001263,2.0661e-01
9,16,18,53,61,61,71,0.000224,4.7911e-01,50.0000,3.375e-07,-0.000785,4.3239e-01
9,16,19,53,61,67,73,0.000503,1.1166e-01,49.9987,1.282e-05,+0.000410,6.8207e-01
9,17,18,59,67,61,71,0.000070,8.2388e-01,49.9958,4.203e-05,-0.001021,3.0712e-01
9,17,19,59,67,67,73,0.000448,1.5620e-01,50.0014,1.374e-05,+0.001480,1.3896e-01
9,18,19,61,71,67,73,0.000118,7.0982e-01,50.0039,3.931e-05,-0.001796,7.2478e-02
10,0,1,2,3,3,5,0.000080,8.0114e-01,49.9978,2.248e-05,+0.000854,3.9283e-01
10,0,2,2,3,5,7,0.000029,9.2812e-01,49.9993,6.675e-06,+0.000269,7.8825e-01
10,0,3,2,3,7,11,0.000310,3.2749e-01,49.9935,6.485e-05,-0.001724,8.4660e-02
10,0,4,2,3,8,13,0.000166,5.9967e-01,49.9928,7.163e-05,-0.000819,4.1276e-01
10,0,5,2,3,11,17,0.000067,8.3169e-01,50.0017,1.729e-05,+0.000574,5.6567e-01
10,0,6,2,3,13,19,0.000024,9.4033e-01,49.9973,2.674e-05,-0.001877,6.0586e-02
10,0,7,2,3,17,23,0.000125,6.9259e-01,49.9942,5.785e-05,+0.000514,6.0712e-01
10,0,8,2,3,19,29,0.000365,2.4833e-01,50.0078,7.776e-05,-0.000687,4.9229e-01
10,0,9,2,3,23,31,0.000284,3.6920e-01,50.0045,4.528e-05,+0.000502,6.1537e-01
10,0,10,2,3,29,37,0.000379,2.3133e-01,50.0079,7.888e-05,-0.000229,8.1891e-01
10,0,11,2,3,31,41,0.000524,9.7467e-02,49.9955,4.536e-05,+0.000364,7.1615e-01
10,0,12,2,3,37,43,0.000340,2.8242e-01,50.0049,4.884e-05,+0.001184,2.3644e-01
10,0,13,2,3,41,47,0.000039,9.0110e-01,50.0023,2.310e-05,-0.000598,5.4962e-01
10,0,14,2,3,43,53,0.000007,9.8176e-01,49.9989,1.106e-05,+0.001116,2.6435e-01
10,0,15,2,3,47,59,0.000887,5.0094e-03,49.9965,3.471e-05,+0.000919,3.5833e-01
10,0,16,2,3,53,61,0.000009,9.7770e-01,49.9955,4.471e-05,-0.000757,4.4930e-01
10,0,17,2,3,59,67,0.000021,9.4718e-01,49.9979,2.071e-05,-0.000577,5.6425e-01
10,0,18,2,3,61,71,0.000187,5.5468e-01,50.0034,3.414e-05,+0.001821,6.8639e-02
10,0,19,2,3,67,73,0.000139,6.6017e-01,49.9923,7.662e-05,+0.000894,3.7155e-01
10,1,2,3,5,5,7,0.000234,4.6015e-01,50.0005,4.775e-06,-0.000888,3.7441e-01
10,1,3,3,5,7,11,0.000024,9.4014e-01,49.9980,2.003e-05,+0.000554,5.7945e-01
10,1,4,3,5,8,13,0.000337,2.8611e-01,50.0072,7.238e-05,+0.000483,6.2914e-01
10,1,5,3,5,11,17,0.000115,7.1654e-01,49.9967,3.259e-05,+0.000076,9.3951e-01
10,1,6,3,5,13,19,0.000235,4.5709e-01,49.9962,3.784e-05,-0.000878,3.7986e-01
10,1,7,3,5,17,23,0.000180,5.6978e-01,49.9882,1.184e-04,-0.000825,4.0940e-01
10,1,8,3,5,19,29,0.000486,1.2439e-01,49.9965,3.499e-05,+0.000473,6.3610e-01
10,1,9,3,5,23,31,0.000255,4.1973e-01,50.0025,2.523e-05,-0.001106,2.6886e-01
10,1,10,3,5,29,37,0.000385,2.2289e-01,49.9987,1.282e-05,+0.000399,6.8998e-01
10,1,11,3,5,31,41,0.000299,3.4403e-01,50.0055,5.509e-05,+0.000016,9.8723e-01
10,1,12,3,5,37,43,0.000196,5.3508e-01,50.0011,1.089e-05,-0.000148,8.8218e-01
10,1,13,3,5,41,47,0.000182,5.6480e-01,49.9927,7.275e-05,+0.001568,1.1680e-01
10,1,14,3,5,43,53,0.000130,6.7989e-01,50.0000,2.625e-07,+0.000436,6.6263e-01
10,1,15,3,5,47,59,0.000299,3.4459e-01,50.0043,4.304e-05,-0.001794,7.2881e-02
10,1,16,3,5,53,61,0.000192,5.4406e-01,49.9964,3.579e-05,-0.000199,8.4200e-01
10,1,17,3,5,59,67,0.000257,4.1557e-01,49.9959,4.074e-05,-0.001208,2.2701e-01
10,1,18,3,5,61,71,0.000110,7.2707e-01,49.9940,5.981e-05,-0.000212,8.3210e-01
10,1,19,3,5,67,73,0.000262,4.0754e-01,50.0114,1.139e-04,+0.000168,8.6627e-01
10,2,3,5,7,7,11,0.000144,6.4919e-01,49.9989,1.105e-05,+0.001042,2.9738e-01
10,2,4,5,7,8,13,0.000122,7.0043e-01,50.0088,8.847e-05,-0.001039,2.9903e-01
10,2,5,5,7,11,17,0.000084,7.9126e-01,50.0002,1.612e-06,+0.000526,5.9873e-01
10,2,6,5,7,13,19,0.000306,3.3297e-01,50.0058,5.801e-05,-0.001287,1.9805e-01
10,2,7,5,7,17,23,0.000572,7.0670e-02,49.9948,5.185e-05,-0.000489,6.2514e-01
10,2,8,5,7,19,29,0.000140,6.5718e-01,50.0050,5.014e-05,-0.000904,3.6625e-01
10,2,9,5,7,23,31,0.000212,5.0268e-01,50.0047,4.665e-05,+0.000290,7.7217e-01
10,2,10,5,7,29,37,0.000445,1.5962e-01,49.9935,6.503e-05,+0.000907,3.6424e-01
10,2,11,5,7,31,41,0.000198,5.3091e-01,50.0001,8.125e-07,+0.002350,1.8788e-02
10,2,12,5,7,37,43,0.000033,9.1657e-01,49.9952,4.839e-05,+0.000178,8.5909e-01
10,2,13,5,7,41,47,0.000153,6.2914e-01,49.9968,3.212e-05,+0.001091,2.7507e-01
10,2,14,5,7,43,53,0.000026,9.3343e-01,49.9998,2.163e-06,+0.001032,3.0212e-01
10,2,15,5,7,47,59,0.000250,4.2908e-01,49.9954,4.646e-05,+0.001101,2.7092e-01
10,2,16,5,7,53,61,0.000356,2.6084e-01,50.0021,2.084e-05,+0.000129,8.9763e-01
10,2,17,5,7,59,67,0.000229,4.6869e-01,50.0048,4.819e-05,+0.001157,2.4739e-01
10,2,18,5,7,61,71,0.000062,8.4528e-01,49.9996,3.538e-06,+0.000598,5.4986e-01
10,2,19,5,7,67,73,0.000208,5.1165e-01,50.0033,3.332e-05,-0.001425,1.5406e-01
10,3,4,7,11,8,13,0.000306,3.3372e-01,49.9983,1.660e-05,+0.001233,2.1771e-01
10,3,5,7,11,11,17,0.000039,9.0225e-01,50.0060,5.994e-05,-0.000240,8.1058e-01
10,3,6,7,11,13,19,0.000104,7.4146e-01,50.0083,8.289e-05,-0.000202,8.3968e-01
10,3,7,7,11,17,23,0.000018,9.5490e-01,50.0023,2.330e-05,+0.000397,6.9127e-01
10,3,8,7,11,19,29,0.000315,3.1995e-01,50.0061,6.131e-05,-0.000071,9.4335e-01
10,3,9,7,11,23,31,0.000322,3.0927e-01,50.0027,2.730e-05,+0.000991,3.2158e-01
10,3,10,7,11,29,37,0.000066,8.3407e-01,49.9951,4.948e-05,-0.001939,5.2557e-02
10,3,11,7,11,31,41,0.000101,7.4876e-01,50.0027,2.669e-05,-0.001868,6.1755e-02
10,3,12,7,11,37,43,0.000046,8.8414e-01,50.0071,7.071e-05,-0.001101,2.7095e-01
10,3,13,7,11,41,47,0.000100,7.5203e-01,49.9887,1.131e-04,-0.001864,6.2356e-02
10,3,14,7,11,43,53,0.000031,9.2314e-01,49.9962,3.769e-05,-0.000709,4.7823e-01
10,3,15,7,11,47,59,0.000152,6.3153e-01,50.0088,8.801e-05,+0.000610,5.4215e-01
10,3,16,7,11,53,61,0.000403,2.0252e-01,49.9984,1.556e-05,+0.001280,2.0067e-01
10,3,17,7,11,59,67,0.000274,3.8710e-01,49.9957,4.311e-05,+0.000740,4.5909e-01
10,3,18,7,11,61,71,0.000779,1.3792e-02,49.9933,6.704e-05,+0.000267,7.8953e-01
10,3,19,7,11,67,73,0.000106,7.3792e-01,50.0046,4.558e-05,+0.001133,2.5708e-01
10,4,5,8,13,11,17,0.000247,4.3456e-01,49.9983,1.706e-05,-0.000573,5.6632e-01
10,4,6,8,13,13,19,0.000287,3.6388e-01,49.9929,7.064e-05,+0.000673,5.0064e-01
10,4,7,8,13,17,23,0.000203,5.2089e-01,50.0011,1.127e-05,-0.001245,2.1332e-01
10,4,8,8,13,19,29,0.000395,2.1186e-01,50.0002,1.713e-06,-0.000818,4.1320e-01
10,4,9,8,13,23,31,0.000118,7.0909e-01,49.9973,2.737e-05,+0.002785,5.3535e-03
10,4,10,8,13,29,37,0.000116,7.1313e-01,50.0038,3.787e-05,-0.000612,5.4036e-01
10,4,11,8,13,31,41,0.000416,1.8838e-01,49.9876,1.239e-04,-0.000644,5.1968e-01
10,4,12,8,13,37,43,0.000179,5.7152e-01,50.0116,1.160e-04,-0.000260,7.9452e-01
10,4,13,8,13,41,47,0.000500,1.1420e-01,49.9912,8.775e-05,-0.000597,5.5058e-01
10,4,14,8,13,43,53,0.000130,6.8102e-01,49.9971,2.884e-05,-0.001348,1.7765e-01
10,4,15,8,13,47,59,0.000340,2.8223e-01,49.9924,7.636e-05,+0.000663,5.0708e-01
10,4,16,8,13,53,61,0.000238,4.5139e-01,50.0024,2.436e-05,-0.000168,8.6652e-01
10,4,17,8,13,59,67,0.000326,3.0330e-01,49.9955,4.509e-05,-0.000526,5.9855e-01
10,4,18,8,13,61,71,0.000127,6.8889e-01,50.0044,4.431e-05,-0.000360,7.1880e-01
10,4,19,8,13,67,73,0.000071,8.2240e-01,49.9953,4.730e-05,+0.001033,3.0175e-01
10,5,6,11,17,13,19,0.000147,6.4230e-01,49.9971,2.870e-05,-0.000073,9.4183e-01
10,5,7,11,17,17,23,0.000276,3.8210e-01,49.9908,9.161e-05,-0.001416,1.5667e-01
10,5,8,11,17,19,29,0.000186,5.5710e-01,49.9962,3.780e-05,+0.002386,1.7042e-02
10,5,9,11,17,23,31,0.000292,3.5637e-01,50.0001,8.625e-07,+0.000285,7.7599e-01
10,5,10,11,17,29,37,0.000417,1.8739e-01,49.9938,6.231e-05,-0.000581,5.6094e-01
10,5,11,11,17,31,41,0.000208,5.1124e-01,50.0007,7.225e-06,-0.000458,6.4729e-01
10,5,12,11,17,37,43,0.000089,7.7931e-01,49.9926,7.385e-05,-0.000641,5.2174e-01
10,5,13,11,17,41,47,0.000112,7.2353e-01,49.9867,1.330e-04,+0.000784,4.3317e-01
10,5,14,11,17,43,53,0.000093,7.6866e-01,50.0008,8.425e-06,+0.000194,8.4579e-01
10,5,15,11,17,47,59,0.000235,4.5702e-01,49.9958,4.192e-05,+0.000696,4.8632e-01
10,5,16,11,17,53,61,0.000638,4.3482e-02,50.0024,2.437e-05,+0.001328,1.8428e-01
10,5,17,11,17,59,67,0.000026,9.3564e-01,50.0020,1.995e-05,+0.000410,6.8155e-01
10,5,18,11,17,61,71,0.000111,7.2535e-01,49.9966,3.358e-05,+0.001549,1.2150e-01
10,5,19,11,17,67,73,0.000474,1.3381e-01,49.9939,6.114e-05,-0.000364,7.1558e-01
10,6,7,13,19,17,23,0.000239,4.4891e-01,50.0038,3.809e-05,+0.001165,2.4383e-01
10,6,8,13,19,19,29,0.000026,9.3419e-01,49.9939,6.112e-05,+0.002189,2.8576e-02
10,6,9,13,19,23,31,0.000174,5.8289e-01,49.9995,4.587e-06,+0.000453,6.5090e-01
10,6,10,13,19,29,37,0.000168,5.9576e-01,49.9950,4.996e-05,+0.000303,7.6181e-01
10,6,11,13,19,31,41,0.000288,3.6184e-01,50.0001,1.425e-06,-0.000435,6.6352e-01
10,6,12,13,19,37,43,0.000088,7.7986e-01,50.0060,6.030e-05,-0.002122,3.3842e-02
10,6,13,13,19,41,47,0.000192,5.4424e-01,49.9932,6.824e-05,+0.000726,4.6782e-01
10,6,14,13,19,43,53,0.000261,4.0924e-01,49.9932,6.800e-05,-0.000271,7.8652e-01
10,6,15,13,19,47,59,0.000125,6.9179e-01,49.9978,2.210e-05,+0.000469,6.3937e-01
10,6,16,13,19,53,61,0.000145,6.4565e-01,50.0056,5.592e-05,-0.000132,8.9531e-01
10,6,17,13,19,59,67,0.000204,5.1837e-01,50.0030,2.967e-05,+0.000945,3.4455e-01
10,6,18,13,19,61,71,0.000187,5.5386e-01,49.9940,5.970e-05,-0.000405,6.8560e-01
10,6,19,13,19,67,73,0.000061,8.4688e-01,50.0020,2.034e-05,-0.000311,7.5586e-01
10,7,8,17,23,19,29,0.000271,3.9139e-01,49.9986,1.409e-05,-0.000650,5.1588e-01
10,7,9,17,23,23,31,0.000454,1.5082e-01,50.0077,7.733e-05,+0.000590,5.5492e-01
10,7,10,17,23,29,37,0.000274,3.8590e-01,49.9943,5.675e-05,-0.001192,2.3333e-01
10,7,11,17,23,31,41,0.000156,6.2275e-01,49.9930,7.011e-05,-0.001316,1.8818e-01
10,7,12,17,23,37,43,0.000058,8.5352e-01,49.9937,6.281e-05,-0.000203,8.3919e-01
10,7,13,17,23,41,47,0.000390,2.1763e-01,50.0108,1.084e-04,-0.000082,9.3428e-01
10,7,14,17,23,43,53,0.000292,3.5644e-01,49.9944,5.604e-05,+0.000919,3.5820e-01
10,7,15,17,23,47,59,0.000354,2.6262e-01,50.0043,4.304e-05,-0.000634,5.2582e-01
10,7,16,17,23,53,61,0.000819,9.6439e-03,49.9988,1.244e-05,+0.000912,3.6180e-01
10,7,17,17,23,59,67,0.000075,8.1147e-01,49.9972,2.849e-05,+0.002572,1.0126e-02
10,7,18,17,23,61,71,0.000403,2.0264e-01,50.0063,6.301e-05,-0.001558,1.1933e-01
10,7,19,17,23,67,73,0.000330,2.9622e-01,49.9987,1.348e-05,+0.000406,6.8507e-01
10,8,9,19,29,23,31,0.000146,6.4388e-01,50.0080,7.979e-05,+0.000218,8.2742e-01
10,8,10,19,29,29,37,0.000287,3.6346e-01,49.9917,8.261e-05,+0.000021,9.8351e-01
10,8,11,19,29,31,41,0.000112,7.2233e-01,49.9954,4.568e-05,-0.001266,2.0567e-01
10,8,12,19,29,37,43,0.000602,5.7142e-02,49.9963,3.723e-05,+0.000470,6.3853e-01
10,8,13,19,29,41,47,0.000008,9.7950e-01,50.0029,2.949e-05,+0.000477,6.3302e-01
10,8,14,19,29,43,53,0.000140,6.5709e-01,50.0042,4.225e-05,+0.000688,4.9166e-01
10,8,15,19,29,47,59,0.000239,4.4917e-01,49.9978,2.167e-05,-0.001548,1.2154e-01
10,8,16,19,29,53,61,0.000434,1.6978e-01,49.9967,3.275e-05,-0.002172,2.9852e-02
10,8,17,19,29,59,67,0.000300,3.4283e-01,49.9975,2.525e-05,+0.000666,5.0538e-01
10,8,18,19,29,61,71,0.000042,8.9373e-01,50.0039,3.902e-05,+0.001368,1.7134e-01
10,8,19,19,29,67,73,0.000025,9.3631e-01,49.9887,1.134e-04,+0.000117,9.0687e-01
10,9,10,23,31,29,37,0.000117,7.1099e-01,49.9910,8.978e-05,-0.000562,5.7425e-01
10,9,11,23,31,31,41,0.000173,5.8354e-01,49.9995,4.663e-06,+0.001760,7.8473e-02
10,9,12,23,31,37,43,0.000628,4.7135e-02,49.9991,8.713e-06,+0.002497,1.2541e-02
10,9,13,23,31,41,47,0.000072,8.2003e-01,49.9996,4.150e-06,+0.000966,3.3420e-01
10,9,14,23,31,43,53,0.000086,7.8481e-01,49.9979,2.141e-05,-0.001221,2.2194e-01
10,9,15,23,31,47,59,0.000169,5.9360e-01,49.9942,5.769e-05,+0.000015,9.8837e-01
10,9,16,23,31,53,61,0.000222,4.8269e-01,49.9982,1.801e-05,-0.001473,1.4088e-01
10,9,17,23,31,59,67,0.000582,6.5641e-02,49.9944,5.626e-05,-0.000700,4.8423e-01
10,9,18,23,31,61,71,0.000453,1.5159e-01,50.0016,1.606e-05,+0.000804,4.2156e-01
10,9,19,23,31,67,73,0.000246,4.3631e-01,50.0075,7.485e-05,-0.000601,5.4804e-01
10,10,11,29,37,31,41,0.000130,6.8151e-01,49.9966,3.391e-05,+0.002059,3.9539e-02
10,10,12,29,37,37,43,0.000046,8.8310e-01,50.0008,8.263e-06,+0.001624,1.0447e-01
10,10,13,29,37,41,47,0.000155,6.2377e-01,49.9980,1.970e-05,-0.000510,6.1036e-01
10,10,14,29,37,43,53,0.000227,4.7230e-01,49.9963,3.709e-05,-0.001810,7.0353e-02
10,10,15,29,37,47,59,0.000487,1.2342e-01,50.0050,5.019e-05,-0.001133,2.5711e-01
10,10,16,29,37,53,61,0.000386,2.2219e-01,49.9936,6.374e-05,+0.001717,8.5988e-02
10,10,17,29,37,59,67,0.000005,9.8697e-01,50.0029,2.889e-05,-0.000843,3.9913e-01
10,10,18,29,37,61,71,0.000352,2.6570e-01,49.9940,6.021e-05,-0.000243,8.0819e-01
10,10,19,29,37,67,73,0.000036,9.0949e-01,49.9938,6.212e-05,-0.001872,6.1181e-02
10,11,12,31,41,37,43,0.000156,6.2257e-01,50.0022,2.227e-05,-0.000959,3.3759e-01
10,11,13,31,41,41,47,0.000093,7.6921e-01,50.0066,6.639e-05,-0.000372,7.0983e-01
10,11,14,31,41,43,53,0.000271,3.9166e-01,50.0037,3.680e-05,+0.000361,7.1785e-01
10,11,15,31,41,47,59,0.000037,9.0583e-01,50.0084,8.380e-05,-0.000288,7.7313e-01
10,11,16,31,41,53,61,0.000338,2.8584e-01,50.0045,4.495e-05,+0.000476,6.3400e-01
10,11,17,31,41,59,67,0.000344,2.7718e-01,49.9973,2.683e-05,-0.000136,8.9169e-01
10,11,18,31,41,61,71,0.000081,7.9817e-01,49.9940,6.003e-05,+0.000992,3.2135e-01
10,11,19,31,41,67,73,0.000532,9.2662e-02,50.0093,9.316e-05,+0.001317,1.8769e-01
10,12,13,37,43,41,47,0.000009,9.7686e-01,49.9984,1.636e-05,-0.000063,9.4986e-01
10,12,14,37,43,43,53,0.000470,1.3704e-01,50.0062,6.242e-05,+0.000250,8.0251e-01
10,12,15,37,43,47,59,0.000180,5.6861e-01,49.9934,6.587e-05,-0.000534,5.9301e-01
10,12,16,37,43,53,61,0.000189,5.5009e-01,49.9988,1.173e-05,+0.000303,7.6177e-01
10,12,17,37,43,59,67,0.000521,9.9473e-02,49.9979,2.093e-05,-0.000199,8.4244e-01
10,12,18,37,43,61,71,0.000638,4.3609e-02,49.9994,6.375e-06,+0.001020,3.0780e-01
10,12,19,37,43,67,73,0.000005,9.8831e-01,49.9913,8.661e-05,+0.000519,6.0357e-01
10,13,14,41,47,43,53,0.000137,6.6541e-01,49.9977,2.276e-05,-0.000445,6.5619e-01
10,13,15,41,47,47,59,0.000045,8.8674e-01,50.0023,2.321e-05,-0.000501,6.1634e-01
10,13,16,41,47,53,61,0.000407,1.9845e-01,50.0018,1.826e-05,+0.000144,8.8566e-01
10,13,17,41,47,59,67,0.000069,8.2694e-01,50.0041,4.079e-05,+0.000643,5.2050e-01
10,13,18,41,47,61,71,0.000363,2.5099e-01,50.0010,9.588e-06,+0.001340,1.8025e-01
10,13,19,41,47,67,73,0.000726,2.1759e-02,50.0154,1.545e-04,-0.000622,5.3381e-01
10,14,15,43,53,47,59,0.000112,7.2262e-01,49.9860,1.399e-04,-0.000030,9.7591e-01
10,14,16,43,53,53,61,0.000266,3.9953e-01,50.0005,5.325e-06,+0.001507,1.3178e-01
10,14,17,43,53,59,67,0.000129,6.8355e-01,50.0019,1.895e-05,+0.000572,5.6734e-01
10,14,18,43,53,61,71,0.000044,8.8991e-01,50.0045,4.460e-05,-0.000791,4.2867e-01
10,14,19,43,53,67,73,0.000091,7.7410e-01,49.9937,6.321e-05,+0.000126,8.9988e-01
10,15,16,47,59,53,61,0.000176,5.7804e-01,49.9903,9.745e-05,-0.000903,3.6676e-01
10,15,17,47,59,59,67,0.000236,4.5464e-01,49.9982,1.780e-05,+0.002398,1.6464e-02
10,15,18,47,59,61,71,0.000430,1.7382e-01,49.9931,6.875e-05,+0.000269,7.8766e-01
10,15,19,47,59,67,73,0.000173,5.8429e-01,50.0058,5.756e-05,-0.000983,3.2555e-01
10,16,17,53,61,59,67,0.000014,9.6395e-01,49.9995,4.750e-06,+0.001788,7.3749e-02
10,16,18,53,61,61,71,0.000205,5.1756e-01,49.9928,7.182e-05,+0.001491,1.3587e-01
10,16,19,53,61,67,73,0.000388,2.1955e-01,49.9994,6.138e-06,-0.000484,6.2813e-01
10,17,18,59,67,61,71,0.000076,8.0896e-01,50.0018,1.818e-05,+0.000134,8.9347e-01
10,17,19,59,67,67,73,0.000620,5.0015e-02,49.9969,3.119e-05,-0.000007,9.9406e-01
10,18,19,61,71,67,73,0.000277,3.8098e-01,49.9977,2.309e-05,-0.000235,8.1401e-01
11,0,1,2,3,3,5,0.000088,7.8074e-01,50.0065,6.472e-05,-0.000358,7.2031e-01
11,0,2,2,3,5,7,0.000541,8.7202e-02,50.0090,8.982e-05,-0.000486,6.2698e-01
11,0,3,2,3,7,11,0.000063,8.4245e-01,49.9932,6.764e-05,-0.000668,5.0419e-01
11,0,4,2,3,8,13,0.000015,9.6170e-01,50.0021,2.074e-05,+0.000774,4.3896e-01
11,0,5,2,3,11,17,0.000235,4.5756e-01,50.0017,1.659e-05,+0.001330,1.8354e-01
11,0,6,2,3,13,19,0.000063,8.4155e-01,49.9859,1.410e-04,-0.000036,9.7131e-01
11,0,7,2,3,17,23,0.000577,6.8231e-02,49.9910,8.970e-05,-0.000378,7.0515e-01
11,0,8,2,3,19,29,0.000140,6.5814e-01,49.9908,9.208e-05,+0.000175,8.6114e-01
11,0,9,2,3,23,31,0.000063,8.4280e-01,49.9945,5.469e-05,+0.000125,9.0044e-01
11,0,10,2,3,29,37,0.000027,9.3290e-01,50.0009,9.300e-06,-0.000511,6.0926e-01
11,0,11,2,3,31,41,0.000582,6.5934e-02,50.0000,2.875e-07,+0.000025,9.7992e-01
11,0,12,2,3,37,43,0.000226,4.7441e-01,49.9965,3.491e-05,-0.000047,9.6239e-01
11,0,13,2,3,41,47,0.000087,7.8413e-01,49.9922,7.844e-05,+0.000849,3.9585e-01
11,0,14,2,3,43,53,0.000320,3.1165e-01,50.0025,2.506e-05,+0.000028,9.7805e-01
11,0,15,2,3,47,59,0.000071,8.2243e-01,50.0034,3.415e-05,+0.000611,5.4145e-01
11,0,16,2,3,53,61,0.000001,9.9792e-01,50.0017,1.685e-05,+0.000846,3.9740e-01
11,0,17,2,3,59,67,0.000338,2.8570e-01,49.9981,1.852e-05,+0.000515,6.0669e-01
11,0,18,2,3,61,71,0.000103,7.4427e-01,50.0010,9.563e-06,+0.002125,3.3548e-02
11,0,19,2,3,67,73,0.000199,5.2953e-01,50.0042,4.247e-05,+0.000075,9.3986e-01
11,1,2,3,5,5,7,0.000011,9.7221e-01,50.0012,1.233e-05,+0.000775,4.3806e-01
11,1,3,3,5,7,11,0.000436,1.6824e-01,50.0075,7.509e-05,+0.001347,1.7814e-01
11,1,4,3,5,8,13,0.000029,9.2771e-01,49.9914,8.554e-05,-0.001763,7.7852e-02
11,1,5,3,5,11,17,0.000288,3.6189e-01,50.0026,2.636e-05,-0.000746,4.5587e-01
11,1,6,3,5,13,19,0.000208,5.1098e-01,49.9972,2.805e-05,+0.000496,6.1963e-01
11,1,7,3,5,17,23,0.000344,2.7640e-01,50.0036,3.648e-05,-0.001074,2.8284e-01
11,1,8,3,5,19,29,0.000174,5.8311e-01,50.0023,2.287e-05,-0.001002,3.1624e-01
11,1,9,3,5,23,31,0.000713,2.4231e-02,49.9951,4.924e-05,-0.000855,3.9271e-01
11,1,10,3,5,29,37,0.000582,6.5481e-02,50.0033,3.320e-05,-0.000052,9.5831e-01
11,1,11,3,5,31,41,0.000178,5.7391e-01,49.9925,7.531e-05,+0.000781,4.3468e-01
11,1,12,3,5,37,43,0.000305,3.3470e-01,49.9975,2.474e-05,-0.000286,7.7453e-01
11,1,13,3,5,41,47,0.000198,5.3096e-01,50.0089,8.941e-05,-0.002867,4.1440e-03
11,1,14,3,5,43,53,0.000153,6.2930e-01,50.0058,5.801e-05,-0.001185,2.3586e-01
11,1,15,3,5,47,59,0.000837,8.1619e-03,49.9922,7.788e-05,+0.000728,4.6664e-01
11,1,16,3,5,53,61,0.000052,8.7046e-01,50.0035,3.515e-05,-0.000671,5.0201e-01
11,1,17,3,5,59,67,0.000421,1.8269e-01,50.0125,1.251e-04,+0.001812,6.9917e-02
11,1,18,3,5,61,71,0.000173,5.8395e-01,50.0025,2.521e-05,-0.000129,8.9709e-01
11,1,19,3,5,67,73,0.000245,4.3761e-01,50.0028,2.760e-05,-0.000167,8.6700e-01
11,2,3,5,7,7,11,0.000327,3.0170e-01,50.0010,9.887e-06,-0.001089,2.7631e-01
11,2,4,5,7,8,13,0.000035,9.1171e-01,49.9991,8.713e-06,-0.001603,1.0883e-01
11,2,5,5,7,11,17,0.000328,3.0023e-01,49.9944,5.641e-05,-0.000592,5.5411e-01
11,2,6,5,7,13,19,0.000264,4.0398e-01,49.9983,1.730e-05,+0.001147,2.5158e-01
11,2,7,5,7,17,23,0.000202,5.2299e-01,50.0050,4.993e-05,-0.000024,9.8093e-01
11,2,8,5,7,19,29,0.000037,9.0801e-01,49.9948,5.207e-05,-0.000670,5.0294e-01
11,2,9,5,7,23,31,0.000165,6.0082e-01,50.0009,8.688e-06,-0.001466,1.4263e-01
11,2,10,5,7,29,37,0.000034,9.1412e-01,50.0024,2.370e-05,-0.000304,7.6105e-01
11,2,11,5,7,31,41,0.000158,6.1742e-01,50.0030,2.974e-05,-0.001461,1.4415e-01
11,2,12,5,7,37,43,0.000357,2.5921e-01,50.0005,4.913e-06,+0.000689,4.9063e-01
11,2,13,5,7,41,47,0.000296,3.4857e-01,50.0027,2.724e-05,-0.000711,4.7731e-01
11,2,14,5,7,43,53,0.000046,8.8510e-01,50.0027,2.704e-05,-0.000628,5.2972e-01
11,2,15,5,7,47,59,0.000243,4.4287e-01,50.0008,7.900e-06,-0.000051,9.5958e-01
11,2,16,5,7,53,61,0.000224,4.7820e-01,49.9960,4.038e-05,+0.000029,9.7670e-01
11,2,17,5,7,59,67,0.000048,8.8056e-01,50.0040,4.020e-05,+0.000015,9.8796e-01
11,2,18,5,7,61,71,0.000688,2.9665e-02,49.9927,7.311e-05,-0.000548,5.8353e-01
11,2,19,5,7,67,73,0.000254,4.2204e-01,50.0040,3.990e-05,+0.000408,6.8328e-01
11,3,4,7,11,8,13,0.000108,7.3318e-01,50.0048,4.843e-05,+0.000379,7.0501e-01
11,3,5,7,11,11,17,0.000084,7.9049e-01,50.0016,1.560e-05,-0.000486,6.2683e-01
11,3,6,7,11,13,19,0.000015,9.6192e-01,50.0072,7.221e-05,+0.000824,4.0984e-01
11,3,7,7,11,17,23,0.000382,2.2698e-01,50.0085,8.536e-05,-0.001462,1.4371e-01
11,3,8,7,11,19,29,0.000257,4.1609e-01,49.9933,6.676e-05,-0.000152,8.7931e-01
11,3,9,7,11,23,31,0.000263,4.0569e-01,50.0041,4.067e-05,-0.000266,7.8987e-01
11,3,10,7,11,29,37,0.000171,5.8793e-01,50.0065,6.501e-05,+0.001667,9.5482e-02
11,3,11,7,11,31,41,0.000696,2.7751e-02,50.0000,3.250e-07,+0.000495,6.2031e-01
11,3,12,7,11,37,43,0.001012,1.3703e-03,49.9921,7.908e-05,+0.000045,9.6405e-01
11,3,13,7,11,41,47,0.000182,5.6456e-01,49.9973,2.737e-05,-0.001203,2.2879e-01
11,3,14,7,11,43,53,0.000170,5.8994e-01,49.9918,8.188e-05,-0.000812,4.1660e-01
11,3,15,7,11,47,59,0.000113,7.1990e-01,50.0011,1.051e-05,+0.001207,2.2735e-01
11,3,16,7,11,53,61,0.000103,7.4557e-01,49.9990,9.862e-06,+0.001196,2.3184e-01
11,3,17,7,11,59,67,0.000036,9.0854e-01,49.9937,6.286e-05,+0.000090,9.2847e-01
11,3,18,7,11,61,71,0.000172,5.8566e-01,49.9984,1.550e-05,-0.000643,5.2049e-01
11,3,19,7,11,67,73,0.000115,7.1540e-01,49.9978,2.241e-05,-0.002387,1.7007e-02
11,4,5,8,13,11,17,0.000063,8.4293e-01,49.9967,3.305e-05,+0.001062,2.8817e-01
11,4,6,8,13,13,19,0.000157,6.2028e-01,50.0023,2.334e-05,+0.001951,5.1116e-02
11,4,7,8,13,17,23,0.000024,9.3870e-01,50.0023,2.264e-05,-0.000852,3.9446e-01
11,4,8,8,13,19,29,0.000068,8.2860e-01,50.0108,1.077e-04,-0.000531,5.9528e-01
11,4,9,8,13,23,31,0.000362,2.5264e-01,50.0099,9.923e-05,+0.000128,8.9777e-01
11,4,10,8,13,29,37,0.000467,1.3967e-01,50.0006,6.438e-06,-0.000861,3.8943e-01
11,4,11,8,13,31,41,0.000200,5.2706e-01,50.0060,6.030e-05,-0.000584,5.5925e-01
11,4,12,8,13,37,43,0.000066,8.3511e-01,49.9964,3.560e-05,+0.001097,2.7272e-01
11,4,13,8,13,41,47,0.000327,3.0166e-01,49.9947,5.280e-05,+0.000543,5.8737e-01
11,4,14,8,13,43,53,0.000113,7.2170e-01,50.0030,2.970e-05,+0.001442,1.4923e-01
11,4,15,8,13,47,59,0.000177,5.7466e-01,49.9933,6.674e-05,-0.000425,6.7096e-01
11,4,16,8,13,53,61,0.000340,2.8200e-01,49.9881,1.186e-04,+0.000047,9.6253e-01
11,4,17,8,13,59,67,0.000102,7.4598e-01,50.0063,6.306e-05,+0.000112,9.1071e-01
11,4,18,8,13,61,71,0.000438,1.6631e-01,50.0031,3.050e-05,+0.000365,7.1534e-01
11,4,19,8,13,67,73,0.000243,4.4266e-01,50.0047,4.721e-05,-0.001640,1.0096e-01
11,5,6,11,17,13,19,0.000170,5.9129e-01,50.0003,3.087e-06,+0.001648,9.9390e-02
11,5,7,11,17,17,23,0.000525,9.7086e-02,49.9890,1.100e-04,-0.000487,6.2605e-01
11,5,8,11,17,19,29,0.000289,3.6097e-01,50.0007,6.512e-06,+0.000079,9.3732e-01
11,5,9,11,17,23,31,0.000737,1.9748e-02,49.9888,1.123e-04,-0.000161,8.7185e-01
11,5,10,11,17,29,37,0.000038,9.0557e-01,50.0050,5.009e-05,+0.000918,3.5875e-01
11,5,11,11,17,31,41,0.000790,1.2516e-02,50.0002,1.750e-06,-0.000599,5.4936e-01
11,5,12,11,17,37,43,0.000427,1.7679e-01,49.9890,1.100e-04,-0.001133,2.5710e-01
11,5,13,11,17,41,47,0.000417,1.8751e-01,50.0007,7.400e-06,-0.000851,3.9464e-01
11,5,14,11,17,43,53,0.000061,8.4692e-01,49.9981,1.885e-05,+0.000738,4.6067e-01
11,5,15,11,17,47,59,0.000486,1.2446e-01,50.0091,9.054e-05,+0.000674,5.0055e-01
11,5,16,11,17,53,61,0.000628,4.7133e-02,49.9990,9.637e-06,+0.001092,2.7489e-01
11,5,17,11,17,59,67,0.000318,3.1524e-01,49.9852,1.479e-04,+0.001057,2.9044e-01
11,5,18,11,17,61,71,0.000029,9.2792e-01,49.9917,8.263e-05,-0.001742,8.1483e-02
11,5,19,11,17,67,73,0.000262,4.0739e-01,49.9998,1.738e-06,-0.001156,2.4787e-01
11,6,7,13,19,17,23,0.000224,4.7826e-01,49.9940,5.973e-05,+0.000222,8.2435e-01
11,6,8,13,19,19,29,0.000090,7.7517e-01,49.9974,2.570e-05,-0.000074,9.4077e-01
11,6,9,13,19,23,31,0.000076,8.0956e-01,50.0029,2.899e-05,-0.002802,5.0714e-03
11,6,10,13,19,29,37,0.000060,8.4900e-01,50.0085,8.465e-05,+0.000601,5.4763e-01
11,6,11,13,19,31,41,0.000669,3.4481e-02,49.9945,5.499e-05,+0.000788,4.3065e-01
11,6,12,13,19,37,43,0.000345,2.7514e-01,50.0049,4.889e-05,-0.000122,9.0264e-01
11,6,13,13,19,41,47,0.000359,2.5562e-01,50.0035,3.454e-05,-0.001666,9.5720e-02
11,6,14,13,19,43,53,0.000105,7.4004e-01,50.0062,6.206e-05,+0.001143,2.5304e-01
11,6,15,13,19,47,59,0.000198,5.3033e-01,50.0095,9.455e-05,+0.000362,7.1763e-01
11,6,16,13,19,53,61,0.000456,1.4904e-01,49.9933,6.650e-05,-0.000732,4.6429e-01
11,6,17,13,19,59,67,0.000012,9.6900e-01,50.0004,4.475e-06,-0.000819,4.1267e-01
11,6,18,13,19,61,71,0.000394,2.1255e-01,49.9994,5.887e-06,-0.001577,1.1487e-01
11,6,19,13,19,67,73,0.000231,4.6546e-01,49.9948,5.158e-05,-0.000015,9.8811e-01
11,7,8,17,23,19,29,0.000005,9.8778e-01,50.0063,6.330e-05,-0.000621,5.3477e-01
11,7,9,17,23,23,31,0.000205,5.1724e-01,49.9882,1.176e-04,+0.001742,8.1451e-02
11,7,10,17,23,29,37,0.000945,2.8112e-03,49.9982,1.823e-05,-0.000417,6.7646e-01
11,7,11,17,23,31,41,0.000521,9.9614e-02,50.0148,1.478e-04,+0.000102,9.1857e-01
11,7,12,17,23,37,43,0.000029,9.2590e-01,49.9926,7.426e-05,+0.000812,4.1704e-01
11,7,13,17,23,41,47,0.000101,7.4995e-01,49.9966,3.424e-05,+0.001594,1.1101e-01
11,7,14,17,23,43,53,0.000025,9.3610e-01,50.0005,5.062e-06,-0.001042,2.9754e-01
11,7,15,17,23,47,59,0.000283,3.7063e-01,50.0010,1.003e-05,-0.001113,2.6590e-01
11,7,16,17,23,53,61,0.000252,4.2592e-01,50.0032,3.222e-05,-0.000209,8.3431e-01
11,7,17,17,23,59,67,0.000161,6.1131e-01,49.9980,1.988e-05,-0.000441,6.5894e-01
11,7,18,17,23,61,71,0.000293,3.5497e-01,50.0033,3.291e-05,+0.000178,8.5856e-01
11,7,19,17,23,67,73,0.000203,5.2167e-01,50.0075,7.470e-05,-0.000034,9.7282e-01
11,8,9,19,29,23,31,0.000371,2.4125e-01,49.9984,1.649e-05,-0.000231,8.1741e-01
11,8,10,19,29,29,37,0.000026,9.3484e-01,50.0005,5.025e-06,-0.001319,1.8728e-01
11,8,11,19,29,31,41,0.000437,1.6736e-01,49.9993,6.838e-06,-0.000717,4.7325e-01
11,8,12,19,29,37,43,0.000050,8.7437e-01,50.0026,2.606e-05,+0.001698,8.9431e-02
11,8,13,19,29,41,47,0.000243,4.4232e-01,49.9951,4.854e-05,-0.000024,9.8113e-01
11,8,14,19,29,43,53,0.000619,5.0175e-02,50.0076,7.624e-05,-0.000339,7.3489e-01
11,8,15,19,29,47,59,0.000529,9.4249e-02,49.9920,8.020e-05,-0.000615,5.3867e-01
11,8,16,19,29,53,61,0.000067,8.3143e-01,50.0008,7.550e-06,-0.001233,2.1752e-01
11,8,17,19,29,59,67,0.000121,7.0203e-01,50.0025,2.523e-05,+0.001754,7.9428e-02
11,8,18,19,29,61,71,0.000732,2.0632e-02,50.0008,7.662e-06,-0.000421,6.7408e-01
11,8,19,19,29,67,73,0.000378,2.3181e-01,50.0018,1.772e-05,-0.000699,4.8425e-01
11,9,10,23,31,29,37,0.000567,7.3073e-02,49.9996,3.963e-06,-0.000327,7.4358e-01
11,9,11,23,31,31,41,0.000115,7.1562e-01,50.0000,4.500e-07,-0.001355,1.7555e-01
11,9,12,23,31,37,43,0.000178,5.7343e-01,50.0038,3.825e-05,-0.001145,2.5208e-01
11,9,13,23,31,41,47,0.000467,1.3931e-01,50.0099,9.905e-05,-0.000494,6.2100e-01
11,9,14,23,31,43,53,0.000242,4.4486e-01,50.0031,3.078e-05,+0.001740,8.1923e-02
11,9,15,23,31,47,59,0.000193,5.4186e-01,50.0027,2.749e-05,-0.000818,4.1332e-01
11,9,16,23,31,53,61,0.000012,9.7092e-01,50.0029,2.934e-05,+0.000590,5.5540e-01
11,9,17,23,31,59,67,0.000318,3.1425e-01,50.0070,6.994e-05,+0.000862,3.8866e-01
11,9,18,23,31,61,71,0.000351,2.6710e-01,50.0076,7.583e-05,-0.001174,2.4054e-01
11,9,19,23,31,67,73,0.000644,4.1636e-02,50.0003,3.213e-06,-0.001501,1.3326e-01
11,10,11,29,37,31,41,0.000160,6.1203e-01,49.9973,2.711e-05,+0.000839,4.0171e-01
11,10,12,29,37,37,43,0.000112,7.2377e-01,50.0114,1.135e-04,-0.000319,7.4998e-01
11,10,13,29,37,41,47,0.000144,6.4931e-01,50.0060,5.971e-05,-0.000844,3.9893e-01
11,10,14,29,37,43,53,0.000111,7.2643e-01,50.0008,8.387e-06,+0.000134,8.9328e-01
11,10,15,29,37,47,59,0.000122,6.9885e-01,50.0046,4.633e-05,-0.001154,2.4853e-01
11,10,16,29,37,53,61,0.000275,3.8403e-01,50.0052,5.200e-05,+0.000321,7.4835e-01
11,10,17,29,37,59,67,0.000283,3.7143e-01,50.0034,3.372e-05,-0.000544,5.8612e-01
11,10,18,29,37,61,71,0.000044,8.9055e-01,50.0061,6.126e-05,-0.001046,2.9539e-01
11,10,19,29,37,67,73,0.000297,3.4825e-01,49.9956,4.357e-05,+0.000154,8.7755e-01
11,11,12,31,41,37,43,0.000045,8.8634e-01,50.0028,2.805e-05,+0.002741,6.1294e-03
11,11,13,31,41,41,47,0.000418,1.8669e-01,50.0106,1.062e-04,+0.001201,2.2961e-01
11,11,14,31,41,43,53,0.000515,1.0360e-01,49.9961,3.897e-05,+0.001067,2.8612e-01
11,11,15,31,41,47,59,0.000351,2.6647e-01,50.0017,1.661e-05,+0.001034,3.0103e-01
11,11,16,31,41,53,61,0.000546,8.4285e-02,50.0013,1.309e-05,+0.000846,3.9748e-01
11,11,17,31,41,59,67,0.000044,8.8870e-01,49.9866,1.345e-04,-0.000069,9.4506e-01
11,11,18,31,41,61,71,0.000278,3.7933e-01,50.0018,1.823e-05,+0.000378,7.0539e-01
11,11,19,31,41,67,73,0.000415,1.8937e-01,50.0061,6.094e-05,+0.000569,5.6963e-01
11,12,13,37,43,41,47,0.000255,4.1975e-01,49.9976,2.405e-05,+0.000424,6.7146e-01
11,12,14,37,43,43,53,0.000558,7.7837e-02,50.0086,8.558e-05,-0.000667,5.0499e-01
11,12,15,37,43,47,59,0.000052,8.6861e-01,50.0042,4.219e-05,-0.000704,4.8136e-01
11,12,16,37,43,53,61,0.000051,8.7089e-01,50.0026,2.601e-05,+0.000739,4.5980e-01
11,12,17,37,43,59,67,0.000624,4.8386e-02,50.0009,9.038e-06,-0.001635,1.0211e-01
11,12,18,37,43,61,71,0.000281,3.7349e-01,49.9972,2.783e-05,+0.000321,7.4808e-01
11,12,19,37,43,67,73,0.000041,8.9595e-01,50.0021,2.076e-05,+0.002534,1.1280e-02
11,13,14,41,47,43,53,0.000184,5.6171e-01,50.0002,2.350e-06,+0.001437,1.5083e-01
11,13,15,41,47,47,59,0.000584,6.4761e-02,50.0025,2.471e-05,-0.000010,9.9183e-01
11,13,16,41,47,53,61,0.000022,9.4373e-01,49.9962,3.824e-05,-0.001689,9.1306e-02
11,13,17,41,47,59,67,0.000457,1.4824e-01,49.9938,6.234e-05,-0.000975,3.2938e-01
11,13,18,41,47,61,71,0.000442,1.6212e-01,50.0061,6.058e-05,-0.001059,2.8949e-01
11,13,19,41,47,67,73,0.000294,3.5211e-01,50.0086,8.559e-05,-0.002068,3.8652e-02
11,14,15,43,53,47,59,0.000181,5.6741e-01,49.9904,9.649e-05,+0.000635,5.2571e-01
11,14,16,43,53,53,61,0.000140,6.5742e-01,50.0063,6.276e-05,-0.001047,2.9514e-01
11,14,17,43,53,59,67,0.000154,6.2727e-01,50.0058,5.764e-05,+0.002000,4.5477e-02
11,14,18,43,53,61,71,0.000036,9.0922e-01,50.0042,4.227e-05,-0.001145,2.5237e-01
11,14,19,43,53,67,73,0.000249,4.3091e-01,49.9958,4.189e-05,+0.002803,5.0646e-03
11,15,16,47,59,53,61,0.000131,6.7947e-01,50.0007,7.025e-06,+0.001186,2.3578e-01
11,15,17,47,59,59,67,0.000024,9.4016e-01,49.9967,3.257e-05,-0.000553,5.7994e-01
11,15,18,47,59,61,71,0.000285,3.6766e-01,49.9982,1.841e-05,+0.000073,9.4165e-01
11,15,19,47,59,67,73,0.000154,6.2669e-01,49.9955,4.505e-05,-0.001753,7.9549e-02
11,16,17,53,61,59,67,0.000213,5.0098e-01,50.0047,4.695e-05,+0.000370,7.1164e-01
11,16,18,53,61,61,71,0.000123,6.9847e-01,49.9982,1.841e-05,-0.000475,6.3466e-01
11,16,19,53,61,67,73,0.000048,8.8028e-01,50.0062,6.207e-05,+0.000366,7.1440e-01
11,17,18,59,67,61,71,0.000328,2.9987e-01,49.9903,9.726e-05,-0.000909,3.6326e-01
11,17,19,59,67,67,73,0.000043,8.9244e-01,50.0096,9.605e-05,+0.001674,9.4178e-02
11,18,19,61,71,67,73,0.000449,1.5577e-01,49.9982,1.831e-05,+0.000318,7.5066e-01
12,0,1,2,3,3,5,0.000034,9.1348e-01,49.9861,1.395e-04,+0.000252,8.0112e-01
12,0,2,2,3,5,7,0.000110,7.2789e-01,50.0014,1.370e-05,-0.001235,2.1695e-01
12,0,3,2,3,7,11,0.000626,4.7772e-02,50.0038,3.795e-05,+0.000706,4.8019e-01
12,0,4,2,3,8,13,0.000058,8.5541e-01,49.9957,4.281e-05,+0.001668,9.5292e-02
12,0,5,2,3,11,17,0.000118,7.0968e-01,49.9980,2.038e-05,+0.001134,2.5679e-01
12,0,6,2,3,13,19,0.000332,2.9414e-01,49.9982,1.778e-05,-0.000022,9.8231e-01
12,0,7,2,3,17,23,0.000236,4.5596e-01,50.0073,7.307e-05,+0.000000,9.9969e-01
12,0,8,2,3,19,29,0.000271,3.9059e-01,50.0022,2.205e-05,+0.001536,1.2460e-01
12,0,9,2,3,23,31,0.000079,8.0341e-01,49.9950,5.013e-05,+0.000862,3.8875e-01
12,0,10,2,3,29,37,0.000377,2.3331e-01,50.0050,4.951e-05,+0.000222,8.2465e-01
12,0,11,2,3,31,41,0.000070,8.2463e-01,50.0009,9.300e-06,-0.000257,7.9746e-01
12,0,12,2,3,37,43,0.000290,3.5906e-01,50.0014,1.380e-05,-0.000043,9.6555e-01
12,0,13,2,3,41,47,0.000327,3.0088e-01,49.9971,2.913e-05,-0.000025,9.8025e-01
12,0,14,2,3,43,53,0.000334,2.9075e-01,50.0067,6.710e-05,-0.000151,8.7985e-01
12,0,15,2,3,47,59,0.000259,4.1360e-01,50.0103,1.028e-04,+0.001378,1.6826e-01
12,0,16,2,3,53,61,0.000279,3.7701e-01,49.9995,4.562e-06,-0.000249,8.0319e-01
12,0,17,2,3,59,67,0.000454,1.5133e-01,50.0011,1.138e-05,-0.000238,8.1149e-01
12,0,18,2,3,61,71,0.000116,7.1321e-01,50.0023,2.274e-05,-0.000574,5.6604e-01
12,0,19,2,3,67,73,0.000190,5.4865e-01,49.9960,3.993e-05,-0.000699,4.8458e-01
12,1,2,3,5,5,7,0.000358,2.5817e-01,50.0111,1.108e-04,-0.000469,6.3906e-01
12,1,3,3,5,7,11,0.000615,5.1619e-02,50.0056,5.624e-05,+0.000618,5.3655e-01
12,1,4,3,5,8,13,0.000342,2.7987e-01,49.9934,6.602e-05,-0.000561,5.7469e-01
12,1,5,3,5,11,17,0.000062,8.4476e-01,50.0119,1.193e-04,-0.001557,1.1956e-01
12,1,6,3,5,13,19,0.000238,4.5190e-01,49.9943,5.706e-05,-0.000062,9.5031e-01
12,1,7,3,5,17,23,0.000286,3.6509e-01,49.9988,1.221e-05,-0.000395,6.9265e-01
12,1,8,3,5,19,29,0.000047,8.8304e-01,49.9910,8.981e-05,+0.000718,4.7290e-01
12,1,9,3,5,23,31,0.000392,2.1506e-01,49.9986,1.366e-05,+0.000052,9.5856e-01
12,1,10,3,5,29,37,0.000401,2.0431e-01,50.0128,1.282e-04,+0.000338,7.3540e-01
12,1,11,3,5,31,41,0.000039,9.0225e-01,49.9958,4.179e-05,-0.001447,1.4802e-01
12,1,12,3,5,37,43,0.000076,8.0888e-01,50.0023,2.299e-05,-0.000194,8.4613e-01
12,1,13,3,5,41,47,0.000155,6.2446e-01,49.9988,1.159e-05,-0.000917,3.5913e-01
12,1,14,3,5,43,53,0.000387,2.2061e-01,50.0037,3.699e-05,+0.000036,9.7121e-01
12,1,15,3,5,47,59,0.000244,4.4018e-01,49.9955,4.529e-05,-0.001426,1.5383e-01
12,1,16,3,5,53,61,0.000072,8.2035e-01,49.9978,2.215e-05,-0.001584,1.1318e-01
12,1,17,3,5,59,67,0.000119,7.0710e-01,49.9885,1.154e-04,-0.000648,5.1700e-01
12,1,18,3,5,61,71,0.000295,3.5062e-01,49.9957,4.298e-05,+0.000015,9.8791e-01
12,1,19,3,5,67,73,0.000003,9.9120e-01,50.0016,1.649e-05,+0.000115,9.0843e-01
12,2,3,5,7,7,11,0.000113,7.2054e-01,49.9910,8.967e-05,+0.000082,9.3428e-01
12,2,4,5,7,8,13,0.000211,5.0478e-01,50.0037,3.676e-05,-0.000319,7.5010e-01
12,2,5,5,7,11,17,0.000059,8.5247e-01,50.0139,1.388e-04,-0.001017,3.0896e-01
12,2,6,5,7,13,19,0.000052,8.6862e-01,49.9963,3.655e-05,-0.000763,4.4575e-01
12,2,7,5,7,17,23,0.000416,1.8791e-01,50.0002,1.850e-06,-0.000900,3.6815e-01
12,2,8,5,7,19,29,0.000129,6.8392e-01,50.0023,2.322e-05,-0.000189,8.4977e-01
12,2,9,5,7,23,31,0.000132,6.7703e-01,49.9927,7.295e-05,+0.000926,3.5427e-01
12,2,10,5,7,29,37,0.000068,8.3067e-01,49.9967,3.301e-05,+0.001347,1.7788e-01
12,2,11,5,7,31,41,0.000658,3.7418e-02,49.9962,3.795e-05,-0.000049,9.6099e-01
12,2,12,5,7,37,43,0.000270,3.9389e-01,50.0042,4.195e-05,+0.001217,2.2376e-01
12,2,13,5,7,41,47,0.000084,7.8945e-01,49.9960,4.002e-05,-0.000948,3.4335e-01
12,2,14,5,7,43,53,0.000151,6.3194e-01,49.9997,2.850e-06,-0.000144,8.8512e-01
12,2,15,5,7,47,59,0.000308,3.2972e-01,49.9906,9.390e-05,+0.001183,2.3696e-01
12,2,16,5,7,53,61,0.000310,3.2668e-01,50.0000,1.625e-07,-0.000318,7.5044e-01
12,2,17,5,7,59,67,0.000412,1.9283e-01,50.0083,8.255e-05,-0.000130,8.9677e-01
12,2,18,5,7,61,71,0.000008,9.7953e-01,50.0007,7.237e-06,+0.000688,4.9135e-01
12,2,19,5,7,67,73,0.000423,1.8144e-01,49.9999,7.500e-07,-0.000703,4.8214e-01
12,3,4,7,11,8,13,0.000075,8.1233e-01,49.9991,8.988e-06,-0.000138,8.9016e-01
12,3,5,7,11,11,17,0.000073,8.1740e-01,49.9977,2.335e-05,-0.000248,8.0376e-01
12,3,6,7,11,13,19,0.000814,1.0092e-02,50.0025,2.547e-05,+0.000353,7.2401e-01
12,3,7,7,11,17,23,0.000072,8.1953e-01,49.9954,4.568e-05,-0.002094,3.6234e-02
12,3,8,7,11,19,29,0.000474,1.3355e-01,50.0036,3.597e-05,+0.000236,8.1369e-01
12,3,9,7,11,23,31,0.000433,1.7049e-01,49.9955,4.518e-05,+0.001109,2.6753e-01
12,3,10,7,11,29,37,0.000018,9.5532e-01,49.9996,3.763e-06,-0.000495,6.2051e-01
12,3,11,7,11,31,41,0.000169,5.9368e-01,50.0065,6.458e-05,-0.000906,3.6510e-01
12,3,12,7,11,37,43,0.000057,8.5700e-01,50.0000,2.750e-07,+0.001127,2.5988e-01
12,3,13,7,11,41,47,0.000132,6.7549e-01,49.9937,6.288e-05,+0.000544,5.8657e-01
12,3,14,7,11,43,53,0.000277,3.8021e-01,49.9978,2.198e-05,+0.000062,9.5066e-01
12,3,15,7,11,47,59,0.000306,3.3302e-01,50.0092,9.165e-05,+0.001717,8.5951e-02
12,3,16,7,11,53,61,0.000118,7.0979e-01,49.9986,1.439e-05,+0.000047,9.6281e-01
12,3,17,7,11,59,67,0.000327,3.0168e-01,49.9958,4.240e-05,-0.000976,3.2915e-01
12,3,18,7,11,61,71,0.000627,4.7421e-02,49.9996,4.112e-06,-0.000795,4.2684e-01
12,3,19,7,11,67,73,0.000040,8.9956e-01,50.0143,1.426e-04,+0.000591,5.5484e-01
12,4,5,8,13,11,17,0.000649,4.0278e-02,50.0043,4.326e-05,-0.001456,1.4542e-01
12,4,6,8,13,13,19,0.000008,9.7919e-01,49.9960,4.014e-05,-0.001104,2.6972e-01
12,4,7,8,13,17,23,0.000234,4.5985e-01,50.0005,4.688e-06,-0.000895,3.7101e-01
12,4,8,8,13,19,29,0.000301,3.4108e-01,49.9944,5.621e-05,-0.000111,9.1184e-01
12,4,9,8,13,23,31,0.000396,2.1034e-01,49.9984,1.564e-05,-0.000105,9.1605e-01
12,4,10,8,13,29,37,0.000183,5.6263e-01,49.9951,4.900e-05,-0.000647,5.1753e-01
12,4,11,8,13,31,41,0.000186,5.5571e-01,50.0098,9.786e-05,-0.001039,2.9880e-01
12,4,12,8,13,37,43,0.000119,7.0728e-01,49.9977,2.254e-05,+0.000375,7.0771e-01
12,4,13,8,13,41,47,0.000418,1.8675e-01,50.0024,2.424e-05,+0.000191,8.4888e-01
12,4,14,8,13,43,53,0.000208,5.1155e-01,49.9989,1.131e-05,+0.000338,7.3549e-01
12,4,15,8,13,47,59,0.000253,4.2289e-01,50.0011,1.074e-05,+0.000989,3.2252e-01
12,4,16,8,13,53,61,0.000174,5.8206e-01,49.9942,5.842e-05,-0.000694,4.8750e-01
12,4,17,8,13,59,67,0.000330,2.9642e-01,49.9952,4.759e-05,+0.001024,3.0600e-01
12,4,18,8,13,61,71,0.000247,4.3456e-01,50.0083,8.315e-05,-0.000199,8.4211e-01
12,4,19,8,13,67,73,0.000485,1.2488e-01,50.0082,8.181e-05,-0.000259,7.9597e-01
12,5,6,11,17,13,19,0.000448,1.5611e-01,50.0024,2.442e-05,-0.001340,1.8035e-01
12,5,7,11,17,17,23,0.000167,5.9687e-01,50.0082,8.170e-05,-0.000167,8.6746e-01
12,5,8,11,17,19,29,0.000466,1.4040e-01,50.0023,2.255e-05,+0.000113,9.1036e-01
12,5,9,11,17,23,31,0.000039,9.0251e-01,49.9967,3.323e-05,+0.000062,9.5054e-01
12,5,10,11,17,29,37,0.000185,5.5750e-01,49.9988,1.209e-05,-0.001631,1.0280e-01
12,5,11,11,17,31,41,0.000131,6.7857e-01,50.0020,2.030e-05,+0.000123,9.0219e-01
12,5,12,11,17,37,43,0.000133,6.7323e-01,49.9903,9.718e-05,-0.000281,7.7849e-01
12,5,13,11,17,41,47,0.000252,4.2572e-01,50.0146,1.462e-04,+0.000212,8.3205e-01
12,5,14,11,17,43,53,0.000377,2.3302e-01,50.0003,2.700e-06,+0.001164,2.4462e-01
12,5,15,11,17,47,59,0.000193,5.4197e-01,50.0024,2.355e-05,+0.000648,5.1686e-01
12,5,16,11,17,53,61,0.000169,5.9381e-01,49.9940,6.034e-05,-0.001432,1.5224e-01
12,5,17,11,17,59,67,0.000144,6.4993e-01,49.9951,4.917e-05,+0.000396,6.9205e-01
12,5,18,11,17,61,71,0.000075,8.1216e-01,50.0005,4.787e-06,+0.000830,4.0630e-01
12,5,19,11,17,67,73,0.000271,3.9182e-01,50.0000,1.250e-07,+0.000523,6.0077e-01
12,6,7,13,19,17,23,0.000161,6.1099e-01,49.9990,9.525e-06,+0.001444,1.4867e-01
12,6,8,13,19,19,29,0.000231,4.6546e-01,50.0119,1.195e-04,-0.000057,9.5436e-01
12,6,9,13,19,23,31,0.000126,6.9015e-01,49.9992,7.875e-06,+0.001938,5.2587e-02
12,6,10,13,19,29,37,0.000010,9.7354e-01,49.9992,8.488e-06,+0.001016,3.0980e-01
12,6,11,13,19,31,41,0.000018,9.5430e-01,50.0034,3.422e-05,-0.000026,9.7953e-01
12,6,12,13,19,37,43,0.000044,8.8862e-01,49.9991,9.200e-06,+0.001444,1.4875e-01
12,6,13,13,19,41,47,0.000109,7.2985e-01,50.0054,5.378e-05,-0.000015,9.8788e-01
12,6,14,13,19,43,53,0.000093,7.6912e-01,49.9938,6.185e-05,+0.001493,1.3551e-01
12,6,15,13,19,47,59,0.000297,3.4831e-01,50.0080,8.035e-05,+0.000906,3.6509e-01
12,6,16,13,19,53,61,0.000335,2.8952e-01,50.0009,9.163e-06,-0.000330,7.4116e-01
12,6,17,13,19,59,67,0.000030,9.2370e-01,49.9974,2.568e-05,+0.001340,1.8019e-01
12,6,18,13,19,61,71,0.000408,1.9665e-01,49.9920,7.996e-05,+0.000345,7.2981e-01
12,6,19,13,19,67,73,0.000109,7.3120e-01,49.9936,6.417e-05,-0.001624,1.0430e-01
12,7,8,17,23,19,29,0.000247,4.3537e-01,49.9892,1.081e-04,+0.001800,7.1792e-02
12,7,9,17,23,23,31,0.000021,9.4599e-01,49.9973,2.700e-05,+0.000480,6.3130e-01
12,7,10,17,23,29,37,0.000208,5.1119e-01,49.9921,7.911e-05,+0.000030,9.7644e-01
12,7,11,17,23,31,41,0.000660,3.6864e-02,49.9872,1.279e-04,+0.000141,8.8810e-01
12,7,12,17,23,37,43,0.000372,2.3933e-01,50.0007,7.450e-06,+0.000211,8.3321e-01
12,7,13,17,23,41,47,0.000059,8.5249e-01,49.9947,5.288e-05,+0.000550,5.8206e-01
12,7,14,17,23,43,53,0.000588,6.2747e-02,50.0052,5.243e-05,-0.000135,8.9234e-01
12,7,15,17,23,47,59,0.000322,3.0795e-01,50.0086,8.625e-05,-0.000457,6.4738e-01
12,7,16,17,23,53,61,0.000346,2.7428e-01,50.0074,7.376e-05,+0.001029,3.0358e-01
12,7,17,17,23,59,67,0.000045,8.8689e-01,50.0006,6.200e-06,-0.000775,4.3857e-01
12,7,18,17,23,61,71,0.000051,8.7280e-01,49.9929,7.054e-05,+0.000363,7.1660e-01
12,7,19,17,23,67,73,0.000510,1.0669e-01,50.0131,1.306e-04,-0.000032,9.7472e-01
12,8,9,19,29,23,31,0.000175,5.7914e-01,50.0024,2.358e-05,+0.001516,1.2957e-01
12,8,10,19,29,29,37,0.000063,8.4187e-01,50.0018,1.804e-05,+0.000155,8.7689e-01
12,8,11,19,29,31,41,0.000529,9.4153e-02,50.0028,2.770e-05,+0.000191,8.4840e-01
12,8,12,19,29,37,43,0.000128,6.8462e-01,49.9936,6.360e-05,+0.000358,7.2000e-01
12,8,13,19,29,41,47,0.000062,8.4498e-01,50.0076,7.610e-05,+0.002065,3.8908e-02
12,8,14,19,29,43,53,0.000285,3.6674e-01,50.0011,1.108e-05,+0.001784,7.4471e-02
12,8,15,19,29,47,59,0.000697,2.7416e-02,49.9940,5.980e-05,-0.001304,1.9238e-01
12,8,16,19,29,53,61,0.000174,5.8269e-01,50.0072,7.159e-05,+0.000907,3.6455e-01
12,8,17,19,29,59,67,0.000262,4.0802e-01,49.9985,1.497e-05,+0.000132,8.9525e-01
12,8,18,19,29,61,71,0.000039,9.0196e-01,49.9945,5.531e-05,-0.001085,2.7781e-01
12,8,19,19,29,67,73,0.000323,3.0657e-01,49.9999,1.450e-06,+0.000244,8.0738e-01
12,9,10,23,31,29,37,0.000038,9.0521e-01,50.0010,9.663e-06,-0.000280,7.7913e-01
12,9,11,23,31,31,41,0.000053,8.6651e-01,50.0076,7.578e-05,-0.001049,2.9395e-01
12,9,12,23,31,37,43,0.000154,6.2722e-01,50.0023,2.305e-05,+0.000312,7.5476e-01
12,9,13,23,31,41,47,0.000013,9.6692e-01,50.0006,5.975e-06,-0.001611,1.0722e-01
12,9,14,23,31,43,53,0.000913,3.8733e-03,49.9966,3.380e-05,+0.000582,5.6063e-01
12,9,15,23,31,47,59,0.000034,9.1434e-01,50.0110,1.100e-04,-0.000789,4.2984e-01
12,9,16,23,31,53,61,0.000402,2.0409e-01,49.9975,2.484e-05,+0.000996,3.1928e-01
12,9,17,23,31,59,67,0.000248,4.3306e-01,49.9986,1.447e-05,+0.000045,9.6389e-01
12,9,18,23,31,61,71,0.000452,1.5307e-01,50.0061,6.149e-05,+0.000022,9.8239e-01
12,9,19,23,31,67,73,0.000040,8.9880e-01,49.9978,2.230e-05,+0.000317,7.5131e-01
12,10,11,29,37,31,41,0.000133,6.7365e-01,49.9954,4.606e-05,+0.000554,5.7981e-01
12,10,12,29,37,37,43,0.000138,6.6152e-01,50.0019,1.916e-05,-0.000911,3.6248e-01
12,10,13,29,37,41,47,0.000327,3.0151e-01,50.0060,5.969e-05,+0.000549,5.8270e-01
12,10,14,29,37,43,53,0.000305,3.3486e-01,49.9947,5.331e-05,+0.000500,6.1687e-01
12,10,15,29,37,47,59,0.000164,6.0447e-01,50.0052,5.231e-05,-0.000165,8.6877e-01
12,10,16,29,37,53,61,0.000178,5.7452e-01,50.0039,3.867e-05,+0.000078,9.3754e-01
12,10,17,29,37,59,67,0.000304,3.3713e-01,50.0039,3.854e-05,+0.000808,4.1930e-01
12,10,18,29,37,61,71,0.000180,5.6873e-01,50.0033,3.343e-05,+0.002358,1.8386e-02
12,10,19,29,37,67,73,0.000216,4.9455e-01,50.0014,1.431e-05,-0.001145,2.5217e-01
12,11,12,31,41,37,43,0.000250,4.2891e-01,49.9989,1.080e-05,+0.000644,5.1926e-01
12,11,13,31,41,41,47,0.000597,5.8831e-02,49.9944,5.585e-05,-0.001092,2.7501e-01
12,11,14,31,41,43,53,0.000043,8.9291e-01,49.9989,1.085e-05,-0.000422,6.7336e-01
12,11,15,31,41,47,59,0.000320,3.1119e-01,50.0042,4.192e-05,-0.001418,1.5616e-01
12,11,16,31,41,53,61,0.000164,6.0307e-01,49.9986,1.449e-05,+0.000936,3.4922e-01
12,11,17,31,41,59,67,0.000104,7.4141e-01,50.0120,1.199e-04,+0.000455,6.4932e-01
12,11,18,31,41,61,71,0.000033,9.1717e-01,49.9990,1.034e-05,-0.000701,4.8356e-01
12,11,19,31,41,67,73,0.000197,5.3281e-01,50.0001,6.000e-07,+0.000254,7.9973e-01
12,12,13,37,43,41,47,0.000095,7.6277e-01,49.9979,2.075e-05,+0.001344,1.7904e-01
12,12,14,37,43,43,53,0.000114,7.1916e-01,50.0050,4.955e-05,+0.000578,5.6317e-01
12,12,15,37,43,47,59,0.000248,4.3340e-01,50.0074,7.410e-05,-0.000419,6.7550e-01
12,12,16,37,43,53,61,0.000126,6.8949e-01,49.9965,3.451e-05,+0.002004,4.5051e-02
12,12,17,37,43,59,67,0.000136,6.6635e-01,50.0033,3.255e-05,-0.000630,5.2893e-01
12,12,18,37,43,61,71,0.000066,8.3385e-01,50.0025,2.544e-05,-0.000728,4.6664e-01
12,12,19,37,43,67,73,0.000044,8.8870e-01,49.9947,5.322e-05,-0.000825,4.0922e-01
12,13,14,41,47,43,53,0.000101,7.4878e-01,50.0006,6.375e-06,+0.000493,6.2213e-01
12,13,15,41,47,47,59,0.000436,1.6781e-01,50.0034,3.403e-05,+0.000426,6.6979e-01
12,13,16,41,47,53,61,0.000480,1.2874e-01,50.0017,1.664e-05,+0.001307,1.9110e-01
12,13,17,41,47,59,67,0.000288,3.6223e-01,50.0021,2.133e-05,+0.000440,6.5996e-01
12,13,18,41,47,61,71,0.000119,7.0719e-01,49.9970,2.984e-05,+0.001814,6.9714e-02
12,13,19,41,47,67,73,0.000027,9.3094e-01,50.0034,3.385e-05,+0.001929,5.3699e-02
12,14,15,43,53,47,59,0.000120,7.0481e-01,49.9979,2.083e-05,-0.000446,6.5564e-01
12,14,16,43,53,53,61,0.000511,1.0593e-01,50.0024,2.426e-05,-0.000548,5.8360e-01
12,14,17,43,53,59,67,0.000111,7.2657e-01,49.9989,1.092e-05,+0.000171,8.6428e-01
12,14,18,43,53,61,71,0.000251,4.2771e-01,49.9972,2.796e-05,+0.000896,3.7014e-01
12,14,19,43,53,67,73,0.000357,2.5872e-01,49.9979,2.103e-05,+0.000799,4.2436e-01
12,15,16,47,59,53,61,0.000315,3.1885e-01,50.0011,1.084e-05,+0.000507,6.1245e-01
12,15,17,47,59,59,67,0.000475,1.3281e-01,50.0084,8.380e-05,+0.000635,5.2532e-01
12,15,18,47,59,61,71,0.000598,5.8701e-02,49.9994,6.112e-06,-0.000910,3.6308e-01
12,15,19,47,59,67,73,0.000476,1.3216e-01,49.9994,6.175e-06,-0.000036,9.7131e-01
12,16,17,53,61,59,67,0.000268,3.9621e-01,49.9917,8.261e-05,+0.000099,9.2109e-01
12,16,18,53,61,61,71,0.000247,4.3393e-01,49.9960,3.968e-05,+0.000676,4.9925e-01
12,16,19,53,61,67,73,0.000245,4.3818e-01,49.9971,2.866e-05,+0.001125,2.6076e-01
12,17,18,59,67,61,71,0.000014,9.6508e-01,49.9976,2.356e-05,+0.000709,4.7826e-01
12,17,19,59,67,67,73,0.000086,7.8577e-01,49.9984,1.635e-05,-0.001787,7.3874e-02
12,18,19,61,71,67,73,0.000392,2.1469e-01,50.0017,1.746e-05,-0.001451,1.4670e-01
13,0,1,2,3,3,5,0.000453,1.5213e-01,49.9926,7.434e-05,+0.000358,7.2052e-01
13,0,2,2,3,5,7,0.000501,1.1344e-01,49.9984,1.584e-05,-0.000062,9.5023e-01
13,0,3,2,3,7,11,0.000108,7.3373e-01,49.9979,2.074e-05,+0.001090,2.7574e-01
13,0,4,2,3,8,13,0.000263,4.0563e-01,49.9956,4.420e-05,-0.001748,8.0507e-02
13,0,5,2,3,11,17,0.000261,4.0875e-01,50.0070,7.008e-05,+0.000063,9.5015e-01
13,0,6,2,3,13,19,0.000091,7.7451e-01,49.9926,7.431e-05,-0.000272,7.8579e-01
13,0,7,2,3,17,23,0.000296,3.4872e-01,49.9964,3.584e-05,+0.001579,1.1437e-01
13,0,8,2,3,19,29,0.000451,1.5368e-01,49.9965,3.525e-05,+0.000177,8.5935e-01
13,0,9,2,3,23,31,0.000259,4.1298e-01,49.9977,2.330e-05,-0.001770,7.6667e-02
13,0,10,2,3,29,37,0.000067,8.3223e-01,49.9988,1.204e-05,+0.000151,8.8007e-01
13,0,11,2,3,31,41,0.000160,6.1201e-01,49.9960,4.016e-05,-0.001608,1.0780e-01
13,0,12,2,3,37,43,0.000074,8.1580e-01,49.9944,5.590e-05,+0.000941,3.4692e-01
13,0,13,2,3,41,47,0.000147,6.4246e-01,50.0043,4.342e-05,+0.000059,9.5281e-01
13,0,14,2,3,43,53,0.000116,7.1490e-01,50.0101,1.007e-04,+0.002360,1.8298e-02
13,0,15,2,3,47,59,0.000201,5.2542e-01,49.9966,3.378e-05,-0.000889,3.7424e-01
13,0,16,2,3,53,61,0.000019,9.5134e-01,49.9980,2.015e-05,+0.001006,3.1450e-01
13,0,17,2,3,59,67,0.000559,7.7301e-02,49.9953,4.742e-05,-0.000825,4.0917e-01
13,0,18,2,3,61,71,0.000810,1.0387e-02,49.9952,4.784e-05,-0.000487,6.2604e-01
13,0,19,2,3,67,73,0.000452,1.5314e-01,49.9960,3.993e-05,+0.001907,5.6497e-02
13,1,2,3,5,5,7,0.000264,4.0367e-01,50.0032,3.160e-05,+0.001293,1.9617e-01
13,1,3,3,5,7,11,0.000359,2.5566e-01,49.9870,1.303e-04,-0.000841,4.0028e-01
13,1,4,3,5,8,13,0.000258,4.1487e-01,50.0068,6.826e-05,-0.000473,6.3638e-01
13,1,5,3,5,11,17,0.000608,5.4510e-02,50.0014,1.384e-05,+0.000486,6.2673e-01
13,1,6,3,5,13,19,0.000082,7.9444e-01,49.9978,2.160e-05,-0.001565,1.1747e-01
13,1,7,3,5,17,23,0.000135,6.6949e-01,50.0027,2.658e-05,-0.000107,9.1454e-01
13,1,8,3,5,19,29,0.000278,3.8018e-01,49.9976,2.381e-05,+0.000830,4.0639e-01
13,1,9,3,5,23,31,0.000392,2.1507e-01,49.9940,6.044e-05,+0.000839,4.0126e-01
13,1,10,3,5,29,37,0.000114,7.1742e-01,49.9975,2.518e-05,+0.000599,5.4907e-01
13,1,11,3,5,31,41,0.000105,7.3902e-01,49.9962,3.842e-05,-0.000338,7.3504e-01
13,1,12,3,5,37,43,0.000425,1.7856e-01,50.0031,3.081e-05,-0.001509,1.3126e-01
13,1,13,3,5,41,47,0.000131,6.7971e-01,50.0002,2.238e-06,+0.001336,1.8139e-01
13,1,14,3,5,43,53,0.000188,5.5299e-01,50.0049,4.870e-05,-0.000075,9.4032e-01
13,1,15,3,5,47,59,0.000224,4.7827e-01,49.9963,3.709e-05,+0.000328,7.4324e-01
13,1,16,3,5,53,61,0.000544,8.5155e-02,49.9970,2.981e-05,-0.000427,6.6967e-01
13,1,17,3,5,59,67,0.000239,4.4954e-01,50.0040,3.961e-05,+0.000901,3.6763e-01
13,1,18,3,5,61,71,0.000314,3.2007e-01,50.0066,6.573e-05,-0.001727,8.4224e-02
13,1,19,3,5,67,73,0.000339,2.8350e-01,50.0072,7.199e-05,-0.000102,9.1837e-01
13,2,3,5,7,7,11,0.000698,2.7246e-02,49.9948,5.237e-05,+0.000760,4.4748e-01
13,2,4,5,7,8,13,0.000337,2.8670e-01,49.9980,2.004e-05,+0.000571,5.6832e-01
13,2,5,5,7,11,17,0.000139,6.5994e-01,50.0140,1.401e-04,-0.000697,4.8551e-01
13,2,6,5,7,13,19,0.000370,2.4219e-01,50.0033,3.260e-05,-0.000336,7.3675e-01
13,2,7,5,7,17,23,0.000153,6.2824e-01,50.0019,1.863e-05,+0.000424,6.7128e-01
13,2,8,5,7,19,29,0.000170,5.9063e-01,50.0035,3.459e-05,+0.000275,7.8341e-01
13,2,9,5,7,23,31,0.000060,8.5061e-01,50.0053,5.254e-05,+0.000499,6.1798e-01
13,2,10,5,7,29,37,0.000363,2.5092e-01,49.9860,1.403e-04,-0.000270,7.8697e-01
13,2,11,5,7,31,41,0.000340,2.8268e-01,49.9946,5.425e-05,-0.000493,6.2209e-01
13,2,12,5,7,37,43,0.000011,9.7245e-01,50.0109,1.094e-04,+0.000381,7.0326e-01
13,2,13,5,7,41,47,0.000088,7.8050e-01,49.9931,6.904e-05,-0.000454,6.5019e-01
13,2,14,5,7,43,53,0.000432,1.7195e-01,50.0055,5.460e-05,-0.000591,5.5423e-01
13,2,15,5,7,47,59,0.000315,3.1851e-01,50.0019,1.861e-05,+0.002293,2.1876e-02
13,2,16,5,7,53,61,0.000221,4.8385e-01,50.0025,2.464e-05,-0.000696,4.8642e-01
13,2,17,5,7,59,67,0.000369,2.4368e-01,50.0021,2.061e-05,+0.000814,4.1552e-01
13,2,18,5,7,61,71,0.000078,8.0625e-01,50.0002,1.975e-06,+0.001197,2.3114e-01
13,2,19,5,7,67,73,0.000012,9.7079e-01,50.0001,6.875e-07,-0.001955,5.0548e-02
13,3,4,7,11,8,13,0.000780,1.3588e-02,49.9986,1.371e-05,+0.001204,2.2845e-01
13,3,5,7,11,11,17,0.000226,4.7409e-01,49.9906,9.431e-05,+0.000489,6.2451e-01
13,3,6,7,11,13,19,0.000388,2.1978e-01,50.0040,3.993e-05,+0.000141,8.8800e-01
13,3,7,7,11,17,23,0.000662,3.6360e-02,49.9913,8.670e-05,-0.000355,7.2289e-01
13,3,8,7,11,19,29,0.000125,6.9252e-01,50.0016,1.579e-05,-0.000212,8.3213e-01
13,3,9,7,11,23,31,0.000242,4.4405e-01,50.0034,3.424e-05,+0.000249,8.0307e-01
13,3,10,7,11,29,37,0.000371,2.4092e-01,49.9994,6.025e-06,-0.000083,9.3392e-01
13,3,11,7,11,31,41,0.000215,4.9578e-01,50.0020,1.978e-05,-0.000648,5.1684e-01
13,3,12,7,11,37,43,0.000279,3.7754e-01,50.0077,7.741e-05,-0.000821,4.1180e-01
13,3,13,7,11,41,47,0.000138,6.6161e-01,49.9913,8.654e-05,-0.000144,8.8568e-01
13,3,14,7,11,43,53,0.000534,9.1253e-02,50.0102,1.017e-04,-0.001255,2.0954e-01
13,3,15,7,11,47,59,0.000137,6.6424e-01,49.9937,6.336e-05,-0.000400,6.8892e-01
13,3,16,7,11,53,61,0.000374,2.3734e-01,50.0022,2.214e-05,+0.001098,2.7239e-01
13,3,17,7,11,59,67,0.000321,3.1025e-01,49.9953,4.691e-05,+0.000898,3.6900e-01
13,3,18,7,11,61,71,0.000125,6.9317e-01,49.9953,4.655e-05,+0.001698,8.9480e-02
13,3,19,7,11,67,73,0.000017,9.5589e-01,50.0012,1.174e-05,+0.000513,6.0789e-01
13,4,5,8,13,11,17,0.000003,9.9181e-01,49.9960,3.985e-05,+0.001011,3.1207e-01
13,4,6,8,13,13,19,0.000006,9.8460e-01,50.0048,4.764e-05,-0.000080,9.3611e-01
13,4,7,8,13,17,23,0.000174,5.8289e-01,50.0038,3.771e-05,-0.001464,1.4321e-01
13,4,8,8,13,19,29,0.000094,7.6648e-01,50.0036,3.555e-05,-0.001130,2.5864e-01
13,4,9,8,13,23,31,0.000295,3.5105e-01,49.9968,3.200e-05,+0.000270,7.8682e-01
13,4,10,8,13,29,37,0.000323,3.0773e-01,50.0003,2.887e-06,-0.000824,4.0976e-01
13,4,11,8,13,31,41,0.000207,5.1276e-01,49.9965,3.541e-05,+0.000203,8.3942e-01
13,4,12,8,13,37,43,0.000476,1.3218e-01,50.0023,2.263e-05,-0.001953,5.0800e-02
13,4,13,8,13,41,47,0.000147,6.4261e-01,50.0041,4.092e-05,+0.000033,9.7367e-01
13,4,14,8,13,43,53,0.000227,4.7284e-01,49.9957,4.349e-05,-0.001026,3.0505e-01
13,4,15,8,13,47,59,0.000401,2.0433e-01,50.0053,5.342e-05,-0.001281,2.0021e-01
13,4,16,8,13,53,61,0.000298,3.4680e-01,49.9928,7.218e-05,-0.000600,5.4881e-01
13,4,17,8,13,59,67,0.000493,1.1896e-01,50.0036,3.568e-05,+0.000987,3.2371e-01
13,4,18,8,13,61,71,0.000414,1.9002e-01,50.0065,6.536e-05,-0.001178,2.3885e-01
13,4,19,8,13,67,73,0.000460,1.4555e-01,50.0106,1.064e-04,-0.000066,9.4759e-01
13,5,6,11,17,13,19,0.000530,9.3834e-02,49.9995,5.437e-06,-0.000500,6.1709e-01
13,5,7,11,17,17,23,0.000227,4.7296e-01,50.0080,8.034e-05,+0.000835,4.0363e-01
13,5,8,11,17,19,29,0.000073,8.1744e-01,49.9987,1.297e-05,-0.001007,3.1390e-01
13,5,9,11,17,23,31,0.000457,1.4882e-01,49.9981,1.903e-05,+0.001437,1.5075e-01
13,5,10,11,17,29,37,0.000112,7.2389e-01,50.0068,6.756e-05,+0.001199,2.3062e-01
13,5,11,11,17,31,41,0.000319,3.1309e-01,49.9962,3.829e-05,+0.000990,3.2225e-01
13,5,12,11,17,37,43,0.000414,1.9022e-01,49.9928,7.247e-05,-0.001124,2.6100e-01
13,5,13,11,17,41,47,0.000349,2.6928e-01,49.9997,3.375e-06,+0.000909,3.6324e-01
13,5,14,11,17,43,53,0.000195,5.3673e-01,50.0033,3.321e-05,-0.000655,5.1216e-01
13,5,15,11,17,47,59,0.000179,5.7061e-01,49.9918,8.165e-05,+0.000301,7.6346e-01
13,5,16,11,17,53,61,0.000340,2.8279e-01,49.9953,4.667e-05,+0.000702,4.8249e-01
13,5,17,11,17,59,67,0.000642,4.2346e-02,49.9906,9.405e-05,-0.000963,3.3562e-01
13,5,18,11,17,61,71,0.000455,1.5037e-01,50.0018,1.789e-05,-0.000942,3.4612e-01
13,5,19,11,17,67,73,0.000142,6.5450e-01,50.0007,6.825e-06,+0.000074,9.4090e-01
13,6,7,13,19,17,23,0.000130,6.8166e-01,49.9983,1.728e-05,+0.001253,2.1006e-01
13,6,8,13,19,19,29,0.000147,6.4256e-01,49.9975,2.501e-05,-0.002533,1.1311e-02
13,6,9,13,19,23,31,0.000444,1.5997e-01,50.0095,9.496e-05,-0.000411,6.8080e-01
13,6,10,13,19,29,37,0.000496,1.1689e-01,50.0021,2.110e-05,+0.000486,6.2663e-01
13,6,11,13,19,31,41,0.000618,5.0630e-02,49.9992,7.600e-06,+0.000800,4.2373e-01
13,6,12,13,19,37,43,0.000217,4.9239e-01,50.0051,5.116e-05,-0.000481,6.3072e-01
13,6,13,13,19,41,47,0.000094,7.6507e-01,50.0009,9.062e-06,+0.000762,4.4584e-01
13,6,14,13,19,43,53,0.000022,9.4501e-01,49.9956,4.398e-05,-0.000332,7.3969e-01
13,6,15,13,19,47,59,0.000110,7.2838e-01,50.0044,4.369e-05,-0.001293,1.9610e-01
13,6,16,13,19,53,61,0.000203,5.2155e-01,50.0034,3.399e-05,-0.001068,2.8557e-01
13,6,17,13,19,59,67,0.000355,2.6119e-01,50.0041,4.051e-05,-0.000309,7.5713e-01
13,6,18,13,19,61,71,0.000420,1.8376e-01,49.9890,1.099e-04,+0.000943,3.4585e-01
13,6,19,13,19,67,73,0.000705,2.5885e-02,50.0014,1.441e-05,+0.000318,7.5079e-01
13,7,8,17,23,19,29,0.000385,2.2371e-01,50.0016,1.591e-05,+0.000398,6.9098e-01
13,7,9,17,23,23,31,0.000226,4.7514e-01,49.9940,6.039e-05,-0.001120,2.6284e-01
13,7,10,17,23,29,37,0.000750,1.7697e-02,50.0079,7.890e-05,-0.000649,5.1662e-01
13,7,11,17,23,31,41,0.000537,8.9281e-02,49.9994,5.900e-06,-0.001105,2.6908e-01
13,7,12,17,23,37,43,0.000114,7.1888e-01,49.9998,1.587e-06,-0.001152,2.4933e-01
13,7,13,17,23,41,47,0.000223,4.8086e-01,50.0061,6.061e-05,-0.000662,5.0779e-01
13,7,14,17,23,43,53,0.000240,4.4802e-01,49.9924,7.575e-05,-0.000252,8.0073e-01
13,7,15,17,23,47,59,0.000306,3.3310e-01,50.0104,1.043e-04,+0.000865,3.8722e-01
13,7,16,17,23,53,61,0.000016,9.5938e-01,49.9971,2.934e-05,-0.000389,6.9755e-01
13,7,17,17,23,59,67,0.000146,6.4373e-01,49.9981,1.934e-05,+0.002145,3.1980e-02
13,7,18,17,23,61,71,0.000476,1.3262e-01,49.9917,8.257e-05,+0.000888,3.7431e-01
13,7,19,17,23,67,73,0.000127,6.8814e-01,50.0002,2.312e-06,-0.000915,3.5993e-01
13,8,9,19,29,23,31,0.000527,9.5539e-02,50.0007,6.700e-06,+0.000935,3.4961e-01
13,8,10,19,29,29,37,0.000055,8.6200e-01,49.9967,3.331e-05,-0.002420,1.5525e-02
13,8,11,19,29,31,41,0.000048,8.7985e-01,49.9935,6.494e-05,+0.000514,6.0721e-01
13,8,12,19,29,37,43,0.000313,3.2292e-01,49.9950,5.020e-05,+0.000544,5.8623e-01
13,8,13,19,29,41,47,0.000130,6.8151e-01,49.9984,1.618e-05,-0.001488,1.3662e-01
13,8,14,19,29,43,53,0.000198,5.3048e-01,49.9954,4.571e-05,+0.001061,2.8879e-01
13,8,15,19,29,47,59,0.000217,4.9270e-01,50.0050,4.950e-05,-0.000474,6.3559e-01
13,8,16,19,29,53,61,0.000486,1.2416e-01,50.0006,6.325e-06,-0.000180,8.5700e-01
13,8,17,19,29,59,67,0.000569,7.2154e-02,49.9847,1.532e-04,+0.001598,1.1005e-01
13,8,18,19,29,61,71,0.000245,4.3921e-01,49.9986,1.356e-05,-0.000509,6.1094e-01
13,8,19,19,29,67,73,0.000857,6.7361e-03,50.0003,2.775e-06,+0.000879,3.7932e-01
13,9,10,23,31,29,37,0.000649,4.0006e-02,50.0009,9.238e-06,-0.000185,8.5349e-01
13,9,11,23,31,31,41,0.000061,8.4664e-01,49.9975,2.494e-05,-0.001006,3.1439e-01
13,9,12,23,31,37,43,0.000103,7.4346e-01,50.0002,1.525e-06,-0.001197,2.3114e-01
13,9,13,23,31,41,47,0.000013,9.6627e-01,49.9890,1.098e-04,-0.000499,6.1808e-01
13,9,14,23,31,43,53,0.000467,1.3958e-01,50.0068,6.791e-05,+0.001479,1.3925e-01
13,9,15,23,31,47,59,0.000114,7.1862e-01,50.0008,7.800e-06,+0.001041,2.9785e-01
13,9,16,23,31,53,61,0.000177,5.7570e-01,50.0028,2.815e-05,-0.000478,6.3297e-01
13,9,17,23,31,59,67,0.000175,5.8044e-01,49.9962,3.825e-05,-0.001306,1.9141e-01
13,9,18,23,31,61,71,0.000271,3.9157e-01,50.0088,8.794e-05,+0.000299,7.6503e-01
13,9,19,23,31,67,73,0.000176,5.7709e-01,49.9975,2.465e-05,+0.000323,7.4691e-01
13,10,11,29,37,31,41,0.000139,6.6108e-01,49.9997,3.325e-06,-0.000829,4.0690e-01
13,10,12,29,37,37,43,0.000009,9.7655e-01,49.9959,4.129e-05,-0.000973,3.3070e-01
13,10,13,29,37,41,47,0.000180,5.6817e-01,50.0051,5.116e-05,+0.001418,1.5629e-01
13,10,14,29,37,43,53,0.000177,5.7569e-01,49.9970,3.040e-05,+0.000618,5.3677e-01
13,10,15,29,37,47,59,0.000067,8.3198e-01,50.0073,7.286e-05,+0.001175,2.4006e-01
13,10,16,29,37,53,61,0.000205,5.1717e-01,50.0004,4.238e-06,-0.000421,6.7350e-01
13,10,17,29,37,59,67,0.000438,1.6624e-01,50.0089,8.921e-05,+0.000442,6.5876e-01
13,10,18,29,37,61,71,0.000158,6.1786e-01,49.9964,3.638e-05,+0.001087,2.7723e-01
13,10,19,29,37,67,73,0.000638,4.3791e-02,49.9959,4.121e-05,+0.000812,4.1702e-01
13,11,12,31,41,37,43,0.000235,4.5673e-01,50.0068,6.806e-05,+0.000239,8.1125e-01
13,11,13,31,41,41,47,0.000251,4.2760e-01,49.9894,1.058e-04,+0.000375,7.0788e-01
13,11,14,31,41,43,53,0.000280,3.7592e-01,49.9989,1.080e-05,+0.000587,5.5705e-01
13,11,15,31,41,47,59,0.000859,6.6094e-03,50.0066,6.556e-05,-0.001339,1.8049e-01
13,11,16,31,41,53,61,0.000263,4.0501e-01,50.0017,1.709e-05,-0.001110,2.6695e-01
13,11,17,31,41,59,67,0.000305,3.3483e-01,49.9877,1.234e-04,+0.001083,2.7898e-01
13,11,18,31,41,61,71,0.000121,7.0171e-01,49.9999,1.075e-06,+0.000048,9.6135e-01
13,11,19,31,41,67,73,0.000222,4.8354e-01,49.9937,6.291e-05,-0.001374,1.6931e-01
13,12,13,37,43,41,47,0.000309,3.2776e-01,49.9968,3.225e-05,-0.000230,8.1782e-01
13,12,14,37,43,43,53,0.000077,8.0747e-01,50.0078,7.846e-05,-0.000116,9.0776e-01
13,12,15,37,43,47,59,0.000011,9.7195e-01,50.0004,3.825e-06,+0.000861,3.8951e-01
13,12,16,37,43,53,61,0.000054,8.6354e-01,49.9967,3.330e-05,-0.000256,7.9757e-01
13,12,17,37,43,59,67,0.000003,9.9198e-01,49.9994,6.075e-06,-0.000577,5.6414e-01
13,12,18,37,43,61,71,0.000157,6.1857e-01,50.0015,1.486e-05,+0.000705,4.8104e-01
13,12,19,37,43,67,73,0.000355,2.6123e-01,49.9957,4.308e-05,+0.001568,1.1678e-01
13,13,14,41,47,43,53,0.000480,1.2915e-01,49.9954,4.619e-05,+0.000296,7.6716e-01
13,13,15,41,47,47,59,0.000079,8.0169e-01,49.9982,1.805e-05,+0.000049,9.6077e-01
13,13,16,41,47,53,61,0.000093,7.6876e-01,49.9981,1.905e-05,+0.001495,1.3504e-01
13,13,17,41,47,59,67,0.000116,7.1386e-01,49.9945,5.528e-05,-0.001054,2.9207e-01
13,13,18,41,47,61,71,0.000398,2.0871e-01,49.9941,5.934e-05,+0.003871,1.0859e-04
13,13,19,41,47,67,73,0.000156,6.2172e-01,50.0020,1.953e-05,-0.000089,9.2905e-01
13,14,15,43,53,47,59,0.000352,2.6587e-01,50.0013,1.266e-05,-0.001113,2.6572e-01
13,14,16,43,53,53,61,0.000393,2.1412e-01,49.9998,2.213e-06,-0.001398,1.6217e-01
13,14,17,43,53,59,67,0.000231,4.6542e-01,50.0009,8.862e-06,-0.001439,1.5002e-01
13,14,18,43,53,61,71,0.000252,4.2461e-01,50.0052,5.188e-05,-0.000555,5.7866e-01
13,14,19,43,53,67,73,0.000200,5.2731e-01,50.0044,4.449e-05,+0.000317,7.5147e-01
13,15,16,47,59,53,61,0.000279,3.7847e-01,50.0064,6.372e-05,+0.002062,3.9173e-02
13,15,17,47,59,59,67,0.000134,6.7253e-01,49.9978,2.205e-05,-0.000538,5.9080e-01
13,15,18,47,59,61,71,0.000228,4.7120e-01,50.0011,1.111e-05,+0.001613,1.0669e-01
13,15,19,47,59,67,73,0.000604,5.6199e-02,50.0086,8.648e-05,-0.000474,6.3584e-01
13,16,17,53,61,59,67,0.000011,9.7330e-01,50.0040,3.962e-05,-0.000709,4.7811e-01
13,16,18,53,61,61,71,0.000555,7.9042e-02,50.0028,2.789e-05,+0.000184,8.5432e-01
13,16,19,53,61,67,73,0.000355,2.6202e-01,50.0052,5.225e-05,+0.000289,7.7273e-01
13,17,18,59,67,61,71,0.000013,9.6651e-01,50.0049,4.894e-05,-0.001784,7.4401e-02
13,17,19,59,67,67,73,0.000212,5.0277e-01,49.9928,7.235e-05,-0.000198,8.4337e-01
13,18,19,61,71,67,73,0.000072,8.2097e-01,49.9996,3.663e-06,+0.000337,7.3583e-01
14,0,1,2,3,3,5,0.000032,9.2060e-01,49.9894,1.064e-04,+0.000015,9.8770e-01
14,0,2,2,3,5,7,0.000203,5.2111e-01,50.0005,5.438e-06,+0.001062,2.8818e-01
14,0,3,2,3,7,11,0.000296,3.4890e-01,50.0041,4.108e-05,-0.000938,3.4832e-01
14,0,4,2,3,8,13,0.000525,9.7189e-02,49.9984,1.638e-05,-0.001029,3.0325e-01
14,0,5,2,3,11,17,0.000199,5.2830e-01,50.0037,3.672e-05,+0.001162,2.4530e-01
14,0,6,2,3,13,19,0.000052,8.6975e-01,49.9939,6.133e-05,-0.000688,4.9166e-01
14,0,7,2,3,17,23,0.000284,3.6943e-01,49.9971,2.936e-05,-0.000328,7.4263e-01
14,0,8,2,3,19,29,0.000140,6.5863e-01,50.0019,1.913e-05,+0.001118,2.6358e-01
14,0,9,2,3,23,31,0.000021,9.4664e-01,49.9993,7.250e-06,+0.000128,8.9779e-01
14,0,10,2,3,29,37,0.000152,6.3059e-01,49.9965,3.509e-05,-0.000303,7.6220e-01
14,0,11,2,3,31,41,0.000130,6.8114e-01,50.0019,1.878e-05,-0.001211,2.2606e-01
14,0,12,2,3,37,43,0.000067,8.3311e-01,50.0049,4.912e-05,-0.000865,3.8714e-01
14,0,13,2,3,41,47,0.000418,1.8619e-01,50.0001,9.250e-07,+0.000183,8.5489e-01
14,0,14,2,3,43,53,0.000123,6.9729e-01,50.0037,3.720e-05,+0.000697,4.8588e-01
14,0,15,2,3,47,59,0.000352,2.6622e-01,49.9950,5.043e-05,-0.000606,5.4479e-01
14,0,16,2,3,53,61,0.000404,2.0182e-01,50.0026,2.551e-05,-0.000384,7.0111e-01
14,0,17,2,3,59,67,0.000043,8.9303e-01,50.0004,4.163e-06,+0.000757,4.4908e-01
14,0,18,2,3,61,71,0.000102,7.4618e-01,49.9964,3.620e-05,+0.000061,9.5149e-01
14,0,19,2,3,67,73,0.000010,9.7447e-01,50.0078,7.820e-05,+0.000217,8.2832e-01
14,1,2,3,5,5,7,0.000467,1.3999e-01,49.9967,3.313e-05,-0.000540,5.8938e-01
14,1,3,3,5,7,11,0.000070,8.2464e-01,50.0051,5.114e-05,-0.000386,6.9923e-01
14,1,4,3,5,8,13,0.000139,6.5928e-01,50.0040,3.959e-05,+0.000240,8.1048e-01
14,1,5,3,5,11,17,0.000125,6.9324e-01,50.0067,6.714e-05,+0.001502,1.3322e-01
14,1,6,3,5,13,19,0.000471,1.3663e-01,50.0051,5.094e-05,-0.001452,1.4645e-01
14,1,7,3,5,17,23,0.000414,1.9036e-01,49.9993,7.000e-06,-0.001634,1.0219e-01
14,1,8,3,5,19,29,0.000383,2.2600e-01,50.0038,3.801e-05,+0.001132,2.5763e-01
14,1,9,3,5,23,31,0.000507,1.0899e-01,50.0101,1.007e-04,+0.001027,3.0465e-01
14,1,10,3,5,29,37,0.000036,9.0836e-01,49.9940,6.017e-05,-0.000761,4.4665e-01
14,1,11,3,5,31,41,0.000011,9.7277e-01,49.9961,3.881e-05,+0.000396,6.9232e-01
14,1,12,3,5,37,43,0.000194,5.4050e-01,49.9906,9.351e-05,+0.001592,1.1136e-01
14,1,13,3,5,41,47,0.000092,7.7184e-01,50.0081,8.144e-05,-0.001498,1.3419e-01
14,1,14,3,5,43,53,0.000110,7.2847e-01,50.0037,3.721e-05,+0.000937,3.4886e-01
14,1,15,3,5,47,59,0.000023,9.4126e-01,50.0040,3.959e-05,+0.001057,2.9043e-01
14,1,16,3,5,53,61,0.000156,6.2102e-01,50.0006,6.125e-06,+0.000753,4.5173e-01
14,1,17,3,5,59,67,0.000170,5.9032e-01,49.9961,3.860e-05,-0.000241,8.0960e-01
14,1,18,3,5,61,71,0.000008,9.8095e-01,49.9925,7.529e-05,-0.000147,8.8328e-01
14,1,19,3,5,67,73,0.000424,1.8026e-01,49.9811,1.886e-04,+0.000400,6.8922e-01
14,2,3,5,7,7,11,0.000160,6.1247e-01,50.0061,6.099e-05,-0.000650,5.1541e-01
14,2,4,5,7,8,13,0.000953,2.5903e-03,49.9930,7.026e-05,-0.002717,6.5854e-03
14,2,5,5,7,11,17,0.000288,3.6271e-01,50.0014,1.396e-05,+0.000427,6.6944e-01
14,2,6,5,7,13,19,0.000990,1.7406e-03,50.0090,8.959e-05,-0.000066,9.4750e-01
14,2,7,5,7,17,23,0.000233,4.6054e-01,49.9961,3.867e-05,+0.001024,3.0576e-01
14,2,8,5,7,19,29,0.000478,1.3085e-01,50.0019,1.891e-05,+0.000113,9.0977e-01
14,2,9,5,7,23,31,0.000734,2.0318e-02,49.9885,1.150e-04,-0.000606,5.4471e-01
14,2,10,5,7,29,37,0.000156,6.2153e-01,49.9899,1.006e-04,+0.000638,5.2342e-01
14,2,11,5,7,31,41,0.000012,9.6897e-01,50.0026,2.649e-05,+0.000300,7.6385e-01
14,2,12,5,7,37,43,0.000174,5.8201e-01,49.9943,5.714e-05,+0.000311,7.5601e-01
14,2,13,5,7,41,47,0.000060,8.4963e-01,50.0015,1.509e-05,+0.000483,6.2898e-01
14,2,14,5,7,43,53,0.000357,2.5896e-01,50.0040,4.036e-05,-0.000394,6.9391e-01
14,2,15,5,7,47,59,0.000256,4.1882e-01,50.0013,1.294e-05,+0.000248,8.0409e-01
14,2,16,5,7,53,61,0.000090,7.7678e-01,50.0000,0.000e+00,+0.000632,5.2726e-01
14,2,17,5,7,59,67,0.000148,6.3923e-01,49.9953,4.675e-05,+0.000134,8.9380e-01
14,2,18,5,7,61,71,0.000234,4.5916e-01,49.9999,1.088e-06,+0.001387,1.6542e-01
14,2,19,5,7,67,73,0.000287,3.6404e-01,49.9991,9.187e-06,+0.000905,3.6566e-01
14,3,4,7,11,8,13,0.000206,5.1404e-01,50.0090,9.048e-05,+0.000856,3.9176e-01
14,3,5,7,11,11,17,0.000128,6.8516e-01,49.9956,4.443e-05,+0.000157,8.7532e-01
14,3,6,7,11,13,19,0.000014,9.6346e-01,49.9946,5.407e-05,-0.001470,1.4145e-01
14,3,7,7,11,17,23,0.000112,7.2419e-01,49.9960,4.006e-05,-0.000145,8.8454e-01
14,3,8,7,11,19,29,0.000140,6.5822e-01,50.0089,8.910e-05,+0.001276,2.0187e-01
14,3,9,7,11,23,31,0.000065,8.3646e-01,49.9934,6.625e-05,+0.000705,4.8056e-01
14,3,10,7,11,29,37,0.000025,9.3741e-01,50.0147,1.473e-04,+0.002064,3.9027e-02
14,3,11,7,11,31,41,0.000185,5.5859e-01,49.9946,5.358e-05,-0.000343,7.3172e-01
14,3,12,7,11,37,43,0.000407,1.9852e-01,50.0046,4.578e-05,-0.001226,2.2013e-01
14,3,13,7,11,41,47,0.000198,5.3040e-01,50.0072,7.168e-05,+0.000202,8.4001e-01
14,3,14,7,11,43,53,0.000068,8.2975e-01,50.0096,9.560e-05,-0.001086,2.7743e-01
14,3,15,7,11,47,59,0.000050,8.7491e-01,50.0146,1.458e-04,-0.001047,2.9498e-01
14,3,16,7,11,53,61,0.000194,5.3999e-01,49.9908,9.239e-05,+0.000067,9.4646e-01
14,3,17,7,11,59,67,0.000283,3.7108e-01,50.0002,1.612e-06,-0.000509,6.1106e-01
14,3,18,7,11,61,71,0.000005,9.8805e-01,49.9978,2.227e-05,+0.000606,5.4484e-01
14,3,19,7,11,67,73,0.000073,8.1652e-01,50.0012,1.155e-05,-0.000432,6.6555e-01
14,4,5,8,13,11,17,0.000370,2.4169e-01,49.9949,5.120e-05,+0.001198,2.3087e-01
14,4,6,8,13,13,19,0.000301,3.4086e-01,49.9988,1.210e-05,+0.000481,6.3085e-01
14,4,7,8,13,17,23,0.000294,3.5276e-01,49.9947,5.254e-05,+0.000566,5.7167e-01
14,4,8,8,13,19,29,0.000568,7.2445e-02,49.9925,7.458e-05,+0.000593,5.5323e-01
14,4,9,8,13,23,31,0.000133,6.7460e-01,50.0054,5.425e-05,-0.000581,5.6152e-01
14,4,10,8,13,29,37,0.000064,8.3885e-01,49.9989,1.071e-05,+0.000214,8.3031e-01
14,4,11,8,13,31,41,0.000384,2.2503e-01,49.9945,5.452e-05,-0.000643,5.2034e-01
14,4,12,8,13,37,43,0.000485,1.2499e-01,49.9955,4.477e-05,+0.000024,9.8062e-01
14,4,13,8,13,41,47,0.000418,1.8591e-01,49.9929,7.103e-05,+0.000294,7.6863e-01
14,4,14,8,13,43,53,0.000391,2.1683e-01,49.9993,7.300e-06,+0.000640,5.2198e-01
14,4,15,8,13,47,59,0.000621,4.9688e-02,50.0040,4.030e-05,+0.001743,8.1291e-02
14,4,16,8,13,53,61,0.000364,2.4948e-01,50.0004,4.413e-06,+0.000702,4.8241e-01
14,4,17,8,13,59,67,0.000085,7.8795e-01,49.9919,8.139e-05,-0.000574,5.6630e-01
14,4,18,8,13,61,71,0.000302,3.3878e-01,49.9992,7.825e-06,-0.000648,5.1674e-01
14,4,19,8,13,67,73,0.000181,5.6689e-01,50.0043,4.310e-05,+0.001295,1.9536e-01
14,5,6,11,17,13,19,0.000076,8.1117e-01,50.0043,4.300e-05,-0.000641,5.2127e-01
14,5,7,11,17,17,23,0.000290,3.5973e-01,50.0035,3.534e-05,+0.001715,8.6366e-02
14,5,8,11,17,19,29,0.000505,1.0997e-01,49.9966,3.372e-05,-0.000246,8.0540e-01
14,5,9,11,17,23,31,0.000401,2.0428e-01,49.9957,4.263e-05,-0.001103,2.7009e-01
14,5,10,11,17,29,37,0.000338,2.8549e-01,49.9963,3.731e-05,+0.000775,4.3821e-01
14,5,11,11,17,31,41,0.000299,3.4480e-01,49.9961,3.880e-05,+0.000193,8.4661e-01
14,5,12,11,17,37,43,0.000148,6.3887e-01,50.0008,8.175e-06,-0.000316,7.5208e-01
14,5,13,11,17,41,47,0.000377,2.3302e-01,49.9984,1.643e-05,-0.000672,5.0171e-01
14,5,14,11,17,43,53,0.000503,1.1155e-01,50.0002,2.100e-06,+0.000516,6.0574e-01
14,5,15,11,17,47,59,0.000216,4.9397e-01,50.0059,5.918e-05,-0.000271,7.8620e-01
14,5,16,11,17,53,61,0.000247,4.3390e-01,49.9936,6.426e-05,-0.001047,2.9526e-01
14,5,17,11,17,59,67,0.000128,6.8569e-01,49.9822,1.781e-04,+0.000188,8.5124e-01
14,5,18,11,17,61,71,0.000192,5.4477e-01,49.9924,7.632e-05,-0.000899,3.6881e-01
14,5,19,11,17,67,73,0.000286,3.6646e-01,50.0012,1.242e-05,-0.000597,5.5027e-01
14,6,7,13,19,17,23,0.000090,7.7534e-01,49.9988,1.184e-05,-0.000814,4.1566e-01
14,6,8,13,19,19,29,0.000026,9.3526e-01,49.9970,3.033e-05,-0.000528,5.9779e-01
14,6,9,13,19,23,31,0.000386,2.2246e-01,50.0015,1.500e-05,+0.001020,3.0779e-01
14,6,10,13,19,29,37,0.000215,4.9723e-01,49.9946,5.386e-05,-0.001366,1.7209e-01
14,6,11,13,19,31,41,0.000326,3.0244e-01,49.9929,7.123e-05,-0.000673,5.0072e-01
14,6,12,13,19,37,43,0.000323,3.0643e-01,50.0029,2.897e-05,+0.000020,9.8399e-01
14,6,13,13,19,41,47,0.000000,9.9907e-01,49.9999,8.500e-07,+0.000235,8.1391e-01
14,6,14,13,19,43,53,0.000202,5.2324e-01,49.9989,1.117e-05,+0.000724,4.6909e-01
14,6,15,13,19,47,59,0.000310,3.2770e-01,49.9977,2.260e-05,-0.001092,2.7490e-01
14,6,16,13,19,53,61,0.000238,4.5216e-01,49.9999,8.125e-07,+0.000119,9.0524e-01
14,6,17,13,19,59,67,0.000192,5.4291e-01,49.9923,7.714e-05,-0.001125,2.6054e-01
14,6,18,13,19,61,71,0.000142,6.5261e-01,50.0034,3.360e-05,-0.000908,3.6378e-01
14,6,19,13,19,67,73,0.000691,2.8786e-02,50.0007,7.450e-06,-0.000301,7.6375e-01
14,7,8,17,23,19,29,0.000334,2.9035e-01,50.0085,8.496e-05,-0.000436,6.6252e-01
14,7,9,17,23,23,31,0.000061,8.4614e-01,50.0066,6.604e-05,-0.000295,7.6800e-01
14,7,10,17,23,29,37,0.000411,1.9385e-01,50.0099,9.857e-05,-0.001830,6.7204e-02
14,7,11,17,23,31,41,0.000034,9.1493e-01,50.0031,3.139e-05,-0.001193,2.3303e-01
14,7,12,17,23,37,43,0.000343,2.7742e-01,50.0062,6.234e-05,+0.001605,1.0839e-01
14,7,13,17,23,41,47,0.000379,2.3024e-01,50.0072,7.191e-05,+0.001462,1.4373e-01
14,7,14,17,23,43,53,0.000241,4.4581e-01,50.0056,5.556e-05,+0.000445,6.5648e-01
14,7,15,17,23,47,59,0.000230,4.6631e-01,49.9932,6.821e-05,-0.001213,2.2510e-01
14,7,16,17,23,53,61,0.000499,1.1470e-01,50.0068,6.845e-05,-0.000845,3.9818e-01
14,7,17,17,23,59,67,0.000598,5.8782e-02,50.0053,5.300e-05,+0.000523,6.0091e-01
14,7,18,17,23,61,71,0.000037,9.0785e-01,49.9944,5.576e-05,-0.001152,2.4926e-01
14,7,19,17,23,67,73,0.000660,3.6792e-02,49.9967,3.281e-05,-0.000206,8.3681e-01
14,8,9,19,29,23,31,0.000551,8.1574e-02,49.9954,4.607e-05,+0.001451,1.4687e-01
14,8,10,19,29,29,37,0.000177,5.7611e-01,50.0063,6.324e-05,+0.000408,6.8293e-01
14,8,11,19,29,31,41,0.000014,9.6386e-01,49.9959,4.148e-05,-0.000361,7.1812e-01
14,8,12,19,29,37,43,0.000118,7.0893e-01,50.0018,1.800e-05,+0.000625,5.3204e-01
14,8,13,19,29,41,47,0.000350,2.6782e-01,49.9965,3.485e-05,-0.001383,1.6675e-01
14,8,14,19,29,43,53,0.000056,8.5879e-01,49.9997,2.675e-06,-0.000111,9.1160e-01
14,8,15,19,29,47,59,0.000339,2.8409e-01,49.9907,9.257e-05,-0.000624,5.3275e-01
14,8,16,19,29,53,61,0.000179,5.7214e-01,49.9987,1.294e-05,+0.000657,5.1087e-01
14,8,17,19,29,59,67,0.000187,5.5395e-01,49.9952,4.819e-05,-0.001219,2.2275e-01
14,8,18,19,29,61,71,0.000192,5.4343e-01,49.9925,7.480e-05,-0.001576,1.1513e-01
14,8,19,19,29,67,73,0.000181,5.6772e-01,49.9968,3.210e-05,+0.001474,1.4039e-01
14,9,10,23,31,29,37,0.000368,2.4393e-01,49.9973,2.699e-05,+0.000757,4.4929e-01
14,9,11,23,31,31,41,0.000178,5.7433e-01,50.0023,2.260e-05,-0.000387,6.9881e-01
14,9,12,23,31,37,43,0.000421,1.8293e-01,49.9994,6.450e-06,+0.001760,7.8357e-02
14,9,13,23,31,41,47,0.000240,4.4786e-01,50.0026,2.615e-05,+0.000065,9.4850e-01
14,9,14,23,31,43,53,0.000012,9.7018e-01,49.9994,5.900e-06,-0.001098,2.7242e-01
14,9,15,23,31,47,59,0.000607,5.5052e-02,49.9945,5.508e-05,+0.000760,4.4745e-01
14,9,16,23,31,53,61,0.000367,2.4625e-01,50.0082,8.169e-05,+0.000349,7.2737e-01
14,9,17,23,31,59,67,0.000531,9.2850e-02,49.9972,2.786e-05,-0.000928,3.5347e-01
14,9,18,23,31,61,71,0.000077,8.0776e-01,50.0007,6.550e-06,-0.001061,2.8855e-01
14,9,19,23,31,67,73,0.000237,4.5437e-01,49.9911,8.882e-05,-0.000048,9.6145e-01
14,10,11,29,37,31,41,0.000417,1.8702e-01,50.0182,1.818e-04,+0.000915,3.6012e-01
14,10,12,29,37,37,43,0.000426,1.7767e-01,50.0066,6.596e-05,+0.000366,7.1446e-01
14,10,13,29,37,41,47,0.000146,6.4533e-01,49.9986,1.416e-05,+0.000375,7.0786e-01
14,10,14,29,37,43,53,0.000253,4.2459e-01,50.0040,3.976e-05,-0.000403,6.8699e-01
14,10,15,29,37,47,59,0.000017,9.5798e-01,50.0097,9.661e-05,+0.000269,7.8820e-01
14,10,16,29,37,53,61,0.000307,3.3183e-01,50.0040,3.973e-05,+0.001055,2.9153e-01
14,10,17,29,37,59,67,0.000119,7.0621e-01,49.9978,2.203e-05,-0.000061,9.5130e-01
14,10,18,29,37,61,71,0.000187,5.5387e-01,49.9983,1.676e-05,-0.001137,2.5572e-01
14,10,19,29,37,67,73,0.000335,2.8912e-01,50.0023,2.329e-05,+0.000593,5.5347e-01
14,11,12,31,41,37,43,0.000240,4.4803e-01,50.0059,5.943e-05,+0.001183,2.3683e-01
14,11,13,31,41,41,47,0.000015,9.6216e-01,49.9962,3.758e-05,+0.000785,4.3249e-01
14,11,14,31,41,43,53,0.000519,1.0081e-01,50.0162,1.620e-04,-0.000147,8.8279e-01
14,11,15,31,41,47,59,0.000417,1.8763e-01,50.0006,6.325e-06,-0.000129,8.9757e-01
14,11,16,31,41,53,61,0.000236,4.5638e-01,49.9976,2.424e-05,-0.001786,7.4165e-02
14,11,17,31,41,59,67,0.000144,6.4958e-01,49.9953,4.736e-05,+0.000268,7.8856e-01
14,11,18,31,41,61,71,0.000061,8.4642e-01,50.0044,4.380e-05,+0.000613,5.3960e-01
14,11,19,31,41,67,73,0.000212,5.0277e-01,49.9990,9.775e-06,-0.000700,4.8367e-01
14,12,13,37,43,41,47,0.000173,5.8390e-01,49.9970,2.985e-05,+0.001505,1.3231e-01
14,12,14,37,43,43,53,0.000120,7.0361e-01,49.9966,3.417e-05,+0.000078,9.3773e-01
14,12,15,37,43,47,59,0.000049,8.7640e-01,49.9933,6.745e-05,+0.000025,9.7987e-01
14,12,16,37,43,53,61,0.000024,9.3963e-01,49.9971,2.869e-05,+0.000219,8.2700e-01
14,12,17,37,43,59,67,0.000215,4.9655e-01,50.0021,2.079e-05,-0.000034,9.7255e-01
14,12,18,37,43,61,71,0.000165,6.0205e-01,50.0045,4.470e-05,-0.000067,9.4656e-01
14,12,19,37,43,67,73,0.000375,2.3572e-01,49.9972,2.780e-05,-0.000672,5.0151e-01
14,13,14,41,47,43,53,0.000022,9.4428e-01,50.0026,2.625e-05,+0.000796,4.2619e-01
14,13,15,41,47,47,59,0.000575,6.8861e-02,49.9971,2.873e-05,-0.000059,9.5258e-01
14,13,16,41,47,53,61,0.000237,4.5354e-01,49.9931,6.894e-05,-0.001810,7.0286e-02
14,13,17,41,47,59,67,0.000029,9.2786e-01,50.0016,1.566e-05,+0.000839,4.0138e-01
14,13,18,41,47,61,71,0.000447,1.5748e-01,50.0049,4.932e-05,-0.000775,4.3860e-01
14,13,19,41,47,67,73,0.000193,5.4190e-01,49.9923,7.662e-05,+0.000901,3.6745e-01
14,14,15,43,53,47,59,0.000369,2.4286e-01,50.0041,4.083e-05,-0.000497,6.1929e-01
14,14,16,43,53,53,61,0.000512,1.0556e-01,50.0038,3.801e-05,+0.001247,2.1249e-01
14,14,17,43,53,59,67,0.000074,8.1487e-01,49.9859,1.405e-04,-0.000006,9.9500e-01
14,14,18,43,53,61,71,0.000366,2.4661e-01,50.0022,2.232e-05,+0.002487,1.2876e-02
14,14,19,43,53,67,73,0.000287,3.6419e-01,50.0031,3.085e-05,-0.001284,1.9906e-01
14,15,16,47,59,53,61,0.000204,5.1963e-01,50.0000,4.375e-07,+0.003366,7.6286e-04
14,15,17,47,59,59,67,0.000175,5.8076e-01,49.9966,3.449e-05,-0.001788,7.3794e-02
14,15,18,47,59,61,71,0.000686,3.0009e-02,50.0081,8.085e-05,-0.000447,6.5474e-01
14,15,19,47,59,67,73,0.000366,2.4691e-01,50.0006,5.950e-06,-0.001106,2.6888e-01
14,16,17,53,61,59,67,0.000617,5.1088e-02,49.9968,3.152e-05,+0.001349,1.7749e-01
14,16,18,53,61,61,71,0.000322,3.0841e-01,50.0046,4.554e-05,+0.000527,5.9804e-01
14,16,19,53,61,67,73,0.000157,6.1947e-01,50.0127,1.272e-04,-0.001078,2.8090e-01
14,17,18,59,67,61,71,0.000507,1.0865e-01,49.9982,1.781e-05,-0.000450,6.5306e-01
14,17,19,59,67,67,73,0.000217,4.9341e-01,50.0089,8.864e-05,+0.000515,6.0664e-01
14,18,19,61,71,67,73,0.000154,6.2589e-01,50.0091,9.057e-05,+0.000921,3.5690e-01
15,0,1,2,3,3,5,0.000140,6.5789e-01,50.0066,6.584e-05,-0.000484,6.2864e-01
15,0,2,2,3,5,7,0.000034,9.1498e-01,50.0018,1.800e-05,-0.000771,4.4060e-01
15,0,3,2,3,7,11,0.000197,5.3274e-01,49.9953,4.733e-05,-0.001572,1.1590e-01
15,0,4,2,3,8,13,0.000499,1.1424e-01,50.0050,4.998e-05,-0.000642,5.2066e-01
15,0,5,2,3,11,17,0.000221,4.8462e-01,49.9996,3.675e-06,-0.000190,8.4964e-01
15,0,6,2,3,13,19,0.000177,5.7565e-01,50.0041,4.054e-05,+0.000044,9.6489e-01
15,0,7,2,3,17,23,0.000379,2.3039e-01,50.0075,7.471e-05,-0.000131,8.9588e-01
15,0,8,2,3,19,29,0.000264,4.0426e-01,50.0101,1.010e-04,+0.001230,2.1856e-01
15,0,9,2,3,23,31,0.000426,1.7783e-01,49.9969,3.126e-05,+0.000747,4.5514e-01
15,0,10,2,3,29,37,0.000374,2.3751e-01,50.0062,6.228e-05,+0.000296,7.6699e-01
15,0,11,2,3,31,41,0.000799,1.1559e-02,49.9853,1.470e-04,+0.000772,4.4032e-01
15,0,12,2,3,37,43,0.000205,5.1620e-01,49.9921,7.941e-05,+0.001597,1.1029e-01
15,0,13,2,3,41,47,0.000263,4.0612e-01,50.0025,2.531e-05,-0.002367,1.7935e-02
15,0,14,2,3,43,53,0.000157,6.1895e-01,49.9915,8.494e-05,-0.000452,6.5101e-01
15,0,15,2,3,47,59,0.000302,3.4017e-01,50.0086,8.614e-05,-0.000972,3.3098e-01
15,0,16,2,3,53,61,0.000248,4.3330e-01,49.9933,6.733e-05,+0.000408,6.8326e-01
15,0,17,2,3,59,67,0.000537,8.9250e-02,50.0026,2.589e-05,+0.000364,7.1580e-01
15,0,18,2,3,61,71,0.000336,2.8856e-01,49.9989,1.117e-05,+0.000279,7.8018e-01
15,0,19,2,3,67,73,0.000583,6.5200e-02,49.9970,3.043e-05,-0.001498,1.3405e-01
15,1,2,3,5,5,7,0.000207,5.1332e-01,49.9942,5.796e-05,+0.000243,8.0802e-01
15,1,3,3,5,7,11,0.000828,8.8192e-03,50.0000,3.750e-08,-0.001111,2.6677e-01
15,1,4,3,5,8,13,0.000148,6.4017e-01,50.0024,2.396e-05,+0.000170,8.6485e-01
15,1,5,3,5,11,17,0.000260,4.1137e-01,49.9870,1.300e-04,+0.000158,8.7409e-01
15,1,6,3,5,13,19,0.000141,6.5681e-01,50.0061,6.120e-05,+0.000105,9.1598e-01
15,1,7,3,5,17,23,0.000173,5.8524e-01,49.9956,4.380e-05,+0.000915,3.6032e-01
15,1,8,3,5,19,29,0.000420,1.8432e-01,50.0026,2.645e-05,+0.001745,8.0934e-02
15,1,9,3,5,23,31,0.000010,9.7463e-01,50.0027,2.695e-05,-0.000583,5.6005e-01
15,1,10,3,5,29,37,0.000500,1.1379e-01,50.0024,2.359e-05,+0.001258,2.0853e-01
15,1,11,3,5,31,41,0.000390,2.1787e-01,49.9897,1.026e-04,+0.001177,2.3929e-01
15,1,12,3,5,37,43,0.000264,4.0372e-01,49.9992,8.175e-06,+0.000234,8.1471e-01
15,1,13,3,5,41,47,0.000467,1.3931e-01,50.0091,9.097e-05,+0.000046,9.6365e-01
15,1,14,3,5,43,53,0.000011,9.7128e-01,49.9956,4.410e-05,+0.000502,6.1539e-01
15,1,15,3,5,47,59,0.000416,1.8873e-01,49.9955,4.498e-05,+0.001203,2.2896e-01
15,1,16,3,5,53,61,0.000025,9.3778e-01,50.0028,2.754e-05,+0.000535,5.9264e-01
15,1,17,3,5,59,67,0.000119,7.0697e-01,50.0064,6.428e-05,-0.001140,2.5429e-01
15,1,18,3,5,61,71,0.000564,7.4344e-02,50.0022,2.234e-05,-0.000175,8.6111e-01
15,1,19,3,5,67,73,0.000063,8.4186e-01,49.9952,4.806e-05,+0.001610,1.0747e-01
15,2,3,5,7,7,11,0.000453,1.5226e-01,50.0064,6.447e-05,-0.000402,6.8780e-01
15,2,4,5,7,8,13,0.000638,4.3670e-02,50.0049,4.908e-05,+0.001050,2.9366e-01
15,2,5,5,7,11,17,0.000042,8.9324e-01,50.0004,3.625e-06,+0.001783,7.4603e-02
15,2,6,5,7,13,19,0.000192,5.4399e-01,50.0053,5.346e-05,-0.000838,4.0200e-01
15,2,7,5,7,17,23,0.000358,2.5759e-01,49.9903,9.701e-05,-0.001070,2.8469e-01
15,2,8,5,7,19,29,0.000357,2.5895e-01,49.9977,2.314e-05,+0.000373,7.0880e-01
15,2,9,5,7,23,31,0.000383,2.2535e-01,49.9951,4.949e-05,-0.000402,6.8755e-01
15,2,10,5,7,29,37,0.000478,1.3049e-01,50.0096,9.580e-05,+0.000115,9.0836e-01
15,2,11,5,7,31,41,0.000183,5.6362e-01,50.0049,4.915e-05,+0.001032,3.0212e-01
15,2,12,5,7,37,43,0.000073,8.1704e-01,50.0038,3.806e-05,+0.002096,3.6078e-02
15,2,13,5,7,41,47,0.000284,3.6887e-01,50.0024,2.394e-05,-0.000466,6.4091e-01
15,2,14,5,7,43,53,0.000082,7.9613e-01,49.9984,1.559e-05,-0.000010,9.9230e-01
15,2,15,5,7,47,59,0.000007,9.8195e-01,49.9990,1.004e-05,-0.001047,2.9531e-01
15,2,16,5,7,53,61,0.000251,4.2676e-01,50.0000,0.000e+00,-0.001769,7.6883e-02
15,2,17,5,7,59,67,0.000129,6.8381e-01,50.0046,4.646e-05,-0.000462,6.4439e-01
15,2,18,5,7,61,71,0.000022,9.4462e-01,50.0086,8.568e-05,+0.000280,7.7974e-01
15,2,19,5,7,67,73,0.000287,3.6357e-01,50.0075,7.517e-05,-0.000615,5.3829e-01
15,3,4,7,11,8,13,0.000289,3.6155e-01,50.0110,1.097e-04,+0.000142,8.8706e-01
15,3,5,7,11,11,17,0.000051,8.7169e-01,49.9958,4.200e-05,-0.002263,2.3662e-02
15,3,6,7,11,13,19,0.000115,7.1726e-01,50.0027,2.731e-05,+0.000031,9.7537e-01
15,3,7,7,11,17,23,0.000452,1.5324e-01,49.9977,2.251e-05,+0.001004,3.1524e-01
15,3,8,7,11,19,29,0.000687,2.9821e-02,49.9989,1.061e-05,-0.001280,2.0040e-01
15,3,9,7,11,23,31,0.000032,9.2031e-01,50.0090,8.996e-05,+0.001104,2.6978e-01
15,3,10,7,11,29,37,0.000034,9.1435e-01,50.0070,6.957e-05,-0.000101,9.1927e-01
15,3,11,7,11,31,41,0.000100,7.5206e-01,50.0038,3.768e-05,+0.000254,7.9985e-01
15,3,12,7,11,37,43,0.000449,1.5539e-01,50.0011,1.061e-05,-0.001385,1.6600e-01
15,3,13,7,11,41,47,0.000257,4.1550e-01,49.9977,2.299e-05,+0.001703,8.8625e-02
15,3,14,7,11,43,53,0.000221,4.8406e-01,49.9963,3.689e-05,+0.000137,8.9138e-01
15,3,15,7,11,47,59,0.000368,2.4503e-01,49.9971,2.881e-05,-0.000423,6.7201e-01
15,3,16,7,11,53,61,0.000546,8.4235e-02,49.9933,6.680e-05,-0.001178,2.3886e-01
15,3,17,7,11,59,67,0.000021,9.4774e-01,50.0019,1.914e-05,-0.000685,4.9312e-01
15,3,18,7,11,61,71,0.000104,7.4213e-01,49.9970,2.990e-05,-0.000168,8.6685e-01
15,3,19,7,11,67,73,0.000509,1.0742e-01,49.9962,3.752e-05,+0.000811,4.1734e-01
15,4,5,8,13,11,17,0.000298,3.4586e-01,49.9992,8.100e-06,+0.000910,3.6275e-01
15,4,6,8,13,13,19,0.000341,2.8080e-01,49.9944,5.629e-05,+0.001974,4.8331e-02
15,4,7,8,13,17,23,0.000169,5.9244e-01,50.0075,7.544e-05,+0.000989,3.2250e-01
15,4,8,8,13,19,29,0.000344,2.7637e-01,49.9935,6.486e-05,-0.000905,3.6533e-01
15,4,9,8,13,23,31,0.000132,6.7537e-01,50.0024,2.449e-05,+0.000372,7.0969e-01
15,4,10,8,13,29,37,0.000105,7.4034e-01,49.9927,7.328e-05,-0.002233,2.5548e-02
15,4,11,8,13,31,41,0.000077,8.0832e-01,50.0055,5.500e-05,+0.000880,3.7862e-01
15,4,12,8,13,37,43,0.000684,3.0631e-02,50.0061,6.061e-05,+0.001410,1.5853e-01
15,4,13,8,13,41,47,0.000582,6.5917e-02,50.0004,3.888e-06,+0.000269,7.8795e-01
15,4,14,8,13,43,53,0.000216,4.9376e-01,49.9954,4.584e-05,+0.001596,1.1042e-01
15,4,15,8,13,47,59,0.000200,5.2793e-01,49.9993,7.363e-06,+0.000643,5.2022e-01
15,4,16,8,13,53,61,0.000104,7.4147e-01,50.0013,1.340e-05,-0.001641,1.0081e-01
15,4,17,8,13,59,67,0.000134,6.7089e-01,50.0002,1.513e-06,-0.000967,3.3337e-01
15,4,18,8,13,61,71,0.000183,5.6216e-01,50.0006,5.975e-06,-0.001390,1.6450e-01
15,4,19,8,13,67,73,0.000118,7.0944e-01,49.9987,1.255e-05,-0.000449,6.5376e-01
15,5,6,11,17,13,19,0.000362,2.5214e-01,50.0036,3.649e-05,+0.000153,8.7841e-01
15,5,7,11,17,17,23,0.000286,3.6649e-01,49.9971,2.906e-05,-0.000244,8.0701e-01
15,5,8,11,17,19,29,0.000148,6.3979e-01,49.9913,8.651e-05,-0.000063,9.4977e-01
15,5,9,11,17,23,31,0.000057,8.5810e-01,50.0075,7.459e-05,+0.001281,2.0020e-01
15,5,10,11,17,29,37,0.000167,5.9697e-01,49.9900,1.004e-04,-0.000330,7.4123e-01
15,5,11,11,17,31,41,0.000036,9.0961e-01,49.9997,3.300e-06,-0.000489,6.2472e-01
15,5,12,11,17,37,43,0.000096,7.6219e-01,49.9904,9.561e-05,-0.000649,5.1656e-01
15,5,13,11,17,41,47,0.000216,4.9463e-01,50.0013,1.346e-05,+0.001117,2.6396e-01
15,5,14,11,17,43,53,0.000184,5.6017e-01,49.9983,1.729e-05,+0.000403,6.8718e-01
15,5,15,11,17,47,59,0.000249,4.3141e-01,50.0062,6.246e-05,-0.000472,6.3714e-01
15,5,16,11,17,53,61,0.000147,6.4111e-01,50.0035,3.478e-05,+0.000988,3.2293e-01
15,5,17,11,17,59,67,0.000466,1.4068e-01,50.0098,9.841e-05,-0.001134,2.5675e-01
15,5,18,11,17,61,71,0.000138,6.6212e-01,49.9953,4.688e-05,+0.000793,4.2793e-01
15,5,19,11,17,67,73,0.000098,7.5674e-01,49.9920,7.988e-05,-0.001255,2.0956e-01
15,6,7,13,19,17,23,0.000407,1.9826e-01,49.9969,3.093e-05,+0.000084,9.3317e-01
15,6,8,13,19,19,29,0.000261,4.0865e-01,50.0010,1.038e-05,-0.000377,7.0616e-01
15,6,9,13,19,23,31,0.000242,4.4493e-01,49.9963,3.673e-05,-0.000287,7.7436e-01
15,6,10,13,19,29,37,0.000209,5.0881e-01,50.0075,7.491e-05,-0.000374,7.0823e-01
15,6,11,13,19,31,41,0.000107,7.3522e-01,50.0059,5.854e-05,+0.000724,4.6885e-01
15,6,12,13,19,37,43,0.000088,7.8043e-01,50.0137,1.366e-04,-0.000480,6.3119e-01
15,6,13,13,19,41,47,0.000141,6.5621e-01,49.9947,5.278e-05,+0.001430,1.5278e-01
15,6,14,13,19,43,53,0.000073,8.1724e-01,50.0078,7.757e-05,+0.000263,7.9223e-01
15,6,15,13,19,47,59,0.001032,1.1020e-03,49.9916,8.372e-05,+0.000408,6.8314e-01
15,6,16,13,19,53,61,0.000007,9.8166e-01,50.0042,4.169e-05,+0.000436,6.6268e-01
15,6,17,13,19,59,67,0.000089,7.7828e-01,49.9929,7.115e-05,-0.000660,5.0916e-01
15,6,18,13,19,61,71,0.000241,4.4582e-01,50.0029,2.874e-05,+0.000218,8.2749e-01
15,6,19,13,19,67,73,0.000288,3.6267e-01,49.9987,1.329e-05,+0.000181,8.5657e-01
15,7,8,17,23,19,29,0.000227,4.7210e-01,50.0022,2.235e-05,+0.001285,1.9894e-01
15,7,9,17,23,23,31,0.000057,8.5621e-01,50.0025,2.515e-05,+0.000833,4.0512e-01
15,7,10,17,23,29,37,0.000241,4.4532e-01,50.0041,4.101e-05,+0.000537,5.9145e-01
15,7,11,17,23,31,41,0.000024,9.4037e-01,50.0007,7.462e-06,-0.001448,1.4766e-01
15,7,12,17,23,37,43,0.000110,7.2765e-01,49.9994,6.125e-06,-0.000706,4.8018e-01
15,7,13,17,23,41,47,0.000427,1.7660e-01,50.0015,1.498e-05,-0.000103,9.1812e-01
15,7,14,17,23,43,53,0.000095,7.6341e-01,49.9951,4.883e-05,+0.000416,6.7714e-01
15,7,15,17,23,47,59,0.000351,2.6643e-01,50.0001,1.125e-06,-0.000882,3.7789e-01
15,7,16,17,23,53,61,0.000193,5.4113e-01,49.9982,1.769e-05,-0.000913,3.6133e-01
15,7,17,17,23,59,67,0.000068,8.3033e-01,49.9928,7.195e-05,+0.000047,9.6281e-01
15,7,18,17,23,61,71,0.000132,6.7631e-01,49.9998,2.213e-06,+0.001947,5.1581e-02
15,7,19,17,23,67,73,0.000498,1.1503e-01,49.9992,7.837e-06,+0.000935,3.4992e-01
15,8,9,19,29,23,31,0.000621,4.9571e-02,49.9926,7.388e-05,-0.000140,8.8863e-01
15,8,10,19,29,29,37,0.000595,6.0033e-02,49.9987,1.304e-05,+0.000371,7.1096e-01
15,8,11,19,29,31,41,0.000254,4.2146e-01,49.9915,8.494e-05,+0.000876,3.8103e-01
15,8,12,19,29,37,43,0.000075,8.1253e-01,49.9996,3.900e-06,-0.001110,2.6680e-01
15,8,13,19,29,41,47,0.000319,3.1379e-01,49.9937,6.310e-05,+0.001249,2.1174e-01
15,8,14,19,29,43,53,0.000000,9.9995e-01,49.9964,3.593e-05,+0.000150,8.8060e-01
15,8,15,19,29,47,59,0.000437,1.6700e-01,50.0010,9.525e-06,-0.000645,5.1925e-01
15,8,16,19,29,53,61,0.000103,7.4416e-01,50.0033,3.266e-05,-0.000002,9.9831e-01
15,8,17,19,29,59,67,0.000223,4.8047e-01,49.9981,1.875e-05,+0.000157,8.7512e-01
15,8,18,19,29,61,71,0.000291,3.5691e-01,49.9934,6.639e-05,-0.000122,9.0315e-01
15,8,19,19,29,67,73,0.000279,3.7714e-01,49.9967,3.259e-05,-0.000624,5.3245e-01
15,9,10,23,31,29,37,0.000061,8.4750e-01,50.0072,7.219e-05,+0.000798,4.2481e-01
15,9,11,23,31,31,41,0.000318,3.1528e-01,49.9951,4.914e-05,+0.000832,4.0518e-01
15,9,12,23,31,37,43,0.000047,8.8262e-01,50.0027,2.725e-05,+0.000728,4.6641e-01
15,9,13,23,31,41,47,0.000038,9.0516e-01,49.9931,6.935e-05,-0.000215,8.3000e-01
15,9,14,23,31,43,53,0.000038,9.0470e-01,49.9963,3.678e-05,+0.000738,4.6066e-01
15,9,15,23,31,47,59,0.000074,8.1386e-01,49.9986,1.387e-05,+0.001294,1.9569e-01
15,9,16,23,31,53,61,0.000252,4.2469e-01,50.0070,7.011e-05,+0.001920,5.4901e-02
15,9,17,23,31,59,67,0.000124,6.9495e-01,50.0025,2.525e-05,-0.000567,5.7073e-01
15,9,18,23,31,61,71,0.000057,8.5698e-01,49.9912,8.839e-05,-0.000322,7.4770e-01
15,9,19,23,31,67,73,0.000355,2.6133e-01,50.0067,6.716e-05,-0.000495,6.2054e-01
15,10,11,29,37,31,41,0.000223,4.7986e-01,49.9976,2.368e-05,+0.000661,5.0864e-01
15,10,12,29,37,37,43,0.000354,2.6343e-01,50.0046,4.579e-05,+0.002204,2.7553e-02
15,10,13,29,37,41,47,0.000100,7.5145e-01,49.9896,1.043e-04,+0.000883,3.7740e-01
15,10,14,29,37,43,53,0.000147,6.4110e-01,50.0010,1.016e-05,+0.000475,6.3477e-01
15,10,15,29,37,47,59,0.000113,7.2022e-01,49.9905,9.489e-05,-0.001139,2.5451e-01
15,10,16,29,37,53,61,0.000150,6.3501e-01,50.0055,5.450e-05,+0.001549,1.2149e-01
15,10,17,29,37,59,67,0.000147,6.4177e-01,49.9983,1.651e-05,+0.000359,7.1957e-01
15,10,18,29,37,61,71,0.000166,5.9949e-01,49.9992,7.850e-06,+0.000758,4.4857e-01
15,10,19,29,37,67,73,0.000226,4.7563e-01,50.0001,9.250e-07,-0.000619,5.3575e-01
15,11,12,31,41,37,43,0.000029,9.2809e-01,50.0028,2.761e-05,+0.001370,1.7073e-01
15,11,13,31,41,41,47,0.000391,2.1591e-01,50.0015,1.474e-05,+0.000093,9.2598e-01
15,11,14,31,41,43,53,0.000429,1.7470e-01,49.9978,2.204e-05,+0.000704,4.8142e-01
15,11,15,31,41,47,59,0.000112,7.2420e-01,49.9996,3.937e-06,+0.000606,5.4478e-01
15,11,16,31,41,53,61,0.000259,4.1272e-01,49.9949,5.135e-05,+0.001651,9.8706e-02
15,11,17,31,41,59,67,0.000152,6.3065e-01,49.9971,2.876e-05,+0.000502,6.1544e-01
15,11,18,31,41,61,71,0.000590,6.2151e-02,50.0112,1.116e-04,-0.000333,7.3920e-01
15,11,19,31,41,67,73,0.000081,7.9796e-01,49.9978,2.223e-05,-0.000238,8.1175e-01
15,12,13,37,43,41,47,0.000356,2.6055e-01,50.0051,5.105e-05,-0.000431,6.6680e-01
15,12,14,37,43,43,53,0.000490,1.2127e-01,50.0033,3.277e-05,-0.001313,1.8918e-01
15,12,15,37,43,47,59,0.000034,9.1507e-01,49.9965,3.482e-05,+0.001395,1.6287e-01
15,12,16,37,43,53,61,0.000328,3.0023e-01,50.0016,1.594e-05,+0.000130,8.9685e-01
15,12,17,37,43,59,67,0.000077,8.0665e-01,50.0048,4.773e-05,+0.001119,2.6301e-01
15,12,18,37,43,61,71,0.000315,3.1922e-01,49.9924,7.629e-05,+0.000726,4.6788e-01
15,12,19,37,43,67,73,0.000325,3.0426e-01,49.9989,1.126e-05,-0.001122,2.6194e-01
15,13,14,41,47,43,53,0.000647,4.0652e-02,49.9968,3.237e-05,+0.000064,9.4864e-01
15,13,15,41,47,47,59,0.000322,3.0903e-01,49.9884,1.163e-04,-0.001040,2.9812e-01
15,13,16,41,47,53,61,0.000285,3.6730e-01,50.0078,7.814e-05,-0.000518,6.0419e-01
15,13,17,41,47,59,67,0.000142,6.5296e-01,49.9968,3.155e-05,+0.001615,1.0638e-01
15,13,18,41,47,61,71,0.000151,6.3269e-01,50.0018,1.791e-05,-0.001191,2.3369e-01
15,13,19,41,47,67,73,0.000009,9.7771e-01,50.0026,2.551e-05,+0.000050,9.6009e-01
15,14,15,43,53,47,59,0.000435,1.6940e-01,49.9980,1.990e-05,-0.001310,1.9019e-01
15,14,16,43,53,53,61,0.000241,4.4677e-01,50.0042,4.164e-05,+0.000015,9.8832e-01
15,14,17,43,53,59,67,0.000159,6.1496e-01,49.9912,8.792e-05,+0.000759,4.4763e-01
15,14,18,43,53,61,71,0.000460,1.4605e-01,49.9970,3.004e-05,-0.000476,6.3392e-01
15,14,19,43,53,67,73,0.000155,6.2355e-01,50.0068,6.766e-05,+0.001648,9.9336e-02
15,15,16,47,59,53,61,0.000087,7.8397e-01,50.0027,2.699e-05,-0.001056,2.9117e-01
15,15,17,47,59,59,67,0.000001,9.9646e-01,49.9998,1.825e-06,-0.000318,7.5072e-01
15,15,18,47,59,61,71,0.000396,2.1080e-01,50.0061,6.054e-05,+0.001047,2.9529e-01
15,15,19,47,59,67,73,0.000033,9.1812e-01,49.9970,3.004e-05,-0.000695,4.8726e-01
15,16,17,53,61,59,67,0.000107,7.3548e-01,49.9929,7.139e-05,-0.000442,6.5847e-01
15,16,18,53,61,61,71,0.000276,3.8227e-01,49.9981,1.892e-05,+0.000851,3.9485e-01
15,16,19,53,61,67,73,0.000351,2.6769e-01,49.9942,5.840e-05,-0.000012,9.9060e-01
15,17,18,59,67,61,71,0.000260,4.1114e-01,49.9988,1.206e-05,+0.001005,3.1489e-01
15,17,19,59,67,67,73,0.000002,9.9532e-01,50.0042,4.204e-05,-0.000825,4.0933e-01
15,18,19,61,71,67,73,0.000208,5.0975e-01,50.0023,2.313e-05,+0.000331,7.4086e-01
16,0,1,2,3,3,5,0.000054,8.6473e-01,50.0003,3.313e-06,+0.000583,5.6023e-01
16,0,2,2,3,5,7,0.000017,9.5807e-01,49.9972,2.848e-05,+0.000078,9.3745e-01
16,0,3,2,3,7,11,0.000621,4.9707e-02,50.0017,1.699e-05,-0.001044,2.9662e-01
16,0,4,2,3,8,13,0.000120,7.0359e-01,49.9968,3.195e-05,+0.000245,8.0654e-01
16,0,5,2,3,11,17,0.000504,1.1123e-01,49.9995,5.062e-06,+0.001081,2.7962e-01
16,0,6,2,3,13,19,0.000230,4.6762e-01,49.9963,3.715e-05,+0.001786,7.4108e-02
16,0,7,2,3,17,23,0.000092,7.7176e-01,49.9966,3.389e-05,-0.001670,9.4854e-02
16,0,8,2,3,19,29,0.000332,2.9358e-01,49.9978,2.241e-05,-0.001018,3.0868e-01
16,0,9,2,3,23,31,0.000184,5.6008e-01,50.0054,5.373e-05,+0.000356,7.2220e-01
16,0,10,2,3,29,37,0.000250,4.2845e-01,49.9964,3.631e-05,-0.000260,7.9450e-01
16,0,11,2,3,31,41,0.000288,3.6289e-01,50.0002,2.238e-06,-0.000643,5.2035e-01
16,0,12,2,3,37,43,0.000205,5.1713e-01,49.9982,1.819e-05,+0.001199,2.3063e-01
16,0,13,2,3,41,47,0.000410,1.9528e-01,50.0057,5.742e-05,-0.002128,3.3299e-02
16,0,14,2,3,43,53,0.000300,3.4239e-01,49.9944,5.611e-05,-0.001867,6.1877e-02
16,0,15,2,3,47,59,0.000001,9.9622e-01,50.0036,3.644e-05,+0.000351,7.2576e-01
16,0,16,2,3,53,61,0.000180,5.6931e-01,49.9988,1.195e-05,+0.001383,1.6661e-01
16,0,17,2,3,59,67,0.000128,6.8520e-01,49.9973,2.730e-05,-0.000418,6.7571e-01
16,0,18,2,3,61,71,0.000075,8.1154e-01,50.0040,4.001e-05,+0.000509,6.1055e-01
16,0,19,2,3,67,73,0.000723,2.2220e-02,49.9855,1.451e-04,+0.000476,6.3407e-01
16,1,2,3,5,5,7,0.000043,8.9120e-01,49.9947,5.314e-05,+0.000814,4.1542e-01
16,1,3,3,5,7,11,0.000167,5.9635e-01,49.9963,3.650e-05,-0.001907,5.6575e-02
16,1,4,3,5,8,13,0.000049,8.7737e-01,50.0128,1.277e-04,-0.000065,9.4857e-01
16,1,5,3,5,11,17,0.000238,4.5125e-01,49.9982,1.850e-05,+0.000245,8.0672e-01
16,1,6,3,5,13,19,0.000318,3.1421e-01,49.9939,6.146e-05,-0.000180,8.5753e-01
16,1,7,3,5,17,23,0.000124,6.9578e-01,49.9900,1.001e-04,+0.000666,5.0566e-01
16,1,8,3,5,19,29,0.000386,2.2231e-01,50.0092,9.225e-05,+0.000106,9.1573e-01
16,1,9,3,5,23,31,0.000159,6.1487e-01,49.9918,8.154e-05,-0.000017,9.8670e-01
16,1,10,3,5,29,37,0.000607,5.4808e-02,49.9967,3.327e-05,+0.001354,1.7562e-01
16,1,11,3,5,31,41,0.000366,2.4689e-01,49.9998,1.775e-06,-0.001434,1.5162e-01
16,1,12,3,5,37,43,0.000516,1.0287e-01,50.0073,7.330e-05,+0.000909,3.6333e-01
16,1,13,3,5,41,47,0.000427,1.7713e-01,49.9908,9.226e-05,-0.001672,9.4464e-02
16,1,14,3,5,43,53,0.000315,3.1988e-01,49.9964,3.640e-05,-0.000631,5.2810e-01
16,1,15,3,5,47,59,0.000031,9.2210e-01,49.9948,5.165e-05,+0.000295,7.6780e-01
16,1,16,3,5,53,61,0.000578,6.7533e-02,50.0016,1.639e-05,+0.000320,7.4878e-01
16,1,17,3,5,59,67,0.000235,4.5769e-01,49.9995,4.663e-06,-0.000096,9.2370e-01
16,1,18,3,5,61,71,0.000179,5.7114e-01,49.9940,6.033e-05,+0.001829,6.7426e-02
16,1,19,3,5,67,73,0.000381,2.2840e-01,49.9943,5.684e-05,-0.000690,4.9031e-01
16,2,3,5,7,7,11,0.001041,9.9544e-04,50.0029,2.901e-05,+0.000083,9.3410e-01
16,2,4,5,7,8,13,0.000319,3.1317e-01,50.0060,5.988e-05,+0.000338,7.3559e-01
16,2,5,5,7,11,17,0.000057,8.5621e-01,49.9963,3.681e-05,-0.000198,8.4334e-01
16,2,6,5,7,13,19,0.000179,5.7232e-01,50.0007,6.625e-06,+0.000783,4.3335e-01
16,2,7,5,7,17,23,0.000004,9.8957e-01,50.0065,6.459e-05,-0.001746,8.0749e-02
16,2,8,5,7,19,29,0.000244,4.4124e-01,50.0015,1.504e-05,+0.000213,8.3109e-01
16,2,9,5,7,23,31,0.000083,7.9251e-01,49.9956,4.433e-05,-0.001538,1.2393e-01
16,2,10,5,7,29,37,0.000111,7.2452e-01,50.0003,2.687e-06,+0.000283,7.7681e-01
16,2,11,5,7,31,41,0.000065,8.3752e-01,49.9983,1.736e-05,+0.001282,1.9988e-01
16,2,12,5,7,37,43,0.000109,7.3033e-01,49.9891,1.091e-04,+0.000148,8.8261e-01
16,2,13,5,7,41,47,0.000238,4.5248e-01,50.0070,6.957e-05,-0.000478,6.3230e-01
16,2,14,5,7,43,53,0.000366,2.4702e-01,50.0039,3.901e-05,-0.000382,7.0277e-01
16,2,15,5,7,47,59,0.000265,4.0206e-01,50.0049,4.949e-05,+0.000863,3.8818e-01
16,2,16,5,7,53,61,0.000635,4.4579e-02,49.9889,1.105e-04,+0.001139,2.5469e-01
16,2,17,5,7,59,67,0.000186,5.5625e-01,49.9902,9.775e-05,+0.001479,1.3927e-01
16,2,18,5,7,61,71,0.000041,8.9753e-01,50.0054,5.424e-05,+0.000010,9.9238e-01
16,2,19,5,7,67,73,0.000163,6.0562e-01,49.9999,6.750e-07,-0.000083,9.3347e-01
16,3,4,7,11,8,13,0.000278,3.7876e-01,49.9970,3.004e-05,-0.000149,8.8125e-01
16,3,5,7,11,11,17,0.000230,4.6651e-01,49.9985,1.505e-05,+0.001081,2.7980e-01
16,3,6,7,11,13,19,0.000395,2.1218e-01,50.0019,1.854e-05,-0.001596,1.1042e-01
16,3,7,7,11,17,23,0.000267,3.9936e-01,50.0046,4.650e-05,-0.001301,1.9327e-01
16,3,8,7,11,19,29,0.000107,7.3398e-01,50.0035,3.475e-05,+0.000581,5.6109e-01
16,3,9,7,11,23,31,0.000220,4.8635e-01,50.0017,1.679e-05,+0.000813,4.1608e-01
16,3,10,7,11,29,37,0.000012,9.6888e-01,49.9980,1.980e-05,+0.000917,3.5901e-01
16,3,11,7,11,31,41,0.000041,8.9756e-01,49.9892,1.084e-04,+0.000860,3.8994e-01
16,3,12,7,11,37,43,0.000105,7.4056e-01,50.0022,2.190e-05,-0.000128,8.9832e-01
16,3,13,7,11,41,47,0.000160,6.1179e-01,49.9862,1.381e-04,-0.001290,1.9716e-01
16,3,14,7,11,43,53,0.000081,7.9709e-01,49.9988,1.180e-05,-0.000569,5.6932e-01
16,3,15,7,11,47,59,0.000083,7.9291e-01,50.0083,8.275e-05,+0.001914,5.5614e-02
16,3,16,7,11,53,61,0.000119,7.0623e-01,49.9972,2.811e-05,-0.000754,4.5112e-01
16,3,17,7,11,59,67,0.000131,6.7958e-01,50.0024,2.359e-05,-0.001267,2.0501e-01
16,3,18,7,11,61,71,0.000137,6.6433e-01,50.0010,1.005e-05,-0.000510,6.0976e-01
16,3,19,7,11,67,73,0.000306,3.3359e-01,49.9959,4.146e-05,+0.000720,4.7174e-01
16,4,5,8,13,11,17,0.000049,8.7730e-01,50.0097,9.651e-05,+0.000741,4.5867e-01
16,4,6,8,13,13,19,0.000137,6.6442e-01,50.0036,3.582e-05,-0.000676,4.9930e-01
16,4,7,8,13,17,23,0.000118,7.0843e-01,49.9982,1.821e-05,+0.000177,8.5964e-01
16,4,8,8,13,19,29,0.000181,5.6760e-01,50.0001,1.113e-06,-0.001070,2.8472e-01
16,4,9,8,13,23,31,0.000161,6.1153e-01,50.0049,4.903e-05,-0.000983,3.2549e-01
16,4,10,8,13,29,37,0.000082,7.9492e-01,49.9971,2.946e-05,+0.000810,4.1793e-01
16,4,11,8,13,31,41,0.000245,4.3831e-01,50.0018,1.829e-05,+0.001621,1.0497e-01
16,4,12,8,13,37,43,0.000217,4.9344e-01,50.0028,2.779e-05,+0.000153,8.7812e-01
16,4,13,8,13,41,47,0.000047,8.8099e-01,49.9971,2.943e-05,+0.000753,4.5138e-01
16,4,14,8,13,43,53,0.000020,9.4884e-01,49.9985,1.541e-05,+0.001359,1.7406e-01
16,4,15,8,13,47,59,0.000398,2.0764e-01,50.0044,4.351e-05,+0.001417,1.5656e-01
16,4,16,8,13,53,61,0.000303,3.3750e-01,49.9991,9.250e-06,-0.000422,6.7322e-01
16,4,17,8,13,59,67,0.000430,1.7411e-01,50.0059,5.882e-05,+0.000491,6.2361e-01
16,4,18,8,13,61,71,0.000498,1.1546e-01,49.9911,8.864e-05,+0.001307,1.9133e-01
16,4,19,8,13,67,73,0.000416,1.8813e-01,49.9873,1.269e-04,+0.001486,1.3740e-01
16,5,6,11,17,13,19,0.000570,7.1682e-02,50.0051,5.099e-05,+0.000550,5.8247e-01
16,5,7,11,17,17,23,0.000024,9.3975e-01,49.9882,1.181e-04,+0.000990,3.2222e-01
16,5,8,11,17,19,29,0.000076,8.1076e-01,50.0059,5.880e-05,-0.001575,1.1516e-01
16,5,9,11,17,23,31,0.000190,5.4796e-01,50.0096,9.579e-05,-0.000529,5.9674e-01
16,5,10,11,17,29,37,0.000018,9.5372e-01,50.0026,2.638e-05,+0.001044,2.9642e-01
16,5,11,11,17,31,41,0.000640,4.2847e-02,49.9804,1.956e-04,+0.000656,5.1157e-01
16,5,12,11,17,37,43,0.000158,6.1779e-01,50.0026,2.603e-05,-0.000439,6.6036e-01
16,5,13,11,17,41,47,0.000034,9.1330e-01,49.9944,5.596e-05,-0.001106,2.6859e-01
16,5,14,11,17,43,53,0.000016,9.5871e-01,50.0015,1.460e-05,-0.000268,7.8849e-01
16,5,15,11,17,47,59,0.000426,1.7818e-01,50.0040,4.045e-05,+0.000050,9.6014e-01
16,5,16,11,17,53,61,0.000083,7.9257e-01,49.9907,9.284e-05,-0.000357,7.2077e-01
16,5,17,11,17,59,67,0.000067,8.3121e-01,50.0036,3.559e-05,-0.001017,3.0894e-01
16,5,18,11,17,61,71,0.000126,6.8978e-01,50.0055,5.497e-05,-0.001034,3.0091e-01
16,5,19,11,17,67,73,0.000193,5.4142e-01,50.0010,9.838e-06,+0.001289,1.9754e-01
16,6,7,13,19,17,23,0.000009,9.7698e-01,50.0035,3.494e-05,-0.001116,2.6445e-01
16,6,8,13,19,19,29,0.000539,8.8495e-02,49.9913,8.739e-05,-0.000465,6.4224e-01
16,6,9,13,19,23,31,0.000269,3.9452e-01,49.9970,2.965e-05,-0.000474,6.3546e-01
16,6,10,13,19,29,37,0.000154,6.2715e-01,49.9933,6.681e-05,+0.000400,6.8918e-01
16,6,11,13,19,31,41,0.000227,4.7211e-01,50.0059,5.854e-05,+0.000443,6.5756e-01
16,6,12,13,19,37,43,0.000131,6.7753e-01,49.9986,1.361e-05,-0.000331,7.4063e-01
16,6,13,13,19,41,47,0.000570,7.1275e-02,50.0020,1.990e-05,-0.000895,3.7084e-01
16,6,14,13,19,43,53,0.000004,9.8960e-01,49.9967,3.339e-05,+0.000883,3.7707e-01
16,6,15,13,19,47,59,0.000482,1.2734e-01,50.0053,5.326e-05,+0.001267,2.0526e-01
16,6,16,13,19,53,61,0.000508,1.0801e-01,50.0031,3.067e-05,-0.000792,4.2811e-01
16,6,17,13,19,59,67,0.000460,1.4548e-01,49.9889,1.105e-04,+0.001313,1.8928e-01
16,6,18,13,19,61,71,0.000249,4.3156e-01,50.0017,1.716e-05,+0.000150,8.8038e-01
16,6,19,13,19,67,73,0.000134,6.7227e-01,49.9921,7.913e-05,-0.001503,1.3282e-01
16,7,8,17,23,19,29,0.000042,8.9488e-01,49.9966,3.355e-05,+0.000215,8.2996e-01
16,7,9,17,23,23,31,0.000049,8.7740e-01,49.9937,6.324e-05,-0.001276,2.0201e-01
16,7,10,17,23,29,37,0.000369,2.4264e-01,50.0013,1.320e-05,-0.000640,5.2199e-01
16,7,11,17,23,31,41,0.000113,7.2008e-01,50.0028,2.773e-05,-0.000679,4.9737e-01
16,7,12,17,23,37,43,0.000309,3.2803e-01,49.9973,2.702e-05,-0.002250,2.4459e-02
16,7,13,17,23,41,47,0.000300,3.4337e-01,50.0043,4.259e-05,-0.001314,1.8900e-01
16,7,14,17,23,43,53,0.000530,9.3508e-02,49.9934,6.640e-05,-0.000809,4.1841e-01
16,7,15,17,23,47,59,0.000179,5.7047e-01,49.9929,7.075e-05,-0.000564,5.7280e-01
16,7,16,17,23,53,61,0.000232,4.6263e-01,50.0002,1.638e-06,+0.000122,9.0264e-01
16,7,17,17,23,59,67,0.000593,6.0757e-02,49.9964,3.586e-05,-0.001252,2.1049e-01
16,7,18,17,23,61,71,0.000404,2.0181e-01,50.0047,4.735e-05,+0.001356,1.7523e-01
16,7,19,17,23,67,73,0.000040,8.9853e-01,49.9960,3.961e-05,-0.000609,5.4242e-01
16,8,9,19,29,23,31,0.000048,8.7933e-01,50.0042,4.171e-05,+0.000282,7.7821e-01
16,8,10,19,29,29,37,0.000259,4.1263e-01,50.0040,4.037e-05,+0.000999,3.1794e-01
16,8,11,19,29,31,41,0.000069,8.2838e-01,49.9945,5.490e-05,-0.001421,1.5528e-01
16,8,12,19,29,37,43,0.000303,3.3867e-01,49.9989,1.083e-05,-0.000176,8.6065e-01
16,8,13,19,29,41,47,0.000321,3.1040e-01,50.0011,1.124e-05,-0.000944,3.4533e-01
16,8,14,19,29,43,53,0.000045,8.8798e-01,50.0074,7.362e-05,-0.001286,1.9857e-01
16,8,15,19,29,47,59,0.000079,8.0271e-01,50.0043,4.258e-05,+0.000692,4.8920e-01
16,8,16,19,29,53,61,0.000229,4.6917e-01,49.9990,9.988e-06,+0.001510,1.3094e-01
16,8,17,19,29,59,67,0.000069,8.2787e-01,50.0060,6.004e-05,-0.000810,4.1821e-01
16,8,18,19,29,61,71,0.000307,3.3177e-01,49.9950,4.962e-05,+0.000844,3.9853e-01
16,8,19,19,29,67,73,0.000638,4.3688e-02,49.9913,8.736e-05,+0.000309,7.5760e-01
16,9,10,23,31,29,37,0.000286,3.6635e-01,50.0035,3.461e-05,+0.001012,3.1141e-01
16,9,11,23,31,31,41,0.000796,1.1797e-02,49.9962,3.756e-05,-0.000697,4.8564e-01
16,9,12,23,31,37,43,0.000067,8.3232e-01,49.9985,1.461e-05,-0.000200,8.4145e-01
16,9,13,23,31,41,47,0.000200,5.2689e-01,49.9992,8.475e-06,-0.000861,3.8908e-01
16,9,14,23,31,43,53,0.000044,8.8812e-01,50.0029,2.914e-05,-0.000972,3.3097e-01
16,9,15,23,31,47,59,0.000317,3.1587e-01,49.9936,6.379e-05,-0.000758,4.4850e-01
16,9,16,23,31,53,61,0.000845,7.5100e-03,49.9957,4.340e-05,-0.002068,3.8636e-02
16,9,17,23,31,59,67,0.000112,7.2400e-01,50.0029,2.947e-05,+0.000192,8.4761e-01
16,9,18,23,31,61,71,0.000126,6.9006e-01,50.0031,3.084e-05,-0.000124,9.0123e-01
16,9,19,23,31,67,73,0.000064,8.3997e-01,50.0072,7.170e-05,+0.000406,6.8509e-01
16,10,11,29,37,31,41,0.000211,5.0400e-01,50.0048,4.817e-05,+0.000120,9.0448e-01
16,10,12,29,37,37,43,0.000062,8.4360e-01,50.0043,4.297e-05,+0.001056,2.9109e-01
16,10,13,29,37,41,47,0.000101,7.4972e-01,49.9906,9.351e-05,-0.000032,9.7423e-01
16,10,14,29,37,43,53,0.000524,9.7266e-02,49.9947,5.313e-05,+0.000345,7.3011e-01
16,10,15,29,37,47,59,0.000456,1.4954e-01,49.9940,5.975e-05,+0.000788,4.3049e-01
16,10,16,29,37,53,61,0.000098,7.5662e-01,49.9917,8.306e-05,-0.000261,7.9393e-01
16,10,17,29,37,59,67,0.000185,5.5848e-01,49.9945,5.539e-05,-0.001059,2.8981e-01
16,10,18,29,37,61,71,0.000165,6.0190e-01,49.9938,6.235e-05,+0.000249,8.0335e-01
16,10,19,29,37,67,73,0.000642,4.2405e-02,49.9971,2.926e-05,-0.000036,9.7119e-01
16,11,12,31,41,37,43,0.000081,7.9743e-01,49.9986,1.408e-05,-0.001421,1.5527e-01
16,11,13,31,41,41,47,0.000015,9.6127e-01,50.0027,2.679e-05,-0.002558,1.0521e-02
16,11,14,31,41,43,53,0.000072,8.1899e-01,50.0008,8.425e-06,+0.002274,2.2993e-02
16,11,15,31,41,47,59,0.000449,1.5591e-01,49.9911,8.918e-05,-0.000227,8.2042e-01
16,11,16,31,41,53,61,0.000185,5.5905e-01,50.0026,2.604e-05,-0.000613,5.4000e-01
16,11,17,31,41,59,67,0.000343,2.7815e-01,50.0090,9.039e-05,+0.001584,1.1317e-01
16,11,18,31,41,61,71,0.000022,9.4341e-01,50.0039,3.890e-05,+0.000116,9.0734e-01
16,11,19,31,41,67,73,0.000498,1.1512e-01,50.0007,7.488e-06,+0.001438,1.5048e-01
16,12,13,37,43,41,47,0.000142,6.5295e-01,49.9980,2.016e-05,+0.000289,7.7269e-01
16,12,14,37,43,43,53,0.000229,4.6885e-01,50.0003,2.725e-06,+0.001218,2.2304e-01
16,12,15,37,43,47,59,0.000054,8.6423e-01,50.0062,6.195e-05,-0.001632,1.0266e-01
16,12,16,37,43,53,61,0.000421,1.8328e-01,50.0032,3.171e-05,+0.000045,9.6386e-01
16,12,17,37,43,59,67,0.000146,6.4363e-01,49.9984,1.594e-05,+0.000562,5.7443e-01
16,12,18,37,43,61,71,0.000903,4.2826e-03,50.0019,1.945e-05,+0.001023,3.0644e-01
16,12,19,37,43,67,73,0.000255,4.2009e-01,49.9916,8.396e-05,-0.000587,5.5750e-01
16,13,14,41,47,43,53,0.000146,6.4356e-01,49.9952,4.801e-05,-0.000299,7.6461e-01
16,13,15,41,47,47,59,0.000060,8.4842e-01,49.9999,1.038e-06,-0.000284,7.7621e-01
16,13,16,41,47,53,61,0.000173,5.8478e-01,49.9943,5.652e-05,+0.000905,3.6549e-01
16,13,17,41,47,59,67,0.000039,9.0246e-01,49.9994,5.775e-06,-0.000226,8.2127e-01
16,13,18,41,47,61,71,0.000110,7.2771e-01,49.9978,2.244e-05,+0.000432,6.6579e-01
16,13,19,41,47,67,73,0.000189,5.4978e-01,50.0032,3.155e-05,-0.001581,1.1389e-01
16,14,15,43,53,47,59,0.000414,1.9088e-01,50.0007,6.525e-06,+0.000012,9.9044e-01
16,14,16,43,53,53,61,0.000007,9.8208e-01,49.9943,5.674e-05,-0.002479,1.3175e-02
16,14,17,43,53,59,67,0.000428,1.7554e-01,49.9977,2.314e-05,+0.001317,1.8780e-01
16,14,18,43,53,61,71,0.000112,7.2351e-01,49.9995,5.125e-06,-0.000510,6.1012e-01
16,14,19,43,53,67,73,0.000363,2.5115e-01,50.0037,3.656e-05,-0.000246,8.0586e-01
16,15,16,47,59,53,61,0.000545,8.4819e-02,49.9863,1.367e-04,-0.000664,5.0654e-01
16,15,17,47,59,59,67,0.000337,2.8586e-01,49.9988,1.201e-05,+0.000246,8.0582e-01
16,15,18,47,59,61,71,0.000600,5.7745e-02,49.9903,9.675e-05,+0.000520,6.0279e-01
16,15,19,47,59,67,73,0.000108,7.3224e-01,50.0015,1.484e-05,-0.000949,3.4239e-01
16,16,17,53,61,59,67,0.000083,7.9220e-01,49.9981,1.915e-05,+0.001473,1.4079e-01
16,16,18,53,61,61,71,0.000262,4.0705e-01,49.9997,2.587e-06,-0.000148,8.8258e-01
16,16,19,53,61,67,73,0.000400,2.0620e-01,50.0109,1.091e-04,-0.000795,4.2637e-01
16,17,18,59,67,61,71,0.000065,8.3793e-01,50.0014,1.449e-05,-0.000801,4.2334e-01
16,17,19,59,67,67,73,0.000299,3.4507e-01,50.0030,3.040e-05,+0.000808,4.1920e-01
16,18,19,61,71,67,73,0.000449,1.5538e-01,49.9965,3.516e-05,-0.000820,4.1223e-01
17,0,1,2,3,3,5,0.000049,8.7567e-01,50.0033,3.276e-05,+0.001760,7.8365e-02
17,0,2,2,3,5,7,0.000016,9.5931e-01,50.0042,4.151e-05,-0.000588,5.5663e-01
17,0,3,2,3,7,11,0.000403,2.0231e-01,50.0069,6.889e-05,-0.001094,2.7407e-01
17,0,4,2,3,8,13,0.000028,9.2984e-01,50.0063,6.285e-05,-0.001845,6.5034e-02
17,0,5,2,3,11,17,0.000411,1.9380e-01,50.0010,1.019e-05,-0.000059,9.5322e-01
17,0,6,2,3,13,19,0.000712,2.4365e-02,50.0091,9.063e-05,-0.000149,8.8128e-01
17,0,7,2,3,17,23,0.000501,1.1293e-01,50.0069,6.869e-05,+0.001390,1.6447e-01
17,0,8,2,3,19,29,0.000849,7.2780e-03,49.9922,7.774e-05,+0.000196,8.4481e-01
17,0,9,2,3,23,31,0.000086,7.8479e-01,49.9979,2.054e-05,-0.001125,2.6078e-01
17,0,10,2,3,29,37,0.000402,2.0408e-01,50.0014,1.350e-05,+0.001475,1.4009e-01
17,0,11,2,3,31,41,0.000145,6.4545e-01,49.9995,4.600e-06,+0.000301,7.6367e-01
17,0,12,2,3,37,43,0.000465,1.4131e-01,50.0006,6.238e-06,-0.001280,2.0055e-01
17,0,13,2,3,41,47,0.000363,2.5090e-01,49.9999,7.750e-07,-0.000164,8.6960e-01
17,0,14,2,3,43,53,0.000346,2.7365e-01,49.9924,7.625e-05,+0.001354,1.7566e-01
17,0,15,2,3,47,59,0.000372,2.3919e-01,49.9981,1.864e-05,-0.000531,5.9523e-01
17,0,16,2,3,53,61,0.000007,9.8351e-01,50.0037,3.679e-05,+0.000108,9.1399e-01
17,0,17,2,3,59,67,0.000006,9.8391e-01,50.0100,1.001e-04,+0.001265,2.0599e-01
17,0,18,2,3,61,71,0.000197,5.3344e-01,49.9942,5.761e-05,-0.001730,8.3682e-02
17,0,19,2,3,67,73,0.000424,1.8022e-01,50.0152,1.518e-04,+0.000683,4.9431e-01
17,1,2,3,5,5,7,0.000270,3.9352e-01,50.0108,1.077e-04,+0.000023,9.8136e-01
17,1,3,3,5,7,11,0.000123,6.9809e-01,50.0029,2.937e-05,-0.000487,6.2648e-01
17,1,4,3,5,8,13,0.000064,8.4048e-01,50.0064,6.409e-05,+0.000693,4.8857e-01
17,1,5,3,5,11,17,0.000248,4.3367e-01,50.0010,9.950e-06,-0.000191,8.4853e-01
17,1,6,3,5,13,19,0.000085,7.8884e-01,50.0027,2.694e-05,-0.000291,7.7084e-01
17,1,7,3,5,17,23,0.000015,9.6121e-01,49.9980,2.018e-05,+0.001273,2.0309e-01
17,1,8,3,5,19,29,0.000288,3.6198e-01,50.0008,7.650e-06,-0.000274,7.8388e-01
17,1,9,3,5,23,31,0.000425,1.7936e-01,49.9955,4.472e-05,+0.000435,6.6387e-01
17,1,10,3,5,29,37,0.000334,2.9135e-01,49.9950,4.979e-05,-0.001203,2.2914e-01
17,1,11,3,5,31,41,0.000099,7.5421e-01,49.9930,6.974e-05,+0.000474,6.3537e-01
17,1,12,3,5,37,43,0.000608,5.4427e-02,49.9975,2.485e-05,-0.000918,3.5845e-01
17,1,13,3,5,41,47,0.000048,8.7846e-01,50.0043,4.284e-05,+0.001478,1.3928e-01
17,1,14,3,5,43,53,0.000107,7.3426e-01,50.0064,6.394e-05,+0.001823,6.8307e-02
17,1,15,3,5,47,59,0.000067,8.3125e-01,50.0021,2.108e-05,+0.000786,4.3204e-01
17,1,16,3,5,53,61,0.000132,6.7640e-01,49.9946,5.362e-05,+0.000460,6.4551e-01
17,1,17,3,5,59,67,0.000252,4.2468e-01,49.9924,7.631e-05,+0.001333,1.8267e-01
17,1,18,3,5,61,71,0.000400,2.0620e-01,49.9969,3.150e-05,-0.000020,9.8429e-01
17,1,19,3,5,67,73,0.000374,2.3708e-01,49.9985,1.535e-05,+0.000951,3.4151e-01
17,2,3,5,7,7,11,0.000274,3.8679e-01,50.0101,1.009e-04,+0.000496,6.2000e-01
17,2,4,5,7,8,13,0.000088,7.8064e-01,49.9995,5.313e-06,+0.001345,1.7874e-01
17,2,5,5,7,11,17,0.000186,5.5612e-01,49.9878,1.217e-04,-0.000250,8.0268e-01
17,2,6,5,7,13,19,0.000393,2.1426e-01,50.0014,1.376e-05,-0.000070,9.4381e-01
17,2,7,5,7,17,23,0.000242,4.4484e-01,50.0008,8.400e-06,-0.000807,4.1980e-01
17,2,8,5,7,19,29,0.000038,9.0413e-01,49.9872,1.279e-04,-0.000179,8.5783e-01
17,2,9,5,7,23,31,0.000047,8.8288e-01,49.9975,2.465e-05,-0.003196,1.3912e-03
17,2,10,5,7,29,37,0.000172,5.8703e-01,50.0015,1.454e-05,-0.000990,3.2206e-01
17,2,11,5,7,31,41,0.000414,1.9057e-01,50.0075,7.481e-05,-0.000722,4.7041e-01
17,2,12,5,7,37,43,0.000258,4.1516e-01,50.0009,9.425e-06,-0.000920,3.5746e-01
17,2,13,5,7,41,47,0.000060,8.4914e-01,50.0138,1.384e-04,+0.000313,7.5438e-01
17,2,14,5,7,43,53,0.000042,8.9334e-01,49.9989,1.076e-05,-0.000504,6.1413e-01
17,2,15,5,7,47,59,0.000429,1.7490e-01,50.0055,5.488e-05,+0.000021,9.8354e-01
17,2,16,5,7,53,61,0.000002,9.9405e-01,50.0091,9.050e-05,-0.000426,6.7023e-01
17,2,17,5,7,59,67,0.000239,4.4997e-01,49.9980,1.974e-05,-0.000267,7.8955e-01
17,2,18,5,7,61,71,0.000043,8.9080e-01,50.0025,2.477e-05,+0.000556,5.7796e-01
17,2,19,5,7,67,73,0.000075,8.1213e-01,50.0021,2.113e-05,+0.001125,2.6045e-01
17,3,4,7,11,8,13,0.000250,4.2960e-01,50.0034,3.449e-05,+0.000299,7.6480e-01
17,3,5,7,11,11,17,0.000107,7.3554e-01,49.9959,4.092e-05,+0.000504,6.1393e-01
17,3,6,7,11,13,19,0.000145,6.4726e-01,49.9972,2.824e-05,+0.000049,9.6083e-01
17,3,7,7,11,17,23,0.000237,4.5404e-01,50.0051,5.057e-05,-0.000102,9.1858e-01
17,3,8,7,11,19,29,0.000070,8.2576e-01,49.9975,2.477e-05,+0.000283,7.7739e-01
17,3,9,7,11,23,31,0.000340,2.8164e-01,49.9975,2.505e-05,+0.000844,3.9855e-01
17,3,10,7,11,29,37,0.000539,8.8423e-02,50.0089,8.891e-05,-0.000039,9.6876e-01
17,3,11,7,11,31,41,0.000294,3.5279e-01,50.0056,5.649e-05,+0.000588,5.5640e-01
17,3,12,7,11,37,43,0.000336,2.8762e-01,49.9985,1.545e-05,+0.000037,9.7022e-01
17,3,13,7,11,41,47,0.000358,2.5748e-01,50.0009,8.587e-06,-0.000718,4.7282e-01
17,3,14,7,11,43,53,0.000166,6.0045e-01,49.9921,7.921e-05,-0.001633,1.0244e-01
17,3,15,7,11,47,59,0.000003,9.9228e-01,50.0014,1.370e-05,+0.000255,7.9849e-01
17,3,16,7,11,53,61,0.000093,7.6846e-01,50.0009,8.925e-06,+0.000177,8.5972e-01
17,3,17,7,11,59,67,0.000544,8.5364e-02,50.0048,4.804e-05,+0.001969,4.8918e-02
17,3,18,7,11,61,71,0.000029,9.2658e-01,49.9959,4.060e-05,-0.000793,4.2781e-01
17,3,19,7,11,67,73,0.000005,9.8829e-01,50.0044,4.435e-05,+0.000837,4.0252e-01
17,4,5,8,13,11,17,0.000249,4.3128e-01,49.9951,4.851e-05,+0.001867,6.1912e-02
17,4,6,8,13,13,19,0.000522,9.8601e-02,50.0058,5.820e-05,+0.000650,5.1555e-01
17,4,7,8,13,17,23,0.000295,3.5140e-01,50.0006,6.438e-06,-0.000032,9.7410e-01
17,4,8,8,13,19,29,0.000025,9.3693e-01,49.9967,3.311e-05,-0.000089,9.2875e-01
17,4,9,8,13,23,31,0.000103,7.4452e-01,50.0067,6.681e-05,+0.001174,2.4030e-01
17,4,10,8,13,29,37,0.000031,9.2074e-01,50.0119,1.189e-04,+0.000992,3.2105e-01
17,4,11,8,13,31,41,0.000068,8.2913e-01,49.9997,2.625e-06,+0.000390,6.9647e-01
17,4,12,8,13,37,43,0.000043,8.9205e-01,49.9969,3.116e-05,+0.000298,7.6608e-01
17,4,13,8,13,41,47,0.000446,1.5834e-01,50.0036,3.620e-05,-0.000806,4.2032e-01
17,4,14,8,13,43,53,0.000164,6.0309e-01,49.9961,3.918e-05,+0.001951,5.1039e-02
17,4,15,8,13,47,59,0.000199,5.2874e-01,49.9979,2.074e-05,+0.000378,7.0551e-01
17,4,16,8,13,53,61,0.000343,2.7840e-01,50.0030,3.031e-05,+0.000357,7.2134e-01
17,4,17,8,13,59,67,0.000142,6.5327e-01,50.0028,2.770e-05,-0.000127,8.9882e-01
17,4,18,8,13,61,71,0.000338,2.8570e-01,49.9844,1.561e-04,+0.000454,6.4971e-01
17,4,19,8,13,67,73,0.000429,1.7477e-01,50.0028,2.841e-05,+0.001097,2.7286e-01
17,5,6,11,17,13,19,0.000442,1.6213e-01,50.0058,5.819e-05,+0.000508,6.1110e-01
17,5,7,11,17,17,23,0.000082,7.9553e-01,50.0028,2.835e-05,+0.000813,4.1602e-01
17,5,8,11,17,19,29,0.000143,6.5192e-01,49.9882,1.183e-04,+0.000161,8.7203e-01
17,5,9,11,17,23,31,0.000154,6.2614e-01,49.9968,3.208e-05,-0.000070,9.4413e-01
17,5,10,11,17,29,37,0.000141,6.5486e-01,49.9978,2.191e-05,+0.000097,9.2242e-01
17,5,11,11,17,31,41,0.000581,6.6294e-02,50.0085,8.479e-05,-0.000154,8.7777e-01
17,5,12,11,17,37,43,0.000403,2.0239e-01,50.0055,5.528e-05,+0.000117,9.0667e-01
17,5,13,11,17,41,47,0.000148,6.3963e-01,50.0021,2.146e-05,+0.001281,2.0015e-01
17,5,14,11,17,43,53,0.000139,6.5951e-01,50.0100,1.002e-04,-0.000293,7.6969e-01
17,5,15,11,17,47,59,0.000401,2.0421e-01,49.9895,1.045e-04,-0.000436,6.6284e-01
17,5,16,11,17,53,61,0.000376,2.3481e-01,50.0060,5.995e-05,+0.000044,9.6511e-01
17,5,17,11,17,59,67,0.000057,8.5812e-01,49.9946,5.374e-05,+0.000846,3.9737e-01
17,5,18,11,17,61,71,0.000126,6.9095e-01,49.9923,7.688e-05,-0.001488,1.3681e-01
17,5,19,11,17,67,73,0.000182,5.6565e-01,50.0051,5.108e-05,+0.001130,2.5857e-01
17,6,7,13,19,17,23,0.000195,5.3781e-01,50.0009,8.662e-06,-0.001131,2.5813e-01
17,6,8,13,19,19,29,0.000338,2.8513e-01,50.0123,1.227e-04,+0.001431,1.5230e-01
17,6,9,13,19,23,31,0.000087,7.8234e-01,49.9987,1.346e-05,+0.000710,4.7782e-01
17,6,10,13,19,29,37,0.000247,4.3511e-01,50.0033,3.288e-05,-0.000658,5.1052e-01
17,6,11,13,19,31,41,0.000082,7.9633e-01,50.0061,6.140e-05,+0.000355,7.2244e-01
17,6,12,13,19,37,43,0.000312,3.2459e-01,50.0021,2.129e-05,+0.000782,4.3405e-01
17,6,13,13,19,41,47,0.000577,6.7893e-02,50.0024,2.425e-05,+0.000273,7.8462e-01
17,6,14,13,19,43,53,0.000255,4.1983e-01,49.9965,3.458e-05,+0.000077,9.3840e-01
17,6,15,13,19,47,59,0.000047,8.8243e-01,49.9991,9.062e-06,-0.000674,5.0058e-01
17,6,16,13,19,53,61,0.000306,3.3310e-01,49.9960,4.029e-05,-0.001743,8.1410e-02
17,6,17,13,19,59,67,0.000307,3.3101e-01,49.9950,5.030e-05,-0.000718,4.7289e-01
17,6,18,13,19,61,71,0.000240,4.4724e-01,50.0032,3.194e-05,-0.000588,5.5643e-01
17,6,19,13,19,67,73,0.000481,1.2843e-01,50.0055,5.511e-05,-0.001352,1.7642e-01
17,7,8,17,23,19,29,0.000274,3.8619e-01,50.0049,4.940e-05,+0.000029,9.7669e-01
17,7,9,17,23,23,31,0.000083,7.9350e-01,50.0030,2.965e-05,+0.000873,3.8263e-01
17,7,10,17,23,29,37,0.000049,8.7713e-01,50.0023,2.286e-05,-0.000746,4.5543e-01
17,7,11,17,23,31,41,0.000201,5.2568e-01,50.0019,1.871e-05,+0.000121,9.0377e-01
17,7,12,17,23,37,43,0.000130,6.8003e-01,49.9958,4.188e-05,+0.000329,7.4242e-01
17,7,13,17,23,41,47,0.000116,7.1450e-01,50.0042,4.171e-05,-0.000113,9.1022e-01
17,7,14,17,23,43,53,0.000168,5.9614e-01,49.9959,4.096e-05,+0.000580,5.6171e-01
17,7,15,17,23,47,59,0.000308,3.3064e-01,50.0035,3.545e-05,-0.000946,3.4418e-01
17,7,16,17,23,53,61,0.000052,8.6840e-01,50.0040,3.955e-05,+0.001781,7.4916e-02
17,7,17,17,23,59,67,0.000617,5.0933e-02,49.9973,2.719e-05,+0.001420,1.5554e-01
17,7,18,17,23,61,71,0.000307,3.3219e-01,49.9971,2.907e-05,+0.000996,3.1904e-01
17,7,19,17,23,67,73,0.000162,6.0851e-01,50.0016,1.570e-05,+0.000025,9.7990e-01
17,8,9,19,29,23,31,0.000351,2.6666e-01,50.0085,8.495e-05,+0.001041,2.9765e-01
17,8,10,19,29,29,37,0.000290,3.5841e-01,50.0058,5.774e-05,+0.000736,4.6170e-01
17,8,11,19,29,31,41,0.000364,2.4911e-01,50.0009,9.388e-06,-0.001090,2.7564e-01
17,8,12,19,29,37,43,0.000167,5.9784e-01,49.9909,9.063e-05,-0.000120,9.0476e-01
17,8,13,19,29,41,47,0.000532,9.2536e-02,49.9872,1.276e-04,-0.000306,7.5960e-01
17,8,14,19,29,43,53,0.000119,7.0581e-01,50.0092,9.191e-05,+0.001578,1.1461e-01
17,8,15,19,29,47,59,0.000308,3.2970e-01,50.0015,1.475e-05,+0.000396,6.9245e-01
17,8,16,19,29,53,61,0.000232,4.6352e-01,50.0025,2.517e-05,-0.000016,9.8699e-01
17,8,17,19,29,59,67,0.000062,8.4431e-01,50.0109,1.094e-04,+0.001103,2.6991e-01
17,8,18,19,29,61,71,0.000178,5.7263e-01,49.9973,2.718e-05,+0.001316,1.8807e-01
17,8,19,19,29,67,73,0.000036,9.0983e-01,49.9969,3.132e-05,+0.000713,4.7562e-01
17,9,10,23,31,29,37,0.000161,6.1036e-01,50.0018,1.784e-05,-0.001803,7.1378e-02
17,9,11,23,31,31,41,0.000194,5.4020e-01,49.9954,4.626e-05,-0.000189,8.5028e-01
17,9,12,23,31,37,43,0.000225,4.7657e-01,49.9986,1.353e-05,+0.000190,8.4958e-01
17,9,13,23,31,41,47,0.000631,4.6022e-02,50.0058,5.784e-05,+0.000233,8.1545e-01
17,9,14,23,31,43,53,0.000431,1.7299e-01,49.9923,7.724e-05,+0.000079,9.3739e-01
17,9,15,23,31,47,59,0.000334,2.9147e-01,50.0071,7.130e-05,-0.000432,6.6562e-01
17,9,16,23,31,53,61,0.000317,3.1681e-01,50.0041,4.105e-05,+0.000511,6.0902e-01
17,9,17,23,31,59,67,0.000852,7.0682e-03,50.0128,1.281e-04,+0.001127,2.5969e-01
17,9,18,23,31,61,71,0.000728,2.1361e-02,49.9924,7.630e-05,+0.000749,4.5385e-01
17,9,19,23,31,67,73,0.000117,7.1072e-01,49.9983,1.735e-05,+0.000464,6.4230e-01
17,10,11,29,37,31,41,0.000086,7.8585e-01,49.9969,3.085e-05,-0.000004,9.9713e-01
17,10,12,29,37,37,43,0.000182,5.6481e-01,50.0027,2.706e-05,+0.000022,9.8272e-01
17,10,13,29,37,41,47,0.000009,9.7624e-01,49.9943,5.722e-05,+0.000182,8.5567e-01
17,10,14,29,37,43,53,0.000048,8.7907e-01,49.9896,1.044e-04,+0.000508,6.1117e-01
17,10,15,29,37,47,59,0.000020,9.4924e-01,49.9963,3.734e-05,-0.001464,1.4327e-01
17,10,16,29,37,53,61,0.000030,9.2467e-01,50.0003,2.887e-06,+0.001042,2.9731e-01
17,10,17,29,37,59,67,0.000037,9.0703e-01,49.9975,2.470e-05,-0.001476,1.3983e-01
17,10,18,29,37,61,71,0.000455,1.5025e-01,49.9915,8.504e-05,-0.000155,8.7673e-01
17,10,19,29,37,67,73,0.000422,1.8218e-01,49.9984,1.569e-05,+0.000011,9.9126e-01
17,11,12,31,41,37,43,0.000423,1.8063e-01,50.0066,6.616e-05,+0.000132,8.9469e-01
17,11,13,31,41,41,47,0.000304,3.3649e-01,49.9917,8.280e-05,-0.000767,4.4323e-01
17,11,14,31,41,43,53,0.000469,1.3764e-01,50.0041,4.090e-05,+0.000028,9.7791e-01
17,11,15,31,41,47,59,0.000808,1.0638e-02,49.9943,5.746e-05,+0.000973,3.3043e-01
17,11,16,31,41,53,61,0.000035,9.1187e-01,49.9962,3.754e-05,-0.000037,9.7032e-01
17,11,17,31,41,59,67,0.000224,4.7831e-01,49.9956,4.422e-05,-0.000560,5.7566e-01
17,11,18,31,41,61,71,0.000271,3.9164e-01,49.9935,6.541e-05,+0.000615,5.3867e-01
17,11,19,31,41,67,73,0.000187,5.5475e-01,50.0043,4.269e-05,+0.000870,3.8412e-01
17,12,13,37,43,41,47,0.000152,6.3155e-01,49.9955,4.496e-05,-0.000171,8.6460e-01
17,12,14,37,43,43,53,0.000127,6.8691e-01,49.9983,1.724e-05,-0.000571,5.6800e-01
17,12,15,37,43,47,59,0.000496,1.1690e-01,50.0030,3.000e-05,+0.000902,3.6682e-01
17,12,16,37,43,53,61,0.000258,4.1423e-01,49.9975,2.540e-05,-0.000823,4.1032e-01
17,12,17,37,43,59,67,0.000066,8.3425e-01,50.0063,6.331e-05,-0.001285,1.9868e-01
17,12,18,37,43,61,71,0.000471,1.3608e-01,50.0012,1.170e-05,+0.001352,1.7645e-01
17,12,19,37,43,67,73,0.000519,1.0080e-01,49.9993,7.250e-06,+0.000944,3.4534e-01
17,13,14,41,47,43,53,0.000511,1.0624e-01,49.9931,6.910e-05,+0.000094,9.2488e-01
17,13,15,41,47,47,59,0.000276,3.8288e-01,49.9998,1.937e-06,+0.000089,9.2913e-01
17,13,16,41,47,53,61,0.000331,2.9579e-01,50.0007,7.338e-06,+0.001440,1.4974e-01
17,13,17,41,47,59,67,0.000286,3.6524e-01,50.0009,8.800e-06,+0.000077,9.3879e-01
17,13,18,41,47,61,71,0.000051,8.7283e-01,50.0029,2.906e-05,+0.001453,1.4636e-01
17,13,19,41,47,67,73,0.000571,7.0997e-02,50.0027,2.739e-05,-0.000731,4.6484e-01
17,14,15,43,53,47,59,0.000272,3.8924e-01,49.9910,8.966e-05,-0.001563,1.1810e-01
17,14,16,43,53,53,61,0.000503,1.1156e-01,49.9966,3.376e-05,-0.000935,3.4967e-01
17,14,17,43,53,59,67,0.000357,2.5888e-01,49.9910,9.002e-05,-0.000261,7.9385e-01
17,14,18,43,53,61,71,0.000239,4.4981e-01,50.0051,5.134e-05,-0.002758,5.8159e-03
17,14,19,43,53,67,73,0.000181,5.6632e-01,49.9941,5.926e-05,-0.001221,2.2220e-01
17,15,16,47,59,53,61,0.000180,5.6877e-01,50.0034,3.392e-05,+0.000776,4.3746e-01
17,15,17,47,59,59,67,0.000362,2.5204e-01,50.0057,5.731e-05,-0.000061,9.5136e-01
17,15,18,47,59,61,71,0.000053,8.6636e-01,50.0111,1.114e-04,+0.000483,6.2931e-01
17,15,19,47,59,67,73,0.000497,1.1601e-01,50.0101,1.013e-04,-0.002121,3.3935e-02
17,16,17,53,61,59,67,0.000023,9.4293e-01,49.9987,1.336e-05,+0.000683,4.9482e-01
17,16,18,53,61,61,71,0.000665,3.5422e-02,50.0003,2.725e-06,-0.000517,6.0521e-01
17,16,19,53,61,67,73,0.000713,2.4085e-02,50.0069,6.867e-05,-0.000541,5.8850e-01
17,17,18,59,67,61,71,0.000299,3.4410e-01,50.0025,2.481e-05,-0.000049,9.6102e-01
17,17,19,59,67,67,73,0.000272,3.8922e-01,50.0033,3.264e-05,-0.001688,9.1324e-02
17,18,19,61,71,67,73,0.000833,8.4499e-03,49.9939,6.138e-05,+0.000203,8.3918e-01
18,0,1,2,3,3,5,0.000133,6.7345e-01,50.0029,2.943e-05,+0.001434,1.5165e-01
18,0,2,2,3,5,7,0.000278,3.7922e-01,49.9968,3.168e-05,+0.000783,4.3363e-01
18,0,3,2,3,7,11,0.000519,1.0095e-01,49.9987,1.300e-05,-0.000654,5.1311e-01
18,0,4,2,3,8,13,0.000447,1.5788e-01,49.9954,4.557e-05,-0.002124,3.3679e-02
18,0,5,2,3,11,17,0.000165,6.0266e-01,49.9997,3.000e-06,-0.000678,4.9805e-01
18,0,6,2,3,13,19,0.000043,8.9210e-01,50.0194,1.942e-04,+0.000606,5.4447e-01
18,0,7,2,3,17,23,0.000021,9.4816e-01,50.0030,2.972e-05,+0.000410,6.8159e-01
18,0,8,2,3,19,29,0.000228,4.7024e-01,50.0019,1.889e-05,+0.001977,4.8064e-02
18,0,9,2,3,23,31,0.000024,9.3847e-01,49.9883,1.171e-04,+0.001510,1.3117e-01
18,0,10,2,3,29,37,0.000121,7.0245e-01,50.0000,1.500e-07,+0.000467,6.4024e-01
18,0,11,2,3,31,41,0.000331,2.9586e-01,50.0005,5.238e-06,+0.000832,4.0565e-01
18,0,12,2,3,37,43,0.000150,6.3629e-01,49.9928,7.164e-05,+0.000118,9.0635e-01
18,0,13,2,3,41,47,0.000404,2.0176e-01,49.9993,7.250e-06,+0.001369,1.7084e-01
18,0,14,2,3,43,53,0.000285,3.6804e-01,50.0073,7.300e-05,+0.001859,6.3009e-02
18,0,15,2,3,47,59,0.000411,1.9354e-01,49.9981,1.852e-05,+0.002136,3.2649e-02
18,0,16,2,3,53,61,0.000246,4.3706e-01,49.9919,8.131e-05,+0.001776,7.5651e-02
18,0,17,2,3,59,67,0.000128,6.8543e-01,50.0068,6.834e-05,-0.000286,7.7523e-01
18,0,18,2,3,61,71,0.000160,6.1303e-01,50.0097,9.681e-05,+0.000126,8.9999e-01
18,0,19,2,3,67,73,0.000526,9.6424e-02,50.0005,5.313e-06,+0.001488,1.3663e-01
18,1,2,3,5,5,7,0.000273,3.8748e-01,49.9958,4.227e-05,-0.000125,9.0027e-01
18,1,3,3,5,7,11,0.000096,7.6150e-01,49.9910,8.980e-05,-0.000174,8.6210e-01
18,1,4,3,5,8,13,0.000567,7.2804e-02,50.0017,1.717e-05,+0.000525,5.9928e-01
18,1,5,3,5,11,17,0.000017,9.5705e-01,49.9986,1.415e-05,+0.000442,6.5841e-01
18,1,6,3,5,13,19,0.000287,3.6455e-01,50.0024,2.402e-05,-0.000678,4.9801e-01
18,1,7,3,5,17,23,0.000012,9.7045e-01,49.9973,2.740e-05,+0.000087,9.3068e-01
18,1,8,3,5,19,29,0.000101,7.5002e-01,49.9906,9.449e-05,-0.000539,5.8984e-01
18,1,9,3,5,23,31,0.000225,4.7692e-01,50.0077,7.652e-05,+0.000600,5.4852e-01
18,1,10,3,5,29,37,0.000273,3.8807e-01,50.0098,9.810e-05,-0.000439,6.6064e-01
18,1,11,3,5,31,41,0.000301,3.4166e-01,49.9940,5.981e-05,-0.000594,5.5274e-01
18,1,12,3,5,37,43,0.000255,4.1971e-01,49.9972,2.769e-05,-0.000074,9.4077e-01
18,1,13,3,5,41,47,0.000313,3.2253e-01,49.9905,9.500e-05,-0.001074,2.8280e-01
18,1,14,3,5,43,53,0.000158,6.1675e-01,50.0089,8.900e-05,-0.001457,1.4508e-01
18,1,15,3,5,47,59,0.000171,5.8810e-01,49.9936,6.357e-05,-0.000120,9.0469e-01
18,1,16,3,5,53,61,0.000201,5.2496e-01,50.0104,1.042e-04,+0.000973,3.3044e-01
18,1,17,3,5,59,67,0.000062,8.4522e-01,50.0067,6.661e-05,+0.000663,5.0704e-01
18,1,18,3,5,61,71,0.000119,7.0776e-01,49.9898,1.020e-04,-0.000661,5.0893e-01
18,1,19,3,5,67,73,0.000005,9.8631e-01,49.9947,5.341e-05,+0.000371,7.1038e-01
18,2,3,5,7,7,11,0.000078,8.0567e-01,50.0032,3.180e-05,-0.000798,4.2507e-01
18,2,4,5,7,8,13,0.000075,8.1167e-01,49.9991,9.300e-06,-0.000409,6.8280e-01
18,2,5,5,7,11,17,0.000095,7.6464e-01,50.0014,1.388e-05,+0.000989,3.2275e-01
18,2,6,5,7,13,19,0.000052,8.7056e-01,49.9969,3.085e-05,+0.000921,3.5725e-01
18,2,7,5,7,17,23,0.000333,2.9192e-01,49.9925,7.517e-05,+0.000279,7.7994e-01
18,2,8,5,7,19,29,0.000126,6.9055e-01,49.9999,1.063e-06,-0.000561,5.7503e-01
18,2,9,5,7,23,31,0.000569,7.2063e-02,50.0035,3.450e-05,-0.000815,4.1503e-01
18,2,10,5,7,29,37,0.000380,2.2903e-01,49.9964,3.625e-05,+0.000063,9.4994e-01
18,2,11,5,7,31,41,0.000178,5.7456e-01,49.9911,8.864e-05,+0.000752,4.5216e-01
18,2,12,5,7,37,43,0.000595,6.0030e-02,49.9933,6.676e-05,-0.000348,7.2807e-01
18,2,13,5,7,41,47,0.000346,2.7352e-01,49.9977,2.280e-05,-0.000184,8.5387e-01
18,2,14,5,7,43,53,0.000358,2.5796e-01,49.9921,7.873e-05,-0.000090,9.2849e-01
18,2,15,5,7,47,59,0.000345,2.7522e-01,50.0042,4.167e-05,-0.000061,9.5114e-01
18,2,16,5,7,53,61,0.000020,9.4857e-01,50.0090,9.041e-05,-0.000767,4.4320e-01
18,2,17,5,7,59,67,0.000204,5.1808e-01,50.0077,7.714e-05,+0.000540,5.8900e-01
18,2,18,5,7,61,71,0.000737,1.9715e-02,49.9952,4.809e-05,+0.000700,4.8411e-01
18,2,19,5,7,67,73,0.000059,8.5154e-01,49.9939,6.071e-05,-0.000077,9.3837e-01
18,3,4,7,11,8,13,0.000590,6.2032e-02,49.9909,9.117e-05,+0.001375,1.6902e-01
18,3,5,7,11,11,17,0.000048,8.7915e-01,49.9926,7.373e-05,-0.000361,7.1837e-01
18,3,6,7,11,13,19,0.000339,2.8369e-01,50.0072,7.155e-05,+0.000703,4.8199e-01
18,3,7,7,11,17,23,0.000063,8.4187e-01,50.0061,6.122e-05,-0.001613,1.0668e-01
18,3,8,7,11,19,29,0.000102,7.4779e-01,50.0066,6.619e-05,-0.000084,9.3269e-01
18,3,9,7,11,23,31,0.000080,7.9960e-01,49.9941,5.860e-05,+0.000382,7.0238e-01
18,3,10,7,11,29,37,0.000437,1.6667e-01,49.9969,3.102e-05,+0.000282,7.7801e-01
18,3,11,7,11,31,41,0.000133,6.7481e-01,50.0022,2.196e-05,+0.001164,2.4455e-01
18,3,12,7,11,37,43,0.000966,2.2552e-03,50.0082,8.204e-05,-0.001930,5.3629e-02
18,3,13,7,11,41,47,0.000103,7.4369e-01,50.0063,6.255e-05,-0.000116,9.0763e-01
18,3,14,7,11,43,53,0.000012,9.6968e-01,50.0031,3.078e-05,-0.000173,8.6267e-01
18,3,15,7,11,47,59,0.000589,6.2560e-02,49.9951,4.940e-05,-0.000665,5.0629e-01
18,3,16,7,11,53,61,0.000032,9.1890e-01,49.9984,1.631e-05,+0.000150,8.8044e-01
18,3,17,7,11,59,67,0.000265,4.0198e-01,50.0045,4.479e-05,+0.001452,1.4647e-01
18,3,18,7,11,61,71,0.000273,3.8732e-01,50.0042,4.179e-05,+0.001521,1.2818e-01
18,3,19,7,11,67,73,0.000046,8.8536e-01,50.0063,6.289e-05,+0.000245,8.0621e-01
18,4,5,8,13,11,17,0.000028,9.2840e-01,50.0048,4.815e-05,-0.000382,7.0282e-01
18,4,6,8,13,13,19,0.000124,6.9545e-01,49.9954,4.627e-05,-0.000085,9.3262e-01
18,4,7,8,13,17,23,0.000092,7.7086e-01,49.9948,5.235e-05,+0.000100,9.2034e-01
18,4,8,8,13,19,29,0.000463,1.4324e-01,50.0007,7.288e-06,-0.001066,2.8644e-01
18,4,9,8,13,23,31,0.000061,8.4676e-01,49.9945,5.452e-05,-0.000064,9.4878e-01
18,4,10,8,13,29,37,0.000637,4.4042e-02,50.0007,7.150e-06,-0.000517,6.0488e-01
18,4,11,8,13,31,41,0.000196,5.3491e-01,49.9995,4.562e-06,-0.000731,4.6451e-01
18,4,12,8,13,37,43,0.000021,9.4593e-01,49.9908,9.166e-05,-0.000113,9.1026e-01
18,4,13,8,13,41,47,0.000131,6.7821e-01,49.9880,1.197e-04,+0.000563,5.7362e-01
18,4,14,8,13,43,53,0.000137,6.6558e-01,50.0015,1.488e-05,-0.000261,7.9379e-01
18,4,15,8,13,47,59,0.000355,2.6139e-01,50.0005,4.575e-06,+0.000872,3.8306e-01
18,4,16,8,13,53,61,0.000557,7.8320e-02,49.9901,9.861e-05,+0.001048,2.9448e-01
18,4,17,8,13,59,67,0.000069,8.2804e-01,50.0002,2.113e-06,-0.000868,3.8532e-01
18,4,18,8,13,61,71,0.000263,4.0601e-01,49.9916,8.414e-05,+0.000306,7.5926e-01
18,4,19,8,13,67,73,0.000067,8.3249e-01,49.9947,5.279e-05,+0.001597,1.1018e-01
18,5,6,11,17,13,19,0.000240,4.4748e-01,49.9921,7.947e-05,-0.000605,5.4521e-01
18,5,7,11,17,17,23,0.000366,2.4654e-01,50.0037,3.697e-05,+0.001386,1.6564e-01
18,5,8,11,17,19,29,0.000369,2.4311e-01,49.9984,1.609e-05,-0.000189,8.4971e-01
18,5,9,11,17,23,31,0.000035,9.1248e-01,50.0044,4.405e-05,+0.001074,2.8276e-01
18,5,10,11,17,29,37,0.000335,2.8987e-01,50.0009,8.725e-06,+0.002225,2.6097e-02
18,5,11,11,17,31,41,0.000183,5.6225e-01,49.9958,4.214e-05,-0.000835,4.0369e-01
18,5,12,11,17,37,43,0.000087,7.8229e-01,49.9887,1.134e-04,-0.000075,9.4043e-01
18,5,13,11,17,41,47,0.000185,5.5827e-01,50.0012,1.162e-05,-0.000321,7.4858e-01
18,5,14,11,17,43,53,0.000156,6.2262e-01,50.0085,8.455e-05,+0.001492,1.3576e-01
18,5,15,11,17,47,59,0.000275,3.8447e-01,49.9998,2.025e-06,+0.000616,5.3801e-01
18,5,16,11,17,53,61,0.000177,5.7606e-01,49.9959,4.134e-05,-0.000739,4.5998e-01
18,5,17,11,17,59,67,0.000086,7.8648e-01,49.9984,1.601e-05,-0.000630,5.2873e-01
18,5,18,11,17,61,71,0.000381,2.2827e-01,49.9987,1.254e-05,+0.001068,2.8568e-01
18,5,19,11,17,67,73,0.000266,3.9961e-01,50.0018,1.801e-05,+0.001219,2.2276e-01
18,6,7,13,19,17,23,0.000023,9.4135e-01,49.9939,6.105e-05,-0.001400,1.6165e-01
18,6,8,13,19,19,29,0.000414,1.9091e-01,49.9988,1.234e-05,-0.000464,6.4266e-01
18,6,9,13,19,23,31,0.000202,5.2383e-01,50.0007,7.250e-06,-0.000113,9.0995e-01
18,6,10,13,19,29,37,0.000343,2.7827e-01,50.0009,8.825e-06,+0.002112,3.4708e-02
18,6,11,13,19,31,41,0.000338,2.8549e-01,50.0140,1.405e-04,-0.001007,3.1371e-01
18,6,12,13,19,37,43,0.000154,6.2517e-01,50.0011,1.126e-05,+0.001225,2.2058e-01
18,6,13,13,19,41,47,0.000185,5.5956e-01,50.0019,1.942e-05,-0.000205,8.3788e-01
18,6,14,13,19,43,53,0.000073,8.1765e-01,49.9988,1.208e-05,-0.000518,6.0460e-01
18,6,15,13,19,47,59,0.000217,4.9162e-01,49.9973,2.713e-05,+0.000963,3.3577e-01
18,6,16,13,19,53,61,0.000121,7.0093e-01,49.9950,5.011e-05,-0.001496,1.3457e-01
18,6,17,13,19,59,67,0.000577,6.8067e-02,50.0042,4.201e-05,-0.000148,8.8256e-01
18,6,18,13,19,61,71,0.000140,6.5888e-01,50.0025,2.534e-05,-0.000426,6.7045e-01
18,6,19,13,19,67,73,0.000251,4.2666e-01,50.0018,1.776e-05,+0.000923,3.5600e-01
18,7,8,17,23,19,29,0.000212,5.0310e-01,50.0073,7.281e-05,+0.000228,8.1938e-01
18,7,9,17,23,23,31,0.000169,5.9255e-01,50.0009,9.075e-06,-0.000555,5.7868e-01
18,7,10,17,23,29,37,0.000003,9.9318e-01,49.9959,4.105e-05,+0.000257,7.9714e-01
18,7,11,17,23,31,41,0.000043,8.9205e-01,50.0034,3.409e-05,+0.000119,9.0489e-01
18,7,12,17,23,37,43,0.000508,1.0842e-01,49.9914,8.559e-05,-0.000143,8.8619e-01
18,7,13,17,23,41,47,0.000245,4.3929e-01,49.9993,7.400e-06,+0.000719,4.7242e-01
18,7,14,17,23,43,53,0.000088,7.7980e-01,49.9939,6.070e-05,-0.001894,5.8206e-02
18,7,15,17,23,47,59,0.000476,1.3230e-01,49.9864,1.355e-04,+0.000329,7.4201e-01
18,7,16,17,23,53,61,0.000167,5.9641e-01,50.0032,3.194e-05,-0.000568,5.6995e-01
18,7,17,17,23,59,67,0.000058,8.5540e-01,50.0004,4.463e-06,+0.000662,5.0771e-01
18,7,18,17,23,61,71,0.000341,2.8041e-01,50.0051,5.126e-05,+0.001084,2.7832e-01
18,7,19,17,23,67,73,0.000162,6.0756e-01,49.9920,7.994e-05,+0.000098,9.2187e-01
18,8,9,19,29,23,31,0.000452,1.5289e-01,50.0017,1.714e-05,-0.000673,5.0111e-01
18,8,10,19,29,29,37,0.000458,1.4729e-01,50.0008,7.563e-06,+0.000289,7.7260e-01
18,8,11,19,29,31,41,0.000055,8.6272e-01,49.9972,2.805e-05,+0.000654,5.1294e-01
18,8,12,19,29,37,43,0.000050,8.7456e-01,50.0057,5.655e-05,-0.001530,1.2612e-01
18,8,13,19,29,41,47,0.000158,6.1803e-01,50.0003,2.788e-06,-0.000905,3.6528e-01
18,8,14,19,29,43,53,0.000234,4.5988e-01,50.0043,4.319e-05,-0.001241,2.1471e-01
18,8,15,19,29,47,59,0.000220,4.8627e-01,50.0022,2.216e-05,-0.000150,8.8054e-01
18,8,16,19,29,53,61,0.000030,9.2537e-01,49.9997,3.425e-06,+0.000283,7.7739e-01
18,8,17,19,29,59,67,0.000211,5.0537e-01,50.0027,2.718e-05,-0.000572,5.6708e-01
18,8,18,19,29,61,71,0.000436,1.6828e-01,49.9932,6.763e-05,+0.000037,9.7027e-01
18,8,19,19,29,67,73,0.000047,8.8167e-01,50.0031,3.062e-05,+0.000091,9.2755e-01
18,9,10,23,31,29,37,0.000286,3.6655e-01,50.0127,1.266e-04,-0.000306,7.5965e-01
18,9,11,23,31,31,41,0.000371,2.4039e-01,49.9983,1.709e-05,-0.000682,4.9505e-01
18,9,12,23,31,37,43,0.000066,8.3565e-01,49.9934,6.634e-05,-0.000037,9.7050e-01
18,9,13,23,31,41,47,0.000290,3.5940e-01,50.0001,7.250e-07,+0.000279,7.8013e-01
18,9,14,23,31,43,53,0.000148,6.3872e-01,50.0031,3.105e-05,-0.000589,5.5561e-01
18,9,15,23,31,47,59,0.000840,7.8724e-03,49.9975,2.520e-05,-0.000182,8.5541e-01
18,9,16,23,31,53,61,0.000226,4.7409e-01,50.0020,1.956e-05,+0.000212,8.3241e-01
18,9,17,23,31,59,67,0.000036,9.1002e-01,49.9996,4.238e-06,+0.000902,3.6690e-01
18,9,18,23,31,61,71,0.000067,8.3321e-01,50.0004,3.587e-06,-0.000250,8.0225e-01
18,9,19,23,31,67,73,0.000654,3.8531e-02,49.9971,2.914e-05,+0.001435,1.5134e-01
18,10,11,29,37,31,41,0.000220,4.8736e-01,50.0062,6.241e-05,-0.001003,3.1598e-01
18,10,12,29,37,37,43,0.000110,7.2718e-01,50.0008,8.337e-06,+0.000649,5.1661e-01
18,10,13,29,37,41,47,0.000040,8.9879e-01,49.9956,4.403e-05,+0.000697,4.8585e-01
18,10,14,29,37,43,53,0.000251,4.2644e-01,50.0061,6.143e-05,-0.001619,1.0542e-01
18,10,15,29,37,47,59,0.000425,1.7913e-01,49.9912,8.758e-05,+0.000638,5.2331e-01
18,10,16,29,37,53,61,0.000414,1.9031e-01,50.0057,5.734e-05,+0.001084,2.7847e-01
18,10,17,29,37,59,67,0.000383,2.2577e-01,49.9956,4.389e-05,-0.000974,3.2986e-01
18,10,18,29,37,61,71,0.000119,7.0632e-01,50.0005,5.388e-06,-0.001252,2.1053e-01
18,10,19,29,37,67,73,0.000684,3.0439e-02,50.0159,1.592e-04,+0.000482,6.2963e-01
18,11,12,31,41,37,43,0.000113,7.2190e-01,50.0129,1.288e-04,-0.000278,7.8084e-01
18,11,13,31,41,41,47,0.000486,1.2419e-01,49.9914,8.606e-05,-0.002411,1.5896e-02
18,11,14,31,41,43,53,0.000064,8.3862e-01,49.9960,3.994e-05,+0.000791,4.2873e-01
18,11,15,31,41,47,59,0.000247,4.3546e-01,50.0043,4.349e-05,-0.001559,1.1909e-01
18,11,16,31,41,53,61,0.000661,3.6654e-02,50.0082,8.232e-05,-0.002854,4.3156e-03
18,11,17,31,41,59,67,0.000186,5.5738e-01,50.0018,1.753e-05,-0.001338,1.8084e-01
18,11,18,31,41,61,71,0.000242,4.4356e-01,49.9923,7.658e-05,-0.001534,1.2492e-01
18,11,19,31,41,67,73,0.000289,3.6085e-01,49.9990,1.007e-05,+0.000886,3.7560e-01
18,12,13,37,43,41,47,0.000297,3.4794e-01,50.0015,1.521e-05,+0.000194,8.4593e-01
18,12,14,37,43,43,53,0.000430,1.7432e-01,49.9909,9.121e-05,-0.001619,1.0536e-01
18,12,15,37,43,47,59,0.000478,1.3043e-01,49.9963,3.681e-05,-0.000021,9.8305e-01
18,12,16,37,43,53,61,0.000279,3.7699e-01,49.9972,2.825e-05,+0.000276,7.8276e-01
18,12,17,37,43,59,67,0.000174,5.8119e-01,49.9975,2.518e-05,+0.000865,3.8692e-01
18,12,18,37,43,61,71,0.000225,4.7662e-01,50.0038,3.792e-05,-0.000135,8.9281e-01
18,12,19,37,43,67,73,0.000122,7.0002e-01,49.9971,2.935e-05,-0.000333,7.3936e-01
18,13,14,41,47,43,53,0.000042,8.9476e-01,49.9951,4.892e-05,-0.001426,1.5375e-01
18,13,15,41,47,47,59,0.000234,4.5971e-01,49.9909,9.067e-05,+0.000018,9.8561e-01
18,13,16,41,47,53,61,0.000127,6.8818e-01,49.9981,1.939e-05,+0.000524,6.0040e-01
18,13,17,41,47,59,67,0.000311,3.2585e-01,49.9998,1.637e-06,-0.000418,6.7607e-01
18,13,18,41,47,61,71,0.000625,4.8104e-02,50.0014,1.371e-05,-0.000845,3.9794e-01
18,13,19,41,47,67,73,0.000103,7.4398e-01,50.0047,4.734e-05,-0.000562,5.7443e-01
18,14,15,43,53,47,59,0.000046,8.8476e-01,50.0006,6.250e-06,-0.001564,1.1790e-01
18,14,16,43,53,53,61,0.000277,3.8054e-01,50.0055,5.486e-05,-0.000347,7.2829e-01
18,14,17,43,53,59,67,0.000100,7.5104e-01,49.9940,6.011e-05,-0.000512,6.0835e-01
18,14,18,43,53,61,71,0.000092,7.7119e-01,50.0009,9.487e-06,+0.000239,8.1111e-01
18,14,19,43,53,67,73,0.000056,8.6024e-01,49.9935,6.454e-05,+0.000301,7.6371e-01
18,15,16,47,59,53,61,0.000626,4.7818e-02,50.0019,1.889e-05,-0.000550,5.8237e-01
18,15,17,47,59,59,67,0.000007,9.8207e-01,49.9993,6.638e-06,-0.000921,3.5708e-01
18,15,18,47,59,61,71,0.000196,5.3613e-01,49.9983,1.711e-05,+0.001099,2.7175e-01
18,15,19,47,59,67,73,0.000039,9.0082e-01,49.9986,1.414e-05,+0.000838,4.0175e-01
18,16,17,53,61,59,67,0.000279,3.7764e-01,50.0026,2.587e-05,-0.000376,7.0705e-01
18,16,18,53,61,61,71,0.000175,5.7927e-01,49.9999,8.000e-07,-0.000703,4.8231e-01
18,16,19,53,61,67,73,0.000118,7.0996e-01,50.0010,9.550e-06,+0.001643,1.0046e-01
18,17,18,59,67,61,71,0.000439,1.6542e-01,49.9992,7.550e-06,-0.000315,7.5256e-01
18,17,19,59,67,67,73,0.000166,5.9982e-01,50.0003,2.975e-06,-0.001213,2.2515e-01
18,18,19,61,71,67,73,0.000055,8.6141e-01,50.0016,1.625e-05,+0.002287,2.2189e-02
19,0,1,2,3,3,5,0.000192,5.4330e-01,50.0097,9.711e-05,-0.001388,1.6499e-01
19,0,2,2,3,5,7,0.000257,4.1708e-01,49.9912,8.769e-05,-0.001137,2.5569e-01
19,0,3,2,3,7,11,0.000140,6.5909e-01,49.9981,1.875e-05,+0.000402,6.8737e-01
19,0,4,2,3,8,13,0.000032,9.1866e-01,49.9928,7.247e-05,-0.000066,9.4722e-01
19,0,5,2,3,11,17,0.000327,3.0140e-01,49.9992,8.163e-06,-0.000443,6.5788e-01
19,0,6,2,3,13,19,0.000036,9.0818e-01,50.0008,7.563e-06,-0.000842,3.9996e-01
19,0,7,2,3,17,23,0.000557,7.8060e-02,49.9986,1.440e-05,+0.000200,8.4125e-01
19,0,8,2,3,19,29,0.000321,3.0996e-01,50.0019,1.945e-05,+0.000639,5.2300e-01
19,0,9,2,3,23,31,0.000235,4.5655e-01,50.0009,9.487e-06,-0.000044,9.6463e-01
19,0,10,2,3,29,37,0.000131,6.7755e-01,50.0036,3.625e-05,-0.000270,7.8697e-01
19,0,11,2,3,31,41,0.000019,9.5206e-01,49.9963,3.678e-05,-0.001167,2.4302e-01
19,0,12,2,3,37,43,0.000202,5.2262e-01,49.9817,1.827e-04,-0.001052,2.9268e-01
19,0,13,2,3,41,47,0.000141,6.5495e-01,49.9964,3.629e-05,-0.001948,5.1462e-02
19,0,14,2,3,43,53,0.000064,8.3988e-01,50.0140,1.401e-04,+0.001324,1.8562e-01
19,0,15,2,3,47,59,0.000064,8.4004e-01,50.0012,1.198e-05,+0.000029,9.7709e-01
19,0,16,2,3,53,61,0.000063,8.4085e-01,49.9949,5.141e-05,+0.002170,3.0044e-02
19,0,17,2,3,59,67,0.000027,9.3315e-01,50.0023,2.341e-05,-0.000192,8.4804e-01
19,0,18,2,3,61,71,0.000549,8.2445e-02,49.9917,8.270e-05,-0.000010,9.9221e-01
19,0,19,2,3,67,73,0.000127,6.8878e-01,49.9913,8.705e-05,-0.001097,2.7252e-01
19,1,2,3,5,5,7,0.000067,8.3134e-01,50.0022,2.238e-05,-0.001527,1.2672e-01
19,1,3,3,5,7,11,0.000212,5.0341e-01,49.9991,9.362e-06,-0.001483,1.3813e-01
19,1,4,3,5,8,13,0.000087,7.8263e-01,50.0033,3.314e-05,+0.001713,8.6626e-02
19,1,5,3,5,11,17,0.000243,4.4140e-01,49.9993,6.525e-06,+0.001156,2.4769e-01
19,1,6,3,5,13,19,0.000283,3.7091e-01,49.9946,5.360e-05,+0.000104,9.1696e-01
19,1,7,3,5,17,23,0.000167,5.9635e-01,49.9906,9.446e-05,+0.000279,7.7994e-01
19,1,8,3,5,19,29,0.000296,3.5000e-01,49.9965,3.454e-05,+0.000887,3.7506e-01
19,1,9,3,5,23,31,0.000158,6.1802e-01,50.0044,4.360e-05,-0.000069,9.4527e-01
19,1,10,3,5,29,37,0.000038,9.0531e-01,49.9964,3.559e-05,-0.002235,2.5401e-02
19,1,11,3,5,31,41,0.000049,8.7595e-01,50.0002,2.263e-06,-0.001104,2.6967e-01
19,1,12,3,5,37,43,0.000152,6.3042e-01,49.9984,1.640e-05,+0.000813,4.1615e-01
19,1,13,3,5,41,47,0.000079,8.0292e-01,49.9967,3.332e-05,-0.000862,3.8847e-01
19,1,14,3,5,43,53,0.000061,8.4808e-01,50.0033,3.273e-05,+0.000556,5.7850e-01
19,1,15,3,5,47,59,0.000058,8.5451e-01,49.9978,2.209e-05,+0.000469,6.3940e-01
19,1,16,3,5,53,61,0.000089,7.7947e-01,49.9993,6.800e-06,-0.000781,4.3472e-01
19,1,17,3,5,59,67,0.000222,4.8333e-01,49.9973,2.695e-05,-0.000732,4.6410e-01
19,1,18,3,5,61,71,0.000140,6.5899e-01,49.9991,9.362e-06,+0.000087,9.3030e-01
19,1,19,3,5,67,73,0.000419,1.8545e-01,50.0073,7.329e-05,+0.000486,6.2728e-01
19,2,3,5,7,7,11,0.000109,7.2933e-01,50.0037,3.729e-05,-0.001580,1.1419e-01
19,2,4,5,7,8,13,0.000504,1.1070e-01,49.9925,7.506e-05,+0.000691,4.8957e-01
19,2,5,5,7,11,17,0.000452,1.5296e-01,49.9952,4.850e-05,+0.001304,1.9217e-01
19,2,6,5,7,13,19,0.000328,3.0031e-01,50.0002,1.825e-06,-0.000462,6.4398e-01
19,2,7,5,7,17,23,0.000917,3.7198e-03,50.0103,1.031e-04,+0.000258,7.9666e-01
19,2,8,5,7,19,29,0.000067,8.3275e-01,49.9959,4.089e-05,-0.000158,8.7470e-01
19,2,9,5,7,23,31,0.000042,8.9519e-01,49.9904,9.592e-05,+0.001547,1.2183e-01
19,2,10,5,7,29,37,0.000408,1.9750e-01,50.0006,6.038e-06,-0.000911,3.6231e-01
19,2,11,5,7,31,41,0.000257,4.1564e-01,49.9971,2.914e-05,+0.000188,8.5075e-01
19,2,12,5,7,37,43,0.000274,3.8692e-01,50.0060,5.977e-05,+0.000693,4.8807e-01
19,2,13,5,7,41,47,0.000286,3.6645e-01,50.0012,1.218e-05,-0.000611,5.4098e-01
19,2,14,5,7,43,53,0.000006,9.8587e-01,50.0021,2.113e-05,-0.000426,6.7026e-01
19,2,15,5,7,47,59,0.000050,8.7334e-01,49.9977,2.299e-05,-0.000181,8.5655e-01
19,2,16,5,7,53,61,0.000216,4.9544e-01,50.0003,3.500e-06,+0.001035,3.0086e-01
19,2,17,5,7,59,67,0.000124,6.9553e-01,49.9966,3.410e-05,-0.000388,6.9774e-01
19,2,18,5,7,61,71,0.000626,4.7707e-02,50.0061,6.069e-05,-0.000313,7.5418e-01
19,2,19,5,7,67,73,0.000247,4.3515e-01,50.0002,2.287e-06,+0.001175,2.4019e-01
19,3,4,7,11,8,13,0.000345,2.7540e-01,50.0027,2.720e-05,+0.002242,2.4951e-02
19,3,5,7,11,11,17,0.000139,6.6112e-01,49.9950,4.951e-05,-0.000455,6.4917e-01
19,3,6,7,11,13,19,0.000110,7.2878e-01,50.0007,7.237e-06,+0.000309,7.5758e-01
19,3,7,7,11,17,23,0.000019,9.5148e-01,50.0006,5.525e-06,+0.000608,5.4330e-01
19,3,8,7,11,19,29,0.000093,7.6930e-01,49.9986,1.443e-05,+0.000887,3.7496e-01
19,3,9,7,11,23,31,0.000538,8.8665e-02,49.9979,2.091e-05,+0.001523,1.2772e-01
19,3,10,7,11,29,37,0.000020,9.4996e-01,49.9969,3.100e-05,-0.001012,3.1151e-01
19,3,11,7,11,31,41,0.000375,2.3589e-01,49.9970,3.020e-05,+0.000485,6.2798e-01
19,3,12,7,11,37,43,0.000191,5.4687e-01,49.9955,4.479e-05,-0.000655,5.1230e-01
19,3,13,7,11,41,47,0.000209,5.0897e-01,50.0070,7.044e-05,-0.000210,8.3400e-01
19,3,14,7,11,43,53,0.000121,7.0295e-01,50.0070,6.991e-05,+0.000567,5.7088e-01
19,3,15,7,11,47,59,0.000179,5.7214e-01,50.0046,4.580e-05,-0.000385,6.9987e-01
19,3,16,7,11,53,61,0.000155,6.2487e-01,50.0062,6.194e-05,+0.000345,7.3010e-01
19,3,17,7,11,59,67,0.000432,1.7215e-01,50.0031,3.106e-05,+0.000565,5.7213e-01
19,3,18,7,11,61,71,0.000254,4.2192e-01,50.0032,3.208e-05,+0.000176,8.6050e-01
19,3,19,7,11,67,73,0.000340,2.8188e-01,50.0025,2.540e-05,+0.001333,1.8269e-01
19,4,5,8,13,11,17,0.000063,8.4217e-01,50.0036,3.616e-05,+0.000741,4.5893e-01
19,4,6,8,13,13,19,0.000141,6.5680e-01,50.0023,2.326e-05,-0.000651,5.1490e-01
19,4,7,8,13,17,23,0.000355,2.6203e-01,50.0027,2.718e-05,-0.000363,7.1664e-01
19,4,8,8,13,19,29,0.000756,1.6776e-02,49.9911,8.882e-05,-0.000762,4.4587e-01
19,4,9,8,13,23,31,0.000369,2.4342e-01,49.9975,2.501e-05,-0.000574,5.6618e-01
19,4,10,8,13,29,37,0.000449,1.5545e-01,50.0026,2.600e-05,-0.000506,6.1321e-01
19,4,11,8,13,31,41,0.000153,6.2888e-01,49.9962,3.762e-05,-0.000823,4.1064e-01
19,4,12,8,13,37,43,0.000049,8.7716e-01,49.9968,3.224e-05,-0.000492,6.2291e-01
19,4,13,8,13,41,47,0.000259,4.1228e-01,50.0078,7.779e-05,-0.000885,3.7606e-01
19,4,14,8,13,43,53,0.000160,6.1251e-01,49.9932,6.811e-05,+0.000677,4.9844e-01
19,4,15,8,13,47,59,0.000115,7.1675e-01,50.0044,4.425e-05,+0.000636,5.2501e-01
19,4,16,8,13,53,61,0.000018,9.5450e-01,50.0005,5.388e-06,+0.001510,1.3115e-01
19,4,17,8,13,59,67,0.000797,1.1737e-02,49.9985,1.546e-05,+0.000388,6.9815e-01
19,4,18,8,13,61,71,0.000289,3.6110e-01,49.9898,1.024e-04,+0.000217,8.2856e-01
19,4,19,8,13,67,73,0.000210,5.0672e-01,49.9997,3.375e-06,+0.001204,2.2876e-01
19,5,6,11,17,13,19,0.000011,9.7210e-01,49.9972,2.775e-05,+0.000084,9.3272e-01
19,5,7,11,17,17,23,0.000127,6.8823e-01,50.0023,2.334e-05,+0.001548,1.2171e-01
19,5,8,11,17,19,29,0.000110,7.2682e-01,49.9976,2.396e-05,+0.000402,6.8740e-01
19,5,9,11,17,23,31,0.000295,3.5159e-01,49.9931,6.935e-05,-0.000274,7.8404e-01
19,5,10,11,17,29,37,0.000198,5.3149e-01,49.9943,5.704e-05,+0.000784,4.3290e-01
19,5,11,11,17,31,41,0.000267,3.9783e-01,50.0075,7.464e-05,-0.001626,1.0395e-01
19,5,12,11,17,37,43,0.000156,6.2155e-01,50.0014,1.373e-05,-0.000546,5.8510e-01
19,5,13,11,17,41,47,0.000281,3.7392e-01,49.9959,4.110e-05,-0.000935,3.4982e-01
19,5,14,11,17,43,53,0.000079,8.0266e-01,49.9966,3.363e-05,+0.003008,2.6280e-03
19,5,15,11,17,47,59,0.000058,8.5355e-01,50.0002,2.263e-06,+0.001579,1.1431e-01
19,5,16,11,17,53,61,0.000041,8.9784e-01,50.0015,1.483e-05,-0.001188,2.3469e-01
19,5,17,11,17,59,67,0.000283,3.7025e-01,50.0093,9.315e-05,+0.000045,9.6403e-01
19,5,18,11,17,61,71,0.000396,2.1042e-01,49.9923,7.721e-05,-0.001172,2.4138e-01
19,5,19,11,17,67,73,0.000227,4.7331e-01,50.0090,8.991e-05,+0.003108,1.8816e-03
19,6,7,13,19,17,23,0.000185,5.5943e-01,50.0019,1.879e-05,-0.001170,2.4182e-01
19,6,8,13,19,19,29,0.000095,7.6317e-01,50.0062,6.189e-05,-0.000372,7.1016e-01
19,6,9,13,19,23,31,0.000248,4.3293e-01,50.0066,6.555e-05,+0.002871,4.0903e-03
19,6,10,13,19,29,37,0.000269,3.9477e-01,49.9997,2.787e-06,-0.000642,5.2109e-01
19,6,11,13,19,31,41,0.000177,5.7550e-01,49.9993,6.663e-06,+0.000153,8.7846e-01
19,6,12,13,19,37,43,0.000991,1.7267e-03,49.9994,5.625e-06,+0.002017,4.3682e-02
19,6,13,13,19,41,47,0.000082,7.9597e-01,49.9947,5.350e-05,-0.000368,7.1284e-01
19,6,14,13,19,43,53,0.000096,7.6240e-01,49.9963,3.705e-05,-0.000965,3.3442e-01
19,6,15,13,19,47,59,0.000519,1.0047e-01,49.9980,1.971e-05,+0.001531,1.2583e-01
19,6,16,13,19,53,61,0.000616,5.1565e-02,50.0005,4.575e-06,+0.000752,4.5204e-01
19,6,17,13,19,59,67,0.000240,4.4760e-01,50.0049,4.892e-05,-0.001456,1.4547e-01
19,6,18,13,19,61,71,0.000302,3.3915e-01,50.0010,1.039e-05,-0.000989,3.2248e-01
19,6,19,13,19,67,73,0.000411,1.9392e-01,49.9957,4.311e-05,-0.001804,7.1308e-02
19,7,8,17,23,19,29,0.000389,2.1829e-01,50.0059,5.937e-05,+0.002667,7.6632e-03
19,7,9,17,23,23,31,0.000084,7.9080e-01,50.0080,8.001e-05,+0.000114,9.0951e-01
19,7,10,17,23,29,37,0.000564,7.4562e-02,49.9986,1.415e-05,-0.000184,8.5427e-01
19,7,11,17,23,31,41,0.000130,6.8050e-01,49.9950,5.035e-05,+0.000262,7.9325e-01
19,7,12,17,23,37,43,0.000923,3.5310e-03,49.9968,3.151e-05,+0.001101,2.7096e-01
19,7,13,17,23,41,47,0.000052,8.6953e-01,49.9941,5.939e-05,+0.000158,8.7467e-01
19,7,14,17,23,43,53,0.000305,3.3407e-01,49.9942,5.759e-05,-0.000224,8.2269e-01
19,7,15,17,23,47,59,0.000596,5.9514e-02,50.0104,1.036e-04,+0.000085,9.3188e-01
19,7,16,17,23,53,61,0.000078,8.0495e-01,50.0026,2.599e-05,-0.000050,9.5973e-01
19,7,17,17,23,59,67,0.000180,5.7022e-01,50.0014,1.361e-05,+0.000307,7.5888e-01
19,7,18,17,23,61,71,0.000036,9.1005e-01,50.0063,6.337e-05,+0.000634,5.2608e-01
19,7,19,17,23,67,73,0.000387,2.2136e-01,50.0088,8.792e-05,+0.001479,1.3926e-01
19,8,9,19,29,23,31,0.000017,9.5690e-01,50.0063,6.296e-05,+0.002506,1.2212e-02
19,8,10,19,29,29,37,0.000068,8.2905e-01,50.0019,1.933e-05,+0.000616,5.3770e-01
19,8,11,19,29,31,41,0.000112,7.2433e-01,49.9951,4.890e-05,+0.001054,2.9190e-01
19,8,12,19,29,37,43,0.000018,9.5497e-01,50.0039,3.871e-05,-0.001418,1.5633e-01
19,8,13,19,29,41,47,0.000366,2.4745e-01,49.9921,7.861e-05,-0.000725,4.6851e-01
19,8,14,19,29,43,53,0.000058,8.5343e-01,50.0013,1.281e-05,+0.001449,1.4729e-01
19,8,15,19,29,47,59,0.000163,6.0547e-01,50.0024,2.385e-05,+0.000702,4.8280e-01
19,8,16,19,29,53,61,0.000055,8.6254e-01,49.9999,1.313e-06,-0.000952,3.4084e-01
19,8,17,19,29,59,67,0.000320,3.1150e-01,49.9920,7.954e-05,-0.001377,1.6865e-01
19,8,18,19,29,61,71,0.000204,5.1951e-01,50.0025,2.503e-05,+0.000055,9.5629e-01
19,8,19,19,29,67,73,0.000340,2.8204e-01,49.9942,5.792e-05,-0.002567,1.0265e-02
19,9,10,23,31,29,37,0.000155,6.2457e-01,49.9991,9.412e-06,+0.000320,7.4864e-01
19,9,11,23,31,31,41,0.000047,8.8073e-01,49.9909,9.111e-05,-0.000997,3.1891e-01
19,9,12,23,31,37,43,0.000954,2.5633e-03,50.0074,7.375e-05,+0.000021,9.8322e-01
19,9,13,23,31,41,47,0.000473,1.3442e-01,49.9995,5.500e-06,-0.001816,6.9403e-02
19,9,14,23,31,43,53,0.000419,1.8545e-01,50.0078,7.813e-05,-0.001099,2.7177e-01
19,9,15,23,31,47,59,0.000329,2.9855e-01,50.0023,2.259e-05,-0.000255,7.9896e-01
19,9,16,23,31,53,61,0.000360,2.5465e-01,50.0022,2.212e-05,+0.000104,9.1710e-01
19,9,17,23,31,59,67,0.000067,8.3250e-01,50.0037,3.668e-05,+0.001338,1.8101e-01
19,9,18,23,31,61,71,0.000152,6.3086e-01,49.9874,1.262e-04,+0.001341,1.7988e-01
19,9,19,23,31,67,73,0.000156,6.2202e-01,50.0039,3.949e-05,+0.001127,2.5986e-01
19,10,11,29,37,31,41,0.000078,8.0573e-01,50.0038,3.770e-05,-0.000469,6.3938e-01
19,10,12,29,37,37,43,0.000030,9.2499e-01,49.9932,6.779e-05,-0.000012,9.9052e-01
19,10,13,29,37,41,47,0.000216,4.9501e-01,50.0021,2.086e-05,+0.000121,9.0346e-01
19,10,14,29,37,43,53,0.000294,3.5293e-01,50.0092,9.181e-05,-0.000467,6.4066e-01
19,10,15,29,37,47,59,0.000195,5.3821e-01,50.0162,1.616e-04,+0.001215,2.2425e-01
19,10,16,29,37,53,61,0.000100,7.5277e-01,50.0032,3.226e-05,-0.000397,6.9106e-01
19,10,17,29,37,59,67,0.000049,8.7677e-01,50.0072,7.186e-05,+0.000588,5.5680e-01
19,10,18,29,37,61,71,0.000019,9.5249e-01,50.0012,1.200e-05,+0.001569,1.1666e-01
19,10,19,29,37,67,73,0.000303,3.3735e-01,50.0008,7.825e-06,+0.000352,7.2506e-01
19,11,12,31,41,37,43,0.000034,9.1332e-01,49.9999,1.137e-06,+0.001167,2.4338e-01
19,11,13,31,41,41,47,0.000128,6.8576e-01,50.0041,4.121e-05,+0.001358,1.7455e-01
19,11,14,31,41,43,53,0.000131,6.7962e-01,49.9943,5.724e-05,-0.000590,5.5524e-01
19,11,15,31,41,47,59,0.000156,6.2130e-01,50.0037,3.707e-05,-0.000589,5.5604e-01
19,11,16,31,41,53,61,0.000109,7.2923e-01,50.0052,5.239e-05,+0.000387,6.9849e-01
19,11,17,31,41,59,67,0.000093,7.6921e-01,49.9985,1.491e-05,-0.000067,9.4657e-01
19,11,18,31,41,61,71,0.000019,9.5123e-01,49.9956,4.370e-05,-0.000662,5.0785e-01
19,11,19,31,41,67,73,0.000005,9.8631e-01,50.0019,1.885e-05,+0.000066,9.4733e-01
19,12,13,37,43,41,47,0.000053,8.6581e-01,50.0136,1.360e-04,+0.001632,1.0275e-01
19,12,14,37,43,43,53,0.000151,6.3229e-01,50.0005,4.625e-06,+0.001281,2.0029e-01
19,12,15,37,43,47,59,0.000031,9.2234e-01,49.9903,9.721e-05,+0.000433,6.6473e-01
19,12,16,37,43,53,61,0.000014,9.6356e-01,49.9994,5.675e-06,-0.000198,8.4301e-01
19,12,17,37,43,59,67,0.000324,3.0604e-01,50.0004,4.475e-06,-0.000706,4.8032e-01
19,12,18,37,43,61,71,0.000190,5.4764e-01,49.9964,3.551e-05,+0.000637,5.2391e-01
19,12,19,37,43,67,73,0.000080,8.0148e-01,49.9989,1.134e-05,-0.001925,5.4267e-02
19,13,14,41,47,43,53,0.000695,2.8070e-02,50.0042,4.222e-05,-0.002333,1.9624e-02
19,13,15,41,47,47,59,0.000310,3.2706e-01,49.9923,7.741e-05,-0.000195,8.4551e-01
19,13,16,41,47,53,61,0.000609,5.4010e-02,49.9954,4.645e-05,+0.000124,9.0138e-01
19,13,17,41,47,59,67,0.000054,8.6473e-01,49.9982,1.823e-05,+0.000213,8.3126e-01
19,13,18,41,47,61,71,0.000321,3.1076e-01,49.9948,5.174e-05,-0.000884,3.7660e-01
19,13,19,41,47,67,73,0.000041,8.9622e-01,50.0067,6.699e-05,+0.000672,5.0185e-01
19,14,15,43,53,47,59,0.000008,9.8038e-01,49.9989,1.094e-05,-0.000375,7.0730e-01
19,14,16,43,53,53,61,0.000640,4.3127e-02,50.0042,4.155e-05,+0.000643,5.2041e-01
19,14,17,43,53,59,67,0.000431,1.7286e-01,50.0025,2.503e-05,-0.000403,6.8684e-01
19,14,18,43,53,61,71,0.000267,3.9791e-01,49.9988,1.169e-05,+0.000220,8.2593e-01
19,14,19,43,53,67,73,0.000155,6.2476e-01,49.9867,1.334e-04,-0.000954,3.4027e-01
19,15,16,47,59,53,61,0.000036,9.0998e-01,50.0153,1.534e-04,+0.000811,4.1737e-01
19,15,17,47,59,59,67,0.000245,4.3815e-01,50.0055,5.526e-05,-0.001734,8.2875e-02
19,15,18,47,59,61,71,0.000297,3.4741e-01,50.0035,3.533e-05,-0.001746,8.0771e-02
19,15,19,47,59,67,73,0.000010,9.7561e-01,50.0003,3.450e-06,-0.000897,3.6974e-01
19,16,17,53,61,59,67,0.000465,1.4158e-01,50.0037,3.670e-05,-0.000581,5.6100e-01
19,16,18,53,61,61,71,0.000114,7.1831e-01,49.9973,2.741e-05,+0.000283,7.7709e-01
19,16,19,53,61,67,73,0.000004,9.9027e-01,50.0085,8.454e-05,-0.000162,8.7145e-01
19,17,18,59,67,61,71,0.000594,6.0208e-02,49.9904,9.596e-05,-0.000309,7.5716e-01
19,17,19,59,67,67,73,0.000198,5.3031e-01,50.0035,3.466e-05,-0.001439,1.5002e-01
19,18,19,61,71,67,73,0.000179,5.7112e-01,50.0059,5.937e-05,-0.000161,8.7247e-01
