seed_idx,i,j,pi,qi,pj,qj,abs_r_bytes,p_bytes,hamming_pct,ham_dev,r_cos1_raw,p_raw
0,0,1,2,3,3,5,8.452515805e-05,7.8924e-01,49.9968,3.217e-05,-2.226377896e-03,2.5989e-02
0,0,2,2,3,5,7,5.613295646e-05,8.5911e-01,49.9944,5.624e-05,-1.088672571e-03,2.7630e-01
0,0,3,2,3,7,11,4.040889019e-04,2.0131e-01,49.9980,1.981e-05,+1.769537998e-03,7.6804e-02
0,0,4,2,3,8,13,7.671113587e-04,1.5274e-02,50.0115,1.147e-04,-7.031431243e-04,4.8197e-01
0,0,5,2,3,11,17,8.355579372e-05,7.9161e-01,50.0035,3.519e-05,+1.135998362e-03,2.5596e-01
0,0,6,2,3,13,19,9.655422271e-05,7.6011e-01,49.9946,5.387e-05,+5.460264606e-04,5.8505e-01
0,0,7,2,3,17,23,3.122884912e-04,3.2338e-01,49.9966,3.374e-05,+8.783965750e-04,3.7973e-01
0,0,8,2,3,19,29,4.420793076e-04,1.6212e-01,49.9988,1.210e-05,+2.391401567e-04,8.1100e-01
0,0,9,2,3,23,31,1.687923542e-04,5.9350e-01,50.0035,3.493e-05,+6.047478748e-04,5.4535e-01
0,0,10,2,3,29,37,4.741460035e-05,8.8081e-01,49.9994,6.287e-06,+2.269485635e-04,8.2046e-01
0,0,11,2,3,31,41,3.432078987e-04,2.7778e-01,50.0036,3.589e-05,-2.602667739e-04,7.9466e-01
0,0,12,2,3,37,43,2.360269729e-04,4.5544e-01,49.9958,4.204e-05,-1.427525259e-03,1.5343e-01
0,0,13,2,3,41,47,3.036548041e-05,9.2350e-01,50.0023,2.271e-05,+8.297878603e-04,4.0666e-01
0,0,14,2,3,43,53,8.170113628e-05,7.9613e-01,49.9978,2.162e-05,+3.423424066e-04,7.3209e-01
0,0,15,2,3,47,59,3.193314350e-05,9.1957e-01,50.0026,2.596e-05,+1.043180155e-03,2.9686e-01
0,0,16,2,3,53,61,2.574404776e-04,4.1559e-01,49.9910,9.039e-05,-3.376309703e-04,7.3564e-01
0,0,17,2,3,59,67,9.010747870e-05,7.7569e-01,50.0077,7.724e-05,+8.899121086e-04,3.7351e-01
0,0,18,2,3,61,71,8.777537510e-06,9.7786e-01,50.0003,2.712e-06,+6.417114913e-04,5.2106e-01
0,0,19,2,3,67,73,5.598716610e-05,8.5947e-01,49.9943,5.702e-05,+1.673561882e-03,9.4217e-02
0,1,2,3,5,5,7,2.241338475e-04,4.7847e-01,50.0148,1.476e-04,+1.971880136e-03,4.8623e-02
0,1,3,3,5,7,11,2.413901483e-04,4.4526e-01,50.0092,9.216e-05,+1.383096572e-03,1.6664e-01
0,1,4,3,5,8,13,2.062441877e-04,5.1427e-01,49.9980,2.034e-05,-5.707202428e-04,5.6819e-01
0,1,5,3,5,11,17,7.651929085e-05,8.0880e-01,49.9929,7.096e-05,+2.909854080e-04,7.7106e-01
0,1,6,3,5,13,19,8.022850039e-05,7.9972e-01,50.0037,3.655e-05,+5.551122741e-04,5.7882e-01
0,1,7,3,5,17,23,4.268490859e-04,1.7708e-01,49.9960,3.999e-05,-3.877724335e-04,6.9818e-01
0,1,8,3,5,19,29,6.505697816e-04,3.9659e-02,50.0023,2.285e-05,+1.616276383e-04,8.7160e-01
0,1,9,3,5,23,31,4.870838559e-05,8.7759e-01,49.9969,3.050e-05,+6.887897272e-04,4.9096e-01
0,1,10,3,5,29,37,2.534542268e-04,4.2285e-01,49.9980,1.971e-05,+3.622234750e-04,7.1719e-01
0,1,11,3,5,31,41,1.239743709e-04,6.9503e-01,50.0003,2.612e-06,-5.043051018e-04,6.1405e-01
0,1,12,3,5,37,43,1.982037039e-05,9.5002e-01,50.0045,4.506e-05,-9.431482940e-04,3.4561e-01
0,1,13,3,5,41,47,2.331786830e-05,9.4122e-01,50.0090,8.979e-05,-1.242221545e-03,2.1415e-01
0,1,14,3,5,43,53,3.113270598e-04,3.2487e-01,49.9966,3.382e-05,+1.117191846e-03,2.6391e-01
0,1,15,3,5,47,59,1.109053351e-05,9.7202e-01,49.9969,3.069e-05,+7.268135808e-04,4.6734e-01
0,1,16,3,5,53,61,4.770602298e-04,1.3140e-01,50.0029,2.944e-05,+2.322004000e-04,8.1638e-01
0,1,17,3,5,59,67,5.164459580e-04,1.0244e-01,49.9953,4.711e-05,+4.786195821e-04,6.3221e-01
0,1,18,3,5,61,71,4.618113471e-04,1.4419e-01,49.9990,1.046e-05,-2.901181426e-04,7.7173e-01
0,1,19,3,5,67,73,1.297721473e-05,9.6727e-01,49.9981,1.930e-05,-3.717123408e-04,7.1011e-01
0,2,3,5,7,7,11,5.688384515e-04,7.2046e-02,49.9952,4.755e-05,-4.952318161e-04,6.2044e-01
0,2,4,5,7,8,13,7.485939902e-04,1.7920e-02,50.0044,4.443e-05,-1.791533386e-03,7.3208e-02
0,2,5,5,7,11,17,4.810009342e-05,8.7910e-01,49.9998,1.875e-06,+1.146069309e-04,9.0876e-01
0,2,6,5,7,13,19,3.336338184e-04,2.9141e-01,50.0004,3.938e-06,-1.242252147e-04,9.0114e-01
0,2,7,5,7,17,23,2.648757922e-04,4.0225e-01,49.9888,1.119e-04,-1.692777455e-03,9.0498e-02
0,2,8,5,7,19,29,5.059438960e-05,8.7289e-01,50.0061,6.126e-05,-7.639925780e-04,4.4487e-01
0,2,9,5,7,23,31,1.004539595e-04,7.5074e-01,50.0054,5.416e-05,+1.525890549e-03,1.2704e-01
0,2,10,5,7,29,37,5.022261242e-04,1.1225e-01,49.9979,2.103e-05,+5.238203583e-04,6.0040e-01
0,2,11,5,7,31,41,4.705633685e-04,1.3674e-01,49.9946,5.425e-05,-1.300769801e-03,1.9334e-01
0,2,12,5,7,37,43,1.417331761e-04,6.5401e-01,49.9976,2.405e-05,+1.269940245e-03,2.0411e-01
0,2,13,5,7,41,47,2.602345461e-04,4.1055e-01,50.0058,5.763e-05,-3.009131113e-05,9.7599e-01
0,2,14,5,7,43,53,1.987191617e-04,5.2974e-01,49.9994,5.837e-06,+9.350181843e-04,3.4978e-01
0,2,15,5,7,47,59,1.997564481e-04,5.2759e-01,49.9951,4.910e-05,+1.506007931e-04,8.8029e-01
0,2,16,5,7,53,61,1.874551302e-04,5.5332e-01,49.9989,1.072e-05,-4.450699912e-04,6.5627e-01
0,2,17,5,7,59,67,1.116846360e-04,7.2396e-01,49.9954,4.635e-05,-3.497645107e-04,7.2652e-01
0,2,18,5,7,61,71,4.604384909e-04,1.4538e-01,50.0015,1.525e-05,+1.021603077e-03,3.0697e-01
0,2,19,5,7,67,73,3.560228228e-04,2.6023e-01,50.0047,4.701e-05,-4.096355222e-04,6.8207e-01
0,3,4,7,11,8,13,6.269473088e-04,4.7414e-02,49.9936,6.392e-05,-1.155665278e-03,2.4782e-01
0,3,5,7,11,11,17,3.807952334e-04,2.2852e-01,50.0057,5.702e-05,-1.361238801e-03,1.7344e-01
0,3,6,7,11,13,19,6.040021002e-05,8.4852e-01,50.0072,7.249e-05,-5.515982268e-04,5.8122e-01
0,3,7,7,11,17,23,7.945722627e-04,1.1983e-02,50.0013,1.325e-05,-2.209084978e-04,8.2516e-01
0,3,8,7,11,19,29,1.799984904e-04,5.6922e-01,50.0051,5.051e-05,-5.793514862e-05,9.5380e-01
0,3,9,7,11,23,31,8.070280436e-05,7.9857e-01,49.9939,6.051e-05,+1.333758157e-03,1.8228e-01
0,3,10,7,11,29,37,3.329479494e-05,9.1615e-01,49.9948,5.180e-05,+7.911288686e-04,4.2887e-01
0,3,11,7,11,31,41,1.446175213e-05,9.6352e-01,50.0049,4.940e-05,-1.178494608e-03,2.3860e-01
0,3,12,7,11,37,43,1.595013509e-05,9.5977e-01,49.9986,1.380e-05,-1.786249653e-03,7.4059e-02
0,3,13,7,11,41,47,4.072665825e-04,1.9778e-01,49.9921,7.945e-05,-1.584024289e-03,1.1319e-01
0,3,14,7,11,43,53,4.967739495e-05,8.7517e-01,50.0014,1.449e-05,+7.700879500e-04,4.4125e-01
0,3,15,7,11,47,59,3.317698363e-04,2.9411e-01,49.9969,3.055e-05,-1.776950535e-03,7.5576e-02
0,3,16,7,11,53,61,3.615007393e-04,2.5297e-01,49.9995,5.025e-06,-9.214947824e-04,3.5679e-01
0,3,17,7,11,59,67,1.118740735e-04,7.2351e-01,50.0014,1.383e-05,-2.990202737e-04,7.6492e-01
0,3,18,7,11,61,71,4.851831123e-04,1.2496e-01,50.0035,3.522e-05,-5.120753215e-04,6.0860e-01
0,3,19,7,11,67,73,2.705607956e-05,9.3182e-01,49.9979,2.099e-05,-2.229127128e-03,2.5805e-02
0,4,5,8,13,11,17,1.339638579e-05,9.6621e-01,50.0030,2.967e-05,-1.905060327e-03,5.6772e-02
0,4,6,8,13,13,19,2.346029038e-04,4.5816e-01,50.0107,1.067e-04,-2.320102663e-03,2.0335e-02
0,4,7,8,13,17,23,3.488334362e-05,9.1216e-01,50.0010,9.925e-06,-1.774738399e-03,7.5941e-02
0,4,8,8,13,19,29,3.260517192e-04,3.0251e-01,49.9912,8.759e-05,-3.391444061e-05,9.7295e-01
0,4,9,8,13,23,31,5.910664926e-04,6.1607e-02,50.0049,4.944e-05,+8.691527775e-04,3.8476e-01
0,4,10,8,13,29,37,2.455435977e-04,4.3747e-01,50.0000,3.000e-07,+1.193049211e-03,2.3285e-01
0,4,11,8,13,31,41,3.736728646e-04,2.3734e-01,49.9962,3.812e-05,+9.049110920e-04,3.6551e-01
0,4,12,8,13,37,43,3.391710778e-04,2.8347e-01,49.9952,4.847e-05,-1.309769993e-03,1.9027e-01
0,4,13,8,13,41,47,5.057049637e-04,1.0978e-01,50.0011,1.123e-05,-5.424714440e-04,5.8749e-01
0,4,14,8,13,43,53,4.777823230e-05,8.7991e-01,50.0004,4.112e-06,+8.761025332e-04,3.8097e-01
0,4,15,8,13,47,59,9.923990134e-05,7.5365e-01,49.9974,2.610e-05,+1.265420606e-03,2.0572e-01
0,4,16,8,13,53,61,5.596516972e-04,7.6765e-02,49.9885,1.151e-04,+6.676536589e-04,5.0435e-01
0,4,17,8,13,59,67,1.652055020e-04,6.0137e-01,49.9948,5.207e-05,-5.841923888e-04,5.5909e-01
0,4,18,8,13,61,71,3.043478181e-04,3.3583e-01,49.9897,1.026e-04,-9.669920080e-04,3.3355e-01
0,4,19,8,13,67,73,2.682897124e-04,3.9621e-01,49.9993,7.138e-06,-4.550420303e-04,6.4908e-01
0,5,6,11,17,13,19,2.055787450e-04,5.1563e-01,50.0002,2.137e-06,-6.612235976e-04,5.0847e-01
0,5,7,11,17,17,23,7.417094512e-05,8.1456e-01,50.0095,9.507e-05,+2.822538205e-03,4.7645e-03
0,5,8,11,17,19,29,1.570312628e-04,6.1949e-01,50.0012,1.181e-05,+1.070311031e-04,9.1476e-01
0,5,9,11,17,23,31,2.211682022e-04,4.8431e-01,50.0011,1.059e-05,-2.043334287e-04,8.3809e-01
0,5,10,11,17,29,37,4.989665553e-05,8.7462e-01,50.0067,6.682e-05,+2.887557253e-04,7.7277e-01
0,5,11,11,17,31,41,2.041832589e-04,5.1848e-01,49.9993,7.450e-06,-6.571620159e-04,5.1108e-01
0,5,12,11,17,37,43,1.406475144e-04,6.5649e-01,49.9986,1.405e-05,-1.545565372e-03,1.2221e-01
0,5,13,11,17,41,47,1.813619465e-04,5.6629e-01,49.9993,6.775e-06,+1.991082964e-03,4.6472e-02
0,5,14,11,17,43,53,1.823741922e-04,5.6413e-01,50.0009,8.862e-06,-5.830368802e-04,5.5987e-01
0,5,15,11,17,47,59,2.867204795e-04,3.6457e-01,49.9996,4.100e-06,+1.028143423e-03,3.0388e-01
0,5,16,11,17,53,61,2.049824246e-04,5.1685e-01,50.0026,2.580e-05,+8.068834827e-05,9.3569e-01
0,5,17,11,17,59,67,8.032957183e-05,7.9948e-01,49.9996,4.250e-06,+5.220160484e-04,6.0166e-01
0,5,18,11,17,61,71,1.970230871e-04,5.3326e-01,50.0023,2.338e-05,+1.517923125e-03,1.2903e-01
0,5,19,11,17,67,73,1.706415124e-05,9.5697e-01,50.0048,4.791e-05,-1.102208727e-04,9.1223e-01
0,6,7,13,19,17,23,1.734145515e-04,5.8343e-01,49.9909,9.059e-05,+1.713076462e-04,8.6398e-01
0,6,8,13,19,19,29,1.557671864e-04,6.2231e-01,49.9933,6.730e-05,+4.273480508e-04,6.6913e-01
0,6,9,13,19,23,31,6.573692023e-04,3.7637e-02,49.9996,3.675e-06,-3.018398852e-04,7.6277e-01
0,6,10,13,19,29,37,3.456712034e-04,2.7435e-01,49.9964,3.584e-05,+6.278549144e-04,5.3010e-01
0,6,11,13,19,31,41,2.030834297e-04,5.2074e-01,50.0010,9.912e-06,+2.558424502e-03,1.0515e-02
0,6,12,13,19,37,43,1.224534776e-04,6.9858e-01,50.0011,1.119e-05,+1.349799530e-03,1.7708e-01
0,6,13,13,19,41,47,1.719726262e-04,5.8656e-01,49.9987,1.346e-05,+1.179678408e-03,2.3813e-01
0,6,14,13,19,43,53,5.274072631e-05,8.6754e-01,50.0060,6.033e-05,-1.029817201e-03,3.0310e-01
0,6,15,13,19,47,59,3.505619238e-05,9.1173e-01,49.9935,6.509e-05,+2.070076664e-04,8.3600e-01
0,6,16,13,19,53,61,3.084472081e-04,3.2936e-01,49.9917,8.326e-05,+1.580679221e-04,8.7440e-01
0,6,17,13,19,59,67,3.372467423e-04,2.8621e-01,49.9922,7.751e-05,-9.388928980e-04,3.4779e-01
0,6,18,13,19,61,71,2.812673776e-04,3.7376e-01,50.0009,9.437e-06,-1.146294074e-03,2.5167e-01
0,6,19,13,19,67,73,2.487047524e-04,4.3159e-01,49.9956,4.403e-05,-8.274107173e-04,4.0800e-01
0,7,8,17,23,19,29,2.643494727e-04,4.0319e-01,49.9909,9.074e-05,+3.252647083e-04,7.4498e-01
0,7,9,17,23,23,31,7.109039705e-05,8.2213e-01,50.0069,6.909e-05,+7.491080201e-04,4.5379e-01
0,7,10,17,23,29,37,3.511223562e-04,2.6685e-01,49.9962,3.777e-05,-6.857454700e-04,4.9287e-01
0,7,11,17,23,31,41,3.652491948e-04,2.4808e-01,50.0003,3.300e-06,+3.574792447e-04,7.2073e-01
0,7,12,17,23,37,43,1.609972568e-04,6.1067e-01,49.9994,6.125e-06,-1.682370171e-03,9.2497e-02
0,7,13,17,23,41,47,5.841345481e-04,6.4719e-02,49.9970,3.012e-05,+1.391528941e-03,1.6407e-01
0,7,14,17,23,43,53,4.815983879e-04,1.2777e-01,49.9978,2.196e-05,+1.165293045e-03,2.4390e-01
0,7,15,17,23,47,59,1.356896813e-04,6.6786e-01,49.9973,2.747e-05,-3.389801768e-04,7.3462e-01
0,7,16,17,23,53,61,5.023990604e-04,1.1212e-01,50.0096,9.630e-05,-2.195635688e-03,2.8118e-02
0,7,17,17,23,59,67,9.599942303e-05,7.6145e-01,50.0007,6.850e-06,-1.921540783e-03,5.4664e-02
0,7,18,17,23,61,71,7.298212513e-05,8.1748e-01,50.0022,2.245e-05,+6.227823178e-04,5.3343e-01
0,7,19,17,23,67,73,2.521835436e-04,4.2518e-01,49.9954,4.569e-05,-7.285308464e-04,4.6629e-01
0,8,9,19,29,23,31,2.888839766e-04,3.6096e-01,50.0049,4.860e-05,-9.914176450e-04,3.2148e-01
0,8,10,19,29,29,37,1.496064368e-04,6.3614e-01,49.9994,6.062e-06,-8.597814191e-04,3.8991e-01
0,8,11,19,29,31,41,2.122865690e-04,5.0202e-01,50.0022,2.229e-05,-1.058082370e-03,2.9002e-01
0,8,12,19,29,37,43,2.439124203e-04,4.4052e-01,49.9969,3.126e-05,+1.034381286e-03,3.0096e-01
0,8,13,19,29,41,47,2.620250395e-04,4.0733e-01,50.0012,1.171e-05,-2.594134146e-03,9.4829e-03
0,8,14,19,29,43,53,1.432469683e-04,6.5056e-01,50.0041,4.125e-05,+2.505509816e-04,8.0216e-01
0,8,15,19,29,47,59,9.056993592e-05,7.7457e-01,49.9987,1.276e-05,+3.625669165e-04,7.1693e-01
0,8,16,19,29,53,61,3.471407672e-04,2.7231e-01,50.0042,4.171e-05,-2.957066505e-04,7.6745e-01
0,8,17,19,29,59,67,2.392641635e-04,4.4928e-01,50.0026,2.611e-05,+2.453601630e-03,1.4143e-02
0,8,18,19,29,61,71,7.830960893e-04,1.3273e-02,49.9921,7.889e-05,-7.868613680e-05,9.3728e-01
0,8,19,19,29,67,73,4.041074991e-04,2.0128e-01,49.9984,1.612e-05,+4.221997031e-04,6.7288e-01
0,9,10,23,31,29,37,2.692955625e-04,3.9444e-01,50.0090,8.996e-05,-1.920386055e-03,5.4809e-02
0,9,11,23,31,31,41,3.589431683e-04,2.5634e-01,49.9959,4.109e-05,-5.471857460e-04,5.8425e-01
0,9,12,23,31,37,43,3.485173107e-04,2.7041e-01,49.9940,5.964e-05,-1.577877216e-03,1.1459e-01
0,9,13,23,31,41,47,6.533668898e-04,3.8816e-02,50.0051,5.096e-05,+8.295580097e-04,4.0679e-01
0,9,14,23,31,43,53,1.617557527e-04,6.0899e-01,49.9988,1.247e-05,+2.521788016e-04,8.0090e-01
0,9,15,23,31,47,59,3.413877602e-04,2.8034e-01,50.0053,5.336e-05,+3.130757518e-04,7.5422e-01
0,9,16,23,31,53,61,1.217276648e-05,9.6929e-01,50.0121,1.214e-04,+1.463257411e-03,1.4340e-01
0,9,17,23,31,59,67,8.423697272e-06,9.7875e-01,49.9962,3.766e-05,-1.933379136e-03,5.3190e-02
0,9,18,23,31,61,71,1.324061340e-04,6.7543e-01,50.0012,1.169e-05,+1.316888171e-03,1.8788e-01
0,9,19,23,31,67,73,3.232586171e-05,9.1858e-01,50.0074,7.405e-05,-7.412498360e-04,4.5854e-01
0,10,11,29,37,31,41,4.202959221e-04,1.8382e-01,50.0159,1.595e-04,+3.324988932e-04,7.3951e-01
0,10,12,29,37,37,43,5.269321940e-04,9.5653e-02,50.0034,3.403e-05,-1.477833842e-03,1.3945e-01
0,10,13,29,37,41,47,9.579436865e-05,7.6194e-01,50.0009,9.300e-06,-2.388749663e-04,8.1120e-01
0,10,14,29,37,43,53,6.940644357e-05,8.2627e-01,49.9947,5.316e-05,+3.952747269e-04,6.9264e-01
0,10,15,29,37,47,59,7.437577860e-05,8.1406e-01,49.9970,2.988e-05,-1.715590113e-03,8.6237e-02
0,10,16,29,37,53,61,2.548699803e-04,4.2026e-01,50.0051,5.090e-05,+1.639247021e-03,1.0116e-01
0,10,17,29,37,59,67,1.590433527e-04,6.1501e-01,49.9946,5.400e-05,-9.705517188e-04,3.3177e-01
0,10,18,29,37,61,71,3.453661545e-06,9.9129e-01,50.0000,5.000e-08,+3.158487662e-05,9.7480e-01
0,10,19,29,37,67,73,1.488066411e-04,6.3795e-01,49.9994,6.112e-06,-7.574287258e-04,4.4879e-01
0,11,12,31,41,37,43,2.293812904e-04,4.6823e-01,49.9971,2.907e-05,+2.949153971e-04,7.6806e-01
0,11,13,31,41,41,47,3.246709102e-05,9.1822e-01,49.9971,2.860e-05,-8.915335045e-04,3.7264e-01
0,11,14,31,41,43,53,4.049531257e-04,2.0034e-01,50.0010,9.588e-06,-5.936410255e-05,9.5266e-01
0,11,15,31,41,47,59,1.081841129e-04,7.3227e-01,49.9948,5.178e-05,+5.293399411e-05,9.5778e-01
0,11,16,31,41,53,61,1.358523237e-04,6.6748e-01,50.0014,1.377e-05,-7.256091125e-04,4.6808e-01
0,11,17,31,41,59,67,3.137368422e-04,3.2114e-01,50.0085,8.505e-05,+1.608149367e-03,1.0780e-01
0,11,18,31,41,61,71,6.174986947e-05,8.4518e-01,49.9956,4.425e-05,+3.181815739e-04,7.5035e-01
0,11,19,31,41,67,73,3.227913842e-04,3.0737e-01,50.0086,8.616e-05,-1.273504124e-03,2.0284e-01
0,12,13,37,43,41,47,3.095291093e-06,9.9219e-01,50.0042,4.195e-05,+1.087331894e-03,2.7689e-01
0,12,14,37,43,43,53,1.458099924e-04,6.4473e-01,49.9994,6.488e-06,-4.516228523e-04,6.5154e-01
0,12,15,37,43,47,59,1.750603107e-04,5.7986e-01,50.0096,9.605e-05,-4.603077387e-04,6.4530e-01
0,12,16,37,43,53,61,1.804118071e-04,5.6833e-01,50.0056,5.610e-05,-1.614392525e-04,8.7175e-01
0,12,17,37,43,59,67,4.962129772e-04,1.1661e-01,49.9892,1.078e-04,+1.569842541e-04,8.7526e-01
0,12,18,37,43,61,71,3.763811029e-04,2.3396e-01,49.9958,4.245e-05,+4.175580561e-04,6.7627e-01
0,12,19,37,43,67,73,7.540716860e-05,8.1153e-01,50.0063,6.304e-05,-5.013898132e-05,9.6001e-01
0,13,14,41,47,43,53,1.761536208e-04,5.7750e-01,50.0025,2.549e-05,-1.223597873e-03,2.2110e-01
0,13,15,41,47,47,59,2.965601019e-04,3.4834e-01,49.9963,3.700e-05,+1.317731166e-03,1.8759e-01
0,13,16,41,47,53,61,1.447820211e-05,9.6348e-01,50.0003,3.375e-06,+5.822229436e-04,5.6042e-01
0,13,17,41,47,59,67,1.760004988e-04,5.7783e-01,49.9987,1.300e-05,+2.302735887e-03,2.1294e-02
0,13,18,41,47,61,71,1.832966394e-04,5.6216e-01,49.9930,7.050e-05,-8.163421300e-04,4.1430e-01
0,13,19,41,47,67,73,2.540615063e-04,4.2174e-01,50.0009,8.812e-06,-9.349006731e-04,3.4984e-01
0,14,15,43,53,47,59,3.404289406e-04,2.8169e-01,49.9955,4.516e-05,-1.249688102e-04,9.0055e-01
0,14,16,43,53,53,61,4.125269741e-04,1.9205e-01,49.9931,6.864e-05,-8.102595128e-04,4.1779e-01
0,14,17,43,53,59,67,3.959608512e-04,2.1052e-01,49.9972,2.834e-05,+1.596231616e-03,1.1044e-01
0,14,18,43,53,61,71,5.063513315e-05,8.7278e-01,50.0074,7.371e-05,-1.040293967e-03,2.9820e-01
0,14,19,43,53,67,73,1.431353082e-04,6.5081e-01,50.0021,2.062e-05,+1.482390381e-03,1.3824e-01
0,15,16,47,59,53,61,3.509683201e-04,2.6706e-01,50.0074,7.408e-05,+1.529003282e-05,9.8780e-01
0,15,17,47,59,59,67,1.540072515e-04,6.2625e-01,50.0101,1.011e-04,-4.979363345e-04,6.1853e-01
0,15,18,47,59,61,71,9.680016717e-05,7.5952e-01,50.0134,1.339e-04,-3.382656776e-04,7.3516e-01
0,15,19,47,59,67,73,2.298319025e-06,9.9420e-01,49.9995,5.313e-06,+1.674150081e-04,8.6704e-01
0,16,17,53,61,59,67,3.781689126e-04,2.3175e-01,50.0061,6.080e-05,-1.340298664e-04,8.9338e-01
0,16,18,53,61,61,71,4.664909953e-04,1.4017e-01,50.0136,1.355e-04,-1.222695927e-03,2.2144e-01
0,16,19,53,61,67,73,1.141397198e-04,7.1814e-01,50.0078,7.811e-05,-1.619075106e-03,1.0543e-01
0,17,18,59,67,61,71,1.111671623e-06,9.9720e-01,50.0032,3.185e-05,-1.386180100e-03,1.6569e-01
0,17,19,59,67,67,73,7.027402938e-05,8.2414e-01,49.9999,7.375e-07,+2.828397317e-04,7.7730e-01
0,18,19,61,71,67,73,2.337734383e-04,4.5975e-01,49.9930,6.994e-05,+1.189326136e-03,2.3431e-01
1,0,1,2,3,3,5,1.459893202e-04,6.4433e-01,50.0028,2.809e-05,+3.344742683e-04,7.3802e-01
1,0,2,2,3,5,7,8.943650750e-04,4.6806e-03,49.9883,1.171e-04,+5.343269384e-04,5.9312e-01
1,0,3,2,3,7,11,4.203100475e-04,1.8380e-01,50.0053,5.321e-05,-5.264055990e-04,5.9861e-01
1,0,4,2,3,8,13,6.416772629e-05,8.3920e-01,50.0016,1.601e-05,-2.576575152e-04,7.9667e-01
1,0,5,2,3,11,17,2.010365500e-04,5.2495e-01,50.0005,5.162e-06,-1.488355408e-03,1.3666e-01
1,0,6,2,3,13,19,2.786518851e-04,3.7822e-01,50.0004,4.100e-06,-4.555984344e-05,9.6366e-01
1,0,7,2,3,17,23,1.615233161e-04,6.0950e-01,50.0044,4.374e-05,-2.768097394e-04,7.8193e-01
1,0,8,2,3,19,29,4.028455209e-04,2.0270e-01,49.9915,8.513e-05,-2.031686272e-03,4.2185e-02
1,0,9,2,3,23,31,2.662013038e-05,9.3291e-01,49.9999,1.437e-06,+9.431245021e-04,3.4562e-01
1,0,10,2,3,29,37,6.512279147e-05,8.3684e-01,49.9965,3.538e-05,+5.556080228e-04,5.7848e-01
1,0,11,2,3,31,41,1.576996207e-04,6.1800e-01,50.0004,4.275e-06,+4.449125910e-05,9.6451e-01
1,0,12,2,3,37,43,5.596496378e-04,7.6766e-02,49.9954,4.606e-05,-3.964663169e-04,6.9176e-01
1,0,13,2,3,41,47,8.185724996e-05,7.9575e-01,49.9932,6.797e-05,-2.208496898e-04,8.2521e-01
1,0,14,2,3,43,53,6.687575249e-05,8.3251e-01,50.0019,1.878e-05,+2.393953189e-04,8.1080e-01
1,0,15,2,3,47,59,8.420133016e-05,7.9003e-01,50.0038,3.836e-05,-3.130757069e-04,7.5422e-01
1,0,16,2,3,53,61,3.498751738e-04,2.6855e-01,50.0084,8.394e-05,-1.490224972e-05,9.8811e-01
1,0,17,2,3,59,67,2.784122580e-04,3.7863e-01,50.0007,7.387e-06,+7.821447230e-04,4.3413e-01
1,0,18,2,3,61,71,5.277178017e-05,8.6747e-01,50.0019,1.935e-05,-2.523980623e-03,1.1603e-02
1,0,19,2,3,67,73,5.026523002e-04,1.1194e-01,50.0061,6.115e-05,+1.019746089e-03,3.0785e-01
1,1,2,3,5,5,7,8.445525225e-05,7.8941e-01,50.0027,2.666e-05,+1.388086142e-04,8.8960e-01
1,1,3,3,5,7,11,2.003758194e-04,5.2631e-01,50.0011,1.100e-05,-1.881363279e-03,5.9923e-02
1,1,4,3,5,8,13,1.460883779e-04,6.4410e-01,50.0006,5.750e-06,-4.344327640e-04,6.6397e-01
1,1,5,3,5,11,17,1.532394214e-05,9.6135e-01,49.9975,2.493e-05,+7.486703062e-06,9.9403e-01
1,1,6,3,5,13,19,7.542580913e-04,1.7071e-02,49.9842,1.582e-04,+7.018807796e-04,4.8275e-01
1,1,7,3,5,17,23,1.852447766e-05,9.5329e-01,49.9911,8.935e-05,-4.941294446e-04,6.2121e-01
1,1,8,3,5,19,29,2.501146799e-04,4.2898e-01,49.9950,5.026e-05,-2.016426547e-04,8.4020e-01
1,1,9,3,5,23,31,1.829516296e-04,5.6290e-01,50.0011,1.063e-05,+9.033350801e-04,3.6635e-01
1,1,10,3,5,29,37,5.648857468e-05,8.5823e-01,50.0020,2.016e-05,+1.712157276e-04,8.6405e-01
1,1,11,3,5,31,41,5.475766570e-04,8.3347e-02,49.9936,6.399e-05,+5.578385050e-05,9.5551e-01
1,1,12,3,5,37,43,2.624288234e-04,4.0661e-01,50.0042,4.187e-05,-2.451498480e-04,8.0634e-01
1,1,13,3,5,41,47,3.560761491e-04,2.6016e-01,50.0112,1.122e-04,-5.526458365e-05,9.5593e-01
1,1,14,3,5,43,53,5.248374781e-04,9.6978e-02,49.9990,9.963e-06,+2.927595301e-04,7.6971e-01
1,1,15,3,5,47,59,6.181768566e-05,8.4501e-01,49.9942,5.845e-05,-1.839513040e-03,6.5840e-02
1,1,16,3,5,53,61,8.472917549e-05,7.8875e-01,50.0036,3.590e-05,-7.583694794e-04,4.4823e-01
1,1,17,3,5,59,67,8.853883660e-05,7.7949e-01,49.9947,5.345e-05,+1.717443773e-03,8.5898e-02
1,1,18,3,5,61,71,1.414205665e-04,6.5472e-01,49.9999,6.125e-07,-5.701509593e-04,5.6858e-01
1,1,19,3,5,67,73,5.132333032e-04,1.0459e-01,50.0020,1.989e-05,-1.903968507e-04,8.4900e-01
1,2,3,5,7,7,11,3.881441704e-04,2.1966e-01,49.9977,2.271e-05,+6.083961100e-04,5.4292e-01
1,2,4,5,7,8,13,1.393455677e-05,9.6485e-01,49.9964,3.581e-05,-1.041558456e-03,2.9762e-01
1,2,5,5,7,11,17,1.955232618e-04,5.3638e-01,49.9972,2.786e-05,-1.827092827e-04,8.5503e-01
1,2,6,5,7,13,19,2.435651791e-04,4.4117e-01,49.9977,2.303e-05,+2.387459950e-05,9.8095e-01
1,2,7,5,7,17,23,4.302612086e-04,1.7364e-01,50.0084,8.366e-05,+9.987864781e-04,3.1790e-01
1,2,8,5,7,19,29,2.482823167e-04,4.3237e-01,50.0017,1.748e-05,-1.161910718e-03,2.4527e-01
1,2,9,5,7,23,31,5.375325591e-05,8.6502e-01,50.0028,2.771e-05,-6.527144964e-04,5.1394e-01
1,2,10,5,7,29,37,1.242553651e-04,6.9437e-01,49.9994,6.050e-06,+6.730165838e-04,5.0094e-01
1,2,11,5,7,31,41,8.920524255e-06,9.7750e-01,50.0043,4.320e-05,-8.976103539e-04,3.6939e-01
1,2,12,5,7,37,43,3.524316436e-04,2.6507e-01,49.9979,2.144e-05,+1.141191965e-03,2.5379e-01
1,2,13,5,7,41,47,9.470340635e-05,7.6457e-01,49.9982,1.812e-05,-6.704923312e-04,5.0254e-01
1,2,14,5,7,43,53,4.532710298e-04,1.5175e-01,50.0012,1.162e-05,+9.077213853e-04,3.6403e-01
1,2,15,5,7,47,59,4.407921881e-04,1.6335e-01,50.0033,3.311e-05,-1.884514735e-03,5.9495e-02
1,2,16,5,7,53,61,3.544243120e-04,2.6238e-01,50.0001,9.875e-07,-1.025204998e-03,3.0527e-01
1,2,17,5,7,59,67,4.610133135e-04,1.4488e-01,50.0028,2.844e-05,+3.842803960e-05,9.6935e-01
1,2,18,5,7,61,71,1.720232948e-05,9.5662e-01,50.0003,2.700e-06,-1.319631659e-03,1.8696e-01
1,2,19,5,7,67,73,2.810560700e-04,3.7412e-01,49.9954,4.620e-05,-8.207893236e-04,4.1177e-01
1,3,4,7,11,8,13,2.471023171e-04,4.3456e-01,50.0021,2.100e-05,+5.935638213e-05,9.5267e-01
1,3,5,7,11,11,17,4.584201556e-04,1.4716e-01,50.0090,8.968e-05,+7.210059707e-04,4.7091e-01
1,3,6,7,11,13,19,4.582827356e-05,8.8477e-01,49.9991,8.663e-06,-3.230988270e-04,7.4662e-01
1,3,7,7,11,17,23,3.720789938e-04,2.3935e-01,49.9985,1.472e-05,+6.221069700e-04,5.3387e-01
1,3,8,7,11,19,29,7.315887564e-05,8.1704e-01,49.9993,7.338e-06,-5.951841487e-05,9.5254e-01
1,3,9,7,11,23,31,3.058486211e-04,3.3345e-01,49.9875,1.250e-04,-3.296582840e-03,9.7869e-04
1,3,10,7,11,29,37,2.903918251e-04,3.5846e-01,50.0058,5.776e-05,+3.727947807e-04,7.0930e-01
1,3,11,7,11,31,41,6.490149539e-04,4.0134e-02,50.0042,4.191e-05,-2.014679884e-03,4.3938e-02
1,3,12,7,11,37,43,3.067397688e-04,3.3205e-01,50.0022,2.248e-05,+3.464803857e-04,7.2898e-01
1,3,13,7,11,41,47,2.099670268e-04,5.0671e-01,49.9999,1.162e-06,+1.327804709e-03,1.8424e-01
1,3,14,7,11,43,53,4.662054966e-04,1.4041e-01,49.9936,6.424e-05,-6.719839072e-04,5.0159e-01
1,3,15,7,11,47,59,1.011059274e-04,7.4918e-01,50.0162,1.620e-04,-1.277111765e-04,8.9838e-01
1,3,16,7,11,53,61,8.337011286e-06,9.7897e-01,49.9984,1.598e-05,-1.164409321e-03,2.4426e-01
1,3,17,7,11,59,67,6.089383511e-04,5.4150e-02,50.0023,2.338e-05,+5.619487526e-04,5.7415e-01
1,3,18,7,11,61,71,7.958450094e-04,1.1847e-02,50.0010,1.049e-05,+1.624508017e-03,1.0427e-01
1,3,19,7,11,67,73,1.168441511e-04,7.1176e-01,49.9927,7.286e-05,-7.961414392e-04,4.2595e-01
1,4,5,8,13,11,17,7.149909840e-04,2.3759e-02,49.9993,7.475e-06,+3.043805568e-04,7.6084e-01
1,4,6,8,13,13,19,3.061053102e-04,3.3305e-01,50.0018,1.824e-05,+5.974690702e-04,5.5019e-01
1,4,7,8,13,17,23,3.416233914e-04,2.8001e-01,50.0048,4.812e-05,-3.206774846e-04,7.4845e-01
1,4,8,8,13,19,29,1.012447582e-04,7.4884e-01,49.9907,9.344e-05,+8.305391122e-04,4.0623e-01
1,4,9,8,13,23,31,4.494112743e-04,1.5527e-01,50.0000,3.250e-07,+7.140697110e-04,4.7518e-01
1,4,10,8,13,29,37,1.637488930e-04,6.0458e-01,49.9978,2.234e-05,+4.112633240e-04,6.8088e-01
1,4,11,8,13,31,41,4.817061942e-05,8.7893e-01,49.9954,4.584e-05,+8.180362163e-04,4.1334e-01
1,4,12,8,13,37,43,3.198636631e-04,3.1178e-01,49.9953,4.735e-05,+1.109874469e-03,2.6705e-01
1,4,13,8,13,41,47,5.338788508e-04,9.1359e-02,49.9946,5.441e-05,+1.429230249e-04,8.8635e-01
1,4,14,8,13,43,53,5.425617442e-05,8.6377e-01,49.9943,5.701e-05,+7.278906057e-04,4.6668e-01
1,4,15,8,13,47,59,2.911934839e-04,3.5714e-01,49.9983,1.708e-05,+3.985344832e-04,6.9024e-01
1,4,16,8,13,53,61,4.227861734e-04,1.8123e-01,49.9922,7.765e-05,-1.181266132e-04,9.0597e-01
1,4,17,8,13,59,67,3.994429963e-04,2.0654e-01,50.0052,5.210e-05,+7.511944091e-04,4.5254e-01
1,4,18,8,13,61,71,2.498823937e-05,9.3702e-01,50.0005,5.113e-06,+5.534750131e-04,5.7994e-01
1,4,19,8,13,67,73,5.180476027e-04,1.0138e-01,50.0036,3.634e-05,+4.690097364e-04,6.3906e-01
1,5,6,11,17,13,19,9.750587535e-05,7.5782e-01,50.0019,1.946e-05,+3.972887806e-04,6.9115e-01
1,5,7,11,17,17,23,2.492246919e-04,4.3063e-01,49.9970,2.998e-05,+3.820316776e-04,7.0244e-01
1,5,8,11,17,19,29,3.028877301e-04,3.3816e-01,49.9904,9.601e-05,+3.182442194e-04,7.5030e-01
1,5,9,11,17,23,31,5.358449449e-04,9.0172e-02,50.0005,5.425e-06,-1.298462264e-05,9.8964e-01
1,5,10,11,17,29,37,3.108697911e-05,9.2169e-01,50.0016,1.611e-05,-2.085083502e-05,9.8336e-01
1,5,11,11,17,31,41,5.750630691e-04,6.8986e-02,50.0041,4.139e-05,+1.956099634e-04,8.4492e-01
1,5,12,11,17,37,43,1.964473481e-04,5.3445e-01,50.0069,6.860e-05,-9.926325736e-04,3.2089e-01
1,5,13,11,17,41,47,3.003182264e-04,3.4227e-01,50.0073,7.271e-05,-2.744172159e-04,7.8376e-01
1,5,14,11,17,43,53,2.323286925e-04,4.6253e-01,50.0048,4.756e-05,+2.900659227e-03,3.7238e-03
1,5,15,11,17,47,59,2.368801598e-04,4.5381e-01,50.0048,4.817e-05,+1.616669515e-03,1.0595e-01
1,5,16,11,17,53,61,2.169489578e-04,4.9268e-01,49.9973,2.653e-05,-7.171299701e-04,4.7329e-01
1,5,17,11,17,59,67,6.296689645e-04,4.6460e-02,49.9955,4.477e-05,-5.022782932e-04,6.1547e-01
1,5,18,11,17,61,71,4.675024818e-04,1.3931e-01,50.0065,6.521e-05,-5.186343529e-04,6.0402e-01
1,5,19,11,17,67,73,3.103253742e-04,3.2643e-01,50.0058,5.754e-05,+1.893696510e-04,8.4980e-01
1,6,7,13,19,17,23,2.941264713e-04,3.5231e-01,50.0008,7.813e-06,+6.876671560e-04,4.9166e-01
1,6,8,13,19,19,29,2.745226994e-04,3.8533e-01,50.0041,4.087e-05,-3.175665912e-04,7.5081e-01
1,6,9,13,19,23,31,5.038284021e-04,1.1111e-01,49.9941,5.909e-05,-1.163968846e-04,9.0734e-01
1,6,10,13,19,29,37,2.108344206e-04,5.0495e-01,49.9933,6.740e-05,-5.022997157e-04,6.1546e-01
1,6,11,13,19,31,41,7.715830620e-05,8.0723e-01,50.0052,5.207e-05,-7.357835925e-04,4.6186e-01
1,6,12,13,19,37,43,3.247725166e-04,3.0441e-01,49.9958,4.244e-05,+2.741072467e-03,6.1239e-03
1,6,13,13,19,41,47,1.930470153e-04,5.4155e-01,49.9964,3.597e-05,+1.938120977e-03,5.2608e-02
1,6,14,13,19,43,53,4.927211172e-05,8.7618e-01,50.0022,2.225e-05,+5.500590820e-04,5.8228e-01
1,6,15,13,19,47,59,1.440442630e-04,6.4874e-01,50.0005,4.913e-06,-2.640904556e-04,7.9171e-01
1,6,16,13,19,53,61,2.183342057e-04,4.8992e-01,50.0013,1.321e-05,+1.567209467e-03,1.1707e-01
1,6,17,13,19,59,67,7.668429849e-04,1.5310e-02,50.0161,1.613e-04,+4.932838628e-04,6.2181e-01
1,6,18,13,19,61,71,6.573855666e-04,3.7632e-02,50.0016,1.650e-05,-9.398568826e-04,3.4729e-01
1,6,19,13,19,67,73,4.499705206e-04,1.5476e-01,49.9912,8.772e-05,+6.343340790e-04,5.2586e-01
1,7,8,17,23,19,29,3.884965681e-04,2.1925e-01,49.9981,1.899e-05,-2.803608919e-04,7.7920e-01
1,7,9,17,23,23,31,3.892610347e-04,2.1834e-01,50.0038,3.807e-05,+1.614319673e-04,8.7175e-01
1,7,10,17,23,29,37,1.558172459e-05,9.6070e-01,50.0034,3.421e-05,+6.036315595e-04,5.4609e-01
1,7,11,17,23,31,41,5.385462674e-05,8.6477e-01,49.9934,6.631e-05,+2.998437309e-04,7.6430e-01
1,7,12,17,23,37,43,3.082363305e-04,3.2969e-01,49.9952,4.850e-05,+4.438092107e-04,6.5718e-01
1,7,13,17,23,41,47,6.182796327e-04,5.0563e-02,49.9920,8.049e-05,-1.619999820e-03,1.0523e-01
1,7,14,17,23,43,53,2.267818075e-04,4.7328e-01,49.9997,3.188e-06,-5.353096737e-05,9.5731e-01
1,7,15,17,23,47,59,2.370536712e-04,4.5348e-01,50.0001,1.250e-06,+1.204609552e-03,2.2835e-01
1,7,16,17,23,53,61,2.701850807e-04,3.9288e-01,49.9960,3.990e-05,-8.789922185e-05,9.2996e-01
1,7,17,17,23,59,67,1.986362145e-04,5.2991e-01,49.9997,3.000e-06,-6.561218087e-04,5.1175e-01
1,7,18,17,23,61,71,4.390399417e-04,1.6503e-01,50.0030,3.024e-05,+4.072610579e-05,9.6751e-01
1,7,19,17,23,67,73,1.616042459e-04,6.0932e-01,50.0027,2.711e-05,+4.662605733e-04,6.4103e-01
1,8,9,19,29,23,31,1.165137480e-04,7.1254e-01,49.9958,4.191e-05,-1.242519387e-03,2.1404e-01
1,8,10,19,29,29,37,5.756474613e-05,8.5555e-01,50.0015,1.505e-05,+4.413298266e-04,6.5897e-01
1,8,11,19,29,31,41,2.147506124e-04,4.9707e-01,49.9915,8.535e-05,-6.285898002e-04,5.2962e-01
1,8,12,19,29,37,43,5.359932347e-04,9.0083e-02,50.0070,6.956e-05,-1.353153528e-04,8.9236e-01
1,8,13,19,29,41,47,3.066635344e-04,3.3217e-01,50.0114,1.136e-04,+6.884495474e-04,4.9117e-01
1,8,14,19,29,43,53,3.092682296e-04,3.2808e-01,50.0050,5.033e-05,-7.417114986e-04,4.5826e-01
1,8,15,19,29,47,59,3.729073381e-04,2.3830e-01,50.0117,1.166e-04,-1.206937638e-03,2.2746e-01
1,8,16,19,29,53,61,3.781992594e-04,2.3171e-01,50.0034,3.354e-05,+3.521795124e-04,7.2470e-01
1,8,17,19,29,59,67,8.126131565e-05,7.9720e-01,50.0044,4.364e-05,+5.940856434e-04,5.5245e-01
1,8,18,19,29,61,71,1.038882237e-04,7.4252e-01,50.0044,4.445e-05,-1.428233099e-03,1.5322e-01
1,8,19,19,29,67,73,2.653176385e-04,4.0146e-01,50.0052,5.245e-05,-6.096593336e-04,5.4209e-01
1,9,10,23,31,29,37,1.654698963e-04,6.0079e-01,50.0065,6.524e-05,+2.963336304e-04,7.6698e-01
1,9,11,23,31,31,41,2.898273020e-04,3.5940e-01,50.0071,7.126e-05,-4.708809561e-04,6.3773e-01
1,9,12,23,31,37,43,4.582088942e-04,1.4734e-01,50.0097,9.713e-05,-1.029327246e-04,9.1802e-01
1,9,13,23,31,41,47,8.395178211e-04,7.9358e-03,49.9850,1.503e-04,-3.108236887e-04,7.5593e-01
1,9,14,23,31,43,53,1.427052921e-04,6.5179e-01,50.0016,1.641e-05,+1.500917501e-03,1.3338e-01
1,9,15,23,31,47,59,4.808195912e-04,1.2839e-01,49.9916,8.425e-05,-6.077713415e-04,5.4334e-01
1,9,16,23,31,53,61,1.850365329e-04,5.5846e-01,49.9946,5.378e-05,-6.134397806e-04,5.3959e-01
1,9,17,23,31,59,67,1.327434129e-04,6.7465e-01,50.0120,1.197e-04,+6.689381821e-04,5.0353e-01
1,9,18,23,31,61,71,2.756054955e-04,3.8346e-01,50.0059,5.856e-05,+1.202108022e-03,2.2932e-01
1,9,19,23,31,67,73,9.347656243e-05,7.6754e-01,49.9978,2.246e-05,-1.749270763e-03,8.0244e-02
1,10,11,29,37,31,41,4.062264584e-05,8.9778e-01,50.0062,6.193e-05,-7.886352809e-04,4.3033e-01
1,10,12,29,37,37,43,1.609843033e-04,6.1070e-01,50.0097,9.744e-05,-3.040141773e-04,7.6112e-01
1,10,13,29,37,41,47,6.947010863e-05,8.2612e-01,49.9972,2.763e-05,-1.762317519e-05,9.8594e-01
1,10,14,29,37,43,53,9.934173311e-05,7.5341e-01,50.0114,1.140e-04,+3.071380720e-04,7.5874e-01
1,10,15,29,37,47,59,5.680962524e-04,7.2419e-02,49.9993,6.863e-06,+6.565292919e-04,5.1148e-01
1,10,16,29,37,53,61,2.837410170e-04,3.6958e-01,50.0013,1.329e-05,+1.951246390e-04,8.4530e-01
1,10,17,29,37,59,67,5.296868576e-04,9.3931e-02,49.9918,8.184e-05,-4.721797788e-04,6.3680e-01
1,10,18,29,37,61,71,5.788295250e-05,8.5477e-01,50.0051,5.113e-05,-2.944715612e-04,7.6840e-01
1,10,19,29,37,67,73,2.247096714e-04,4.7734e-01,49.9924,7.570e-05,+2.182918636e-05,9.8258e-01
1,11,12,31,41,37,43,4.689437338e-04,1.3809e-01,49.9921,7.941e-05,+6.404463273e-04,5.2188e-01
1,11,13,31,41,41,47,2.799627023e-04,3.7598e-01,49.9949,5.135e-05,+2.453992081e-04,8.0615e-01
1,11,14,31,41,43,53,5.005536947e-04,1.1345e-01,50.0019,1.858e-05,-2.747069167e-03,6.0130e-03
1,11,15,31,41,47,59,4.078313016e-04,1.9716e-01,49.9947,5.324e-05,+2.208444868e-03,2.7213e-02
1,11,16,31,41,53,61,1.070319136e-03,7.1270e-04,50.0031,3.059e-05,-5.544756956e-04,5.7925e-01
1,11,17,31,41,59,67,7.531259831e-05,8.1176e-01,50.0025,2.514e-05,+4.980177362e-04,6.1847e-01
1,11,18,31,41,61,71,1.894619551e-04,5.4909e-01,50.0065,6.485e-05,-6.005259039e-05,9.5211e-01
1,11,19,31,41,67,73,1.424386193e-04,6.5240e-01,50.0102,1.018e-04,-1.658676163e-03,9.7181e-02
1,12,13,37,43,41,47,2.255859088e-04,4.7562e-01,49.9979,2.069e-05,+1.943662761e-04,8.4589e-01
1,12,14,37,43,43,53,2.776502381e-04,3.7994e-01,50.0080,7.956e-05,-4.451913620e-04,6.5618e-01
1,12,15,37,43,47,59,1.784396136e-04,5.7257e-01,50.0007,6.850e-06,-4.737493651e-04,6.3568e-01
1,12,16,37,43,53,61,2.298761442e-04,4.6727e-01,50.0036,3.600e-05,+1.091530293e-03,2.7504e-01
1,12,17,37,43,59,67,1.283187912e-04,6.8490e-01,49.9954,4.607e-05,-4.357144288e-04,6.6304e-01
1,12,18,37,43,61,71,8.958277538e-04,4.6134e-03,49.9960,4.014e-05,-7.985570535e-04,4.2455e-01
1,12,19,37,43,67,73,7.408675060e-05,8.1477e-01,49.9973,2.724e-05,+1.670644399e-03,9.4792e-02
1,13,14,41,47,43,53,2.605061990e-04,4.1006e-01,50.0055,5.480e-05,-6.940875260e-04,4.8763e-01
1,13,15,41,47,47,59,3.649113269e-04,2.4852e-01,49.9944,5.591e-05,-4.918532758e-04,6.2282e-01
1,13,16,41,47,53,61,1.086222820e-04,7.3123e-01,49.9892,1.076e-04,-4.750941414e-04,6.3472e-01
1,13,17,41,47,59,67,3.607667460e-04,2.5393e-01,50.0023,2.284e-05,-1.706023654e-03,8.8004e-02
1,13,18,41,47,61,71,1.107192319e-04,7.2624e-01,50.0003,2.500e-06,+2.912363069e-04,7.7087e-01
1,13,19,41,47,67,73,1.632498068e-04,6.0569e-01,50.0001,1.325e-06,-1.707514944e-03,8.7726e-02
1,14,15,43,53,47,59,7.536954419e-06,9.8099e-01,50.0017,1.684e-05,+2.664287772e-04,7.8991e-01
1,14,16,43,53,53,61,2.045130915e-05,9.4843e-01,50.0001,1.388e-06,+2.681029957e-04,7.8862e-01
1,14,17,43,53,59,67,1.936388091e-04,5.4031e-01,50.0051,5.079e-05,-6.348779410e-04,5.2551e-01
1,14,18,43,53,61,71,1.572706512e-04,6.1895e-01,49.9970,3.025e-05,-1.668878221e-05,9.8668e-01
1,14,19,43,53,67,73,9.961797504e-05,7.5275e-01,49.9956,4.418e-05,+7.376794911e-04,4.6071e-01
1,15,16,47,59,53,61,5.566040546e-04,7.8385e-02,50.0038,3.850e-05,+3.812619233e-04,7.0301e-01
1,15,17,47,59,59,67,8.659931656e-05,7.8420e-01,50.0081,8.147e-05,+6.370925857e-05,9.4920e-01
1,15,18,47,59,61,71,9.062024143e-05,7.7444e-01,49.9992,8.062e-06,+9.493791072e-05,9.2436e-01
1,15,19,47,59,67,73,5.816031948e-05,8.5408e-01,50.0006,5.513e-06,-6.487524905e-04,5.1650e-01
1,16,17,53,61,59,67,9.637737617e-05,7.6054e-01,49.9976,2.378e-05,+7.915421331e-04,4.2863e-01
1,16,18,53,61,61,71,3.582904904e-05,9.0979e-01,49.9956,4.414e-05,-4.700194860e-04,6.3834e-01
1,16,19,53,61,67,73,5.015505520e-05,8.7398e-01,49.9978,2.219e-05,+3.953497583e-04,6.9258e-01
1,17,18,59,67,61,71,3.011053068e-04,3.4101e-01,50.0066,6.561e-05,-1.274306488e-03,2.0255e-01
1,17,19,59,67,67,73,3.767468039e-04,2.3351e-01,50.0018,1.819e-05,+1.284589812e-04,8.9779e-01
1,18,19,61,71,67,73,2.258206633e-04,4.7516e-01,50.0151,1.507e-04,+3.360505160e-04,7.3683e-01
2,0,1,2,3,3,5,4.009108424e-04,2.0487e-01,49.9995,4.500e-06,+2.163843940e-04,8.2869e-01
2,0,2,2,3,5,7,3.728103803e-05,9.0615e-01,49.9977,2.286e-05,+1.210078437e-03,2.2625e-01
2,0,3,2,3,7,11,9.950369049e-05,7.5302e-01,50.0001,8.875e-07,+4.968243548e-04,6.1931e-01
2,0,4,2,3,8,13,1.467408951e-06,9.9630e-01,49.9995,5.437e-06,-4.011859018e-04,6.8828e-01
2,0,5,2,3,11,17,2.281883664e-04,4.7054e-01,49.9984,1.610e-05,+7.953834962e-04,4.2639e-01
2,0,6,2,3,13,19,2.333614320e-04,4.6054e-01,49.9945,5.516e-05,-6.278500167e-04,5.3010e-01
2,0,7,2,3,17,23,2.623830455e-04,4.0669e-01,49.9994,5.937e-06,+9.707488990e-05,9.2267e-01
2,0,8,2,3,19,29,4.240818284e-04,1.7990e-01,50.0104,1.040e-04,-8.676145108e-04,3.8561e-01
2,0,9,2,3,23,31,2.815708220e-04,3.7325e-01,50.0053,5.342e-05,+6.201500357e-04,5.3516e-01
2,0,10,2,3,29,37,4.186874786e-04,1.8550e-01,50.0010,9.925e-06,+7.852263889e-04,4.3232e-01
2,0,11,2,3,31,41,8.599969117e-05,7.8566e-01,49.9979,2.059e-05,-2.275385349e-04,8.2001e-01
2,0,12,2,3,37,43,3.269114633e-04,3.0124e-01,49.9954,4.596e-05,+2.417278165e-03,1.5637e-02
2,0,13,2,3,41,47,3.648220921e-05,9.0815e-01,49.9922,7.790e-05,-1.502922557e-05,9.8801e-01
2,0,14,2,3,43,53,7.657149209e-05,8.0867e-01,50.0007,7.213e-06,-7.936368183e-04,4.2741e-01
2,0,15,2,3,47,59,1.587295940e-04,6.1570e-01,49.9999,1.362e-06,-1.214614687e-03,2.2451e-01
2,0,16,2,3,53,61,2.933938486e-04,3.5352e-01,50.0007,6.650e-06,+1.004085079e-03,3.1534e-01
2,0,17,2,3,59,67,5.431946061e-04,8.5845e-02,50.0204,2.043e-04,+4.825851394e-04,6.2939e-01
2,0,18,2,3,61,71,2.555288069e-04,4.1906e-01,50.0057,5.675e-05,+1.044812400e-03,2.9611e-01
2,0,19,2,3,67,73,2.107257512e-04,5.0517e-01,50.0063,6.316e-05,-7.970036988e-04,4.2545e-01
2,1,2,3,5,5,7,4.388416896e-05,8.8963e-01,50.0061,6.129e-05,-1.951585821e-04,8.4527e-01
2,1,3,3,5,7,11,1.176322781e-06,9.9703e-01,50.0017,1.749e-05,+1.253983955e-03,2.0985e-01
2,1,4,3,5,8,13,3.591288681e-04,2.5610e-01,50.0057,5.679e-05,-1.758571955e-03,7.8650e-02
2,1,5,3,5,11,17,2.420589688e-04,4.4400e-01,49.9941,5.855e-05,+9.027046445e-05,9.2807e-01
2,1,6,3,5,13,19,2.525999141e-04,4.2441e-01,49.9986,1.361e-05,+4.205576942e-04,6.7408e-01
2,1,7,3,5,17,23,4.080994705e-04,1.9687e-01,50.0014,1.386e-05,-2.866840305e-04,7.7435e-01
2,1,8,3,5,19,29,2.104152306e-04,5.0580e-01,50.0109,1.092e-04,+7.982767672e-04,4.2471e-01
2,1,9,3,5,23,31,7.818445035e-05,8.0472e-01,50.0051,5.080e-05,-2.141615446e-05,9.8291e-01
2,1,10,3,5,29,37,6.361146230e-06,9.8395e-01,49.9966,3.435e-05,-6.502663995e-04,5.1552e-01
2,1,11,3,5,31,41,4.437094526e-04,1.6058e-01,50.0019,1.864e-05,-8.769350328e-04,3.8052e-01
2,1,12,3,5,37,43,1.450966646e-04,6.4635e-01,50.0056,5.591e-05,+8.118933205e-04,4.1685e-01
2,1,13,3,5,41,47,2.677660812e-04,3.9713e-01,49.9992,8.350e-06,+1.463878730e-05,9.8832e-01
2,1,14,3,5,43,53,1.781632081e-04,5.7316e-01,49.9997,2.813e-06,-1.197820776e-03,2.3099e-01
2,1,15,3,5,47,59,4.350655570e-04,1.6888e-01,49.9996,3.538e-06,-3.356431114e-03,7.8955e-04
2,1,16,3,5,53,61,1.994540865e-04,5.2822e-01,49.9951,4.940e-05,-1.093156122e-03,2.7433e-01
2,1,17,3,5,59,67,6.001204922e-04,5.7729e-02,50.0093,9.281e-05,+4.784034027e-04,6.3236e-01
2,1,18,3,5,61,71,2.437461860e-04,4.4083e-01,50.0121,1.212e-04,-9.946934404e-04,3.1989e-01
2,1,19,3,5,67,73,1.700094056e-04,5.9084e-01,50.0061,6.136e-05,+2.233115200e-03,2.5541e-02
2,2,3,5,7,7,11,2.218475671e-04,4.8296e-01,50.0045,4.467e-05,+8.332859370e-05,9.3359e-01
2,2,4,5,7,8,13,4.229516559e-04,1.8106e-01,49.9921,7.925e-05,-6.757899123e-04,4.9917e-01
2,2,5,5,7,11,17,2.984057623e-04,3.4535e-01,49.9963,3.721e-05,-1.835513509e-03,6.6430e-02
2,2,6,5,7,13,19,4.028070603e-04,2.0274e-01,50.0046,4.647e-05,-3.638136935e-04,7.1600e-01
2,2,7,5,7,17,23,2.342765184e-04,4.5879e-01,50.0021,2.090e-05,+2.124487383e-03,3.3629e-02
2,2,8,5,7,19,29,9.189472213e-04,3.6612e-03,50.0068,6.823e-05,+7.026344667e-05,9.4398e-01
2,2,9,5,7,23,31,4.450911297e-04,1.5928e-01,49.9965,3.474e-05,-2.441675125e-04,8.0710e-01
2,2,10,5,7,29,37,1.127674493e-03,3.6244e-04,50.0092,9.184e-05,+2.924171147e-04,7.6997e-01
2,2,11,5,7,31,41,1.121992183e-04,7.2274e-01,50.0082,8.202e-05,+2.377181954e-03,1.7445e-02
2,2,12,5,7,37,43,1.108359908e-04,7.2597e-01,49.9920,7.990e-05,-6.173102184e-04,5.3703e-01
2,2,13,5,7,41,47,1.431923686e-04,6.5068e-01,50.0036,3.641e-05,+1.012157552e-03,3.1146e-01
2,2,14,5,7,43,53,4.719871839e-05,8.8135e-01,49.9980,1.992e-05,+3.757578274e-05,9.7003e-01
2,2,15,5,7,47,59,1.126760944e-04,7.2161e-01,50.0025,2.493e-05,-2.164872261e-04,8.2861e-01
2,2,16,5,7,53,61,1.665215946e-04,5.9848e-01,50.0006,6.212e-06,-5.736640573e-04,5.6620e-01
2,2,17,5,7,59,67,1.376712581e-04,6.6330e-01,50.0055,5.495e-05,-9.995621627e-05,9.2038e-01
2,2,18,5,7,61,71,1.394826378e-04,6.5915e-01,49.9964,3.631e-05,+2.094355859e-03,3.6228e-02
2,2,19,5,7,67,73,2.368266515e-04,4.5391e-01,49.9940,6.048e-05,+1.755455673e-03,7.9181e-02
2,3,4,7,11,8,13,5.845083974e-04,6.4548e-02,50.0091,9.077e-05,+5.243474154e-04,6.0004e-01
2,3,5,7,11,11,17,6.443434165e-04,4.1591e-02,50.0102,1.020e-04,-2.131272388e-04,8.3123e-01
2,3,6,7,11,13,19,2.689088060e-04,3.9512e-01,49.9994,5.600e-06,+1.179288780e-03,2.3828e-01
2,3,7,7,11,17,23,3.692466778e-04,2.4294e-01,50.0061,6.118e-05,+1.414368603e-04,8.8752e-01
2,3,8,7,11,19,29,1.007699409e-04,7.4998e-01,50.0043,4.332e-05,-4.745147433e-04,6.3513e-01
2,3,9,7,11,23,31,4.167014093e-04,1.8760e-01,50.0015,1.541e-05,-1.824273033e-03,6.8111e-02
2,3,10,7,11,29,37,5.513363522e-04,8.1250e-02,50.0122,1.220e-04,-5.890747901e-05,9.5303e-01
2,3,11,7,11,31,41,3.475923025e-04,2.7169e-01,50.0061,6.063e-05,+4.898542810e-05,9.6093e-01
2,3,12,7,11,37,43,2.706707257e-04,3.9203e-01,50.0021,2.108e-05,-5.143027990e-04,6.0704e-01
2,3,13,7,11,41,47,7.025633879e-04,2.6304e-02,49.9858,1.420e-04,+5.469899678e-04,5.8439e-01
2,3,14,7,11,43,53,3.923090612e-04,2.1476e-01,49.9954,4.593e-05,+8.571675075e-04,3.9135e-01
2,3,15,7,11,47,59,3.130892799e-04,3.2214e-01,49.9978,2.232e-05,-2.975296872e-04,7.6606e-01
2,3,16,7,11,53,61,9.318897426e-04,3.2098e-03,50.0063,6.331e-05,-1.764659708e-03,7.7621e-02
2,3,17,7,11,59,67,3.586978484e-05,9.0969e-01,50.0027,2.720e-05,-6.483115152e-04,5.1678e-01
2,3,18,7,11,61,71,4.412893914e-04,1.6287e-01,49.9982,1.821e-05,+7.571377569e-04,4.4897e-01
2,3,19,7,11,67,73,2.800762434e-04,3.7579e-01,49.9966,3.435e-05,-3.917023476e-04,6.9528e-01
2,4,5,8,13,11,17,3.647518179e-05,9.0817e-01,50.0075,7.511e-05,-1.425964113e-03,1.5388e-01
2,4,6,8,13,13,19,6.870285970e-04,2.9812e-02,49.9889,1.114e-04,-1.346683170e-04,8.9287e-01
2,4,7,8,13,17,23,1.483265336e-04,6.3903e-01,49.9960,4.035e-05,-6.964695474e-04,4.8613e-01
2,4,8,8,13,19,29,5.634748479e-04,7.4771e-02,50.0084,8.430e-05,+2.446469700e-04,8.0673e-01
2,4,9,8,13,23,31,6.175836512e-04,5.0823e-02,50.0004,4.312e-06,-3.123463829e-04,7.5478e-01
2,4,10,8,13,29,37,4.627634784e-04,1.4336e-01,50.0029,2.854e-05,-3.813390646e-04,7.0295e-01
2,4,11,8,13,31,41,5.468144977e-05,8.6272e-01,50.0035,3.548e-05,-1.267896543e-03,2.0483e-01
2,4,12,8,13,37,43,3.953747530e-04,2.1120e-01,49.9942,5.848e-05,-1.248854328e-04,9.0061e-01
2,4,13,8,13,41,47,1.177545274e-04,7.0962e-01,49.9969,3.141e-05,+5.341789034e-04,5.9322e-01
2,4,14,8,13,43,53,2.044934117e-04,5.1785e-01,49.9980,1.973e-05,+1.243065080e-03,2.1384e-01
2,4,15,8,13,47,59,1.209538731e-04,7.0210e-01,50.0062,6.220e-05,+4.025181183e-04,6.8730e-01
2,4,16,8,13,53,61,4.127905131e-04,1.9177e-01,49.9953,4.654e-05,-6.141517468e-05,9.5103e-01
2,4,17,8,13,59,67,3.183966862e-05,9.1980e-01,49.9991,9.375e-06,+9.278965179e-04,3.5346e-01
2,4,18,8,13,61,71,2.760195082e-04,3.8274e-01,50.0003,2.512e-06,-9.983613601e-04,3.1810e-01
2,4,19,8,13,67,73,2.575904271e-05,9.3508e-01,49.9937,6.330e-05,+6.634830924e-04,5.0702e-01
2,5,6,11,17,13,19,3.119932030e-04,3.2383e-01,49.9943,5.724e-05,+3.732566787e-04,7.0896e-01
2,5,7,11,17,17,23,7.717038334e-04,1.4673e-02,50.0007,7.263e-06,-1.719662980e-04,8.6346e-01
2,5,8,11,17,19,29,3.772047256e-05,9.0505e-01,49.9985,1.466e-05,-1.035445543e-03,3.0046e-01
2,5,9,11,17,23,31,3.416826106e-04,2.7992e-01,50.0028,2.800e-05,+4.307675050e-04,6.6664e-01
2,5,10,11,17,29,37,4.097330873e-05,8.9691e-01,50.0005,4.575e-06,-1.250992293e-03,2.1094e-01
2,5,11,11,17,31,41,3.430830580e-04,2.7796e-01,50.0060,5.961e-05,-9.349121761e-04,3.4983e-01
2,5,12,11,17,37,43,4.718660783e-05,8.8138e-01,49.9997,2.863e-06,+1.068571881e-03,2.8526e-01
2,5,13,11,17,41,47,4.959652196e-05,8.7537e-01,50.0115,1.150e-04,+1.554215777e-03,1.2013e-01
2,5,14,11,17,43,53,2.273008449e-04,4.7227e-01,50.0032,3.196e-05,-2.936462660e-04,7.6903e-01
2,5,15,11,17,47,59,1.395003095e-06,9.9648e-01,49.9936,6.414e-05,-7.491924303e-04,4.5374e-01
2,5,16,11,17,53,61,5.894129945e-04,6.2337e-02,49.9877,1.226e-04,+5.108826429e-04,6.0943e-01
2,5,17,11,17,59,67,3.054201897e-04,3.3413e-01,49.9997,2.813e-06,+5.690168377e-04,5.6934e-01
2,5,18,11,17,61,71,2.876823524e-04,3.6296e-01,49.9921,7.852e-05,-1.718577327e-03,8.5691e-02
2,5,19,11,17,67,73,5.775468324e-05,8.5508e-01,50.0043,4.271e-05,-2.134029726e-04,8.3101e-01
2,6,7,13,19,17,23,3.833233769e-04,2.2545e-01,50.0082,8.165e-05,-5.346749150e-04,5.9287e-01
2,6,8,13,19,19,29,1.133328460e-04,7.2005e-01,50.0131,1.306e-04,+2.919527323e-04,7.7032e-01
2,6,9,13,19,23,31,7.225679339e-04,2.2315e-02,50.0038,3.834e-05,-1.073543874e-03,2.8303e-01
2,6,10,13,19,29,37,6.812638668e-05,8.2943e-01,49.9959,4.126e-05,-4.158121326e-04,6.7755e-01
2,6,11,13,19,31,41,1.706986776e-04,5.8934e-01,49.9955,4.508e-05,+2.359249220e-03,1.8312e-02
2,6,12,13,19,37,43,2.433459215e-04,4.4158e-01,49.9953,4.683e-05,+8.959004924e-04,3.7031e-01
2,6,13,13,19,41,47,1.245800794e-04,6.9361e-01,50.0034,3.354e-05,-9.439913861e-04,3.4517e-01
2,6,14,13,19,43,53,4.633900204e-04,1.4282e-01,49.9947,5.265e-05,-1.216364792e-03,2.2385e-01
2,6,15,13,19,47,59,8.053522671e-05,7.9897e-01,50.0066,6.570e-05,-2.468043096e-04,8.0506e-01
2,6,16,13,19,53,61,2.385679675e-04,4.5060e-01,50.0101,1.014e-04,-9.445250787e-04,3.4490e-01
2,6,17,13,19,59,67,1.995228552e-05,9.4969e-01,49.9899,1.015e-04,-6.322044531e-04,5.2725e-01
2,6,18,13,19,61,71,7.293005501e-04,2.1097e-02,49.9956,4.436e-05,+7.654929545e-04,4.4398e-01
2,6,19,13,19,67,73,2.373116238e-04,4.5299e-01,49.9983,1.705e-05,+6.697954712e-04,5.0299e-01
2,7,8,17,23,19,29,3.582808568e-04,2.5722e-01,49.9999,1.400e-06,+1.058405709e-03,2.8987e-01
2,7,9,17,23,23,31,7.513980414e-05,8.1218e-01,49.9988,1.201e-05,-1.532456504e-03,1.2541e-01
2,7,10,17,23,29,37,7.537378394e-05,8.1161e-01,49.9991,9.062e-06,-6.664700729e-04,5.0511e-01
2,7,11,17,23,31,41,3.728366070e-04,2.3839e-01,50.0003,3.450e-06,+1.053000275e-03,2.9234e-01
2,7,12,17,23,37,43,1.013755362e-04,7.4853e-01,49.9954,4.587e-05,+2.481352723e-04,8.0403e-01
2,7,13,17,23,41,47,8.581437172e-06,9.7835e-01,49.9961,3.924e-05,+8.250748932e-04,4.0933e-01
2,7,14,17,23,43,53,1.762131874e-05,9.5556e-01,50.0056,5.632e-05,-8.080493232e-04,4.1906e-01
2,7,15,17,23,47,59,1.534759012e-04,6.2744e-01,50.0093,9.345e-05,-4.276514236e-04,6.6890e-01
2,7,16,17,23,53,61,1.041269079e-05,9.7373e-01,49.9984,1.594e-05,-8.081731738e-04,4.1899e-01
2,7,17,17,23,59,67,4.480392806e-05,8.8733e-01,49.9948,5.215e-05,+1.156699706e-03,2.4740e-01
2,7,18,17,23,61,71,6.408630805e-05,8.3940e-01,50.0019,1.871e-05,+3.583822427e-04,7.2006e-01
2,7,19,17,23,67,73,1.381725453e-04,6.6215e-01,49.9950,5.010e-05,+8.412280438e-04,4.0022e-01
2,8,9,19,29,23,31,2.078340557e-04,5.1103e-01,49.9947,5.329e-05,+1.031646878e-04,9.1783e-01
2,8,10,19,29,29,37,6.673968054e-05,8.3285e-01,50.0084,8.396e-05,+5.047911069e-04,6.1371e-01
2,8,11,19,29,31,41,1.976254113e-04,5.3201e-01,49.9973,2.742e-05,+1.458515556e-03,1.4470e-01
2,8,12,19,29,37,43,3.111374655e-04,3.2516e-01,50.0049,4.920e-05,-1.013422275e-03,3.1086e-01
2,8,13,19,29,41,47,2.316679703e-04,4.6380e-01,50.0085,8.454e-05,-2.034994494e-04,8.3874e-01
2,8,14,19,29,43,53,6.472028256e-04,4.0694e-02,49.9920,7.960e-05,-7.508348159e-04,4.5275e-01
2,8,15,19,29,47,59,4.814439681e-04,1.2789e-01,50.0086,8.637e-05,+2.912747620e-04,7.7084e-01
2,8,16,19,29,53,61,6.335487638e-05,8.4121e-01,49.9945,5.471e-05,-1.050116424e-03,2.9366e-01
2,8,17,19,29,59,67,5.864797175e-04,6.3652e-02,49.9944,5.632e-05,-1.081142445e-04,9.1391e-01
2,8,18,19,29,61,71,1.149772842e-05,9.7100e-01,50.0070,7.021e-05,-5.269342328e-04,5.9824e-01
2,8,19,19,29,67,73,3.539980894e-04,2.6295e-01,50.0043,4.265e-05,+2.746195356e-04,7.8361e-01
2,9,10,23,31,29,37,7.257639790e-04,2.1729e-02,50.0112,1.119e-04,-6.016287595e-04,5.4742e-01
2,9,11,23,31,31,41,6.013809032e-05,8.4917e-01,49.9928,7.169e-05,+3.727480591e-04,7.0934e-01
2,9,12,23,31,37,43,1.140572919e-04,7.1834e-01,50.0070,7.019e-05,-1.593242333e-03,1.1111e-01
2,9,13,23,31,41,47,3.283160110e-06,9.9172e-01,50.0029,2.915e-05,-5.584627836e-04,5.7653e-01
2,9,14,23,31,43,53,1.718772771e-04,5.8677e-01,50.0013,1.309e-05,+1.620486977e-04,8.7127e-01
2,9,15,23,31,47,59,2.267704925e-04,4.7331e-01,49.9960,3.999e-05,-1.184767575e-03,2.3611e-01
2,9,16,23,31,53,61,1.807875458e-04,5.6752e-01,50.0062,6.242e-05,-8.482359163e-04,3.9631e-01
2,9,17,23,31,59,67,1.170069028e-04,7.1138e-01,50.0000,4.375e-07,+8.835059439e-04,3.7696e-01
2,9,18,23,31,61,71,8.965998564e-05,7.7677e-01,50.0080,8.027e-05,+8.003517046e-04,4.2351e-01
2,9,19,23,31,67,73,3.495360349e-04,2.6902e-01,49.9978,2.231e-05,+1.082243037e-03,2.7914e-01
2,10,11,29,37,31,41,2.551168028e-04,4.1981e-01,50.0029,2.864e-05,+1.188725376e-04,9.0538e-01
2,10,12,29,37,37,43,7.484364773e-04,1.7944e-02,49.9958,4.196e-05,-5.148711910e-04,6.0664e-01
2,10,13,29,37,41,47,4.823992639e-05,8.7875e-01,50.0087,8.703e-05,-3.057316892e-04,7.5981e-01
2,10,14,29,37,43,53,6.135099756e-04,5.2369e-02,50.0047,4.684e-05,-7.444984946e-04,4.5657e-01
2,10,15,29,37,47,59,2.392087643e-04,4.4938e-01,49.9985,1.481e-05,+6.068341281e-04,5.4396e-01
2,10,16,29,37,53,61,1.970106717e-04,5.3328e-01,50.0002,1.900e-06,+5.834051259e-04,5.5962e-01
2,10,17,29,37,59,67,1.571972627e-04,6.1912e-01,49.9983,1.734e-05,+6.099527819e-04,5.4189e-01
2,10,18,29,37,61,71,6.331539680e-05,8.4131e-01,49.9940,6.000e-05,-5.416979689e-04,5.8803e-01
2,10,19,29,37,67,73,5.439038509e-04,8.5437e-02,49.9996,3.963e-06,-6.672870621e-04,5.0459e-01
2,11,12,31,41,37,43,2.612453861e-04,4.0873e-01,49.9953,4.688e-05,-2.791428195e-05,9.7773e-01
2,11,13,31,41,41,47,7.360034023e-05,8.1596e-01,49.9925,7.491e-05,-1.595812664e-03,1.1053e-01
2,11,14,31,41,43,53,3.154908560e-05,9.2053e-01,50.0027,2.738e-05,-4.214677200e-05,9.6638e-01
2,11,15,31,41,47,59,1.391006618e-04,6.6003e-01,50.0062,6.248e-05,-3.315956593e-04,7.4019e-01
2,11,16,31,41,53,61,1.036699621e-04,7.4304e-01,49.9911,8.934e-05,-7.467292797e-04,4.5523e-01
2,11,17,31,41,59,67,5.566006126e-06,9.8596e-01,50.0008,7.925e-06,+1.031985730e-03,3.0208e-01
2,11,18,31,41,61,71,3.997834595e-05,8.9940e-01,49.9977,2.329e-05,+1.233767777e-04,9.0181e-01
2,11,19,31,41,67,73,5.410142270e-05,8.6416e-01,49.9919,8.070e-05,+2.831501685e-04,7.7706e-01
2,12,13,37,43,41,47,1.358943112e-04,6.6739e-01,49.9930,6.964e-05,-2.439534169e-04,8.0727e-01
2,12,14,37,43,43,53,1.451719173e-04,6.4618e-01,49.9938,6.157e-05,+6.642757430e-04,5.0651e-01
2,12,15,37,43,47,59,2.702822534e-05,9.3189e-01,50.0021,2.095e-05,-3.015737962e-04,7.6298e-01
2,12,16,37,43,53,61,4.312370148e-04,1.7266e-01,50.0081,8.114e-05,+7.926173047e-04,4.2800e-01
2,12,17,37,43,59,67,1.223739827e-04,6.9877e-01,50.0004,4.200e-06,-3.891393984e-04,6.9717e-01
2,12,18,37,43,61,71,4.682813157e-04,1.3865e-01,49.9936,6.441e-05,+3.655692340e-04,7.1469e-01
2,12,19,37,43,67,73,2.741350962e-04,3.8600e-01,50.0045,4.547e-05,+1.626259317e-05,9.8702e-01
2,13,14,41,47,43,53,2.232866215e-04,4.8013e-01,49.9918,8.231e-05,+2.545814966e-03,1.0902e-02
2,13,15,41,47,47,59,2.944660795e-04,3.5176e-01,49.9996,3.887e-06,+2.003528397e-03,4.5121e-02
2,13,16,41,47,53,61,3.371408800e-04,2.8636e-01,49.9971,2.873e-05,+5.652286427e-04,5.7192e-01
2,13,17,41,47,59,67,2.090987638e-04,5.0847e-01,49.9984,1.609e-05,-1.099530262e-03,2.7154e-01
2,13,18,41,47,61,71,2.983154895e-04,3.4550e-01,50.0060,6.043e-05,+9.588630669e-04,3.3763e-01
2,13,19,41,47,67,73,9.082617097e-05,7.7395e-01,49.9969,3.111e-05,+1.550524262e-03,1.2102e-01
2,14,15,43,53,47,59,5.125279686e-05,8.7125e-01,49.9920,7.965e-05,-1.137266750e-03,2.5543e-01
2,14,16,43,53,53,61,5.321938747e-04,9.2386e-02,50.0056,5.616e-05,+6.269791922e-04,5.3067e-01
2,14,17,43,53,59,67,4.620576038e-05,8.8383e-01,49.9960,4.002e-05,+1.207718534e-03,2.2716e-01
2,14,18,43,53,61,71,1.604366018e-04,6.1191e-01,49.9994,5.912e-06,-9.010020514e-04,3.6759e-01
2,14,19,43,53,67,73,3.919249070e-04,2.1521e-01,50.0096,9.613e-05,+2.060482200e-04,8.3675e-01
2,15,16,47,59,53,61,1.141291084e-04,7.1817e-01,49.9990,1.036e-05,-1.196504592e-03,2.3150e-01
2,15,17,47,59,59,67,2.269269909e-04,4.7300e-01,50.0042,4.242e-05,-1.384317150e-03,1.6626e-01
2,15,18,47,59,61,71,5.721139675e-04,7.0423e-02,50.0006,6.338e-06,-1.408505071e-03,1.5898e-01
2,15,19,47,59,67,73,1.304965195e-04,6.7985e-01,49.9994,6.025e-06,+2.260479271e-03,2.3792e-02
2,16,17,53,61,59,67,5.013383653e-04,1.1288e-01,50.0095,9.509e-05,+1.098101357e-03,2.7216e-01
2,16,18,53,61,61,71,7.799487693e-05,8.0519e-01,50.0005,5.225e-06,+9.102135976e-04,3.6271e-01
2,16,19,53,61,67,73,7.891006428e-05,8.0295e-01,49.9980,1.964e-05,-1.598661442e-03,1.0990e-01
2,17,18,59,67,61,71,2.828011426e-04,3.7116e-01,50.0052,5.191e-05,+6.199477143e-04,5.3529e-01
2,17,19,59,67,67,73,3.306727234e-04,2.9571e-01,49.9943,5.745e-05,-1.950818520e-04,8.4533e-01
2,18,19,61,71,67,73,2.195967087e-04,4.8742e-01,50.0022,2.239e-05,+1.228784949e-03,2.1915e-01
3,0,1,2,3,3,5,1.408640740e-04,6.5599e-01,49.9965,3.538e-05,+8.348145220e-04,4.0382e-01
3,0,2,2,3,5,7,8.781043389e-05,7.8126e-01,50.0009,9.238e-06,+9.943150685e-05,9.2080e-01
3,0,3,2,3,7,11,1.877856505e-05,9.5265e-01,49.9915,8.477e-05,+8.600915232e-04,3.8974e-01
3,0,4,2,3,8,13,1.658597117e-04,5.9993e-01,49.9957,4.336e-05,-7.925242411e-04,4.2806e-01
3,0,5,2,3,11,17,8.829509781e-05,7.8008e-01,50.0037,3.669e-05,-4.796491946e-04,6.3148e-01
3,0,6,2,3,13,19,4.920058822e-04,1.1974e-01,50.0007,6.800e-06,+4.730758756e-04,6.3616e-01
3,0,7,2,3,17,23,2.576445092e-04,4.1522e-01,49.9869,1.307e-04,-2.228667822e-04,8.2364e-01
3,0,8,2,3,19,29,2.735482799e-04,3.8702e-01,50.0038,3.849e-05,-6.430861949e-04,5.2017e-01
3,0,9,2,3,23,31,7.422188723e-04,1.8920e-02,49.9881,1.188e-04,-3.515105364e-04,7.2521e-01
3,0,10,2,3,29,37,2.737024068e-04,3.8675e-01,50.0017,1.700e-05,-5.441210269e-04,5.8636e-01
3,0,11,2,3,31,41,1.930481603e-04,5.4155e-01,50.0050,4.990e-05,+2.555514548e-04,7.9830e-01
3,0,12,2,3,37,43,3.521611948e-04,2.6544e-01,50.0004,4.075e-06,-1.106774922e-04,9.1187e-01
3,0,13,2,3,41,47,1.882487226e-05,9.5253e-01,50.0008,8.087e-06,+1.882766813e-03,5.9732e-02
3,0,14,2,3,43,53,4.156207885e-04,1.8874e-01,50.0033,3.297e-05,+1.458313627e-03,1.4475e-01
3,0,15,2,3,47,59,3.063848478e-05,9.2282e-01,49.9961,3.912e-05,-2.174871970e-04,8.2783e-01
3,0,16,2,3,53,61,2.791842586e-04,3.7731e-01,49.9999,9.500e-07,+1.292815697e-04,8.9713e-01
3,0,17,2,3,59,67,2.974252033e-05,9.2507e-01,50.0060,5.965e-05,-1.919598819e-04,8.4777e-01
3,0,18,2,3,61,71,6.682884169e-04,3.4574e-02,49.9901,9.935e-05,+1.282525545e-05,9.8977e-01
3,0,19,2,3,67,73,4.485362665e-04,1.5608e-01,50.0038,3.820e-05,-4.935933077e-05,9.6063e-01
3,1,2,3,5,5,7,3.991445444e-05,8.9956e-01,49.9960,3.959e-05,+4.458469764e-04,6.5571e-01
3,1,3,3,5,7,11,6.444495590e-04,4.1557e-02,50.0034,3.388e-05,-1.045920496e-03,2.9560e-01
3,1,4,3,5,8,13,3.527234996e-04,2.6467e-01,50.0011,1.079e-05,-1.220652721e-04,9.0285e-01
3,1,5,3,5,11,17,1.368853518e-04,6.6511e-01,49.9911,8.876e-05,-3.754050241e-04,7.0736e-01
3,1,6,3,5,13,19,6.293641239e-05,8.4225e-01,50.0094,9.413e-05,+1.567157382e-03,1.1708e-01
3,1,7,3,5,17,23,2.757923783e-04,3.8314e-01,50.0061,6.056e-05,-1.400650950e-03,1.6132e-01
3,1,8,3,5,19,29,1.485175158e-04,6.3860e-01,50.0053,5.299e-05,+1.747617957e-03,8.0530e-02
3,1,9,3,5,23,31,1.417508359e-04,6.5397e-01,49.9970,2.955e-05,+6.173481864e-04,5.3701e-01
3,1,10,3,5,29,37,2.350666076e-04,4.5727e-01,49.9910,9.000e-05,+7.565359724e-04,4.4933e-01
3,1,11,3,5,31,41,2.087754703e-04,5.0912e-01,49.9921,7.920e-05,+6.767446293e-04,4.9857e-01
3,1,12,3,5,37,43,2.152231627e-04,4.9613e-01,49.9996,3.850e-06,-1.212920552e-03,2.2516e-01
3,1,13,3,5,41,47,3.091798353e-05,9.2211e-01,49.9948,5.176e-05,+7.219904280e-04,4.7030e-01
3,1,14,3,5,43,53,1.058110991e-04,7.3792e-01,49.9995,5.300e-06,-1.363412895e-03,1.7275e-01
3,1,15,3,5,47,59,2.694540305e-04,3.9416e-01,50.0011,1.072e-05,+1.706154611e-03,8.7979e-02
3,1,16,3,5,53,61,5.916859212e-05,8.5158e-01,49.9996,3.975e-06,-7.056651781e-04,4.8040e-01
3,1,17,3,5,59,67,4.527168410e-04,1.5225e-01,50.0026,2.605e-05,+6.135957469e-04,5.3948e-01
3,1,18,3,5,61,71,9.415981239e-05,7.6589e-01,49.9960,3.988e-05,+7.758607789e-04,4.3783e-01
3,1,19,3,5,67,73,3.812767906e-04,2.2793e-01,50.0082,8.208e-05,+1.338114764e-03,1.8086e-01
3,2,3,5,7,7,11,2.664361353e-04,3.9948e-01,49.9945,5.499e-05,-1.709613949e-03,8.7337e-02
3,2,4,5,7,8,13,3.114126288e-05,9.2155e-01,50.0004,3.850e-06,-7.633940328e-04,4.4523e-01
3,2,5,5,7,11,17,1.064535425e-04,7.3639e-01,49.9955,4.492e-05,-1.200081300e-04,9.0448e-01
3,2,6,5,7,13,19,2.454694677e-04,4.3761e-01,49.9979,2.119e-05,-1.010612575e-03,3.1220e-01
3,2,7,5,7,17,23,3.870174372e-04,2.2101e-01,50.0036,3.562e-05,-3.499129859e-04,7.2640e-01
3,2,8,5,7,19,29,6.940428266e-04,2.8181e-02,49.9994,5.600e-06,-9.255941516e-04,3.5466e-01
3,2,9,5,7,23,31,2.060164584e-04,5.1474e-01,50.0016,1.634e-05,+1.219968193e-03,2.2248e-01
3,2,10,5,7,29,37,5.324871733e-05,8.6628e-01,50.0030,2.956e-05,+2.306760292e-05,9.8160e-01
3,2,11,5,7,31,41,5.072226244e-05,8.7257e-01,49.9996,4.387e-06,+9.390064787e-04,3.4773e-01
3,2,12,5,7,37,43,3.434097501e-04,2.7750e-01,50.0024,2.446e-05,-1.073910828e-03,2.8286e-01
3,2,13,5,7,41,47,3.605855060e-04,2.5417e-01,49.9991,8.725e-06,-3.241104133e-04,7.4585e-01
3,2,14,5,7,43,53,6.470630766e-04,4.0737e-02,49.9944,5.554e-05,+1.108429586e-04,9.1174e-01
3,2,15,5,7,47,59,5.664175448e-04,7.3266e-02,50.0025,2.471e-05,-1.906414642e-03,5.6596e-02
3,2,16,5,7,53,61,5.574969446e-04,7.7907e-02,49.9988,1.239e-05,+3.094926443e-04,7.5695e-01
3,2,17,5,7,59,67,2.330974441e-04,4.6105e-01,50.0023,2.344e-05,+9.209183352e-04,3.5709e-01
3,2,18,5,7,61,71,3.446295593e-04,2.7579e-01,50.0084,8.356e-05,+2.683054326e-04,7.8846e-01
3,2,19,5,7,67,73,2.412641413e-05,9.3918e-01,50.0028,2.799e-05,+5.843415742e-04,5.5899e-01
3,3,4,7,11,8,13,2.810275379e-04,3.7417e-01,49.9945,5.471e-05,-2.869535885e-04,7.7415e-01
3,3,5,7,11,11,17,5.616168155e-04,7.5735e-02,50.0065,6.459e-05,+9.224626340e-04,3.5629e-01
3,3,6,7,11,13,19,3.157928680e-04,3.1798e-01,50.0002,2.100e-06,+3.313418998e-04,7.4039e-01
3,3,7,7,11,17,23,4.191609116e-04,1.8500e-01,50.0082,8.189e-05,-9.292564652e-04,3.5276e-01
3,3,8,7,11,19,29,6.321250405e-05,8.4156e-01,49.9985,1.529e-05,+3.193321048e-04,7.4947e-01
3,3,9,7,11,23,31,4.051922245e-04,2.0008e-01,49.9954,4.575e-05,-4.064988728e-04,6.8438e-01
3,3,10,7,11,29,37,3.459002433e-05,9.1290e-01,50.0061,6.147e-05,-4.985836040e-04,6.1807e-01
3,3,11,7,11,31,41,8.938042410e-05,7.7745e-01,50.0020,2.002e-05,-1.471766491e-03,1.4108e-01
3,3,12,7,11,37,43,1.847169315e-04,5.5914e-01,49.9978,2.160e-05,+1.251998916e-04,9.0037e-01
3,3,13,7,11,41,47,5.888701075e-04,6.2579e-02,50.0127,1.270e-04,+1.853215598e-04,8.5298e-01
3,3,14,7,11,43,53,3.199022709e-04,3.1172e-01,50.0044,4.415e-05,+8.413880891e-05,9.3295e-01
3,3,15,7,11,47,59,5.376530566e-05,8.6499e-01,49.9974,2.583e-05,+1.643425592e-03,1.0029e-01
3,3,16,7,11,53,61,1.155942536e-04,7.1471e-01,49.9968,3.245e-05,+4.733080347e-04,6.3599e-01
3,3,17,7,11,59,67,3.602520200e-04,2.5461e-01,49.9944,5.583e-05,+3.979275266e-05,9.6826e-01
3,3,18,7,11,61,71,4.854458206e-04,1.2476e-01,50.0018,1.835e-05,+4.210590228e-04,6.7371e-01
3,3,19,7,11,67,73,1.330053174e-04,6.7405e-01,50.0017,1.657e-05,-2.499838051e-04,8.0260e-01
3,4,5,8,13,11,17,5.157703799e-04,1.0289e-01,49.9975,2.530e-05,-1.849164381e-03,6.4434e-02
3,4,6,8,13,13,19,3.768521710e-05,9.0514e-01,49.9913,8.734e-05,+5.088201893e-04,6.1088e-01
3,4,7,8,13,17,23,3.219458733e-04,3.0864e-01,50.0009,8.850e-06,-5.915516780e-04,5.5415e-01
3,4,8,8,13,19,29,4.068145180e-05,8.9764e-01,49.9995,4.775e-06,-1.197264715e-04,9.0470e-01
3,4,9,8,13,23,31,7.798266663e-04,1.3662e-02,49.9974,2.561e-05,-3.147471101e-04,7.5295e-01
3,4,10,8,13,29,37,9.308948034e-06,9.7652e-01,50.0052,5.219e-05,+3.292693759e-04,7.4195e-01
3,4,11,8,13,31,41,3.097343307e-04,3.2735e-01,49.9983,1.664e-05,+5.877283923e-04,5.5671e-01
3,4,12,8,13,37,43,3.432703322e-04,2.7769e-01,50.0061,6.069e-05,-3.034113768e-04,7.6158e-01
3,4,13,8,13,41,47,6.231503901e-04,4.8773e-02,49.9951,4.945e-05,+4.813179570e-05,9.6161e-01
3,4,14,8,13,43,53,1.330980707e-04,6.7383e-01,49.9917,8.296e-05,+1.379818564e-03,1.6764e-01
3,4,15,8,13,47,59,2.624992084e-05,9.3384e-01,50.0038,3.761e-05,+1.411168845e-03,1.5819e-01
3,4,16,8,13,53,61,4.285326019e-04,1.7537e-01,49.9938,6.176e-05,+1.965268169e-03,4.9383e-02
3,4,17,8,13,59,67,1.302489105e-04,6.8043e-01,49.9931,6.924e-05,-1.800690573e-03,7.1752e-02
3,4,18,8,13,61,71,4.305282845e-04,1.7337e-01,49.9975,2.484e-05,-1.769084044e-03,7.6880e-02
3,4,19,8,13,67,73,1.526894419e-04,6.2920e-01,49.9991,9.163e-06,-1.041739383e-03,2.9753e-01
3,5,6,11,17,13,19,2.916153256e-07,9.9926e-01,49.9986,1.431e-05,-9.209602507e-04,3.5707e-01
3,5,7,11,17,17,23,2.482277320e-04,4.3247e-01,50.0006,6.100e-06,+1.080847737e-03,2.7976e-01
3,5,8,11,17,19,29,1.613199760e-04,6.0995e-01,50.0090,9.017e-05,-7.915899352e-04,4.2860e-01
3,5,9,11,17,23,31,2.508841377e-04,4.2757e-01,50.0082,8.199e-05,+8.120702874e-04,4.1675e-01
3,5,10,11,17,29,37,2.401468479e-06,9.9394e-01,50.0063,6.261e-05,-8.866580846e-04,3.7526e-01
3,5,11,11,17,31,41,9.542024803e-05,7.6285e-01,50.0067,6.701e-05,-1.593214789e-04,8.7342e-01
3,5,12,11,17,37,43,3.345189838e-04,2.9013e-01,50.0019,1.864e-05,-2.451804887e-04,8.0632e-01
3,5,13,11,17,41,47,1.941709396e-04,5.3920e-01,50.0013,1.312e-05,-9.922619228e-04,3.2107e-01
3,5,14,11,17,43,53,1.284700506e-04,6.8455e-01,49.9992,7.862e-06,+5.839759144e-04,5.5924e-01
3,5,15,11,17,47,59,8.342177160e-05,7.9193e-01,49.9925,7.459e-05,+1.093547413e-03,2.7415e-01
3,5,16,11,17,53,61,3.481737524e-04,2.7089e-01,49.9963,3.729e-05,-9.095342970e-04,3.6307e-01
3,5,17,11,17,59,67,2.092607995e-04,5.0814e-01,50.0025,2.469e-05,-6.835791501e-04,4.9424e-01
3,5,18,11,17,61,71,2.833453287e-04,3.7024e-01,50.0081,8.056e-05,-7.808676214e-05,9.3776e-01
3,5,19,11,17,67,73,1.000657995e-04,7.5167e-01,49.9993,6.638e-06,-6.993784350e-04,4.8432e-01
3,6,7,13,19,17,23,2.525326088e-04,4.2454e-01,49.9991,8.887e-06,-1.465018535e-03,1.4292e-01
3,6,8,13,19,19,29,3.856905294e-05,9.0293e-01,49.9972,2.809e-05,-4.854244300e-04,6.2738e-01
3,6,9,13,19,23,31,9.509091595e-05,7.6364e-01,49.9990,1.042e-05,-2.198373279e-04,8.2600e-01
3,6,10,13,19,29,37,1.180405419e-04,7.0894e-01,49.9871,1.295e-04,-1.313690619e-03,1.8895e-01
3,6,11,13,19,31,41,7.641433658e-05,8.0906e-01,49.9982,1.775e-05,-1.887252217e-03,5.9126e-02
3,6,12,13,19,37,43,1.918137502e-04,5.4414e-01,50.0052,5.200e-05,+2.921934967e-04,7.7014e-01
3,6,13,13,19,41,47,6.347455437e-05,8.4091e-01,50.0019,1.909e-05,-3.326194687e-04,7.3942e-01
3,6,14,13,19,43,53,2.836338474e-04,3.6976e-01,49.9980,1.975e-05,+1.113814323e-03,2.6536e-01
3,6,15,13,19,47,59,3.254283255e-04,3.0344e-01,50.0101,1.009e-04,-4.365035052e-04,6.6247e-01
3,6,16,13,19,53,61,2.140876402e-04,4.9840e-01,50.0097,9.733e-05,+1.019833125e-04,9.1877e-01
3,6,17,13,19,59,67,3.815104063e-04,2.2765e-01,50.0024,2.365e-05,+2.617772634e-04,7.9349e-01
3,6,18,13,19,61,71,7.443200904e-06,9.8122e-01,50.0101,1.008e-04,-7.116949664e-04,4.7665e-01
3,6,19,13,19,67,73,2.409809523e-04,4.4603e-01,49.9985,1.510e-05,-1.093703194e-03,2.7409e-01
3,7,8,17,23,19,29,2.522663894e-04,4.2502e-01,49.9888,1.122e-04,+1.020384117e-03,3.0755e-01
3,7,9,17,23,23,31,2.354458477e-04,4.5655e-01,50.0042,4.169e-05,-5.790377992e-04,5.6256e-01
3,7,10,17,23,29,37,1.501889155e-04,6.3483e-01,50.0037,3.731e-05,+5.076808113e-04,6.1168e-01
3,7,11,17,23,31,41,8.910976147e-05,7.7810e-01,49.9934,6.629e-05,+6.066949097e-04,5.4405e-01
3,7,12,17,23,37,43,1.826954936e-04,5.6344e-01,49.9960,3.969e-05,+1.756415129e-03,7.9018e-02
3,7,13,17,23,41,47,1.199101180e-04,7.0455e-01,49.9888,1.121e-04,+2.063876585e-04,8.3649e-01
3,7,14,17,23,43,53,3.001083641e-05,9.2439e-01,49.9964,3.609e-05,+1.354510768e-03,1.7557e-01
3,7,15,17,23,47,59,5.519950389e-04,8.0887e-02,50.0027,2.694e-05,+3.765452982e-04,7.0651e-01
3,7,16,17,23,53,61,1.333066410e-04,6.7335e-01,49.9958,4.151e-05,+2.221903361e-04,8.2417e-01
3,7,17,17,23,59,67,6.636251894e-04,3.5855e-02,50.0062,6.191e-05,-1.046784364e-03,2.9520e-01
3,7,18,17,23,61,71,3.470829788e-04,2.7239e-01,49.9883,1.167e-04,+1.027959288e-04,9.1812e-01
3,7,19,17,23,67,73,2.550366203e-05,9.3572e-01,50.0028,2.764e-05,+2.945277381e-04,7.6835e-01
3,8,9,19,29,23,31,3.169931075e-04,3.1614e-01,49.9968,3.221e-05,+3.412218197e-04,7.3294e-01
3,8,10,19,29,29,37,4.101327872e-04,1.9465e-01,49.9994,6.338e-06,-1.658177637e-03,9.7282e-02
3,8,11,19,29,31,41,2.597439801e-04,4.1143e-01,50.0083,8.309e-05,-4.382942997e-05,9.6504e-01
3,8,12,19,29,37,43,1.429290781e-04,6.5128e-01,49.9974,2.639e-05,+4.398654667e-04,6.6003e-01
3,8,13,19,29,41,47,7.266767458e-04,2.1564e-02,49.9934,6.633e-05,-1.974580435e-04,8.4347e-01
3,8,14,19,29,43,53,2.768456738e-04,3.8132e-01,50.0060,5.954e-05,-3.203464175e-04,7.4871e-01
3,8,15,19,29,47,59,4.463999221e-04,1.5806e-01,49.9865,1.347e-04,-1.548655890e-04,8.7693e-01
3,8,16,19,29,53,61,8.722451340e-05,7.8268e-01,49.9938,6.176e-05,-7.906984459e-04,4.2912e-01
3,8,17,19,29,59,67,2.691433587e-04,3.9471e-01,49.9927,7.294e-05,+2.176959234e-03,2.9484e-02
3,8,18,19,29,61,71,4.048242929e-04,2.0049e-01,49.9952,4.826e-05,-1.139050371e-04,9.0931e-01
3,8,19,19,29,67,73,2.581440554e-04,4.1432e-01,50.0034,3.364e-05,-1.016088918e-03,3.0959e-01
3,9,10,23,31,29,37,4.862229019e-04,1.2415e-01,49.9988,1.198e-05,-3.805446842e-04,7.0354e-01
3,9,11,23,31,31,41,3.586310497e-04,2.5676e-01,50.0027,2.718e-05,+1.778267266e-04,8.5886e-01
3,9,12,23,31,37,43,3.148866087e-04,3.1937e-01,49.9988,1.193e-05,-3.238099105e-04,7.4608e-01
3,9,13,23,31,41,47,3.377496813e-04,2.8549e-01,49.9902,9.821e-05,-2.980384361e-04,7.6567e-01
3,9,14,23,31,43,53,2.329297183e-04,4.6137e-01,50.0072,7.220e-05,-1.880615246e-04,8.5083e-01
3,9,15,23,31,47,59,1.820018859e-04,5.6493e-01,50.0057,5.692e-05,-1.541758737e-03,1.2313e-01
3,9,16,23,31,53,61,3.958151855e-04,2.1069e-01,50.0060,5.995e-05,-1.548033213e-05,9.8765e-01
3,9,17,23,31,59,67,5.752045040e-04,6.8918e-02,49.9986,1.422e-05,-1.084747955e-03,2.7803e-01
3,9,18,23,31,61,71,5.750875124e-05,8.5569e-01,49.9961,3.880e-05,-7.521907432e-04,4.5194e-01
3,9,19,23,31,67,73,2.230187119e-04,4.8066e-01,49.9998,1.950e-06,-1.085017360e-03,2.7791e-01
3,10,11,29,37,31,41,3.405375463e-04,2.8154e-01,49.9996,3.625e-06,+4.636243523e-04,6.4292e-01
3,10,12,29,37,37,43,4.120563280e-04,1.9256e-01,50.0020,1.988e-05,-7.967258884e-04,4.2561e-01
3,10,13,29,37,41,47,1.300469207e-04,6.8089e-01,49.9985,1.526e-05,+9.321448325e-04,3.5126e-01
3,10,14,29,37,43,53,4.252402570e-04,1.7871e-01,50.0031,3.120e-05,-4.607278105e-04,6.4499e-01
3,10,15,29,37,47,59,1.001000955e-05,9.7475e-01,50.0016,1.628e-05,-1.418351006e-03,1.5609e-01
3,10,16,29,37,53,61,3.398373184e-07,9.9914e-01,50.0001,5.750e-07,-1.367018507e-03,1.7162e-01
3,10,17,29,37,59,67,2.694039846e-05,9.3211e-01,49.9990,9.500e-06,-4.905836905e-04,6.2372e-01
3,10,18,29,37,61,71,2.013218969e-04,5.2436e-01,50.0118,1.179e-04,-2.424221153e-04,8.0845e-01
3,10,19,29,37,67,73,4.692533693e-06,9.8816e-01,50.0055,5.522e-05,+8.731321537e-04,3.8259e-01
3,11,12,31,41,37,43,3.621824006e-04,2.5208e-01,50.0155,1.552e-04,+8.402867930e-04,4.0075e-01
3,11,13,31,41,41,47,7.076017281e-05,8.2294e-01,50.0033,3.301e-05,+7.746021092e-04,4.3857e-01
3,11,14,31,41,43,53,3.467205109e-04,2.7289e-01,49.9967,3.330e-05,+3.021242870e-04,7.6256e-01
3,11,15,31,41,47,59,3.083723177e-04,3.2948e-01,50.0006,6.175e-06,+4.206626688e-04,6.7400e-01
3,11,16,31,41,53,61,3.553052005e-05,9.1054e-01,50.0016,1.555e-05,+8.405695140e-04,4.0059e-01
3,11,17,31,41,59,67,6.828946805e-05,8.2903e-01,50.0063,6.325e-05,-4.357728002e-04,6.6300e-01
3,11,18,31,41,61,71,5.824582824e-04,6.5491e-02,49.9920,7.968e-05,-9.229385285e-04,3.5604e-01
3,11,19,31,41,67,73,3.236926153e-04,3.0602e-01,49.9968,3.192e-05,+1.499240945e-03,1.3381e-01
3,12,13,37,43,41,47,4.300226503e-04,1.7388e-01,49.9914,8.641e-05,-7.660436677e-05,9.3894e-01
3,12,14,37,43,43,53,1.120517255e-04,7.2309e-01,49.9987,1.258e-05,-6.527121376e-04,5.1394e-01
3,12,15,37,43,47,59,7.453983473e-05,8.1365e-01,50.0019,1.937e-05,+4.788643057e-05,9.6181e-01
3,12,16,37,43,53,61,5.402405994e-05,8.6435e-01,49.9958,4.215e-05,+4.934368822e-04,6.2170e-01
3,12,17,37,43,59,67,1.166026306e-04,7.1233e-01,50.0006,5.775e-06,-1.641937678e-04,8.6958e-01
3,12,18,37,43,61,71,3.170220797e-04,3.1610e-01,49.9854,1.462e-04,+2.345681894e-04,8.1454e-01
3,12,19,37,43,67,73,1.724052073e-04,5.8562e-01,50.0030,2.983e-05,-4.282636421e-05,9.6584e-01
3,13,14,41,47,43,53,2.516332932e-04,4.2619e-01,50.0042,4.194e-05,-1.397450762e-03,1.6228e-01
3,13,15,41,47,47,59,4.563212058e-04,1.4902e-01,49.9982,1.784e-05,-7.564484471e-04,4.4938e-01
3,13,16,41,47,53,61,5.351733385e-04,9.0576e-02,49.9946,5.434e-05,+7.935770717e-04,4.2744e-01
3,13,17,41,47,59,67,2.603866060e-04,4.1027e-01,49.9995,5.262e-06,+2.843224807e-04,7.7616e-01
3,13,18,41,47,61,71,5.886026638e-04,6.2698e-02,50.0030,3.034e-05,-7.389097682e-04,4.5996e-01
3,13,19,41,47,67,73,4.535299852e-04,1.5152e-01,50.0022,2.204e-05,-1.355603282e-03,1.7523e-01
3,14,15,43,53,47,59,1.240604944e-04,6.9483e-01,49.9930,7.022e-05,-1.134698566e-03,2.5650e-01
3,14,16,43,53,53,61,3.415184853e-04,2.8015e-01,50.0018,1.787e-05,+8.925145173e-05,9.2888e-01
3,14,17,43,53,59,67,3.783034497e-04,2.3158e-01,49.9917,8.265e-05,-7.805729469e-04,4.3505e-01
3,14,18,43,53,61,71,6.150277206e-04,5.1788e-02,50.0003,3.375e-06,-4.731596437e-05,9.6226e-01
3,14,19,43,53,67,73,2.495916657e-04,4.2995e-01,49.9987,1.348e-05,-5.067389247e-04,6.1234e-01
3,15,16,47,59,53,61,3.332180086e-04,2.9201e-01,49.9993,6.675e-06,+6.655235817e-04,5.0572e-01
3,15,17,47,59,59,67,1.401798974e-04,6.5756e-01,50.0027,2.682e-05,+1.793523777e-03,7.2889e-02
3,15,18,47,59,61,71,1.560524750e-04,6.2167e-01,50.0034,3.385e-05,+1.128382823e-03,2.5916e-01
3,15,19,47,59,67,73,5.564898284e-05,8.6031e-01,49.9927,7.303e-05,-1.119074392e-03,2.6311e-01
3,16,17,53,61,59,67,1.603503552e-04,6.1210e-01,50.0041,4.123e-05,-1.511654252e-04,8.7985e-01
3,16,18,53,61,61,71,1.416764121e-04,6.5414e-01,50.0016,1.620e-05,+8.056525007e-04,4.2044e-01
3,16,19,53,61,67,73,1.791660702e-05,9.5482e-01,49.9995,5.275e-06,-2.345947713e-03,1.8979e-02
3,17,18,59,67,61,71,1.073463272e-04,7.3426e-01,49.9943,5.710e-05,-1.745020654e-04,8.6147e-01
3,17,19,59,67,67,73,5.754362958e-04,6.8806e-02,50.0073,7.293e-05,-3.608750646e-04,7.1819e-01
3,18,19,61,71,67,73,1.030975539e-04,7.4441e-01,49.9973,2.675e-05,-1.220200683e-03,2.2239e-01
4,0,1,2,3,3,5,1.056090574e-04,7.3841e-01,50.0091,9.061e-05,-4.993098904e-04,6.1756e-01
4,0,2,2,3,5,7,3.884686247e-05,9.0223e-01,50.0032,3.201e-05,-9.094020143e-05,9.2754e-01
4,0,3,2,3,7,11,5.492001545e-04,8.2436e-02,49.9991,8.512e-06,-1.747795325e-03,8.0499e-02
4,0,4,2,3,8,13,8.428868490e-05,7.8982e-01,50.0024,2.373e-05,-6.058559261e-04,5.4461e-01
4,0,5,2,3,11,17,4.876748681e-05,8.7744e-01,49.9891,1.085e-04,-8.390876313e-04,4.0142e-01
4,0,6,2,3,13,19,6.703476655e-04,3.4021e-02,50.0090,8.984e-05,+8.926167025e-04,3.7206e-01
4,0,7,2,3,17,23,1.765457982e-04,5.7665e-01,50.0026,2.644e-05,+1.042846220e-03,2.9702e-01
4,0,8,2,3,19,29,3.031223605e-04,3.3778e-01,49.9916,8.372e-05,-1.127362432e-03,2.5959e-01
4,0,9,2,3,23,31,1.733965073e-04,5.8347e-01,49.9931,6.884e-05,-2.943591081e-03,3.2443e-03
4,0,10,2,3,29,37,8.642988352e-05,7.8461e-01,49.9973,2.740e-05,+4.417137448e-04,6.5870e-01
4,0,11,2,3,31,41,2.898793250e-04,3.5931e-01,49.9925,7.491e-05,-9.233046982e-04,3.5585e-01
4,0,12,2,3,37,43,3.215344005e-04,3.0926e-01,50.0017,1.654e-05,+1.474016782e-03,1.4048e-01
4,0,13,2,3,41,47,3.333249729e-04,2.9185e-01,49.9908,9.178e-05,+8.353229569e-04,4.0354e-01
4,0,14,2,3,43,53,1.044111976e-04,7.4127e-01,50.0057,5.711e-05,-1.010332068e-03,3.1234e-01
4,0,15,2,3,47,59,3.409237581e-05,9.1415e-01,49.9974,2.589e-05,-1.478293682e-03,1.3933e-01
4,0,16,2,3,53,61,3.660501250e-04,2.4705e-01,49.9995,5.313e-06,-1.177015589e-04,9.0630e-01
4,0,17,2,3,59,67,2.372994513e-05,9.4018e-01,50.0072,7.234e-05,+8.547975464e-04,3.9266e-01
4,0,18,2,3,61,71,4.647604936e-04,1.4164e-01,49.9911,8.907e-05,+7.231426107e-05,9.4235e-01
4,0,19,2,3,67,73,5.149195570e-04,1.0346e-01,49.9938,6.159e-05,-8.132691174e-04,4.1606e-01
4,1,2,3,5,5,7,5.593594054e-04,7.6919e-02,50.0007,7.375e-06,-1.869833322e-03,6.1507e-02
4,1,3,3,5,7,11,2.499454162e-04,4.2930e-01,49.9987,1.300e-05,+5.456384138e-05,9.5649e-01
4,1,4,3,5,8,13,1.116149189e-04,7.2412e-01,49.9994,6.188e-06,+1.463705058e-03,1.4327e-01
4,1,5,3,5,11,17,4.203180525e-04,1.8379e-01,50.0048,4.793e-05,-2.718454254e-04,7.8574e-01
4,1,6,3,5,13,19,3.600667219e-04,2.5486e-01,49.9898,1.022e-04,+8.099535619e-04,4.1797e-01
4,1,7,3,5,17,23,7.490875371e-04,1.7845e-02,49.9961,3.892e-05,-1.892985198e-03,5.8360e-02
4,1,8,3,5,19,29,1.106025239e-04,7.2652e-01,50.0006,5.513e-06,+1.026502730e-03,3.0465e-01
4,1,9,3,5,23,31,1.151690487e-04,7.1571e-01,49.9986,1.395e-05,+4.426515144e-04,6.5802e-01
4,1,10,3,5,29,37,1.780516324e-06,9.9551e-01,49.9997,2.962e-06,+1.788743720e-03,7.3656e-02
4,1,11,3,5,31,41,2.811949078e-05,9.2914e-01,49.9940,6.003e-05,+1.008836881e-03,3.1305e-01
4,1,12,3,5,37,43,2.454936612e-04,4.3756e-01,50.0033,3.340e-05,+3.586747736e-05,9.7139e-01
4,1,13,3,5,41,47,2.612044080e-04,4.0880e-01,50.0041,4.084e-05,+1.915659941e-04,8.4808e-01
4,1,14,3,5,43,53,2.784947076e-05,9.2982e-01,49.9990,1.010e-05,-3.842839046e-04,7.0077e-01
4,1,15,3,5,47,59,2.911437850e-04,3.5722e-01,50.0029,2.857e-05,-5.872301833e-04,5.5705e-01
4,1,16,3,5,53,61,7.510138501e-05,8.1228e-01,50.0036,3.595e-05,+4.347639974e-04,6.6373e-01
4,1,17,3,5,59,67,5.439239183e-04,8.5425e-02,49.9894,1.064e-04,+8.426855507e-04,3.9940e-01
4,1,18,3,5,61,71,3.138710356e-04,3.2093e-01,49.9950,5.049e-05,+2.286454611e-04,8.1914e-01
4,1,19,3,5,67,73,4.889610453e-04,1.2205e-01,50.0165,1.647e-04,+4.030255984e-04,6.8693e-01
4,2,3,5,7,7,11,2.643164206e-05,9.3339e-01,49.9953,4.705e-05,+1.014633984e-03,3.1028e-01
4,2,4,5,7,8,13,2.172151536e-04,4.9215e-01,49.9989,1.076e-05,+9.462950394e-04,3.4400e-01
4,2,5,5,7,11,17,1.312360293e-04,6.7814e-01,50.0057,5.665e-05,+5.242444099e-04,6.0011e-01
4,2,6,5,7,13,19,4.122775414e-04,1.9232e-01,50.0093,9.320e-05,+4.656659553e-04,6.4145e-01
4,2,7,5,7,17,23,4.512604272e-04,1.5358e-01,50.0082,8.248e-05,-7.047682538e-04,4.8095e-01
4,2,8,5,7,19,29,7.187762281e-04,2.3028e-02,49.9838,1.616e-04,+9.758904477e-04,3.2912e-01
4,2,9,5,7,23,31,5.280528307e-05,8.6738e-01,50.0059,5.945e-05,-6.166908098e-04,5.3744e-01
4,2,10,5,7,29,37,1.668942003e-04,5.9766e-01,50.0082,8.196e-05,+1.021019903e-03,3.0725e-01
4,2,11,5,7,31,41,3.293239108e-04,2.9768e-01,50.0122,1.224e-04,-6.430602306e-05,9.4873e-01
4,2,12,5,7,37,43,3.442112053e-05,9.1332e-01,49.9878,1.219e-04,-7.092689596e-04,4.7816e-01
4,2,13,5,7,41,47,2.730848753e-04,3.8782e-01,49.9926,7.391e-05,-5.675758221e-04,5.7032e-01
4,2,14,5,7,43,53,2.162287930e-04,4.9412e-01,49.9951,4.895e-05,+1.658392686e-03,9.7238e-02
4,2,15,5,7,47,59,4.625211102e-04,1.4357e-01,49.9982,1.773e-05,-2.030150981e-04,8.3912e-01
4,2,16,5,7,53,61,2.572265170e-04,4.1598e-01,50.0019,1.907e-05,+1.623055834e-04,8.7107e-01
4,2,17,5,7,59,67,1.474641866e-04,6.4098e-01,50.0026,2.555e-05,-2.700928073e-05,9.7845e-01
4,2,18,5,7,61,71,3.372788921e-05,9.1506e-01,49.9969,3.124e-05,-1.433129516e-04,8.8604e-01
4,2,19,5,7,67,73,4.694384416e-04,1.3768e-01,50.0013,1.328e-05,-1.861248919e-03,6.2709e-02
4,3,4,7,11,8,13,1.427686185e-04,6.5165e-01,50.0026,2.571e-05,+3.270639089e-04,7.4362e-01
4,3,5,7,11,11,17,3.110818109e-04,3.2525e-01,49.9908,9.163e-05,+1.715691625e-03,8.6218e-02
4,3,6,7,11,13,19,3.864186765e-05,9.0274e-01,49.9931,6.913e-05,+5.221389613e-05,9.5836e-01
4,3,7,7,11,17,23,2.313429200e-05,9.4168e-01,50.0009,8.650e-06,+2.931360249e-04,7.6942e-01
4,3,8,7,11,19,29,2.424104713e-04,4.4334e-01,49.9954,4.579e-05,-8.399583804e-05,9.3306e-01
4,3,9,7,11,23,31,4.302963384e-04,1.7360e-01,50.0114,1.140e-04,+1.201671357e-03,2.2949e-01
4,3,10,7,11,29,37,1.596857146e-04,6.1358e-01,50.0167,1.675e-04,+1.043551602e-03,2.9669e-01
4,3,11,7,11,31,41,2.416665328e-04,4.4474e-01,49.9972,2.832e-05,+1.400577092e-06,9.9888e-01
4,3,12,7,11,37,43,1.016500093e-04,7.4787e-01,49.9983,1.743e-05,-3.935159234e-04,6.9394e-01
4,3,13,7,11,41,47,9.066714670e-04,4.1419e-03,50.0069,6.921e-05,+1.814910871e-05,9.8552e-01
4,3,14,7,11,43,53,3.611652561e-04,2.5341e-01,50.0072,7.173e-05,-2.329183148e-04,8.1582e-01
4,3,15,7,11,47,59,2.133113288e-04,4.9996e-01,50.0055,5.540e-05,-7.904772490e-05,9.3699e-01
4,3,16,7,11,53,61,7.085348111e-05,8.2271e-01,49.9972,2.835e-05,-2.238173562e-03,2.5210e-02
4,3,17,7,11,59,67,4.356455646e-04,1.6832e-01,49.9994,5.800e-06,+7.038940235e-04,4.8150e-01
4,3,18,7,11,61,71,1.610142932e-04,6.1063e-01,50.0065,6.504e-05,-3.430414511e-03,6.0266e-04
4,3,19,7,11,67,73,2.918325736e-05,9.2647e-01,49.9884,1.155e-04,+1.696307084e-04,8.6530e-01
4,4,5,8,13,11,17,3.002249405e-05,9.2436e-01,49.9936,6.361e-05,+7.997762629e-05,9.3626e-01
4,4,6,8,13,13,19,2.550312338e-04,4.1997e-01,50.0065,6.516e-05,+3.426021358e-04,7.3190e-01
4,4,7,8,13,17,23,5.909190017e-05,8.5177e-01,50.0011,1.056e-05,+4.968608072e-04,6.1929e-01
4,4,8,8,13,19,29,2.257413958e-04,4.7532e-01,50.0084,8.440e-05,+3.886597781e-04,6.9753e-01
4,4,9,8,13,23,31,3.062131848e-04,3.3288e-01,50.0010,1.016e-05,-6.920005895e-04,4.8894e-01
4,4,10,8,13,29,37,4.514759958e-05,8.8647e-01,50.0015,1.465e-05,+7.611693166e-04,4.4656e-01
4,4,11,8,13,31,41,4.527424239e-05,8.8616e-01,49.9948,5.214e-05,-1.496406668e-05,9.8806e-01
4,4,12,8,13,37,43,1.313788313e-04,6.7781e-01,49.9994,5.712e-06,-1.206542814e-04,9.0396e-01
4,4,13,8,13,41,47,3.136688752e-04,3.2124e-01,49.9955,4.542e-05,+6.392855573e-04,5.2264e-01
4,4,14,8,13,43,53,1.456511022e-04,6.4509e-01,50.0070,7.046e-05,+4.835500313e-04,6.2871e-01
4,4,15,8,13,47,59,1.962096058e-04,5.3495e-01,49.9960,4.026e-05,+4.438604704e-04,6.5714e-01
4,4,16,8,13,53,61,2.550363521e-04,4.1996e-01,50.0033,3.271e-05,-2.080793168e-03,3.7453e-02
4,4,17,8,13,59,67,7.506133487e-05,8.1237e-01,49.9977,2.314e-05,+2.167208726e-04,8.2843e-01
4,4,18,8,13,61,71,1.639480182e-04,6.0414e-01,50.0002,2.425e-06,+1.573995521e-03,1.1549e-01
4,4,19,8,13,67,73,7.058870139e-05,8.2336e-01,50.0029,2.914e-05,+1.631753504e-03,1.0273e-01
4,5,6,11,17,13,19,3.249687103e-04,3.0412e-01,50.0022,2.218e-05,+3.768475896e-04,7.0629e-01
4,5,7,11,17,17,23,2.248907871e-04,4.7698e-01,50.0092,9.200e-05,+1.531563999e-03,1.2563e-01
4,5,8,11,17,19,29,3.860969102e-05,9.0282e-01,49.9988,1.224e-05,+2.158670047e-04,8.2909e-01
4,5,9,11,17,23,31,2.012661683e-04,5.2448e-01,49.9963,3.650e-05,+8.049669904e-04,4.2084e-01
4,5,10,11,17,29,37,4.096391188e-04,1.9518e-01,50.0073,7.331e-05,-1.422573519e-03,1.5486e-01
4,5,11,11,17,31,41,5.210104419e-04,9.9439e-02,49.9996,3.975e-06,-3.935667413e-04,6.9390e-01
4,5,12,11,17,37,43,5.435649535e-05,8.6352e-01,49.9959,4.080e-05,-2.083490159e-04,8.3496e-01
4,5,13,11,17,41,47,3.894136716e-04,2.1816e-01,50.0019,1.869e-05,-1.231956157e-03,2.1797e-01
4,5,14,11,17,43,53,3.000185029e-04,3.4275e-01,49.9954,4.580e-05,+2.479978623e-04,8.0414e-01
4,5,15,11,17,47,59,9.305652693e-05,7.6855e-01,49.9875,1.252e-04,+1.279002154e-03,2.0090e-01
4,5,16,11,17,53,61,2.763113413e-04,3.8224e-01,49.9948,5.190e-05,-1.288236350e-03,1.9766e-01
4,5,17,11,17,59,67,1.512077608e-04,6.3254e-01,50.0035,3.450e-05,+3.893740099e-05,9.6894e-01
4,5,18,11,17,61,71,6.416656082e-04,4.2446e-02,50.0032,3.226e-05,-1.608757934e-04,8.7219e-01
4,5,19,11,17,67,73,3.324866707e-05,9.1626e-01,49.9971,2.857e-05,+5.200347040e-04,6.0304e-01
4,6,7,13,19,17,23,8.471928236e-05,7.8877e-01,49.9936,6.353e-05,-1.363989849e-04,8.9151e-01
4,6,8,13,19,19,29,3.720909064e-04,2.3933e-01,50.0042,4.156e-05,+6.618517449e-05,9.4723e-01
4,6,9,13,19,23,31,1.272824961e-04,6.8731e-01,49.9994,5.900e-06,-8.927094982e-04,3.7201e-01
4,6,10,13,19,29,37,2.479456900e-04,4.3300e-01,50.0106,1.060e-04,-1.351691202e-03,1.7647e-01
4,6,11,13,19,31,41,1.366362362e-04,6.6568e-01,50.0018,1.768e-05,-4.818505065e-04,6.2991e-01
4,6,12,13,19,37,43,2.321050111e-04,4.6296e-01,49.9977,2.342e-05,-6.310733396e-04,5.2799e-01
4,6,13,13,19,41,47,1.601094735e-04,6.1264e-01,50.0097,9.739e-05,-5.175150150e-04,6.0480e-01
4,6,14,13,19,43,53,4.053343416e-04,1.9992e-01,50.0014,1.400e-05,+1.593930651e-04,8.7336e-01
4,6,15,13,19,47,59,6.868957339e-06,9.8267e-01,49.9992,8.475e-06,+7.119186841e-04,4.7652e-01
4,6,16,13,19,53,61,2.586977116e-04,4.1331e-01,50.0046,4.635e-05,-1.584935794e-04,8.7407e-01
4,6,17,13,19,59,67,4.516955612e-04,1.5318e-01,49.9910,8.970e-05,-1.186747464e-03,2.3533e-01
4,6,18,13,19,61,71,1.093736161e-04,7.2944e-01,49.9959,4.076e-05,-2.531708910e-04,8.0014e-01
4,6,19,13,19,67,73,3.434230069e-04,2.7748e-01,50.0051,5.093e-05,-5.655611327e-05,9.5490e-01
4,7,8,17,23,19,29,3.648804371e-04,2.4856e-01,50.0032,3.214e-05,+9.549881713e-04,3.3958e-01
4,7,9,17,23,23,31,3.449105515e-05,9.1315e-01,49.9954,4.578e-05,+1.296241131e-03,1.9489e-01
4,7,10,17,23,29,37,1.379158259e-04,6.6274e-01,50.0089,8.874e-05,-1.696342762e-03,8.9821e-02
4,7,11,17,23,31,41,5.657514360e-04,7.3605e-02,49.9995,4.975e-06,+1.528938835e-03,1.2628e-01
4,7,12,17,23,37,43,4.551143331e-04,1.5009e-01,50.0023,2.275e-05,+7.535260148e-04,4.5113e-01
4,7,13,17,23,41,47,2.489853543e-04,4.3107e-01,49.9996,3.937e-06,-6.974649127e-04,4.8551e-01
4,7,14,17,23,43,53,4.891734337e-04,1.2189e-01,50.0003,3.125e-06,-1.848310826e-03,6.4557e-02
4,7,15,17,23,47,59,5.290687443e-04,9.4315e-02,50.0044,4.403e-05,+1.202636941e-04,9.0427e-01
4,7,16,17,23,53,61,5.771974914e-06,9.8544e-01,49.9952,4.775e-05,+3.596078289e-04,7.1914e-01
4,7,17,17,23,59,67,6.151419633e-06,9.8448e-01,50.0004,4.425e-06,+8.498383964e-04,3.9541e-01
4,7,18,17,23,61,71,3.526098412e-04,2.6483e-01,49.9988,1.164e-05,-6.246707046e-04,5.3219e-01
4,7,19,17,23,67,73,4.283871539e-05,8.9224e-01,49.9944,5.558e-05,-1.065300662e-03,2.8674e-01
4,8,9,19,29,23,31,2.960261081e-05,9.2542e-01,49.9944,5.564e-05,+1.267684738e-03,2.0491e-01
4,8,10,19,29,29,37,2.143069284e-05,9.4597e-01,50.0064,6.352e-05,+1.879374142e-04,8.5093e-01
4,8,11,19,29,31,41,4.250184851e-04,1.7894e-01,49.9890,1.097e-04,-1.155572618e-03,2.4786e-01
4,8,12,19,29,37,43,3.450325083e-05,9.1312e-01,49.9997,2.512e-06,+3.895190836e-04,6.9689e-01
4,8,13,19,29,41,47,4.162933577e-05,8.9527e-01,49.9976,2.403e-05,-3.185978859e-05,9.7458e-01
4,8,14,19,29,43,53,2.847072730e-04,3.6795e-01,49.9923,7.709e-05,-1.710422616e-04,8.6419e-01
4,8,15,19,29,47,59,5.489733341e-04,8.2563e-02,50.0018,1.839e-05,-4.278684072e-04,6.6875e-01
4,8,16,19,29,53,61,3.339633218e-04,2.9093e-01,50.0076,7.649e-05,-5.226081626e-05,9.5832e-01
4,8,17,19,29,59,67,2.483793288e-04,4.3219e-01,50.0093,9.336e-05,+1.034410640e-03,3.0094e-01
4,8,18,19,29,61,71,8.547072152e-05,7.8694e-01,49.9992,8.375e-06,+4.745393904e-04,6.3512e-01
4,8,19,19,29,67,73,2.109035555e-05,9.4683e-01,49.9926,7.419e-05,+1.411618490e-04,8.8774e-01
4,9,10,23,31,29,37,5.540194002e-04,7.9780e-02,49.9886,1.137e-04,+5.611953601e-04,5.7466e-01
4,9,11,23,31,31,41,1.723492028e-05,9.5654e-01,50.0049,4.932e-05,+1.946943087e-03,5.1542e-02
4,9,12,23,31,37,43,1.405740616e-04,6.5666e-01,50.0150,1.498e-04,-1.615820445e-03,1.0613e-01
4,9,13,23,31,41,47,3.760488372e-04,2.3437e-01,50.0099,9.871e-05,+8.922952506e-04,3.7223e-01
4,9,14,23,31,43,53,1.361471438e-04,6.6681e-01,49.9982,1.818e-05,-7.707860792e-04,4.4083e-01
4,9,15,23,31,47,59,8.719608347e-05,7.8275e-01,49.9962,3.755e-05,-1.612986277e-03,1.0675e-01
4,9,16,23,31,53,61,3.560715151e-04,2.6017e-01,49.9961,3.900e-05,+1.945199064e-05,9.8448e-01
4,9,17,23,31,59,67,1.718349208e-04,5.8686e-01,49.9871,1.291e-04,+6.217090870e-04,5.3413e-01
4,9,18,23,31,61,71,1.237813587e-04,6.9548e-01,50.0087,8.679e-05,+2.303345377e-04,8.1783e-01
4,9,19,23,31,67,73,1.562873215e-04,6.2115e-01,50.0037,3.700e-05,-4.796260218e-04,6.3149e-01
4,10,11,29,37,31,41,2.859166367e-04,3.6592e-01,49.9990,1.031e-05,+4.150964096e-05,9.6689e-01
4,10,12,29,37,37,43,5.923016531e-04,6.1065e-02,50.0036,3.559e-05,-7.023881972e-04,4.8244e-01
4,10,13,29,37,41,47,5.931244996e-04,6.0707e-02,50.0026,2.598e-05,+1.025494592e-03,3.0513e-01
4,10,14,29,37,43,53,3.136970173e-04,3.2120e-01,49.9903,9.731e-05,-1.378579716e-03,1.6802e-01
4,10,15,29,37,47,59,5.685726796e-05,8.5731e-01,50.0159,1.594e-04,-5.636259600e-04,5.7301e-01
4,10,16,29,37,53,61,5.119643725e-04,1.0545e-01,50.0021,2.054e-05,-8.840607948e-04,3.7666e-01
4,10,17,29,37,59,67,2.746934524e-04,3.8503e-01,50.0016,1.639e-05,+3.849960845e-04,7.0024e-01
4,10,18,29,37,61,71,1.250724823e-04,6.9246e-01,49.9996,3.825e-06,-3.604222771e-04,7.1853e-01
4,10,19,29,37,67,73,3.627866358e-04,2.5129e-01,49.9999,7.125e-07,+8.503526902e-04,3.9513e-01
4,11,12,31,41,37,43,1.977747451e-04,5.3170e-01,50.0022,2.157e-05,-2.167015234e-04,8.2844e-01
4,11,13,31,41,41,47,2.386261873e-04,4.5049e-01,49.9946,5.386e-05,-2.840832131e-04,7.7635e-01
4,11,14,31,41,43,53,2.850631773e-04,3.6735e-01,49.9971,2.902e-05,-1.103486089e-03,2.6982e-01
4,11,15,31,41,47,59,4.171337865e-04,1.8714e-01,50.0121,1.212e-04,-2.739182309e-03,6.1592e-03
4,11,16,31,41,53,61,3.403248580e-04,2.8184e-01,49.9824,1.756e-04,-1.600188599e-03,1.0956e-01
4,11,17,31,41,59,67,1.659002203e-05,9.5816e-01,50.0047,4.705e-05,+6.579389667e-04,5.1058e-01
4,11,18,31,41,61,71,2.145935278e-04,4.9739e-01,50.0042,4.171e-05,+7.225670957e-04,4.6995e-01
4,11,19,31,41,67,73,6.034650582e-04,5.6349e-02,49.9928,7.170e-05,+7.706981042e-04,4.4089e-01
4,12,13,37,43,41,47,1.175745922e-04,7.1004e-01,50.0014,1.359e-05,+1.190998991e-03,2.3365e-01
4,12,14,37,43,43,53,7.080200282e-04,2.5159e-02,50.0085,8.535e-05,+1.055815271e-03,2.9105e-01
4,12,15,37,43,47,59,1.801329728e-04,5.6893e-01,50.0039,3.940e-05,-1.128756035e-03,2.5900e-01
4,12,16,37,43,53,61,1.799842404e-04,5.6925e-01,50.0060,5.963e-05,-2.168262298e-03,3.0139e-02
4,12,17,37,43,59,67,5.115511358e-04,1.0573e-01,50.0020,1.990e-05,+4.084746211e-04,6.8293e-01
4,12,18,37,43,61,71,4.315513304e-04,1.7235e-01,49.9985,1.464e-05,+1.051155557e-03,2.9319e-01
4,12,19,37,43,67,73,2.755137104e-04,3.8362e-01,49.9953,4.725e-05,+1.225931193e-04,9.0243e-01
4,13,14,41,47,43,53,3.558271942e-04,2.6049e-01,49.9952,4.754e-05,-5.689218210e-04,5.6941e-01
4,13,15,41,47,47,59,2.330524603e-04,4.6114e-01,50.0000,4.625e-07,-2.058934208e-03,3.9501e-02
4,13,16,41,47,53,61,3.864381192e-04,2.2170e-01,50.0086,8.646e-05,-2.067194808e-05,9.8351e-01
4,13,17,41,47,59,67,3.639670916e-06,9.9082e-01,49.9950,4.979e-05,+8.196189735e-05,9.3468e-01
4,13,18,41,47,61,71,6.315331035e-04,4.5816e-02,50.0046,4.620e-05,+1.206717593e-04,9.0395e-01
4,13,19,41,47,67,73,1.015017953e-05,9.7439e-01,50.0069,6.921e-05,-1.451986406e-03,1.4651e-01
4,14,15,43,53,47,59,1.051156810e-04,7.3958e-01,49.9942,5.827e-05,-8.372297904e-04,4.0246e-01
4,14,16,43,53,53,61,4.139433692e-04,1.9053e-01,50.0079,7.865e-05,-4.018304082e-04,6.8781e-01
4,14,17,43,53,59,67,3.197774589e-04,3.1191e-01,49.9927,7.325e-05,-1.724304211e-04,8.6310e-01
4,14,18,43,53,61,71,3.649002557e-04,2.4853e-01,50.0061,6.116e-05,-2.534101330e-04,7.9995e-01
4,14,19,43,53,67,73,7.425586016e-04,1.8866e-02,49.9991,9.225e-06,+4.170011076e-04,6.7668e-01
4,15,16,47,59,53,61,2.409137427e-05,9.3927e-01,49.9997,2.850e-06,+3.855575221e-04,6.9982e-01
4,15,17,47,59,59,67,9.886691377e-05,7.5455e-01,49.9934,6.625e-05,+1.255039041e-03,2.0946e-01
4,15,18,47,59,61,71,3.911277998e-04,2.1614e-01,50.0002,1.588e-06,-2.642134085e-03,8.2385e-03
4,15,19,47,59,67,73,3.934552421e-06,9.9007e-01,49.9916,8.353e-05,-4.360793063e-04,6.6278e-01
4,16,17,53,61,59,67,4.353347969e-04,1.6862e-01,50.0035,3.480e-05,+1.659057264e-03,9.7104e-02
4,16,18,53,61,61,71,9.824471692e-05,7.5605e-01,49.9991,8.787e-06,+1.418839468e-03,1.5595e-01
4,16,19,53,61,67,73,2.558513020e-05,9.3552e-01,50.0075,7.543e-05,-1.050607389e-03,2.9344e-01
4,17,18,59,67,61,71,3.269927506e-04,3.0112e-01,50.0029,2.921e-05,+3.282172405e-04,7.4275e-01
4,17,19,59,67,67,73,2.933136490e-04,3.5365e-01,50.0046,4.560e-05,-5.965688620e-04,5.5080e-01
4,18,19,61,71,67,73,3.813724214e-05,9.0401e-01,49.9906,9.351e-05,+1.135806339e-03,2.5604e-01
5,0,1,2,3,3,5,2.075156206e-04,5.1168e-01,50.0002,1.825e-06,-3.502023911e-05,9.7206e-01
5,0,2,2,3,5,7,1.805761511e-04,5.6798e-01,49.9987,1.335e-05,+1.407599961e-03,1.5925e-01
5,0,3,2,3,7,11,4.254430411e-04,1.7851e-01,49.9897,1.027e-04,+8.511291843e-04,3.9470e-01
5,0,4,2,3,8,13,1.582418431e-05,9.6009e-01,50.0035,3.487e-05,-4.787948074e-04,6.3208e-01
5,0,5,2,3,11,17,8.742632236e-05,7.8219e-01,49.9977,2.280e-05,+8.850092731e-04,3.7615e-01
5,0,6,2,3,13,19,4.589647206e-04,1.4668e-01,50.0013,1.325e-05,-9.859753520e-04,3.2415e-01
5,0,7,2,3,17,23,3.057039413e-04,3.3368e-01,49.9969,3.091e-05,-1.842934446e-04,8.5378e-01
5,0,8,2,3,19,29,4.010959034e-04,2.0466e-01,50.0004,4.475e-06,+1.303785276e-03,1.9231e-01
5,0,9,2,3,23,31,3.594621012e-04,2.5566e-01,50.0039,3.930e-05,+4.573020619e-04,6.4745e-01
5,0,10,2,3,29,37,5.570011945e-04,7.8172e-02,49.9950,4.960e-05,-2.202248052e-04,8.2570e-01
5,0,11,2,3,31,41,2.668335547e-04,3.9878e-01,50.0018,1.787e-05,-4.019819631e-04,6.8770e-01
5,0,12,2,3,37,43,4.207782512e-04,1.8331e-01,50.0066,6.582e-05,-7.161161024e-05,9.4291e-01
5,0,13,2,3,41,47,1.520972294e-05,9.6164e-01,50.0036,3.568e-05,-2.483267149e-04,8.0388e-01
5,0,14,2,3,43,53,6.554865634e-05,8.3579e-01,50.0053,5.256e-05,-4.397695620e-04,6.6010e-01
5,0,15,2,3,47,59,5.839058188e-05,8.5351e-01,50.0078,7.778e-05,-1.217340053e-03,2.2347e-01
5,0,16,2,3,53,61,1.557978760e-04,6.2224e-01,50.0039,3.879e-05,+7.913716349e-05,9.3692e-01
5,0,17,2,3,59,67,2.799252281e-04,3.7605e-01,49.9989,1.144e-05,+1.225847763e-03,2.2026e-01
5,0,18,2,3,61,71,5.912024769e-06,9.8508e-01,50.0005,5.075e-06,-2.181800410e-04,8.2729e-01
5,0,19,2,3,67,73,1.321743983e-04,6.7597e-01,49.9949,5.071e-05,-5.350434387e-04,5.9262e-01
5,1,2,3,5,5,7,3.180133499e-04,3.1459e-01,49.9971,2.918e-05,-8.202758994e-04,4.1206e-01
5,1,3,3,5,7,11,1.064013684e-04,7.3652e-01,50.0035,3.478e-05,-5.527612135e-04,5.8043e-01
5,1,4,3,5,8,13,1.607704680e-04,6.1117e-01,49.9991,9.475e-06,-1.180769792e-04,9.0601e-01
5,1,5,3,5,11,17,3.171882593e-05,9.2010e-01,50.0050,5.010e-05,-1.109861304e-04,9.1163e-01
5,1,6,3,5,13,19,8.324247511e-04,8.4794e-03,49.9928,7.245e-05,+1.159838855e-03,2.4611e-01
5,1,7,3,5,17,23,1.297651235e-04,6.8155e-01,50.0017,1.726e-05,+1.669582764e-03,9.5002e-02
5,1,8,3,5,19,29,4.403184970e-04,1.6380e-01,50.0081,8.113e-05,+1.224382960e-03,2.2081e-01
5,1,9,3,5,23,31,4.103814775e-04,1.9438e-01,49.9992,7.725e-06,-1.800383345e-03,7.1800e-02
5,1,10,3,5,29,37,2.995351291e-04,3.4353e-01,50.0033,3.292e-05,-1.355046317e-03,1.7540e-01
5,1,11,3,5,31,41,2.944909535e-05,9.2580e-01,50.0022,2.198e-05,-6.727528569e-04,5.0110e-01
5,1,12,3,5,37,43,1.227642475e-04,6.9786e-01,50.0033,3.317e-05,-8.954219636e-04,3.7056e-01
5,1,13,3,5,41,47,4.713027738e-04,1.3612e-01,50.0010,9.675e-06,+1.308608815e-03,1.9067e-01
5,1,14,3,5,43,53,6.366798469e-04,4.4077e-02,50.0045,4.516e-05,-1.019880999e-05,9.9186e-01
5,1,15,3,5,47,59,5.018118975e-04,1.1254e-01,49.9997,2.850e-06,-6.259017178e-04,5.3138e-01
5,1,16,3,5,53,61,1.836438364e-04,5.6142e-01,50.0005,5.288e-06,-1.735919956e-03,8.2578e-02
5,1,17,3,5,59,67,3.145260584e-04,3.1992e-01,49.9978,2.179e-05,-1.410647248e-04,8.8782e-01
5,1,18,3,5,61,71,9.592509773e-05,7.6163e-01,50.0058,5.753e-05,+2.283102730e-04,8.1941e-01
5,1,19,3,5,67,73,1.144894457e-04,7.1732e-01,50.0045,4.454e-05,-1.219335736e-04,9.0295e-01
5,2,3,5,7,7,11,9.273953472e-04,3.3605e-03,50.0027,2.745e-05,+1.486738760e-03,1.3708e-01
5,2,4,5,7,8,13,2.809022184e-04,3.7438e-01,50.0008,8.050e-06,+1.726801153e-05,9.8622e-01
5,2,5,5,7,11,17,3.881611940e-04,2.1964e-01,50.0022,2.223e-05,+2.305512689e-04,8.1766e-01
5,2,6,5,7,13,19,2.165317291e-04,4.9351e-01,50.0050,4.967e-05,+1.421831993e-03,1.5508e-01
5,2,7,5,7,17,23,6.154049592e-04,5.1645e-02,49.9932,6.796e-05,+3.462051870e-04,7.2919e-01
5,2,8,5,7,19,29,2.387004302e-04,4.5035e-01,49.9990,1.048e-05,-1.617270222e-05,9.8710e-01
5,2,9,5,7,23,31,6.966201554e-04,2.7601e-02,50.0039,3.895e-05,+2.465636440e-03,1.3677e-02
5,2,10,5,7,29,37,2.320972979e-04,4.6298e-01,49.9946,5.440e-05,+7.573863720e-04,4.4882e-01
5,2,11,5,7,31,41,1.092117841e-04,7.2983e-01,50.0082,8.235e-05,+4.456035268e-04,6.5588e-01
5,2,12,5,7,37,43,5.574568183e-04,7.7929e-02,49.9900,9.995e-05,-6.170216713e-04,5.3722e-01
5,2,13,5,7,41,47,3.355121673e-04,2.8870e-01,49.9929,7.140e-05,+7.959061977e-06,9.9365e-01
5,2,14,5,7,43,53,5.002597885e-04,1.1366e-01,49.9983,1.694e-05,+4.140316415e-04,6.7885e-01
5,2,15,5,7,47,59,3.320062981e-04,2.9377e-01,50.0016,1.615e-05,-3.198773189e-04,7.4906e-01
5,2,16,5,7,53,61,3.092778570e-04,3.2806e-01,50.0008,7.937e-06,+8.789565594e-06,9.9299e-01
5,2,17,5,7,59,67,3.317291305e-04,2.9417e-01,49.9837,1.633e-04,-1.711761547e-03,8.6941e-02
5,2,18,5,7,61,71,4.701928544e-04,1.3705e-01,50.0025,2.468e-05,+1.612050099e-03,1.0695e-01
5,2,19,5,7,67,73,7.079299953e-05,8.2286e-01,50.0016,1.551e-05,+7.951875176e-04,4.2650e-01
5,3,4,7,11,8,13,1.605821759e-05,9.5950e-01,49.9969,3.078e-05,-1.892122650e-03,5.8475e-02
5,3,5,7,11,11,17,5.334953808e-04,9.1592e-02,49.9840,1.604e-04,-2.022630708e-03,4.3111e-02
5,3,6,7,11,13,19,5.467680764e-04,8.3803e-02,50.0035,3.545e-05,+1.134352089e-03,2.5665e-01
5,3,7,7,11,17,23,4.495661122e-05,8.8695e-01,49.9932,6.816e-05,-1.273063609e-03,2.0300e-01
5,3,8,7,11,19,29,1.829920683e-04,5.6281e-01,49.9969,3.098e-05,+8.851361952e-04,3.7608e-01
5,3,9,7,11,23,31,6.699081573e-04,3.4138e-02,49.9995,4.800e-06,-1.547607540e-03,1.2172e-01
5,3,10,7,11,29,37,1.504530025e-04,6.3424e-01,49.9979,2.130e-05,+1.548561846e-03,1.2149e-01
5,3,11,7,11,31,41,2.173297608e-04,4.9192e-01,50.0015,1.460e-05,+5.371843670e-04,5.9114e-01
5,3,12,7,11,37,43,1.545363876e-05,9.6102e-01,49.9995,5.275e-06,+1.470867497e-03,1.4133e-01
5,3,13,7,11,41,47,3.545825708e-04,2.6217e-01,49.9977,2.297e-05,-1.284506638e-04,8.9779e-01
5,3,14,7,11,43,53,4.686620595e-04,1.3833e-01,49.9908,9.216e-05,+7.759955149e-04,4.3775e-01
5,3,15,7,11,47,59,3.555071589e-05,9.1049e-01,50.0012,1.235e-05,+4.679807790e-04,6.3980e-01
5,3,16,7,11,53,61,2.558435285e-04,4.1849e-01,49.9948,5.196e-05,+6.217765772e-04,5.3409e-01
5,3,17,7,11,59,67,1.254889491e-03,7.2384e-05,50.0097,9.664e-05,+1.359941545e-05,9.8915e-01
5,3,18,7,11,61,71,4.065833803e-04,1.9854e-01,50.0034,3.375e-05,+9.854306437e-04,3.2441e-01
5,3,19,7,11,67,73,6.191716012e-05,8.4477e-01,49.9964,3.581e-05,+5.783311215e-04,5.6304e-01
5,4,5,8,13,11,17,1.970907692e-04,5.3312e-01,49.9970,3.015e-05,-1.145765223e-03,2.5189e-01
5,4,6,8,13,13,19,6.819580853e-04,3.1041e-02,50.0049,4.942e-05,-1.648262830e-03,9.9299e-02
5,4,7,8,13,17,23,4.525737973e-04,1.5238e-01,49.9931,6.866e-05,-2.187036863e-04,8.2688e-01
5,4,8,8,13,19,29,4.284906319e-04,1.7542e-01,49.9988,1.173e-05,-2.784526137e-04,7.8066e-01
5,4,9,8,13,23,31,2.335784511e-04,4.6013e-01,49.9988,1.182e-05,+1.305466105e-03,1.9173e-01
5,4,10,8,13,29,37,3.403818736e-04,2.8176e-01,50.0064,6.432e-05,+6.645507454e-04,5.0634e-01
5,4,11,8,13,31,41,1.417719738e-04,6.5392e-01,49.9939,6.075e-05,+1.710409424e-03,8.7190e-02
5,4,12,8,13,37,43,5.117389099e-04,1.0561e-01,49.9907,9.305e-05,-2.402482841e-04,8.1014e-01
5,4,13,8,13,41,47,9.094310374e-05,7.7366e-01,50.0055,5.513e-05,+9.325921904e-04,3.5103e-01
5,4,14,8,13,43,53,4.626659367e-05,8.8368e-01,50.0041,4.061e-05,-2.807166874e-04,7.7893e-01
5,4,15,8,13,47,59,2.410286735e-04,4.4594e-01,50.0003,2.650e-06,-8.860911342e-04,3.7557e-01
5,4,16,8,13,53,61,1.191202084e-04,7.0640e-01,49.9981,1.904e-05,+1.030986858e-03,3.0255e-01
5,4,17,8,13,59,67,2.745607115e-04,3.8526e-01,49.9924,7.629e-05,-2.662235096e-04,7.9007e-01
5,4,18,8,13,61,71,3.571709572e-04,2.5870e-01,50.0071,7.130e-05,+1.862563250e-04,8.5224e-01
5,4,19,8,13,67,73,2.257552559e-04,4.7529e-01,49.9980,1.964e-05,-1.251688514e-03,2.1068e-01
5,5,6,11,17,13,19,5.314664460e-04,9.2832e-02,50.0038,3.785e-05,+2.288597772e-04,8.1898e-01
5,5,7,11,17,17,23,2.533140964e-05,9.3615e-01,50.0074,7.374e-05,+7.421738469e-04,4.5798e-01
5,5,8,11,17,19,29,3.661891473e-04,2.4687e-01,50.0074,7.367e-05,+9.116857043e-05,9.2736e-01
5,5,9,11,17,23,31,2.398770755e-04,4.4812e-01,50.0023,2.302e-05,+3.845930418e-04,7.0054e-01
5,5,10,11,17,29,37,3.839231328e-06,9.9031e-01,49.9976,2.395e-05,-1.567026138e-03,1.1711e-01
5,5,11,11,17,31,41,5.647619650e-04,7.4110e-02,49.9968,3.170e-05,-8.726794796e-04,3.8284e-01
5,5,12,11,17,37,43,8.890094155e-08,9.9978e-01,49.9918,8.235e-05,+4.069253701e-04,6.8406e-01
5,5,13,11,17,41,47,4.364089804e-04,1.6757e-01,49.9967,3.265e-05,+5.326497409e-04,5.9428e-01
5,5,14,11,17,43,53,1.621943776e-04,6.0802e-01,50.0008,8.413e-06,-8.923604192e-04,3.7220e-01
5,5,15,11,17,47,59,2.066763637e-04,5.1339e-01,49.9997,2.750e-06,+1.017180718e-03,3.0907e-01
5,5,16,11,17,53,61,3.010791211e-04,3.4105e-01,50.0017,1.741e-05,-3.676734273e-05,9.7067e-01
5,5,17,11,17,59,67,1.554774771e-04,6.2296e-01,50.0017,1.659e-05,+1.082507862e-03,2.7903e-01
5,5,18,11,17,61,71,1.593836122e-04,6.1425e-01,49.9999,1.125e-06,-4.738264767e-04,6.3562e-01
5,5,19,11,17,67,73,3.208115043e-05,9.1919e-01,50.0043,4.294e-05,+1.670779384e-03,9.4765e-02
5,6,7,13,19,17,23,1.505145940e-04,6.3410e-01,49.9972,2.776e-05,+7.352208199e-05,9.4139e-01
5,6,8,13,19,19,29,2.937373737e-04,3.5295e-01,50.0013,1.317e-05,-2.829113625e-04,7.7724e-01
5,6,9,13,19,23,31,6.083598220e-04,5.4379e-02,50.0083,8.335e-05,-1.385338696e-03,1.6595e-01
5,6,10,13,19,29,37,1.495617161e-04,6.3624e-01,50.0043,4.265e-05,-5.137045650e-04,6.0746e-01
5,6,11,13,19,31,41,1.967500882e-04,5.3382e-01,49.9954,4.553e-05,+1.614550587e-04,8.7174e-01
5,6,12,13,19,37,43,9.227161981e-04,3.5241e-03,50.0029,2.930e-05,-8.352275232e-04,4.0359e-01
5,6,13,13,19,41,47,1.700884717e-04,5.9067e-01,49.9940,6.038e-05,+5.643230519e-04,5.7253e-01
5,6,14,13,19,43,53,2.640467481e-04,4.0372e-01,50.0047,4.741e-05,-2.896205489e-05,9.7689e-01
5,6,15,13,19,47,59,9.105592019e-05,7.7339e-01,49.9990,9.650e-06,+2.054811034e-03,3.9897e-02
5,6,16,13,19,53,61,2.983790603e-04,3.4540e-01,49.9974,2.619e-05,+1.403133866e-03,1.6058e-01
5,6,17,13,19,59,67,3.180914507e-04,3.1447e-01,50.0048,4.766e-05,-1.359268456e-03,1.7406e-01
5,6,18,13,19,61,71,6.382503708e-05,8.4005e-01,49.9959,4.142e-05,+9.649624431e-04,3.3456e-01
5,6,19,13,19,67,73,3.781408569e-04,2.3178e-01,49.9941,5.924e-05,-2.887768039e-03,3.8799e-03
5,7,8,17,23,19,29,2.204533679e-04,4.8572e-01,50.0063,6.289e-05,+1.979313305e-03,4.7781e-02
5,7,9,17,23,23,31,2.399546434e-04,4.4797e-01,49.9977,2.256e-05,+4.643839235e-04,6.4237e-01
5,7,10,17,23,29,37,2.159553992e-04,4.9466e-01,50.0055,5.454e-05,-4.090654392e-04,6.8249e-01
5,7,11,17,23,31,41,5.848947874e-04,6.4371e-02,49.9870,1.297e-04,+9.474833827e-04,3.4339e-01
5,7,12,17,23,37,43,1.768998583e-05,9.5539e-01,49.9977,2.311e-05,-1.171762914e-03,2.4129e-01
5,7,13,17,23,41,47,1.186106452e-04,7.0760e-01,50.0063,6.326e-05,+2.035954713e-05,9.8376e-01
5,7,14,17,23,43,53,3.926115451e-04,2.1440e-01,50.0152,1.523e-04,-1.067035006e-03,2.8596e-01
5,7,15,17,23,47,59,1.090223384e-05,9.7250e-01,49.9936,6.426e-05,+9.885999531e-04,3.2286e-01
5,7,16,17,23,53,61,1.660316495e-04,5.9956e-01,50.0021,2.088e-05,-8.079314535e-04,4.1913e-01
5,7,17,17,23,59,67,1.388602690e-04,6.6058e-01,50.0008,8.375e-06,+5.123914375e-04,6.0838e-01
5,7,18,17,23,61,71,1.938821461e-04,5.3980e-01,50.0001,1.313e-06,-6.753213100e-04,4.9947e-01
5,7,19,17,23,67,73,4.296142894e-04,1.7429e-01,49.9959,4.055e-05,-1.905097816e-03,5.6767e-02
5,8,9,19,29,23,31,3.481084760e-04,2.7098e-01,49.9998,1.925e-06,+1.906349555e-03,5.6605e-02
5,8,10,19,29,29,37,2.202845539e-04,4.8605e-01,50.0091,9.112e-05,-7.463775344e-05,9.4050e-01
5,8,11,19,29,31,41,1.633813197e-04,6.0540e-01,49.9924,7.590e-05,+1.804816274e-03,7.1103e-02
5,8,12,19,29,37,43,1.359220448e-04,6.6732e-01,50.0054,5.373e-05,-2.926395240e-04,7.6980e-01
5,8,13,19,29,41,47,1.088478617e-04,7.3069e-01,49.9938,6.197e-05,-3.435663181e-04,7.3117e-01
5,8,14,19,29,43,53,5.703942263e-04,7.1271e-02,50.0055,5.469e-05,+4.808955463e-04,6.3059e-01
5,8,15,19,29,47,59,1.606023881e-05,9.5950e-01,50.0036,3.608e-05,+1.486787193e-03,1.3707e-01
5,8,16,19,29,53,61,5.861271978e-04,6.3811e-02,50.0015,1.521e-05,+1.077181115e-04,9.1422e-01
5,8,17,19,29,59,67,5.079912263e-04,1.0818e-01,49.9982,1.781e-05,+8.793931617e-04,3.7919e-01
5,8,18,19,29,61,71,2.422830604e-04,4.4358e-01,50.0025,2.460e-05,-7.108435080e-05,9.4333e-01
5,8,19,19,29,67,73,3.796175243e-05,9.0445e-01,50.0073,7.276e-05,-3.044605873e-04,7.6078e-01
5,9,10,23,31,29,37,1.925988346e-04,5.4249e-01,50.0059,5.865e-05,-4.790286281e-04,6.3192e-01
5,9,11,23,31,31,41,2.122557289e-04,5.0209e-01,50.0027,2.747e-05,-1.580272462e-03,1.1404e-01
5,9,12,23,31,37,43,1.562961572e-04,6.2113e-01,50.0012,1.150e-05,-6.046529429e-04,5.4541e-01
5,9,13,23,31,41,47,3.328937002e-05,9.1616e-01,50.0121,1.214e-04,+4.160203846e-05,9.6682e-01
5,9,14,23,31,43,53,5.027411476e-04,1.1188e-01,50.0020,2.009e-05,-1.843154499e-04,8.5377e-01
5,9,15,23,31,47,59,5.663669857e-05,8.5786e-01,50.0098,9.817e-05,+1.940626472e-03,5.2304e-02
5,9,16,23,31,53,61,2.294263419e-04,4.6814e-01,49.9966,3.354e-05,+2.055342018e-03,3.9846e-02
5,9,17,23,31,59,67,5.335992717e-05,8.6600e-01,50.0018,1.781e-05,+2.345343811e-03,1.9010e-02
5,9,18,23,31,61,71,6.642913944e-05,8.3362e-01,50.0032,3.168e-05,+1.266006779e-04,8.9926e-01
5,9,19,23,31,67,73,2.826525897e-04,3.7142e-01,49.9963,3.666e-05,+6.056990991e-04,5.4471e-01
5,10,11,29,37,31,41,2.881596737e-05,9.2739e-01,49.9914,8.607e-05,-1.640836568e-04,8.6967e-01
5,10,12,29,37,37,43,4.599321684e-05,8.8436e-01,50.0083,8.263e-05,+1.690820328e-04,8.6573e-01
5,10,13,29,37,41,47,4.742461058e-05,8.8079e-01,50.0021,2.060e-05,+2.955681554e-04,7.6756e-01
5,10,14,29,37,43,53,3.020531212e-04,3.3949e-01,50.0069,6.906e-05,-4.795976538e-04,6.3151e-01
5,10,15,29,37,47,59,2.769040556e-04,3.8122e-01,50.0052,5.220e-05,-1.314084171e-04,8.9545e-01
5,10,16,29,37,53,61,6.328920992e-04,4.5351e-02,49.9907,9.251e-05,+9.659692236e-05,9.2305e-01
5,10,17,29,37,59,67,4.931182743e-04,1.1891e-01,50.0016,1.554e-05,+1.129807031e-03,2.5856e-01
5,10,18,29,37,61,71,2.081446677e-04,5.1040e-01,50.0027,2.745e-05,+1.879744392e-03,6.0143e-02
5,10,19,29,37,67,73,2.162511681e-04,4.9407e-01,50.0011,1.084e-05,+2.531650228e-04,8.0014e-01
5,11,12,31,41,37,43,3.934320285e-04,2.1345e-01,50.0030,3.025e-05,-1.227606690e-04,9.0230e-01
5,11,13,31,41,41,47,4.737893999e-04,1.3407e-01,49.9993,6.625e-06,+9.242644590e-04,3.5535e-01
5,11,14,31,41,43,53,3.616416510e-04,2.5278e-01,49.9994,5.788e-06,+1.020195801e-03,3.0764e-01
5,11,15,31,41,47,59,4.299592634e-04,1.7394e-01,49.9997,3.475e-06,+1.078132422e-04,9.1414e-01
5,11,16,31,41,53,61,5.300656332e-04,9.3696e-02,50.0010,1.041e-05,-1.809416494e-03,7.0386e-02
5,11,17,31,41,59,67,1.280051932e-04,6.8563e-01,49.9918,8.189e-05,+8.080261239e-04,4.1908e-01
5,11,18,31,41,61,71,9.879248474e-05,7.5473e-01,49.9939,6.145e-05,+2.772973169e-04,7.8155e-01
5,11,19,31,41,67,73,3.797437129e-04,2.2981e-01,50.0039,3.889e-05,-7.103667414e-04,4.7748e-01
5,12,13,37,43,41,47,4.861633616e-04,1.2420e-01,49.9958,4.242e-05,+1.629488898e-03,1.0321e-01
5,12,14,37,43,43,53,4.192348858e-04,1.8493e-01,49.9917,8.289e-05,+1.272534068e-03,2.0318e-01
5,12,15,37,43,47,59,3.329696070e-04,2.9237e-01,50.0003,3.325e-06,+4.106864183e-06,9.9672e-01
5,12,16,37,43,53,61,3.308924851e-05,9.1666e-01,50.0011,1.076e-05,-8.385900834e-04,4.0170e-01
5,12,17,37,43,59,67,5.785767405e-04,6.7307e-02,49.9933,6.676e-05,-1.641067632e-04,8.6965e-01
5,12,18,37,43,61,71,3.351784955e-04,2.8918e-01,49.9858,1.420e-04,+1.952307326e-04,8.4521e-01
5,12,19,37,43,67,73,3.085695259e-04,3.2917e-01,50.0046,4.649e-05,-9.937337638e-04,3.2035e-01
5,13,14,41,47,43,53,2.322977557e-04,4.6259e-01,50.0034,3.446e-05,+1.904102315e-05,9.8481e-01
5,13,15,41,47,47,59,1.600165524e-04,6.1284e-01,50.0043,4.300e-05,-5.702736539e-04,5.6849e-01
5,13,16,41,47,53,61,4.992152508e-04,1.1441e-01,50.0046,4.586e-05,-3.132446891e-05,9.7501e-01
5,13,17,41,47,59,67,2.226842317e-05,9.4386e-01,49.9938,6.164e-05,+1.531628343e-03,1.2561e-01
5,13,18,41,47,61,71,2.115582524e-04,5.0349e-01,50.0052,5.192e-05,+1.241553112e-03,2.1440e-01
5,13,19,41,47,67,73,3.333284613e-05,9.1605e-01,50.0030,2.996e-05,-3.000319543e-05,9.7606e-01
5,14,15,43,53,47,59,4.497089522e-04,1.5500e-01,50.0026,2.636e-05,+9.080809762e-04,3.6384e-01
5,14,16,43,53,53,61,4.017578915e-05,8.9890e-01,49.9966,3.437e-05,-1.262003763e-04,8.9957e-01
5,14,17,43,53,59,67,4.851849332e-04,1.2496e-01,50.0002,2.250e-06,+4.339742146e-04,6.6431e-01
5,14,18,43,53,61,71,4.817166305e-04,1.2768e-01,49.9909,9.074e-05,+1.182161153e-05,9.9057e-01
5,14,19,43,53,67,73,1.461543030e-05,9.6314e-01,49.9991,9.400e-06,+4.003430994e-04,6.8890e-01
5,15,16,47,59,53,61,4.734857980e-04,1.3432e-01,49.9960,3.971e-05,+1.237731374e-03,2.1582e-01
5,15,17,47,59,59,67,7.227798899e-05,8.1921e-01,50.0050,4.959e-05,-3.760425056e-04,7.0689e-01
5,15,18,47,59,61,71,4.117065617e-04,1.9294e-01,49.9981,1.923e-05,+1.618504835e-03,1.0555e-01
5,15,19,47,59,67,73,5.413468697e-04,8.6917e-02,50.0158,1.579e-04,-1.760329680e-03,7.8352e-02
5,16,17,53,61,59,67,2.115133497e-04,5.0358e-01,49.9989,1.075e-05,+8.299822978e-04,4.0655e-01
5,16,18,53,61,61,71,6.844418838e-05,8.2865e-01,49.9978,2.214e-05,+1.399551306e-03,1.6165e-01
5,16,19,53,61,67,73,7.669355618e-05,8.0837e-01,49.9936,6.380e-05,+1.636692674e-03,1.0169e-01
5,17,18,59,67,61,71,6.449350373e-05,8.3840e-01,49.9927,7.341e-05,-4.305457983e-04,6.6680e-01
5,17,19,59,67,67,73,4.589850287e-04,1.4666e-01,49.9902,9.797e-05,+2.984937885e-04,7.6533e-01
5,18,19,61,71,67,73,7.335202634e-05,8.1657e-01,49.9945,5.534e-05,+4.259360871e-05,9.6603e-01
6,0,1,2,3,3,5,5.669505592e-04,7.2996e-02,50.0016,1.640e-05,+1.594129227e-03,1.1091e-01
6,0,2,2,3,5,7,1.454208093e-04,6.4562e-01,50.0030,3.011e-05,-1.749722308e-03,8.0166e-02
6,0,3,2,3,7,11,1.762480672e-04,5.7729e-01,49.9984,1.580e-05,-1.252008563e-03,2.1057e-01
6,0,4,2,3,8,13,3.304651263e-04,2.9601e-01,50.0025,2.456e-05,-1.019803940e-03,3.0782e-01
6,0,5,2,3,11,17,1.125079602e-04,7.2200e-01,49.9994,5.663e-06,+2.152656819e-04,8.2956e-01
6,0,6,2,3,13,19,3.306756403e-05,9.1672e-01,50.0079,7.884e-05,+6.118170054e-04,5.4066e-01
6,0,7,2,3,17,23,4.302756935e-04,1.7362e-01,49.9998,2.000e-06,-1.121332867e-03,2.6215e-01
6,0,8,2,3,19,29,1.671375150e-04,5.9713e-01,49.9990,9.712e-06,+4.293224006e-04,6.6769e-01
6,0,9,2,3,23,31,5.251747217e-04,9.6764e-02,49.9888,1.117e-04,+3.890928460e-04,6.9721e-01
6,0,10,2,3,29,37,2.003972953e-04,5.2627e-01,50.0024,2.374e-05,-9.080877525e-05,9.2764e-01
6,0,11,2,3,31,41,7.844127347e-05,8.0409e-01,49.9954,4.566e-05,+8.423315017e-04,3.9960e-01
6,0,12,2,3,37,43,1.053409452e-04,7.3905e-01,50.0079,7.931e-05,+1.874562080e-03,6.0853e-02
6,0,13,2,3,41,47,9.152800666e-05,7.7225e-01,50.0082,8.158e-05,-6.909694284e-04,4.8958e-01
6,0,14,2,3,43,53,1.486089242e-04,6.3840e-01,50.0025,2.537e-05,-9.964863294e-04,3.1901e-01
6,0,15,2,3,47,59,3.429218773e-04,2.7818e-01,49.9956,4.427e-05,-1.014820802e-03,3.1019e-01
6,0,16,2,3,53,61,1.475972372e-04,6.4068e-01,50.0039,3.858e-05,+7.270560232e-04,4.6719e-01
6,0,17,2,3,59,67,1.088251880e-04,7.3074e-01,49.9946,5.446e-05,-1.718277030e-03,8.5746e-02
6,0,18,2,3,61,71,2.971224396e-04,3.4743e-01,50.0105,1.051e-04,-5.060298618e-04,6.1284e-01
6,0,19,2,3,67,73,3.256160770e-04,3.0316e-01,49.9924,7.598e-05,-1.083743823e-03,2.7848e-01
6,1,2,3,5,5,7,4.290868877e-04,1.7482e-01,49.9962,3.844e-05,-4.211356652e-04,6.7366e-01
6,1,3,3,5,7,11,4.199460112e-04,1.8418e-01,49.9941,5.900e-05,+2.469707496e-03,1.3522e-02
6,1,4,3,5,8,13,8.626096684e-05,7.8502e-01,49.9938,6.176e-05,-1.611904881e-03,1.0698e-01
6,1,5,3,5,11,17,5.472291620e-04,8.3543e-02,49.9904,9.554e-05,+1.137032699e-04,9.0947e-01
6,1,6,3,5,13,19,2.556923019e-04,4.1876e-01,50.0042,4.154e-05,-7.993783272e-04,4.2407e-01
6,1,7,3,5,17,23,2.335859174e-04,4.6011e-01,49.9993,7.250e-06,-1.056731108e-03,2.9063e-01
6,1,8,3,5,19,29,2.860942910e-04,3.6562e-01,50.0011,1.144e-05,+1.047168312e-03,2.9502e-01
6,1,9,3,5,23,31,3.772874993e-04,2.3283e-01,49.9910,8.986e-05,-1.987501122e-03,4.6867e-02
6,1,10,3,5,29,37,1.260564970e-04,6.9017e-01,50.0031,3.144e-05,-5.150297782e-04,6.0653e-01
6,1,11,3,5,31,41,5.464704748e-04,8.3972e-02,49.9948,5.204e-05,-4.911897978e-04,6.2329e-01
6,1,12,3,5,37,43,5.274805504e-04,9.5308e-02,49.9970,2.994e-05,+7.200705756e-05,9.4260e-01
6,1,13,3,5,41,47,4.519106271e-04,1.5299e-01,50.0034,3.372e-05,-5.224906417e-05,9.5833e-01
6,1,14,3,5,43,53,5.447202552e-04,8.4969e-02,49.9998,1.750e-06,-2.537073186e-03,1.1178e-02
6,1,15,3,5,47,59,1.019470668e-05,9.7428e-01,50.0047,4.670e-05,+1.563775136e-03,1.1787e-01
6,1,16,3,5,53,61,3.339077283e-04,2.9101e-01,50.0113,1.126e-04,+3.278610860e-04,7.4302e-01
6,1,17,3,5,59,67,1.573685853e-04,6.1874e-01,50.0094,9.449e-05,+4.251934557e-04,6.7070e-01
6,1,18,3,5,61,71,2.296085863e-04,4.6779e-01,50.0092,9.210e-05,-7.859851307e-04,4.3188e-01
6,1,19,3,5,67,73,1.209188335e-04,7.0218e-01,50.0141,1.413e-04,-1.028202272e-03,3.0385e-01
6,2,3,5,7,7,11,2.130700427e-04,5.0045e-01,49.9966,3.426e-05,-3.382849758e-04,7.3515e-01
6,2,4,5,7,8,13,2.775149027e-04,3.8017e-01,50.0088,8.765e-05,+5.936395748e-04,5.5275e-01
6,2,5,5,7,11,17,4.927197536e-04,1.1921e-01,49.9923,7.667e-05,-2.722057226e-03,6.4877e-03
6,2,6,5,7,13,19,5.849305021e-06,9.8524e-01,49.9952,4.772e-05,-1.745047243e-03,8.0977e-02
6,2,7,5,7,17,23,2.909306399e-04,3.5757e-01,50.0010,1.001e-05,-7.790850182e-04,4.3593e-01
6,2,8,5,7,19,29,1.557739802e-04,6.2229e-01,49.9992,8.000e-06,-3.973933588e-05,9.6830e-01
6,2,9,5,7,23,31,7.180726834e-05,8.2037e-01,49.9953,4.692e-05,+4.811629172e-04,6.3040e-01
6,2,10,5,7,29,37,1.682360646e-05,9.5757e-01,49.9938,6.165e-05,+4.243706838e-04,6.7130e-01
6,2,11,5,7,31,41,6.976845238e-04,2.7365e-02,50.0102,1.023e-04,+2.204291141e-03,2.7504e-02
6,2,12,5,7,37,43,4.362386494e-04,1.6774e-01,50.0078,7.820e-05,-2.181940346e-03,2.9114e-02
6,2,13,5,7,41,47,2.167308852e-04,4.9311e-01,50.0027,2.734e-05,-2.129582580e-03,3.3206e-02
6,2,14,5,7,43,53,1.659617749e-04,5.9971e-01,49.9959,4.099e-05,+6.035041267e-04,5.4617e-01
6,2,15,5,7,47,59,5.544318366e-05,8.6082e-01,49.9928,7.189e-05,+6.936883467e-04,4.8788e-01
6,2,16,5,7,53,61,1.610130627e-04,6.1063e-01,49.9996,3.963e-06,+4.503387217e-04,6.5247e-01
6,2,17,5,7,59,67,5.685234017e-04,7.2204e-02,50.0019,1.937e-05,+6.351634855e-04,5.2532e-01
6,2,18,5,7,61,71,6.782764119e-04,3.1961e-02,50.0038,3.771e-05,-2.322019992e-04,8.1638e-01
6,2,19,5,7,67,73,2.041475814e-05,9.4853e-01,50.0119,1.191e-04,+3.912756815e-04,6.9559e-01
6,3,4,7,11,8,13,4.529939473e-04,1.5200e-01,50.0093,9.301e-05,+2.476318135e-04,8.0442e-01
6,3,5,7,11,11,17,1.874942976e-04,5.5324e-01,49.9995,5.437e-06,+9.890679296e-04,3.2263e-01
6,3,6,7,11,13,19,2.692612783e-04,3.9450e-01,50.0003,2.987e-06,-4.473020361e-04,6.5466e-01
6,3,7,7,11,17,23,1.338433708e-04,6.7211e-01,49.9942,5.827e-05,+1.013561707e-03,3.1079e-01
6,3,8,7,11,19,29,3.474826265e-05,9.1250e-01,50.0080,8.031e-05,-7.626845295e-04,4.4565e-01
6,3,9,7,11,23,31,1.448850182e-04,6.4683e-01,49.9990,9.712e-06,+2.447672512e-04,8.0664e-01
6,3,10,7,11,29,37,1.864020418e-04,5.5556e-01,49.9977,2.299e-05,-5.491313631e-04,5.8292e-01
6,3,11,7,11,31,41,2.000903150e-04,5.2690e-01,49.9997,2.562e-06,+1.202355109e-03,2.2923e-01
6,3,12,7,11,37,43,6.770695593e-05,8.3046e-01,49.9978,2.246e-05,+2.126565794e-03,3.3456e-02
6,3,13,7,11,41,47,2.992542185e-04,3.4398e-01,50.0046,4.610e-05,-1.089238136e-04,9.1326e-01
6,3,14,7,11,43,53,2.314672130e-04,4.6419e-01,49.9993,6.800e-06,-1.140744726e-03,2.5398e-01
6,3,15,7,11,47,59,5.289064596e-04,9.4416e-02,50.0006,6.450e-06,-1.548453595e-04,8.7694e-01
6,3,16,7,11,53,61,6.165536289e-04,5.1210e-02,49.9997,2.950e-06,+6.689801531e-05,9.4666e-01
6,3,17,7,11,59,67,5.716769072e-04,7.0637e-02,49.9949,5.126e-05,-2.117909392e-04,8.3227e-01
6,3,18,7,11,61,71,1.882252804e-04,5.5170e-01,49.9960,3.982e-05,-1.235170808e-03,2.1677e-01
6,3,19,7,11,67,73,3.830259404e-05,9.0359e-01,49.9956,4.375e-05,-1.937666642e-04,8.4636e-01
6,4,5,8,13,11,17,2.351867404e-04,4.5704e-01,49.9924,7.612e-05,+1.641055115e-03,1.0079e-01
6,4,6,8,13,13,19,2.274664056e-05,9.4266e-01,49.9981,1.885e-05,-6.554204592e-04,5.1220e-01
6,4,7,8,13,17,23,2.641808395e-05,9.3342e-01,49.9941,5.904e-05,-8.978194676e-04,3.6928e-01
6,4,8,8,13,19,29,4.366796453e-04,1.6731e-01,50.0034,3.358e-05,-4.878308737e-04,6.2567e-01
6,4,9,8,13,23,31,4.864173404e-04,1.2400e-01,49.9913,8.713e-05,+3.321047038e-04,7.3981e-01
6,4,10,8,13,29,37,3.635943157e-04,2.5023e-01,49.9975,2.480e-05,+2.151047589e-04,8.2969e-01
6,4,11,8,13,31,41,7.134281505e-05,8.2151e-01,50.0051,5.072e-05,+7.161077352e-04,4.7392e-01
6,4,12,8,13,37,43,2.668384936e-04,3.9877e-01,50.0032,3.228e-05,+4.804058923e-04,6.3094e-01
6,4,13,8,13,41,47,5.016008475e-04,1.1269e-01,50.0035,3.459e-05,-1.453016821e-04,8.8447e-01
6,4,14,8,13,43,53,1.864778103e-04,5.5540e-01,49.9988,1.231e-05,+2.274835745e-03,2.2916e-02
6,4,15,8,13,47,59,5.661493894e-05,8.5791e-01,50.0045,4.471e-05,-1.126433582e-03,2.5998e-01
6,4,16,8,13,53,61,2.264221885e-04,4.7399e-01,49.9954,4.596e-05,-1.002635638e-03,3.1604e-01
6,4,17,8,13,59,67,6.681792859e-04,3.4603e-02,49.9921,7.875e-05,-6.561539028e-04,5.1173e-01
6,4,18,8,13,61,71,4.341630940e-04,1.6977e-01,50.0114,1.138e-04,+8.384675006e-04,4.0177e-01
6,4,19,8,13,67,73,4.745658650e-05,8.8071e-01,49.9980,2.009e-05,-1.426574959e-03,1.5370e-01
6,5,6,11,17,13,19,6.980894736e-05,8.2528e-01,49.9930,6.977e-05,+4.844190423e-04,6.2809e-01
6,5,7,11,17,17,23,4.443272745e-04,1.6000e-01,49.9992,8.463e-06,-3.288800193e-04,7.4225e-01
6,5,8,11,17,19,29,2.992989131e-05,9.2460e-01,50.0016,1.585e-05,+7.265024451e-05,9.4208e-01
6,5,9,11,17,23,31,2.750750041e-05,9.3068e-01,50.0065,6.472e-05,-5.804163682e-04,5.6163e-01
6,5,10,11,17,29,37,3.955606412e-04,2.1098e-01,50.0044,4.373e-05,+4.728385606e-04,6.3633e-01
6,5,11,11,17,31,41,3.614876384e-04,2.5299e-01,50.0006,5.975e-06,-8.973803162e-04,3.6952e-01
6,5,12,11,17,37,43,7.159999053e-04,2.3562e-02,49.9910,9.008e-05,+1.797354849e-03,7.2279e-02
6,5,13,11,17,41,47,1.626991485e-04,6.0690e-01,49.9947,5.336e-05,+1.367050382e-06,9.9891e-01
6,5,14,11,17,43,53,1.061348939e-04,7.3715e-01,50.0052,5.191e-05,-3.524915191e-04,7.2447e-01
6,5,15,11,17,47,59,4.448572304e-04,1.5950e-01,49.9912,8.791e-05,+1.085903860e-03,2.7752e-01
6,5,16,11,17,53,61,1.348823739e-04,6.6972e-01,49.9981,1.921e-05,-1.155192909e-05,9.9078e-01
6,5,17,11,17,59,67,1.994298768e-04,5.2827e-01,49.9976,2.400e-05,-2.871155417e-04,7.7402e-01
6,5,18,11,17,61,71,2.146704057e-04,4.9723e-01,50.0061,6.141e-05,+2.121269132e-04,8.3201e-01
6,5,19,11,17,67,73,4.496513365e-04,1.5505e-01,49.9907,9.271e-05,-1.089554965e-03,2.7591e-01
6,6,7,13,19,17,23,5.137920659e-04,1.0422e-01,49.9963,3.664e-05,+9.358070917e-04,3.4937e-01
6,6,8,13,19,19,29,2.143656685e-04,4.9785e-01,50.0037,3.657e-05,-2.260162005e-04,8.2119e-01
6,6,9,13,19,23,31,2.998384774e-05,9.2446e-01,50.0011,1.127e-05,-2.352011369e-03,1.8672e-02
6,6,10,13,19,29,37,1.198179060e-04,7.0476e-01,50.0078,7.815e-05,+1.638487729e-03,1.0132e-01
6,6,11,13,19,31,41,2.499545310e-04,4.2928e-01,49.9926,7.377e-05,+5.434473171e-04,5.8682e-01
6,6,12,13,19,37,43,7.614568756e-05,8.0971e-01,50.0031,3.055e-05,-1.385226574e-04,8.8983e-01
6,6,13,13,19,41,47,7.015935867e-04,2.6512e-02,50.0024,2.406e-05,-5.635984004e-04,5.7303e-01
6,6,14,13,19,43,53,6.943223228e-04,2.8118e-02,50.0055,5.484e-05,-9.460119096e-04,3.4414e-01
6,6,15,13,19,47,59,7.746802936e-05,8.0648e-01,50.0005,5.412e-06,-1.316003147e-03,1.8817e-01
6,6,16,13,19,53,61,2.125644180e-04,5.0146e-01,50.0054,5.419e-05,-7.739119248e-04,4.3898e-01
6,6,17,13,19,59,67,6.669793827e-05,8.3295e-01,49.9998,2.300e-06,-1.079716030e-03,2.8027e-01
6,6,18,13,19,61,71,7.973804717e-05,8.0092e-01,49.9954,4.636e-05,-1.583222202e-03,1.1337e-01
6,6,19,13,19,67,73,4.580816159e-04,1.4745e-01,50.0031,3.126e-05,+1.137760613e-03,2.5522e-01
6,7,8,17,23,19,29,2.449634829e-06,9.9382e-01,50.0029,2.896e-05,-7.104649268e-04,4.7742e-01
6,7,9,17,23,23,31,3.316832286e-05,9.1647e-01,50.0030,2.989e-05,-6.483317826e-04,5.1677e-01
6,7,10,17,23,29,37,1.999672039e-04,5.2716e-01,50.0011,1.071e-05,+5.990799437e-04,5.4912e-01
6,7,11,17,23,31,41,1.217553121e-04,7.0022e-01,49.9964,3.631e-05,-8.111558650e-05,9.3535e-01
6,7,12,17,23,37,43,2.171526087e-04,4.9227e-01,50.0000,8.750e-08,-4.060785325e-04,6.8468e-01
6,7,13,17,23,41,47,4.975382266e-04,1.1564e-01,50.0038,3.775e-05,-8.701832127e-05,9.3066e-01
6,7,14,17,23,43,53,2.527644446e-04,4.2411e-01,50.0027,2.665e-05,+1.201023368e-03,2.2974e-01
6,7,15,17,23,47,59,2.741635470e-04,3.8595e-01,50.0003,3.350e-06,+9.088670319e-04,3.6342e-01
6,7,16,17,23,53,61,1.944079541e-05,9.5098e-01,49.9945,5.488e-05,+8.289653503e-04,4.0712e-01
6,7,17,17,23,59,67,6.751312294e-04,3.2765e-02,49.9926,7.409e-05,+1.760976111e-04,8.6022e-01
6,7,18,17,23,61,71,2.246535998e-04,4.7745e-01,49.9927,7.337e-05,+2.297468187e-05,9.8167e-01
6,7,19,17,23,67,73,2.394459427e-04,4.4893e-01,50.0100,1.001e-04,-1.126367062e-03,2.6001e-01
6,8,9,19,29,23,31,1.412911055e-04,6.5502e-01,49.9970,3.010e-05,-7.352476363e-04,4.6219e-01
6,8,10,19,29,29,37,3.853646260e-04,2.2298e-01,49.9967,3.285e-05,+1.260698109e-03,2.0742e-01
6,8,11,19,29,31,41,1.773880428e-04,5.7483e-01,49.9985,1.488e-05,-7.114185653e-04,4.7682e-01
6,8,12,19,29,37,43,5.694038019e-04,7.1764e-02,50.0087,8.740e-05,+1.369239092e-04,8.9109e-01
6,8,13,19,29,41,47,4.386869788e-05,8.8967e-01,49.9956,4.381e-05,+1.963054923e-03,4.9640e-02
6,8,14,19,29,43,53,9.124169632e-05,7.7294e-01,50.0020,2.026e-05,-1.318188684e-04,8.9513e-01
6,8,15,19,29,47,59,9.771817773e-04,2.0008e-03,49.9965,3.536e-05,-8.759164892e-04,3.8108e-01
6,8,16,19,29,53,61,2.403776894e-04,4.4717e-01,49.9948,5.229e-05,+9.133812122e-04,3.6104e-01
6,8,17,19,29,59,67,1.041493344e-05,9.7373e-01,50.0036,3.577e-05,+1.435205755e-03,1.5123e-01
6,8,18,19,29,61,71,7.878814541e-05,8.0324e-01,49.9974,2.629e-05,-1.668121586e-03,9.5292e-02
6,8,19,19,29,67,73,2.075254316e-04,5.1166e-01,49.9949,5.061e-05,+1.765967118e-03,7.7401e-02
6,9,10,23,31,29,37,2.720971983e-04,3.8954e-01,49.9980,1.970e-05,+7.737652670e-04,4.3907e-01
6,9,11,23,31,31,41,1.297836266e-04,6.8150e-01,49.9849,1.509e-04,+7.255042032e-04,4.6814e-01
6,9,12,23,31,37,43,2.505307679e-04,4.2822e-01,49.9976,2.415e-05,-1.513698650e-03,1.3010e-01
6,9,13,23,31,41,47,3.470842745e-04,2.7239e-01,49.9970,3.014e-05,+1.623935755e-03,1.0439e-01
6,9,14,23,31,43,53,1.121439846e-04,7.2287e-01,50.0010,9.687e-06,-4.175111280e-04,6.7630e-01
6,9,15,23,31,47,59,1.836105769e-04,5.6149e-01,49.9995,5.237e-06,+1.264105361e-03,2.0619e-01
6,9,16,23,31,53,61,4.093313120e-04,1.9552e-01,49.9983,1.696e-05,+3.926072617e-04,6.9461e-01
6,9,17,23,31,59,67,2.284613406e-04,4.7001e-01,49.9981,1.910e-05,+7.190911988e-04,4.7208e-01
6,9,18,23,31,61,71,2.617937334e-04,4.0775e-01,50.0045,4.459e-05,+4.265877663e-04,6.6968e-01
6,9,19,23,31,67,73,8.028113235e-04,1.1126e-02,50.0077,7.719e-05,-2.862888618e-04,7.7466e-01
6,10,11,29,37,31,41,1.485992979e-04,6.3842e-01,49.9852,1.481e-04,-2.666179451e-04,7.8976e-01
6,10,12,29,37,37,43,8.171801889e-05,7.9609e-01,49.9990,1.007e-05,+4.579251265e-05,9.6348e-01
6,10,13,29,37,41,47,2.687328663e-04,3.9543e-01,49.9965,3.474e-05,+2.548821731e-04,7.9881e-01
6,10,14,29,37,43,53,3.736623468e-04,2.3735e-01,49.9976,2.404e-05,+5.799182554e-04,5.6197e-01
6,10,15,29,37,47,59,5.744008435e-04,6.9307e-02,49.9912,8.751e-05,+1.497211039e-03,1.3434e-01
6,10,16,29,37,53,61,8.915933128e-05,7.7798e-01,49.9918,8.164e-05,-4.090037051e-04,6.8254e-01
6,10,17,29,37,59,67,5.939118066e-05,8.5102e-01,50.0096,9.580e-05,-1.544358446e-03,1.2250e-01
6,10,18,29,37,61,71,3.594013120e-04,2.5574e-01,49.9996,4.037e-06,-2.572503507e-04,7.9699e-01
6,10,19,29,37,67,73,9.504296339e-05,7.6376e-01,50.0035,3.479e-05,-1.049079922e-03,2.9414e-01
6,11,12,31,41,37,43,2.054972512e-04,5.1580e-01,50.0088,8.763e-05,-9.643339959e-04,3.3488e-01
6,11,13,31,41,41,47,5.633091404e-05,8.5862e-01,50.0038,3.771e-05,+1.176077609e-03,2.3956e-01
6,11,14,31,41,43,53,1.060694233e-04,7.3731e-01,50.0013,1.341e-05,+1.104783052e-03,2.6925e-01
6,11,15,31,41,47,59,8.812176018e-05,7.8050e-01,49.9938,6.219e-05,+9.537924522e-04,3.4019e-01
6,11,16,31,41,53,61,1.996346590e-04,5.2784e-01,50.0039,3.896e-05,+5.001318533e-04,6.1698e-01
6,11,17,31,41,59,67,7.644400525e-04,1.5633e-02,49.9897,1.028e-04,-7.635811314e-05,9.3913e-01
6,11,18,31,41,61,71,3.596294274e-04,2.5543e-01,49.9929,7.109e-05,+5.942328227e-05,9.5261e-01
6,11,19,31,41,67,73,2.837179429e-05,9.2851e-01,49.9968,3.234e-05,+1.120220382e-04,9.1081e-01
6,12,13,37,43,41,47,4.561192237e-04,1.4920e-01,50.0022,2.244e-05,-3.324021921e-04,7.3959e-01
6,12,14,37,43,43,53,6.405601061e-04,4.2803e-02,50.0003,2.663e-06,+1.148365651e-03,2.5082e-01
6,12,15,37,43,47,59,1.769889616e-05,9.5537e-01,49.9991,8.613e-06,+1.083870580e-03,2.7842e-01
6,12,16,37,43,53,61,6.011409375e-05,8.4923e-01,50.0042,4.164e-05,+1.639178193e-03,1.0118e-01
6,12,17,37,43,59,67,4.333080413e-05,8.9101e-01,49.9978,2.188e-05,+1.393669627e-03,1.6342e-01
6,12,18,37,43,61,71,2.283683299e-04,4.7019e-01,49.9973,2.694e-05,-8.055345710e-05,9.3580e-01
6,12,19,37,43,67,73,1.031142196e-04,7.4437e-01,50.0023,2.316e-05,-8.053927626e-04,4.2059e-01
6,13,14,41,47,43,53,3.803367587e-04,2.2908e-01,49.9957,4.305e-05,+1.399289767e-03,1.6173e-01
6,13,15,41,47,47,59,1.798747283e-04,5.6948e-01,49.9912,8.763e-05,-1.637223629e-04,8.6995e-01
6,13,16,41,47,53,61,4.139846137e-05,8.9584e-01,50.0004,4.350e-06,-1.439358999e-04,8.8555e-01
6,13,17,41,47,59,67,4.422383683e-04,1.6197e-01,50.0006,6.138e-06,-1.245171428e-03,2.1307e-01
6,13,18,41,47,61,71,1.865965496e-04,5.5514e-01,49.9978,2.203e-05,+1.030085636e-03,3.0297e-01
6,13,19,41,47,67,73,1.220105428e-05,9.6922e-01,49.9985,1.463e-05,-6.310787511e-04,5.2799e-01
6,14,15,43,53,47,59,3.658527916e-05,9.0790e-01,50.0007,6.925e-06,+3.836246565e-04,7.0126e-01
6,14,16,43,53,53,61,2.560735107e-04,4.1807e-01,49.9935,6.505e-05,-7.765628640e-04,4.3742e-01
6,14,17,43,53,59,67,1.011681175e-04,7.4903e-01,49.9982,1.771e-05,+1.451342368e-03,1.4668e-01
6,14,18,43,53,61,71,2.829151170e-04,3.7097e-01,50.0046,4.587e-05,+1.589065686e-04,8.7374e-01
6,14,19,43,53,67,73,1.027594073e-04,7.4522e-01,49.9983,1.688e-05,+1.324394022e-03,1.8537e-01
6,15,16,47,59,53,61,3.478419790e-04,2.7134e-01,50.0013,1.285e-05,-9.898987283e-04,3.2222e-01
6,15,17,47,59,59,67,2.990287087e-04,3.4435e-01,50.0000,2.125e-07,-6.942328112e-04,4.8754e-01
6,15,18,47,59,61,71,2.265537883e-04,4.7373e-01,49.9987,1.302e-05,-1.262387733e-03,2.0681e-01
6,15,19,47,59,67,73,2.080312198e-04,5.1063e-01,49.9985,1.528e-05,+2.516245160e-03,1.1861e-02
6,16,17,53,61,59,67,1.326326589e-05,9.6654e-01,50.0024,2.446e-05,-3.982113505e-04,6.9047e-01
6,16,18,53,61,61,71,7.469640708e-04,1.8171e-02,49.9993,7.475e-06,-5.249910958e-04,5.9959e-01
6,16,19,53,61,67,73,4.193221024e-05,8.9451e-01,49.9988,1.153e-05,+7.843502415e-04,4.3283e-01
6,17,18,59,67,61,71,4.299423813e-05,8.9185e-01,49.9970,3.019e-05,-5.189156718e-04,6.0382e-01
6,17,19,59,67,67,73,2.681222397e-04,3.9651e-01,50.0045,4.474e-05,+3.066562175e-04,7.5911e-01
6,18,19,61,71,67,73,4.364896318e-04,1.6749e-01,50.0078,7.790e-05,+1.135417408e-03,2.5620e-01
7,0,1,2,3,3,5,1.710330761e-04,5.8861e-01,49.9987,1.267e-05,-7.659952806e-04,4.4368e-01
7,0,2,2,3,5,7,1.599862719e-04,6.1291e-01,50.0061,6.072e-05,-1.086393441e-04,9.1349e-01
7,0,3,2,3,7,11,7.780581828e-05,8.0565e-01,49.9913,8.663e-05,+9.031236108e-04,3.6646e-01
7,0,4,2,3,8,13,5.613784114e-04,7.5859e-02,50.0043,4.302e-05,-2.771273887e-05,9.7789e-01
7,0,5,2,3,11,17,6.126940493e-04,5.2683e-02,50.0068,6.840e-05,-6.814258563e-04,4.9560e-01
7,0,6,2,3,13,19,1.166360697e-04,7.1225e-01,49.9958,4.235e-05,+1.243545348e-03,2.1367e-01
7,0,7,2,3,17,23,2.861464025e-04,3.6553e-01,50.0021,2.071e-05,+5.590839719e-04,5.7610e-01
7,0,8,2,3,19,29,2.794401757e-04,3.7688e-01,49.9950,5.005e-05,-5.399370909e-04,5.8924e-01
7,0,9,2,3,23,31,3.184073037e-04,3.1399e-01,49.9984,1.578e-05,-2.335767702e-03,1.9503e-02
7,0,10,2,3,29,37,1.354570774e-04,6.6839e-01,50.0028,2.825e-05,+5.234304230e-04,6.0067e-01
7,0,11,2,3,31,41,6.923996993e-04,2.8556e-02,49.9981,1.901e-05,-1.301758377e-03,1.9300e-01
7,0,12,2,3,37,43,1.721003060e-04,5.8628e-01,49.9980,1.991e-05,+8.862206331e-04,3.7550e-01
7,0,13,2,3,41,47,1.126294010e-04,7.2172e-01,50.0056,5.560e-05,-5.270168377e-04,5.9818e-01
7,0,14,2,3,43,53,5.823880802e-05,8.5388e-01,50.0041,4.145e-05,-7.540105916e-04,4.5084e-01
7,0,15,2,3,47,59,3.422145110e-04,2.7917e-01,49.9972,2.821e-05,+6.919667462e-05,9.4483e-01
7,0,16,2,3,53,61,5.795393650e-05,8.5459e-01,50.0040,3.999e-05,+1.838298631e-04,8.5415e-01
7,0,17,2,3,59,67,3.693320104e-04,2.4283e-01,50.0091,9.122e-05,+5.674282235e-04,5.7042e-01
7,0,18,2,3,61,71,9.900311450e-05,7.5422e-01,50.0019,1.894e-05,+7.447794883e-04,4.5641e-01
7,0,19,2,3,67,73,1.486445825e-04,6.3832e-01,49.9983,1.719e-05,-5.102689661e-04,6.0986e-01
7,1,2,3,5,5,7,4.224368673e-04,1.8159e-01,49.9974,2.608e-05,-1.230010331e-03,2.1869e-01
7,1,3,3,5,7,11,3.588424561e-04,2.5648e-01,50.0021,2.133e-05,+5.469389878e-04,5.8442e-01
7,1,4,3,5,8,13,3.260388283e-04,3.0253e-01,50.0093,9.313e-05,+4.301952855e-04,6.6705e-01
7,1,5,3,5,11,17,5.920641337e-04,6.1169e-02,50.0102,1.020e-04,-1.301483118e-03,1.9309e-01
7,1,6,3,5,13,19,1.524937490e-05,9.6154e-01,49.9944,5.605e-05,-1.839166099e-03,6.5891e-02
7,1,7,3,5,17,23,6.513790974e-04,3.9414e-02,49.9879,1.209e-04,+8.704650823e-06,9.9305e-01
7,1,8,3,5,19,29,8.065964224e-05,7.9867e-01,50.0020,1.973e-05,-5.751748431e-04,5.6517e-01
7,1,9,3,5,23,31,4.813321123e-04,1.2798e-01,49.9969,3.130e-05,-3.852038974e-04,7.0009e-01
7,1,10,3,5,29,37,2.897745962e-04,3.5948e-01,49.9964,3.597e-05,+9.399538008e-04,3.4724e-01
7,1,11,3,5,31,41,3.177073499e-04,3.1505e-01,49.9972,2.791e-05,+1.848740886e-03,6.4495e-02
7,1,12,3,5,37,43,1.504115801e-05,9.6206e-01,49.9981,1.851e-05,+1.905969774e-03,5.6654e-02
7,1,13,3,5,41,47,1.428826403e-06,9.9639e-01,49.9996,4.150e-06,-3.428162764e-04,7.3174e-01
7,1,14,3,5,43,53,4.991907261e-04,1.1443e-01,49.9934,6.563e-05,+4.474569031e-04,6.5455e-01
7,1,15,3,5,47,59,2.519505099e-04,4.2560e-01,50.0069,6.914e-05,-5.081896389e-04,6.1132e-01
7,1,16,3,5,53,61,1.178659906e-04,7.0935e-01,49.9962,3.799e-05,+2.747739881e-04,7.8349e-01
7,1,17,3,5,59,67,2.391985150e-04,4.4940e-01,50.0021,2.148e-05,+1.201587439e-04,9.0436e-01
7,1,18,3,5,61,71,2.353602747e-04,4.5671e-01,50.0082,8.181e-05,+2.368305147e-03,1.7870e-02
7,1,19,3,5,67,73,1.951614961e-04,5.3713e-01,50.0012,1.179e-05,-1.542545171e-03,1.2294e-01
7,2,3,5,7,7,11,2.065185179e-04,5.1371e-01,49.9994,5.825e-06,-2.831268244e-04,7.7708e-01
7,2,4,5,7,8,13,7.116887865e-04,2.4414e-02,50.0033,3.343e-05,-5.517995206e-04,5.8109e-01
7,2,5,5,7,11,17,1.086552493e-04,7.3115e-01,49.9914,8.622e-05,-5.121519676e-04,6.0854e-01
7,2,6,5,7,13,19,2.603522354e-04,4.1033e-01,50.0016,1.560e-05,-9.822228337e-06,9.9216e-01
7,2,7,5,7,17,23,4.811979110e-05,8.7905e-01,50.0029,2.861e-05,-8.458590483e-04,3.9763e-01
7,2,8,5,7,19,29,2.358600794e-05,9.4054e-01,49.9994,6.450e-06,-1.194866960e-04,9.0489e-01
7,2,9,5,7,23,31,2.600653401e-04,4.1085e-01,50.0059,5.895e-05,-7.698560682e-04,4.4139e-01
7,2,10,5,7,29,37,3.221646481e-04,3.0831e-01,49.9943,5.700e-05,+4.523193565e-04,6.5104e-01
7,2,11,5,7,31,41,3.976142845e-04,2.0862e-01,49.9974,2.611e-05,-1.150129829e-03,2.5009e-01
7,2,12,5,7,37,43,3.480086679e-05,9.1237e-01,49.9954,4.604e-05,-1.573072987e-04,8.7500e-01
7,2,13,5,7,41,47,1.064359008e-04,7.3643e-01,49.9971,2.873e-05,-1.484556310e-03,1.3766e-01
7,2,14,5,7,43,53,2.149566162e-04,4.9666e-01,50.0005,4.500e-06,-1.441993613e-03,1.4930e-01
7,2,15,5,7,47,59,1.730862359e-05,9.5635e-01,49.9919,8.071e-05,+4.800344422e-04,6.3120e-01
7,2,16,5,7,53,61,5.857745969e-04,6.3971e-02,50.0046,4.561e-05,+8.459436436e-04,3.9758e-01
7,2,17,5,7,59,67,2.460977591e-04,4.3643e-01,50.0082,8.175e-05,-1.703889834e-03,8.8402e-02
7,2,18,5,7,61,71,4.286312977e-05,8.9218e-01,50.0044,4.376e-05,-1.119662789e-03,2.6286e-01
7,2,19,5,7,67,73,3.261964914e-04,3.0230e-01,49.9995,5.338e-06,+1.138797937e-03,2.5479e-01
7,3,4,7,11,8,13,3.884138536e-04,2.1934e-01,49.9964,3.570e-05,-3.750093944e-04,7.0765e-01
7,3,5,7,11,11,17,1.886689092e-04,5.5076e-01,49.9978,2.235e-05,-2.508642773e-03,1.2120e-02
7,3,6,7,11,13,19,7.682996761e-05,8.0804e-01,50.0085,8.520e-05,-4.265066104e-04,6.6974e-01
7,3,7,7,11,17,23,9.856302172e-05,7.5528e-01,50.0077,7.694e-05,+9.114246252e-04,3.6207e-01
7,3,8,7,11,19,29,4.425031445e-04,1.6172e-01,50.0013,1.290e-05,+8.686144706e-04,3.8506e-01
7,3,9,7,11,23,31,6.864101575e-04,2.9960e-02,50.0030,2.972e-05,+3.655897565e-04,7.1467e-01
7,3,10,7,11,29,37,3.418808854e-04,2.7964e-01,49.9982,1.755e-05,-1.250567204e-03,2.1109e-01
7,3,11,7,11,31,41,5.133780021e-05,8.7103e-01,49.9902,9.794e-05,+1.016185384e-03,3.0954e-01
7,3,12,7,11,37,43,1.386293660e-04,6.6111e-01,50.0052,5.206e-05,+2.234141185e-03,2.5474e-02
7,3,13,7,11,41,47,6.990746578e-05,8.2504e-01,50.0062,6.207e-05,-1.637065650e-03,1.0162e-01
7,3,14,7,11,43,53,8.272059379e-05,7.9364e-01,49.9992,7.775e-06,+4.598362033e-04,6.4563e-01
7,3,15,7,11,47,59,2.117029478e-04,5.0320e-01,49.9946,5.429e-05,+7.922246993e-04,4.2823e-01
7,3,16,7,11,53,61,1.347824718e-05,9.6600e-01,50.0103,1.034e-04,+2.834699050e-04,7.7682e-01
7,3,17,7,11,59,67,4.084697189e-04,1.9646e-01,49.9957,4.267e-05,+7.420290054e-04,4.5807e-01
7,3,18,7,11,61,71,3.458232781e-04,2.7414e-01,49.9869,1.310e-04,+2.093839579e-04,8.3415e-01
7,3,19,7,11,67,73,2.349953226e-04,4.5741e-01,49.9967,3.289e-05,+3.432355291e-04,7.3142e-01
7,4,5,8,13,11,17,5.676816032e-04,7.2627e-02,50.0014,1.390e-05,-1.416045340e-03,1.5676e-01
7,4,6,8,13,13,19,4.898646417e-04,1.2136e-01,49.9998,1.975e-06,-1.477436644e-03,1.3956e-01
7,4,7,8,13,17,23,3.874696348e-05,9.0248e-01,50.0032,3.159e-05,+4.804831260e-04,6.3088e-01
7,4,8,8,13,19,29,1.550144096e-04,6.2399e-01,50.0004,4.100e-06,-4.520880857e-04,6.5121e-01
7,4,9,8,13,23,31,1.536213438e-05,9.6125e-01,49.9960,4.045e-05,-1.942716767e-03,5.2050e-02
7,4,10,8,13,29,37,2.858444645e-04,3.6604e-01,50.0067,6.653e-05,-1.050307696e-04,9.1635e-01
7,4,11,8,13,31,41,2.961616393e-04,3.4899e-01,50.0055,5.531e-05,-1.486798373e-03,1.3707e-01
7,4,12,8,13,37,43,1.765893644e-04,5.7655e-01,49.9984,1.569e-05,+1.465954604e-04,8.8345e-01
7,4,13,8,13,41,47,1.765629638e-04,5.7661e-01,50.0005,4.650e-06,-5.098645753e-04,6.1015e-01
7,4,14,8,13,43,53,7.036556453e-05,8.2391e-01,50.0005,4.750e-06,+1.211995363e-03,2.2551e-01
7,4,15,8,13,47,59,2.092230655e-04,5.0821e-01,50.0029,2.864e-05,+8.419239829e-04,3.9983e-01
7,4,16,8,13,53,61,2.276670849e-05,9.4261e-01,49.9962,3.776e-05,-2.029516929e-03,4.2406e-02
7,4,17,8,13,59,67,6.142904784e-05,8.4598e-01,50.0017,1.695e-05,-6.692326931e-04,5.0335e-01
7,4,18,8,13,61,71,2.419337256e-04,4.4423e-01,49.9947,5.309e-05,-8.499351483e-04,3.9536e-01
7,4,19,8,13,67,73,5.246206605e-04,9.7117e-02,50.0012,1.151e-05,-1.756881860e-04,8.6054e-01
7,5,6,11,17,13,19,3.895714877e-04,2.1797e-01,50.0104,1.042e-04,-1.303319854e-03,1.9247e-01
7,5,7,11,17,17,23,4.360252657e-04,1.6795e-01,49.9980,1.981e-05,-4.982937359e-04,6.1828e-01
7,5,8,11,17,19,29,3.824224311e-04,2.2654e-01,49.9959,4.112e-05,+1.655178593e-04,8.6854e-01
7,5,9,11,17,23,31,2.122242464e-04,5.0215e-01,49.9921,7.855e-05,+6.259761882e-04,5.3133e-01
7,5,10,11,17,29,37,4.531170923e-04,1.5189e-01,49.9862,1.385e-04,+8.264335981e-04,4.0856e-01
7,5,11,11,17,31,41,1.585615066e-04,6.1608e-01,49.9938,6.189e-05,-1.355477363e-03,1.7527e-01
7,5,12,11,17,37,43,1.988303267e-04,5.2951e-01,49.9980,2.016e-05,+1.076241064e-03,2.8182e-01
7,5,13,11,17,41,47,5.183312607e-04,1.0119e-01,50.0028,2.755e-05,+8.511992571e-05,9.3217e-01
7,5,14,11,17,43,53,2.007689002e-04,5.2550e-01,50.0016,1.600e-05,+7.260847328e-04,4.6779e-01
7,5,15,11,17,47,59,1.043684123e-04,7.4137e-01,50.0087,8.721e-05,-1.975327762e-03,4.8231e-02
7,5,16,11,17,53,61,1.258260035e-04,6.9071e-01,50.0008,7.662e-06,+5.665386073e-05,9.5482e-01
7,5,17,11,17,59,67,1.678063235e-04,5.9566e-01,49.9972,2.775e-05,+1.290160789e-03,1.9699e-01
7,5,18,11,17,61,71,1.326380986e-04,6.7490e-01,50.0023,2.336e-05,+1.781300816e-03,7.4863e-02
7,5,19,11,17,67,73,2.134522710e-05,9.4618e-01,49.9941,5.894e-05,+6.970759114e-04,4.8576e-01
7,6,7,13,19,17,23,2.397155959e-04,4.4842e-01,50.0053,5.301e-05,-7.748108182e-04,4.3845e-01
7,6,8,13,19,19,29,4.356511651e-04,1.6831e-01,50.0054,5.420e-05,-7.109668255e-04,4.7710e-01
7,6,9,13,19,23,31,4.051635308e-04,2.0011e-01,49.9993,6.575e-06,+1.646823041e-03,9.9594e-02
7,6,10,13,19,29,37,3.130684508e-04,3.2217e-01,49.9986,1.438e-05,+8.970769627e-04,3.6968e-01
7,6,11,13,19,31,41,2.427241897e-04,4.4275e-01,49.9852,1.478e-04,+4.310165914e-05,9.6562e-01
7,6,12,13,19,37,43,1.872557889e-04,5.5375e-01,50.0068,6.809e-05,+5.901174099e-04,5.5511e-01
7,6,13,13,19,41,47,4.249503179e-04,1.7901e-01,49.9956,4.350e-05,-1.854294712e-03,6.3697e-02
7,6,14,13,19,43,53,1.959149973e-04,5.3556e-01,49.9981,1.877e-05,-2.079625499e-03,3.7560e-02
7,6,15,13,19,47,59,2.980549714e-04,3.4592e-01,49.9951,4.886e-05,+6.478776308e-04,5.1706e-01
7,6,16,13,19,53,61,3.302976393e-04,2.9626e-01,50.0064,6.366e-05,-1.510194466e-03,1.3099e-01
7,6,17,13,19,59,67,6.194775350e-05,8.4469e-01,49.9973,2.655e-05,-9.835764487e-04,3.2532e-01
7,6,18,13,19,61,71,2.957335379e-04,3.4969e-01,50.0021,2.116e-05,-4.622577508e-04,6.4390e-01
7,6,19,13,19,67,73,4.907459519e-05,8.7667e-01,49.9947,5.316e-05,+1.159376339e-03,2.4630e-01
7,7,8,17,23,19,29,6.438289654e-05,8.3867e-01,50.0083,8.281e-05,+3.535854316e-04,7.2365e-01
7,7,9,17,23,23,31,4.643884649e-05,8.8325e-01,50.0037,3.679e-05,+3.527091712e-04,7.2431e-01
7,7,10,17,23,29,37,2.756632437e-04,3.8336e-01,50.0026,2.634e-05,+9.930431521e-04,3.2069e-01
7,7,11,17,23,31,41,3.891021765e-04,2.1853e-01,49.9998,1.700e-06,-4.896187844e-04,6.2440e-01
7,7,12,17,23,37,43,1.243426670e-04,6.9417e-01,50.0126,1.257e-04,-1.466258524e-03,1.4258e-01
7,7,13,17,23,41,47,2.880085776e-04,3.6242e-01,49.9925,7.524e-05,-3.375143702e-04,7.3573e-01
7,7,14,17,23,43,53,2.015806867e-04,5.2383e-01,50.0091,9.079e-05,+3.730784987e-04,7.0909e-01
7,7,15,17,23,47,59,2.609475898e-04,4.0926e-01,49.9991,9.250e-06,+6.963795264e-04,4.8619e-01
7,7,16,17,23,53,61,2.611480024e-04,4.0890e-01,50.0005,5.300e-06,+2.635870191e-03,8.3922e-03
7,7,17,17,23,59,67,5.404247797e-04,8.7456e-02,49.9951,4.851e-05,-5.900446694e-04,5.5516e-01
7,7,18,17,23,61,71,5.753134668e-05,8.5564e-01,50.0049,4.865e-05,+7.192769204e-04,4.7197e-01
7,7,19,17,23,67,73,2.371410196e-04,4.5331e-01,50.0075,7.462e-05,+8.286935838e-04,4.0728e-01
7,8,9,19,29,23,31,2.925420693e-04,3.5491e-01,49.9950,5.005e-05,-1.069977568e-03,2.8463e-01
7,8,10,19,29,29,37,5.487646275e-05,8.6223e-01,50.0106,1.056e-04,+6.471187656e-04,5.1756e-01
7,8,11,19,29,31,41,1.987233266e-04,5.2973e-01,50.0050,4.971e-05,+7.566494207e-04,4.4926e-01
7,8,12,19,29,37,43,1.860661323e-04,5.5627e-01,49.9930,6.959e-05,-1.684457665e-04,8.6623e-01
7,8,13,19,29,41,47,1.595134885e-04,6.1396e-01,49.9976,2.412e-05,+6.938833661e-04,4.8776e-01
7,8,14,19,29,43,53,6.915872925e-04,2.8743e-02,49.9934,6.607e-05,+1.969210987e-03,4.8929e-02
7,8,15,19,29,47,59,1.570021200e-04,6.1955e-01,50.0058,5.806e-05,-1.981975381e-03,4.7482e-02
7,8,16,19,29,53,61,1.594917595e-04,6.1401e-01,50.0045,4.534e-05,-2.220341182e-04,8.2429e-01
7,8,17,19,29,59,67,2.193532612e-04,4.8790e-01,49.9941,5.925e-05,-1.946221978e-04,8.4569e-01
7,8,18,19,29,61,71,4.518451625e-05,8.8638e-01,50.0010,1.039e-05,+1.357531628e-05,9.8917e-01
7,8,19,19,29,67,73,1.729972375e-04,5.8433e-01,49.9984,1.619e-05,-1.561732303e-03,1.1835e-01
7,9,10,23,31,29,37,1.867231115e-04,5.5488e-01,50.0018,1.770e-05,-7.043214917e-04,4.8123e-01
7,9,11,23,31,31,41,2.409337069e-04,4.4612e-01,50.0016,1.581e-05,+4.787948404e-04,6.3208e-01
7,9,12,23,31,37,43,3.795646683e-04,2.3003e-01,50.0066,6.641e-05,-1.572253941e-04,8.7507e-01
7,9,13,23,31,41,47,2.100675292e-04,5.0650e-01,50.0092,9.192e-05,-8.465205326e-04,3.9726e-01
7,9,14,23,31,43,53,1.892311417e-04,5.4957e-01,50.0055,5.500e-05,+1.045720608e-03,2.9569e-01
7,9,15,23,31,47,59,3.519809297e-05,9.1137e-01,49.9977,2.266e-05,-6.839351133e-04,4.9402e-01
7,9,16,23,31,53,61,7.581334805e-06,9.8087e-01,49.9989,1.106e-05,+1.626517866e-03,1.0384e-01
7,9,17,23,31,59,67,3.293730115e-04,2.9761e-01,50.0015,1.535e-05,-1.115560286e-03,2.6461e-01
7,9,18,23,31,61,71,2.979613045e-04,3.4607e-01,50.0064,6.401e-05,+1.668758573e-03,9.5165e-02
7,9,19,23,31,67,73,3.545196934e-04,2.6225e-01,49.9943,5.706e-05,-1.599214445e-04,8.7294e-01
7,10,11,29,37,31,41,2.878039300e-04,3.6276e-01,49.9985,1.526e-05,-1.163670591e-03,2.4456e-01
7,10,12,29,37,37,43,1.288029593e-04,6.8378e-01,50.0012,1.249e-05,+1.559541864e-03,1.1887e-01
7,10,13,29,37,41,47,4.346374871e-04,1.6930e-01,50.0034,3.360e-05,-1.844839791e-03,6.5061e-02
7,10,14,29,37,43,53,2.743279613e-04,3.8567e-01,50.0011,1.080e-05,-6.789831988e-04,4.9715e-01
7,10,15,29,37,47,59,2.170476340e-04,4.9248e-01,49.9971,2.884e-05,+7.553354283e-04,4.5005e-01
7,10,16,29,37,53,61,6.585043637e-04,3.7308e-02,50.0087,8.741e-05,+3.652458614e-04,7.1493e-01
7,10,17,29,37,59,67,7.799311525e-04,1.3649e-02,50.0033,3.250e-05,-6.983559729e-04,4.8495e-01
7,10,18,29,37,61,71,2.008110641e-04,5.2542e-01,49.9866,1.338e-04,-5.922601597e-04,5.5368e-01
7,10,19,29,37,67,73,2.604513408e-05,9.3436e-01,49.9977,2.296e-05,+8.486988361e-04,3.9605e-01
7,11,12,31,41,37,43,3.132315806e-04,3.2192e-01,49.9977,2.262e-05,-1.025368395e-03,3.0519e-01
7,11,13,31,41,41,47,3.183602858e-04,3.1406e-01,49.9942,5.849e-05,-6.112297487e-04,5.4105e-01
7,11,14,31,41,43,53,1.773102982e-05,9.5529e-01,50.0012,1.244e-05,-6.411818411e-04,5.2140e-01
7,11,15,31,41,47,59,4.563692175e-05,8.8525e-01,50.0119,1.191e-04,+6.427709078e-04,5.2037e-01
7,11,16,31,41,53,61,6.023671434e-04,5.6799e-02,50.0007,6.525e-06,+1.016120312e-03,3.0957e-01
7,11,17,31,41,59,67,3.255289473e-04,3.0329e-01,49.9927,7.326e-05,+6.776806850e-05,9.4597e-01
7,11,18,31,41,61,71,1.306636592e-04,6.7946e-01,50.0024,2.432e-05,+1.942912308e-04,8.4595e-01
7,11,19,31,41,67,73,5.651803289e-04,7.3896e-02,50.0060,5.995e-05,-3.079165780e-04,7.5815e-01
7,12,13,37,43,41,47,3.792182282e-04,2.3045e-01,49.9998,2.238e-06,+9.904216455e-04,3.2197e-01
7,12,14,37,43,43,53,2.064228453e-04,5.1391e-01,49.9882,1.181e-04,+6.490770178e-04,5.1629e-01
7,12,15,37,43,47,59,1.135280811e-04,7.1959e-01,49.9975,2.535e-05,+1.638528162e-04,8.6985e-01
7,12,16,37,43,53,61,1.342517626e-04,6.7117e-01,49.9942,5.827e-05,-2.196337025e-04,8.2616e-01
7,12,17,37,43,59,67,1.521581500e-04,6.3040e-01,50.0016,1.604e-05,+2.018458243e-03,4.3544e-02
7,12,18,37,43,61,71,2.789794603e-04,3.7766e-01,50.0024,2.353e-05,-1.619335818e-04,8.7136e-01
7,12,19,37,43,67,73,4.028570713e-04,2.0268e-01,49.9943,5.697e-05,+6.879555624e-04,4.9148e-01
7,13,14,41,47,43,53,3.568284064e-04,2.5916e-01,50.0045,4.463e-05,+5.569678165e-04,5.7755e-01
7,13,15,41,47,47,59,2.397935491e-04,4.4828e-01,49.9986,1.394e-05,-4.581923261e-04,6.4681e-01
7,13,16,41,47,53,61,1.160954534e-04,7.1352e-01,49.9958,4.176e-05,+7.229941245e-04,4.6968e-01
7,13,17,41,47,59,67,5.584652685e-04,7.7392e-02,49.9943,5.670e-05,-4.532296424e-04,6.5038e-01
7,13,18,41,47,61,71,9.499447397e-05,7.6387e-01,50.0017,1.731e-05,-3.683338876e-04,7.1262e-01
7,13,19,41,47,67,73,7.497071361e-04,1.7750e-02,50.0042,4.219e-05,-1.470533309e-04,8.8309e-01
7,14,15,43,53,47,59,3.154244116e-05,9.2055e-01,50.0008,7.738e-06,+2.607212034e-04,7.9431e-01
7,14,16,43,53,53,61,4.679513886e-04,1.3893e-01,50.0016,1.551e-05,+8.121990386e-04,4.1668e-01
7,14,17,43,53,59,67,6.174859740e-05,8.4518e-01,50.0017,1.660e-05,-1.961409312e-04,8.4450e-01
7,14,18,43,53,61,71,2.163502674e-04,4.9387e-01,49.9951,4.889e-05,-1.199528138e-03,2.3032e-01
7,14,19,43,53,67,73,1.657074906e-04,6.0027e-01,50.0023,2.304e-05,-1.096877578e-03,2.7269e-01
7,15,16,47,59,53,61,3.471654991e-04,2.7228e-01,50.0010,9.625e-06,-1.325409744e-03,1.8504e-01
7,15,17,47,59,59,67,1.001006449e-04,7.5159e-01,50.0001,5.625e-07,-2.705264228e-04,7.8676e-01
7,15,18,47,59,61,71,1.467531766e-05,9.6299e-01,50.0045,4.510e-05,+2.141401499e-03,3.2242e-02
7,15,19,47,59,67,73,4.588896853e-05,8.8462e-01,49.9964,3.593e-05,-1.063739920e-03,2.8745e-01
7,16,17,53,61,59,67,6.117094436e-04,5.3065e-02,49.9944,5.594e-05,-3.404854834e-04,7.3349e-01
7,16,18,53,61,61,71,7.665461970e-04,1.5349e-02,49.9968,3.195e-05,+6.896664214e-04,4.9040e-01
7,16,19,53,61,67,73,6.636282427e-05,8.3378e-01,49.9967,3.340e-05,+2.058421886e-03,3.9550e-02
7,17,18,59,67,61,71,7.565812283e-05,8.1091e-01,50.0044,4.416e-05,+9.488068575e-04,3.4272e-01
7,17,19,59,67,67,73,6.250413260e-04,4.8092e-02,49.9998,1.863e-06,-3.948306853e-04,6.9297e-01
7,18,19,61,71,67,73,5.808197989e-05,8.5427e-01,50.0059,5.890e-05,-8.137956927e-04,4.1576e-01
8,0,1,2,3,3,5,1.415786458e-04,6.5436e-01,49.9910,9.024e-05,+7.523127920e-04,4.5186e-01
8,0,2,2,3,5,7,1.404655760e-04,6.5690e-01,50.0044,4.382e-05,+3.355112097e-04,7.3724e-01
8,0,3,2,3,7,11,4.037992020e-04,2.0163e-01,49.9944,5.599e-05,+7.439003305e-04,4.5694e-01
8,0,4,2,3,8,13,7.323692024e-05,8.1685e-01,49.9940,6.017e-05,-3.608231041e-04,7.1823e-01
8,0,5,2,3,11,17,4.381998145e-04,1.6584e-01,49.9904,9.641e-05,+1.431626393e-04,8.8616e-01
8,0,6,2,3,13,19,3.569669877e-05,9.1012e-01,50.0059,5.891e-05,+6.580997304e-04,5.1047e-01
8,0,7,2,3,17,23,2.104263976e-04,5.0578e-01,49.9945,5.454e-05,+7.455430049e-04,4.5594e-01
8,0,8,2,3,19,29,2.610123178e-04,4.0915e-01,50.0070,7.050e-05,+1.477308319e-03,1.3959e-01
8,0,9,2,3,23,31,6.623718696e-05,8.3409e-01,50.0011,1.126e-05,+8.693157272e-04,3.8467e-01
8,0,10,2,3,29,37,4.153808464e-04,1.8900e-01,49.9925,7.472e-05,-7.081868120e-04,4.7883e-01
8,0,11,2,3,31,41,6.785695761e-05,8.3009e-01,50.0048,4.780e-05,-3.048039363e-04,7.6052e-01
8,0,12,2,3,37,43,4.257271880e-04,1.7822e-01,50.0026,2.586e-05,+2.989612283e-04,7.6497e-01
8,0,13,2,3,41,47,3.649770288e-05,9.0812e-01,50.0013,1.343e-05,-4.616415547e-04,6.4434e-01
8,0,14,2,3,43,53,1.765258640e-04,5.7669e-01,50.0024,2.415e-05,-9.567112869e-04,3.3871e-01
8,0,15,2,3,47,59,6.060339978e-04,5.5308e-02,50.0075,7.521e-05,+1.740878781e-03,8.1705e-02
8,0,16,2,3,53,61,4.887015919e-04,1.2225e-01,49.9953,4.728e-05,-3.448934446e-04,7.3017e-01
8,0,17,2,3,59,67,1.214609062e-05,9.6936e-01,49.9993,6.650e-06,-7.356214044e-05,9.4136e-01
8,0,18,2,3,61,71,1.957927110e-04,5.3582e-01,50.0013,1.291e-05,+7.237664091e-04,4.6921e-01
8,0,19,2,3,67,73,5.921364434e-05,8.5146e-01,49.9988,1.198e-05,-7.118782151e-05,9.4325e-01
8,1,2,3,5,5,7,2.554519944e-05,9.3562e-01,50.0020,1.989e-05,-2.209057251e-04,8.2517e-01
8,1,3,3,5,7,11,5.228148182e-05,8.6869e-01,50.0026,2.603e-05,+8.055889420e-04,4.2048e-01
8,1,4,3,5,8,13,1.805218425e-04,5.6809e-01,49.9927,7.339e-05,-1.291923229e-03,1.9638e-01
8,1,5,3,5,11,17,4.464740010e-06,9.8874e-01,50.0030,2.972e-05,-1.406660641e-03,1.5953e-01
8,1,6,3,5,13,19,1.824408237e-04,5.6399e-01,49.9914,8.632e-05,-2.784926886e-04,7.8063e-01
8,1,7,3,5,17,23,1.941125349e-04,5.3932e-01,50.0084,8.355e-05,+7.768995239e-04,4.3722e-01
8,1,8,3,5,19,29,4.624699536e-04,1.4362e-01,49.9941,5.889e-05,+4.840530977e-04,6.2835e-01
8,1,9,3,5,23,31,1.672061072e-04,5.9698e-01,49.9925,7.508e-05,+1.774269507e-03,7.6019e-02
8,1,10,3,5,29,37,3.564156186e-04,2.5971e-01,49.9983,1.741e-05,-2.756867183e-04,7.8279e-01
8,1,11,3,5,31,41,4.662463834e-04,1.4037e-01,49.9904,9.646e-05,-2.508292966e-04,8.0195e-01
8,1,12,3,5,37,43,4.361363766e-04,1.6784e-01,49.9943,5.655e-05,-3.299726246e-04,7.4142e-01
8,1,13,3,5,41,47,2.293942673e-05,9.4217e-01,50.0004,3.888e-06,-6.187846625e-06,9.9506e-01
8,1,14,3,5,43,53,3.047140556e-04,3.3525e-01,50.0025,2.451e-05,+1.116412197e-03,2.6425e-01
8,1,15,3,5,47,59,4.408995710e-04,1.6324e-01,50.0032,3.170e-05,-8.285953513e-04,4.0733e-01
8,1,16,3,5,53,61,5.420413453e-04,8.6513e-02,50.0017,1.746e-05,-5.258508400e-04,5.9899e-01
8,1,17,3,5,59,67,6.991600571e-04,2.7040e-02,50.0078,7.776e-05,+5.445150756e-04,5.8609e-01
8,1,18,3,5,61,71,4.012469946e-04,2.0449e-01,49.9885,1.149e-04,+1.327693648e-03,1.8428e-01
8,1,19,3,5,67,73,2.148523270e-04,4.9687e-01,50.0098,9.846e-05,-9.836935520e-06,9.9215e-01
8,2,3,5,7,7,11,2.200994319e-04,4.8642e-01,49.9991,8.762e-06,+1.152478191e-03,2.4912e-01
8,2,4,5,7,8,13,2.850417977e-05,9.2818e-01,50.0027,2.738e-05,-7.277318933e-04,4.6678e-01
8,2,5,5,7,11,17,1.026175395e-04,7.4556e-01,49.9984,1.634e-05,+1.448035665e-03,1.4761e-01
8,2,6,5,7,13,19,1.620308721e-04,6.0838e-01,49.9954,4.554e-05,-1.874276427e-03,6.0892e-02
8,2,7,5,7,17,23,3.074956276e-04,3.3086e-01,50.0012,1.191e-05,+7.723575259e-04,4.3990e-01
8,2,8,5,7,19,29,1.086793058e-04,7.3109e-01,49.9983,1.723e-05,-1.624670221e-03,1.0423e-01
8,2,9,5,7,23,31,2.132291838e-04,5.0013e-01,50.0021,2.149e-05,+3.732445547e-04,7.0897e-01
8,2,10,5,7,29,37,3.820589776e-04,2.2698e-01,49.9930,6.977e-05,+8.601216417e-04,3.8972e-01
8,2,11,5,7,31,41,4.619102446e-04,1.4410e-01,50.0013,1.280e-05,+1.853710014e-04,8.5294e-01
8,2,12,5,7,37,43,3.937978082e-04,2.1302e-01,50.0016,1.579e-05,+9.876972951e-04,3.2330e-01
8,2,13,5,7,41,47,4.313687056e-04,1.7253e-01,50.0101,1.010e-04,-9.152269954e-04,3.6007e-01
8,2,14,5,7,43,53,2.677864478e-04,3.9710e-01,50.0006,5.675e-06,-2.068257664e-04,8.3615e-01
8,2,15,5,7,47,59,2.959312451e-05,9.2544e-01,49.9965,3.451e-05,-1.386474200e-04,8.8973e-01
8,2,16,5,7,53,61,4.307390198e-04,1.7316e-01,49.9976,2.437e-05,-1.155755481e-03,2.4778e-01
8,2,17,5,7,59,67,4.114973096e-04,1.9317e-01,49.9960,4.005e-05,+5.161803143e-04,6.0573e-01
8,2,18,5,7,61,71,2.692170249e-05,9.3215e-01,50.0017,1.669e-05,-1.362155821e-04,8.9165e-01
8,2,19,5,7,67,73,2.198276930e-04,4.8696e-01,49.9995,4.700e-06,+1.056684604e-03,2.9066e-01
8,3,4,7,11,8,13,6.035723615e-05,8.4863e-01,49.9978,2.249e-05,-2.931103311e-04,7.6944e-01
8,3,5,7,11,11,17,1.299235637e-04,6.8118e-01,49.9991,9.250e-06,+1.807803212e-04,8.5654e-01
8,3,6,7,11,13,19,2.355087703e-04,4.5643e-01,49.9892,1.080e-04,-1.549429865e-03,1.2128e-01
8,3,7,7,11,17,23,3.045718475e-04,3.3548e-01,49.9935,6.470e-05,+4.233179126e-04,6.7206e-01
8,3,8,7,11,19,29,2.865450610e-04,3.6486e-01,50.0075,7.451e-05,-5.892363914e-04,5.5570e-01
8,3,9,7,11,23,31,2.921406874e-04,3.5557e-01,50.0053,5.260e-05,+7.894169151e-04,4.2987e-01
8,3,10,7,11,29,37,5.295882132e-05,8.6700e-01,50.0038,3.769e-05,-9.750880675e-04,3.2952e-01
8,3,11,7,11,31,41,8.596951036e-05,7.8573e-01,50.0023,2.331e-05,+1.480573411e-03,1.3872e-01
8,3,12,7,11,37,43,1.891382573e-04,5.4977e-01,50.0074,7.438e-05,+4.027311291e-05,9.6788e-01
8,3,13,7,11,41,47,6.281988994e-04,4.6973e-02,50.0079,7.914e-05,+9.134348240e-04,3.6101e-01
8,3,14,7,11,43,53,1.517370270e-04,6.3135e-01,49.9936,6.446e-05,+2.331211789e-04,8.1567e-01
8,3,15,7,11,47,59,1.761242236e-04,5.7756e-01,49.9946,5.367e-05,+8.751687618e-04,3.8148e-01
8,3,16,7,11,53,61,5.657440162e-04,7.3608e-02,49.9928,7.166e-05,+1.529707037e-03,1.2609e-01
8,3,17,7,11,59,67,5.698632009e-04,7.1535e-02,49.9990,1.041e-05,-6.144353474e-04,5.3893e-01
8,3,18,7,11,61,71,3.257260103e-04,3.0299e-01,50.0101,1.014e-04,+4.097543666e-04,6.8199e-01
8,3,19,7,11,67,73,3.728484217e-04,2.3838e-01,49.9941,5.876e-05,-5.747723791e-04,5.6545e-01
8,4,5,8,13,11,17,4.514761685e-05,8.8647e-01,50.0090,9.016e-05,-5.293653719e-04,5.9655e-01
8,4,6,8,13,13,19,5.484471728e-04,8.2857e-02,50.0000,1.375e-07,-6.815912537e-04,4.9550e-01
8,4,7,8,13,17,23,1.988017912e-04,5.2957e-01,50.0071,7.134e-05,+6.319045022e-04,5.2745e-01
8,4,8,8,13,19,29,4.594699811e-04,1.4623e-01,49.9951,4.878e-05,+5.051273076e-04,6.1347e-01
8,4,9,8,13,23,31,1.919877034e-04,5.4377e-01,50.0019,1.939e-05,+3.888185555e-04,6.9741e-01
8,4,10,8,13,29,37,2.240521325e-04,4.7863e-01,50.0014,1.430e-05,+6.120925308e-04,5.4048e-01
8,4,11,8,13,31,41,2.284271431e-04,4.7008e-01,49.9888,1.123e-04,+3.104017810e-04,7.5626e-01
8,4,12,8,13,37,43,4.601166553e-05,8.8431e-01,50.0042,4.154e-05,+2.892972083e-04,7.7235e-01
8,4,13,8,13,41,47,3.942386114e-04,2.1251e-01,50.0053,5.345e-05,+1.214731536e-04,9.0332e-01
8,4,14,8,13,43,53,3.091716906e-04,3.2823e-01,50.0021,2.090e-05,+4.706531467e-04,6.3789e-01
8,4,15,8,13,47,59,1.211196281e-04,7.0171e-01,49.9989,1.126e-05,+4.068725554e-04,6.8410e-01
8,4,16,8,13,53,61,3.722399707e-04,2.3915e-01,50.0006,5.675e-06,+1.159369201e-03,2.4631e-01
8,4,17,8,13,59,67,2.603868802e-05,9.3438e-01,49.9989,1.070e-05,+7.695132661e-05,9.3866e-01
8,4,18,8,13,61,71,7.572793215e-05,8.1074e-01,50.0036,3.576e-05,-8.616328768e-04,3.8889e-01
8,4,19,8,13,67,73,3.412267871e-04,2.8056e-01,49.9916,8.383e-05,+1.389980132e-04,8.8945e-01
8,5,6,11,17,13,19,2.977037266e-04,3.4649e-01,49.9992,8.250e-06,+9.894291905e-04,3.2245e-01
8,5,7,11,17,17,23,1.082099791e-04,7.3221e-01,50.0088,8.805e-05,+1.265790482e-04,8.9927e-01
8,5,8,11,17,19,29,1.143755874e-04,7.1759e-01,50.0098,9.816e-05,+3.036088296e-03,2.3967e-03
8,5,9,11,17,23,31,2.133163022e-04,4.9995e-01,49.9979,2.065e-05,+3.610322437e-04,7.1808e-01
8,5,10,11,17,29,37,2.037866173e-04,5.1930e-01,49.9929,7.054e-05,-1.042011594e-03,2.9741e-01
8,5,11,11,17,31,41,3.512740127e-04,2.6664e-01,50.0036,3.596e-05,+5.358419623e-04,5.9207e-01
8,5,12,11,17,37,43,3.465362593e-06,9.9126e-01,50.0043,4.302e-05,-8.519668311e-05,9.3211e-01
8,5,13,11,17,41,47,3.473260514e-05,9.1254e-01,49.9999,1.213e-06,+8.230344082e-05,9.3441e-01
8,5,14,11,17,43,53,2.732707900e-04,3.8750e-01,50.0042,4.196e-05,+9.172094687e-04,3.5903e-01
8,5,15,11,17,47,59,5.949175892e-04,5.9932e-02,49.9912,8.767e-05,+6.703286146e-04,5.0265e-01
8,5,16,11,17,53,61,1.276055011e-04,6.8656e-01,50.0001,7.125e-07,-1.462208894e-03,1.4368e-01
8,5,17,11,17,59,67,3.406957061e-04,2.8131e-01,49.9979,2.149e-05,+2.105216341e-04,8.3326e-01
8,5,18,11,17,61,71,2.675564186e-04,3.9750e-01,49.9959,4.080e-05,-1.056456517e-03,2.9076e-01
8,5,19,11,17,67,73,4.051311059e-04,2.0015e-01,49.9958,4.164e-05,-4.319878977e-04,6.6575e-01
8,6,7,13,19,17,23,3.862024931e-04,2.2198e-01,50.0001,5.000e-07,-6.370411434e-04,5.2410e-01
8,6,8,13,19,19,29,6.686204485e-04,3.4484e-02,50.0098,9.781e-05,+7.832854759e-04,4.3346e-01
8,6,9,13,19,23,31,1.738760474e-04,5.8243e-01,50.0092,9.190e-05,-1.074623714e-03,2.8254e-01
8,6,10,13,19,29,37,3.000375169e-04,3.4272e-01,50.0017,1.659e-05,+1.406523388e-03,1.5957e-01
8,6,11,13,19,31,41,5.947825121e-04,5.9990e-02,50.0101,1.011e-04,-1.217673165e-03,2.2335e-01
8,6,12,13,19,37,43,1.154219646e-04,7.1511e-01,50.0013,1.282e-05,+1.451905490e-03,1.4653e-01
8,6,13,13,19,41,47,7.703750085e-05,8.0753e-01,50.0037,3.686e-05,+3.222594890e-04,7.4726e-01
8,6,14,13,19,43,53,1.802859534e-04,5.6860e-01,50.0102,1.019e-04,-8.773503721e-04,3.8030e-01
8,6,15,13,19,47,59,5.887958006e-05,8.5229e-01,50.0024,2.388e-05,+1.652554732e-04,8.6874e-01
8,6,16,13,19,53,61,3.249161760e-04,3.0420e-01,50.0049,4.899e-05,-9.869150929e-05,9.2138e-01
8,6,17,13,19,59,67,2.398014296e-04,4.4826e-01,50.0016,1.626e-05,-7.241091957e-04,4.6900e-01
8,6,18,13,19,61,71,4.046007463e-04,2.0074e-01,49.9993,6.650e-06,-7.272055061e-04,4.6710e-01
8,6,19,13,19,67,73,2.422050480e-04,4.4372e-01,50.0021,2.066e-05,+3.609973723e-04,7.1810e-01
8,7,8,17,23,19,29,2.659808385e-05,9.3297e-01,50.0019,1.936e-05,-8.614699370e-04,3.8898e-01
8,7,9,17,23,23,31,1.586417156e-04,6.1590e-01,50.0087,8.727e-05,-5.535134662e-04,5.7991e-01
8,7,10,17,23,29,37,3.206243359e-04,3.1063e-01,49.9970,2.961e-05,-9.636644163e-04,3.3521e-01
8,7,11,17,23,31,41,3.128680741e-04,3.2248e-01,49.9993,7.088e-06,-5.370283714e-04,5.9125e-01
8,7,12,17,23,37,43,2.982465150e-04,3.4561e-01,50.0059,5.943e-05,+2.049179776e-04,8.3764e-01
8,7,13,17,23,41,47,1.718895403e-04,5.8674e-01,49.9897,1.030e-04,+1.681944477e-03,9.2580e-02
8,7,14,17,23,43,53,5.845591416e-05,8.5334e-01,50.0028,2.799e-05,-3.488673915e-04,7.2719e-01
8,7,15,17,23,47,59,1.442486085e-04,6.4828e-01,50.0060,5.965e-05,+1.188978986e-03,2.3445e-01
8,7,16,17,23,53,61,1.161966728e-04,7.1329e-01,50.0055,5.511e-05,-2.457175139e-03,1.4003e-02
8,7,17,17,23,59,67,2.905589080e-04,3.5819e-01,50.0032,3.184e-05,-1.123585114e-03,2.6119e-01
8,7,18,17,23,61,71,9.628569143e-05,7.6076e-01,50.0010,1.015e-05,+1.481475704e-04,8.8223e-01
8,7,19,17,23,67,73,6.915637427e-04,2.8749e-02,50.0045,4.456e-05,+5.698933256e-05,9.5455e-01
8,8,9,19,29,23,31,2.076725206e-04,5.1136e-01,49.9936,6.396e-05,+1.035807762e-03,3.0029e-01
8,8,10,19,29,29,37,9.572256006e-05,7.6212e-01,50.0122,1.221e-04,+2.857626065e-04,7.7506e-01
8,8,11,19,29,31,41,1.301468651e-04,6.8066e-01,50.0023,2.280e-05,+2.625886384e-04,7.9287e-01
8,8,12,19,29,37,43,1.402991315e-04,6.5728e-01,49.9963,3.706e-05,-1.635684938e-04,8.7007e-01
8,8,13,19,29,41,47,2.092202869e-04,5.0822e-01,50.0033,3.292e-05,+1.608165984e-03,1.0780e-01
8,8,14,19,29,43,53,2.760469076e-04,3.8270e-01,50.0083,8.252e-05,-9.001116230e-05,9.2828e-01
8,8,15,19,29,47,59,2.994609669e-04,3.4365e-01,49.9991,8.862e-06,-1.290864684e-03,1.9675e-01
8,8,16,19,29,53,61,1.833900193e-04,5.6196e-01,49.9941,5.865e-05,+2.031803129e-04,8.3899e-01
8,8,17,19,29,59,67,4.248978748e-04,1.7906e-01,49.9908,9.225e-05,+4.378990190e-04,6.6146e-01
8,8,18,19,29,61,71,7.003690403e-05,8.2472e-01,50.0105,1.051e-04,-7.918380289e-04,4.2846e-01
8,8,19,19,29,67,73,1.631930587e-04,6.0581e-01,50.0018,1.850e-05,-6.369400145e-04,5.2416e-01
8,9,10,23,31,29,37,4.090279997e-04,1.9585e-01,50.0034,3.381e-05,-1.017565587e-03,3.0888e-01
8,9,11,23,31,31,41,4.731155926e-05,8.8107e-01,49.9920,7.971e-05,-7.374942719e-04,4.6082e-01
8,9,12,23,31,37,43,2.052828245e-04,5.1623e-01,50.0005,5.325e-06,-6.076817531e-04,5.4340e-01
8,9,13,23,31,41,47,2.910457127e-04,3.5738e-01,50.0032,3.186e-05,-1.337845411e-03,1.8095e-01
8,9,14,23,31,43,53,2.080996652e-04,5.1049e-01,50.0022,2.216e-05,+1.468218946e-03,1.4204e-01
8,9,15,23,31,47,59,3.264711878e-04,3.0189e-01,50.0013,1.320e-05,+2.124263911e-03,3.3648e-02
8,9,16,23,31,53,61,1.846813378e-04,5.5921e-01,50.0060,5.966e-05,-1.726791216e-03,8.4205e-02
8,9,17,23,31,59,67,1.678359665e-04,5.9560e-01,49.9962,3.799e-05,+1.647714257e-03,9.9411e-02
8,9,18,23,31,61,71,5.046575711e-04,1.1052e-01,50.0034,3.398e-05,-2.893956794e-04,7.7228e-01
8,9,19,23,31,67,73,1.857056685e-04,5.5703e-01,50.0085,8.496e-05,-4.914105373e-04,6.2314e-01
8,10,11,29,37,31,41,3.678715091e-04,2.4470e-01,49.9966,3.400e-05,+1.585273368e-03,1.1290e-01
8,10,12,29,37,37,43,7.425295237e-04,1.8870e-02,50.0072,7.156e-05,+1.082079309e-04,9.1383e-01
8,10,13,29,37,41,47,1.109570764e-04,7.2568e-01,50.0020,2.050e-05,+1.418703992e-03,1.5599e-01
8,10,14,29,37,43,53,4.393269567e-04,1.6475e-01,50.0018,1.838e-05,+3.291317360e-04,7.4206e-01
8,10,15,29,37,47,59,3.648960897e-04,2.4854e-01,50.0016,1.589e-05,-1.170503605e-03,2.4180e-01
8,10,16,29,37,53,61,6.660251087e-05,8.3319e-01,49.9934,6.625e-05,+8.803800701e-04,3.7865e-01
8,10,17,29,37,59,67,4.918792914e-04,1.1984e-01,49.9985,1.512e-05,-9.147128738e-04,3.6034e-01
8,10,18,29,37,61,71,6.170841049e-05,8.4528e-01,50.0016,1.571e-05,+1.199578407e-03,2.3030e-01
8,10,19,29,37,67,73,1.050600983e-04,7.3972e-01,49.9967,3.320e-05,+3.879530700e-04,6.9805e-01
8,11,12,31,41,37,43,7.684959051e-04,1.5091e-02,50.0109,1.088e-04,+1.470061637e-03,1.4155e-01
8,11,13,31,41,41,47,5.465536215e-04,8.3925e-02,49.9951,4.908e-05,+1.424359677e-05,9.8864e-01
8,11,14,31,41,43,53,1.255230324e-04,6.9141e-01,50.0004,4.325e-06,+3.669292093e-04,7.1367e-01
8,11,15,31,41,47,59,5.185945717e-04,1.0102e-01,49.9992,8.287e-06,+1.433012201e-03,1.5185e-01
8,11,16,31,41,53,61,3.799702803e-04,2.2953e-01,50.0068,6.752e-05,-1.173111585e-03,2.4075e-01
8,11,17,31,41,59,67,4.103818610e-04,1.9438e-01,50.0069,6.855e-05,+1.732823123e-04,8.6243e-01
8,11,18,31,41,61,71,3.396189458e-04,2.8284e-01,50.0014,1.439e-05,-4.531731451e-04,6.5042e-01
8,11,19,31,41,67,73,5.134895148e-05,8.7101e-01,49.9921,7.910e-05,+1.989527529e-03,4.6643e-02
8,12,13,37,43,41,47,2.004227562e-04,5.2622e-01,50.0008,8.488e-06,-7.478562761e-04,4.5455e-01
8,12,14,37,43,43,53,2.886645711e-04,3.6133e-01,49.9970,3.014e-05,+6.349369722e-04,5.2547e-01
8,12,15,37,43,47,59,9.888837313e-05,7.5450e-01,50.0040,4.020e-05,+2.772948394e-04,7.8155e-01
8,12,16,37,43,53,61,5.728929873e-04,7.0041e-02,49.9992,8.238e-06,-6.028934351e-04,5.4658e-01
8,12,17,37,43,59,67,4.012445828e-05,8.9903e-01,50.0011,1.134e-05,-3.428889499e-04,7.3168e-01
8,12,18,37,43,61,71,4.553851137e-04,1.4985e-01,49.9955,4.457e-05,-1.864412592e-03,6.2264e-02
8,12,19,37,43,67,73,2.580604782e-04,4.1447e-01,50.0016,1.574e-05,-4.410728353e-04,6.5916e-01
8,13,14,41,47,43,53,1.407304915e-04,6.5630e-01,50.0066,6.630e-05,-2.361450197e-04,8.1332e-01
8,13,15,41,47,47,59,1.633248310e-04,6.0552e-01,50.0116,1.161e-04,+1.259782036e-04,8.9975e-01
8,13,16,41,47,53,61,2.135286528e-04,4.9953e-01,50.0016,1.585e-05,-1.147697491e-03,2.5109e-01
8,13,17,41,47,59,67,5.008175514e-04,1.1326e-01,49.9993,6.825e-06,-2.313973555e-03,2.0669e-02
8,13,18,41,47,61,71,3.170111259e-04,3.1611e-01,49.9944,5.631e-05,-5.088740104e-04,6.1084e-01
8,13,19,41,47,67,73,7.569776247e-05,8.1081e-01,49.9990,1.000e-05,+8.254959850e-04,4.0909e-01
8,14,15,43,53,47,59,2.893969108e-04,3.6011e-01,50.0014,1.376e-05,+1.734183565e-04,8.6232e-01
8,14,16,43,53,53,61,7.706603481e-05,8.0746e-01,50.0008,8.325e-06,-6.188138190e-04,5.3604e-01
8,14,17,43,53,59,67,4.712395704e-04,1.3617e-01,49.9967,3.278e-05,-1.764275251e-03,7.7686e-02
8,14,18,43,53,61,71,7.622343600e-05,8.0952e-01,49.9899,1.008e-04,-1.215388334e-03,2.2422e-01
8,14,19,43,53,67,73,2.948391822e-04,3.5115e-01,49.9996,3.800e-06,-1.359635319e-03,1.7395e-01
8,15,16,47,59,53,61,2.873848133e-04,3.6346e-01,49.9989,1.121e-05,-8.066607215e-04,4.1986e-01
8,15,17,47,59,59,67,5.352974714e-04,9.0501e-02,50.0091,9.101e-05,+1.420696687e-03,1.5540e-01
8,15,18,47,59,61,71,3.477700663e-06,9.9123e-01,49.9941,5.853e-05,+1.141151517e-03,2.5381e-01
8,15,19,47,59,67,73,1.473879620e-04,6.4116e-01,49.9991,9.388e-06,+5.385592211e-04,5.9019e-01
8,16,17,53,61,59,67,1.413453821e-05,9.6435e-01,49.9971,2.853e-05,-2.561236918e-03,1.0430e-02
8,16,18,53,61,61,71,5.238258215e-06,9.8678e-01,50.0107,1.071e-04,-1.178559419e-03,2.3857e-01
8,16,19,53,61,67,73,1.608828576e-04,6.1092e-01,50.0025,2.547e-05,-1.161522107e-03,2.4543e-01
8,17,18,59,67,61,71,3.183772898e-05,9.1980e-01,50.0000,6.250e-08,-7.165792016e-04,4.7363e-01
8,17,19,59,67,67,73,2.620801507e-04,4.0723e-01,49.9984,1.560e-05,-5.123347063e-04,6.0842e-01
8,18,19,61,71,67,73,3.871366769e-04,2.2086e-01,49.9933,6.716e-05,-2.290601716e-03,2.1986e-02
9,0,1,2,3,3,5,4.301914963e-04,1.7371e-01,49.9992,8.100e-06,-9.448068090e-04,3.4476e-01
9,0,2,2,3,5,7,2.269884471e-05,9.4278e-01,49.9998,2.262e-06,+6.905195186e-04,4.8987e-01
9,0,3,2,3,7,11,1.530687850e-04,6.2835e-01,50.0021,2.139e-05,+5.215088902e-04,6.0201e-01
9,0,4,2,3,8,13,3.537043426e-04,2.6335e-01,49.9984,1.582e-05,-1.442094395e-03,1.4928e-01
9,0,5,2,3,11,17,4.789286979e-05,8.7962e-01,50.0002,2.125e-06,-1.958465198e-03,5.0175e-02
9,0,6,2,3,13,19,1.827153386e-04,5.6340e-01,49.9973,2.749e-05,+1.432118131e-04,8.8612e-01
9,0,7,2,3,17,23,4.414006626e-04,1.6277e-01,50.0080,7.959e-05,+1.196163969e-03,2.3163e-01
9,0,8,2,3,19,29,3.023433735e-04,3.3902e-01,50.0048,4.785e-05,+1.308226364e-03,1.9080e-01
9,0,9,2,3,23,31,3.999793968e-04,2.0593e-01,49.9958,4.210e-05,-2.894755597e-04,7.7222e-01
9,0,10,2,3,29,37,1.876815359e-04,5.5285e-01,50.0011,1.121e-05,+6.686863946e-04,5.0370e-01
9,0,11,2,3,31,41,2.626535513e-04,4.0621e-01,50.0043,4.273e-05,-7.282074037e-04,4.6649e-01
9,0,12,2,3,37,43,1.782420401e-05,9.5505e-01,50.0087,8.715e-05,-4.546742256e-04,6.4934e-01
9,0,13,2,3,41,47,6.701788830e-04,3.4066e-02,50.0000,1.250e-07,-8.845960176e-04,3.7637e-01
9,0,14,2,3,43,53,5.345913152e-04,9.0927e-02,49.9936,6.363e-05,-9.201612605e-04,3.5749e-01
9,0,15,2,3,47,59,1.273859772e-04,6.8707e-01,49.9906,9.414e-05,+6.350390463e-04,5.2540e-01
9,0,16,2,3,53,61,4.348920977e-04,1.6905e-01,49.9999,1.375e-06,+1.971821489e-04,8.4368e-01
9,0,17,2,3,59,67,7.366910739e-06,9.8141e-01,49.9993,6.713e-06,+1.738924038e-04,8.6195e-01
9,0,18,2,3,61,71,1.456154271e-04,6.4517e-01,50.0029,2.861e-05,-1.692197504e-03,9.0608e-02
9,0,19,2,3,67,73,3.587228321e-05,9.0968e-01,49.9897,1.032e-04,-2.263638673e-06,9.9819e-01
9,1,2,3,5,5,7,1.096415948e-04,7.2880e-01,49.9932,6.836e-05,+2.863430421e-04,7.7462e-01
9,1,3,3,5,7,11,3.347496026e-05,9.1570e-01,50.0010,1.046e-05,+5.902342758e-04,5.5503e-01
9,1,4,3,5,8,13,2.322393558e-04,4.6270e-01,50.0011,1.103e-05,-7.452887398e-04,4.5610e-01
9,1,5,3,5,11,17,2.976417860e-04,3.4659e-01,49.9986,1.393e-05,+4.790424641e-04,6.3191e-01
9,1,6,3,5,13,19,7.673938972e-05,8.0826e-01,49.9946,5.446e-05,+8.010464002e-04,4.2310e-01
9,1,7,3,5,17,23,6.360438001e-04,4.4289e-02,50.0028,2.771e-05,+1.519752636e-04,8.7921e-01
9,1,8,3,5,19,29,2.326144964e-04,4.6198e-01,50.0032,3.172e-05,-2.470410151e-03,1.3496e-02
9,1,9,3,5,23,31,5.605012639e-05,8.5932e-01,49.9990,9.825e-06,-1.494307520e-04,8.8121e-01
9,1,10,3,5,29,37,4.747185576e-05,8.8067e-01,50.0043,4.256e-05,-5.801045908e-04,5.6184e-01
9,1,11,3,5,31,41,8.703126849e-05,7.8315e-01,49.9986,1.390e-05,-1.369010891e-03,1.7100e-01
9,1,12,3,5,37,43,2.157904033e-04,4.9499e-01,49.9958,4.250e-05,+2.093391902e-04,8.3418e-01
9,1,13,3,5,41,47,3.196009183e-04,3.1218e-01,49.9967,3.310e-05,+8.712840878e-04,3.8360e-01
9,1,14,3,5,43,53,2.362893406e-04,4.5494e-01,49.9866,1.341e-04,-7.444239479e-04,4.5662e-01
9,1,15,3,5,47,59,1.032661963e-04,7.4400e-01,49.9928,7.189e-05,+6.890415877e-04,4.9080e-01
9,1,16,3,5,53,61,5.706098457e-04,7.1164e-02,49.9939,6.070e-05,-5.136928163e-04,6.0747e-01
9,1,17,3,5,59,67,6.890250838e-04,2.9340e-02,49.9952,4.794e-05,+1.409051038e-03,1.5882e-01
9,1,18,3,5,61,71,3.788687034e-04,2.3088e-01,50.0023,2.286e-05,-1.712241575e-04,8.6405e-01
9,1,19,3,5,67,73,1.163167730e-04,7.1300e-01,49.9977,2.321e-05,+4.842857598e-04,6.2818e-01
9,2,3,5,7,7,11,2.811866433e-04,3.7390e-01,50.0090,9.017e-05,-6.893796965e-04,4.9058e-01
9,2,4,5,7,8,13,1.032800614e-05,9.7395e-01,49.9991,8.813e-06,+4.945471587e-04,6.2092e-01
9,2,5,5,7,11,17,6.107925473e-05,8.4684e-01,49.9970,2.956e-05,+4.504959078e-04,6.5235e-01
9,2,6,5,7,13,19,1.477175950e-04,6.4041e-01,49.9914,8.555e-05,+1.682334003e-03,9.2504e-02
9,2,7,5,7,17,23,5.286778460e-04,9.4559e-02,50.0050,5.033e-05,-5.608441163e-05,9.5527e-01
9,2,8,5,7,19,29,1.719746589e-04,5.8656e-01,49.9976,2.414e-05,+2.118372886e-03,3.4144e-02
9,2,9,5,7,23,31,3.179631947e-04,3.1466e-01,49.9993,7.088e-06,+1.855435648e-03,6.3534e-02
9,2,10,5,7,29,37,5.803163107e-05,8.5440e-01,49.9982,1.835e-05,+6.020360183e-06,9.9520e-01
9,2,11,5,7,31,41,6.280328823e-05,8.4257e-01,50.0026,2.624e-05,+7.749193434e-04,4.3839e-01
9,2,12,5,7,37,43,1.519200807e-04,6.3093e-01,50.0004,3.763e-06,-1.774264359e-04,8.5917e-01
9,2,13,5,7,41,47,4.430525419e-05,8.8858e-01,50.0016,1.621e-05,-6.388931264e-04,5.2289e-01
9,2,14,5,7,43,53,1.983262269e-04,5.3055e-01,49.9987,1.319e-05,+7.663155994e-05,9.3892e-01
9,2,15,5,7,47,59,1.257857214e-04,6.9080e-01,50.0019,1.865e-05,+1.409775443e-03,1.5861e-01
9,2,16,5,7,53,61,9.053149764e-05,7.7466e-01,49.9929,7.059e-05,-1.950957580e-03,5.1062e-02
9,2,17,5,7,59,67,6.353999865e-05,8.4075e-01,50.0036,3.568e-05,+4.588998126e-04,6.4631e-01
9,2,18,5,7,61,71,4.779363995e-04,1.3069e-01,49.9990,1.013e-05,+1.206175792e-03,2.2775e-01
9,2,19,5,7,67,73,1.451526411e-04,6.4622e-01,50.0022,2.203e-05,+4.205807113e-04,6.7406e-01
9,3,4,7,11,8,13,3.684889019e-04,2.4391e-01,50.0012,1.239e-05,-1.932583049e-03,5.3288e-02
9,3,5,7,11,11,17,4.053765139e-04,1.9987e-01,50.0023,2.264e-05,-8.472906680e-06,9.9324e-01
9,3,6,7,11,13,19,1.046966274e-04,7.4058e-01,50.0007,6.825e-06,+7.961623734e-04,4.2594e-01
9,3,7,7,11,17,23,1.427282332e-04,6.5174e-01,50.0013,1.320e-05,-4.313753584e-04,6.6620e-01
9,3,8,7,11,19,29,4.249288554e-04,1.7903e-01,49.9928,7.196e-05,+1.827813532e-03,6.7578e-02
9,3,9,7,11,23,31,2.668849796e-04,3.9869e-01,49.9941,5.929e-05,-1.044622581e-03,2.9620e-01
9,3,10,7,11,29,37,8.191845270e-04,9.5840e-03,49.9999,1.200e-06,+1.099443396e-03,2.7157e-01
9,3,11,7,11,31,41,2.759347472e-04,3.8289e-01,49.9900,1.002e-04,-5.909130201e-04,5.5458e-01
9,3,12,7,11,37,43,2.284513365e-04,4.7003e-01,50.0035,3.514e-05,-1.021163855e-03,3.0718e-01
9,3,13,7,11,41,47,3.561326795e-04,2.6008e-01,50.0055,5.469e-05,-1.667074662e-03,9.5500e-02
9,3,14,7,11,43,53,1.845595759e-04,5.5947e-01,49.9993,7.187e-06,+3.258714664e-04,7.4452e-01
9,3,15,7,11,47,59,1.506301671e-04,6.3384e-01,49.9948,5.205e-05,+1.351224166e-03,1.7662e-01
9,3,16,7,11,53,61,1.373337917e-04,6.6408e-01,50.0048,4.781e-05,-6.174591633e-04,5.3693e-01
9,3,17,7,11,59,67,9.461245709e-05,7.6479e-01,49.9971,2.887e-05,+9.083223444e-05,9.2763e-01
9,3,18,7,11,61,71,1.715522451e-04,5.8748e-01,50.0004,4.375e-06,+4.301107617e-04,6.6712e-01
9,3,19,7,11,67,73,5.843193156e-04,6.4634e-02,49.9988,1.208e-05,-2.405745479e-04,8.0988e-01
9,4,5,8,13,11,17,1.588989132e-04,6.1533e-01,50.0019,1.940e-05,+4.101834095e-05,9.6728e-01
9,4,6,8,13,13,19,6.068034288e-05,8.4783e-01,50.0099,9.926e-05,+1.016084285e-03,3.0959e-01
9,4,7,8,13,17,23,4.846219791e-04,1.2540e-01,49.9990,9.838e-06,+5.604401703e-04,5.7518e-01
9,4,8,8,13,19,29,7.741990500e-06,9.8047e-01,50.0109,1.092e-04,-8.162201409e-04,4.1437e-01
9,4,9,8,13,23,31,2.292480182e-04,4.6849e-01,50.0009,9.475e-06,-5.467035675e-04,5.8458e-01
9,4,10,8,13,29,37,5.009155742e-04,1.1319e-01,50.0005,5.288e-06,+1.038823016e-03,2.9889e-01
9,4,11,8,13,31,41,7.208084747e-05,8.1969e-01,50.0034,3.412e-05,+8.018923469e-06,9.9360e-01
9,4,12,8,13,37,43,1.459113237e-04,6.4450e-01,49.9975,2.473e-05,+1.588020387e-03,1.1228e-01
9,4,13,8,13,41,47,1.286806304e-04,6.8406e-01,50.0054,5.365e-05,-1.085084896e-04,9.1359e-01
9,4,14,8,13,43,53,5.851830091e-04,6.4240e-02,50.0050,4.962e-05,+1.184477824e-03,2.3622e-01
9,4,15,8,13,47,59,1.604691161e-05,9.5953e-01,49.9913,8.729e-05,-2.700698948e-04,7.8711e-01
9,4,16,8,13,53,61,2.965069660e-05,9.2530e-01,50.0072,7.207e-05,+7.065321818e-04,4.7986e-01
9,4,17,8,13,59,67,6.401252515e-05,8.3958e-01,50.0042,4.174e-05,-5.937524768e-04,5.5268e-01
9,4,18,8,13,61,71,4.142377650e-04,1.9022e-01,49.9925,7.494e-05,-3.664443663e-04,7.1403e-01
9,4,19,8,13,67,73,4.915389193e-04,1.2009e-01,50.0003,2.962e-06,+1.268586262e-03,2.0459e-01
9,5,6,11,17,13,19,2.985087043e-04,3.4519e-01,50.0008,8.112e-06,-6.656568100e-04,5.0563e-01
9,5,7,11,17,17,23,1.047413650e-06,9.9736e-01,49.9926,7.386e-05,-1.739194485e-05,9.8612e-01
9,5,8,11,17,19,29,7.603779371e-04,1.6193e-02,50.0063,6.288e-05,-3.102828029e-04,7.5635e-01
9,5,9,11,17,23,31,2.119319989e-04,5.0274e-01,49.9971,2.863e-05,+1.175403355e-03,2.3983e-01
9,5,10,11,17,29,37,2.784773791e-04,3.7852e-01,50.0071,7.136e-05,-6.157392890e-04,5.3807e-01
9,5,11,11,17,31,41,2.967203955e-04,3.4808e-01,49.9984,1.585e-05,+7.685436580e-05,9.3874e-01
9,5,12,11,17,37,43,2.115157425e-04,5.0358e-01,49.9995,4.750e-06,+2.046795941e-03,4.0678e-02
9,5,13,11,17,41,47,3.309752033e-04,2.9527e-01,50.0023,2.325e-05,-1.727855462e-03,8.4014e-02
9,5,14,11,17,43,53,1.916463088e-04,5.4449e-01,50.0053,5.285e-05,+1.099653188e-03,2.7148e-01
9,5,15,11,17,47,59,4.771602434e-05,8.8006e-01,50.0008,8.038e-06,-1.382360903e-04,8.9005e-01
9,5,16,11,17,53,61,2.485999031e-05,9.3734e-01,50.0052,5.203e-05,-3.894758252e-04,6.9692e-01
9,5,17,11,17,59,67,1.510964770e-04,6.3279e-01,50.0051,5.059e-05,+1.240533291e-04,9.0127e-01
9,5,18,11,17,61,71,7.175323478e-04,2.3266e-02,50.0064,6.404e-05,+5.274161158e-04,5.9790e-01
9,5,19,11,17,67,73,2.004434781e-04,5.2617e-01,50.0024,2.369e-05,-4.790840475e-04,6.3188e-01
9,6,7,13,19,17,23,5.902300727e-04,6.1975e-02,49.9989,1.067e-05,+1.484898182e-03,1.3757e-01
9,6,8,13,19,19,29,3.222184605e-04,3.0823e-01,49.9953,4.704e-05,+9.620614068e-04,3.3602e-01
9,6,9,13,19,23,31,9.610897164e-05,7.6119e-01,50.0045,4.526e-05,-8.516076494e-04,3.9443e-01
9,6,10,13,19,29,37,2.210856903e-04,4.8447e-01,50.0003,3.100e-06,-9.854550553e-05,9.2150e-01
9,6,11,13,19,31,41,3.651264475e-04,2.4824e-01,50.0036,3.639e-05,-3.698637549e-04,7.1148e-01
9,6,12,13,19,37,43,1.948681953e-04,5.3774e-01,49.9968,3.244e-05,+1.104925282e-03,2.6919e-01
9,6,13,13,19,41,47,2.919876752e-04,3.5583e-01,50.0026,2.551e-05,+3.427544429e-04,7.3178e-01
9,6,14,13,19,43,53,1.260701391e-04,6.9014e-01,50.0157,1.567e-04,-8.413363948e-04,4.0016e-01
9,6,15,13,19,47,59,2.532174104e-04,4.2328e-01,50.0013,1.290e-05,-2.447416661e-04,8.0666e-01
9,6,16,13,19,53,61,1.970967915e-04,5.3310e-01,49.9960,4.024e-05,-5.224982883e-04,6.0132e-01
9,6,17,13,19,59,67,1.093026394e-04,7.2961e-01,50.0020,1.975e-05,+1.886866106e-03,5.9178e-02
9,6,18,13,19,61,71,7.592274830e-05,8.1026e-01,50.0003,2.925e-06,-6.182207043e-05,9.5070e-01
9,6,19,13,19,67,73,4.739158440e-04,1.3396e-01,49.9998,2.400e-06,+7.061701205e-04,4.8008e-01
9,7,8,17,23,19,29,1.892486340e-05,9.5228e-01,50.0020,1.999e-05,-8.713018457e-04,3.8359e-01
9,7,9,17,23,23,31,3.415146900e-04,2.8016e-01,50.0057,5.746e-05,+5.920788642e-04,5.5380e-01
9,7,10,17,23,29,37,3.367364549e-04,2.8694e-01,50.0115,1.154e-04,-7.845694052e-04,4.3271e-01
9,7,11,17,23,31,41,1.713491558e-04,5.8792e-01,49.9872,1.276e-04,-7.822234182e-04,4.3408e-01
9,7,12,17,23,37,43,2.553464223e-04,4.1939e-01,50.0030,2.964e-05,-1.580542694e-03,1.1398e-01
9,7,13,17,23,41,47,6.047655038e-04,5.5820e-02,49.9957,4.261e-05,-8.752337687e-04,3.8145e-01
9,7,14,17,23,43,53,5.405010116e-05,8.6429e-01,49.9951,4.866e-05,-7.024676746e-05,9.4400e-01
9,7,15,17,23,47,59,1.062290009e-04,7.3693e-01,49.9936,6.400e-05,+1.024109957e-03,3.0578e-01
9,7,16,17,23,53,61,4.338043212e-05,8.9089e-01,50.0049,4.861e-05,+5.782742976e-04,5.6308e-01
9,7,17,17,23,59,67,5.932778516e-05,8.5118e-01,49.9963,3.687e-05,-1.168999247e-03,2.4240e-01
9,7,18,17,23,61,71,1.707322820e-04,5.8926e-01,49.9993,6.550e-06,+1.297584686e-03,1.9443e-01
9,7,19,17,23,67,73,6.994006687e-05,8.2496e-01,50.0022,2.205e-05,-3.737328175e-04,7.0860e-01
9,8,9,19,29,23,31,1.527989263e-04,6.2896e-01,50.0038,3.772e-05,-1.468443194e-03,1.4198e-01
9,8,10,19,29,29,37,6.928303978e-05,8.2658e-01,49.9949,5.149e-05,-2.736796387e-04,7.8433e-01
9,8,11,19,29,31,41,5.066054559e-05,8.7272e-01,50.0051,5.113e-05,-4.031663749e-04,6.8683e-01
9,8,12,19,29,37,43,2.791112811e-04,3.7744e-01,49.9960,3.982e-05,-7.227882233e-04,4.6981e-01
9,8,13,19,29,41,47,5.030087182e-04,1.1169e-01,49.9994,6.175e-06,+1.210161729e-03,2.2622e-01
9,8,14,19,29,43,53,2.194217047e-04,4.8776e-01,50.0016,1.565e-05,+1.347566233e-03,1.7780e-01
9,8,15,19,29,47,59,1.869371018e-04,5.5442e-01,50.0015,1.461e-05,-1.428440008e-04,8.8641e-01
9,8,16,19,29,53,61,2.999313595e-04,3.4289e-01,49.9969,3.060e-05,+8.074181127e-04,4.1943e-01
9,8,17,19,29,59,67,2.975818322e-04,3.4669e-01,50.0046,4.621e-05,+9.183285811e-04,3.5845e-01
9,8,18,19,29,61,71,1.113225970e-04,7.2481e-01,50.0024,2.421e-05,-2.029235429e-03,4.2434e-02
9,8,19,19,29,67,73,6.036514534e-04,5.6273e-02,49.9875,1.248e-04,+1.768584736e-04,8.5962e-01
9,9,10,23,31,29,37,2.589722071e-05,9.3473e-01,49.9968,3.159e-05,-1.761593708e-03,7.8138e-02
9,9,11,23,31,31,41,1.227768341e-04,6.9783e-01,49.9996,4.050e-06,-8.439750257e-04,3.9868e-01
9,9,12,23,31,37,43,1.646490007e-04,6.0260e-01,50.0070,7.010e-05,-8.560202039e-04,3.9199e-01
9,9,13,23,31,41,47,6.353829081e-04,4.4510e-02,50.0003,3.000e-06,+1.024032051e-03,3.0582e-01
9,9,14,23,31,43,53,2.724377822e-04,3.8895e-01,49.9991,8.825e-06,+3.979910257e-04,6.9064e-01
9,9,15,23,31,47,59,2.840754136e-04,3.6901e-01,50.0025,2.451e-05,+3.226198392e-04,7.4698e-01
9,9,16,23,31,53,61,1.870945453e-04,5.5409e-01,49.9949,5.068e-05,-1.233036553e-03,2.1756e-01
9,9,17,23,31,59,67,1.487519330e-04,6.3807e-01,49.9932,6.754e-05,-1.967777374e-04,8.4400e-01
9,9,18,23,31,61,71,3.607339272e-04,2.5398e-01,50.0004,3.738e-06,+2.029206910e-03,4.2437e-02
9,9,19,23,31,67,73,1.768272149e-04,5.7604e-01,49.9974,2.634e-05,-5.936070402e-04,5.5277e-01
9,10,11,29,37,31,41,4.604286533e-04,1.4539e-01,49.9992,8.287e-06,+3.151207238e-05,9.7486e-01
9,10,12,29,37,37,43,2.514266480e-04,4.2657e-01,49.9961,3.944e-05,-6.524791273e-05,9.4798e-01
9,10,13,29,37,41,47,1.315451955e-04,6.7742e-01,50.0044,4.391e-05,-1.170505188e-03,2.4180e-01
9,10,14,29,37,43,53,6.454377627e-05,8.3827e-01,50.0009,8.612e-06,+8.563052489e-04,3.9183e-01
9,10,15,29,37,47,59,7.033548912e-05,8.2399e-01,49.9937,6.295e-05,+1.190826486e-04,9.0521e-01
9,10,16,29,37,53,61,6.569447201e-04,3.7761e-02,49.9937,6.296e-05,-2.752105788e-03,5.9213e-03
9,10,17,29,37,59,67,6.011667461e-05,8.4923e-01,49.9962,3.797e-05,+1.919681588e-04,8.4777e-01
9,10,18,29,37,61,71,1.422250488e-04,6.5289e-01,50.0048,4.768e-05,-6.340556220e-04,5.2604e-01
9,10,19,29,37,67,73,1.252731130e-05,9.6840e-01,49.9949,5.145e-05,+3.815282245e-04,7.0281e-01
9,11,12,31,41,37,43,4.496144966e-04,1.5508e-01,49.9965,3.515e-05,-1.026510447e-03,3.0465e-01
9,11,13,31,41,41,47,3.372002948e-04,2.8628e-01,49.9975,2.477e-05,+4.479846532e-04,6.5416e-01
9,11,14,31,41,43,53,3.658523875e-05,9.0790e-01,49.9943,5.740e-05,-9.523149077e-04,3.4094e-01
9,11,15,31,41,47,59,2.787377870e-04,3.7808e-01,49.9984,1.644e-05,+6.295496775e-04,5.2899e-01
9,11,16,31,41,53,61,1.174287686e-05,9.7038e-01,50.0078,7.802e-05,+2.444436503e-03,1.4508e-02
9,11,17,31,41,59,67,9.307716760e-05,7.6850e-01,49.9990,9.512e-06,-1.157891321e-03,2.4691e-01
9,11,18,31,41,61,71,9.842262920e-05,7.5562e-01,49.9952,4.834e-05,-2.037024539e-05,9.8375e-01
9,11,19,31,41,67,73,8.448289408e-05,7.8935e-01,50.0074,7.404e-05,+1.299038117e-03,1.9393e-01
9,12,13,37,43,41,47,2.838672472e-04,3.6936e-01,50.0024,2.380e-05,+1.311956757e-03,1.8953e-01
9,12,14,37,43,43,53,6.291062713e-04,4.6656e-02,49.9967,3.300e-05,-1.039236270e-05,9.9171e-01
9,12,15,37,43,47,59,2.733267238e-04,3.8740e-01,50.0094,9.446e-05,-9.163450408e-04,3.5949e-01
9,12,16,37,43,53,61,1.609465323e-04,6.1078e-01,49.9967,3.302e-05,+1.290307766e-03,1.9694e-01
9,12,17,37,43,59,67,2.735013458e-04,3.8710e-01,49.9956,4.436e-05,-1.251079776e-03,2.1091e-01
9,12,18,37,43,61,71,1.076153283e-04,7.3362e-01,50.0056,5.561e-05,-1.245938405e-03,2.1279e-01
9,12,19,37,43,67,73,3.817409878e-04,2.2737e-01,49.9977,2.349e-05,+2.714290704e-04,7.8606e-01
9,13,14,41,47,43,53,2.585171559e-06,9.9348e-01,50.0029,2.908e-05,+2.089048839e-03,3.6703e-02
9,13,15,41,47,47,59,5.304095123e-05,8.6680e-01,49.9962,3.754e-05,+1.698889407e-03,8.9340e-02
9,13,16,41,47,53,61,3.527416825e-04,2.6465e-01,50.0142,1.418e-04,+1.152096349e-04,9.0828e-01
9,13,17,41,47,59,67,1.708732117e-04,5.8896e-01,49.9963,3.656e-05,+5.667688221e-04,5.7087e-01
9,13,18,41,47,61,71,5.399355456e-04,8.7743e-02,49.9964,3.561e-05,-5.902067489e-04,5.5505e-01
9,13,19,41,47,67,73,6.119085820e-04,5.2987e-02,49.9960,4.014e-05,-8.655004701e-04,3.8676e-01
9,14,15,43,53,47,59,2.237086354e-04,4.7930e-01,49.9990,1.011e-05,+4.579381113e-05,9.6347e-01
9,14,16,43,53,53,61,1.503173728e-04,6.3454e-01,49.9988,1.242e-05,-1.007401124e-04,9.1976e-01
9,14,17,43,53,59,67,3.029841291e-04,3.3800e-01,49.9956,4.446e-05,-1.800865928e-03,7.1724e-02
9,14,18,43,53,61,71,2.156524247e-04,4.9527e-01,50.0067,6.689e-05,+1.516338640e-03,1.2943e-01
9,14,19,43,53,67,73,3.559211744e-04,2.6037e-01,49.9981,1.871e-05,-1.555171224e-03,1.1991e-01
9,15,16,47,59,53,61,8.862801537e-05,7.7927e-01,50.0018,1.831e-05,+4.728485642e-04,6.3632e-01
9,15,17,47,59,59,67,2.097830169e-04,5.0708e-01,49.9928,7.222e-05,+1.109536720e-03,2.6720e-01
9,15,18,47,59,61,71,1.044578594e-04,7.4115e-01,50.0061,6.065e-05,-5.215016065e-04,6.0202e-01
9,15,19,47,59,67,73,2.363616257e-04,4.5480e-01,50.0007,7.225e-06,-1.657358886e-04,8.6836e-01
9,16,17,53,61,59,67,3.262077741e-04,3.0228e-01,50.0002,1.863e-06,+5.796336661e-04,5.6216e-01
9,16,18,53,61,61,71,3.863366373e-04,2.2182e-01,50.0007,7.088e-06,-3.778373215e-04,7.0555e-01
9,16,19,53,61,67,73,4.639227110e-04,1.4236e-01,49.9992,7.862e-06,-1.158372658e-03,2.4671e-01
9,17,18,59,67,61,71,2.928039247e-04,3.5448e-01,50.0031,3.060e-05,+5.966382165e-04,5.5075e-01
9,17,19,59,67,67,73,5.668976890e-04,7.3023e-02,49.9998,2.375e-06,-4.084991308e-04,6.8291e-01
9,18,19,61,71,67,73,6.847148483e-05,8.2858e-01,50.0009,9.150e-06,+1.171658164e-03,2.4133e-01
10,0,1,2,3,3,5,3.455780504e-04,2.7448e-01,50.0021,2.128e-05,-1.557210866e-03,1.1942e-01
10,0,2,2,3,5,7,2.837108789e-04,3.6963e-01,49.9975,2.459e-05,-4.035031891e-04,6.8658e-01
10,0,3,2,3,7,11,1.181463769e-04,7.0869e-01,50.0045,4.510e-05,+2.059862406e-03,3.9412e-02
10,0,4,2,3,8,13,2.601523133e-04,4.1069e-01,49.9985,1.545e-05,-8.518199861e-04,3.9431e-01
10,0,5,2,3,11,17,5.889274968e-04,6.2553e-02,49.9952,4.798e-05,-1.214958485e-03,2.2438e-01
10,0,6,2,3,13,19,9.474062866e-05,7.6449e-01,49.9924,7.600e-05,+1.150074660e-03,2.5011e-01
10,0,7,2,3,17,23,9.807398749e-06,9.7526e-01,50.0012,1.249e-05,-9.631152998e-05,9.2327e-01
10,0,8,2,3,19,29,7.328635545e-05,8.1673e-01,50.0024,2.405e-05,-4.263160227e-04,6.6988e-01
10,0,9,2,3,23,31,3.307396050e-04,2.9561e-01,49.9990,9.737e-06,-9.997731983e-05,9.2036e-01
10,0,10,2,3,29,37,3.921731042e-04,2.1492e-01,50.0071,7.116e-05,-9.955165102e-04,3.1949e-01
10,0,11,2,3,31,41,4.478026049e-05,8.8739e-01,50.0091,9.092e-05,-1.138228445e-04,9.0938e-01
10,0,12,2,3,37,43,8.505228180e-05,7.8796e-01,49.9971,2.894e-05,-6.383567397e-04,5.2324e-01
10,0,13,2,3,41,47,4.015394175e-04,2.0416e-01,49.9886,1.140e-04,-6.955502848e-04,4.8671e-01
10,0,14,2,3,43,53,2.360967111e-04,4.5530e-01,49.9980,1.990e-05,+3.696540393e-04,7.1164e-01
10,0,15,2,3,47,59,1.695868038e-04,5.9176e-01,50.0015,1.525e-05,+2.897101627e-05,9.7689e-01
10,0,16,2,3,53,61,4.575436677e-04,1.4793e-01,50.0035,3.479e-05,-4.479919385e-04,6.5416e-01
10,0,17,2,3,59,67,2.904311437e-04,3.5840e-01,49.9958,4.211e-05,-1.731051611e-03,8.3443e-02
10,0,18,2,3,61,71,1.057951953e-05,9.7331e-01,50.0008,8.500e-06,-3.738702551e-04,7.0850e-01
10,0,19,2,3,67,73,5.761783143e-04,6.8450e-02,50.0011,1.089e-05,+7.349653282e-04,4.6236e-01
10,1,2,3,5,5,7,7.113874245e-04,2.4474e-02,50.0039,3.936e-05,-1.294850830e-03,1.9537e-01
10,1,3,3,5,7,11,2.332317234e-04,4.6079e-01,50.0047,4.675e-05,+1.094269675e-03,2.7384e-01
10,1,4,3,5,8,13,5.011703846e-04,1.1300e-01,49.9962,3.762e-05,+1.433876096e-03,1.5161e-01
10,1,5,3,5,11,17,3.240291452e-04,3.0552e-01,50.0067,6.710e-05,+1.058225185e-04,9.1572e-01
10,1,6,3,5,13,19,2.256359311e-04,4.7552e-01,50.0082,8.230e-05,-6.723982696e-04,5.0133e-01
10,1,7,3,5,17,23,5.842639480e-04,6.4660e-02,49.9983,1.704e-05,+5.140227655e-04,6.0724e-01
10,1,8,3,5,19,29,2.194069438e-04,4.8779e-01,49.9973,2.750e-05,+1.118826798e-03,2.6321e-01
10,1,9,3,5,23,31,1.655676659e-04,6.0058e-01,50.0058,5.841e-05,-1.460126055e-03,1.4426e-01
10,1,10,3,5,29,37,3.745532210e-04,2.3624e-01,49.9961,3.939e-05,+2.125275655e-04,8.3170e-01
10,1,11,3,5,31,41,1.999572813e-04,5.2718e-01,50.0103,1.027e-04,-4.029745808e-04,6.8697e-01
10,1,12,3,5,37,43,7.622908383e-04,1.5927e-02,49.9986,1.426e-05,-1.268390830e-03,2.0466e-01
10,1,13,3,5,41,47,1.181350907e-04,7.0872e-01,50.0075,7.523e-05,+1.143231113e-04,9.0898e-01
10,1,14,3,5,43,53,1.829070742e-05,9.5388e-01,50.0050,5.027e-05,-5.633700810e-05,9.5507e-01
10,1,15,3,5,47,59,2.405323039e-06,9.9393e-01,50.0064,6.372e-05,-1.070678259e-03,2.8431e-01
10,1,16,3,5,53,61,2.521296032e-04,4.2527e-01,49.9990,9.912e-06,-6.796933372e-04,4.9670e-01
10,1,17,3,5,59,67,3.411283945e-04,2.8070e-01,50.0002,1.737e-06,-5.312866887e-04,5.9522e-01
10,1,18,3,5,61,71,1.663063502e-04,5.9895e-01,50.0048,4.840e-05,-1.065896386e-03,2.8647e-01
10,1,19,3,5,67,73,7.175793217e-05,8.2049e-01,50.0051,5.061e-05,+1.558018946e-03,1.1923e-01
10,2,3,5,7,7,11,2.057893502e-04,5.1520e-01,50.0039,3.879e-05,-1.337499020e-03,1.8106e-01
10,2,4,5,7,8,13,2.735888276e-06,9.9310e-01,50.0007,6.863e-06,-3.979994746e-04,6.9063e-01
10,2,5,5,7,11,17,1.223055212e-04,6.9893e-01,49.9926,7.371e-05,-5.852234578e-04,5.5840e-01
10,2,6,5,7,13,19,9.019583627e-05,7.7547e-01,49.9908,9.204e-05,+7.187729635e-04,4.7228e-01
10,2,7,5,7,17,23,1.287712923e-04,6.8385e-01,50.0002,1.925e-06,+9.036000627e-04,3.6621e-01
10,2,8,5,7,19,29,1.286914601e-04,6.8404e-01,50.0025,2.509e-05,+2.069117416e-04,8.3608e-01
10,2,9,5,7,23,31,2.023323660e-05,9.4898e-01,50.0065,6.482e-05,+1.409844018e-04,8.8788e-01
10,2,10,5,7,29,37,2.793284888e-04,3.7707e-01,49.9948,5.165e-05,+5.755900255e-04,5.6489e-01
10,2,11,5,7,31,41,2.927076213e-04,3.5464e-01,49.9939,6.056e-05,+3.602490462e-04,7.1866e-01
10,2,12,5,7,37,43,1.178524387e-04,7.0939e-01,49.9959,4.135e-05,+5.928644118e-04,5.5327e-01
10,2,13,5,7,41,47,1.323097185e-04,6.7565e-01,49.9959,4.076e-05,-1.342445715e-03,1.7945e-01
10,2,14,5,7,43,53,8.559376271e-04,6.7953e-03,50.0011,1.119e-05,+1.385910753e-03,1.6577e-01
10,2,15,5,7,47,59,1.869941454e-04,5.5430e-01,50.0020,2.029e-05,-1.747456892e-03,8.0558e-02
10,2,16,5,7,53,61,1.437003518e-04,6.4953e-01,49.9903,9.660e-05,-7.373240210e-05,9.4122e-01
10,2,17,5,7,59,67,2.821336315e-04,3.7229e-01,49.9966,3.380e-05,-1.158684356e-03,2.4658e-01
10,2,18,5,7,61,71,4.022176075e-04,2.0340e-01,50.0047,4.651e-05,+2.841152468e-04,7.7632e-01
10,2,19,5,7,67,73,2.254994481e-04,4.7579e-01,50.0063,6.298e-05,-2.739456574e-03,6.1541e-03
10,3,4,7,11,8,13,3.476431969e-05,9.1246e-01,49.9958,4.207e-05,+3.628664105e-04,7.1670e-01
10,3,5,7,11,11,17,4.618573945e-05,8.8388e-01,49.9956,4.410e-05,+1.191822793e-04,9.0513e-01
10,3,6,7,11,13,19,4.246995869e-05,8.9316e-01,49.9935,6.550e-05,-9.960383143e-04,3.1923e-01
10,3,7,7,11,17,23,3.108295105e-04,3.2564e-01,49.9855,1.454e-04,-2.253855862e-04,8.2168e-01
10,3,8,7,11,19,29,2.794210613e-04,3.7691e-01,49.9949,5.142e-05,-6.254850921e-04,5.3165e-01
10,3,9,7,11,23,31,5.432654216e-04,8.5805e-02,50.0001,9.375e-07,+5.028941633e-04,6.1504e-01
10,3,10,7,11,29,37,2.730116793e-04,3.8795e-01,50.0089,8.921e-05,+4.175790778e-04,6.7625e-01
10,3,11,7,11,31,41,2.749193031e-04,3.8464e-01,50.0009,8.575e-06,+7.006782368e-04,4.8350e-01
10,3,12,7,11,37,43,4.862004069e-04,1.2417e-01,49.9913,8.699e-05,+1.763100705e-03,7.7884e-02
10,3,13,7,11,41,47,2.129373962e-04,5.0071e-01,50.0030,2.995e-05,-9.621383177e-04,3.3598e-01
10,3,14,7,11,43,53,2.523056848e-04,4.2495e-01,50.0031,3.067e-05,-8.337656048e-04,4.0441e-01
10,3,15,7,11,47,59,3.062730849e-04,3.3278e-01,50.0069,6.938e-05,-3.214201538e-04,7.4789e-01
10,3,16,7,11,53,61,3.161623752e-04,3.1741e-01,49.9980,1.986e-05,+6.681717815e-04,5.0402e-01
10,3,17,7,11,59,67,1.162246213e-05,9.7068e-01,49.9981,1.899e-05,+1.474994076e-03,1.4021e-01
10,3,18,7,11,61,71,2.341006360e-05,9.4099e-01,50.0080,8.007e-05,+4.138214351e-04,6.7900e-01
10,3,19,7,11,67,73,3.862576640e-04,2.2191e-01,49.9988,1.166e-05,+1.342389382e-03,1.7947e-01
10,4,5,8,13,11,17,4.094301405e-04,1.9541e-01,50.0003,2.875e-06,+3.886633275e-04,6.9753e-01
10,4,6,8,13,13,19,9.094728350e-05,7.7365e-01,50.0006,6.025e-06,+8.828987396e-05,9.2965e-01
10,4,7,8,13,17,23,3.811377153e-04,2.2810e-01,49.9967,3.284e-05,-2.695485031e-04,7.8751e-01
10,4,8,8,13,19,29,7.024835412e-04,2.6321e-02,50.0032,3.177e-05,-2.006751749e-03,4.4776e-02
10,4,9,8,13,23,31,2.685450364e-04,3.9576e-01,50.0052,5.191e-05,+1.139734862e-04,9.0926e-01
10,4,10,8,13,29,37,8.742959113e-05,7.8218e-01,50.0020,2.036e-05,+1.450701310e-03,1.4686e-01
10,4,11,8,13,31,41,6.376092983e-05,8.4021e-01,50.0054,5.405e-05,-9.039529206e-04,3.6602e-01
10,4,12,8,13,37,43,3.574392372e-04,2.5834e-01,49.9915,8.549e-05,+1.006119898e-03,3.1436e-01
10,4,13,8,13,41,47,5.382158741e-04,8.8758e-02,49.9948,5.248e-05,-2.163118430e-04,8.2874e-01
10,4,14,8,13,43,53,2.024185374e-04,5.2211e-01,50.0084,8.435e-05,-8.156346333e-04,4.1471e-01
10,4,15,8,13,47,59,2.490165803e-04,4.3101e-01,49.9994,6.175e-06,+6.310301504e-04,5.2802e-01
10,4,16,8,13,53,61,3.830074052e-04,2.2583e-01,49.9935,6.471e-05,-2.923190716e-04,7.7004e-01
10,4,17,8,13,59,67,6.249182670e-05,8.4335e-01,50.0020,1.991e-05,+8.421392105e-04,3.9971e-01
10,4,18,8,13,61,71,5.321921648e-04,9.2387e-02,50.0043,4.267e-05,+3.987323093e-05,9.6819e-01
10,4,19,8,13,67,73,4.575759689e-04,1.4790e-01,49.9858,1.422e-04,+1.675511476e-03,9.3834e-02
10,5,6,11,17,13,19,6.816448825e-04,3.1119e-02,50.0115,1.153e-04,+1.717907798e-03,8.5813e-02
10,5,7,11,17,17,23,8.578224208e-05,7.8619e-01,49.9976,2.366e-05,+5.575760772e-04,5.7713e-01
10,5,8,11,17,19,29,1.960044908e-04,5.3538e-01,50.0024,2.393e-05,+5.288776303e-04,5.9689e-01
10,5,9,11,17,23,31,5.697673835e-04,7.1583e-02,50.0033,3.344e-05,-1.065152676e-04,9.1517e-01
10,5,10,11,17,29,37,1.337149685e-05,9.6627e-01,50.0014,1.406e-05,-1.332521626e-03,1.8269e-01
10,5,11,11,17,31,41,5.968526298e-05,8.5030e-01,49.9920,7.960e-05,-1.971322078e-04,8.4372e-01
10,5,12,11,17,37,43,3.469109377e-04,2.7263e-01,49.9941,5.856e-05,-1.300450765e-03,1.9345e-01
10,5,13,11,17,41,47,3.766448847e-04,2.3363e-01,49.9968,3.205e-05,-2.057350867e-04,8.3700e-01
10,5,14,11,17,43,53,8.035977677e-05,7.9940e-01,49.9946,5.437e-05,-8.328485028e-04,4.0493e-01
10,5,15,11,17,47,59,6.549694536e-05,8.3592e-01,49.9978,2.160e-05,+1.340428650e-04,8.9337e-01
10,5,16,11,17,53,61,4.301312710e-04,1.7377e-01,50.0078,7.789e-05,+1.050367960e-03,2.9355e-01
10,5,17,11,17,59,67,2.272862064e-04,4.7230e-01,49.9938,6.249e-05,-1.668295328e-05,9.8669e-01
10,5,18,11,17,61,71,5.073212509e-04,1.0865e-01,49.9966,3.380e-05,+1.926563963e-03,5.4034e-02
10,5,19,11,17,67,73,1.412363284e-04,6.5514e-01,50.0043,4.309e-05,-7.952105451e-04,4.2649e-01
10,6,7,13,19,17,23,3.744512785e-04,2.3637e-01,50.0030,3.011e-05,+1.842124996e-04,8.5385e-01
10,6,8,13,19,19,29,1.221224083e-04,6.9936e-01,50.0038,3.780e-05,+1.353616553e-04,8.9233e-01
10,6,9,13,19,23,31,3.369317766e-04,2.8666e-01,50.0059,5.921e-05,-1.818427913e-04,8.5571e-01
10,6,10,13,19,29,37,2.490636987e-04,4.3093e-01,50.0000,4.375e-07,+4.000796283e-04,6.8910e-01
10,6,11,13,19,31,41,4.237858935e-05,8.9339e-01,50.0111,1.112e-04,+1.206571838e-03,2.2760e-01
10,6,12,13,19,37,43,1.900003333e-04,5.4795e-01,50.0016,1.631e-05,+4.797667596e-04,6.3139e-01
10,6,13,13,19,41,47,1.191677398e-03,1.6429e-04,50.0086,8.573e-05,+1.092825368e-03,2.7447e-01
10,6,14,13,19,43,53,2.905054203e-04,3.5827e-01,49.9997,3.025e-06,-3.836486287e-05,9.6940e-01
10,6,15,13,19,47,59,2.106396766e-04,5.0535e-01,50.0116,1.164e-04,+3.421919325e-04,7.3221e-01
10,6,16,13,19,53,61,3.423069310e-05,9.1380e-01,49.9993,6.863e-06,-1.317310179e-03,1.8773e-01
10,6,17,13,19,59,67,1.773168802e-04,5.7498e-01,49.9956,4.429e-05,+9.971725952e-04,3.1868e-01
10,6,18,13,19,61,71,3.849227870e-05,9.0312e-01,49.9974,2.610e-05,+1.674352947e-03,9.4061e-02
10,6,19,13,19,67,73,4.332067783e-04,1.7071e-01,49.9901,9.876e-05,+6.453676609e-04,5.1869e-01
10,7,8,17,23,19,29,3.306648142e-04,2.9572e-01,49.9985,1.521e-05,-8.948867934e-04,3.7085e-01
10,7,9,17,23,23,31,7.366954079e-05,8.1579e-01,49.9967,3.257e-05,+3.425779115e-04,7.3192e-01
10,7,10,17,23,29,37,4.543540184e-04,1.5078e-01,49.9973,2.668e-05,-1.533170690e-04,8.7815e-01
10,7,11,17,23,31,41,2.243601873e-04,4.7802e-01,49.9979,2.134e-05,+1.007714369e-03,3.1359e-01
10,7,12,17,23,37,43,1.627810891e-05,9.5895e-01,49.9940,5.967e-05,+5.273599642e-04,5.9794e-01
10,7,13,17,23,41,47,4.298815416e-04,1.7402e-01,49.9980,1.954e-05,-1.365010783e-03,1.7225e-01
10,7,14,17,23,43,53,6.894212583e-05,8.2742e-01,50.0068,6.811e-05,-1.731246235e-04,8.6255e-01
10,7,15,17,23,47,59,1.576467288e-04,6.1812e-01,49.9993,7.187e-06,+9.438871030e-04,3.4523e-01
10,7,16,17,23,53,61,1.543820515e-04,6.2541e-01,49.9968,3.200e-05,-5.319982198e-04,5.9473e-01
10,7,17,17,23,59,67,5.703515164e-04,7.1292e-02,50.0016,1.610e-05,+6.043079890e-05,9.5181e-01
10,7,18,17,23,61,71,8.199561541e-05,7.9541e-01,50.0033,3.294e-05,-2.857089788e-04,7.7510e-01
10,7,19,17,23,67,73,1.509045506e-04,6.3322e-01,50.0046,4.567e-05,+5.852048931e-06,9.9533e-01
10,8,9,19,29,23,31,3.532213998e-05,9.1106e-01,50.0018,1.834e-05,+4.798041679e-04,6.3137e-01
10,8,10,19,29,29,37,1.380922565e-04,6.6234e-01,49.9976,2.431e-05,+1.677834644e-03,9.3379e-02
10,8,11,19,29,31,41,2.754215933e-04,3.8378e-01,50.0086,8.620e-05,-1.045198730e-03,2.9593e-01
10,8,12,19,29,37,43,2.641154379e-04,4.0360e-01,49.9964,3.554e-05,-7.547870074e-05,9.3983e-01
10,8,13,19,29,41,47,1.109955016e-04,7.2559e-01,50.0055,5.502e-05,+3.070299083e-04,7.5882e-01
10,8,14,19,29,43,53,1.417139351e-04,6.5405e-01,50.0008,7.550e-06,-4.929694030e-05,9.6068e-01
10,8,15,19,29,47,59,1.062062992e-04,7.3698e-01,50.0038,3.830e-05,+7.344484016e-04,4.6268e-01
10,8,16,19,29,53,61,2.282742937e-04,4.7038e-01,50.0014,1.421e-05,-9.527126516e-04,3.4074e-01
10,8,17,19,29,59,67,3.632130746e-04,2.5073e-01,50.0009,9.062e-06,-8.597124056e-04,3.8995e-01
10,8,18,19,29,61,71,6.739432316e-05,8.3123e-01,49.9959,4.142e-05,+2.128557612e-04,8.3144e-01
10,8,19,19,29,67,73,1.278267000e-04,6.8605e-01,49.9960,4.006e-05,-6.654748005e-04,5.0575e-01
10,9,10,23,31,29,37,3.142926574e-04,3.2028e-01,49.9982,1.757e-05,+8.581464970e-04,3.9081e-01
10,9,11,23,31,31,41,2.615329030e-04,4.0821e-01,49.9888,1.125e-04,+3.871878090e-04,6.9862e-01
10,9,12,23,31,37,43,5.206252872e-04,9.9689e-02,49.9987,1.255e-05,-1.941799976e-03,5.2161e-02
10,9,13,23,31,41,47,1.731731190e-04,5.8395e-01,50.0088,8.791e-05,-3.014617158e-05,9.7595e-01
10,9,14,23,31,43,53,5.630898876e-04,7.4970e-02,49.9988,1.199e-05,+9.598832062e-04,3.3711e-01
10,9,15,23,31,47,59,4.489447893e-04,1.5570e-01,49.9969,3.136e-05,-7.958554950e-04,4.2612e-01
10,9,16,23,31,53,61,2.001398562e-04,5.2680e-01,50.0042,4.165e-05,-6.684109251e-04,5.0387e-01
10,9,17,23,31,59,67,7.881754038e-05,8.0317e-01,49.9991,9.050e-06,-2.115934109e-03,3.4350e-02
10,9,18,23,31,61,71,2.888799411e-04,3.6097e-01,49.9892,1.084e-04,+8.459100093e-04,3.9760e-01
10,9,19,23,31,67,73,2.666633338e-04,3.9908e-01,49.9997,2.525e-06,+6.876735658e-04,4.9166e-01
10,10,11,29,37,31,41,4.289640809e-04,1.7494e-01,50.0012,1.174e-05,+1.224116392e-03,2.2091e-01
10,10,12,29,37,37,43,8.347486908e-05,7.9180e-01,50.0029,2.915e-05,-3.411840807e-04,7.3297e-01
10,10,13,29,37,41,47,1.036187800e-04,7.4316e-01,49.9981,1.921e-05,+1.394961896e-04,8.8906e-01
10,10,14,29,37,43,53,1.491264211e-04,6.3723e-01,49.9871,1.291e-04,-1.805378908e-04,8.5673e-01
10,10,15,29,37,47,59,1.112995210e-07,9.9972e-01,49.9906,9.401e-05,-2.717659840e-04,7.8580e-01
10,10,16,29,37,53,61,3.530713033e-04,2.6420e-01,50.0075,7.470e-05,+8.891545479e-04,3.7392e-01
10,10,17,29,37,59,67,1.353246317e-04,6.6870e-01,49.9882,1.177e-04,+1.737973664e-04,8.6202e-01
10,10,18,29,37,61,71,2.663627278e-04,3.9961e-01,50.0090,8.966e-05,+1.633730411e-04,8.7022e-01
10,10,19,29,37,67,73,5.173406806e-04,1.0184e-01,49.9931,6.865e-05,+1.771540901e-04,8.5939e-01
10,11,12,31,41,37,43,5.233692055e-04,9.7917e-02,50.0059,5.859e-05,+1.137356332e-03,2.5539e-01
10,11,13,31,41,41,47,1.098705316e-04,7.2826e-01,50.0061,6.063e-05,+2.244675007e-03,2.4789e-02
10,11,14,31,41,43,53,1.549459503e-04,6.2415e-01,49.9960,4.000e-05,+3.798923119e-04,7.0403e-01
10,11,15,31,41,47,59,2.207690261e-04,4.8509e-01,49.9979,2.077e-05,+1.046805143e-04,9.1663e-01
10,11,16,31,41,53,61,2.506146885e-05,9.3683e-01,50.0096,9.574e-05,-7.965436808e-04,4.2572e-01
10,11,17,31,41,59,67,4.295225467e-05,8.9196e-01,50.0023,2.296e-05,+1.108545197e-03,2.6763e-01
10,11,18,31,41,61,71,3.713676392e-04,2.4025e-01,49.9944,5.553e-05,+1.140480762e-03,2.5409e-01
10,11,19,31,41,67,73,6.297933644e-05,8.4214e-01,49.9971,2.899e-05,+1.624317914e-03,1.0431e-01
10,12,13,37,43,41,47,1.862904891e-04,5.5579e-01,50.0008,8.163e-06,-1.823457500e-03,6.8234e-02
10,12,14,37,43,43,53,4.582337871e-04,1.4732e-01,49.9882,1.183e-04,-2.733299964e-04,7.8460e-01
10,12,15,37,43,47,59,1.404562620e-04,6.5693e-01,49.9953,4.651e-05,-2.497308385e-03,1.2514e-02
10,12,16,37,43,53,61,2.079630871e-04,5.1077e-01,49.9913,8.677e-05,+1.419289668e-04,8.8714e-01
10,12,17,37,43,59,67,4.027827930e-04,2.0277e-01,49.9978,2.242e-05,-4.356104423e-04,6.6312e-01
10,12,18,37,43,61,71,1.673887244e-04,5.9658e-01,50.0045,4.499e-05,+1.347395346e-03,1.7785e-01
10,12,19,37,43,67,73,3.543684631e-04,2.6245e-01,49.9978,2.158e-05,-9.097858708e-04,3.6294e-01
10,13,14,41,47,43,53,2.237323384e-05,9.4360e-01,49.9973,2.680e-05,-4.002785701e-04,6.8895e-01
10,13,15,41,47,47,59,2.042179459e-04,5.1841e-01,50.0023,2.317e-05,-4.260914381e-04,6.7004e-01
10,13,16,41,47,53,61,4.043473613e-05,8.9826e-01,50.0029,2.924e-05,-4.988106458e-04,6.1791e-01
10,13,17,41,47,59,67,8.815707433e-04,5.3072e-03,49.9960,4.044e-05,+4.948216135e-04,6.2073e-01
10,13,18,41,47,61,71,7.748850874e-05,8.0643e-01,49.9960,3.970e-05,+1.411318174e-03,1.5815e-01
10,13,19,41,47,67,73,4.082952844e-04,1.9665e-01,49.9981,1.936e-05,-2.176032230e-04,8.2774e-01
10,14,15,43,53,47,59,6.562884948e-04,3.7953e-02,49.9886,1.143e-04,-1.132311303e-03,2.5750e-01
10,14,16,43,53,53,61,1.083996958e-04,7.3176e-01,50.0068,6.769e-05,-1.590458204e-03,1.1173e-01
10,14,17,43,53,59,67,7.950254908e-04,1.1934e-02,50.0055,5.454e-05,+1.840091212e-03,6.5755e-02
10,14,18,43,53,61,71,4.971689719e-04,1.1591e-01,49.9989,1.087e-05,-1.067074037e-04,9.1502e-01
10,14,19,43,53,67,73,4.213880551e-04,1.8268e-01,50.0024,2.404e-05,-5.546200110e-04,5.7915e-01
10,15,16,47,59,53,61,1.673837045e-05,9.5779e-01,50.0011,1.066e-05,+5.070987945e-04,6.1209e-01
10,15,17,47,59,59,67,2.420836143e-04,4.4395e-01,50.0038,3.756e-05,+7.541285886e-05,9.3989e-01
10,15,18,47,59,61,71,3.218510023e-04,3.0878e-01,50.0003,3.175e-06,+5.196699714e-05,9.5855e-01
10,15,19,47,59,67,73,5.531252888e-04,8.0268e-02,49.9932,6.804e-05,+1.432945993e-03,1.5187e-01
10,16,17,53,61,59,67,6.725638750e-04,3.3434e-02,49.9943,5.730e-05,-3.882503526e-04,6.9783e-01
10,16,18,53,61,61,71,2.974004873e-04,3.4698e-01,49.9983,1.654e-05,+7.005454978e-04,4.8359e-01
10,16,19,53,61,67,73,1.852247835e-04,5.5806e-01,49.9964,3.623e-05,+1.671343452e-03,9.4654e-02
10,17,18,59,67,61,71,7.436174911e-04,1.8697e-02,49.9961,3.916e-05,+4.044441619e-04,6.8589e-01
10,17,19,59,67,67,73,2.090244530e-04,5.0862e-01,50.0028,2.817e-05,+1.332357651e-04,8.9401e-01
10,18,19,61,71,67,73,1.503925830e-04,6.3437e-01,49.9986,1.406e-05,-7.814088301e-05,9.3772e-01
11,0,1,2,3,3,5,1.282923752e-04,6.8497e-01,49.9986,1.374e-05,+1.226905208e-03,2.1986e-01
11,0,2,2,3,5,7,8.053898059e-04,1.0870e-02,50.0092,9.229e-05,+5.602636866e-04,5.7530e-01
11,0,3,2,3,7,11,1.283223649e-04,6.8490e-01,50.0042,4.216e-05,+2.224046626e-03,2.6145e-02
11,0,4,2,3,8,13,2.346757552e-04,4.5802e-01,49.9981,1.931e-05,-1.711072561e-03,8.7068e-02
11,0,5,2,3,11,17,7.046722953e-05,8.2366e-01,50.0034,3.388e-05,-1.113813748e-03,2.6536e-01
11,0,6,2,3,13,19,7.268089476e-05,8.1822e-01,50.0018,1.843e-05,+5.454647575e-04,5.8543e-01
11,0,7,2,3,17,23,4.152046505e-05,8.9554e-01,49.9984,1.565e-05,-2.285126198e-04,8.1925e-01
11,0,8,2,3,19,29,3.483561219e-04,2.7064e-01,49.9961,3.949e-05,-1.788202013e-03,7.3743e-02
11,0,9,2,3,23,31,5.018831435e-04,1.1249e-01,49.9970,3.035e-05,+1.077508949e-04,9.1419e-01
11,0,10,2,3,29,37,1.244525452e-04,6.9391e-01,49.9932,6.799e-05,-1.347888716e-03,1.7769e-01
11,0,11,2,3,31,41,2.047649692e-04,5.1729e-01,50.0061,6.114e-05,-4.996159934e-05,9.6015e-01
11,0,12,2,3,37,43,2.440559037e-04,4.4025e-01,50.0007,7.162e-06,-1.009436587e-03,3.1277e-01
11,0,13,2,3,41,47,9.163797810e-04,3.7573e-03,49.9877,1.235e-04,-1.844189175e-04,8.5368e-01
11,0,14,2,3,43,53,7.688027911e-05,8.0791e-01,50.0031,3.071e-05,-2.181573489e-04,8.2731e-01
11,0,15,2,3,47,59,6.325969399e-05,8.4145e-01,49.9922,7.832e-05,+2.285660110e-03,2.2274e-02
11,0,16,2,3,53,61,2.748012176e-04,3.8485e-01,49.9984,1.630e-05,+1.294516941e-03,1.9549e-01
11,0,17,2,3,59,67,5.571433028e-04,7.8096e-02,50.0055,5.536e-05,-6.878861486e-04,4.9152e-01
11,0,18,2,3,61,71,6.103502944e-04,5.3595e-02,49.9955,4.457e-05,+7.874863958e-04,4.3100e-01
11,0,19,2,3,67,73,2.981152098e-05,9.2489e-01,50.0045,4.496e-05,+6.121667587e-04,5.4043e-01
11,1,2,3,5,5,7,2.647905014e-04,4.0240e-01,49.9969,3.070e-05,+8.838806434e-05,9.2957e-01
11,1,3,3,5,7,11,1.421538746e-04,6.5305e-01,50.0152,1.521e-04,-2.989858800e-04,7.6495e-01
11,1,4,3,5,8,13,5.949403570e-05,8.5077e-01,49.9969,3.100e-05,+7.178142299e-05,9.4278e-01
11,1,5,3,5,11,17,1.898356951e-05,9.5213e-01,50.0080,8.016e-05,+8.924239915e-04,3.7217e-01
11,1,6,3,5,13,19,2.594839794e-04,4.1190e-01,49.9960,4.021e-05,+1.882098530e-03,5.9823e-02
11,1,7,3,5,17,23,3.678819832e-04,2.4469e-01,50.0071,7.101e-05,+1.262331602e-03,2.0683e-01
11,1,8,3,5,19,29,5.379728596e-05,8.6491e-01,49.9954,4.607e-05,+2.176366608e-04,8.2771e-01
11,1,9,3,5,23,31,3.477789728e-05,9.1243e-01,49.9997,3.313e-06,+1.647419401e-03,9.9472e-02
11,1,10,3,5,29,37,3.017178864e-04,3.4003e-01,50.0036,3.582e-05,-5.437665223e-04,5.8660e-01
11,1,11,3,5,31,41,4.770492458e-05,8.8009e-01,50.0067,6.730e-05,-5.256664894e-04,5.9912e-01
11,1,12,3,5,37,43,4.634562950e-04,1.4276e-01,49.9913,8.687e-05,+2.925180085e-04,7.6989e-01
11,1,13,3,5,41,47,3.762422106e-04,2.3413e-01,49.9968,3.206e-05,-1.309377356e-03,1.9041e-01
11,1,14,3,5,43,53,2.191344683e-04,4.8833e-01,49.9994,6.375e-06,+7.222225756e-05,9.4243e-01
11,1,15,3,5,47,59,2.511481482e-04,4.2708e-01,49.9938,6.171e-05,+8.036727791e-04,4.2159e-01
11,1,16,3,5,53,61,2.951349197e-04,3.5067e-01,50.0060,5.979e-05,-1.817079926e-04,8.5581e-01
11,1,17,3,5,59,67,4.690720646e-05,8.8208e-01,50.0041,4.148e-05,+1.374788332e-03,1.6920e-01
11,1,18,3,5,61,71,2.338945672e-04,4.5952e-01,50.0017,1.746e-05,+5.862869104e-04,5.5768e-01
11,1,19,3,5,67,73,3.771066431e-05,9.0508e-01,49.9992,7.525e-06,+1.225462506e-04,9.0247e-01
11,2,3,5,7,7,11,3.542007528e-05,9.1082e-01,49.9980,1.995e-05,-1.093969206e-04,9.1289e-01
11,2,4,5,7,8,13,4.069368229e-04,1.9815e-01,50.0022,2.172e-05,-7.990606537e-04,4.2426e-01
11,2,5,5,7,11,17,1.011709383e-04,7.4902e-01,49.9975,2.461e-05,+3.355509007e-05,9.7323e-01
11,2,6,5,7,13,19,3.464153339e-04,2.7331e-01,49.9950,4.974e-05,-1.211603203e-03,2.2566e-01
11,2,7,5,7,17,23,1.771113844e-04,5.7543e-01,50.0076,7.566e-05,-1.125024817e-03,2.6058e-01
11,2,8,5,7,19,29,1.611865676e-04,6.1025e-01,49.9995,5.075e-06,+2.539396481e-03,1.1104e-02
11,2,9,5,7,23,31,1.088098924e-03,5.7985e-04,49.9959,4.061e-05,+1.457440077e-04,8.8412e-01
11,2,10,5,7,29,37,1.402213508e-05,9.6463e-01,49.9896,1.042e-04,-1.166368159e-04,9.0715e-01
11,2,11,5,7,31,41,4.738008233e-05,8.8090e-01,49.9956,4.418e-05,+1.488221065e-03,1.3669e-01
11,2,12,5,7,37,43,1.337513934e-04,6.7233e-01,50.0006,6.150e-06,-4.296907844e-04,6.6742e-01
11,2,13,5,7,41,47,1.126565214e-04,7.2165e-01,50.0149,1.490e-04,-5.913440944e-04,5.5429e-01
11,2,14,5,7,43,53,1.841181555e-04,5.6041e-01,50.0051,5.148e-05,-4.377055459e-04,6.6160e-01
11,2,15,5,7,47,59,1.266207019e-04,6.8885e-01,50.0023,2.274e-05,+9.933550222e-05,9.2087e-01
11,2,16,5,7,53,61,8.425032270e-05,7.8991e-01,50.0011,1.134e-05,-9.876845032e-04,3.2331e-01
11,2,17,5,7,59,67,3.284398787e-04,2.9898e-01,49.9992,7.775e-06,-1.524210540e-03,1.2746e-01
11,2,18,5,7,61,71,3.228760468e-04,3.0724e-01,50.0044,4.374e-05,+1.177159951e-03,2.3913e-01
11,2,19,5,7,67,73,1.874998068e-04,5.5323e-01,49.9989,1.128e-05,-4.196136194e-04,6.7477e-01
11,3,4,7,11,8,13,2.824943649e-04,3.7168e-01,50.0052,5.250e-05,+2.003154141e-04,8.4123e-01
11,3,5,7,11,11,17,2.823738607e-04,3.7189e-01,50.0097,9.734e-05,+4.944665994e-04,6.2098e-01
11,3,6,7,11,13,19,1.324623507e-04,6.7530e-01,49.9910,9.031e-05,+1.776513792e-04,8.5900e-01
11,3,7,7,11,17,23,1.001874134e-04,7.5138e-01,50.0011,1.071e-05,+1.075451325e-03,2.8217e-01
11,3,8,7,11,19,29,2.863736739e-04,3.6515e-01,50.0032,3.168e-05,+3.349850701e-04,7.3764e-01
11,3,9,7,11,23,31,3.633447407e-04,2.5056e-01,49.9974,2.581e-05,+4.983955213e-04,6.1821e-01
11,3,10,7,11,29,37,5.676752889e-04,7.2630e-02,50.0020,1.998e-05,+9.246508516e-04,3.5515e-01
11,3,11,7,11,31,41,1.124340415e-04,7.2218e-01,49.9927,7.287e-05,+3.104589734e-04,7.5621e-01
11,3,12,7,11,37,43,4.875245852e-04,1.2315e-01,49.9940,5.955e-05,+1.888641012e-03,5.8940e-02
11,3,13,7,11,41,47,2.153808862e-04,4.9581e-01,49.9984,1.594e-05,+1.089090292e-03,2.7611e-01
11,3,14,7,11,43,53,7.179206728e-05,8.2040e-01,49.9992,7.700e-06,+1.047588589e-03,2.9483e-01
11,3,15,7,11,47,59,2.586898163e-04,4.1333e-01,50.0010,9.713e-06,+1.928390463e-03,5.3807e-02
11,3,16,7,11,53,61,3.517570556e-04,2.6599e-01,50.0008,7.512e-06,-7.230198528e-04,4.6967e-01
11,3,17,7,11,59,67,1.572091585e-04,6.1909e-01,49.9968,3.228e-05,+8.252532216e-04,4.0923e-01
11,3,18,7,11,61,71,2.448910859e-04,4.3869e-01,49.9999,1.088e-06,+8.778359008e-04,3.8003e-01
11,3,19,7,11,67,73,1.053976676e-04,7.3891e-01,50.0051,5.120e-05,-5.529749175e-05,9.5590e-01
11,4,5,8,13,11,17,3.618458559e-04,2.5252e-01,50.0007,6.987e-06,-9.292334060e-04,3.5277e-01
11,4,6,8,13,13,19,7.437998626e-04,1.8668e-02,50.0057,5.714e-05,-1.561432270e-03,1.1842e-01
11,4,7,8,13,17,23,9.317425529e-05,7.6827e-01,50.0034,3.389e-05,+5.481114388e-04,5.8362e-01
11,4,8,8,13,19,29,1.434078664e-04,6.5019e-01,50.0009,8.525e-06,-5.671153798e-04,5.7064e-01
11,4,9,8,13,23,31,5.522546293e-04,8.0745e-02,50.0037,3.694e-05,-1.659367556e-03,9.7042e-02
11,4,10,8,13,29,37,9.762530039e-05,7.5754e-01,50.0049,4.872e-05,-9.818832220e-05,9.2178e-01
11,4,11,8,13,31,41,1.871932348e-04,5.5388e-01,49.9960,4.025e-05,-3.656167956e-04,7.1465e-01
11,4,12,8,13,37,43,1.434808464e-04,6.5003e-01,49.9945,5.542e-05,-5.899241645e-04,5.5524e-01
11,4,13,8,13,41,47,3.711656310e-04,2.4050e-01,50.0038,3.781e-05,-1.022567635e-03,3.0651e-01
11,4,14,8,13,43,53,1.913316911e-04,5.4515e-01,49.9958,4.175e-05,+8.655629141e-04,3.8673e-01
11,4,15,8,13,47,59,4.176129689e-04,1.8663e-01,49.9977,2.349e-05,-4.534048212e-04,6.5026e-01
11,4,16,8,13,53,61,3.158215573e-04,3.1793e-01,50.0005,5.212e-06,+1.333353284e-03,1.8242e-01
11,4,17,8,13,59,67,4.853384999e-04,1.2484e-01,50.0004,3.575e-06,+2.607967114e-04,7.9425e-01
11,4,18,8,13,61,71,1.598308681e-04,6.1326e-01,49.9960,3.981e-05,+5.134562692e-04,6.0763e-01
11,4,19,8,13,67,73,1.944778388e-04,5.3856e-01,49.9984,1.625e-05,-8.971251358e-04,3.6965e-01
11,5,6,11,17,13,19,2.342621208e-04,4.5881e-01,50.0027,2.665e-05,-1.224248545e-03,2.2086e-01
11,5,7,11,17,17,23,3.586090229e-04,2.5679e-01,50.0069,6.923e-05,+9.657476711e-04,3.3417e-01
11,5,8,11,17,19,29,3.401884621e-04,2.8203e-01,50.0044,4.444e-05,+1.168833246e-04,9.0695e-01
11,5,9,11,17,23,31,4.158302448e-05,8.9538e-01,50.0059,5.913e-05,-8.880594615e-05,9.2924e-01
11,5,10,11,17,29,37,3.927770435e-04,2.1421e-01,50.0017,1.736e-05,+3.964837345e-04,6.9175e-01
11,5,11,11,17,31,41,4.985925186e-06,9.8742e-01,49.9933,6.686e-05,-3.147589145e-04,7.5294e-01
11,5,12,11,17,37,43,1.011935626e-04,7.4897e-01,49.9994,5.963e-06,+4.138809590e-04,6.7896e-01
11,5,13,11,17,41,47,7.416674373e-04,1.9009e-02,49.9917,8.270e-05,+2.470159172e-03,1.3505e-02
11,5,14,11,17,43,53,3.697065154e-04,2.4236e-01,49.9991,9.163e-06,+7.470848530e-04,4.5501e-01
11,5,15,11,17,47,59,2.027016744e-04,5.2152e-01,50.0013,1.320e-05,-7.848887177e-04,4.3252e-01
11,5,16,11,17,53,61,3.780700631e-04,2.3187e-01,50.0043,4.310e-05,+2.229714638e-04,8.2356e-01
11,5,17,11,17,59,67,4.762527671e-05,8.8029e-01,50.0018,1.799e-05,+6.570150331e-04,5.1117e-01
11,5,18,11,17,61,71,3.035712080e-04,3.3707e-01,50.0003,3.100e-06,-2.313235379e-03,2.0710e-02
11,5,19,11,17,67,73,2.569098418e-04,4.1655e-01,49.9994,5.563e-06,-1.534769076e-04,8.7802e-01
11,6,7,13,19,17,23,1.376689057e-04,6.6331e-01,50.0047,4.728e-05,-5.840631454e-04,5.5918e-01
11,6,8,13,19,19,29,3.868390719e-04,2.2122e-01,50.0105,1.053e-04,+3.871143771e-04,6.9867e-01
11,6,9,13,19,23,31,2.396129741e-04,4.4862e-01,49.9983,1.743e-05,+3.789358140e-04,7.0474e-01
11,6,10,13,19,29,37,5.173183474e-05,8.7005e-01,50.0018,1.771e-05,-5.331282701e-04,5.9394e-01
11,6,11,13,19,31,41,3.679054439e-04,2.4466e-01,49.9850,1.497e-04,-9.130854910e-04,3.6120e-01
11,6,12,13,19,37,43,5.277181331e-05,8.6747e-01,50.0031,3.114e-05,-1.636044916e-03,1.0183e-01
11,6,13,13,19,41,47,9.014621324e-05,7.7559e-01,50.0016,1.610e-05,-2.383132690e-04,8.1164e-01
11,6,14,13,19,43,53,1.959400882e-04,5.3551e-01,50.0030,3.044e-05,+1.202632324e-03,2.2912e-01
11,6,15,13,19,47,59,2.795755212e-04,3.7664e-01,50.0098,9.800e-05,-5.636527391e-04,5.7299e-01
11,6,16,13,19,53,61,4.346961364e-04,1.6925e-01,50.0005,5.275e-06,+9.690606642e-04,3.3251e-01
11,6,17,13,19,59,67,3.189101915e-04,3.1322e-01,50.0041,4.061e-05,+4.593551664e-04,6.4598e-01
11,6,18,13,19,61,71,1.332979352e-04,6.7337e-01,50.0013,1.332e-05,+7.369675967e-04,4.6114e-01
11,6,19,13,19,67,73,1.872590203e-04,5.5374e-01,49.9934,6.631e-05,-1.218662996e-04,9.0300e-01
11,7,8,17,23,19,29,7.029563844e-05,8.2408e-01,50.0040,3.989e-05,-2.033214924e-04,8.3888e-01
11,7,9,17,23,23,31,5.624468363e-04,7.5303e-02,50.0013,1.340e-05,-1.124735086e-03,2.6070e-01
11,7,10,17,23,29,37,1.994347300e-04,5.2826e-01,50.0016,1.586e-05,+4.409818299e-04,6.5923e-01
11,7,11,17,23,31,41,3.363469628e-04,2.8750e-01,50.0039,3.944e-05,+2.459615650e-03,1.3909e-02
11,7,12,17,23,37,43,2.635772514e-04,4.0456e-01,50.0053,5.326e-05,-3.622128650e-04,7.1719e-01
11,7,13,17,23,41,47,2.146606233e-05,9.4588e-01,50.0007,6.925e-06,+8.034946716e-04,4.2169e-01
11,7,14,17,23,43,53,3.158426638e-04,3.1790e-01,49.9988,1.191e-05,-6.605785564e-04,5.0888e-01
11,7,15,17,23,47,59,4.229728098e-05,8.9360e-01,50.0014,1.368e-05,+8.949445307e-04,3.7082e-01
11,7,16,17,23,53,61,4.685983290e-04,1.3838e-01,50.0067,6.702e-05,+2.003104094e-03,4.5166e-02
11,7,17,17,23,59,67,1.309881543e-05,9.6696e-01,49.9999,8.875e-07,+8.762449878e-05,9.3018e-01
11,7,18,17,23,61,71,3.170338297e-04,3.1608e-01,49.9885,1.154e-04,-6.356327590e-04,5.2502e-01
11,7,19,17,23,67,73,1.679119850e-04,5.9543e-01,49.9970,3.014e-05,+7.180557018e-04,4.7272e-01
11,8,9,19,29,23,31,2.158849595e-04,4.9480e-01,49.9984,1.606e-05,+5.136495381e-05,9.5903e-01
11,8,10,19,29,29,37,4.289986498e-04,1.7490e-01,50.0002,2.300e-06,-5.289239578e-05,9.5782e-01
11,8,11,19,29,31,41,5.328230248e-05,8.6620e-01,50.0048,4.832e-05,+7.567081110e-04,4.4922e-01
11,8,12,19,29,37,43,2.641696385e-04,4.0351e-01,49.9994,5.750e-06,-1.849011402e-04,8.5331e-01
11,8,13,19,29,41,47,4.007636246e-04,2.0504e-01,50.0047,4.671e-05,+2.016184499e-04,8.4022e-01
11,8,14,19,29,43,53,4.329295023e-04,1.7099e-01,50.0044,4.353e-05,+1.445796717e-03,1.4823e-01
11,8,15,19,29,47,59,9.949987410e-05,7.5303e-01,50.0050,4.959e-05,+2.335013717e-04,8.1537e-01
11,8,16,19,29,53,61,4.044603880e-04,2.0089e-01,50.0134,1.339e-04,+5.379965858e-04,5.9058e-01
11,8,17,19,29,59,67,2.672190078e-04,3.9810e-01,49.9990,1.022e-05,+6.407560148e-04,5.2168e-01
11,8,18,19,29,61,71,6.739596262e-04,3.3069e-02,49.9953,4.681e-05,+3.006043396e-04,7.6372e-01
11,8,19,19,29,67,73,5.888720789e-04,6.2578e-02,50.0110,1.104e-04,-1.678796727e-03,9.3192e-02
11,9,10,23,31,29,37,1.190276699e-05,9.6997e-01,50.0014,1.396e-05,+2.140309475e-04,8.3052e-01
11,9,11,23,31,31,41,5.140399212e-04,1.0405e-01,49.9952,4.819e-05,-2.925763461e-03,3.4361e-03
11,9,12,23,31,37,43,1.686910028e-04,5.9372e-01,50.0062,6.209e-05,+4.306542671e-04,6.6672e-01
11,9,13,23,31,41,47,4.127140662e-04,1.9185e-01,50.0016,1.630e-05,-7.334080179e-05,9.4153e-01
11,9,14,23,31,43,53,3.494143462e-04,2.6918e-01,49.9989,1.094e-05,+2.470814320e-04,8.0485e-01
11,9,15,23,31,47,59,1.848983714e-04,5.5875e-01,50.0051,5.128e-05,-1.838047641e-04,8.5417e-01
11,9,16,23,31,53,61,9.804856211e-05,7.5652e-01,49.9976,2.407e-05,-6.899332267e-04,4.9024e-01
11,9,17,23,31,59,67,1.479950529e-04,6.3978e-01,50.0016,1.591e-05,+6.985131314e-04,4.8486e-01
11,9,18,23,31,61,71,1.431894609e-04,6.5069e-01,49.9982,1.785e-05,-6.670011322e-04,5.0477e-01
11,9,19,23,31,67,73,1.855235855e-04,5.5742e-01,50.0012,1.219e-05,+1.015272838e-03,3.0998e-01
11,10,11,29,37,31,41,2.332599582e-04,4.6074e-01,50.0065,6.540e-05,-9.815852837e-04,3.2630e-01
11,10,12,29,37,37,43,8.902617584e-05,7.7831e-01,50.0030,3.047e-05,-2.741575140e-04,7.8396e-01
11,10,13,29,37,41,47,8.361219119e-04,8.1921e-03,50.0013,1.334e-05,-1.675364328e-03,9.3863e-02
11,10,14,29,37,43,53,4.955902405e-04,1.1707e-01,49.9990,1.040e-05,+2.285726639e-04,8.1920e-01
11,10,15,29,37,47,59,2.905425009e-04,3.5821e-01,50.0016,1.601e-05,-1.004938339e-03,3.1493e-01
11,10,16,29,37,53,61,1.386678541e-04,6.6102e-01,49.9979,2.054e-05,+4.224158331e-04,6.7272e-01
11,10,17,29,37,59,67,1.513936381e-04,6.3212e-01,50.0042,4.197e-05,+4.228494769e-04,6.7241e-01
11,10,18,29,37,61,71,3.523300512e-04,2.6521e-01,50.0016,1.636e-05,+5.563170464e-05,9.5564e-01
11,10,19,29,37,67,73,2.768311334e-04,3.8135e-01,49.9976,2.442e-05,+6.360119197e-04,5.2477e-01
11,11,12,31,41,37,43,3.087407169e-04,3.2890e-01,49.9938,6.180e-05,+1.789769493e-03,7.3491e-02
11,11,13,31,41,41,47,2.312909536e-05,9.4169e-01,49.9919,8.126e-05,+1.807335722e-03,7.0710e-02
11,11,14,31,41,43,53,4.254489605e-04,1.7850e-01,50.0099,9.883e-05,-7.702709384e-04,4.4114e-01
11,11,15,31,41,47,59,7.551729592e-04,1.6937e-02,49.9995,4.962e-06,+5.575384538e-04,5.7716e-01
11,11,16,31,41,53,61,2.782989493e-04,3.7883e-01,49.9916,8.429e-05,-6.006942765e-04,5.4804e-01
11,11,17,31,41,59,67,4.324111951e-05,8.9124e-01,50.0012,1.208e-05,+1.550891306e-03,1.2093e-01
11,11,18,31,41,61,71,3.747038872e-04,2.3605e-01,50.0020,2.006e-05,-1.155059507e-03,2.4807e-01
11,11,19,31,41,67,73,4.305349084e-04,1.7336e-01,49.9985,1.485e-05,-2.730303370e-04,7.8483e-01
11,12,13,37,43,41,47,1.036656076e-04,7.4305e-01,50.0068,6.784e-05,+1.666889726e-04,8.6761e-01
11,12,14,37,43,43,53,5.762884225e-05,8.5540e-01,49.9985,1.480e-05,+5.444711317e-04,5.8612e-01
11,12,15,37,43,47,59,2.049737655e-04,5.1687e-01,50.0011,1.101e-05,-1.003759035e-03,3.1549e-01
11,12,16,37,43,53,61,3.395925227e-04,2.8287e-01,50.0022,2.244e-05,-6.813717161e-04,4.9564e-01
11,12,17,37,43,59,67,5.115629451e-04,1.0573e-01,50.0004,4.275e-06,+1.119377450e-04,9.1087e-01
11,12,18,37,43,61,71,4.943579078e-04,1.1798e-01,49.9982,1.759e-05,+5.865161752e-04,5.5753e-01
11,12,19,37,43,67,73,3.548100314e-04,2.6186e-01,49.9961,3.905e-05,-1.665341900e-06,9.9867e-01
11,13,14,41,47,43,53,7.378773019e-05,8.1550e-01,50.0131,1.314e-04,-2.432823253e-04,8.0779e-01
11,13,15,41,47,47,59,7.728125562e-04,1.4532e-02,49.9931,6.898e-05,+4.182903954e-04,6.7573e-01
11,13,16,41,47,53,61,2.294478010e-04,4.6810e-01,49.9982,1.823e-05,-1.976568510e-03,4.8090e-02
11,13,17,41,47,59,67,9.628048773e-05,7.6077e-01,50.0037,3.716e-05,-8.398843601e-04,4.0097e-01
11,13,18,41,47,61,71,5.311539850e-05,8.6661e-01,50.0025,2.455e-05,-1.064336573e-03,2.8718e-01
11,13,19,41,47,67,73,1.115209335e-04,7.2434e-01,50.0151,1.511e-04,-1.299156436e-03,1.9389e-01
11,14,15,43,53,47,59,3.283753737e-04,2.9908e-01,49.9999,9.375e-07,+5.316073800e-04,5.9500e-01
11,14,16,43,53,53,61,2.988020075e-04,3.4471e-01,50.0040,3.986e-05,+3.007069527e-04,7.6364e-01
11,14,17,43,53,59,67,1.798104636e-04,5.6962e-01,49.9997,2.975e-06,+4.543662784e-04,6.4957e-01
11,14,18,43,53,61,71,3.369312489e-04,2.8666e-01,49.9968,3.161e-05,-1.380751853e-03,1.6736e-01
11,14,19,43,53,67,73,1.064425843e-04,7.3642e-01,49.9881,1.186e-04,-6.543332487e-04,5.1290e-01
11,15,16,47,59,53,61,5.090072613e-04,1.0748e-01,50.0028,2.805e-05,-1.206353306e-03,2.2768e-01
11,15,17,47,59,59,67,3.984527910e-05,8.9973e-01,49.9994,5.612e-06,+1.094801953e-03,2.7360e-01
11,15,18,47,59,61,71,4.264084757e-04,1.7752e-01,49.9976,2.395e-05,+1.690408602e-04,8.6576e-01
11,15,19,47,59,67,73,6.425047361e-05,8.3900e-01,50.0058,5.801e-05,+6.924030772e-04,4.8868e-01
11,16,17,53,61,59,67,2.837907232e-04,3.6949e-01,49.9997,2.612e-06,-1.395575307e-04,8.8901e-01
11,16,18,53,61,61,71,5.836082402e-04,6.4960e-02,49.9894,1.061e-04,-1.447806909e-03,1.4767e-01
11,16,19,53,61,67,73,3.285350327e-04,2.9884e-01,49.9981,1.896e-05,+1.097740324e-03,2.7232e-01
11,17,18,59,67,61,71,1.317822940e-04,6.7687e-01,50.0096,9.644e-05,-6.743021876e-04,5.0012e-01
11,17,19,59,67,67,73,3.783850548e-06,9.9045e-01,50.0069,6.870e-05,-1.392318572e-03,1.6383e-01
11,18,19,61,71,67,73,7.068541632e-05,8.2313e-01,50.0051,5.074e-05,+1.244213012e-04,9.0098e-01
12,0,1,2,3,3,5,6.475845981e-04,4.0575e-02,50.0009,8.638e-06,-6.125918715e-04,5.4015e-01
12,0,2,2,3,5,7,2.076094017e-04,5.1149e-01,49.9938,6.192e-05,-1.544784601e-03,1.2240e-01
12,0,3,2,3,7,11,1.427068181e-04,6.5179e-01,50.0011,1.086e-05,+3.864443148e-04,6.9917e-01
12,0,4,2,3,8,13,3.596428235e-04,2.5542e-01,49.9946,5.389e-05,-5.413113669e-04,5.8829e-01
12,0,5,2,3,11,17,7.973014580e-05,8.0094e-01,50.0007,6.813e-06,-7.557210476e-04,4.4982e-01
12,0,6,2,3,13,19,3.674950365e-04,2.4519e-01,49.9920,7.970e-05,+1.870739344e-04,8.5160e-01
12,0,7,2,3,17,23,3.640325566e-04,2.4966e-01,50.0063,6.347e-05,-8.028829211e-04,4.2204e-01
12,0,8,2,3,19,29,1.371100651e-04,6.6459e-01,50.0081,8.076e-05,-1.223252699e-03,2.2123e-01
12,0,9,2,3,23,31,9.297590274e-05,7.6875e-01,50.0063,6.276e-05,-1.839695487e-03,6.5813e-02
12,0,10,2,3,29,37,4.122314233e-05,8.9628e-01,49.9989,1.060e-05,-8.995598026e-04,3.6835e-01
12,0,11,2,3,31,41,2.010211006e-04,5.2498e-01,49.9963,3.703e-05,+2.579901046e-04,7.9641e-01
12,0,12,2,3,37,43,7.084533695e-04,2.5070e-02,49.9920,8.000e-05,-1.255795253e-03,2.0919e-01
12,0,13,2,3,41,47,1.844438612e-04,5.5972e-01,50.0047,4.676e-05,-3.248264060e-04,7.4531e-01
12,0,14,2,3,43,53,4.120381372e-04,1.9258e-01,50.0049,4.925e-05,-5.405933206e-04,5.8879e-01
12,0,15,2,3,47,59,6.263001961e-04,4.7643e-02,49.9927,7.336e-05,+1.352964730e-03,1.7607e-01
12,0,16,2,3,53,61,3.641813657e-04,2.4947e-01,50.0036,3.575e-05,+4.493071107e-05,9.6416e-01
12,0,17,2,3,59,67,6.424379283e-04,4.2197e-02,49.9990,9.938e-06,+9.785366931e-04,3.2781e-01
12,0,18,2,3,61,71,2.652132894e-04,4.0165e-01,50.0023,2.304e-05,-3.336021680e-05,9.7339e-01
12,0,19,2,3,67,73,2.411772019e-04,4.4566e-01,50.0091,9.079e-05,-4.957169868e-04,6.2009e-01
12,1,2,3,5,5,7,1.634288144e-04,6.0529e-01,50.0042,4.206e-05,-1.784077730e-03,7.4411e-02
12,1,3,3,5,7,11,8.724894899e-04,5.7969e-03,49.9919,8.088e-05,+1.525650455e-03,1.2710e-01
12,1,4,3,5,8,13,2.370279676e-04,4.5353e-01,50.0103,1.035e-04,+1.481702606e-03,1.3842e-01
12,1,5,3,5,11,17,1.426590576e-04,6.5190e-01,49.9968,3.235e-05,+1.300530663e-03,1.9342e-01
12,1,6,3,5,13,19,1.476471104e-04,6.4057e-01,49.9973,2.744e-05,-2.170112012e-03,2.9998e-02
12,1,7,3,5,17,23,1.622675433e-04,6.0786e-01,50.0023,2.261e-05,+6.319086675e-04,5.2745e-01
12,1,8,3,5,19,29,2.977303726e-04,3.4645e-01,50.0003,3.375e-06,-2.057660765e-04,8.3697e-01
12,1,9,3,5,23,31,1.540013697e-04,6.2626e-01,50.0100,9.978e-05,-2.109579234e-03,3.4895e-02
12,1,10,3,5,29,37,3.097320563e-04,3.2735e-01,50.0121,1.211e-04,-9.926217956e-04,3.2089e-01
12,1,11,3,5,31,41,4.611509576e-04,1.4476e-01,49.9981,1.949e-05,-1.499078574e-04,8.8084e-01
12,1,12,3,5,37,43,7.171811429e-04,2.3334e-02,49.9972,2.834e-05,-1.122466767e-03,2.6166e-01
12,1,13,3,5,41,47,1.270163856e-04,6.8793e-01,50.0063,6.337e-05,-1.169186976e-03,2.4233e-01
12,1,14,3,5,43,53,1.478408285e-05,9.6271e-01,50.0020,1.996e-05,-9.494753511e-04,3.4238e-01
12,1,15,3,5,47,59,1.509456865e-04,6.3313e-01,50.0037,3.710e-05,+1.041516295e-03,2.9764e-01
12,1,16,3,5,53,61,5.415884819e-04,8.6776e-02,49.9950,5.026e-05,-1.153882598e-03,2.4855e-01
12,1,17,3,5,59,67,9.136931655e-04,3.8604e-03,50.0010,1.018e-05,+2.741844830e-04,7.8394e-01
12,1,18,3,5,61,71,3.360052857e-04,2.8799e-01,49.9997,2.775e-06,-2.277659426e-03,2.2747e-02
12,1,19,3,5,67,73,2.057818909e-04,5.1521e-01,50.0018,1.792e-05,-4.396588974e-04,6.6018e-01
12,2,3,5,7,7,11,1.530363951e-04,6.2843e-01,49.9985,1.536e-05,+5.401454735e-04,5.8910e-01
12,2,4,5,7,8,13,3.473031949e-04,2.7209e-01,50.0038,3.754e-05,-1.804502300e-04,8.5680e-01
12,2,5,5,7,11,17,1.939371081e-04,5.3969e-01,50.0065,6.544e-05,-9.686587754e-04,3.3272e-01
12,2,6,5,7,13,19,5.086400529e-05,8.7221e-01,50.0067,6.717e-05,-1.300612801e-03,1.9339e-01
12,2,7,5,7,17,23,1.894760037e-04,5.4906e-01,50.0050,5.040e-05,+7.423738803e-04,4.5786e-01
12,2,8,5,7,19,29,1.880323808e-07,9.9953e-01,50.0052,5.224e-05,-2.474796099e-04,8.0454e-01
12,2,9,5,7,23,31,5.348838620e-04,9.0751e-02,49.9940,5.969e-05,-7.428007164e-04,4.5760e-01
12,2,10,5,7,29,37,1.922216520e-04,5.4328e-01,49.9995,5.475e-06,-7.062347002e-04,4.8004e-01
12,2,11,5,7,31,41,2.560726593e-04,4.1807e-01,49.9945,5.470e-05,-5.162569359e-05,9.5883e-01
12,2,12,5,7,37,43,2.711330513e-04,3.9122e-01,49.9971,2.870e-05,+1.220407971e-03,2.2231e-01
12,2,13,5,7,41,47,7.434697448e-04,1.8720e-02,49.9864,1.360e-04,+6.978990684e-04,4.8524e-01
12,2,14,5,7,43,53,2.882579217e-04,3.6200e-01,50.0012,1.185e-05,+5.791642948e-04,5.6248e-01
12,2,15,5,7,47,59,2.798645421e-05,9.2948e-01,49.9969,3.104e-05,-2.406962337e-03,1.6086e-02
12,2,16,5,7,53,61,2.581685615e-04,4.1427e-01,49.9996,4.350e-06,-9.946169532e-04,3.1992e-01
12,2,17,5,7,59,67,1.985587122e-04,5.3007e-01,50.0014,1.386e-05,-9.684963077e-04,3.3280e-01
12,2,18,5,7,61,71,3.266989599e-04,3.0155e-01,50.0041,4.116e-05,-9.521130113e-04,3.4104e-01
12,2,19,5,7,67,73,4.506725620e-04,1.5411e-01,50.0024,2.434e-05,+2.281470313e-03,2.2521e-02
12,3,4,7,11,8,13,3.427543953e-04,2.7842e-01,50.0099,9.883e-05,-3.081885248e-04,7.5794e-01
12,3,5,7,11,11,17,5.573154359e-04,7.8004e-02,49.9927,7.287e-05,-1.101857472e-03,2.7052e-01
12,3,6,7,11,13,19,1.327722778e-04,6.7459e-01,50.0088,8.799e-05,-5.279516582e-05,9.5790e-01
12,3,7,7,11,17,23,2.986570540e-04,3.4495e-01,50.0014,1.436e-05,+1.254266236e-03,2.0975e-01
12,3,8,7,11,19,29,1.736974159e-05,9.5620e-01,49.9972,2.760e-05,+1.761622652e-04,8.6017e-01
12,3,9,7,11,23,31,3.208163136e-04,3.1034e-01,49.9939,6.085e-05,+2.188895586e-05,9.8254e-01
12,3,10,7,11,29,37,2.648906642e-05,9.3324e-01,50.0012,1.239e-05,+1.682151496e-04,8.6641e-01
12,3,11,7,11,31,41,4.101562567e-05,8.9680e-01,50.0035,3.481e-05,+1.203126988e-03,2.2893e-01
12,3,12,7,11,37,43,3.323537918e-05,9.1630e-01,50.0056,5.599e-05,+4.088912044e-04,6.8262e-01
12,3,13,7,11,41,47,7.580240542e-04,1.6526e-02,49.9954,4.627e-05,-1.811581375e-04,8.5624e-01
12,3,14,7,11,43,53,2.376566713e-04,4.5233e-01,49.9947,5.316e-05,+1.901204344e-03,5.7275e-02
12,3,15,7,11,47,59,2.527922501e-04,4.2406e-01,49.9906,9.423e-05,-5.779178536e-04,5.6332e-01
12,3,16,7,11,53,61,2.728330727e-04,3.8826e-01,50.0072,7.191e-05,-3.587755571e-04,7.1976e-01
12,3,17,7,11,59,67,3.960803057e-04,2.1038e-01,50.0010,9.700e-06,-8.900579860e-04,3.7343e-01
12,3,18,7,11,61,71,1.671417816e-04,5.9712e-01,49.9995,4.850e-06,-5.669285014e-04,5.7076e-01
12,3,19,7,11,67,73,1.659502801e-04,5.9974e-01,49.9946,5.425e-05,+3.523390531e-04,7.2458e-01
12,4,5,8,13,11,17,4.240220322e-04,1.7996e-01,50.0058,5.758e-05,+6.012241548e-04,5.4769e-01
12,4,6,8,13,13,19,5.322772350e-05,8.6633e-01,49.9945,5.489e-05,+5.970441988e-04,5.5048e-01
12,4,7,8,13,17,23,1.091309196e-04,7.3002e-01,49.9971,2.899e-05,+1.516400497e-03,1.2942e-01
12,4,8,8,13,19,29,7.487490343e-05,8.1283e-01,50.0046,4.550e-05,-7.356932552e-04,4.6192e-01
12,4,9,8,13,23,31,3.840169125e-05,9.0335e-01,50.0001,7.250e-07,+1.786873550e-03,7.3958e-02
12,4,10,8,13,29,37,3.018899604e-05,9.2394e-01,50.0044,4.389e-05,+8.217607376e-04,4.1121e-01
12,4,11,8,13,31,41,2.116734998e-04,5.0326e-01,50.0034,3.374e-05,+1.540302187e-04,8.7759e-01
12,4,12,8,13,37,43,1.909849531e-04,5.4588e-01,50.0098,9.784e-05,+6.848353027e-04,4.9345e-01
12,4,13,8,13,41,47,5.331773882e-04,9.1785e-02,49.9895,1.053e-04,+1.263333332e-04,8.9947e-01
12,4,14,8,13,43,53,9.231585102e-04,3.5084e-03,50.0153,1.530e-04,+7.022098627e-04,4.8255e-01
12,4,15,8,13,47,59,6.267608233e-05,8.4289e-01,50.0025,2.495e-05,+6.157843637e-04,5.3804e-01
12,4,16,8,13,53,61,2.319205023e-05,9.4154e-01,49.9930,6.996e-05,+2.642118017e-04,7.9162e-01
12,4,17,8,13,59,67,4.371949310e-04,1.6681e-01,50.0006,5.575e-06,-6.154234439e-04,5.3828e-01
12,4,18,8,13,61,71,4.314652758e-04,1.7244e-01,49.9926,7.420e-05,+1.863072378e-03,6.2452e-02
12,4,19,8,13,67,73,5.574428610e-05,8.6007e-01,49.9975,2.540e-05,-2.156776287e-04,8.2924e-01
12,5,6,11,17,13,19,8.071388949e-04,1.0698e-02,49.9914,8.616e-05,-3.273156399e-04,7.4343e-01
12,5,7,11,17,17,23,1.108503947e-04,7.2593e-01,49.9980,1.996e-05,+9.226971895e-04,3.5617e-01
12,5,8,11,17,19,29,5.557318945e-04,7.8853e-02,49.9972,2.825e-05,+1.414338167e-03,1.5726e-01
12,5,9,11,17,23,31,6.119189082e-04,5.2983e-02,50.0029,2.943e-05,+6.203923962e-04,5.3500e-01
12,5,10,11,17,29,37,7.010966726e-05,8.2454e-01,49.9923,7.731e-05,-2.009646994e-03,4.4469e-02
12,5,11,11,17,31,41,4.687471918e-04,1.3826e-01,50.0006,5.763e-06,+5.825084788e-05,9.5355e-01
12,5,12,11,17,37,43,6.055347108e-06,9.8472e-01,50.0086,8.649e-05,+4.690941630e-04,6.3900e-01
12,5,13,11,17,41,47,3.984716718e-04,2.0764e-01,49.9990,1.005e-05,+3.983516434e-04,6.9037e-01
12,5,14,11,17,43,53,4.694379570e-04,1.3768e-01,50.0128,1.282e-04,-2.093596821e-05,9.8330e-01
12,5,15,11,17,47,59,3.827571957e-04,2.2613e-01,49.9926,7.422e-05,-9.903335669e-04,3.2201e-01
12,5,16,11,17,53,61,1.792470174e-04,5.7083e-01,49.9943,5.706e-05,+8.272527024e-05,9.3407e-01
12,5,17,11,17,59,67,4.496187835e-04,1.5508e-01,50.0016,1.580e-05,+1.714674670e-03,8.6405e-02
12,5,18,11,17,61,71,1.007984197e-04,7.4991e-01,49.9981,1.930e-05,+2.143074272e-04,8.3031e-01
12,5,19,11,17,67,73,3.195700128e-04,3.1222e-01,50.0038,3.798e-05,-2.587673857e-06,9.9794e-01
12,6,7,13,19,17,23,8.245692681e-05,7.9428e-01,49.9995,5.125e-06,-9.928385635e-05,9.2091e-01
12,6,8,13,19,19,29,2.024765831e-05,9.4895e-01,50.0034,3.386e-05,-4.042200685e-04,6.8605e-01
12,6,9,13,19,23,31,1.595682869e-05,9.5976e-01,49.9899,1.014e-04,+2.074487211e-03,3.8034e-02
12,6,10,13,19,29,37,1.313471432e-04,6.7788e-01,50.0038,3.795e-05,+1.500454572e-03,1.3350e-01
12,6,11,13,19,31,41,5.074575942e-04,1.0856e-01,49.9980,2.025e-05,-1.265153397e-03,2.0582e-01
12,6,12,13,19,37,43,1.953108573e-04,5.3682e-01,50.0008,8.500e-06,+9.341383068e-04,3.5023e-01
12,6,13,13,19,41,47,9.165331013e-04,3.7515e-03,49.9963,3.741e-05,+1.044137295e-03,2.9642e-01
12,6,14,13,19,43,53,3.981125669e-04,2.0805e-01,50.0024,2.353e-05,-5.600175359e-04,5.7547e-01
12,6,15,13,19,47,59,8.443923012e-04,7.5805e-03,49.9920,8.034e-05,-1.047970440e-03,2.9465e-01
12,6,16,13,19,53,61,1.180494075e-04,7.0892e-01,49.9965,3.450e-05,-6.095159516e-04,5.4218e-01
12,6,17,13,19,59,67,2.903303718e-04,3.5856e-01,49.9956,4.354e-05,+5.517821325e-04,5.8110e-01
12,6,18,13,19,61,71,3.259841098e-04,3.0261e-01,49.9949,5.139e-05,+2.998623672e-05,9.7608e-01
12,6,19,13,19,67,73,2.600017579e-05,9.3447e-01,49.9988,1.181e-05,-1.143319711e-03,2.5291e-01
12,7,8,17,23,19,29,2.828531559e-04,3.7108e-01,49.9989,1.096e-05,-3.395042130e-04,7.3423e-01
12,7,9,17,23,23,31,5.097354212e-04,1.0698e-01,50.0018,1.821e-05,+1.658826345e-03,9.7151e-02
12,7,10,17,23,29,37,5.880443605e-05,8.5248e-01,49.9984,1.635e-05,-1.065861043e-03,2.8649e-01
12,7,11,17,23,31,41,3.475320349e-04,2.7177e-01,50.0011,1.108e-05,-1.135717935e-03,2.5607e-01
12,7,12,17,23,37,43,9.798575190e-05,7.5667e-01,50.0077,7.690e-05,+1.193515713e-04,9.0500e-01
12,7,13,17,23,41,47,2.780449949e-04,3.7926e-01,50.0091,9.146e-05,-1.100727398e-03,2.7102e-01
12,7,14,17,23,43,53,2.812185509e-04,3.7385e-01,49.9978,2.165e-05,-3.965384916e-04,6.9171e-01
12,7,15,17,23,47,59,1.450656166e-04,6.4642e-01,50.0063,6.339e-05,-2.087426703e-04,8.3465e-01
12,7,16,17,23,53,61,1.789410306e-07,9.9955e-01,50.0016,1.640e-05,+7.065477892e-04,4.7985e-01
12,7,17,17,23,59,67,2.572119150e-04,4.1600e-01,49.9934,6.606e-05,-2.012996151e-03,4.4115e-02
12,7,18,17,23,61,71,2.673221757e-04,3.9792e-01,49.9918,8.241e-05,-1.447779446e-04,8.8489e-01
12,7,19,17,23,67,73,2.908490084e-04,3.5771e-01,50.0051,5.136e-05,-4.129916964e-04,6.7961e-01
12,8,9,19,29,23,31,2.532635288e-04,4.2320e-01,49.9938,6.245e-05,+1.040083011e-04,9.1716e-01
12,8,10,19,29,29,37,3.709363997e-05,9.0662e-01,49.9931,6.889e-05,-5.393270048e-04,5.8966e-01
12,8,11,19,29,31,41,2.051842481e-04,5.1644e-01,49.9889,1.107e-04,-1.647214756e-03,9.9514e-02
12,8,12,19,29,37,43,3.919591733e-04,2.1517e-01,49.9959,4.064e-05,-4.455557090e-04,6.5592e-01
12,8,13,19,29,41,47,6.382325588e-04,4.3563e-02,50.0055,5.535e-05,+1.550208450e-04,8.7680e-01
12,8,14,19,29,43,53,1.849542333e-04,5.5863e-01,50.0023,2.274e-05,-3.834549539e-04,7.0138e-01
12,8,15,19,29,47,59,1.592715324e-04,6.1450e-01,50.0033,3.340e-05,+2.179019225e-03,2.9330e-02
12,8,16,19,29,53,61,1.463006293e-04,6.4362e-01,49.9959,4.076e-05,-4.297040536e-04,6.6741e-01
12,8,17,19,29,59,67,2.015763256e-04,5.2384e-01,50.0060,6.023e-05,-4.618156658e-04,6.4421e-01
12,8,18,19,29,61,71,1.077164686e-05,9.7283e-01,50.0109,1.088e-04,-9.507126343e-05,9.2426e-01
12,8,19,19,29,67,73,9.367889221e-05,7.6705e-01,50.0017,1.720e-05,+1.091757568e-03,2.7494e-01
12,9,10,23,31,29,37,3.899360608e-04,2.1754e-01,50.0105,1.053e-04,-4.426038821e-04,6.5805e-01
12,9,11,23,31,31,41,1.460736769e-04,6.4413e-01,50.0064,6.439e-05,+7.960688253e-05,9.3655e-01
12,9,12,23,31,37,43,9.804880533e-05,7.5652e-01,50.0051,5.119e-05,-1.111141874e-04,9.1153e-01
12,9,13,23,31,41,47,6.057318355e-04,5.5430e-02,49.9956,4.380e-05,+6.092218183e-04,5.4238e-01
12,9,14,23,31,43,53,8.354441985e-05,7.9163e-01,50.0115,1.150e-04,+1.945139822e-03,5.1758e-02
12,9,15,23,31,47,59,2.048823002e-05,9.4834e-01,49.9904,9.585e-05,-3.337365385e-04,7.3858e-01
12,9,16,23,31,53,61,4.397255802e-04,1.6437e-01,50.0020,2.004e-05,+5.348670140e-04,5.9274e-01
12,9,17,23,31,59,67,1.518318652e-05,9.6171e-01,50.0033,3.320e-05,+1.620746359e-03,1.0507e-01
12,9,18,23,31,61,71,5.641864378e-04,7.4405e-02,50.0083,8.300e-05,-2.321152064e-04,8.1645e-01
12,9,19,23,31,67,73,6.857460563e-04,3.0119e-02,50.0029,2.932e-05,+2.217174708e-04,8.2453e-01
12,10,11,29,37,31,41,2.719343809e-04,3.8983e-01,49.9969,3.065e-05,-2.457883983e-04,8.0585e-01
12,10,12,29,37,37,43,9.134689268e-05,7.7269e-01,49.9940,6.012e-05,-7.121524868e-04,4.7637e-01
12,10,13,29,37,41,47,6.887064454e-04,2.9415e-02,50.0091,9.069e-05,+3.774635411e-04,7.0583e-01
12,10,14,29,37,43,53,1.529374419e-04,6.2865e-01,49.9852,1.480e-04,+3.545961465e-04,7.2289e-01
12,10,15,29,37,47,59,3.423869970e-04,2.7893e-01,50.0049,4.916e-05,+3.123640606e-04,7.5476e-01
12,10,16,29,37,53,61,6.393926385e-04,4.3183e-02,50.0020,2.013e-05,-1.823162777e-04,8.5533e-01
12,10,17,29,37,59,67,2.920872318e-04,3.5566e-01,50.0030,3.046e-05,+1.647458637e-03,9.9464e-02
12,10,18,29,37,61,71,1.045520522e-04,7.4093e-01,49.9920,7.999e-05,+2.318895902e-04,8.1662e-01
12,10,19,29,37,67,73,7.230613061e-05,8.1914e-01,50.0038,3.839e-05,-1.497815438e-03,1.3418e-01
12,11,12,31,41,37,43,3.396356859e-04,2.8281e-01,49.9977,2.260e-05,+4.142015894e-05,9.6696e-01
12,11,13,31,41,41,47,5.740411327e-04,6.9481e-02,49.9988,1.216e-05,+2.798275424e-05,9.7768e-01
12,11,14,31,41,43,53,4.020764147e-04,2.0356e-01,49.9950,5.037e-05,+3.590167585e-04,7.1958e-01
12,11,15,31,41,47,59,4.229862843e-04,1.8103e-01,50.0014,1.431e-05,+1.477781291e-04,8.8252e-01
12,11,16,31,41,53,61,1.677592278e-04,5.9576e-01,49.9957,4.342e-05,-1.095387543e-03,2.7335e-01
12,11,17,31,41,59,67,2.843730640e-04,3.6851e-01,49.9969,3.051e-05,-1.857354900e-03,6.3261e-02
12,11,18,31,41,61,71,2.956517209e-04,3.4982e-01,49.9950,5.009e-05,+3.072943056e-04,7.5862e-01
12,11,19,31,41,67,73,3.008593899e-05,9.2420e-01,50.0014,1.351e-05,+7.543468079e-05,9.3987e-01
12,12,13,37,43,41,47,1.102056382e-04,7.2746e-01,50.0039,3.854e-05,-8.051894574e-04,4.2071e-01
12,12,14,37,43,43,53,2.687641639e-04,3.9538e-01,50.0034,3.447e-05,+7.133363385e-04,4.7564e-01
12,12,15,37,43,47,59,3.255893193e-04,3.0320e-01,49.9938,6.244e-05,+3.822847962e-06,9.9695e-01
12,12,16,37,43,53,61,2.783210171e-04,3.7879e-01,50.0058,5.840e-05,+1.754449952e-03,7.9353e-02
12,12,17,37,43,59,67,4.432143074e-04,1.6104e-01,49.9919,8.134e-05,+1.549316349e-04,8.7688e-01
12,12,18,37,43,61,71,1.686020859e-04,5.9392e-01,50.0012,1.216e-05,+1.146167389e-03,2.5173e-01
12,12,19,37,43,67,73,3.133066060e-04,3.2180e-01,50.0016,1.639e-05,-1.185403612e-03,2.3586e-01
12,13,14,41,47,43,53,1.845709404e-04,5.5945e-01,49.9998,1.812e-06,+7.896172174e-05,9.3706e-01
12,13,15,41,47,47,59,9.099255675e-05,7.7354e-01,50.0022,2.167e-05,+2.924663516e-05,9.7667e-01
12,13,16,41,47,53,61,1.141432900e-04,7.1813e-01,49.9996,4.463e-06,+2.429614562e-03,1.5115e-02
12,13,17,41,47,59,67,1.305742035e-04,6.7967e-01,50.0026,2.632e-05,+1.946086096e-04,8.4570e-01
12,13,18,41,47,61,71,4.836494989e-05,8.7844e-01,49.9938,6.163e-05,+9.023957155e-04,3.6685e-01
12,13,19,41,47,67,73,3.033566297e-04,3.3741e-01,50.0037,3.660e-05,+2.370757910e-03,1.7752e-02
12,14,15,43,53,47,59,9.100581653e-05,7.7351e-01,49.9900,9.961e-05,+2.313139682e-03,2.0715e-02
12,14,16,43,53,53,61,2.469000582e-04,4.3494e-01,50.0006,5.975e-06,+1.742192543e-03,8.1475e-02
12,14,17,43,53,59,67,2.003440719e-04,5.2638e-01,50.0067,6.676e-05,-7.912668272e-04,4.2879e-01
12,14,18,43,53,61,71,7.805204257e-06,9.8031e-01,49.9919,8.104e-05,+8.001157383e-04,4.2364e-01
12,14,19,43,53,67,73,8.060211145e-04,1.0807e-02,50.0098,9.766e-05,-3.188654851e-04,7.4983e-01
12,15,16,47,59,53,61,1.221561349e-04,6.9928e-01,49.9914,8.646e-05,-1.660365007e-04,8.6813e-01
12,15,17,47,59,59,67,1.973514889e-04,5.3257e-01,49.9950,4.990e-05,+7.005996579e-04,4.8355e-01
12,15,18,47,59,61,71,2.421365947e-04,4.4385e-01,49.9963,3.682e-05,+1.811700820e-03,7.0032e-02
12,15,19,47,59,67,73,5.553238416e-04,7.9073e-02,50.0079,7.857e-05,+5.021008078e-04,6.1560e-01
12,16,17,53,61,59,67,4.412754942e-05,8.8902e-01,49.9973,2.709e-05,+1.504992702e-03,1.3233e-01
12,16,18,53,61,61,71,1.908228217e-04,5.4622e-01,49.9972,2.799e-05,-1.325840713e-03,1.8489e-01
12,16,19,53,61,67,73,8.218978301e-05,7.9494e-01,50.0018,1.756e-05,+1.012287464e-03,3.1140e-01
12,17,18,59,67,61,71,1.010281469e-03,1.3993e-03,50.0023,2.347e-05,+2.133508285e-04,8.3105e-01
12,17,19,59,67,67,73,1.347460549e-04,6.7003e-01,50.0018,1.812e-05,-6.340298266e-04,5.2606e-01
12,18,19,61,71,67,73,3.108336814e-04,3.2564e-01,49.9923,7.665e-05,+9.954483636e-04,3.1952e-01
13,0,1,2,3,3,5,5.376155737e-05,8.6500e-01,49.9970,3.033e-05,+1.850860074e-03,6.4190e-02
13,0,2,2,3,5,7,2.553518299e-04,4.1938e-01,49.9964,3.569e-05,-2.305714209e-04,8.1765e-01
13,0,3,2,3,7,11,1.982454146e-04,5.3072e-01,50.0064,6.384e-05,+6.704227750e-04,5.0259e-01
13,0,4,2,3,8,13,1.044651717e-04,7.4114e-01,50.0093,9.265e-05,+9.388314723e-04,3.4782e-01
13,0,5,2,3,11,17,2.112684759e-04,5.0408e-01,49.9997,2.663e-06,-1.105056522e-05,9.9118e-01
13,0,6,2,3,13,19,2.636087617e-04,4.0450e-01,50.0034,3.405e-05,-1.120064836e-03,2.6269e-01
13,0,7,2,3,17,23,2.112678136e-05,9.4673e-01,49.9950,4.996e-05,+4.032461651e-04,6.8677e-01
13,0,8,2,3,19,29,3.195978854e-05,9.1950e-01,49.9998,2.125e-06,-1.523194898e-03,1.2771e-01
13,0,9,2,3,23,31,8.794305245e-05,7.8094e-01,49.9919,8.124e-05,+6.554606202e-04,5.1217e-01
13,0,10,2,3,29,37,3.437008981e-04,2.7709e-01,49.9949,5.139e-05,+6.648028965e-04,5.0618e-01
13,0,11,2,3,31,41,6.860882347e-04,3.0037e-02,50.0019,1.893e-05,+8.122640364e-04,4.1664e-01
13,0,12,2,3,37,43,1.543920113e-04,6.2539e-01,49.9991,9.138e-06,+2.243958307e-03,2.4835e-02
13,0,13,2,3,41,47,2.396441092e-04,4.4856e-01,49.9955,4.496e-05,+5.158590588e-04,6.0595e-01
13,0,14,2,3,43,53,1.289013000e-04,6.8355e-01,49.9949,5.131e-05,+1.485194784e-04,8.8193e-01
13,0,15,2,3,47,59,4.437892487e-04,1.6050e-01,49.9938,6.186e-05,-2.409677490e-04,8.0958e-01
13,0,16,2,3,53,61,3.771783748e-04,2.3297e-01,50.0011,1.071e-05,-6.806614338e-04,4.9609e-01
13,0,17,2,3,59,67,1.469535887e-04,6.4214e-01,50.0079,7.916e-05,+1.177202909e-03,2.3911e-01
13,0,18,2,3,61,71,4.740006701e-04,1.3389e-01,50.0068,6.823e-05,-2.495278081e-04,8.0295e-01
13,0,19,2,3,67,73,3.364813944e-04,2.8731e-01,49.9972,2.812e-05,-9.858696606e-04,3.2420e-01
13,1,2,3,5,5,7,6.959055802e-04,2.7761e-02,49.9957,4.259e-05,+9.403072677e-04,3.4706e-01
13,1,3,3,5,7,11,2.914487559e-04,3.5672e-01,49.9908,9.186e-05,-2.440398359e-04,8.0720e-01
13,1,4,3,5,8,13,2.691036190e-04,3.9478e-01,49.9996,4.450e-06,-2.737050652e-04,7.8431e-01
13,1,5,3,5,11,17,1.550694487e-04,6.2387e-01,50.0082,8.164e-05,+2.591695335e-04,7.9550e-01
13,1,6,3,5,13,19,1.013255413e-04,7.4865e-01,49.9974,2.595e-05,+1.513810989e-03,1.3007e-01
13,1,7,3,5,17,23,2.426743171e-04,4.4284e-01,49.9914,8.601e-05,-5.935997549e-04,5.5278e-01
13,1,8,3,5,19,29,1.741481215e-04,5.8184e-01,50.0114,1.141e-04,-1.505709646e-03,1.3214e-01
13,1,9,3,5,23,31,4.742160856e-05,8.8080e-01,49.9985,1.464e-05,+4.100232019e-04,6.8179e-01
13,1,10,3,5,29,37,1.709901831e-04,5.8870e-01,49.9994,5.563e-06,-2.112193905e-03,3.4670e-02
13,1,11,3,5,31,41,2.073992156e-04,5.1192e-01,50.0053,5.320e-05,+1.681043673e-04,8.6650e-01
13,1,12,3,5,37,43,3.263060047e-04,3.0213e-01,50.0015,1.466e-05,-1.568370245e-03,1.1679e-01
13,1,13,3,5,41,47,6.385023636e-04,4.3475e-02,50.0064,6.401e-05,-1.448135966e-05,9.8845e-01
13,1,14,3,5,43,53,2.198172711e-04,4.8698e-01,50.0023,2.306e-05,-1.033012645e-03,3.0160e-01
13,1,15,3,5,47,59,5.019859209e-04,1.1242e-01,49.9945,5.479e-05,-5.067589334e-05,9.5958e-01
13,1,16,3,5,53,61,4.300982564e-04,1.7380e-01,50.0032,3.151e-05,+9.066069942e-04,3.6461e-01
13,1,17,3,5,59,67,3.895444120e-04,2.1801e-01,50.0023,2.259e-05,-4.905762821e-04,6.2373e-01
13,1,18,3,5,61,71,3.956926355e-04,2.1083e-01,50.0110,1.104e-04,-1.917445169e-03,5.5181e-02
13,1,19,3,5,67,73,7.165385582e-04,2.3458e-02,49.9905,9.480e-05,+9.000252780e-05,9.2829e-01
13,2,3,5,7,7,11,1.012883782e-04,7.4874e-01,49.9972,2.775e-05,-1.102884453e-03,2.7008e-01
13,2,4,5,7,8,13,1.569354718e-04,6.1970e-01,49.9978,2.244e-05,+8.184914665e-04,4.1308e-01
13,2,5,5,7,11,17,1.604234987e-04,6.1194e-01,50.0031,3.148e-05,-1.426903662e-04,8.8653e-01
13,2,6,5,7,13,19,1.099844248e-04,7.2799e-01,50.0016,1.569e-05,-1.201839589e-03,2.2943e-01
13,2,7,5,7,17,23,1.067720420e-04,7.3563e-01,49.9861,1.392e-04,+2.002858740e-04,8.4126e-01
13,2,8,5,7,19,29,4.550651257e-05,8.8558e-01,49.9960,4.019e-05,+1.211671662e-05,9.9033e-01
13,2,9,5,7,23,31,2.620201320e-04,4.0734e-01,50.0018,1.810e-05,+7.624051806e-04,4.4582e-01
13,2,10,5,7,29,37,2.243022858e-04,4.7813e-01,50.0020,2.048e-05,-6.425013244e-05,9.4877e-01
13,2,11,5,7,31,41,1.249046006e-04,6.9286e-01,49.9986,1.356e-05,+9.211399119e-04,3.5698e-01
13,2,12,5,7,37,43,4.391182690e-06,9.8892e-01,50.0020,1.970e-05,+1.704428035e-05,9.8640e-01
13,2,13,5,7,41,47,1.511454570e-04,6.3268e-01,50.0016,1.613e-05,-1.629589913e-04,8.7055e-01
13,2,14,5,7,43,53,1.507966739e-05,9.6197e-01,50.0030,2.955e-05,+1.303454243e-05,9.8960e-01
13,2,15,5,7,47,59,4.301339255e-04,1.7377e-01,50.0078,7.773e-05,-3.373838523e-04,7.3583e-01
13,2,16,5,7,53,61,2.212985498e-04,4.8405e-01,50.0015,1.475e-05,+1.162163886e-04,9.0748e-01
13,2,17,5,7,59,67,4.794081007e-04,1.2951e-01,49.9983,1.652e-05,+8.904424940e-04,3.7323e-01
13,2,18,5,7,61,71,3.519664475e-04,2.6570e-01,50.0003,2.887e-06,-4.313676572e-04,6.6620e-01
13,2,19,5,7,67,73,2.594949238e-04,4.1188e-01,49.9959,4.084e-05,+1.050519608e-03,2.9348e-01
13,3,4,7,11,8,13,4.241270018e-04,1.7985e-01,49.9981,1.914e-05,+7.229800667e-04,4.6969e-01
13,3,5,7,11,11,17,4.514108019e-04,1.5344e-01,50.0060,5.963e-05,-1.327330211e-03,1.8440e-01
13,3,6,7,11,13,19,7.230393190e-04,2.2228e-02,50.0083,8.349e-05,-4.442456426e-04,6.5686e-01
13,3,7,7,11,17,23,3.332522605e-04,2.9196e-01,49.9963,3.682e-05,-1.368624641e-03,1.7112e-01
13,3,8,7,11,19,29,6.153869378e-04,5.1652e-02,50.0076,7.646e-05,+1.702741448e-03,8.8616e-02
13,3,9,7,11,23,31,4.573451245e-04,1.4811e-01,49.9937,6.338e-05,+4.925516354e-04,6.2233e-01
13,3,10,7,11,29,37,5.795685958e-04,6.6839e-02,49.9953,4.710e-05,+8.980440272e-05,9.2844e-01
13,3,11,7,11,31,41,6.394418115e-05,8.3975e-01,50.0034,3.384e-05,+1.694509478e-03,9.0169e-02
13,3,12,7,11,37,43,1.335031019e-04,6.7290e-01,49.9952,4.843e-05,+1.124615549e-03,2.6075e-01
13,3,13,7,11,41,47,1.891828740e-04,5.4967e-01,49.9983,1.685e-05,+1.300577862e-04,8.9652e-01
13,3,14,7,11,43,53,3.561728215e-04,2.6003e-01,49.9982,1.802e-05,-1.100323162e-03,2.7119e-01
13,3,15,7,11,47,59,2.058114900e-04,5.1515e-01,50.0034,3.410e-05,-6.335511627e-04,5.2637e-01
13,3,16,7,11,53,61,1.810256321e-04,5.6701e-01,49.9984,1.638e-05,-2.950113294e-04,7.6799e-01
13,3,17,7,11,59,67,1.704638530e-05,9.5701e-01,50.0116,1.164e-04,-5.281822180e-04,5.9737e-01
13,3,18,7,11,61,71,4.568568998e-04,1.4854e-01,50.0019,1.891e-05,+1.078174009e-03,2.8096e-01
13,3,19,7,11,67,73,3.614989968e-04,2.5297e-01,50.0085,8.526e-05,+3.075306881e-04,7.5844e-01
13,4,5,8,13,11,17,6.255020540e-04,4.7927e-02,50.0032,3.236e-05,-1.942250614e-03,5.2107e-02
13,4,6,8,13,13,19,2.751404664e-04,3.8426e-01,49.9989,1.085e-05,-8.652019447e-04,3.8693e-01
13,4,7,8,13,17,23,5.990797905e-04,5.8164e-02,49.9938,6.174e-05,+2.317068170e-03,2.0500e-02
13,4,8,8,13,19,29,1.142714286e-04,7.1783e-01,49.9990,1.015e-05,-1.270994512e-04,8.9886e-01
13,4,9,8,13,23,31,2.457611094e-04,4.3706e-01,49.9993,7.088e-06,+4.353658967e-04,6.6330e-01
13,4,10,8,13,29,37,8.750407973e-05,7.8200e-01,50.0032,3.241e-05,+1.160489958e-04,9.0761e-01
13,4,11,8,13,31,41,4.210141778e-04,1.8307e-01,49.9897,1.032e-04,-2.041506207e-03,4.1201e-02
13,4,12,8,13,37,43,2.252656012e-04,4.7625e-01,49.9986,1.439e-05,-3.422652496e-04,7.3215e-01
13,4,13,8,13,41,47,1.021261182e-04,7.4673e-01,50.0056,5.619e-05,-3.341932926e-04,7.3823e-01
13,4,14,8,13,43,53,3.517395400e-04,2.6601e-01,49.9966,3.394e-05,-1.040055530e-03,2.9831e-01
13,4,15,8,13,47,59,8.000446241e-05,8.0027e-01,49.9932,6.816e-05,-1.020760023e-03,3.0737e-01
13,4,16,8,13,53,61,6.766970737e-05,8.3055e-01,49.9942,5.831e-05,+7.714640208e-04,4.4043e-01
13,4,17,8,13,59,67,4.459042785e-04,1.5852e-01,49.9989,1.106e-05,-2.673898080e-04,7.8917e-01
13,4,18,8,13,61,71,4.442265697e-05,8.8828e-01,50.0015,1.460e-05,+2.824551903e-05,9.7747e-01
13,4,19,8,13,67,73,1.671914869e-04,5.9701e-01,49.9979,2.075e-05,-1.731417409e-03,8.3377e-02
13,5,6,11,17,13,19,4.308122835e-05,8.9164e-01,50.0046,4.576e-05,-4.003192919e-04,6.8892e-01
13,5,7,11,17,17,23,1.377798533e-04,6.6306e-01,50.0013,1.302e-05,-2.836359768e-04,7.7669e-01
13,5,8,11,17,19,29,1.156314206e-03,2.5560e-04,50.0066,6.634e-05,+7.725242597e-04,4.3980e-01
13,5,9,11,17,23,31,1.091977601e-04,7.2986e-01,49.9820,1.801e-04,-1.338064400e-03,1.8088e-01
13,5,10,11,17,29,37,1.770390151e-04,5.7558e-01,50.0058,5.778e-05,-6.597348971e-05,9.4740e-01
13,5,11,11,17,31,41,5.553068893e-05,8.6061e-01,49.9963,3.739e-05,+6.518460043e-04,5.1450e-01
13,5,12,11,17,37,43,8.563833434e-05,7.8654e-01,50.0005,5.500e-06,+9.403201829e-04,3.4705e-01
13,5,13,11,17,41,47,5.687613315e-04,7.2085e-02,50.0066,6.587e-05,+8.016490007e-04,4.2276e-01
13,5,14,11,17,43,53,3.280129634e-04,2.9961e-01,49.9957,4.255e-05,-1.601879884e-03,1.0918e-01
13,5,15,11,17,47,59,4.504161449e-04,1.5435e-01,50.0090,8.980e-05,-2.045744388e-03,4.0782e-02
13,5,16,11,17,53,61,4.297354325e-04,1.7416e-01,50.0085,8.487e-05,-1.636917728e-03,1.0165e-01
13,5,17,11,17,59,67,4.610281025e-04,1.4487e-01,50.0067,6.697e-05,+5.633108761e-04,5.7322e-01
13,5,18,11,17,61,71,5.796654983e-04,6.6793e-02,50.0004,4.088e-06,+1.318960418e-03,1.8718e-01
13,5,19,11,17,67,73,1.871589160e-04,5.5395e-01,49.9998,2.062e-06,-1.002323331e-03,3.1619e-01
13,6,7,13,19,17,23,2.066060998e-04,5.1353e-01,49.9991,8.813e-06,+1.485714060e-03,1.3735e-01
13,6,8,13,19,19,29,1.049254792e-04,7.4004e-01,49.9988,1.157e-05,+1.801200390e-03,7.1671e-02
13,6,9,13,19,23,31,2.071496023e-04,5.1243e-01,50.0048,4.824e-05,+8.851636624e-04,3.7607e-01
13,6,10,13,19,29,37,4.120569692e-04,1.9256e-01,50.0016,1.551e-05,+1.108740364e-03,2.6754e-01
13,6,11,13,19,31,41,1.964477840e-04,5.3445e-01,50.0152,1.523e-04,-4.607061320e-04,6.4501e-01
13,6,12,13,19,37,43,1.493111024e-04,6.3681e-01,49.9932,6.806e-05,-3.669622392e-04,7.1365e-01
13,6,13,13,19,41,47,1.340402728e-04,6.7166e-01,49.9943,5.711e-05,-3.888532720e-04,6.9738e-01
13,6,14,13,19,43,53,5.755609845e-04,6.8746e-02,50.0095,9.486e-05,+1.381492616e-04,8.9012e-01
13,6,15,13,19,47,59,1.372709765e-04,6.6422e-01,49.9948,5.161e-05,+3.286233740e-04,7.4244e-01
13,6,16,13,19,53,61,2.013862449e-04,5.2423e-01,50.0027,2.729e-05,-7.742344428e-05,9.3829e-01
13,6,17,13,19,59,67,8.659604721e-04,6.1738e-03,49.9951,4.854e-05,-7.198146722e-04,4.7164e-01
13,6,18,13,19,61,71,1.667051963e-04,5.9808e-01,50.0054,5.383e-05,-5.373996070e-04,5.9099e-01
13,6,19,13,19,67,73,6.151247465e-04,5.1751e-02,49.9898,1.024e-04,+2.303625201e-04,8.1781e-01
13,7,8,17,23,19,29,2.210694393e-05,9.4427e-01,49.9934,6.636e-05,-4.552278461e-04,6.4895e-01
13,7,9,17,23,23,31,5.238419137e-05,8.6843e-01,49.9938,6.185e-05,-1.196299576e-03,2.3158e-01
13,7,10,17,23,29,37,7.392637603e-05,8.1516e-01,49.9993,7.275e-06,-6.684069215e-05,9.4671e-01
13,7,11,17,23,31,41,7.210236184e-05,8.1964e-01,49.9928,7.181e-05,+4.590304862e-04,6.4621e-01
13,7,12,17,23,37,43,7.699596797e-04,1.4899e-02,49.9863,1.368e-04,-1.870661782e-03,6.1392e-02
13,7,13,17,23,41,47,1.778356983e-04,5.7387e-01,50.0024,2.412e-05,+4.827999285e-04,6.2924e-01
13,7,14,17,23,43,53,2.466541630e-04,4.3540e-01,49.9978,2.188e-05,+6.762125615e-04,4.9891e-01
13,7,15,17,23,47,59,2.236820918e-04,4.7935e-01,49.9995,5.500e-06,-7.867413053e-04,4.3143e-01
13,7,16,17,23,53,61,1.001958705e-04,7.5136e-01,49.9848,1.521e-04,+2.160983544e-04,8.2891e-01
13,7,17,17,23,59,67,4.388212652e-04,1.6524e-01,49.9943,5.675e-05,-8.024079227e-04,4.2232e-01
13,7,18,17,23,61,71,3.647371677e-04,2.4875e-01,49.9997,2.612e-06,+8.544279420e-04,3.9287e-01
13,7,19,17,23,67,73,3.675111194e-04,2.4517e-01,50.0008,7.688e-06,-2.999337869e-03,2.7057e-03
13,8,9,19,29,23,31,2.273459323e-04,4.7218e-01,49.9904,9.644e-05,-8.692608210e-04,3.8470e-01
13,8,10,19,29,29,37,3.684017136e-04,2.4402e-01,49.9987,1.341e-05,-5.354449896e-04,5.9234e-01
13,8,11,19,29,31,41,1.903581606e-04,5.4720e-01,50.0014,1.403e-05,+1.385182171e-03,1.6600e-01
13,8,12,19,29,37,43,6.229169647e-04,4.8857e-02,49.9931,6.944e-05,-2.063967091e-04,8.3648e-01
13,8,13,19,29,41,47,2.159383888e-04,4.9470e-01,49.9996,4.412e-06,-1.457028941e-03,1.4511e-01
13,8,14,19,29,43,53,2.544004434e-04,4.2112e-01,49.9968,3.209e-05,-7.275097992e-04,4.6691e-01
13,8,15,19,29,47,59,7.243714822e-05,8.1882e-01,49.9989,1.104e-05,+7.454869647e-05,9.4057e-01
13,8,16,19,29,53,61,1.291137631e-04,6.8306e-01,50.0052,5.171e-05,-3.659840762e-04,7.1438e-01
13,8,17,19,29,59,67,5.213615896e-04,9.9211e-02,50.0042,4.201e-05,+5.836338732e-04,5.5947e-01
13,8,18,19,29,61,71,5.542388753e-04,7.9661e-02,49.9970,2.967e-05,-8.819491357e-04,3.7780e-01
13,8,19,19,29,67,73,1.705489643e-04,5.8966e-01,50.0022,2.225e-05,-6.008787211e-04,5.4792e-01
13,9,10,23,31,29,37,1.053921989e-04,7.3892e-01,50.0036,3.617e-05,+4.099500741e-04,6.8184e-01
13,9,11,23,31,31,41,2.353533866e-04,4.5672e-01,49.9983,1.734e-05,+1.563034877e-03,1.1804e-01
13,9,12,23,31,37,43,1.437114898e-04,6.4950e-01,50.0012,1.177e-05,+5.436568263e-04,5.8668e-01
13,9,13,23,31,41,47,1.850421686e-04,5.5844e-01,50.0040,4.043e-05,+1.953860217e-03,5.0718e-02
13,9,14,23,31,43,53,4.048989755e-04,2.0040e-01,49.9994,6.300e-06,-3.653015137e-04,7.1489e-01
13,9,15,23,31,47,59,8.295864591e-06,9.7907e-01,49.9977,2.270e-05,+2.306798686e-04,8.1756e-01
13,9,16,23,31,53,61,2.667565176e-04,3.9892e-01,50.0016,1.622e-05,-1.438315119e-03,1.5034e-01
13,9,17,23,31,59,67,3.967477806e-04,2.0961e-01,49.9934,6.607e-05,-2.776497354e-04,7.8128e-01
13,9,18,23,31,61,71,1.257960932e-04,6.9078e-01,50.0033,3.314e-05,-2.330662659e-04,8.1571e-01
13,9,19,23,31,67,73,3.611980037e-04,2.5337e-01,49.9977,2.324e-05,+1.281460272e-03,2.0003e-01
13,10,11,29,37,31,41,2.333627371e-04,4.6054e-01,50.0024,2.359e-05,+2.202067100e-03,2.7661e-02
13,10,12,29,37,37,43,1.390471512e-04,6.6015e-01,49.9929,7.075e-05,-1.600151856e-03,1.0956e-01
13,10,13,29,37,41,47,2.133233868e-04,4.9994e-01,49.9965,3.493e-05,+1.468935328e-03,1.4185e-01
13,10,14,29,37,43,53,2.667707179e-04,3.9889e-01,50.0030,3.040e-05,+6.174794030e-04,5.3692e-01
13,10,15,29,37,47,59,8.872858336e-04,5.0185e-03,49.9947,5.255e-05,-6.389497918e-04,5.2286e-01
13,10,16,29,37,53,61,2.068841185e-04,5.1297e-01,49.9864,1.357e-04,+1.253845204e-03,2.0990e-01
13,10,17,29,37,59,67,1.802592160e-04,5.6866e-01,50.0041,4.123e-05,-1.525675381e-03,1.2709e-01
13,10,18,29,37,61,71,5.587793696e-05,8.5974e-01,50.0003,2.788e-06,-1.571621128e-04,8.7512e-01
13,10,19,29,37,67,73,1.442791985e-05,9.6361e-01,49.9974,2.619e-05,+1.443554342e-03,1.4886e-01
13,11,12,31,41,37,43,7.287550725e-04,2.1193e-02,49.9916,8.436e-05,+1.339256946e-03,1.8049e-01
13,11,13,31,41,41,47,1.249044394e-04,6.9286e-01,50.0064,6.419e-05,+7.193006609e-04,4.7196e-01
13,11,14,31,41,43,53,1.365514091e-04,6.6588e-01,49.9993,6.887e-06,+1.030658159e-03,3.0270e-01
13,11,15,31,41,47,59,4.086576275e-04,1.9626e-01,50.0054,5.416e-05,+2.984415973e-04,7.6537e-01
13,11,16,31,41,53,61,1.016595482e-04,7.4785e-01,49.9934,6.646e-05,-1.913969202e-03,5.5624e-02
13,11,17,31,41,59,67,3.053357920e-05,9.2308e-01,50.0039,3.891e-05,+2.384554868e-03,1.7100e-02
13,11,18,31,41,61,71,5.405385284e-04,8.7389e-02,50.0122,1.216e-04,-1.835841105e-03,6.6381e-02
13,11,19,31,41,67,73,7.162242138e-05,8.2082e-01,49.9997,3.275e-06,-9.919940633e-04,3.2120e-01
13,12,13,37,43,41,47,7.972933561e-04,1.1693e-02,49.9871,1.287e-04,+1.994952960e-04,8.4188e-01
13,12,14,37,43,43,53,3.345668679e-04,2.9006e-01,50.0058,5.760e-05,-5.998526925e-04,5.4860e-01
13,12,15,37,43,47,59,8.761421197e-05,7.8173e-01,50.0030,2.960e-05,+1.982652569e-03,4.7406e-02
13,12,16,37,43,53,61,9.552839434e-06,9.7590e-01,49.9969,3.098e-05,-1.259359728e-04,8.9978e-01
13,12,17,37,43,59,67,4.547943218e-04,1.5038e-01,49.9942,5.808e-05,-3.576882981e-04,7.2058e-01
13,12,18,37,43,61,71,1.992417697e-04,5.2866e-01,50.0096,9.574e-05,-1.090167379e-03,2.7564e-01
13,12,19,37,43,67,73,4.896263179e-05,8.7695e-01,50.0098,9.849e-05,+6.798913271e-04,4.9657e-01
13,13,14,41,47,43,53,3.270746078e-04,3.0100e-01,49.9988,1.160e-05,+5.595610240e-04,5.7578e-01
13,13,15,41,47,47,59,4.722265635e-04,1.3536e-01,49.9979,2.140e-05,+1.513070104e-04,8.7973e-01
13,13,16,41,47,53,61,6.821109105e-05,8.2922e-01,50.0098,9.800e-05,-4.527551456e-04,6.5073e-01
13,13,17,41,47,59,67,1.345973056e-04,6.7037e-01,50.0004,3.825e-06,+1.742901670e-04,8.6164e-01
13,13,18,41,47,61,71,2.230867324e-04,4.8052e-01,50.0008,7.712e-06,+1.212799360e-03,2.2521e-01
13,13,19,41,47,67,73,1.400920605e-04,6.5776e-01,50.0058,5.769e-05,+1.117644044e-03,2.6372e-01
13,14,15,43,53,47,59,4.741066744e-04,1.3381e-01,49.9915,8.468e-05,+2.277192674e-04,8.1986e-01
13,14,16,43,53,53,61,1.360463877e-04,6.6704e-01,50.0029,2.880e-05,+4.119150100e-04,6.8040e-01
13,14,17,43,53,59,67,4.233318315e-04,1.8067e-01,50.0076,7.572e-05,-2.947526760e-05,9.7649e-01
13,14,18,43,53,61,71,2.331848726e-04,4.6088e-01,50.0077,7.709e-05,-5.316574466e-04,5.9496e-01
13,14,19,43,53,67,73,3.454261617e-05,9.1302e-01,50.0032,3.239e-05,-3.334382904e-04,7.3880e-01
13,15,16,47,59,53,61,5.300217868e-05,8.6689e-01,49.9882,1.176e-04,+7.969371880e-04,4.2549e-01
13,15,17,47,59,59,67,6.211845860e-05,8.4427e-01,49.9919,8.105e-05,+1.489192012e-03,1.3644e-01
13,15,18,47,59,61,71,2.578746717e-04,4.1480e-01,50.0001,6.375e-07,-1.074765986e-03,2.8248e-01
13,15,19,47,59,67,73,2.839344927e-04,3.6925e-01,50.0011,1.121e-05,+2.324672693e-04,8.1618e-01
13,16,17,53,61,59,67,1.119083652e-04,7.2342e-01,49.9995,5.200e-06,+1.677478320e-03,9.3449e-02
13,16,18,53,61,61,71,1.726983600e-04,5.8498e-01,50.0030,3.014e-05,-6.795603174e-04,4.9678e-01
13,16,19,53,61,67,73,5.046535212e-04,1.1052e-01,49.9969,3.136e-05,-1.970037666e-03,4.8834e-02
13,17,18,59,67,61,71,4.218417238e-04,1.8221e-01,49.9894,1.062e-04,+1.371539986e-03,1.7021e-01
13,17,19,59,67,67,73,6.557527903e-05,8.3572e-01,49.9971,2.891e-05,-1.981574513e-03,4.7527e-02
13,18,19,61,71,67,73,2.307550069e-04,4.6557e-01,50.0007,7.450e-06,-8.085520805e-04,4.1877e-01
14,0,1,2,3,3,5,4.767546073e-04,1.3165e-01,50.0119,1.186e-04,+8.431557693e-05,9.3281e-01
14,0,2,2,3,5,7,8.857580119e-05,7.7940e-01,50.0063,6.301e-05,-1.879312838e-04,8.5093e-01
14,0,3,2,3,7,11,6.026521681e-04,5.6682e-02,49.9961,3.877e-05,+2.412335561e-04,8.0937e-01
14,0,4,2,3,8,13,1.722685468e-04,5.8592e-01,50.0069,6.936e-05,+2.015809052e-03,4.3820e-02
14,0,5,2,3,11,17,3.989562031e-04,2.0709e-01,50.0041,4.108e-05,+2.922092271e-04,7.7013e-01
14,0,6,2,3,13,19,1.354979601e-04,6.6830e-01,50.0008,8.137e-06,-1.136113024e-03,2.5591e-01
14,0,7,2,3,17,23,5.806752735e-04,6.6320e-02,50.0055,5.495e-05,-1.423165032e-03,1.5469e-01
14,0,8,2,3,19,29,1.042869273e-04,7.4156e-01,49.9983,1.656e-05,+1.678744680e-03,9.3202e-02
14,0,9,2,3,23,31,4.283495982e-05,8.9225e-01,50.0011,1.103e-05,+1.055431617e-03,2.9123e-01
14,0,10,2,3,29,37,1.902871316e-04,5.4735e-01,50.0014,1.379e-05,-8.692899806e-04,3.8469e-01
14,0,11,2,3,31,41,5.757270479e-05,8.5553e-01,49.9979,2.061e-05,-9.429061052e-04,3.4573e-01
14,0,12,2,3,37,43,2.047327766e-04,5.1736e-01,50.0027,2.745e-05,+1.089775497e-04,9.1322e-01
14,0,13,2,3,41,47,7.396166030e-05,8.1507e-01,50.0063,6.329e-05,-1.039847469e-03,2.9841e-01
14,0,14,2,3,43,53,3.371128681e-04,2.8640e-01,50.0019,1.910e-05,-1.532786822e-03,1.2533e-01
14,0,15,2,3,47,59,1.374929443e-04,6.6371e-01,50.0000,1.375e-07,+5.640538774e-04,5.7272e-01
14,0,16,2,3,53,61,7.465437922e-07,9.9812e-01,50.0026,2.606e-05,-3.136147868e-04,7.5381e-01
14,0,17,2,3,59,67,2.999032637e-04,3.4294e-01,50.0050,5.011e-05,+1.428665990e-03,1.5310e-01
14,0,18,2,3,61,71,1.174470085e-04,7.1034e-01,50.0137,1.367e-04,+7.614436474e-04,4.4639e-01
14,0,19,2,3,67,73,1.936761931e-04,5.4023e-01,50.0034,3.369e-05,-2.758097468e-05,9.7800e-01
14,1,2,3,5,5,7,2.258380598e-05,9.4307e-01,50.0034,3.403e-05,+1.595127151e-03,1.1068e-01
14,1,3,3,5,7,11,2.953665847e-05,9.2558e-01,50.0013,1.251e-05,-8.967256562e-04,3.6987e-01
14,1,4,3,5,8,13,4.098320473e-04,1.9497e-01,50.0092,9.212e-05,+2.627254527e-06,9.9790e-01
14,1,5,3,5,11,17,6.492979856e-04,4.0047e-02,49.9957,4.281e-05,-3.115401576e-04,7.5539e-01
14,1,6,3,5,13,19,4.843409669e-04,1.2562e-01,50.0019,1.860e-05,-5.476052962e-05,9.5633e-01
14,1,7,3,5,17,23,4.024269891e-04,2.0317e-01,49.9989,1.141e-05,-1.700920087e-03,8.8958e-02
14,1,8,3,5,19,29,3.933684710e-04,2.1352e-01,49.9917,8.252e-05,+2.856760298e-04,7.7513e-01
14,1,9,3,5,23,31,3.538544146e-04,2.6315e-01,50.0026,2.614e-05,-9.664838043e-04,3.3380e-01
14,1,10,3,5,29,37,9.420798781e-04,2.8908e-03,49.9998,1.650e-06,+9.289381442e-05,9.2599e-01
14,1,11,3,5,31,41,5.799525183e-05,8.5449e-01,50.0020,1.998e-05,+4.693976046e-04,6.3879e-01
14,1,12,3,5,37,43,3.555382755e-04,2.6088e-01,50.0107,1.071e-04,-4.790073351e-04,6.3193e-01
14,1,13,3,5,41,47,1.768673190e-04,5.7595e-01,50.0006,5.850e-06,+1.298414900e-03,1.9414e-01
14,1,14,3,5,43,53,9.578523362e-05,7.6197e-01,50.0023,2.319e-05,+1.788691252e-03,7.3665e-02
14,1,15,3,5,47,59,2.070960272e-04,5.1254e-01,49.9998,1.575e-06,-6.046771932e-04,5.4539e-01
14,1,16,3,5,53,61,2.276353454e-04,4.7162e-01,50.0044,4.415e-05,-7.553801134e-04,4.5002e-01
14,1,17,3,5,59,67,3.196908937e-04,3.1204e-01,49.9999,9.750e-07,+6.126436831e-04,5.4011e-01
14,1,18,3,5,61,71,3.798654068e-04,2.2966e-01,49.9921,7.885e-05,-9.236429533e-04,3.5567e-01
14,1,19,3,5,67,73,7.742532021e-04,1.4349e-02,50.0059,5.873e-05,-1.688849052e-03,9.1248e-02
14,2,3,5,7,7,11,3.692708829e-04,2.4291e-01,49.9920,8.009e-05,-1.339952175e-03,1.8026e-01
14,2,4,5,7,8,13,1.741994724e-04,5.8172e-01,49.9974,2.565e-05,-4.561338048e-04,6.4829e-01
14,2,5,5,7,11,17,3.885970779e-04,2.1913e-01,50.0017,1.711e-05,+5.810098046e-04,5.6123e-01
14,2,6,5,7,13,19,1.408578346e-04,6.5601e-01,49.9973,2.697e-05,+1.115629585e-04,9.1117e-01
14,2,7,5,7,17,23,2.634064475e-05,9.3362e-01,50.0052,5.184e-05,+5.187757297e-04,6.0392e-01
14,2,8,5,7,19,29,2.066550252e-04,5.1343e-01,49.9934,6.585e-05,-5.535862837e-04,5.7986e-01
14,2,9,5,7,23,31,7.148110411e-05,8.2117e-01,50.0021,2.096e-05,-7.128138867e-04,4.7596e-01
14,2,10,5,7,29,37,1.956376005e-04,5.3614e-01,49.9961,3.910e-05,-7.859858318e-04,4.3188e-01
14,2,11,5,7,31,41,1.053311313e-04,7.3907e-01,49.9984,1.632e-05,+1.631783840e-03,1.0273e-01
14,2,12,5,7,37,43,3.458985273e-04,2.7403e-01,49.9939,6.059e-05,+6.985163500e-04,4.8485e-01
14,2,13,5,7,41,47,5.467778827e-05,8.6273e-01,49.9982,1.830e-05,+1.140265873e-03,2.5418e-01
14,2,14,5,7,43,53,3.759125936e-04,2.3454e-01,50.0015,1.496e-05,-1.283564803e-04,8.9787e-01
14,2,15,5,7,47,59,2.965303888e-04,3.4839e-01,50.0022,2.205e-05,+3.241673395e-04,7.4581e-01
14,2,16,5,7,53,61,2.561575210e-04,4.1792e-01,50.0040,3.995e-05,+2.677136898e-04,7.8892e-01
14,2,17,5,7,59,67,3.887690804e-04,2.1892e-01,50.0085,8.460e-05,+1.451498967e-03,1.4664e-01
14,2,18,5,7,61,71,6.064339110e-05,8.4792e-01,50.0141,1.413e-04,-1.251667296e-03,2.1069e-01
14,2,19,5,7,67,73,4.450339931e-04,1.5933e-01,49.9904,9.625e-05,+8.049221230e-04,4.2086e-01
14,3,4,7,11,8,13,2.603879451e-04,4.1027e-01,50.0014,1.444e-05,-8.965769360e-04,3.6994e-01
14,3,5,7,11,11,17,4.773451181e-04,1.3117e-01,49.9997,3.350e-06,-2.054086111e-04,8.3725e-01
14,3,6,7,11,13,19,4.894155300e-04,1.2170e-01,49.9991,9.037e-06,-1.231400767e-03,2.1817e-01
14,3,7,7,11,17,23,1.973111644e-04,5.3266e-01,49.9958,4.160e-05,-5.143306648e-04,6.0702e-01
14,3,8,7,11,19,29,9.806078122e-05,7.5649e-01,49.9918,8.176e-05,+7.065343434e-04,4.7986e-01
14,3,9,7,11,23,31,6.103220458e-04,5.3606e-02,50.0035,3.548e-05,+5.275976306e-04,5.9778e-01
14,3,10,7,11,29,37,2.241752504e-04,4.7838e-01,49.9958,4.206e-05,+1.438561253e-03,1.5027e-01
14,3,11,7,11,31,41,2.891780415e-06,9.9270e-01,50.0046,4.609e-05,-9.596090030e-04,3.3725e-01
14,3,12,7,11,37,43,1.801884812e-04,5.6881e-01,50.0020,1.962e-05,+2.618301753e-04,7.9345e-01
14,3,13,7,11,41,47,4.399668310e-04,1.6414e-01,50.0045,4.474e-05,-5.893893338e-04,5.5560e-01
14,3,14,7,11,43,53,2.731728717e-05,9.3116e-01,49.9881,1.194e-04,+5.569587205e-04,5.7756e-01
14,3,15,7,11,47,59,3.351448119e-04,2.8923e-01,49.9994,5.588e-06,+1.768111869e-03,7.7042e-02
14,3,16,7,11,53,61,9.628705107e-05,7.6076e-01,49.9995,5.138e-06,+1.145709684e-03,2.5192e-01
14,3,17,7,11,59,67,1.137479383e-04,7.1907e-01,49.9993,6.887e-06,+8.994770668e-04,3.6840e-01
14,3,18,7,11,61,71,1.094491490e-04,7.2926e-01,50.0041,4.096e-05,-1.281569563e-03,1.9999e-01
14,3,19,7,11,67,73,3.167034223e-04,3.1658e-01,49.9978,2.184e-05,+1.536070760e-03,1.2452e-01
14,4,5,8,13,11,17,2.280880974e-04,4.7074e-01,50.0020,1.971e-05,+2.017764670e-04,8.4009e-01
14,4,6,8,13,13,19,4.498078177e-04,1.5491e-01,49.9996,3.950e-06,+1.578725911e-03,1.1440e-01
14,4,7,8,13,17,23,1.941023085e-04,5.3934e-01,49.9964,3.594e-05,-8.727991901e-04,3.8277e-01
14,4,8,8,13,19,29,1.947012970e-04,5.3809e-01,49.9949,5.115e-05,+1.679530172e-03,9.3049e-02
14,4,9,8,13,23,31,5.061261801e-04,1.0949e-01,50.0091,9.139e-05,+1.286667575e-03,1.9821e-01
14,4,10,8,13,29,37,6.490133004e-05,8.3739e-01,49.9956,4.427e-05,+1.803143069e-03,7.1366e-02
14,4,11,8,13,31,41,5.106997974e-04,1.0632e-01,49.9960,4.042e-05,-4.386968255e-04,6.6088e-01
14,4,12,8,13,37,43,2.063449079e-05,9.4797e-01,49.9999,1.038e-06,-4.980825321e-04,6.1843e-01
14,4,13,8,13,41,47,6.300541565e-04,4.6327e-02,50.0016,1.553e-05,-8.227814813e-04,4.1063e-01
14,4,14,8,13,43,53,6.270236628e-04,4.7387e-02,49.9988,1.176e-05,+3.776003959e-04,7.0573e-01
14,4,15,8,13,47,59,1.139745651e-04,7.1853e-01,49.9935,6.527e-05,-1.542594697e-03,1.2293e-01
14,4,16,8,13,53,61,3.985614450e-04,2.0754e-01,50.0107,1.073e-04,+1.959155221e-03,5.0095e-02
14,4,17,8,13,59,67,3.802093382e-04,2.2924e-01,49.9986,1.357e-05,-7.774850905e-04,4.3687e-01
14,4,18,8,13,61,71,1.535251552e-04,6.2733e-01,49.9989,1.137e-05,-1.179783737e-03,2.3809e-01
14,4,19,8,13,67,73,2.063488404e-05,9.4797e-01,49.9934,6.570e-05,-1.591320725e-04,8.7356e-01
14,5,6,11,17,13,19,1.298328749e-04,6.8139e-01,49.9966,3.441e-05,-1.070781529e-03,2.8427e-01
14,5,7,11,17,17,23,3.739632634e-04,2.3698e-01,49.9942,5.758e-05,+3.035968244e-04,7.6144e-01
14,5,8,11,17,19,29,4.760560713e-04,1.3222e-01,50.0061,6.141e-05,+2.030921105e-03,4.2263e-02
14,5,9,11,17,23,31,1.251121692e-05,9.6844e-01,50.0025,2.475e-05,-4.727620051e-04,6.3638e-01
14,5,10,11,17,29,37,5.918973043e-05,8.5152e-01,50.0022,2.179e-05,-1.085763325e-04,9.1354e-01
14,5,11,11,17,31,41,4.392108559e-04,1.6486e-01,50.0007,6.913e-06,-1.161931211e-06,9.9907e-01
14,5,12,11,17,37,43,3.893280792e-04,2.1826e-01,50.0134,1.342e-04,-3.193475557e-04,7.4946e-01
14,5,13,11,17,41,47,1.242206369e-04,6.9445e-01,50.0090,8.964e-05,+1.719484795e-03,8.5526e-02
14,5,14,11,17,43,53,5.072986328e-04,1.0867e-01,50.0057,5.732e-05,-3.930455702e-04,6.9429e-01
14,5,15,11,17,47,59,1.029194920e-04,7.4483e-01,50.0015,1.511e-05,-1.001506212e-03,3.1658e-01
14,5,16,11,17,53,61,2.624712526e-05,9.3385e-01,50.0024,2.411e-05,+4.258117518e-04,6.7025e-01
14,5,17,11,17,59,67,1.819077511e-05,9.5413e-01,49.9981,1.916e-05,-7.400530707e-05,9.4101e-01
14,5,18,11,17,61,71,2.726553816e-04,3.8857e-01,50.0029,2.904e-05,-4.376270719e-04,6.6166e-01
14,5,19,11,17,67,73,2.501154601e-04,4.2898e-01,50.0015,1.509e-05,+7.956072750e-04,4.2626e-01
14,6,7,13,19,17,23,1.419134097e-04,6.5360e-01,50.0028,2.791e-05,-6.224400179e-04,5.3365e-01
14,6,8,13,19,19,29,1.464142823e-04,6.4336e-01,50.0021,2.123e-05,+2.751769737e-04,7.8318e-01
14,6,9,13,19,23,31,2.802450089e-04,3.7550e-01,49.9909,9.101e-05,+5.596207846e-04,5.7574e-01
14,6,10,13,19,29,37,2.927060344e-05,9.2625e-01,49.9938,6.163e-05,-1.295764353e-03,1.9506e-01
14,6,11,13,19,31,41,5.824293754e-04,6.5504e-02,49.9986,1.440e-05,+2.361462642e-04,8.1332e-01
14,6,12,13,19,37,43,3.453949500e-04,2.7473e-01,50.0059,5.899e-05,-5.743895618e-04,5.6570e-01
14,6,13,13,19,41,47,2.514160816e-04,4.2659e-01,49.9987,1.265e-05,+1.878031239e-03,6.0377e-02
14,6,14,13,19,43,53,4.110463505e-04,1.9365e-01,49.9956,4.424e-05,-1.460540085e-03,1.4414e-01
14,6,15,13,19,47,59,7.288915026e-05,8.1771e-01,50.0047,4.665e-05,+1.604682786e-03,1.0856e-01
14,6,16,13,19,53,61,5.552093281e-04,7.9135e-02,50.0002,2.325e-06,+6.981702699e-04,4.8507e-01
14,6,17,13,19,59,67,1.234746414e-04,6.9620e-01,49.9998,2.450e-06,-1.427596802e-03,1.5341e-01
14,6,18,13,19,61,71,3.988877146e-04,2.0717e-01,49.9946,5.352e-05,-8.279935589e-05,9.3401e-01
14,6,19,13,19,67,73,7.268866479e-04,2.1527e-02,50.0078,7.828e-05,+8.236426641e-04,4.1014e-01
14,7,8,17,23,19,29,5.624562069e-04,7.5298e-02,50.0025,2.456e-05,+8.713122085e-05,9.3057e-01
14,7,9,17,23,23,31,1.653902785e-04,6.0097e-01,49.9955,4.508e-05,-4.495276906e-04,6.5305e-01
14,7,10,17,23,29,37,4.723055788e-04,1.3529e-01,50.0075,7.529e-05,-1.926764006e-03,5.4009e-02
14,7,11,17,23,31,41,1.531581665e-04,6.2815e-01,49.9984,1.614e-05,-2.742003792e-04,7.8393e-01
14,7,12,17,23,37,43,2.416501988e-04,4.4477e-01,50.0011,1.113e-05,+3.482516265e-04,7.2765e-01
14,7,13,17,23,41,47,3.899897792e-05,9.0185e-01,50.0033,3.296e-05,-1.502406814e-03,1.3299e-01
14,7,14,17,23,43,53,2.885415260e-04,3.6153e-01,49.9917,8.280e-05,+6.060527932e-04,5.4448e-01
14,7,15,17,23,47,59,7.634708067e-05,8.0922e-01,50.0041,4.051e-05,-6.318065888e-04,5.2751e-01
14,7,16,17,23,53,61,2.869281843e-04,3.6422e-01,50.0047,4.669e-05,-6.057224802e-04,5.4470e-01
14,7,17,17,23,59,67,1.117689580e-04,7.2376e-01,50.0020,2.009e-05,+1.658689730e-05,9.8677e-01
14,7,18,17,23,61,71,1.880311074e-04,5.5211e-01,49.9992,7.937e-06,+1.357088472e-03,1.7475e-01
14,7,19,17,23,67,73,8.515222206e-05,7.8772e-01,50.0056,5.589e-05,+1.250978083e-03,2.1094e-01
14,8,9,19,29,23,31,3.172668435e-04,3.1572e-01,49.9913,8.656e-05,+8.097952239e-04,4.1806e-01
14,8,10,19,29,29,37,5.471055145e-05,8.6264e-01,49.9936,6.363e-05,+1.469172298e-03,1.4179e-01
14,8,11,19,29,31,41,2.305127181e-04,4.6604e-01,49.9987,1.278e-05,-7.304985574e-04,4.6509e-01
14,8,12,19,29,37,43,8.557466615e-05,7.8669e-01,49.9981,1.939e-05,-5.255527309e-04,5.9920e-01
14,8,13,19,29,41,47,1.261771886e-04,6.8989e-01,49.9972,2.815e-05,-5.226681070e-04,6.0121e-01
14,8,14,19,29,43,53,2.016520410e-04,5.2368e-01,50.0001,1.338e-06,+7.063983685e-04,4.7994e-01
14,8,15,19,29,47,59,2.879010077e-04,3.6260e-01,49.9948,5.232e-05,+1.378964259e-03,1.6791e-01
14,8,16,19,29,53,61,5.288419606e-05,8.6719e-01,50.0058,5.773e-05,+1.561348632e-03,1.1844e-01
14,8,17,19,29,59,67,5.352321712e-04,9.0541e-02,49.9952,4.785e-05,+7.418782732e-04,4.5816e-01
14,8,18,19,29,61,71,7.681082548e-06,9.8062e-01,49.9974,2.648e-05,-1.115980272e-03,2.6443e-01
14,8,19,19,29,67,73,1.625233528e-05,9.5901e-01,50.0091,9.050e-05,-2.011821256e-03,4.4239e-02
14,9,10,23,31,29,37,1.683181737e-04,5.9454e-01,49.9952,4.756e-05,+3.208451836e-04,7.4833e-01
14,9,11,23,31,31,41,5.701437640e-05,8.5692e-01,49.9999,1.262e-06,+4.362218718e-04,6.6268e-01
14,9,12,23,31,37,43,2.143706713e-04,4.9784e-01,49.9923,7.712e-05,-1.205417583e-03,2.2804e-01
14,9,13,23,31,41,47,1.926164702e-04,5.4245e-01,50.0020,1.981e-05,+9.389071146e-04,3.4778e-01
14,9,14,23,31,43,53,2.049880170e-04,5.1684e-01,50.0013,1.305e-05,+1.823020626e-04,8.5535e-01
14,9,15,23,31,47,59,1.127804136e-04,7.2136e-01,49.9947,5.274e-05,+1.279083939e-03,2.0087e-01
14,9,16,23,31,53,61,7.158513678e-04,2.3591e-02,49.9980,2.014e-05,+1.542428701e-03,1.2297e-01
14,9,17,23,31,59,67,5.259525209e-04,9.6271e-02,49.9950,5.034e-05,-1.657187393e-03,9.7482e-02
14,9,18,23,31,61,71,4.788945126e-05,8.7963e-01,49.9919,8.074e-05,+1.568369561e-03,1.1679e-01
14,9,19,23,31,67,73,4.727533450e-04,1.3492e-01,49.9983,1.704e-05,+2.769825486e-03,5.6086e-03
14,10,11,29,37,31,41,2.136107950e-04,4.9936e-01,50.0063,6.343e-05,+1.516502213e-03,1.2939e-01
14,10,12,29,37,37,43,1.757514753e-04,5.7836e-01,49.9945,5.484e-05,-6.509704321e-04,5.1507e-01
14,10,13,29,37,41,47,4.781436607e-05,8.7982e-01,49.9963,3.703e-05,-7.114729824e-04,4.7679e-01
14,10,14,29,37,43,53,2.693246172e-04,3.9439e-01,50.0009,8.812e-06,-1.475526028e-03,1.4007e-01
14,10,15,29,37,47,59,5.223191430e-04,9.8592e-02,50.0029,2.915e-05,+2.109044125e-03,3.4941e-02
14,10,16,29,37,53,61,3.009724052e-04,3.4122e-01,49.9946,5.415e-05,-9.619757341e-04,3.3606e-01
14,10,17,29,37,59,67,6.451000723e-05,8.3835e-01,50.0009,8.550e-06,-1.733171680e-03,8.3065e-02
14,10,18,29,37,61,71,3.881921658e-05,9.0230e-01,50.0005,5.175e-06,+2.329909368e-04,8.1577e-01
14,10,19,29,37,67,73,2.580816289e-06,9.9349e-01,49.9971,2.863e-05,+7.049158812e-04,4.8086e-01
14,11,12,31,41,37,43,2.720180016e-04,3.8968e-01,50.0024,2.449e-05,-2.043926596e-04,8.3805e-01
14,11,13,31,41,41,47,1.952217969e-04,5.3701e-01,50.0004,4.300e-06,-1.089933075e-03,2.7574e-01
14,11,14,31,41,43,53,3.529532995e-05,9.1113e-01,49.9977,2.344e-05,-7.214142127e-04,4.7065e-01
14,11,15,31,41,47,59,3.219958743e-04,3.0856e-01,50.0046,4.605e-05,-3.680853499e-04,7.1281e-01
14,11,16,31,41,53,61,2.679542490e-04,3.9680e-01,50.0019,1.858e-05,+8.214814784e-04,4.1137e-01
14,11,17,31,41,59,67,6.940103655e-04,2.8188e-02,50.0079,7.910e-05,-2.041161112e-03,4.1235e-02
14,11,18,31,41,61,71,2.329963732e-04,4.6124e-01,50.0082,8.217e-05,+7.717686718e-04,4.4025e-01
14,11,19,31,41,67,73,4.891254646e-04,1.2192e-01,50.0044,4.380e-05,+1.238456421e-04,9.0144e-01
14,12,13,37,43,41,47,5.619465948e-04,7.5563e-02,50.0125,1.251e-04,+1.639099199e-04,8.6980e-01
14,12,14,37,43,43,53,5.108330270e-05,8.7167e-01,49.9920,8.048e-05,+5.486300941e-04,5.8326e-01
14,12,15,37,43,47,59,6.565032102e-05,8.3554e-01,49.9973,2.656e-05,-4.598573146e-04,6.4562e-01
14,12,16,37,43,53,61,9.274777520e-05,7.6930e-01,50.0108,1.079e-04,+1.084028054e-03,2.7835e-01
14,12,17,37,43,59,67,3.462309581e-05,9.1282e-01,50.0027,2.709e-05,+3.208433005e-06,9.9744e-01
14,12,18,37,43,61,71,3.774002535e-04,2.3270e-01,50.0059,5.944e-05,+1.511145589e-03,1.3075e-01
14,12,19,37,43,67,73,4.427172698e-04,1.6151e-01,50.0062,6.156e-05,+5.264734417e-04,5.9856e-01
14,13,14,41,47,43,53,1.506237886e-04,6.3385e-01,50.0093,9.314e-05,+3.371676183e-04,7.3599e-01
14,13,15,41,47,47,59,1.009775246e-04,7.4948e-01,49.9928,7.182e-05,-1.908245332e-03,5.6360e-02
14,13,16,41,47,53,61,5.003170769e-05,8.7429e-01,49.9944,5.610e-05,+1.621494540e-03,1.0491e-01
14,13,17,41,47,59,67,1.365809829e-04,6.6581e-01,49.9988,1.222e-05,+8.425163168e-04,3.9950e-01
14,13,18,41,47,61,71,1.860852194e-04,5.5623e-01,50.0018,1.798e-05,+4.180094203e-04,6.7594e-01
14,13,19,41,47,67,73,1.484276401e-04,6.3881e-01,49.9917,8.295e-05,-3.520217592e-04,7.2482e-01
14,14,15,43,53,47,59,3.927163932e-05,9.0117e-01,49.9989,1.146e-05,+7.809799518e-04,4.3481e-01
14,14,16,43,53,53,61,2.708083870e-04,3.9179e-01,50.0060,5.996e-05,-3.696881147e-04,7.1161e-01
14,14,17,43,53,59,67,1.614929183e-04,6.0957e-01,50.0022,2.176e-05,-6.892055547e-04,4.9069e-01
14,14,18,43,53,61,71,1.223172022e-04,6.9890e-01,50.0025,2.484e-05,-1.042952803e-03,2.9697e-01
14,14,19,43,53,67,73,1.220087538e-05,9.6922e-01,50.0082,8.194e-05,-1.528431337e-03,1.2641e-01
14,15,16,47,59,53,61,2.377714513e-04,4.5211e-01,49.9972,2.800e-05,+1.125988402e-03,2.6017e-01
14,15,17,47,59,59,67,7.664231561e-05,8.0850e-01,49.9966,3.370e-05,-1.676299173e-03,9.3680e-02
14,15,18,47,59,61,71,4.932723115e-04,1.1879e-01,50.0064,6.400e-05,-2.357494395e-04,8.1363e-01
14,15,19,47,59,67,73,3.964632004e-04,2.0994e-01,49.9996,4.275e-06,+5.939614582e-04,5.5254e-01
14,16,17,53,61,59,67,3.424945980e-04,2.7878e-01,49.9979,2.110e-05,+8.845409756e-04,3.7640e-01
14,16,18,53,61,61,71,2.299961267e-04,4.6704e-01,50.0049,4.930e-05,+5.594735633e-04,5.7584e-01
14,16,19,53,61,67,73,2.620787125e-04,4.0724e-01,50.0093,9.298e-05,+2.300746252e-04,8.1803e-01
14,17,18,59,67,61,71,4.219173830e-04,1.8213e-01,50.0101,1.007e-04,+2.276171127e-03,2.2836e-02
14,17,19,59,67,67,73,1.205875916e-04,7.0296e-01,50.0005,4.775e-06,+6.751659837e-04,4.9957e-01
14,18,19,61,71,67,73,1.554616484e-04,6.2299e-01,49.9981,1.927e-05,-6.370541504e-04,5.2409e-01
15,0,1,2,3,3,5,4.169181036e-04,1.8737e-01,50.0064,6.372e-05,-2.013247193e-04,8.4044e-01
15,0,2,2,3,5,7,3.189682872e-04,3.1313e-01,50.0059,5.915e-05,-4.167762630e-04,6.7684e-01
15,0,3,2,3,7,11,3.294169063e-04,2.9755e-01,49.9856,1.442e-04,+7.945019893e-04,4.2690e-01
15,0,4,2,3,8,13,1.102723005e-04,7.2731e-01,49.9993,6.913e-06,-1.207165882e-04,9.0392e-01
15,0,5,2,3,11,17,3.601250475e-04,2.5478e-01,50.0051,5.116e-05,+3.963810882e-04,6.9182e-01
15,0,6,2,3,13,19,3.466998421e-04,2.7292e-01,49.9908,9.151e-05,+8.481016194e-04,3.9638e-01
15,0,7,2,3,17,23,3.108357298e-04,3.2563e-01,50.0026,2.601e-05,-9.750408372e-04,3.2954e-01
15,0,8,2,3,19,29,5.885849579e-04,6.2706e-02,49.9950,5.050e-05,+4.353213776e-04,6.6333e-01
15,0,9,2,3,23,31,2.340966978e-04,4.5913e-01,49.9930,7.045e-05,-5.696088974e-04,5.6894e-01
15,0,10,2,3,29,37,1.489108032e-04,6.3771e-01,50.0063,6.335e-05,-1.145751837e-04,9.0878e-01
15,0,11,2,3,31,41,1.443293106e-04,6.4810e-01,49.9953,4.660e-05,+5.141432237e-04,6.0715e-01
15,0,12,2,3,37,43,3.545959881e-04,2.6215e-01,50.0058,5.829e-05,+5.585731142e-04,5.7645e-01
15,0,13,2,3,41,47,5.123350279e-05,8.7129e-01,49.9923,7.674e-05,-8.604541464e-04,3.8954e-01
15,0,14,2,3,43,53,1.887230598e-04,5.5064e-01,49.9969,3.138e-05,+3.480681034e-04,7.2779e-01
15,0,15,2,3,47,59,1.393285866e-04,6.5951e-01,50.0041,4.089e-05,+6.306856651e-04,5.2825e-01
15,0,16,2,3,53,61,1.776318134e-04,5.7431e-01,50.0080,8.003e-05,+1.010562222e-03,3.1223e-01
15,0,17,2,3,59,67,6.685305354e-05,8.3257e-01,49.9981,1.856e-05,+1.286973655e-03,1.9810e-01
15,0,18,2,3,61,71,8.011498419e-06,9.7979e-01,49.9997,2.612e-06,-4.266018529e-04,6.6967e-01
15,0,19,2,3,67,73,9.707013290e-05,7.5887e-01,49.9958,4.152e-05,-3.418067699e-04,7.3250e-01
15,1,2,3,5,5,7,2.609163005e-04,4.0932e-01,49.9976,2.425e-05,-2.436354780e-04,8.0751e-01
15,1,3,3,5,7,11,7.458320361e-05,8.1355e-01,49.9978,2.190e-05,-5.828220562e-04,5.6001e-01
15,1,4,3,5,8,13,4.527753232e-04,1.5220e-01,49.9953,4.714e-05,-2.983787118e-04,7.6541e-01
15,1,5,3,5,11,17,1.314309264e-04,6.7769e-01,50.0059,5.896e-05,-1.174876461e-03,2.4004e-01
15,1,6,3,5,13,19,9.119138232e-05,7.7306e-01,50.0076,7.586e-05,-8.448406393e-04,3.9820e-01
15,1,7,3,5,17,23,3.792611756e-05,9.0454e-01,49.9950,5.014e-05,+5.003501344e-04,6.1683e-01
15,1,8,3,5,19,29,4.715105019e-04,1.3595e-01,49.9884,1.157e-04,-4.489485979e-04,6.5347e-01
15,1,9,3,5,23,31,2.850626669e-05,9.2817e-01,50.0034,3.437e-05,+3.404357141e-05,9.7284e-01
15,1,10,3,5,29,37,9.236713478e-05,7.7022e-01,50.0032,3.182e-05,-8.108828828e-05,9.3537e-01
15,1,11,3,5,31,41,3.952863186e-04,2.1130e-01,50.0039,3.890e-05,-4.780241789e-04,6.3263e-01
15,1,12,3,5,37,43,3.004274302e-04,3.4209e-01,49.9965,3.499e-05,-1.520282024e-03,1.2844e-01
15,1,13,3,5,41,47,1.808938611e-04,5.6730e-01,49.9959,4.141e-05,-7.661857278e-04,4.4357e-01
15,1,14,3,5,43,53,3.505937626e-04,2.6757e-01,49.9982,1.753e-05,+8.815776464e-04,3.7801e-01
15,1,15,3,5,47,59,1.380227111e-04,6.6250e-01,49.9982,1.836e-05,+2.893354315e-04,7.7232e-01
15,1,16,3,5,53,61,1.571704860e-04,6.1918e-01,50.0069,6.923e-05,+1.815363867e-05,9.8552e-01
15,1,17,3,5,59,67,5.090526972e-04,1.0745e-01,50.0024,2.384e-05,+6.850974536e-04,4.9328e-01
15,1,18,3,5,61,71,3.281712656e-04,2.9938e-01,49.9973,2.671e-05,-8.709437931e-04,3.8378e-01
15,1,19,3,5,67,73,5.171340574e-04,1.0198e-01,49.9987,1.267e-05,-9.252081064e-04,3.5486e-01
15,2,3,5,7,7,11,3.060649235e-04,3.3311e-01,49.9911,8.885e-05,+2.713315492e-04,7.8614e-01
15,2,4,5,7,8,13,9.192998683e-04,3.6482e-03,50.0001,7.375e-07,+1.269032994e-03,2.0443e-01
15,2,5,5,7,11,17,3.909925041e-04,2.1630e-01,49.9967,3.264e-05,-9.258864798e-04,3.5450e-01
15,2,6,5,7,13,19,3.473211935e-04,2.7206e-01,49.9938,6.239e-05,+2.011076339e-04,8.4061e-01
15,2,7,5,7,17,23,7.734644048e-05,8.0677e-01,49.9918,8.246e-05,-1.073793624e-03,2.8292e-01
15,2,8,5,7,19,29,6.037245726e-04,5.6243e-02,50.0055,5.508e-05,+1.753849025e-04,8.6078e-01
15,2,9,5,7,23,31,8.453755418e-05,7.8921e-01,50.0088,8.830e-05,+8.183150884e-04,4.1318e-01
15,2,10,5,7,29,37,2.762251567e-04,3.8239e-01,50.0029,2.930e-05,-7.665383481e-05,9.3890e-01
15,2,11,5,7,31,41,2.091109123e-04,5.0844e-01,50.0043,4.255e-05,-2.911777777e-04,7.7092e-01
15,2,12,5,7,37,43,3.668168753e-04,2.4606e-01,49.9996,4.213e-06,-9.849819046e-04,3.2463e-01
15,2,13,5,7,41,47,5.762759014e-04,6.8403e-02,50.0006,6.287e-06,+6.047842575e-05,9.5177e-01
15,2,14,5,7,43,53,1.324243202e-04,6.7539e-01,49.9964,3.562e-05,+1.467450688e-03,1.4225e-01
15,2,15,5,7,47,59,7.133893553e-04,2.4075e-02,50.0137,1.366e-04,+5.698484392e-05,9.5456e-01
15,2,16,5,7,53,61,7.794052790e-05,8.0532e-01,49.9955,4.515e-05,+2.538831293e-04,7.9959e-01
15,2,17,5,7,59,67,1.140555124e-04,7.1834e-01,50.0087,8.676e-05,+4.172314224e-04,6.7651e-01
15,2,18,5,7,61,71,5.800326971e-05,8.5447e-01,49.9982,1.799e-05,-3.801560963e-04,7.0383e-01
15,2,19,5,7,67,73,9.218494142e-05,7.7066e-01,50.0046,4.560e-05,+1.929487388e-03,5.3670e-02
15,3,4,7,11,8,13,2.389037296e-04,4.4996e-01,49.9988,1.196e-05,-8.057560444e-04,4.2038e-01
15,3,5,7,11,11,17,1.629304488e-04,6.0639e-01,49.9972,2.759e-05,+1.290637819e-03,1.9683e-01
15,3,6,7,11,13,19,4.853076508e-04,1.2486e-01,49.9844,1.562e-04,+8.176336174e-04,4.1357e-01
15,3,7,7,11,17,23,3.017226727e-04,3.4002e-01,50.0073,7.276e-05,+8.840678377e-04,3.7666e-01
15,3,8,7,11,19,29,6.570065619e-05,8.3541e-01,50.0030,3.010e-05,+4.802275715e-04,6.3107e-01
15,3,9,7,11,23,31,2.760416090e-04,3.8271e-01,49.9976,2.395e-05,-1.104788898e-03,2.6925e-01
15,3,10,7,11,29,37,1.598795996e-04,6.1315e-01,50.0038,3.775e-05,+1.836616454e-03,6.6267e-02
15,3,11,7,11,31,41,7.245316446e-05,8.1878e-01,50.0004,3.600e-06,+1.552652703e-03,1.2051e-01
15,3,12,7,11,37,43,3.235884108e-04,3.0618e-01,50.0035,3.536e-05,-1.177140418e-03,2.3914e-01
15,3,13,7,11,41,47,9.388707976e-05,7.6655e-01,50.0056,5.599e-05,-9.812937147e-04,3.2645e-01
15,3,14,7,11,43,53,1.170502461e-04,7.1127e-01,50.0104,1.036e-04,-5.706285839e-05,9.5450e-01
15,3,15,7,11,47,59,7.458825674e-04,1.8340e-02,49.9948,5.151e-05,-2.094458281e-04,8.3410e-01
15,3,16,7,11,53,61,5.866433523e-04,6.3578e-02,49.9940,6.045e-05,+1.833984676e-04,8.5449e-01
15,3,17,7,11,59,67,3.621618835e-04,2.5210e-01,50.0029,2.876e-05,+1.636672348e-03,1.0170e-01
15,3,18,7,11,61,71,1.945811371e-04,5.3834e-01,50.0026,2.611e-05,+6.069167250e-04,5.4391e-01
15,3,19,7,11,67,73,4.251794256e-04,1.7878e-01,50.0012,1.218e-05,-1.865515248e-03,6.2109e-02
15,4,5,8,13,11,17,3.426180232e-04,2.7861e-01,50.0083,8.255e-05,-1.552214400e-03,1.2061e-01
15,4,6,8,13,13,19,5.694831599e-04,7.1724e-02,49.9900,1.000e-04,+9.854600696e-04,3.2440e-01
15,4,7,8,13,17,23,5.718672846e-04,7.0544e-02,49.9989,1.083e-05,-4.757519451e-04,6.3425e-01
15,4,8,8,13,19,29,7.855651052e-05,8.0381e-01,50.0020,2.031e-05,+4.526955720e-04,6.5077e-01
15,4,9,8,13,23,31,4.460315491e-04,1.5840e-01,49.9903,9.664e-05,-5.192778310e-04,6.0357e-01
15,4,10,8,13,29,37,3.981357231e-04,2.0802e-01,49.9977,2.339e-05,-8.740844407e-04,3.8207e-01
15,4,11,8,13,31,41,4.241359152e-05,8.9330e-01,50.0037,3.716e-05,-1.872984507e-03,6.1071e-02
15,4,12,8,13,37,43,1.419127591e-04,6.5360e-01,49.9915,8.457e-05,+6.971453773e-04,4.8571e-01
15,4,13,8,13,41,47,4.979784668e-05,8.7487e-01,49.9953,4.657e-05,+7.736361893e-04,4.3915e-01
15,4,14,8,13,43,53,6.101055494e-04,5.3691e-02,50.0033,3.324e-05,+6.736513691e-04,5.0053e-01
15,4,15,8,13,47,59,2.611197185e-04,4.0896e-01,50.0020,1.955e-05,+8.022837669e-04,4.2239e-01
15,4,16,8,13,53,61,2.613074853e-04,4.0862e-01,49.9884,1.164e-04,+8.831036461e-04,3.7718e-01
15,4,17,8,13,59,67,1.691854841e-04,5.9264e-01,49.9992,8.075e-06,+5.597843616e-04,5.7563e-01
15,4,18,8,13,61,71,2.767910323e-04,3.8142e-01,49.9970,3.002e-05,+9.891062806e-04,3.2261e-01
15,4,19,8,13,67,73,5.006212914e-04,1.1340e-01,49.9979,2.084e-05,-7.255825747e-04,4.6809e-01
15,5,6,11,17,13,19,2.838097531e-05,9.2849e-01,50.0035,3.530e-05,-2.177990095e-04,8.2759e-01
15,5,7,11,17,17,23,3.870343633e-04,2.2099e-01,50.0086,8.640e-05,-2.318105933e-04,8.1669e-01
15,5,8,11,17,19,29,6.327232004e-04,4.5409e-02,50.0049,4.861e-05,+2.450059483e-04,8.0645e-01
15,5,9,11,17,23,31,1.444155981e-04,6.4790e-01,49.9976,2.416e-05,+1.241637132e-03,2.1437e-01
15,5,10,11,17,29,37,3.667346722e-04,2.4616e-01,50.0023,2.316e-05,+5.106375653e-04,6.0960e-01
15,5,11,11,17,31,41,2.481983732e-04,4.3253e-01,49.9960,3.966e-05,-3.020851761e-04,7.6259e-01
15,5,12,11,17,37,43,4.281825642e-04,1.7573e-01,49.9983,1.717e-05,+2.528020997e-04,8.0042e-01
15,5,13,11,17,41,47,1.844130283e-04,5.5978e-01,50.0073,7.307e-05,+8.457479748e-04,3.9769e-01
15,5,14,11,17,43,53,2.488133370e-04,4.3139e-01,49.9980,2.036e-05,+5.292189938e-04,5.9665e-01
15,5,15,11,17,47,59,7.225509776e-04,2.2318e-02,50.0053,5.318e-05,-4.657348897e-04,6.4141e-01
15,5,16,11,17,53,61,2.783354703e-04,3.7877e-01,50.0061,6.106e-05,-1.466701318e-03,1.4246e-01
15,5,17,11,17,59,67,5.126689784e-05,8.7121e-01,50.0043,4.293e-05,-1.146946323e-03,2.5140e-01
15,5,18,11,17,61,71,2.578905050e-04,4.1477e-01,49.9987,1.320e-05,-5.051960452e-04,6.1342e-01
15,5,19,11,17,67,73,4.066655190e-04,1.9845e-01,50.0109,1.086e-04,-2.689131395e-03,7.1638e-03
15,6,7,13,19,17,23,2.768443243e-05,9.3024e-01,49.9924,7.610e-05,+2.616065561e-04,7.9362e-01
15,6,8,13,19,19,29,8.992059038e-05,7.7614e-01,49.9905,9.471e-05,+3.969156690e-04,6.9143e-01
15,6,9,13,19,23,31,4.209116449e-04,1.8318e-01,49.9941,5.871e-05,-2.582207504e-04,7.9624e-01
15,6,10,13,19,29,37,2.221128764e-04,4.8244e-01,49.9910,8.981e-05,+8.991412637e-04,3.6858e-01
15,6,11,13,19,31,41,1.290890060e-06,9.9674e-01,49.9961,3.894e-05,-8.041131195e-04,4.2133e-01
15,6,12,13,19,37,43,2.985364854e-04,3.4514e-01,50.0069,6.927e-05,+1.011599573e-04,9.1942e-01
15,6,13,13,19,41,47,3.790322362e-04,2.3068e-01,49.9928,7.150e-05,+2.624742428e-04,7.9296e-01
15,6,14,13,19,43,53,2.868751286e-04,3.6431e-01,49.9928,7.181e-05,-6.770452843e-04,4.9838e-01
15,6,15,13,19,47,59,3.167902865e-04,3.1645e-01,49.9934,6.565e-05,-8.726289127e-04,3.8287e-01
15,6,16,13,19,53,61,1.246486155e-04,6.9345e-01,50.0012,1.229e-05,-2.397712563e-04,8.1051e-01
15,6,17,13,19,59,67,2.991287641e-04,3.4419e-01,49.9990,9.575e-06,+1.013847130e-03,3.1066e-01
15,6,18,13,19,61,71,2.000523854e-05,9.4956e-01,50.0114,1.142e-04,+8.177597761e-04,4.1349e-01
15,6,19,13,19,67,73,2.723013102e-05,9.3138e-01,50.0008,7.963e-06,-1.188081181e-03,2.3480e-01
15,7,8,17,23,19,29,4.981819698e-04,1.1517e-01,50.0065,6.496e-05,-1.532782640e-04,8.7818e-01
15,7,9,17,23,23,31,4.153196746e-04,1.8906e-01,50.0046,4.636e-05,+2.915064726e-03,3.5561e-03
15,7,10,17,23,29,37,1.016935020e-04,7.4777e-01,49.9909,9.064e-05,-1.009114224e-03,3.1292e-01
15,7,11,17,23,31,41,1.648683920e-04,6.0212e-01,50.0027,2.651e-05,+1.597499347e-03,1.1015e-01
15,7,12,17,23,37,43,1.791261654e-04,5.7109e-01,50.0048,4.762e-05,-1.153371705e-04,9.0818e-01
15,7,13,17,23,41,47,5.741090356e-05,8.5594e-01,49.9964,3.600e-05,+1.812118525e-03,6.9968e-02
15,7,14,17,23,43,53,3.873446283e-04,2.2062e-01,49.9956,4.376e-05,-5.208116670e-04,6.0250e-01
15,7,15,17,23,47,59,1.862699673e-04,5.5584e-01,49.9976,2.400e-05,+3.201923789e-04,7.4882e-01
15,7,16,17,23,53,61,4.377096572e-04,1.6631e-01,50.0028,2.764e-05,-1.079451733e-04,9.1404e-01
15,7,17,17,23,59,67,1.758304365e-04,5.7819e-01,49.9996,3.575e-06,+2.489250216e-04,8.0342e-01
15,7,18,17,23,61,71,2.733233379e-04,3.8741e-01,49.9874,1.258e-04,-2.076010189e-03,3.7893e-02
15,7,19,17,23,67,73,9.653922395e-05,7.6015e-01,50.0034,3.351e-05,+9.718180651e-05,9.2258e-01
15,8,9,19,29,23,31,9.754825428e-05,7.5772e-01,49.9909,9.122e-05,+7.327829812e-04,4.6369e-01
15,8,10,19,29,29,37,2.731646736e-04,3.8769e-01,49.9899,1.013e-04,-3.687866075e-04,7.1229e-01
15,8,11,19,29,31,41,2.098951713e-04,5.0685e-01,49.9976,2.422e-05,-7.023066765e-04,4.8249e-01
15,8,12,19,29,37,43,3.300207081e-04,2.9666e-01,49.9965,3.459e-05,-7.156800439e-06,9.9429e-01
15,8,13,19,29,41,47,5.818293599e-04,6.5782e-02,49.9945,5.524e-05,+8.744160766e-04,3.8189e-01
15,8,14,19,29,43,53,1.637540244e-04,6.0457e-01,50.0010,9.850e-06,-3.961357403e-04,6.9200e-01
15,8,15,19,29,47,59,2.592140095e-04,4.1238e-01,50.0028,2.754e-05,-1.033460307e-03,3.0139e-01
15,8,16,19,29,53,61,4.160786302e-04,1.8826e-01,50.0006,6.150e-06,+1.166596310e-03,2.4337e-01
15,8,17,19,29,59,67,4.182222329e-04,1.8599e-01,49.9949,5.136e-05,+6.624392832e-04,5.0769e-01
15,8,18,19,29,61,71,3.445156656e-04,2.7595e-01,49.9980,2.001e-05,+1.821506915e-03,6.8530e-02
15,8,19,19,29,67,73,3.838038894e-04,2.2486e-01,49.9985,1.505e-05,-5.046423176e-04,6.1381e-01
15,9,10,23,31,29,37,2.679569570e-04,3.9680e-01,50.0018,1.840e-05,+1.591477653e-04,8.7355e-01
15,9,11,23,31,31,41,4.673647910e-04,1.3942e-01,50.0097,9.658e-05,+1.105305211e-03,2.6903e-01
15,9,12,23,31,37,43,7.371665930e-05,8.1567e-01,49.9892,1.076e-04,+6.369400470e-04,5.2416e-01
15,9,13,23,31,41,47,4.177374849e-04,1.8650e-01,50.0137,1.370e-04,-6.693490189e-04,5.0327e-01
15,9,14,23,31,43,53,4.180211911e-04,1.8620e-01,49.9939,6.078e-05,+7.514726659e-04,4.5237e-01
15,9,15,23,31,47,59,1.885330039e-04,5.5105e-01,50.0016,1.564e-05,+9.567290884e-04,3.3870e-01
15,9,16,23,31,53,61,3.386746171e-04,2.8418e-01,50.0039,3.898e-05,+8.163587106e-04,4.1430e-01
15,9,17,23,31,59,67,3.190980860e-04,3.1294e-01,50.0062,6.214e-05,-3.807984890e-04,7.0335e-01
15,9,18,23,31,61,71,1.148924344e-04,7.1636e-01,50.0013,1.341e-05,+2.008262899e-03,4.4615e-02
15,9,19,23,31,67,73,9.023750787e-05,7.7537e-01,50.0058,5.778e-05,+9.373249212e-04,3.4859e-01
15,10,11,29,37,31,41,1.368837695e-04,6.6511e-01,50.0001,7.750e-07,-1.331114571e-03,1.8315e-01
15,10,12,29,37,37,43,4.025930396e-05,8.9869e-01,50.0004,4.413e-06,-8.317697679e-04,4.0554e-01
15,10,13,29,37,41,47,7.787626143e-05,8.0548e-01,50.0026,2.619e-05,-2.391128252e-04,8.1102e-01
15,10,14,29,37,43,53,6.400811743e-05,8.3960e-01,50.0005,5.125e-06,+7.179934765e-04,4.7276e-01
15,10,15,29,37,47,59,6.351774942e-04,4.4579e-02,49.9961,3.949e-05,+1.040431352e-03,2.9814e-01
15,10,16,29,37,53,61,3.543650558e-04,2.6246e-01,50.0025,2.483e-05,+6.282813693e-04,5.2982e-01
15,10,17,29,37,59,67,1.267066859e-04,6.8865e-01,50.0115,1.151e-04,+1.016068983e-03,3.0960e-01
15,10,18,29,37,61,71,4.494651079e-04,1.5522e-01,49.9994,5.688e-06,-2.029964999e-04,8.3914e-01
15,10,19,29,37,67,73,6.374729986e-05,8.4024e-01,50.0004,4.425e-06,-2.246467198e-04,8.2225e-01
15,11,12,31,41,37,43,7.749455618e-05,8.0641e-01,49.9970,3.006e-05,-7.184853330e-04,4.7246e-01
15,11,13,31,41,41,47,3.126348138e-04,3.2284e-01,50.0050,4.971e-05,-8.303797889e-04,4.0632e-01
15,11,14,31,41,43,53,4.269254145e-04,1.7700e-01,50.0043,4.287e-05,+1.945950029e-03,5.1661e-02
15,11,15,31,41,47,59,1.699351738e-04,5.9100e-01,49.9914,8.604e-05,-1.365881152e-04,8.9136e-01
15,11,16,31,41,53,61,2.017744936e-04,5.2343e-01,50.0041,4.072e-05,-9.783039964e-04,3.2792e-01
15,11,17,31,41,59,67,4.814687005e-05,8.7899e-01,50.0014,1.386e-05,-3.713015087e-04,7.1041e-01
15,11,18,31,41,61,71,4.207683090e-04,1.8333e-01,50.0023,2.314e-05,-8.872990942e-05,9.2930e-01
15,11,19,31,41,67,73,4.759946065e-04,1.3227e-01,49.9904,9.552e-05,+5.535593582e-04,5.7988e-01
15,12,13,37,43,41,47,5.355726597e-04,9.0336e-02,50.0026,2.625e-05,-6.695266766e-05,9.4662e-01
15,12,14,37,43,43,53,1.625570825e-04,6.0722e-01,50.0060,6.011e-05,+6.172599395e-04,5.3706e-01
15,12,15,37,43,47,59,4.666483433e-04,1.4003e-01,49.9995,4.975e-06,-1.030138637e-03,3.0294e-01
15,12,16,37,43,53,61,4.844226832e-04,1.2555e-01,49.9988,1.186e-05,+3.602525480e-04,7.1866e-01
15,12,17,37,43,59,67,5.240920367e-04,9.7454e-02,49.9968,3.158e-05,+4.638079457e-05,9.6301e-01
15,12,18,37,43,61,71,5.036248787e-04,1.1125e-01,50.0024,2.362e-05,-3.290453591e-04,7.4212e-01
15,12,19,37,43,67,73,3.493610096e-04,2.6926e-01,50.0068,6.786e-05,+1.886498751e-03,5.9228e-02
15,13,14,41,47,43,53,2.542530431e-04,4.2139e-01,50.0016,1.644e-05,-1.036187922e-03,3.0011e-01
15,13,15,41,47,47,59,4.291492956e-04,1.7475e-01,49.9969,3.050e-05,-3.752545550e-04,7.0747e-01
15,13,16,41,47,53,61,5.957542172e-04,5.9573e-02,49.9914,8.589e-05,+6.145816631e-04,5.3883e-01
15,13,17,41,47,59,67,6.868101266e-06,9.8267e-01,50.0002,2.450e-06,-1.174429814e-03,2.4022e-01
15,13,18,41,47,61,71,1.576662569e-04,6.1807e-01,49.9947,5.295e-05,-8.205182691e-04,4.1192e-01
15,13,19,41,47,67,73,2.157385900e-04,4.9510e-01,49.9951,4.929e-05,-1.872237187e-04,8.5149e-01
15,14,15,43,53,47,59,1.294194674e-04,6.8235e-01,50.0055,5.494e-05,-1.835268223e-03,6.6466e-02
15,14,16,43,53,53,61,1.703338001e-04,5.9013e-01,49.9936,6.433e-05,-9.461702363e-04,3.4406e-01
15,14,17,43,53,59,67,1.030744291e-04,7.4446e-01,50.0011,1.061e-05,+1.982780010e-03,4.7392e-02
15,14,18,43,53,61,71,5.895270510e-05,8.5211e-01,49.9972,2.766e-05,-2.445613090e-04,8.0680e-01
15,14,19,43,53,67,73,4.496461063e-04,1.5505e-01,49.9955,4.492e-05,+5.835769106e-05,9.5346e-01
15,15,16,47,59,53,61,9.158368386e-05,7.7211e-01,49.9918,8.211e-05,-6.299744663e-04,5.2871e-01
15,15,17,47,59,59,67,4.282153327e-04,1.7569e-01,49.9870,1.304e-04,+6.878276465e-04,4.9156e-01
15,15,18,47,59,61,71,1.791026179e-04,5.7114e-01,50.0027,2.725e-05,-4.954825990e-04,6.2026e-01
15,15,19,47,59,67,73,1.534727481e-04,6.2745e-01,50.0001,1.113e-06,+1.717529370e-03,8.5882e-02
15,16,17,53,61,59,67,3.543906905e-04,2.6242e-01,49.9956,4.381e-05,+9.180791435e-05,9.2685e-01
15,16,18,53,61,61,71,1.644261666e-05,9.5853e-01,49.9939,6.126e-05,-6.391450308e-04,5.2273e-01
15,16,19,53,61,67,73,3.903377939e-06,9.9015e-01,50.0031,3.067e-05,-6.441385249e-04,5.1949e-01
15,17,18,59,67,61,71,2.113401967e-04,5.0393e-01,50.0013,1.315e-05,+1.921041277e-03,5.4727e-02
15,17,19,59,67,67,73,3.415117383e-04,2.8016e-01,49.9993,7.412e-06,-4.595908339e-04,6.4581e-01
15,18,19,61,71,67,73,2.568539525e-04,4.1665e-01,49.9953,4.674e-05,-7.405260937e-04,4.5898e-01
16,0,1,2,3,3,5,1.347768985e-04,6.6996e-01,49.9915,8.461e-05,+9.864150401e-04,3.2393e-01
16,0,2,2,3,5,7,5.005983040e-05,8.7422e-01,50.0019,1.884e-05,+1.000351253e-03,3.1714e-01
16,0,3,2,3,7,11,7.362626435e-05,8.1590e-01,49.9952,4.789e-05,-7.867986227e-04,4.3140e-01
16,0,4,2,3,8,13,2.039251636e-04,5.1901e-01,49.9901,9.898e-05,+1.151071120e-04,9.0836e-01
16,0,5,2,3,11,17,9.460052686e-05,7.6482e-01,49.9929,7.128e-05,+6.077325938e-04,5.4336e-01
16,0,6,2,3,13,19,3.490789613e-04,2.6964e-01,49.9982,1.820e-05,-1.952875266e-05,9.8442e-01
16,0,7,2,3,17,23,1.957723449e-04,5.3586e-01,50.0016,1.634e-05,-1.093571647e-03,2.7414e-01
16,0,8,2,3,19,29,3.087803141e-05,9.2221e-01,50.0009,8.775e-06,-1.102395087e-04,9.1222e-01
16,0,9,2,3,23,31,3.462253891e-05,9.1282e-01,50.0018,1.849e-05,-1.780383441e-04,8.5869e-01
16,0,10,2,3,29,37,6.624314104e-06,9.8329e-01,49.9961,3.858e-05,+1.493304171e-04,8.8129e-01
16,0,11,2,3,31,41,2.335902061e-04,4.6010e-01,49.9961,3.899e-05,+7.512620180e-05,9.4011e-01
16,0,12,2,3,37,43,2.977219041e-04,3.4646e-01,49.9927,7.330e-05,-3.893499669e-04,6.9702e-01
16,0,13,2,3,41,47,4.811224092e-04,1.2815e-01,49.9910,8.996e-05,-9.301507233e-05,9.2589e-01
16,0,14,2,3,43,53,1.176543188e-04,7.0985e-01,50.0009,9.212e-06,+1.251490069e-03,2.1076e-01
16,0,15,2,3,47,59,3.159678196e-04,3.1771e-01,50.0009,8.612e-06,-1.179350215e-04,9.0612e-01
16,0,16,2,3,53,61,4.533538972e-05,8.8600e-01,49.9946,5.409e-05,+1.576228263e-05,9.8742e-01
16,0,17,2,3,59,67,9.005734088e-04,4.4014e-03,50.0065,6.539e-05,-1.211002992e-03,2.2589e-01
16,0,18,2,3,61,71,1.019733962e-04,7.4710e-01,49.9969,3.135e-05,-1.545018369e-03,1.2234e-01
16,0,19,2,3,67,73,1.123492494e-04,7.2238e-01,49.9999,1.200e-06,+2.342330592e-04,8.1480e-01
16,1,2,3,5,5,7,1.566060531e-04,6.2044e-01,49.9943,5.715e-05,-5.868760465e-04,5.5729e-01
16,1,3,3,5,7,11,1.822044285e-04,5.6449e-01,50.0033,3.340e-05,-1.332565179e-04,8.9399e-01
16,1,4,3,5,8,13,1.725982607e-04,5.8520e-01,49.9969,3.084e-05,-1.767912480e-03,7.7076e-02
16,1,5,3,5,11,17,5.120716252e-05,8.7136e-01,49.9946,5.391e-05,-8.486052809e-04,3.9610e-01
16,1,6,3,5,13,19,8.115325135e-04,1.0279e-02,49.9934,6.629e-05,-4.405829505e-04,6.5951e-01
16,1,7,3,5,17,23,3.005093942e-04,3.4196e-01,49.9990,1.007e-05,+6.629271006e-04,5.0738e-01
16,1,8,3,5,19,29,8.212899532e-05,7.9508e-01,49.9997,2.737e-06,+5.274055032e-04,5.9791e-01
16,1,9,3,5,23,31,1.643757690e-04,6.0320e-01,50.0011,1.060e-05,-1.565977130e-03,1.1735e-01
16,1,10,3,5,29,37,2.880098528e-04,3.6242e-01,49.9966,3.374e-05,-1.716073576e-04,8.6375e-01
16,1,11,3,5,31,41,7.708282456e-04,1.4786e-02,50.0005,4.750e-06,+9.930727795e-04,3.2067e-01
16,1,12,3,5,37,43,4.459879062e-05,8.8784e-01,49.9965,3.506e-05,-5.539114688e-05,9.5583e-01
16,1,13,3,5,41,47,5.194629873e-04,1.0045e-01,50.0041,4.135e-05,-1.040995895e-03,2.9788e-01
16,1,14,3,5,43,53,1.792218167e-04,5.7088e-01,49.9971,2.902e-05,-5.951980650e-04,5.5171e-01
16,1,15,3,5,47,59,1.806290778e-04,5.6786e-01,50.0008,7.550e-06,+3.358305418e-05,9.7321e-01
16,1,16,3,5,53,61,3.533395343e-04,2.6384e-01,50.0088,8.810e-05,-1.290968825e-03,1.9671e-01
16,1,17,3,5,59,67,5.808700150e-05,8.5426e-01,49.9993,6.925e-06,-5.512419942e-04,5.8147e-01
16,1,18,3,5,61,71,2.131056845e-04,5.0038e-01,49.9926,7.351e-05,-3.127951042e-04,7.5444e-01
16,1,19,3,5,67,73,3.596002246e-04,2.5547e-01,49.9919,8.086e-05,-2.264257004e-03,2.3558e-02
16,2,3,5,7,7,11,1.654001815e-04,6.0095e-01,50.0022,2.167e-05,+1.330331322e-03,1.8341e-01
16,2,4,5,7,8,13,1.294037693e-04,6.8239e-01,49.9986,1.389e-05,+1.368654029e-03,1.7111e-01
16,2,5,5,7,11,17,3.362982946e-05,9.1531e-01,50.0011,1.106e-05,+1.042837601e-03,2.9702e-01
16,2,6,5,7,13,19,2.458478848e-04,4.3690e-01,49.9911,8.874e-05,-7.083464371e-04,4.7873e-01
16,2,7,5,7,17,23,7.538344353e-05,8.1158e-01,49.9961,3.903e-05,-1.232338602e-03,2.1782e-01
16,2,8,5,7,19,29,3.266526314e-04,3.0162e-01,49.9865,1.352e-04,-9.819878480e-05,9.2177e-01
16,2,9,5,7,23,31,5.812377863e-04,6.6057e-02,49.9924,7.618e-05,-1.241832372e-03,2.1430e-01
16,2,10,5,7,29,37,4.970962713e-04,1.1596e-01,50.0000,2.375e-07,+1.190580408e-03,2.3382e-01
16,2,11,5,7,31,41,4.426239864e-04,1.6160e-01,50.0022,2.192e-05,+2.724310608e-04,7.8529e-01
16,2,12,5,7,37,43,5.168056094e-05,8.7018e-01,50.0029,2.866e-05,+8.555440059e-04,3.9225e-01
16,2,13,5,7,41,47,1.281188453e-04,6.8537e-01,50.0012,1.230e-05,-1.359802320e-03,1.7389e-01
16,2,14,5,7,43,53,6.783525159e-05,8.3015e-01,49.9942,5.790e-05,+2.261287315e-04,8.2110e-01
16,2,15,5,7,47,59,1.299719290e-04,6.8107e-01,49.9997,3.500e-06,+6.768880209e-04,4.9848e-01
16,2,16,5,7,53,61,1.407364591e-04,6.5629e-01,49.9937,6.295e-05,-1.093610740e-03,2.7413e-01
16,2,17,5,7,59,67,2.876166318e-05,9.2753e-01,49.9902,9.793e-05,+1.410626480e-04,8.8782e-01
16,2,18,5,7,61,71,1.291162819e-04,6.8305e-01,49.9896,1.039e-04,-2.403783171e-04,8.1004e-01
16,2,19,5,7,67,73,7.901592381e-05,8.0269e-01,50.0104,1.040e-04,+1.114938855e-03,2.6488e-01
16,3,4,7,11,8,13,1.963553969e-04,5.3465e-01,49.9979,2.119e-05,+6.901070039e-04,4.9013e-01
16,3,5,7,11,11,17,4.338171384e-04,1.7011e-01,50.0036,3.641e-05,-1.818508295e-03,6.8986e-02
16,3,6,7,11,13,19,7.221064402e-04,2.2401e-02,50.0077,7.676e-05,-9.718192579e-05,9.2258e-01
16,3,7,7,11,17,23,1.814132766e-04,5.6618e-01,49.9944,5.632e-05,+2.595515059e-04,7.9521e-01
16,3,8,7,11,19,29,1.540856063e-04,6.2607e-01,49.9962,3.751e-05,+1.044992860e-03,2.9603e-01
16,3,9,7,11,23,31,3.679924558e-04,2.4455e-01,49.9921,7.865e-05,+5.384888501e-04,5.9024e-01
16,3,10,7,11,29,37,9.131118814e-05,7.7277e-01,49.9952,4.759e-05,+2.952414194e-04,7.6781e-01
16,3,11,7,11,31,41,4.537703441e-04,1.5130e-01,50.0039,3.895e-05,-1.073895373e-03,2.8287e-01
16,3,12,7,11,37,43,1.408156632e-04,6.5610e-01,49.9989,1.066e-05,-2.217649634e-03,2.6579e-02
16,3,13,7,11,41,47,1.385501186e-05,9.6505e-01,50.0024,2.410e-05,-9.425151048e-04,3.4593e-01
16,3,14,7,11,43,53,3.402594879e-04,2.8193e-01,49.9979,2.113e-05,+6.996441512e-04,4.8415e-01
16,3,15,7,11,47,59,3.049002909e-04,3.3496e-01,50.0065,6.530e-05,-2.505086210e-04,8.0219e-01
16,3,16,7,11,53,61,7.469478095e-04,1.8174e-02,49.9922,7.767e-05,-3.997880997e-04,6.8931e-01
16,3,17,7,11,59,67,4.210256373e-05,8.9408e-01,49.9966,3.378e-05,+1.935213373e-03,5.2964e-02
16,3,18,7,11,61,71,2.815301785e-04,3.7332e-01,49.9947,5.291e-05,-7.186114915e-04,4.7238e-01
16,3,19,7,11,67,73,4.682346607e-04,1.3869e-01,50.0094,9.384e-05,-2.996081105e-03,2.7347e-03
16,4,5,8,13,11,17,1.862280715e-04,5.5593e-01,49.9931,6.937e-05,+1.040322167e-04,9.1714e-01
16,4,6,8,13,13,19,2.857964333e-05,9.2799e-01,50.0038,3.817e-05,-7.512759578e-04,4.5249e-01
16,4,7,8,13,17,23,7.169913916e-04,2.3370e-02,50.0018,1.769e-05,+1.286057272e-03,1.9842e-01
16,4,8,8,13,19,29,3.579555061e-04,2.5765e-01,50.0016,1.633e-05,-5.329034300e-04,5.9410e-01
16,4,9,8,13,23,31,1.019902891e-04,7.4706e-01,49.9972,2.836e-05,+4.187627185e-04,6.7539e-01
16,4,10,8,13,29,37,1.617527036e-04,6.0900e-01,49.9943,5.727e-05,+2.830237561e-04,7.7716e-01
16,4,11,8,13,31,41,6.632908551e-04,3.5948e-02,49.9981,1.874e-05,-3.359912265e-04,7.3688e-01
16,4,12,8,13,37,43,1.053012128e-04,7.3914e-01,49.9992,7.825e-06,+1.242679684e-03,2.1399e-01
16,4,13,8,13,41,47,8.254603445e-05,7.9407e-01,50.0033,3.326e-05,+3.959835377e-04,6.9212e-01
16,4,14,8,13,43,53,3.170716393e-04,3.1602e-01,50.0057,5.714e-05,-7.783437789e-04,4.3637e-01
16,4,15,8,13,47,59,2.946393073e-06,9.9257e-01,49.9923,7.746e-05,-1.620131283e-04,8.7130e-01
16,4,16,8,13,53,61,4.746045228e-05,8.8070e-01,50.0015,1.546e-05,+9.256107954e-04,3.5465e-01
16,4,17,8,13,59,67,2.552667508e-04,4.1954e-01,50.0119,1.186e-04,-9.429533399e-04,3.4570e-01
16,4,18,8,13,61,71,1.709195888e-04,5.8886e-01,49.9944,5.587e-05,+8.580529826e-04,3.9086e-01
16,4,19,8,13,67,73,8.457719520e-04,7.4826e-03,49.9892,1.079e-04,-6.707977091e-04,5.0235e-01
16,5,6,11,17,13,19,1.631647820e-04,6.0587e-01,49.9994,6.100e-06,-1.417998559e-04,8.8724e-01
16,5,7,11,17,17,23,9.160949333e-04,3.7681e-03,49.9888,1.120e-04,-8.707234509e-04,3.8391e-01
16,5,8,11,17,19,29,1.925392553e-04,5.4262e-01,49.9987,1.270e-05,-1.128862457e-03,2.5896e-01
16,5,9,11,17,23,31,1.879731349e-04,5.5223e-01,50.0008,8.312e-06,-1.878786747e-03,6.0274e-02
16,5,10,11,17,29,37,4.573084024e-04,1.4814e-01,50.0156,1.561e-04,-1.656042404e-03,9.7713e-02
16,5,11,11,17,31,41,1.143109661e-04,7.1774e-01,50.0050,4.981e-05,+6.097243264e-04,5.4204e-01
16,5,12,11,17,37,43,5.227207401e-04,9.8333e-02,50.0009,9.475e-06,+1.007568306e-03,3.1366e-01
16,5,13,11,17,41,47,1.059557207e-05,9.7327e-01,49.9951,4.884e-05,+2.022010039e-04,8.3976e-01
16,5,14,11,17,43,53,7.726901603e-05,8.0696e-01,49.9990,1.014e-05,+1.126430651e-03,2.5998e-01
16,5,15,11,17,47,59,1.687397058e-04,5.9362e-01,50.0126,1.263e-04,-1.047066610e-03,2.9507e-01
16,5,16,11,17,53,61,4.181913471e-04,1.8602e-01,50.0036,3.551e-05,-7.700062327e-04,4.4130e-01
16,5,17,11,17,59,67,2.021119559e-04,5.2274e-01,50.0007,7.462e-06,+3.976842152e-04,6.9086e-01
16,5,18,11,17,61,71,4.094803808e-05,8.9697e-01,50.0005,4.500e-06,+1.300992080e-03,1.9326e-01
16,5,19,11,17,67,73,1.846811411e-04,5.5921e-01,49.9887,1.129e-04,-8.217123960e-05,9.3451e-01
16,6,7,13,19,17,23,2.035801735e-04,5.1972e-01,50.0019,1.859e-05,+2.076216092e-04,8.3552e-01
16,6,8,13,19,19,29,4.982771293e-04,1.1510e-01,50.0000,3.500e-07,+2.809100740e-05,9.7759e-01
16,6,9,13,19,23,31,2.451366725e-04,4.3823e-01,49.9959,4.091e-05,-7.766288215e-04,4.3738e-01
16,6,10,13,19,29,37,2.293778941e-04,4.6823e-01,49.9977,2.262e-05,-5.288362238e-04,5.9692e-01
16,6,11,13,19,31,41,9.106763368e-05,7.7336e-01,50.0035,3.529e-05,+7.723037987e-04,4.3993e-01
16,6,12,13,19,37,43,2.312567359e-05,9.4170e-01,49.9960,4.033e-05,-2.419999586e-04,8.0878e-01
16,6,13,13,19,41,47,2.358359612e-04,4.5580e-01,49.9903,9.651e-05,-4.801433194e-04,6.3113e-01
16,6,14,13,19,43,53,1.407703621e-04,6.5621e-01,50.0012,1.201e-05,+1.681493784e-03,9.2667e-02
16,6,15,13,19,47,59,2.896591015e-04,3.5968e-01,50.0076,7.616e-05,-1.572563623e-03,1.1582e-01
16,6,16,13,19,53,61,2.509303674e-04,4.2748e-01,49.9982,1.764e-05,+4.545418958e-04,6.4944e-01
16,6,17,13,19,59,67,2.208921508e-04,4.8485e-01,49.9959,4.096e-05,-6.407568168e-04,5.2168e-01
16,6,18,13,19,61,71,1.605698523e-04,6.1162e-01,49.9970,3.002e-05,+1.369561035e-03,1.7082e-01
16,6,19,13,19,67,73,1.404216056e-05,9.6458e-01,50.0005,5.325e-06,-4.165757351e-04,6.7699e-01
16,7,8,17,23,19,29,1.162832499e-04,7.1308e-01,50.0005,4.537e-06,-5.642739783e-04,5.7257e-01
16,7,9,17,23,23,31,8.957546827e-05,7.7698e-01,49.9991,9.100e-06,-1.060203994e-04,9.1557e-01
16,7,10,17,23,29,37,1.852047832e-04,5.5810e-01,50.0032,3.189e-05,-7.213885523e-04,4.7067e-01
16,7,11,17,23,31,41,2.838295893e-05,9.2848e-01,49.9985,1.495e-05,+2.071845619e-04,8.3587e-01
16,7,12,17,23,37,43,4.134878586e-04,1.9102e-01,50.0014,1.369e-05,+3.309241430e-04,7.4070e-01
16,7,13,17,23,41,47,1.464432843e-04,6.4330e-01,49.9975,2.457e-05,+1.208704820e-03,2.2678e-01
16,7,14,17,23,43,53,4.116464069e-05,8.9643e-01,50.0063,6.270e-05,+6.316857752e-04,5.2759e-01
16,7,15,17,23,47,59,2.159298963e-04,4.9471e-01,50.0074,7.408e-05,-1.209362239e-03,2.2652e-01
16,7,16,17,23,53,61,8.645359531e-05,7.8455e-01,49.9935,6.525e-05,-5.436940201e-04,5.8665e-01
16,7,17,17,23,59,67,4.080811423e-04,1.9689e-01,49.9912,8.755e-05,+7.697952128e-04,4.4142e-01
16,7,18,17,23,61,71,3.674025449e-04,2.4530e-01,50.0028,2.776e-05,+1.285338898e-03,1.9867e-01
16,7,19,17,23,67,73,6.716527118e-05,8.3180e-01,49.9957,4.314e-05,+1.549058270e-03,1.2137e-01
16,8,9,19,29,23,31,2.883673073e-04,3.6182e-01,49.9863,1.374e-04,+1.113720568e-03,2.6540e-01
16,8,10,19,29,29,37,4.086448135e-04,1.9627e-01,49.9900,9.957e-05,-6.743262657e-04,5.0010e-01
16,8,11,19,29,31,41,4.038386807e-04,2.0158e-01,49.9948,5.151e-05,+1.525413231e-04,8.7876e-01
16,8,12,19,29,37,43,1.363427703e-04,6.6636e-01,49.9984,1.638e-05,+1.878448784e-04,8.5100e-01
16,8,13,19,29,41,47,1.344885271e-04,6.7063e-01,49.9932,6.821e-05,+6.491639554e-04,5.1623e-01
16,8,14,19,29,43,53,1.994882980e-04,5.2815e-01,49.9846,1.540e-04,+1.413090385e-03,1.5763e-01
16,8,15,19,29,47,59,1.139083566e-03,3.1566e-04,50.0013,1.251e-05,-1.626844781e-03,1.0377e-01
16,8,16,19,29,53,61,1.406185213e-04,6.5655e-01,49.9965,3.451e-05,-1.284162084e-03,1.9909e-01
16,8,17,19,29,59,67,2.841678065e-04,3.6886e-01,50.0009,8.762e-06,-1.202123759e-03,2.2932e-01
16,8,18,19,29,61,71,2.471593523e-04,4.3446e-01,49.9885,1.151e-04,+1.128832969e-03,2.5897e-01
16,8,19,19,29,67,73,3.823215171e-04,2.2666e-01,49.9991,9.050e-06,+9.089160668e-04,3.6339e-01
16,9,10,23,31,29,37,1.813517758e-04,5.6632e-01,50.0059,5.886e-05,-1.431323050e-03,1.5234e-01
16,9,11,23,31,31,41,2.131840629e-05,9.4625e-01,50.0008,7.925e-06,-3.794661042e-04,7.0434e-01
16,9,12,23,31,37,43,3.184305200e-05,9.1979e-01,49.9969,3.141e-05,-1.840979554e-03,6.5625e-02
16,9,13,23,31,41,47,1.116541361e-04,7.2403e-01,49.9978,2.175e-05,+1.631602139e-03,1.0276e-01
16,9,14,23,31,43,53,7.643370040e-05,8.0901e-01,50.0096,9.578e-05,-7.732779374e-04,4.3936e-01
16,9,15,23,31,47,59,7.970674832e-04,1.1717e-02,50.0088,8.765e-05,-2.037553569e-04,8.3854e-01
16,9,16,23,31,53,61,4.704297146e-04,1.3685e-01,49.9958,4.220e-05,+1.214269737e-03,2.2464e-01
16,9,17,23,31,59,67,1.312747035e-05,9.6689e-01,49.9960,4.033e-05,-1.814802073e-03,6.9554e-02
16,9,18,23,31,61,71,1.912708125e-04,5.4528e-01,49.9983,1.699e-05,+2.351675049e-04,8.1408e-01
16,9,19,23,31,67,73,3.617123057e-04,2.5269e-01,50.0037,3.654e-05,-1.227333936e-03,2.1970e-01
16,10,11,29,37,31,41,1.734761829e-04,5.8329e-01,50.0107,1.072e-04,-1.344805159e-03,1.7869e-01
16,10,12,29,37,37,43,3.439423442e-04,2.7675e-01,49.9980,1.995e-05,+8.324711489e-04,4.0514e-01
16,10,13,29,37,41,47,8.059159875e-05,7.9884e-01,50.0086,8.641e-05,+1.053613130e-03,2.9206e-01
16,10,14,29,37,43,53,1.800885942e-04,5.6902e-01,49.9972,2.796e-05,-1.288513505e-04,8.9748e-01
16,10,15,29,37,47,59,1.879120947e-04,5.5236e-01,50.0060,5.959e-05,+6.891301111e-04,4.9074e-01
16,10,16,29,37,53,61,3.964156431e-05,9.0024e-01,50.0010,1.024e-05,+1.006547066e-03,3.1415e-01
16,10,17,29,37,59,67,4.363473961e-04,1.6763e-01,50.0006,6.188e-06,-7.400662310e-04,4.5926e-01
16,10,18,29,37,61,71,4.642844334e-04,1.4205e-01,49.9851,1.491e-04,+1.678070900e-04,8.6674e-01
16,10,19,29,37,67,73,9.520513388e-05,7.6336e-01,49.9987,1.295e-05,-2.791537429e-05,9.7773e-01
16,11,12,31,41,37,43,6.441430658e-05,8.3859e-01,49.9940,5.956e-05,-1.710813243e-03,8.7116e-02
16,11,13,31,41,41,47,5.742397380e-05,8.5590e-01,50.0013,1.320e-05,+6.336616767e-04,5.2630e-01
16,11,14,31,41,43,53,4.018584520e-04,2.0380e-01,49.9994,5.650e-06,+1.006281718e-03,3.1428e-01
16,11,15,31,41,47,59,1.407836113e-04,6.5618e-01,49.9940,5.960e-05,+3.765576458e-04,7.0650e-01
16,11,16,31,41,53,61,3.583824347e-04,2.5709e-01,49.9953,4.667e-05,+8.364255845e-04,4.0292e-01
16,11,17,31,41,59,67,5.874695209e-04,6.3206e-02,50.0040,4.010e-05,+3.565419399e-04,7.2143e-01
16,11,18,31,41,61,71,1.591426242e-04,6.1479e-01,49.9977,2.256e-05,-2.145834635e-03,3.1886e-02
16,11,19,31,41,67,73,1.154767199e-04,7.1498e-01,50.0060,5.986e-05,-4.740753403e-04,6.3545e-01
16,12,13,37,43,41,47,2.255683359e-04,4.7565e-01,50.0010,9.762e-06,-4.838386260e-04,6.2850e-01
16,12,14,37,43,43,53,3.767619900e-04,2.3349e-01,49.9909,9.081e-05,-2.350304133e-04,8.1419e-01
16,12,15,37,43,47,59,4.104394559e-04,1.9431e-01,49.9926,7.426e-05,+1.612075969e-03,1.0695e-01
16,12,16,37,43,53,61,1.136605393e-04,7.1928e-01,50.0051,5.116e-05,-5.030011498e-04,6.1496e-01
16,12,17,37,43,59,67,2.731156019e-04,3.8777e-01,50.0004,4.213e-06,+6.404178505e-04,5.2190e-01
16,12,18,37,43,61,71,1.087003488e-03,5.8731e-04,49.9865,1.348e-04,+4.553469337e-04,6.4886e-01
16,12,19,37,43,67,73,1.612464804e-04,6.1012e-01,49.9993,6.500e-06,+1.827709918e-04,8.5498e-01
16,13,14,41,47,43,53,3.214585376e-04,3.0937e-01,49.9880,1.200e-04,-7.105976518e-04,4.7733e-01
16,13,15,41,47,47,59,6.482435740e-04,4.0372e-02,49.9993,6.775e-06,-9.843299380e-04,3.2495e-01
16,13,16,41,47,53,61,2.609377385e-04,4.0928e-01,50.0023,2.270e-05,-2.649122420e-04,7.9108e-01
16,13,17,41,47,59,67,3.341054232e-04,2.9072e-01,50.0008,7.800e-06,-1.249718575e-03,2.1140e-01
16,13,18,41,47,61,71,3.329623974e-04,2.9238e-01,50.0017,1.706e-05,-9.199023318e-04,3.5762e-01
16,13,19,41,47,67,73,3.046797174e-04,3.3531e-01,50.0084,8.426e-05,+2.765733156e-04,7.8211e-01
16,14,15,43,53,47,59,6.320828510e-05,8.4157e-01,50.0008,7.850e-06,+6.463676520e-04,5.1804e-01
16,14,16,43,53,53,61,1.073261327e-04,7.3431e-01,49.9989,1.065e-05,-4.258923873e-05,9.6603e-01
16,14,17,43,53,59,67,6.234751927e-05,8.4370e-01,50.0031,3.057e-05,-1.313808846e-03,1.8891e-01
16,14,18,43,53,61,71,9.137968613e-05,7.7261e-01,50.0074,7.401e-05,-7.973024044e-04,4.2528e-01
16,14,19,43,53,67,73,2.373614963e-04,4.5289e-01,50.0050,5.041e-05,+8.370768895e-04,4.0255e-01
16,15,16,47,59,53,61,8.592793934e-05,7.8583e-01,50.0053,5.295e-05,+9.987857306e-04,3.1790e-01
16,15,17,47,59,59,67,2.092714328e-04,5.0812e-01,49.9976,2.405e-05,+9.246055311e-04,3.5517e-01
16,15,18,47,59,61,71,1.363065443e-04,6.6644e-01,50.0023,2.281e-05,-9.912126562e-04,3.2158e-01
16,15,19,47,59,67,73,3.463514938e-04,2.7340e-01,50.0078,7.771e-05,-3.502970067e-04,7.2612e-01
16,16,17,53,61,59,67,2.088892813e-04,5.0889e-01,49.9968,3.237e-05,+1.255504375e-03,2.0930e-01
16,16,18,53,61,61,71,2.211584302e-04,4.8432e-01,49.9938,6.234e-05,-3.278218154e-04,7.4305e-01
16,16,19,53,61,67,73,4.871830581e-04,1.2341e-01,49.9983,1.661e-05,-4.916735680e-04,6.2295e-01
16,17,18,59,67,61,71,5.061991305e-04,1.0943e-01,49.9947,5.326e-05,-2.074224883e-03,3.8058e-02
16,17,19,59,67,67,73,3.772537276e-04,2.3288e-01,49.9983,1.711e-05,-1.888275004e-03,5.8989e-02
16,18,19,61,71,67,73,3.686110264e-05,9.0720e-01,49.9963,3.697e-05,+1.963988253e-03,4.9531e-02
17,0,1,2,3,3,5,3.137089186e-04,3.2118e-01,49.9959,4.130e-05,-8.549303541e-04,3.9259e-01
17,0,2,2,3,5,7,2.444678773e-04,4.3948e-01,49.9974,2.626e-05,+1.110027201e-04,9.1161e-01
17,0,3,2,3,7,11,4.552169565e-05,8.8554e-01,49.9987,1.295e-05,+4.605514043e-04,6.4512e-01
17,0,4,2,3,8,13,2.058393843e-04,5.1510e-01,49.9985,1.530e-05,+1.089688247e-03,2.7585e-01
17,0,5,2,3,11,17,9.724323600e-05,7.5846e-01,49.9995,4.950e-06,+8.589837653e-05,9.3155e-01
17,0,6,2,3,13,19,2.280906157e-04,4.7073e-01,49.9967,3.309e-05,-2.319831229e-03,2.0350e-02
17,0,7,2,3,17,23,1.460867330e-04,6.4411e-01,49.9940,5.969e-05,-2.043095822e-03,4.1043e-02
17,0,8,2,3,19,29,2.813447333e-04,3.7363e-01,49.9959,4.099e-05,+5.100713428e-04,6.1000e-01
17,0,9,2,3,23,31,1.910400271e-04,5.4576e-01,50.0044,4.361e-05,+6.045404966e-04,5.4548e-01
17,0,10,2,3,29,37,1.569027923e-04,6.1977e-01,49.9985,1.476e-05,-1.968863982e-04,8.4392e-01
17,0,11,2,3,31,41,1.221278560e-04,6.9935e-01,50.0047,4.679e-05,-1.029600862e-03,3.0320e-01
17,0,12,2,3,37,43,5.272137363e-05,8.6759e-01,50.0029,2.889e-05,+9.088163630e-04,3.6345e-01
17,0,13,2,3,41,47,5.165718918e-04,1.0235e-01,50.0027,2.747e-05,-1.177967050e-03,2.3881e-01
17,0,14,2,3,43,53,1.126846180e-04,7.2159e-01,49.9958,4.224e-05,+4.129476325e-04,6.7964e-01
17,0,15,2,3,47,59,2.722975550e-05,9.3138e-01,50.0025,2.481e-05,-6.932622494e-04,4.8814e-01
17,0,16,2,3,53,61,2.377153306e-05,9.4008e-01,50.0060,6.035e-05,+3.674710115e-04,7.1327e-01
17,0,17,2,3,59,67,1.750448479e-04,5.7989e-01,50.0004,3.763e-06,+1.246794643e-03,2.1247e-01
17,0,18,2,3,61,71,5.626362356e-07,9.9858e-01,49.9988,1.195e-05,-4.414886837e-04,6.5886e-01
17,0,19,2,3,67,73,2.735096725e-04,3.8709e-01,49.9905,9.532e-05,-8.900094075e-04,3.7346e-01
17,1,2,3,5,5,7,2.764060667e-05,9.3035e-01,50.0067,6.661e-05,-1.595765476e-03,1.1054e-01
17,1,3,3,5,7,11,9.342558008e-05,7.6766e-01,49.9909,9.107e-05,+1.136767577e-04,9.0949e-01
17,1,4,3,5,8,13,4.659170371e-05,8.8287e-01,50.0062,6.217e-05,+1.060314512e-03,2.8900e-01
17,1,5,3,5,11,17,2.993641897e-04,3.4381e-01,49.9994,5.575e-06,+8.633999176e-04,3.8792e-01
17,1,6,3,5,13,19,9.395004654e-05,7.6639e-01,49.9932,6.771e-05,-1.978031849e-03,4.7925e-02
17,1,7,3,5,17,23,9.537823029e-05,7.6295e-01,50.0023,2.291e-05,+1.103950268e-03,2.6961e-01
17,1,8,3,5,19,29,2.364093492e-04,4.5471e-01,50.0027,2.731e-05,-2.671119709e-04,7.8938e-01
17,1,9,3,5,23,31,5.617497720e-04,7.5666e-02,49.9970,2.989e-05,-1.062089112e-03,2.8820e-01
17,1,10,3,5,29,37,3.005089866e-04,3.4196e-01,50.0060,6.024e-05,-6.959900333e-05,9.4451e-01
17,1,11,3,5,31,41,4.147118348e-04,1.8971e-01,50.0021,2.109e-05,+5.776672798e-04,5.6349e-01
17,1,12,3,5,37,43,3.760653341e-05,9.0534e-01,50.0079,7.896e-05,-1.228630730e-05,9.9020e-01
17,1,13,3,5,41,47,2.039154297e-04,5.1903e-01,50.0042,4.225e-05,-1.086463172e-03,2.7727e-01
17,1,14,3,5,43,53,3.644678850e-04,2.4910e-01,50.0081,8.109e-05,+4.548720179e-04,6.4920e-01
17,1,15,3,5,47,59,8.889149590e-05,7.7863e-01,49.9892,1.077e-04,+1.343586117e-03,1.7908e-01
17,1,16,3,5,53,61,3.896133374e-04,2.1792e-01,49.9985,1.533e-05,-8.336214103e-04,4.0449e-01
17,1,17,3,5,59,67,3.634228037e-05,9.0851e-01,49.9952,4.781e-05,+6.465577522e-05,9.4845e-01
17,1,18,3,5,61,71,2.168181100e-05,9.4534e-01,50.0003,3.250e-06,+1.856770242e-03,6.3344e-02
17,1,19,3,5,67,73,1.690386449e-04,5.9296e-01,49.9977,2.320e-05,-5.474120572e-04,5.8410e-01
17,2,3,5,7,7,11,2.181530242e-04,4.9028e-01,50.0016,1.579e-05,+5.365042785e-04,5.9161e-01
17,2,4,5,7,8,13,2.706547452e-04,3.9206e-01,49.9983,1.669e-05,-4.863595410e-04,6.2671e-01
17,2,5,5,7,11,17,2.121225312e-04,5.0235e-01,50.0043,4.309e-05,+1.297424022e-03,1.9449e-01
17,2,6,5,7,13,19,3.288464568e-04,2.9838e-01,50.0038,3.795e-05,+8.768374388e-04,3.8057e-01
17,2,7,5,7,17,23,3.247093494e-04,3.0450e-01,49.9927,7.347e-05,-3.054621575e-04,7.6001e-01
17,2,8,5,7,19,29,7.041770651e-05,8.2378e-01,49.9941,5.912e-05,-1.510559145e-03,1.3090e-01
17,2,9,5,7,23,31,1.860460319e-04,5.5631e-01,50.0071,7.060e-05,+4.234247412e-04,6.7199e-01
17,2,10,5,7,29,37,1.123028384e-04,7.2249e-01,50.0109,1.092e-04,+1.406227614e-03,1.5966e-01
17,2,11,5,7,31,41,1.014895180e-04,7.4826e-01,49.9959,4.075e-05,-1.001432083e-04,9.2023e-01
17,2,12,5,7,37,43,1.390651447e-04,6.6011e-01,49.9938,6.190e-05,-5.922178772e-04,5.5370e-01
17,2,13,5,7,41,47,2.232784324e-05,9.4371e-01,49.9930,7.041e-05,+7.620081145e-04,4.4606e-01
17,2,14,5,7,43,53,5.933987643e-04,6.0588e-02,49.9980,2.010e-05,-4.131144546e-04,6.7952e-01
17,2,15,5,7,47,59,7.726158042e-05,8.0698e-01,50.0041,4.083e-05,+9.848385211e-04,3.2470e-01
17,2,16,5,7,53,61,6.529392650e-05,8.3642e-01,50.0072,7.189e-05,-1.242963985e-03,2.1388e-01
17,2,17,5,7,59,67,2.283326191e-05,9.4244e-01,50.0009,9.400e-06,+4.354022938e-04,6.6327e-01
17,2,18,5,7,61,71,4.323522758e-04,1.7156e-01,49.9969,3.149e-05,-4.799339258e-04,6.3127e-01
17,2,19,5,7,67,73,5.108661563e-05,8.7166e-01,50.0063,6.309e-05,+1.162676455e-03,2.4496e-01
17,3,4,7,11,8,13,3.581748541e-04,2.5736e-01,50.0031,3.138e-05,+9.224678159e-04,3.5628e-01
17,3,5,7,11,11,17,1.271415412e-04,6.8764e-01,49.9963,3.707e-05,-5.747873688e-05,9.5416e-01
17,3,6,7,11,13,19,1.589476966e-05,9.5991e-01,50.0069,6.944e-05,-1.380811693e-03,1.6734e-01
17,3,7,7,11,17,23,3.345381583e-04,2.9010e-01,50.0034,3.376e-05,-6.098499028e-04,5.4196e-01
17,3,8,7,11,19,29,6.039659990e-04,5.6145e-02,50.0048,4.809e-05,-7.864323140e-06,9.9373e-01
17,3,9,7,11,23,31,3.466627357e-04,2.7297e-01,50.0003,2.788e-06,-1.642464155e-03,1.0049e-01
17,3,10,7,11,29,37,3.187419605e-04,3.1348e-01,50.0017,1.711e-05,+2.996918406e-04,7.6441e-01
17,3,11,7,11,31,41,2.970778614e-04,3.4750e-01,50.0008,7.837e-06,+4.477034292e-04,6.5437e-01
17,3,12,7,11,37,43,3.113464223e-05,9.2157e-01,49.9982,1.786e-05,+1.099945504e-03,2.7136e-01
17,3,13,7,11,41,47,2.098330101e-04,5.0698e-01,50.0051,5.068e-05,-1.953581669e-04,8.4511e-01
17,3,14,7,11,43,53,2.275022286e-04,4.7188e-01,49.9986,1.396e-05,-1.567272281e-03,1.1705e-01
17,3,15,7,11,47,59,2.502429038e-04,4.2875e-01,50.0115,1.153e-04,+7.212335430e-04,4.7077e-01
17,3,16,7,11,53,61,2.124377719e-04,5.0172e-01,49.9844,1.560e-04,+2.595649919e-03,9.4412e-03
17,3,17,7,11,59,67,3.708902300e-04,2.4085e-01,49.9998,1.713e-06,-9.267167854e-04,3.5407e-01
17,3,18,7,11,61,71,1.118000606e-04,7.2368e-01,49.9964,3.643e-05,-1.153401711e-03,2.4875e-01
17,3,19,7,11,67,73,2.812931051e-04,3.7372e-01,50.0056,5.637e-05,-3.184564101e-04,7.5014e-01
17,4,5,8,13,11,17,5.055563081e-04,1.0989e-01,50.0058,5.825e-05,+2.264421099e-03,2.3548e-02
17,4,6,8,13,13,19,5.079472159e-04,1.0821e-01,50.0129,1.287e-04,-8.355017888e-05,9.3341e-01
17,4,7,8,13,17,23,4.011562999e-04,2.0460e-01,49.9997,3.437e-06,-1.687846318e-03,9.1441e-02
17,4,8,8,13,19,29,3.142128762e-05,9.2085e-01,49.9981,1.901e-05,-1.870619079e-03,6.1398e-02
17,4,9,8,13,23,31,2.619849730e-04,4.0740e-01,50.0059,5.946e-05,-5.438372257e-06,9.9566e-01
17,4,10,8,13,29,37,3.343441414e-04,2.9038e-01,50.0048,4.794e-05,+2.031231386e-03,4.2232e-02
17,4,11,8,13,31,41,4.924331651e-04,1.1942e-01,50.0028,2.801e-05,-5.709857000e-04,5.6801e-01
17,4,12,8,13,37,43,2.656809573e-04,4.0082e-01,49.9970,3.049e-05,+1.330513257e-03,1.8335e-01
17,4,13,8,13,41,47,4.987688545e-04,1.1474e-01,49.9991,9.225e-06,+4.056009261e-04,6.8504e-01
17,4,14,8,13,43,53,9.279472683e-05,7.6918e-01,50.0003,2.887e-06,-5.965185527e-04,5.5083e-01
17,4,15,8,13,47,59,9.415622917e-05,7.6590e-01,50.0008,8.438e-06,-6.465845617e-05,9.4845e-01
17,4,16,8,13,53,61,5.534857725e-06,9.8604e-01,50.0066,6.560e-05,-5.242580503e-04,6.0010e-01
17,4,17,8,13,59,67,4.069481952e-04,1.9814e-01,49.9976,2.416e-05,-2.586108551e-04,7.9594e-01
17,4,18,8,13,61,71,1.276609180e-04,6.8643e-01,49.9987,1.272e-05,+2.375832641e-03,1.7509e-02
17,4,19,8,13,67,73,2.390634645e-04,4.4966e-01,50.0045,4.472e-05,+9.405247180e-04,3.4695e-01
17,5,6,11,17,13,19,3.930581326e-04,2.1388e-01,50.0054,5.414e-05,-1.225594256e-03,2.2035e-01
17,5,7,11,17,17,23,1.412174377e-05,9.6438e-01,49.9952,4.769e-05,-6.696818914e-04,5.0306e-01
17,5,8,11,17,19,29,2.403324981e-04,4.4726e-01,49.9960,4.006e-05,-6.499956101e-04,5.1570e-01
17,5,9,11,17,23,31,2.760695319e-04,3.8266e-01,50.0028,2.784e-05,-1.349880238e-03,1.7705e-01
17,5,10,11,17,29,37,2.073833778e-04,5.1195e-01,49.9962,3.769e-05,+1.136498493e-03,2.5575e-01
17,5,11,11,17,31,41,9.189592955e-06,9.7682e-01,49.9976,2.404e-05,-1.521722617e-03,1.2808e-01
17,5,12,11,17,37,43,3.653736041e-04,2.4792e-01,50.0028,2.789e-05,-3.707492491e-04,7.1082e-01
17,5,13,11,17,41,47,1.705076000e-04,5.8975e-01,49.9971,2.900e-05,+6.952720067e-04,4.8688e-01
17,5,14,11,17,43,53,1.475589262e-04,6.4077e-01,49.9890,1.102e-04,+9.973305638e-04,3.1860e-01
17,5,15,11,17,47,59,8.047624672e-05,7.9912e-01,50.0021,2.126e-05,-1.627783951e-04,8.7069e-01
17,5,16,11,17,53,61,6.063866827e-04,5.5166e-02,49.9970,3.048e-05,-1.312490695e-03,1.8935e-01
17,5,17,11,17,59,67,3.487896141e-04,2.7004e-01,49.9948,5.166e-05,+3.117739551e-04,7.5521e-01
17,5,18,11,17,61,71,5.198159907e-05,8.6943e-01,50.0084,8.428e-05,+7.965819009e-04,4.2569e-01
17,5,19,11,17,67,73,2.596351075e-04,4.1162e-01,49.9920,7.950e-05,+3.672181045e-04,7.1346e-01
17,6,7,13,19,17,23,4.570105967e-04,1.4840e-01,50.0017,1.710e-05,+1.280983591e-03,2.0020e-01
17,6,8,13,19,19,29,5.235853003e-04,9.7778e-02,50.0093,9.325e-05,+3.866466190e-04,6.9902e-01
17,6,9,13,19,23,31,1.166971097e-04,7.1211e-01,50.0067,6.673e-05,-8.709242894e-04,3.8380e-01
17,6,10,13,19,29,37,4.791263499e-04,1.2974e-01,49.9992,8.150e-06,-1.583598247e-03,1.1329e-01
17,6,11,13,19,31,41,2.358061880e-04,4.5586e-01,49.9947,5.342e-05,-1.955646274e-03,5.0507e-02
17,6,12,13,19,37,43,4.546279632e-04,1.5053e-01,50.0088,8.810e-05,-1.789785908e-04,8.5795e-01
17,6,13,13,19,41,47,7.074790187e-04,2.5270e-02,50.0153,1.533e-04,+1.170905935e-03,2.4164e-01
17,6,14,13,19,43,53,2.610753476e-05,9.3420e-01,50.0010,1.020e-05,-2.262576057e-04,8.2100e-01
17,6,15,13,19,47,59,3.377700662e-04,2.8547e-01,50.0077,7.715e-05,+4.240126443e-04,6.7156e-01
17,6,16,13,19,53,61,2.058003104e-04,5.1518e-01,50.0009,9.262e-06,+1.713678444e-03,8.6588e-02
17,6,17,13,19,59,67,4.219744771e-04,1.8207e-01,49.9983,1.652e-05,-1.580198110e-03,1.1406e-01
17,6,18,13,19,61,71,4.779158052e-05,8.7987e-01,49.9955,4.506e-05,+1.500792029e-03,1.3341e-01
17,6,19,13,19,67,73,2.356459964e-04,4.5616e-01,50.0055,5.549e-05,-6.156003631e-04,5.3816e-01
17,7,8,17,23,19,29,4.782153190e-04,1.3047e-01,49.9992,7.775e-06,-2.086373006e-03,3.6945e-02
17,7,9,17,23,23,31,2.694825153e-04,3.9412e-01,49.9997,2.600e-06,+2.418887555e-04,8.0887e-01
17,7,10,17,23,29,37,8.268242225e-05,7.9373e-01,50.0005,4.600e-06,+9.846583964e-05,9.2156e-01
17,7,11,17,23,31,41,2.536902797e-04,4.2241e-01,50.0079,7.868e-05,+8.959008404e-04,3.7031e-01
17,7,12,17,23,37,43,1.332217021e-04,6.7355e-01,50.0023,2.313e-05,-1.126582749e-03,2.5992e-01
17,7,13,17,23,41,47,2.487488668e-05,9.3730e-01,49.9945,5.481e-05,+1.558329071e-03,1.1916e-01
17,7,14,17,23,43,53,3.688684114e-04,2.4343e-01,50.0047,4.682e-05,-4.305103652e-04,6.6682e-01
17,7,15,17,23,47,59,2.759915694e-04,3.8279e-01,49.9958,4.173e-05,+4.501210691e-05,9.6410e-01
17,7,16,17,23,53,61,1.787557063e-04,5.7189e-01,50.0032,3.174e-05,+5.931113901e-04,5.5311e-01
17,7,17,17,23,59,67,6.446583472e-05,8.3846e-01,50.0005,5.500e-06,-6.228676724e-04,5.3337e-01
17,7,18,17,23,61,71,1.737841297e-04,5.8263e-01,50.0064,6.424e-05,+9.990017259e-04,3.1779e-01
17,7,19,17,23,67,73,1.213647719e-04,7.0113e-01,49.9911,8.856e-05,+1.165191310e-03,2.4394e-01
17,8,9,19,29,23,31,2.505701616e-04,4.2814e-01,50.0037,3.697e-05,-9.253135128e-04,3.5480e-01
17,8,10,19,29,29,37,1.431277212e-04,6.5083e-01,50.0012,1.230e-05,+9.003146242e-05,9.2826e-01
17,8,11,19,29,31,41,1.035950502e-04,7.4322e-01,49.9998,2.475e-06,+2.067836390e-04,8.3618e-01
17,8,12,19,29,37,43,2.911809837e-04,3.5716e-01,50.0007,6.975e-06,-2.093957278e-04,8.3414e-01
17,8,13,19,29,41,47,4.871712644e-05,8.7756e-01,49.9983,1.734e-05,+9.494481068e-04,3.4239e-01
17,8,14,19,29,43,53,1.153363115e-04,7.1532e-01,50.0058,5.753e-05,+4.721200578e-05,9.6234e-01
17,8,15,19,29,47,59,2.661457919e-04,4.0000e-01,50.0014,1.400e-05,-4.453364420e-04,6.5608e-01
17,8,16,19,29,53,61,8.996742250e-05,7.7603e-01,49.9912,8.819e-05,+1.582148086e-03,1.1362e-01
17,8,17,19,29,59,67,5.234074430e-04,9.7892e-02,50.0052,5.177e-05,-1.655664651e-03,9.7790e-02
17,8,18,19,29,61,71,2.108931324e-05,9.4683e-01,50.0024,2.384e-05,+7.182151643e-04,4.7262e-01
17,8,19,19,29,67,73,3.083613989e-04,3.2950e-01,49.9992,7.887e-06,+7.136616679e-04,4.7544e-01
17,9,10,23,31,29,37,7.085024451e-04,2.5060e-02,49.9993,6.950e-06,-2.219338093e-04,8.2437e-01
17,9,11,23,31,31,41,7.812491745e-05,8.0487e-01,50.0008,7.875e-06,+3.910510743e-04,6.9576e-01
17,9,12,23,31,37,43,3.708212672e-04,2.4094e-01,49.9887,1.129e-04,+1.320398388e-03,1.8670e-01
17,9,13,23,31,41,47,1.927510488e-04,5.4217e-01,50.0037,3.651e-05,-2.557637278e-04,7.9813e-01
17,9,14,23,31,43,53,4.324781387e-05,8.9122e-01,50.0050,4.975e-05,+7.375641875e-04,4.6078e-01
17,9,15,23,31,47,59,5.154987195e-04,1.0307e-01,50.0006,5.650e-06,+3.494071155e-04,7.2678e-01
17,9,16,23,31,53,61,9.980940051e-05,7.5229e-01,49.9940,6.016e-05,+8.373654702e-04,4.0239e-01
17,9,17,23,31,59,67,1.289573791e-05,9.6747e-01,50.0026,2.608e-05,+2.478367846e-03,1.3198e-02
17,9,18,23,31,61,71,8.400146628e-04,7.8989e-03,50.0023,2.299e-05,+9.153252036e-04,3.6002e-01
17,9,19,23,31,67,73,1.696010966e-05,9.5723e-01,50.0039,3.939e-05,+1.208916080e-04,9.0378e-01
17,10,11,29,37,31,41,1.084809253e-04,7.3156e-01,50.0065,6.550e-05,-1.724790871e-03,8.4565e-02
17,10,12,29,37,37,43,8.499192885e-04,7.1950e-03,49.9973,2.718e-05,+3.191538388e-03,1.4152e-03
17,10,13,29,37,41,47,3.640177001e-04,2.4968e-01,50.0019,1.944e-05,+1.678467923e-04,8.6670e-01
17,10,14,29,37,43,53,2.424620899e-04,4.4324e-01,49.9994,5.775e-06,+4.902238753e-04,6.2398e-01
17,10,15,29,37,47,59,2.180761486e-04,4.9043e-01,49.9899,1.012e-04,+1.203106190e-03,2.2894e-01
17,10,16,29,37,53,61,2.667017192e-05,9.3279e-01,50.0003,3.313e-06,-1.260361507e-03,2.0754e-01
17,10,17,29,37,59,67,2.655523422e-04,4.0105e-01,49.9979,2.125e-05,-4.431088513e-04,6.5769e-01
17,10,18,29,37,61,71,2.513612081e-04,4.2669e-01,50.0110,1.096e-04,+3.163016261e-04,7.5177e-01
17,10,19,29,37,67,73,1.452439808e-04,6.4602e-01,50.0013,1.254e-05,+1.769998236e-04,8.5951e-01
17,11,12,31,41,37,43,4.227346263e-04,1.8129e-01,50.0127,1.266e-04,+1.345776215e-03,1.7837e-01
17,11,13,31,41,41,47,6.624267859e-05,8.3408e-01,49.9953,4.731e-05,+7.766856751e-04,4.3734e-01
17,11,14,31,41,43,53,4.739569525e-04,1.3393e-01,49.9970,2.967e-05,-1.656078048e-03,9.7706e-02
17,11,15,31,41,47,59,1.114974971e-04,7.2440e-01,50.0033,3.335e-05,-7.690055021e-04,4.4189e-01
17,11,16,31,41,53,61,4.919807300e-05,8.7637e-01,49.9962,3.811e-05,-5.276323010e-05,9.5792e-01
17,11,17,31,41,59,67,4.590808082e-04,1.4657e-01,50.0038,3.850e-05,-1.987852392e-03,4.6828e-02
17,11,18,31,41,61,71,2.344657348e-04,4.5842e-01,50.0014,1.376e-05,-2.481422653e-04,8.0402e-01
17,11,19,31,41,67,73,2.136614592e-04,4.9926e-01,49.9965,3.499e-05,+1.216040590e-03,2.2397e-01
17,12,13,37,43,41,47,4.361530099e-04,1.6782e-01,49.9939,6.099e-05,-1.478373801e-03,1.3931e-01
17,12,14,37,43,43,53,7.931560288e-05,8.0195e-01,49.9947,5.302e-05,+1.351224767e-04,8.9252e-01
17,12,15,37,43,47,59,6.359171757e-04,4.4331e-02,50.0038,3.833e-05,-4.914180166e-04,6.2313e-01
17,12,16,37,43,53,61,1.307061348e-05,9.6703e-01,49.9963,3.746e-05,-1.210219818e-03,2.2619e-01
17,12,17,37,43,59,67,3.538860528e-04,2.6310e-01,50.0057,5.715e-05,-1.167945350e-03,2.4283e-01
17,12,18,37,43,61,71,1.531612537e-04,6.2815e-01,50.0000,8.750e-08,-8.945807701e-04,3.7101e-01
17,12,19,37,43,67,73,1.965130572e-04,5.3432e-01,50.0055,5.489e-05,+1.562071541e-03,1.1827e-01
17,13,14,41,47,43,53,1.786608781e-04,5.7209e-01,49.9899,1.012e-04,+2.293401847e-03,2.1825e-02
17,13,15,41,47,47,59,1.268731545e-05,9.6800e-01,49.9993,6.787e-06,+7.637705928e-04,4.4500e-01
17,13,16,41,47,53,61,1.247434591e-04,6.9323e-01,50.0050,5.023e-05,+7.073381091e-04,4.7936e-01
17,13,17,41,47,59,67,1.033446998e-03,1.0829e-03,49.9976,2.364e-05,-5.230936601e-04,6.0091e-01
17,13,18,41,47,61,71,6.154448761e-04,5.1630e-02,49.9904,9.630e-05,+4.895621460e-04,6.2444e-01
17,13,19,41,47,67,73,1.268231521e-04,6.8838e-01,50.0069,6.867e-05,-1.625951887e-04,8.7084e-01
17,14,15,43,53,47,59,3.750688036e-04,2.3559e-01,49.9925,7.500e-05,+3.748600051e-04,7.0776e-01
17,14,16,43,53,53,61,3.482629024e-04,2.7076e-01,50.0039,3.876e-05,+1.189125180e-03,2.3439e-01
17,14,17,43,53,59,67,1.559283817e-04,6.2195e-01,50.0003,3.225e-06,-3.781600558e-04,7.0531e-01
17,14,18,43,53,61,71,3.775263878e-05,9.0497e-01,49.9903,9.666e-05,+4.938350198e-04,6.2142e-01
17,14,19,43,53,67,73,1.896903763e-04,5.4860e-01,50.0016,1.584e-05,-6.898301549e-04,4.9030e-01
17,15,16,47,59,53,61,7.921057600e-05,8.0221e-01,50.0057,5.699e-05,-1.402117929e-03,1.6088e-01
17,15,17,47,59,59,67,1.316087615e-04,6.7728e-01,49.9953,4.712e-05,-3.426778435e-04,7.3184e-01
17,15,18,47,59,61,71,1.944096226e-04,5.3870e-01,49.9978,2.169e-05,-1.246424061e-03,2.1261e-01
17,15,19,47,59,67,73,1.023668484e-04,7.4616e-01,50.0071,7.074e-05,+6.127471357e-04,5.4004e-01
17,16,17,53,61,59,67,2.136291086e-04,4.9932e-01,49.9971,2.864e-05,-9.834304379e-04,3.2540e-01
17,16,18,53,61,61,71,3.247593672e-05,9.1820e-01,49.9955,4.533e-05,-4.204104227e-04,6.7419e-01
17,16,19,53,61,67,73,1.521758956e-04,6.3036e-01,49.9990,1.030e-05,+7.006911511e-04,4.8350e-01
17,17,18,59,67,61,71,1.010916526e-04,7.4921e-01,50.0011,1.139e-05,+6.444892122e-04,5.1926e-01
17,17,19,59,67,67,73,2.749752375e-04,3.8455e-01,50.0073,7.316e-05,-1.466320552e-04,8.8342e-01
17,18,19,61,71,67,73,3.489888511e-04,2.6977e-01,50.0047,4.673e-05,-6.442761513e-04,5.1940e-01
18,0,1,2,3,3,5,1.829394634e-04,5.6292e-01,49.9980,1.962e-05,+9.676728654e-04,3.3321e-01
18,0,2,2,3,5,7,1.066822154e-04,7.3585e-01,50.0019,1.937e-05,+7.043295824e-04,4.8123e-01
18,0,3,2,3,7,11,1.823522488e-04,5.6418e-01,49.9984,1.569e-05,+6.940724348e-04,4.8764e-01
18,0,4,2,3,8,13,1.854481330e-04,5.5758e-01,50.0039,3.949e-05,+1.738133929e-04,8.6201e-01
18,0,5,2,3,11,17,2.002232629e-04,5.2663e-01,50.0066,6.577e-05,+6.537490072e-04,5.1327e-01
18,0,6,2,3,13,19,5.389456284e-04,8.8326e-02,50.0053,5.288e-05,-2.532560384e-04,8.0007e-01
18,0,7,2,3,17,23,2.960041208e-04,3.4925e-01,49.9959,4.148e-05,+1.864097355e-03,6.2308e-02
18,0,8,2,3,19,29,5.588337265e-04,7.7197e-02,50.0058,5.849e-05,-8.677626172e-04,3.8552e-01
18,0,9,2,3,23,31,1.132452292e-04,7.2026e-01,49.9987,1.269e-05,+1.411962111e-03,1.5796e-01
18,0,10,2,3,29,37,5.374460800e-04,8.9215e-02,50.0087,8.725e-05,-9.233826164e-04,3.5581e-01
18,0,11,2,3,31,41,4.587369574e-04,1.4688e-01,49.9998,1.963e-06,-4.258310565e-04,6.7023e-01
18,0,12,2,3,37,43,3.844712525e-04,2.2406e-01,49.9902,9.779e-05,+6.417337486e-04,5.2105e-01
18,0,13,2,3,41,47,2.549779991e-04,4.2006e-01,49.9937,6.290e-05,-2.341731954e-04,8.1485e-01
18,0,14,2,3,43,53,4.406169076e-04,1.6351e-01,50.0009,9.437e-06,+5.129497152e-04,6.0799e-01
18,0,15,2,3,47,59,3.325973128e-04,2.9291e-01,49.9937,6.319e-05,+1.083105437e-04,9.1375e-01
18,0,16,2,3,53,61,2.000167780e-04,5.2705e-01,50.0088,8.799e-05,-1.001321602e-03,3.1667e-01
18,0,17,2,3,59,67,1.541444894e-04,6.2594e-01,49.9914,8.629e-05,+2.071979660e-03,3.8267e-02
18,0,18,2,3,61,71,1.676044035e-04,5.9610e-01,50.0064,6.432e-05,-3.988503744e-04,6.9000e-01
18,0,19,2,3,67,73,2.840312969e-04,3.6909e-01,50.0045,4.496e-05,+1.439102792e-04,8.8557e-01
18,1,2,3,5,5,7,1.371586856e-04,6.6448e-01,49.9997,3.400e-06,-2.776132510e-04,7.8131e-01
18,1,3,3,5,7,11,6.526299710e-05,8.3649e-01,50.0088,8.844e-05,-1.702060628e-04,8.6485e-01
18,1,4,3,5,8,13,3.667614790e-04,2.4613e-01,49.9938,6.194e-05,-1.123568641e-03,2.6120e-01
18,1,5,3,5,11,17,1.119619435e-04,7.2330e-01,49.9977,2.305e-05,-3.426333416e-04,7.3187e-01
18,1,6,3,5,13,19,1.240656198e-05,9.6870e-01,50.0007,6.750e-06,+1.528871276e-03,1.2630e-01
18,1,7,3,5,17,23,4.075538820e-04,1.9747e-01,50.0044,4.437e-05,-1.195791120e-03,2.3178e-01
18,1,8,3,5,19,29,8.735497819e-06,9.7796e-01,50.0082,8.174e-05,-1.038207116e-03,2.9917e-01
18,1,9,3,5,23,31,2.394232466e-04,4.4898e-01,49.9997,3.437e-06,+4.767534588e-04,6.3354e-01
18,1,10,3,5,29,37,1.485907934e-04,6.3844e-01,50.0057,5.732e-05,-2.449302697e-04,8.0651e-01
18,1,11,3,5,31,41,1.609238632e-05,9.5941e-01,50.0052,5.246e-05,-1.266599798e-03,2.0530e-01
18,1,12,3,5,37,43,8.837280118e-05,7.7989e-01,50.0033,3.276e-05,-2.658027089e-04,7.9039e-01
18,1,13,3,5,41,47,1.907039887e-04,5.4647e-01,49.9976,2.410e-05,-8.103518824e-04,4.1774e-01
18,1,14,3,5,43,53,3.786456282e-04,2.3116e-01,49.9962,3.834e-05,+9.097317805e-04,3.6296e-01
18,1,15,3,5,47,59,1.518032207e-04,6.3120e-01,49.9985,1.529e-05,+7.155890946e-04,4.7425e-01
18,1,16,3,5,53,61,9.290017591e-04,3.3059e-03,49.9906,9.441e-05,+1.605755978e-03,1.0833e-01
18,1,17,3,5,59,67,2.912909798e-04,3.5698e-01,50.0078,7.761e-05,+2.480127471e-05,9.8021e-01
18,1,18,3,5,61,71,1.989940424e-04,5.2917e-01,49.9952,4.837e-05,-1.359742411e-03,1.7391e-01
18,1,19,3,5,67,73,3.038741992e-04,3.3659e-01,49.9964,3.579e-05,-4.477727356e-05,9.6428e-01
18,2,3,5,7,7,11,2.928422206e-04,3.5442e-01,50.0080,7.974e-05,+3.760890684e-05,9.7000e-01
18,2,4,5,7,8,13,2.114256505e-04,5.0376e-01,49.9923,7.686e-05,+2.414407646e-04,8.0921e-01
18,2,5,5,7,11,17,2.063122984e-04,5.1413e-01,49.9951,4.920e-05,+1.172658248e-03,2.4093e-01
18,2,6,5,7,13,19,6.309836825e-05,8.4184e-01,50.0057,5.742e-05,-7.461613182e-04,4.5557e-01
18,2,7,5,7,17,23,7.956748293e-05,8.0134e-01,49.9982,1.832e-05,+1.933253505e-03,5.3205e-02
18,2,8,5,7,19,29,3.697364546e-04,2.4232e-01,49.9894,1.060e-04,-5.922818955e-06,9.9527e-01
18,2,9,5,7,23,31,5.095744424e-04,1.0709e-01,49.9954,4.596e-05,+4.739685870e-04,6.3552e-01
18,2,10,5,7,29,37,1.780151485e-04,5.7348e-01,50.0112,1.116e-04,-2.014669272e-03,4.3939e-02
18,2,11,5,7,31,41,9.841575365e-05,7.5563e-01,50.0031,3.146e-05,+1.105355306e-03,2.6901e-01
18,2,12,5,7,37,43,2.335530780e-04,4.6017e-01,49.9972,2.771e-05,-8.794928518e-04,3.7913e-01
18,2,13,5,7,41,47,2.229172570e-04,4.8086e-01,49.9916,8.432e-05,-2.368233930e-04,8.1279e-01
18,2,14,5,7,43,53,2.694804675e-04,3.9412e-01,49.9943,5.676e-05,+7.293998817e-04,4.6576e-01
18,2,15,5,7,47,59,2.262686732e-04,4.7429e-01,50.0009,9.363e-06,-8.041521292e-04,4.2131e-01
18,2,16,5,7,53,61,8.534985903e-06,9.7847e-01,50.0066,6.579e-05,+2.447953744e-04,8.0661e-01
18,2,17,5,7,59,67,2.078304798e-04,5.1104e-01,50.0085,8.549e-05,+5.115826000e-04,6.0894e-01
18,2,18,5,7,61,71,1.945315040e-04,5.3845e-01,49.9988,1.240e-05,-6.353693573e-04,5.2519e-01
18,2,19,5,7,67,73,9.993782473e-05,7.5198e-01,49.9953,4.746e-05,-1.585808400e-03,1.1278e-01
18,3,4,7,11,8,13,3.863977559e-05,9.0275e-01,49.9936,6.390e-05,-3.826410913e-04,7.0199e-01
18,3,5,7,11,11,17,8.586467073e-05,7.8599e-01,49.9915,8.509e-05,-5.278139622e-04,5.9763e-01
18,3,6,7,11,13,19,1.786633522e-04,5.7209e-01,50.0059,5.936e-05,-8.838613668e-04,3.7677e-01
18,3,7,7,11,17,23,2.975509183e-05,9.2503e-01,49.9988,1.189e-05,-6.985386030e-04,4.8484e-01
18,3,8,7,11,19,29,6.450081731e-04,4.1381e-02,50.0030,3.040e-05,-3.636635103e-04,7.1611e-01
18,3,9,7,11,23,31,3.335404007e-04,2.9154e-01,50.0012,1.190e-05,-1.067000270e-03,2.8597e-01
18,3,10,7,11,29,37,3.310242037e-04,2.9520e-01,50.0009,9.337e-06,+3.757841334e-04,7.0708e-01
18,3,11,7,11,31,41,1.845940065e-04,5.5940e-01,49.9964,3.600e-05,+1.665682951e-03,9.5777e-02
18,3,12,7,11,37,43,2.846915341e-04,3.6797e-01,50.0073,7.320e-05,-2.986844457e-04,7.6518e-01
18,3,13,7,11,41,47,4.756353552e-04,1.3256e-01,49.9968,3.226e-05,-1.243131252e-03,2.1382e-01
18,3,14,7,11,43,53,4.597064223e-04,1.4602e-01,49.9991,8.825e-06,+2.060165462e-04,8.3678e-01
18,3,15,7,11,47,59,3.424513104e-04,2.7884e-01,50.0043,4.345e-05,-8.316417248e-04,4.0561e-01
18,3,16,7,11,53,61,6.400366158e-05,8.3961e-01,50.0008,7.675e-06,-5.125958154e-04,6.0823e-01
18,3,17,7,11,59,67,4.681992518e-05,8.8230e-01,49.9994,6.225e-06,+1.591188113e-03,1.1157e-01
18,3,18,7,11,61,71,5.856662828e-05,8.5307e-01,50.0019,1.939e-05,+6.119409452e-04,5.4058e-01
18,3,19,7,11,67,73,3.528279802e-04,2.6453e-01,49.9950,5.045e-05,+1.031343307e-04,9.1786e-01
18,4,5,8,13,11,17,4.026415093e-04,2.0292e-01,49.9982,1.804e-05,-8.553759325e-04,3.9234e-01
18,4,6,8,13,13,19,4.540437076e-04,1.5106e-01,49.9934,6.591e-05,+4.821940979e-04,6.2967e-01
18,4,7,8,13,17,23,3.928439660e-04,2.1413e-01,50.0086,8.636e-05,+5.076425952e-04,6.1170e-01
18,4,8,8,13,19,29,2.928104978e-04,3.5447e-01,50.0026,2.632e-05,-1.379833095e-04,8.9025e-01
18,4,9,8,13,23,31,2.624720987e-04,4.0653e-01,50.0054,5.352e-05,+3.056751595e-04,7.5985e-01
18,4,10,8,13,29,37,1.174137458e-04,7.1042e-01,50.0012,1.244e-05,+2.933487873e-04,7.6926e-01
18,4,11,8,13,31,41,1.450120410e-04,6.4654e-01,50.0024,2.370e-05,-6.130652893e-04,5.3983e-01
18,4,12,8,13,37,43,4.637772986e-05,8.8340e-01,49.9949,5.057e-05,-4.660072083e-05,9.6283e-01
18,4,13,8,13,41,47,2.431248743e-04,4.4200e-01,49.9992,7.537e-06,+1.734356837e-04,8.6231e-01
18,4,14,8,13,43,53,1.192358376e-07,9.9970e-01,49.9990,9.500e-06,+1.937554584e-04,8.4637e-01
18,4,15,8,13,47,59,5.003508516e-04,1.1359e-01,50.0012,1.238e-05,-6.799604019e-04,4.9653e-01
18,4,16,8,13,53,61,4.678573479e-05,8.8238e-01,49.9966,3.365e-05,+1.332065460e-03,1.8284e-01
18,4,17,8,13,59,67,7.274593140e-05,8.1806e-01,50.0034,3.427e-05,-3.794323097e-04,7.0437e-01
18,4,18,8,13,61,71,1.876999149e-04,5.5281e-01,49.9884,1.161e-04,-1.309701041e-03,1.9030e-01
18,4,19,8,13,67,73,2.122667323e-04,5.0206e-01,49.9984,1.615e-05,-1.162771452e-04,9.0743e-01
18,5,6,11,17,13,19,2.383299185e-04,4.5105e-01,49.9980,2.010e-05,+1.969777197e-04,8.4384e-01
18,5,7,11,17,17,23,1.659188671e-04,5.9980e-01,49.9967,3.347e-05,+1.063153181e-03,2.8771e-01
18,5,8,11,17,19,29,4.854483244e-04,1.2475e-01,50.0040,3.959e-05,+2.946014119e-04,7.6830e-01
18,5,9,11,17,23,31,1.779219938e-04,5.7368e-01,50.0066,6.621e-05,+5.597563685e-04,5.7565e-01
18,5,10,11,17,29,37,8.829941902e-04,5.2339e-03,50.0006,5.525e-06,-7.271322238e-04,4.6714e-01
18,5,11,11,17,31,41,4.734665140e-04,1.3433e-01,50.0106,1.055e-04,-4.034036106e-04,6.8665e-01
18,5,12,11,17,37,43,1.626139247e-04,6.0709e-01,50.0065,6.456e-05,+3.190718749e-04,7.4967e-01
18,5,13,11,17,41,47,2.184302365e-04,4.8973e-01,50.0005,4.975e-06,-1.641016464e-04,8.6965e-01
18,5,14,11,17,43,53,2.914672394e-04,3.5668e-01,49.9952,4.846e-05,+1.363279210e-03,1.7279e-01
18,5,15,11,17,47,59,4.244527586e-04,1.7952e-01,49.9893,1.072e-04,+1.069630778e-03,2.8479e-01
18,5,16,11,17,53,61,1.158061233e-04,7.1421e-01,49.9950,4.984e-05,-6.428379212e-04,5.2033e-01
18,5,17,11,17,59,67,7.435456127e-04,1.8708e-02,50.0002,1.563e-06,+5.776798468e-04,5.6348e-01
18,5,18,11,17,61,71,2.745611840e-04,3.8526e-01,49.9939,6.068e-05,+1.916649407e-03,5.5282e-02
18,5,19,11,17,67,73,9.695126124e-05,7.5916e-01,50.0073,7.321e-05,+1.027029965e-03,3.0441e-01
18,6,7,13,19,17,23,1.200765618e-05,9.6971e-01,50.0011,1.140e-05,+1.159500738e-03,2.4625e-01
18,6,8,13,19,19,29,1.772605975e-04,5.7511e-01,50.0007,7.362e-06,-8.437944452e-04,3.9878e-01
18,6,9,13,19,23,31,3.602202819e-04,2.5465e-01,50.0043,4.296e-05,-3.182846059e-04,7.5027e-01
18,6,10,13,19,29,37,3.837543540e-04,2.2492e-01,50.0126,1.258e-04,+5.019618936e-04,6.1569e-01
18,6,11,13,19,31,41,5.121518934e-05,8.7134e-01,49.9965,3.549e-05,+1.725251931e-04,8.6302e-01
18,6,12,13,19,37,43,1.808876624e-04,5.6731e-01,50.0048,4.761e-05,+5.731002476e-04,5.6658e-01
18,6,13,13,19,41,47,4.029292992e-04,2.0260e-01,50.0038,3.775e-05,+3.395110261e-04,7.3422e-01
18,6,14,13,19,43,53,1.096219981e-04,7.2885e-01,49.9994,5.763e-06,+8.218949055e-04,4.1114e-01
18,6,15,13,19,47,59,1.274717189e-04,6.8687e-01,50.0045,4.544e-05,-1.873657032e-03,6.0978e-02
18,6,16,13,19,53,61,2.320560955e-04,4.6305e-01,49.9994,5.763e-06,+1.346813548e-03,1.7804e-01
18,6,17,13,19,59,67,1.047788205e-04,7.4039e-01,50.0025,2.484e-05,-3.493760304e-04,7.2681e-01
18,6,18,13,19,61,71,3.098979055e-04,3.2709e-01,50.0042,4.240e-05,+4.958400677e-04,6.2001e-01
18,6,19,13,19,67,73,2.837642801e-04,3.6954e-01,50.0027,2.661e-05,+5.790989697e-04,5.6252e-01
18,7,8,17,23,19,29,3.914156429e-04,2.1580e-01,50.0007,6.562e-06,+5.926757579e-04,5.5340e-01
18,7,9,17,23,23,31,1.113350122e-04,7.2478e-01,49.9979,2.136e-05,+2.609091798e-03,9.0783e-03
18,7,10,17,23,29,37,5.765084000e-04,6.8291e-02,50.0131,1.305e-04,-3.661752295e-04,7.1423e-01
18,7,11,17,23,31,41,4.314761984e-05,8.9147e-01,50.0049,4.934e-05,+1.877822738e-03,6.0405e-02
18,7,12,17,23,37,43,1.898659974e-04,5.4823e-01,49.9927,7.271e-05,+2.977556929e-04,7.6589e-01
18,7,13,17,23,41,47,2.511320290e-04,4.2711e-01,49.9968,3.212e-05,-3.686267956e-04,7.1241e-01
18,7,14,17,23,43,53,1.461621474e-04,6.4393e-01,50.0054,5.406e-05,+5.295195770e-05,9.5777e-01
18,7,15,17,23,47,59,2.012010721e-04,5.2461e-01,49.9990,9.687e-06,-1.811634036e-03,7.0043e-02
18,7,16,17,23,53,61,4.451310432e-05,8.8806e-01,50.0114,1.141e-04,+7.859484606e-04,4.3190e-01
18,7,17,17,23,59,67,9.856001434e-06,9.7514e-01,49.9981,1.876e-05,+8.701789978e-05,9.3066e-01
18,7,18,17,23,61,71,3.945792835e-04,2.1212e-01,49.9980,2.015e-05,+5.002536957e-04,6.1690e-01
18,7,19,17,23,67,73,8.496237301e-05,7.8818e-01,50.0053,5.284e-05,+1.653598182e-03,9.8209e-02
18,8,9,19,29,23,31,3.908007872e-04,2.1653e-01,50.0030,2.972e-05,-5.614267073e-04,5.7451e-01
18,8,10,19,29,29,37,1.388689508e-04,6.6056e-01,49.9872,1.278e-04,+2.376859538e-04,8.1212e-01
18,8,11,19,29,31,41,7.875346331e-04,1.2760e-02,50.0054,5.430e-05,-9.836308571e-04,3.2530e-01
18,8,12,19,29,37,43,1.221300876e-04,6.9934e-01,50.0001,1.275e-06,+2.231473466e-04,8.2342e-01
18,8,13,19,29,41,47,3.411002088e-04,2.8074e-01,50.0006,6.263e-06,-1.936862144e-03,5.2762e-02
18,8,14,19,29,43,53,9.535550696e-06,9.7594e-01,50.0060,6.020e-05,+1.110591984e-03,2.6674e-01
18,8,15,19,29,47,59,3.379061655e-04,2.8527e-01,50.0024,2.435e-05,-5.426780715e-04,5.8735e-01
18,8,16,19,29,53,61,9.654865743e-05,7.6013e-01,50.0013,1.292e-05,+1.041262140e-03,2.9775e-01
18,8,17,19,29,59,67,6.019425295e-05,8.4903e-01,50.0044,4.353e-05,+1.265620495e-03,2.0565e-01
18,8,18,19,29,61,71,5.276399915e-05,8.6748e-01,50.0078,7.791e-05,+5.498997118e-04,5.8239e-01
18,8,19,19,29,67,73,5.450718880e-05,8.6315e-01,50.0025,2.523e-05,-5.392050367e-04,5.8975e-01
18,9,10,23,31,29,37,2.080263867e-04,5.1064e-01,49.9973,2.699e-05,-6.510603665e-04,5.1501e-01
18,9,11,23,31,31,41,3.826363892e-04,2.2628e-01,50.0008,8.325e-06,-1.052907967e-03,2.9238e-01
18,9,12,23,31,37,43,3.129351873e-04,3.2238e-01,49.9957,4.263e-05,+3.250897452e-04,7.4511e-01
18,9,13,23,31,41,47,5.191652274e-04,1.0064e-01,49.9896,1.045e-04,+1.632716493e-03,1.0253e-01
18,9,14,23,31,43,53,3.527075885e-05,9.1119e-01,49.9918,8.165e-05,-3.839934488e-04,7.0098e-01
18,9,15,23,31,47,59,2.973609872e-04,3.4704e-01,49.9999,9.500e-07,-1.189580163e-03,2.3421e-01
18,9,16,23,31,53,61,5.029692209e-04,1.1172e-01,50.0084,8.365e-05,+1.759080693e-03,7.8564e-02
18,9,17,23,31,59,67,2.091450251e-04,5.0837e-01,49.9964,3.625e-05,-4.716510928e-04,6.3718e-01
18,9,18,23,31,61,71,1.236071156e-04,6.9589e-01,49.9978,2.171e-05,-6.792001508e-05,9.4585e-01
18,9,19,23,31,67,73,1.335221239e-04,6.7285e-01,49.9936,6.392e-05,-7.977765939e-04,4.2500e-01
18,10,11,29,37,31,41,2.355034937e-04,4.5644e-01,49.9865,1.354e-04,-5.898694340e-05,9.5296e-01
18,10,12,29,37,37,43,1.375652783e-04,6.6355e-01,49.9968,3.224e-05,+7.374797983e-04,4.6083e-01
18,10,13,29,37,41,47,4.497903635e-05,8.8689e-01,49.9984,1.595e-05,+1.018150373e-03,3.0861e-01
18,10,14,29,37,43,53,3.067244333e-05,9.2273e-01,49.9880,1.196e-04,+1.149950759e-04,9.0845e-01
18,10,15,29,37,47,59,8.505213775e-04,7.1541e-03,50.0089,8.934e-05,+7.390865977e-04,4.5985e-01
18,10,16,29,37,53,61,2.568357349e-04,4.1668e-01,50.0076,7.649e-05,+9.906539611e-05,9.2109e-01
18,10,17,29,37,59,67,2.146675308e-04,4.9724e-01,49.9930,7.036e-05,-1.020134166e-03,3.0766e-01
18,10,18,29,37,61,71,1.260763338e-04,6.9012e-01,49.9976,2.398e-05,+1.301700572e-03,1.9302e-01
18,10,19,29,37,67,73,9.717029203e-05,7.5863e-01,50.0048,4.824e-05,+6.210071712e-04,5.3459e-01
18,11,12,31,41,37,43,1.896017049e-04,5.4879e-01,50.0078,7.765e-05,+8.768186576e-04,3.8059e-01
18,11,13,31,41,41,47,3.329202611e-04,2.9244e-01,49.9943,5.731e-05,-1.057583674e-03,2.9025e-01
18,11,14,31,41,43,53,6.536344937e-04,3.8737e-02,50.0024,2.393e-05,+1.274220386e-04,8.9861e-01
18,11,15,31,41,47,59,1.394191330e-05,9.6483e-01,50.0035,3.480e-05,+3.485112085e-04,7.2746e-01
18,11,16,31,41,53,61,8.462801467e-05,7.8899e-01,49.9873,1.271e-04,-7.958544741e-04,4.2612e-01
18,11,17,31,41,59,67,2.218156075e-04,4.8303e-01,50.0064,6.360e-05,-3.004149522e-05,9.7603e-01
18,11,18,31,41,61,71,3.916252896e-04,2.1556e-01,50.0051,5.146e-05,+9.838640892e-05,9.2163e-01
18,11,19,31,41,67,73,5.735884909e-05,8.5607e-01,49.9979,2.115e-05,+2.446493704e-04,8.0673e-01
18,12,13,37,43,41,47,4.171883192e-04,1.8708e-01,49.9949,5.091e-05,-1.469393596e-03,1.4173e-01
18,12,14,37,43,43,53,5.755752379e-04,6.8739e-02,50.0028,2.760e-05,+1.641600955e-04,8.6961e-01
18,12,15,37,43,47,59,3.865568304e-04,2.2156e-01,49.9984,1.615e-05,-2.267286374e-05,9.8191e-01
18,12,16,37,43,53,61,4.991252644e-04,1.1448e-01,49.9966,3.400e-05,-1.520483127e-03,1.2839e-01
18,12,17,37,43,59,67,1.732049328e-04,5.8388e-01,49.9986,1.393e-05,+3.208898280e-04,7.4829e-01
18,12,18,37,43,61,71,3.148494973e-06,9.9206e-01,49.9999,9.625e-07,+2.572395167e-04,7.9699e-01
18,12,19,37,43,67,73,5.496314557e-04,8.2195e-02,50.0049,4.908e-05,+1.294048631e-03,1.9565e-01
18,13,14,41,47,43,53,2.801580669e-04,3.7565e-01,50.0001,1.012e-06,-1.161284458e-03,2.4553e-01
18,13,15,41,47,47,59,5.493113423e-05,8.6210e-01,50.0032,3.234e-05,+7.242193048e-06,9.9422e-01
18,13,16,41,47,53,61,3.356623007e-04,2.8848e-01,50.0001,9.875e-07,+2.739932800e-04,7.8409e-01
18,13,17,41,47,59,67,6.608668425e-04,3.6632e-02,50.0067,6.696e-05,+1.692256622e-03,9.0597e-02
18,13,18,41,47,61,71,1.482142477e-04,6.3929e-01,49.9902,9.790e-05,-7.114932982e-04,4.7678e-01
18,13,19,41,47,67,73,1.432885259e-04,6.5046e-01,50.0048,4.799e-05,+4.819189665e-05,9.6156e-01
18,14,15,43,53,47,59,9.049833868e-05,7.7474e-01,50.0001,1.425e-06,-7.511913004e-04,4.5254e-01
18,14,16,43,53,53,61,1.002843299e-04,7.5115e-01,50.0017,1.703e-05,+4.659473172e-04,6.4125e-01
18,14,17,43,53,59,67,2.651926106e-04,4.0169e-01,49.9921,7.855e-05,+1.548492826e-03,1.2150e-01
18,14,18,43,53,61,71,3.771518810e-04,2.3300e-01,50.0064,6.381e-05,-3.702762396e-04,7.1118e-01
18,14,19,43,53,67,73,2.179501493e-04,4.9069e-01,50.0088,8.825e-05,+3.167001335e-04,7.5147e-01
18,15,16,47,59,53,61,1.603765647e-04,6.1205e-01,49.9999,1.325e-06,+2.057622626e-04,8.3698e-01
18,15,17,47,59,59,67,5.528065363e-06,9.8605e-01,50.0034,3.422e-05,-8.310411169e-04,4.0595e-01
18,15,18,47,59,61,71,3.759741092e-05,9.0536e-01,50.0018,1.766e-05,-7.150619072e-04,4.7457e-01
18,15,19,47,59,67,73,7.970098272e-04,1.1723e-02,50.0044,4.443e-05,-2.273010732e-04,8.2019e-01
18,16,17,53,61,59,67,2.046703116e-04,5.1749e-01,49.9990,1.005e-05,-1.819619734e-03,6.8817e-02
18,16,18,53,61,61,71,6.221417021e-05,8.4403e-01,49.9990,1.019e-05,+1.106072496e-03,2.6870e-01
18,16,19,53,61,67,73,6.017742375e-04,5.7044e-02,49.9957,4.332e-05,+2.853912069e-04,7.7534e-01
18,17,18,59,67,61,71,2.776854228e-05,9.3003e-01,50.0033,3.251e-05,+1.001187529e-03,3.1674e-01
18,17,19,59,67,67,73,1.775356605e-04,5.7451e-01,49.9915,8.540e-05,+3.969796910e-04,6.9138e-01
18,18,19,61,71,67,73,1.855824142e-04,5.5730e-01,49.9966,3.384e-05,+8.585178815e-04,3.9061e-01
19,0,1,2,3,3,5,2.627448951e-04,4.0605e-01,49.9987,1.346e-05,-1.179906526e-03,2.3804e-01
19,0,2,2,3,5,7,8.031134456e-04,1.1096e-02,49.9896,1.043e-04,+9.230704935e-04,3.5597e-01
19,0,3,2,3,7,11,9.022849709e-05,7.7539e-01,49.9993,7.375e-06,-1.690668123e-03,9.0900e-02
19,0,4,2,3,8,13,1.666317232e-04,5.9824e-01,50.0042,4.171e-05,-8.737573964e-04,3.8225e-01
19,0,5,2,3,11,17,1.657517482e-05,9.5820e-01,50.0054,5.414e-05,+1.548503802e-03,1.2150e-01
19,0,6,2,3,13,19,4.914457436e-05,8.7650e-01,50.0010,1.036e-05,-4.933422739e-04,6.2177e-01
19,0,7,2,3,17,23,2.866408839e-04,3.6470e-01,49.9977,2.294e-05,-1.027970581e-04,9.1812e-01
19,0,8,2,3,19,29,3.970140664e-04,2.0931e-01,49.9964,3.641e-05,-8.153257772e-04,4.1489e-01
19,0,9,2,3,23,31,3.385337252e-04,2.8438e-01,50.0042,4.229e-05,-1.439308360e-03,1.5006e-01
19,0,10,2,3,29,37,7.864730664e-05,8.0359e-01,49.9965,3.473e-05,+2.070208890e-03,3.8433e-02
19,0,11,2,3,31,41,2.394081539e-04,4.4900e-01,49.9982,1.778e-05,-1.055574105e-03,2.9116e-01
19,0,12,2,3,37,43,5.103762184e-04,1.0654e-01,50.0051,5.124e-05,-1.818663178e-04,8.5569e-01
19,0,13,2,3,41,47,1.166814653e-05,9.7057e-01,50.0009,9.300e-06,-2.624740856e-03,8.6715e-03
19,0,14,2,3,43,53,1.808427087e-04,5.6741e-01,50.0020,2.002e-05,-3.402477539e-04,7.3367e-01
19,0,15,2,3,47,59,6.867163671e-05,8.2808e-01,50.0036,3.634e-05,+2.543349538e-04,7.9924e-01
19,0,16,2,3,53,61,6.135600774e-05,8.4616e-01,50.0024,2.437e-05,+1.146538856e-03,2.5157e-01
19,0,17,2,3,59,67,4.477095773e-04,1.5684e-01,50.0001,7.250e-07,-1.127247782e-03,2.5964e-01
19,0,18,2,3,61,71,5.361092153e-04,9.0014e-02,50.0081,8.052e-05,+1.684776142e-03,9.2032e-02
19,0,19,2,3,67,73,2.646281100e-04,4.0269e-01,49.9987,1.332e-05,+1.558013244e-05,9.8757e-01
19,1,2,3,5,5,7,3.660152449e-04,2.4709e-01,50.0060,6.033e-05,-8.442918017e-04,3.9851e-01
19,1,3,3,5,7,11,3.153565798e-04,3.1865e-01,49.9903,9.729e-05,-2.748062155e-04,7.8347e-01
19,1,4,3,5,8,13,6.968065347e-04,2.7560e-02,49.9968,3.233e-05,+7.127269480e-04,4.7601e-01
19,1,5,3,5,11,17,7.660418973e-05,8.0859e-01,49.9968,3.237e-05,+4.707946263e-04,6.3779e-01
19,1,6,3,5,13,19,3.131720482e-04,3.2201e-01,49.9959,4.073e-05,-4.346477473e-05,9.6533e-01
19,1,7,3,5,17,23,4.327284943e-04,1.7118e-01,50.0105,1.051e-04,+1.224905540e-03,2.2061e-01
19,1,8,3,5,19,29,8.310807148e-05,7.9270e-01,49.9969,3.098e-05,-1.528428714e-03,1.2641e-01
19,1,9,3,5,23,31,2.750579265e-04,3.8440e-01,49.9917,8.333e-05,-1.014681035e-03,3.1026e-01
19,1,10,3,5,29,37,1.766460040e-04,5.7643e-01,50.0015,1.471e-05,+1.612165508e-03,1.0693e-01
19,1,11,3,5,31,41,2.302232478e-04,4.6660e-01,50.0009,8.587e-06,+7.473351022e-04,4.5486e-01
19,1,12,3,5,37,43,3.260489426e-04,3.0251e-01,49.9930,7.013e-05,+1.144547669e-03,2.5240e-01
19,1,13,3,5,41,47,3.083680303e-04,3.2949e-01,50.0040,3.961e-05,-2.783162536e-04,7.8077e-01
19,1,14,3,5,43,53,2.220323702e-04,4.8260e-01,50.0010,9.588e-06,-9.563671173e-05,9.2381e-01
19,1,15,3,5,47,59,4.734760566e-04,1.3432e-01,49.9998,1.850e-06,-5.015020634e-04,6.1602e-01
19,1,16,3,5,53,61,6.937497296e-04,2.8248e-02,49.9915,8.459e-05,+1.001528249e-03,3.1657e-01
19,1,17,3,5,59,67,1.644243513e-05,9.5853e-01,50.0019,1.889e-05,+1.403564773e-03,1.6045e-01
19,1,18,3,5,61,71,1.639521684e-04,6.0414e-01,50.0025,2.534e-05,+8.120186728e-04,4.1678e-01
19,1,19,3,5,67,73,1.556701700e-05,9.6074e-01,50.0011,1.111e-05,+4.347194722e-04,6.6377e-01
19,2,3,5,7,7,11,7.373881440e-05,8.1562e-01,50.0032,3.156e-05,-1.462086342e-04,8.8376e-01
19,2,4,5,7,8,13,1.913397750e-04,5.4513e-01,50.0012,1.150e-05,+1.400356094e-03,1.6141e-01
19,2,5,5,7,11,17,1.175853116e-04,7.1001e-01,50.0028,2.800e-05,-8.176269072e-04,4.1357e-01
19,2,6,5,7,13,19,2.029215396e-04,5.2107e-01,50.0021,2.090e-05,-9.621082741e-04,3.3600e-01
19,2,7,5,7,17,23,2.647570407e-04,4.0246e-01,50.0071,7.100e-05,+4.819989087e-04,6.2981e-01
19,2,8,5,7,19,29,3.572705812e-04,2.5857e-01,50.0024,2.378e-05,+6.777242502e-04,4.9795e-01
19,2,9,5,7,23,31,2.955990637e-04,3.4991e-01,50.0011,1.135e-05,-7.120752839e-04,4.7642e-01
19,2,10,5,7,29,37,9.703505228e-05,7.5896e-01,50.0001,5.875e-07,-7.328828384e-04,4.6363e-01
19,2,11,5,7,31,41,2.247766642e-04,4.7720e-01,49.9977,2.269e-05,+1.003006661e-03,3.1586e-01
19,2,12,5,7,37,43,2.598856026e-04,4.1117e-01,49.9925,7.545e-05,+4.651039629e-04,6.4186e-01
19,2,13,5,7,41,47,2.193254359e-05,9.4471e-01,49.9946,5.381e-05,-1.631074210e-03,1.0287e-01
19,2,14,5,7,43,53,4.140920302e-04,1.9037e-01,50.0004,3.613e-06,-1.611785812e-04,8.7195e-01
19,2,15,5,7,47,59,3.884245358e-04,2.1933e-01,50.0083,8.340e-05,-1.313541914e-04,8.9550e-01
19,2,16,5,7,53,61,2.091379826e-04,5.0839e-01,50.0083,8.284e-05,+4.639110160e-04,6.4271e-01
19,2,17,5,7,59,67,1.897912140e-05,9.5214e-01,49.9994,6.013e-06,-2.744441792e-05,9.7811e-01
19,2,18,5,7,61,71,5.402713660e-04,8.7546e-02,49.9974,2.584e-05,+4.317515046e-05,9.6556e-01
19,2,19,5,7,67,73,4.994871438e-04,1.1422e-01,49.9995,4.537e-06,+3.919760081e-04,6.9508e-01
19,3,4,7,11,8,13,2.964354523e-04,3.4855e-01,49.9961,3.929e-05,+8.066600439e-04,4.1986e-01
19,3,5,7,11,11,17,4.745398379e-04,1.3345e-01,49.9997,3.387e-06,-1.249081570e-04,9.0060e-01
19,3,6,7,11,13,19,4.105052555e-06,9.8964e-01,49.9991,9.212e-06,-3.757720429e-04,7.0709e-01
19,3,7,7,11,17,23,6.985785215e-05,8.2516e-01,50.0028,2.754e-05,+3.075545503e-04,7.5842e-01
19,3,8,7,11,19,29,1.423891036e-04,6.5251e-01,49.9976,2.354e-05,+7.437925675e-04,4.5700e-01
19,3,9,7,11,23,31,9.996526235e-05,7.5191e-01,49.9985,1.529e-05,-1.097370756e-03,2.7248e-01
19,3,10,7,11,29,37,3.116008367e-04,3.2444e-01,50.0068,6.795e-05,+2.113134774e-03,3.4589e-02
19,3,11,7,11,31,41,2.094006241e-04,5.0785e-01,50.0024,2.365e-05,+9.025079881e-04,3.6679e-01
19,3,12,7,11,37,43,1.177208590e-04,7.0969e-01,50.0113,1.132e-04,-4.049696641e-04,6.8550e-01
19,3,13,7,11,41,47,1.002596405e-04,7.5121e-01,49.9993,7.475e-06,-1.661164535e-03,9.6680e-02
19,3,14,7,11,43,53,3.848371166e-04,2.2362e-01,50.0003,2.700e-06,+7.344768121e-04,4.6266e-01
19,3,15,7,11,47,59,4.303050308e-04,1.7359e-01,50.0102,1.024e-04,+1.669337304e-03,9.5051e-02
19,3,16,7,11,53,61,1.740472725e-04,5.8205e-01,50.0034,3.407e-05,-8.304149654e-04,4.0630e-01
19,3,17,7,11,59,67,6.294487159e-05,8.4222e-01,49.9937,6.318e-05,+8.060493956e-04,4.2021e-01
19,3,18,7,11,61,71,7.368870564e-04,1.9793e-02,49.9942,5.825e-05,-1.076680499e-03,2.8162e-01
19,3,19,7,11,67,73,1.940722506e-04,5.3941e-01,50.0060,6.003e-05,+5.636902677e-04,5.7296e-01
19,4,5,8,13,11,17,8.707730388e-05,7.8304e-01,50.0083,8.305e-05,+2.320920298e-05,9.8148e-01
19,4,6,8,13,13,19,1.700813614e-04,5.9068e-01,49.9965,3.455e-05,-9.755915744e-05,9.2228e-01
19,4,7,8,13,17,23,2.955237111e-04,3.5003e-01,50.0009,9.400e-06,-1.327139721e-03,1.8446e-01
19,4,8,8,13,19,29,6.468820470e-05,8.3791e-01,50.0051,5.093e-05,-1.157983796e-03,2.4687e-01
19,4,9,8,13,23,31,4.457551252e-04,1.5866e-01,50.0009,9.400e-06,-1.775628757e-04,8.5907e-01
19,4,10,8,13,29,37,1.100389474e-04,7.2786e-01,50.0029,2.851e-05,+3.635281229e-04,7.1621e-01
19,4,11,8,13,31,41,4.634377840e-05,8.8349e-01,50.0105,1.054e-04,-2.968262612e-04,7.6660e-01
19,4,12,8,13,37,43,1.524074745e-04,6.2984e-01,50.0058,5.763e-05,+1.916436931e-03,5.5310e-02
19,4,13,8,13,41,47,2.450948409e-04,4.3831e-01,50.0060,5.971e-05,+2.599222869e-04,7.9492e-01
19,4,14,8,13,43,53,1.324045472e-04,6.7544e-01,49.9955,4.459e-05,-2.179237323e-04,8.2749e-01
19,4,15,8,13,47,59,4.061100647e-04,1.9906e-01,50.0030,2.985e-05,+6.401545253e-04,5.2207e-01
19,4,16,8,13,53,61,1.389768835e-04,6.6031e-01,49.9968,3.221e-05,+9.212308384e-04,3.5693e-01
19,4,17,8,13,59,67,1.642551560e-05,9.5857e-01,49.9872,1.277e-04,-2.065981058e-06,9.9835e-01
19,4,18,8,13,61,71,4.457603806e-04,1.5865e-01,50.0096,9.566e-05,-8.098160715e-04,4.1805e-01
19,4,19,8,13,67,73,1.662754665e-04,5.9902e-01,50.0043,4.274e-05,+2.797540523e-03,5.1493e-03
19,5,6,11,17,13,19,5.330705467e-05,8.6613e-01,50.0089,8.950e-05,+7.892322583e-04,4.2998e-01
19,5,7,11,17,17,23,3.683957704e-04,2.4403e-01,49.9909,9.075e-05,+1.512242064e-03,1.3047e-01
19,5,8,11,17,19,29,8.226546553e-05,7.9475e-01,50.0013,1.260e-05,-1.898139757e-03,5.7678e-02
19,5,9,11,17,23,31,3.906696635e-04,2.1668e-01,50.0024,2.385e-05,+7.137216233e-04,4.7540e-01
19,5,10,11,17,29,37,1.333866548e-04,6.7317e-01,49.9997,2.888e-06,+1.234469667e-03,2.1703e-01
19,5,11,11,17,31,41,3.035523691e-04,3.3710e-01,50.0011,1.136e-05,+9.641632790e-06,9.9231e-01
19,5,12,11,17,37,43,6.332147368e-04,4.5242e-02,49.9966,3.365e-05,-4.070170052e-04,6.8400e-01
19,5,13,11,17,41,47,1.568030626e-04,6.2000e-01,50.0107,1.067e-04,+1.898181294e-03,5.7672e-02
19,5,14,11,17,43,53,3.335332417e-04,2.9155e-01,50.0042,4.206e-05,-1.903791794e-04,8.4901e-01
19,5,15,11,17,47,59,3.441146946e-04,2.7651e-01,50.0017,1.688e-05,-1.517991371e-03,1.2902e-01
19,5,16,11,17,53,61,7.604093429e-05,8.0997e-01,50.0037,3.736e-05,-9.724197311e-06,9.9224e-01
19,5,17,11,17,59,67,1.529849455e-04,6.2854e-01,50.0030,3.049e-05,-1.389859194e-05,9.8891e-01
19,5,18,11,17,61,71,2.197421388e-04,4.8713e-01,50.0014,1.376e-05,-7.653324174e-04,4.4407e-01
19,5,19,11,17,67,73,1.313193799e-04,6.7795e-01,50.0005,4.862e-06,+7.266120636e-04,4.6746e-01
19,6,7,13,19,17,23,1.634422595e-04,6.0526e-01,49.9958,4.205e-05,+1.156462320e-03,2.4749e-01
19,6,8,13,19,19,29,2.630331366e-04,4.0553e-01,50.0034,3.415e-05,+3.677378392e-04,7.1307e-01
19,6,9,13,19,23,31,1.222765867e-04,6.9900e-01,49.9960,3.988e-05,-4.203438311e-04,6.7423e-01
19,6,10,13,19,29,37,1.695750959e-04,5.9179e-01,50.0008,7.712e-06,+1.841323052e-03,6.5574e-02
19,6,11,13,19,31,41,2.794329237e-05,9.2959e-01,50.0078,7.836e-05,-7.018211654e-04,4.8279e-01
19,6,12,13,19,37,43,2.983968699e-04,3.4537e-01,50.0013,1.297e-05,-1.320499044e-03,1.8667e-01
19,6,13,13,19,41,47,2.767535928e-04,3.8148e-01,50.0148,1.483e-04,+4.715306994e-04,6.3726e-01
19,6,14,13,19,43,53,9.021263915e-05,7.7543e-01,49.9981,1.856e-05,+3.762278112e-04,7.0675e-01
19,6,15,13,19,47,59,4.479631201e-05,8.8735e-01,50.0020,1.980e-05,+4.929012859e-05,9.6069e-01
19,6,16,13,19,53,61,1.269387807e-04,6.8811e-01,49.9957,4.264e-05,-2.398119390e-03,1.6479e-02
19,6,17,13,19,59,67,3.365230006e-04,2.8725e-01,49.9955,4.501e-05,-1.538544033e-03,1.2392e-01
19,6,18,13,19,61,71,1.145530935e-04,7.1717e-01,50.0034,3.414e-05,-5.136501770e-04,6.0750e-01
19,6,19,13,19,67,73,1.499878199e-04,6.3528e-01,49.9960,3.984e-05,+3.361533508e-04,7.3676e-01
19,7,8,17,23,19,29,3.906455222e-04,2.1671e-01,49.9952,4.798e-05,-1.349458509e-03,1.7719e-01
19,7,9,17,23,23,31,3.363655383e-04,2.8747e-01,49.9886,1.143e-04,+5.214262686e-04,6.0207e-01
19,7,10,17,23,29,37,6.382829851e-04,4.3547e-02,49.9948,5.206e-05,+1.320656829e-04,8.9493e-01
19,7,11,17,23,31,41,2.375740171e-04,4.5249e-01,49.9893,1.069e-04,+1.675901391e-03,9.3758e-02
19,7,12,17,23,37,43,1.456951199e-05,9.6325e-01,50.0056,5.630e-05,-1.558611253e-03,1.1909e-01
19,7,13,17,23,41,47,2.422397773e-04,4.4366e-01,50.0057,5.744e-05,+2.169986922e-04,8.2821e-01
19,7,14,17,23,43,53,1.267916436e-04,6.8846e-01,49.9931,6.904e-05,-1.050322755e-03,2.9357e-01
19,7,15,17,23,47,59,3.148433706e-04,3.1943e-01,50.0026,2.567e-05,-2.079438159e-04,8.3527e-01
19,7,16,17,23,53,61,1.249560224e-04,6.9274e-01,49.9995,4.587e-06,-8.187909308e-04,4.1291e-01
19,7,17,17,23,59,67,5.435791143e-04,8.5624e-02,49.9990,1.021e-05,+2.824810638e-05,9.7746e-01
19,7,18,17,23,61,71,5.436725325e-06,9.8628e-01,49.9936,6.384e-05,+7.021652851e-04,4.8258e-01
19,7,19,17,23,67,73,1.448141989e-04,6.4699e-01,50.0025,2.499e-05,-9.266000557e-04,3.5413e-01
19,8,9,19,29,23,31,3.274687195e-04,3.0041e-01,50.0032,3.202e-05,-1.033678033e-04,9.1767e-01
19,8,10,19,29,29,37,8.515338512e-05,7.8772e-01,50.0005,4.563e-06,-8.626235976e-04,3.8834e-01
19,8,11,19,29,31,41,2.088833638e-04,5.0890e-01,50.0056,5.551e-05,-4.615739211e-04,6.4439e-01
19,8,12,19,29,37,43,2.987614258e-04,3.4478e-01,50.0047,4.667e-05,+1.530986393e-03,1.2577e-01
19,8,13,19,29,41,47,4.687914861e-04,1.3822e-01,50.0002,2.037e-06,+2.536391628e-03,1.1200e-02
19,8,14,19,29,43,53,2.261572858e-05,9.4299e-01,50.0006,6.038e-06,+6.066076977e-04,5.4411e-01
19,8,15,19,29,47,59,1.147205025e-04,7.1677e-01,49.9917,8.307e-05,-3.832939090e-04,7.0150e-01
19,8,16,19,29,53,61,1.457155241e-04,6.4495e-01,50.0139,1.389e-04,+8.226392110e-04,4.1071e-01
19,8,17,19,29,59,67,4.608716427e-04,1.4500e-01,49.9936,6.436e-05,+9.618832902e-05,9.2337e-01
19,8,18,19,29,61,71,3.598293530e-04,2.5517e-01,50.0036,3.644e-05,+2.586040731e-04,7.9594e-01
19,8,19,19,29,67,73,4.906975097e-04,1.2073e-01,50.0047,4.676e-05,-1.473389154e-03,1.4065e-01
19,9,10,23,31,29,37,1.831431189e-04,5.6249e-01,49.9934,6.619e-05,+4.961070310e-04,6.1982e-01
19,9,11,23,31,31,41,8.544378223e-04,6.8930e-03,49.9968,3.249e-05,+4.401897775e-04,6.5980e-01
19,9,12,23,31,37,43,5.252579702e-04,9.6711e-02,50.0054,5.373e-05,+4.815108463e-04,6.3015e-01
19,9,13,23,31,41,47,2.493130226e-04,4.3046e-01,50.0010,9.612e-06,+6.076870354e-04,5.4340e-01
19,9,14,23,31,43,53,6.687594838e-05,8.3251e-01,50.0071,7.146e-05,+1.488215048e-03,1.3669e-01
19,9,15,23,31,47,59,3.434459136e-04,2.7745e-01,49.9992,8.150e-06,-1.919758542e-04,8.4776e-01
19,9,16,23,31,53,61,1.199787960e-04,7.0439e-01,50.0056,5.604e-05,-1.229346827e-03,2.1894e-01
19,9,17,23,31,59,67,4.908364199e-04,1.2062e-01,50.0062,6.161e-05,-1.547046426e-03,1.2185e-01
19,9,18,23,31,61,71,6.522183384e-05,8.3660e-01,49.9921,7.939e-05,+3.074406117e-04,7.5851e-01
19,9,19,23,31,67,73,2.814941050e-04,3.7338e-01,50.0050,5.026e-05,+1.182543623e-03,2.3699e-01
19,10,11,29,37,31,41,1.643635366e-05,9.5855e-01,49.9902,9.838e-05,+1.397210797e-03,1.6235e-01
19,10,12,29,37,37,43,5.631310296e-04,7.4949e-02,49.9905,9.451e-05,+1.065823159e-03,2.8650e-01
19,10,13,29,37,41,47,9.428917037e-06,9.7621e-01,49.9943,5.722e-05,-4.897689066e-04,6.2430e-01
19,10,14,29,37,43,53,7.818110574e-05,8.0473e-01,50.0028,2.792e-05,+9.716969742e-04,3.3120e-01
19,10,15,29,37,47,59,4.587378285e-04,1.4688e-01,50.0030,3.006e-05,-1.357336668e-03,1.7467e-01
19,10,16,29,37,53,61,1.406652987e-04,6.5645e-01,50.0002,1.900e-06,+9.334736873e-04,3.5058e-01
19,10,17,29,37,59,67,1.253976499e-04,6.9171e-01,49.9995,4.600e-06,-6.692686308e-04,5.0332e-01
19,10,18,29,37,61,71,1.649173562e-04,6.0201e-01,50.0108,1.079e-04,-1.917356742e-04,8.4795e-01
19,10,19,29,37,67,73,2.933861467e-04,3.5353e-01,50.0049,4.852e-05,-6.134259269e-04,5.3959e-01
19,11,12,31,41,37,43,6.173219850e-04,5.0921e-02,50.0044,4.411e-05,-1.151827385e-03,2.4939e-01
19,11,13,31,41,41,47,8.873693363e-05,7.7901e-01,50.0026,2.645e-05,-1.482079582e-03,1.3832e-01
19,11,14,31,41,43,53,3.819099296e-04,2.2716e-01,50.0096,9.558e-05,+6.773986041e-04,4.9815e-01
19,11,15,31,41,47,59,1.950763674e-04,5.3731e-01,50.0059,5.934e-05,-1.137777874e-03,2.5521e-01
19,11,16,31,41,53,61,2.826964133e-05,9.2877e-01,49.9952,4.760e-05,+6.589588491e-04,5.0992e-01
19,11,17,31,41,59,67,7.428736255e-04,1.8815e-02,49.9975,2.545e-05,+6.591737495e-04,5.0978e-01
19,11,18,31,41,61,71,4.410562233e-04,1.6309e-01,49.9952,4.798e-05,-1.046968683e-04,9.1662e-01
19,11,19,31,41,67,73,4.715655421e-04,1.3590e-01,50.0084,8.403e-05,-1.211882723e-03,2.2556e-01
19,12,13,37,43,41,47,1.782836860e-04,5.7290e-01,49.9992,7.612e-06,-7.932279731e-06,9.9367e-01
19,12,14,37,43,43,53,4.098202934e-05,8.9689e-01,49.9987,1.251e-05,-2.656257517e-03,7.9013e-03
19,12,15,37,43,47,59,1.091385303e-04,7.3000e-01,49.9992,8.500e-06,+1.245607879e-03,2.1291e-01
19,12,16,37,43,53,61,2.330338891e-04,4.6117e-01,49.9995,4.888e-06,+6.696158137e-04,5.0310e-01
19,12,17,37,43,59,67,9.553448062e-05,7.6257e-01,49.9996,3.563e-06,+1.619776921e-04,8.7132e-01
19,12,18,37,43,61,71,1.987247657e-04,5.2973e-01,50.0032,3.216e-05,-1.196855517e-03,2.3136e-01
19,12,19,37,43,67,73,8.023140215e-04,1.1176e-02,50.0099,9.911e-05,+2.289443940e-03,2.2054e-02
19,13,14,41,47,43,53,1.748089148e-04,5.8040e-01,50.0019,1.890e-05,-5.950377759e-05,9.5255e-01
19,13,15,41,47,47,59,2.256697796e-05,9.4311e-01,49.9946,5.434e-05,+9.681695977e-06,9.9228e-01
19,13,16,41,47,53,61,1.580263417e-04,6.1727e-01,50.0044,4.432e-05,+1.700804954e-04,8.6495e-01
19,13,17,41,47,59,67,5.460074459e-06,9.8622e-01,50.0004,3.900e-06,+6.850910423e-04,4.9329e-01
19,13,18,41,47,61,71,2.263207284e-05,9.4294e-01,50.0061,6.052e-05,-4.801023819e-04,6.3115e-01
19,13,19,41,47,67,73,3.629867242e-05,9.0861e-01,49.9946,5.403e-05,+1.827974964e-03,6.7553e-02
19,14,15,43,53,47,59,5.645272935e-05,8.5832e-01,49.9978,2.161e-05,+7.387874707e-04,4.6004e-01
19,14,16,43,53,53,61,5.962496891e-04,5.9361e-02,49.9964,3.588e-05,+4.908228919e-04,6.2355e-01
19,14,17,43,53,59,67,5.205097272e-05,8.6926e-01,50.0004,3.650e-06,-5.072552004e-04,6.1198e-01
19,14,18,43,53,61,71,1.189171781e-04,7.0688e-01,50.0016,1.628e-05,-8.960027378e-04,3.7025e-01
19,14,19,43,53,67,73,6.789823133e-04,3.1783e-02,49.9969,3.140e-05,-3.318140912e-04,7.4003e-01
19,15,16,47,59,53,61,1.824578226e-04,5.6395e-01,49.9925,7.506e-05,+9.170254698e-04,3.5913e-01
19,15,17,47,59,59,67,9.178394491e-05,7.7163e-01,49.9958,4.174e-05,-2.718524456e-04,7.8574e-01
19,15,18,47,59,61,71,2.918925885e-04,3.5598e-01,50.0028,2.844e-05,-4.498776673e-05,9.6412e-01
19,15,19,47,59,67,73,4.351304101e-04,1.6882e-01,50.0070,6.951e-05,-1.224870527e-03,2.2062e-01
19,16,17,53,61,59,67,2.075114412e-04,5.1169e-01,50.0014,1.385e-05,+6.044480139e-04,5.4555e-01
19,16,18,53,61,61,71,4.614109150e-05,8.8399e-01,49.9990,9.800e-06,-9.029508339e-04,3.6655e-01
19,16,19,53,61,67,73,2.422914412e-04,4.4356e-01,49.9998,2.400e-06,+3.632883947e-04,7.1639e-01
19,17,18,59,67,61,71,4.187762064e-04,1.8541e-01,50.0070,6.975e-05,+1.456569012e-03,1.4524e-01
19,17,19,59,67,67,73,4.851001796e-05,8.7808e-01,49.9980,1.960e-05,+4.094959762e-05,9.6734e-01
19,18,19,61,71,67,73,6.532665278e-05,8.3634e-01,49.9967,3.340e-05,+1.093563654e-03,2.7415e-01
