p,q,K,KB,t,r_ens
2,3,0.300,0.310,10001,0.378872
2,3,0.300,0.310,10002,0.371789
2,3,0.300,0.310,10003,0.373243
2,3,0.300,0.310,10004,0.376968
2,3,0.300,0.310,10005,0.373602
2,3,0.300,0.310,10006,0.370247
2,3,0.300,0.310,10007,0.372906
2,3,0.300,0.310,10008,0.375878
2,3,0.300,0.310,10009,0.373375
2,3,0.300,0.310,10010,0.370984
2,3,0.300,0.310,10011,0.375148
2,3,0.300,0.310,10012,0.377932
2,3,0.300,0.310,10013,0.373231
2,3,0.300,0.310,10014,0.372962
2,3,0.300,0.310,10015,0.378731
2,3,0.300,0.310,10016,0.376570
2,3,0.300,0.310,10017,0.371644
2,3,0.300,0.310,10018,0.374372
2,3,0.300,0.310,10019,0.375796
2,3,0.300,0.310,10020,0.370705
2,3,0.300,0.310,10021,0.367538
2,3,0.300,0.310,10022,0.368576
2,3,0.300,0.310,10023,0.366794
2,3,0.300,0.310,10024,0.360669
2,3,0.300,0.310,10025,0.358001
2,3,0.300,0.310,10026,0.358977
2,3,0.300,0.310,10027,0.353823
2,3,0.300,0.310,10028,0.347020
2,3,0.300,0.310,10029,0.348647
2,3,0.300,0.310,10030,0.347794
2,3,0.300,0.310,10031,0.338617
2,3,0.300,0.310,10032,0.335689
2,3,0.300,0.310,10033,0.339541
2,3,0.300,0.310,10034,0.334479
2,3,0.300,0.310,10035,0.325861
2,3,0.300,0.310,10036,0.327348
2,3,0.300,0.310,10037,0.329069
2,3,0.300,0.310,10038,0.322500
2,3,0.300,0.310,10039,0.316711
2,3,0.300,0.310,10040,0.318717
2,3,0.300,0.310,10041,0.319241
2,3,0.300,0.310,10042,0.311390
2,3,0.300,0.310,10043,0.307241
2,3,0.300,0.310,10044,0.310826
2,3,0.300,0.310,10045,0.308312
2,3,0.300,0.310,10046,0.299723
2,3,0.300,0.310,10047,0.299169
2,3,0.300,0.310,10048,0.301880
2,3,0.300,0.310,10049,0.296108
2,3,0.300,0.310,10050,0.289989
2,3,0.300,0.310,10051,0.291474
2,3,0.300,0.310,10052,0.291593
2,3,0.300,0.310,10053,0.285790
2,3,0.300,0.310,10054,0.282096
2,3,0.300,0.310,10055,0.283814
2,3,0.300,0.310,10056,0.283688
2,3,0.300,0.310,10057,0.277681
2,3,0.300,0.310,10058,0.275834
2,3,0.300,0.310,10059,0.280408
2,3,0.300,0.310,10060,0.277966
2,3,0.300,0.310,10061,0.272288
2,3,0.300,0.310,10062,0.275982
2,3,0.300,0.310,10063,0.278945
2,3,0.300,0.310,10064,0.273984
2,3,0.300,0.310,10065,0.273453
2,3,0.300,0.310,10066,0.277750
2,3,0.300,0.310,10067,0.276579
2,3,0.300,0.310,10068,0.273051
2,3,0.300,0.310,10069,0.274521
2,3,0.300,0.310,10070,0.277195
2,3,0.300,0.310,10071,0.273733
2,3,0.300,0.310,10072,0.269569
2,3,0.300,0.310,10073,0.273070
2,3,0.300,0.310,10074,0.274180
2,3,0.300,0.310,10075,0.266048
2,3,0.300,0.310,10076,0.263741
2,3,0.300,0.310,10077,0.269514
2,3,0.300,0.310,10078,0.264729
2,3,0.300,0.310,10079,0.255593
2,3,0.300,0.310,10080,0.258357
2,3,0.300,0.310,10081,0.259778
2,3,0.300,0.310,10082,0.251508
2,3,0.300,0.310,10083,0.246179
2,3,0.300,0.310,10084,0.247347
2,3,0.300,0.310,10085,0.245536
2,3,0.300,0.310,10086,0.237120
2,3,0.300,0.310,10087,0.231272
2,3,0.300,0.310,10088,0.232199
2,3,0.300,0.310,10089,0.228272
2,3,0.300,0.310,10090,0.217158
2,3,0.300,0.310,10091,0.213628
2,3,0.300,0.310,10092,0.214724
2,3,0.300,0.310,10093,0.205790
2,3,0.300,0.310,10094,0.196530
2,3,0.300,0.310,10095,0.196903
2,3,0.300,0.310,10096,0.194294
2,3,0.300,0.310,10097,0.185713
2,3,0.300,0.310,10098,0.181589
2,3,0.300,0.310,10099,0.182177
2,3,0.300,0.310,10100,0.180898
2,3,0.300,0.310,10101,0.175579
2,3,0.300,0.310,10102,0.174227
2,3,0.300,0.310,10103,0.179947
2,3,0.300,0.310,10104,0.179408
2,3,0.300,0.310,10105,0.175349
2,3,0.300,0.310,10106,0.182385
2,3,0.300,0.310,10107,0.187987
2,3,0.300,0.310,10108,0.184028
2,3,0.300,0.310,10109,0.187488
2,3,0.300,0.310,10110,0.195474
2,3,0.300,0.310,10111,0.194959
2,3,0.300,0.310,10112,0.193807
2,3,0.300,0.310,10113,0.198416
2,3,0.300,0.310,10114,0.202000
2,3,0.300,0.310,10115,0.199949
2,3,0.300,0.310,10116,0.197353
2,3,0.300,0.310,10117,0.201127
2,3,0.300,0.310,10118,0.203245
2,3,0.300,0.310,10119,0.195370
2,3,0.300,0.310,10120,0.192714
2,3,0.300,0.310,10121,0.198994
2,3,0.300,0.310,10122,0.193340
2,3,0.300,0.310,10123,0.182747
2,3,0.300,0.310,10124,0.185598
2,3,0.300,0.310,10125,0.185492
2,3,0.300,0.310,10126,0.174641
2,3,0.300,0.310,10127,0.168736
2,3,0.300,0.310,10128,0.167684
2,3,0.300,0.310,10129,0.162716
2,3,0.300,0.310,10130,0.152882
2,3,0.300,0.310,10131,0.144361
2,3,0.300,0.310,10132,0.142005
2,3,0.300,0.310,10133,0.136213
2,3,0.300,0.310,10134,0.122109
2,3,0.300,0.310,10135,0.115820
2,3,0.300,0.310,10136,0.115815
2,3,0.300,0.310,10137,0.104157
2,3,0.300,0.310,10138,0.093056
2,3,0.300,0.310,10139,0.093785
2,3,0.300,0.310,10140,0.090098
2,3,0.300,0.310,10141,0.081256
2,3,0.300,0.310,10142,0.079107
2,3,0.300,0.310,10143,0.080463
2,3,0.300,0.310,10144,0.080502
2,3,0.300,0.310,10145,0.078349
2,3,0.300,0.310,10146,0.079484
2,3,0.300,0.310,10147,0.087888
2,3,0.300,0.310,10148,0.089921
2,3,0.300,0.310,10149,0.088016
2,3,0.300,0.310,10150,0.099090
2,3,0.300,0.310,10151,0.107167
2,3,0.300,0.310,10152,0.103751
2,3,0.300,0.310,10153,0.110346
2,3,0.300,0.310,10154,0.120705
2,3,0.300,0.310,10155,0.120313
2,3,0.300,0.310,10156,0.120864
2,3,0.300,0.310,10157,0.126848
2,3,0.300,0.310,10158,0.129825
2,3,0.300,0.310,10159,0.128649
2,3,0.300,0.310,10160,0.126417
2,3,0.300,0.310,10161,0.129144
2,3,0.300,0.310,10162,0.131222
2,3,0.300,0.310,10163,0.122422
2,3,0.300,0.310,10164,0.118212
2,3,0.300,0.310,10165,0.123870
2,3,0.300,0.310,10166,0.116329
2,3,0.300,0.310,10167,0.103171
2,3,0.300,0.310,10168,0.105011
2,3,0.300,0.310,10169,0.102245
2,3,0.300,0.310,10170,0.088141
2,3,0.300,0.310,10171,0.080828
2,3,0.300,0.310,10172,0.076822
2,3,0.300,0.310,10173,0.068438
2,3,0.300,0.310,10174,0.056859
2,3,0.300,0.310,10175,0.045761
2,3,0.300,0.310,10176,0.040961
2,3,0.300,0.310,10177,0.034100
2,3,0.300,0.310,10178,0.017994
2,3,0.300,0.310,10179,0.010973
2,3,0.300,0.310,10180,0.011630
2,3,0.300,0.310,10181,-0.000607
2,3,0.300,0.310,10182,-0.010446
2,3,0.300,0.310,10183,-0.007259
2,3,0.300,0.310,10184,-0.010324
2,3,0.300,0.310,10185,-0.016657
2,3,0.300,0.310,10186,-0.014688
2,3,0.300,0.310,10187,-0.011437
2,3,0.300,0.310,10188,-0.009153
2,3,0.300,0.310,10189,-0.007860
2,3,0.300,0.310,10190,-0.004149
2,3,0.300,0.310,10191,0.007109
2,3,0.300,0.310,10192,0.011085
2,3,0.300,0.310,10193,0.010202
2,3,0.300,0.310,10194,0.024112
2,3,0.300,0.310,10195,0.033590
2,3,0.300,0.310,10196,0.030249
2,3,0.300,0.310,10197,0.038526
2,3,0.300,0.310,10198,0.049400
2,3,0.300,0.310,10199,0.048133
2,3,0.300,0.310,10200,0.049653
2,3,0.300,0.310,10201,0.055437
2,3,0.300,0.310,10202,0.056591
2,3,0.300,0.310,10203,0.055424
2,3,0.300,0.310,10204,0.052068
2,3,0.300,0.310,10205,0.052645
2,3,0.300,0.310,10206,0.053748
2,3,0.300,0.310,10207,0.042882
2,3,0.300,0.310,10208,0.035892
2,3,0.300,0.310,10209,0.040047
2,3,0.300,0.310,10210,0.029713
2,3,0.300,0.310,10211,0.013327
2,3,0.300,0.310,10212,0.013634
2,3,0.300,0.310,10213,0.007788
2,3,0.300,0.310,10214,-0.009563
2,3,0.300,0.310,10215,-0.018219
2,3,0.300,0.310,10216,-0.024400
2,3,0.300,0.310,10217,-0.034974
2,3,0.300,0.310,10218,-0.047092
2,3,0.300,0.310,10219,-0.059102
2,3,0.300,0.310,10220,-0.064044
2,3,0.300,0.310,10221,-0.069795
2,3,0.300,0.310,10222,-0.085277
2,3,0.300,0.310,10223,-0.090169
2,3,0.300,0.310,10224,-0.087211
2,3,0.300,0.310,10225,-0.098173
2,3,0.300,0.310,10226,-0.104177
2,3,0.300,0.310,10227,-0.097330
2,3,0.300,0.310,10228,-0.099355
2,3,0.300,0.310,10229,-0.102706
2,3,0.300,0.310,10230,-0.096848
2,3,0.300,0.310,10231,-0.091853
2,3,0.300,0.310,10232,-0.087572
2,3,0.300,0.310,10233,-0.084070
2,3,0.300,0.310,10234,-0.079390
2,3,0.300,0.310,10235,-0.066197
2,3,0.300,0.310,10236,-0.061108
2,3,0.300,0.310,10237,-0.062016
2,3,0.300,0.310,10238,-0.047047
2,3,0.300,0.310,10239,-0.037535
2,3,0.300,0.310,10240,-0.041583
2,3,0.300,0.310,10241,-0.032885
2,3,0.300,0.310,10242,-0.022951
2,3,0.300,0.310,10243,-0.026160
2,3,0.300,0.310,10244,-0.024746
2,3,0.300,0.310,10245,-0.020650
2,3,0.300,0.310,10246,-0.022143
2,3,0.300,0.310,10247,-0.024299
2,3,0.300,0.310,10248,-0.030067
2,3,0.300,0.310,10249,-0.032587
2,3,0.300,0.310,10250,-0.033200
2,3,0.300,0.310,10251,-0.046911
2,3,0.300,0.310,10252,-0.057102
2,3,0.300,0.310,10253,-0.054544
2,3,0.300,0.310,10254,-0.067873
2,3,0.300,0.310,10255,-0.087044
2,3,0.300,0.310,10256,-0.087529
2,3,0.300,0.310,10257,-0.095300
2,3,0.300,0.310,10258,-0.114181
2,3,0.300,0.310,10259,-0.122421
2,3,0.300,0.310,10260,-0.128841
2,3,0.300,0.310,10261,-0.139038
2,3,0.300,0.310,10262,-0.148991
2,3,0.300,0.310,10263,-0.159494
2,3,0.300,0.310,10264,-0.162405
2,3,0.300,0.310,10265,-0.165462
2,3,0.300,0.310,10266,-0.178474
2,3,0.300,0.310,10267,-0.179533
2,3,0.300,0.310,10268,-0.173947
2,3,0.300,0.310,10269,-0.183712
2,3,0.300,0.310,10270,-0.185908
2,3,0.300,0.310,10271,-0.175987
2,3,0.300,0.310,10272,-0.177212
2,3,0.300,0.310,10273,-0.178399
2,3,0.300,0.310,10274,-0.170482
2,3,0.300,0.310,10275,-0.165113
2,3,0.300,0.310,10276,-0.159308
2,3,0.300,0.310,10277,-0.154857
2,3,0.300,0.310,10278,-0.150807
2,3,0.300,0.310,10279,-0.136941
2,3,0.300,0.310,10280,-0.131878
2,3,0.300,0.310,10281,-0.133827
2,3,0.300,0.310,10282,-0.119156
2,3,0.300,0.310,10283,-0.110828
2,3,0.300,0.310,10284,-0.116758
2,3,0.300,0.310,10285,-0.108834
2,3,0.300,0.310,10286,-0.101047
2,3,0.300,0.310,10287,-0.106999
2,3,0.300,0.310,10288,-0.106767
2,3,0.300,0.310,10289,-0.105524
2,3,0.300,0.310,10290,-0.110245
2,3,0.300,0.310,10291,-0.114131
2,3,0.300,0.310,10292,-0.122815
2,3,0.300,0.310,10293,-0.128337
2,3,0.300,0.310,10294,-0.130555
2,3,0.300,0.310,10295,-0.146957
2,3,0.300,0.310,10296,-0.159177
2,3,0.300,0.310,10297,-0.156979
2,3,0.300,0.310,10298,-0.171859
2,3,0.300,0.310,10299,-0.191405
2,3,0.300,0.310,10300,-0.190727
2,3,0.300,0.310,10301,-0.198394
2,3,0.300,0.310,10302,-0.215709
2,3,0.300,0.310,10303,-0.220916
2,3,0.300,0.310,10304,-0.225955
2,3,0.300,0.310,10305,-0.233966
2,3,0.300,0.310,10306,-0.240172
2,3,0.300,0.310,10307,-0.247889
2,3,0.300,0.310,10308,-0.248005
2,3,0.300,0.310,10309,-0.248626
2,3,0.300,0.310,10310,-0.259759
2,3,0.300,0.310,10311,-0.257352
2,3,0.300,0.310,10312,-0.249800
2,3,0.300,0.310,10313,-0.258940
2,3,0.300,0.310,10314,-0.258829
2,3,0.300,0.310,10315,-0.247625
2,3,0.300,0.310,10316,-0.248751
2,3,0.300,0.310,10317,-0.248514
2,3,0.300,0.310,10318,-0.240316
2,3,0.300,0.310,10319,-0.236032
2,3,0.300,0.310,10320,-0.229476
2,3,0.300,0.310,10321,-0.225463
2,3,0.300,0.310,10322,-0.223165
2,3,0.300,0.310,10323,-0.209709
2,3,0.300,0.310,10324,-0.205965
2,3,0.300,0.310,10325,-0.210195
2,3,0.300,0.310,10326,-0.196863
2,3,0.300,0.310,10327,-0.190742
2,3,0.300,0.310,10328,-0.199499
2,3,0.300,0.310,10329,-0.193240
2,3,0.300,0.310,10330,-0.188492
2,3,0.300,0.310,10331,-0.197598
2,3,0.300,0.310,10332,-0.199074
2,3,0.300,0.310,10333,-0.200689
2,3,0.300,0.310,10334,-0.208159
2,3,0.300,0.310,10335,-0.213493
2,3,0.300,0.310,10336,-0.224208
2,3,0.300,0.310,10337,-0.231000
2,3,0.300,0.310,10338,-0.233262
2,3,0.300,0.310,10339,-0.250384
2,3,0.300,0.310,10340,-0.261952
2,3,0.300,0.310,10341,-0.258202
2,3,0.300,0.310,10342,-0.272220
2,3,0.300,0.310,10343,-0.288932
2,3,0.300,0.310,10344,-0.285332
2,3,0.300,0.310,10345,-0.291881
2,3,0.300,0.310,10346,-0.305908
2,3,0.300,0.310,10347,-0.306996
2,3,0.300,0.310,10348,-0.310106
2,3,0.300,0.310,10349,-0.315848
2,3,0.300,0.310,10350,-0.319113
2,3,0.300,0.310,10351,-0.324932
2,3,0.300,0.310,10352,-0.322645
2,3,0.300,0.310,10353,-0.321645
2,3,0.300,0.310,10354,-0.332158
2,3,0.300,0.310,10355,-0.327945
2,3,0.300,0.310,10356,-0.319612
2,3,0.300,0.310,10357,-0.328648
2,3,0.300,0.310,10358,-0.327630
2,3,0.300,0.310,10359,-0.316793
2,3,0.300,0.310,10360,-0.318864
2,3,0.300,0.310,10361,-0.318114
2,3,0.300,0.310,10362,-0.311109
2,3,0.300,0.310,10363,-0.308852
2,3,0.300,0.310,10364,-0.302561
2,3,0.300,0.310,10365,-0.300427
2,3,0.300,0.310,10366,-0.300858
2,3,0.300,0.310,10367,-0.288723
2,3,0.300,0.310,10368,-0.287317
2,3,0.300,0.310,10369,-0.294685
2,3,0.300,0.310,10370,-0.283286
2,3,0.300,0.310,10371,-0.280046
2,3,0.300,0.310,10372,-0.291833
2,3,0.300,0.310,10373,-0.287210
2,3,0.300,0.310,10374,-0.285130
2,3,0.300,0.310,10375,-0.296646
2,3,0.300,0.310,10376,-0.299019
2,3,0.300,0.310,10377,-0.301954
2,3,0.300,0.310,10378,-0.310119
2,3,0.300,0.310,10379,-0.314871
2,3,0.300,0.310,10380,-0.325399
2,3,0.300,0.310,10381,-0.330981
2,3,0.300,0.310,10382,-0.331127
2,3,0.300,0.310,10383,-0.346336
2,3,0.300,0.310,10384,-0.354819
2,3,0.300,0.310,10385,-0.348625
2,3,0.300,0.310,10386,-0.360922
2,3,0.300,0.310,10387,-0.373464
2,3,0.300,0.310,10388,-0.366634
2,3,0.300,0.310,10389,-0.372080
2,3,0.300,0.310,10390,-0.383324
2,3,0.300,0.310,10391,-0.381544
2,3,0.300,0.310,10392,-0.383446
2,3,0.300,0.310,10393,-0.387323
2,3,0.300,0.310,10394,-0.389023
2,3,0.300,0.310,10395,-0.394618
2,3,0.300,0.310,10396,-0.390997
2,3,0.300,0.310,10397,-0.389301
2,3,0.300,0.310,10398,-0.400116
2,3,0.300,0.310,10399,-0.395593
2,3,0.300,0.310,10400,-0.387738
2,3,0.300,0.310,10401,-0.397603
2,3,0.300,0.310,10402,-0.396808
2,3,0.300,0.310,10403,-0.387554
2,3,0.300,0.310,10404,-0.391454
2,3,0.300,0.310,10405,-0.391285
2,3,0.300,0.310,10406,-0.386758
2,3,0.300,0.310,10407,-0.387161
2,3,0.300,0.310,10408,-0.382047
2,3,0.300,0.310,10409,-0.382724
2,3,0.300,0.310,10410,-0.386326
2,3,0.300,0.310,10411,-0.375950
2,3,0.300,0.310,10412,-0.377306
2,3,0.300,0.310,10413,-0.387447
2,3,0.300,0.310,10414,-0.377458
2,3,0.300,0.310,10415,-0.376586
2,3,0.300,0.310,10416,-0.390071
2,3,0.300,0.310,10417,-0.385686
2,3,0.300,0.310,10418,-0.384480
2,3,0.300,0.310,10419,-0.395897
2,3,0.300,0.310,10420,-0.396908
2,3,0.300,0.310,10421,-0.399224
2,3,0.300,0.310,10422,-0.405641
2,3,0.300,0.310,10423,-0.407429
2,3,0.300,0.310,10424,-0.415731
2,3,0.300,0.310,10425,-0.418726
2,3,0.300,0.310,10426,-0.416233
2,3,0.300,0.310,10427,-0.428897
2,3,0.300,0.310,10428,-0.433672
2,3,0.300,0.310,10429,-0.425334
2,3,0.300,0.310,10430,-0.436466
2,3,0.300,0.310,10431,-0.445834
2,3,0.300,0.310,10432,-0.437069
2,3,0.300,0.310,10433,-0.441815
2,3,0.300,0.310,10434,-0.451114
2,3,0.300,0.310,10435,-0.448343
2,3,0.300,0.310,10436,-0.450372
2,3,0.300,0.310,10437,-0.452940
2,3,0.300,0.310,10438,-0.454328
2,3,0.300,0.310,10439,-0.460866
2,3,0.300,0.310,10440,-0.456971
2,3,0.300,0.310,10441,-0.455780
2,3,0.300,0.310,10442,-0.467835
2,3,0.300,0.310,10443,-0.463995
2,3,0.300,0.310,10444,-0.457672
2,3,0.300,0.310,10445,-0.469307
2,3,0.300,0.310,10446,-0.469662
2,3,0.300,0.310,10447,-0.462956
2,3,0.300,0.310,10448,-0.469173
2,3,0.300,0.310,10449,-0.470351
2,3,0.300,0.310,10450,-0.468885
2,3,0.300,0.310,10451,-0.471961
2,3,0.300,0.310,10452,-0.468350
2,3,0.300,0.310,10453,-0.471702
2,3,0.300,0.310,10454,-0.477453
2,3,0.300,0.310,10455,-0.468142
2,3,0.300,0.310,10456,-0.471338
2,3,0.300,0.310,10457,-0.482230
2,3,0.300,0.310,10458,-0.472048
2,3,0.300,0.310,10459,-0.471537
2,3,0.300,0.310,10460,-0.483865
2,3,0.300,0.310,10461,-0.477825
2,3,0.300,0.310,10462,-0.475841
2,3,0.300,0.310,10463,-0.484626
2,3,0.300,0.310,10464,-0.482415
2,3,0.300,0.310,10465,-0.483097
2,3,0.300,0.310,10466,-0.486984
2,3,0.300,0.310,10467,-0.485650
2,3,0.300,0.310,10468,-0.491601
2,3,0.300,0.310,10469,-0.491945
2,3,0.300,0.310,10470,-0.487601
2,3,0.300,0.310,10471,-0.498855
2,3,0.300,0.310,10472,-0.501057
2,3,0.300,0.310,10473,-0.491579
2,3,0.300,0.310,10474,-0.502052
2,3,0.300,0.310,10475,-0.509690
2,3,0.300,0.310,10476,-0.500706
2,3,0.300,0.310,10477,-0.505523
2,3,0.300,0.310,10478,-0.513602
2,3,0.300,0.310,10479,-0.511326
2,3,0.300,0.310,10480,-0.514480
2,3,0.300,0.310,10481,-0.516549
2,3,0.300,0.310,10482,-0.518932
2,3,0.300,0.310,10483,-0.527170
2,3,0.300,0.310,10484,-0.523810
2,3,0.300,0.310,10485,-0.524206
2,3,0.300,0.310,10486,-0.538272
2,3,0.300,0.310,10487,-0.535746
2,3,0.300,0.310,10488,-0.531728
2,3,0.300,0.310,10489,-0.545484
2,3,0.300,0.310,10490,-0.547308
2,3,0.300,0.310,10491,-0.543355
2,3,0.300,0.310,10492,-0.551631
2,3,0.300,0.310,10493,-0.554052
2,3,0.300,0.310,10494,-0.554827
2,3,0.300,0.310,10495,-0.559229
2,3,0.300,0.310,10496,-0.556163
2,3,0.300,0.310,10497,-0.560641
2,3,0.300,0.310,10498,-0.566304
2,3,0.300,0.310,10499,-0.556344
2,3,0.300,0.310,10500,-0.559123
2,3,0.300,0.310,10501,-0.568182
2,3,0.300,0.310,10502,-0.556495
2,3,0.300,0.310,10503,-0.554762
2,3,0.300,0.310,10504,-0.563776
2,3,0.300,0.310,10505,-0.555246
2,3,0.300,0.310,10506,-0.552173
2,3,0.300,0.310,10507,-0.557997
2,3,0.300,0.310,10508,-0.553011
2,3,0.300,0.310,10509,-0.552247
2,3,0.300,0.310,10510,-0.553932
2,3,0.300,0.310,10511,-0.550861
2,3,0.300,0.310,10512,-0.555851
2,3,0.300,0.310,10513,-0.554375
2,3,0.300,0.310,10514,-0.549126
2,3,0.300,0.310,10515,-0.559994
2,3,0.300,0.310,10516,-0.561127
2,3,0.300,0.310,10517,-0.551748
2,3,0.300,0.310,10518,-0.562218
2,3,0.300,0.310,10519,-0.569200
2,3,0.300,0.310,10520,-0.561308
2,3,0.300,0.310,10521,-0.566999
2,3,0.300,0.310,10522,-0.574739
2,3,0.300,0.310,10523,-0.574171
2,3,0.300,0.310,10524,-0.578999
2,3,0.300,0.310,10525,-0.581346
2,3,0.300,0.310,10526,-0.585751
2,3,0.300,0.310,10527,-0.596111
2,3,0.300,0.310,10528,-0.593770
2,3,0.300,0.310,10529,-0.596384
2,3,0.300,0.310,10530,-0.612428
2,3,0.300,0.310,10531,-0.611101
2,3,0.300,0.310,10532,-0.609395
2,3,0.300,0.310,10533,-0.624617
2,3,0.300,0.310,10534,-0.627167
2,3,0.300,0.310,10535,-0.624839
2,3,0.300,0.310,10536,-0.633565
2,3,0.300,0.310,10537,-0.635808
2,3,0.300,0.310,10538,-0.637082
2,3,0.300,0.310,10539,-0.640622
2,3,0.300,0.310,10540,-0.636162
2,3,0.300,0.310,10541,-0.639713
2,3,0.300,0.310,10542,-0.643470
2,3,0.300,0.310,10543,-0.631858
2,3,0.300,0.310,10544,-0.632818
2,3,0.300,0.310,10545,-0.638769
2,3,0.300,0.310,10546,-0.625522
2,3,0.300,0.310,10547,-0.622696
2,3,0.300,0.310,10548,-0.628665
2,3,0.300,0.310,10549,-0.618410
2,3,0.300,0.310,10550,-0.614532
2,3,0.300,0.310,10551,-0.618246
2,3,0.300,0.310,10552,-0.612242
2,3,0.300,0.310,10553,-0.611102
2,3,0.300,0.310,10554,-0.611169
2,3,0.300,0.310,10555,-0.607656
2,3,0.300,0.310,10556,-0.612930
2,3,0.300,0.310,10557,-0.610695
2,3,0.300,0.310,10558,-0.605644
2,3,0.300,0.310,10559,-0.616943
2,3,0.300,0.310,10560,-0.618037
2,3,0.300,0.310,10561,-0.609834
2,3,0.300,0.310,10562,-0.621105
2,3,0.300,0.310,10563,-0.628323
2,3,0.300,0.310,10564,-0.622484
2,3,0.300,0.310,10565,-0.629534
2,3,0.300,0.310,10566,-0.637663
2,3,0.300,0.310,10567,-0.639589
2,3,0.300,0.310,10568,-0.646243
2,3,0.300,0.310,10569,-0.649303
2,3,0.300,0.310,10570,-0.656039
2,3,0.300,0.310,10571,-0.667986
2,3,0.300,0.310,10572,-0.666416
2,3,0.300,0.310,10573,-0.670996
2,3,0.300,0.310,10574,-0.687745
2,3,0.300,0.310,10575,-0.686560
2,3,0.300,0.310,10576,-0.685906
2,3,0.300,0.310,10577,-0.700559
2,3,0.300,0.310,10578,-0.702341
2,3,0.300,0.310,10579,-0.700035
2,3,0.300,0.310,10580,-0.706913
2,3,0.300,0.310,10581,-0.707196
2,3,0.300,0.310,10582,-0.707644
2,3,0.300,0.310,10583,-0.709113
2,3,0.300,0.310,10584,-0.702459
2,3,0.300,0.310,10585,-0.704210
2,3,0.300,0.310,10586,-0.705591
2,3,0.300,0.310,10587,-0.692739
2,3,0.300,0.310,10588,-0.692484
2,3,0.300,0.310,10589,-0.695919
2,3,0.300,0.310,10590,-0.681804
2,3,0.300,0.310,10591,-0.678435
2,3,0.300,0.310,10592,-0.682685
2,3,0.300,0.310,10593,-0.672245
2,3,0.300,0.310,10594,-0.668169
2,3,0.300,0.310,10595,-0.670534
2,3,0.300,0.310,10596,-0.664965
2,3,0.300,0.310,10597,-0.664449
2,3,0.300,0.310,10598,-0.663698
2,3,0.300,0.310,10599,-0.660929
2,3,0.300,0.310,10600,-0.667250
2,3,0.300,0.310,10601,-0.665055
2,3,0.300,0.310,10602,-0.661273
2,3,0.300,0.310,10603,-0.673766
2,3,0.300,0.310,10604,-0.675514
2,3,0.300,0.310,10605,-0.669276
2,3,0.300,0.310,10606,-0.681808
2,3,0.300,0.310,10607,-0.689786
2,3,0.300,0.310,10608,-0.686497
2,3,0.300,0.310,10609,-0.694931
2,3,0.300,0.310,10610,-0.703686
2,3,0.300,0.310,10611,-0.707910
2,3,0.300,0.310,10612,-0.715589
2,3,0.300,0.310,10613,-0.719064
2,3,0.300,0.310,10614,-0.727325
2,3,0.300,0.310,10615,-0.739189
2,3,0.300,0.310,10616,-0.737300
2,3,0.300,0.310,10617,-0.742263
2,3,0.300,0.310,10618,-0.757575
2,3,0.300,0.310,10619,-0.755350
2,3,0.300,0.310,10620,-0.754073
2,3,0.300,0.310,10621,-0.765927
2,3,0.300,0.310,10622,-0.765909
2,3,0.300,0.310,10623,-0.762942
2,3,0.300,0.310,10624,-0.767058
2,3,0.300,0.310,10625,-0.765056
2,3,0.300,0.310,10626,-0.764354
2,3,0.300,0.310,10627,-0.763780
2,3,0.300,0.310,10628,-0.755856
2,3,0.300,0.310,10629,-0.756644
2,3,0.300,0.310,10630,-0.756105
2,3,0.300,0.310,10631,-0.742748
2,3,0.300,0.310,10632,-0.742279
2,3,0.300,0.310,10633,-0.744520
2,3,0.300,0.310,10634,-0.730566
2,3,0.300,0.310,10635,-0.727168
2,3,0.300,0.310,10636,-0.730696
2,3,0.300,0.310,10637,-0.721292
2,3,0.300,0.310,10638,-0.717788
2,3,0.300,0.310,10639,-0.719616
2,3,0.300,0.310,10640,-0.715540
2,3,0.300,0.310,10641,-0.716240
2,3,0.300,0.310,10642,-0.715435
2,3,0.300,0.310,10643,-0.714455
2,3,0.300,0.310,10644,-0.722347
2,3,0.300,0.310,10645,-0.720724
2,3,0.300,0.310,10646,-0.718937
2,3,0.300,0.310,10647,-0.732907
2,3,0.300,0.310,10648,-0.735545
2,3,0.300,0.310,10649,-0.731594
2,3,0.300,0.310,10650,-0.745233
2,3,0.300,0.310,10651,-0.753763
2,3,0.300,0.310,10652,-0.752469
2,3,0.300,0.310,10653,-0.761408
2,3,0.300,0.310,10654,-0.770148
2,3,0.300,0.310,10655,-0.775386
2,3,0.300,0.310,10656,-0.782381
2,3,0.300,0.310,10657,-0.784985
2,3,0.300,0.310,10658,-0.793038
2,3,0.300,0.310,10659,-0.803057
2,3,0.300,0.310,10660,-0.799771
2,3,0.300,0.310,10661,-0.803355
2,3,0.300,0.310,10662,-0.815660
2,3,0.300,0.310,10663,-0.812111
2,3,0.300,0.310,10664,-0.809796
2,3,0.300,0.310,10665,-0.818354
2,3,0.300,0.310,10666,-0.816690
2,3,0.300,0.310,10667,-0.813067
2,3,0.300,0.310,10668,-0.814990
2,3,0.300,0.310,10669,-0.811970
2,3,0.300,0.310,10670,-0.810692
2,3,0.300,0.310,10671,-0.808437
2,3,0.300,0.310,10672,-0.800335
2,3,0.300,0.310,10673,-0.801312
2,3,0.300,0.310,10674,-0.799738
2,3,0.300,0.310,10675,-0.786674
2,3,0.300,0.310,10676,-0.786656
2,3,0.300,0.310,10677,-0.788651
2,3,0.300,0.310,10678,-0.775836
2,3,0.300,0.310,10679,-0.773121
2,3,0.300,0.310,10680,-0.776683
2,3,0.300,0.310,10681,-0.769132
2,3,0.300,0.310,10682,-0.766776
2,3,0.300,0.310,10683,-0.768828
2,3,0.300,0.310,10684,-0.767060
2,3,0.300,0.310,10685,-0.769283
2,3,0.300,0.310,10686,-0.768938
2,3,0.300,0.310,10687,-0.770309
2,3,0.300,0.310,10688,-0.779723
2,3,0.300,0.310,10689,-0.778765
2,3,0.300,0.310,10690,-0.779147
2,3,0.300,0.310,10691,-0.793994
2,3,0.300,0.310,10692,-0.796930
2,3,0.300,0.310,10693,-0.794622
2,3,0.300,0.310,10694,-0.808185
2,3,0.300,0.310,10695,-0.816240
2,3,0.300,0.310,10696,-0.815541
2,3,0.300,0.310,10697,-0.823158
2,3,0.300,0.310,10698,-0.830461
2,3,0.300,0.310,10699,-0.835296
2,3,0.300,0.310,10700,-0.840177
2,3,0.300,0.310,10701,-0.840755
2,3,0.300,0.310,10702,-0.847221
2,3,0.300,0.310,10703,-0.854691
2,3,0.300,0.310,10704,-0.850064
2,3,0.300,0.310,10705,-0.852104
2,3,0.300,0.310,10706,-0.861386
2,3,0.300,0.310,10707,-0.856843
2,3,0.300,0.310,10708,-0.853909
2,3,0.300,0.310,10709,-0.860246
2,3,0.300,0.310,10710,-0.858002
2,3,0.300,0.310,10711,-0.853960
2,3,0.300,0.310,10712,-0.854372
2,3,0.300,0.310,10713,-0.851631
2,3,0.300,0.310,10714,-0.850601
2,3,0.300,0.310,10715,-0.847247
2,3,0.300,0.310,10716,-0.839824
2,3,0.300,0.310,10717,-0.841665
2,3,0.300,0.310,10718,-0.839818
2,3,0.300,0.310,10719,-0.827963
2,3,0.300,0.310,10720,-0.829012
2,3,0.300,0.310,10721,-0.831344
2,3,0.300,0.310,10722,-0.820396
2,3,0.300,0.310,10723,-0.818968
2,3,0.300,0.310,10724,-0.823142
2,3,0.300,0.310,10725,-0.817996
2,3,0.300,0.310,10726,-0.817049
2,3,0.300,0.310,10727,-0.819752
2,3,0.300,0.310,10728,-0.820502
2,3,0.300,0.310,10729,-0.823961
2,3,0.300,0.310,10730,-0.824168
2,3,0.300,0.310,10731,-0.827668
2,3,0.300,0.310,10732,-0.837526
2,3,0.300,0.310,10733,-0.836597
2,3,0.300,0.310,10734,-0.838297
2,3,0.300,0.310,10735,-0.852434
2,3,0.300,0.310,10736,-0.854608
2,3,0.300,0.310,10737,-0.852442
2,3,0.300,0.310,10738,-0.863955
2,3,0.300,0.310,10739,-0.870453
2,3,0.300,0.310,10740,-0.869311
2,3,0.300,0.310,10741,-0.874230
2,3,0.300,0.310,10742,-0.879216
2,3,0.300,0.310,10743,-0.882957
2,3,0.300,0.310,10744,-0.885546
2,3,0.300,0.310,10745,-0.884433
2,3,0.300,0.310,10746,-0.889411
2,3,0.300,0.310,10747,-0.894487
2,3,0.300,0.310,10748,-0.889088
2,3,0.300,0.310,10749,-0.890491
2,3,0.300,0.310,10750,-0.897798
2,3,0.300,0.310,10751,-0.892884
2,3,0.300,0.310,10752,-0.889657
2,3,0.300,0.310,10753,-0.894797
2,3,0.300,0.310,10754,-0.893011
2,3,0.300,0.310,10755,-0.889022
2,3,0.300,0.310,10756,-0.888527
2,3,0.300,0.310,10757,-0.886865
2,3,0.300,0.310,10758,-0.886624
2,3,0.300,0.310,10759,-0.882860
2,3,0.300,0.310,10760,-0.876938
2,3,0.300,0.310,10761,-0.880037
2,3,0.300,0.310,10762,-0.878415
2,3,0.300,0.310,10763,-0.868502
2,3,0.300,0.310,10764,-0.871046
2,3,0.300,0.310,10765,-0.874049
2,3,0.300,0.310,10766,-0.865420
2,3,0.300,0.310,10767,-0.865475
2,3,0.300,0.310,10768,-0.870377
2,3,0.300,0.310,10769,-0.867540
2,3,0.300,0.310,10770,-0.867688
2,3,0.300,0.310,10771,-0.870953
2,3,0.300,0.310,10772,-0.873466
2,3,0.300,0.310,10773,-0.876948
2,3,0.300,0.310,10774,-0.877060
2,3,0.300,0.310,10775,-0.881501
2,3,0.300,0.310,10776,-0.890167
2,3,0.300,0.310,10777,-0.888258
2,3,0.300,0.310,10778,-0.889624
2,3,0.300,0.310,10779,-0.901387
2,3,0.300,0.310,10780,-0.902249
2,3,0.300,0.310,10781,-0.899275
2,3,0.300,0.310,10782,-0.907572
2,3,0.300,0.310,10783,-0.912239
2,3,0.300,0.310,10784,-0.910485
2,3,0.300,0.310,10785,-0.912882
2,3,0.300,0.310,10786,-0.916198
2,3,0.300,0.310,10787,-0.918931
2,3,0.300,0.310,10788,-0.919522
2,3,0.300,0.310,10789,-0.917745
2,3,0.300,0.310,10790,-0.922182
2,3,0.300,0.310,10791,-0.925465
2,3,0.300,0.310,10792,-0.919808
2,3,0.300,0.310,10793,-0.921203
2,3,0.300,0.310,10794,-0.927451
2,3,0.300,0.310,10795,-0.922843
2,3,0.300,0.310,10796,-0.919720
2,3,0.300,0.310,10797,-0.924254
2,3,0.300,0.310,10798,-0.923497
2,3,0.300,0.310,10799,-0.920041
2,3,0.300,0.310,10800,-0.919264
2,3,0.300,0.310,10801,-0.919207
2,3,0.300,0.310,10802,-0.919979
2,3,0.300,0.310,10803,-0.916308
2,3,0.300,0.310,10804,-0.912446
2,3,0.300,0.310,10805,-0.916905
2,3,0.300,0.310,10806,-0.915731
2,3,0.300,0.310,10807,-0.908136
2,3,0.300,0.310,10808,-0.912057
2,3,0.300,0.310,10809,-0.915505
2,3,0.300,0.310,10810,-0.909053
2,3,0.300,0.310,10811,-0.910171
2,3,0.300,0.310,10812,-0.915283
2,3,0.300,0.310,10813,-0.913767
2,3,0.300,0.310,10814,-0.913868
2,3,0.300,0.310,10815,-0.916901
2,3,0.300,0.310,10816,-0.919916
2,3,0.300,0.310,10817,-0.921967
2,3,0.300,0.310,10818,-0.920919
2,3,0.300,0.310,10819,-0.924900
2,3,0.300,0.310,10820,-0.931410
2,3,0.300,0.310,10821,-0.928207
2,3,0.300,0.310,10822,-0.928365
2,3,0.300,0.310,10823,-0.937207
2,3,0.300,0.310,10824,-0.936938
2,3,0.300,0.310,10825,-0.933341
2,3,0.300,0.310,10826,-0.939002
2,3,0.300,0.310,10827,-0.942431
2,3,0.300,0.310,10828,-0.940127
2,3,0.300,0.310,10829,-0.940755
2,3,0.300,0.310,10830,-0.943571
2,3,0.300,0.310,10831,-0.945793
2,3,0.300,0.310,10832,-0.944778
2,3,0.300,0.310,10833,-0.943032
2,3,0.300,0.310,10834,-0.947534
2,3,0.300,0.310,10835,-0.949640
2,3,0.300,0.310,10836,-0.944271
2,3,0.300,0.310,10837,-0.945988
2,3,0.300,0.310,10838,-0.951598
2,3,0.300,0.310,10839,-0.947745
2,3,0.300,0.310,10840,-0.945142
2,3,0.300,0.310,10841,-0.949436
2,3,0.300,0.310,10842,-0.949920
2,3,0.300,0.310,10843,-0.947189
2,3,0.300,0.310,10844,-0.946516
2,3,0.300,0.310,10845,-0.948213
2,3,0.300,0.310,10846,-0.949850
2,3,0.300,0.310,10847,-0.946479
2,3,0.300,0.310,10848,-0.944726
2,3,0.300,0.310,10849,-0.949974
2,3,0.300,0.310,10850,-0.948971
2,3,0.300,0.310,10851,-0.943502
2,3,0.300,0.310,10852,-0.947984
2,3,0.300,0.310,10853,-0.951129
2,3,0.300,0.310,10854,-0.945962
2,3,0.300,0.310,10855,-0.947019
2,3,0.300,0.310,10856,-0.951576
2,3,0.300,0.310,10857,-0.950284
2,3,0.300,0.310,10858,-0.949068
2,3,0.300,0.310,10859,-0.951066
2,3,0.300,0.310,10860,-0.953807
2,3,0.300,0.310,10861,-0.953986
2,3,0.300,0.310,10862,-0.951578
2,3,0.300,0.310,10863,-0.954652
2,3,0.300,0.310,10864,-0.959060
2,3,0.300,0.310,10865,-0.955010
2,3,0.300,0.310,10866,-0.954482
2,3,0.300,0.310,10867,-0.961108
2,3,0.300,0.310,10868,-0.960085
2,3,0.300,0.310,10869,-0.956246
2,3,0.300,0.310,10870,-0.960370
2,3,0.300,0.310,10871,-0.963335
2,3,0.300,0.310,10872,-0.960672
2,3,0.300,0.310,10873,-0.960109
2,3,0.300,0.310,10874,-0.963075
2,3,0.300,0.310,10875,-0.965137
2,3,0.300,0.310,10876,-0.963041
2,3,0.300,0.310,10877,-0.961763
2,3,0.300,0.310,10878,-0.966463
2,3,0.300,0.310,10879,-0.967758
2,3,0.300,0.310,10880,-0.963073
2,3,0.300,0.310,10881,-0.965257
2,3,0.300,0.310,10882,-0.970317
2,3,0.300,0.310,10883,-0.967329
2,3,0.300,0.310,10884,-0.965347
2,3,0.300,0.310,10885,-0.969444
2,3,0.300,0.310,10886,-0.970953
2,3,0.300,0.310,10887,-0.968735
2,3,0.300,0.310,10888,-0.968221
2,3,0.300,0.310,10889,-0.971198
2,3,0.300,0.310,10890,-0.972924
2,3,0.300,0.310,10891,-0.969703
2,3,0.300,0.310,10892,-0.969540
2,3,0.300,0.310,10893,-0.974464
2,3,0.300,0.310,10894,-0.973063
2,3,0.300,0.310,10895,-0.968940
2,3,0.300,0.310,10896,-0.972939
2,3,0.300,0.310,10897,-0.975297
2,3,0.300,0.310,10898,-0.970565
2,3,0.300,0.310,10899,-0.970667
2,3,0.300,0.310,10900,-0.974464
2,3,0.300,0.310,10901,-0.973096
2,3,0.300,0.310,10902,-0.970428
2,3,0.300,0.310,10903,-0.971590
2,3,0.300,0.310,10904,-0.974043
2,3,0.300,0.310,10905,-0.972699
2,3,0.300,0.310,10906,-0.969708
2,3,0.300,0.310,10907,-0.972483
2,3,0.300,0.310,10908,-0.975274
2,3,0.300,0.310,10909,-0.970880
2,3,0.300,0.310,10910,-0.970356
2,3,0.300,0.310,10911,-0.975650
2,3,0.300,0.310,10912,-0.974286
2,3,0.300,0.310,10913,-0.970496
2,3,0.300,0.310,10914,-0.973710
2,3,0.300,0.310,10915,-0.976596
2,3,0.300,0.310,10916,-0.973852
2,3,0.300,0.310,10917,-0.972557
2,3,0.300,0.310,10918,-0.975881
2,3,0.300,0.310,10919,-0.977845
2,3,0.300,0.310,10920,-0.975059
2,3,0.300,0.310,10921,-0.974428
2,3,0.300,0.310,10922,-0.979168
2,3,0.300,0.310,10923,-0.979700
2,3,0.300,0.310,10924,-0.975775
2,3,0.300,0.310,10925,-0.978215
2,3,0.300,0.310,10926,-0.982454
2,3,0.300,0.310,10927,-0.980066
2,3,0.300,0.310,10928,-0.978414
2,3,0.300,0.310,10929,-0.982018
2,3,0.300,0.310,10930,-0.983823
2,3,0.300,0.310,10931,-0.981474
2,3,0.300,0.310,10932,-0.980927
2,3,0.300,0.310,10933,-0.984397
2,3,0.300,0.310,10934,-0.985274
2,3,0.300,0.310,10935,-0.981914
2,3,0.300,0.310,10936,-0.982683
2,3,0.300,0.310,10937,-0.986584
2,3,0.300,0.310,10938,-0.984687
2,3,0.300,0.310,10939,-0.981398
2,3,0.300,0.310,10940,-0.984575
2,3,0.300,0.310,10941,-0.986388
2,3,0.300,0.310,10942,-0.982045
2,3,0.300,0.310,10943,-0.981437
2,3,0.300,0.310,10944,-0.984996
2,3,0.300,0.310,10945,-0.983634
2,3,0.300,0.310,10946,-0.980124
2,3,0.300,0.310,10947,-0.981351
2,3,0.300,0.310,10948,-0.983820
2,3,0.300,0.310,10949,-0.981351
2,3,0.300,0.310,10950,-0.978512
2,3,0.300,0.310,10951,-0.981486
2,3,0.300,0.310,10952,-0.983132
2,3,0.300,0.310,10953,-0.978834
2,3,0.300,0.310,10954,-0.978625
2,3,0.300,0.310,10955,-0.982985
2,3,0.300,0.310,10956,-0.981546
2,3,0.300,0.310,10957,-0.978062
2,3,0.300,0.310,10958,-0.980605
2,3,0.300,0.310,10959,-0.983472
2,3,0.300,0.310,10960,-0.980746
2,3,0.300,0.310,10961,-0.978942
2,3,0.300,0.310,10962,-0.982520
2,3,0.300,0.310,10963,-0.984147
2,3,0.300,0.310,10964,-0.980757
2,3,0.300,0.310,10965,-0.980631
2,3,0.300,0.310,10966,-0.984880
2,3,0.300,0.310,10967,-0.984342
2,3,0.300,0.310,10968,-0.980988
2,3,0.300,0.310,10969,-0.983140
2,3,0.300,0.310,10970,-0.986043
2,3,0.300,0.310,10971,-0.983702
2,3,0.300,0.310,10972,-0.981845
2,3,0.300,0.310,10973,-0.984671
2,3,0.300,0.310,10974,-0.986155
2,3,0.300,0.310,10975,-0.983148
2,3,0.300,0.310,10976,-0.982490
2,3,0.300,0.310,10977,-0.986111
2,3,0.300,0.310,10978,-0.985985
2,3,0.300,0.310,10979,-0.982734
2,3,0.300,0.310,10980,-0.984303
2,3,0.300,0.310,10981,-0.987344
2,3,0.300,0.310,10982,-0.985364
2,3,0.300,0.310,10983,-0.983131
2,3,0.300,0.310,10984,-0.986005
2,3,0.300,0.310,10985,-0.987678
2,3,0.300,0.310,10986,-0.983857
2,3,0.300,0.310,10987,-0.983312
2,3,0.300,0.310,10988,-0.987171
2,3,0.300,0.310,10989,-0.985886
2,3,0.300,0.310,10990,-0.982050
2,3,0.300,0.310,10991,-0.983809
2,3,0.300,0.310,10992,-0.986391
2,3,0.300,0.310,10993,-0.983190
2,3,0.300,0.310,10994,-0.980899
2,3,0.300,0.310,10995,-0.984086
2,3,0.300,0.310,10996,-0.984848
2,3,0.300,0.310,10997,-0.980884
2,3,0.300,0.310,10998,-0.981040
2,3,0.300,0.310,10999,-0.984514
2,3,0.300,0.310,11000,-0.983022
2,3,0.300,0.310,11001,-0.979837
2,3,0.300,0.310,11002,-0.981647
2,3,0.300,0.310,11003,-0.984258
2,3,0.300,0.310,11004,-0.981336
2,3,0.300,0.310,11005,-0.978996
2,3,0.300,0.310,11006,-0.982372
2,3,0.300,0.310,11007,-0.983041
2,3,0.300,0.310,11008,-0.978891
2,3,0.300,0.310,11009,-0.978971
2,3,0.300,0.310,11010,-0.981968
2,3,0.300,0.310,11011,-0.979983
2,3,0.300,0.310,11012,-0.976900
2,3,0.300,0.310,11013,-0.978236
2,3,0.300,0.310,11014,-0.979682
2,3,0.300,0.310,11015,-0.977159
2,3,0.300,0.310,11016,-0.974896
2,3,0.300,0.310,11017,-0.977146
2,3,0.300,0.310,11018,-0.978411
2,3,0.300,0.310,11019,-0.975049
2,3,0.300,0.310,11020,-0.974781
2,3,0.300,0.310,11021,-0.978717
2,3,0.300,0.310,11022,-0.978026
2,3,0.300,0.310,11023,-0.975460
2,3,0.300,0.310,11024,-0.978230
2,3,0.300,0.310,11025,-0.980829
2,3,0.300,0.310,11026,-0.979004
2,3,0.300,0.310,11027,-0.978063
2,3,0.300,0.310,11028,-0.981188
2,3,0.300,0.310,11029,-0.982908
2,3,0.300,0.310,11030,-0.979687
2,3,0.300,0.310,11031,-0.979544
2,3,0.300,0.310,11032,-0.983709
2,3,0.300,0.310,11033,-0.982558
2,3,0.300,0.310,11034,-0.978714
2,3,0.300,0.310,11035,-0.981012
2,3,0.300,0.310,11036,-0.983545
2,3,0.300,0.310,11037,-0.979890
2,3,0.300,0.310,11038,-0.978186
2,3,0.300,0.310,11039,-0.981373
2,3,0.300,0.310,11040,-0.981274
2,3,0.300,0.310,11041,-0.977567
2,3,0.300,0.310,11042,-0.977839
2,3,0.300,0.310,11043,-0.980173
2,3,0.300,0.310,11044,-0.978392
2,3,0.300,0.310,11045,-0.975227
2,3,0.300,0.310,11046,-0.976036
2,3,0.300,0.310,11047,-0.977779
2,3,0.300,0.310,11048,-0.974154
2,3,0.300,0.310,11049,-0.971192
2,3,0.300,0.310,11050,-0.973841
2,3,0.300,0.310,11051,-0.972873
2,3,0.300,0.310,11052,-0.967891
2,3,0.300,0.310,11053,-0.967987
2,3,0.300,0.310,11054,-0.969364
2,3,0.300,0.310,11055,-0.966170
2,3,0.300,0.310,11056,-0.963429
2,3,0.300,0.310,11057,-0.964029
2,3,0.300,0.310,11058,-0.964593
2,3,0.300,0.310,11059,-0.962322
2,3,0.300,0.310,11060,-0.960205
2,3,0.300,0.310,11061,-0.962539
2,3,0.300,0.310,11062,-0.963830
2,3,0.300,0.310,11063,-0.960706
2,3,0.300,0.310,11064,-0.961560
2,3,0.300,0.310,11065,-0.966058
2,3,0.300,0.310,11066,-0.965015
2,3,0.300,0.310,11067,-0.963399
2,3,0.300,0.310,11068,-0.967480
2,3,0.300,0.310,11069,-0.969841
2,3,0.300,0.310,11070,-0.968330
2,3,0.300,0.310,11071,-0.968594
2,3,0.300,0.310,11072,-0.971964
2,3,0.300,0.310,11073,-0.973688
2,3,0.300,0.310,11074,-0.971146
2,3,0.300,0.310,11075,-0.971359
2,3,0.300,0.310,11076,-0.975569
2,3,0.300,0.310,11077,-0.974487
2,3,0.300,0.310,11078,-0.970722
2,3,0.300,0.310,11079,-0.973320
2,3,0.300,0.310,11080,-0.975520
2,3,0.300,0.310,11081,-0.971423
2,3,0.300,0.310,11082,-0.970019
2,3,0.300,0.310,11083,-0.972739
2,3,0.300,0.310,11084,-0.971501
2,3,0.300,0.310,11085,-0.967808
2,3,0.300,0.310,11086,-0.967733
2,3,0.300,0.310,11087,-0.968454
2,3,0.300,0.310,11088,-0.965884
2,3,0.300,0.310,11089,-0.962349
2,3,0.300,0.310,11090,-0.961981
2,3,0.300,0.310,11091,-0.962311
2,3,0.300,0.310,11092,-0.957617
2,3,0.300,0.310,11093,-0.954179
2,3,0.300,0.310,11094,-0.956018
2,3,0.300,0.310,11095,-0.953444
2,3,0.300,0.310,11096,-0.948165
2,3,0.300,0.310,11097,-0.948519
2,3,0.300,0.310,11098,-0.948725
2,3,0.300,0.310,11099,-0.945170
2,3,0.300,0.310,11100,-0.943345
2,3,0.300,0.310,11101,-0.943899
2,3,0.300,0.310,11102,-0.944166
2,3,0.300,0.310,11103,-0.942389
2,3,0.300,0.310,11104,-0.941172
2,3,0.300,0.310,11105,-0.944158
2,3,0.300,0.310,11106,-0.945431
2,3,0.300,0.310,11107,-0.942779
2,3,0.300,0.310,11108,-0.944882
2,3,0.300,0.310,11109,-0.949816
2,3,0.300,0.310,11110,-0.948545
2,3,0.300,0.310,11111,-0.947890
2,3,0.300,0.310,11112,-0.952863
2,3,0.300,0.310,11113,-0.954955
2,3,0.300,0.310,11114,-0.953806
2,3,0.300,0.310,11115,-0.955049
2,3,0.300,0.310,11116,-0.958406
2,3,0.300,0.310,11117,-0.959911
2,3,0.300,0.310,11118,-0.957928
2,3,0.300,0.310,11119,-0.958270
2,3,0.300,0.310,11120,-0.962181
2,3,0.300,0.310,11121,-0.960904
2,3,0.300,0.310,11122,-0.957083
2,3,0.300,0.310,11123,-0.959477
2,3,0.300,0.310,11124,-0.960813
2,3,0.300,0.310,11125,-0.956075
2,3,0.300,0.310,11126,-0.954598
2,3,0.300,0.310,11127,-0.956201
2,3,0.300,0.310,11128,-0.953382
2,3,0.300,0.310,11129,-0.949427
2,3,0.300,0.310,11130,-0.948616
2,3,0.300,0.310,11131,-0.947515
2,3,0.300,0.310,11132,-0.943881
2,3,0.300,0.310,11133,-0.939918
2,3,0.300,0.310,11134,-0.938674
2,3,0.300,0.310,11135,-0.937772
2,3,0.300,0.310,11136,-0.932476
2,3,0.300,0.310,11137,-0.929236
2,3,0.300,0.310,11138,-0.930664
2,3,0.300,0.310,11139,-0.927291
2,3,0.300,0.310,11140,-0.922664
2,3,0.300,0.310,11141,-0.923860
2,3,0.300,0.310,11142,-0.923549
2,3,0.300,0.310,11143,-0.920030
2,3,0.300,0.310,11144,-0.919446
2,3,0.300,0.310,11145,-0.920626
2,3,0.300,0.310,11146,-0.920782
2,3,0.300,0.310,11147,-0.919345
2,3,0.300,0.310,11148,-0.919241
2,3,0.300,0.310,11149,-0.922714
2,3,0.300,0.310,11150,-0.923829
2,3,0.300,0.310,11151,-0.921694
2,3,0.300,0.310,11152,-0.924648
2,3,0.300,0.310,11153,-0.929538
2,3,0.300,0.310,11154,-0.928148
2,3,0.300,0.310,11155,-0.928260
2,3,0.300,0.310,11156,-0.933587
2,3,0.300,0.310,11157,-0.935277
2,3,0.300,0.310,11158,-0.934219
2,3,0.300,0.310,11159,-0.936052
2,3,0.300,0.310,11160,-0.939056
2,3,0.300,0.310,11161,-0.939988
2,3,0.300,0.310,11162,-0.938211
2,3,0.300,0.310,11163,-0.938354
2,3,0.300,0.310,11164,-0.941362
2,3,0.300,0.310,11165,-0.939426
2,3,0.300,0.310,11166,-0.935403
2,3,0.300,0.310,11167,-0.937018
2,3,0.300,0.310,11168,-0.936836
2,3,0.300,0.310,11169,-0.931294
2,3,0.300,0.310,11170,-0.929584
2,3,0.300,0.310,11171,-0.929709
2,3,0.300,0.310,11172,-0.925335
2,3,0.300,0.310,11173,-0.921200
2,3,0.300,0.310,11174,-0.919829
2,3,0.300,0.310,11175,-0.917473
2,3,0.300,0.310,11176,-0.913307
2,3,0.300,0.310,11177,-0.909647
2,3,0.300,0.310,11178,-0.908285
2,3,0.300,0.310,11179,-0.906703
2,3,0.300,0.310,11180,-0.901820
2,3,0.300,0.310,11181,-0.899728
2,3,0.300,0.310,11182,-0.901141
2,3,0.300,0.310,11183,-0.897463
2,3,0.300,0.310,11184,-0.893864
2,3,0.300,0.310,11185,-0.896160
2,3,0.300,0.310,11186,-0.895648
2,3,0.300,0.310,11187,-0.892155
2,3,0.300,0.310,11188,-0.892535
2,3,0.300,0.310,11189,-0.894322
2,3,0.300,0.310,11190,-0.894173
2,3,0.300,0.310,11191,-0.892909
2,3,0.300,0.310,11192,-0.893629
2,3,0.300,0.310,11193,-0.896991
2,3,0.300,0.310,11194,-0.897651
2,3,0.300,0.310,11195,-0.895955
2,3,0.300,0.310,11196,-0.899213
2,3,0.300,0.310,11197,-0.903496
2,3,0.300,0.310,11198,-0.901902
2,3,0.300,0.310,11199,-0.902261
2,3,0.300,0.310,11200,-0.907350
2,3,0.300,0.310,11201,-0.908338
2,3,0.300,0.310,11202,-0.906920
2,3,0.300,0.310,11203,-0.908802
2,3,0.300,0.310,11204,-0.911001
2,3,0.300,0.310,11205,-0.910807
2,3,0.300,0.310,11206,-0.908850
2,3,0.300,0.310,11207,-0.908620
2,3,0.300,0.310,11208,-0.910076
2,3,0.300,0.310,11209,-0.907077
2,3,0.300,0.310,11210,-0.903015
2,3,0.300,0.310,11211,-0.903743
2,3,0.300,0.310,11212,-0.901951
2,3,0.300,0.310,11213,-0.896045
2,3,0.300,0.310,11214,-0.894459
2,3,0.300,0.310,11215,-0.893607
2,3,0.300,0.310,11216,-0.888633
2,3,0.300,0.310,11217,-0.885064
2,3,0.300,0.310,11218,-0.884001
2,3,0.300,0.310,11219,-0.881236
2,3,0.300,0.310,11220,-0.877191
2,3,0.300,0.310,11221,-0.874899
2,3,0.300,0.310,11222,-0.874186
2,3,0.300,0.310,11223,-0.872005
2,3,0.300,0.310,11224,-0.868007
2,3,0.300,0.310,11225,-0.867394
2,3,0.300,0.310,11226,-0.868733
2,3,0.300,0.310,11227,-0.864854
2,3,0.300,0.310,11228,-0.862126
2,3,0.300,0.310,11229,-0.864952
2,3,0.300,0.310,11230,-0.864146
2,3,0.300,0.310,11231,-0.860571
2,3,0.300,0.310,11232,-0.861373
2,3,0.300,0.310,11233,-0.863283
2,3,0.300,0.310,11234,-0.862365
2,3,0.300,0.310,11235,-0.860908
2,3,0.300,0.310,11236,-0.862007
2,3,0.300,0.310,11237,-0.864592
2,3,0.300,0.310,11238,-0.864248
2,3,0.300,0.310,11239,-0.862686
2,3,0.300,0.310,11240,-0.865514
2,3,0.300,0.310,11241,-0.868509
2,3,0.300,0.310,11242,-0.866401
2,3,0.300,0.310,11243,-0.866365
2,3,0.300,0.310,11244,-0.870495
2,3,0.300,0.310,11245,-0.870324
2,3,0.300,0.310,11246,-0.868112
2,3,0.300,0.310,11247,-0.869684
2,3,0.300,0.310,11248,-0.870866
2,3,0.300,0.310,11249,-0.869092
2,3,0.300,0.310,11250,-0.866972
2,3,0.300,0.310,11251,-0.866793
2,3,0.300,0.310,11252,-0.866737
2,3,0.300,0.310,11253,-0.863129
2,3,0.300,0.310,11254,-0.859882
2,3,0.300,0.310,11255,-0.860310
2,3,0.300,0.310,11256,-0.857881
2,3,0.300,0.310,11257,-0.852881
2,3,0.300,0.310,11258,-0.852193
2,3,0.300,0.310,11259,-0.851366
2,3,0.300,0.310,11260,-0.846697
2,3,0.300,0.310,11261,-0.844346
2,3,0.300,0.310,11262,-0.844541
2,3,0.300,0.310,11263,-0.841768
2,3,0.300,0.310,11264,-0.837764
2,3,0.300,0.310,11265,-0.837303
2,3,0.300,0.310,11266,-0.837275
2,3,0.300,0.310,11267,-0.834252
2,3,0.300,0.310,11268,-0.831177
2,3,0.300,0.310,11269,-0.831526
2,3,0.300,0.310,11270,-0.832110
2,3,0.300,0.310,11271,-0.828084
2,3,0.300,0.310,11272,-0.825838
2,3,0.300,0.310,11273,-0.828275
2,3,0.300,0.310,11274,-0.826885
2,3,0.300,0.310,11275,-0.822785
2,3,0.300,0.310,11276,-0.823275
2,3,0.300,0.310,11277,-0.824749
2,3,0.300,0.310,11278,-0.822416
2,3,0.300,0.310,11279,-0.820033
2,3,0.300,0.310,11280,-0.820969
2,3,0.300,0.310,11281,-0.821949
2,3,0.300,0.310,11282,-0.819850
2,3,0.300,0.310,11283,-0.818047
2,3,0.300,0.310,11284,-0.819622
2,3,0.300,0.310,11285,-0.820537
2,3,0.300,0.310,11286,-0.817592
2,3,0.300,0.310,11287,-0.816835
2,3,0.300,0.310,11288,-0.819657
2,3,0.300,0.310,11289,-0.818248
2,3,0.300,0.310,11290,-0.815256
2,3,0.300,0.310,11291,-0.816934
2,3,0.300,0.310,11292,-0.817737
2,3,0.300,0.310,11293,-0.814860
2,3,0.300,0.310,11294,-0.813668
2,3,0.300,0.310,11295,-0.814678
2,3,0.300,0.310,11296,-0.813954
2,3,0.300,0.310,11297,-0.811194
2,3,0.300,0.310,11298,-0.810130
2,3,0.300,0.310,11299,-0.810982
2,3,0.300,0.310,11300,-0.808961
2,3,0.300,0.310,11301,-0.805752
2,3,0.300,0.310,11302,-0.806485
2,3,0.300,0.310,11303,-0.806339
2,3,0.300,0.310,11304,-0.802091
2,3,0.300,0.310,11305,-0.800771
2,3,0.300,0.310,11306,-0.802435
2,3,0.300,0.310,11307,-0.799492
2,3,0.300,0.310,11308,-0.795284
2,3,0.300,0.310,11309,-0.796356
2,3,0.300,0.310,11310,-0.796280
2,3,0.300,0.310,11311,-0.791984
2,3,0.300,0.310,11312,-0.789711
2,3,0.300,0.310,11313,-0.790213
2,3,0.300,0.310,11314,-0.789173
2,3,0.300,0.310,11315,-0.784872
2,3,0.300,0.310,11316,-0.782354
2,3,0.300,0.310,11317,-0.783477
2,3,0.300,0.310,11318,-0.781063
2,3,0.300,0.310,11319,-0.775695
2,3,0.300,0.310,11320,-0.774911
2,3,0.300,0.310,11321,-0.775306
2,3,0.300,0.310,11322,-0.770752
2,3,0.300,0.310,11323,-0.766655
2,3,0.300,0.310,11324,-0.766995
2,3,0.300,0.310,11325,-0.765501
2,3,0.300,0.310,11326,-0.761005
2,3,0.300,0.310,11327,-0.758892
2,3,0.300,0.310,11328,-0.759008
2,3,0.300,0.310,11329,-0.757688
2,3,0.300,0.310,11330,-0.754257
2,3,0.300,0.310,11331,-0.753327
2,3,0.300,0.310,11332,-0.755583
2,3,0.300,0.310,11333,-0.753990
2,3,0.300,0.310,11334,-0.751336
2,3,0.300,0.310,11335,-0.754586
2,3,0.300,0.310,11336,-0.756305
2,3,0.300,0.310,11337,-0.753506
2,3,0.300,0.310,11338,-0.754966
2,3,0.300,0.310,11339,-0.758346
2,3,0.300,0.310,11340,-0.757508
2,3,0.300,0.310,11341,-0.756548
2,3,0.300,0.310,11342,-0.758366
2,3,0.300,0.310,11343,-0.759903
2,3,0.300,0.310,11344,-0.758571
2,3,0.300,0.310,11345,-0.757042
2,3,0.300,0.310,11346,-0.758720
2,3,0.300,0.310,11347,-0.759218
2,3,0.300,0.310,11348,-0.755231
2,3,0.300,0.310,11349,-0.754389
2,3,0.300,0.310,11350,-0.756883
2,3,0.300,0.310,11351,-0.753205
2,3,0.300,0.310,11352,-0.748448
2,3,0.300,0.310,11353,-0.750440
2,3,0.300,0.310,11354,-0.749451
2,3,0.300,0.310,11355,-0.743237
2,3,0.300,0.310,11356,-0.741345
2,3,0.300,0.310,11357,-0.741014
2,3,0.300,0.310,11358,-0.737559
2,3,0.300,0.310,11359,-0.732523
2,3,0.300,0.310,11360,-0.728769
2,3,0.300,0.310,11361,-0.727582
2,3,0.300,0.310,11362,-0.723513
2,3,0.300,0.310,11363,-0.716136
2,3,0.300,0.310,11364,-0.713340
2,3,0.300,0.310,11365,-0.712227
2,3,0.300,0.310,11366,-0.704752
2,3,0.300,0.310,11367,-0.698688
2,3,0.300,0.310,11368,-0.698664
2,3,0.300,0.310,11369,-0.694689
2,3,0.300,0.310,11370,-0.688230
2,3,0.300,0.310,11371,-0.686732
2,3,0.300,0.310,11372,-0.686289
2,3,0.300,0.310,11373,-0.684040
2,3,0.300,0.310,11374,-0.681805
2,3,0.300,0.310,11375,-0.682130
2,3,0.300,0.310,11376,-0.685429
2,3,0.300,0.310,11377,-0.685177
2,3,0.300,0.310,11378,-0.684276
2,3,0.300,0.310,11379,-0.690653
2,3,0.300,0.310,11380,-0.694051
2,3,0.300,0.310,11381,-0.691624
2,3,0.300,0.310,11382,-0.696472
2,3,0.300,0.310,11383,-0.702486
2,3,0.300,0.310,11384,-0.701495
2,3,0.300,0.310,11385,-0.702264
2,3,0.300,0.310,11386,-0.706361
2,3,0.300,0.310,11387,-0.707885
2,3,0.300,0.310,11388,-0.707220
2,3,0.300,0.310,11389,-0.706878
2,3,0.300,0.310,11390,-0.708438
2,3,0.300,0.310,11391,-0.709053
2,3,0.300,0.310,11392,-0.704829
2,3,0.300,0.310,11393,-0.703778
2,3,0.300,0.310,11394,-0.706295
2,3,0.300,0.310,11395,-0.701160
2,3,0.300,0.310,11396,-0.695070
2,3,0.300,0.310,11397,-0.697220
2,3,0.300,0.310,11398,-0.694419
2,3,0.300,0.310,11399,-0.685553
2,3,0.300,0.310,11400,-0.683375
2,3,0.300,0.310,11401,-0.681121
2,3,0.300,0.310,11402,-0.674417
2,3,0.300,0.310,11403,-0.668040
2,3,0.300,0.310,11404,-0.662388
2,3,0.300,0.310,11405,-0.658314
2,3,0.300,0.310,11406,-0.652250
2,3,0.300,0.310,11407,-0.642546
2,3,0.300,0.310,11408,-0.638003
2,3,0.300,0.310,11409,-0.635886
2,3,0.300,0.310,11410,-0.625875
2,3,0.300,0.310,11411,-0.619087
2,3,0.300,0.310,11412,-0.619995
2,3,0.300,0.310,11413,-0.614793
2,3,0.300,0.310,11414,-0.608504
2,3,0.300,0.310,11415,-0.609577
2,3,0.300,0.310,11416,-0.609869
2,3,0.300,0.310,11417,-0.608522
2,3,0.300,0.310,11418,-0.609191
2,3,0.300,0.310,11419,-0.612008
2,3,0.300,0.310,11420,-0.617438
2,3,0.300,0.310,11421,-0.618852
2,3,0.300,0.310,11422,-0.619707
2,3,0.300,0.310,11423,-0.629618
2,3,0.300,0.310,11424,-0.634534
2,3,0.300,0.310,11425,-0.632133
2,3,0.300,0.310,11426,-0.639776
2,3,0.300,0.310,11427,-0.647372
2,3,0.300,0.310,11428,-0.645774
2,3,0.300,0.310,11429,-0.648005
2,3,0.300,0.310,11430,-0.653229
2,3,0.300,0.310,11431,-0.653569
2,3,0.300,0.310,11432,-0.653316
2,3,0.300,0.310,11433,-0.653307
2,3,0.300,0.310,11434,-0.653765
2,3,0.300,0.310,11435,-0.653855
2,3,0.300,0.310,11436,-0.648514
2,3,0.300,0.310,11437,-0.646217
2,3,0.300,0.310,11438,-0.647979
2,3,0.300,0.310,11439,-0.640585
2,3,0.300,0.310,11440,-0.632223
2,3,0.300,0.310,11441,-0.633787
2,3,0.300,0.310,11442,-0.628151
2,3,0.300,0.310,11443,-0.615940
2,3,0.300,0.310,11444,-0.612981
2,3,0.300,0.310,11445,-0.608265
2,3,0.300,0.310,11446,-0.597975
2,3,0.300,0.310,11447,-0.590146
2,3,0.300,0.310,11448,-0.582846
2,3,0.300,0.310,11449,-0.576582
2,3,0.300,0.310,11450,-0.569352
2,3,0.300,0.310,11451,-0.558331
2,3,0.300,0.310,11452,-0.553824
2,3,0.300,0.310,11453,-0.552257
2,3,0.300,0.310,11454,-0.541525
2,3,0.300,0.310,11455,-0.536608
2,3,0.300,0.310,11456,-0.540111
2,3,0.300,0.310,11457,-0.534866
2,3,0.300,0.310,11458,-0.530793
2,3,0.300,0.310,11459,-0.535898
2,3,0.300,0.310,11460,-0.537666
2,3,0.300,0.310,11461,-0.537814
2,3,0.300,0.310,11462,-0.541330
2,3,0.300,0.310,11463,-0.546383
2,3,0.300,0.310,11464,-0.554019
2,3,0.300,0.310,11465,-0.556666
2,3,0.300,0.310,11466,-0.558383
2,3,0.300,0.310,11467,-0.570810
2,3,0.300,0.310,11468,-0.576373
2,3,0.300,0.310,11469,-0.573703
2,3,0.300,0.310,11470,-0.583113
2,3,0.300,0.310,11471,-0.590907
2,3,0.300,0.310,11472,-0.587894
2,3,0.300,0.310,11473,-0.591101
2,3,0.300,0.310,11474,-0.596242
2,3,0.300,0.310,11475,-0.594454
2,3,0.300,0.310,11476,-0.594008
2,3,0.300,0.310,11477,-0.593124
2,3,0.300,0.310,11478,-0.591490
2,3,0.300,0.310,11479,-0.590323
2,3,0.300,0.310,11480,-0.582958
2,3,0.300,0.310,11481,-0.578373
2,3,0.300,0.310,11482,-0.578697
2,3,0.300,0.310,11483,-0.568173
2,3,0.300,0.310,11484,-0.556970
2,3,0.300,0.310,11485,-0.557729
2,3,0.300,0.310,11486,-0.548860
2,3,0.300,0.310,11487,-0.533308
2,3,0.300,0.310,11488,-0.529934
2,3,0.300,0.310,11489,-0.523493
2,3,0.300,0.310,11490,-0.510722
2,3,0.300,0.310,11491,-0.502786
2,3,0.300,0.310,11492,-0.495344
2,3,0.300,0.310,11493,-0.488889
2,3,0.300,0.310,11494,-0.482507
2,3,0.300,0.310,11495,-0.472357
2,3,0.300,0.310,11496,-0.470222
2,3,0.300,0.310,11497,-0.470501
2,3,0.300,0.310,11498,-0.460282
2,3,0.300,0.310,11499,-0.459103
2,3,0.300,0.310,11500,-0.466045
2,3,0.300,0.310,11501,-0.460979
2,3,0.300,0.310,11502,-0.459281
2,3,0.300,0.310,11503,-0.467969
2,3,0.300,0.310,11504,-0.470855
2,3,0.300,0.310,11505,-0.472349
2,3,0.300,0.310,11506,-0.477801
2,3,0.300,0.310,11507,-0.483647
2,3,0.300,0.310,11508,-0.492724
2,3,0.300,0.310,11509,-0.495989
2,3,0.300,0.310,11510,-0.497740
2,3,0.300,0.310,11511,-0.511297
2,3,0.300,0.310,11512,-0.516433
2,3,0.300,0.310,11513,-0.512796
2,3,0.300,0.310,11514,-0.522967
2,3,0.300,0.310,11515,-0.529812
2,3,0.300,0.310,11516,-0.524504
2,3,0.300,0.310,11517,-0.527837
2,3,0.300,0.310,11518,-0.531606
2,3,0.300,0.310,11519,-0.526878
2,3,0.300,0.310,11520,-0.525441
2,3,0.300,0.310,11521,-0.522647
2,3,0.300,0.310,11522,-0.518046
2,3,0.300,0.310,11523,-0.514965
2,3,0.300,0.310,11524,-0.504916
2,3,0.300,0.310,11525,-0.497788
2,3,0.300,0.310,11526,-0.496716
2,3,0.300,0.310,11527,-0.482861
2,3,0.300,0.310,11528,-0.469412
2,3,0.300,0.310,11529,-0.470277
2,3,0.300,0.310,11530,-0.459189
2,3,0.300,0.310,11531,-0.442070
2,3,0.300,0.310,11532,-0.440059
2,3,0.300,0.310,11533,-0.433486
2,3,0.300,0.310,11534,-0.420604
2,3,0.300,0.310,11535,-0.414981
2,3,0.300,0.310,11536,-0.409297
2,3,0.300,0.310,11537,-0.404453
2,3,0.300,0.310,11538,-0.400075
2,3,0.300,0.310,11539,-0.391924
2,3,0.300,0.310,11540,-0.393452
2,3,0.300,0.310,11541,-0.395777
2,3,0.300,0.310,11542,-0.385806
2,3,0.300,0.310,11543,-0.388142
2,3,0.300,0.310,11544,-0.397793
2,3,0.300,0.310,11545,-0.392627
2,3,0.300,0.310,11546,-0.392750
2,3,0.300,0.310,11547,-0.403458
2,3,0.300,0.310,11548,-0.406141
2,3,0.300,0.310,11549,-0.408688
2,3,0.300,0.310,11550,-0.415056
2,3,0.300,0.310,11551,-0.420313
2,3,0.300,0.310,11552,-0.429869
2,3,0.300,0.310,11553,-0.432760
2,3,0.300,0.310,11554,-0.433550
2,3,0.300,0.310,11555,-0.447142
2,3,0.300,0.310,11556,-0.450868
2,3,0.300,0.310,11557,-0.445183
2,3,0.300,0.310,11558,-0.455120
2,3,0.300,0.310,11559,-0.459898
2,3,0.300,0.310,11560,-0.451504
2,3,0.300,0.310,11561,-0.454148
2,3,0.300,0.310,11562,-0.455539
2,3,0.300,0.310,11563,-0.447229
2,3,0.300,0.310,11564,-0.444229
2,3,0.300,0.310,11565,-0.439233
2,3,0.300,0.310,11566,-0.431814
2,3,0.300,0.310,11567,-0.427024
2,3,0.300,0.310,11568,-0.414586
2,3,0.300,0.310,11569,-0.406187
2,3,0.300,0.310,11570,-0.404988
2,3,0.300,0.310,11571,-0.389239
2,3,0.300,0.310,11572,-0.375970
2,3,0.300,0.310,11573,-0.378737
2,3,0.300,0.310,11574,-0.367131
2,3,0.300,0.310,11575,-0.351305
2,3,0.300,0.310,11576,-0.352859
2,3,0.300,0.310,11577,-0.347368
2,3,0.300,0.310,11578,-0.335847
2,3,0.300,0.310,11579,-0.333540
2,3,0.300,0.310,11580,-0.330344
2,3,0.300,0.310,11581,-0.327736
2,3,0.300,0.310,11582,-0.325045
2,3,0.300,0.310,11583,-0.318133
2,3,0.300,0.310,11584,-0.322834
2,3,0.300,0.310,11585,-0.326520
2,3,0.300,0.310,11586,-0.316384
2,3,0.300,0.310,11587,-0.320958
2,3,0.300,0.310,11588,-0.331677
2,3,0.300,0.310,11589,-0.325717
2,3,0.300,0.310,11590,-0.327091
2,3,0.300,0.310,11591,-0.338285
2,3,0.300,0.310,11592,-0.339476
2,3,0.300,0.310,11593,-0.342450
2,3,0.300,0.310,11594,-0.348415
2,3,0.300,0.310,11595,-0.351991
2,3,0.300,0.310,11596,-0.361139
2,3,0.300,0.310,11597,-0.362522
2,3,0.300,0.310,11598,-0.361119
2,3,0.300,0.310,11599,-0.373834
2,3,0.300,0.310,11600,-0.375191
2,3,0.300,0.310,11601,-0.366578
2,3,0.300,0.310,11602,-0.375627
2,3,0.300,0.310,11603,-0.377494
2,3,0.300,0.310,11604,-0.365568
2,3,0.300,0.310,11605,-0.367304
2,3,0.300,0.310,11606,-0.366473
2,3,0.300,0.310,11607,-0.355043
2,3,0.300,0.310,11608,-0.351032
2,3,0.300,0.310,11609,-0.344858
2,3,0.300,0.310,11610,-0.336322
2,3,0.300,0.310,11611,-0.331517
2,3,0.300,0.310,11612,-0.318668
2,3,0.300,0.310,11613,-0.311522
2,3,0.300,0.310,11614,-0.311946
2,3,0.300,0.310,11615,-0.296376
2,3,0.300,0.310,11616,-0.286114
2,3,0.300,0.310,11617,-0.292209
2,3,0.300,0.310,11618,-0.280787
2,3,0.300,0.310,11619,-0.267517
2,3,0.300,0.310,11620,-0.273209
2,3,0.300,0.310,11621,-0.269075
2,3,0.300,0.310,11622,-0.258963
2,3,0.300,0.310,11623,-0.259149
2,3,0.300,0.310,11624,-0.257354
2,3,0.300,0.310,11625,-0.256537
2,3,0.300,0.310,11626,-0.254892
2,3,0.300,0.310,11627,-0.248137
2,3,0.300,0.310,11628,-0.254463
2,3,0.300,0.310,11629,-0.258390
2,3,0.300,0.310,11630,-0.247561
2,3,0.300,0.310,11631,-0.253113
2,3,0.300,0.310,11632,-0.263435
2,3,0.300,0.310,11633,-0.255691
2,3,0.300,0.310,11634,-0.257426
2,3,0.300,0.310,11635,-0.267668
2,3,0.300,0.310,11636,-0.266444
2,3,0.300,0.310,11637,-0.268926
2,3,0.300,0.310,11638,-0.273119
2,3,0.300,0.310,11639,-0.273958
2,3,0.300,0.310,11640,-0.281851
2,3,0.300,0.310,11641,-0.280801
2,3,0.300,0.310,11642,-0.276428
2,3,0.300,0.310,11643,-0.287827
2,3,0.300,0.310,11644,-0.286174
2,3,0.300,0.310,11645,-0.274556
2,3,0.300,0.310,11646,-0.283065
2,3,0.300,0.310,11647,-0.282456
2,3,0.300,0.310,11648,-0.267920
2,3,0.300,0.310,11649,-0.269933
2,3,0.300,0.310,11650,-0.268397
2,3,0.300,0.310,11651,-0.255977
2,3,0.300,0.310,11652,-0.253200
2,3,0.300,0.310,11653,-0.247913
2,3,0.300,0.310,11654,-0.240583
2,3,0.300,0.310,11655,-0.237758
2,3,0.300,0.310,11656,-0.226675
2,3,0.300,0.310,11657,-0.222861
2,3,0.300,0.310,11658,-0.225621
2,3,0.300,0.310,11659,-0.210686
2,3,0.300,0.310,11660,-0.204308
2,3,0.300,0.310,11661,-0.213743
2,3,0.300,0.310,11662,-0.202408
2,3,0.300,0.310,11663,-0.191238
2,3,0.300,0.310,11664,-0.199733
2,3,0.300,0.310,11665,-0.195998
2,3,0.300,0.310,11666,-0.187028
2,3,0.300,0.310,11667,-0.188557
2,3,0.300,0.310,11668,-0.186529
2,3,0.300,0.310,11669,-0.186506
2,3,0.300,0.310,11670,-0.185001
2,3,0.300,0.310,11671,-0.177428
2,3,0.300,0.310,11672,-0.183993
2,3,0.300,0.310,11673,-0.186984
2,3,0.300,0.310,11674,-0.174421
2,3,0.300,0.310,11675,-0.179784
2,3,0.300,0.310,11676,-0.188486
2,3,0.300,0.310,11677,-0.178034
2,3,0.300,0.310,11678,-0.179058
2,3,0.300,0.310,11679,-0.187018
2,3,0.300,0.310,11680,-0.182595
2,3,0.300,0.310,11681,-0.183729
2,3,0.300,0.310,11682,-0.185321
2,3,0.300,0.310,11683,-0.183011
2,3,0.300,0.310,11684,-0.189333
2,3,0.300,0.310,11685,-0.185561
2,3,0.300,0.310,11686,-0.178808
2,3,0.300,0.310,11687,-0.189656
2,3,0.300,0.310,11688,-0.185691
2,3,0.300,0.310,11689,-0.172793
2,3,0.300,0.310,11690,-0.182431
2,3,0.300,0.310,11691,-0.181127
2,3,0.300,0.310,11692,-0.166754
2,3,0.300,0.310,11693,-0.171440
2,3,0.300,0.310,11694,-0.170909
2,3,0.300,0.310,11695,-0.159849
2,3,0.300,0.310,11696,-0.160409
2,3,0.300,0.310,11697,-0.157609
2,3,0.300,0.310,11698,-0.152730
2,3,0.300,0.310,11699,-0.152179
2,3,0.300,0.310,11700,-0.142979
2,3,0.300,0.310,11701,-0.142853
2,3,0.300,0.310,11702,-0.147566
2,3,0.300,0.310,11703,-0.132775
2,3,0.300,0.310,11704,-0.129280
2,3,0.300,0.310,11705,-0.140578
2,3,0.300,0.310,11706,-0.128843
2,3,0.300,0.310,11707,-0.119163
2,3,0.300,0.310,11708,-0.128682
2,3,0.300,0.310,11709,-0.123939
2,3,0.300,0.310,11710,-0.115621
2,3,0.300,0.310,11711,-0.117207
2,3,0.300,0.310,11712,-0.113686
2,3,0.300,0.310,11713,-0.113470
2,3,0.300,0.310,11714,-0.110869
2,3,0.300,0.310,11715,-0.101285
2,3,0.300,0.310,11716,-0.107027
2,3,0.300,0.310,11717,-0.107997
2,3,0.300,0.310,11718,-0.092634
2,3,0.300,0.310,11719,-0.096825
2,3,0.300,0.310,11720,-0.102800
2,3,0.300,0.310,11721,-0.089006
2,3,0.300,0.310,11722,-0.088636
2,3,0.300,0.310,11723,-0.093798
2,3,0.300,0.310,11724,-0.086148
2,3,0.300,0.310,11725,-0.085828
2,3,0.300,0.310,11726,-0.085205
2,3,0.300,0.310,11727,-0.080947
2,3,0.300,0.310,11728,-0.086747
2,3,0.300,0.310,11729,-0.081581
2,3,0.300,0.310,11730,-0.074809
2,3,0.300,0.310,11731,-0.086952
2,3,0.300,0.310,11732,-0.082871
2,3,0.300,0.310,11733,-0.071848
2,3,0.300,0.310,11734,-0.084548
2,3,0.300,0.310,11735,-0.083968
2,3,0.300,0.310,11736,-0.072163
2,3,0.300,0.310,11737,-0.081107
2,3,0.300,0.310,11738,-0.082373
2,3,0.300,0.310,11739,-0.073347
2,3,0.300,0.310,11740,-0.077049
2,3,0.300,0.310,11741,-0.076418
2,3,0.300,0.310,11742,-0.073983
2,3,0.300,0.310,11743,-0.075021
2,3,0.300,0.310,11744,-0.066600
2,3,0.300,0.310,11745,-0.068867
2,3,0.300,0.310,11746,-0.074452
2,3,0.300,0.310,11747,-0.059382
2,3,0.300,0.310,11748,-0.057409
2,3,0.300,0.310,11749,-0.068832
2,3,0.300,0.310,11750,-0.055834
2,3,0.300,0.310,11751,-0.046911
2,3,0.300,0.310,11752,-0.055870
2,3,0.300,0.310,11753,-0.049063
2,3,0.300,0.310,11754,-0.040576
2,3,0.300,0.310,11755,-0.040725
2,3,0.300,0.310,11756,-0.034657
2,3,0.300,0.310,11757,-0.033367
2,3,0.300,0.310,11758,-0.028527
2,3,0.300,0.310,11759,-0.015918
2,3,0.300,0.310,11760,-0.020102
2,3,0.300,0.310,11761,-0.018161
2,3,0.300,0.310,11762,0.000454
2,3,0.300,0.310,11763,-0.002350
2,3,0.300,0.310,11764,-0.005442
2,3,0.300,0.310,11765,0.011355
2,3,0.300,0.310,11766,0.012630
2,3,0.300,0.310,11767,0.009206
2,3,0.300,0.310,11768,0.018459
2,3,0.300,0.310,11769,0.018624
2,3,0.300,0.310,11770,0.019541
2,3,0.300,0.310,11771,0.023250
2,3,0.300,0.310,11772,0.015802
2,3,0.300,0.310,11773,0.019805
2,3,0.300,0.310,11774,0.023829
2,3,0.300,0.310,11775,0.009078
2,3,0.300,0.310,11776,0.011937
2,3,0.300,0.310,11777,0.019075
2,3,0.300,0.310,11778,0.002615
2,3,0.300,0.310,11779,0.002292
2,3,0.300,0.310,11780,0.011434
2,3,0.300,0.310,11781,-0.000965
2,3,0.300,0.310,11782,-0.003522
2,3,0.300,0.310,11783,0.003722
2,3,0.300,0.310,11784,-0.001858
2,3,0.300,0.310,11785,-0.001803
2,3,0.300,0.310,11786,-0.000850
2,3,0.300,0.310,11787,-0.002598
2,3,0.300,0.310,11788,0.006041
2,3,0.300,0.310,11789,0.002948
2,3,0.300,0.310,11790,-0.002208
2,3,0.300,0.310,11791,0.013954
2,3,0.300,0.310,11792,0.015611
2,3,0.300,0.310,11793,0.005450
2,3,0.300,0.310,11794,0.020587
2,3,0.300,0.310,11795,0.029802
2,3,0.300,0.310,11796,0.022890
2,3,0.300,0.310,11797,0.032537
2,3,0.300,0.310,11798,0.042057
2,3,0.300,0.310,11799,0.044528
2,3,0.300,0.310,11800,0.053841
2,3,0.300,0.310,11801,0.056760
2,3,0.300,0.310,11802,0.064522
2,3,0.300,0.310,11803,0.080139
2,3,0.300,0.310,11804,0.077252
2,3,0.300,0.310,11805,0.081989
2,3,0.300,0.310,11806,0.102887
2,3,0.300,0.310,11807,0.100287
2,3,0.300,0.310,11808,0.098664
2,3,0.300,0.310,11809,0.116208
2,3,0.300,0.310,11810,0.116237
2,3,0.300,0.310,11811,0.112613
2,3,0.300,0.310,11812,0.120817
2,3,0.300,0.310,11813,0.118248
2,3,0.300,0.310,11814,0.117217
2,3,0.300,0.310,11815,0.118452
2,3,0.300,0.310,11816,0.108365
2,3,0.300,0.310,11817,0.110080
2,3,0.300,0.310,11818,0.110149
2,3,0.300,0.310,11819,0.092815
2,3,0.300,0.310,11820,0.094812
2,3,0.300,0.310,11821,0.098609
2,3,0.300,0.310,11822,0.079521
2,3,0.300,0.310,11823,0.078740
2,3,0.300,0.310,11824,0.085936
2,3,0.300,0.310,11825,0.071997
2,3,0.300,0.310,11826,0.069591
2,3,0.300,0.310,11827,0.075587
2,3,0.300,0.310,11828,0.069414
2,3,0.300,0.310,11829,0.070306
2,3,0.300,0.310,11830,0.070913
2,3,0.300,0.310,11831,0.069696
2,3,0.300,0.310,11832,0.079661
2,3,0.300,0.310,11833,0.076910
2,3,0.300,0.310,11834,0.073337
2,3,0.300,0.310,11835,0.091644
2,3,0.300,0.310,11836,0.094130
2,3,0.300,0.310,11837,0.086434
2,3,0.300,0.310,11838,0.104369
2,3,0.300,0.310,11839,0.114759
2,3,0.300,0.310,11840,0.110888
2,3,0.300,0.310,11841,0.123718
2,3,0.300,0.310,11842,0.134722
2,3,0.300,0.310,11843,0.140080
2,3,0.300,0.310,11844,0.152014
2,3,0.300,0.310,11845,0.156062
2,3,0.300,0.310,11846,0.166184
2,3,0.300,0.310,11847,0.183068
2,3,0.300,0.310,11848,0.179932
2,3,0.300,0.310,11849,0.185642
2,3,0.300,0.310,11850,0.205922
2,3,0.300,0.310,11851,0.201463
2,3,0.300,0.310,11852,0.199464
2,3,0.300,0.310,11853,0.214726
2,3,0.300,0.310,11854,0.211163
2,3,0.300,0.310,11855,0.205990
2,3,0.300,0.310,11856,0.211804
2,3,0.300,0.310,11857,0.205773
2,3,0.300,0.310,11858,0.202187
2,3,0.300,0.310,11859,0.200458
2,3,0.300,0.310,11860,0.188309
2,3,0.300,0.310,11861,0.188712
2,3,0.300,0.310,11862,0.185710
2,3,0.300,0.310,11863,0.166783
2,3,0.300,0.310,11864,0.168482
2,3,0.300,0.310,11865,0.170375
2,3,0.300,0.310,11866,0.150628
2,3,0.300,0.310,11867,0.150277
2,3,0.300,0.310,11868,0.156224
2,3,0.300,0.310,11869,0.142435
2,3,0.300,0.310,11870,0.141463
2,3,0.300,0.310,11871,0.147065
2,3,0.300,0.310,11872,0.141791
2,3,0.300,0.310,11873,0.144615
2,3,0.300,0.310,11874,0.145785
2,3,0.300,0.310,11875,0.146376
2,3,0.300,0.310,11876,0.158843
2,3,0.300,0.310,11877,0.157342
2,3,0.300,0.310,11878,0.156339
2,3,0.300,0.310,11879,0.177487
2,3,0.300,0.310,11880,0.181469
2,3,0.300,0.310,11881,0.176898
2,3,0.300,0.310,11882,0.197757
2,3,0.300,0.310,11883,0.209463
2,3,0.300,0.310,11884,0.208282
2,3,0.300,0.310,11885,0.223295
2,3,0.300,0.310,11886,0.234990
2,3,0.300,0.310,11887,0.241974
2,3,0.300,0.310,11888,0.254366
2,3,0.300,0.310,11889,0.257682
2,3,0.300,0.310,11890,0.267813
2,3,0.300,0.310,11891,0.283084
2,3,0.300,0.310,11892,0.277987
2,3,0.300,0.310,11893,0.282569
2,3,0.300,0.310,11894,0.299275
2,3,0.300,0.310,11895,0.291565
2,3,0.300,0.310,11896,0.288568
2,3,0.300,0.310,11897,0.300542
2,3,0.300,0.310,11898,0.293176
2,3,0.300,0.310,11899,0.286315
2,3,0.300,0.310,11900,0.289801
2,3,0.300,0.310,11901,0.281513
2,3,0.300,0.310,11902,0.276712
2,3,0.300,0.310,11903,0.272715
2,3,0.300,0.310,11904,0.259365
2,3,0.300,0.310,11905,0.259624
2,3,0.300,0.310,11906,0.255268
2,3,0.300,0.310,11907,0.236159
2,3,0.300,0.310,11908,0.238252
2,3,0.300,0.310,11909,0.239444
2,3,0.300,0.310,11910,0.220642
2,3,0.300,0.310,11911,0.221757
2,3,0.300,0.310,11912,0.227455
2,3,0.300,0.310,11913,0.215305
2,3,0.300,0.310,11914,0.216624
2,3,0.300,0.310,11915,0.222765
2,3,0.300,0.310,11916,0.219809
2,3,0.300,0.310,11917,0.225503
2,3,0.300,0.310,11918,0.227945
2,3,0.300,0.310,11919,0.231286
2,3,0.300,0.310,11920,0.246792
2,3,0.300,0.310,11921,0.246823
2,3,0.300,0.310,11922,0.248816
2,3,0.300,0.310,11923,0.272622
2,3,0.300,0.310,11924,0.277627
2,3,0.300,0.310,11925,0.275405
2,3,0.300,0.310,11926,0.297852
2,3,0.300,0.310,11927,0.309517
2,3,0.300,0.310,11928,0.309315
2,3,0.300,0.310,11929,0.324093
2,3,0.300,0.310,11930,0.334116
2,3,0.300,0.310,11931,0.340373
2,3,0.300,0.310,11932,0.350871
2,3,0.300,0.310,11933,0.351711
2,3,0.300,0.310,11934,0.359642
2,3,0.300,0.310,11935,0.371221
2,3,0.300,0.310,11936,0.363677
2,3,0.300,0.310,11937,0.366881
2,3,0.300,0.310,11938,0.379502
2,3,0.300,0.310,11939,0.368800
2,3,0.300,0.310,11940,0.364978
2,3,0.300,0.310,11941,0.374372
2,3,0.300,0.310,11942,0.364919
2,3,0.300,0.310,11943,0.357466
2,3,0.300,0.310,11944,0.359042
2,3,0.300,0.310,11945,0.349796
2,3,0.300,0.310,11946,0.345415
2,3,0.300,0.310,11947,0.340367
2,3,0.300,0.310,11948,0.326899
2,3,0.300,0.310,11949,0.327995
2,3,0.300,0.310,11950,0.323608
2,3,0.300,0.310,11951,0.305643
2,3,0.300,0.310,11952,0.309189
2,3,0.300,0.310,11953,0.310804
2,3,0.300,0.310,11954,0.294165
2,3,0.300,0.310,11955,0.297566
2,3,0.300,0.310,11956,0.304063
2,3,0.300,0.310,11957,0.294813
2,3,0.300,0.310,11958,0.299043
2,3,0.300,0.310,11959,0.306427
2,3,0.300,0.310,11960,0.306562
2,3,0.300,0.310,11961,0.315226
2,3,0.300,0.310,11962,0.319010
2,3,0.300,0.310,11963,0.325263
2,3,0.300,0.310,11964,0.342970
2,3,0.300,0.310,11965,0.343570
2,3,0.300,0.310,11966,0.347535
2,3,0.300,0.310,11967,0.372040
2,3,0.300,0.310,11968,0.376336
2,3,0.300,0.310,11969,0.374572
2,3,0.300,0.310,11970,0.395691
2,3,0.300,0.310,11971,0.404869
2,3,0.300,0.310,11972,0.403898
2,3,0.300,0.310,11973,0.416354
2,3,0.300,0.310,11974,0.422854
2,3,0.300,0.310,11975,0.426731
2,3,0.300,0.310,11976,0.434303
2,3,0.300,0.310,11977,0.432712
2,3,0.300,0.310,11978,0.438569
2,3,0.300,0.310,11979,0.446412
2,3,0.300,0.310,11980,0.436913
2,3,0.300,0.310,11981,0.439382
2,3,0.300,0.310,11982,0.449255
2,3,0.300,0.310,11983,0.437209
2,3,0.300,0.310,11984,0.433119
2,3,0.300,0.310,11985,0.440664
2,3,0.300,0.310,11986,0.430943
2,3,0.300,0.310,11987,0.424281
2,3,0.300,0.310,11988,0.424665
2,3,0.300,0.310,11989,0.415742
2,3,0.300,0.310,11990,0.412922
2,3,0.300,0.310,11991,0.407868
2,3,0.300,0.310,11992,0.395604
2,3,0.300,0.310,11993,0.398656
2,3,0.300,0.310,11994,0.395201
2,3,0.300,0.310,11995,0.379451
2,3,0.300,0.310,11996,0.385394
2,3,0.300,0.310,11997,0.388345
2,3,0.300,0.310,11998,0.374835
2,3,0.300,0.310,11999,0.381012
2,3,0.300,0.310,12000,0.388887
2,3,0.300,0.310,12001,0.382889
2,3,0.300,0.310,12002,0.389767
2,3,0.300,0.310,12003,0.398355
2,3,0.300,0.310,12004,0.401133
2,3,0.300,0.310,12005,0.411303
2,3,0.300,0.310,12006,0.415247
2,3,0.300,0.310,12007,0.422921
2,3,0.300,0.310,12008,0.440403
2,3,0.300,0.310,12009,0.439804
2,3,0.300,0.310,12010,0.443464
2,3,0.300,0.310,12011,0.465503
2,3,0.300,0.310,12012,0.467308
2,3,0.300,0.310,12013,0.464743
2,3,0.300,0.310,12014,0.482399
2,3,0.300,0.310,12015,0.487686
2,3,0.300,0.310,12016,0.485185
2,3,0.300,0.310,12017,0.494966
2,3,0.300,0.310,12018,0.498469
2,3,0.300,0.310,12019,0.500392
2,3,0.300,0.310,12020,0.505180
2,3,0.300,0.310,12021,0.501957
2,3,0.300,0.310,12022,0.507016
2,3,0.300,0.310,12023,0.512567
2,3,0.300,0.310,12024,0.502198
2,3,0.300,0.310,12025,0.504447
2,3,0.300,0.310,12026,0.512918
2,3,0.300,0.310,12027,0.501219
2,3,0.300,0.310,12028,0.497758
2,3,0.300,0.310,12029,0.504260
2,3,0.300,0.310,12030,0.495665
2,3,0.300,0.310,12031,0.490769
2,3,0.300,0.310,12032,0.490887
2,3,0.300,0.310,12033,0.483689
2,3,0.300,0.310,12034,0.483340
2,3,0.300,0.310,12035,0.479079
2,3,0.300,0.310,12036,0.469135
2,3,0.300,0.310,12037,0.475011
2,3,0.300,0.310,12038,0.473112
2,3,0.300,0.310,12039,0.460360
2,3,0.300,0.310,12040,0.469056
2,3,0.300,0.310,12041,0.473475
2,3,0.300,0.310,12042,0.463074
2,3,0.300,0.310,12043,0.471585
2,3,0.300,0.310,12044,0.480368
2,3,0.300,0.310,12045,0.476489
2,3,0.300,0.310,12046,0.484257
2,3,0.300,0.310,12047,0.492524
2,3,0.300,0.310,12048,0.496051
2,3,0.300,0.310,12049,0.505307
2,3,0.300,0.310,12050,0.507423
2,3,0.300,0.310,12051,0.513957
2,3,0.300,0.310,12052,0.528640
2,3,0.300,0.310,12053,0.525814
2,3,0.300,0.310,12054,0.527944
2,3,0.300,0.310,12055,0.545693
2,3,0.300,0.310,12056,0.544444
2,3,0.300,0.310,12057,0.541007
2,3,0.300,0.310,12058,0.555380
2,3,0.300,0.310,12059,0.557703
2,3,0.300,0.310,12060,0.554084
2,3,0.300,0.310,12061,0.561528
2,3,0.300,0.310,12062,0.563409
2,3,0.300,0.310,12063,0.564920
2,3,0.300,0.310,12064,0.567844
2,3,0.300,0.310,12065,0.563809
2,3,0.300,0.310,12066,0.569050
2,3,0.300,0.310,12067,0.573733
2,3,0.300,0.310,12068,0.563720
2,3,0.300,0.310,12069,0.566534
2,3,0.300,0.310,12070,0.574612
2,3,0.300,0.310,12071,0.564420
2,3,0.300,0.310,12072,0.562462
2,3,0.300,0.310,12073,0.568905
2,3,0.300,0.310,12074,0.562614
2,3,0.300,0.310,12075,0.560123
2,3,0.300,0.310,12076,0.560775
2,3,0.300,0.310,12077,0.556331
2,3,0.300,0.310,12078,0.558965
2,3,0.300,0.310,12079,0.555947
2,3,0.300,0.310,12080,0.548925
2,3,0.300,0.310,12081,0.557533
2,3,0.300,0.310,12082,0.556870
2,3,0.300,0.310,12083,0.546953
2,3,0.300,0.310,12084,0.557541
2,3,0.300,0.310,12085,0.562321
2,3,0.300,0.310,12086,0.553605
2,3,0.300,0.310,12087,0.562395
2,3,0.300,0.310,12088,0.570230
2,3,0.300,0.310,12089,0.566623
2,3,0.300,0.310,12090,0.572863
2,3,0.300,0.310,12091,0.578547
2,3,0.300,0.310,12092,0.580737
2,3,0.300,0.310,12093,0.587484
2,3,0.300,0.310,12094,0.587001
2,3,0.300,0.310,12095,0.591299
2,3,0.300,0.310,12096,0.602196
2,3,0.300,0.310,12097,0.597264
2,3,0.300,0.310,12098,0.598304
2,3,0.300,0.310,12099,0.612447
2,3,0.300,0.310,12100,0.609097
2,3,0.300,0.310,12101,0.605132
2,3,0.300,0.310,12102,0.617090
2,3,0.300,0.310,12103,0.618222
2,3,0.300,0.310,12104,0.614633
2,3,0.300,0.310,12105,0.620248
2,3,0.300,0.310,12106,0.621626
2,3,0.300,0.310,12107,0.623919
2,3,0.300,0.310,12108,0.625992
2,3,0.300,0.310,12109,0.622193
2,3,0.300,0.310,12110,0.628459
2,3,0.300,0.310,12111,0.633175
2,3,0.300,0.310,12112,0.624491
2,3,0.300,0.310,12113,0.628772
2,3,0.300,0.310,12114,0.637272
2,3,0.300,0.310,12115,0.629407
2,3,0.300,0.310,12116,0.629508
2,3,0.300,0.310,12117,0.636592
2,3,0.300,0.310,12118,0.633253
2,3,0.300,0.310,12119,0.633318
2,3,0.300,0.310,12120,0.634863
2,3,0.300,0.310,12121,0.633303
2,3,0.300,0.310,12122,0.638229
2,3,0.300,0.310,12123,0.635994
2,3,0.300,0.310,12124,0.631412
2,3,0.300,0.310,12125,0.641203
2,3,0.300,0.310,12126,0.640397
2,3,0.300,0.310,12127,0.631754
2,3,0.300,0.310,12128,0.641837
2,3,0.300,0.310,12129,0.645248
2,3,0.300,0.310,12130,0.636547
2,3,0.300,0.310,12131,0.643112
2,3,0.300,0.310,12132,0.648122
2,3,0.300,0.310,12133,0.643635
2,3,0.300,0.310,12134,0.647344
2,3,0.300,0.310,12135,0.649884
2,3,0.300,0.310,12136,0.650221
2,3,0.300,0.310,12137,0.654229
2,3,0.300,0.310,12138,0.651767
2,3,0.300,0.310,12139,0.654764
2,3,0.300,0.310,12140,0.662734
2,3,0.300,0.310,12141,0.656469
2,3,0.300,0.310,12142,0.657022
2,3,0.300,0.310,12143,0.668990
2,3,0.300,0.310,12144,0.665075
2,3,0.300,0.310,12145,0.661229
2,3,0.300,0.310,12146,0.671488
2,3,0.300,0.310,12147,0.672752
2,3,0.300,0.310,12148,0.670180
2,3,0.300,0.310,12149,0.674718
2,3,0.300,0.310,12150,0.676672
2,3,0.300,0.310,12151,0.680472
2,3,0.300,0.310,12152,0.682439
2,3,0.300,0.310,12153,0.679835
2,3,0.300,0.310,12154,0.687860
2,3,0.300,0.310,12155,0.693148
2,3,0.300,0.310,12156,0.686435
2,3,0.300,0.310,12157,0.692649
2,3,0.300,0.310,12158,0.701899
2,3,0.300,0.310,12159,0.696606
2,3,0.300,0.310,12160,0.698723
2,3,0.300,0.310,12161,0.706487
2,3,0.300,0.310,12162,0.705566
2,3,0.300,0.310,12163,0.707186
2,3,0.300,0.310,12164,0.709042
2,3,0.300,0.310,12165,0.709242
2,3,0.300,0.310,12166,0.714562
2,3,0.300,0.310,12167,0.711719
2,3,0.300,0.310,12168,0.707769
2,3,0.300,0.310,12169,0.716428
2,3,0.300,0.310,12170,0.714164
2,3,0.300,0.310,12171,0.705184
2,3,0.300,0.310,12172,0.712567
2,3,0.300,0.310,12173,0.713659
2,3,0.300,0.310,12174,0.704491
2,3,0.300,0.310,12175,0.708197
2,3,0.300,0.310,12176,0.710408
2,3,0.300,0.310,12177,0.705020
2,3,0.300,0.310,12178,0.706465
2,3,0.300,0.310,12179,0.707033
2,3,0.300,0.310,12180,0.706655
2,3,0.300,0.310,12181,0.708578
2,3,0.300,0.310,12182,0.704973
2,3,0.300,0.310,12183,0.707754
2,3,0.300,0.310,12184,0.714219
2,3,0.300,0.310,12185,0.707666
2,3,0.300,0.310,12186,0.708337
2,3,0.300,0.310,12187,0.719182
2,3,0.300,0.310,12188,0.715830
2,3,0.300,0.310,12189,0.712888
2,3,0.300,0.310,12190,0.722231
2,3,0.300,0.310,12191,0.724584
2,3,0.300,0.310,12192,0.723600
2,3,0.300,0.310,12193,0.727786
2,3,0.300,0.310,12194,0.731171
2,3,0.300,0.310,12195,0.736903
2,3,0.300,0.310,12196,0.739199
2,3,0.300,0.310,12197,0.738332
2,3,0.300,0.310,12198,0.748260
2,3,0.300,0.310,12199,0.754069
2,3,0.300,0.310,12200,0.749403
2,3,0.300,0.310,12201,0.757228
2,3,0.300,0.310,12202,0.766703
2,3,0.300,0.310,12203,0.763123
2,3,0.300,0.310,12204,0.766121
2,3,0.300,0.310,12205,0.773582
2,3,0.300,0.310,12206,0.773620
2,3,0.300,0.310,12207,0.774939
2,3,0.300,0.310,12208,0.775579
2,3,0.300,0.310,12209,0.775793
2,3,0.300,0.310,12210,0.779756
2,3,0.300,0.310,12211,0.775263
2,3,0.300,0.310,12212,0.770498
2,3,0.300,0.310,12213,0.776648
2,3,0.300,0.310,12214,0.772726
2,3,0.300,0.310,12215,0.763299
2,3,0.300,0.310,12216,0.767887
2,3,0.300,0.310,12217,0.767118
2,3,0.300,0.310,12218,0.757663
2,3,0.300,0.310,12219,0.759317
2,3,0.300,0.310,12220,0.760199
2,3,0.300,0.310,12221,0.754752
2,3,0.300,0.310,12222,0.754472
2,3,0.300,0.310,12223,0.754249
2,3,0.300,0.310,12224,0.754351
2,3,0.300,0.310,12225,0.755131
2,3,0.300,0.310,12226,0.751304
2,3,0.300,0.310,12227,0.754632
2,3,0.300,0.310,12228,0.760577
2,3,0.300,0.310,12229,0.754632
2,3,0.300,0.310,12230,0.756188
2,3,0.300,0.310,12231,0.766671
2,3,0.300,0.310,12232,0.764612
2,3,0.300,0.310,12233,0.763109
2,3,0.300,0.310,12234,0.772184
2,3,0.300,0.310,12235,0.776237
2,3,0.300,0.310,12236,0.777055
2,3,0.300,0.310,12237,0.781309
2,3,0.300,0.310,12238,0.786401
2,3,0.300,0.310,12239,0.793786
2,3,0.300,0.310,12240,0.796249
2,3,0.300,0.310,12241,0.797048
2,3,0.300,0.310,12242,0.808031
2,3,0.300,0.310,12243,0.813492
2,3,0.300,0.310,12244,0.810015
2,3,0.300,0.310,12245,0.817979
2,3,0.300,0.310,12246,0.826470
2,3,0.300,0.310,12247,0.823268
2,3,0.300,0.310,12248,0.825259
2,3,0.300,0.310,12249,0.830932
2,3,0.300,0.310,12250,0.830752
2,3,0.300,0.310,12251,0.830550
2,3,0.300,0.310,12252,0.829086
2,3,0.300,0.310,12253,0.828386
2,3,0.300,0.310,12254,0.830468
2,3,0.300,0.310,12255,0.824511
2,3,0.300,0.310,12256,0.819233
2,3,0.300,0.310,12257,0.823179
2,3,0.300,0.310,12258,0.818073
2,3,0.300,0.310,12259,0.808679
2,3,0.300,0.310,12260,0.811682
2,3,0.300,0.310,12261,0.810266
2,3,0.300,0.310,12262,0.800990
2,3,0.300,0.310,12263,0.801365
2,3,0.300,0.310,12264,0.802161
2,3,0.300,0.310,12265,0.797548
2,3,0.300,0.310,12266,0.796219
2,3,0.300,0.310,12267,0.796183
2,3,0.300,0.310,12268,0.797433
2,3,0.300,0.310,12269,0.797827
2,3,0.300,0.310,12270,0.794642
2,3,0.300,0.310,12271,0.799195
2,3,0.300,0.310,12272,0.805210
2,3,0.300,0.310,12273,0.800455
2,3,0.300,0.310,12274,0.803415
2,3,0.300,0.310,12275,0.813958
2,3,0.300,0.310,12276,0.813567
2,3,0.300,0.310,12277,0.813632
2,3,0.300,0.310,12278,0.822697
2,3,0.300,0.310,12279,0.828314
2,3,0.300,0.310,12280,0.830415
2,3,0.300,0.310,12281,0.834600
2,3,0.300,0.310,12282,0.840887
2,3,0.300,0.310,12283,0.848664
2,3,0.300,0.310,12284,0.850441
2,3,0.300,0.310,12285,0.851898
2,3,0.300,0.310,12286,0.862225
2,3,0.300,0.310,12287,0.866308
2,3,0.300,0.310,12288,0.862740
2,3,0.300,0.310,12289,0.868968
2,3,0.300,0.310,12290,0.875541
2,3,0.300,0.310,12291,0.872107
2,3,0.300,0.310,12292,0.872117
2,3,0.300,0.310,12293,0.875520
2,3,0.300,0.310,12294,0.874787
2,3,0.300,0.310,12295,0.873051
2,3,0.300,0.310,12296,0.870085
2,3,0.300,0.310,12297,0.869029
2,3,0.300,0.310,12298,0.869527
2,3,0.300,0.310,12299,0.862677
2,3,0.300,0.310,12300,0.857768
2,3,0.300,0.310,12301,0.860614
2,3,0.300,0.310,12302,0.855097
2,3,0.300,0.310,12303,0.846147
2,3,0.300,0.310,12304,0.848531
2,3,0.300,0.310,12305,0.847418
2,3,0.300,0.310,12306,0.838983
2,3,0.300,0.310,12307,0.838748
2,3,0.300,0.310,12308,0.840255
2,3,0.300,0.310,12309,0.836993
2,3,0.300,0.310,12310,0.835299
2,3,0.300,0.310,12311,0.836253
2,3,0.300,0.310,12312,0.839068
2,3,0.300,0.310,12313,0.839562
2,3,0.300,0.310,12314,0.837541
2,3,0.300,0.310,12315,0.843662
2,3,0.300,0.310,12316,0.849920
2,3,0.300,0.310,12317,0.846600
2,3,0.300,0.310,12318,0.850973
2,3,0.300,0.310,12319,0.861448
2,3,0.300,0.310,12320,0.862317
2,3,0.300,0.310,12321,0.863379
2,3,0.300,0.310,12322,0.872078
2,3,0.300,0.310,12323,0.878277
2,3,0.300,0.310,12324,0.880346
2,3,0.300,0.310,12325,0.883575
2,3,0.300,0.310,12326,0.889852
2,3,0.300,0.310,12327,0.896499
2,3,0.300,0.310,12328,0.896696
2,3,0.300,0.310,12329,0.897503
2,3,0.300,0.310,12330,0.905770
2,3,0.300,0.310,12331,0.908176
2,3,0.300,0.310,12332,0.904130
2,3,0.300,0.310,12333,0.907976
2,3,0.300,0.310,12334,0.912668
2,3,0.300,0.310,12335,0.909003
2,3,0.300,0.310,12336,0.907443
2,3,0.300,0.310,12337,0.909532
2,3,0.300,0.310,12338,0.908620
2,3,0.300,0.310,12339,0.905648
2,3,0.300,0.310,12340,0.902105
2,3,0.300,0.310,12341,0.901642
2,3,0.300,0.310,12342,0.901195
2,3,0.300,0.310,12343,0.894090
2,3,0.300,0.310,12344,0.890071
2,3,0.300,0.310,12345,0.892647
2,3,0.300,0.310,12346,0.887452
2,3,0.300,0.310,12347,0.879522
2,3,0.300,0.310,12348,0.881885
2,3,0.300,0.310,12349,0.881622
2,3,0.300,0.310,12350,0.874560
2,3,0.300,0.310,12351,0.874326
2,3,0.300,0.310,12352,0.877107
2,3,0.300,0.310,12353,0.875430
2,3,0.300,0.310,12354,0.873853
2,3,0.300,0.310,12355,0.876175
2,3,0.300,0.310,12356,0.880585
2,3,0.300,0.310,12357,0.881266
2,3,0.300,0.310,12358,0.880545
2,3,0.300,0.310,12359,0.887907
2,3,0.300,0.310,12360,0.893921
2,3,0.300,0.310,12361,0.891629
2,3,0.300,0.310,12362,0.896649
2,3,0.300,0.310,12363,0.906300
2,3,0.300,0.310,12364,0.907357
2,3,0.300,0.310,12365,0.908081
2,3,0.300,0.310,12366,0.915394
2,3,0.300,0.310,12367,0.921108
2,3,0.300,0.310,12368,0.921913
2,3,0.300,0.310,12369,0.923245
2,3,0.300,0.310,12370,0.928491
2,3,0.300,0.310,12371,0.933339
2,3,0.300,0.310,12372,0.931932
2,3,0.300,0.310,12373,0.931872
2,3,0.300,0.310,12374,0.937927
2,3,0.300,0.310,12375,0.938920
2,3,0.300,0.310,12376,0.934711
2,3,0.300,0.310,12377,0.936999
2,3,0.300,0.310,12378,0.940635
2,3,0.300,0.310,12379,0.936852
2,3,0.300,0.310,12380,0.934371
2,3,0.300,0.310,12381,0.936199
2,3,0.300,0.310,12382,0.935721
2,3,0.300,0.310,12383,0.931907
2,3,0.300,0.310,12384,0.928477
2,3,0.300,0.310,12385,0.929084
2,3,0.300,0.310,12386,0.928298
2,3,0.300,0.310,12387,0.921636
2,3,0.300,0.310,12388,0.918919
2,3,0.300,0.310,12389,0.921690
2,3,0.300,0.310,12390,0.917295
2,3,0.300,0.310,12391,0.910919
2,3,0.300,0.310,12392,0.913665
2,3,0.300,0.310,12393,0.914578
2,3,0.300,0.310,12394,0.909125
2,3,0.300,0.310,12395,0.909265
2,3,0.300,0.310,12396,0.913420
2,3,0.300,0.310,12397,0.913144
2,3,0.300,0.310,12398,0.911816
2,3,0.300,0.310,12399,0.915342
2,3,0.300,0.310,12400,0.920605
2,3,0.300,0.310,12401,0.920964
2,3,0.300,0.310,12402,0.921080
2,3,0.300,0.310,12403,0.928548
2,3,0.300,0.310,12404,0.933432
2,3,0.300,0.310,12405,0.931170
2,3,0.300,0.310,12406,0.935378
2,3,0.300,0.310,12407,0.943339
2,3,0.300,0.310,12408,0.943816
2,3,0.300,0.310,12409,0.943065
2,3,0.300,0.310,12410,0.948230
2,3,0.300,0.310,12411,0.952989
2,3,0.300,0.310,12412,0.952349
2,3,0.300,0.310,12413,0.951927
2,3,0.300,0.310,12414,0.956175
2,3,0.300,0.310,12415,0.959354
2,3,0.300,0.310,12416,0.956771
2,3,0.300,0.310,12417,0.956556
2,3,0.300,0.310,12418,0.961205
2,3,0.300,0.310,12419,0.961235
2,3,0.300,0.310,12420,0.957081
2,3,0.300,0.310,12421,0.958754
2,3,0.300,0.310,12422,0.962086
2,3,0.300,0.310,12423,0.958484
2,3,0.300,0.310,12424,0.955554
2,3,0.300,0.310,12425,0.957681
2,3,0.300,0.310,12426,0.957987
2,3,0.300,0.310,12427,0.953856
2,3,0.300,0.310,12428,0.951114
2,3,0.300,0.310,12429,0.952960
2,3,0.300,0.310,12430,0.952269
2,3,0.300,0.310,12431,0.946517
2,3,0.300,0.310,12432,0.945420
2,3,0.300,0.310,12433,0.948604
2,3,0.300,0.310,12434,0.945239
2,3,0.300,0.310,12435,0.940624
2,3,0.300,0.310,12436,0.943850
2,3,0.300,0.310,12437,0.945795
2,3,0.300,0.310,12438,0.941762
2,3,0.300,0.310,12439,0.942318
2,3,0.300,0.310,12440,0.947240
2,3,0.300,0.310,12441,0.947490
2,3,0.300,0.310,12442,0.946023
2,3,0.300,0.310,12443,0.950000
2,3,0.300,0.310,12444,0.954860
2,3,0.300,0.310,12445,0.954117
2,3,0.300,0.310,12446,0.954039
2,3,0.300,0.310,12447,0.960318
2,3,0.300,0.310,12448,0.963599
2,3,0.300,0.310,12449,0.960715
2,3,0.300,0.310,12450,0.963150
2,3,0.300,0.310,12451,0.969168
2,3,0.300,0.310,12452,0.968999
2,3,0.300,0.310,12453,0.966856
2,3,0.300,0.310,12454,0.970311
2,3,0.300,0.310,12455,0.974169
2,3,0.300,0.310,12456,0.972380
2,3,0.300,0.310,12457,0.971019
2,3,0.300,0.310,12458,0.974989
2,3,0.300,0.310,12459,0.976918
2,3,0.300,0.310,12460,0.973567
2,3,0.300,0.310,12461,0.973633
2,3,0.300,0.310,12462,0.977635
2,3,0.300,0.310,12463,0.977158
2,3,0.300,0.310,12464,0.973260
2,3,0.300,0.310,12465,0.974797
2,3,0.300,0.310,12466,0.978143
2,3,0.300,0.310,12467,0.975019
2,3,0.300,0.310,12468,0.972089
2,3,0.300,0.310,12469,0.974782
2,3,0.300,0.310,12470,0.975890
2,3,0.300,0.310,12471,0.971888
2,3,0.300,0.310,12472,0.970125
2,3,0.300,0.310,12473,0.973176
2,3,0.300,0.310,12474,0.972762
2,3,0.300,0.310,12475,0.968077
2,3,0.300,0.310,12476,0.968533
2,3,0.300,0.310,12477,0.971951
2,3,0.300,0.310,12478,0.969442
2,3,0.300,0.310,12479,0.966363
2,3,0.300,0.310,12480,0.969779
2,3,0.300,0.310,12481,0.971942
2,3,0.300,0.310,12482,0.968579
2,3,0.300,0.310,12483,0.969144
2,3,0.300,0.310,12484,0.973915
2,3,0.300,0.310,12485,0.973606
2,3,0.300,0.310,12486,0.971309
2,3,0.300,0.310,12487,0.974854
2,3,0.300,0.310,12488,0.978532
2,3,0.300,0.310,12489,0.976476
2,3,0.300,0.310,12490,0.975606
2,3,0.300,0.310,12491,0.980267
2,3,0.300,0.310,12492,0.982143
2,3,0.300,0.310,12493,0.978778
2,3,0.300,0.310,12494,0.979832
2,3,0.300,0.310,12495,0.984420
2,3,0.300,0.310,12496,0.983583
2,3,0.300,0.310,12497,0.980734
2,3,0.300,0.310,12498,0.983445
2,3,0.300,0.310,12499,0.986667
2,3,0.300,0.310,12500,0.984033
2,3,0.300,0.310,12501,0.982317
2,3,0.300,0.310,12502,0.986335
2,3,0.300,0.310,12503,0.987447
2,3,0.300,0.310,12504,0.983735
2,3,0.300,0.310,12505,0.984139
2,3,0.300,0.310,12506,0.987820
2,3,0.300,0.310,12507,0.987083
2,3,0.300,0.310,12508,0.983617
2,3,0.300,0.310,12509,0.985242
2,3,0.300,0.310,12510,0.988597
2,3,0.300,0.310,12511,0.985932
2,3,0.300,0.310,12512,0.983310
2,3,0.300,0.310,12513,0.986511
2,3,0.300,0.310,12514,0.988116
2,3,0.300,0.310,12515,0.984447
2,3,0.300,0.310,12516,0.983563
2,3,0.300,0.310,12517,0.987320
2,3,0.300,0.310,12518,0.986968
2,3,0.300,0.310,12519,0.983185
2,3,0.300,0.310,12520,0.984663
2,3,0.300,0.310,12521,0.987788
2,3,0.300,0.310,12522,0.985490
2,3,0.300,0.310,12523,0.983291
2,3,0.300,0.310,12524,0.986475
2,3,0.300,0.310,12525,0.988054
2,3,0.300,0.310,12526,0.984562
2,3,0.300,0.310,12527,0.984701
2,3,0.300,0.310,12528,0.988863
2,3,0.300,0.310,12529,0.987694
2,3,0.300,0.310,12530,0.984511
2,3,0.300,0.310,12531,0.987345
2,3,0.300,0.310,12532,0.989994
2,3,0.300,0.310,12533,0.987050
2,3,0.300,0.310,12534,0.985732
2,3,0.300,0.310,12535,0.989355
2,3,0.300,0.310,12536,0.990185
2,3,0.300,0.310,12537,0.986540
2,3,0.300,0.310,12538,0.987167
2,3,0.300,0.310,12539,0.990929
2,3,0.300,0.310,12540,0.989409
2,3,0.300,0.310,12541,0.986381
2,3,0.300,0.310,12542,0.988838
2,3,0.300,0.310,12543,0.991472
2,3,0.300,0.310,12544,0.988376
2,3,0.300,0.310,12545,0.986610
2,3,0.300,0.310,12546,0.990495
2,3,0.300,0.310,12547,0.991082
2,3,0.300,0.310,12548,0.987229
2,3,0.300,0.310,12549,0.987825
2,3,0.300,0.310,12550,0.991209
2,3,0.300,0.310,12551,0.990144
2,3,0.300,0.310,12552,0.986974
2,3,0.300,0.310,12553,0.988683
2,3,0.300,0.310,12554,0.991684
2,3,0.300,0.310,12555,0.989099
2,3,0.300,0.310,12556,0.986878
2,3,0.300,0.310,12557,0.990073
2,3,0.300,0.310,12558,0.991446
2,3,0.300,0.310,12559,0.988041
2,3,0.300,0.310,12560,0.987670
2,3,0.300,0.310,12561,0.991301
2,3,0.300,0.310,12562,0.990627
2,3,0.300,0.310,12563,0.987349
2,3,0.300,0.310,12564,0.989246
2,3,0.300,0.310,12565,0.991835
2,3,0.300,0.310,12566,0.989275
2,3,0.300,0.310,12567,0.987566
2,3,0.300,0.310,12568,0.990545
2,3,0.300,0.310,12569,0.991449
2,3,0.300,0.310,12570,0.987887
2,3,0.300,0.310,12571,0.987889
2,3,0.300,0.310,12572,0.991538
2,3,0.300,0.310,12573,0.989913
2,3,0.300,0.310,12574,0.986504
2,3,0.300,0.310,12575,0.989065
2,3,0.300,0.310,12576,0.991144
2,3,0.300,0.310,12577,0.987739
2,3,0.300,0.310,12578,0.986413
2,3,0.300,0.310,12579,0.989704
2,3,0.300,0.310,12580,0.989759
2,3,0.300,0.310,12581,0.985940
2,3,0.300,0.310,12582,0.986658
2,3,0.300,0.310,12583,0.989787
2,3,0.300,0.310,12584,0.987598
2,3,0.300,0.310,12585,0.984744
2,3,0.300,0.310,12586,0.986984
2,3,0.300,0.310,12587,0.988792
2,3,0.300,0.310,12588,0.985562
2,3,0.300,0.310,12589,0.983727
2,3,0.300,0.310,12590,0.987053
2,3,0.300,0.310,12591,0.987145
2,3,0.300,0.310,12592,0.983053
2,3,0.300,0.310,12593,0.983408
2,3,0.300,0.310,12594,0.986229
2,3,0.300,0.310,12595,0.984446
2,3,0.300,0.310,12596,0.981161
2,3,0.300,0.310,12597,0.982762
2,3,0.300,0.310,12598,0.984668
2,3,0.300,0.310,12599,0.981579
2,3,0.300,0.310,12600,0.979740
2,3,0.300,0.310,12601,0.982332
2,3,0.300,0.310,12602,0.982795
2,3,0.300,0.310,12603,0.979616
2,3,0.300,0.310,12604,0.979512
2,3,0.300,0.310,12605,0.982685
2,3,0.300,0.310,12606,0.981839
2,3,0.300,0.310,12607,0.979010
2,3,0.300,0.310,12608,0.981404
2,3,0.300,0.310,12609,0.983854
2,3,0.300,0.310,12610,0.981193
2,3,0.300,0.310,12611,0.980424
2,3,0.300,0.310,12612,0.983763
2,3,0.300,0.310,12613,0.984144
2,3,0.300,0.310,12614,0.981050
2,3,0.300,0.310,12615,0.981673
2,3,0.300,0.310,12616,0.985027
2,3,0.300,0.310,12617,0.983291
2,3,0.300,0.310,12618,0.980244
2,3,0.300,0.310,12619,0.982736
2,3,0.300,0.310,12620,0.984570
2,3,0.300,0.310,12621,0.981007
2,3,0.300,0.310,12622,0.979760
2,3,0.300,0.310,12623,0.982931
2,3,0.300,0.310,12624,0.982290
2,3,0.300,0.310,12625,0.978336
2,3,0.300,0.310,12626,0.979253
2,3,0.300,0.310,12627,0.981633
2,3,0.300,0.310,12628,0.978610
2,3,0.300,0.310,12629,0.976071
2,3,0.300,0.310,12630,0.977783
2,3,0.300,0.310,12631,0.978325
2,3,0.300,0.310,12632,0.975008
2,3,0.300,0.310,12633,0.972780
2,3,0.300,0.310,12634,0.974867
2,3,0.300,0.310,12635,0.974169
2,3,0.300,0.310,12636,0.969530
2,3,0.300,0.310,12637,0.969091
2,3,0.300,0.310,12638,0.970955
2,3,0.300,0.310,12639,0.967863
2,3,0.300,0.310,12640,0.964131
2,3,0.300,0.310,12641,0.965549
2,3,0.300,0.310,12642,0.965873
2,3,0.300,0.310,12643,0.962139
2,3,0.300,0.310,12644,0.960909
2,3,0.300,0.310,12645,0.962866
2,3,0.300,0.310,12646,0.962682
2,3,0.300,0.310,12647,0.960298
2,3,0.300,0.310,12648,0.960711
2,3,0.300,0.310,12649,0.963945
2,3,0.300,0.310,12650,0.963538
2,3,0.300,0.310,12651,0.961560
2,3,0.300,0.310,12652,0.965156
2,3,0.300,0.310,12653,0.967915
2,3,0.300,0.310,12654,0.965227
2,3,0.300,0.310,12655,0.966045
2,3,0.300,0.310,12656,0.970168
2,3,0.300,0.310,12657,0.970018
2,3,0.300,0.310,12658,0.967749
2,3,0.300,0.310,12659,0.969251
2,3,0.300,0.310,12660,0.972126
2,3,0.300,0.310,12661,0.970575
2,3,0.300,0.310,12662,0.968097
2,3,0.300,0.310,12663,0.970237
2,3,0.300,0.310,12664,0.971908
2,3,0.300,0.310,12665,0.968239
2,3,0.300,0.310,12666,0.966894
2,3,0.300,0.310,12667,0.969839
2,3,0.300,0.310,12668,0.968372
2,3,0.300,0.310,12669,0.964002
2,3,0.300,0.310,12670,0.964974
2,3,0.300,0.310,12671,0.966198
2,3,0.300,0.310,12672,0.961943
2,3,0.300,0.310,12673,0.959625
2,3,0.300,0.310,12674,0.960192
2,3,0.300,0.310,12675,0.958785
2,3,0.300,0.310,12676,0.955182
2,3,0.300,0.310,12677,0.952204
2,3,0.300,0.310,12678,0.952379
2,3,0.300,0.310,12679,0.950574
2,3,0.300,0.310,12680,0.945117
2,3,0.300,0.310,12681,0.943704
2,3,0.300,0.310,12682,0.944637
2,3,0.300,0.310,12683,0.940149
2,3,0.300,0.310,12684,0.936340
2,3,0.300,0.310,12685,0.938011
2,3,0.300,0.310,12686,0.937114
2,3,0.300,0.310,12687,0.933619
2,3,0.300,0.310,12688,0.933781
2,3,0.300,0.310,12689,0.935525
2,3,0.300,0.310,12690,0.935526
2,3,0.300,0.310,12691,0.934690
2,3,0.300,0.310,12692,0.936155
2,3,0.300,0.310,12693,0.940050
2,3,0.300,0.310,12694,0.940294
2,3,0.300,0.310,12695,0.939249
2,3,0.300,0.310,12696,0.944529
2,3,0.300,0.310,12697,0.947638
2,3,0.300,0.310,12698,0.944868
2,3,0.300,0.310,12699,0.947360
2,3,0.300,0.310,12700,0.952009
2,3,0.300,0.310,12701,0.951205
2,3,0.300,0.310,12702,0.949942
2,3,0.300,0.310,12703,0.952066
2,3,0.300,0.310,12704,0.953979
2,3,0.300,0.310,12705,0.952782
2,3,0.300,0.310,12706,0.950671
2,3,0.300,0.310,12707,0.952007
2,3,0.300,0.310,12708,0.953402
2,3,0.300,0.310,12709,0.949369
2,3,0.300,0.310,12710,0.947422
2,3,0.300,0.310,12711,0.949823
2,3,0.300,0.310,12712,0.947153
2,3,0.300,0.310,12713,0.941870
2,3,0.300,0.310,12714,0.942609
2,3,0.300,0.310,12715,0.941931
2,3,0.300,0.310,12716,0.935906
2,3,0.300,0.310,12717,0.933692
2,3,0.300,0.310,12718,0.932595
2,3,0.300,0.310,12719,0.928691
2,3,0.300,0.310,12720,0.924757
2,3,0.300,0.310,12721,0.921003
2,3,0.300,0.310,12722,0.919264
2,3,0.300,0.310,12723,0.916703
2,3,0.300,0.310,12724,0.910768
2,3,0.300,0.310,12725,0.909070
2,3,0.300,0.310,12726,0.909813
2,3,0.300,0.310,12727,0.904709
2,3,0.300,0.310,12728,0.902020
2,3,0.300,0.310,12729,0.904754
2,3,0.300,0.310,12730,0.903126
2,3,0.300,0.310,12731,0.900858
2,3,0.300,0.310,12732,0.903201
2,3,0.300,0.310,12733,0.905121
2,3,0.300,0.310,12734,0.905614
2,3,0.300,0.310,12735,0.906456
2,3,0.300,0.310,12736,0.908960
2,3,0.300,0.310,12737,0.913682
2,3,0.300,0.310,12738,0.914520
2,3,0.300,0.310,12739,0.914116
2,3,0.300,0.310,12740,0.920785
2,3,0.300,0.310,12741,0.923937
2,3,0.300,0.310,12742,0.921069
2,3,0.300,0.310,12743,0.924913
2,3,0.300,0.310,12744,0.929558
2,3,0.300,0.310,12745,0.927790
2,3,0.300,0.310,12746,0.927496
2,3,0.300,0.310,12747,0.929729
2,3,0.300,0.310,12748,0.930183
2,3,0.300,0.310,12749,0.929221
2,3,0.300,0.310,12750,0.926945
2,3,0.300,0.310,12751,0.926851
2,3,0.300,0.310,12752,0.927606
2,3,0.300,0.310,12753,0.922810
2,3,0.300,0.310,12754,0.919623
2,3,0.300,0.310,12755,0.921025
2,3,0.300,0.310,12756,0.916517
2,3,0.300,0.310,12757,0.909946
2,3,0.300,0.310,12758,0.910331
2,3,0.300,0.310,12759,0.907187
2,3,0.300,0.310,12760,0.899231
2,3,0.300,0.310,12761,0.897354
2,3,0.300,0.310,12762,0.894707
2,3,0.300,0.310,12763,0.888720
2,3,0.300,0.310,12764,0.885174
2,3,0.300,0.310,12765,0.881223
2,3,0.300,0.310,12766,0.878560
2,3,0.300,0.310,12767,0.876333
2,3,0.300,0.310,12768,0.870897
2,3,0.300,0.310,12769,0.870131
2,3,0.300,0.310,12770,0.871401
2,3,0.300,0.310,12771,0.866168
2,3,0.300,0.310,12772,0.865635
2,3,0.300,0.310,12773,0.869994
2,3,0.300,0.310,12774,0.867693
2,3,0.300,0.310,12775,0.866819
2,3,0.300,0.310,12776,0.871297
2,3,0.300,0.310,12777,0.873206
2,3,0.300,0.310,12778,0.874241
2,3,0.300,0.310,12779,0.876504
2,3,0.300,0.310,12780,0.879348
2,3,0.300,0.310,12781,0.884657
2,3,0.300,0.310,12782,0.885894
2,3,0.300,0.310,12783,0.885757
2,3,0.300,0.310,12784,0.893220
2,3,0.300,0.310,12785,0.895979
2,3,0.300,0.310,12786,0.892704
2,3,0.300,0.310,12787,0.897472
2,3,0.300,0.310,12788,0.901555
2,3,0.300,0.310,12789,0.898347
2,3,0.300,0.310,12790,0.898733
2,3,0.300,0.310,12791,0.900336
2,3,0.300,0.310,12792,0.898715
2,3,0.300,0.310,12793,0.897651
2,3,0.300,0.310,12794,0.894677
2,3,0.300,0.310,12795,0.892434
2,3,0.300,0.310,12796,0.892081
2,3,0.300,0.310,12797,0.886132
2,3,0.300,0.310,12798,0.881435
2,3,0.300,0.310,12799,0.881712
2,3,0.300,0.310,12800,0.875037
2,3,0.300,0.310,12801,0.867483
2,3,0.300,0.310,12802,0.867952
2,3,0.300,0.310,12803,0.862669
2,3,0.300,0.310,12804,0.853775
2,3,0.300,0.310,12805,0.853158
2,3,0.300,0.310,12806,0.849642
2,3,0.300,0.310,12807,0.842949
2,3,0.300,0.310,12808,0.841067
2,3,0.300,0.310,12809,0.837806
2,3,0.300,0.310,12810,0.835288
2,3,0.300,0.310,12811,0.833966
2,3,0.300,0.310,12812,0.829509
2,3,0.300,0.310,12813,0.830550
2,3,0.300,0.310,12814,0.832490
2,3,0.300,0.310,12815,0.826935
2,3,0.300,0.310,12816,0.828622
2,3,0.300,0.310,12817,0.834266
2,3,0.300,0.310,12818,0.831128
2,3,0.300,0.310,12819,0.831516
2,3,0.300,0.310,12820,0.837424
2,3,0.300,0.310,12821,0.838592
2,3,0.300,0.310,12822,0.840170
2,3,0.300,0.310,12823,0.843383
2,3,0.300,0.310,12824,0.845790
2,3,0.300,0.310,12825,0.851303
2,3,0.300,0.310,12826,0.852469
2,3,0.300,0.310,12827,0.852004
2,3,0.300,0.310,12828,0.859717
2,3,0.300,0.310,12829,0.861587
2,3,0.300,0.310,12830,0.857277
2,3,0.300,0.310,12831,0.862501
2,3,0.300,0.310,12832,0.865264
2,3,0.300,0.310,12833,0.860040
2,3,0.300,0.310,12834,0.860805
2,3,0.300,0.310,12835,0.861090
2,3,0.300,0.310,12836,0.856739
2,3,0.300,0.310,12837,0.855308
2,3,0.300,0.310,12838,0.851462
2,3,0.300,0.310,12839,0.846899
2,3,0.300,0.310,12840,0.845486
2,3,0.300,0.310,12841,0.838511
2,3,0.300,0.310,12842,0.832954
2,3,0.300,0.310,12843,0.832789
2,3,0.300,0.310,12844,0.824682
2,3,0.300,0.310,12845,0.817534
2,3,0.300,0.310,12846,0.819054
2,3,0.300,0.310,12847,0.812489
2,3,0.300,0.310,12848,0.804317
2,3,0.300,0.310,12849,0.806144
2,3,0.300,0.310,12850,0.802384
2,3,0.300,0.310,12851,0.795819
2,3,0.300,0.310,12852,0.796085
2,3,0.300,0.310,12853,0.793900
2,3,0.300,0.310,12854,0.791974
2,3,0.300,0.310,12855,0.791413
2,3,0.300,0.310,12856,0.787535
2,3,0.300,0.310,12857,0.790211
2,3,0.300,0.310,12858,0.792440
2,3,0.300,0.310,12859,0.786382
2,3,0.300,0.310,12860,0.789663
2,3,0.300,0.310,12861,0.795719
2,3,0.300,0.310,12862,0.791342
2,3,0.300,0.310,12863,0.792749
2,3,0.300,0.310,12864,0.799252
2,3,0.300,0.310,12865,0.798905
2,3,0.300,0.310,12866,0.800759
2,3,0.300,0.310,12867,0.804157
2,3,0.300,0.310,12868,0.805384
2,3,0.300,0.310,12869,0.810607
2,3,0.300,0.310,12870,0.811088
2,3,0.300,0.310,12871,0.809495
2,3,0.300,0.310,12872,0.816893
2,3,0.300,0.310,12873,0.817212
2,3,0.300,0.310,12874,0.811305
2,3,0.300,0.310,12875,0.816703
2,3,0.300,0.310,12876,0.817431
2,3,0.300,0.310,12877,0.809778
2,3,0.300,0.310,12878,0.810991
2,3,0.300,0.310,12879,0.809937
2,3,0.300,0.310,12880,0.802937
2,3,0.300,0.310,12881,0.801600
2,3,0.300,0.310,12882,0.797450
2,3,0.300,0.310,12883,0.791506
2,3,0.300,0.310,12884,0.790137
2,3,0.300,0.310,12885,0.783231
2,3,0.300,0.310,12886,0.778289
2,3,0.300,0.310,12887,0.778737
2,3,0.300,0.310,12888,0.770279
2,3,0.300,0.310,12889,0.765169
2,3,0.300,0.310,12890,0.768612
2,3,0.300,0.310,12891,0.761083
2,3,0.300,0.310,12892,0.754305
2,3,0.300,0.310,12893,0.758912
2,3,0.300,0.310,12894,0.755023
2,3,0.300,0.310,12895,0.748655
2,3,0.300,0.310,12896,0.750707
2,3,0.300,0.310,12897,0.748925
2,3,0.300,0.310,12898,0.747370
2,3,0.300,0.310,12899,0.747262
2,3,0.300,0.310,12900,0.743340
2,3,0.300,0.310,12901,0.746773
2,3,0.300,0.310,12902,0.748639
2,3,0.300,0.310,12903,0.741712
2,3,0.300,0.310,12904,0.745831
2,3,0.300,0.310,12905,0.751436
2,3,0.300,0.310,12906,0.745154
2,3,0.300,0.310,12907,0.747039
2,3,0.300,0.310,12908,0.753194
2,3,0.300,0.310,12909,0.750595
2,3,0.300,0.310,12910,0.752163
2,3,0.300,0.310,12911,0.754913
2,3,0.300,0.310,12912,0.754114
2,3,0.300,0.310,12913,0.758436
2,3,0.300,0.310,12914,0.757664
2,3,0.300,0.310,12915,0.754431
2,3,0.300,0.310,12916,0.761228
2,3,0.300,0.310,12917,0.759454
2,3,0.300,0.310,12918,0.751976
2,3,0.300,0.310,12919,0.757940
2,3,0.300,0.310,12920,0.756757
2,3,0.300,0.310,12921,0.747325
2,3,0.300,0.310,12922,0.749940
2,3,0.300,0.310,12923,0.748403
2,3,0.300,0.310,12924,0.740165
2,3,0.300,0.310,12925,0.740447
2,3,0.300,0.310,12926,0.737149
2,3,0.300,0.310,12927,0.731327
2,3,0.300,0.310,12928,0.731206
2,3,0.300,0.310,12929,0.725479
2,3,0.300,0.310,12930,0.722481
2,3,0.300,0.310,12931,0.724019
2,3,0.300,0.310,12932,0.715316
2,3,0.300,0.310,12933,0.712784
2,3,0.300,0.310,12934,0.718147
2,3,0.300,0.310,12935,0.709537
2,3,0.300,0.310,12936,0.703993
2,3,0.300,0.310,12937,0.710626
2,3,0.300,0.310,12938,0.705895
2,3,0.300,0.310,12939,0.699664
2,3,0.300,0.310,12940,0.702872
2,3,0.300,0.310,12941,0.700420
2,3,0.300,0.310,12942,0.698665
2,3,0.300,0.310,12943,0.698419
2,3,0.300,0.310,12944,0.693697
2,3,0.300,0.310,12945,0.696999
2,3,0.300,0.310,12946,0.697746
2,3,0.300,0.310,12947,0.689131
2,3,0.300,0.310,12948,0.693279
2,3,0.300,0.310,12949,0.697506
2,3,0.300,0.310,12950,0.688526
2,3,0.300,0.310,12951,0.690209
2,3,0.300,0.310,12952,0.695043
2,3,0.300,0.310,12953,0.689394
2,3,0.300,0.310,12954,0.690103
2,3,0.300,0.310,12955,0.691727
2,3,0.300,0.310,12956,0.688514
2,3,0.300,0.310,12957,0.691719
2,3,0.300,0.310,12958,0.689572
2,3,0.300,0.310,12959,0.685225
2,3,0.300,0.310,12960,0.692044
2,3,0.300,0.310,12961,0.688682
2,3,0.300,0.310,12962,0.681036
2,3,0.300,0.310,12963,0.688844
2,3,0.300,0.310,12964,0.686880
2,3,0.300,0.310,12965,0.677670
2,3,0.300,0.310,12966,0.683355
2,3,0.300,0.310,12967,0.682365
2,3,0.300,0.310,12968,0.674448
2,3,0.300,0.310,12969,0.677564
2,3,0.300,0.310,12970,0.675989
2,3,0.300,0.310,12971,0.671202
2,3,0.300,0.310,12972,0.672466
2,3,0.300,0.310,12973,0.667830
2,3,0.300,0.310,12974,0.667037
2,3,0.300,0.310,12975,0.669412
2,3,0.300,0.310,12976,0.660208
2,3,0.300,0.310,12977,0.659689
2,3,0.300,0.310,12978,0.665991
2,3,0.300,0.310,12979,0.655914
2,3,0.300,0.310,12980,0.651317
2,3,0.300,0.310,12981,0.658868
2,3,0.300,0.310,12982,0.652309
2,3,0.300,0.310,12983,0.645931
2,3,0.300,0.310,12984,0.649361
2,3,0.300,0.310,12985,0.645252
2,3,0.300,0.310,12986,0.642630
2,3,0.300,0.310,12987,0.641365
2,3,0.300,0.310,12988,0.634803
2,3,0.300,0.310,12989,0.637136
2,3,0.300,0.310,12990,0.635894
2,3,0.300,0.310,12991,0.624695
2,3,0.300,0.310,12992,0.628183
2,3,0.300,0.310,12993,0.630069
2,3,0.300,0.310,12994,0.617711
2,3,0.300,0.310,12995,0.618845
2,3,0.300,0.310,12996,0.622037
2,3,0.300,0.310,12997,0.613172
2,3,0.300,0.310,12998,0.613155
2,3,0.300,0.310,12999,0.614122
2,3,0.300,0.310,13000,0.609402
2,3,0.340,0.350,10001,0.874813
2,3,0.340,0.350,10002,0.868918
2,3,0.340,0.350,10003,0.852203
2,3,0.340,0.350,10004,0.848753
2,3,0.340,0.350,10005,0.843035
2,3,0.340,0.350,10006,0.828230
2,3,0.340,0.350,10007,0.822846
2,3,0.340,0.350,10008,0.813522
2,3,0.340,0.350,10009,0.800454
2,3,0.340,0.350,10010,0.799451
2,3,0.340,0.350,10011,0.788324
2,3,0.340,0.350,10012,0.772826
2,3,0.340,0.350,10013,0.777436
2,3,0.340,0.350,10014,0.769372
2,3,0.340,0.350,10015,0.751720
2,3,0.340,0.350,10016,0.756027
2,3,0.340,0.350,10017,0.752290
2,3,0.340,0.350,10018,0.738224
2,3,0.340,0.350,10019,0.738648
2,3,0.340,0.350,10020,0.733643
2,3,0.340,0.350,10021,0.726703
2,3,0.340,0.350,10022,0.728438
2,3,0.340,0.350,10023,0.717217
2,3,0.340,0.350,10024,0.711801
2,3,0.340,0.350,10025,0.721227
2,3,0.340,0.350,10026,0.708742
2,3,0.340,0.350,10027,0.696339
2,3,0.340,0.350,10028,0.710114
2,3,0.340,0.350,10029,0.704581
2,3,0.340,0.350,10030,0.687717
2,3,0.340,0.350,10031,0.696005
2,3,0.340,0.350,10032,0.695701
2,3,0.340,0.350,10033,0.685131
2,3,0.340,0.350,10034,0.686473
2,3,0.340,0.350,10035,0.681028
2,3,0.340,0.350,10036,0.679745
2,3,0.340,0.350,10037,0.683314
2,3,0.340,0.350,10038,0.669141
2,3,0.340,0.350,10039,0.667175
2,3,0.340,0.350,10040,0.679273
2,3,0.340,0.350,10041,0.665014
2,3,0.340,0.350,10042,0.653408
2,3,0.340,0.350,10043,0.668647
2,3,0.340,0.350,10044,0.662067
2,3,0.340,0.350,10045,0.646319
2,3,0.340,0.350,10046,0.654989
2,3,0.340,0.350,10047,0.652255
2,3,0.340,0.350,10048,0.643344
2,3,0.340,0.350,10049,0.645336
2,3,0.340,0.350,10050,0.636831
2,3,0.340,0.350,10051,0.635899
2,3,0.340,0.350,10052,0.639740
2,3,0.340,0.350,10053,0.623516
2,3,0.340,0.350,10054,0.620918
2,3,0.340,0.350,10055,0.631852
2,3,0.340,0.350,10056,0.615378
2,3,0.340,0.350,10057,0.604207
2,3,0.340,0.350,10058,0.617451
2,3,0.340,0.350,10059,0.606564
2,3,0.340,0.350,10060,0.591913
2,3,0.340,0.350,10061,0.598787
2,3,0.340,0.350,10062,0.590112
2,3,0.340,0.350,10063,0.580822
2,3,0.340,0.350,10064,0.580564
2,3,0.340,0.350,10065,0.565742
2,3,0.340,0.350,10066,0.562587
2,3,0.340,0.350,10067,0.563060
2,3,0.340,0.350,10068,0.539534
2,3,0.340,0.350,10069,0.533525
2,3,0.340,0.350,10070,0.539801
2,3,0.340,0.350,10071,0.514483
2,3,0.340,0.350,10072,0.498668
2,3,0.340,0.350,10073,0.504627
2,3,0.340,0.350,10074,0.483375
2,3,0.340,0.350,10075,0.462867
2,3,0.340,0.350,10076,0.459638
2,3,0.340,0.350,10077,0.438394
2,3,0.340,0.350,10078,0.423241
2,3,0.340,0.350,10079,0.411653
2,3,0.340,0.350,10080,0.381489
2,3,0.340,0.350,10081,0.373836
2,3,0.340,0.350,10082,0.364774
2,3,0.340,0.350,10083,0.324961
2,3,0.340,0.350,10084,0.315929
2,3,0.340,0.350,10085,0.316900
2,3,0.340,0.350,10086,0.279104
2,3,0.340,0.350,10087,0.263534
2,3,0.340,0.350,10088,0.267904
2,3,0.340,0.350,10089,0.241441
2,3,0.340,0.350,10090,0.227652
2,3,0.340,0.350,10091,0.226358
2,3,0.340,0.350,10092,0.207683
2,3,0.340,0.350,10093,0.205328
2,3,0.340,0.350,10094,0.199870
2,3,0.340,0.350,10095,0.180144
2,3,0.340,0.350,10096,0.189209
2,3,0.340,0.350,10097,0.187437
2,3,0.340,0.350,10098,0.163628
2,3,0.340,0.350,10099,0.176758
2,3,0.340,0.350,10100,0.184061
2,3,0.340,0.350,10101,0.159663
2,3,0.340,0.350,10102,0.169291
2,3,0.340,0.350,10103,0.183948
2,3,0.340,0.350,10104,0.167492
2,3,0.340,0.350,10105,0.172891
2,3,0.340,0.350,10106,0.185201
2,3,0.340,0.350,10107,0.181297
2,3,0.340,0.350,10108,0.192398
2,3,0.340,0.350,10109,0.196054
2,3,0.340,0.350,10110,0.196152
2,3,0.340,0.350,10111,0.221745
2,3,0.340,0.350,10112,0.224546
2,3,0.340,0.350,10113,0.218013
2,3,0.340,0.350,10114,0.252089
2,3,0.340,0.350,10115,0.265705
2,3,0.340,0.350,10116,0.255495
2,3,0.340,0.350,10117,0.285047
2,3,0.340,0.350,10118,0.307554
2,3,0.340,0.350,10119,0.305750
2,3,0.340,0.350,10120,0.327292
2,3,0.340,0.350,10121,0.343798
2,3,0.340,0.350,10122,0.353718
2,3,0.340,0.350,10123,0.377076
2,3,0.340,0.350,10124,0.378780
2,3,0.340,0.350,10125,0.387018
2,3,0.340,0.350,10126,0.418222
2,3,0.340,0.350,10127,0.413863
2,3,0.340,0.350,10128,0.409475
2,3,0.340,0.350,10129,0.440657
2,3,0.340,0.350,10130,0.439764
2,3,0.340,0.350,10131,0.428245
2,3,0.340,0.350,10132,0.450550
2,3,0.340,0.350,10133,0.451081
2,3,0.340,0.350,10134,0.441964
2,3,0.340,0.350,10135,0.456464
2,3,0.340,0.350,10136,0.452549
2,3,0.340,0.350,10137,0.446718
2,3,0.340,0.350,10138,0.458174
2,3,0.340,0.350,10139,0.448320
2,3,0.340,0.350,10140,0.442928
2,3,0.340,0.350,10141,0.453357
2,3,0.340,0.350,10142,0.437778
2,3,0.340,0.350,10143,0.430549
2,3,0.340,0.350,10144,0.441928
2,3,0.340,0.350,10145,0.422235
2,3,0.340,0.350,10146,0.409665
2,3,0.340,0.350,10147,0.421350
2,3,0.340,0.350,10148,0.401914
2,3,0.340,0.350,10149,0.383582
2,3,0.340,0.350,10150,0.389840
2,3,0.340,0.350,10151,0.371391
2,3,0.340,0.350,10152,0.352884
2,3,0.340,0.350,10153,0.350095
2,3,0.340,0.350,10154,0.326421
2,3,0.340,0.350,10155,0.312992
2,3,0.340,0.350,10156,0.306059
2,3,0.340,0.350,10157,0.271176
2,3,0.340,0.350,10158,0.259199
2,3,0.340,0.350,10159,0.257898
2,3,0.340,0.350,10160,0.217376
2,3,0.340,0.350,10161,0.198032
2,3,0.340,0.350,10162,0.202618
2,3,0.340,0.350,10163,0.169348
2,3,0.340,0.350,10164,0.145339
2,3,0.340,0.350,10165,0.145278
2,3,0.340,0.350,10166,0.121912
2,3,0.340,0.350,10167,0.106576
2,3,0.340,0.350,10168,0.098223
2,3,0.340,0.350,10169,0.074495
2,3,0.340,0.350,10170,0.074182
2,3,0.340,0.350,10171,0.066906
2,3,0.340,0.350,10172,0.034925
2,3,0.340,0.350,10173,0.040863
2,3,0.340,0.350,10174,0.045280
2,3,0.340,0.350,10175,0.010124
2,3,0.340,0.350,10176,0.008398
2,3,0.340,0.350,10177,0.023138
2,3,0.340,0.350,10178,-0.003042
2,3,0.340,0.350,10179,-0.014668
2,3,0.340,0.350,10180,-0.003963
2,3,0.340,0.350,10181,-0.016247
2,3,0.340,0.350,10182,-0.024110
2,3,0.340,0.350,10183,-0.027826
2,3,0.340,0.350,10184,-0.037889
2,3,0.340,0.350,10185,-0.029631
2,3,0.340,0.350,10186,-0.038509
2,3,0.340,0.350,10187,-0.061232
2,3,0.340,0.350,10188,-0.045062
2,3,0.340,0.350,10189,-0.041133
2,3,0.340,0.350,10190,-0.073239
2,3,0.340,0.350,10191,-0.068171
2,3,0.340,0.350,10192,-0.051003
2,3,0.340,0.350,10193,-0.074517
2,3,0.340,0.350,10194,-0.083310
2,3,0.340,0.350,10195,-0.071984
2,3,0.340,0.350,10196,-0.079931
2,3,0.340,0.350,10197,-0.084976
2,3,0.340,0.350,10198,-0.090671
2,3,0.340,0.350,10199,-0.097947
2,3,0.340,0.350,10200,-0.086761
2,3,0.340,0.350,10201,-0.096491
2,3,0.340,0.350,10202,-0.118124
2,3,0.340,0.350,10203,-0.101815
2,3,0.340,0.350,10204,-0.098084
2,3,0.340,0.350,10205,-0.127514
2,3,0.340,0.350,10206,-0.123435
2,3,0.340,0.350,10207,-0.109964
2,3,0.340,0.350,10208,-0.130219
2,3,0.340,0.350,10209,-0.137171
2,3,0.340,0.350,10210,-0.131701
2,3,0.340,0.350,10211,-0.140180
2,3,0.340,0.350,10212,-0.142544
2,3,0.340,0.350,10213,-0.151258
2,3,0.340,0.350,10214,-0.161761
2,3,0.340,0.350,10215,-0.152167
2,3,0.340,0.350,10216,-0.163259
2,3,0.340,0.350,10217,-0.185645
2,3,0.340,0.350,10218,-0.174220
2,3,0.340,0.350,10219,-0.175999
2,3,0.340,0.350,10220,-0.203767
2,3,0.340,0.350,10221,-0.203532
2,3,0.340,0.350,10222,-0.199864
2,3,0.340,0.350,10223,-0.220620
2,3,0.340,0.350,10224,-0.230679
2,3,0.340,0.350,10225,-0.235344
2,3,0.340,0.350,10226,-0.248104
2,3,0.340,0.350,10227,-0.255371
2,3,0.340,0.350,10228,-0.273746
2,3,0.340,0.350,10229,-0.289679
2,3,0.340,0.350,10230,-0.288322
2,3,0.340,0.350,10231,-0.310707
2,3,0.340,0.350,10232,-0.336515
2,3,0.340,0.350,10233,-0.335674
2,3,0.340,0.350,10234,-0.351697
2,3,0.340,0.350,10235,-0.381331
2,3,0.340,0.350,10236,-0.389568
2,3,0.340,0.350,10237,-0.400890
2,3,0.340,0.350,10238,-0.423470
2,3,0.340,0.350,10239,-0.437011
2,3,0.340,0.350,10240,-0.452370
2,3,0.340,0.350,10241,-0.464995
2,3,0.340,0.350,10242,-0.472570
2,3,0.340,0.350,10243,-0.492871
2,3,0.340,0.350,10244,-0.502051
2,3,0.340,0.350,10245,-0.500131
2,3,0.340,0.350,10246,-0.517389
2,3,0.340,0.350,10247,-0.526846
2,3,0.340,0.350,10248,-0.521068
2,3,0.340,0.350,10249,-0.530261
2,3,0.340,0.350,10250,-0.538138
2,3,0.340,0.350,10251,-0.531910
2,3,0.340,0.350,10252,-0.535506
2,3,0.340,0.350,10253,-0.538874
2,3,0.340,0.350,10254,-0.531217
2,3,0.340,0.350,10255,-0.532198
2,3,0.340,0.350,10256,-0.529565
2,3,0.340,0.350,10257,-0.519828
2,3,0.340,0.350,10258,-0.518800
2,3,0.340,0.350,10259,-0.510011
2,3,0.340,0.350,10260,-0.496208
2,3,0.340,0.350,10261,-0.495118
2,3,0.340,0.350,10262,-0.482585
2,3,0.340,0.350,10263,-0.460807
2,3,0.340,0.350,10264,-0.460045
2,3,0.340,0.350,10265,-0.449246
2,3,0.340,0.350,10266,-0.421242
2,3,0.340,0.350,10267,-0.416180
2,3,0.340,0.350,10268,-0.408245
2,3,0.340,0.350,10269,-0.384122
2,3,0.340,0.350,10270,-0.374963
2,3,0.340,0.350,10271,-0.363754
2,3,0.340,0.350,10272,-0.348332
2,3,0.340,0.350,10273,-0.344104
2,3,0.340,0.350,10274,-0.328409
2,3,0.340,0.350,10275,-0.314630
2,3,0.340,0.350,10276,-0.321905
2,3,0.340,0.350,10277,-0.308536
2,3,0.340,0.350,10278,-0.289386
2,3,0.340,0.350,10279,-0.303610
2,3,0.340,0.350,10280,-0.298249
2,3,0.340,0.350,10281,-0.278149
2,3,0.340,0.350,10282,-0.289010
2,3,0.340,0.350,10283,-0.290319
2,3,0.340,0.350,10284,-0.277277
2,3,0.340,0.350,10285,-0.281800
2,3,0.340,0.350,10286,-0.282926
2,3,0.340,0.350,10287,-0.279774
2,3,0.340,0.350,10288,-0.285189
2,3,0.340,0.350,10289,-0.279766
2,3,0.340,0.350,10290,-0.281294
2,3,0.340,0.350,10291,-0.296291
2,3,0.340,0.350,10292,-0.286647
2,3,0.340,0.350,10293,-0.284437
2,3,0.340,0.350,10294,-0.307357
2,3,0.340,0.350,10295,-0.303597
2,3,0.340,0.350,10296,-0.296175
2,3,0.340,0.350,10297,-0.316362
2,3,0.340,0.350,10298,-0.323757
2,3,0.340,0.350,10299,-0.319460
2,3,0.340,0.350,10300,-0.331271
2,3,0.340,0.350,10301,-0.341940
2,3,0.340,0.350,10302,-0.349680
2,3,0.340,0.350,10303,-0.360664
2,3,0.340,0.350,10304,-0.363474
2,3,0.340,0.350,10305,-0.380102
2,3,0.340,0.350,10306,-0.400896
2,3,0.340,0.350,10307,-0.399063
2,3,0.340,0.350,10308,-0.413016
2,3,0.340,0.350,10309,-0.442339
2,3,0.340,0.350,10310,-0.448825
2,3,0.340,0.350,10311,-0.456510
2,3,0.340,0.350,10312,-0.482983
2,3,0.340,0.350,10313,-0.501475
2,3,0.340,0.350,10314,-0.511884
2,3,0.340,0.350,10315,-0.528265
2,3,0.340,0.350,10316,-0.546966
2,3,0.340,0.350,10317,-0.567917
2,3,0.340,0.350,10318,-0.580243
2,3,0.340,0.350,10319,-0.586858
2,3,0.340,0.350,10320,-0.611340
2,3,0.340,0.350,10321,-0.628130
2,3,0.340,0.350,10322,-0.627371
2,3,0.340,0.350,10323,-0.642604
2,3,0.340,0.350,10324,-0.661288
2,3,0.340,0.350,10325,-0.665121
2,3,0.340,0.350,10326,-0.669825
2,3,0.340,0.350,10327,-0.682857
2,3,0.340,0.350,10328,-0.692290
2,3,0.340,0.350,10329,-0.695816
2,3,0.340,0.350,10330,-0.701277
2,3,0.340,0.350,10331,-0.709362
2,3,0.340,0.350,10332,-0.717204
2,3,0.340,0.350,10333,-0.719277
2,3,0.340,0.350,10334,-0.722058
2,3,0.340,0.350,10335,-0.732115
2,3,0.340,0.350,10336,-0.735423
2,3,0.340,0.350,10337,-0.734381
2,3,0.340,0.350,10338,-0.741740
2,3,0.340,0.350,10339,-0.748141
2,3,0.340,0.350,10340,-0.747830
2,3,0.340,0.350,10341,-0.749652
2,3,0.340,0.350,10342,-0.756775
2,3,0.340,0.350,10343,-0.760458
2,3,0.340,0.350,10344,-0.759429
2,3,0.340,0.350,10345,-0.762991
2,3,0.340,0.350,10346,-0.769040
2,3,0.340,0.350,10347,-0.770375
2,3,0.340,0.350,10348,-0.770260
2,3,0.340,0.350,10349,-0.773882
2,3,0.340,0.350,10350,-0.779130
2,3,0.340,0.350,10351,-0.779584
2,3,0.340,0.350,10352,-0.779163
2,3,0.340,0.350,10353,-0.784365
2,3,0.340,0.350,10354,-0.788283
2,3,0.340,0.350,10355,-0.787749
2,3,0.340,0.350,10356,-0.788575
2,3,0.340,0.350,10357,-0.794050
2,3,0.340,0.350,10358,-0.797111
2,3,0.340,0.350,10359,-0.795295
2,3,0.340,0.350,10360,-0.798455
2,3,0.340,0.350,10361,-0.803521
2,3,0.340,0.350,10362,-0.803884
2,3,0.340,0.350,10363,-0.804733
2,3,0.340,0.350,10364,-0.807842
2,3,0.340,0.350,10365,-0.811547
2,3,0.340,0.350,10366,-0.812949
2,3,0.340,0.350,10367,-0.813815
2,3,0.340,0.350,10368,-0.817698
2,3,0.340,0.350,10369,-0.821095
2,3,0.340,0.350,10370,-0.822693
2,3,0.340,0.350,10371,-0.824201
2,3,0.340,0.350,10372,-0.828669
2,3,0.340,0.350,10373,-0.832578
2,3,0.340,0.350,10374,-0.832865
2,3,0.340,0.350,10375,-0.836947
2,3,0.340,0.350,10376,-0.842244
2,3,0.340,0.350,10377,-0.843732
2,3,0.340,0.350,10378,-0.847306
2,3,0.340,0.350,10379,-0.852530
2,3,0.340,0.350,10380,-0.856102
2,3,0.340,0.350,10381,-0.860118
2,3,0.340,0.350,10382,-0.865020
2,3,0.340,0.350,10383,-0.869708
2,3,0.340,0.350,10384,-0.874617
2,3,0.340,0.350,10385,-0.880046
2,3,0.340,0.350,10386,-0.884705
2,3,0.340,0.350,10387,-0.890462
2,3,0.340,0.350,10388,-0.896220
2,3,0.340,0.350,10389,-0.900088
2,3,0.340,0.350,10390,-0.906838
2,3,0.340,0.350,10391,-0.912284
2,3,0.340,0.350,10392,-0.914842
2,3,0.340,0.350,10393,-0.921036
2,3,0.340,0.350,10394,-0.926115
2,3,0.340,0.350,10395,-0.927834
2,3,0.340,0.350,10396,-0.931756
2,3,0.340,0.350,10397,-0.935954
2,3,0.340,0.350,10398,-0.937195
2,3,0.340,0.350,10399,-0.938964
2,3,0.340,0.350,10400,-0.941626
2,3,0.340,0.350,10401,-0.942565
2,3,0.340,0.350,10402,-0.942818
2,3,0.340,0.350,10403,-0.943292
2,3,0.340,0.350,10404,-0.943459
2,3,0.340,0.350,10405,-0.943634
2,3,0.340,0.350,10406,-0.941570
2,3,0.340,0.350,10407,-0.939108
2,3,0.340,0.350,10408,-0.940012
2,3,0.340,0.350,10409,-0.937278
2,3,0.340,0.350,10410,-0.931214
2,3,0.340,0.350,10411,-0.930136
2,3,0.340,0.350,10412,-0.928169
2,3,0.340,0.350,10413,-0.921355
2,3,0.340,0.350,10414,-0.916925
2,3,0.340,0.350,10415,-0.913636
2,3,0.340,0.350,10416,-0.908895
2,3,0.340,0.350,10417,-0.904183
2,3,0.340,0.350,10418,-0.898124
2,3,0.340,0.350,10419,-0.894767
2,3,0.340,0.350,10420,-0.892741
2,3,0.340,0.350,10421,-0.886380
2,3,0.340,0.350,10422,-0.881931
2,3,0.340,0.350,10423,-0.882077
2,3,0.340,0.350,10424,-0.878603
2,3,0.340,0.350,10425,-0.873144
2,3,0.340,0.350,10426,-0.872834
2,3,0.340,0.350,10427,-0.872096
2,3,0.340,0.350,10428,-0.868837
2,3,0.340,0.350,10429,-0.867040
2,3,0.340,0.350,10430,-0.865858
2,3,0.340,0.350,10431,-0.866708
2,3,0.340,0.350,10432,-0.865882
2,3,0.340,0.350,10433,-0.862178
2,3,0.340,0.350,10434,-0.864088
2,3,0.340,0.350,10435,-0.866422
2,3,0.340,0.350,10436,-0.862829
2,3,0.340,0.350,10437,-0.862054
2,3,0.340,0.350,10438,-0.865638
2,3,0.340,0.350,10439,-0.865569
2,3,0.340,0.350,10440,-0.863326
2,3,0.340,0.350,10441,-0.864995
2,3,0.340,0.350,10442,-0.867613
2,3,0.340,0.350,10443,-0.867819
2,3,0.340,0.350,10444,-0.867778
2,3,0.340,0.350,10445,-0.869190
2,3,0.340,0.350,10446,-0.873025
2,3,0.340,0.350,10447,-0.874157
2,3,0.340,0.350,10448,-0.872893
2,3,0.340,0.350,10449,-0.877164
2,3,0.340,0.350,10450,-0.881507
2,3,0.340,0.350,10451,-0.880073
2,3,0.340,0.350,10452,-0.881841
2,3,0.340,0.350,10453,-0.887887
2,3,0.340,0.350,10454,-0.889454
2,3,0.340,0.350,10455,-0.890052
2,3,0.340,0.350,10456,-0.894557
2,3,0.340,0.350,10457,-0.899185
2,3,0.340,0.350,10458,-0.901943
2,3,0.340,0.350,10459,-0.904596
2,3,0.340,0.350,10460,-0.909190
2,3,0.340,0.350,10461,-0.914813
2,3,0.340,0.350,10462,-0.918250
2,3,0.340,0.350,10463,-0.920783
2,3,0.340,0.350,10464,-0.927174
2,3,0.340,0.350,10465,-0.932706
2,3,0.340,0.350,10466,-0.934124
2,3,0.340,0.350,10467,-0.939010
2,3,0.340,0.350,10468,-0.944990
2,3,0.340,0.350,10469,-0.947689
2,3,0.340,0.350,10470,-0.950541
2,3,0.340,0.350,10471,-0.954232
2,3,0.340,0.350,10472,-0.958516
2,3,0.340,0.350,10473,-0.960646
2,3,0.340,0.350,10474,-0.961516
2,3,0.340,0.350,10475,-0.965462
2,3,0.340,0.350,10476,-0.967414
2,3,0.340,0.350,10477,-0.966949
2,3,0.340,0.350,10478,-0.969407
2,3,0.340,0.350,10479,-0.971088
2,3,0.340,0.350,10480,-0.970306
2,3,0.340,0.350,10481,-0.971453
2,3,0.340,0.350,10482,-0.973053
2,3,0.340,0.350,10483,-0.972267
2,3,0.340,0.350,10484,-0.972993
2,3,0.340,0.350,10485,-0.973661
2,3,0.340,0.350,10486,-0.973394
2,3,0.340,0.350,10487,-0.974961
2,3,0.340,0.350,10488,-0.973801
2,3,0.340,0.350,10489,-0.973141
2,3,0.340,0.350,10490,-0.976387
2,3,0.340,0.350,10491,-0.974664
2,3,0.340,0.350,10492,-0.972519
2,3,0.340,0.350,10493,-0.976011
2,3,0.340,0.350,10494,-0.975610
2,3,0.340,0.350,10495,-0.973110
2,3,0.340,0.350,10496,-0.974832
2,3,0.340,0.350,10497,-0.975199
2,3,0.340,0.350,10498,-0.974244
2,3,0.340,0.350,10499,-0.974635
2,3,0.340,0.350,10500,-0.973715
2,3,0.340,0.350,10501,-0.973915
2,3,0.340,0.350,10502,-0.975516
2,3,0.340,0.350,10503,-0.972855
2,3,0.340,0.350,10504,-0.971880
2,3,0.340,0.350,10505,-0.975804
2,3,0.340,0.350,10506,-0.973128
2,3,0.340,0.350,10507,-0.970329
2,3,0.340,0.350,10508,-0.974367
2,3,0.340,0.350,10509,-0.973037
2,3,0.340,0.350,10510,-0.970412
2,3,0.340,0.350,10511,-0.972252
2,3,0.340,0.350,10512,-0.971354
2,3,0.340,0.350,10513,-0.970547
2,3,0.340,0.350,10514,-0.970874
2,3,0.340,0.350,10515,-0.968641
2,3,0.340,0.350,10516,-0.968746
2,3,0.340,0.350,10517,-0.970266
2,3,0.340,0.350,10518,-0.966291
2,3,0.340,0.350,10519,-0.965114
2,3,0.340,0.350,10520,-0.968984
2,3,0.340,0.350,10521,-0.964692
2,3,0.340,0.350,10522,-0.961569
2,3,0.340,0.350,10523,-0.965574
2,3,0.340,0.350,10524,-0.962486
2,3,0.340,0.350,10525,-0.959173
2,3,0.340,0.350,10526,-0.960685
2,3,0.340,0.350,10527,-0.958044
2,3,0.340,0.350,10528,-0.956574
2,3,0.340,0.350,10529,-0.956318
2,3,0.340,0.350,10530,-0.951806
2,3,0.340,0.350,10531,-0.951378
2,3,0.340,0.350,10532,-0.952332
2,3,0.340,0.350,10533,-0.945499
2,3,0.340,0.350,10534,-0.943487
2,3,0.340,0.350,10535,-0.946288
2,3,0.340,0.350,10536,-0.938556
2,3,0.340,0.350,10537,-0.934379
2,3,0.340,0.350,10538,-0.936955
2,3,0.340,0.350,10539,-0.929355
2,3,0.340,0.350,10540,-0.924637
2,3,0.340,0.350,10541,-0.924731
2,3,0.340,0.350,10542,-0.916557
2,3,0.340,0.350,10543,-0.913187
2,3,0.340,0.350,10544,-0.911489
2,3,0.340,0.350,10545,-0.900893
2,3,0.340,0.350,10546,-0.898727
2,3,0.340,0.350,10547,-0.898609
2,3,0.340,0.350,10548,-0.886861
2,3,0.340,0.350,10549,-0.885132
2,3,0.340,0.350,10550,-0.887059
2,3,0.340,0.350,10551,-0.877579
2,3,0.340,0.350,10552,-0.878382
2,3,0.340,0.350,10553,-0.881045
2,3,0.340,0.350,10554,-0.874993
2,3,0.340,0.350,10555,-0.880529
2,3,0.340,0.350,10556,-0.883539
2,3,0.340,0.350,10557,-0.879819
2,3,0.340,0.350,10558,-0.890204
2,3,0.340,0.350,10559,-0.893564
2,3,0.340,0.350,10560,-0.889999
2,3,0.340,0.350,10561,-0.902397
2,3,0.340,0.350,10562,-0.907003
2,3,0.340,0.350,10563,-0.902891
2,3,0.340,0.350,10564,-0.912954
2,3,0.340,0.350,10565,-0.917612
2,3,0.340,0.350,10566,-0.915271
2,3,0.340,0.350,10567,-0.922233
2,3,0.340,0.350,10568,-0.923659
2,3,0.340,0.350,10569,-0.923601
2,3,0.340,0.350,10570,-0.930284
2,3,0.340,0.350,10571,-0.928439
2,3,0.340,0.350,10572,-0.927582
2,3,0.340,0.350,10573,-0.934989
2,3,0.340,0.350,10574,-0.932324
2,3,0.340,0.350,10575,-0.929500
2,3,0.340,0.350,10576,-0.936499
2,3,0.340,0.350,10577,-0.933494
2,3,0.340,0.350,10578,-0.930343
2,3,0.340,0.350,10579,-0.937174
2,3,0.340,0.350,10580,-0.933586
2,3,0.340,0.350,10581,-0.930364
2,3,0.340,0.350,10582,-0.937224
2,3,0.340,0.350,10583,-0.934134
2,3,0.340,0.350,10584,-0.930240
2,3,0.340,0.350,10585,-0.935518
2,3,0.340,0.350,10586,-0.933452
2,3,0.340,0.350,10587,-0.929826
2,3,0.340,0.350,10588,-0.932675
2,3,0.340,0.350,10589,-0.929706
2,3,0.340,0.350,10590,-0.927906
2,3,0.340,0.350,10591,-0.930800
2,3,0.340,0.350,10592,-0.924793
2,3,0.340,0.350,10593,-0.923366
2,3,0.340,0.350,10594,-0.929575
2,3,0.340,0.350,10595,-0.922227
2,3,0.340,0.350,10596,-0.917907
2,3,0.340,0.350,10597,-0.925640
2,3,0.340,0.350,10598,-0.920689
2,3,0.340,0.350,10599,-0.914051
2,3,0.340,0.350,10600,-0.918288
2,3,0.340,0.350,10601,-0.915230
2,3,0.340,0.350,10602,-0.910735
2,3,0.340,0.350,10603,-0.911103
2,3,0.340,0.350,10604,-0.904953
2,3,0.340,0.350,10605,-0.903843
2,3,0.340,0.350,10606,-0.905644
2,3,0.340,0.350,10607,-0.894711
2,3,0.340,0.350,10608,-0.891555
2,3,0.340,0.350,10609,-0.897552
2,3,0.340,0.350,10610,-0.886154
2,3,0.340,0.350,10611,-0.877167
2,3,0.340,0.350,10612,-0.882591
2,3,0.340,0.350,10613,-0.873700
2,3,0.340,0.350,10614,-0.862693
2,3,0.340,0.350,10615,-0.862467
2,3,0.340,0.350,10616,-0.852359
2,3,0.340,0.350,10617,-0.844619
2,3,0.340,0.350,10618,-0.840560
2,3,0.340,0.350,10619,-0.823686
2,3,0.340,0.350,10620,-0.817313
2,3,0.340,0.350,10621,-0.815812
2,3,0.340,0.350,10622,-0.793104
2,3,0.340,0.350,10623,-0.781286
2,3,0.340,0.350,10624,-0.783311
2,3,0.340,0.350,10625,-0.761422
2,3,0.340,0.350,10626,-0.744850
2,3,0.340,0.350,10627,-0.744035
2,3,0.340,0.350,10628,-0.725035
2,3,0.340,0.350,10629,-0.712530
2,3,0.340,0.350,10630,-0.707489
2,3,0.340,0.350,10631,-0.686571
2,3,0.340,0.350,10632,-0.682523
2,3,0.340,0.350,10633,-0.679776
2,3,0.340,0.350,10634,-0.654368
2,3,0.340,0.350,10635,-0.653112
2,3,0.340,0.350,10636,-0.658175
2,3,0.340,0.350,10637,-0.633422
2,3,0.340,0.350,10638,-0.627393
2,3,0.340,0.350,10639,-0.636491
2,3,0.340,0.350,10640,-0.619206
2,3,0.340,0.350,10641,-0.610742
2,3,0.340,0.350,10642,-0.614305
2,3,0.340,0.350,10643,-0.603603
2,3,0.340,0.350,10644,-0.602426
2,3,0.340,0.350,10645,-0.598643
2,3,0.340,0.350,10646,-0.584706
2,3,0.340,0.350,10647,-0.593723
2,3,0.340,0.350,10648,-0.592501
2,3,0.340,0.350,10649,-0.569932
2,3,0.340,0.350,10650,-0.578833
2,3,0.340,0.350,10651,-0.587473
2,3,0.340,0.350,10652,-0.564558
2,3,0.340,0.350,10653,-0.563675
2,3,0.340,0.350,10654,-0.575240
2,3,0.340,0.350,10655,-0.562291
2,3,0.340,0.350,10656,-0.557519
2,3,0.340,0.350,10657,-0.560016
2,3,0.340,0.350,10658,-0.553841
2,3,0.340,0.350,10659,-0.557836
2,3,0.340,0.350,10660,-0.552155
2,3,0.340,0.350,10661,-0.539833
2,3,0.340,0.350,10662,-0.553476
2,3,0.340,0.350,10663,-0.552209
2,3,0.340,0.350,10664,-0.530088
2,3,0.340,0.350,10665,-0.540744
2,3,0.340,0.350,10666,-0.549547
2,3,0.340,0.350,10667,-0.528920
2,3,0.340,0.350,10668,-0.529044
2,3,0.340,0.350,10669,-0.538391
2,3,0.340,0.350,10670,-0.528111
2,3,0.340,0.350,10671,-0.526300
2,3,0.340,0.350,10672,-0.525733
2,3,0.340,0.350,10673,-0.519884
2,3,0.340,0.350,10674,-0.526862
2,3,0.340,0.350,10675,-0.519929
2,3,0.340,0.350,10676,-0.507177
2,3,0.340,0.350,10677,-0.521033
2,3,0.340,0.350,10678,-0.518683
2,3,0.340,0.350,10679,-0.498505
2,3,0.340,0.350,10680,-0.508528
2,3,0.340,0.350,10681,-0.513386
2,3,0.340,0.350,10682,-0.495474
2,3,0.340,0.350,10683,-0.497380
2,3,0.340,0.350,10684,-0.501205
2,3,0.340,0.350,10685,-0.491120
2,3,0.340,0.350,10686,-0.491771
2,3,0.340,0.350,10687,-0.487082
2,3,0.340,0.350,10688,-0.480183
2,3,0.340,0.350,10689,-0.487205
2,3,0.340,0.350,10690,-0.476346
2,3,0.340,0.350,10691,-0.464426
2,3,0.340,0.350,10692,-0.476890
2,3,0.340,0.350,10693,-0.468235
2,3,0.340,0.350,10694,-0.450121
2,3,0.340,0.350,10695,-0.460215
2,3,0.340,0.350,10696,-0.456620
2,3,0.340,0.350,10697,-0.440037
2,3,0.340,0.350,10698,-0.444092
2,3,0.340,0.350,10699,-0.439865
2,3,0.340,0.350,10700,-0.431782
2,3,0.340,0.350,10701,-0.435511
2,3,0.340,0.350,10702,-0.424842
2,3,0.340,0.350,10703,-0.423597
2,3,0.340,0.350,10704,-0.435310
2,3,0.340,0.350,10705,-0.419933
2,3,0.340,0.350,10706,-0.418826
2,3,0.340,0.350,10707,-0.439786
2,3,0.340,0.350,10708,-0.426356
2,3,0.340,0.350,10709,-0.421713
2,3,0.340,0.350,10710,-0.444807
2,3,0.340,0.350,10711,-0.437208
2,3,0.340,0.350,10712,-0.431453
2,3,0.340,0.350,10713,-0.449285
2,3,0.340,0.350,10714,-0.444737
2,3,0.340,0.350,10715,-0.442637
2,3,0.340,0.350,10716,-0.453365
2,3,0.340,0.350,10717,-0.447127
2,3,0.340,0.350,10718,-0.450903
2,3,0.340,0.350,10719,-0.457772
2,3,0.340,0.350,10720,-0.445869
2,3,0.340,0.350,10721,-0.453953
2,3,0.340,0.350,10722,-0.462993
2,3,0.340,0.350,10723,-0.444052
2,3,0.340,0.350,10724,-0.450904
2,3,0.340,0.350,10725,-0.465661
2,3,0.340,0.350,10726,-0.445417
2,3,0.340,0.350,10727,-0.445229
2,3,0.340,0.350,10728,-0.461469
2,3,0.340,0.350,10729,-0.448446
2,3,0.340,0.350,10730,-0.443604
2,3,0.340,0.350,10731,-0.452375
2,3,0.340,0.350,10732,-0.446064
2,3,0.340,0.350,10733,-0.446257
2,3,0.340,0.350,10734,-0.446355
2,3,0.340,0.350,10735,-0.436203
2,3,0.340,0.350,10736,-0.445118
2,3,0.340,0.350,10737,-0.446070
2,3,0.340,0.350,10738,-0.425955
2,3,0.340,0.350,10739,-0.435484
2,3,0.340,0.350,10740,-0.444517
2,3,0.340,0.350,10741,-0.422300
2,3,0.340,0.350,10742,-0.423179
2,3,0.340,0.350,10743,-0.435379
2,3,0.340,0.350,10744,-0.421474
2,3,0.340,0.350,10745,-0.416700
2,3,0.340,0.350,10746,-0.421845
2,3,0.340,0.350,10747,-0.414546
2,3,0.340,0.350,10748,-0.414583
2,3,0.340,0.350,10749,-0.411345
2,3,0.340,0.350,10750,-0.399729
2,3,0.340,0.350,10751,-0.408127
2,3,0.340,0.350,10752,-0.404929
2,3,0.340,0.350,10753,-0.383694
2,3,0.340,0.350,10754,-0.392442
2,3,0.340,0.350,10755,-0.396166
2,3,0.340,0.350,10756,-0.372712
2,3,0.340,0.350,10757,-0.371866
2,3,0.340,0.350,10758,-0.378983
2,3,0.340,0.350,10759,-0.362846
2,3,0.340,0.350,10760,-0.353917
2,3,0.340,0.350,10761,-0.353980
2,3,0.340,0.350,10762,-0.344223
2,3,0.340,0.350,10763,-0.338700
2,3,0.340,0.350,10764,-0.327301
2,3,0.340,0.350,10765,-0.312927
2,3,0.340,0.350,10766,-0.316847
2,3,0.340,0.350,10767,-0.302285
2,3,0.340,0.350,10768,-0.276312
2,3,0.340,0.350,10769,-0.279724
2,3,0.340,0.350,10770,-0.271970
2,3,0.340,0.350,10771,-0.241244
2,3,0.340,0.350,10772,-0.231074
2,3,0.340,0.350,10773,-0.226616
2,3,0.340,0.350,10774,-0.202251
2,3,0.340,0.350,10775,-0.181215
2,3,0.340,0.350,10776,-0.166445
2,3,0.340,0.350,10777,-0.149541
2,3,0.340,0.350,10778,-0.132687
2,3,0.340,0.350,10779,-0.103165
2,3,0.340,0.350,10780,-0.082820
2,3,0.340,0.350,10781,-0.078545
2,3,0.340,0.350,10782,-0.048562
2,3,0.340,0.350,10783,-0.018280
2,3,0.340,0.350,10784,-0.015992
2,3,0.340,0.350,10785,-0.000404
2,3,0.340,0.350,10786,0.029318
2,3,0.340,0.350,10787,0.041928
2,3,0.340,0.350,10788,0.047365
2,3,0.340,0.350,10789,0.064099
2,3,0.340,0.350,10790,0.081703
2,3,0.340,0.350,10791,0.091795
2,3,0.340,0.350,10792,0.096450
2,3,0.340,0.350,10793,0.106124
2,3,0.340,0.350,10794,0.124820
2,3,0.340,0.350,10795,0.128261
2,3,0.340,0.350,10796,0.126363
2,3,0.340,0.350,10797,0.144589
2,3,0.340,0.350,10798,0.154908
2,3,0.340,0.350,10799,0.149041
2,3,0.340,0.350,10800,0.156867
2,3,0.340,0.350,10801,0.171942
2,3,0.340,0.350,10802,0.172834
2,3,0.340,0.350,10803,0.170611
2,3,0.340,0.350,10804,0.180168
2,3,0.340,0.350,10805,0.189939
2,3,0.340,0.350,10806,0.189259
2,3,0.340,0.350,10807,0.187948
2,3,0.340,0.350,10808,0.196219
2,3,0.340,0.350,10809,0.205911
2,3,0.340,0.350,10810,0.202166
2,3,0.340,0.350,10811,0.198924
2,3,0.340,0.350,10812,0.212775
2,3,0.340,0.350,10813,0.217866
2,3,0.340,0.350,10814,0.208765
2,3,0.340,0.350,10815,0.213281
2,3,0.340,0.350,10816,0.225360
2,3,0.340,0.350,10817,0.224218
2,3,0.340,0.350,10818,0.218108
2,3,0.340,0.350,10819,0.224445
2,3,0.340,0.350,10820,0.233463
2,3,0.340,0.350,10821,0.230130
2,3,0.340,0.350,10822,0.225609
2,3,0.340,0.350,10823,0.231957
2,3,0.340,0.350,10824,0.239779
2,3,0.340,0.350,10825,0.234617
2,3,0.340,0.350,10826,0.229543
2,3,0.340,0.350,10827,0.239937
2,3,0.340,0.350,10828,0.243682
2,3,0.340,0.350,10829,0.234999
2,3,0.340,0.350,10830,0.235966
2,3,0.340,0.350,10831,0.244622
2,3,0.340,0.350,10832,0.243371
2,3,0.340,0.350,10833,0.236313
2,3,0.340,0.350,10834,0.239250
2,3,0.340,0.350,10835,0.244884
2,3,0.340,0.350,10836,0.241161
2,3,0.340,0.350,10837,0.235432
2,3,0.340,0.350,10838,0.237755
2,3,0.340,0.350,10839,0.242578
2,3,0.340,0.350,10840,0.236183
2,3,0.340,0.350,10841,0.229195
2,3,0.340,0.350,10842,0.235279
2,3,0.340,0.350,10843,0.235716
2,3,0.340,0.350,10844,0.224817
2,3,0.340,0.350,10845,0.223177
2,3,0.340,0.350,10846,0.227662
2,3,0.340,0.350,10847,0.221769
2,3,0.340,0.350,10848,0.213833
2,3,0.340,0.350,10849,0.213916
2,3,0.340,0.350,10850,0.214651
2,3,0.340,0.350,10851,0.209675
2,3,0.340,0.350,10852,0.203589
2,3,0.340,0.350,10853,0.205283
2,3,0.340,0.350,10854,0.209558
2,3,0.340,0.350,10855,0.204591
2,3,0.340,0.350,10856,0.202316
2,3,0.340,0.350,10857,0.213193
2,3,0.340,0.350,10858,0.216881
2,3,0.340,0.350,10859,0.212432
2,3,0.340,0.350,10860,0.222031
2,3,0.340,0.350,10861,0.233432
2,3,0.340,0.350,10862,0.232623
2,3,0.340,0.350,10863,0.236723
2,3,0.340,0.350,10864,0.248261
2,3,0.340,0.350,10865,0.253525
2,3,0.340,0.350,10866,0.254185
2,3,0.340,0.350,10867,0.261054
2,3,0.340,0.350,10868,0.269966
2,3,0.340,0.350,10869,0.270975
2,3,0.340,0.350,10870,0.272258
2,3,0.340,0.350,10871,0.281421
2,3,0.340,0.350,10872,0.286971
2,3,0.340,0.350,10873,0.283576
2,3,0.340,0.350,10874,0.287888
2,3,0.340,0.350,10875,0.299209
2,3,0.340,0.350,10876,0.298429
2,3,0.340,0.350,10877,0.294014
2,3,0.340,0.350,10878,0.303435
2,3,0.340,0.350,10879,0.312815
2,3,0.340,0.350,10880,0.306337
2,3,0.340,0.350,10881,0.304954
2,3,0.340,0.350,10882,0.318182
2,3,0.340,0.350,10883,0.321494
2,3,0.340,0.350,10884,0.314310
2,3,0.340,0.350,10885,0.317313
2,3,0.340,0.350,10886,0.329460
2,3,0.340,0.350,10887,0.330422
2,3,0.340,0.350,10888,0.322993
2,3,0.340,0.350,10889,0.329062
2,3,0.340,0.350,10890,0.340867
2,3,0.340,0.350,10891,0.338674
2,3,0.340,0.350,10892,0.331463
2,3,0.340,0.350,10893,0.340910
2,3,0.340,0.350,10894,0.352379
2,3,0.340,0.350,10895,0.344081
2,3,0.340,0.350,10896,0.341223
2,3,0.340,0.350,10897,0.354881
2,3,0.340,0.350,10898,0.359291
2,3,0.340,0.350,10899,0.352675
2,3,0.340,0.350,10900,0.354182
2,3,0.340,0.350,10901,0.366505
2,3,0.340,0.350,10902,0.370092
2,3,0.340,0.350,10903,0.363936
2,3,0.340,0.350,10904,0.368336
2,3,0.340,0.350,10905,0.381419
2,3,0.340,0.350,10906,0.383439
2,3,0.340,0.350,10907,0.376417
2,3,0.340,0.350,10908,0.385748
2,3,0.340,0.350,10909,0.400301
2,3,0.340,0.350,10910,0.394941
2,3,0.340,0.350,10911,0.393624
2,3,0.340,0.350,10912,0.409007
2,3,0.340,0.350,10913,0.415874
2,3,0.340,0.350,10914,0.412730
2,3,0.340,0.350,10915,0.418163
2,3,0.340,0.350,10916,0.431664
2,3,0.340,0.350,10917,0.438697
2,3,0.340,0.350,10918,0.438635
2,3,0.340,0.350,10919,0.445697
2,3,0.340,0.350,10920,0.462392
2,3,0.340,0.350,10921,0.470307
2,3,0.340,0.350,10922,0.468371
2,3,0.340,0.350,10923,0.482889
2,3,0.340,0.350,10924,0.503617
2,3,0.340,0.350,10925,0.503948
2,3,0.340,0.350,10926,0.510323
2,3,0.340,0.350,10927,0.533762
2,3,0.340,0.350,10928,0.545337
2,3,0.340,0.350,10929,0.552002
2,3,0.340,0.350,10930,0.567833
2,3,0.340,0.350,10931,0.585523
2,3,0.340,0.350,10932,0.601415
2,3,0.340,0.350,10933,0.612988
2,3,0.340,0.350,10934,0.624888
2,3,0.340,0.350,10935,0.647100
2,3,0.340,0.350,10936,0.664027
2,3,0.340,0.350,10937,0.666866
2,3,0.340,0.350,10938,0.684578
2,3,0.340,0.350,10939,0.707310
2,3,0.340,0.350,10940,0.708988
2,3,0.340,0.350,10941,0.718187
2,3,0.340,0.350,10942,0.737359
2,3,0.340,0.350,10943,0.742533
2,3,0.340,0.350,10944,0.749939
2,3,0.340,0.350,10945,0.760727
2,3,0.340,0.350,10946,0.765369
2,3,0.340,0.350,10947,0.774886
2,3,0.340,0.350,10948,0.782515
2,3,0.340,0.350,10949,0.782669
2,3,0.340,0.350,10950,0.791306
2,3,0.340,0.350,10951,0.800068
2,3,0.340,0.350,10952,0.797436
2,3,0.340,0.350,10953,0.804147
2,3,0.340,0.350,10954,0.811978
2,3,0.340,0.350,10955,0.808603
2,3,0.340,0.350,10956,0.815615
2,3,0.340,0.350,10957,0.821334
2,3,0.340,0.350,10958,0.817115
2,3,0.340,0.350,10959,0.824072
2,3,0.340,0.350,10960,0.829601
2,3,0.340,0.350,10961,0.825073
2,3,0.340,0.350,10962,0.829912
2,3,0.340,0.350,10963,0.835621
2,3,0.340,0.350,10964,0.831920
2,3,0.340,0.350,10965,0.835518
2,3,0.340,0.350,10966,0.839329
2,3,0.340,0.350,10967,0.835823
2,3,0.340,0.350,10968,0.841018
2,3,0.340,0.350,10969,0.842716
2,3,0.340,0.350,10970,0.837464
2,3,0.340,0.350,10971,0.844232
2,3,0.340,0.350,10972,0.846375
2,3,0.340,0.350,10973,0.839229
2,3,0.340,0.350,10974,0.844422
2,3,0.340,0.350,10975,0.848158
2,3,0.340,0.350,10976,0.841344
2,3,0.340,0.350,10977,0.843923
2,3,0.340,0.350,10978,0.846542
2,3,0.340,0.350,10979,0.841338
2,3,0.340,0.350,10980,0.844048
2,3,0.340,0.350,10981,0.843391
2,3,0.340,0.350,10982,0.838019
2,3,0.340,0.350,10983,0.842328
2,3,0.340,0.350,10984,0.840222
2,3,0.340,0.350,10985,0.832842
2,3,0.340,0.350,10986,0.836561
2,3,0.340,0.350,10987,0.834923
2,3,0.340,0.350,10988,0.825765
2,3,0.340,0.350,10989,0.827574
2,3,0.340,0.350,10990,0.825074
2,3,0.340,0.350,10991,0.815352
2,3,0.340,0.350,10992,0.816139
2,3,0.340,0.350,10993,0.810680
2,3,0.340,0.350,10994,0.801332
2,3,0.340,0.350,10995,0.801585
2,3,0.340,0.350,10996,0.792962
2,3,0.340,0.350,10997,0.783558
2,3,0.340,0.350,10998,0.784606
2,3,0.340,0.350,10999,0.775347
2,3,0.340,0.350,11000,0.765402
2,3,0.340,0.350,11001,0.767876
2,3,0.340,0.350,11002,0.760887
2,3,0.340,0.350,11003,0.753572
2,3,0.340,0.350,11004,0.758031
2,3,0.340,0.350,11005,0.753632
2,3,0.340,0.350,11006,0.752069
2,3,0.340,0.350,11007,0.760399
2,3,0.340,0.350,11008,0.757855
2,3,0.340,0.350,11009,0.762378
2,3,0.340,0.350,11010,0.774655
2,3,0.340,0.350,11011,0.772973
2,3,0.340,0.350,11012,0.781180
2,3,0.340,0.350,11013,0.796832
2,3,0.340,0.350,11014,0.795376
2,3,0.340,0.350,11015,0.802413
2,3,0.340,0.350,11016,0.819760
2,3,0.340,0.350,11017,0.819628
2,3,0.340,0.350,11018,0.823717
2,3,0.340,0.350,11019,0.837936
2,3,0.340,0.350,11020,0.839661
2,3,0.340,0.350,11021,0.843975
2,3,0.340,0.350,11022,0.852713
2,3,0.340,0.350,11023,0.853582
2,3,0.340,0.350,11024,0.860103
2,3,0.340,0.350,11025,0.866686
2,3,0.340,0.350,11026,0.863850
2,3,0.340,0.350,11027,0.871182
2,3,0.340,0.350,11028,0.878854
2,3,0.340,0.350,11029,0.872716
2,3,0.340,0.350,11030,0.878782
2,3,0.340,0.350,11031,0.887843
2,3,0.340,0.350,11032,0.881270
2,3,0.340,0.350,11033,0.884480
2,3,0.340,0.350,11034,0.893135
2,3,0.340,0.350,11035,0.889178
2,3,0.340,0.350,11036,0.890469
2,3,0.340,0.350,11037,0.896174
2,3,0.340,0.350,11038,0.894518
2,3,0.340,0.350,11039,0.897160
2,3,0.340,0.350,11040,0.900011
2,3,0.340,0.350,11041,0.897032
2,3,0.340,0.350,11042,0.902493
2,3,0.340,0.350,11043,0.905476
2,3,0.340,0.350,11044,0.899244
2,3,0.340,0.350,11045,0.905043
2,3,0.340,0.350,11046,0.910168
2,3,0.340,0.350,11047,0.903226
2,3,0.340,0.350,11048,0.906519
2,3,0.340,0.350,11049,0.912363
2,3,0.340,0.350,11050,0.907892
2,3,0.340,0.350,11051,0.909464
2,3,0.340,0.350,11052,0.913428
2,3,0.340,0.350,11053,0.911256
2,3,0.340,0.350,11054,0.913895
2,3,0.340,0.350,11055,0.915867
2,3,0.340,0.350,11056,0.913238
2,3,0.340,0.350,11057,0.917977
2,3,0.340,0.350,11058,0.919798
2,3,0.340,0.350,11059,0.915281
2,3,0.340,0.350,11060,0.920542
2,3,0.340,0.350,11061,0.923704
2,3,0.340,0.350,11062,0.918478
2,3,0.340,0.350,11063,0.922356
2,3,0.340,0.350,11064,0.926656
2,3,0.340,0.350,11065,0.922998
2,3,0.340,0.350,11066,0.925395
2,3,0.340,0.350,11067,0.929153
2,3,0.340,0.350,11068,0.928093
2,3,0.340,0.350,11069,0.930604
2,3,0.340,0.350,11070,0.932350
2,3,0.340,0.350,11071,0.932476
2,3,0.340,0.350,11072,0.936715
2,3,0.340,0.350,11073,0.937065
2,3,0.340,0.350,11074,0.936106
2,3,0.340,0.350,11075,0.941628
2,3,0.340,0.350,11076,0.943072
2,3,0.340,0.350,11077,0.940878
2,3,0.340,0.350,11078,0.945626
2,3,0.340,0.350,11079,0.948982
2,3,0.340,0.350,11080,0.947717
2,3,0.340,0.350,11081,0.950542
2,3,0.340,0.350,11082,0.953711
2,3,0.340,0.350,11083,0.955199
2,3,0.340,0.350,11084,0.956633
2,3,0.340,0.350,11085,0.957060
2,3,0.340,0.350,11086,0.960636
2,3,0.340,0.350,11087,0.962055
2,3,0.340,0.350,11088,0.959520
2,3,0.340,0.350,11089,0.962270
2,3,0.340,0.350,11090,0.963787
2,3,0.340,0.350,11091,0.960898
2,3,0.340,0.350,11092,0.961666
2,3,0.340,0.350,11093,0.961581
2,3,0.340,0.350,11094,0.960130
2,3,0.340,0.350,11095,0.960471
2,3,0.340,0.350,11096,0.957853
2,3,0.340,0.350,11097,0.957274
2,3,0.340,0.350,11098,0.958795
2,3,0.340,0.350,11099,0.954415
2,3,0.340,0.350,11100,0.953281
2,3,0.340,0.350,11101,0.956129
2,3,0.340,0.350,11102,0.951631
2,3,0.340,0.350,11103,0.949643
2,3,0.340,0.350,11104,0.952625
2,3,0.340,0.350,11105,0.949306
2,3,0.340,0.350,11106,0.947777
2,3,0.340,0.350,11107,0.949659
2,3,0.340,0.350,11108,0.946734
2,3,0.340,0.350,11109,0.947454
2,3,0.340,0.350,11110,0.948402
2,3,0.340,0.350,11111,0.944046
2,3,0.340,0.350,11112,0.946421
2,3,0.340,0.350,11113,0.948136
2,3,0.340,0.350,11114,0.942745
2,3,0.340,0.350,11115,0.944388
2,3,0.340,0.350,11116,0.947473
2,3,0.340,0.350,11117,0.943188
2,3,0.340,0.350,11118,0.943730
2,3,0.340,0.350,11119,0.946614
2,3,0.340,0.350,11120,0.944025
2,3,0.340,0.350,11121,0.945332
2,3,0.340,0.350,11122,0.946696
2,3,0.340,0.350,11123,0.944208
2,3,0.340,0.350,11124,0.947612
2,3,0.340,0.350,11125,0.948020
2,3,0.340,0.350,11126,0.944459
2,3,0.340,0.350,11127,0.948810
2,3,0.340,0.350,11128,0.950138
2,3,0.340,0.350,11129,0.946543
2,3,0.340,0.350,11130,0.950168
2,3,0.340,0.350,11131,0.952625
2,3,0.340,0.350,11132,0.950502
2,3,0.340,0.350,11133,0.953618
2,3,0.340,0.350,11134,0.955759
2,3,0.340,0.350,11135,0.954961
2,3,0.340,0.350,11136,0.958384
2,3,0.340,0.350,11137,0.959307
2,3,0.340,0.350,11138,0.959373
2,3,0.340,0.350,11139,0.963247
2,3,0.340,0.350,11140,0.962769
2,3,0.340,0.350,11141,0.963428
2,3,0.340,0.350,11142,0.967836
2,3,0.340,0.350,11143,0.966400
2,3,0.340,0.350,11144,0.966583
2,3,0.340,0.350,11145,0.970878
2,3,0.340,0.350,11146,0.969539
2,3,0.340,0.350,11147,0.968979
2,3,0.340,0.350,11148,0.971544
2,3,0.340,0.350,11149,0.970518
2,3,0.340,0.350,11150,0.970359
2,3,0.340,0.350,11151,0.970494
2,3,0.340,0.350,11152,0.968915
2,3,0.340,0.350,11153,0.970459
2,3,0.340,0.350,11154,0.969704
2,3,0.340,0.350,11155,0.966542
2,3,0.340,0.350,11156,0.968912
2,3,0.340,0.350,11157,0.970055
2,3,0.340,0.350,11158,0.965621
2,3,0.340,0.350,11159,0.966142
2,3,0.340,0.350,11160,0.970296
2,3,0.340,0.350,11161,0.966790
2,3,0.340,0.350,11162,0.963961
2,3,0.340,0.350,11163,0.967765
2,3,0.340,0.350,11164,0.966835
2,3,0.340,0.350,11165,0.962998
2,3,0.340,0.350,11166,0.963223
2,3,0.340,0.350,11167,0.961779
2,3,0.340,0.350,11168,0.959936
2,3,0.340,0.350,11169,0.959156
2,3,0.340,0.350,11170,0.953622
2,3,0.340,0.350,11171,0.952785
2,3,0.340,0.350,11172,0.954890
2,3,0.340,0.350,11173,0.946394
2,3,0.340,0.350,11174,0.943986
2,3,0.340,0.350,11175,0.948788
2,3,0.340,0.350,11176,0.941040
2,3,0.340,0.350,11177,0.936808
2,3,0.340,0.350,11178,0.940847
2,3,0.340,0.350,11179,0.935429
2,3,0.340,0.350,11180,0.932189
2,3,0.340,0.350,11181,0.933663
2,3,0.340,0.350,11182,0.928239
2,3,0.340,0.350,11183,0.928451
2,3,0.340,0.350,11184,0.929440
2,3,0.340,0.350,11185,0.921168
2,3,0.340,0.350,11186,0.923289
2,3,0.340,0.350,11187,0.926731
2,3,0.340,0.350,11188,0.917042
2,3,0.340,0.350,11189,0.917117
2,3,0.340,0.350,11190,0.922388
2,3,0.340,0.350,11191,0.915092
2,3,0.340,0.350,11192,0.912982
2,3,0.340,0.350,11193,0.916392
2,3,0.340,0.350,11194,0.911655
2,3,0.340,0.350,11195,0.911125
2,3,0.340,0.350,11196,0.911539
2,3,0.340,0.350,11197,0.905393
2,3,0.340,0.350,11198,0.908327
2,3,0.340,0.350,11199,0.908619
2,3,0.340,0.350,11200,0.899076
2,3,0.340,0.350,11201,0.902723
2,3,0.340,0.350,11202,0.905542
2,3,0.340,0.350,11203,0.895279
2,3,0.340,0.350,11204,0.896062
2,3,0.340,0.350,11205,0.900341
2,3,0.340,0.350,11206,0.892568
2,3,0.340,0.350,11207,0.890913
2,3,0.340,0.350,11208,0.893367
2,3,0.340,0.350,11209,0.887844
2,3,0.340,0.350,11210,0.887101
2,3,0.340,0.350,11211,0.886356
2,3,0.340,0.350,11212,0.879996
2,3,0.340,0.350,11213,0.882592
2,3,0.340,0.350,11214,0.880570
2,3,0.340,0.350,11215,0.871043
2,3,0.340,0.350,11216,0.875290
2,3,0.340,0.350,11217,0.875434
2,3,0.340,0.350,11218,0.863912
2,3,0.340,0.350,11219,0.865241
2,3,0.340,0.350,11220,0.868127
2,3,0.340,0.350,11221,0.858036
2,3,0.340,0.350,11222,0.855280
2,3,0.340,0.350,11223,0.856641
2,3,0.340,0.350,11224,0.849301
2,3,0.340,0.350,11225,0.846786
2,3,0.340,0.350,11226,0.842965
2,3,0.340,0.350,11227,0.834913
2,3,0.340,0.350,11228,0.836226
2,3,0.340,0.350,11229,0.829903
2,3,0.340,0.350,11230,0.817455
2,3,0.340,0.350,11231,0.818827
2,3,0.340,0.350,11232,0.814873
2,3,0.340,0.350,11233,0.799568
2,3,0.340,0.350,11234,0.795451
2,3,0.340,0.350,11235,0.792459
2,3,0.340,0.350,11236,0.777978
2,3,0.340,0.350,11237,0.769650
2,3,0.340,0.350,11238,0.761379
2,3,0.340,0.350,11239,0.747854
2,3,0.340,0.350,11240,0.740432
2,3,0.340,0.350,11241,0.724954
2,3,0.340,0.350,11242,0.707996
2,3,0.340,0.350,11243,0.703317
2,3,0.340,0.350,11244,0.686806
2,3,0.340,0.350,11245,0.664776
2,3,0.340,0.350,11246,0.657740
2,3,0.340,0.350,11247,0.646017
2,3,0.340,0.350,11248,0.625469
2,3,0.340,0.350,11249,0.613110
2,3,0.340,0.350,11250,0.602998
2,3,0.340,0.350,11251,0.590130
2,3,0.340,0.350,11252,0.578967
2,3,0.340,0.350,11253,0.564466
2,3,0.340,0.350,11254,0.557391
2,3,0.340,0.350,11255,0.554422
2,3,0.340,0.350,11256,0.537261
2,3,0.340,0.350,11257,0.529161
2,3,0.340,0.350,11258,0.533325
2,3,0.340,0.350,11259,0.521513
2,3,0.340,0.350,11260,0.509213
2,3,0.340,0.350,11261,0.513040
2,3,0.340,0.350,11262,0.510804
2,3,0.340,0.350,11263,0.499564
2,3,0.340,0.350,11264,0.497012
2,3,0.340,0.350,11265,0.499058
2,3,0.340,0.350,11266,0.496906
2,3,0.340,0.350,11267,0.491481
2,3,0.340,0.350,11268,0.487959
2,3,0.340,0.350,11269,0.493927
2,3,0.340,0.350,11270,0.495413
2,3,0.340,0.350,11271,0.485126
2,3,0.340,0.350,11272,0.488707
2,3,0.340,0.350,11273,0.500158
2,3,0.340,0.350,11274,0.493149
2,3,0.340,0.350,11275,0.488611
2,3,0.340,0.350,11276,0.501300
2,3,0.340,0.350,11277,0.505457
2,3,0.340,0.350,11278,0.501224
2,3,0.340,0.350,11279,0.506043
2,3,0.340,0.350,11280,0.515663
2,3,0.340,0.350,11281,0.522686
2,3,0.340,0.350,11282,0.524436
2,3,0.340,0.350,11283,0.528043
2,3,0.340,0.350,11284,0.543438
2,3,0.340,0.350,11285,0.554812
2,3,0.340,0.350,11286,0.552327
2,3,0.340,0.350,11287,0.564209
2,3,0.340,0.350,11288,0.586288
2,3,0.340,0.350,11289,0.587977
2,3,0.340,0.350,11290,0.593522
2,3,0.340,0.350,11291,0.615074
2,3,0.340,0.350,11292,0.625060
2,3,0.340,0.350,11293,0.631314
2,3,0.340,0.350,11294,0.644408
2,3,0.340,0.350,11295,0.655172
2,3,0.340,0.350,11296,0.666577
2,3,0.340,0.350,11297,0.674772
2,3,0.340,0.350,11298,0.677153
2,3,0.340,0.350,11299,0.689132
2,3,0.340,0.350,11300,0.698590
2,3,0.340,0.350,11301,0.693553
2,3,0.340,0.350,11302,0.699940
2,3,0.340,0.350,11303,0.709457
2,3,0.340,0.350,11304,0.702714
2,3,0.340,0.350,11305,0.704276
2,3,0.340,0.350,11306,0.709624
2,3,0.340,0.350,11307,0.702415
2,3,0.340,0.350,11308,0.701919
2,3,0.340,0.350,11309,0.703185
2,3,0.340,0.350,11310,0.693958
2,3,0.340,0.350,11311,0.690834
2,3,0.340,0.350,11312,0.689299
2,3,0.340,0.350,11313,0.678307
2,3,0.340,0.350,11314,0.672254
2,3,0.340,0.350,11315,0.665797
2,3,0.340,0.350,11316,0.652744
2,3,0.340,0.350,11317,0.646347
2,3,0.340,0.350,11318,0.634576
2,3,0.340,0.350,11319,0.616485
2,3,0.340,0.350,11320,0.609923
2,3,0.340,0.350,11321,0.597925
2,3,0.340,0.350,11322,0.576204
2,3,0.340,0.350,11323,0.564762
2,3,0.340,0.350,11324,0.554719
2,3,0.340,0.350,11325,0.536612
2,3,0.340,0.350,11326,0.521275
2,3,0.340,0.350,11327,0.508663
2,3,0.340,0.350,11328,0.497072
2,3,0.340,0.350,11329,0.486196
2,3,0.340,0.350,11330,0.468810
2,3,0.340,0.350,11331,0.458601
2,3,0.340,0.350,11332,0.456680
2,3,0.340,0.350,11333,0.441087
2,3,0.340,0.350,11334,0.426359
2,3,0.340,0.350,11335,0.427408
2,3,0.340,0.350,11336,0.421562
2,3,0.340,0.350,11337,0.405517
2,3,0.340,0.350,11338,0.399207
2,3,0.340,0.350,11339,0.401188
2,3,0.340,0.350,11340,0.393813
2,3,0.340,0.350,11341,0.379840
2,3,0.340,0.350,11342,0.377230
2,3,0.340,0.350,11343,0.380613
2,3,0.340,0.350,11344,0.372161
2,3,0.340,0.350,11345,0.358230
2,3,0.340,0.350,11346,0.359817
2,3,0.340,0.350,11347,0.365149
2,3,0.340,0.350,11348,0.350830
2,3,0.340,0.350,11349,0.339962
2,3,0.340,0.350,11350,0.347793
2,3,0.340,0.350,11351,0.347119
2,3,0.340,0.350,11352,0.331934
2,3,0.340,0.350,11353,0.326047
2,3,0.340,0.350,11354,0.334907
2,3,0.340,0.350,11355,0.330994
2,3,0.340,0.350,11356,0.314578
2,3,0.340,0.350,11357,0.315096
2,3,0.340,0.350,11358,0.322681
2,3,0.340,0.350,11359,0.314040
2,3,0.340,0.350,11360,0.300298
2,3,0.340,0.350,11361,0.303397
2,3,0.340,0.350,11362,0.309372
2,3,0.340,0.350,11363,0.296300
2,3,0.340,0.350,11364,0.285535
2,3,0.340,0.350,11365,0.291744
2,3,0.340,0.350,11366,0.292944
2,3,0.340,0.350,11367,0.278677
2,3,0.340,0.350,11368,0.270502
2,3,0.340,0.350,11369,0.279390
2,3,0.340,0.350,11370,0.275534
2,3,0.340,0.350,11371,0.258596
2,3,0.340,0.350,11372,0.258340
2,3,0.340,0.350,11373,0.263308
2,3,0.340,0.350,11374,0.253615
2,3,0.340,0.350,11375,0.241017
2,3,0.340,0.350,11376,0.240669
2,3,0.340,0.350,11377,0.241992
2,3,0.340,0.350,11378,0.230549
2,3,0.340,0.350,11379,0.217843
2,3,0.340,0.350,11380,0.217489
2,3,0.340,0.350,11381,0.217202
2,3,0.340,0.350,11382,0.201079
2,3,0.340,0.350,11383,0.187430
2,3,0.340,0.350,11384,0.191750
2,3,0.340,0.350,11385,0.183645
2,3,0.340,0.350,11386,0.160979
2,3,0.340,0.350,11387,0.155996
2,3,0.340,0.350,11388,0.153446
2,3,0.340,0.350,11389,0.135519
2,3,0.340,0.350,11390,0.118822
2,3,0.340,0.350,11391,0.108203
2,3,0.340,0.350,11392,0.098412
2,3,0.340,0.350,11393,0.081499
2,3,0.340,0.350,11394,0.057897
2,3,0.340,0.350,11395,0.043999
2,3,0.340,0.350,11396,0.036303
2,3,0.340,0.350,11397,0.009428
2,3,0.340,0.350,11398,-0.018812
2,3,0.340,0.350,11399,-0.021498
2,3,0.340,0.350,11400,-0.039937
2,3,0.340,0.350,11401,-0.075597
2,3,0.340,0.350,11402,-0.084690
2,3,0.340,0.350,11403,-0.094966
2,3,0.340,0.350,11404,-0.121501
2,3,0.340,0.350,11405,-0.137051
2,3,0.340,0.350,11406,-0.149866
2,3,0.340,0.350,11407,-0.162871
2,3,0.340,0.350,11408,-0.172583
2,3,0.340,0.350,11409,-0.191196
2,3,0.340,0.350,11410,-0.201016
2,3,0.340,0.350,11411,-0.197952
2,3,0.340,0.350,11412,-0.215349
2,3,0.340,0.350,11413,-0.229331
2,3,0.340,0.350,11414,-0.218512
2,3,0.340,0.350,11415,-0.229509
2,3,0.340,0.350,11416,-0.244227
2,3,0.340,0.350,11417,-0.233753
2,3,0.340,0.350,11418,-0.237954
2,3,0.340,0.350,11419,-0.248529
2,3,0.340,0.350,11420,-0.241992
2,3,0.340,0.350,11421,-0.241675
2,3,0.340,0.350,11422,-0.244516
2,3,0.340,0.350,11423,-0.239506
2,3,0.340,0.350,11424,-0.241415
2,3,0.340,0.350,11425,-0.235810
2,3,0.340,0.350,11426,-0.224714
2,3,0.340,0.350,11427,-0.232016
2,3,0.340,0.350,11428,-0.224240
2,3,0.340,0.350,11429,-0.203273
2,3,0.340,0.350,11430,-0.207517
2,3,0.340,0.350,11431,-0.203625
2,3,0.340,0.350,11432,-0.179243
2,3,0.340,0.350,11433,-0.171518
2,3,0.340,0.350,11434,-0.167037
2,3,0.340,0.350,11435,-0.147974
2,3,0.340,0.350,11436,-0.132739
2,3,0.340,0.350,11437,-0.117134
2,3,0.340,0.350,11438,-0.103624
2,3,0.340,0.350,11439,-0.094238
2,3,0.340,0.350,11440,-0.067001
2,3,0.340,0.350,11441,-0.050002
2,3,0.340,0.350,11442,-0.051688
2,3,0.340,0.350,11443,-0.027652
2,3,0.340,0.350,11444,-0.004278
2,3,0.340,0.350,11445,-0.006444
2,3,0.340,0.350,11446,0.004027
2,3,0.340,0.350,11447,0.023708
2,3,0.340,0.350,11448,0.028428
2,3,0.340,0.350,11449,0.031603
2,3,0.340,0.350,11450,0.039776
2,3,0.340,0.350,11451,0.044994
2,3,0.340,0.350,11452,0.051895
2,3,0.340,0.350,11453,0.050390
2,3,0.340,0.350,11454,0.048453
2,3,0.340,0.350,11455,0.059685
2,3,0.340,0.350,11456,0.055279
2,3,0.340,0.350,11457,0.045394
2,3,0.340,0.350,11458,0.054991
2,3,0.340,0.350,11459,0.053216
2,3,0.340,0.350,11460,0.037601
2,3,0.340,0.350,11461,0.040273
2,3,0.340,0.350,11462,0.041868
2,3,0.340,0.350,11463,0.025571
2,3,0.340,0.350,11464,0.019464
2,3,0.340,0.350,11465,0.016982
2,3,0.340,0.350,11466,0.005033
2,3,0.340,0.350,11467,-0.004720
2,3,0.340,0.350,11468,-0.019032
2,3,0.340,0.350,11469,-0.031057
2,3,0.340,0.350,11470,-0.036556
2,3,0.340,0.350,11471,-0.059048
2,3,0.340,0.350,11472,-0.081679
2,3,0.340,0.350,11473,-0.082161
2,3,0.340,0.350,11474,-0.101837
2,3,0.340,0.350,11475,-0.136887
2,3,0.340,0.350,11476,-0.141331
2,3,0.340,0.350,11477,-0.152876
2,3,0.340,0.350,11478,-0.187477
2,3,0.340,0.350,11479,-0.202051
2,3,0.340,0.350,11480,-0.213800
2,3,0.340,0.350,11481,-0.235700
2,3,0.340,0.350,11482,-0.251017
2,3,0.340,0.350,11483,-0.271997
2,3,0.340,0.350,11484,-0.286464
2,3,0.340,0.350,11485,-0.289273
2,3,0.340,0.350,11486,-0.313642
2,3,0.340,0.350,11487,-0.333966
2,3,0.340,0.350,11488,-0.324465
2,3,0.340,0.350,11489,-0.340738
2,3,0.340,0.350,11490,-0.368193
2,3,0.340,0.350,11491,-0.358465
2,3,0.340,0.350,11492,-0.364216
2,3,0.340,0.350,11493,-0.388118
2,3,0.340,0.350,11494,-0.386816
2,3,0.340,0.350,11495,-0.389770
2,3,0.340,0.350,11496,-0.401887
2,3,0.340,0.350,11497,-0.405133
2,3,0.340,0.350,11498,-0.415073
2,3,0.340,0.350,11499,-0.418608
2,3,0.340,0.350,11500,-0.414619
2,3,0.340,0.350,11501,-0.432923
2,3,0.340,0.350,11502,-0.439999
2,3,0.340,0.350,11503,-0.424144
2,3,0.340,0.350,11504,-0.440573
2,3,0.340,0.350,11505,-0.457994
2,3,0.340,0.350,11506,-0.440881
2,3,0.340,0.350,11507,-0.446046
2,3,0.340,0.350,11508,-0.465644
2,3,0.340,0.350,11509,-0.459297
2,3,0.340,0.350,11510,-0.459283
2,3,0.340,0.350,11511,-0.468008
2,3,0.340,0.350,11512,-0.469296
2,3,0.340,0.350,11513,-0.477794
2,3,0.340,0.350,11514,-0.476723
2,3,0.340,0.350,11515,-0.471345
2,3,0.340,0.350,11516,-0.490253
2,3,0.340,0.350,11517,-0.493675
2,3,0.340,0.350,11518,-0.476731
2,3,0.340,0.350,11519,-0.493329
2,3,0.340,0.350,11520,-0.508031
2,3,0.340,0.350,11521,-0.491338
2,3,0.340,0.350,11522,-0.497078
2,3,0.340,0.350,11523,-0.513111
2,3,0.340,0.350,11524,-0.507059
2,3,0.340,0.350,11525,-0.510130
2,3,0.340,0.350,11526,-0.516174
2,3,0.340,0.350,11527,-0.516043
2,3,0.340,0.350,11528,-0.527641
2,3,0.340,0.350,11529,-0.527249
2,3,0.340,0.350,11530,-0.521712
2,3,0.340,0.350,11531,-0.540711
2,3,0.340,0.350,11532,-0.545264
2,3,0.340,0.350,11533,-0.532599
2,3,0.340,0.350,11534,-0.549273
2,3,0.340,0.350,11535,-0.561943
2,3,0.340,0.350,11536,-0.551180
2,3,0.340,0.350,11537,-0.561566
2,3,0.340,0.350,11538,-0.574771
2,3,0.340,0.350,11539,-0.572635
2,3,0.340,0.350,11540,-0.583007
2,3,0.340,0.350,11541,-0.589560
2,3,0.340,0.350,11542,-0.592819
2,3,0.340,0.350,11543,-0.610313
2,3,0.340,0.350,11544,-0.613146
2,3,0.340,0.350,11545,-0.613892
2,3,0.340,0.350,11546,-0.637546
2,3,0.340,0.350,11547,-0.644673
2,3,0.340,0.350,11548,-0.642153
2,3,0.340,0.350,11549,-0.665189
2,3,0.340,0.350,11550,-0.677773
2,3,0.340,0.350,11551,-0.678220
2,3,0.340,0.350,11552,-0.697812
2,3,0.340,0.350,11553,-0.709829
2,3,0.340,0.350,11554,-0.716011
2,3,0.340,0.350,11555,-0.734848
2,3,0.340,0.350,11556,-0.741279
2,3,0.340,0.350,11557,-0.749236
2,3,0.340,0.350,11558,-0.769577
2,3,0.340,0.350,11559,-0.771602
2,3,0.340,0.350,11560,-0.775706
2,3,0.340,0.350,11561,-0.795225
2,3,0.340,0.350,11562,-0.796242
2,3,0.340,0.350,11563,-0.796839
2,3,0.340,0.350,11564,-0.812392
2,3,0.340,0.350,11565,-0.811669
2,3,0.340,0.350,11566,-0.811802
2,3,0.340,0.350,11567,-0.824128
2,3,0.340,0.350,11568,-0.820161
2,3,0.340,0.350,11569,-0.819044
2,3,0.340,0.350,11570,-0.829868
2,3,0.340,0.350,11571,-0.824114
2,3,0.340,0.350,11572,-0.819982
2,3,0.340,0.350,11573,-0.828177
2,3,0.340,0.350,11574,-0.821491
2,3,0.340,0.350,11575,-0.816454
2,3,0.340,0.350,11576,-0.820871
2,3,0.340,0.350,11577,-0.810536
2,3,0.340,0.350,11578,-0.806078
2,3,0.340,0.350,11579,-0.809156
2,3,0.340,0.350,11580,-0.793575
2,3,0.340,0.350,11581,-0.786318
2,3,0.340,0.350,11582,-0.790271
2,3,0.340,0.350,11583,-0.772491
2,3,0.340,0.350,11584,-0.760488
2,3,0.340,0.350,11585,-0.762269
2,3,0.340,0.350,11586,-0.744606
2,3,0.340,0.350,11587,-0.733009
2,3,0.340,0.350,11588,-0.731358
2,3,0.340,0.350,11589,-0.711511
2,3,0.340,0.350,11590,-0.704989
2,3,0.340,0.350,11591,-0.704806
2,3,0.340,0.350,11592,-0.682154
2,3,0.340,0.350,11593,-0.678697
2,3,0.340,0.350,11594,-0.683792
2,3,0.340,0.350,11595,-0.662678
2,3,0.340,0.350,11596,-0.658354
2,3,0.340,0.350,11597,-0.666334
2,3,0.340,0.350,11598,-0.650696
2,3,0.340,0.350,11599,-0.646872
2,3,0.340,0.350,11600,-0.652610
2,3,0.340,0.350,11601,-0.641589
2,3,0.340,0.350,11602,-0.643000
2,3,0.340,0.350,11603,-0.645366
2,3,0.340,0.350,11604,-0.634790
2,3,0.340,0.350,11605,-0.643153
2,3,0.340,0.350,11606,-0.646654
2,3,0.340,0.350,11607,-0.632709
2,3,0.340,0.350,11608,-0.643459
2,3,0.340,0.350,11609,-0.652987
2,3,0.340,0.350,11610,-0.637959
2,3,0.340,0.350,11611,-0.645140
2,3,0.340,0.350,11612,-0.658599
2,3,0.340,0.350,11613,-0.649181
2,3,0.340,0.350,11614,-0.653934
2,3,0.340,0.350,11615,-0.664005
2,3,0.340,0.350,11616,-0.662353
2,3,0.340,0.350,11617,-0.671598
2,3,0.340,0.350,11618,-0.675916
2,3,0.340,0.350,11619,-0.675813
2,3,0.340,0.350,11620,-0.693143
2,3,0.340,0.350,11621,-0.698249
2,3,0.340,0.350,11622,-0.693605
2,3,0.340,0.350,11623,-0.713987
2,3,0.340,0.350,11624,-0.726015
2,3,0.340,0.350,11625,-0.720588
2,3,0.340,0.350,11626,-0.737490
2,3,0.340,0.350,11627,-0.753202
2,3,0.340,0.350,11628,-0.754488
2,3,0.340,0.350,11629,-0.768853
2,3,0.340,0.350,11630,-0.780483
2,3,0.340,0.350,11631,-0.789047
2,3,0.340,0.350,11632,-0.806194
2,3,0.340,0.350,11633,-0.811517
2,3,0.340,0.350,11634,-0.819610
2,3,0.340,0.350,11635,-0.840556
2,3,0.340,0.350,11636,-0.844858
2,3,0.340,0.350,11637,-0.846797
2,3,0.340,0.350,11638,-0.865845
2,3,0.340,0.350,11639,-0.872375
2,3,0.340,0.350,11640,-0.872015
2,3,0.340,0.350,11641,-0.885141
2,3,0.340,0.350,11642,-0.890483
2,3,0.340,0.350,11643,-0.892627
2,3,0.340,0.350,11644,-0.902533
2,3,0.340,0.350,11645,-0.903930
2,3,0.340,0.350,11646,-0.907047
2,3,0.340,0.350,11647,-0.916763
2,3,0.340,0.350,11648,-0.916473
2,3,0.340,0.350,11649,-0.917807
2,3,0.340,0.350,11650,-0.926552
2,3,0.340,0.350,11651,-0.926421
2,3,0.340,0.350,11652,-0.926855
2,3,0.340,0.350,11653,-0.934108
2,3,0.340,0.350,11654,-0.933423
2,3,0.340,0.350,11655,-0.933880
2,3,0.340,0.350,11656,-0.940808
2,3,0.340,0.350,11657,-0.939672
2,3,0.340,0.350,11658,-0.939503
2,3,0.340,0.350,11659,-0.946099
2,3,0.340,0.350,11660,-0.945669
2,3,0.340,0.350,11661,-0.945028
2,3,0.340,0.350,11662,-0.950035
2,3,0.340,0.350,11663,-0.950192
2,3,0.340,0.350,11664,-0.950314
2,3,0.340,0.350,11665,-0.953888
2,3,0.340,0.350,11666,-0.953167
2,3,0.340,0.350,11667,-0.954264
2,3,0.340,0.350,11668,-0.958297
2,3,0.340,0.350,11669,-0.956135
2,3,0.340,0.350,11670,-0.956517
2,3,0.340,0.350,11671,-0.962001
2,3,0.340,0.350,11672,-0.959856
2,3,0.340,0.350,11673,-0.958563
2,3,0.340,0.350,11674,-0.963819
2,3,0.340,0.350,11675,-0.963353
2,3,0.340,0.350,11676,-0.961726
2,3,0.340,0.350,11677,-0.964756
2,3,0.340,0.350,11678,-0.965465
2,3,0.340,0.350,11679,-0.965343
2,3,0.340,0.350,11680,-0.966595
2,3,0.340,0.350,11681,-0.966286
2,3,0.340,0.350,11682,-0.967782
2,3,0.340,0.350,11683,-0.969706
2,3,0.340,0.350,11684,-0.967231
2,3,0.340,0.350,11685,-0.968394
2,3,0.340,0.350,11686,-0.972499
2,3,0.340,0.350,11687,-0.969595
2,3,0.340,0.350,11688,-0.968774
2,3,0.340,0.350,11689,-0.973272
2,3,0.340,0.350,11690,-0.972669
2,3,0.340,0.350,11691,-0.970955
2,3,0.340,0.350,11692,-0.972847
2,3,0.340,0.350,11693,-0.974222
2,3,0.340,0.350,11694,-0.974401
2,3,0.340,0.350,11695,-0.973633
2,3,0.340,0.350,11696,-0.973890
2,3,0.340,0.350,11697,-0.976500
2,3,0.340,0.350,11698,-0.975999
2,3,0.340,0.350,11699,-0.973793
2,3,0.340,0.350,11700,-0.976149
2,3,0.340,0.350,11701,-0.977831
2,3,0.340,0.350,11702,-0.974893
2,3,0.340,0.350,11703,-0.974664
2,3,0.340,0.350,11704,-0.976580
2,3,0.340,0.350,11705,-0.975463
2,3,0.340,0.350,11706,-0.973424
2,3,0.340,0.350,11707,-0.972128
2,3,0.340,0.350,11708,-0.972789
2,3,0.340,0.350,11709,-0.971460
2,3,0.340,0.350,11710,-0.966963
2,3,0.340,0.350,11711,-0.966762
2,3,0.340,0.350,11712,-0.966806
2,3,0.340,0.350,11713,-0.962480
2,3,0.340,0.350,11714,-0.960535
2,3,0.340,0.350,11715,-0.960473
2,3,0.340,0.350,11716,-0.958541
2,3,0.340,0.350,11717,-0.956775
2,3,0.340,0.350,11718,-0.955607
2,3,0.340,0.350,11719,-0.955466
2,3,0.340,0.350,11720,-0.956018
2,3,0.340,0.350,11721,-0.954670
2,3,0.340,0.350,11722,-0.954677
2,3,0.340,0.350,11723,-0.957433
2,3,0.340,0.350,11724,-0.957388
2,3,0.340,0.350,11725,-0.957323
2,3,0.340,0.350,11726,-0.960462
2,3,0.340,0.350,11727,-0.962247
2,3,0.340,0.350,11728,-0.963154
2,3,0.340,0.350,11729,-0.965111
2,3,0.340,0.350,11730,-0.967212
2,3,0.340,0.350,11731,-0.969827
2,3,0.340,0.350,11732,-0.970861
2,3,0.340,0.350,11733,-0.971325
2,3,0.340,0.350,11734,-0.974003
2,3,0.340,0.350,11735,-0.975117
2,3,0.340,0.350,11736,-0.974397
2,3,0.340,0.350,11737,-0.975569
2,3,0.340,0.350,11738,-0.976223
2,3,0.340,0.350,11739,-0.975815
2,3,0.340,0.350,11740,-0.975900
2,3,0.340,0.350,11741,-0.975529
2,3,0.340,0.350,11742,-0.976268
2,3,0.340,0.350,11743,-0.975453
2,3,0.340,0.350,11744,-0.974498
2,3,0.340,0.350,11745,-0.976302
2,3,0.340,0.350,11746,-0.975018
2,3,0.340,0.350,11747,-0.972957
2,3,0.340,0.350,11748,-0.975033
2,3,0.340,0.350,11749,-0.975230
2,3,0.340,0.350,11750,-0.971919
2,3,0.340,0.350,11751,-0.972557
2,3,0.340,0.350,11752,-0.974750
2,3,0.340,0.350,11753,-0.972676
2,3,0.340,0.350,11754,-0.971429
2,3,0.340,0.350,11755,-0.972618
2,3,0.340,0.350,11756,-0.973525
2,3,0.340,0.350,11757,-0.972820
2,3,0.340,0.350,11758,-0.970627
2,3,0.340,0.350,11759,-0.971970
2,3,0.340,0.350,11760,-0.974179
2,3,0.340,0.350,11761,-0.970930
2,3,0.340,0.350,11762,-0.969222
2,3,0.340,0.350,11763,-0.972645
2,3,0.340,0.350,11764,-0.972708
2,3,0.340,0.350,11765,-0.968792
2,3,0.340,0.350,11766,-0.969444
2,3,0.340,0.350,11767,-0.972502
2,3,0.340,0.350,11768,-0.971074
2,3,0.340,0.350,11769,-0.968324
2,3,0.340,0.350,11770,-0.969251
2,3,0.340,0.350,11771,-0.971914
2,3,0.340,0.350,11772,-0.969618
2,3,0.340,0.350,11773,-0.966287
2,3,0.340,0.350,11774,-0.968549
2,3,0.340,0.350,11775,-0.969495
2,3,0.340,0.350,11776,-0.965609
2,3,0.340,0.350,11777,-0.963381
2,3,0.340,0.350,11778,-0.964898
2,3,0.340,0.350,11779,-0.964247
2,3,0.340,0.350,11780,-0.959522
2,3,0.340,0.350,11781,-0.956727
2,3,0.340,0.350,11782,-0.957837
2,3,0.340,0.350,11783,-0.955494
2,3,0.340,0.350,11784,-0.948044
2,3,0.340,0.350,11785,-0.945781
2,3,0.340,0.350,11786,-0.945987
2,3,0.340,0.350,11787,-0.938645
2,3,0.340,0.350,11788,-0.932134
2,3,0.340,0.350,11789,-0.929873
2,3,0.340,0.350,11790,-0.925383
2,3,0.340,0.350,11791,-0.919285
2,3,0.340,0.350,11792,-0.912593
2,3,0.340,0.350,11793,-0.908645
2,3,0.340,0.350,11794,-0.906033
2,3,0.340,0.350,11795,-0.898881
2,3,0.340,0.350,11796,-0.892670
2,3,0.340,0.350,11797,-0.891544
2,3,0.340,0.350,11798,-0.888187
2,3,0.340,0.350,11799,-0.880973
2,3,0.340,0.350,11800,-0.877806
2,3,0.340,0.350,11801,-0.877036
2,3,0.340,0.350,11802,-0.872898
2,3,0.340,0.350,11803,-0.868109
2,3,0.340,0.350,11804,-0.865164
2,3,0.340,0.350,11805,-0.864885
2,3,0.340,0.350,11806,-0.862660
2,3,0.340,0.350,11807,-0.856234
2,3,0.340,0.350,11808,-0.855093
2,3,0.340,0.350,11809,-0.857058
2,3,0.340,0.350,11810,-0.851973
2,3,0.340,0.350,11811,-0.846902
2,3,0.340,0.350,11812,-0.848372
2,3,0.340,0.350,11813,-0.848420
2,3,0.340,0.350,11814,-0.843291
2,3,0.340,0.350,11815,-0.839987
2,3,0.340,0.350,11816,-0.841648
2,3,0.340,0.350,11817,-0.840927
2,3,0.340,0.350,11818,-0.836234
2,3,0.340,0.350,11819,-0.833498
2,3,0.340,0.350,11820,-0.835341
2,3,0.340,0.350,11821,-0.834805
2,3,0.340,0.350,11822,-0.828439
2,3,0.340,0.350,11823,-0.827318
2,3,0.340,0.350,11824,-0.830318
2,3,0.340,0.350,11825,-0.826449
2,3,0.340,0.350,11826,-0.821534
2,3,0.340,0.350,11827,-0.821898
2,3,0.340,0.350,11828,-0.823017
2,3,0.340,0.350,11829,-0.819054
2,3,0.340,0.350,11830,-0.814386
2,3,0.340,0.350,11831,-0.815840
2,3,0.340,0.350,11832,-0.815628
2,3,0.340,0.350,11833,-0.810601
2,3,0.340,0.350,11834,-0.807558
2,3,0.340,0.350,11835,-0.808383
2,3,0.340,0.350,11836,-0.807236
2,3,0.340,0.350,11837,-0.801287
2,3,0.340,0.350,11838,-0.798900
2,3,0.340,0.350,11839,-0.800079
2,3,0.340,0.350,11840,-0.796273
2,3,0.340,0.350,11841,-0.790557
2,3,0.340,0.350,11842,-0.788999
2,3,0.340,0.350,11843,-0.789131
2,3,0.340,0.350,11844,-0.783731
2,3,0.340,0.350,11845,-0.777443
2,3,0.340,0.350,11846,-0.777797
2,3,0.340,0.350,11847,-0.775171
2,3,0.340,0.350,11848,-0.767380
2,3,0.340,0.350,11849,-0.763478
2,3,0.340,0.350,11850,-0.761374
2,3,0.340,0.350,11851,-0.756217
2,3,0.340,0.350,11852,-0.748937
2,3,0.340,0.350,11853,-0.742792
2,3,0.340,0.350,11854,-0.738852
2,3,0.340,0.350,11855,-0.732887
2,3,0.340,0.350,11856,-0.722943
2,3,0.340,0.350,11857,-0.714566
2,3,0.340,0.350,11858,-0.711561
2,3,0.340,0.350,11859,-0.701256
2,3,0.340,0.350,11860,-0.687121
2,3,0.340,0.350,11861,-0.683900
2,3,0.340,0.350,11862,-0.675638
2,3,0.340,0.350,11863,-0.659959
2,3,0.340,0.350,11864,-0.652823
2,3,0.340,0.350,11865,-0.646548
2,3,0.340,0.350,11866,-0.635566
2,3,0.340,0.350,11867,-0.627453
2,3,0.340,0.350,11868,-0.619729
2,3,0.340,0.350,11869,-0.615337
2,3,0.340,0.350,11870,-0.614164
2,3,0.340,0.350,11871,-0.606008
2,3,0.340,0.350,11872,-0.604716
2,3,0.340,0.350,11873,-0.612901
2,3,0.340,0.350,11874,-0.610071
2,3,0.340,0.350,11875,-0.609629
2,3,0.340,0.350,11876,-0.623111
2,3,0.340,0.350,11877,-0.627808
2,3,0.340,0.350,11878,-0.629402
2,3,0.340,0.350,11879,-0.641438
2,3,0.340,0.350,11880,-0.652031
2,3,0.340,0.350,11881,-0.658084
2,3,0.340,0.350,11882,-0.664046
2,3,0.340,0.350,11883,-0.673695
2,3,0.340,0.350,11884,-0.686010
2,3,0.340,0.350,11885,-0.689144
2,3,0.340,0.350,11886,-0.690045
2,3,0.340,0.350,11887,-0.704436
2,3,0.340,0.350,11888,-0.710700
2,3,0.340,0.350,11889,-0.705585
2,3,0.340,0.350,11890,-0.713768
2,3,0.340,0.350,11891,-0.722572
2,3,0.340,0.350,11892,-0.719991
2,3,0.340,0.350,11893,-0.720427
2,3,0.340,0.350,11894,-0.726553
2,3,0.340,0.350,11895,-0.728119
2,3,0.340,0.350,11896,-0.727230
2,3,0.340,0.350,11897,-0.728437
2,3,0.340,0.350,11898,-0.729820
2,3,0.340,0.350,11899,-0.732068
2,3,0.340,0.350,11900,-0.730307
2,3,0.340,0.350,11901,-0.728472
2,3,0.340,0.350,11902,-0.732969
2,3,0.340,0.350,11903,-0.731204
2,3,0.340,0.350,11904,-0.726556
2,3,0.340,0.350,11905,-0.729956
2,3,0.340,0.350,11906,-0.729861
2,3,0.340,0.350,11907,-0.724409
2,3,0.340,0.350,11908,-0.724878
2,3,0.340,0.350,11909,-0.726070
2,3,0.340,0.350,11910,-0.721144
2,3,0.340,0.350,11911,-0.719276
2,3,0.340,0.350,11912,-0.719653
2,3,0.340,0.350,11913,-0.716107
2,3,0.340,0.350,11914,-0.713792
2,3,0.340,0.350,11915,-0.710745
2,3,0.340,0.350,11916,-0.707833
2,3,0.340,0.350,11917,-0.707542
2,3,0.340,0.350,11918,-0.701704
2,3,0.340,0.350,11919,-0.695897
2,3,0.340,0.350,11920,-0.697813
2,3,0.340,0.350,11921,-0.693342
2,3,0.340,0.350,11922,-0.682637
2,3,0.340,0.350,11923,-0.682928
2,3,0.340,0.350,11924,-0.681411
2,3,0.340,0.350,11925,-0.669647
2,3,0.340,0.350,11926,-0.664595
2,3,0.340,0.350,11927,-0.660807
2,3,0.340,0.350,11928,-0.652805
2,3,0.340,0.350,11929,-0.645046
2,3,0.340,0.350,11930,-0.633960
2,3,0.340,0.350,11931,-0.625630
2,3,0.340,0.350,11932,-0.621118
2,3,0.340,0.350,11933,-0.606012
2,3,0.340,0.350,11934,-0.588571
2,3,0.340,0.350,11935,-0.587159
2,3,0.340,0.350,11936,-0.574261
2,3,0.340,0.350,11937,-0.547688
2,3,0.340,0.350,11938,-0.541358
2,3,0.340,0.350,11939,-0.531256
2,3,0.340,0.350,11940,-0.505121
2,3,0.340,0.350,11941,-0.489957
2,3,0.340,0.350,11942,-0.475174
2,3,0.340,0.350,11943,-0.455934
2,3,0.340,0.350,11944,-0.441428
2,3,0.340,0.350,11945,-0.417782
2,3,0.340,0.350,11946,-0.398467
2,3,0.340,0.350,11947,-0.395521
2,3,0.340,0.350,11948,-0.372175
2,3,0.340,0.350,11949,-0.344204
2,3,0.340,0.350,11950,-0.349888
2,3,0.340,0.350,11951,-0.336885
2,3,0.340,0.350,11952,-0.305366
2,3,0.340,0.350,11953,-0.307689
2,3,0.340,0.350,11954,-0.303339
2,3,0.340,0.350,11955,-0.281253
2,3,0.340,0.350,11956,-0.275822
2,3,0.340,0.350,11957,-0.269105
2,3,0.340,0.350,11958,-0.260687
2,3,0.340,0.350,11959,-0.257454
2,3,0.340,0.350,11960,-0.240588
2,3,0.340,0.350,11961,-0.235761
2,3,0.340,0.350,11962,-0.246036
2,3,0.340,0.350,11963,-0.224954
2,3,0.340,0.350,11964,-0.210403
2,3,0.340,0.350,11965,-0.230281
2,3,0.340,0.350,11966,-0.218548
2,3,0.340,0.350,11967,-0.195324
2,3,0.340,0.350,11968,-0.208666
2,3,0.340,0.350,11969,-0.208145
2,3,0.340,0.350,11970,-0.191498
2,3,0.340,0.350,11971,-0.192037
2,3,0.340,0.350,11972,-0.188418
2,3,0.340,0.350,11973,-0.186751
2,3,0.340,0.350,11974,-0.187399
2,3,0.340,0.350,11975,-0.170222
2,3,0.340,0.350,11976,-0.171909
2,3,0.340,0.350,11977,-0.186082
2,3,0.340,0.350,11978,-0.164359
2,3,0.340,0.350,11979,-0.153536
2,3,0.340,0.350,11980,-0.175643
2,3,0.340,0.350,11981,-0.165077
2,3,0.340,0.350,11982,-0.144767
2,3,0.340,0.350,11983,-0.157917
2,3,0.340,0.350,11984,-0.157608
2,3,0.340,0.350,11985,-0.145704
2,3,0.340,0.350,11986,-0.146383
2,3,0.340,0.350,11987,-0.140013
2,3,0.340,0.350,11988,-0.142533
2,3,0.340,0.350,11989,-0.145265
2,3,0.340,0.350,11990,-0.125554
2,3,0.340,0.350,11991,-0.128393
2,3,0.340,0.350,11992,-0.143568
2,3,0.340,0.350,11993,-0.121802
2,3,0.340,0.350,11994,-0.112223
2,3,0.340,0.350,11995,-0.132056
2,3,0.340,0.350,11996,-0.120404
2,3,0.340,0.350,11997,-0.104589
2,3,0.340,0.350,11998,-0.115284
2,3,0.340,0.350,11999,-0.110082
2,3,0.340,0.350,12000,-0.102626
2,3,0.340,0.350,12001,-0.103193
2,3,0.340,0.350,12002,-0.091861
2,3,0.340,0.350,12003,-0.095007
2,3,0.340,0.350,12004,-0.096745
2,3,0.340,0.350,12005,-0.074972
2,3,0.340,0.350,12006,-0.077733
2,3,0.340,0.350,12007,-0.088070
2,3,0.340,0.350,12008,-0.063404
2,3,0.340,0.350,12009,-0.057166
2,3,0.340,0.350,12010,-0.070160
2,3,0.340,0.350,12011,-0.051919
2,3,0.340,0.350,12012,-0.040993
2,3,0.340,0.350,12013,-0.045725
2,3,0.340,0.350,12014,-0.032928
2,3,0.340,0.350,12015,-0.028574
2,3,0.340,0.350,12016,-0.024420
2,3,0.340,0.350,12017,-0.007635
2,3,0.340,0.350,12018,-0.014610
2,3,0.340,0.350,12019,-0.011483
2,3,0.340,0.350,12020,0.013193
2,3,0.340,0.350,12021,0.000300
2,3,0.340,0.350,12022,-0.005995
2,3,0.340,0.350,12023,0.019249
2,3,0.340,0.350,12024,0.007366
2,3,0.340,0.350,12025,-0.006032
2,3,0.340,0.350,12026,0.010715
2,3,0.340,0.350,12027,0.000136
2,3,0.340,0.350,12028,-0.010906
2,3,0.340,0.350,12029,-0.003732
2,3,0.340,0.350,12030,-0.017645
2,3,0.340,0.350,12031,-0.020602
2,3,0.340,0.350,12032,-0.015700
2,3,0.340,0.350,12033,-0.035721
2,3,0.340,0.350,12034,-0.032231
2,3,0.340,0.350,12035,-0.023233
2,3,0.340,0.350,12036,-0.048456
2,3,0.340,0.350,12037,-0.042625
2,3,0.340,0.350,12038,-0.027470
2,3,0.340,0.350,12039,-0.053555
2,3,0.340,0.350,12040,-0.051391
2,3,0.340,0.350,12041,-0.031518
2,3,0.340,0.350,12042,-0.051591
2,3,0.340,0.350,12043,-0.055367
2,3,0.340,0.350,12044,-0.038354
2,3,0.340,0.350,12045,-0.048684
2,3,0.340,0.350,12046,-0.050482
2,3,0.340,0.350,12047,-0.044103
2,3,0.340,0.350,12048,-0.051559
2,3,0.340,0.350,12049,-0.041316
2,3,0.340,0.350,12050,-0.040345
2,3,0.340,0.350,12051,-0.056611
2,3,0.340,0.350,12052,-0.038295
2,3,0.340,0.350,12053,-0.028523
2,3,0.340,0.350,12054,-0.053343
2,3,0.340,0.350,12055,-0.041812
2,3,0.340,0.350,12056,-0.020632
2,3,0.340,0.350,12057,-0.040500
2,3,0.340,0.350,12058,-0.040288
2,3,0.340,0.350,12059,-0.022030
2,3,0.340,0.350,12060,-0.028959
2,3,0.340,0.350,12061,-0.027189
2,3,0.340,0.350,12062,-0.022563
2,3,0.340,0.350,12063,-0.026197
2,3,0.340,0.350,12064,-0.011170
2,3,0.340,0.350,12065,-0.011632
2,3,0.340,0.350,12066,-0.025193
2,3,0.340,0.350,12067,-0.003213
2,3,0.340,0.350,12068,0.006538
2,3,0.340,0.350,12069,-0.015267
2,3,0.340,0.350,12070,-0.000606
2,3,0.340,0.350,12071,0.020024
2,3,0.340,0.350,12072,0.003951
2,3,0.340,0.350,12073,0.009111
2,3,0.340,0.350,12074,0.026345
2,3,0.340,0.350,12075,0.023456
2,3,0.340,0.350,12076,0.031674
2,3,0.340,0.350,12077,0.036482
2,3,0.340,0.350,12078,0.037873
2,3,0.340,0.350,12079,0.059449
2,3,0.340,0.350,12080,0.060451
2,3,0.340,0.350,12081,0.053104
2,3,0.340,0.350,12082,0.082818
2,3,0.340,0.350,12083,0.095020
2,3,0.340,0.350,12084,0.079900
2,3,0.340,0.350,12085,0.104168
2,3,0.340,0.350,12086,0.128709
2,3,0.340,0.350,12087,0.121139
2,3,0.340,0.350,12088,0.137019
2,3,0.340,0.350,12089,0.159563
2,3,0.340,0.350,12090,0.167935
2,3,0.340,0.350,12091,0.188281
2,3,0.340,0.350,12092,0.199032
2,3,0.340,0.350,12093,0.213328
2,3,0.340,0.350,12094,0.248770
2,3,0.340,0.350,12095,0.255352
2,3,0.340,0.350,12096,0.260764
2,3,0.340,0.350,12097,0.304834
2,3,0.340,0.350,12098,0.320938
2,3,0.340,0.350,12099,0.316710
2,3,0.340,0.350,12100,0.352849
2,3,0.340,0.350,12101,0.377417
2,3,0.340,0.350,12102,0.377452
2,3,0.340,0.350,12103,0.400470
2,3,0.340,0.350,12104,0.417612
2,3,0.340,0.350,12105,0.427764
2,3,0.340,0.350,12106,0.448726
2,3,0.340,0.350,12107,0.450859
2,3,0.340,0.350,12108,0.460765
2,3,0.340,0.350,12109,0.487884
2,3,0.340,0.350,12110,0.483836
2,3,0.340,0.350,12111,0.484012
2,3,0.340,0.350,12112,0.512794
2,3,0.340,0.350,12113,0.512389
2,3,0.340,0.350,12114,0.505584
2,3,0.340,0.350,12115,0.529125
2,3,0.340,0.350,12116,0.532726
2,3,0.340,0.350,12117,0.526566
2,3,0.340,0.350,12118,0.543420
2,3,0.340,0.350,12119,0.546130
2,3,0.340,0.350,12120,0.545090
2,3,0.340,0.350,12121,0.558362
2,3,0.340,0.350,12122,0.555492
2,3,0.340,0.350,12123,0.558317
2,3,0.340,0.350,12124,0.573056
2,3,0.340,0.350,12125,0.565092
2,3,0.340,0.350,12126,0.565746
2,3,0.340,0.350,12127,0.584406
2,3,0.340,0.350,12128,0.577263
2,3,0.340,0.350,12129,0.571785
2,3,0.340,0.350,12130,0.590683
2,3,0.340,0.350,12131,0.588513
2,3,0.340,0.350,12132,0.581312
2,3,0.340,0.350,12133,0.594826
2,3,0.340,0.350,12134,0.594348
2,3,0.340,0.350,12135,0.592428
2,3,0.340,0.350,12136,0.601389
2,3,0.340,0.350,12137,0.596024
2,3,0.340,0.350,12138,0.599133
2,3,0.340,0.350,12139,0.610300
2,3,0.340,0.350,12140,0.599870
2,3,0.340,0.350,12141,0.600414
2,3,0.340,0.350,12142,0.616585
2,3,0.340,0.350,12143,0.607628
2,3,0.340,0.350,12144,0.602289
2,3,0.340,0.350,12145,0.618113
2,3,0.340,0.350,12146,0.613663
2,3,0.340,0.350,12147,0.608240
2,3,0.340,0.350,12148,0.618559
2,3,0.340,0.350,12149,0.614700
2,3,0.340,0.350,12150,0.614505
2,3,0.340,0.350,12151,0.621290
2,3,0.340,0.350,12152,0.613398
2,3,0.340,0.350,12153,0.616572
2,3,0.340,0.350,12154,0.625374
2,3,0.340,0.350,12155,0.613816
2,3,0.340,0.350,12156,0.614829
2,3,0.340,0.350,12157,0.627121
2,3,0.340,0.350,12158,0.616028
2,3,0.340,0.350,12159,0.613559
2,3,0.340,0.350,12160,0.624640
2,3,0.340,0.350,12161,0.616248
2,3,0.340,0.350,12162,0.614238
2,3,0.340,0.350,12163,0.620159
2,3,0.340,0.350,12164,0.612062
2,3,0.340,0.350,12165,0.614179
2,3,0.340,0.350,12166,0.617180
2,3,0.340,0.350,12167,0.605229
2,3,0.340,0.350,12168,0.611221
2,3,0.340,0.350,12169,0.615745
2,3,0.340,0.350,12170,0.599996
2,3,0.340,0.350,12171,0.607127
2,3,0.340,0.350,12172,0.614838
2,3,0.340,0.350,12173,0.599757
2,3,0.340,0.350,12174,0.606575
2,3,0.340,0.350,12175,0.615178
2,3,0.340,0.350,12176,0.604742
2,3,0.340,0.350,12177,0.612925
2,3,0.340,0.350,12178,0.618686
2,3,0.340,0.350,12179,0.612484
2,3,0.340,0.350,12180,0.624523
2,3,0.340,0.350,12181,0.626769
2,3,0.340,0.350,12182,0.620491
2,3,0.340,0.350,12183,0.636544
2,3,0.340,0.350,12184,0.637233
2,3,0.340,0.350,12185,0.628474
2,3,0.340,0.350,12186,0.646475
2,3,0.340,0.350,12187,0.647005
2,3,0.340,0.350,12188,0.636403
2,3,0.340,0.350,12189,0.653639
2,3,0.340,0.350,12190,0.656138
2,3,0.340,0.350,12191,0.644535
2,3,0.340,0.350,12192,0.657874
2,3,0.340,0.350,12193,0.662815
2,3,0.340,0.350,12194,0.654197
2,3,0.340,0.350,12195,0.662692
2,3,0.340,0.350,12196,0.664594
2,3,0.340,0.350,12197,0.662595
2,3,0.340,0.350,12198,0.671643
2,3,0.340,0.350,12199,0.666033
2,3,0.340,0.350,12200,0.665658
2,3,0.340,0.350,12201,0.681057
2,3,0.340,0.350,12202,0.673478
2,3,0.340,0.350,12203,0.666415
2,3,0.340,0.350,12204,0.684984
2,3,0.340,0.350,12205,0.683896
2,3,0.340,0.350,12206,0.671901
2,3,0.340,0.350,12207,0.684780
2,3,0.340,0.350,12208,0.689109
2,3,0.340,0.350,12209,0.682172
2,3,0.340,0.350,12210,0.688139
2,3,0.340,0.350,12211,0.688383
2,3,0.340,0.350,12212,0.689864
2,3,0.340,0.350,12213,0.697519
2,3,0.340,0.350,12214,0.689986
2,3,0.340,0.350,12215,0.691520
2,3,0.340,0.350,12216,0.706447
2,3,0.340,0.350,12217,0.698866
2,3,0.340,0.350,12218,0.692945
2,3,0.340,0.350,12219,0.709888
2,3,0.340,0.350,12220,0.709336
2,3,0.340,0.350,12221,0.700716
2,3,0.340,0.350,12222,0.711764
2,3,0.340,0.350,12223,0.715013
2,3,0.340,0.350,12224,0.712636
2,3,0.340,0.350,12225,0.718977
2,3,0.340,0.350,12226,0.718097
2,3,0.340,0.350,12227,0.722518
2,3,0.340,0.350,12228,0.731636
2,3,0.340,0.350,12229,0.725496
2,3,0.340,0.350,12230,0.729229
2,3,0.340,0.350,12231,0.744117
2,3,0.340,0.350,12232,0.739189
2,3,0.340,0.350,12233,0.737812
2,3,0.340,0.350,12234,0.753686
2,3,0.340,0.350,12235,0.754943
2,3,0.340,0.350,12236,0.752617
2,3,0.340,0.350,12237,0.764003
2,3,0.340,0.350,12238,0.769199
2,3,0.340,0.350,12239,0.772393
2,3,0.340,0.350,12240,0.780677
2,3,0.340,0.350,12241,0.783429
2,3,0.340,0.350,12242,0.793037
2,3,0.340,0.350,12243,0.803570
2,3,0.340,0.350,12244,0.802905
2,3,0.340,0.350,12245,0.813474
2,3,0.340,0.350,12246,0.827811
2,3,0.340,0.350,12247,0.829052
2,3,0.340,0.350,12248,0.836615
2,3,0.340,0.350,12249,0.851287
2,3,0.340,0.350,12250,0.857050
2,3,0.340,0.350,12251,0.863618
2,3,0.340,0.350,12252,0.874917
2,3,0.340,0.350,12253,0.882098
2,3,0.340,0.350,12254,0.890890
2,3,0.340,0.350,12255,0.898890
2,3,0.340,0.350,12256,0.903001
2,3,0.340,0.350,12257,0.913035
2,3,0.340,0.350,12258,0.919880
2,3,0.340,0.350,12259,0.921344
2,3,0.340,0.350,12260,0.929002
2,3,0.340,0.350,12261,0.934487
2,3,0.340,0.350,12262,0.936494
2,3,0.340,0.350,12263,0.941256
2,3,0.340,0.350,12264,0.944830
2,3,0.340,0.350,12265,0.946658
2,3,0.340,0.350,12266,0.950798
2,3,0.340,0.350,12267,0.954376
2,3,0.340,0.350,12268,0.953763
2,3,0.340,0.350,12269,0.957186
2,3,0.340,0.350,12270,0.961803
2,3,0.340,0.350,12271,0.961017
2,3,0.340,0.350,12272,0.962146
2,3,0.340,0.350,12273,0.965009
2,3,0.340,0.350,12274,0.967099
2,3,0.340,0.350,12275,0.967613
2,3,0.340,0.350,12276,0.967087
2,3,0.340,0.350,12277,0.969824
2,3,0.340,0.350,12278,0.972431
2,3,0.340,0.350,12279,0.971470
2,3,0.340,0.350,12280,0.971128
2,3,0.340,0.350,12281,0.974602
2,3,0.340,0.350,12282,0.976571
2,3,0.340,0.350,12283,0.974046
2,3,0.340,0.350,12284,0.974950
2,3,0.340,0.350,12285,0.978647
2,3,0.340,0.350,12286,0.978179
2,3,0.340,0.350,12287,0.976374
2,3,0.340,0.350,12288,0.977906
2,3,0.340,0.350,12289,0.980447
2,3,0.340,0.350,12290,0.979556
2,3,0.340,0.350,12291,0.978057
2,3,0.340,0.350,12292,0.979894
2,3,0.340,0.350,12293,0.981974
2,3,0.340,0.350,12294,0.980577
2,3,0.340,0.350,12295,0.979153
2,3,0.340,0.350,12296,0.981651
2,3,0.340,0.350,12297,0.982960
2,3,0.340,0.350,12298,0.980333
2,3,0.340,0.350,12299,0.979969
2,3,0.340,0.350,12300,0.982565
2,3,0.340,0.350,12301,0.981990
2,3,0.340,0.350,12302,0.979376
2,3,0.340,0.350,12303,0.980295
2,3,0.340,0.350,12304,0.981581
2,3,0.340,0.350,12305,0.979998
2,3,0.340,0.350,12306,0.978176
2,3,0.340,0.350,12307,0.978677
2,3,0.340,0.350,12308,0.979625
2,3,0.340,0.350,12309,0.976550
2,3,0.340,0.350,12310,0.974570
2,3,0.340,0.350,12311,0.975873
2,3,0.340,0.350,12312,0.974478
2,3,0.340,0.350,12313,0.970327
2,3,0.340,0.350,12314,0.969007
2,3,0.340,0.350,12315,0.969719
2,3,0.340,0.350,12316,0.965729
2,3,0.340,0.350,12317,0.962253
2,3,0.340,0.350,12318,0.961916
2,3,0.340,0.350,12319,0.959552
2,3,0.340,0.350,12320,0.957304
2,3,0.340,0.350,12321,0.955057
2,3,0.340,0.350,12322,0.953646
2,3,0.340,0.350,12323,0.954738
2,3,0.340,0.350,12324,0.952692
2,3,0.340,0.350,12325,0.951396
2,3,0.340,0.350,12326,0.955193
2,3,0.340,0.350,12327,0.956021
2,3,0.340,0.350,12328,0.955150
2,3,0.340,0.350,12329,0.958459
2,3,0.340,0.350,12330,0.962582
2,3,0.340,0.350,12331,0.963478
2,3,0.340,0.350,12332,0.964937
2,3,0.340,0.350,12333,0.968746
2,3,0.340,0.350,12334,0.972142
2,3,0.340,0.350,12335,0.973287
2,3,0.340,0.350,12336,0.974261
2,3,0.340,0.350,12337,0.978054
2,3,0.340,0.350,12338,0.980306
2,3,0.340,0.350,12339,0.980058
2,3,0.340,0.350,12340,0.981452
2,3,0.340,0.350,12341,0.984457
2,3,0.340,0.350,12342,0.984969
2,3,0.340,0.350,12343,0.984226
2,3,0.340,0.350,12344,0.986490
2,3,0.340,0.350,12345,0.988202
2,3,0.340,0.350,12346,0.987217
2,3,0.340,0.350,12347,0.987413
2,3,0.340,0.350,12348,0.989686
2,3,0.340,0.350,12349,0.990131
2,3,0.340,0.350,12350,0.988632
2,3,0.340,0.350,12351,0.989605
2,3,0.340,0.350,12352,0.991446
2,3,0.340,0.350,12353,0.990711
2,3,0.340,0.350,12354,0.989615
2,3,0.340,0.350,12355,0.990580
2,3,0.340,0.350,12356,0.992180
2,3,0.340,0.350,12357,0.990735
2,3,0.340,0.350,12358,0.989231
2,3,0.340,0.350,12359,0.991530
2,3,0.340,0.350,12360,0.991860
2,3,0.340,0.350,12361,0.989298
2,3,0.340,0.350,12362,0.989407
2,3,0.340,0.350,12363,0.991250
2,3,0.340,0.350,12364,0.990353
2,3,0.340,0.350,12365,0.988021
2,3,0.340,0.350,12366,0.988792
2,3,0.340,0.350,12367,0.990209
2,3,0.340,0.350,12368,0.988290
2,3,0.340,0.350,12369,0.986375
2,3,0.340,0.350,12370,0.987655
2,3,0.340,0.350,12371,0.988645
2,3,0.340,0.350,12372,0.985545
2,3,0.340,0.350,12373,0.984041
2,3,0.340,0.350,12374,0.986567
2,3,0.340,0.350,12375,0.985576
2,3,0.340,0.350,12376,0.982011
2,3,0.340,0.350,12377,0.982027
2,3,0.340,0.350,12378,0.983794
2,3,0.340,0.350,12379,0.982006
2,3,0.340,0.350,12380,0.978460
2,3,0.340,0.350,12381,0.979016
2,3,0.340,0.350,12382,0.981036
2,3,0.340,0.350,12383,0.977832
2,3,0.340,0.350,12384,0.973976
2,3,0.340,0.350,12385,0.976428
2,3,0.340,0.350,12386,0.977095
2,3,0.340,0.350,12387,0.971540
2,3,0.340,0.350,12388,0.969830
2,3,0.340,0.350,12389,0.971912
2,3,0.340,0.350,12390,0.969742
2,3,0.340,0.350,12391,0.964884
2,3,0.340,0.350,12392,0.963295
2,3,0.340,0.350,12393,0.963622
2,3,0.340,0.350,12394,0.961204
2,3,0.340,0.350,12395,0.955589
2,3,0.340,0.350,12396,0.952413
2,3,0.340,0.350,12397,0.954286
2,3,0.340,0.350,12398,0.948418
2,3,0.340,0.350,12399,0.939786
2,3,0.340,0.350,12400,0.940817
2,3,0.340,0.350,12401,0.937134
2,3,0.340,0.350,12402,0.926809
2,3,0.340,0.350,12403,0.922440
2,3,0.340,0.350,12404,0.918372
2,3,0.340,0.350,12405,0.909507
2,3,0.340,0.350,12406,0.902784
2,3,0.340,0.350,12407,0.894680
2,3,0.340,0.350,12408,0.884660
2,3,0.340,0.350,12409,0.881379
2,3,0.340,0.350,12410,0.871161
2,3,0.340,0.350,12411,0.856922
2,3,0.340,0.350,12412,0.857108
2,3,0.340,0.350,12413,0.848716
2,3,0.340,0.350,12414,0.833178
2,3,0.340,0.350,12415,0.832892
2,3,0.340,0.350,12416,0.826715
2,3,0.340,0.350,12417,0.815104
2,3,0.340,0.350,12418,0.813299
2,3,0.340,0.350,12419,0.806562
2,3,0.340,0.350,12420,0.799461
2,3,0.340,0.350,12421,0.800364
2,3,0.340,0.350,12422,0.791236
2,3,0.340,0.350,12423,0.784174
2,3,0.340,0.350,12424,0.791058
2,3,0.340,0.350,12425,0.782238
2,3,0.340,0.350,12426,0.771494
2,3,0.340,0.350,12427,0.780851
2,3,0.340,0.350,12428,0.776613
2,3,0.340,0.350,12429,0.765200
2,3,0.340,0.350,12430,0.770539
2,3,0.340,0.350,12431,0.769364
2,3,0.340,0.350,12432,0.763775
2,3,0.340,0.350,12433,0.765590
2,3,0.340,0.350,12434,0.760786
2,3,0.340,0.350,12435,0.761215
2,3,0.340,0.350,12436,0.766469
2,3,0.340,0.350,12437,0.756706
2,3,0.340,0.350,12438,0.755645
2,3,0.340,0.350,12439,0.767117
2,3,0.340,0.350,12440,0.759064
2,3,0.340,0.350,12441,0.752517
2,3,0.340,0.350,12442,0.764579
2,3,0.340,0.350,12443,0.762709
2,3,0.340,0.350,12444,0.756286
2,3,0.340,0.350,12445,0.763237
2,3,0.340,0.350,12446,0.763747
2,3,0.340,0.350,12447,0.764199
2,3,0.340,0.350,12448,0.768599
2,3,0.340,0.350,12449,0.764925
2,3,0.340,0.350,12450,0.770940
2,3,0.340,0.350,12451,0.779155
2,3,0.340,0.350,12452,0.772178
2,3,0.340,0.350,12453,0.776926
2,3,0.340,0.350,12454,0.789630
2,3,0.340,0.350,12455,0.786133
2,3,0.340,0.350,12456,0.787856
2,3,0.340,0.350,12457,0.800104
2,3,0.340,0.350,12458,0.802011
2,3,0.340,0.350,12459,0.805991
2,3,0.340,0.350,12460,0.815036
2,3,0.340,0.350,12461,0.817586
2,3,0.340,0.350,12462,0.827009
2,3,0.340,0.350,12463,0.834505
2,3,0.340,0.350,12464,0.834352
2,3,0.340,0.350,12465,0.846254
2,3,0.340,0.350,12466,0.853570
2,3,0.340,0.350,12467,0.851243
2,3,0.340,0.350,12468,0.861101
2,3,0.340,0.350,12469,0.867615
2,3,0.340,0.350,12470,0.864294
2,3,0.340,0.350,12471,0.870831
2,3,0.340,0.350,12472,0.874482
2,3,0.340,0.350,12473,0.869926
2,3,0.340,0.350,12474,0.874462
2,3,0.340,0.350,12475,0.874920
2,3,0.340,0.350,12476,0.867522
2,3,0.340,0.350,12477,0.870130
2,3,0.340,0.350,12478,0.868818
2,3,0.340,0.350,12479,0.858757
2,3,0.340,0.350,12480,0.858547
2,3,0.340,0.350,12481,0.854028
2,3,0.340,0.350,12482,0.842929
2,3,0.340,0.350,12483,0.841985
2,3,0.340,0.350,12484,0.833126
2,3,0.340,0.350,12485,0.819225
2,3,0.340,0.350,12486,0.820098
2,3,0.340,0.350,12487,0.810650
2,3,0.340,0.350,12488,0.792805
2,3,0.340,0.350,12489,0.794067
2,3,0.340,0.350,12490,0.787166
2,3,0.340,0.350,12491,0.769311
2,3,0.340,0.350,12492,0.768869
2,3,0.340,0.350,12493,0.762734
2,3,0.340,0.350,12494,0.749337
2,3,0.340,0.350,12495,0.749484
2,3,0.340,0.350,12496,0.740428
2,3,0.340,0.350,12497,0.729830
2,3,0.340,0.350,12498,0.735599
2,3,0.340,0.350,12499,0.724721
2,3,0.340,0.350,12500,0.711273
2,3,0.340,0.350,12501,0.721996
2,3,0.340,0.350,12502,0.715329
2,3,0.340,0.350,12503,0.698486
2,3,0.340,0.350,12504,0.706738
2,3,0.340,0.350,12505,0.705320
2,3,0.340,0.350,12506,0.692656
2,3,0.340,0.350,12507,0.695210
2,3,0.340,0.350,12508,0.690918
2,3,0.340,0.350,12509,0.686695
2,3,0.340,0.350,12510,0.690448
2,3,0.340,0.350,12511,0.678147
2,3,0.340,0.350,12512,0.674650
2,3,0.340,0.350,12513,0.686198
2,3,0.340,0.350,12514,0.672916
2,3,0.340,0.350,12515,0.660873
2,3,0.340,0.350,12516,0.675992
2,3,0.340,0.350,12517,0.670229
2,3,0.340,0.350,12518,0.653610
2,3,0.340,0.350,12519,0.662638
2,3,0.340,0.350,12520,0.661563
2,3,0.340,0.350,12521,0.651615
2,3,0.340,0.350,12522,0.653702
2,3,0.340,0.350,12523,0.646933
2,3,0.340,0.350,12524,0.645790
2,3,0.340,0.350,12525,0.649814
2,3,0.340,0.350,12526,0.634609
2,3,0.340,0.350,12527,0.632373
2,3,0.340,0.350,12528,0.644057
2,3,0.340,0.350,12529,0.628607
2,3,0.340,0.350,12530,0.617516
2,3,0.340,0.350,12531,0.632363
2,3,0.340,0.350,12532,0.623459
2,3,0.340,0.350,12533,0.608079
2,3,0.340,0.350,12534,0.617347
2,3,0.340,0.350,12535,0.612287
2,3,0.340,0.350,12536,0.602171
2,3,0.340,0.350,12537,0.604187
2,3,0.340,0.350,12538,0.594414
2,3,0.340,0.350,12539,0.591816
2,3,0.340,0.350,12540,0.593916
2,3,0.340,0.350,12541,0.575821
2,3,0.340,0.350,12542,0.572730
2,3,0.340,0.350,12543,0.581576
2,3,0.340,0.350,12544,0.560877
2,3,0.340,0.350,12545,0.549098
2,3,0.340,0.350,12546,0.561083
2,3,0.340,0.350,12547,0.545042
2,3,0.340,0.350,12548,0.527585
2,3,0.340,0.350,12549,0.532277
2,3,0.340,0.350,12550,0.518897
2,3,0.340,0.350,12551,0.505703
2,3,0.340,0.350,12552,0.501253
2,3,0.340,0.350,12553,0.480332
2,3,0.340,0.350,12554,0.473464
2,3,0.340,0.350,12555,0.468721
2,3,0.340,0.350,12556,0.436681
2,3,0.340,0.350,12557,0.426717
2,3,0.340,0.350,12558,0.427647
2,3,0.340,0.350,12559,0.392180
2,3,0.340,0.350,12560,0.371531
2,3,0.340,0.350,12561,0.373340
2,3,0.340,0.350,12562,0.343378
2,3,0.340,0.350,12563,0.318640
2,3,0.340,0.350,12564,0.311799
2,3,0.340,0.350,12565,0.285872
2,3,0.340,0.350,12566,0.271263
2,3,0.340,0.350,12567,0.257874
2,3,0.340,0.350,12568,0.226906
2,3,0.340,0.350,12569,0.225062
2,3,0.340,0.350,12570,0.217935
2,3,0.340,0.350,12571,0.180845
2,3,0.340,0.350,12572,0.180983
2,3,0.340,0.350,12573,0.185947
2,3,0.340,0.350,12574,0.151921
2,3,0.340,0.350,12575,0.146087
2,3,0.340,0.350,12576,0.156054
2,3,0.340,0.350,12577,0.132609
2,3,0.340,0.350,12578,0.124707
2,3,0.340,0.350,12579,0.129497
2,3,0.340,0.350,12580,0.115017
2,3,0.340,0.350,12581,0.114605
2,3,0.340,0.350,12582,0.111495
2,3,0.340,0.350,12583,0.097486
2,3,0.340,0.350,12584,0.108999
2,3,0.340,0.350,12585,0.105784
2,3,0.340,0.350,12586,0.084867
2,3,0.340,0.350,12587,0.101093
2,3,0.340,0.350,12588,0.107587
2,3,0.340,0.350,12589,0.082733
2,3,0.340,0.350,12590,0.092809
2,3,0.340,0.350,12591,0.107521
2,3,0.340,0.350,12592,0.090162
2,3,0.340,0.350,12593,0.093585
2,3,0.340,0.350,12594,0.104469
2,3,0.340,0.350,12595,0.099849
2,3,0.340,0.350,12596,0.108375
2,3,0.340,0.350,12597,0.108831
2,3,0.340,0.350,12598,0.106981
2,3,0.340,0.350,12599,0.129602
2,3,0.340,0.350,12600,0.129131
2,3,0.340,0.350,12601,0.118475
2,3,0.340,0.350,12602,0.148069
2,3,0.340,0.350,12603,0.159634
2,3,0.340,0.350,12604,0.145531
2,3,0.340,0.350,12605,0.169267
2,3,0.340,0.350,12606,0.189677
2,3,0.340,0.350,12607,0.186605
2,3,0.340,0.350,12608,0.205319
2,3,0.340,0.350,12609,0.220499
2,3,0.340,0.350,12610,0.229998
2,3,0.340,0.350,12611,0.254841
2,3,0.340,0.350,12612,0.258721
2,3,0.340,0.350,12613,0.267726
2,3,0.340,0.350,12614,0.302811
2,3,0.340,0.350,12615,0.302764
2,3,0.340,0.350,12616,0.300019
2,3,0.340,0.350,12617,0.335572
2,3,0.340,0.350,12618,0.339185
2,3,0.340,0.350,12619,0.329034
2,3,0.340,0.350,12620,0.354139
2,3,0.340,0.350,12621,0.357416
2,3,0.340,0.350,12622,0.349464
2,3,0.340,0.350,12623,0.364163
2,3,0.340,0.350,12624,0.359969
2,3,0.340,0.350,12625,0.355152
2,3,0.340,0.350,12626,0.365842
2,3,0.340,0.350,12627,0.352138
2,3,0.340,0.350,12628,0.345831
2,3,0.340,0.350,12629,0.355972
2,3,0.340,0.350,12630,0.334667
2,3,0.340,0.350,12631,0.323853
2,3,0.340,0.350,12632,0.333343
2,3,0.340,0.350,12633,0.307388
2,3,0.340,0.350,12634,0.290190
2,3,0.340,0.350,12635,0.297710
2,3,0.340,0.350,12636,0.271082
2,3,0.340,0.350,12637,0.248043
2,3,0.340,0.350,12638,0.249396
2,3,0.340,0.350,12639,0.224192
2,3,0.340,0.350,12640,0.203035
2,3,0.340,0.350,12641,0.195638
2,3,0.340,0.350,12642,0.166692
2,3,0.340,0.350,12643,0.155128
2,3,0.340,0.350,12644,0.147296
2,3,0.340,0.350,12645,0.110216
2,3,0.340,0.350,12646,0.104108
2,3,0.340,0.350,12647,0.106270
2,3,0.340,0.350,12648,0.067644
2,3,0.340,0.350,12649,0.057352
2,3,0.340,0.350,12650,0.068237
2,3,0.340,0.350,12651,0.039158
2,3,0.340,0.350,12652,0.023782
2,3,0.340,0.350,12653,0.031935
2,3,0.340,0.350,12654,0.014725
2,3,0.340,0.350,12655,0.004426
2,3,0.340,0.350,12656,0.002163
2,3,0.340,0.350,12657,-0.012884
2,3,0.340,0.350,12658,-0.009047
2,3,0.340,0.350,12659,-0.015456
2,3,0.340,0.350,12660,-0.039955
2,3,0.340,0.350,12661,-0.027885
2,3,0.340,0.350,12662,-0.023911
2,3,0.340,0.350,12663,-0.056201
2,3,0.340,0.350,12664,-0.052604
2,3,0.340,0.350,12665,-0.036152
2,3,0.340,0.350,12666,-0.061148
2,3,0.340,0.350,12667,-0.070611
2,3,0.340,0.350,12668,-0.058148
2,3,0.340,0.350,12669,-0.068054
2,3,0.340,0.350,12670,-0.074966
2,3,0.340,0.350,12671,-0.078788
2,3,0.340,0.350,12672,-0.086359
2,3,0.340,0.350,12673,-0.076769
2,3,0.340,0.350,12674,-0.086410
2,3,0.340,0.350,12675,-0.107726
2,3,0.340,0.350,12676,-0.090390
2,3,0.340,0.350,12677,-0.086954
2,3,0.340,0.350,12678,-0.118170
2,3,0.340,0.350,12679,-0.112606
2,3,0.340,0.350,12680,-0.096293
2,3,0.340,0.350,12681,-0.118703
2,3,0.340,0.350,12682,-0.127178
2,3,0.340,0.350,12683,-0.117200
2,3,0.340,0.350,12684,-0.124595
2,3,0.340,0.350,12685,-0.129509
2,3,0.340,0.350,12686,-0.135969
2,3,0.340,0.350,12687,-0.143274
2,3,0.340,0.350,12688,-0.133142
2,3,0.340,0.350,12689,-0.143642
2,3,0.340,0.350,12690,-0.164780
2,3,0.340,0.350,12691,-0.149876
2,3,0.340,0.350,12692,-0.148542
2,3,0.340,0.350,12693,-0.177514
2,3,0.340,0.350,12694,-0.174098
2,3,0.340,0.350,12695,-0.163897
2,3,0.340,0.350,12696,-0.184867
2,3,0.340,0.350,12697,-0.193038
2,3,0.340,0.350,12698,-0.190114
2,3,0.340,0.350,12699,-0.200223
2,3,0.340,0.350,12700,-0.205761
2,3,0.340,0.350,12701,-0.216955
2,3,0.340,0.350,12702,-0.228931
2,3,0.340,0.350,12703,-0.223675
2,3,0.340,0.350,12704,-0.239442
2,3,0.340,0.350,12705,-0.263068
2,3,0.340,0.350,12706,-0.256249
2,3,0.340,0.350,12707,-0.264694
2,3,0.340,0.350,12708,-0.294420
2,3,0.340,0.350,12709,-0.299659
2,3,0.340,0.350,12710,-0.303451
2,3,0.340,0.350,12711,-0.327642
2,3,0.340,0.350,12712,-0.343474
2,3,0.340,0.350,12713,-0.355424
2,3,0.340,0.350,12714,-0.372293
2,3,0.340,0.350,12715,-0.385738
2,3,0.340,0.350,12716,-0.410323
2,3,0.340,0.350,12717,-0.427886
2,3,0.340,0.350,12718,-0.431850
2,3,0.340,0.350,12719,-0.459015
2,3,0.340,0.350,12720,-0.482572
2,3,0.340,0.350,12721,-0.483423
2,3,0.340,0.350,12722,-0.500934
2,3,0.340,0.350,12723,-0.524590
2,3,0.340,0.350,12724,-0.530821
2,3,0.340,0.350,12725,-0.539948
2,3,0.340,0.350,12726,-0.555076
2,3,0.340,0.350,12727,-0.563508
2,3,0.340,0.350,12728,-0.573230
2,3,0.340,0.350,12729,-0.580513
2,3,0.340,0.350,12730,-0.583485
2,3,0.340,0.350,12731,-0.595668
2,3,0.340,0.350,12732,-0.600293
2,3,0.340,0.350,12733,-0.598428
2,3,0.340,0.350,12734,-0.608237
2,3,0.340,0.350,12735,-0.611745
2,3,0.340,0.350,12736,-0.608686
2,3,0.340,0.350,12737,-0.614935
2,3,0.340,0.350,12738,-0.617828
2,3,0.340,0.350,12739,-0.612432
2,3,0.340,0.350,12740,-0.616025
2,3,0.340,0.350,12741,-0.618856
2,3,0.340,0.350,12742,-0.611871
2,3,0.340,0.350,12743,-0.612174
2,3,0.340,0.350,12744,-0.611686
2,3,0.340,0.350,12745,-0.605826
2,3,0.340,0.350,12746,-0.604187
2,3,0.340,0.350,12747,-0.597766
2,3,0.340,0.350,12748,-0.589995
2,3,0.340,0.350,12749,-0.589396
2,3,0.340,0.350,12750,-0.580079
2,3,0.340,0.350,12751,-0.564706
2,3,0.340,0.350,12752,-0.564325
2,3,0.340,0.350,12753,-0.555996
2,3,0.340,0.350,12754,-0.534162
2,3,0.340,0.350,12755,-0.528628
2,3,0.340,0.350,12756,-0.520747
2,3,0.340,0.350,12757,-0.499983
2,3,0.340,0.350,12758,-0.488522
2,3,0.340,0.350,12759,-0.475703
2,3,0.340,0.350,12760,-0.459283
2,3,0.340,0.350,12761,-0.451139
2,3,0.340,0.350,12762,-0.433370
2,3,0.340,0.350,12763,-0.415110
2,3,0.340,0.350,12764,-0.416774
2,3,0.340,0.350,12765,-0.402937
2,3,0.340,0.350,12766,-0.380020
2,3,0.340,0.350,12767,-0.387132
2,3,0.340,0.350,12768,-0.381805
2,3,0.340,0.350,12769,-0.361115
2,3,0.340,0.350,12770,-0.366384
2,3,0.340,0.350,12771,-0.366202
2,3,0.340,0.350,12772,-0.354589
2,3,0.340,0.350,12773,-0.357216
2,3,0.340,0.350,12774,-0.357243
2,3,0.340,0.350,12775,-0.354079
2,3,0.340,0.350,12776,-0.359893
2,3,0.340,0.350,12777,-0.356604
2,3,0.340,0.350,12778,-0.358002
2,3,0.340,0.350,12779,-0.372584
2,3,0.340,0.350,12780,-0.366776
2,3,0.340,0.350,12781,-0.367483
2,3,0.340,0.350,12782,-0.389620
2,3,0.340,0.350,12783,-0.389657
2,3,0.340,0.350,12784,-0.387513
2,3,0.340,0.350,12785,-0.408601
2,3,0.340,0.350,12786,-0.419973
2,3,0.340,0.350,12787,-0.421803
2,3,0.340,0.350,12788,-0.436566
2,3,0.340,0.350,12789,-0.451990
2,3,0.340,0.350,12790,-0.465759
2,3,0.340,0.350,12791,-0.479363
2,3,0.340,0.350,12792,-0.488472
2,3,0.340,0.350,12793,-0.511344
2,3,0.340,0.350,12794,-0.532157
2,3,0.340,0.350,12795,-0.535012
2,3,0.340,0.350,12796,-0.554328
2,3,0.340,0.350,12797,-0.581265
2,3,0.340,0.350,12798,-0.588227
2,3,0.340,0.350,12799,-0.597517
2,3,0.340,0.350,12800,-0.619088
2,3,0.340,0.350,12801,-0.633962
2,3,0.340,0.350,12802,-0.640830
2,3,0.340,0.350,12803,-0.651225
2,3,0.340,0.350,12804,-0.664494
2,3,0.340,0.350,12805,-0.677038
2,3,0.340,0.350,12806,-0.682515
2,3,0.340,0.350,12807,-0.686587
2,3,0.340,0.350,12808,-0.701668
2,3,0.340,0.350,12809,-0.709139
2,3,0.340,0.350,12810,-0.708204
2,3,0.340,0.350,12811,-0.718077
2,3,0.340,0.350,12812,-0.727822
2,3,0.340,0.350,12813,-0.728874
2,3,0.340,0.350,12814,-0.731909
2,3,0.340,0.350,12815,-0.740503
2,3,0.340,0.350,12816,-0.745569
2,3,0.340,0.350,12817,-0.746051
2,3,0.340,0.350,12818,-0.750273
2,3,0.340,0.350,12819,-0.756951
2,3,0.340,0.350,12820,-0.760048
2,3,0.340,0.350,12821,-0.760436
2,3,0.340,0.350,12822,-0.764164
2,3,0.340,0.350,12823,-0.771117
2,3,0.340,0.350,12824,-0.772205
2,3,0.340,0.350,12825,-0.771285
2,3,0.340,0.350,12826,-0.777648
2,3,0.340,0.350,12827,-0.782592
2,3,0.340,0.350,12828,-0.781418
2,3,0.340,0.350,12829,-0.782341
2,3,0.340,0.350,12830,-0.788783
2,3,0.340,0.350,12831,-0.792116
2,3,0.340,0.350,12832,-0.789454
2,3,0.340,0.350,12833,-0.792463
2,3,0.340,0.350,12834,-0.798945
2,3,0.340,0.350,12835,-0.798934
2,3,0.340,0.350,12836,-0.798198
2,3,0.340,0.350,12837,-0.801956
2,3,0.340,0.350,12838,-0.806636
2,3,0.340,0.350,12839,-0.806829
2,3,0.340,0.350,12840,-0.806280
2,3,0.340,0.350,12841,-0.810958
2,3,0.340,0.350,12842,-0.814694
2,3,0.340,0.350,12843,-0.814541
2,3,0.340,0.350,12844,-0.815087
2,3,0.340,0.350,12845,-0.820125
2,3,0.340,0.350,12846,-0.823562
2,3,0.340,0.350,12847,-0.821952
2,3,0.340,0.350,12848,-0.825202
2,3,0.340,0.350,12849,-0.830511
2,3,0.340,0.350,12850,-0.830839
2,3,0.340,0.350,12851,-0.832398
2,3,0.340,0.350,12852,-0.836607
2,3,0.340,0.350,12853,-0.839975
2,3,0.340,0.350,12854,-0.842005
2,3,0.340,0.350,12855,-0.844805
2,3,0.340,0.350,12856,-0.849087
2,3,0.340,0.350,12857,-0.852998
2,3,0.340,0.350,12858,-0.856125
2,3,0.340,0.350,12859,-0.859239
2,3,0.340,0.350,12860,-0.864594
2,3,0.340,0.350,12861,-0.869614
2,3,0.340,0.350,12862,-0.871717
2,3,0.340,0.350,12863,-0.877328
2,3,0.340,0.350,12864,-0.883988
2,3,0.340,0.350,12865,-0.886581
2,3,0.340,0.350,12866,-0.892283
2,3,0.340,0.350,12867,-0.899054
2,3,0.340,0.350,12868,-0.903042
2,3,0.340,0.350,12869,-0.908462
2,3,0.340,0.350,12870,-0.914637
2,3,0.340,0.350,12871,-0.919732
2,3,0.340,0.350,12872,-0.924318
2,3,0.340,0.350,12873,-0.929379
2,3,0.340,0.350,12874,-0.934129
2,3,0.340,0.350,12875,-0.938244
2,3,0.340,0.350,12876,-0.941750
2,3,0.340,0.350,12877,-0.944977
2,3,0.340,0.350,12878,-0.949074
2,3,0.340,0.350,12879,-0.950869
2,3,0.340,0.350,12880,-0.952271
2,3,0.340,0.350,12881,-0.956539
2,3,0.340,0.350,12882,-0.957647
2,3,0.340,0.350,12883,-0.957382
2,3,0.340,0.350,12884,-0.960326
2,3,0.340,0.350,12885,-0.962345
2,3,0.340,0.350,12886,-0.961850
2,3,0.340,0.350,12887,-0.961868
2,3,0.340,0.350,12888,-0.964027
2,3,0.340,0.350,12889,-0.965052
2,3,0.340,0.350,12890,-0.963774
2,3,0.340,0.350,12891,-0.963483
2,3,0.340,0.350,12892,-0.965190
2,3,0.340,0.350,12893,-0.965641
2,3,0.340,0.350,12894,-0.963125
2,3,0.340,0.350,12895,-0.962357
2,3,0.340,0.350,12896,-0.964304
2,3,0.340,0.350,12897,-0.962760
2,3,0.340,0.350,12898,-0.958451
2,3,0.340,0.350,12899,-0.958589
2,3,0.340,0.350,12900,-0.958916
2,3,0.340,0.350,12901,-0.953781
2,3,0.340,0.350,12902,-0.950280
2,3,0.340,0.350,12903,-0.949074
2,3,0.340,0.350,12904,-0.945501
2,3,0.340,0.350,12905,-0.940975
2,3,0.340,0.350,12906,-0.936030
2,3,0.340,0.350,12907,-0.932566
2,3,0.340,0.350,12908,-0.929706
2,3,0.340,0.350,12909,-0.923454
2,3,0.340,0.350,12910,-0.918101
2,3,0.340,0.350,12911,-0.916637
2,3,0.340,0.350,12912,-0.912352
2,3,0.340,0.350,12913,-0.905810
2,3,0.340,0.350,12914,-0.904528
2,3,0.340,0.350,12915,-0.902252
2,3,0.340,0.350,12916,-0.897462
2,3,0.340,0.350,12917,-0.895912
2,3,0.340,0.350,12918,-0.893780
2,3,0.340,0.350,12919,-0.892723
2,3,0.340,0.350,12920,-0.891493
2,3,0.340,0.350,12921,-0.888357
2,3,0.340,0.350,12922,-0.889632
2,3,0.340,0.350,12923,-0.890543
2,3,0.340,0.350,12924,-0.887135
2,3,0.340,0.350,12925,-0.887129
2,3,0.340,0.350,12926,-0.890436
2,3,0.340,0.350,12927,-0.889367
2,3,0.340,0.350,12928,-0.887490
2,3,0.340,0.350,12929,-0.890505
2,3,0.340,0.350,12930,-0.892617
2,3,0.340,0.350,12931,-0.892328
2,3,0.340,0.350,12932,-0.893411
2,3,0.340,0.350,12933,-0.895981
2,3,0.340,0.350,12934,-0.899585
2,3,0.340,0.350,12935,-0.900844
2,3,0.340,0.350,12936,-0.901283
2,3,0.340,0.350,12937,-0.906413
2,3,0.340,0.350,12938,-0.910931
2,3,0.340,0.350,12939,-0.910443
2,3,0.340,0.350,12940,-0.913853
2,3,0.340,0.350,12941,-0.920721
2,3,0.340,0.350,12942,-0.922649
2,3,0.340,0.350,12943,-0.924563
2,3,0.340,0.350,12944,-0.930224
2,3,0.340,0.350,12945,-0.935423
2,3,0.340,0.350,12946,-0.938115
2,3,0.340,0.350,12947,-0.941000
2,3,0.340,0.350,12948,-0.946523
2,3,0.340,0.350,12949,-0.951285
2,3,0.340,0.350,12950,-0.952772
2,3,0.340,0.350,12951,-0.955504
2,3,0.340,0.350,12952,-0.960540
2,3,0.340,0.350,12953,-0.962483
2,3,0.340,0.350,12954,-0.963060
2,3,0.340,0.350,12955,-0.966088
2,3,0.340,0.350,12956,-0.967964
2,3,0.340,0.350,12957,-0.968771
2,3,0.340,0.350,12958,-0.969824
2,3,0.340,0.350,12959,-0.970394
2,3,0.340,0.350,12960,-0.972641
2,3,0.340,0.350,12961,-0.972470
2,3,0.340,0.350,12962,-0.971642
2,3,0.340,0.350,12963,-0.974854
2,3,0.340,0.350,12964,-0.974335
2,3,0.340,0.350,12965,-0.972276
2,3,0.340,0.350,12966,-0.975209
2,3,0.340,0.350,12967,-0.975595
2,3,0.340,0.350,12968,-0.973046
2,3,0.340,0.350,12969,-0.974419
2,3,0.340,0.350,12970,-0.975388
2,3,0.340,0.350,12971,-0.974061
2,3,0.340,0.350,12972,-0.974489
2,3,0.340,0.350,12973,-0.974000
2,3,0.340,0.350,12974,-0.973851
2,3,0.340,0.350,12975,-0.975666
2,3,0.340,0.350,12976,-0.973330
2,3,0.340,0.350,12977,-0.972090
2,3,0.340,0.350,12978,-0.976078
2,3,0.340,0.350,12979,-0.973773
2,3,0.340,0.350,12980,-0.970707
2,3,0.340,0.350,12981,-0.974617
2,3,0.340,0.350,12982,-0.973733
2,3,0.340,0.350,12983,-0.970828
2,3,0.340,0.350,12984,-0.972517
2,3,0.340,0.350,12985,-0.971925
2,3,0.340,0.350,12986,-0.971005
2,3,0.340,0.350,12987,-0.971410
2,3,0.340,0.350,12988,-0.969186
2,3,0.340,0.350,12989,-0.969113
2,3,0.340,0.350,12990,-0.971054
2,3,0.340,0.350,12991,-0.967187
2,3,0.340,0.350,12992,-0.965501
2,3,0.340,0.350,12993,-0.969854
2,3,0.340,0.350,12994,-0.965943
2,3,0.340,0.350,12995,-0.962285
2,3,0.340,0.350,12996,-0.966697
2,3,0.340,0.350,12997,-0.963967
2,3,0.340,0.350,12998,-0.960313
2,3,0.340,0.350,12999,-0.962189
2,3,0.340,0.350,13000,-0.959790
2,3,0.400,0.410,10001,0.986786
2,3,0.400,0.410,10002,0.987658
2,3,0.400,0.410,10003,0.993582
2,3,0.400,0.410,10004,0.988988
2,3,0.400,0.410,10005,0.986119
2,3,0.400,0.410,10006,0.990361
2,3,0.400,0.410,10007,0.991645
2,3,0.400,0.410,10008,0.988727
2,3,0.400,0.410,10009,0.986276
2,3,0.400,0.410,10010,0.991008
2,3,0.400,0.410,10011,0.991999
2,3,0.400,0.410,10012,0.986859
2,3,0.400,0.410,10013,0.988017
2,3,0.400,0.410,10014,0.991310
2,3,0.400,0.410,10015,0.991361
2,3,0.400,0.410,10016,0.986786
2,3,0.400,0.410,10017,0.987658
2,3,0.400,0.410,10018,0.993582
2,3,0.400,0.410,10019,0.988988
2,3,0.400,0.410,10020,0.986119
2,3,0.400,0.410,10021,0.990361
2,3,0.400,0.410,10022,0.991645
2,3,0.400,0.410,10023,0.988727
2,3,0.400,0.410,10024,0.986276
2,3,0.400,0.410,10025,0.991008
2,3,0.400,0.410,10026,0.991999
2,3,0.400,0.410,10027,0.986859
2,3,0.400,0.410,10028,0.988017
2,3,0.400,0.410,10029,0.991310
2,3,0.400,0.410,10030,0.991361
2,3,0.400,0.410,10031,0.986786
2,3,0.400,0.410,10032,0.987658
2,3,0.400,0.410,10033,0.993582
2,3,0.400,0.410,10034,0.988988
2,3,0.400,0.410,10035,0.986119
2,3,0.400,0.410,10036,0.990361
2,3,0.400,0.410,10037,0.991645
2,3,0.400,0.410,10038,0.988727
2,3,0.400,0.410,10039,0.986276
2,3,0.400,0.410,10040,0.991008
2,3,0.400,0.410,10041,0.991999
2,3,0.400,0.410,10042,0.986859
2,3,0.400,0.410,10043,0.988017
2,3,0.400,0.410,10044,0.991310
2,3,0.400,0.410,10045,0.991361
2,3,0.400,0.410,10046,0.986786
2,3,0.400,0.410,10047,0.987658
2,3,0.400,0.410,10048,0.993582
2,3,0.400,0.410,10049,0.988988
2,3,0.400,0.410,10050,0.986119
2,3,0.400,0.410,10051,0.990361
2,3,0.400,0.410,10052,0.991645
2,3,0.400,0.410,10053,0.988727
2,3,0.400,0.410,10054,0.986276
2,3,0.400,0.410,10055,0.991008
2,3,0.400,0.410,10056,0.991999
2,3,0.400,0.410,10057,0.986859
2,3,0.400,0.410,10058,0.988017
2,3,0.400,0.410,10059,0.991310
2,3,0.400,0.410,10060,0.991361
2,3,0.400,0.410,10061,0.986786
2,3,0.400,0.410,10062,0.987658
2,3,0.400,0.410,10063,0.993582
2,3,0.400,0.410,10064,0.988988
2,3,0.400,0.410,10065,0.986119
2,3,0.400,0.410,10066,0.990361
2,3,0.400,0.410,10067,0.991645
2,3,0.400,0.410,10068,0.988727
2,3,0.400,0.410,10069,0.986276
2,3,0.400,0.410,10070,0.991008
2,3,0.400,0.410,10071,0.991999
2,3,0.400,0.410,10072,0.986859
2,3,0.400,0.410,10073,0.988017
2,3,0.400,0.410,10074,0.991310
2,3,0.400,0.410,10075,0.991361
2,3,0.400,0.410,10076,0.986786
2,3,0.400,0.410,10077,0.987658
2,3,0.400,0.410,10078,0.993582
2,3,0.400,0.410,10079,0.988988
2,3,0.400,0.410,10080,0.986119
2,3,0.400,0.410,10081,0.990361
2,3,0.400,0.410,10082,0.991645
2,3,0.400,0.410,10083,0.988727
2,3,0.400,0.410,10084,0.986276
2,3,0.400,0.410,10085,0.991008
2,3,0.400,0.410,10086,0.991999
2,3,0.400,0.410,10087,0.986859
2,3,0.400,0.410,10088,0.988017
2,3,0.400,0.410,10089,0.991310
2,3,0.400,0.410,10090,0.991361
2,3,0.400,0.410,10091,0.986786
2,3,0.400,0.410,10092,0.987658
2,3,0.400,0.410,10093,0.993582
2,3,0.400,0.410,10094,0.988988
2,3,0.400,0.410,10095,0.986119
2,3,0.400,0.410,10096,0.990361
2,3,0.400,0.410,10097,0.991645
2,3,0.400,0.410,10098,0.988727
2,3,0.400,0.410,10099,0.986276
2,3,0.400,0.410,10100,0.991008
2,3,0.400,0.410,10101,0.991999
2,3,0.400,0.410,10102,0.986859
2,3,0.400,0.410,10103,0.988017
2,3,0.400,0.410,10104,0.991310
2,3,0.400,0.410,10105,0.991361
2,3,0.400,0.410,10106,0.986786
2,3,0.400,0.410,10107,0.987658
2,3,0.400,0.410,10108,0.993582
2,3,0.400,0.410,10109,0.988988
2,3,0.400,0.410,10110,0.986119
2,3,0.400,0.410,10111,0.990361
2,3,0.400,0.410,10112,0.991645
2,3,0.400,0.410,10113,0.988727
2,3,0.400,0.410,10114,0.986276
2,3,0.400,0.410,10115,0.991008
2,3,0.400,0.410,10116,0.991999
2,3,0.400,0.410,10117,0.986859
2,3,0.400,0.410,10118,0.988017
2,3,0.400,0.410,10119,0.991310
2,3,0.400,0.410,10120,0.991361
2,3,0.400,0.410,10121,0.986786
2,3,0.400,0.410,10122,0.987658
2,3,0.400,0.410,10123,0.993582
2,3,0.400,0.410,10124,0.988988
2,3,0.400,0.410,10125,0.986119
2,3,0.400,0.410,10126,0.990361
2,3,0.400,0.410,10127,0.991645
2,3,0.400,0.410,10128,0.988727
2,3,0.400,0.410,10129,0.986276
2,3,0.400,0.410,10130,0.991008
2,3,0.400,0.410,10131,0.991999
2,3,0.400,0.410,10132,0.986859
2,3,0.400,0.410,10133,0.988017
2,3,0.400,0.410,10134,0.991310
2,3,0.400,0.410,10135,0.991361
2,3,0.400,0.410,10136,0.986786
2,3,0.400,0.410,10137,0.987658
2,3,0.400,0.410,10138,0.993582
2,3,0.400,0.410,10139,0.988988
2,3,0.400,0.410,10140,0.986119
2,3,0.400,0.410,10141,0.990361
2,3,0.400,0.410,10142,0.991645
2,3,0.400,0.410,10143,0.988727
2,3,0.400,0.410,10144,0.986276
2,3,0.400,0.410,10145,0.991008
2,3,0.400,0.410,10146,0.991999
2,3,0.400,0.410,10147,0.986859
2,3,0.400,0.410,10148,0.988017
2,3,0.400,0.410,10149,0.991310
2,3,0.400,0.410,10150,0.991361
2,3,0.400,0.410,10151,0.986786
2,3,0.400,0.410,10152,0.987658
2,3,0.400,0.410,10153,0.993582
2,3,0.400,0.410,10154,0.988988
2,3,0.400,0.410,10155,0.986119
2,3,0.400,0.410,10156,0.990361
2,3,0.400,0.410,10157,0.991645
2,3,0.400,0.410,10158,0.988727
2,3,0.400,0.410,10159,0.986276
2,3,0.400,0.410,10160,0.991008
2,3,0.400,0.410,10161,0.991999
2,3,0.400,0.410,10162,0.986859
2,3,0.400,0.410,10163,0.988017
2,3,0.400,0.410,10164,0.991310
2,3,0.400,0.410,10165,0.991361
2,3,0.400,0.410,10166,0.986786
2,3,0.400,0.410,10167,0.987658
2,3,0.400,0.410,10168,0.993582
2,3,0.400,0.410,10169,0.988988
2,3,0.400,0.410,10170,0.986119
2,3,0.400,0.410,10171,0.990361
2,3,0.400,0.410,10172,0.991645
2,3,0.400,0.410,10173,0.988727
2,3,0.400,0.410,10174,0.986276
2,3,0.400,0.410,10175,0.991008
2,3,0.400,0.410,10176,0.991999
2,3,0.400,0.410,10177,0.986859
2,3,0.400,0.410,10178,0.988017
2,3,0.400,0.410,10179,0.991310
2,3,0.400,0.410,10180,0.991361
2,3,0.400,0.410,10181,0.986786
2,3,0.400,0.410,10182,0.987658
2,3,0.400,0.410,10183,0.993582
2,3,0.400,0.410,10184,0.988988
2,3,0.400,0.410,10185,0.986119
2,3,0.400,0.410,10186,0.990361
2,3,0.400,0.410,10187,0.991645
2,3,0.400,0.410,10188,0.988727
2,3,0.400,0.410,10189,0.986276
2,3,0.400,0.410,10190,0.991008
2,3,0.400,0.410,10191,0.991999
2,3,0.400,0.410,10192,0.986859
2,3,0.400,0.410,10193,0.988017
2,3,0.400,0.410,10194,0.991310
2,3,0.400,0.410,10195,0.991361
2,3,0.400,0.410,10196,0.986786
2,3,0.400,0.410,10197,0.987658
2,3,0.400,0.410,10198,0.993582
2,3,0.400,0.410,10199,0.988988
2,3,0.400,0.410,10200,0.986119
2,3,0.400,0.410,10201,0.990361
2,3,0.400,0.410,10202,0.991645
2,3,0.400,0.410,10203,0.988727
2,3,0.400,0.410,10204,0.986276
2,3,0.400,0.410,10205,0.991008
2,3,0.400,0.410,10206,0.991999
2,3,0.400,0.410,10207,0.986859
2,3,0.400,0.410,10208,0.988017
2,3,0.400,0.410,10209,0.991310
2,3,0.400,0.410,10210,0.991361
2,3,0.400,0.410,10211,0.986786
2,3,0.400,0.410,10212,0.987658
2,3,0.400,0.410,10213,0.993582
2,3,0.400,0.410,10214,0.988988
2,3,0.400,0.410,10215,0.986119
2,3,0.400,0.410,10216,0.990361
2,3,0.400,0.410,10217,0.991645
2,3,0.400,0.410,10218,0.988727
2,3,0.400,0.410,10219,0.986276
2,3,0.400,0.410,10220,0.991008
2,3,0.400,0.410,10221,0.991999
2,3,0.400,0.410,10222,0.986859
2,3,0.400,0.410,10223,0.988017
2,3,0.400,0.410,10224,0.991310
2,3,0.400,0.410,10225,0.991361
2,3,0.400,0.410,10226,0.986786
2,3,0.400,0.410,10227,0.987658
2,3,0.400,0.410,10228,0.993582
2,3,0.400,0.410,10229,0.988988
2,3,0.400,0.410,10230,0.986119
2,3,0.400,0.410,10231,0.990361
2,3,0.400,0.410,10232,0.991645
2,3,0.400,0.410,10233,0.988727
2,3,0.400,0.410,10234,0.986276
2,3,0.400,0.410,10235,0.991008
2,3,0.400,0.410,10236,0.991999
2,3,0.400,0.410,10237,0.986859
2,3,0.400,0.410,10238,0.988017
2,3,0.400,0.410,10239,0.991310
2,3,0.400,0.410,10240,0.991361
2,3,0.400,0.410,10241,0.986786
2,3,0.400,0.410,10242,0.987658
2,3,0.400,0.410,10243,0.993582
2,3,0.400,0.410,10244,0.988988
2,3,0.400,0.410,10245,0.986119
2,3,0.400,0.410,10246,0.990361
2,3,0.400,0.410,10247,0.991645
2,3,0.400,0.410,10248,0.988727
2,3,0.400,0.410,10249,0.986276
2,3,0.400,0.410,10250,0.991008
2,3,0.400,0.410,10251,0.991999
2,3,0.400,0.410,10252,0.986859
2,3,0.400,0.410,10253,0.988017
2,3,0.400,0.410,10254,0.991310
2,3,0.400,0.410,10255,0.991361
2,3,0.400,0.410,10256,0.986786
2,3,0.400,0.410,10257,0.987658
2,3,0.400,0.410,10258,0.993582
2,3,0.400,0.410,10259,0.988988
2,3,0.400,0.410,10260,0.986119
2,3,0.400,0.410,10261,0.990361
2,3,0.400,0.410,10262,0.991645
2,3,0.400,0.410,10263,0.988727
2,3,0.400,0.410,10264,0.986276
2,3,0.400,0.410,10265,0.991008
2,3,0.400,0.410,10266,0.991999
2,3,0.400,0.410,10267,0.986859
2,3,0.400,0.410,10268,0.988017
2,3,0.400,0.410,10269,0.991310
2,3,0.400,0.410,10270,0.991361
2,3,0.400,0.410,10271,0.986786
2,3,0.400,0.410,10272,0.987658
2,3,0.400,0.410,10273,0.993582
2,3,0.400,0.410,10274,0.988988
2,3,0.400,0.410,10275,0.986119
2,3,0.400,0.410,10276,0.990361
2,3,0.400,0.410,10277,0.991645
2,3,0.400,0.410,10278,0.988727
2,3,0.400,0.410,10279,0.986276
2,3,0.400,0.410,10280,0.991008
2,3,0.400,0.410,10281,0.991999
2,3,0.400,0.410,10282,0.986859
2,3,0.400,0.410,10283,0.988017
2,3,0.400,0.410,10284,0.991310
2,3,0.400,0.410,10285,0.991361
2,3,0.400,0.410,10286,0.986786
2,3,0.400,0.410,10287,0.987658
2,3,0.400,0.410,10288,0.993582
2,3,0.400,0.410,10289,0.988988
2,3,0.400,0.410,10290,0.986119
2,3,0.400,0.410,10291,0.990361
2,3,0.400,0.410,10292,0.991645
2,3,0.400,0.410,10293,0.988727
2,3,0.400,0.410,10294,0.986276
2,3,0.400,0.410,10295,0.991008
2,3,0.400,0.410,10296,0.991999
2,3,0.400,0.410,10297,0.986859
2,3,0.400,0.410,10298,0.988017
2,3,0.400,0.410,10299,0.991310
2,3,0.400,0.410,10300,0.991361
2,3,0.400,0.410,10301,0.986786
2,3,0.400,0.410,10302,0.987658
2,3,0.400,0.410,10303,0.993582
2,3,0.400,0.410,10304,0.988988
2,3,0.400,0.410,10305,0.986119
2,3,0.400,0.410,10306,0.990361
2,3,0.400,0.410,10307,0.991645
2,3,0.400,0.410,10308,0.988727
2,3,0.400,0.410,10309,0.986276
2,3,0.400,0.410,10310,0.991008
2,3,0.400,0.410,10311,0.991999
2,3,0.400,0.410,10312,0.986859
2,3,0.400,0.410,10313,0.988017
2,3,0.400,0.410,10314,0.991310
2,3,0.400,0.410,10315,0.991361
2,3,0.400,0.410,10316,0.986786
2,3,0.400,0.410,10317,0.987658
2,3,0.400,0.410,10318,0.993582
2,3,0.400,0.410,10319,0.988988
2,3,0.400,0.410,10320,0.986119
2,3,0.400,0.410,10321,0.990361
2,3,0.400,0.410,10322,0.991645
2,3,0.400,0.410,10323,0.988727
2,3,0.400,0.410,10324,0.986276
2,3,0.400,0.410,10325,0.991008
2,3,0.400,0.410,10326,0.991999
2,3,0.400,0.410,10327,0.986859
2,3,0.400,0.410,10328,0.988017
2,3,0.400,0.410,10329,0.991310
2,3,0.400,0.410,10330,0.991361
2,3,0.400,0.410,10331,0.986786
2,3,0.400,0.410,10332,0.987658
2,3,0.400,0.410,10333,0.993582
2,3,0.400,0.410,10334,0.988988
2,3,0.400,0.410,10335,0.986119
2,3,0.400,0.410,10336,0.990361
2,3,0.400,0.410,10337,0.991645
2,3,0.400,0.410,10338,0.988727
2,3,0.400,0.410,10339,0.986276
2,3,0.400,0.410,10340,0.991008
2,3,0.400,0.410,10341,0.991999
2,3,0.400,0.410,10342,0.986859
2,3,0.400,0.410,10343,0.988017
2,3,0.400,0.410,10344,0.991310
2,3,0.400,0.410,10345,0.991361
2,3,0.400,0.410,10346,0.986786
2,3,0.400,0.410,10347,0.987658
2,3,0.400,0.410,10348,0.993582
2,3,0.400,0.410,10349,0.988988
2,3,0.400,0.410,10350,0.986119
2,3,0.400,0.410,10351,0.990361
2,3,0.400,0.410,10352,0.991645
2,3,0.400,0.410,10353,0.988727
2,3,0.400,0.410,10354,0.986276
2,3,0.400,0.410,10355,0.991008
2,3,0.400,0.410,10356,0.991999
2,3,0.400,0.410,10357,0.986859
2,3,0.400,0.410,10358,0.988017
2,3,0.400,0.410,10359,0.991310
2,3,0.400,0.410,10360,0.991361
2,3,0.400,0.410,10361,0.986786
2,3,0.400,0.410,10362,0.987658
2,3,0.400,0.410,10363,0.993582
2,3,0.400,0.410,10364,0.988988
2,3,0.400,0.410,10365,0.986119
2,3,0.400,0.410,10366,0.990361
2,3,0.400,0.410,10367,0.991645
2,3,0.400,0.410,10368,0.988727
2,3,0.400,0.410,10369,0.986276
2,3,0.400,0.410,10370,0.991008
2,3,0.400,0.410,10371,0.991999
2,3,0.400,0.410,10372,0.986859
2,3,0.400,0.410,10373,0.988017
2,3,0.400,0.410,10374,0.991310
2,3,0.400,0.410,10375,0.991361
2,3,0.400,0.410,10376,0.986786
2,3,0.400,0.410,10377,0.987658
2,3,0.400,0.410,10378,0.993582
2,3,0.400,0.410,10379,0.988988
2,3,0.400,0.410,10380,0.986119
2,3,0.400,0.410,10381,0.990361
2,3,0.400,0.410,10382,0.991645
2,3,0.400,0.410,10383,0.988727
2,3,0.400,0.410,10384,0.986276
2,3,0.400,0.410,10385,0.991008
2,3,0.400,0.410,10386,0.991999
2,3,0.400,0.410,10387,0.986859
2,3,0.400,0.410,10388,0.988017
2,3,0.400,0.410,10389,0.991310
2,3,0.400,0.410,10390,0.991361
2,3,0.400,0.410,10391,0.986786
2,3,0.400,0.410,10392,0.987658
2,3,0.400,0.410,10393,0.993582
2,3,0.400,0.410,10394,0.988988
2,3,0.400,0.410,10395,0.986119
2,3,0.400,0.410,10396,0.990361
2,3,0.400,0.410,10397,0.991645
2,3,0.400,0.410,10398,0.988727
2,3,0.400,0.410,10399,0.986276
2,3,0.400,0.410,10400,0.991008
2,3,0.400,0.410,10401,0.991999
2,3,0.400,0.410,10402,0.986859
2,3,0.400,0.410,10403,0.988017
2,3,0.400,0.410,10404,0.991310
2,3,0.400,0.410,10405,0.991361
2,3,0.400,0.410,10406,0.986786
2,3,0.400,0.410,10407,0.987658
2,3,0.400,0.410,10408,0.993582
2,3,0.400,0.410,10409,0.988988
2,3,0.400,0.410,10410,0.986119
2,3,0.400,0.410,10411,0.990361
2,3,0.400,0.410,10412,0.991645
2,3,0.400,0.410,10413,0.988727
2,3,0.400,0.410,10414,0.986276
2,3,0.400,0.410,10415,0.991008
2,3,0.400,0.410,10416,0.991999
2,3,0.400,0.410,10417,0.986859
2,3,0.400,0.410,10418,0.988017
2,3,0.400,0.410,10419,0.991310
2,3,0.400,0.410,10420,0.991361
2,3,0.400,0.410,10421,0.986786
2,3,0.400,0.410,10422,0.987658
2,3,0.400,0.410,10423,0.993582
2,3,0.400,0.410,10424,0.988988
2,3,0.400,0.410,10425,0.986119
2,3,0.400,0.410,10426,0.990361
2,3,0.400,0.410,10427,0.991645
2,3,0.400,0.410,10428,0.988727
2,3,0.400,0.410,10429,0.986276
2,3,0.400,0.410,10430,0.991008
2,3,0.400,0.410,10431,0.991999
2,3,0.400,0.410,10432,0.986859
2,3,0.400,0.410,10433,0.988017
2,3,0.400,0.410,10434,0.991310
2,3,0.400,0.410,10435,0.991361
2,3,0.400,0.410,10436,0.986786
2,3,0.400,0.410,10437,0.987658
2,3,0.400,0.410,10438,0.993582
2,3,0.400,0.410,10439,0.988988
2,3,0.400,0.410,10440,0.986119
2,3,0.400,0.410,10441,0.990361
2,3,0.400,0.410,10442,0.991645
2,3,0.400,0.410,10443,0.988727
2,3,0.400,0.410,10444,0.986276
2,3,0.400,0.410,10445,0.991008
2,3,0.400,0.410,10446,0.991999
2,3,0.400,0.410,10447,0.986859
2,3,0.400,0.410,10448,0.988017
2,3,0.400,0.410,10449,0.991310
2,3,0.400,0.410,10450,0.991361
2,3,0.400,0.410,10451,0.986786
2,3,0.400,0.410,10452,0.987658
2,3,0.400,0.410,10453,0.993582
2,3,0.400,0.410,10454,0.988988
2,3,0.400,0.410,10455,0.986119
2,3,0.400,0.410,10456,0.990361
2,3,0.400,0.410,10457,0.991645
2,3,0.400,0.410,10458,0.988727
2,3,0.400,0.410,10459,0.986276
2,3,0.400,0.410,10460,0.991008
2,3,0.400,0.410,10461,0.991999
2,3,0.400,0.410,10462,0.986859
2,3,0.400,0.410,10463,0.988017
2,3,0.400,0.410,10464,0.991310
2,3,0.400,0.410,10465,0.991361
2,3,0.400,0.410,10466,0.986786
2,3,0.400,0.410,10467,0.987658
2,3,0.400,0.410,10468,0.993582
2,3,0.400,0.410,10469,0.988988
2,3,0.400,0.410,10470,0.986119
2,3,0.400,0.410,10471,0.990361
2,3,0.400,0.410,10472,0.991645
2,3,0.400,0.410,10473,0.988727
2,3,0.400,0.410,10474,0.986276
2,3,0.400,0.410,10475,0.991008
2,3,0.400,0.410,10476,0.991999
2,3,0.400,0.410,10477,0.986859
2,3,0.400,0.410,10478,0.988017
2,3,0.400,0.410,10479,0.991310
2,3,0.400,0.410,10480,0.991361
2,3,0.400,0.410,10481,0.986786
2,3,0.400,0.410,10482,0.987658
2,3,0.400,0.410,10483,0.993582
2,3,0.400,0.410,10484,0.988988
2,3,0.400,0.410,10485,0.986119
2,3,0.400,0.410,10486,0.990361
2,3,0.400,0.410,10487,0.991645
2,3,0.400,0.410,10488,0.988727
2,3,0.400,0.410,10489,0.986276
2,3,0.400,0.410,10490,0.991008
2,3,0.400,0.410,10491,0.991999
2,3,0.400,0.410,10492,0.986859
2,3,0.400,0.410,10493,0.988017
2,3,0.400,0.410,10494,0.991310
2,3,0.400,0.410,10495,0.991361
2,3,0.400,0.410,10496,0.986786
2,3,0.400,0.410,10497,0.987658
2,3,0.400,0.410,10498,0.993582
2,3,0.400,0.410,10499,0.988988
2,3,0.400,0.410,10500,0.986119
2,3,0.400,0.410,10501,0.990361
2,3,0.400,0.410,10502,0.991645
2,3,0.400,0.410,10503,0.988727
2,3,0.400,0.410,10504,0.986276
2,3,0.400,0.410,10505,0.991008
2,3,0.400,0.410,10506,0.991999
2,3,0.400,0.410,10507,0.986859
2,3,0.400,0.410,10508,0.988017
2,3,0.400,0.410,10509,0.991310
2,3,0.400,0.410,10510,0.991361
2,3,0.400,0.410,10511,0.986786
2,3,0.400,0.410,10512,0.987658
2,3,0.400,0.410,10513,0.993582
2,3,0.400,0.410,10514,0.988988
2,3,0.400,0.410,10515,0.986119
2,3,0.400,0.410,10516,0.990361
2,3,0.400,0.410,10517,0.991645
2,3,0.400,0.410,10518,0.988727
2,3,0.400,0.410,10519,0.986276
2,3,0.400,0.410,10520,0.991008
2,3,0.400,0.410,10521,0.991999
2,3,0.400,0.410,10522,0.986859
2,3,0.400,0.410,10523,0.988017
2,3,0.400,0.410,10524,0.991310
2,3,0.400,0.410,10525,0.991361
2,3,0.400,0.410,10526,0.986786
2,3,0.400,0.410,10527,0.987658
2,3,0.400,0.410,10528,0.993582
2,3,0.400,0.410,10529,0.988988
2,3,0.400,0.410,10530,0.986119
2,3,0.400,0.410,10531,0.990361
2,3,0.400,0.410,10532,0.991645
2,3,0.400,0.410,10533,0.988727
2,3,0.400,0.410,10534,0.986276
2,3,0.400,0.410,10535,0.991008
2,3,0.400,0.410,10536,0.991999
2,3,0.400,0.410,10537,0.986859
2,3,0.400,0.410,10538,0.988017
2,3,0.400,0.410,10539,0.991310
2,3,0.400,0.410,10540,0.991361
2,3,0.400,0.410,10541,0.986786
2,3,0.400,0.410,10542,0.987658
2,3,0.400,0.410,10543,0.993582
2,3,0.400,0.410,10544,0.988988
2,3,0.400,0.410,10545,0.986119
2,3,0.400,0.410,10546,0.990361
2,3,0.400,0.410,10547,0.991645
2,3,0.400,0.410,10548,0.988727
2,3,0.400,0.410,10549,0.986276
2,3,0.400,0.410,10550,0.991008
2,3,0.400,0.410,10551,0.991999
2,3,0.400,0.410,10552,0.986859
2,3,0.400,0.410,10553,0.988017
2,3,0.400,0.410,10554,0.991310
2,3,0.400,0.410,10555,0.991361
2,3,0.400,0.410,10556,0.986786
2,3,0.400,0.410,10557,0.987658
2,3,0.400,0.410,10558,0.993582
2,3,0.400,0.410,10559,0.988988
2,3,0.400,0.410,10560,0.986119
2,3,0.400,0.410,10561,0.990361
2,3,0.400,0.410,10562,0.991645
2,3,0.400,0.410,10563,0.988727
2,3,0.400,0.410,10564,0.986276
2,3,0.400,0.410,10565,0.991008
2,3,0.400,0.410,10566,0.991999
2,3,0.400,0.410,10567,0.986859
2,3,0.400,0.410,10568,0.988017
2,3,0.400,0.410,10569,0.991310
2,3,0.400,0.410,10570,0.991361
2,3,0.400,0.410,10571,0.986786
2,3,0.400,0.410,10572,0.987658
2,3,0.400,0.410,10573,0.993582
2,3,0.400,0.410,10574,0.988988
2,3,0.400,0.410,10575,0.986119
2,3,0.400,0.410,10576,0.990361
2,3,0.400,0.410,10577,0.991645
2,3,0.400,0.410,10578,0.988727
2,3,0.400,0.410,10579,0.986276
2,3,0.400,0.410,10580,0.991008
2,3,0.400,0.410,10581,0.991999
2,3,0.400,0.410,10582,0.986859
2,3,0.400,0.410,10583,0.988017
2,3,0.400,0.410,10584,0.991310
2,3,0.400,0.410,10585,0.991361
2,3,0.400,0.410,10586,0.986786
2,3,0.400,0.410,10587,0.987658
2,3,0.400,0.410,10588,0.993582
2,3,0.400,0.410,10589,0.988988
2,3,0.400,0.410,10590,0.986119
2,3,0.400,0.410,10591,0.990361
2,3,0.400,0.410,10592,0.991645
2,3,0.400,0.410,10593,0.988727
2,3,0.400,0.410,10594,0.986276
2,3,0.400,0.410,10595,0.991008
2,3,0.400,0.410,10596,0.991999
2,3,0.400,0.410,10597,0.986859
2,3,0.400,0.410,10598,0.988017
2,3,0.400,0.410,10599,0.991310
2,3,0.400,0.410,10600,0.991361
2,3,0.400,0.410,10601,0.986786
2,3,0.400,0.410,10602,0.987658
2,3,0.400,0.410,10603,0.993582
2,3,0.400,0.410,10604,0.988988
2,3,0.400,0.410,10605,0.986119
2,3,0.400,0.410,10606,0.990361
2,3,0.400,0.410,10607,0.991645
2,3,0.400,0.410,10608,0.988727
2,3,0.400,0.410,10609,0.986276
2,3,0.400,0.410,10610,0.991008
2,3,0.400,0.410,10611,0.991999
2,3,0.400,0.410,10612,0.986859
2,3,0.400,0.410,10613,0.988017
2,3,0.400,0.410,10614,0.991310
2,3,0.400,0.410,10615,0.991361
2,3,0.400,0.410,10616,0.986786
2,3,0.400,0.410,10617,0.987658
2,3,0.400,0.410,10618,0.993582
2,3,0.400,0.410,10619,0.988988
2,3,0.400,0.410,10620,0.986119
2,3,0.400,0.410,10621,0.990361
2,3,0.400,0.410,10622,0.991645
2,3,0.400,0.410,10623,0.988727
2,3,0.400,0.410,10624,0.986276
2,3,0.400,0.410,10625,0.991008
2,3,0.400,0.410,10626,0.991999
2,3,0.400,0.410,10627,0.986859
2,3,0.400,0.410,10628,0.988017
2,3,0.400,0.410,10629,0.991310
2,3,0.400,0.410,10630,0.991361
2,3,0.400,0.410,10631,0.986786
2,3,0.400,0.410,10632,0.987658
2,3,0.400,0.410,10633,0.993582
2,3,0.400,0.410,10634,0.988988
2,3,0.400,0.410,10635,0.986119
2,3,0.400,0.410,10636,0.990361
2,3,0.400,0.410,10637,0.991645
2,3,0.400,0.410,10638,0.988727
2,3,0.400,0.410,10639,0.986276
2,3,0.400,0.410,10640,0.991008
2,3,0.400,0.410,10641,0.991999
2,3,0.400,0.410,10642,0.986859
2,3,0.400,0.410,10643,0.988017
2,3,0.400,0.410,10644,0.991310
2,3,0.400,0.410,10645,0.991361
2,3,0.400,0.410,10646,0.986786
2,3,0.400,0.410,10647,0.987658
2,3,0.400,0.410,10648,0.993582
2,3,0.400,0.410,10649,0.988988
2,3,0.400,0.410,10650,0.986119
2,3,0.400,0.410,10651,0.990361
2,3,0.400,0.410,10652,0.991645
2,3,0.400,0.410,10653,0.988727
2,3,0.400,0.410,10654,0.986276
2,3,0.400,0.410,10655,0.991008
2,3,0.400,0.410,10656,0.991999
2,3,0.400,0.410,10657,0.986859
2,3,0.400,0.410,10658,0.988017
2,3,0.400,0.410,10659,0.991310
2,3,0.400,0.410,10660,0.991361
2,3,0.400,0.410,10661,0.986786
2,3,0.400,0.410,10662,0.987658
2,3,0.400,0.410,10663,0.993582
2,3,0.400,0.410,10664,0.988988
2,3,0.400,0.410,10665,0.986119
2,3,0.400,0.410,10666,0.990361
2,3,0.400,0.410,10667,0.991645
2,3,0.400,0.410,10668,0.988727
2,3,0.400,0.410,10669,0.986276
2,3,0.400,0.410,10670,0.991008
2,3,0.400,0.410,10671,0.991999
2,3,0.400,0.410,10672,0.986859
2,3,0.400,0.410,10673,0.988017
2,3,0.400,0.410,10674,0.991310
2,3,0.400,0.410,10675,0.991361
2,3,0.400,0.410,10676,0.986786
2,3,0.400,0.410,10677,0.987658
2,3,0.400,0.410,10678,0.993582
2,3,0.400,0.410,10679,0.988988
2,3,0.400,0.410,10680,0.986119
2,3,0.400,0.410,10681,0.990361
2,3,0.400,0.410,10682,0.991645
2,3,0.400,0.410,10683,0.988727
2,3,0.400,0.410,10684,0.986276
2,3,0.400,0.410,10685,0.991008
2,3,0.400,0.410,10686,0.991999
2,3,0.400,0.410,10687,0.986859
2,3,0.400,0.410,10688,0.988017
2,3,0.400,0.410,10689,0.991310
2,3,0.400,0.410,10690,0.991361
2,3,0.400,0.410,10691,0.986786
2,3,0.400,0.410,10692,0.987658
2,3,0.400,0.410,10693,0.993582
2,3,0.400,0.410,10694,0.988988
2,3,0.400,0.410,10695,0.986119
2,3,0.400,0.410,10696,0.990361
2,3,0.400,0.410,10697,0.991645
2,3,0.400,0.410,10698,0.988727
2,3,0.400,0.410,10699,0.986276
2,3,0.400,0.410,10700,0.991008
2,3,0.400,0.410,10701,0.991999
2,3,0.400,0.410,10702,0.986859
2,3,0.400,0.410,10703,0.988017
2,3,0.400,0.410,10704,0.991310
2,3,0.400,0.410,10705,0.991361
2,3,0.400,0.410,10706,0.986786
2,3,0.400,0.410,10707,0.987658
2,3,0.400,0.410,10708,0.993582
2,3,0.400,0.410,10709,0.988988
2,3,0.400,0.410,10710,0.986119
2,3,0.400,0.410,10711,0.990361
2,3,0.400,0.410,10712,0.991645
2,3,0.400,0.410,10713,0.988727
2,3,0.400,0.410,10714,0.986276
2,3,0.400,0.410,10715,0.991008
2,3,0.400,0.410,10716,0.991999
2,3,0.400,0.410,10717,0.986859
2,3,0.400,0.410,10718,0.988017
2,3,0.400,0.410,10719,0.991310
2,3,0.400,0.410,10720,0.991361
2,3,0.400,0.410,10721,0.986786
2,3,0.400,0.410,10722,0.987658
2,3,0.400,0.410,10723,0.993582
2,3,0.400,0.410,10724,0.988988
2,3,0.400,0.410,10725,0.986119
2,3,0.400,0.410,10726,0.990361
2,3,0.400,0.410,10727,0.991645
2,3,0.400,0.410,10728,0.988727
2,3,0.400,0.410,10729,0.986276
2,3,0.400,0.410,10730,0.991008
2,3,0.400,0.410,10731,0.991999
2,3,0.400,0.410,10732,0.986859
2,3,0.400,0.410,10733,0.988017
2,3,0.400,0.410,10734,0.991310
2,3,0.400,0.410,10735,0.991361
2,3,0.400,0.410,10736,0.986786
2,3,0.400,0.410,10737,0.987658
2,3,0.400,0.410,10738,0.993582
2,3,0.400,0.410,10739,0.988988
2,3,0.400,0.410,10740,0.986119
2,3,0.400,0.410,10741,0.990361
2,3,0.400,0.410,10742,0.991645
2,3,0.400,0.410,10743,0.988727
2,3,0.400,0.410,10744,0.986276
2,3,0.400,0.410,10745,0.991008
2,3,0.400,0.410,10746,0.991999
2,3,0.400,0.410,10747,0.986859
2,3,0.400,0.410,10748,0.988017
2,3,0.400,0.410,10749,0.991310
2,3,0.400,0.410,10750,0.991361
2,3,0.400,0.410,10751,0.986786
2,3,0.400,0.410,10752,0.987658
2,3,0.400,0.410,10753,0.993582
2,3,0.400,0.410,10754,0.988988
2,3,0.400,0.410,10755,0.986119
2,3,0.400,0.410,10756,0.990361
2,3,0.400,0.410,10757,0.991645
2,3,0.400,0.410,10758,0.988727
2,3,0.400,0.410,10759,0.986276
2,3,0.400,0.410,10760,0.991008
2,3,0.400,0.410,10761,0.991999
2,3,0.400,0.410,10762,0.986859
2,3,0.400,0.410,10763,0.988017
2,3,0.400,0.410,10764,0.991310
2,3,0.400,0.410,10765,0.991361
2,3,0.400,0.410,10766,0.986786
2,3,0.400,0.410,10767,0.987658
2,3,0.400,0.410,10768,0.993582
2,3,0.400,0.410,10769,0.988988
2,3,0.400,0.410,10770,0.986119
2,3,0.400,0.410,10771,0.990361
2,3,0.400,0.410,10772,0.991645
2,3,0.400,0.410,10773,0.988727
2,3,0.400,0.410,10774,0.986276
2,3,0.400,0.410,10775,0.991008
2,3,0.400,0.410,10776,0.991999
2,3,0.400,0.410,10777,0.986859
2,3,0.400,0.410,10778,0.988017
2,3,0.400,0.410,10779,0.991310
2,3,0.400,0.410,10780,0.991361
2,3,0.400,0.410,10781,0.986786
2,3,0.400,0.410,10782,0.987658
2,3,0.400,0.410,10783,0.993582
2,3,0.400,0.410,10784,0.988988
2,3,0.400,0.410,10785,0.986119
2,3,0.400,0.410,10786,0.990361
2,3,0.400,0.410,10787,0.991645
2,3,0.400,0.410,10788,0.988727
2,3,0.400,0.410,10789,0.986276
2,3,0.400,0.410,10790,0.991008
2,3,0.400,0.410,10791,0.991999
2,3,0.400,0.410,10792,0.986859
2,3,0.400,0.410,10793,0.988017
2,3,0.400,0.410,10794,0.991310
2,3,0.400,0.410,10795,0.991361
2,3,0.400,0.410,10796,0.986786
2,3,0.400,0.410,10797,0.987658
2,3,0.400,0.410,10798,0.993582
2,3,0.400,0.410,10799,0.988988
2,3,0.400,0.410,10800,0.986119
2,3,0.400,0.410,10801,0.990361
2,3,0.400,0.410,10802,0.991645
2,3,0.400,0.410,10803,0.988727
2,3,0.400,0.410,10804,0.986276
2,3,0.400,0.410,10805,0.991008
2,3,0.400,0.410,10806,0.991999
2,3,0.400,0.410,10807,0.986859
2,3,0.400,0.410,10808,0.988017
2,3,0.400,0.410,10809,0.991310
2,3,0.400,0.410,10810,0.991361
2,3,0.400,0.410,10811,0.986786
2,3,0.400,0.410,10812,0.987658
2,3,0.400,0.410,10813,0.993582
2,3,0.400,0.410,10814,0.988988
2,3,0.400,0.410,10815,0.986119
2,3,0.400,0.410,10816,0.990361
2,3,0.400,0.410,10817,0.991645
2,3,0.400,0.410,10818,0.988727
2,3,0.400,0.410,10819,0.986276
2,3,0.400,0.410,10820,0.991008
2,3,0.400,0.410,10821,0.991999
2,3,0.400,0.410,10822,0.986859
2,3,0.400,0.410,10823,0.988017
2,3,0.400,0.410,10824,0.991310
2,3,0.400,0.410,10825,0.991361
2,3,0.400,0.410,10826,0.986786
2,3,0.400,0.410,10827,0.987658
2,3,0.400,0.410,10828,0.993582
2,3,0.400,0.410,10829,0.988988
2,3,0.400,0.410,10830,0.986119
2,3,0.400,0.410,10831,0.990361
2,3,0.400,0.410,10832,0.991645
2,3,0.400,0.410,10833,0.988727
2,3,0.400,0.410,10834,0.986276
2,3,0.400,0.410,10835,0.991008
2,3,0.400,0.410,10836,0.991999
2,3,0.400,0.410,10837,0.986859
2,3,0.400,0.410,10838,0.988017
2,3,0.400,0.410,10839,0.991310
2,3,0.400,0.410,10840,0.991361
2,3,0.400,0.410,10841,0.986786
2,3,0.400,0.410,10842,0.987658
2,3,0.400,0.410,10843,0.993582
2,3,0.400,0.410,10844,0.988988
2,3,0.400,0.410,10845,0.986119
2,3,0.400,0.410,10846,0.990361
2,3,0.400,0.410,10847,0.991645
2,3,0.400,0.410,10848,0.988727
2,3,0.400,0.410,10849,0.986276
2,3,0.400,0.410,10850,0.991008
2,3,0.400,0.410,10851,0.991999
2,3,0.400,0.410,10852,0.986859
2,3,0.400,0.410,10853,0.988017
2,3,0.400,0.410,10854,0.991310
2,3,0.400,0.410,10855,0.991361
2,3,0.400,0.410,10856,0.986786
2,3,0.400,0.410,10857,0.987658
2,3,0.400,0.410,10858,0.993582
2,3,0.400,0.410,10859,0.988988
2,3,0.400,0.410,10860,0.986119
2,3,0.400,0.410,10861,0.990361
2,3,0.400,0.410,10862,0.991645
2,3,0.400,0.410,10863,0.988727
2,3,0.400,0.410,10864,0.986276
2,3,0.400,0.410,10865,0.991008
2,3,0.400,0.410,10866,0.991999
2,3,0.400,0.410,10867,0.986859
2,3,0.400,0.410,10868,0.988017
2,3,0.400,0.410,10869,0.991310
2,3,0.400,0.410,10870,0.991361
2,3,0.400,0.410,10871,0.986786
2,3,0.400,0.410,10872,0.987658
2,3,0.400,0.410,10873,0.993582
2,3,0.400,0.410,10874,0.988988
2,3,0.400,0.410,10875,0.986119
2,3,0.400,0.410,10876,0.990361
2,3,0.400,0.410,10877,0.991645
2,3,0.400,0.410,10878,0.988727
2,3,0.400,0.410,10879,0.986276
2,3,0.400,0.410,10880,0.991008
2,3,0.400,0.410,10881,0.991999
2,3,0.400,0.410,10882,0.986859
2,3,0.400,0.410,10883,0.988017
2,3,0.400,0.410,10884,0.991310
2,3,0.400,0.410,10885,0.991361
2,3,0.400,0.410,10886,0.986786
2,3,0.400,0.410,10887,0.987658
2,3,0.400,0.410,10888,0.993582
2,3,0.400,0.410,10889,0.988988
2,3,0.400,0.410,10890,0.986119
2,3,0.400,0.410,10891,0.990361
2,3,0.400,0.410,10892,0.991645
2,3,0.400,0.410,10893,0.988727
2,3,0.400,0.410,10894,0.986276
2,3,0.400,0.410,10895,0.991008
2,3,0.400,0.410,10896,0.991999
2,3,0.400,0.410,10897,0.986859
2,3,0.400,0.410,10898,0.988017
2,3,0.400,0.410,10899,0.991310
2,3,0.400,0.410,10900,0.991361
2,3,0.400,0.410,10901,0.986786
2,3,0.400,0.410,10902,0.987658
2,3,0.400,0.410,10903,0.993582
2,3,0.400,0.410,10904,0.988988
2,3,0.400,0.410,10905,0.986119
2,3,0.400,0.410,10906,0.990361
2,3,0.400,0.410,10907,0.991645
2,3,0.400,0.410,10908,0.988727
2,3,0.400,0.410,10909,0.986276
2,3,0.400,0.410,10910,0.991008
2,3,0.400,0.410,10911,0.991999
2,3,0.400,0.410,10912,0.986859
2,3,0.400,0.410,10913,0.988017
2,3,0.400,0.410,10914,0.991310
2,3,0.400,0.410,10915,0.991361
2,3,0.400,0.410,10916,0.986786
2,3,0.400,0.410,10917,0.987658
2,3,0.400,0.410,10918,0.993582
2,3,0.400,0.410,10919,0.988988
2,3,0.400,0.410,10920,0.986119
2,3,0.400,0.410,10921,0.990361
2,3,0.400,0.410,10922,0.991645
2,3,0.400,0.410,10923,0.988727
2,3,0.400,0.410,10924,0.986276
2,3,0.400,0.410,10925,0.991008
2,3,0.400,0.410,10926,0.991999
2,3,0.400,0.410,10927,0.986859
2,3,0.400,0.410,10928,0.988017
2,3,0.400,0.410,10929,0.991310
2,3,0.400,0.410,10930,0.991361
2,3,0.400,0.410,10931,0.986786
2,3,0.400,0.410,10932,0.987658
2,3,0.400,0.410,10933,0.993582
2,3,0.400,0.410,10934,0.988988
2,3,0.400,0.410,10935,0.986119
2,3,0.400,0.410,10936,0.990361
2,3,0.400,0.410,10937,0.991645
2,3,0.400,0.410,10938,0.988727
2,3,0.400,0.410,10939,0.986276
2,3,0.400,0.410,10940,0.991008
2,3,0.400,0.410,10941,0.991999
2,3,0.400,0.410,10942,0.986859
2,3,0.400,0.410,10943,0.988017
2,3,0.400,0.410,10944,0.991310
2,3,0.400,0.410,10945,0.991361
2,3,0.400,0.410,10946,0.986786
2,3,0.400,0.410,10947,0.987658
2,3,0.400,0.410,10948,0.993582
2,3,0.400,0.410,10949,0.988988
2,3,0.400,0.410,10950,0.986119
2,3,0.400,0.410,10951,0.990361
2,3,0.400,0.410,10952,0.991645
2,3,0.400,0.410,10953,0.988727
2,3,0.400,0.410,10954,0.986276
2,3,0.400,0.410,10955,0.991008
2,3,0.400,0.410,10956,0.991999
2,3,0.400,0.410,10957,0.986859
2,3,0.400,0.410,10958,0.988017
2,3,0.400,0.410,10959,0.991310
2,3,0.400,0.410,10960,0.991361
2,3,0.400,0.410,10961,0.986786
2,3,0.400,0.410,10962,0.987658
2,3,0.400,0.410,10963,0.993582
2,3,0.400,0.410,10964,0.988988
2,3,0.400,0.410,10965,0.986119
2,3,0.400,0.410,10966,0.990361
2,3,0.400,0.410,10967,0.991645
2,3,0.400,0.410,10968,0.988727
2,3,0.400,0.410,10969,0.986276
2,3,0.400,0.410,10970,0.991008
2,3,0.400,0.410,10971,0.991999
2,3,0.400,0.410,10972,0.986859
2,3,0.400,0.410,10973,0.988017
2,3,0.400,0.410,10974,0.991310
2,3,0.400,0.410,10975,0.991361
2,3,0.400,0.410,10976,0.986786
2,3,0.400,0.410,10977,0.987658
2,3,0.400,0.410,10978,0.993582
2,3,0.400,0.410,10979,0.988988
2,3,0.400,0.410,10980,0.986119
2,3,0.400,0.410,10981,0.990361
2,3,0.400,0.410,10982,0.991645
2,3,0.400,0.410,10983,0.988727
2,3,0.400,0.410,10984,0.986276
2,3,0.400,0.410,10985,0.991008
2,3,0.400,0.410,10986,0.991999
2,3,0.400,0.410,10987,0.986859
2,3,0.400,0.410,10988,0.988017
2,3,0.400,0.410,10989,0.991310
2,3,0.400,0.410,10990,0.991361
2,3,0.400,0.410,10991,0.986786
2,3,0.400,0.410,10992,0.987658
2,3,0.400,0.410,10993,0.993582
2,3,0.400,0.410,10994,0.988988
2,3,0.400,0.410,10995,0.986119
2,3,0.400,0.410,10996,0.990361
2,3,0.400,0.410,10997,0.991645
2,3,0.400,0.410,10998,0.988727
2,3,0.400,0.410,10999,0.986276
2,3,0.400,0.410,11000,0.991008
2,3,0.400,0.410,11001,0.991999
2,3,0.400,0.410,11002,0.986859
2,3,0.400,0.410,11003,0.988017
2,3,0.400,0.410,11004,0.991310
2,3,0.400,0.410,11005,0.991361
2,3,0.400,0.410,11006,0.986786
2,3,0.400,0.410,11007,0.987658
2,3,0.400,0.410,11008,0.993582
2,3,0.400,0.410,11009,0.988988
2,3,0.400,0.410,11010,0.986119
2,3,0.400,0.410,11011,0.990361
2,3,0.400,0.410,11012,0.991645
2,3,0.400,0.410,11013,0.988727
2,3,0.400,0.410,11014,0.986276
2,3,0.400,0.410,11015,0.991008
2,3,0.400,0.410,11016,0.991999
2,3,0.400,0.410,11017,0.986859
2,3,0.400,0.410,11018,0.988017
2,3,0.400,0.410,11019,0.991310
2,3,0.400,0.410,11020,0.991361
2,3,0.400,0.410,11021,0.986786
2,3,0.400,0.410,11022,0.987658
2,3,0.400,0.410,11023,0.993582
2,3,0.400,0.410,11024,0.988988
2,3,0.400,0.410,11025,0.986119
2,3,0.400,0.410,11026,0.990361
2,3,0.400,0.410,11027,0.991645
2,3,0.400,0.410,11028,0.988727
2,3,0.400,0.410,11029,0.986276
2,3,0.400,0.410,11030,0.991008
2,3,0.400,0.410,11031,0.991999
2,3,0.400,0.410,11032,0.986859
2,3,0.400,0.410,11033,0.988017
2,3,0.400,0.410,11034,0.991310
2,3,0.400,0.410,11035,0.991361
2,3,0.400,0.410,11036,0.986786
2,3,0.400,0.410,11037,0.987658
2,3,0.400,0.410,11038,0.993582
2,3,0.400,0.410,11039,0.988988
2,3,0.400,0.410,11040,0.986119
2,3,0.400,0.410,11041,0.990361
2,3,0.400,0.410,11042,0.991645
2,3,0.400,0.410,11043,0.988727
2,3,0.400,0.410,11044,0.986276
2,3,0.400,0.410,11045,0.991008
2,3,0.400,0.410,11046,0.991999
2,3,0.400,0.410,11047,0.986859
2,3,0.400,0.410,11048,0.988017
2,3,0.400,0.410,11049,0.991310
2,3,0.400,0.410,11050,0.991361
2,3,0.400,0.410,11051,0.986786
2,3,0.400,0.410,11052,0.987658
2,3,0.400,0.410,11053,0.993582
2,3,0.400,0.410,11054,0.988988
2,3,0.400,0.410,11055,0.986119
2,3,0.400,0.410,11056,0.990361
2,3,0.400,0.410,11057,0.991645
2,3,0.400,0.410,11058,0.988727
2,3,0.400,0.410,11059,0.986276
2,3,0.400,0.410,11060,0.991008
2,3,0.400,0.410,11061,0.991999
2,3,0.400,0.410,11062,0.986859
2,3,0.400,0.410,11063,0.988017
2,3,0.400,0.410,11064,0.991310
2,3,0.400,0.410,11065,0.991361
2,3,0.400,0.410,11066,0.986786
2,3,0.400,0.410,11067,0.987658
2,3,0.400,0.410,11068,0.993582
2,3,0.400,0.410,11069,0.988988
2,3,0.400,0.410,11070,0.986119
2,3,0.400,0.410,11071,0.990361
2,3,0.400,0.410,11072,0.991645
2,3,0.400,0.410,11073,0.988727
2,3,0.400,0.410,11074,0.986276
2,3,0.400,0.410,11075,0.991008
2,3,0.400,0.410,11076,0.991999
2,3,0.400,0.410,11077,0.986859
2,3,0.400,0.410,11078,0.988017
2,3,0.400,0.410,11079,0.991310
2,3,0.400,0.410,11080,0.991361
2,3,0.400,0.410,11081,0.986786
2,3,0.400,0.410,11082,0.987658
2,3,0.400,0.410,11083,0.993582
2,3,0.400,0.410,11084,0.988988
2,3,0.400,0.410,11085,0.986119
2,3,0.400,0.410,11086,0.990361
2,3,0.400,0.410,11087,0.991645
2,3,0.400,0.410,11088,0.988727
2,3,0.400,0.410,11089,0.986276
2,3,0.400,0.410,11090,0.991008
2,3,0.400,0.410,11091,0.991999
2,3,0.400,0.410,11092,0.986859
2,3,0.400,0.410,11093,0.988017
2,3,0.400,0.410,11094,0.991310
2,3,0.400,0.410,11095,0.991361
2,3,0.400,0.410,11096,0.986786
2,3,0.400,0.410,11097,0.987658
2,3,0.400,0.410,11098,0.993582
2,3,0.400,0.410,11099,0.988988
2,3,0.400,0.410,11100,0.986119
2,3,0.400,0.410,11101,0.990361
2,3,0.400,0.410,11102,0.991645
2,3,0.400,0.410,11103,0.988727
2,3,0.400,0.410,11104,0.986276
2,3,0.400,0.410,11105,0.991008
2,3,0.400,0.410,11106,0.991999
2,3,0.400,0.410,11107,0.986859
2,3,0.400,0.410,11108,0.988017
2,3,0.400,0.410,11109,0.991310
2,3,0.400,0.410,11110,0.991361
2,3,0.400,0.410,11111,0.986786
2,3,0.400,0.410,11112,0.987658
2,3,0.400,0.410,11113,0.993582
2,3,0.400,0.410,11114,0.988988
2,3,0.400,0.410,11115,0.986119
2,3,0.400,0.410,11116,0.990361
2,3,0.400,0.410,11117,0.991645
2,3,0.400,0.410,11118,0.988727
2,3,0.400,0.410,11119,0.986276
2,3,0.400,0.410,11120,0.991008
2,3,0.400,0.410,11121,0.991999
2,3,0.400,0.410,11122,0.986859
2,3,0.400,0.410,11123,0.988017
2,3,0.400,0.410,11124,0.991310
2,3,0.400,0.410,11125,0.991361
2,3,0.400,0.410,11126,0.986786
2,3,0.400,0.410,11127,0.987658
2,3,0.400,0.410,11128,0.993582
2,3,0.400,0.410,11129,0.988988
2,3,0.400,0.410,11130,0.986119
2,3,0.400,0.410,11131,0.990361
2,3,0.400,0.410,11132,0.991645
2,3,0.400,0.410,11133,0.988727
2,3,0.400,0.410,11134,0.986276
2,3,0.400,0.410,11135,0.991008
2,3,0.400,0.410,11136,0.991999
2,3,0.400,0.410,11137,0.986859
2,3,0.400,0.410,11138,0.988017
2,3,0.400,0.410,11139,0.991310
2,3,0.400,0.410,11140,0.991361
2,3,0.400,0.410,11141,0.986786
2,3,0.400,0.410,11142,0.987658
2,3,0.400,0.410,11143,0.993582
2,3,0.400,0.410,11144,0.988988
2,3,0.400,0.410,11145,0.986119
2,3,0.400,0.410,11146,0.990361
2,3,0.400,0.410,11147,0.991645
2,3,0.400,0.410,11148,0.988727
2,3,0.400,0.410,11149,0.986276
2,3,0.400,0.410,11150,0.991008
2,3,0.400,0.410,11151,0.991999
2,3,0.400,0.410,11152,0.986859
2,3,0.400,0.410,11153,0.988017
2,3,0.400,0.410,11154,0.991310
2,3,0.400,0.410,11155,0.991361
2,3,0.400,0.410,11156,0.986786
2,3,0.400,0.410,11157,0.987658
2,3,0.400,0.410,11158,0.993582
2,3,0.400,0.410,11159,0.988988
2,3,0.400,0.410,11160,0.986119
2,3,0.400,0.410,11161,0.990361
2,3,0.400,0.410,11162,0.991645
2,3,0.400,0.410,11163,0.988727
2,3,0.400,0.410,11164,0.986276
2,3,0.400,0.410,11165,0.991008
2,3,0.400,0.410,11166,0.991999
2,3,0.400,0.410,11167,0.986859
2,3,0.400,0.410,11168,0.988017
2,3,0.400,0.410,11169,0.991310
2,3,0.400,0.410,11170,0.991361
2,3,0.400,0.410,11171,0.986786
2,3,0.400,0.410,11172,0.987658
2,3,0.400,0.410,11173,0.993582
2,3,0.400,0.410,11174,0.988988
2,3,0.400,0.410,11175,0.986119
2,3,0.400,0.410,11176,0.990361
2,3,0.400,0.410,11177,0.991645
2,3,0.400,0.410,11178,0.988727
2,3,0.400,0.410,11179,0.986276
2,3,0.400,0.410,11180,0.991008
2,3,0.400,0.410,11181,0.991999
2,3,0.400,0.410,11182,0.986859
2,3,0.400,0.410,11183,0.988017
2,3,0.400,0.410,11184,0.991310
2,3,0.400,0.410,11185,0.991361
2,3,0.400,0.410,11186,0.986786
2,3,0.400,0.410,11187,0.987658
2,3,0.400,0.410,11188,0.993582
2,3,0.400,0.410,11189,0.988988
2,3,0.400,0.410,11190,0.986119
2,3,0.400,0.410,11191,0.990361
2,3,0.400,0.410,11192,0.991645
2,3,0.400,0.410,11193,0.988727
2,3,0.400,0.410,11194,0.986276
2,3,0.400,0.410,11195,0.991008
2,3,0.400,0.410,11196,0.991999
2,3,0.400,0.410,11197,0.986859
2,3,0.400,0.410,11198,0.988017
2,3,0.400,0.410,11199,0.991310
2,3,0.400,0.410,11200,0.991361
2,3,0.400,0.410,11201,0.986786
2,3,0.400,0.410,11202,0.987658
2,3,0.400,0.410,11203,0.993582
2,3,0.400,0.410,11204,0.988988
2,3,0.400,0.410,11205,0.986119
2,3,0.400,0.410,11206,0.990361
2,3,0.400,0.410,11207,0.991645
2,3,0.400,0.410,11208,0.988727
2,3,0.400,0.410,11209,0.986276
2,3,0.400,0.410,11210,0.991008
2,3,0.400,0.410,11211,0.991999
2,3,0.400,0.410,11212,0.986859
2,3,0.400,0.410,11213,0.988017
2,3,0.400,0.410,11214,0.991310
2,3,0.400,0.410,11215,0.991361
2,3,0.400,0.410,11216,0.986786
2,3,0.400,0.410,11217,0.987658
2,3,0.400,0.410,11218,0.993582
2,3,0.400,0.410,11219,0.988988
2,3,0.400,0.410,11220,0.986119
2,3,0.400,0.410,11221,0.990361
2,3,0.400,0.410,11222,0.991645
2,3,0.400,0.410,11223,0.988727
2,3,0.400,0.410,11224,0.986276
2,3,0.400,0.410,11225,0.991008
2,3,0.400,0.410,11226,0.991999
2,3,0.400,0.410,11227,0.986859
2,3,0.400,0.410,11228,0.988017
2,3,0.400,0.410,11229,0.991310
2,3,0.400,0.410,11230,0.991361
2,3,0.400,0.410,11231,0.986786
2,3,0.400,0.410,11232,0.987658
2,3,0.400,0.410,11233,0.993582
2,3,0.400,0.410,11234,0.988988
2,3,0.400,0.410,11235,0.986119
2,3,0.400,0.410,11236,0.990361
2,3,0.400,0.410,11237,0.991645
2,3,0.400,0.410,11238,0.988727
2,3,0.400,0.410,11239,0.986276
2,3,0.400,0.410,11240,0.991008
2,3,0.400,0.410,11241,0.991999
2,3,0.400,0.410,11242,0.986859
2,3,0.400,0.410,11243,0.988017
2,3,0.400,0.410,11244,0.991310
2,3,0.400,0.410,11245,0.991361
2,3,0.400,0.410,11246,0.986786
2,3,0.400,0.410,11247,0.987658
2,3,0.400,0.410,11248,0.993582
2,3,0.400,0.410,11249,0.988988
2,3,0.400,0.410,11250,0.986119
2,3,0.400,0.410,11251,0.990361
2,3,0.400,0.410,11252,0.991645
2,3,0.400,0.410,11253,0.988727
2,3,0.400,0.410,11254,0.986276
2,3,0.400,0.410,11255,0.991008
2,3,0.400,0.410,11256,0.991999
2,3,0.400,0.410,11257,0.986859
2,3,0.400,0.410,11258,0.988017
2,3,0.400,0.410,11259,0.991310
2,3,0.400,0.410,11260,0.991361
2,3,0.400,0.410,11261,0.986786
2,3,0.400,0.410,11262,0.987658
2,3,0.400,0.410,11263,0.993582
2,3,0.400,0.410,11264,0.988988
2,3,0.400,0.410,11265,0.986119
2,3,0.400,0.410,11266,0.990361
2,3,0.400,0.410,11267,0.991645
2,3,0.400,0.410,11268,0.988727
2,3,0.400,0.410,11269,0.986276
2,3,0.400,0.410,11270,0.991008
2,3,0.400,0.410,11271,0.991999
2,3,0.400,0.410,11272,0.986859
2,3,0.400,0.410,11273,0.988017
2,3,0.400,0.410,11274,0.991310
2,3,0.400,0.410,11275,0.991361
2,3,0.400,0.410,11276,0.986786
2,3,0.400,0.410,11277,0.987658
2,3,0.400,0.410,11278,0.993582
2,3,0.400,0.410,11279,0.988988
2,3,0.400,0.410,11280,0.986119
2,3,0.400,0.410,11281,0.990361
2,3,0.400,0.410,11282,0.991645
2,3,0.400,0.410,11283,0.988727
2,3,0.400,0.410,11284,0.986276
2,3,0.400,0.410,11285,0.991008
2,3,0.400,0.410,11286,0.991999
2,3,0.400,0.410,11287,0.986859
2,3,0.400,0.410,11288,0.988017
2,3,0.400,0.410,11289,0.991310
2,3,0.400,0.410,11290,0.991361
2,3,0.400,0.410,11291,0.986786
2,3,0.400,0.410,11292,0.987658
2,3,0.400,0.410,11293,0.993582
2,3,0.400,0.410,11294,0.988988
2,3,0.400,0.410,11295,0.986119
2,3,0.400,0.410,11296,0.990361
2,3,0.400,0.410,11297,0.991645
2,3,0.400,0.410,11298,0.988727
2,3,0.400,0.410,11299,0.986276
2,3,0.400,0.410,11300,0.991008
2,3,0.400,0.410,11301,0.991999
2,3,0.400,0.410,11302,0.986859
2,3,0.400,0.410,11303,0.988017
2,3,0.400,0.410,11304,0.991310
2,3,0.400,0.410,11305,0.991361
2,3,0.400,0.410,11306,0.986786
2,3,0.400,0.410,11307,0.987658
2,3,0.400,0.410,11308,0.993582
2,3,0.400,0.410,11309,0.988988
2,3,0.400,0.410,11310,0.986119
2,3,0.400,0.410,11311,0.990361
2,3,0.400,0.410,11312,0.991645
2,3,0.400,0.410,11313,0.988727
2,3,0.400,0.410,11314,0.986276
2,3,0.400,0.410,11315,0.991008
2,3,0.400,0.410,11316,0.991999
2,3,0.400,0.410,11317,0.986859
2,3,0.400,0.410,11318,0.988017
2,3,0.400,0.410,11319,0.991310
2,3,0.400,0.410,11320,0.991361
2,3,0.400,0.410,11321,0.986786
2,3,0.400,0.410,11322,0.987658
2,3,0.400,0.410,11323,0.993582
2,3,0.400,0.410,11324,0.988988
2,3,0.400,0.410,11325,0.986119
2,3,0.400,0.410,11326,0.990361
2,3,0.400,0.410,11327,0.991645
2,3,0.400,0.410,11328,0.988727
2,3,0.400,0.410,11329,0.986276
2,3,0.400,0.410,11330,0.991008
2,3,0.400,0.410,11331,0.991999
2,3,0.400,0.410,11332,0.986859
2,3,0.400,0.410,11333,0.988017
2,3,0.400,0.410,11334,0.991310
2,3,0.400,0.410,11335,0.991361
2,3,0.400,0.410,11336,0.986786
2,3,0.400,0.410,11337,0.987658
2,3,0.400,0.410,11338,0.993582
2,3,0.400,0.410,11339,0.988988
2,3,0.400,0.410,11340,0.986119
2,3,0.400,0.410,11341,0.990361
2,3,0.400,0.410,11342,0.991645
2,3,0.400,0.410,11343,0.988727
2,3,0.400,0.410,11344,0.986276
2,3,0.400,0.410,11345,0.991008
2,3,0.400,0.410,11346,0.991999
2,3,0.400,0.410,11347,0.986859
2,3,0.400,0.410,11348,0.988017
2,3,0.400,0.410,11349,0.991310
2,3,0.400,0.410,11350,0.991361
2,3,0.400,0.410,11351,0.986786
2,3,0.400,0.410,11352,0.987658
2,3,0.400,0.410,11353,0.993582
2,3,0.400,0.410,11354,0.988988
2,3,0.400,0.410,11355,0.986119
2,3,0.400,0.410,11356,0.990361
2,3,0.400,0.410,11357,0.991645
2,3,0.400,0.410,11358,0.988727
2,3,0.400,0.410,11359,0.986276
2,3,0.400,0.410,11360,0.991008
2,3,0.400,0.410,11361,0.991999
2,3,0.400,0.410,11362,0.986859
2,3,0.400,0.410,11363,0.988017
2,3,0.400,0.410,11364,0.991310
2,3,0.400,0.410,11365,0.991361
2,3,0.400,0.410,11366,0.986786
2,3,0.400,0.410,11367,0.987658
2,3,0.400,0.410,11368,0.993582
2,3,0.400,0.410,11369,0.988988
2,3,0.400,0.410,11370,0.986119
2,3,0.400,0.410,11371,0.990361
2,3,0.400,0.410,11372,0.991645
2,3,0.400,0.410,11373,0.988727
2,3,0.400,0.410,11374,0.986276
2,3,0.400,0.410,11375,0.991008
2,3,0.400,0.410,11376,0.991999
2,3,0.400,0.410,11377,0.986859
2,3,0.400,0.410,11378,0.988017
2,3,0.400,0.410,11379,0.991310
2,3,0.400,0.410,11380,0.991361
2,3,0.400,0.410,11381,0.986786
2,3,0.400,0.410,11382,0.987658
2,3,0.400,0.410,11383,0.993582
2,3,0.400,0.410,11384,0.988988
2,3,0.400,0.410,11385,0.986119
2,3,0.400,0.410,11386,0.990361
2,3,0.400,0.410,11387,0.991645
2,3,0.400,0.410,11388,0.988727
2,3,0.400,0.410,11389,0.986276
2,3,0.400,0.410,11390,0.991008
2,3,0.400,0.410,11391,0.991999
2,3,0.400,0.410,11392,0.986859
2,3,0.400,0.410,11393,0.988017
2,3,0.400,0.410,11394,0.991310
2,3,0.400,0.410,11395,0.991361
2,3,0.400,0.410,11396,0.986786
2,3,0.400,0.410,11397,0.987658
2,3,0.400,0.410,11398,0.993582
2,3,0.400,0.410,11399,0.988988
2,3,0.400,0.410,11400,0.986119
2,3,0.400,0.410,11401,0.990361
2,3,0.400,0.410,11402,0.991645
2,3,0.400,0.410,11403,0.988727
2,3,0.400,0.410,11404,0.986276
2,3,0.400,0.410,11405,0.991008
2,3,0.400,0.410,11406,0.991999
2,3,0.400,0.410,11407,0.986859
2,3,0.400,0.410,11408,0.988017
2,3,0.400,0.410,11409,0.991310
2,3,0.400,0.410,11410,0.991361
2,3,0.400,0.410,11411,0.986786
2,3,0.400,0.410,11412,0.987658
2,3,0.400,0.410,11413,0.993582
2,3,0.400,0.410,11414,0.988988
2,3,0.400,0.410,11415,0.986119
2,3,0.400,0.410,11416,0.990361
2,3,0.400,0.410,11417,0.991645
2,3,0.400,0.410,11418,0.988727
2,3,0.400,0.410,11419,0.986276
2,3,0.400,0.410,11420,0.991008
2,3,0.400,0.410,11421,0.991999
2,3,0.400,0.410,11422,0.986859
2,3,0.400,0.410,11423,0.988017
2,3,0.400,0.410,11424,0.991310
2,3,0.400,0.410,11425,0.991361
2,3,0.400,0.410,11426,0.986786
2,3,0.400,0.410,11427,0.987658
2,3,0.400,0.410,11428,0.993582
2,3,0.400,0.410,11429,0.988988
2,3,0.400,0.410,11430,0.986119
2,3,0.400,0.410,11431,0.990361
2,3,0.400,0.410,11432,0.991645
2,3,0.400,0.410,11433,0.988727
2,3,0.400,0.410,11434,0.986276
2,3,0.400,0.410,11435,0.991008
2,3,0.400,0.410,11436,0.991999
2,3,0.400,0.410,11437,0.986859
2,3,0.400,0.410,11438,0.988017
2,3,0.400,0.410,11439,0.991310
2,3,0.400,0.410,11440,0.991361
2,3,0.400,0.410,11441,0.986786
2,3,0.400,0.410,11442,0.987658
2,3,0.400,0.410,11443,0.993582
2,3,0.400,0.410,11444,0.988988
2,3,0.400,0.410,11445,0.986119
2,3,0.400,0.410,11446,0.990361
2,3,0.400,0.410,11447,0.991645
2,3,0.400,0.410,11448,0.988727
2,3,0.400,0.410,11449,0.986276
2,3,0.400,0.410,11450,0.991008
2,3,0.400,0.410,11451,0.991999
2,3,0.400,0.410,11452,0.986859
2,3,0.400,0.410,11453,0.988017
2,3,0.400,0.410,11454,0.991310
2,3,0.400,0.410,11455,0.991361
2,3,0.400,0.410,11456,0.986786
2,3,0.400,0.410,11457,0.987658
2,3,0.400,0.410,11458,0.993582
2,3,0.400,0.410,11459,0.988988
2,3,0.400,0.410,11460,0.986119
2,3,0.400,0.410,11461,0.990361
2,3,0.400,0.410,11462,0.991645
2,3,0.400,0.410,11463,0.988727
2,3,0.400,0.410,11464,0.986276
2,3,0.400,0.410,11465,0.991008
2,3,0.400,0.410,11466,0.991999
2,3,0.400,0.410,11467,0.986859
2,3,0.400,0.410,11468,0.988017
2,3,0.400,0.410,11469,0.991310
2,3,0.400,0.410,11470,0.991361
2,3,0.400,0.410,11471,0.986786
2,3,0.400,0.410,11472,0.987658
2,3,0.400,0.410,11473,0.993582
2,3,0.400,0.410,11474,0.988988
2,3,0.400,0.410,11475,0.986119
2,3,0.400,0.410,11476,0.990361
2,3,0.400,0.410,11477,0.991645
2,3,0.400,0.410,11478,0.988727
2,3,0.400,0.410,11479,0.986276
2,3,0.400,0.410,11480,0.991008
2,3,0.400,0.410,11481,0.991999
2,3,0.400,0.410,11482,0.986859
2,3,0.400,0.410,11483,0.988017
2,3,0.400,0.410,11484,0.991310
2,3,0.400,0.410,11485,0.991361
2,3,0.400,0.410,11486,0.986786
2,3,0.400,0.410,11487,0.987658
2,3,0.400,0.410,11488,0.993582
2,3,0.400,0.410,11489,0.988988
2,3,0.400,0.410,11490,0.986119
2,3,0.400,0.410,11491,0.990361
2,3,0.400,0.410,11492,0.991645
2,3,0.400,0.410,11493,0.988727
2,3,0.400,0.410,11494,0.986276
2,3,0.400,0.410,11495,0.991008
2,3,0.400,0.410,11496,0.991999
2,3,0.400,0.410,11497,0.986859
2,3,0.400,0.410,11498,0.988017
2,3,0.400,0.410,11499,0.991310
2,3,0.400,0.410,11500,0.991361
2,3,0.400,0.410,11501,0.986786
2,3,0.400,0.410,11502,0.987658
2,3,0.400,0.410,11503,0.993582
2,3,0.400,0.410,11504,0.988988
2,3,0.400,0.410,11505,0.986119
2,3,0.400,0.410,11506,0.990361
2,3,0.400,0.410,11507,0.991645
2,3,0.400,0.410,11508,0.988727
2,3,0.400,0.410,11509,0.986276
2,3,0.400,0.410,11510,0.991008
2,3,0.400,0.410,11511,0.991999
2,3,0.400,0.410,11512,0.986859
2,3,0.400,0.410,11513,0.988017
2,3,0.400,0.410,11514,0.991310
2,3,0.400,0.410,11515,0.991361
2,3,0.400,0.410,11516,0.986786
2,3,0.400,0.410,11517,0.987658
2,3,0.400,0.410,11518,0.993582
2,3,0.400,0.410,11519,0.988988
2,3,0.400,0.410,11520,0.986119
2,3,0.400,0.410,11521,0.990361
2,3,0.400,0.410,11522,0.991645
2,3,0.400,0.410,11523,0.988727
2,3,0.400,0.410,11524,0.986276
2,3,0.400,0.410,11525,0.991008
2,3,0.400,0.410,11526,0.991999
2,3,0.400,0.410,11527,0.986859
2,3,0.400,0.410,11528,0.988017
2,3,0.400,0.410,11529,0.991310
2,3,0.400,0.410,11530,0.991361
2,3,0.400,0.410,11531,0.986786
2,3,0.400,0.410,11532,0.987658
2,3,0.400,0.410,11533,0.993582
2,3,0.400,0.410,11534,0.988988
2,3,0.400,0.410,11535,0.986119
2,3,0.400,0.410,11536,0.990361
2,3,0.400,0.410,11537,0.991645
2,3,0.400,0.410,11538,0.988727
2,3,0.400,0.410,11539,0.986276
2,3,0.400,0.410,11540,0.991008
2,3,0.400,0.410,11541,0.991999
2,3,0.400,0.410,11542,0.986859
2,3,0.400,0.410,11543,0.988017
2,3,0.400,0.410,11544,0.991310
2,3,0.400,0.410,11545,0.991361
2,3,0.400,0.410,11546,0.986786
2,3,0.400,0.410,11547,0.987658
2,3,0.400,0.410,11548,0.993582
2,3,0.400,0.410,11549,0.988988
2,3,0.400,0.410,11550,0.986119
2,3,0.400,0.410,11551,0.990361
2,3,0.400,0.410,11552,0.991645
2,3,0.400,0.410,11553,0.988727
2,3,0.400,0.410,11554,0.986276
2,3,0.400,0.410,11555,0.991008
2,3,0.400,0.410,11556,0.991999
2,3,0.400,0.410,11557,0.986859
2,3,0.400,0.410,11558,0.988017
2,3,0.400,0.410,11559,0.991310
2,3,0.400,0.410,11560,0.991361
2,3,0.400,0.410,11561,0.986786
2,3,0.400,0.410,11562,0.987658
2,3,0.400,0.410,11563,0.993582
2,3,0.400,0.410,11564,0.988988
2,3,0.400,0.410,11565,0.986119
2,3,0.400,0.410,11566,0.990361
2,3,0.400,0.410,11567,0.991645
2,3,0.400,0.410,11568,0.988727
2,3,0.400,0.410,11569,0.986276
2,3,0.400,0.410,11570,0.991008
2,3,0.400,0.410,11571,0.991999
2,3,0.400,0.410,11572,0.986859
2,3,0.400,0.410,11573,0.988017
2,3,0.400,0.410,11574,0.991310
2,3,0.400,0.410,11575,0.991361
2,3,0.400,0.410,11576,0.986786
2,3,0.400,0.410,11577,0.987658
2,3,0.400,0.410,11578,0.993582
2,3,0.400,0.410,11579,0.988988
2,3,0.400,0.410,11580,0.986119
2,3,0.400,0.410,11581,0.990361
2,3,0.400,0.410,11582,0.991645
2,3,0.400,0.410,11583,0.988727
2,3,0.400,0.410,11584,0.986276
2,3,0.400,0.410,11585,0.991008
2,3,0.400,0.410,11586,0.991999
2,3,0.400,0.410,11587,0.986859
2,3,0.400,0.410,11588,0.988017
2,3,0.400,0.410,11589,0.991310
2,3,0.400,0.410,11590,0.991361
2,3,0.400,0.410,11591,0.986786
2,3,0.400,0.410,11592,0.987658
2,3,0.400,0.410,11593,0.993582
2,3,0.400,0.410,11594,0.988988
2,3,0.400,0.410,11595,0.986119
2,3,0.400,0.410,11596,0.990361
2,3,0.400,0.410,11597,0.991645
2,3,0.400,0.410,11598,0.988727
2,3,0.400,0.410,11599,0.986276
2,3,0.400,0.410,11600,0.991008
2,3,0.400,0.410,11601,0.991999
2,3,0.400,0.410,11602,0.986859
2,3,0.400,0.410,11603,0.988017
2,3,0.400,0.410,11604,0.991310
2,3,0.400,0.410,11605,0.991361
2,3,0.400,0.410,11606,0.986786
2,3,0.400,0.410,11607,0.987658
2,3,0.400,0.410,11608,0.993582
2,3,0.400,0.410,11609,0.988988
2,3,0.400,0.410,11610,0.986119
2,3,0.400,0.410,11611,0.990361
2,3,0.400,0.410,11612,0.991645
2,3,0.400,0.410,11613,0.988727
2,3,0.400,0.410,11614,0.986276
2,3,0.400,0.410,11615,0.991008
2,3,0.400,0.410,11616,0.991999
2,3,0.400,0.410,11617,0.986859
2,3,0.400,0.410,11618,0.988017
2,3,0.400,0.410,11619,0.991310
2,3,0.400,0.410,11620,0.991361
2,3,0.400,0.410,11621,0.986786
2,3,0.400,0.410,11622,0.987658
2,3,0.400,0.410,11623,0.993582
2,3,0.400,0.410,11624,0.988988
2,3,0.400,0.410,11625,0.986119
2,3,0.400,0.410,11626,0.990361
2,3,0.400,0.410,11627,0.991645
2,3,0.400,0.410,11628,0.988727
2,3,0.400,0.410,11629,0.986276
2,3,0.400,0.410,11630,0.991008
2,3,0.400,0.410,11631,0.991999
2,3,0.400,0.410,11632,0.986859
2,3,0.400,0.410,11633,0.988017
2,3,0.400,0.410,11634,0.991310
2,3,0.400,0.410,11635,0.991361
2,3,0.400,0.410,11636,0.986786
2,3,0.400,0.410,11637,0.987658
2,3,0.400,0.410,11638,0.993582
2,3,0.400,0.410,11639,0.988988
2,3,0.400,0.410,11640,0.986119
2,3,0.400,0.410,11641,0.990361
2,3,0.400,0.410,11642,0.991645
2,3,0.400,0.410,11643,0.988727
2,3,0.400,0.410,11644,0.986276
2,3,0.400,0.410,11645,0.991008
2,3,0.400,0.410,11646,0.991999
2,3,0.400,0.410,11647,0.986859
2,3,0.400,0.410,11648,0.988017
2,3,0.400,0.410,11649,0.991310
2,3,0.400,0.410,11650,0.991361
2,3,0.400,0.410,11651,0.986786
2,3,0.400,0.410,11652,0.987658
2,3,0.400,0.410,11653,0.993582
2,3,0.400,0.410,11654,0.988988
2,3,0.400,0.410,11655,0.986119
2,3,0.400,0.410,11656,0.990361
2,3,0.400,0.410,11657,0.991645
2,3,0.400,0.410,11658,0.988727
2,3,0.400,0.410,11659,0.986276
2,3,0.400,0.410,11660,0.991008
2,3,0.400,0.410,11661,0.991999
2,3,0.400,0.410,11662,0.986859
2,3,0.400,0.410,11663,0.988017
2,3,0.400,0.410,11664,0.991310
2,3,0.400,0.410,11665,0.991361
2,3,0.400,0.410,11666,0.986786
2,3,0.400,0.410,11667,0.987658
2,3,0.400,0.410,11668,0.993582
2,3,0.400,0.410,11669,0.988988
2,3,0.400,0.410,11670,0.986119
2,3,0.400,0.410,11671,0.990361
2,3,0.400,0.410,11672,0.991645
2,3,0.400,0.410,11673,0.988727
2,3,0.400,0.410,11674,0.986276
2,3,0.400,0.410,11675,0.991008
2,3,0.400,0.410,11676,0.991999
2,3,0.400,0.410,11677,0.986859
2,3,0.400,0.410,11678,0.988017
2,3,0.400,0.410,11679,0.991310
2,3,0.400,0.410,11680,0.991361
2,3,0.400,0.410,11681,0.986786
2,3,0.400,0.410,11682,0.987658
2,3,0.400,0.410,11683,0.993582
2,3,0.400,0.410,11684,0.988988
2,3,0.400,0.410,11685,0.986119
2,3,0.400,0.410,11686,0.990361
2,3,0.400,0.410,11687,0.991645
2,3,0.400,0.410,11688,0.988727
2,3,0.400,0.410,11689,0.986276
2,3,0.400,0.410,11690,0.991008
2,3,0.400,0.410,11691,0.991999
2,3,0.400,0.410,11692,0.986859
2,3,0.400,0.410,11693,0.988017
2,3,0.400,0.410,11694,0.991310
2,3,0.400,0.410,11695,0.991361
2,3,0.400,0.410,11696,0.986786
2,3,0.400,0.410,11697,0.987658
2,3,0.400,0.410,11698,0.993582
2,3,0.400,0.410,11699,0.988988
2,3,0.400,0.410,11700,0.986119
2,3,0.400,0.410,11701,0.990361
2,3,0.400,0.410,11702,0.991645
2,3,0.400,0.410,11703,0.988727
2,3,0.400,0.410,11704,0.986276
2,3,0.400,0.410,11705,0.991008
2,3,0.400,0.410,11706,0.991999
2,3,0.400,0.410,11707,0.986859
2,3,0.400,0.410,11708,0.988017
2,3,0.400,0.410,11709,0.991310
2,3,0.400,0.410,11710,0.991361
2,3,0.400,0.410,11711,0.986786
2,3,0.400,0.410,11712,0.987658
2,3,0.400,0.410,11713,0.993582
2,3,0.400,0.410,11714,0.988988
2,3,0.400,0.410,11715,0.986119
2,3,0.400,0.410,11716,0.990361
2,3,0.400,0.410,11717,0.991645
2,3,0.400,0.410,11718,0.988727
2,3,0.400,0.410,11719,0.986276
2,3,0.400,0.410,11720,0.991008
2,3,0.400,0.410,11721,0.991999
2,3,0.400,0.410,11722,0.986859
2,3,0.400,0.410,11723,0.988017
2,3,0.400,0.410,11724,0.991310
2,3,0.400,0.410,11725,0.991361
2,3,0.400,0.410,11726,0.986786
2,3,0.400,0.410,11727,0.987658
2,3,0.400,0.410,11728,0.993582
2,3,0.400,0.410,11729,0.988988
2,3,0.400,0.410,11730,0.986119
2,3,0.400,0.410,11731,0.990361
2,3,0.400,0.410,11732,0.991645
2,3,0.400,0.410,11733,0.988727
2,3,0.400,0.410,11734,0.986276
2,3,0.400,0.410,11735,0.991008
2,3,0.400,0.410,11736,0.991999
2,3,0.400,0.410,11737,0.986859
2,3,0.400,0.410,11738,0.988017
2,3,0.400,0.410,11739,0.991310
2,3,0.400,0.410,11740,0.991361
2,3,0.400,0.410,11741,0.986786
2,3,0.400,0.410,11742,0.987658
2,3,0.400,0.410,11743,0.993582
2,3,0.400,0.410,11744,0.988988
2,3,0.400,0.410,11745,0.986119
2,3,0.400,0.410,11746,0.990361
2,3,0.400,0.410,11747,0.991645
2,3,0.400,0.410,11748,0.988727
2,3,0.400,0.410,11749,0.986276
2,3,0.400,0.410,11750,0.991008
2,3,0.400,0.410,11751,0.991999
2,3,0.400,0.410,11752,0.986859
2,3,0.400,0.410,11753,0.988017
2,3,0.400,0.410,11754,0.991310
2,3,0.400,0.410,11755,0.991361
2,3,0.400,0.410,11756,0.986786
2,3,0.400,0.410,11757,0.987658
2,3,0.400,0.410,11758,0.993582
2,3,0.400,0.410,11759,0.988988
2,3,0.400,0.410,11760,0.986119
2,3,0.400,0.410,11761,0.990361
2,3,0.400,0.410,11762,0.991645
2,3,0.400,0.410,11763,0.988727
2,3,0.400,0.410,11764,0.986276
2,3,0.400,0.410,11765,0.991008
2,3,0.400,0.410,11766,0.991999
2,3,0.400,0.410,11767,0.986859
2,3,0.400,0.410,11768,0.988017
2,3,0.400,0.410,11769,0.991310
2,3,0.400,0.410,11770,0.991361
2,3,0.400,0.410,11771,0.986786
2,3,0.400,0.410,11772,0.987658
2,3,0.400,0.410,11773,0.993582
2,3,0.400,0.410,11774,0.988988
2,3,0.400,0.410,11775,0.986119
2,3,0.400,0.410,11776,0.990361
2,3,0.400,0.410,11777,0.991645
2,3,0.400,0.410,11778,0.988727
2,3,0.400,0.410,11779,0.986276
2,3,0.400,0.410,11780,0.991008
2,3,0.400,0.410,11781,0.991999
2,3,0.400,0.410,11782,0.986859
2,3,0.400,0.410,11783,0.988017
2,3,0.400,0.410,11784,0.991310
2,3,0.400,0.410,11785,0.991361
2,3,0.400,0.410,11786,0.986786
2,3,0.400,0.410,11787,0.987658
2,3,0.400,0.410,11788,0.993582
2,3,0.400,0.410,11789,0.988988
2,3,0.400,0.410,11790,0.986119
2,3,0.400,0.410,11791,0.990361
2,3,0.400,0.410,11792,0.991645
2,3,0.400,0.410,11793,0.988727
2,3,0.400,0.410,11794,0.986276
2,3,0.400,0.410,11795,0.991008
2,3,0.400,0.410,11796,0.991999
2,3,0.400,0.410,11797,0.986859
2,3,0.400,0.410,11798,0.988017
2,3,0.400,0.410,11799,0.991310
2,3,0.400,0.410,11800,0.991361
2,3,0.400,0.410,11801,0.986786
2,3,0.400,0.410,11802,0.987658
2,3,0.400,0.410,11803,0.993582
2,3,0.400,0.410,11804,0.988988
2,3,0.400,0.410,11805,0.986119
2,3,0.400,0.410,11806,0.990361
2,3,0.400,0.410,11807,0.991645
2,3,0.400,0.410,11808,0.988727
2,3,0.400,0.410,11809,0.986276
2,3,0.400,0.410,11810,0.991008
2,3,0.400,0.410,11811,0.991999
2,3,0.400,0.410,11812,0.986859
2,3,0.400,0.410,11813,0.988017
2,3,0.400,0.410,11814,0.991310
2,3,0.400,0.410,11815,0.991361
2,3,0.400,0.410,11816,0.986786
2,3,0.400,0.410,11817,0.987658
2,3,0.400,0.410,11818,0.993582
2,3,0.400,0.410,11819,0.988988
2,3,0.400,0.410,11820,0.986119
2,3,0.400,0.410,11821,0.990361
2,3,0.400,0.410,11822,0.991645
2,3,0.400,0.410,11823,0.988727
2,3,0.400,0.410,11824,0.986276
2,3,0.400,0.410,11825,0.991008
2,3,0.400,0.410,11826,0.991999
2,3,0.400,0.410,11827,0.986859
2,3,0.400,0.410,11828,0.988017
2,3,0.400,0.410,11829,0.991310
2,3,0.400,0.410,11830,0.991361
2,3,0.400,0.410,11831,0.986786
2,3,0.400,0.410,11832,0.987658
2,3,0.400,0.410,11833,0.993582
2,3,0.400,0.410,11834,0.988988
2,3,0.400,0.410,11835,0.986119
2,3,0.400,0.410,11836,0.990361
2,3,0.400,0.410,11837,0.991645
2,3,0.400,0.410,11838,0.988727
2,3,0.400,0.410,11839,0.986276
2,3,0.400,0.410,11840,0.991008
2,3,0.400,0.410,11841,0.991999
2,3,0.400,0.410,11842,0.986859
2,3,0.400,0.410,11843,0.988017
2,3,0.400,0.410,11844,0.991310
2,3,0.400,0.410,11845,0.991361
2,3,0.400,0.410,11846,0.986786
2,3,0.400,0.410,11847,0.987658
2,3,0.400,0.410,11848,0.993582
2,3,0.400,0.410,11849,0.988988
2,3,0.400,0.410,11850,0.986119
2,3,0.400,0.410,11851,0.990361
2,3,0.400,0.410,11852,0.991645
2,3,0.400,0.410,11853,0.988727
2,3,0.400,0.410,11854,0.986276
2,3,0.400,0.410,11855,0.991008
2,3,0.400,0.410,11856,0.991999
2,3,0.400,0.410,11857,0.986859
2,3,0.400,0.410,11858,0.988017
2,3,0.400,0.410,11859,0.991310
2,3,0.400,0.410,11860,0.991361
2,3,0.400,0.410,11861,0.986786
2,3,0.400,0.410,11862,0.987658
2,3,0.400,0.410,11863,0.993582
2,3,0.400,0.410,11864,0.988988
2,3,0.400,0.410,11865,0.986119
2,3,0.400,0.410,11866,0.990361
2,3,0.400,0.410,11867,0.991645
2,3,0.400,0.410,11868,0.988727
2,3,0.400,0.410,11869,0.986276
2,3,0.400,0.410,11870,0.991008
2,3,0.400,0.410,11871,0.991999
2,3,0.400,0.410,11872,0.986859
2,3,0.400,0.410,11873,0.988017
2,3,0.400,0.410,11874,0.991310
2,3,0.400,0.410,11875,0.991361
2,3,0.400,0.410,11876,0.986786
2,3,0.400,0.410,11877,0.987658
2,3,0.400,0.410,11878,0.993582
2,3,0.400,0.410,11879,0.988988
2,3,0.400,0.410,11880,0.986119
2,3,0.400,0.410,11881,0.990361
2,3,0.400,0.410,11882,0.991645
2,3,0.400,0.410,11883,0.988727
2,3,0.400,0.410,11884,0.986276
2,3,0.400,0.410,11885,0.991008
2,3,0.400,0.410,11886,0.991999
2,3,0.400,0.410,11887,0.986859
2,3,0.400,0.410,11888,0.988017
2,3,0.400,0.410,11889,0.991310
2,3,0.400,0.410,11890,0.991361
2,3,0.400,0.410,11891,0.986786
2,3,0.400,0.410,11892,0.987658
2,3,0.400,0.410,11893,0.993582
2,3,0.400,0.410,11894,0.988988
2,3,0.400,0.410,11895,0.986119
2,3,0.400,0.410,11896,0.990361
2,3,0.400,0.410,11897,0.991645
2,3,0.400,0.410,11898,0.988727
2,3,0.400,0.410,11899,0.986276
2,3,0.400,0.410,11900,0.991008
2,3,0.400,0.410,11901,0.991999
2,3,0.400,0.410,11902,0.986859
2,3,0.400,0.410,11903,0.988017
2,3,0.400,0.410,11904,0.991310
2,3,0.400,0.410,11905,0.991361
2,3,0.400,0.410,11906,0.986786
2,3,0.400,0.410,11907,0.987658
2,3,0.400,0.410,11908,0.993582
2,3,0.400,0.410,11909,0.988988
2,3,0.400,0.410,11910,0.986119
2,3,0.400,0.410,11911,0.990361
2,3,0.400,0.410,11912,0.991645
2,3,0.400,0.410,11913,0.988727
2,3,0.400,0.410,11914,0.986276
2,3,0.400,0.410,11915,0.991008
2,3,0.400,0.410,11916,0.991999
2,3,0.400,0.410,11917,0.986859
2,3,0.400,0.410,11918,0.988017
2,3,0.400,0.410,11919,0.991310
2,3,0.400,0.410,11920,0.991361
2,3,0.400,0.410,11921,0.986786
2,3,0.400,0.410,11922,0.987658
2,3,0.400,0.410,11923,0.993582
2,3,0.400,0.410,11924,0.988988
2,3,0.400,0.410,11925,0.986119
2,3,0.400,0.410,11926,0.990361
2,3,0.400,0.410,11927,0.991645
2,3,0.400,0.410,11928,0.988727
2,3,0.400,0.410,11929,0.986276
2,3,0.400,0.410,11930,0.991008
2,3,0.400,0.410,11931,0.991999
2,3,0.400,0.410,11932,0.986859
2,3,0.400,0.410,11933,0.988017
2,3,0.400,0.410,11934,0.991310
2,3,0.400,0.410,11935,0.991361
2,3,0.400,0.410,11936,0.986786
2,3,0.400,0.410,11937,0.987658
2,3,0.400,0.410,11938,0.993582
2,3,0.400,0.410,11939,0.988988
2,3,0.400,0.410,11940,0.986119
2,3,0.400,0.410,11941,0.990361
2,3,0.400,0.410,11942,0.991645
2,3,0.400,0.410,11943,0.988727
2,3,0.400,0.410,11944,0.986276
2,3,0.400,0.410,11945,0.991008
2,3,0.400,0.410,11946,0.991999
2,3,0.400,0.410,11947,0.986859
2,3,0.400,0.410,11948,0.988017
2,3,0.400,0.410,11949,0.991310
2,3,0.400,0.410,11950,0.991361
2,3,0.400,0.410,11951,0.986786
2,3,0.400,0.410,11952,0.987658
2,3,0.400,0.410,11953,0.993582
2,3,0.400,0.410,11954,0.988988
2,3,0.400,0.410,11955,0.986119
2,3,0.400,0.410,11956,0.990361
2,3,0.400,0.410,11957,0.991645
2,3,0.400,0.410,11958,0.988727
2,3,0.400,0.410,11959,0.986276
2,3,0.400,0.410,11960,0.991008
2,3,0.400,0.410,11961,0.991999
2,3,0.400,0.410,11962,0.986859
2,3,0.400,0.410,11963,0.988017
2,3,0.400,0.410,11964,0.991310
2,3,0.400,0.410,11965,0.991361
2,3,0.400,0.410,11966,0.986786
2,3,0.400,0.410,11967,0.987658
2,3,0.400,0.410,11968,0.993582
2,3,0.400,0.410,11969,0.988988
2,3,0.400,0.410,11970,0.986119
2,3,0.400,0.410,11971,0.990361
2,3,0.400,0.410,11972,0.991645
2,3,0.400,0.410,11973,0.988727
2,3,0.400,0.410,11974,0.986276
2,3,0.400,0.410,11975,0.991008
2,3,0.400,0.410,11976,0.991999
2,3,0.400,0.410,11977,0.986859
2,3,0.400,0.410,11978,0.988017
2,3,0.400,0.410,11979,0.991310
2,3,0.400,0.410,11980,0.991361
2,3,0.400,0.410,11981,0.986786
2,3,0.400,0.410,11982,0.987658
2,3,0.400,0.410,11983,0.993582
2,3,0.400,0.410,11984,0.988988
2,3,0.400,0.410,11985,0.986119
2,3,0.400,0.410,11986,0.990361
2,3,0.400,0.410,11987,0.991645
2,3,0.400,0.410,11988,0.988727
2,3,0.400,0.410,11989,0.986276
2,3,0.400,0.410,11990,0.991008
2,3,0.400,0.410,11991,0.991999
2,3,0.400,0.410,11992,0.986859
2,3,0.400,0.410,11993,0.988017
2,3,0.400,0.410,11994,0.991310
2,3,0.400,0.410,11995,0.991361
2,3,0.400,0.410,11996,0.986786
2,3,0.400,0.410,11997,0.987658
2,3,0.400,0.410,11998,0.993582
2,3,0.400,0.410,11999,0.988988
2,3,0.400,0.410,12000,0.986119
2,3,0.400,0.410,12001,0.990361
2,3,0.400,0.410,12002,0.991645
2,3,0.400,0.410,12003,0.988727
2,3,0.400,0.410,12004,0.986276
2,3,0.400,0.410,12005,0.991008
2,3,0.400,0.410,12006,0.991999
2,3,0.400,0.410,12007,0.986859
2,3,0.400,0.410,12008,0.988017
2,3,0.400,0.410,12009,0.991310
2,3,0.400,0.410,12010,0.991361
2,3,0.400,0.410,12011,0.986786
2,3,0.400,0.410,12012,0.987658
2,3,0.400,0.410,12013,0.993582
2,3,0.400,0.410,12014,0.988988
2,3,0.400,0.410,12015,0.986119
2,3,0.400,0.410,12016,0.990361
2,3,0.400,0.410,12017,0.991645
2,3,0.400,0.410,12018,0.988727
2,3,0.400,0.410,12019,0.986276
2,3,0.400,0.410,12020,0.991008
2,3,0.400,0.410,12021,0.991999
2,3,0.400,0.410,12022,0.986859
2,3,0.400,0.410,12023,0.988017
2,3,0.400,0.410,12024,0.991310
2,3,0.400,0.410,12025,0.991361
2,3,0.400,0.410,12026,0.986786
2,3,0.400,0.410,12027,0.987658
2,3,0.400,0.410,12028,0.993582
2,3,0.400,0.410,12029,0.988988
2,3,0.400,0.410,12030,0.986119
2,3,0.400,0.410,12031,0.990361
2,3,0.400,0.410,12032,0.991645
2,3,0.400,0.410,12033,0.988727
2,3,0.400,0.410,12034,0.986276
2,3,0.400,0.410,12035,0.991008
2,3,0.400,0.410,12036,0.991999
2,3,0.400,0.410,12037,0.986859
2,3,0.400,0.410,12038,0.988017
2,3,0.400,0.410,12039,0.991310
2,3,0.400,0.410,12040,0.991361
2,3,0.400,0.410,12041,0.986786
2,3,0.400,0.410,12042,0.987658
2,3,0.400,0.410,12043,0.993582
2,3,0.400,0.410,12044,0.988988
2,3,0.400,0.410,12045,0.986119
2,3,0.400,0.410,12046,0.990361
2,3,0.400,0.410,12047,0.991645
2,3,0.400,0.410,12048,0.988727
2,3,0.400,0.410,12049,0.986276
2,3,0.400,0.410,12050,0.991008
2,3,0.400,0.410,12051,0.991999
2,3,0.400,0.410,12052,0.986859
2,3,0.400,0.410,12053,0.988017
2,3,0.400,0.410,12054,0.991310
2,3,0.400,0.410,12055,0.991361
2,3,0.400,0.410,12056,0.986786
2,3,0.400,0.410,12057,0.987658
2,3,0.400,0.410,12058,0.993582
2,3,0.400,0.410,12059,0.988988
2,3,0.400,0.410,12060,0.986119
2,3,0.400,0.410,12061,0.990361
2,3,0.400,0.410,12062,0.991645
2,3,0.400,0.410,12063,0.988727
2,3,0.400,0.410,12064,0.986276
2,3,0.400,0.410,12065,0.991008
2,3,0.400,0.410,12066,0.991999
2,3,0.400,0.410,12067,0.986859
2,3,0.400,0.410,12068,0.988017
2,3,0.400,0.410,12069,0.991310
2,3,0.400,0.410,12070,0.991361
2,3,0.400,0.410,12071,0.986786
2,3,0.400,0.410,12072,0.987658
2,3,0.400,0.410,12073,0.993582
2,3,0.400,0.410,12074,0.988988
2,3,0.400,0.410,12075,0.986119
2,3,0.400,0.410,12076,0.990361
2,3,0.400,0.410,12077,0.991645
2,3,0.400,0.410,12078,0.988727
2,3,0.400,0.410,12079,0.986276
2,3,0.400,0.410,12080,0.991008
2,3,0.400,0.410,12081,0.991999
2,3,0.400,0.410,12082,0.986859
2,3,0.400,0.410,12083,0.988017
2,3,0.400,0.410,12084,0.991310
2,3,0.400,0.410,12085,0.991361
2,3,0.400,0.410,12086,0.986786
2,3,0.400,0.410,12087,0.987658
2,3,0.400,0.410,12088,0.993582
2,3,0.400,0.410,12089,0.988988
2,3,0.400,0.410,12090,0.986119
2,3,0.400,0.410,12091,0.990361
2,3,0.400,0.410,12092,0.991645
2,3,0.400,0.410,12093,0.988727
2,3,0.400,0.410,12094,0.986276
2,3,0.400,0.410,12095,0.991008
2,3,0.400,0.410,12096,0.991999
2,3,0.400,0.410,12097,0.986859
2,3,0.400,0.410,12098,0.988017
2,3,0.400,0.410,12099,0.991310
2,3,0.400,0.410,12100,0.991361
2,3,0.400,0.410,12101,0.986786
2,3,0.400,0.410,12102,0.987658
2,3,0.400,0.410,12103,0.993582
2,3,0.400,0.410,12104,0.988988
2,3,0.400,0.410,12105,0.986119
2,3,0.400,0.410,12106,0.990361
2,3,0.400,0.410,12107,0.991645
2,3,0.400,0.410,12108,0.988727
2,3,0.400,0.410,12109,0.986276
2,3,0.400,0.410,12110,0.991008
2,3,0.400,0.410,12111,0.991999
2,3,0.400,0.410,12112,0.986859
2,3,0.400,0.410,12113,0.988017
2,3,0.400,0.410,12114,0.991310
2,3,0.400,0.410,12115,0.991361
2,3,0.400,0.410,12116,0.986786
2,3,0.400,0.410,12117,0.987658
2,3,0.400,0.410,12118,0.993582
2,3,0.400,0.410,12119,0.988988
2,3,0.400,0.410,12120,0.986119
2,3,0.400,0.410,12121,0.990361
2,3,0.400,0.410,12122,0.991645
2,3,0.400,0.410,12123,0.988727
2,3,0.400,0.410,12124,0.986276
2,3,0.400,0.410,12125,0.991008
2,3,0.400,0.410,12126,0.991999
2,3,0.400,0.410,12127,0.986859
2,3,0.400,0.410,12128,0.988017
2,3,0.400,0.410,12129,0.991310
2,3,0.400,0.410,12130,0.991361
2,3,0.400,0.410,12131,0.986786
2,3,0.400,0.410,12132,0.987658
2,3,0.400,0.410,12133,0.993582
2,3,0.400,0.410,12134,0.988988
2,3,0.400,0.410,12135,0.986119
2,3,0.400,0.410,12136,0.990361
2,3,0.400,0.410,12137,0.991645
2,3,0.400,0.410,12138,0.988727
2,3,0.400,0.410,12139,0.986276
2,3,0.400,0.410,12140,0.991008
2,3,0.400,0.410,12141,0.991999
2,3,0.400,0.410,12142,0.986859
2,3,0.400,0.410,12143,0.988017
2,3,0.400,0.410,12144,0.991310
2,3,0.400,0.410,12145,0.991361
2,3,0.400,0.410,12146,0.986786
2,3,0.400,0.410,12147,0.987658
2,3,0.400,0.410,12148,0.993582
2,3,0.400,0.410,12149,0.988988
2,3,0.400,0.410,12150,0.986119
2,3,0.400,0.410,12151,0.990361
2,3,0.400,0.410,12152,0.991645
2,3,0.400,0.410,12153,0.988727
2,3,0.400,0.410,12154,0.986276
2,3,0.400,0.410,12155,0.991008
2,3,0.400,0.410,12156,0.991999
2,3,0.400,0.410,12157,0.986859
2,3,0.400,0.410,12158,0.988017
2,3,0.400,0.410,12159,0.991310
2,3,0.400,0.410,12160,0.991361
2,3,0.400,0.410,12161,0.986786
2,3,0.400,0.410,12162,0.987658
2,3,0.400,0.410,12163,0.993582
2,3,0.400,0.410,12164,0.988988
2,3,0.400,0.410,12165,0.986119
2,3,0.400,0.410,12166,0.990361
2,3,0.400,0.410,12167,0.991645
2,3,0.400,0.410,12168,0.988727
2,3,0.400,0.410,12169,0.986276
2,3,0.400,0.410,12170,0.991008
2,3,0.400,0.410,12171,0.991999
2,3,0.400,0.410,12172,0.986859
2,3,0.400,0.410,12173,0.988017
2,3,0.400,0.410,12174,0.991310
2,3,0.400,0.410,12175,0.991361
2,3,0.400,0.410,12176,0.986786
2,3,0.400,0.410,12177,0.987658
2,3,0.400,0.410,12178,0.993582
2,3,0.400,0.410,12179,0.988988
2,3,0.400,0.410,12180,0.986119
2,3,0.400,0.410,12181,0.990361
2,3,0.400,0.410,12182,0.991645
2,3,0.400,0.410,12183,0.988727
2,3,0.400,0.410,12184,0.986276
2,3,0.400,0.410,12185,0.991008
2,3,0.400,0.410,12186,0.991999
2,3,0.400,0.410,12187,0.986859
2,3,0.400,0.410,12188,0.988017
2,3,0.400,0.410,12189,0.991310
2,3,0.400,0.410,12190,0.991361
2,3,0.400,0.410,12191,0.986786
2,3,0.400,0.410,12192,0.987658
2,3,0.400,0.410,12193,0.993582
2,3,0.400,0.410,12194,0.988988
2,3,0.400,0.410,12195,0.986119
2,3,0.400,0.410,12196,0.990361
2,3,0.400,0.410,12197,0.991645
2,3,0.400,0.410,12198,0.988727
2,3,0.400,0.410,12199,0.986276
2,3,0.400,0.410,12200,0.991008
2,3,0.400,0.410,12201,0.991999
2,3,0.400,0.410,12202,0.986859
2,3,0.400,0.410,12203,0.988017
2,3,0.400,0.410,12204,0.991310
2,3,0.400,0.410,12205,0.991361
2,3,0.400,0.410,12206,0.986786
2,3,0.400,0.410,12207,0.987658
2,3,0.400,0.410,12208,0.993582
2,3,0.400,0.410,12209,0.988988
2,3,0.400,0.410,12210,0.986119
2,3,0.400,0.410,12211,0.990361
2,3,0.400,0.410,12212,0.991645
2,3,0.400,0.410,12213,0.988727
2,3,0.400,0.410,12214,0.986276
2,3,0.400,0.410,12215,0.991008
2,3,0.400,0.410,12216,0.991999
2,3,0.400,0.410,12217,0.986859
2,3,0.400,0.410,12218,0.988017
2,3,0.400,0.410,12219,0.991310
2,3,0.400,0.410,12220,0.991361
2,3,0.400,0.410,12221,0.986786
2,3,0.400,0.410,12222,0.987658
2,3,0.400,0.410,12223,0.993582
2,3,0.400,0.410,12224,0.988988
2,3,0.400,0.410,12225,0.986119
2,3,0.400,0.410,12226,0.990361
2,3,0.400,0.410,12227,0.991645
2,3,0.400,0.410,12228,0.988727
2,3,0.400,0.410,12229,0.986276
2,3,0.400,0.410,12230,0.991008
2,3,0.400,0.410,12231,0.991999
2,3,0.400,0.410,12232,0.986859
2,3,0.400,0.410,12233,0.988017
2,3,0.400,0.410,12234,0.991310
2,3,0.400,0.410,12235,0.991361
2,3,0.400,0.410,12236,0.986786
2,3,0.400,0.410,12237,0.987658
2,3,0.400,0.410,12238,0.993582
2,3,0.400,0.410,12239,0.988988
2,3,0.400,0.410,12240,0.986119
2,3,0.400,0.410,12241,0.990361
2,3,0.400,0.410,12242,0.991645
2,3,0.400,0.410,12243,0.988727
2,3,0.400,0.410,12244,0.986276
2,3,0.400,0.410,12245,0.991008
2,3,0.400,0.410,12246,0.991999
2,3,0.400,0.410,12247,0.986859
2,3,0.400,0.410,12248,0.988017
2,3,0.400,0.410,12249,0.991310
2,3,0.400,0.410,12250,0.991361
2,3,0.400,0.410,12251,0.986786
2,3,0.400,0.410,12252,0.987658
2,3,0.400,0.410,12253,0.993582
2,3,0.400,0.410,12254,0.988988
2,3,0.400,0.410,12255,0.986119
2,3,0.400,0.410,12256,0.990361
2,3,0.400,0.410,12257,0.991645
2,3,0.400,0.410,12258,0.988727
2,3,0.400,0.410,12259,0.986276
2,3,0.400,0.410,12260,0.991008
2,3,0.400,0.410,12261,0.991999
2,3,0.400,0.410,12262,0.986859
2,3,0.400,0.410,12263,0.988017
2,3,0.400,0.410,12264,0.991310
2,3,0.400,0.410,12265,0.991361
2,3,0.400,0.410,12266,0.986786
2,3,0.400,0.410,12267,0.987658
2,3,0.400,0.410,12268,0.993582
2,3,0.400,0.410,12269,0.988988
2,3,0.400,0.410,12270,0.986119
2,3,0.400,0.410,12271,0.990361
2,3,0.400,0.410,12272,0.991645
2,3,0.400,0.410,12273,0.988727
2,3,0.400,0.410,12274,0.986276
2,3,0.400,0.410,12275,0.991008
2,3,0.400,0.410,12276,0.991999
2,3,0.400,0.410,12277,0.986859
2,3,0.400,0.410,12278,0.988017
2,3,0.400,0.410,12279,0.991310
2,3,0.400,0.410,12280,0.991361
2,3,0.400,0.410,12281,0.986786
2,3,0.400,0.410,12282,0.987658
2,3,0.400,0.410,12283,0.993582
2,3,0.400,0.410,12284,0.988988
2,3,0.400,0.410,12285,0.986119
2,3,0.400,0.410,12286,0.990361
2,3,0.400,0.410,12287,0.991645
2,3,0.400,0.410,12288,0.988727
2,3,0.400,0.410,12289,0.986276
2,3,0.400,0.410,12290,0.991008
2,3,0.400,0.410,12291,0.991999
2,3,0.400,0.410,12292,0.986859
2,3,0.400,0.410,12293,0.988017
2,3,0.400,0.410,12294,0.991310
2,3,0.400,0.410,12295,0.991361
2,3,0.400,0.410,12296,0.986786
2,3,0.400,0.410,12297,0.987658
2,3,0.400,0.410,12298,0.993582
2,3,0.400,0.410,12299,0.988988
2,3,0.400,0.410,12300,0.986119
2,3,0.400,0.410,12301,0.990361
2,3,0.400,0.410,12302,0.991645
2,3,0.400,0.410,12303,0.988727
2,3,0.400,0.410,12304,0.986276
2,3,0.400,0.410,12305,0.991008
2,3,0.400,0.410,12306,0.991999
2,3,0.400,0.410,12307,0.986859
2,3,0.400,0.410,12308,0.988017
2,3,0.400,0.410,12309,0.991310
2,3,0.400,0.410,12310,0.991361
2,3,0.400,0.410,12311,0.986786
2,3,0.400,0.410,12312,0.987658
2,3,0.400,0.410,12313,0.993582
2,3,0.400,0.410,12314,0.988988
2,3,0.400,0.410,12315,0.986119
2,3,0.400,0.410,12316,0.990361
2,3,0.400,0.410,12317,0.991645
2,3,0.400,0.410,12318,0.988727
2,3,0.400,0.410,12319,0.986276
2,3,0.400,0.410,12320,0.991008
2,3,0.400,0.410,12321,0.991999
2,3,0.400,0.410,12322,0.986859
2,3,0.400,0.410,12323,0.988017
2,3,0.400,0.410,12324,0.991310
2,3,0.400,0.410,12325,0.991361
2,3,0.400,0.410,12326,0.986786
2,3,0.400,0.410,12327,0.987658
2,3,0.400,0.410,12328,0.993582
2,3,0.400,0.410,12329,0.988988
2,3,0.400,0.410,12330,0.986119
2,3,0.400,0.410,12331,0.990361
2,3,0.400,0.410,12332,0.991645
2,3,0.400,0.410,12333,0.988727
2,3,0.400,0.410,12334,0.986276
2,3,0.400,0.410,12335,0.991008
2,3,0.400,0.410,12336,0.991999
2,3,0.400,0.410,12337,0.986859
2,3,0.400,0.410,12338,0.988017
2,3,0.400,0.410,12339,0.991310
2,3,0.400,0.410,12340,0.991361
2,3,0.400,0.410,12341,0.986786
2,3,0.400,0.410,12342,0.987658
2,3,0.400,0.410,12343,0.993582
2,3,0.400,0.410,12344,0.988988
2,3,0.400,0.410,12345,0.986119
2,3,0.400,0.410,12346,0.990361
2,3,0.400,0.410,12347,0.991645
2,3,0.400,0.410,12348,0.988727
2,3,0.400,0.410,12349,0.986276
2,3,0.400,0.410,12350,0.991008
2,3,0.400,0.410,12351,0.991999
2,3,0.400,0.410,12352,0.986859
2,3,0.400,0.410,12353,0.988017
2,3,0.400,0.410,12354,0.991310
2,3,0.400,0.410,12355,0.991361
2,3,0.400,0.410,12356,0.986786
2,3,0.400,0.410,12357,0.987658
2,3,0.400,0.410,12358,0.993582
2,3,0.400,0.410,12359,0.988988
2,3,0.400,0.410,12360,0.986119
2,3,0.400,0.410,12361,0.990361
2,3,0.400,0.410,12362,0.991645
2,3,0.400,0.410,12363,0.988727
2,3,0.400,0.410,12364,0.986276
2,3,0.400,0.410,12365,0.991008
2,3,0.400,0.410,12366,0.991999
2,3,0.400,0.410,12367,0.986859
2,3,0.400,0.410,12368,0.988017
2,3,0.400,0.410,12369,0.991310
2,3,0.400,0.410,12370,0.991361
2,3,0.400,0.410,12371,0.986786
2,3,0.400,0.410,12372,0.987658
2,3,0.400,0.410,12373,0.993582
2,3,0.400,0.410,12374,0.988988
2,3,0.400,0.410,12375,0.986119
2,3,0.400,0.410,12376,0.990361
2,3,0.400,0.410,12377,0.991645
2,3,0.400,0.410,12378,0.988727
2,3,0.400,0.410,12379,0.986276
2,3,0.400,0.410,12380,0.991008
2,3,0.400,0.410,12381,0.991999
2,3,0.400,0.410,12382,0.986859
2,3,0.400,0.410,12383,0.988017
2,3,0.400,0.410,12384,0.991310
2,3,0.400,0.410,12385,0.991361
2,3,0.400,0.410,12386,0.986786
2,3,0.400,0.410,12387,0.987658
2,3,0.400,0.410,12388,0.993582
2,3,0.400,0.410,12389,0.988988
2,3,0.400,0.410,12390,0.986119
2,3,0.400,0.410,12391,0.990361
2,3,0.400,0.410,12392,0.991645
2,3,0.400,0.410,12393,0.988727
2,3,0.400,0.410,12394,0.986276
2,3,0.400,0.410,12395,0.991008
2,3,0.400,0.410,12396,0.991999
2,3,0.400,0.410,12397,0.986859
2,3,0.400,0.410,12398,0.988017
2,3,0.400,0.410,12399,0.991310
2,3,0.400,0.410,12400,0.991361
2,3,0.400,0.410,12401,0.986786
2,3,0.400,0.410,12402,0.987658
2,3,0.400,0.410,12403,0.993582
2,3,0.400,0.410,12404,0.988988
2,3,0.400,0.410,12405,0.986119
2,3,0.400,0.410,12406,0.990361
2,3,0.400,0.410,12407,0.991645
2,3,0.400,0.410,12408,0.988727
2,3,0.400,0.410,12409,0.986276
2,3,0.400,0.410,12410,0.991008
2,3,0.400,0.410,12411,0.991999
2,3,0.400,0.410,12412,0.986859
2,3,0.400,0.410,12413,0.988017
2,3,0.400,0.410,12414,0.991310
2,3,0.400,0.410,12415,0.991361
2,3,0.400,0.410,12416,0.986786
2,3,0.400,0.410,12417,0.987658
2,3,0.400,0.410,12418,0.993582
2,3,0.400,0.410,12419,0.988988
2,3,0.400,0.410,12420,0.986119
2,3,0.400,0.410,12421,0.990361
2,3,0.400,0.410,12422,0.991645
2,3,0.400,0.410,12423,0.988727
2,3,0.400,0.410,12424,0.986276
2,3,0.400,0.410,12425,0.991008
2,3,0.400,0.410,12426,0.991999
2,3,0.400,0.410,12427,0.986859
2,3,0.400,0.410,12428,0.988017
2,3,0.400,0.410,12429,0.991310
2,3,0.400,0.410,12430,0.991361
2,3,0.400,0.410,12431,0.986786
2,3,0.400,0.410,12432,0.987658
2,3,0.400,0.410,12433,0.993582
2,3,0.400,0.410,12434,0.988988
2,3,0.400,0.410,12435,0.986119
2,3,0.400,0.410,12436,0.990361
2,3,0.400,0.410,12437,0.991645
2,3,0.400,0.410,12438,0.988727
2,3,0.400,0.410,12439,0.986276
2,3,0.400,0.410,12440,0.991008
2,3,0.400,0.410,12441,0.991999
2,3,0.400,0.410,12442,0.986859
2,3,0.400,0.410,12443,0.988017
2,3,0.400,0.410,12444,0.991310
2,3,0.400,0.410,12445,0.991361
2,3,0.400,0.410,12446,0.986786
2,3,0.400,0.410,12447,0.987658
2,3,0.400,0.410,12448,0.993582
2,3,0.400,0.410,12449,0.988988
2,3,0.400,0.410,12450,0.986119
2,3,0.400,0.410,12451,0.990361
2,3,0.400,0.410,12452,0.991645
2,3,0.400,0.410,12453,0.988727
2,3,0.400,0.410,12454,0.986276
2,3,0.400,0.410,12455,0.991008
2,3,0.400,0.410,12456,0.991999
2,3,0.400,0.410,12457,0.986859
2,3,0.400,0.410,12458,0.988017
2,3,0.400,0.410,12459,0.991310
2,3,0.400,0.410,12460,0.991361
2,3,0.400,0.410,12461,0.986786
2,3,0.400,0.410,12462,0.987658
2,3,0.400,0.410,12463,0.993582
2,3,0.400,0.410,12464,0.988988
2,3,0.400,0.410,12465,0.986119
2,3,0.400,0.410,12466,0.990361
2,3,0.400,0.410,12467,0.991645
2,3,0.400,0.410,12468,0.988727
2,3,0.400,0.410,12469,0.986276
2,3,0.400,0.410,12470,0.991008
2,3,0.400,0.410,12471,0.991999
2,3,0.400,0.410,12472,0.986859
2,3,0.400,0.410,12473,0.988017
2,3,0.400,0.410,12474,0.991310
2,3,0.400,0.410,12475,0.991361
2,3,0.400,0.410,12476,0.986786
2,3,0.400,0.410,12477,0.987658
2,3,0.400,0.410,12478,0.993582
2,3,0.400,0.410,12479,0.988988
2,3,0.400,0.410,12480,0.986119
2,3,0.400,0.410,12481,0.990361
2,3,0.400,0.410,12482,0.991645
2,3,0.400,0.410,12483,0.988727
2,3,0.400,0.410,12484,0.986276
2,3,0.400,0.410,12485,0.991008
2,3,0.400,0.410,12486,0.991999
2,3,0.400,0.410,12487,0.986859
2,3,0.400,0.410,12488,0.988017
2,3,0.400,0.410,12489,0.991310
2,3,0.400,0.410,12490,0.991361
2,3,0.400,0.410,12491,0.986786
2,3,0.400,0.410,12492,0.987658
2,3,0.400,0.410,12493,0.993582
2,3,0.400,0.410,12494,0.988988
2,3,0.400,0.410,12495,0.986119
2,3,0.400,0.410,12496,0.990361
2,3,0.400,0.410,12497,0.991645
2,3,0.400,0.410,12498,0.988727
2,3,0.400,0.410,12499,0.986276
2,3,0.400,0.410,12500,0.991008
2,3,0.400,0.410,12501,0.991999
2,3,0.400,0.410,12502,0.986859
2,3,0.400,0.410,12503,0.988017
2,3,0.400,0.410,12504,0.991310
2,3,0.400,0.410,12505,0.991361
2,3,0.400,0.410,12506,0.986786
2,3,0.400,0.410,12507,0.987658
2,3,0.400,0.410,12508,0.993582
2,3,0.400,0.410,12509,0.988988
2,3,0.400,0.410,12510,0.986119
2,3,0.400,0.410,12511,0.990361
2,3,0.400,0.410,12512,0.991645
2,3,0.400,0.410,12513,0.988727
2,3,0.400,0.410,12514,0.986276
2,3,0.400,0.410,12515,0.991008
2,3,0.400,0.410,12516,0.991999
2,3,0.400,0.410,12517,0.986859
2,3,0.400,0.410,12518,0.988017
2,3,0.400,0.410,12519,0.991310
2,3,0.400,0.410,12520,0.991361
2,3,0.400,0.410,12521,0.986786
2,3,0.400,0.410,12522,0.987658
2,3,0.400,0.410,12523,0.993582
2,3,0.400,0.410,12524,0.988988
2,3,0.400,0.410,12525,0.986119
2,3,0.400,0.410,12526,0.990361
2,3,0.400,0.410,12527,0.991645
2,3,0.400,0.410,12528,0.988727
2,3,0.400,0.410,12529,0.986276
2,3,0.400,0.410,12530,0.991008
2,3,0.400,0.410,12531,0.991999
2,3,0.400,0.410,12532,0.986859
2,3,0.400,0.410,12533,0.988017
2,3,0.400,0.410,12534,0.991310
2,3,0.400,0.410,12535,0.991361
2,3,0.400,0.410,12536,0.986786
2,3,0.400,0.410,12537,0.987658
2,3,0.400,0.410,12538,0.993582
2,3,0.400,0.410,12539,0.988988
2,3,0.400,0.410,12540,0.986119
2,3,0.400,0.410,12541,0.990361
2,3,0.400,0.410,12542,0.991645
2,3,0.400,0.410,12543,0.988727
2,3,0.400,0.410,12544,0.986276
2,3,0.400,0.410,12545,0.991008
2,3,0.400,0.410,12546,0.991999
2,3,0.400,0.410,12547,0.986859
2,3,0.400,0.410,12548,0.988017
2,3,0.400,0.410,12549,0.991310
2,3,0.400,0.410,12550,0.991361
2,3,0.400,0.410,12551,0.986786
2,3,0.400,0.410,12552,0.987658
2,3,0.400,0.410,12553,0.993582
2,3,0.400,0.410,12554,0.988988
2,3,0.400,0.410,12555,0.986119
2,3,0.400,0.410,12556,0.990361
2,3,0.400,0.410,12557,0.991645
2,3,0.400,0.410,12558,0.988727
2,3,0.400,0.410,12559,0.986276
2,3,0.400,0.410,12560,0.991008
2,3,0.400,0.410,12561,0.991999
2,3,0.400,0.410,12562,0.986859
2,3,0.400,0.410,12563,0.988017
2,3,0.400,0.410,12564,0.991310
2,3,0.400,0.410,12565,0.991361
2,3,0.400,0.410,12566,0.986786
2,3,0.400,0.410,12567,0.987658
2,3,0.400,0.410,12568,0.993582
2,3,0.400,0.410,12569,0.988988
2,3,0.400,0.410,12570,0.986119
2,3,0.400,0.410,12571,0.990361
2,3,0.400,0.410,12572,0.991645
2,3,0.400,0.410,12573,0.988727
2,3,0.400,0.410,12574,0.986276
2,3,0.400,0.410,12575,0.991008
2,3,0.400,0.410,12576,0.991999
2,3,0.400,0.410,12577,0.986859
2,3,0.400,0.410,12578,0.988017
2,3,0.400,0.410,12579,0.991310
2,3,0.400,0.410,12580,0.991361
2,3,0.400,0.410,12581,0.986786
2,3,0.400,0.410,12582,0.987658
2,3,0.400,0.410,12583,0.993582
2,3,0.400,0.410,12584,0.988988
2,3,0.400,0.410,12585,0.986119
2,3,0.400,0.410,12586,0.990361
2,3,0.400,0.410,12587,0.991645
2,3,0.400,0.410,12588,0.988727
2,3,0.400,0.410,12589,0.986276
2,3,0.400,0.410,12590,0.991008
2,3,0.400,0.410,12591,0.991999
2,3,0.400,0.410,12592,0.986859
2,3,0.400,0.410,12593,0.988017
2,3,0.400,0.410,12594,0.991310
2,3,0.400,0.410,12595,0.991361
2,3,0.400,0.410,12596,0.986786
2,3,0.400,0.410,12597,0.987658
2,3,0.400,0.410,12598,0.993582
2,3,0.400,0.410,12599,0.988988
2,3,0.400,0.410,12600,0.986119
2,3,0.400,0.410,12601,0.990361
2,3,0.400,0.410,12602,0.991645
2,3,0.400,0.410,12603,0.988727
2,3,0.400,0.410,12604,0.986276
2,3,0.400,0.410,12605,0.991008
2,3,0.400,0.410,12606,0.991999
2,3,0.400,0.410,12607,0.986859
2,3,0.400,0.410,12608,0.988017
2,3,0.400,0.410,12609,0.991310
2,3,0.400,0.410,12610,0.991361
2,3,0.400,0.410,12611,0.986786
2,3,0.400,0.410,12612,0.987658
2,3,0.400,0.410,12613,0.993582
2,3,0.400,0.410,12614,0.988988
2,3,0.400,0.410,12615,0.986119
2,3,0.400,0.410,12616,0.990361
2,3,0.400,0.410,12617,0.991645
2,3,0.400,0.410,12618,0.988727
2,3,0.400,0.410,12619,0.986276
2,3,0.400,0.410,12620,0.991008
2,3,0.400,0.410,12621,0.991999
2,3,0.400,0.410,12622,0.986859
2,3,0.400,0.410,12623,0.988017
2,3,0.400,0.410,12624,0.991310
2,3,0.400,0.410,12625,0.991361
2,3,0.400,0.410,12626,0.986786
2,3,0.400,0.410,12627,0.987658
2,3,0.400,0.410,12628,0.993582
2,3,0.400,0.410,12629,0.988988
2,3,0.400,0.410,12630,0.986119
2,3,0.400,0.410,12631,0.990361
2,3,0.400,0.410,12632,0.991645
2,3,0.400,0.410,12633,0.988727
2,3,0.400,0.410,12634,0.986276
2,3,0.400,0.410,12635,0.991008
2,3,0.400,0.410,12636,0.991999
2,3,0.400,0.410,12637,0.986859
2,3,0.400,0.410,12638,0.988017
2,3,0.400,0.410,12639,0.991310
2,3,0.400,0.410,12640,0.991361
2,3,0.400,0.410,12641,0.986786
2,3,0.400,0.410,12642,0.987658
2,3,0.400,0.410,12643,0.993582
2,3,0.400,0.410,12644,0.988988
2,3,0.400,0.410,12645,0.986119
2,3,0.400,0.410,12646,0.990361
2,3,0.400,0.410,12647,0.991645
2,3,0.400,0.410,12648,0.988727
2,3,0.400,0.410,12649,0.986276
2,3,0.400,0.410,12650,0.991008
2,3,0.400,0.410,12651,0.991999
2,3,0.400,0.410,12652,0.986859
2,3,0.400,0.410,12653,0.988017
2,3,0.400,0.410,12654,0.991310
2,3,0.400,0.410,12655,0.991361
2,3,0.400,0.410,12656,0.986786
2,3,0.400,0.410,12657,0.987658
2,3,0.400,0.410,12658,0.993582
2,3,0.400,0.410,12659,0.988988
2,3,0.400,0.410,12660,0.986119
2,3,0.400,0.410,12661,0.990361
2,3,0.400,0.410,12662,0.991645
2,3,0.400,0.410,12663,0.988727
2,3,0.400,0.410,12664,0.986276
2,3,0.400,0.410,12665,0.991008
2,3,0.400,0.410,12666,0.991999
2,3,0.400,0.410,12667,0.986859
2,3,0.400,0.410,12668,0.988017
2,3,0.400,0.410,12669,0.991310
2,3,0.400,0.410,12670,0.991361
2,3,0.400,0.410,12671,0.986786
2,3,0.400,0.410,12672,0.987658
2,3,0.400,0.410,12673,0.993582
2,3,0.400,0.410,12674,0.988988
2,3,0.400,0.410,12675,0.986119
2,3,0.400,0.410,12676,0.990361
2,3,0.400,0.410,12677,0.991645
2,3,0.400,0.410,12678,0.988727
2,3,0.400,0.410,12679,0.986276
2,3,0.400,0.410,12680,0.991008
2,3,0.400,0.410,12681,0.991999
2,3,0.400,0.410,12682,0.986859
2,3,0.400,0.410,12683,0.988017
2,3,0.400,0.410,12684,0.991310
2,3,0.400,0.410,12685,0.991361
2,3,0.400,0.410,12686,0.986786
2,3,0.400,0.410,12687,0.987658
2,3,0.400,0.410,12688,0.993582
2,3,0.400,0.410,12689,0.988988
2,3,0.400,0.410,12690,0.986119
2,3,0.400,0.410,12691,0.990361
2,3,0.400,0.410,12692,0.991645
2,3,0.400,0.410,12693,0.988727
2,3,0.400,0.410,12694,0.986276
2,3,0.400,0.410,12695,0.991008
2,3,0.400,0.410,12696,0.991999
2,3,0.400,0.410,12697,0.986859
2,3,0.400,0.410,12698,0.988017
2,3,0.400,0.410,12699,0.991310
2,3,0.400,0.410,12700,0.991361
2,3,0.400,0.410,12701,0.986786
2,3,0.400,0.410,12702,0.987658
2,3,0.400,0.410,12703,0.993582
2,3,0.400,0.410,12704,0.988988
2,3,0.400,0.410,12705,0.986119
2,3,0.400,0.410,12706,0.990361
2,3,0.400,0.410,12707,0.991645
2,3,0.400,0.410,12708,0.988727
2,3,0.400,0.410,12709,0.986276
2,3,0.400,0.410,12710,0.991008
2,3,0.400,0.410,12711,0.991999
2,3,0.400,0.410,12712,0.986859
2,3,0.400,0.410,12713,0.988017
2,3,0.400,0.410,12714,0.991310
2,3,0.400,0.410,12715,0.991361
2,3,0.400,0.410,12716,0.986786
2,3,0.400,0.410,12717,0.987658
2,3,0.400,0.410,12718,0.993582
2,3,0.400,0.410,12719,0.988988
2,3,0.400,0.410,12720,0.986119
2,3,0.400,0.410,12721,0.990361
2,3,0.400,0.410,12722,0.991645
2,3,0.400,0.410,12723,0.988727
2,3,0.400,0.410,12724,0.986276
2,3,0.400,0.410,12725,0.991008
2,3,0.400,0.410,12726,0.991999
2,3,0.400,0.410,12727,0.986859
2,3,0.400,0.410,12728,0.988017
2,3,0.400,0.410,12729,0.991310
2,3,0.400,0.410,12730,0.991361
2,3,0.400,0.410,12731,0.986786
2,3,0.400,0.410,12732,0.987658
2,3,0.400,0.410,12733,0.993582
2,3,0.400,0.410,12734,0.988988
2,3,0.400,0.410,12735,0.986119
2,3,0.400,0.410,12736,0.990361
2,3,0.400,0.410,12737,0.991645
2,3,0.400,0.410,12738,0.988727
2,3,0.400,0.410,12739,0.986276
2,3,0.400,0.410,12740,0.991008
2,3,0.400,0.410,12741,0.991999
2,3,0.400,0.410,12742,0.986859
2,3,0.400,0.410,12743,0.988017
2,3,0.400,0.410,12744,0.991310
2,3,0.400,0.410,12745,0.991361
2,3,0.400,0.410,12746,0.986786
2,3,0.400,0.410,12747,0.987658
2,3,0.400,0.410,12748,0.993582
2,3,0.400,0.410,12749,0.988988
2,3,0.400,0.410,12750,0.986119
2,3,0.400,0.410,12751,0.990361
2,3,0.400,0.410,12752,0.991645
2,3,0.400,0.410,12753,0.988727
2,3,0.400,0.410,12754,0.986276
2,3,0.400,0.410,12755,0.991008
2,3,0.400,0.410,12756,0.991999
2,3,0.400,0.410,12757,0.986859
2,3,0.400,0.410,12758,0.988017
2,3,0.400,0.410,12759,0.991310
2,3,0.400,0.410,12760,0.991361
2,3,0.400,0.410,12761,0.986786
2,3,0.400,0.410,12762,0.987658
2,3,0.400,0.410,12763,0.993582
2,3,0.400,0.410,12764,0.988988
2,3,0.400,0.410,12765,0.986119
2,3,0.400,0.410,12766,0.990361
2,3,0.400,0.410,12767,0.991645
2,3,0.400,0.410,12768,0.988727
2,3,0.400,0.410,12769,0.986276
2,3,0.400,0.410,12770,0.991008
2,3,0.400,0.410,12771,0.991999
2,3,0.400,0.410,12772,0.986859
2,3,0.400,0.410,12773,0.988017
2,3,0.400,0.410,12774,0.991310
2,3,0.400,0.410,12775,0.991361
2,3,0.400,0.410,12776,0.986786
2,3,0.400,0.410,12777,0.987658
2,3,0.400,0.410,12778,0.993582
2,3,0.400,0.410,12779,0.988988
2,3,0.400,0.410,12780,0.986119
2,3,0.400,0.410,12781,0.990361
2,3,0.400,0.410,12782,0.991645
2,3,0.400,0.410,12783,0.988727
2,3,0.400,0.410,12784,0.986276
2,3,0.400,0.410,12785,0.991008
2,3,0.400,0.410,12786,0.991999
2,3,0.400,0.410,12787,0.986859
2,3,0.400,0.410,12788,0.988017
2,3,0.400,0.410,12789,0.991310
2,3,0.400,0.410,12790,0.991361
2,3,0.400,0.410,12791,0.986786
2,3,0.400,0.410,12792,0.987658
2,3,0.400,0.410,12793,0.993582
2,3,0.400,0.410,12794,0.988988
2,3,0.400,0.410,12795,0.986119
2,3,0.400,0.410,12796,0.990361
2,3,0.400,0.410,12797,0.991645
2,3,0.400,0.410,12798,0.988727
2,3,0.400,0.410,12799,0.986276
2,3,0.400,0.410,12800,0.991008
2,3,0.400,0.410,12801,0.991999
2,3,0.400,0.410,12802,0.986859
2,3,0.400,0.410,12803,0.988017
2,3,0.400,0.410,12804,0.991310
2,3,0.400,0.410,12805,0.991361
2,3,0.400,0.410,12806,0.986786
2,3,0.400,0.410,12807,0.987658
2,3,0.400,0.410,12808,0.993582
2,3,0.400,0.410,12809,0.988988
2,3,0.400,0.410,12810,0.986119
2,3,0.400,0.410,12811,0.990361
2,3,0.400,0.410,12812,0.991645
2,3,0.400,0.410,12813,0.988727
2,3,0.400,0.410,12814,0.986276
2,3,0.400,0.410,12815,0.991008
2,3,0.400,0.410,12816,0.991999
2,3,0.400,0.410,12817,0.986859
2,3,0.400,0.410,12818,0.988017
2,3,0.400,0.410,12819,0.991310
2,3,0.400,0.410,12820,0.991361
2,3,0.400,0.410,12821,0.986786
2,3,0.400,0.410,12822,0.987658
2,3,0.400,0.410,12823,0.993582
2,3,0.400,0.410,12824,0.988988
2,3,0.400,0.410,12825,0.986119
2,3,0.400,0.410,12826,0.990361
2,3,0.400,0.410,12827,0.991645
2,3,0.400,0.410,12828,0.988727
2,3,0.400,0.410,12829,0.986276
2,3,0.400,0.410,12830,0.991008
2,3,0.400,0.410,12831,0.991999
2,3,0.400,0.410,12832,0.986859
2,3,0.400,0.410,12833,0.988017
2,3,0.400,0.410,12834,0.991310
2,3,0.400,0.410,12835,0.991361
2,3,0.400,0.410,12836,0.986786
2,3,0.400,0.410,12837,0.987658
2,3,0.400,0.410,12838,0.993582
2,3,0.400,0.410,12839,0.988988
2,3,0.400,0.410,12840,0.986119
2,3,0.400,0.410,12841,0.990361
2,3,0.400,0.410,12842,0.991645
2,3,0.400,0.410,12843,0.988727
2,3,0.400,0.410,12844,0.986276
2,3,0.400,0.410,12845,0.991008
2,3,0.400,0.410,12846,0.991999
2,3,0.400,0.410,12847,0.986859
2,3,0.400,0.410,12848,0.988017
2,3,0.400,0.410,12849,0.991310
2,3,0.400,0.410,12850,0.991361
2,3,0.400,0.410,12851,0.986786
2,3,0.400,0.410,12852,0.987658
2,3,0.400,0.410,12853,0.993582
2,3,0.400,0.410,12854,0.988988
2,3,0.400,0.410,12855,0.986119
2,3,0.400,0.410,12856,0.990361
2,3,0.400,0.410,12857,0.991645
2,3,0.400,0.410,12858,0.988727
2,3,0.400,0.410,12859,0.986276
2,3,0.400,0.410,12860,0.991008
2,3,0.400,0.410,12861,0.991999
2,3,0.400,0.410,12862,0.986859
2,3,0.400,0.410,12863,0.988017
2,3,0.400,0.410,12864,0.991310
2,3,0.400,0.410,12865,0.991361
2,3,0.400,0.410,12866,0.986786
2,3,0.400,0.410,12867,0.987658
2,3,0.400,0.410,12868,0.993582
2,3,0.400,0.410,12869,0.988988
2,3,0.400,0.410,12870,0.986119
2,3,0.400,0.410,12871,0.990361
2,3,0.400,0.410,12872,0.991645
2,3,0.400,0.410,12873,0.988727
2,3,0.400,0.410,12874,0.986276
2,3,0.400,0.410,12875,0.991008
2,3,0.400,0.410,12876,0.991999
2,3,0.400,0.410,12877,0.986859
2,3,0.400,0.410,12878,0.988017
2,3,0.400,0.410,12879,0.991310
2,3,0.400,0.410,12880,0.991361
2,3,0.400,0.410,12881,0.986786
2,3,0.400,0.410,12882,0.987658
2,3,0.400,0.410,12883,0.993582
2,3,0.400,0.410,12884,0.988988
2,3,0.400,0.410,12885,0.986119
2,3,0.400,0.410,12886,0.990361
2,3,0.400,0.410,12887,0.991645
2,3,0.400,0.410,12888,0.988727
2,3,0.400,0.410,12889,0.986276
2,3,0.400,0.410,12890,0.991008
2,3,0.400,0.410,12891,0.991999
2,3,0.400,0.410,12892,0.986859
2,3,0.400,0.410,12893,0.988017
2,3,0.400,0.410,12894,0.991310
2,3,0.400,0.410,12895,0.991361
2,3,0.400,0.410,12896,0.986786
2,3,0.400,0.410,12897,0.987658
2,3,0.400,0.410,12898,0.993582
2,3,0.400,0.410,12899,0.988988
2,3,0.400,0.410,12900,0.986119
2,3,0.400,0.410,12901,0.990361
2,3,0.400,0.410,12902,0.991645
2,3,0.400,0.410,12903,0.988727
2,3,0.400,0.410,12904,0.986276
2,3,0.400,0.410,12905,0.991008
2,3,0.400,0.410,12906,0.991999
2,3,0.400,0.410,12907,0.986859
2,3,0.400,0.410,12908,0.988017
2,3,0.400,0.410,12909,0.991310
2,3,0.400,0.410,12910,0.991361
2,3,0.400,0.410,12911,0.986786
2,3,0.400,0.410,12912,0.987658
2,3,0.400,0.410,12913,0.993582
2,3,0.400,0.410,12914,0.988988
2,3,0.400,0.410,12915,0.986119
2,3,0.400,0.410,12916,0.990361
2,3,0.400,0.410,12917,0.991645
2,3,0.400,0.410,12918,0.988727
2,3,0.400,0.410,12919,0.986276
2,3,0.400,0.410,12920,0.991008
2,3,0.400,0.410,12921,0.991999
2,3,0.400,0.410,12922,0.986859
2,3,0.400,0.410,12923,0.988017
2,3,0.400,0.410,12924,0.991310
2,3,0.400,0.410,12925,0.991361
2,3,0.400,0.410,12926,0.986786
2,3,0.400,0.410,12927,0.987658
2,3,0.400,0.410,12928,0.993582
2,3,0.400,0.410,12929,0.988988
2,3,0.400,0.410,12930,0.986119
2,3,0.400,0.410,12931,0.990361
2,3,0.400,0.410,12932,0.991645
2,3,0.400,0.410,12933,0.988727
2,3,0.400,0.410,12934,0.986276
2,3,0.400,0.410,12935,0.991008
2,3,0.400,0.410,12936,0.991999
2,3,0.400,0.410,12937,0.986859
2,3,0.400,0.410,12938,0.988017
2,3,0.400,0.410,12939,0.991310
2,3,0.400,0.410,12940,0.991361
2,3,0.400,0.410,12941,0.986786
2,3,0.400,0.410,12942,0.987658
2,3,0.400,0.410,12943,0.993582
2,3,0.400,0.410,12944,0.988988
2,3,0.400,0.410,12945,0.986119
2,3,0.400,0.410,12946,0.990361
2,3,0.400,0.410,12947,0.991645
2,3,0.400,0.410,12948,0.988727
2,3,0.400,0.410,12949,0.986276
2,3,0.400,0.410,12950,0.991008
2,3,0.400,0.410,12951,0.991999
2,3,0.400,0.410,12952,0.986859
2,3,0.400,0.410,12953,0.988017
2,3,0.400,0.410,12954,0.991310
2,3,0.400,0.410,12955,0.991361
2,3,0.400,0.410,12956,0.986786
2,3,0.400,0.410,12957,0.987658
2,3,0.400,0.410,12958,0.993582
2,3,0.400,0.410,12959,0.988988
2,3,0.400,0.410,12960,0.986119
2,3,0.400,0.410,12961,0.990361
2,3,0.400,0.410,12962,0.991645
2,3,0.400,0.410,12963,0.988727
2,3,0.400,0.410,12964,0.986276
2,3,0.400,0.410,12965,0.991008
2,3,0.400,0.410,12966,0.991999
2,3,0.400,0.410,12967,0.986859
2,3,0.400,0.410,12968,0.988017
2,3,0.400,0.410,12969,0.991310
2,3,0.400,0.410,12970,0.991361
2,3,0.400,0.410,12971,0.986786
2,3,0.400,0.410,12972,0.987658
2,3,0.400,0.410,12973,0.993582
2,3,0.400,0.410,12974,0.988988
2,3,0.400,0.410,12975,0.986119
2,3,0.400,0.410,12976,0.990361
2,3,0.400,0.410,12977,0.991645
2,3,0.400,0.410,12978,0.988727
2,3,0.400,0.410,12979,0.986276
2,3,0.400,0.410,12980,0.991008
2,3,0.400,0.410,12981,0.991999
2,3,0.400,0.410,12982,0.986859
2,3,0.400,0.410,12983,0.988017
2,3,0.400,0.410,12984,0.991310
2,3,0.400,0.410,12985,0.991361
2,3,0.400,0.410,12986,0.986786
2,3,0.400,0.410,12987,0.987658
2,3,0.400,0.410,12988,0.993582
2,3,0.400,0.410,12989,0.988988
2,3,0.400,0.410,12990,0.986119
2,3,0.400,0.410,12991,0.990361
2,3,0.400,0.410,12992,0.991645
2,3,0.400,0.410,12993,0.988727
2,3,0.400,0.410,12994,0.986276
2,3,0.400,0.410,12995,0.991008
2,3,0.400,0.410,12996,0.991999
2,3,0.400,0.410,12997,0.986859
2,3,0.400,0.410,12998,0.988017
2,3,0.400,0.410,12999,0.991310
2,3,0.400,0.410,13000,0.991361
2,3,0.600,0.610,10001,0.991812
2,3,0.600,0.610,10002,0.993661
2,3,0.600,0.610,10003,0.989920
2,3,0.600,0.610,10004,0.991813
2,3,0.600,0.610,10005,0.993252
2,3,0.600,0.610,10006,0.990652
2,3,0.600,0.610,10007,0.992145
2,3,0.600,0.610,10008,0.991656
2,3,0.600,0.610,10009,0.992195
2,3,0.600,0.610,10010,0.991394
2,3,0.600,0.610,10011,0.991196
2,3,0.600,0.610,10012,0.993322
2,3,0.600,0.610,10013,0.991333
2,3,0.600,0.610,10014,0.992071
2,3,0.600,0.610,10015,0.991665
2,3,0.600,0.610,10016,0.991313
2,3,0.600,0.610,10017,0.993628
2,3,0.600,0.610,10018,0.989926
2,3,0.600,0.610,10019,0.992322
2,3,0.600,0.610,10020,0.993397
2,3,0.600,0.610,10021,0.990220
2,3,0.600,0.610,10022,0.991856
2,3,0.600,0.610,10023,0.991751
2,3,0.600,0.610,10024,0.992784
2,3,0.600,0.610,10025,0.991540
2,3,0.600,0.610,10026,0.990834
2,3,0.600,0.610,10027,0.993099
2,3,0.600,0.610,10028,0.991060
2,3,0.600,0.610,10029,0.992357
2,3,0.600,0.610,10030,0.991533
2,3,0.600,0.610,10031,0.991812
2,3,0.600,0.610,10032,0.993661
2,3,0.600,0.610,10033,0.989920
2,3,0.600,0.610,10034,0.991813
2,3,0.600,0.610,10035,0.993252
2,3,0.600,0.610,10036,0.990652
2,3,0.600,0.610,10037,0.992145
2,3,0.600,0.610,10038,0.991656
2,3,0.600,0.610,10039,0.992195
2,3,0.600,0.610,10040,0.991394
2,3,0.600,0.610,10041,0.991196
2,3,0.600,0.610,10042,0.993322
2,3,0.600,0.610,10043,0.991333
2,3,0.600,0.610,10044,0.992071
2,3,0.600,0.610,10045,0.991665
2,3,0.600,0.610,10046,0.991313
2,3,0.600,0.610,10047,0.993628
2,3,0.600,0.610,10048,0.989926
2,3,0.600,0.610,10049,0.992322
2,3,0.600,0.610,10050,0.993397
2,3,0.600,0.610,10051,0.990220
2,3,0.600,0.610,10052,0.991856
2,3,0.600,0.610,10053,0.991751
2,3,0.600,0.610,10054,0.992784
2,3,0.600,0.610,10055,0.991540
2,3,0.600,0.610,10056,0.990834
2,3,0.600,0.610,10057,0.993099
2,3,0.600,0.610,10058,0.991060
2,3,0.600,0.610,10059,0.992357
2,3,0.600,0.610,10060,0.991533
2,3,0.600,0.610,10061,0.991812
2,3,0.600,0.610,10062,0.993661
2,3,0.600,0.610,10063,0.989920
2,3,0.600,0.610,10064,0.991813
2,3,0.600,0.610,10065,0.993252
2,3,0.600,0.610,10066,0.990652
2,3,0.600,0.610,10067,0.992145
2,3,0.600,0.610,10068,0.991656
2,3,0.600,0.610,10069,0.992195
2,3,0.600,0.610,10070,0.991394
2,3,0.600,0.610,10071,0.991196
2,3,0.600,0.610,10072,0.993322
2,3,0.600,0.610,10073,0.991333
2,3,0.600,0.610,10074,0.992071
2,3,0.600,0.610,10075,0.991665
2,3,0.600,0.610,10076,0.991313
2,3,0.600,0.610,10077,0.993628
2,3,0.600,0.610,10078,0.989926
2,3,0.600,0.610,10079,0.992322
2,3,0.600,0.610,10080,0.993397
2,3,0.600,0.610,10081,0.990220
2,3,0.600,0.610,10082,0.991856
2,3,0.600,0.610,10083,0.991751
2,3,0.600,0.610,10084,0.992784
2,3,0.600,0.610,10085,0.991540
2,3,0.600,0.610,10086,0.990834
2,3,0.600,0.610,10087,0.993099
2,3,0.600,0.610,10088,0.991060
2,3,0.600,0.610,10089,0.992357
2,3,0.600,0.610,10090,0.991533
2,3,0.600,0.610,10091,0.991812
2,3,0.600,0.610,10092,0.993661
2,3,0.600,0.610,10093,0.989920
2,3,0.600,0.610,10094,0.991813
2,3,0.600,0.610,10095,0.993252
2,3,0.600,0.610,10096,0.990652
2,3,0.600,0.610,10097,0.992145
2,3,0.600,0.610,10098,0.991656
2,3,0.600,0.610,10099,0.992195
2,3,0.600,0.610,10100,0.991394
2,3,0.600,0.610,10101,0.991196
2,3,0.600,0.610,10102,0.993322
2,3,0.600,0.610,10103,0.991333
2,3,0.600,0.610,10104,0.992071
2,3,0.600,0.610,10105,0.991665
2,3,0.600,0.610,10106,0.991313
2,3,0.600,0.610,10107,0.993628
2,3,0.600,0.610,10108,0.989926
2,3,0.600,0.610,10109,0.992322
2,3,0.600,0.610,10110,0.993397
2,3,0.600,0.610,10111,0.990220
2,3,0.600,0.610,10112,0.991856
2,3,0.600,0.610,10113,0.991751
2,3,0.600,0.610,10114,0.992784
2,3,0.600,0.610,10115,0.991540
2,3,0.600,0.610,10116,0.990834
2,3,0.600,0.610,10117,0.993099
2,3,0.600,0.610,10118,0.991060
2,3,0.600,0.610,10119,0.992357
2,3,0.600,0.610,10120,0.991533
2,3,0.600,0.610,10121,0.991812
2,3,0.600,0.610,10122,0.993661
2,3,0.600,0.610,10123,0.989920
2,3,0.600,0.610,10124,0.991813
2,3,0.600,0.610,10125,0.993252
2,3,0.600,0.610,10126,0.990652
2,3,0.600,0.610,10127,0.992145
2,3,0.600,0.610,10128,0.991656
2,3,0.600,0.610,10129,0.992195
2,3,0.600,0.610,10130,0.991394
2,3,0.600,0.610,10131,0.991196
2,3,0.600,0.610,10132,0.993322
2,3,0.600,0.610,10133,0.991333
2,3,0.600,0.610,10134,0.992071
2,3,0.600,0.610,10135,0.991665
2,3,0.600,0.610,10136,0.991313
2,3,0.600,0.610,10137,0.993628
2,3,0.600,0.610,10138,0.989926
2,3,0.600,0.610,10139,0.992322
2,3,0.600,0.610,10140,0.993397
2,3,0.600,0.610,10141,0.990220
2,3,0.600,0.610,10142,0.991856
2,3,0.600,0.610,10143,0.991751
2,3,0.600,0.610,10144,0.992784
2,3,0.600,0.610,10145,0.991540
2,3,0.600,0.610,10146,0.990834
2,3,0.600,0.610,10147,0.993099
2,3,0.600,0.610,10148,0.991060
2,3,0.600,0.610,10149,0.992357
2,3,0.600,0.610,10150,0.991533
2,3,0.600,0.610,10151,0.991812
2,3,0.600,0.610,10152,0.993661
2,3,0.600,0.610,10153,0.989920
2,3,0.600,0.610,10154,0.991813
2,3,0.600,0.610,10155,0.993252
2,3,0.600,0.610,10156,0.990652
2,3,0.600,0.610,10157,0.992145
2,3,0.600,0.610,10158,0.991656
2,3,0.600,0.610,10159,0.992195
2,3,0.600,0.610,10160,0.991394
2,3,0.600,0.610,10161,0.991196
2,3,0.600,0.610,10162,0.993322
2,3,0.600,0.610,10163,0.991333
2,3,0.600,0.610,10164,0.992071
2,3,0.600,0.610,10165,0.991665
2,3,0.600,0.610,10166,0.991313
2,3,0.600,0.610,10167,0.993628
2,3,0.600,0.610,10168,0.989926
2,3,0.600,0.610,10169,0.992322
2,3,0.600,0.610,10170,0.993397
2,3,0.600,0.610,10171,0.990220
2,3,0.600,0.610,10172,0.991856
2,3,0.600,0.610,10173,0.991751
2,3,0.600,0.610,10174,0.992784
2,3,0.600,0.610,10175,0.991540
2,3,0.600,0.610,10176,0.990834
2,3,0.600,0.610,10177,0.993099
2,3,0.600,0.610,10178,0.991060
2,3,0.600,0.610,10179,0.992357
2,3,0.600,0.610,10180,0.991533
2,3,0.600,0.610,10181,0.991812
2,3,0.600,0.610,10182,0.993661
2,3,0.600,0.610,10183,0.989920
2,3,0.600,0.610,10184,0.991813
2,3,0.600,0.610,10185,0.993252
2,3,0.600,0.610,10186,0.990652
2,3,0.600,0.610,10187,0.992145
2,3,0.600,0.610,10188,0.991656
2,3,0.600,0.610,10189,0.992195
2,3,0.600,0.610,10190,0.991394
2,3,0.600,0.610,10191,0.991196
2,3,0.600,0.610,10192,0.993322
2,3,0.600,0.610,10193,0.991333
2,3,0.600,0.610,10194,0.992071
2,3,0.600,0.610,10195,0.991665
2,3,0.600,0.610,10196,0.991313
2,3,0.600,0.610,10197,0.993628
2,3,0.600,0.610,10198,0.989926
2,3,0.600,0.610,10199,0.992322
2,3,0.600,0.610,10200,0.993397
2,3,0.600,0.610,10201,0.990220
2,3,0.600,0.610,10202,0.991856
2,3,0.600,0.610,10203,0.991751
2,3,0.600,0.610,10204,0.992784
2,3,0.600,0.610,10205,0.991540
2,3,0.600,0.610,10206,0.990834
2,3,0.600,0.610,10207,0.993099
2,3,0.600,0.610,10208,0.991060
2,3,0.600,0.610,10209,0.992357
2,3,0.600,0.610,10210,0.991533
2,3,0.600,0.610,10211,0.991812
2,3,0.600,0.610,10212,0.993661
2,3,0.600,0.610,10213,0.989920
2,3,0.600,0.610,10214,0.991813
2,3,0.600,0.610,10215,0.993252
2,3,0.600,0.610,10216,0.990652
2,3,0.600,0.610,10217,0.992145
2,3,0.600,0.610,10218,0.991656
2,3,0.600,0.610,10219,0.992195
2,3,0.600,0.610,10220,0.991394
2,3,0.600,0.610,10221,0.991196
2,3,0.600,0.610,10222,0.993322
2,3,0.600,0.610,10223,0.991333
2,3,0.600,0.610,10224,0.992071
2,3,0.600,0.610,10225,0.991665
2,3,0.600,0.610,10226,0.991313
2,3,0.600,0.610,10227,0.993628
2,3,0.600,0.610,10228,0.989926
2,3,0.600,0.610,10229,0.992322
2,3,0.600,0.610,10230,0.993397
2,3,0.600,0.610,10231,0.990220
2,3,0.600,0.610,10232,0.991856
2,3,0.600,0.610,10233,0.991751
2,3,0.600,0.610,10234,0.992784
2,3,0.600,0.610,10235,0.991540
2,3,0.600,0.610,10236,0.990834
2,3,0.600,0.610,10237,0.993099
2,3,0.600,0.610,10238,0.991060
2,3,0.600,0.610,10239,0.992357
2,3,0.600,0.610,10240,0.991533
2,3,0.600,0.610,10241,0.991812
2,3,0.600,0.610,10242,0.993661
2,3,0.600,0.610,10243,0.989920
2,3,0.600,0.610,10244,0.991813
2,3,0.600,0.610,10245,0.993252
2,3,0.600,0.610,10246,0.990652
2,3,0.600,0.610,10247,0.992145
2,3,0.600,0.610,10248,0.991656
2,3,0.600,0.610,10249,0.992195
2,3,0.600,0.610,10250,0.991394
2,3,0.600,0.610,10251,0.991196
2,3,0.600,0.610,10252,0.993322
2,3,0.600,0.610,10253,0.991333
2,3,0.600,0.610,10254,0.992071
2,3,0.600,0.610,10255,0.991665
2,3,0.600,0.610,10256,0.991313
2,3,0.600,0.610,10257,0.993628
2,3,0.600,0.610,10258,0.989926
2,3,0.600,0.610,10259,0.992322
2,3,0.600,0.610,10260,0.993397
2,3,0.600,0.610,10261,0.990220
2,3,0.600,0.610,10262,0.991856
2,3,0.600,0.610,10263,0.991751
2,3,0.600,0.610,10264,0.992784
2,3,0.600,0.610,10265,0.991540
2,3,0.600,0.610,10266,0.990834
2,3,0.600,0.610,10267,0.993099
2,3,0.600,0.610,10268,0.991060
2,3,0.600,0.610,10269,0.992357
2,3,0.600,0.610,10270,0.991533
2,3,0.600,0.610,10271,0.991812
2,3,0.600,0.610,10272,0.993661
2,3,0.600,0.610,10273,0.989920
2,3,0.600,0.610,10274,0.991813
2,3,0.600,0.610,10275,0.993252
2,3,0.600,0.610,10276,0.990652
2,3,0.600,0.610,10277,0.992145
2,3,0.600,0.610,10278,0.991656
2,3,0.600,0.610,10279,0.992195
2,3,0.600,0.610,10280,0.991394
2,3,0.600,0.610,10281,0.991196
2,3,0.600,0.610,10282,0.993322
2,3,0.600,0.610,10283,0.991333
2,3,0.600,0.610,10284,0.992071
2,3,0.600,0.610,10285,0.991665
2,3,0.600,0.610,10286,0.991313
2,3,0.600,0.610,10287,0.993628
2,3,0.600,0.610,10288,0.989926
2,3,0.600,0.610,10289,0.992322
2,3,0.600,0.610,10290,0.993397
2,3,0.600,0.610,10291,0.990220
2,3,0.600,0.610,10292,0.991856
2,3,0.600,0.610,10293,0.991751
2,3,0.600,0.610,10294,0.992784
2,3,0.600,0.610,10295,0.991540
2,3,0.600,0.610,10296,0.990834
2,3,0.600,0.610,10297,0.993099
2,3,0.600,0.610,10298,0.991060
2,3,0.600,0.610,10299,0.992357
2,3,0.600,0.610,10300,0.991533
2,3,0.600,0.610,10301,0.991812
2,3,0.600,0.610,10302,0.993661
2,3,0.600,0.610,10303,0.989920
2,3,0.600,0.610,10304,0.991813
2,3,0.600,0.610,10305,0.993252
2,3,0.600,0.610,10306,0.990652
2,3,0.600,0.610,10307,0.992145
2,3,0.600,0.610,10308,0.991656
2,3,0.600,0.610,10309,0.992195
2,3,0.600,0.610,10310,0.991394
2,3,0.600,0.610,10311,0.991196
2,3,0.600,0.610,10312,0.993322
2,3,0.600,0.610,10313,0.991333
2,3,0.600,0.610,10314,0.992071
2,3,0.600,0.610,10315,0.991665
2,3,0.600,0.610,10316,0.991313
2,3,0.600,0.610,10317,0.993628
2,3,0.600,0.610,10318,0.989926
2,3,0.600,0.610,10319,0.992322
2,3,0.600,0.610,10320,0.993397
2,3,0.600,0.610,10321,0.990220
2,3,0.600,0.610,10322,0.991856
2,3,0.600,0.610,10323,0.991751
2,3,0.600,0.610,10324,0.992784
2,3,0.600,0.610,10325,0.991540
2,3,0.600,0.610,10326,0.990834
2,3,0.600,0.610,10327,0.993099
2,3,0.600,0.610,10328,0.991060
2,3,0.600,0.610,10329,0.992357
2,3,0.600,0.610,10330,0.991533
2,3,0.600,0.610,10331,0.991812
2,3,0.600,0.610,10332,0.993661
2,3,0.600,0.610,10333,0.989920
2,3,0.600,0.610,10334,0.991813
2,3,0.600,0.610,10335,0.993252
2,3,0.600,0.610,10336,0.990652
2,3,0.600,0.610,10337,0.992145
2,3,0.600,0.610,10338,0.991656
2,3,0.600,0.610,10339,0.992195
2,3,0.600,0.610,10340,0.991394
2,3,0.600,0.610,10341,0.991196
2,3,0.600,0.610,10342,0.993322
2,3,0.600,0.610,10343,0.991333
2,3,0.600,0.610,10344,0.992071
2,3,0.600,0.610,10345,0.991665
2,3,0.600,0.610,10346,0.991313
2,3,0.600,0.610,10347,0.993628
2,3,0.600,0.610,10348,0.989926
2,3,0.600,0.610,10349,0.992322
2,3,0.600,0.610,10350,0.993397
2,3,0.600,0.610,10351,0.990220
2,3,0.600,0.610,10352,0.991856
2,3,0.600,0.610,10353,0.991751
2,3,0.600,0.610,10354,0.992784
2,3,0.600,0.610,10355,0.991540
2,3,0.600,0.610,10356,0.990834
2,3,0.600,0.610,10357,0.993099
2,3,0.600,0.610,10358,0.991060
2,3,0.600,0.610,10359,0.992357
2,3,0.600,0.610,10360,0.991533
2,3,0.600,0.610,10361,0.991812
2,3,0.600,0.610,10362,0.993661
2,3,0.600,0.610,10363,0.989920
2,3,0.600,0.610,10364,0.991813
2,3,0.600,0.610,10365,0.993252
2,3,0.600,0.610,10366,0.990652
2,3,0.600,0.610,10367,0.992145
2,3,0.600,0.610,10368,0.991656
2,3,0.600,0.610,10369,0.992195
2,3,0.600,0.610,10370,0.991394
2,3,0.600,0.610,10371,0.991196
2,3,0.600,0.610,10372,0.993322
2,3,0.600,0.610,10373,0.991333
2,3,0.600,0.610,10374,0.992071
2,3,0.600,0.610,10375,0.991665
2,3,0.600,0.610,10376,0.991313
2,3,0.600,0.610,10377,0.993628
2,3,0.600,0.610,10378,0.989926
2,3,0.600,0.610,10379,0.992322
2,3,0.600,0.610,10380,0.993397
2,3,0.600,0.610,10381,0.990220
2,3,0.600,0.610,10382,0.991856
2,3,0.600,0.610,10383,0.991751
2,3,0.600,0.610,10384,0.992784
2,3,0.600,0.610,10385,0.991540
2,3,0.600,0.610,10386,0.990834
2,3,0.600,0.610,10387,0.993099
2,3,0.600,0.610,10388,0.991060
2,3,0.600,0.610,10389,0.992357
2,3,0.600,0.610,10390,0.991533
2,3,0.600,0.610,10391,0.991812
2,3,0.600,0.610,10392,0.993661
2,3,0.600,0.610,10393,0.989920
2,3,0.600,0.610,10394,0.991813
2,3,0.600,0.610,10395,0.993252
2,3,0.600,0.610,10396,0.990652
2,3,0.600,0.610,10397,0.992145
2,3,0.600,0.610,10398,0.991656
2,3,0.600,0.610,10399,0.992195
2,3,0.600,0.610,10400,0.991394
2,3,0.600,0.610,10401,0.991196
2,3,0.600,0.610,10402,0.993322
2,3,0.600,0.610,10403,0.991333
2,3,0.600,0.610,10404,0.992071
2,3,0.600,0.610,10405,0.991665
2,3,0.600,0.610,10406,0.991313
2,3,0.600,0.610,10407,0.993628
2,3,0.600,0.610,10408,0.989926
2,3,0.600,0.610,10409,0.992322
2,3,0.600,0.610,10410,0.993397
2,3,0.600,0.610,10411,0.990220
2,3,0.600,0.610,10412,0.991856
2,3,0.600,0.610,10413,0.991751
2,3,0.600,0.610,10414,0.992784
2,3,0.600,0.610,10415,0.991540
2,3,0.600,0.610,10416,0.990834
2,3,0.600,0.610,10417,0.993099
2,3,0.600,0.610,10418,0.991060
2,3,0.600,0.610,10419,0.992357
2,3,0.600,0.610,10420,0.991533
2,3,0.600,0.610,10421,0.991812
2,3,0.600,0.610,10422,0.993661
2,3,0.600,0.610,10423,0.989920
2,3,0.600,0.610,10424,0.991813
2,3,0.600,0.610,10425,0.993252
2,3,0.600,0.610,10426,0.990652
2,3,0.600,0.610,10427,0.992145
2,3,0.600,0.610,10428,0.991656
2,3,0.600,0.610,10429,0.992195
2,3,0.600,0.610,10430,0.991394
2,3,0.600,0.610,10431,0.991196
2,3,0.600,0.610,10432,0.993322
2,3,0.600,0.610,10433,0.991333
2,3,0.600,0.610,10434,0.992071
2,3,0.600,0.610,10435,0.991665
2,3,0.600,0.610,10436,0.991313
2,3,0.600,0.610,10437,0.993628
2,3,0.600,0.610,10438,0.989926
2,3,0.600,0.610,10439,0.992322
2,3,0.600,0.610,10440,0.993397
2,3,0.600,0.610,10441,0.990220
2,3,0.600,0.610,10442,0.991856
2,3,0.600,0.610,10443,0.991751
2,3,0.600,0.610,10444,0.992784
2,3,0.600,0.610,10445,0.991540
2,3,0.600,0.610,10446,0.990834
2,3,0.600,0.610,10447,0.993099
2,3,0.600,0.610,10448,0.991060
2,3,0.600,0.610,10449,0.992357
2,3,0.600,0.610,10450,0.991533
2,3,0.600,0.610,10451,0.991812
2,3,0.600,0.610,10452,0.993661
2,3,0.600,0.610,10453,0.989920
2,3,0.600,0.610,10454,0.991813
2,3,0.600,0.610,10455,0.993252
2,3,0.600,0.610,10456,0.990652
2,3,0.600,0.610,10457,0.992145
2,3,0.600,0.610,10458,0.991656
2,3,0.600,0.610,10459,0.992195
2,3,0.600,0.610,10460,0.991394
2,3,0.600,0.610,10461,0.991196
2,3,0.600,0.610,10462,0.993322
2,3,0.600,0.610,10463,0.991333
2,3,0.600,0.610,10464,0.992071
2,3,0.600,0.610,10465,0.991665
2,3,0.600,0.610,10466,0.991313
2,3,0.600,0.610,10467,0.993628
2,3,0.600,0.610,10468,0.989926
2,3,0.600,0.610,10469,0.992322
2,3,0.600,0.610,10470,0.993397
2,3,0.600,0.610,10471,0.990220
2,3,0.600,0.610,10472,0.991856
2,3,0.600,0.610,10473,0.991751
2,3,0.600,0.610,10474,0.992784
2,3,0.600,0.610,10475,0.991540
2,3,0.600,0.610,10476,0.990834
2,3,0.600,0.610,10477,0.993099
2,3,0.600,0.610,10478,0.991060
2,3,0.600,0.610,10479,0.992357
2,3,0.600,0.610,10480,0.991533
2,3,0.600,0.610,10481,0.991812
2,3,0.600,0.610,10482,0.993661
2,3,0.600,0.610,10483,0.989920
2,3,0.600,0.610,10484,0.991813
2,3,0.600,0.610,10485,0.993252
2,3,0.600,0.610,10486,0.990652
2,3,0.600,0.610,10487,0.992145
2,3,0.600,0.610,10488,0.991656
2,3,0.600,0.610,10489,0.992195
2,3,0.600,0.610,10490,0.991394
2,3,0.600,0.610,10491,0.991196
2,3,0.600,0.610,10492,0.993322
2,3,0.600,0.610,10493,0.991333
2,3,0.600,0.610,10494,0.992071
2,3,0.600,0.610,10495,0.991665
2,3,0.600,0.610,10496,0.991313
2,3,0.600,0.610,10497,0.993628
2,3,0.600,0.610,10498,0.989926
2,3,0.600,0.610,10499,0.992322
2,3,0.600,0.610,10500,0.993397
2,3,0.600,0.610,10501,0.990220
2,3,0.600,0.610,10502,0.991856
2,3,0.600,0.610,10503,0.991751
2,3,0.600,0.610,10504,0.992784
2,3,0.600,0.610,10505,0.991540
2,3,0.600,0.610,10506,0.990834
2,3,0.600,0.610,10507,0.993099
2,3,0.600,0.610,10508,0.991060
2,3,0.600,0.610,10509,0.992357
2,3,0.600,0.610,10510,0.991533
2,3,0.600,0.610,10511,0.991812
2,3,0.600,0.610,10512,0.993661
2,3,0.600,0.610,10513,0.989920
2,3,0.600,0.610,10514,0.991813
2,3,0.600,0.610,10515,0.993252
2,3,0.600,0.610,10516,0.990652
2,3,0.600,0.610,10517,0.992145
2,3,0.600,0.610,10518,0.991656
2,3,0.600,0.610,10519,0.992195
2,3,0.600,0.610,10520,0.991394
2,3,0.600,0.610,10521,0.991196
2,3,0.600,0.610,10522,0.993322
2,3,0.600,0.610,10523,0.991333
2,3,0.600,0.610,10524,0.992071
2,3,0.600,0.610,10525,0.991665
2,3,0.600,0.610,10526,0.991313
2,3,0.600,0.610,10527,0.993628
2,3,0.600,0.610,10528,0.989926
2,3,0.600,0.610,10529,0.992322
2,3,0.600,0.610,10530,0.993397
2,3,0.600,0.610,10531,0.990220
2,3,0.600,0.610,10532,0.991856
2,3,0.600,0.610,10533,0.991751
2,3,0.600,0.610,10534,0.992784
2,3,0.600,0.610,10535,0.991540
2,3,0.600,0.610,10536,0.990834
2,3,0.600,0.610,10537,0.993099
2,3,0.600,0.610,10538,0.991060
2,3,0.600,0.610,10539,0.992357
2,3,0.600,0.610,10540,0.991533
2,3,0.600,0.610,10541,0.991812
2,3,0.600,0.610,10542,0.993661
2,3,0.600,0.610,10543,0.989920
2,3,0.600,0.610,10544,0.991813
2,3,0.600,0.610,10545,0.993252
2,3,0.600,0.610,10546,0.990652
2,3,0.600,0.610,10547,0.992145
2,3,0.600,0.610,10548,0.991656
2,3,0.600,0.610,10549,0.992195
2,3,0.600,0.610,10550,0.991394
2,3,0.600,0.610,10551,0.991196
2,3,0.600,0.610,10552,0.993322
2,3,0.600,0.610,10553,0.991333
2,3,0.600,0.610,10554,0.992071
2,3,0.600,0.610,10555,0.991665
2,3,0.600,0.610,10556,0.991313
2,3,0.600,0.610,10557,0.993628
2,3,0.600,0.610,10558,0.989926
2,3,0.600,0.610,10559,0.992322
2,3,0.600,0.610,10560,0.993397
2,3,0.600,0.610,10561,0.990220
2,3,0.600,0.610,10562,0.991856
2,3,0.600,0.610,10563,0.991751
2,3,0.600,0.610,10564,0.992784
2,3,0.600,0.610,10565,0.991540
2,3,0.600,0.610,10566,0.990834
2,3,0.600,0.610,10567,0.993099
2,3,0.600,0.610,10568,0.991060
2,3,0.600,0.610,10569,0.992357
2,3,0.600,0.610,10570,0.991533
2,3,0.600,0.610,10571,0.991812
2,3,0.600,0.610,10572,0.993661
2,3,0.600,0.610,10573,0.989920
2,3,0.600,0.610,10574,0.991813
2,3,0.600,0.610,10575,0.993252
2,3,0.600,0.610,10576,0.990652
2,3,0.600,0.610,10577,0.992145
2,3,0.600,0.610,10578,0.991656
2,3,0.600,0.610,10579,0.992195
2,3,0.600,0.610,10580,0.991394
2,3,0.600,0.610,10581,0.991196
2,3,0.600,0.610,10582,0.993322
2,3,0.600,0.610,10583,0.991333
2,3,0.600,0.610,10584,0.992071
2,3,0.600,0.610,10585,0.991665
2,3,0.600,0.610,10586,0.991313
2,3,0.600,0.610,10587,0.993628
2,3,0.600,0.610,10588,0.989926
2,3,0.600,0.610,10589,0.992322
2,3,0.600,0.610,10590,0.993397
2,3,0.600,0.610,10591,0.990220
2,3,0.600,0.610,10592,0.991856
2,3,0.600,0.610,10593,0.991751
2,3,0.600,0.610,10594,0.992784
2,3,0.600,0.610,10595,0.991540
2,3,0.600,0.610,10596,0.990834
2,3,0.600,0.610,10597,0.993099
2,3,0.600,0.610,10598,0.991060
2,3,0.600,0.610,10599,0.992357
2,3,0.600,0.610,10600,0.991533
2,3,0.600,0.610,10601,0.991812
2,3,0.600,0.610,10602,0.993661
2,3,0.600,0.610,10603,0.989920
2,3,0.600,0.610,10604,0.991813
2,3,0.600,0.610,10605,0.993252
2,3,0.600,0.610,10606,0.990652
2,3,0.600,0.610,10607,0.992145
2,3,0.600,0.610,10608,0.991656
2,3,0.600,0.610,10609,0.992195
2,3,0.600,0.610,10610,0.991394
2,3,0.600,0.610,10611,0.991196
2,3,0.600,0.610,10612,0.993322
2,3,0.600,0.610,10613,0.991333
2,3,0.600,0.610,10614,0.992071
2,3,0.600,0.610,10615,0.991665
2,3,0.600,0.610,10616,0.991313
2,3,0.600,0.610,10617,0.993628
2,3,0.600,0.610,10618,0.989926
2,3,0.600,0.610,10619,0.992322
2,3,0.600,0.610,10620,0.993397
2,3,0.600,0.610,10621,0.990220
2,3,0.600,0.610,10622,0.991856
2,3,0.600,0.610,10623,0.991751
2,3,0.600,0.610,10624,0.992784
2,3,0.600,0.610,10625,0.991540
2,3,0.600,0.610,10626,0.990834
2,3,0.600,0.610,10627,0.993099
2,3,0.600,0.610,10628,0.991060
2,3,0.600,0.610,10629,0.992357
2,3,0.600,0.610,10630,0.991533
2,3,0.600,0.610,10631,0.991812
2,3,0.600,0.610,10632,0.993661
2,3,0.600,0.610,10633,0.989920
2,3,0.600,0.610,10634,0.991813
2,3,0.600,0.610,10635,0.993252
2,3,0.600,0.610,10636,0.990652
2,3,0.600,0.610,10637,0.992145
2,3,0.600,0.610,10638,0.991656
2,3,0.600,0.610,10639,0.992195
2,3,0.600,0.610,10640,0.991394
2,3,0.600,0.610,10641,0.991196
2,3,0.600,0.610,10642,0.993322
2,3,0.600,0.610,10643,0.991333
2,3,0.600,0.610,10644,0.992071
2,3,0.600,0.610,10645,0.991665
2,3,0.600,0.610,10646,0.991313
2,3,0.600,0.610,10647,0.993628
2,3,0.600,0.610,10648,0.989926
2,3,0.600,0.610,10649,0.992322
2,3,0.600,0.610,10650,0.993397
2,3,0.600,0.610,10651,0.990220
2,3,0.600,0.610,10652,0.991856
2,3,0.600,0.610,10653,0.991751
2,3,0.600,0.610,10654,0.992784
2,3,0.600,0.610,10655,0.991540
2,3,0.600,0.610,10656,0.990834
2,3,0.600,0.610,10657,0.993099
2,3,0.600,0.610,10658,0.991060
2,3,0.600,0.610,10659,0.992357
2,3,0.600,0.610,10660,0.991533
2,3,0.600,0.610,10661,0.991812
2,3,0.600,0.610,10662,0.993661
2,3,0.600,0.610,10663,0.989920
2,3,0.600,0.610,10664,0.991813
2,3,0.600,0.610,10665,0.993252
2,3,0.600,0.610,10666,0.990652
2,3,0.600,0.610,10667,0.992145
2,3,0.600,0.610,10668,0.991656
2,3,0.600,0.610,10669,0.992195
2,3,0.600,0.610,10670,0.991394
2,3,0.600,0.610,10671,0.991196
2,3,0.600,0.610,10672,0.993322
2,3,0.600,0.610,10673,0.991333
2,3,0.600,0.610,10674,0.992071
2,3,0.600,0.610,10675,0.991665
2,3,0.600,0.610,10676,0.991313
2,3,0.600,0.610,10677,0.993628
2,3,0.600,0.610,10678,0.989926
2,3,0.600,0.610,10679,0.992322
2,3,0.600,0.610,10680,0.993397
2,3,0.600,0.610,10681,0.990220
2,3,0.600,0.610,10682,0.991856
2,3,0.600,0.610,10683,0.991751
2,3,0.600,0.610,10684,0.992784
2,3,0.600,0.610,10685,0.991540
2,3,0.600,0.610,10686,0.990834
2,3,0.600,0.610,10687,0.993099
2,3,0.600,0.610,10688,0.991060
2,3,0.600,0.610,10689,0.992357
2,3,0.600,0.610,10690,0.991533
2,3,0.600,0.610,10691,0.991812
2,3,0.600,0.610,10692,0.993661
2,3,0.600,0.610,10693,0.989920
2,3,0.600,0.610,10694,0.991813
2,3,0.600,0.610,10695,0.993252
2,3,0.600,0.610,10696,0.990652
2,3,0.600,0.610,10697,0.992145
2,3,0.600,0.610,10698,0.991656
2,3,0.600,0.610,10699,0.992195
2,3,0.600,0.610,10700,0.991394
2,3,0.600,0.610,10701,0.991196
2,3,0.600,0.610,10702,0.993322
2,3,0.600,0.610,10703,0.991333
2,3,0.600,0.610,10704,0.992071
2,3,0.600,0.610,10705,0.991665
2,3,0.600,0.610,10706,0.991313
2,3,0.600,0.610,10707,0.993628
2,3,0.600,0.610,10708,0.989926
2,3,0.600,0.610,10709,0.992322
2,3,0.600,0.610,10710,0.993397
2,3,0.600,0.610,10711,0.990220
2,3,0.600,0.610,10712,0.991856
2,3,0.600,0.610,10713,0.991751
2,3,0.600,0.610,10714,0.992784
2,3,0.600,0.610,10715,0.991540
2,3,0.600,0.610,10716,0.990834
2,3,0.600,0.610,10717,0.993099
2,3,0.600,0.610,10718,0.991060
2,3,0.600,0.610,10719,0.992357
2,3,0.600,0.610,10720,0.991533
2,3,0.600,0.610,10721,0.991812
2,3,0.600,0.610,10722,0.993661
2,3,0.600,0.610,10723,0.989920
2,3,0.600,0.610,10724,0.991813
2,3,0.600,0.610,10725,0.993252
2,3,0.600,0.610,10726,0.990652
2,3,0.600,0.610,10727,0.992145
2,3,0.600,0.610,10728,0.991656
2,3,0.600,0.610,10729,0.992195
2,3,0.600,0.610,10730,0.991394
2,3,0.600,0.610,10731,0.991196
2,3,0.600,0.610,10732,0.993322
2,3,0.600,0.610,10733,0.991333
2,3,0.600,0.610,10734,0.992071
2,3,0.600,0.610,10735,0.991665
2,3,0.600,0.610,10736,0.991313
2,3,0.600,0.610,10737,0.993628
2,3,0.600,0.610,10738,0.989926
2,3,0.600,0.610,10739,0.992322
2,3,0.600,0.610,10740,0.993397
2,3,0.600,0.610,10741,0.990220
2,3,0.600,0.610,10742,0.991856
2,3,0.600,0.610,10743,0.991751
2,3,0.600,0.610,10744,0.992784
2,3,0.600,0.610,10745,0.991540
2,3,0.600,0.610,10746,0.990834
2,3,0.600,0.610,10747,0.993099
2,3,0.600,0.610,10748,0.991060
2,3,0.600,0.610,10749,0.992357
2,3,0.600,0.610,10750,0.991533
2,3,0.600,0.610,10751,0.991812
2,3,0.600,0.610,10752,0.993661
2,3,0.600,0.610,10753,0.989920
2,3,0.600,0.610,10754,0.991813
2,3,0.600,0.610,10755,0.993252
2,3,0.600,0.610,10756,0.990652
2,3,0.600,0.610,10757,0.992145
2,3,0.600,0.610,10758,0.991656
2,3,0.600,0.610,10759,0.992195
2,3,0.600,0.610,10760,0.991394
2,3,0.600,0.610,10761,0.991196
2,3,0.600,0.610,10762,0.993322
2,3,0.600,0.610,10763,0.991333
2,3,0.600,0.610,10764,0.992071
2,3,0.600,0.610,10765,0.991665
2,3,0.600,0.610,10766,0.991313
2,3,0.600,0.610,10767,0.993628
2,3,0.600,0.610,10768,0.989926
2,3,0.600,0.610,10769,0.992322
2,3,0.600,0.610,10770,0.993397
2,3,0.600,0.610,10771,0.990220
2,3,0.600,0.610,10772,0.991856
2,3,0.600,0.610,10773,0.991751
2,3,0.600,0.610,10774,0.992784
2,3,0.600,0.610,10775,0.991540
2,3,0.600,0.610,10776,0.990834
2,3,0.600,0.610,10777,0.993099
2,3,0.600,0.610,10778,0.991060
2,3,0.600,0.610,10779,0.992357
2,3,0.600,0.610,10780,0.991533
2,3,0.600,0.610,10781,0.991812
2,3,0.600,0.610,10782,0.993661
2,3,0.600,0.610,10783,0.989920
2,3,0.600,0.610,10784,0.991813
2,3,0.600,0.610,10785,0.993252
2,3,0.600,0.610,10786,0.990652
2,3,0.600,0.610,10787,0.992145
2,3,0.600,0.610,10788,0.991656
2,3,0.600,0.610,10789,0.992195
2,3,0.600,0.610,10790,0.991394
2,3,0.600,0.610,10791,0.991196
2,3,0.600,0.610,10792,0.993322
2,3,0.600,0.610,10793,0.991333
2,3,0.600,0.610,10794,0.992071
2,3,0.600,0.610,10795,0.991665
2,3,0.600,0.610,10796,0.991313
2,3,0.600,0.610,10797,0.993628
2,3,0.600,0.610,10798,0.989926
2,3,0.600,0.610,10799,0.992322
2,3,0.600,0.610,10800,0.993397
2,3,0.600,0.610,10801,0.990220
2,3,0.600,0.610,10802,0.991856
2,3,0.600,0.610,10803,0.991751
2,3,0.600,0.610,10804,0.992784
2,3,0.600,0.610,10805,0.991540
2,3,0.600,0.610,10806,0.990834
2,3,0.600,0.610,10807,0.993099
2,3,0.600,0.610,10808,0.991060
2,3,0.600,0.610,10809,0.992357
2,3,0.600,0.610,10810,0.991533
2,3,0.600,0.610,10811,0.991812
2,3,0.600,0.610,10812,0.993661
2,3,0.600,0.610,10813,0.989920
2,3,0.600,0.610,10814,0.991813
2,3,0.600,0.610,10815,0.993252
2,3,0.600,0.610,10816,0.990652
2,3,0.600,0.610,10817,0.992145
2,3,0.600,0.610,10818,0.991656
2,3,0.600,0.610,10819,0.992195
2,3,0.600,0.610,10820,0.991394
2,3,0.600,0.610,10821,0.991196
2,3,0.600,0.610,10822,0.993322
2,3,0.600,0.610,10823,0.991333
2,3,0.600,0.610,10824,0.992071
2,3,0.600,0.610,10825,0.991665
2,3,0.600,0.610,10826,0.991313
2,3,0.600,0.610,10827,0.993628
2,3,0.600,0.610,10828,0.989926
2,3,0.600,0.610,10829,0.992322
2,3,0.600,0.610,10830,0.993397
2,3,0.600,0.610,10831,0.990220
2,3,0.600,0.610,10832,0.991856
2,3,0.600,0.610,10833,0.991751
2,3,0.600,0.610,10834,0.992784
2,3,0.600,0.610,10835,0.991540
2,3,0.600,0.610,10836,0.990834
2,3,0.600,0.610,10837,0.993099
2,3,0.600,0.610,10838,0.991060
2,3,0.600,0.610,10839,0.992357
2,3,0.600,0.610,10840,0.991533
2,3,0.600,0.610,10841,0.991812
2,3,0.600,0.610,10842,0.993661
2,3,0.600,0.610,10843,0.989920
2,3,0.600,0.610,10844,0.991813
2,3,0.600,0.610,10845,0.993252
2,3,0.600,0.610,10846,0.990652
2,3,0.600,0.610,10847,0.992145
2,3,0.600,0.610,10848,0.991656
2,3,0.600,0.610,10849,0.992195
2,3,0.600,0.610,10850,0.991394
2,3,0.600,0.610,10851,0.991196
2,3,0.600,0.610,10852,0.993322
2,3,0.600,0.610,10853,0.991333
2,3,0.600,0.610,10854,0.992071
2,3,0.600,0.610,10855,0.991665
2,3,0.600,0.610,10856,0.991313
2,3,0.600,0.610,10857,0.993628
2,3,0.600,0.610,10858,0.989926
2,3,0.600,0.610,10859,0.992322
2,3,0.600,0.610,10860,0.993397
2,3,0.600,0.610,10861,0.990220
2,3,0.600,0.610,10862,0.991856
2,3,0.600,0.610,10863,0.991751
2,3,0.600,0.610,10864,0.992784
2,3,0.600,0.610,10865,0.991540
2,3,0.600,0.610,10866,0.990834
2,3,0.600,0.610,10867,0.993099
2,3,0.600,0.610,10868,0.991060
2,3,0.600,0.610,10869,0.992357
2,3,0.600,0.610,10870,0.991533
2,3,0.600,0.610,10871,0.991812
2,3,0.600,0.610,10872,0.993661
2,3,0.600,0.610,10873,0.989920
2,3,0.600,0.610,10874,0.991813
2,3,0.600,0.610,10875,0.993252
2,3,0.600,0.610,10876,0.990652
2,3,0.600,0.610,10877,0.992145
2,3,0.600,0.610,10878,0.991656
2,3,0.600,0.610,10879,0.992195
2,3,0.600,0.610,10880,0.991394
2,3,0.600,0.610,10881,0.991196
2,3,0.600,0.610,10882,0.993322
2,3,0.600,0.610,10883,0.991333
2,3,0.600,0.610,10884,0.992071
2,3,0.600,0.610,10885,0.991665
2,3,0.600,0.610,10886,0.991313
2,3,0.600,0.610,10887,0.993628
2,3,0.600,0.610,10888,0.989926
2,3,0.600,0.610,10889,0.992322
2,3,0.600,0.610,10890,0.993397
2,3,0.600,0.610,10891,0.990220
2,3,0.600,0.610,10892,0.991856
2,3,0.600,0.610,10893,0.991751
2,3,0.600,0.610,10894,0.992784
2,3,0.600,0.610,10895,0.991540
2,3,0.600,0.610,10896,0.990834
2,3,0.600,0.610,10897,0.993099
2,3,0.600,0.610,10898,0.991060
2,3,0.600,0.610,10899,0.992357
2,3,0.600,0.610,10900,0.991533
2,3,0.600,0.610,10901,0.991812
2,3,0.600,0.610,10902,0.993661
2,3,0.600,0.610,10903,0.989920
2,3,0.600,0.610,10904,0.991813
2,3,0.600,0.610,10905,0.993252
2,3,0.600,0.610,10906,0.990652
2,3,0.600,0.610,10907,0.992145
2,3,0.600,0.610,10908,0.991656
2,3,0.600,0.610,10909,0.992195
2,3,0.600,0.610,10910,0.991394
2,3,0.600,0.610,10911,0.991196
2,3,0.600,0.610,10912,0.993322
2,3,0.600,0.610,10913,0.991333
2,3,0.600,0.610,10914,0.992071
2,3,0.600,0.610,10915,0.991665
2,3,0.600,0.610,10916,0.991313
2,3,0.600,0.610,10917,0.993628
2,3,0.600,0.610,10918,0.989926
2,3,0.600,0.610,10919,0.992322
2,3,0.600,0.610,10920,0.993397
2,3,0.600,0.610,10921,0.990220
2,3,0.600,0.610,10922,0.991856
2,3,0.600,0.610,10923,0.991751
2,3,0.600,0.610,10924,0.992784
2,3,0.600,0.610,10925,0.991540
2,3,0.600,0.610,10926,0.990834
2,3,0.600,0.610,10927,0.993099
2,3,0.600,0.610,10928,0.991060
2,3,0.600,0.610,10929,0.992357
2,3,0.600,0.610,10930,0.991533
2,3,0.600,0.610,10931,0.991812
2,3,0.600,0.610,10932,0.993661
2,3,0.600,0.610,10933,0.989920
2,3,0.600,0.610,10934,0.991813
2,3,0.600,0.610,10935,0.993252
2,3,0.600,0.610,10936,0.990652
2,3,0.600,0.610,10937,0.992145
2,3,0.600,0.610,10938,0.991656
2,3,0.600,0.610,10939,0.992195
2,3,0.600,0.610,10940,0.991394
2,3,0.600,0.610,10941,0.991196
2,3,0.600,0.610,10942,0.993322
2,3,0.600,0.610,10943,0.991333
2,3,0.600,0.610,10944,0.992071
2,3,0.600,0.610,10945,0.991665
2,3,0.600,0.610,10946,0.991313
2,3,0.600,0.610,10947,0.993628
2,3,0.600,0.610,10948,0.989926
2,3,0.600,0.610,10949,0.992322
2,3,0.600,0.610,10950,0.993397
2,3,0.600,0.610,10951,0.990220
2,3,0.600,0.610,10952,0.991856
2,3,0.600,0.610,10953,0.991751
2,3,0.600,0.610,10954,0.992784
2,3,0.600,0.610,10955,0.991540
2,3,0.600,0.610,10956,0.990834
2,3,0.600,0.610,10957,0.993099
2,3,0.600,0.610,10958,0.991060
2,3,0.600,0.610,10959,0.992357
2,3,0.600,0.610,10960,0.991533
2,3,0.600,0.610,10961,0.991812
2,3,0.600,0.610,10962,0.993661
2,3,0.600,0.610,10963,0.989920
2,3,0.600,0.610,10964,0.991813
2,3,0.600,0.610,10965,0.993252
2,3,0.600,0.610,10966,0.990652
2,3,0.600,0.610,10967,0.992145
2,3,0.600,0.610,10968,0.991656
2,3,0.600,0.610,10969,0.992195
2,3,0.600,0.610,10970,0.991394
2,3,0.600,0.610,10971,0.991196
2,3,0.600,0.610,10972,0.993322
2,3,0.600,0.610,10973,0.991333
2,3,0.600,0.610,10974,0.992071
2,3,0.600,0.610,10975,0.991665
2,3,0.600,0.610,10976,0.991313
2,3,0.600,0.610,10977,0.993628
2,3,0.600,0.610,10978,0.989926
2,3,0.600,0.610,10979,0.992322
2,3,0.600,0.610,10980,0.993397
2,3,0.600,0.610,10981,0.990220
2,3,0.600,0.610,10982,0.991856
2,3,0.600,0.610,10983,0.991751
2,3,0.600,0.610,10984,0.992784
2,3,0.600,0.610,10985,0.991540
2,3,0.600,0.610,10986,0.990834
2,3,0.600,0.610,10987,0.993099
2,3,0.600,0.610,10988,0.991060
2,3,0.600,0.610,10989,0.992357
2,3,0.600,0.610,10990,0.991533
2,3,0.600,0.610,10991,0.991812
2,3,0.600,0.610,10992,0.993661
2,3,0.600,0.610,10993,0.989920
2,3,0.600,0.610,10994,0.991813
2,3,0.600,0.610,10995,0.993252
2,3,0.600,0.610,10996,0.990652
2,3,0.600,0.610,10997,0.992145
2,3,0.600,0.610,10998,0.991656
2,3,0.600,0.610,10999,0.992195
2,3,0.600,0.610,11000,0.991394
2,3,0.600,0.610,11001,0.991196
2,3,0.600,0.610,11002,0.993322
2,3,0.600,0.610,11003,0.991333
2,3,0.600,0.610,11004,0.992071
2,3,0.600,0.610,11005,0.991665
2,3,0.600,0.610,11006,0.991313
2,3,0.600,0.610,11007,0.993628
2,3,0.600,0.610,11008,0.989926
2,3,0.600,0.610,11009,0.992322
2,3,0.600,0.610,11010,0.993397
2,3,0.600,0.610,11011,0.990220
2,3,0.600,0.610,11012,0.991856
2,3,0.600,0.610,11013,0.991751
2,3,0.600,0.610,11014,0.992784
2,3,0.600,0.610,11015,0.991540
2,3,0.600,0.610,11016,0.990834
2,3,0.600,0.610,11017,0.993099
2,3,0.600,0.610,11018,0.991060
2,3,0.600,0.610,11019,0.992357
2,3,0.600,0.610,11020,0.991533
2,3,0.600,0.610,11021,0.991812
2,3,0.600,0.610,11022,0.993661
2,3,0.600,0.610,11023,0.989920
2,3,0.600,0.610,11024,0.991813
2,3,0.600,0.610,11025,0.993252
2,3,0.600,0.610,11026,0.990652
2,3,0.600,0.610,11027,0.992145
2,3,0.600,0.610,11028,0.991656
2,3,0.600,0.610,11029,0.992195
2,3,0.600,0.610,11030,0.991394
2,3,0.600,0.610,11031,0.991196
2,3,0.600,0.610,11032,0.993322
2,3,0.600,0.610,11033,0.991333
2,3,0.600,0.610,11034,0.992071
2,3,0.600,0.610,11035,0.991665
2,3,0.600,0.610,11036,0.991313
2,3,0.600,0.610,11037,0.993628
2,3,0.600,0.610,11038,0.989926
2,3,0.600,0.610,11039,0.992322
2,3,0.600,0.610,11040,0.993397
2,3,0.600,0.610,11041,0.990220
2,3,0.600,0.610,11042,0.991856
2,3,0.600,0.610,11043,0.991751
2,3,0.600,0.610,11044,0.992784
2,3,0.600,0.610,11045,0.991540
2,3,0.600,0.610,11046,0.990834
2,3,0.600,0.610,11047,0.993099
2,3,0.600,0.610,11048,0.991060
2,3,0.600,0.610,11049,0.992357
2,3,0.600,0.610,11050,0.991533
2,3,0.600,0.610,11051,0.991812
2,3,0.600,0.610,11052,0.993661
2,3,0.600,0.610,11053,0.989920
2,3,0.600,0.610,11054,0.991813
2,3,0.600,0.610,11055,0.993252
2,3,0.600,0.610,11056,0.990652
2,3,0.600,0.610,11057,0.992145
2,3,0.600,0.610,11058,0.991656
2,3,0.600,0.610,11059,0.992195
2,3,0.600,0.610,11060,0.991394
2,3,0.600,0.610,11061,0.991196
2,3,0.600,0.610,11062,0.993322
2,3,0.600,0.610,11063,0.991333
2,3,0.600,0.610,11064,0.992071
2,3,0.600,0.610,11065,0.991665
2,3,0.600,0.610,11066,0.991313
2,3,0.600,0.610,11067,0.993628
2,3,0.600,0.610,11068,0.989926
2,3,0.600,0.610,11069,0.992322
2,3,0.600,0.610,11070,0.993397
2,3,0.600,0.610,11071,0.990220
2,3,0.600,0.610,11072,0.991856
2,3,0.600,0.610,11073,0.991751
2,3,0.600,0.610,11074,0.992784
2,3,0.600,0.610,11075,0.991540
2,3,0.600,0.610,11076,0.990834
2,3,0.600,0.610,11077,0.993099
2,3,0.600,0.610,11078,0.991060
2,3,0.600,0.610,11079,0.992357
2,3,0.600,0.610,11080,0.991533
2,3,0.600,0.610,11081,0.991812
2,3,0.600,0.610,11082,0.993661
2,3,0.600,0.610,11083,0.989920
2,3,0.600,0.610,11084,0.991813
2,3,0.600,0.610,11085,0.993252
2,3,0.600,0.610,11086,0.990652
2,3,0.600,0.610,11087,0.992145
2,3,0.600,0.610,11088,0.991656
2,3,0.600,0.610,11089,0.992195
2,3,0.600,0.610,11090,0.991394
2,3,0.600,0.610,11091,0.991196
2,3,0.600,0.610,11092,0.993322
2,3,0.600,0.610,11093,0.991333
2,3,0.600,0.610,11094,0.992071
2,3,0.600,0.610,11095,0.991665
2,3,0.600,0.610,11096,0.991313
2,3,0.600,0.610,11097,0.993628
2,3,0.600,0.610,11098,0.989926
2,3,0.600,0.610,11099,0.992322
2,3,0.600,0.610,11100,0.993397
2,3,0.600,0.610,11101,0.990220
2,3,0.600,0.610,11102,0.991856
2,3,0.600,0.610,11103,0.991751
2,3,0.600,0.610,11104,0.992784
2,3,0.600,0.610,11105,0.991540
2,3,0.600,0.610,11106,0.990834
2,3,0.600,0.610,11107,0.993099
2,3,0.600,0.610,11108,0.991060
2,3,0.600,0.610,11109,0.992357
2,3,0.600,0.610,11110,0.991533
2,3,0.600,0.610,11111,0.991812
2,3,0.600,0.610,11112,0.993661
2,3,0.600,0.610,11113,0.989920
2,3,0.600,0.610,11114,0.991813
2,3,0.600,0.610,11115,0.993252
2,3,0.600,0.610,11116,0.990652
2,3,0.600,0.610,11117,0.992145
2,3,0.600,0.610,11118,0.991656
2,3,0.600,0.610,11119,0.992195
2,3,0.600,0.610,11120,0.991394
2,3,0.600,0.610,11121,0.991196
2,3,0.600,0.610,11122,0.993322
2,3,0.600,0.610,11123,0.991333
2,3,0.600,0.610,11124,0.992071
2,3,0.600,0.610,11125,0.991665
2,3,0.600,0.610,11126,0.991313
2,3,0.600,0.610,11127,0.993628
2,3,0.600,0.610,11128,0.989926
2,3,0.600,0.610,11129,0.992322
2,3,0.600,0.610,11130,0.993397
2,3,0.600,0.610,11131,0.990220
2,3,0.600,0.610,11132,0.991856
2,3,0.600,0.610,11133,0.991751
2,3,0.600,0.610,11134,0.992784
2,3,0.600,0.610,11135,0.991540
2,3,0.600,0.610,11136,0.990834
2,3,0.600,0.610,11137,0.993099
2,3,0.600,0.610,11138,0.991060
2,3,0.600,0.610,11139,0.992357
2,3,0.600,0.610,11140,0.991533
2,3,0.600,0.610,11141,0.991812
2,3,0.600,0.610,11142,0.993661
2,3,0.600,0.610,11143,0.989920
2,3,0.600,0.610,11144,0.991813
2,3,0.600,0.610,11145,0.993252
2,3,0.600,0.610,11146,0.990652
2,3,0.600,0.610,11147,0.992145
2,3,0.600,0.610,11148,0.991656
2,3,0.600,0.610,11149,0.992195
2,3,0.600,0.610,11150,0.991394
2,3,0.600,0.610,11151,0.991196
2,3,0.600,0.610,11152,0.993322
2,3,0.600,0.610,11153,0.991333
2,3,0.600,0.610,11154,0.992071
2,3,0.600,0.610,11155,0.991665
2,3,0.600,0.610,11156,0.991313
2,3,0.600,0.610,11157,0.993628
2,3,0.600,0.610,11158,0.989926
2,3,0.600,0.610,11159,0.992322
2,3,0.600,0.610,11160,0.993397
2,3,0.600,0.610,11161,0.990220
2,3,0.600,0.610,11162,0.991856
2,3,0.600,0.610,11163,0.991751
2,3,0.600,0.610,11164,0.992784
2,3,0.600,0.610,11165,0.991540
2,3,0.600,0.610,11166,0.990834
2,3,0.600,0.610,11167,0.993099
2,3,0.600,0.610,11168,0.991060
2,3,0.600,0.610,11169,0.992357
2,3,0.600,0.610,11170,0.991533
2,3,0.600,0.610,11171,0.991812
2,3,0.600,0.610,11172,0.993661
2,3,0.600,0.610,11173,0.989920
2,3,0.600,0.610,11174,0.991813
2,3,0.600,0.610,11175,0.993252
2,3,0.600,0.610,11176,0.990652
2,3,0.600,0.610,11177,0.992145
2,3,0.600,0.610,11178,0.991656
2,3,0.600,0.610,11179,0.992195
2,3,0.600,0.610,11180,0.991394
2,3,0.600,0.610,11181,0.991196
2,3,0.600,0.610,11182,0.993322
2,3,0.600,0.610,11183,0.991333
2,3,0.600,0.610,11184,0.992071
2,3,0.600,0.610,11185,0.991665
2,3,0.600,0.610,11186,0.991313
2,3,0.600,0.610,11187,0.993628
2,3,0.600,0.610,11188,0.989926
2,3,0.600,0.610,11189,0.992322
2,3,0.600,0.610,11190,0.993397
2,3,0.600,0.610,11191,0.990220
2,3,0.600,0.610,11192,0.991856
2,3,0.600,0.610,11193,0.991751
2,3,0.600,0.610,11194,0.992784
2,3,0.600,0.610,11195,0.991540
2,3,0.600,0.610,11196,0.990834
2,3,0.600,0.610,11197,0.993099
2,3,0.600,0.610,11198,0.991060
2,3,0.600,0.610,11199,0.992357
2,3,0.600,0.610,11200,0.991533
2,3,0.600,0.610,11201,0.991812
2,3,0.600,0.610,11202,0.993661
2,3,0.600,0.610,11203,0.989920
2,3,0.600,0.610,11204,0.991813
2,3,0.600,0.610,11205,0.993252
2,3,0.600,0.610,11206,0.990652
2,3,0.600,0.610,11207,0.992145
2,3,0.600,0.610,11208,0.991656
2,3,0.600,0.610,11209,0.992195
2,3,0.600,0.610,11210,0.991394
2,3,0.600,0.610,11211,0.991196
2,3,0.600,0.610,11212,0.993322
2,3,0.600,0.610,11213,0.991333
2,3,0.600,0.610,11214,0.992071
2,3,0.600,0.610,11215,0.991665
2,3,0.600,0.610,11216,0.991313
2,3,0.600,0.610,11217,0.993628
2,3,0.600,0.610,11218,0.989926
2,3,0.600,0.610,11219,0.992322
2,3,0.600,0.610,11220,0.993397
2,3,0.600,0.610,11221,0.990220
2,3,0.600,0.610,11222,0.991856
2,3,0.600,0.610,11223,0.991751
2,3,0.600,0.610,11224,0.992784
2,3,0.600,0.610,11225,0.991540
2,3,0.600,0.610,11226,0.990834
2,3,0.600,0.610,11227,0.993099
2,3,0.600,0.610,11228,0.991060
2,3,0.600,0.610,11229,0.992357
2,3,0.600,0.610,11230,0.991533
2,3,0.600,0.610,11231,0.991812
2,3,0.600,0.610,11232,0.993661
2,3,0.600,0.610,11233,0.989920
2,3,0.600,0.610,11234,0.991813
2,3,0.600,0.610,11235,0.993252
2,3,0.600,0.610,11236,0.990652
2,3,0.600,0.610,11237,0.992145
2,3,0.600,0.610,11238,0.991656
2,3,0.600,0.610,11239,0.992195
2,3,0.600,0.610,11240,0.991394
2,3,0.600,0.610,11241,0.991196
2,3,0.600,0.610,11242,0.993322
2,3,0.600,0.610,11243,0.991333
2,3,0.600,0.610,11244,0.992071
2,3,0.600,0.610,11245,0.991665
2,3,0.600,0.610,11246,0.991313
2,3,0.600,0.610,11247,0.993628
2,3,0.600,0.610,11248,0.989926
2,3,0.600,0.610,11249,0.992322
2,3,0.600,0.610,11250,0.993397
2,3,0.600,0.610,11251,0.990220
2,3,0.600,0.610,11252,0.991856
2,3,0.600,0.610,11253,0.991751
2,3,0.600,0.610,11254,0.992784
2,3,0.600,0.610,11255,0.991540
2,3,0.600,0.610,11256,0.990834
2,3,0.600,0.610,11257,0.993099
2,3,0.600,0.610,11258,0.991060
2,3,0.600,0.610,11259,0.992357
2,3,0.600,0.610,11260,0.991533
2,3,0.600,0.610,11261,0.991812
2,3,0.600,0.610,11262,0.993661
2,3,0.600,0.610,11263,0.989920
2,3,0.600,0.610,11264,0.991813
2,3,0.600,0.610,11265,0.993252
2,3,0.600,0.610,11266,0.990652
2,3,0.600,0.610,11267,0.992145
2,3,0.600,0.610,11268,0.991656
2,3,0.600,0.610,11269,0.992195
2,3,0.600,0.610,11270,0.991394
2,3,0.600,0.610,11271,0.991196
2,3,0.600,0.610,11272,0.993322
2,3,0.600,0.610,11273,0.991333
2,3,0.600,0.610,11274,0.992071
2,3,0.600,0.610,11275,0.991665
2,3,0.600,0.610,11276,0.991313
2,3,0.600,0.610,11277,0.993628
2,3,0.600,0.610,11278,0.989926
2,3,0.600,0.610,11279,0.992322
2,3,0.600,0.610,11280,0.993397
2,3,0.600,0.610,11281,0.990220
2,3,0.600,0.610,11282,0.991856
2,3,0.600,0.610,11283,0.991751
2,3,0.600,0.610,11284,0.992784
2,3,0.600,0.610,11285,0.991540
2,3,0.600,0.610,11286,0.990834
2,3,0.600,0.610,11287,0.993099
2,3,0.600,0.610,11288,0.991060
2,3,0.600,0.610,11289,0.992357
2,3,0.600,0.610,11290,0.991533
2,3,0.600,0.610,11291,0.991812
2,3,0.600,0.610,11292,0.993661
2,3,0.600,0.610,11293,0.989920
2,3,0.600,0.610,11294,0.991813
2,3,0.600,0.610,11295,0.993252
2,3,0.600,0.610,11296,0.990652
2,3,0.600,0.610,11297,0.992145
2,3,0.600,0.610,11298,0.991656
2,3,0.600,0.610,11299,0.992195
2,3,0.600,0.610,11300,0.991394
2,3,0.600,0.610,11301,0.991196
2,3,0.600,0.610,11302,0.993322
2,3,0.600,0.610,11303,0.991333
2,3,0.600,0.610,11304,0.992071
2,3,0.600,0.610,11305,0.991665
2,3,0.600,0.610,11306,0.991313
2,3,0.600,0.610,11307,0.993628
2,3,0.600,0.610,11308,0.989926
2,3,0.600,0.610,11309,0.992322
2,3,0.600,0.610,11310,0.993397
2,3,0.600,0.610,11311,0.990220
2,3,0.600,0.610,11312,0.991856
2,3,0.600,0.610,11313,0.991751
2,3,0.600,0.610,11314,0.992784
2,3,0.600,0.610,11315,0.991540
2,3,0.600,0.610,11316,0.990834
2,3,0.600,0.610,11317,0.993099
2,3,0.600,0.610,11318,0.991060
2,3,0.600,0.610,11319,0.992357
2,3,0.600,0.610,11320,0.991533
2,3,0.600,0.610,11321,0.991812
2,3,0.600,0.610,11322,0.993661
2,3,0.600,0.610,11323,0.989920
2,3,0.600,0.610,11324,0.991813
2,3,0.600,0.610,11325,0.993252
2,3,0.600,0.610,11326,0.990652
2,3,0.600,0.610,11327,0.992145
2,3,0.600,0.610,11328,0.991656
2,3,0.600,0.610,11329,0.992195
2,3,0.600,0.610,11330,0.991394
2,3,0.600,0.610,11331,0.991196
2,3,0.600,0.610,11332,0.993322
2,3,0.600,0.610,11333,0.991333
2,3,0.600,0.610,11334,0.992071
2,3,0.600,0.610,11335,0.991665
2,3,0.600,0.610,11336,0.991313
2,3,0.600,0.610,11337,0.993628
2,3,0.600,0.610,11338,0.989926
2,3,0.600,0.610,11339,0.992322
2,3,0.600,0.610,11340,0.993397
2,3,0.600,0.610,11341,0.990220
2,3,0.600,0.610,11342,0.991856
2,3,0.600,0.610,11343,0.991751
2,3,0.600,0.610,11344,0.992784
2,3,0.600,0.610,11345,0.991540
2,3,0.600,0.610,11346,0.990834
2,3,0.600,0.610,11347,0.993099
2,3,0.600,0.610,11348,0.991060
2,3,0.600,0.610,11349,0.992357
2,3,0.600,0.610,11350,0.991533
2,3,0.600,0.610,11351,0.991812
2,3,0.600,0.610,11352,0.993661
2,3,0.600,0.610,11353,0.989920
2,3,0.600,0.610,11354,0.991813
2,3,0.600,0.610,11355,0.993252
2,3,0.600,0.610,11356,0.990652
2,3,0.600,0.610,11357,0.992145
2,3,0.600,0.610,11358,0.991656
2,3,0.600,0.610,11359,0.992195
2,3,0.600,0.610,11360,0.991394
2,3,0.600,0.610,11361,0.991196
2,3,0.600,0.610,11362,0.993322
2,3,0.600,0.610,11363,0.991333
2,3,0.600,0.610,11364,0.992071
2,3,0.600,0.610,11365,0.991665
2,3,0.600,0.610,11366,0.991313
2,3,0.600,0.610,11367,0.993628
2,3,0.600,0.610,11368,0.989926
2,3,0.600,0.610,11369,0.992322
2,3,0.600,0.610,11370,0.993397
2,3,0.600,0.610,11371,0.990220
2,3,0.600,0.610,11372,0.991856
2,3,0.600,0.610,11373,0.991751
2,3,0.600,0.610,11374,0.992784
2,3,0.600,0.610,11375,0.991540
2,3,0.600,0.610,11376,0.990834
2,3,0.600,0.610,11377,0.993099
2,3,0.600,0.610,11378,0.991060
2,3,0.600,0.610,11379,0.992357
2,3,0.600,0.610,11380,0.991533
2,3,0.600,0.610,11381,0.991812
2,3,0.600,0.610,11382,0.993661
2,3,0.600,0.610,11383,0.989920
2,3,0.600,0.610,11384,0.991813
2,3,0.600,0.610,11385,0.993252
2,3,0.600,0.610,11386,0.990652
2,3,0.600,0.610,11387,0.992145
2,3,0.600,0.610,11388,0.991656
2,3,0.600,0.610,11389,0.992195
2,3,0.600,0.610,11390,0.991394
2,3,0.600,0.610,11391,0.991196
2,3,0.600,0.610,11392,0.993322
2,3,0.600,0.610,11393,0.991333
2,3,0.600,0.610,11394,0.992071
2,3,0.600,0.610,11395,0.991665
2,3,0.600,0.610,11396,0.991313
2,3,0.600,0.610,11397,0.993628
2,3,0.600,0.610,11398,0.989926
2,3,0.600,0.610,11399,0.992322
2,3,0.600,0.610,11400,0.993397
2,3,0.600,0.610,11401,0.990220
2,3,0.600,0.610,11402,0.991856
2,3,0.600,0.610,11403,0.991751
2,3,0.600,0.610,11404,0.992784
2,3,0.600,0.610,11405,0.991540
2,3,0.600,0.610,11406,0.990834
2,3,0.600,0.610,11407,0.993099
2,3,0.600,0.610,11408,0.991060
2,3,0.600,0.610,11409,0.992357
2,3,0.600,0.610,11410,0.991533
2,3,0.600,0.610,11411,0.991812
2,3,0.600,0.610,11412,0.993661
2,3,0.600,0.610,11413,0.989920
2,3,0.600,0.610,11414,0.991813
2,3,0.600,0.610,11415,0.993252
2,3,0.600,0.610,11416,0.990652
2,3,0.600,0.610,11417,0.992145
2,3,0.600,0.610,11418,0.991656
2,3,0.600,0.610,11419,0.992195
2,3,0.600,0.610,11420,0.991394
2,3,0.600,0.610,11421,0.991196
2,3,0.600,0.610,11422,0.993322
2,3,0.600,0.610,11423,0.991333
2,3,0.600,0.610,11424,0.992071
2,3,0.600,0.610,11425,0.991665
2,3,0.600,0.610,11426,0.991313
2,3,0.600,0.610,11427,0.993628
2,3,0.600,0.610,11428,0.989926
2,3,0.600,0.610,11429,0.992322
2,3,0.600,0.610,11430,0.993397
2,3,0.600,0.610,11431,0.990220
2,3,0.600,0.610,11432,0.991856
2,3,0.600,0.610,11433,0.991751
2,3,0.600,0.610,11434,0.992784
2,3,0.600,0.610,11435,0.991540
2,3,0.600,0.610,11436,0.990834
2,3,0.600,0.610,11437,0.993099
2,3,0.600,0.610,11438,0.991060
2,3,0.600,0.610,11439,0.992357
2,3,0.600,0.610,11440,0.991533
2,3,0.600,0.610,11441,0.991812
2,3,0.600,0.610,11442,0.993661
2,3,0.600,0.610,11443,0.989920
2,3,0.600,0.610,11444,0.991813
2,3,0.600,0.610,11445,0.993252
2,3,0.600,0.610,11446,0.990652
2,3,0.600,0.610,11447,0.992145
2,3,0.600,0.610,11448,0.991656
2,3,0.600,0.610,11449,0.992195
2,3,0.600,0.610,11450,0.991394
2,3,0.600,0.610,11451,0.991196
2,3,0.600,0.610,11452,0.993322
2,3,0.600,0.610,11453,0.991333
2,3,0.600,0.610,11454,0.992071
2,3,0.600,0.610,11455,0.991665
2,3,0.600,0.610,11456,0.991313
2,3,0.600,0.610,11457,0.993628
2,3,0.600,0.610,11458,0.989926
2,3,0.600,0.610,11459,0.992322
2,3,0.600,0.610,11460,0.993397
2,3,0.600,0.610,11461,0.990220
2,3,0.600,0.610,11462,0.991856
2,3,0.600,0.610,11463,0.991751
2,3,0.600,0.610,11464,0.992784
2,3,0.600,0.610,11465,0.991540
2,3,0.600,0.610,11466,0.990834
2,3,0.600,0.610,11467,0.993099
2,3,0.600,0.610,11468,0.991060
2,3,0.600,0.610,11469,0.992357
2,3,0.600,0.610,11470,0.991533
2,3,0.600,0.610,11471,0.991812
2,3,0.600,0.610,11472,0.993661
2,3,0.600,0.610,11473,0.989920
2,3,0.600,0.610,11474,0.991813
2,3,0.600,0.610,11475,0.993252
2,3,0.600,0.610,11476,0.990652
2,3,0.600,0.610,11477,0.992145
2,3,0.600,0.610,11478,0.991656
2,3,0.600,0.610,11479,0.992195
2,3,0.600,0.610,11480,0.991394
2,3,0.600,0.610,11481,0.991196
2,3,0.600,0.610,11482,0.993322
2,3,0.600,0.610,11483,0.991333
2,3,0.600,0.610,11484,0.992071
2,3,0.600,0.610,11485,0.991665
2,3,0.600,0.610,11486,0.991313
2,3,0.600,0.610,11487,0.993628
2,3,0.600,0.610,11488,0.989926
2,3,0.600,0.610,11489,0.992322
2,3,0.600,0.610,11490,0.993397
2,3,0.600,0.610,11491,0.990220
2,3,0.600,0.610,11492,0.991856
2,3,0.600,0.610,11493,0.991751
2,3,0.600,0.610,11494,0.992784
2,3,0.600,0.610,11495,0.991540
2,3,0.600,0.610,11496,0.990834
2,3,0.600,0.610,11497,0.993099
2,3,0.600,0.610,11498,0.991060
2,3,0.600,0.610,11499,0.992357
2,3,0.600,0.610,11500,0.991533
2,3,0.600,0.610,11501,0.991812
2,3,0.600,0.610,11502,0.993661
2,3,0.600,0.610,11503,0.989920
2,3,0.600,0.610,11504,0.991813
2,3,0.600,0.610,11505,0.993252
2,3,0.600,0.610,11506,0.990652
2,3,0.600,0.610,11507,0.992145
2,3,0.600,0.610,11508,0.991656
2,3,0.600,0.610,11509,0.992195
2,3,0.600,0.610,11510,0.991394
2,3,0.600,0.610,11511,0.991196
2,3,0.600,0.610,11512,0.993322
2,3,0.600,0.610,11513,0.991333
2,3,0.600,0.610,11514,0.992071
2,3,0.600,0.610,11515,0.991665
2,3,0.600,0.610,11516,0.991313
2,3,0.600,0.610,11517,0.993628
2,3,0.600,0.610,11518,0.989926
2,3,0.600,0.610,11519,0.992322
2,3,0.600,0.610,11520,0.993397
2,3,0.600,0.610,11521,0.990220
2,3,0.600,0.610,11522,0.991856
2,3,0.600,0.610,11523,0.991751
2,3,0.600,0.610,11524,0.992784
2,3,0.600,0.610,11525,0.991540
2,3,0.600,0.610,11526,0.990834
2,3,0.600,0.610,11527,0.993099
2,3,0.600,0.610,11528,0.991060
2,3,0.600,0.610,11529,0.992357
2,3,0.600,0.610,11530,0.991533
2,3,0.600,0.610,11531,0.991812
2,3,0.600,0.610,11532,0.993661
2,3,0.600,0.610,11533,0.989920
2,3,0.600,0.610,11534,0.991813
2,3,0.600,0.610,11535,0.993252
2,3,0.600,0.610,11536,0.990652
2,3,0.600,0.610,11537,0.992145
2,3,0.600,0.610,11538,0.991656
2,3,0.600,0.610,11539,0.992195
2,3,0.600,0.610,11540,0.991394
2,3,0.600,0.610,11541,0.991196
2,3,0.600,0.610,11542,0.993322
2,3,0.600,0.610,11543,0.991333
2,3,0.600,0.610,11544,0.992071
2,3,0.600,0.610,11545,0.991665
2,3,0.600,0.610,11546,0.991313
2,3,0.600,0.610,11547,0.993628
2,3,0.600,0.610,11548,0.989926
2,3,0.600,0.610,11549,0.992322
2,3,0.600,0.610,11550,0.993397
2,3,0.600,0.610,11551,0.990220
2,3,0.600,0.610,11552,0.991856
2,3,0.600,0.610,11553,0.991751
2,3,0.600,0.610,11554,0.992784
2,3,0.600,0.610,11555,0.991540
2,3,0.600,0.610,11556,0.990834
2,3,0.600,0.610,11557,0.993099
2,3,0.600,0.610,11558,0.991060
2,3,0.600,0.610,11559,0.992357
2,3,0.600,0.610,11560,0.991533
2,3,0.600,0.610,11561,0.991812
2,3,0.600,0.610,11562,0.993661
2,3,0.600,0.610,11563,0.989920
2,3,0.600,0.610,11564,0.991813
2,3,0.600,0.610,11565,0.993252
2,3,0.600,0.610,11566,0.990652
2,3,0.600,0.610,11567,0.992145
2,3,0.600,0.610,11568,0.991656
2,3,0.600,0.610,11569,0.992195
2,3,0.600,0.610,11570,0.991394
2,3,0.600,0.610,11571,0.991196
2,3,0.600,0.610,11572,0.993322
2,3,0.600,0.610,11573,0.991333
2,3,0.600,0.610,11574,0.992071
2,3,0.600,0.610,11575,0.991665
2,3,0.600,0.610,11576,0.991313
2,3,0.600,0.610,11577,0.993628
2,3,0.600,0.610,11578,0.989926
2,3,0.600,0.610,11579,0.992322
2,3,0.600,0.610,11580,0.993397
2,3,0.600,0.610,11581,0.990220
2,3,0.600,0.610,11582,0.991856
2,3,0.600,0.610,11583,0.991751
2,3,0.600,0.610,11584,0.992784
2,3,0.600,0.610,11585,0.991540
2,3,0.600,0.610,11586,0.990834
2,3,0.600,0.610,11587,0.993099
2,3,0.600,0.610,11588,0.991060
2,3,0.600,0.610,11589,0.992357
2,3,0.600,0.610,11590,0.991533
2,3,0.600,0.610,11591,0.991812
2,3,0.600,0.610,11592,0.993661
2,3,0.600,0.610,11593,0.989920
2,3,0.600,0.610,11594,0.991813
2,3,0.600,0.610,11595,0.993252
2,3,0.600,0.610,11596,0.990652
2,3,0.600,0.610,11597,0.992145
2,3,0.600,0.610,11598,0.991656
2,3,0.600,0.610,11599,0.992195
2,3,0.600,0.610,11600,0.991394
2,3,0.600,0.610,11601,0.991196
2,3,0.600,0.610,11602,0.993322
2,3,0.600,0.610,11603,0.991333
2,3,0.600,0.610,11604,0.992071
2,3,0.600,0.610,11605,0.991665
2,3,0.600,0.610,11606,0.991313
2,3,0.600,0.610,11607,0.993628
2,3,0.600,0.610,11608,0.989926
2,3,0.600,0.610,11609,0.992322
2,3,0.600,0.610,11610,0.993397
2,3,0.600,0.610,11611,0.990220
2,3,0.600,0.610,11612,0.991856
2,3,0.600,0.610,11613,0.991751
2,3,0.600,0.610,11614,0.992784
2,3,0.600,0.610,11615,0.991540
2,3,0.600,0.610,11616,0.990834
2,3,0.600,0.610,11617,0.993099
2,3,0.600,0.610,11618,0.991060
2,3,0.600,0.610,11619,0.992357
2,3,0.600,0.610,11620,0.991533
2,3,0.600,0.610,11621,0.991812
2,3,0.600,0.610,11622,0.993661
2,3,0.600,0.610,11623,0.989920
2,3,0.600,0.610,11624,0.991813
2,3,0.600,0.610,11625,0.993252
2,3,0.600,0.610,11626,0.990652
2,3,0.600,0.610,11627,0.992145
2,3,0.600,0.610,11628,0.991656
2,3,0.600,0.610,11629,0.992195
2,3,0.600,0.610,11630,0.991394
2,3,0.600,0.610,11631,0.991196
2,3,0.600,0.610,11632,0.993322
2,3,0.600,0.610,11633,0.991333
2,3,0.600,0.610,11634,0.992071
2,3,0.600,0.610,11635,0.991665
2,3,0.600,0.610,11636,0.991313
2,3,0.600,0.610,11637,0.993628
2,3,0.600,0.610,11638,0.989926
2,3,0.600,0.610,11639,0.992322
2,3,0.600,0.610,11640,0.993397
2,3,0.600,0.610,11641,0.990220
2,3,0.600,0.610,11642,0.991856
2,3,0.600,0.610,11643,0.991751
2,3,0.600,0.610,11644,0.992784
2,3,0.600,0.610,11645,0.991540
2,3,0.600,0.610,11646,0.990834
2,3,0.600,0.610,11647,0.993099
2,3,0.600,0.610,11648,0.991060
2,3,0.600,0.610,11649,0.992357
2,3,0.600,0.610,11650,0.991533
2,3,0.600,0.610,11651,0.991812
2,3,0.600,0.610,11652,0.993661
2,3,0.600,0.610,11653,0.989920
2,3,0.600,0.610,11654,0.991813
2,3,0.600,0.610,11655,0.993252
2,3,0.600,0.610,11656,0.990652
2,3,0.600,0.610,11657,0.992145
2,3,0.600,0.610,11658,0.991656
2,3,0.600,0.610,11659,0.992195
2,3,0.600,0.610,11660,0.991394
2,3,0.600,0.610,11661,0.991196
2,3,0.600,0.610,11662,0.993322
2,3,0.600,0.610,11663,0.991333
2,3,0.600,0.610,11664,0.992071
2,3,0.600,0.610,11665,0.991665
2,3,0.600,0.610,11666,0.991313
2,3,0.600,0.610,11667,0.993628
2,3,0.600,0.610,11668,0.989926
2,3,0.600,0.610,11669,0.992322
2,3,0.600,0.610,11670,0.993397
2,3,0.600,0.610,11671,0.990220
2,3,0.600,0.610,11672,0.991856
2,3,0.600,0.610,11673,0.991751
2,3,0.600,0.610,11674,0.992784
2,3,0.600,0.610,11675,0.991540
2,3,0.600,0.610,11676,0.990834
2,3,0.600,0.610,11677,0.993099
2,3,0.600,0.610,11678,0.991060
2,3,0.600,0.610,11679,0.992357
2,3,0.600,0.610,11680,0.991533
2,3,0.600,0.610,11681,0.991812
2,3,0.600,0.610,11682,0.993661
2,3,0.600,0.610,11683,0.989920
2,3,0.600,0.610,11684,0.991813
2,3,0.600,0.610,11685,0.993252
2,3,0.600,0.610,11686,0.990652
2,3,0.600,0.610,11687,0.992145
2,3,0.600,0.610,11688,0.991656
2,3,0.600,0.610,11689,0.992195
2,3,0.600,0.610,11690,0.991394
2,3,0.600,0.610,11691,0.991196
2,3,0.600,0.610,11692,0.993322
2,3,0.600,0.610,11693,0.991333
2,3,0.600,0.610,11694,0.992071
2,3,0.600,0.610,11695,0.991665
2,3,0.600,0.610,11696,0.991313
2,3,0.600,0.610,11697,0.993628
2,3,0.600,0.610,11698,0.989926
2,3,0.600,0.610,11699,0.992322
2,3,0.600,0.610,11700,0.993397
2,3,0.600,0.610,11701,0.990220
2,3,0.600,0.610,11702,0.991856
2,3,0.600,0.610,11703,0.991751
2,3,0.600,0.610,11704,0.992784
2,3,0.600,0.610,11705,0.991540
2,3,0.600,0.610,11706,0.990834
2,3,0.600,0.610,11707,0.993099
2,3,0.600,0.610,11708,0.991060
2,3,0.600,0.610,11709,0.992357
2,3,0.600,0.610,11710,0.991533
2,3,0.600,0.610,11711,0.991812
2,3,0.600,0.610,11712,0.993661
2,3,0.600,0.610,11713,0.989920
2,3,0.600,0.610,11714,0.991813
2,3,0.600,0.610,11715,0.993252
2,3,0.600,0.610,11716,0.990652
2,3,0.600,0.610,11717,0.992145
2,3,0.600,0.610,11718,0.991656
2,3,0.600,0.610,11719,0.992195
2,3,0.600,0.610,11720,0.991394
2,3,0.600,0.610,11721,0.991196
2,3,0.600,0.610,11722,0.993322
2,3,0.600,0.610,11723,0.991333
2,3,0.600,0.610,11724,0.992071
2,3,0.600,0.610,11725,0.991665
2,3,0.600,0.610,11726,0.991313
2,3,0.600,0.610,11727,0.993628
2,3,0.600,0.610,11728,0.989926
2,3,0.600,0.610,11729,0.992322
2,3,0.600,0.610,11730,0.993397
2,3,0.600,0.610,11731,0.990220
2,3,0.600,0.610,11732,0.991856
2,3,0.600,0.610,11733,0.991751
2,3,0.600,0.610,11734,0.992784
2,3,0.600,0.610,11735,0.991540
2,3,0.600,0.610,11736,0.990834
2,3,0.600,0.610,11737,0.993099
2,3,0.600,0.610,11738,0.991060
2,3,0.600,0.610,11739,0.992357
2,3,0.600,0.610,11740,0.991533
2,3,0.600,0.610,11741,0.991812
2,3,0.600,0.610,11742,0.993661
2,3,0.600,0.610,11743,0.989920
2,3,0.600,0.610,11744,0.991813
2,3,0.600,0.610,11745,0.993252
2,3,0.600,0.610,11746,0.990652
2,3,0.600,0.610,11747,0.992145
2,3,0.600,0.610,11748,0.991656
2,3,0.600,0.610,11749,0.992195
2,3,0.600,0.610,11750,0.991394
2,3,0.600,0.610,11751,0.991196
2,3,0.600,0.610,11752,0.993322
2,3,0.600,0.610,11753,0.991333
2,3,0.600,0.610,11754,0.992071
2,3,0.600,0.610,11755,0.991665
2,3,0.600,0.610,11756,0.991313
2,3,0.600,0.610,11757,0.993628
2,3,0.600,0.610,11758,0.989926
2,3,0.600,0.610,11759,0.992322
2,3,0.600,0.610,11760,0.993397
2,3,0.600,0.610,11761,0.990220
2,3,0.600,0.610,11762,0.991856
2,3,0.600,0.610,11763,0.991751
2,3,0.600,0.610,11764,0.992784
2,3,0.600,0.610,11765,0.991540
2,3,0.600,0.610,11766,0.990834
2,3,0.600,0.610,11767,0.993099
2,3,0.600,0.610,11768,0.991060
2,3,0.600,0.610,11769,0.992357
2,3,0.600,0.610,11770,0.991533
2,3,0.600,0.610,11771,0.991812
2,3,0.600,0.610,11772,0.993661
2,3,0.600,0.610,11773,0.989920
2,3,0.600,0.610,11774,0.991813
2,3,0.600,0.610,11775,0.993252
2,3,0.600,0.610,11776,0.990652
2,3,0.600,0.610,11777,0.992145
2,3,0.600,0.610,11778,0.991656
2,3,0.600,0.610,11779,0.992195
2,3,0.600,0.610,11780,0.991394
2,3,0.600,0.610,11781,0.991196
2,3,0.600,0.610,11782,0.993322
2,3,0.600,0.610,11783,0.991333
2,3,0.600,0.610,11784,0.992071
2,3,0.600,0.610,11785,0.991665
2,3,0.600,0.610,11786,0.991313
2,3,0.600,0.610,11787,0.993628
2,3,0.600,0.610,11788,0.989926
2,3,0.600,0.610,11789,0.992322
2,3,0.600,0.610,11790,0.993397
2,3,0.600,0.610,11791,0.990220
2,3,0.600,0.610,11792,0.991856
2,3,0.600,0.610,11793,0.991751
2,3,0.600,0.610,11794,0.992784
2,3,0.600,0.610,11795,0.991540
2,3,0.600,0.610,11796,0.990834
2,3,0.600,0.610,11797,0.993099
2,3,0.600,0.610,11798,0.991060
2,3,0.600,0.610,11799,0.992357
2,3,0.600,0.610,11800,0.991533
2,3,0.600,0.610,11801,0.991812
2,3,0.600,0.610,11802,0.993661
2,3,0.600,0.610,11803,0.989920
2,3,0.600,0.610,11804,0.991813
2,3,0.600,0.610,11805,0.993252
2,3,0.600,0.610,11806,0.990652
2,3,0.600,0.610,11807,0.992145
2,3,0.600,0.610,11808,0.991656
2,3,0.600,0.610,11809,0.992195
2,3,0.600,0.610,11810,0.991394
2,3,0.600,0.610,11811,0.991196
2,3,0.600,0.610,11812,0.993322
2,3,0.600,0.610,11813,0.991333
2,3,0.600,0.610,11814,0.992071
2,3,0.600,0.610,11815,0.991665
2,3,0.600,0.610,11816,0.991313
2,3,0.600,0.610,11817,0.993628
2,3,0.600,0.610,11818,0.989926
2,3,0.600,0.610,11819,0.992322
2,3,0.600,0.610,11820,0.993397
2,3,0.600,0.610,11821,0.990220
2,3,0.600,0.610,11822,0.991856
2,3,0.600,0.610,11823,0.991751
2,3,0.600,0.610,11824,0.992784
2,3,0.600,0.610,11825,0.991540
2,3,0.600,0.610,11826,0.990834
2,3,0.600,0.610,11827,0.993099
2,3,0.600,0.610,11828,0.991060
2,3,0.600,0.610,11829,0.992357
2,3,0.600,0.610,11830,0.991533
2,3,0.600,0.610,11831,0.991812
2,3,0.600,0.610,11832,0.993661
2,3,0.600,0.610,11833,0.989920
2,3,0.600,0.610,11834,0.991813
2,3,0.600,0.610,11835,0.993252
2,3,0.600,0.610,11836,0.990652
2,3,0.600,0.610,11837,0.992145
2,3,0.600,0.610,11838,0.991656
2,3,0.600,0.610,11839,0.992195
2,3,0.600,0.610,11840,0.991394
2,3,0.600,0.610,11841,0.991196
2,3,0.600,0.610,11842,0.993322
2,3,0.600,0.610,11843,0.991333
2,3,0.600,0.610,11844,0.992071
2,3,0.600,0.610,11845,0.991665
2,3,0.600,0.610,11846,0.991313
2,3,0.600,0.610,11847,0.993628
2,3,0.600,0.610,11848,0.989926
2,3,0.600,0.610,11849,0.992322
2,3,0.600,0.610,11850,0.993397
2,3,0.600,0.610,11851,0.990220
2,3,0.600,0.610,11852,0.991856
2,3,0.600,0.610,11853,0.991751
2,3,0.600,0.610,11854,0.992784
2,3,0.600,0.610,11855,0.991540
2,3,0.600,0.610,11856,0.990834
2,3,0.600,0.610,11857,0.993099
2,3,0.600,0.610,11858,0.991060
2,3,0.600,0.610,11859,0.992357
2,3,0.600,0.610,11860,0.991533
2,3,0.600,0.610,11861,0.991812
2,3,0.600,0.610,11862,0.993661
2,3,0.600,0.610,11863,0.989920
2,3,0.600,0.610,11864,0.991813
2,3,0.600,0.610,11865,0.993252
2,3,0.600,0.610,11866,0.990652
2,3,0.600,0.610,11867,0.992145
2,3,0.600,0.610,11868,0.991656
2,3,0.600,0.610,11869,0.992195
2,3,0.600,0.610,11870,0.991394
2,3,0.600,0.610,11871,0.991196
2,3,0.600,0.610,11872,0.993322
2,3,0.600,0.610,11873,0.991333
2,3,0.600,0.610,11874,0.992071
2,3,0.600,0.610,11875,0.991665
2,3,0.600,0.610,11876,0.991313
2,3,0.600,0.610,11877,0.993628
2,3,0.600,0.610,11878,0.989926
2,3,0.600,0.610,11879,0.992322
2,3,0.600,0.610,11880,0.993397
2,3,0.600,0.610,11881,0.990220
2,3,0.600,0.610,11882,0.991856
2,3,0.600,0.610,11883,0.991751
2,3,0.600,0.610,11884,0.992784
2,3,0.600,0.610,11885,0.991540
2,3,0.600,0.610,11886,0.990834
2,3,0.600,0.610,11887,0.993099
2,3,0.600,0.610,11888,0.991060
2,3,0.600,0.610,11889,0.992357
2,3,0.600,0.610,11890,0.991533
2,3,0.600,0.610,11891,0.991812
2,3,0.600,0.610,11892,0.993661
2,3,0.600,0.610,11893,0.989920
2,3,0.600,0.610,11894,0.991813
2,3,0.600,0.610,11895,0.993252
2,3,0.600,0.610,11896,0.990652
2,3,0.600,0.610,11897,0.992145
2,3,0.600,0.610,11898,0.991656
2,3,0.600,0.610,11899,0.992195
2,3,0.600,0.610,11900,0.991394
2,3,0.600,0.610,11901,0.991196
2,3,0.600,0.610,11902,0.993322
2,3,0.600,0.610,11903,0.991333
2,3,0.600,0.610,11904,0.992071
2,3,0.600,0.610,11905,0.991665
2,3,0.600,0.610,11906,0.991313
2,3,0.600,0.610,11907,0.993628
2,3,0.600,0.610,11908,0.989926
2,3,0.600,0.610,11909,0.992322
2,3,0.600,0.610,11910,0.993397
2,3,0.600,0.610,11911,0.990220
2,3,0.600,0.610,11912,0.991856
2,3,0.600,0.610,11913,0.991751
2,3,0.600,0.610,11914,0.992784
2,3,0.600,0.610,11915,0.991540
2,3,0.600,0.610,11916,0.990834
2,3,0.600,0.610,11917,0.993099
2,3,0.600,0.610,11918,0.991060
2,3,0.600,0.610,11919,0.992357
2,3,0.600,0.610,11920,0.991533
2,3,0.600,0.610,11921,0.991812
2,3,0.600,0.610,11922,0.993661
2,3,0.600,0.610,11923,0.989920
2,3,0.600,0.610,11924,0.991813
2,3,0.600,0.610,11925,0.993252
2,3,0.600,0.610,11926,0.990652
2,3,0.600,0.610,11927,0.992145
2,3,0.600,0.610,11928,0.991656
2,3,0.600,0.610,11929,0.992195
2,3,0.600,0.610,11930,0.991394
2,3,0.600,0.610,11931,0.991196
2,3,0.600,0.610,11932,0.993322
2,3,0.600,0.610,11933,0.991333
2,3,0.600,0.610,11934,0.992071
2,3,0.600,0.610,11935,0.991665
2,3,0.600,0.610,11936,0.991313
2,3,0.600,0.610,11937,0.993628
2,3,0.600,0.610,11938,0.989926
2,3,0.600,0.610,11939,0.992322
2,3,0.600,0.610,11940,0.993397
2,3,0.600,0.610,11941,0.990220
2,3,0.600,0.610,11942,0.991856
2,3,0.600,0.610,11943,0.991751
2,3,0.600,0.610,11944,0.992784
2,3,0.600,0.610,11945,0.991540
2,3,0.600,0.610,11946,0.990834
2,3,0.600,0.610,11947,0.993099
2,3,0.600,0.610,11948,0.991060
2,3,0.600,0.610,11949,0.992357
2,3,0.600,0.610,11950,0.991533
2,3,0.600,0.610,11951,0.991812
2,3,0.600,0.610,11952,0.993661
2,3,0.600,0.610,11953,0.989920
2,3,0.600,0.610,11954,0.991813
2,3,0.600,0.610,11955,0.993252
2,3,0.600,0.610,11956,0.990652
2,3,0.600,0.610,11957,0.992145
2,3,0.600,0.610,11958,0.991656
2,3,0.600,0.610,11959,0.992195
2,3,0.600,0.610,11960,0.991394
2,3,0.600,0.610,11961,0.991196
2,3,0.600,0.610,11962,0.993322
2,3,0.600,0.610,11963,0.991333
2,3,0.600,0.610,11964,0.992071
2,3,0.600,0.610,11965,0.991665
2,3,0.600,0.610,11966,0.991313
2,3,0.600,0.610,11967,0.993628
2,3,0.600,0.610,11968,0.989926
2,3,0.600,0.610,11969,0.992322
2,3,0.600,0.610,11970,0.993397
2,3,0.600,0.610,11971,0.990220
2,3,0.600,0.610,11972,0.991856
2,3,0.600,0.610,11973,0.991751
2,3,0.600,0.610,11974,0.992784
2,3,0.600,0.610,11975,0.991540
2,3,0.600,0.610,11976,0.990834
2,3,0.600,0.610,11977,0.993099
2,3,0.600,0.610,11978,0.991060
2,3,0.600,0.610,11979,0.992357
2,3,0.600,0.610,11980,0.991533
2,3,0.600,0.610,11981,0.991812
2,3,0.600,0.610,11982,0.993661
2,3,0.600,0.610,11983,0.989920
2,3,0.600,0.610,11984,0.991813
2,3,0.600,0.610,11985,0.993252
2,3,0.600,0.610,11986,0.990652
2,3,0.600,0.610,11987,0.992145
2,3,0.600,0.610,11988,0.991656
2,3,0.600,0.610,11989,0.992195
2,3,0.600,0.610,11990,0.991394
2,3,0.600,0.610,11991,0.991196
2,3,0.600,0.610,11992,0.993322
2,3,0.600,0.610,11993,0.991333
2,3,0.600,0.610,11994,0.992071
2,3,0.600,0.610,11995,0.991665
2,3,0.600,0.610,11996,0.991313
2,3,0.600,0.610,11997,0.993628
2,3,0.600,0.610,11998,0.989926
2,3,0.600,0.610,11999,0.992322
2,3,0.600,0.610,12000,0.993397
2,3,0.600,0.610,12001,0.990220
2,3,0.600,0.610,12002,0.991856
2,3,0.600,0.610,12003,0.991751
2,3,0.600,0.610,12004,0.992784
2,3,0.600,0.610,12005,0.991540
2,3,0.600,0.610,12006,0.990834
2,3,0.600,0.610,12007,0.993099
2,3,0.600,0.610,12008,0.991060
2,3,0.600,0.610,12009,0.992357
2,3,0.600,0.610,12010,0.991533
2,3,0.600,0.610,12011,0.991812
2,3,0.600,0.610,12012,0.993661
2,3,0.600,0.610,12013,0.989920
2,3,0.600,0.610,12014,0.991813
2,3,0.600,0.610,12015,0.993252
2,3,0.600,0.610,12016,0.990652
2,3,0.600,0.610,12017,0.992145
2,3,0.600,0.610,12018,0.991656
2,3,0.600,0.610,12019,0.992195
2,3,0.600,0.610,12020,0.991394
2,3,0.600,0.610,12021,0.991196
2,3,0.600,0.610,12022,0.993322
2,3,0.600,0.610,12023,0.991333
2,3,0.600,0.610,12024,0.992071
2,3,0.600,0.610,12025,0.991665
2,3,0.600,0.610,12026,0.991313
2,3,0.600,0.610,12027,0.993628
2,3,0.600,0.610,12028,0.989926
2,3,0.600,0.610,12029,0.992322
2,3,0.600,0.610,12030,0.993397
2,3,0.600,0.610,12031,0.990220
2,3,0.600,0.610,12032,0.991856
2,3,0.600,0.610,12033,0.991751
2,3,0.600,0.610,12034,0.992784
2,3,0.600,0.610,12035,0.991540
2,3,0.600,0.610,12036,0.990834
2,3,0.600,0.610,12037,0.993099
2,3,0.600,0.610,12038,0.991060
2,3,0.600,0.610,12039,0.992357
2,3,0.600,0.610,12040,0.991533
2,3,0.600,0.610,12041,0.991812
2,3,0.600,0.610,12042,0.993661
2,3,0.600,0.610,12043,0.989920
2,3,0.600,0.610,12044,0.991813
2,3,0.600,0.610,12045,0.993252
2,3,0.600,0.610,12046,0.990652
2,3,0.600,0.610,12047,0.992145
2,3,0.600,0.610,12048,0.991656
2,3,0.600,0.610,12049,0.992195
2,3,0.600,0.610,12050,0.991394
2,3,0.600,0.610,12051,0.991196
2,3,0.600,0.610,12052,0.993322
2,3,0.600,0.610,12053,0.991333
2,3,0.600,0.610,12054,0.992071
2,3,0.600,0.610,12055,0.991665
2,3,0.600,0.610,12056,0.991313
2,3,0.600,0.610,12057,0.993628
2,3,0.600,0.610,12058,0.989926
2,3,0.600,0.610,12059,0.992322
2,3,0.600,0.610,12060,0.993397
2,3,0.600,0.610,12061,0.990220
2,3,0.600,0.610,12062,0.991856
2,3,0.600,0.610,12063,0.991751
2,3,0.600,0.610,12064,0.992784
2,3,0.600,0.610,12065,0.991540
2,3,0.600,0.610,12066,0.990834
2,3,0.600,0.610,12067,0.993099
2,3,0.600,0.610,12068,0.991060
2,3,0.600,0.610,12069,0.992357
2,3,0.600,0.610,12070,0.991533
2,3,0.600,0.610,12071,0.991812
2,3,0.600,0.610,12072,0.993661
2,3,0.600,0.610,12073,0.989920
2,3,0.600,0.610,12074,0.991813
2,3,0.600,0.610,12075,0.993252
2,3,0.600,0.610,12076,0.990652
2,3,0.600,0.610,12077,0.992145
2,3,0.600,0.610,12078,0.991656
2,3,0.600,0.610,12079,0.992195
2,3,0.600,0.610,12080,0.991394
2,3,0.600,0.610,12081,0.991196
2,3,0.600,0.610,12082,0.993322
2,3,0.600,0.610,12083,0.991333
2,3,0.600,0.610,12084,0.992071
2,3,0.600,0.610,12085,0.991665
2,3,0.600,0.610,12086,0.991313
2,3,0.600,0.610,12087,0.993628
2,3,0.600,0.610,12088,0.989926
2,3,0.600,0.610,12089,0.992322
2,3,0.600,0.610,12090,0.993397
2,3,0.600,0.610,12091,0.990220
2,3,0.600,0.610,12092,0.991856
2,3,0.600,0.610,12093,0.991751
2,3,0.600,0.610,12094,0.992784
2,3,0.600,0.610,12095,0.991540
2,3,0.600,0.610,12096,0.990834
2,3,0.600,0.610,12097,0.993099
2,3,0.600,0.610,12098,0.991060
2,3,0.600,0.610,12099,0.992357
2,3,0.600,0.610,12100,0.991533
2,3,0.600,0.610,12101,0.991812
2,3,0.600,0.610,12102,0.993661
2,3,0.600,0.610,12103,0.989920
2,3,0.600,0.610,12104,0.991813
2,3,0.600,0.610,12105,0.993252
2,3,0.600,0.610,12106,0.990652
2,3,0.600,0.610,12107,0.992145
2,3,0.600,0.610,12108,0.991656
2,3,0.600,0.610,12109,0.992195
2,3,0.600,0.610,12110,0.991394
2,3,0.600,0.610,12111,0.991196
2,3,0.600,0.610,12112,0.993322
2,3,0.600,0.610,12113,0.991333
2,3,0.600,0.610,12114,0.992071
2,3,0.600,0.610,12115,0.991665
2,3,0.600,0.610,12116,0.991313
2,3,0.600,0.610,12117,0.993628
2,3,0.600,0.610,12118,0.989926
2,3,0.600,0.610,12119,0.992322
2,3,0.600,0.610,12120,0.993397
2,3,0.600,0.610,12121,0.990220
2,3,0.600,0.610,12122,0.991856
2,3,0.600,0.610,12123,0.991751
2,3,0.600,0.610,12124,0.992784
2,3,0.600,0.610,12125,0.991540
2,3,0.600,0.610,12126,0.990834
2,3,0.600,0.610,12127,0.993099
2,3,0.600,0.610,12128,0.991060
2,3,0.600,0.610,12129,0.992357
2,3,0.600,0.610,12130,0.991533
2,3,0.600,0.610,12131,0.991812
2,3,0.600,0.610,12132,0.993661
2,3,0.600,0.610,12133,0.989920
2,3,0.600,0.610,12134,0.991813
2,3,0.600,0.610,12135,0.993252
2,3,0.600,0.610,12136,0.990652
2,3,0.600,0.610,12137,0.992145
2,3,0.600,0.610,12138,0.991656
2,3,0.600,0.610,12139,0.992195
2,3,0.600,0.610,12140,0.991394
2,3,0.600,0.610,12141,0.991196
2,3,0.600,0.610,12142,0.993322
2,3,0.600,0.610,12143,0.991333
2,3,0.600,0.610,12144,0.992071
2,3,0.600,0.610,12145,0.991665
2,3,0.600,0.610,12146,0.991313
2,3,0.600,0.610,12147,0.993628
2,3,0.600,0.610,12148,0.989926
2,3,0.600,0.610,12149,0.992322
2,3,0.600,0.610,12150,0.993397
2,3,0.600,0.610,12151,0.990220
2,3,0.600,0.610,12152,0.991856
2,3,0.600,0.610,12153,0.991751
2,3,0.600,0.610,12154,0.992784
2,3,0.600,0.610,12155,0.991540
2,3,0.600,0.610,12156,0.990834
2,3,0.600,0.610,12157,0.993099
2,3,0.600,0.610,12158,0.991060
2,3,0.600,0.610,12159,0.992357
2,3,0.600,0.610,12160,0.991533
2,3,0.600,0.610,12161,0.991812
2,3,0.600,0.610,12162,0.993661
2,3,0.600,0.610,12163,0.989920
2,3,0.600,0.610,12164,0.991813
2,3,0.600,0.610,12165,0.993252
2,3,0.600,0.610,12166,0.990652
2,3,0.600,0.610,12167,0.992145
2,3,0.600,0.610,12168,0.991656
2,3,0.600,0.610,12169,0.992195
2,3,0.600,0.610,12170,0.991394
2,3,0.600,0.610,12171,0.991196
2,3,0.600,0.610,12172,0.993322
2,3,0.600,0.610,12173,0.991333
2,3,0.600,0.610,12174,0.992071
2,3,0.600,0.610,12175,0.991665
2,3,0.600,0.610,12176,0.991313
2,3,0.600,0.610,12177,0.993628
2,3,0.600,0.610,12178,0.989926
2,3,0.600,0.610,12179,0.992322
2,3,0.600,0.610,12180,0.993397
2,3,0.600,0.610,12181,0.990220
2,3,0.600,0.610,12182,0.991856
2,3,0.600,0.610,12183,0.991751
2,3,0.600,0.610,12184,0.992784
2,3,0.600,0.610,12185,0.991540
2,3,0.600,0.610,12186,0.990834
2,3,0.600,0.610,12187,0.993099
2,3,0.600,0.610,12188,0.991060
2,3,0.600,0.610,12189,0.992357
2,3,0.600,0.610,12190,0.991533
2,3,0.600,0.610,12191,0.991812
2,3,0.600,0.610,12192,0.993661
2,3,0.600,0.610,12193,0.989920
2,3,0.600,0.610,12194,0.991813
2,3,0.600,0.610,12195,0.993252
2,3,0.600,0.610,12196,0.990652
2,3,0.600,0.610,12197,0.992145
2,3,0.600,0.610,12198,0.991656
2,3,0.600,0.610,12199,0.992195
2,3,0.600,0.610,12200,0.991394
2,3,0.600,0.610,12201,0.991196
2,3,0.600,0.610,12202,0.993322
2,3,0.600,0.610,12203,0.991333
2,3,0.600,0.610,12204,0.992071
2,3,0.600,0.610,12205,0.991665
2,3,0.600,0.610,12206,0.991313
2,3,0.600,0.610,12207,0.993628
2,3,0.600,0.610,12208,0.989926
2,3,0.600,0.610,12209,0.992322
2,3,0.600,0.610,12210,0.993397
2,3,0.600,0.610,12211,0.990220
2,3,0.600,0.610,12212,0.991856
2,3,0.600,0.610,12213,0.991751
2,3,0.600,0.610,12214,0.992784
2,3,0.600,0.610,12215,0.991540
2,3,0.600,0.610,12216,0.990834
2,3,0.600,0.610,12217,0.993099
2,3,0.600,0.610,12218,0.991060
2,3,0.600,0.610,12219,0.992357
2,3,0.600,0.610,12220,0.991533
2,3,0.600,0.610,12221,0.991812
2,3,0.600,0.610,12222,0.993661
2,3,0.600,0.610,12223,0.989920
2,3,0.600,0.610,12224,0.991813
2,3,0.600,0.610,12225,0.993252
2,3,0.600,0.610,12226,0.990652
2,3,0.600,0.610,12227,0.992145
2,3,0.600,0.610,12228,0.991656
2,3,0.600,0.610,12229,0.992195
2,3,0.600,0.610,12230,0.991394
2,3,0.600,0.610,12231,0.991196
2,3,0.600,0.610,12232,0.993322
2,3,0.600,0.610,12233,0.991333
2,3,0.600,0.610,12234,0.992071
2,3,0.600,0.610,12235,0.991665
2,3,0.600,0.610,12236,0.991313
2,3,0.600,0.610,12237,0.993628
2,3,0.600,0.610,12238,0.989926
2,3,0.600,0.610,12239,0.992322
2,3,0.600,0.610,12240,0.993397
2,3,0.600,0.610,12241,0.990220
2,3,0.600,0.610,12242,0.991856
2,3,0.600,0.610,12243,0.991751
2,3,0.600,0.610,12244,0.992784
2,3,0.600,0.610,12245,0.991540
2,3,0.600,0.610,12246,0.990834
2,3,0.600,0.610,12247,0.993099
2,3,0.600,0.610,12248,0.991060
2,3,0.600,0.610,12249,0.992357
2,3,0.600,0.610,12250,0.991533
2,3,0.600,0.610,12251,0.991812
2,3,0.600,0.610,12252,0.993661
2,3,0.600,0.610,12253,0.989920
2,3,0.600,0.610,12254,0.991813
2,3,0.600,0.610,12255,0.993252
2,3,0.600,0.610,12256,0.990652
2,3,0.600,0.610,12257,0.992145
2,3,0.600,0.610,12258,0.991656
2,3,0.600,0.610,12259,0.992195
2,3,0.600,0.610,12260,0.991394
2,3,0.600,0.610,12261,0.991196
2,3,0.600,0.610,12262,0.993322
2,3,0.600,0.610,12263,0.991333
2,3,0.600,0.610,12264,0.992071
2,3,0.600,0.610,12265,0.991665
2,3,0.600,0.610,12266,0.991313
2,3,0.600,0.610,12267,0.993628
2,3,0.600,0.610,12268,0.989926
2,3,0.600,0.610,12269,0.992322
2,3,0.600,0.610,12270,0.993397
2,3,0.600,0.610,12271,0.990220
2,3,0.600,0.610,12272,0.991856
2,3,0.600,0.610,12273,0.991751
2,3,0.600,0.610,12274,0.992784
2,3,0.600,0.610,12275,0.991540
2,3,0.600,0.610,12276,0.990834
2,3,0.600,0.610,12277,0.993099
2,3,0.600,0.610,12278,0.991060
2,3,0.600,0.610,12279,0.992357
2,3,0.600,0.610,12280,0.991533
2,3,0.600,0.610,12281,0.991812
2,3,0.600,0.610,12282,0.993661
2,3,0.600,0.610,12283,0.989920
2,3,0.600,0.610,12284,0.991813
2,3,0.600,0.610,12285,0.993252
2,3,0.600,0.610,12286,0.990652
2,3,0.600,0.610,12287,0.992145
2,3,0.600,0.610,12288,0.991656
2,3,0.600,0.610,12289,0.992195
2,3,0.600,0.610,12290,0.991394
2,3,0.600,0.610,12291,0.991196
2,3,0.600,0.610,12292,0.993322
2,3,0.600,0.610,12293,0.991333
2,3,0.600,0.610,12294,0.992071
2,3,0.600,0.610,12295,0.991665
2,3,0.600,0.610,12296,0.991313
2,3,0.600,0.610,12297,0.993628
2,3,0.600,0.610,12298,0.989926
2,3,0.600,0.610,12299,0.992322
2,3,0.600,0.610,12300,0.993397
2,3,0.600,0.610,12301,0.990220
2,3,0.600,0.610,12302,0.991856
2,3,0.600,0.610,12303,0.991751
2,3,0.600,0.610,12304,0.992784
2,3,0.600,0.610,12305,0.991540
2,3,0.600,0.610,12306,0.990834
2,3,0.600,0.610,12307,0.993099
2,3,0.600,0.610,12308,0.991060
2,3,0.600,0.610,12309,0.992357
2,3,0.600,0.610,12310,0.991533
2,3,0.600,0.610,12311,0.991812
2,3,0.600,0.610,12312,0.993661
2,3,0.600,0.610,12313,0.989920
2,3,0.600,0.610,12314,0.991813
2,3,0.600,0.610,12315,0.993252
2,3,0.600,0.610,12316,0.990652
2,3,0.600,0.610,12317,0.992145
2,3,0.600,0.610,12318,0.991656
2,3,0.600,0.610,12319,0.992195
2,3,0.600,0.610,12320,0.991394
2,3,0.600,0.610,12321,0.991196
2,3,0.600,0.610,12322,0.993322
2,3,0.600,0.610,12323,0.991333
2,3,0.600,0.610,12324,0.992071
2,3,0.600,0.610,12325,0.991665
2,3,0.600,0.610,12326,0.991313
2,3,0.600,0.610,12327,0.993628
2,3,0.600,0.610,12328,0.989926
2,3,0.600,0.610,12329,0.992322
2,3,0.600,0.610,12330,0.993397
2,3,0.600,0.610,12331,0.990220
2,3,0.600,0.610,12332,0.991856
2,3,0.600,0.610,12333,0.991751
2,3,0.600,0.610,12334,0.992784
2,3,0.600,0.610,12335,0.991540
2,3,0.600,0.610,12336,0.990834
2,3,0.600,0.610,12337,0.993099
2,3,0.600,0.610,12338,0.991060
2,3,0.600,0.610,12339,0.992357
2,3,0.600,0.610,12340,0.991533
2,3,0.600,0.610,12341,0.991812
2,3,0.600,0.610,12342,0.993661
2,3,0.600,0.610,12343,0.989920
2,3,0.600,0.610,12344,0.991813
2,3,0.600,0.610,12345,0.993252
2,3,0.600,0.610,12346,0.990652
2,3,0.600,0.610,12347,0.992145
2,3,0.600,0.610,12348,0.991656
2,3,0.600,0.610,12349,0.992195
2,3,0.600,0.610,12350,0.991394
2,3,0.600,0.610,12351,0.991196
2,3,0.600,0.610,12352,0.993322
2,3,0.600,0.610,12353,0.991333
2,3,0.600,0.610,12354,0.992071
2,3,0.600,0.610,12355,0.991665
2,3,0.600,0.610,12356,0.991313
2,3,0.600,0.610,12357,0.993628
2,3,0.600,0.610,12358,0.989926
2,3,0.600,0.610,12359,0.992322
2,3,0.600,0.610,12360,0.993397
2,3,0.600,0.610,12361,0.990220
2,3,0.600,0.610,12362,0.991856
2,3,0.600,0.610,12363,0.991751
2,3,0.600,0.610,12364,0.992784
2,3,0.600,0.610,12365,0.991540
2,3,0.600,0.610,12366,0.990834
2,3,0.600,0.610,12367,0.993099
2,3,0.600,0.610,12368,0.991060
2,3,0.600,0.610,12369,0.992357
2,3,0.600,0.610,12370,0.991533
2,3,0.600,0.610,12371,0.991812
2,3,0.600,0.610,12372,0.993661
2,3,0.600,0.610,12373,0.989920
2,3,0.600,0.610,12374,0.991813
2,3,0.600,0.610,12375,0.993252
2,3,0.600,0.610,12376,0.990652
2,3,0.600,0.610,12377,0.992145
2,3,0.600,0.610,12378,0.991656
2,3,0.600,0.610,12379,0.992195
2,3,0.600,0.610,12380,0.991394
2,3,0.600,0.610,12381,0.991196
2,3,0.600,0.610,12382,0.993322
2,3,0.600,0.610,12383,0.991333
2,3,0.600,0.610,12384,0.992071
2,3,0.600,0.610,12385,0.991665
2,3,0.600,0.610,12386,0.991313
2,3,0.600,0.610,12387,0.993628
2,3,0.600,0.610,12388,0.989926
2,3,0.600,0.610,12389,0.992322
2,3,0.600,0.610,12390,0.993397
2,3,0.600,0.610,12391,0.990220
2,3,0.600,0.610,12392,0.991856
2,3,0.600,0.610,12393,0.991751
2,3,0.600,0.610,12394,0.992784
2,3,0.600,0.610,12395,0.991540
2,3,0.600,0.610,12396,0.990834
2,3,0.600,0.610,12397,0.993099
2,3,0.600,0.610,12398,0.991060
2,3,0.600,0.610,12399,0.992357
2,3,0.600,0.610,12400,0.991533
2,3,0.600,0.610,12401,0.991812
2,3,0.600,0.610,12402,0.993661
2,3,0.600,0.610,12403,0.989920
2,3,0.600,0.610,12404,0.991813
2,3,0.600,0.610,12405,0.993252
2,3,0.600,0.610,12406,0.990652
2,3,0.600,0.610,12407,0.992145
2,3,0.600,0.610,12408,0.991656
2,3,0.600,0.610,12409,0.992195
2,3,0.600,0.610,12410,0.991394
2,3,0.600,0.610,12411,0.991196
2,3,0.600,0.610,12412,0.993322
2,3,0.600,0.610,12413,0.991333
2,3,0.600,0.610,12414,0.992071
2,3,0.600,0.610,12415,0.991665
2,3,0.600,0.610,12416,0.991313
2,3,0.600,0.610,12417,0.993628
2,3,0.600,0.610,12418,0.989926
2,3,0.600,0.610,12419,0.992322
2,3,0.600,0.610,12420,0.993397
2,3,0.600,0.610,12421,0.990220
2,3,0.600,0.610,12422,0.991856
2,3,0.600,0.610,12423,0.991751
2,3,0.600,0.610,12424,0.992784
2,3,0.600,0.610,12425,0.991540
2,3,0.600,0.610,12426,0.990834
2,3,0.600,0.610,12427,0.993099
2,3,0.600,0.610,12428,0.991060
2,3,0.600,0.610,12429,0.992357
2,3,0.600,0.610,12430,0.991533
2,3,0.600,0.610,12431,0.991812
2,3,0.600,0.610,12432,0.993661
2,3,0.600,0.610,12433,0.989920
2,3,0.600,0.610,12434,0.991813
2,3,0.600,0.610,12435,0.993252
2,3,0.600,0.610,12436,0.990652
2,3,0.600,0.610,12437,0.992145
2,3,0.600,0.610,12438,0.991656
2,3,0.600,0.610,12439,0.992195
2,3,0.600,0.610,12440,0.991394
2,3,0.600,0.610,12441,0.991196
2,3,0.600,0.610,12442,0.993322
2,3,0.600,0.610,12443,0.991333
2,3,0.600,0.610,12444,0.992071
2,3,0.600,0.610,12445,0.991665
2,3,0.600,0.610,12446,0.991313
2,3,0.600,0.610,12447,0.993628
2,3,0.600,0.610,12448,0.989926
2,3,0.600,0.610,12449,0.992322
2,3,0.600,0.610,12450,0.993397
2,3,0.600,0.610,12451,0.990220
2,3,0.600,0.610,12452,0.991856
2,3,0.600,0.610,12453,0.991751
2,3,0.600,0.610,12454,0.992784
2,3,0.600,0.610,12455,0.991540
2,3,0.600,0.610,12456,0.990834
2,3,0.600,0.610,12457,0.993099
2,3,0.600,0.610,12458,0.991060
2,3,0.600,0.610,12459,0.992357
2,3,0.600,0.610,12460,0.991533
2,3,0.600,0.610,12461,0.991812
2,3,0.600,0.610,12462,0.993661
2,3,0.600,0.610,12463,0.989920
2,3,0.600,0.610,12464,0.991813
2,3,0.600,0.610,12465,0.993252
2,3,0.600,0.610,12466,0.990652
2,3,0.600,0.610,12467,0.992145
2,3,0.600,0.610,12468,0.991656
2,3,0.600,0.610,12469,0.992195
2,3,0.600,0.610,12470,0.991394
2,3,0.600,0.610,12471,0.991196
2,3,0.600,0.610,12472,0.993322
2,3,0.600,0.610,12473,0.991333
2,3,0.600,0.610,12474,0.992071
2,3,0.600,0.610,12475,0.991665
2,3,0.600,0.610,12476,0.991313
2,3,0.600,0.610,12477,0.993628
2,3,0.600,0.610,12478,0.989926
2,3,0.600,0.610,12479,0.992322
2,3,0.600,0.610,12480,0.993397
2,3,0.600,0.610,12481,0.990220
2,3,0.600,0.610,12482,0.991856
2,3,0.600,0.610,12483,0.991751
2,3,0.600,0.610,12484,0.992784
2,3,0.600,0.610,12485,0.991540
2,3,0.600,0.610,12486,0.990834
2,3,0.600,0.610,12487,0.993099
2,3,0.600,0.610,12488,0.991060
2,3,0.600,0.610,12489,0.992357
2,3,0.600,0.610,12490,0.991533
2,3,0.600,0.610,12491,0.991812
2,3,0.600,0.610,12492,0.993661
2,3,0.600,0.610,12493,0.989920
2,3,0.600,0.610,12494,0.991813
2,3,0.600,0.610,12495,0.993252
2,3,0.600,0.610,12496,0.990652
2,3,0.600,0.610,12497,0.992145
2,3,0.600,0.610,12498,0.991656
2,3,0.600,0.610,12499,0.992195
2,3,0.600,0.610,12500,0.991394
2,3,0.600,0.610,12501,0.991196
2,3,0.600,0.610,12502,0.993322
2,3,0.600,0.610,12503,0.991333
2,3,0.600,0.610,12504,0.992071
2,3,0.600,0.610,12505,0.991665
2,3,0.600,0.610,12506,0.991313
2,3,0.600,0.610,12507,0.993628
2,3,0.600,0.610,12508,0.989926
2,3,0.600,0.610,12509,0.992322
2,3,0.600,0.610,12510,0.993397
2,3,0.600,0.610,12511,0.990220
2,3,0.600,0.610,12512,0.991856
2,3,0.600,0.610,12513,0.991751
2,3,0.600,0.610,12514,0.992784
2,3,0.600,0.610,12515,0.991540
2,3,0.600,0.610,12516,0.990834
2,3,0.600,0.610,12517,0.993099
2,3,0.600,0.610,12518,0.991060
2,3,0.600,0.610,12519,0.992357
2,3,0.600,0.610,12520,0.991533
2,3,0.600,0.610,12521,0.991812
2,3,0.600,0.610,12522,0.993661
2,3,0.600,0.610,12523,0.989920
2,3,0.600,0.610,12524,0.991813
2,3,0.600,0.610,12525,0.993252
2,3,0.600,0.610,12526,0.990652
2,3,0.600,0.610,12527,0.992145
2,3,0.600,0.610,12528,0.991656
2,3,0.600,0.610,12529,0.992195
2,3,0.600,0.610,12530,0.991394
2,3,0.600,0.610,12531,0.991196
2,3,0.600,0.610,12532,0.993322
2,3,0.600,0.610,12533,0.991333
2,3,0.600,0.610,12534,0.992071
2,3,0.600,0.610,12535,0.991665
2,3,0.600,0.610,12536,0.991313
2,3,0.600,0.610,12537,0.993628
2,3,0.600,0.610,12538,0.989926
2,3,0.600,0.610,12539,0.992322
2,3,0.600,0.610,12540,0.993397
2,3,0.600,0.610,12541,0.990220
2,3,0.600,0.610,12542,0.991856
2,3,0.600,0.610,12543,0.991751
2,3,0.600,0.610,12544,0.992784
2,3,0.600,0.610,12545,0.991540
2,3,0.600,0.610,12546,0.990834
2,3,0.600,0.610,12547,0.993099
2,3,0.600,0.610,12548,0.991060
2,3,0.600,0.610,12549,0.992357
2,3,0.600,0.610,12550,0.991533
2,3,0.600,0.610,12551,0.991812
2,3,0.600,0.610,12552,0.993661
2,3,0.600,0.610,12553,0.989920
2,3,0.600,0.610,12554,0.991813
2,3,0.600,0.610,12555,0.993252
2,3,0.600,0.610,12556,0.990652
2,3,0.600,0.610,12557,0.992145
2,3,0.600,0.610,12558,0.991656
2,3,0.600,0.610,12559,0.992195
2,3,0.600,0.610,12560,0.991394
2,3,0.600,0.610,12561,0.991196
2,3,0.600,0.610,12562,0.993322
2,3,0.600,0.610,12563,0.991333
2,3,0.600,0.610,12564,0.992071
2,3,0.600,0.610,12565,0.991665
2,3,0.600,0.610,12566,0.991313
2,3,0.600,0.610,12567,0.993628
2,3,0.600,0.610,12568,0.989926
2,3,0.600,0.610,12569,0.992322
2,3,0.600,0.610,12570,0.993397
2,3,0.600,0.610,12571,0.990220
2,3,0.600,0.610,12572,0.991856
2,3,0.600,0.610,12573,0.991751
2,3,0.600,0.610,12574,0.992784
2,3,0.600,0.610,12575,0.991540
2,3,0.600,0.610,12576,0.990834
2,3,0.600,0.610,12577,0.993099
2,3,0.600,0.610,12578,0.991060
2,3,0.600,0.610,12579,0.992357
2,3,0.600,0.610,12580,0.991533
2,3,0.600,0.610,12581,0.991812
2,3,0.600,0.610,12582,0.993661
2,3,0.600,0.610,12583,0.989920
2,3,0.600,0.610,12584,0.991813
2,3,0.600,0.610,12585,0.993252
2,3,0.600,0.610,12586,0.990652
2,3,0.600,0.610,12587,0.992145
2,3,0.600,0.610,12588,0.991656
2,3,0.600,0.610,12589,0.992195
2,3,0.600,0.610,12590,0.991394
2,3,0.600,0.610,12591,0.991196
2,3,0.600,0.610,12592,0.993322
2,3,0.600,0.610,12593,0.991333
2,3,0.600,0.610,12594,0.992071
2,3,0.600,0.610,12595,0.991665
2,3,0.600,0.610,12596,0.991313
2,3,0.600,0.610,12597,0.993628
2,3,0.600,0.610,12598,0.989926
2,3,0.600,0.610,12599,0.992322
2,3,0.600,0.610,12600,0.993397
2,3,0.600,0.610,12601,0.990220
2,3,0.600,0.610,12602,0.991856
2,3,0.600,0.610,12603,0.991751
2,3,0.600,0.610,12604,0.992784
2,3,0.600,0.610,12605,0.991540
2,3,0.600,0.610,12606,0.990834
2,3,0.600,0.610,12607,0.993099
2,3,0.600,0.610,12608,0.991060
2,3,0.600,0.610,12609,0.992357
2,3,0.600,0.610,12610,0.991533
2,3,0.600,0.610,12611,0.991812
2,3,0.600,0.610,12612,0.993661
2,3,0.600,0.610,12613,0.989920
2,3,0.600,0.610,12614,0.991813
2,3,0.600,0.610,12615,0.993252
2,3,0.600,0.610,12616,0.990652
2,3,0.600,0.610,12617,0.992145
2,3,0.600,0.610,12618,0.991656
2,3,0.600,0.610,12619,0.992195
2,3,0.600,0.610,12620,0.991394
2,3,0.600,0.610,12621,0.991196
2,3,0.600,0.610,12622,0.993322
2,3,0.600,0.610,12623,0.991333
2,3,0.600,0.610,12624,0.992071
2,3,0.600,0.610,12625,0.991665
2,3,0.600,0.610,12626,0.991313
2,3,0.600,0.610,12627,0.993628
2,3,0.600,0.610,12628,0.989926
2,3,0.600,0.610,12629,0.992322
2,3,0.600,0.610,12630,0.993397
2,3,0.600,0.610,12631,0.990220
2,3,0.600,0.610,12632,0.991856
2,3,0.600,0.610,12633,0.991751
2,3,0.600,0.610,12634,0.992784
2,3,0.600,0.610,12635,0.991540
2,3,0.600,0.610,12636,0.990834
2,3,0.600,0.610,12637,0.993099
2,3,0.600,0.610,12638,0.991060
2,3,0.600,0.610,12639,0.992357
2,3,0.600,0.610,12640,0.991533
2,3,0.600,0.610,12641,0.991812
2,3,0.600,0.610,12642,0.993661
2,3,0.600,0.610,12643,0.989920
2,3,0.600,0.610,12644,0.991813
2,3,0.600,0.610,12645,0.993252
2,3,0.600,0.610,12646,0.990652
2,3,0.600,0.610,12647,0.992145
2,3,0.600,0.610,12648,0.991656
2,3,0.600,0.610,12649,0.992195
2,3,0.600,0.610,12650,0.991394
2,3,0.600,0.610,12651,0.991196
2,3,0.600,0.610,12652,0.993322
2,3,0.600,0.610,12653,0.991333
2,3,0.600,0.610,12654,0.992071
2,3,0.600,0.610,12655,0.991665
2,3,0.600,0.610,12656,0.991313
2,3,0.600,0.610,12657,0.993628
2,3,0.600,0.610,12658,0.989926
2,3,0.600,0.610,12659,0.992322
2,3,0.600,0.610,12660,0.993397
2,3,0.600,0.610,12661,0.990220
2,3,0.600,0.610,12662,0.991856
2,3,0.600,0.610,12663,0.991751
2,3,0.600,0.610,12664,0.992784
2,3,0.600,0.610,12665,0.991540
2,3,0.600,0.610,12666,0.990834
2,3,0.600,0.610,12667,0.993099
2,3,0.600,0.610,12668,0.991060
2,3,0.600,0.610,12669,0.992357
2,3,0.600,0.610,12670,0.991533
2,3,0.600,0.610,12671,0.991812
2,3,0.600,0.610,12672,0.993661
2,3,0.600,0.610,12673,0.989920
2,3,0.600,0.610,12674,0.991813
2,3,0.600,0.610,12675,0.993252
2,3,0.600,0.610,12676,0.990652
2,3,0.600,0.610,12677,0.992145
2,3,0.600,0.610,12678,0.991656
2,3,0.600,0.610,12679,0.992195
2,3,0.600,0.610,12680,0.991394
2,3,0.600,0.610,12681,0.991196
2,3,0.600,0.610,12682,0.993322
2,3,0.600,0.610,12683,0.991333
2,3,0.600,0.610,12684,0.992071
2,3,0.600,0.610,12685,0.991665
2,3,0.600,0.610,12686,0.991313
2,3,0.600,0.610,12687,0.993628
2,3,0.600,0.610,12688,0.989926
2,3,0.600,0.610,12689,0.992322
2,3,0.600,0.610,12690,0.993397
2,3,0.600,0.610,12691,0.990220
2,3,0.600,0.610,12692,0.991856
2,3,0.600,0.610,12693,0.991751
2,3,0.600,0.610,12694,0.992784
2,3,0.600,0.610,12695,0.991540
2,3,0.600,0.610,12696,0.990834
2,3,0.600,0.610,12697,0.993099
2,3,0.600,0.610,12698,0.991060
2,3,0.600,0.610,12699,0.992357
2,3,0.600,0.610,12700,0.991533
2,3,0.600,0.610,12701,0.991812
2,3,0.600,0.610,12702,0.993661
2,3,0.600,0.610,12703,0.989920
2,3,0.600,0.610,12704,0.991813
2,3,0.600,0.610,12705,0.993252
2,3,0.600,0.610,12706,0.990652
2,3,0.600,0.610,12707,0.992145
2,3,0.600,0.610,12708,0.991656
2,3,0.600,0.610,12709,0.992195
2,3,0.600,0.610,12710,0.991394
2,3,0.600,0.610,12711,0.991196
2,3,0.600,0.610,12712,0.993322
2,3,0.600,0.610,12713,0.991333
2,3,0.600,0.610,12714,0.992071
2,3,0.600,0.610,12715,0.991665
2,3,0.600,0.610,12716,0.991313
2,3,0.600,0.610,12717,0.993628
2,3,0.600,0.610,12718,0.989926
2,3,0.600,0.610,12719,0.992322
2,3,0.600,0.610,12720,0.993397
2,3,0.600,0.610,12721,0.990220
2,3,0.600,0.610,12722,0.991856
2,3,0.600,0.610,12723,0.991751
2,3,0.600,0.610,12724,0.992784
2,3,0.600,0.610,12725,0.991540
2,3,0.600,0.610,12726,0.990834
2,3,0.600,0.610,12727,0.993099
2,3,0.600,0.610,12728,0.991060
2,3,0.600,0.610,12729,0.992357
2,3,0.600,0.610,12730,0.991533
2,3,0.600,0.610,12731,0.991812
2,3,0.600,0.610,12732,0.993661
2,3,0.600,0.610,12733,0.989920
2,3,0.600,0.610,12734,0.991813
2,3,0.600,0.610,12735,0.993252
2,3,0.600,0.610,12736,0.990652
2,3,0.600,0.610,12737,0.992145
2,3,0.600,0.610,12738,0.991656
2,3,0.600,0.610,12739,0.992195
2,3,0.600,0.610,12740,0.991394
2,3,0.600,0.610,12741,0.991196
2,3,0.600,0.610,12742,0.993322
2,3,0.600,0.610,12743,0.991333
2,3,0.600,0.610,12744,0.992071
2,3,0.600,0.610,12745,0.991665
2,3,0.600,0.610,12746,0.991313
2,3,0.600,0.610,12747,0.993628
2,3,0.600,0.610,12748,0.989926
2,3,0.600,0.610,12749,0.992322
2,3,0.600,0.610,12750,0.993397
2,3,0.600,0.610,12751,0.990220
2,3,0.600,0.610,12752,0.991856
2,3,0.600,0.610,12753,0.991751
2,3,0.600,0.610,12754,0.992784
2,3,0.600,0.610,12755,0.991540
2,3,0.600,0.610,12756,0.990834
2,3,0.600,0.610,12757,0.993099
2,3,0.600,0.610,12758,0.991060
2,3,0.600,0.610,12759,0.992357
2,3,0.600,0.610,12760,0.991533
2,3,0.600,0.610,12761,0.991812
2,3,0.600,0.610,12762,0.993661
2,3,0.600,0.610,12763,0.989920
2,3,0.600,0.610,12764,0.991813
2,3,0.600,0.610,12765,0.993252
2,3,0.600,0.610,12766,0.990652
2,3,0.600,0.610,12767,0.992145
2,3,0.600,0.610,12768,0.991656
2,3,0.600,0.610,12769,0.992195
2,3,0.600,0.610,12770,0.991394
2,3,0.600,0.610,12771,0.991196
2,3,0.600,0.610,12772,0.993322
2,3,0.600,0.610,12773,0.991333
2,3,0.600,0.610,12774,0.992071
2,3,0.600,0.610,12775,0.991665
2,3,0.600,0.610,12776,0.991313
2,3,0.600,0.610,12777,0.993628
2,3,0.600,0.610,12778,0.989926
2,3,0.600,0.610,12779,0.992322
2,3,0.600,0.610,12780,0.993397
2,3,0.600,0.610,12781,0.990220
2,3,0.600,0.610,12782,0.991856
2,3,0.600,0.610,12783,0.991751
2,3,0.600,0.610,12784,0.992784
2,3,0.600,0.610,12785,0.991540
2,3,0.600,0.610,12786,0.990834
2,3,0.600,0.610,12787,0.993099
2,3,0.600,0.610,12788,0.991060
2,3,0.600,0.610,12789,0.992357
2,3,0.600,0.610,12790,0.991533
2,3,0.600,0.610,12791,0.991812
2,3,0.600,0.610,12792,0.993661
2,3,0.600,0.610,12793,0.989920
2,3,0.600,0.610,12794,0.991813
2,3,0.600,0.610,12795,0.993252
2,3,0.600,0.610,12796,0.990652
2,3,0.600,0.610,12797,0.992145
2,3,0.600,0.610,12798,0.991656
2,3,0.600,0.610,12799,0.992195
2,3,0.600,0.610,12800,0.991394
2,3,0.600,0.610,12801,0.991196
2,3,0.600,0.610,12802,0.993322
2,3,0.600,0.610,12803,0.991333
2,3,0.600,0.610,12804,0.992071
2,3,0.600,0.610,12805,0.991665
2,3,0.600,0.610,12806,0.991313
2,3,0.600,0.610,12807,0.993628
2,3,0.600,0.610,12808,0.989926
2,3,0.600,0.610,12809,0.992322
2,3,0.600,0.610,12810,0.993397
2,3,0.600,0.610,12811,0.990220
2,3,0.600,0.610,12812,0.991856
2,3,0.600,0.610,12813,0.991751
2,3,0.600,0.610,12814,0.992784
2,3,0.600,0.610,12815,0.991540
2,3,0.600,0.610,12816,0.990834
2,3,0.600,0.610,12817,0.993099
2,3,0.600,0.610,12818,0.991060
2,3,0.600,0.610,12819,0.992357
2,3,0.600,0.610,12820,0.991533
2,3,0.600,0.610,12821,0.991812
2,3,0.600,0.610,12822,0.993661
2,3,0.600,0.610,12823,0.989920
2,3,0.600,0.610,12824,0.991813
2,3,0.600,0.610,12825,0.993252
2,3,0.600,0.610,12826,0.990652
2,3,0.600,0.610,12827,0.992145
2,3,0.600,0.610,12828,0.991656
2,3,0.600,0.610,12829,0.992195
2,3,0.600,0.610,12830,0.991394
2,3,0.600,0.610,12831,0.991196
2,3,0.600,0.610,12832,0.993322
2,3,0.600,0.610,12833,0.991333
2,3,0.600,0.610,12834,0.992071
2,3,0.600,0.610,12835,0.991665
2,3,0.600,0.610,12836,0.991313
2,3,0.600,0.610,12837,0.993628
2,3,0.600,0.610,12838,0.989926
2,3,0.600,0.610,12839,0.992322
2,3,0.600,0.610,12840,0.993397
2,3,0.600,0.610,12841,0.990220
2,3,0.600,0.610,12842,0.991856
2,3,0.600,0.610,12843,0.991751
2,3,0.600,0.610,12844,0.992784
2,3,0.600,0.610,12845,0.991540
2,3,0.600,0.610,12846,0.990834
2,3,0.600,0.610,12847,0.993099
2,3,0.600,0.610,12848,0.991060
2,3,0.600,0.610,12849,0.992357
2,3,0.600,0.610,12850,0.991533
2,3,0.600,0.610,12851,0.991812
2,3,0.600,0.610,12852,0.993661
2,3,0.600,0.610,12853,0.989920
2,3,0.600,0.610,12854,0.991813
2,3,0.600,0.610,12855,0.993252
2,3,0.600,0.610,12856,0.990652
2,3,0.600,0.610,12857,0.992145
2,3,0.600,0.610,12858,0.991656
2,3,0.600,0.610,12859,0.992195
2,3,0.600,0.610,12860,0.991394
2,3,0.600,0.610,12861,0.991196
2,3,0.600,0.610,12862,0.993322
2,3,0.600,0.610,12863,0.991333
2,3,0.600,0.610,12864,0.992071
2,3,0.600,0.610,12865,0.991665
2,3,0.600,0.610,12866,0.991313
2,3,0.600,0.610,12867,0.993628
2,3,0.600,0.610,12868,0.989926
2,3,0.600,0.610,12869,0.992322
2,3,0.600,0.610,12870,0.993397
2,3,0.600,0.610,12871,0.990220
2,3,0.600,0.610,12872,0.991856
2,3,0.600,0.610,12873,0.991751
2,3,0.600,0.610,12874,0.992784
2,3,0.600,0.610,12875,0.991540
2,3,0.600,0.610,12876,0.990834
2,3,0.600,0.610,12877,0.993099
2,3,0.600,0.610,12878,0.991060
2,3,0.600,0.610,12879,0.992357
2,3,0.600,0.610,12880,0.991533
2,3,0.600,0.610,12881,0.991812
2,3,0.600,0.610,12882,0.993661
2,3,0.600,0.610,12883,0.989920
2,3,0.600,0.610,12884,0.991813
2,3,0.600,0.610,12885,0.993252
2,3,0.600,0.610,12886,0.990652
2,3,0.600,0.610,12887,0.992145
2,3,0.600,0.610,12888,0.991656
2,3,0.600,0.610,12889,0.992195
2,3,0.600,0.610,12890,0.991394
2,3,0.600,0.610,12891,0.991196
2,3,0.600,0.610,12892,0.993322
2,3,0.600,0.610,12893,0.991333
2,3,0.600,0.610,12894,0.992071
2,3,0.600,0.610,12895,0.991665
2,3,0.600,0.610,12896,0.991313
2,3,0.600,0.610,12897,0.993628
2,3,0.600,0.610,12898,0.989926
2,3,0.600,0.610,12899,0.992322
2,3,0.600,0.610,12900,0.993397
2,3,0.600,0.610,12901,0.990220
2,3,0.600,0.610,12902,0.991856
2,3,0.600,0.610,12903,0.991751
2,3,0.600,0.610,12904,0.992784
2,3,0.600,0.610,12905,0.991540
2,3,0.600,0.610,12906,0.990834
2,3,0.600,0.610,12907,0.993099
2,3,0.600,0.610,12908,0.991060
2,3,0.600,0.610,12909,0.992357
2,3,0.600,0.610,12910,0.991533
2,3,0.600,0.610,12911,0.991812
2,3,0.600,0.610,12912,0.993661
2,3,0.600,0.610,12913,0.989920
2,3,0.600,0.610,12914,0.991813
2,3,0.600,0.610,12915,0.993252
2,3,0.600,0.610,12916,0.990652
2,3,0.600,0.610,12917,0.992145
2,3,0.600,0.610,12918,0.991656
2,3,0.600,0.610,12919,0.992195
2,3,0.600,0.610,12920,0.991394
2,3,0.600,0.610,12921,0.991196
2,3,0.600,0.610,12922,0.993322
2,3,0.600,0.610,12923,0.991333
2,3,0.600,0.610,12924,0.992071
2,3,0.600,0.610,12925,0.991665
2,3,0.600,0.610,12926,0.991313
2,3,0.600,0.610,12927,0.993628
2,3,0.600,0.610,12928,0.989926
2,3,0.600,0.610,12929,0.992322
2,3,0.600,0.610,12930,0.993397
2,3,0.600,0.610,12931,0.990220
2,3,0.600,0.610,12932,0.991856
2,3,0.600,0.610,12933,0.991751
2,3,0.600,0.610,12934,0.992784
2,3,0.600,0.610,12935,0.991540
2,3,0.600,0.610,12936,0.990834
2,3,0.600,0.610,12937,0.993099
2,3,0.600,0.610,12938,0.991060
2,3,0.600,0.610,12939,0.992357
2,3,0.600,0.610,12940,0.991533
2,3,0.600,0.610,12941,0.991812
2,3,0.600,0.610,12942,0.993661
2,3,0.600,0.610,12943,0.989920
2,3,0.600,0.610,12944,0.991813
2,3,0.600,0.610,12945,0.993252
2,3,0.600,0.610,12946,0.990652
2,3,0.600,0.610,12947,0.992145
2,3,0.600,0.610,12948,0.991656
2,3,0.600,0.610,12949,0.992195
2,3,0.600,0.610,12950,0.991394
2,3,0.600,0.610,12951,0.991196
2,3,0.600,0.610,12952,0.993322
2,3,0.600,0.610,12953,0.991333
2,3,0.600,0.610,12954,0.992071
2,3,0.600,0.610,12955,0.991665
2,3,0.600,0.610,12956,0.991313
2,3,0.600,0.610,12957,0.993628
2,3,0.600,0.610,12958,0.989926
2,3,0.600,0.610,12959,0.992322
2,3,0.600,0.610,12960,0.993397
2,3,0.600,0.610,12961,0.990220
2,3,0.600,0.610,12962,0.991856
2,3,0.600,0.610,12963,0.991751
2,3,0.600,0.610,12964,0.992784
2,3,0.600,0.610,12965,0.991540
2,3,0.600,0.610,12966,0.990834
2,3,0.600,0.610,12967,0.993099
2,3,0.600,0.610,12968,0.991060
2,3,0.600,0.610,12969,0.992357
2,3,0.600,0.610,12970,0.991533
2,3,0.600,0.610,12971,0.991812
2,3,0.600,0.610,12972,0.993661
2,3,0.600,0.610,12973,0.989920
2,3,0.600,0.610,12974,0.991813
2,3,0.600,0.610,12975,0.993252
2,3,0.600,0.610,12976,0.990652
2,3,0.600,0.610,12977,0.992145
2,3,0.600,0.610,12978,0.991656
2,3,0.600,0.610,12979,0.992195
2,3,0.600,0.610,12980,0.991394
2,3,0.600,0.610,12981,0.991196
2,3,0.600,0.610,12982,0.993322
2,3,0.600,0.610,12983,0.991333
2,3,0.600,0.610,12984,0.992071
2,3,0.600,0.610,12985,0.991665
2,3,0.600,0.610,12986,0.991313
2,3,0.600,0.610,12987,0.993628
2,3,0.600,0.610,12988,0.989926
2,3,0.600,0.610,12989,0.992322
2,3,0.600,0.610,12990,0.993397
2,3,0.600,0.610,12991,0.990220
2,3,0.600,0.610,12992,0.991856
2,3,0.600,0.610,12993,0.991751
2,3,0.600,0.610,12994,0.992784
2,3,0.600,0.610,12995,0.991540
2,3,0.600,0.610,12996,0.990834
2,3,0.600,0.610,12997,0.993099
2,3,0.600,0.610,12998,0.991060
2,3,0.600,0.610,12999,0.992357
2,3,0.600,0.610,13000,0.991533
2,3,0.950,0.960,10001,-0.004229
2,3,0.950,0.960,10002,-0.001632
2,3,0.950,0.960,10003,0.006201
2,3,0.950,0.960,10004,0.036067
2,3,0.950,0.960,10005,0.011614
2,3,0.950,0.960,10006,-0.022454
2,3,0.950,0.960,10007,0.001832
2,3,0.950,0.960,10008,0.032023
2,3,0.950,0.960,10009,0.032831
2,3,0.950,0.960,10010,-0.010674
2,3,0.950,0.960,10011,0.000679
2,3,0.950,0.960,10012,0.015859
2,3,0.950,0.960,10013,0.032229
2,3,0.950,0.960,10014,0.015286
2,3,0.950,0.960,10015,0.016314
2,3,0.950,0.960,10016,0.000990
2,3,0.950,0.960,10017,0.011195
2,3,0.950,0.960,10018,-0.002633
2,3,0.950,0.960,10019,-0.002287
2,3,0.950,0.960,10020,-0.006946
2,3,0.950,0.960,10021,0.006085
2,3,0.950,0.960,10022,-0.002368
2,3,0.950,0.960,10023,-0.024421
2,3,0.950,0.960,10024,-0.004027
2,3,0.950,0.960,10025,0.019614
2,3,0.950,0.960,10026,0.003784
2,3,0.950,0.960,10027,-0.000790
2,3,0.950,0.960,10028,0.004072
2,3,0.950,0.960,10029,0.017614
2,3,0.950,0.960,10030,0.034676
2,3,0.950,0.960,10031,-0.004582
2,3,0.950,0.960,10032,0.000513
2,3,0.950,0.960,10033,-0.015445
2,3,0.950,0.960,10034,-0.009708
2,3,0.950,0.960,10035,0.002278
2,3,0.950,0.960,10036,0.004107
2,3,0.950,0.960,10037,-0.007933
2,3,0.950,0.960,10038,0.016419
2,3,0.950,0.960,10039,0.031019
2,3,0.950,0.960,10040,0.012236
2,3,0.950,0.960,10041,0.016060
2,3,0.950,0.960,10042,0.013659
2,3,0.950,0.960,10043,0.026524
2,3,0.950,0.960,10044,0.030768
2,3,0.950,0.960,10045,-0.000568
2,3,0.950,0.960,10046,0.012275
2,3,0.950,0.960,10047,0.034473
2,3,0.950,0.960,10048,0.032818
2,3,0.950,0.960,10049,0.009951
2,3,0.950,0.960,10050,0.000355
2,3,0.950,0.960,10051,0.001255
2,3,0.950,0.960,10052,0.053946
2,3,0.950,0.960,10053,0.038509
2,3,0.950,0.960,10054,0.024559
2,3,0.950,0.960,10055,0.008632
2,3,0.950,0.960,10056,0.024308
2,3,0.950,0.960,10057,0.026706
2,3,0.950,0.960,10058,0.023678
2,3,0.950,0.960,10059,0.035815
2,3,0.950,0.960,10060,0.044626
2,3,0.950,0.960,10061,0.015897
2,3,0.950,0.960,10062,-0.002188
2,3,0.950,0.960,10063,0.006868
2,3,0.950,0.960,10064,0.033576
2,3,0.950,0.960,10065,-0.005294
2,3,0.950,0.960,10066,0.004568
2,3,0.950,0.960,10067,0.000226
2,3,0.950,0.960,10068,-0.002049
2,3,0.950,0.960,10069,-0.011915
2,3,0.950,0.960,10070,0.008521
2,3,0.950,0.960,10071,-0.007326
2,3,0.950,0.960,10072,-0.008237
2,3,0.950,0.960,10073,-0.013332
2,3,0.950,0.960,10074,-0.002758
2,3,0.950,0.960,10075,-0.000425
2,3,0.950,0.960,10076,0.008009
2,3,0.950,0.960,10077,0.000109
2,3,0.950,0.960,10078,0.013779
2,3,0.950,0.960,10079,0.004346
2,3,0.950,0.960,10080,0.025960
2,3,0.950,0.960,10081,0.000669
2,3,0.950,0.960,10082,0.009123
2,3,0.950,0.960,10083,0.005313
2,3,0.950,0.960,10084,-0.004960
2,3,0.950,0.960,10085,0.003340
2,3,0.950,0.960,10086,0.022279
2,3,0.950,0.960,10087,0.022713
2,3,0.950,0.960,10088,0.007721
2,3,0.950,0.960,10089,0.019303
2,3,0.950,0.960,10090,0.007602
2,3,0.950,0.960,10091,0.001548
2,3,0.950,0.960,10092,-0.013629
2,3,0.950,0.960,10093,0.001365
2,3,0.950,0.960,10094,-0.013429
2,3,0.950,0.960,10095,-0.008510
2,3,0.950,0.960,10096,-0.020235
2,3,0.950,0.960,10097,0.012773
2,3,0.950,0.960,10098,-0.008618
2,3,0.950,0.960,10099,0.004911
2,3,0.950,0.960,10100,-0.005752
2,3,0.950,0.960,10101,-0.015642
2,3,0.950,0.960,10102,-0.027688
2,3,0.950,0.960,10103,-0.028169
2,3,0.950,0.960,10104,-0.038002
2,3,0.950,0.960,10105,0.001358
2,3,0.950,0.960,10106,0.022268
2,3,0.950,0.960,10107,-0.006727
2,3,0.950,0.960,10108,-0.024338
2,3,0.950,0.960,10109,-0.018978
2,3,0.950,0.960,10110,0.018339
2,3,0.950,0.960,10111,0.003490
2,3,0.950,0.960,10112,-0.014654
2,3,0.950,0.960,10113,-0.010959
2,3,0.950,0.960,10114,-0.006499
2,3,0.950,0.960,10115,0.008835
2,3,0.950,0.960,10116,0.000063
2,3,0.950,0.960,10117,-0.000612
2,3,0.950,0.960,10118,0.021702
2,3,0.950,0.960,10119,0.028606
2,3,0.950,0.960,10120,-0.002385
2,3,0.950,0.960,10121,-0.025091
2,3,0.950,0.960,10122,-0.005886
2,3,0.950,0.960,10123,-0.005310
2,3,0.950,0.960,10124,-0.022707
2,3,0.950,0.960,10125,-0.039268
2,3,0.950,0.960,10126,-0.018542
2,3,0.950,0.960,10127,-0.013451
2,3,0.950,0.960,10128,-0.034921
2,3,0.950,0.960,10129,-0.004404
2,3,0.950,0.960,10130,0.007862
2,3,0.950,0.960,10131,0.005451
2,3,0.950,0.960,10132,-0.005791
2,3,0.950,0.960,10133,-0.009106
2,3,0.950,0.960,10134,-0.016927
2,3,0.950,0.960,10135,0.004999
2,3,0.950,0.960,10136,0.016641
2,3,0.950,0.960,10137,-0.010141
2,3,0.950,0.960,10138,0.011761
2,3,0.950,0.960,10139,-0.014595
2,3,0.950,0.960,10140,-0.005212
2,3,0.950,0.960,10141,0.013511
2,3,0.950,0.960,10142,0.011297
2,3,0.950,0.960,10143,-0.012578
2,3,0.950,0.960,10144,-0.020060
2,3,0.950,0.960,10145,0.001874
2,3,0.950,0.960,10146,-0.000585
2,3,0.950,0.960,10147,-0.003418
2,3,0.950,0.960,10148,-0.001534
2,3,0.950,0.960,10149,0.015174
2,3,0.950,0.960,10150,0.011051
2,3,0.950,0.960,10151,-0.013220
2,3,0.950,0.960,10152,-0.022861
2,3,0.950,0.960,10153,0.001083
2,3,0.950,0.960,10154,0.007507
2,3,0.950,0.960,10155,0.009965
2,3,0.950,0.960,10156,-0.023891
2,3,0.950,0.960,10157,-0.021227
2,3,0.950,0.960,10158,-0.019738
2,3,0.950,0.960,10159,-0.002220
2,3,0.950,0.960,10160,-0.009950
2,3,0.950,0.960,10161,-0.013506
2,3,0.950,0.960,10162,-0.011022
2,3,0.950,0.960,10163,-0.004553
2,3,0.950,0.960,10164,0.008574
2,3,0.950,0.960,10165,-0.014544
2,3,0.950,0.960,10166,-0.004534
2,3,0.950,0.960,10167,0.015830
2,3,0.950,0.960,10168,0.001851
2,3,0.950,0.960,10169,-0.012799
2,3,0.950,0.960,10170,-0.023932
2,3,0.950,0.960,10171,-0.036629
2,3,0.950,0.960,10172,-0.016124
2,3,0.950,0.960,10173,0.013751
2,3,0.950,0.960,10174,0.007965
2,3,0.950,0.960,10175,0.003597
2,3,0.950,0.960,10176,0.007297
2,3,0.950,0.960,10177,-0.006242
2,3,0.950,0.960,10178,-0.007449
2,3,0.950,0.960,10179,0.022030
2,3,0.950,0.960,10180,-0.007458
2,3,0.950,0.960,10181,-0.020171
2,3,0.950,0.960,10182,-0.021492
2,3,0.950,0.960,10183,-0.019151
2,3,0.950,0.960,10184,-0.039797
2,3,0.950,0.960,10185,-0.025128
2,3,0.950,0.960,10186,-0.012726
2,3,0.950,0.960,10187,-0.007399
2,3,0.950,0.960,10188,-0.024032
2,3,0.950,0.960,10189,-0.012073
2,3,0.950,0.960,10190,-0.000828
2,3,0.950,0.960,10191,0.008488
2,3,0.950,0.960,10192,-0.013241
2,3,0.950,0.960,10193,-0.004982
2,3,0.950,0.960,10194,-0.002123
2,3,0.950,0.960,10195,-0.006266
2,3,0.950,0.960,10196,-0.003670
2,3,0.950,0.960,10197,0.000741
2,3,0.950,0.960,10198,0.002976
2,3,0.950,0.960,10199,0.036364
2,3,0.950,0.960,10200,-0.019805
2,3,0.950,0.960,10201,-0.032342
2,3,0.950,0.960,10202,-0.013711
2,3,0.950,0.960,10203,-0.009244
2,3,0.950,0.960,10204,0.031077
2,3,0.950,0.960,10205,0.029367
2,3,0.950,0.960,10206,0.015312
2,3,0.950,0.960,10207,-0.009716
2,3,0.950,0.960,10208,0.003153
2,3,0.950,0.960,10209,0.001445
2,3,0.950,0.960,10210,0.027519
2,3,0.950,0.960,10211,0.021169
2,3,0.950,0.960,10212,0.022764
2,3,0.950,0.960,10213,-0.014802
2,3,0.950,0.960,10214,0.023403
2,3,0.950,0.960,10215,0.027012
2,3,0.950,0.960,10216,0.004617
2,3,0.950,0.960,10217,-0.000002
2,3,0.950,0.960,10218,0.016663
2,3,0.950,0.960,10219,0.029935
2,3,0.950,0.960,10220,0.019292
2,3,0.950,0.960,10221,-0.010458
2,3,0.950,0.960,10222,-0.008366
2,3,0.950,0.960,10223,0.017051
2,3,0.950,0.960,10224,0.004503
2,3,0.950,0.960,10225,-0.002564
2,3,0.950,0.960,10226,0.003210
2,3,0.950,0.960,10227,0.033896
2,3,0.950,0.960,10228,0.018261
2,3,0.950,0.960,10229,0.006517
2,3,0.950,0.960,10230,0.004422
2,3,0.950,0.960,10231,0.003468
2,3,0.950,0.960,10232,0.029335
2,3,0.950,0.960,10233,0.019338
2,3,0.950,0.960,10234,0.006625
2,3,0.950,0.960,10235,-0.011364
2,3,0.950,0.960,10236,0.017740
2,3,0.950,0.960,10237,0.026479
2,3,0.950,0.960,10238,-0.002889
2,3,0.950,0.960,10239,-0.013422
2,3,0.950,0.960,10240,-0.015789
2,3,0.950,0.960,10241,0.002809
2,3,0.950,0.960,10242,-0.028612
2,3,0.950,0.960,10243,0.003139
2,3,0.950,0.960,10244,0.013309
2,3,0.950,0.960,10245,0.042412
2,3,0.950,0.960,10246,-0.016251
2,3,0.950,0.960,10247,-0.019009
2,3,0.950,0.960,10248,-0.004166
2,3,0.950,0.960,10249,0.012568
2,3,0.950,0.960,10250,0.014957
2,3,0.950,0.960,10251,0.000147
2,3,0.950,0.960,10252,-0.005497
2,3,0.950,0.960,10253,0.007822
2,3,0.950,0.960,10254,-0.000697
2,3,0.950,0.960,10255,0.002420
2,3,0.950,0.960,10256,0.002895
2,3,0.950,0.960,10257,-0.029466
2,3,0.950,0.960,10258,-0.019298
2,3,0.950,0.960,10259,0.013118
2,3,0.950,0.960,10260,0.008754
2,3,0.950,0.960,10261,-0.007511
2,3,0.950,0.960,10262,-0.005788
2,3,0.950,0.960,10263,-0.009550
2,3,0.950,0.960,10264,0.009977
2,3,0.950,0.960,10265,0.010781
2,3,0.950,0.960,10266,-0.001814
2,3,0.950,0.960,10267,-0.006631
2,3,0.950,0.960,10268,-0.020798
2,3,0.950,0.960,10269,-0.009329
2,3,0.950,0.960,10270,-0.021323
2,3,0.950,0.960,10271,-0.001485
2,3,0.950,0.960,10272,-0.006666
2,3,0.950,0.960,10273,0.007156
2,3,0.950,0.960,10274,-0.012712
2,3,0.950,0.960,10275,0.000803
2,3,0.950,0.960,10276,0.017483
2,3,0.950,0.960,10277,-0.009070
2,3,0.950,0.960,10278,-0.001898
2,3,0.950,0.960,10279,-0.031420
2,3,0.950,0.960,10280,-0.005275
2,3,0.950,0.960,10281,0.006796
2,3,0.950,0.960,10282,-0.002123
2,3,0.950,0.960,10283,-0.009437
2,3,0.950,0.960,10284,-0.029387
2,3,0.950,0.960,10285,-0.008208
2,3,0.950,0.960,10286,-0.005226
2,3,0.950,0.960,10287,-0.009889
2,3,0.950,0.960,10288,-0.005878
2,3,0.950,0.960,10289,0.010934
2,3,0.950,0.960,10290,0.011359
2,3,0.950,0.960,10291,-0.002532
2,3,0.950,0.960,10292,-0.020400
2,3,0.950,0.960,10293,-0.012289
2,3,0.950,0.960,10294,-0.013429
2,3,0.950,0.960,10295,-0.000521
2,3,0.950,0.960,10296,0.025947
2,3,0.950,0.960,10297,0.014568
2,3,0.950,0.960,10298,0.003422
2,3,0.950,0.960,10299,0.008082
2,3,0.950,0.960,10300,0.020812
2,3,0.950,0.960,10301,0.011671
2,3,0.950,0.960,10302,0.010519
2,3,0.950,0.960,10303,0.015739
2,3,0.950,0.960,10304,-0.000613
2,3,0.950,0.960,10305,-0.012901
2,3,0.950,0.960,10306,-0.010088
2,3,0.950,0.960,10307,0.010241
2,3,0.950,0.960,10308,-0.001231
2,3,0.950,0.960,10309,-0.003064
2,3,0.950,0.960,10310,-0.004115
2,3,0.950,0.960,10311,-0.005146
2,3,0.950,0.960,10312,-0.004759
2,3,0.950,0.960,10313,0.006344
2,3,0.950,0.960,10314,-0.005644
2,3,0.950,0.960,10315,-0.020721
2,3,0.950,0.960,10316,-0.012074
2,3,0.950,0.960,10317,-0.002052
2,3,0.950,0.960,10318,-0.006327
2,3,0.950,0.960,10319,0.001469
2,3,0.950,0.960,10320,0.031869
2,3,0.950,0.960,10321,-0.004724
2,3,0.950,0.960,10322,0.005542
2,3,0.950,0.960,10323,0.012424
2,3,0.950,0.960,10324,-0.001410
2,3,0.950,0.960,10325,0.004131
2,3,0.950,0.960,10326,0.026858
2,3,0.950,0.960,10327,0.031728
2,3,0.950,0.960,10328,0.030603
2,3,0.950,0.960,10329,-0.019046
2,3,0.950,0.960,10330,0.001284
2,3,0.950,0.960,10331,0.014128
2,3,0.950,0.960,10332,0.009085
2,3,0.950,0.960,10333,-0.003987
2,3,0.950,0.960,10334,-0.012676
2,3,0.950,0.960,10335,-0.003108
2,3,0.950,0.960,10336,-0.004493
2,3,0.950,0.960,10337,0.001490
2,3,0.950,0.960,10338,0.019265
2,3,0.950,0.960,10339,-0.013991
2,3,0.950,0.960,10340,-0.036262
2,3,0.950,0.960,10341,0.008534
2,3,0.950,0.960,10342,0.014036
2,3,0.950,0.960,10343,-0.008391
2,3,0.950,0.960,10344,-0.020425
2,3,0.950,0.960,10345,-0.021422
2,3,0.950,0.960,10346,-0.000893
2,3,0.950,0.960,10347,0.002313
2,3,0.950,0.960,10348,0.009429
2,3,0.950,0.960,10349,0.009786
2,3,0.950,0.960,10350,0.014300
2,3,0.950,0.960,10351,-0.006416
2,3,0.950,0.960,10352,-0.004830
2,3,0.950,0.960,10353,0.000242
2,3,0.950,0.960,10354,-0.044768
2,3,0.950,0.960,10355,-0.038354
2,3,0.950,0.960,10356,-0.031901
2,3,0.950,0.960,10357,0.003562
2,3,0.950,0.960,10358,-0.021055
2,3,0.950,0.960,10359,-0.033594
2,3,0.950,0.960,10360,-0.027085
2,3,0.950,0.960,10361,-0.025347
2,3,0.950,0.960,10362,-0.006398
2,3,0.950,0.960,10363,-0.035748
2,3,0.950,0.960,10364,-0.032803
2,3,0.950,0.960,10365,-0.020989
2,3,0.950,0.960,10366,-0.003081
2,3,0.950,0.960,10367,-0.017671
2,3,0.950,0.960,10368,-0.010637
2,3,0.950,0.960,10369,-0.013291
2,3,0.950,0.960,10370,0.004288
2,3,0.950,0.960,10371,-0.014893
2,3,0.950,0.960,10372,-0.012007
2,3,0.950,0.960,10373,-0.003372
2,3,0.950,0.960,10374,-0.009012
2,3,0.950,0.960,10375,0.013527
2,3,0.950,0.960,10376,-0.011364
2,3,0.950,0.960,10377,-0.007233
2,3,0.950,0.960,10378,-0.023217
2,3,0.950,0.960,10379,-0.009220
2,3,0.950,0.960,10380,0.013724
2,3,0.950,0.960,10381,0.011184
2,3,0.950,0.960,10382,0.007696
2,3,0.950,0.960,10383,-0.015826
2,3,0.950,0.960,10384,-0.014017
2,3,0.950,0.960,10385,-0.004203
2,3,0.950,0.960,10386,-0.000282
2,3,0.950,0.960,10387,-0.004058
2,3,0.950,0.960,10388,0.003462
2,3,0.950,0.960,10389,-0.011802
2,3,0.950,0.960,10390,-0.001499
2,3,0.950,0.960,10391,0.001022
2,3,0.950,0.960,10392,-0.000103
2,3,0.950,0.960,10393,0.006540
2,3,0.950,0.960,10394,-0.008895
2,3,0.950,0.960,10395,-0.029087
2,3,0.950,0.960,10396,-0.003024
2,3,0.950,0.960,10397,0.005132
2,3,0.950,0.960,10398,-0.005081
2,3,0.950,0.960,10399,-0.010773
2,3,0.950,0.960,10400,-0.002705
2,3,0.950,0.960,10401,0.005515
2,3,0.950,0.960,10402,0.002161
2,3,0.950,0.960,10403,0.001833
2,3,0.950,0.960,10404,0.014526
2,3,0.950,0.960,10405,-0.015403
2,3,0.950,0.960,10406,-0.003923
2,3,0.950,0.960,10407,-0.004052
2,3,0.950,0.960,10408,-0.009989
2,3,0.950,0.960,10409,0.007260
2,3,0.950,0.960,10410,-0.010966
2,3,0.950,0.960,10411,0.005327
2,3,0.950,0.960,10412,0.016457
2,3,0.950,0.960,10413,0.004775
2,3,0.950,0.960,10414,-0.013070
2,3,0.950,0.960,10415,-0.006542
2,3,0.950,0.960,10416,0.007336
2,3,0.950,0.960,10417,0.009428
2,3,0.950,0.960,10418,-0.020636
2,3,0.950,0.960,10419,-0.015624
2,3,0.950,0.960,10420,-0.015512
2,3,0.950,0.960,10421,-0.005596
2,3,0.950,0.960,10422,-0.015641
2,3,0.950,0.960,10423,-0.010328
2,3,0.950,0.960,10424,0.005989
2,3,0.950,0.960,10425,-0.003124
2,3,0.950,0.960,10426,0.025161
2,3,0.950,0.960,10427,0.025705
2,3,0.950,0.960,10428,0.013437
2,3,0.950,0.960,10429,0.016691
2,3,0.950,0.960,10430,0.022602
2,3,0.950,0.960,10431,0.009981
2,3,0.950,0.960,10432,0.020375
2,3,0.950,0.960,10433,0.006368
2,3,0.950,0.960,10434,0.008370
2,3,0.950,0.960,10435,0.022634
2,3,0.950,0.960,10436,0.024611
2,3,0.950,0.960,10437,-0.007221
2,3,0.950,0.960,10438,-0.007821
2,3,0.950,0.960,10439,0.013263
2,3,0.950,0.960,10440,-0.000421
2,3,0.950,0.960,10441,0.011431
2,3,0.950,0.960,10442,-0.023260
2,3,0.950,0.960,10443,-0.006015
2,3,0.950,0.960,10444,-0.002818
2,3,0.950,0.960,10445,-0.010080
2,3,0.950,0.960,10446,-0.001728
2,3,0.950,0.960,10447,-0.004597
2,3,0.950,0.960,10448,0.022738
2,3,0.950,0.960,10449,0.026825
2,3,0.950,0.960,10450,0.006605
2,3,0.950,0.960,10451,-0.012777
2,3,0.950,0.960,10452,0.008742
2,3,0.950,0.960,10453,-0.017391
2,3,0.950,0.960,10454,-0.003628
2,3,0.950,0.960,10455,0.007052
2,3,0.950,0.960,10456,0.027544
2,3,0.950,0.960,10457,-0.012909
2,3,0.950,0.960,10458,0.026838
2,3,0.950,0.960,10459,0.001499
2,3,0.950,0.960,10460,0.007022
2,3,0.950,0.960,10461,0.010258
2,3,0.950,0.960,10462,-0.007937
2,3,0.950,0.960,10463,-0.005894
2,3,0.950,0.960,10464,-0.005371
2,3,0.950,0.960,10465,-0.027476
2,3,0.950,0.960,10466,-0.028246
2,3,0.950,0.960,10467,0.004115
2,3,0.950,0.960,10468,0.014410
2,3,0.950,0.960,10469,-0.006752
2,3,0.950,0.960,10470,-0.007754
2,3,0.950,0.960,10471,0.013135
2,3,0.950,0.960,10472,0.006841
2,3,0.950,0.960,10473,0.032221
2,3,0.950,0.960,10474,0.003951
2,3,0.950,0.960,10475,-0.005127
2,3,0.950,0.960,10476,-0.008298
2,3,0.950,0.960,10477,0.022174
2,3,0.950,0.960,10478,0.007388
2,3,0.950,0.960,10479,0.023522
2,3,0.950,0.960,10480,-0.002791
2,3,0.950,0.960,10481,-0.022940
2,3,0.950,0.960,10482,-0.032038
2,3,0.950,0.960,10483,-0.000127
2,3,0.950,0.960,10484,0.001998
2,3,0.950,0.960,10485,-0.000339
2,3,0.950,0.960,10486,-0.012591
2,3,0.950,0.960,10487,-0.009830
2,3,0.950,0.960,10488,0.005118
2,3,0.950,0.960,10489,-0.017326
2,3,0.950,0.960,10490,0.016219
2,3,0.950,0.960,10491,-0.017434
2,3,0.950,0.960,10492,-0.018244
2,3,0.950,0.960,10493,0.016736
2,3,0.950,0.960,10494,0.025675
2,3,0.950,0.960,10495,0.014866
2,3,0.950,0.960,10496,0.009960
2,3,0.950,0.960,10497,-0.028585
2,3,0.950,0.960,10498,-0.023658
2,3,0.950,0.960,10499,0.014936
2,3,0.950,0.960,10500,0.006995
2,3,0.950,0.960,10501,0.006336
2,3,0.950,0.960,10502,-0.015597
2,3,0.950,0.960,10503,-0.004057
2,3,0.950,0.960,10504,0.008488
2,3,0.950,0.960,10505,0.005883
2,3,0.950,0.960,10506,0.010170
2,3,0.950,0.960,10507,0.008495
2,3,0.950,0.960,10508,0.023617
2,3,0.950,0.960,10509,0.034812
2,3,0.950,0.960,10510,0.018176
2,3,0.950,0.960,10511,-0.003938
2,3,0.950,0.960,10512,0.015938
2,3,0.950,0.960,10513,0.008264
2,3,0.950,0.960,10514,-0.006847
2,3,0.950,0.960,10515,0.019317
2,3,0.950,0.960,10516,0.007108
2,3,0.950,0.960,10517,-0.005528
2,3,0.950,0.960,10518,-0.015379
2,3,0.950,0.960,10519,-0.011416
2,3,0.950,0.960,10520,0.018251
2,3,0.950,0.960,10521,0.007351
2,3,0.950,0.960,10522,-0.012084
2,3,0.950,0.960,10523,0.003126
2,3,0.950,0.960,10524,0.032139
2,3,0.950,0.960,10525,0.034461
2,3,0.950,0.960,10526,0.020290
2,3,0.950,0.960,10527,0.006482
2,3,0.950,0.960,10528,-0.017201
2,3,0.950,0.960,10529,-0.012109
2,3,0.950,0.960,10530,-0.004343
2,3,0.950,0.960,10531,0.002565
2,3,0.950,0.960,10532,-0.010483
2,3,0.950,0.960,10533,-0.013351
2,3,0.950,0.960,10534,-0.009102
2,3,0.950,0.960,10535,-0.011843
2,3,0.950,0.960,10536,-0.001058
2,3,0.950,0.960,10537,-0.017970
2,3,0.950,0.960,10538,-0.004667
2,3,0.950,0.960,10539,-0.017953
2,3,0.950,0.960,10540,0.003136
2,3,0.950,0.960,10541,-0.006799
2,3,0.950,0.960,10542,-0.028493
2,3,0.950,0.960,10543,-0.016025
2,3,0.950,0.960,10544,0.010226
2,3,0.950,0.960,10545,0.001144
2,3,0.950,0.960,10546,0.006976
2,3,0.950,0.960,10547,-0.014997
2,3,0.950,0.960,10548,-0.021989
2,3,0.950,0.960,10549,0.006333
2,3,0.950,0.960,10550,0.004915
2,3,0.950,0.960,10551,0.014667
2,3,0.950,0.960,10552,-0.009790
2,3,0.950,0.960,10553,-0.017352
2,3,0.950,0.960,10554,0.002104
2,3,0.950,0.960,10555,0.006054
2,3,0.950,0.960,10556,0.018929
2,3,0.950,0.960,10557,-0.005866
2,3,0.950,0.960,10558,-0.018430
2,3,0.950,0.960,10559,-0.021689
2,3,0.950,0.960,10560,-0.042929
2,3,0.950,0.960,10561,-0.008314
2,3,0.950,0.960,10562,0.026662
2,3,0.950,0.960,10563,0.010480
2,3,0.950,0.960,10564,-0.041623
2,3,0.950,0.960,10565,-0.018495
2,3,0.950,0.960,10566,0.011780
2,3,0.950,0.960,10567,0.001546
2,3,0.950,0.960,10568,0.006795
2,3,0.950,0.960,10569,0.019467
2,3,0.950,0.960,10570,0.017103
2,3,0.950,0.960,10571,-0.006364
2,3,0.950,0.960,10572,-0.040979
2,3,0.950,0.960,10573,0.003354
2,3,0.950,0.960,10574,0.043963
2,3,0.950,0.960,10575,0.012644
2,3,0.950,0.960,10576,0.001807
2,3,0.950,0.960,10577,0.004813
2,3,0.950,0.960,10578,-0.000278
2,3,0.950,0.960,10579,0.033305
2,3,0.950,0.960,10580,0.040420
2,3,0.950,0.960,10581,0.016163
2,3,0.950,0.960,10582,0.013296
2,3,0.950,0.960,10583,0.009522
2,3,0.950,0.960,10584,0.024643
2,3,0.950,0.960,10585,0.014375
2,3,0.950,0.960,10586,0.014207
2,3,0.950,0.960,10587,0.024434
2,3,0.950,0.960,10588,0.049263
2,3,0.950,0.960,10589,0.015427
2,3,0.950,0.960,10590,0.018997
2,3,0.950,0.960,10591,-0.017605
2,3,0.950,0.960,10592,0.023917
2,3,0.950,0.960,10593,0.035096
2,3,0.950,0.960,10594,0.025271
2,3,0.950,0.960,10595,-0.003859
2,3,0.950,0.960,10596,-0.012178
2,3,0.950,0.960,10597,0.003253
2,3,0.950,0.960,10598,0.007803
2,3,0.950,0.960,10599,0.006612
2,3,0.950,0.960,10600,0.000228
2,3,0.950,0.960,10601,-0.022955
2,3,0.950,0.960,10602,-0.018882
2,3,0.950,0.960,10603,0.002992
2,3,0.950,0.960,10604,0.009896
2,3,0.950,0.960,10605,-0.000324
2,3,0.950,0.960,10606,0.008054
2,3,0.950,0.960,10607,-0.027794
2,3,0.950,0.960,10608,0.001467
2,3,0.950,0.960,10609,0.025933
2,3,0.950,0.960,10610,0.004472
2,3,0.950,0.960,10611,0.007516
2,3,0.950,0.960,10612,0.010785
2,3,0.950,0.960,10613,-0.021861
2,3,0.950,0.960,10614,-0.002093
2,3,0.950,0.960,10615,-0.008691
2,3,0.950,0.960,10616,-0.003688
2,3,0.950,0.960,10617,-0.019873
2,3,0.950,0.960,10618,-0.002340
2,3,0.950,0.960,10619,0.022116
2,3,0.950,0.960,10620,0.006477
2,3,0.950,0.960,10621,-0.009008
2,3,0.950,0.960,10622,-0.013981
2,3,0.950,0.960,10623,0.009470
2,3,0.950,0.960,10624,-0.003366
2,3,0.950,0.960,10625,-0.018074
2,3,0.950,0.960,10626,-0.006015
2,3,0.950,0.960,10627,0.007090
2,3,0.950,0.960,10628,0.020544
2,3,0.950,0.960,10629,0.006968
2,3,0.950,0.960,10630,0.014704
2,3,0.950,0.960,10631,0.005532
2,3,0.950,0.960,10632,-0.016987
2,3,0.950,0.960,10633,-0.009321
2,3,0.950,0.960,10634,0.026945
2,3,0.950,0.960,10635,0.030469
2,3,0.950,0.960,10636,0.009556
2,3,0.950,0.960,10637,0.005663
2,3,0.950,0.960,10638,0.020800
2,3,0.950,0.960,10639,0.008799
2,3,0.950,0.960,10640,-0.007974
2,3,0.950,0.960,10641,-0.031095
2,3,0.950,0.960,10642,-0.012021
2,3,0.950,0.960,10643,0.009594
2,3,0.950,0.960,10644,0.019714
2,3,0.950,0.960,10645,0.020112
2,3,0.950,0.960,10646,-0.001783
2,3,0.950,0.960,10647,-0.024383
2,3,0.950,0.960,10648,0.007178
2,3,0.950,0.960,10649,0.004485
2,3,0.950,0.960,10650,-0.010756
2,3,0.950,0.960,10651,-0.020662
2,3,0.950,0.960,10652,-0.012404
2,3,0.950,0.960,10653,0.010563
2,3,0.950,0.960,10654,0.007242
2,3,0.950,0.960,10655,-0.010281
2,3,0.950,0.960,10656,-0.004596
2,3,0.950,0.960,10657,-0.010420
2,3,0.950,0.960,10658,0.013423
2,3,0.950,0.960,10659,0.016719
2,3,0.950,0.960,10660,0.013149
2,3,0.950,0.960,10661,-0.003855
2,3,0.950,0.960,10662,0.020777
2,3,0.950,0.960,10663,0.010518
2,3,0.950,0.960,10664,-0.012361
2,3,0.950,0.960,10665,-0.011607
2,3,0.950,0.960,10666,0.002357
2,3,0.950,0.960,10667,-0.003299
2,3,0.950,0.960,10668,-0.008474
2,3,0.950,0.960,10669,-0.024939
2,3,0.950,0.960,10670,-0.019486
2,3,0.950,0.960,10671,-0.003141
2,3,0.950,0.960,10672,-0.001428
2,3,0.950,0.960,10673,-0.042062
2,3,0.950,0.960,10674,-0.021958
2,3,0.950,0.960,10675,-0.001651
2,3,0.950,0.960,10676,0.015752
2,3,0.950,0.960,10677,0.017254
2,3,0.950,0.960,10678,0.003742
2,3,0.950,0.960,10679,0.003714
2,3,0.950,0.960,10680,0.013509
2,3,0.950,0.960,10681,0.027171
2,3,0.950,0.960,10682,0.016105
2,3,0.950,0.960,10683,0.006476
2,3,0.950,0.960,10684,0.011963
2,3,0.950,0.960,10685,0.001457
2,3,0.950,0.960,10686,-0.011264
2,3,0.950,0.960,10687,0.025872
2,3,0.950,0.960,10688,0.008338
2,3,0.950,0.960,10689,-0.035985
2,3,0.950,0.960,10690,-0.013382
2,3,0.950,0.960,10691,-0.011596
2,3,0.950,0.960,10692,-0.016195
2,3,0.950,0.960,10693,-0.001170
2,3,0.950,0.960,10694,-0.009060
2,3,0.950,0.960,10695,-0.023923
2,3,0.950,0.960,10696,-0.043495
2,3,0.950,0.960,10697,0.008069
2,3,0.950,0.960,10698,-0.018885
2,3,0.950,0.960,10699,-0.014958
2,3,0.950,0.960,10700,-0.018180
2,3,0.950,0.960,10701,-0.020785
2,3,0.950,0.960,10702,-0.024136
2,3,0.950,0.960,10703,-0.016298
2,3,0.950,0.960,10704,0.007761
2,3,0.950,0.960,10705,0.010057
2,3,0.950,0.960,10706,-0.014462
2,3,0.950,0.960,10707,0.005400
2,3,0.950,0.960,10708,-0.001243
2,3,0.950,0.960,10709,0.002831
2,3,0.950,0.960,10710,-0.002767
2,3,0.950,0.960,10711,0.018855
2,3,0.950,0.960,10712,-0.020940
2,3,0.950,0.960,10713,-0.001630
2,3,0.950,0.960,10714,0.021390
2,3,0.950,0.960,10715,-0.001624
2,3,0.950,0.960,10716,-0.012911
2,3,0.950,0.960,10717,-0.001340
2,3,0.950,0.960,10718,0.010309
2,3,0.950,0.960,10719,0.003845
2,3,0.950,0.960,10720,0.001871
2,3,0.950,0.960,10721,0.000926
2,3,0.950,0.960,10722,0.021550
2,3,0.950,0.960,10723,0.013537
2,3,0.950,0.960,10724,-0.017022
2,3,0.950,0.960,10725,-0.032060
2,3,0.950,0.960,10726,-0.019139
2,3,0.950,0.960,10727,-0.000156
2,3,0.950,0.960,10728,0.015199
2,3,0.950,0.960,10729,-0.015632
2,3,0.950,0.960,10730,-0.003907
2,3,0.950,0.960,10731,0.008835
2,3,0.950,0.960,10732,0.009731
2,3,0.950,0.960,10733,-0.004212
2,3,0.950,0.960,10734,0.020536
2,3,0.950,0.960,10735,-0.006675
2,3,0.950,0.960,10736,-0.001362
2,3,0.950,0.960,10737,0.003853
2,3,0.950,0.960,10738,0.030816
2,3,0.950,0.960,10739,-0.004696
2,3,0.950,0.960,10740,-0.008674
2,3,0.950,0.960,10741,-0.016962
2,3,0.950,0.960,10742,-0.007476
2,3,0.950,0.960,10743,0.001383
2,3,0.950,0.960,10744,-0.018422
2,3,0.950,0.960,10745,-0.019442
2,3,0.950,0.960,10746,-0.012258
2,3,0.950,0.960,10747,0.009767
2,3,0.950,0.960,10748,0.036530
2,3,0.950,0.960,10749,-0.002652
2,3,0.950,0.960,10750,-0.009438
2,3,0.950,0.960,10751,0.007570
2,3,0.950,0.960,10752,0.022173
2,3,0.950,0.960,10753,0.032585
2,3,0.950,0.960,10754,-0.008119
2,3,0.950,0.960,10755,0.017361
2,3,0.950,0.960,10756,0.025126
2,3,0.950,0.960,10757,0.002449
2,3,0.950,0.960,10758,0.003222
2,3,0.950,0.960,10759,-0.021222
2,3,0.950,0.960,10760,-0.025410
2,3,0.950,0.960,10761,-0.023622
2,3,0.950,0.960,10762,0.002051
2,3,0.950,0.960,10763,-0.005279
2,3,0.950,0.960,10764,-0.008042
2,3,0.950,0.960,10765,-0.004238
2,3,0.950,0.960,10766,0.002922
2,3,0.950,0.960,10767,0.006219
2,3,0.950,0.960,10768,-0.000336
2,3,0.950,0.960,10769,-0.017632
2,3,0.950,0.960,10770,-0.004842
2,3,0.950,0.960,10771,-0.010575
2,3,0.950,0.960,10772,0.016274
2,3,0.950,0.960,10773,-0.007424
2,3,0.950,0.960,10774,-0.000996
2,3,0.950,0.960,10775,0.004395
2,3,0.950,0.960,10776,-0.000914
2,3,0.950,0.960,10777,-0.009251
2,3,0.950,0.960,10778,-0.003039
2,3,0.950,0.960,10779,-0.037373
2,3,0.950,0.960,10780,-0.022605
2,3,0.950,0.960,10781,0.010972
2,3,0.950,0.960,10782,0.004183
2,3,0.950,0.960,10783,-0.025857
2,3,0.950,0.960,10784,-0.037955
2,3,0.950,0.960,10785,-0.015640
2,3,0.950,0.960,10786,0.008547
2,3,0.950,0.960,10787,0.008520
2,3,0.950,0.960,10788,0.001852
2,3,0.950,0.960,10789,-0.026034
2,3,0.950,0.960,10790,-0.014653
2,3,0.950,0.960,10791,-0.020227
2,3,0.950,0.960,10792,-0.003528
2,3,0.950,0.960,10793,-0.019174
2,3,0.950,0.960,10794,-0.017858
2,3,0.950,0.960,10795,-0.003157
2,3,0.950,0.960,10796,-0.000894
2,3,0.950,0.960,10797,0.009877
2,3,0.950,0.960,10798,-0.014985
2,3,0.950,0.960,10799,0.017584
2,3,0.950,0.960,10800,0.005201
2,3,0.950,0.960,10801,0.019189
2,3,0.950,0.960,10802,-0.012979
2,3,0.950,0.960,10803,0.010181
2,3,0.950,0.960,10804,0.015294
2,3,0.950,0.960,10805,0.000894
2,3,0.950,0.960,10806,-0.003279
2,3,0.950,0.960,10807,-0.008991
2,3,0.950,0.960,10808,-0.008411
2,3,0.950,0.960,10809,-0.022275
2,3,0.950,0.960,10810,0.003606
2,3,0.950,0.960,10811,-0.018710
2,3,0.950,0.960,10812,0.002800
2,3,0.950,0.960,10813,0.001876
2,3,0.950,0.960,10814,0.008539
2,3,0.950,0.960,10815,0.007086
2,3,0.950,0.960,10816,-0.029178
2,3,0.950,0.960,10817,-0.008782
2,3,0.950,0.960,10818,0.011802
2,3,0.950,0.960,10819,0.006966
2,3,0.950,0.960,10820,-0.019676
2,3,0.950,0.960,10821,-0.021890
2,3,0.950,0.960,10822,-0.017728
2,3,0.950,0.960,10823,0.001498
2,3,0.950,0.960,10824,-0.011084
2,3,0.950,0.960,10825,0.010159
2,3,0.950,0.960,10826,0.007221
2,3,0.950,0.960,10827,0.000436
2,3,0.950,0.960,10828,0.004987
2,3,0.950,0.960,10829,-0.013284
2,3,0.950,0.960,10830,-0.001025
2,3,0.950,0.960,10831,0.001040
2,3,0.950,0.960,10832,-0.001768
2,3,0.950,0.960,10833,0.008149
2,3,0.950,0.960,10834,-0.000467
2,3,0.950,0.960,10835,-0.024414
2,3,0.950,0.960,10836,-0.027593
2,3,0.950,0.960,10837,0.010584
2,3,0.950,0.960,10838,-0.001675
2,3,0.950,0.960,10839,0.007655
2,3,0.950,0.960,10840,0.008295
2,3,0.950,0.960,10841,-0.007120
2,3,0.950,0.960,10842,-0.019021
2,3,0.950,0.960,10843,-0.012904
2,3,0.950,0.960,10844,0.020654
2,3,0.950,0.960,10845,-0.001403
2,3,0.950,0.960,10846,-0.013409
2,3,0.950,0.960,10847,-0.011394
2,3,0.950,0.960,10848,-0.008961
2,3,0.950,0.960,10849,-0.008801
2,3,0.950,0.960,10850,-0.016773
2,3,0.950,0.960,10851,0.002386
2,3,0.950,0.960,10852,0.020937
2,3,0.950,0.960,10853,0.013332
2,3,0.950,0.960,10854,0.001830
2,3,0.950,0.960,10855,-0.003620
2,3,0.950,0.960,10856,0.005704
2,3,0.950,0.960,10857,0.023925
2,3,0.950,0.960,10858,-0.001123
2,3,0.950,0.960,10859,0.014603
2,3,0.950,0.960,10860,-0.010531
2,3,0.950,0.960,10861,-0.014798
2,3,0.950,0.960,10862,-0.013670
2,3,0.950,0.960,10863,0.015313
2,3,0.950,0.960,10864,-0.003047
2,3,0.950,0.960,10865,-0.016144
2,3,0.950,0.960,10866,0.006807
2,3,0.950,0.960,10867,0.005951
2,3,0.950,0.960,10868,0.017850
2,3,0.950,0.960,10869,-0.019555
2,3,0.950,0.960,10870,-0.004675
2,3,0.950,0.960,10871,-0.000526
2,3,0.950,0.960,10872,-0.018875
2,3,0.950,0.960,10873,-0.017738
2,3,0.950,0.960,10874,-0.015736
2,3,0.950,0.960,10875,-0.024358
2,3,0.950,0.960,10876,-0.027595
2,3,0.950,0.960,10877,0.002051
2,3,0.950,0.960,10878,0.005332
2,3,0.950,0.960,10879,-0.007127
2,3,0.950,0.960,10880,0.010746
2,3,0.950,0.960,10881,0.017564
2,3,0.950,0.960,10882,0.033930
2,3,0.950,0.960,10883,-0.006576
2,3,0.950,0.960,10884,-0.003586
2,3,0.950,0.960,10885,-0.009356
2,3,0.950,0.960,10886,0.007974
2,3,0.950,0.960,10887,0.026549
2,3,0.950,0.960,10888,-0.004988
2,3,0.950,0.960,10889,0.009601
2,3,0.950,0.960,10890,0.000776
2,3,0.950,0.960,10891,0.008275
2,3,0.950,0.960,10892,-0.007398
2,3,0.950,0.960,10893,-0.010759
2,3,0.950,0.960,10894,-0.000812
2,3,0.950,0.960,10895,-0.006468
2,3,0.950,0.960,10896,0.010186
2,3,0.950,0.960,10897,0.008158
2,3,0.950,0.960,10898,0.024453
2,3,0.950,0.960,10899,-0.013526
2,3,0.950,0.960,10900,-0.001475
2,3,0.950,0.960,10901,-0.005379
2,3,0.950,0.960,10902,-0.004667
2,3,0.950,0.960,10903,-0.015633
2,3,0.950,0.960,10904,-0.023361
2,3,0.950,0.960,10905,-0.025346
2,3,0.950,0.960,10906,-0.000247
2,3,0.950,0.960,10907,0.003930
2,3,0.950,0.960,10908,-0.014477
2,3,0.950,0.960,10909,0.001099
2,3,0.950,0.960,10910,0.002960
2,3,0.950,0.960,10911,0.003643
2,3,0.950,0.960,10912,0.010279
2,3,0.950,0.960,10913,0.000347
2,3,0.950,0.960,10914,-0.005855
2,3,0.950,0.960,10915,0.002297
2,3,0.950,0.960,10916,0.010782
2,3,0.950,0.960,10917,0.027661
2,3,0.950,0.960,10918,0.026292
2,3,0.950,0.960,10919,0.002800
2,3,0.950,0.960,10920,-0.000138
2,3,0.950,0.960,10921,0.015672
2,3,0.950,0.960,10922,0.027473
2,3,0.950,0.960,10923,0.007910
2,3,0.950,0.960,10924,0.009682
2,3,0.950,0.960,10925,0.017955
2,3,0.950,0.960,10926,0.021977
2,3,0.950,0.960,10927,0.022515
2,3,0.950,0.960,10928,0.020415
2,3,0.950,0.960,10929,0.021280
2,3,0.950,0.960,10930,0.018799
2,3,0.950,0.960,10931,0.013883
2,3,0.950,0.960,10932,0.014238
2,3,0.950,0.960,10933,-0.002161
2,3,0.950,0.960,10934,-0.013648
2,3,0.950,0.960,10935,0.008517
2,3,0.950,0.960,10936,0.018389
2,3,0.950,0.960,10937,0.008042
2,3,0.950,0.960,10938,0.034064
2,3,0.950,0.960,10939,0.026268
2,3,0.950,0.960,10940,-0.000233
2,3,0.950,0.960,10941,0.015081
2,3,0.950,0.960,10942,0.012891
2,3,0.950,0.960,10943,0.005115
2,3,0.950,0.960,10944,0.005927
2,3,0.950,0.960,10945,0.003076
2,3,0.950,0.960,10946,0.017958
2,3,0.950,0.960,10947,-0.000407
2,3,0.950,0.960,10948,0.010179
2,3,0.950,0.960,10949,-0.011034
2,3,0.950,0.960,10950,0.002866
2,3,0.950,0.960,10951,0.012451
2,3,0.950,0.960,10952,-0.017079
2,3,0.950,0.960,10953,-0.003975
2,3,0.950,0.960,10954,-0.003914
2,3,0.950,0.960,10955,-0.005729
2,3,0.950,0.960,10956,-0.014890
2,3,0.950,0.960,10957,-0.015063
2,3,0.950,0.960,10958,-0.011016
2,3,0.950,0.960,10959,-0.011631
2,3,0.950,0.960,10960,-0.004541
2,3,0.950,0.960,10961,0.013088
2,3,0.950,0.960,10962,-0.005891
2,3,0.950,0.960,10963,-0.007168
2,3,0.950,0.960,10964,-0.024760
2,3,0.950,0.960,10965,-0.005867
2,3,0.950,0.960,10966,-0.020960
2,3,0.950,0.960,10967,-0.037432
2,3,0.950,0.960,10968,-0.020255
2,3,0.950,0.960,10969,0.014078
2,3,0.950,0.960,10970,0.021806
2,3,0.950,0.960,10971,0.009904
2,3,0.950,0.960,10972,-0.026792
2,3,0.950,0.960,10973,-0.004867
2,3,0.950,0.960,10974,0.013464
2,3,0.950,0.960,10975,0.008251
2,3,0.950,0.960,10976,-0.022965
2,3,0.950,0.960,10977,-0.002157
2,3,0.950,0.960,10978,0.007747
2,3,0.950,0.960,10979,0.011793
2,3,0.950,0.960,10980,-0.018645
2,3,0.950,0.960,10981,0.010550
2,3,0.950,0.960,10982,0.001433
2,3,0.950,0.960,10983,0.011556
2,3,0.950,0.960,10984,0.006213
2,3,0.950,0.960,10985,0.012972
2,3,0.950,0.960,10986,-0.005569
2,3,0.950,0.960,10987,-0.009706
2,3,0.950,0.960,10988,0.002952
2,3,0.950,0.960,10989,0.019760
2,3,0.950,0.960,10990,0.011711
2,3,0.950,0.960,10991,0.008179
2,3,0.950,0.960,10992,0.010474
2,3,0.950,0.960,10993,0.008276
2,3,0.950,0.960,10994,0.009174
2,3,0.950,0.960,10995,0.017820
2,3,0.950,0.960,10996,0.008188
2,3,0.950,0.960,10997,0.022904
2,3,0.950,0.960,10998,0.037847
2,3,0.950,0.960,10999,0.028256
2,3,0.950,0.960,11000,0.039119
2,3,0.950,0.960,11001,0.029511
2,3,0.950,0.960,11002,0.012925
2,3,0.950,0.960,11003,0.014536
2,3,0.950,0.960,11004,0.017962
2,3,0.950,0.960,11005,0.007287
2,3,0.950,0.960,11006,0.012032
2,3,0.950,0.960,11007,0.003721
2,3,0.950,0.960,11008,0.008595
2,3,0.950,0.960,11009,0.025056
2,3,0.950,0.960,11010,-0.006412
2,3,0.950,0.960,11011,0.011159
2,3,0.950,0.960,11012,0.007798
2,3,0.950,0.960,11013,-0.002002
2,3,0.950,0.960,11014,0.002040
2,3,0.950,0.960,11015,0.016908
2,3,0.950,0.960,11016,-0.005849
2,3,0.950,0.960,11017,0.011133
2,3,0.950,0.960,11018,0.015830
2,3,0.950,0.960,11019,0.001596
2,3,0.950,0.960,11020,-0.014537
2,3,0.950,0.960,11021,0.031948
2,3,0.950,0.960,11022,0.035723
2,3,0.950,0.960,11023,0.003142
2,3,0.950,0.960,11024,0.000554
2,3,0.950,0.960,11025,0.011686
2,3,0.950,0.960,11026,0.025132
2,3,0.950,0.960,11027,0.017943
2,3,0.950,0.960,11028,-0.013796
2,3,0.950,0.960,11029,0.002101
2,3,0.950,0.960,11030,0.022254
2,3,0.950,0.960,11031,0.015624
2,3,0.950,0.960,11032,0.009379
2,3,0.950,0.960,11033,-0.034273
2,3,0.950,0.960,11034,-0.019607
2,3,0.950,0.960,11035,0.024777
2,3,0.950,0.960,11036,0.021088
2,3,0.950,0.960,11037,0.030022
2,3,0.950,0.960,11038,-0.006273
2,3,0.950,0.960,11039,-0.003548
2,3,0.950,0.960,11040,-0.001539
2,3,0.950,0.960,11041,0.022596
2,3,0.950,0.960,11042,-0.010521
2,3,0.950,0.960,11043,0.023336
2,3,0.950,0.960,11044,0.010544
2,3,0.950,0.960,11045,-0.002438
2,3,0.950,0.960,11046,-0.000083
2,3,0.950,0.960,11047,-0.002030
2,3,0.950,0.960,11048,-0.022286
2,3,0.950,0.960,11049,-0.019136
2,3,0.950,0.960,11050,-0.011972
2,3,0.950,0.960,11051,-0.012127
2,3,0.950,0.960,11052,0.029737
2,3,0.950,0.960,11053,0.003718
2,3,0.950,0.960,11054,-0.014683
2,3,0.950,0.960,11055,-0.021271
2,3,0.950,0.960,11056,-0.020661
2,3,0.950,0.960,11057,-0.012097
2,3,0.950,0.960,11058,-0.001591
2,3,0.950,0.960,11059,-0.035322
2,3,0.950,0.960,11060,0.008682
2,3,0.950,0.960,11061,-0.005009
2,3,0.950,0.960,11062,0.002539
2,3,0.950,0.960,11063,-0.016127
2,3,0.950,0.960,11064,0.005451
2,3,0.950,0.960,11065,0.016577
2,3,0.950,0.960,11066,0.007606
2,3,0.950,0.960,11067,-0.014422
2,3,0.950,0.960,11068,-0.003059
2,3,0.950,0.960,11069,-0.012626
2,3,0.950,0.960,11070,-0.005067
2,3,0.950,0.960,11071,-0.001128
2,3,0.950,0.960,11072,0.008894
2,3,0.950,0.960,11073,0.009103
2,3,0.950,0.960,11074,0.014368
2,3,0.950,0.960,11075,-0.003213
2,3,0.950,0.960,11076,0.015799
2,3,0.950,0.960,11077,0.026784
2,3,0.950,0.960,11078,0.014740
2,3,0.950,0.960,11079,0.016522
2,3,0.950,0.960,11080,-0.002844
2,3,0.950,0.960,11081,0.007303
2,3,0.950,0.960,11082,0.007014
2,3,0.950,0.960,11083,-0.014840
2,3,0.950,0.960,11084,0.011345
2,3,0.950,0.960,11085,0.007817
2,3,0.950,0.960,11086,0.025934
2,3,0.950,0.960,11087,0.013201
2,3,0.950,0.960,11088,-0.006455
2,3,0.950,0.960,11089,-0.012191
2,3,0.950,0.960,11090,0.007026
2,3,0.950,0.960,11091,0.004914
2,3,0.950,0.960,11092,-0.007994
2,3,0.950,0.960,11093,-0.009016
2,3,0.950,0.960,11094,-0.007363
2,3,0.950,0.960,11095,0.011651
2,3,0.950,0.960,11096,0.035129
2,3,0.950,0.960,11097,-0.000178
2,3,0.950,0.960,11098,-0.014658
2,3,0.950,0.960,11099,-0.015175
2,3,0.950,0.960,11100,0.018894
2,3,0.950,0.960,11101,0.011421
2,3,0.950,0.960,11102,0.007389
2,3,0.950,0.960,11103,0.010096
2,3,0.950,0.960,11104,-0.002690
2,3,0.950,0.960,11105,-0.008286
2,3,0.950,0.960,11106,0.007249
2,3,0.950,0.960,11107,0.016676
2,3,0.950,0.960,11108,0.010658
2,3,0.950,0.960,11109,0.006927
2,3,0.950,0.960,11110,0.013369
2,3,0.950,0.960,11111,0.018724
2,3,0.950,0.960,11112,0.018583
2,3,0.950,0.960,11113,0.028964
2,3,0.950,0.960,11114,0.028678
2,3,0.950,0.960,11115,-0.011858
2,3,0.950,0.960,11116,-0.003186
2,3,0.950,0.960,11117,0.002729
2,3,0.950,0.960,11118,0.005631
2,3,0.950,0.960,11119,-0.004758
2,3,0.950,0.960,11120,-0.029125
2,3,0.950,0.960,11121,-0.040273
2,3,0.950,0.960,11122,-0.007604
2,3,0.950,0.960,11123,-0.003186
2,3,0.950,0.960,11124,-0.014626
2,3,0.950,0.960,11125,-0.019137
2,3,0.950,0.960,11126,-0.028043
2,3,0.950,0.960,11127,0.006780
2,3,0.950,0.960,11128,0.009727
2,3,0.950,0.960,11129,-0.009313
2,3,0.950,0.960,11130,-0.009157
2,3,0.950,0.960,11131,-0.018843
2,3,0.950,0.960,11132,0.000468
2,3,0.950,0.960,11133,-0.015346
2,3,0.950,0.960,11134,-0.007927
2,3,0.950,0.960,11135,0.013381
2,3,0.950,0.960,11136,-0.005309
2,3,0.950,0.960,11137,0.004512
2,3,0.950,0.960,11138,0.003110
2,3,0.950,0.960,11139,0.018402
2,3,0.950,0.960,11140,0.002766
2,3,0.950,0.960,11141,-0.003831
2,3,0.950,0.960,11142,-0.011562
2,3,0.950,0.960,11143,0.005571
2,3,0.950,0.960,11144,-0.000783
2,3,0.950,0.960,11145,-0.020514
2,3,0.950,0.960,11146,0.001131
2,3,0.950,0.960,11147,-0.001337
2,3,0.950,0.960,11148,0.002688
2,3,0.950,0.960,11149,0.005135
2,3,0.950,0.960,11150,-0.025691
2,3,0.950,0.960,11151,-0.006120
2,3,0.950,0.960,11152,-0.024024
2,3,0.950,0.960,11153,-0.013304
2,3,0.950,0.960,11154,-0.013414
2,3,0.950,0.960,11155,-0.017330
2,3,0.950,0.960,11156,0.002551
2,3,0.950,0.960,11157,0.000103
2,3,0.950,0.960,11158,0.002832
2,3,0.950,0.960,11159,0.016254
2,3,0.950,0.960,11160,-0.008072
2,3,0.950,0.960,11161,-0.016306
2,3,0.950,0.960,11162,0.014426
2,3,0.950,0.960,11163,0.000425
2,3,0.950,0.960,11164,0.009936
2,3,0.950,0.960,11165,0.010396
2,3,0.950,0.960,11166,0.013325
2,3,0.950,0.960,11167,0.014180
2,3,0.950,0.960,11168,0.020969
2,3,0.950,0.960,11169,0.022126
2,3,0.950,0.960,11170,-0.006672
2,3,0.950,0.960,11171,-0.019760
2,3,0.950,0.960,11172,0.001202
2,3,0.950,0.960,11173,-0.002888
2,3,0.950,0.960,11174,0.000785
2,3,0.950,0.960,11175,0.018482
2,3,0.950,0.960,11176,-0.021521
2,3,0.950,0.960,11177,-0.008022
2,3,0.950,0.960,11178,0.032052
2,3,0.950,0.960,11179,0.015757
2,3,0.950,0.960,11180,0.007399
2,3,0.950,0.960,11181,-0.005354
2,3,0.950,0.960,11182,0.003760
2,3,0.950,0.960,11183,0.017851
2,3,0.950,0.960,11184,0.002660
2,3,0.950,0.960,11185,0.003111
2,3,0.950,0.960,11186,-0.008643
2,3,0.950,0.960,11187,-0.005287
2,3,0.950,0.960,11188,0.003679
2,3,0.950,0.960,11189,-0.017525
2,3,0.950,0.960,11190,-0.021722
2,3,0.950,0.960,11191,0.006746
2,3,0.950,0.960,11192,0.018187
2,3,0.950,0.960,11193,-0.018723
2,3,0.950,0.960,11194,-0.030532
2,3,0.950,0.960,11195,0.004224
2,3,0.950,0.960,11196,-0.001810
2,3,0.950,0.960,11197,0.006921
2,3,0.950,0.960,11198,0.012620
2,3,0.950,0.960,11199,-0.007129
2,3,0.950,0.960,11200,0.007674
2,3,0.950,0.960,11201,-0.002632
2,3,0.950,0.960,11202,-0.006833
2,3,0.950,0.960,11203,0.008317
2,3,0.950,0.960,11204,0.013248
2,3,0.950,0.960,11205,-0.014907
2,3,0.950,0.960,11206,0.001493
2,3,0.950,0.960,11207,-0.000604
2,3,0.950,0.960,11208,-0.006127
2,3,0.950,0.960,11209,-0.004278
2,3,0.950,0.960,11210,-0.014061
2,3,0.950,0.960,11211,-0.011393
2,3,0.950,0.960,11212,0.011973
2,3,0.950,0.960,11213,0.016634
2,3,0.950,0.960,11214,-0.001001
2,3,0.950,0.960,11215,0.011121
2,3,0.950,0.960,11216,0.012429
2,3,0.950,0.960,11217,-0.001138
2,3,0.950,0.960,11218,-0.002263
2,3,0.950,0.960,11219,0.019927
2,3,0.950,0.960,11220,0.008975
2,3,0.950,0.960,11221,-0.006049
2,3,0.950,0.960,11222,-0.011149
2,3,0.950,0.960,11223,-0.004149
2,3,0.950,0.960,11224,0.005324
2,3,0.950,0.960,11225,0.036148
2,3,0.950,0.960,11226,0.001741
2,3,0.950,0.960,11227,-0.017023
2,3,0.950,0.960,11228,-0.003502
2,3,0.950,0.960,11229,0.002832
2,3,0.950,0.960,11230,0.012890
2,3,0.950,0.960,11231,-0.005651
2,3,0.950,0.960,11232,-0.005990
2,3,0.950,0.960,11233,-0.010401
2,3,0.950,0.960,11234,-0.024710
2,3,0.950,0.960,11235,0.010755
2,3,0.950,0.960,11236,0.013759
2,3,0.950,0.960,11237,0.007842
2,3,0.950,0.960,11238,-0.011626
2,3,0.950,0.960,11239,0.010056
2,3,0.950,0.960,11240,0.007856
2,3,0.950,0.960,11241,0.001615
2,3,0.950,0.960,11242,-0.012510
2,3,0.950,0.960,11243,-0.009081
2,3,0.950,0.960,11244,0.000787
2,3,0.950,0.960,11245,0.026278
2,3,0.950,0.960,11246,-0.008006
2,3,0.950,0.960,11247,-0.033853
2,3,0.950,0.960,11248,-0.023282
2,3,0.950,0.960,11249,-0.017938
2,3,0.950,0.960,11250,0.002843
2,3,0.950,0.960,11251,-0.000865
2,3,0.950,0.960,11252,-0.005356
2,3,0.950,0.960,11253,-0.003957
2,3,0.950,0.960,11254,0.005086
2,3,0.950,0.960,11255,-0.007801
2,3,0.950,0.960,11256,-0.001038
2,3,0.950,0.960,11257,-0.008099
2,3,0.950,0.960,11258,0.002120
2,3,0.950,0.960,11259,0.005641
2,3,0.950,0.960,11260,0.002409
2,3,0.950,0.960,11261,-0.009849
2,3,0.950,0.960,11262,-0.023668
2,3,0.950,0.960,11263,-0.013521
2,3,0.950,0.960,11264,-0.006339
2,3,0.950,0.960,11265,-0.005198
2,3,0.950,0.960,11266,-0.012906
2,3,0.950,0.960,11267,0.022126
2,3,0.950,0.960,11268,0.012995
2,3,0.950,0.960,11269,0.028458
2,3,0.950,0.960,11270,-0.012667
2,3,0.950,0.960,11271,0.000561
2,3,0.950,0.960,11272,-0.019983
2,3,0.950,0.960,11273,-0.034151
2,3,0.950,0.960,11274,0.021486
2,3,0.950,0.960,11275,-0.005234
2,3,0.950,0.960,11276,-0.020267
2,3,0.950,0.960,11277,0.002398
2,3,0.950,0.960,11278,0.016169
2,3,0.950,0.960,11279,-0.009910
2,3,0.950,0.960,11280,-0.008544
2,3,0.950,0.960,11281,-0.004365
2,3,0.950,0.960,11282,-0.006176
2,3,0.950,0.960,11283,-0.004496
2,3,0.950,0.960,11284,0.016474
2,3,0.950,0.960,11285,-0.019786
2,3,0.950,0.960,11286,-0.005197
2,3,0.950,0.960,11287,0.014398
2,3,0.950,0.960,11288,0.030155
2,3,0.950,0.960,11289,0.013224
2,3,0.950,0.960,11290,0.003924
2,3,0.950,0.960,11291,-0.013349
2,3,0.950,0.960,11292,0.019230
2,3,0.950,0.960,11293,0.015164
2,3,0.950,0.960,11294,0.045208
2,3,0.950,0.960,11295,0.004309
2,3,0.950,0.960,11296,-0.001113
2,3,0.950,0.960,11297,0.003617
2,3,0.950,0.960,11298,0.010139
2,3,0.950,0.960,11299,0.010070
2,3,0.950,0.960,11300,-0.008383
2,3,0.950,0.960,11301,-0.024036
2,3,0.950,0.960,11302,0.003620
2,3,0.950,0.960,11303,0.017201
2,3,0.950,0.960,11304,-0.010035
2,3,0.950,0.960,11305,-0.004103
2,3,0.950,0.960,11306,0.000109
2,3,0.950,0.960,11307,0.017169
2,3,0.950,0.960,11308,0.002323
2,3,0.950,0.960,11309,0.015889
2,3,0.950,0.960,11310,0.013810
2,3,0.950,0.960,11311,0.000724
2,3,0.950,0.960,11312,0.006359
2,3,0.950,0.960,11313,0.033101
2,3,0.950,0.960,11314,0.033838
2,3,0.950,0.960,11315,-0.018398
2,3,0.950,0.960,11316,-0.010891
2,3,0.950,0.960,11317,0.018509
2,3,0.950,0.960,11318,0.024354
2,3,0.950,0.960,11319,-0.005480
2,3,0.950,0.960,11320,-0.040320
2,3,0.950,0.960,11321,-0.020901
2,3,0.950,0.960,11322,0.017719
2,3,0.950,0.960,11323,-0.003996
2,3,0.950,0.960,11324,-0.005567
2,3,0.950,0.960,11325,-0.023389
2,3,0.950,0.960,11326,-0.017900
2,3,0.950,0.960,11327,-0.004327
2,3,0.950,0.960,11328,0.008372
2,3,0.950,0.960,11329,-0.002864
2,3,0.950,0.960,11330,-0.014658
2,3,0.950,0.960,11331,-0.027203
2,3,0.950,0.960,11332,0.003227
2,3,0.950,0.960,11333,0.023211
2,3,0.950,0.960,11334,-0.004279
2,3,0.950,0.960,11335,-0.002394
2,3,0.950,0.960,11336,0.007810
2,3,0.950,0.960,11337,0.010131
2,3,0.950,0.960,11338,-0.008307
2,3,0.950,0.960,11339,0.018844
2,3,0.950,0.960,11340,0.015683
2,3,0.950,0.960,11341,-0.007298
2,3,0.950,0.960,11342,0.003809
2,3,0.950,0.960,11343,-0.008514
2,3,0.950,0.960,11344,-0.001103
2,3,0.950,0.960,11345,0.003052
2,3,0.950,0.960,11346,-0.013780
2,3,0.950,0.960,11347,-0.013800
2,3,0.950,0.960,11348,-0.014731
2,3,0.950,0.960,11349,0.015082
2,3,0.950,0.960,11350,0.014722
2,3,0.950,0.960,11351,0.004500
2,3,0.950,0.960,11352,-0.006057
2,3,0.950,0.960,11353,0.019012
2,3,0.950,0.960,11354,0.019764
2,3,0.950,0.960,11355,0.016948
2,3,0.950,0.960,11356,-0.015542
2,3,0.950,0.960,11357,-0.017982
2,3,0.950,0.960,11358,0.015541
2,3,0.950,0.960,11359,-0.003279
2,3,0.950,0.960,11360,-0.021851
2,3,0.950,0.960,11361,-0.002976
2,3,0.950,0.960,11362,0.003605
2,3,0.950,0.960,11363,0.011363
2,3,0.950,0.960,11364,-0.007278
2,3,0.950,0.960,11365,0.005845
2,3,0.950,0.960,11366,-0.014715
2,3,0.950,0.960,11367,-0.004004
2,3,0.950,0.960,11368,-0.013870
2,3,0.950,0.960,11369,-0.011862
2,3,0.950,0.960,11370,0.005112
2,3,0.950,0.960,11371,0.002795
2,3,0.950,0.960,11372,-0.000124
2,3,0.950,0.960,11373,-0.022897
2,3,0.950,0.960,11374,-0.024401
2,3,0.950,0.960,11375,0.008764
2,3,0.950,0.960,11376,0.010388
2,3,0.950,0.960,11377,0.003510
2,3,0.950,0.960,11378,0.004702
2,3,0.950,0.960,11379,-0.007386
2,3,0.950,0.960,11380,0.003476
2,3,0.950,0.960,11381,-0.006241
2,3,0.950,0.960,11382,0.018950
2,3,0.950,0.960,11383,-0.002099
2,3,0.950,0.960,11384,0.017141
2,3,0.950,0.960,11385,-0.011374
2,3,0.950,0.960,11386,0.018752
2,3,0.950,0.960,11387,0.026274
2,3,0.950,0.960,11388,0.017548
2,3,0.950,0.960,11389,-0.002716
2,3,0.950,0.960,11390,-0.008304
2,3,0.950,0.960,11391,0.005878
2,3,0.950,0.960,11392,-0.003609
2,3,0.950,0.960,11393,-0.011644
2,3,0.950,0.960,11394,-0.024613
2,3,0.950,0.960,11395,0.005893
2,3,0.950,0.960,11396,0.018124
2,3,0.950,0.960,11397,-0.001152
2,3,0.950,0.960,11398,-0.005815
2,3,0.950,0.960,11399,0.006247
2,3,0.950,0.960,11400,-0.021553
2,3,0.950,0.960,11401,-0.007881
2,3,0.950,0.960,11402,0.004217
2,3,0.950,0.960,11403,-0.014287
2,3,0.950,0.960,11404,-0.005742
2,3,0.950,0.960,11405,-0.005682
2,3,0.950,0.960,11406,0.013501
2,3,0.950,0.960,11407,-0.029092
2,3,0.950,0.960,11408,-0.014879
2,3,0.950,0.960,11409,0.000235
2,3,0.950,0.960,11410,-0.007023
2,3,0.950,0.960,11411,-0.013351
2,3,0.950,0.960,11412,-0.026534
2,3,0.950,0.960,11413,-0.013661
2,3,0.950,0.960,11414,0.000710
2,3,0.950,0.960,11415,-0.004677
2,3,0.950,0.960,11416,-0.015228
2,3,0.950,0.960,11417,0.013366
2,3,0.950,0.960,11418,0.007725
2,3,0.950,0.960,11419,0.012293
2,3,0.950,0.960,11420,-0.016978
2,3,0.950,0.960,11421,-0.023078
2,3,0.950,0.960,11422,0.020803
2,3,0.950,0.960,11423,0.015821
2,3,0.950,0.960,11424,0.009563
2,3,0.950,0.960,11425,-0.012303
2,3,0.950,0.960,11426,-0.002761
2,3,0.950,0.960,11427,0.008009
2,3,0.950,0.960,11428,-0.006036
2,3,0.950,0.960,11429,0.003448
2,3,0.950,0.960,11430,-0.015059
2,3,0.950,0.960,11431,-0.016530
2,3,0.950,0.960,11432,-0.000104
2,3,0.950,0.960,11433,-0.004006
2,3,0.950,0.960,11434,0.013032
2,3,0.950,0.960,11435,-0.006005
2,3,0.950,0.960,11436,-0.030741
2,3,0.950,0.960,11437,-0.013395
2,3,0.950,0.960,11438,0.003219
2,3,0.950,0.960,11439,0.022248
2,3,0.950,0.960,11440,0.003534
2,3,0.950,0.960,11441,-0.008724
2,3,0.950,0.960,11442,0.014562
2,3,0.950,0.960,11443,0.001512
2,3,0.950,0.960,11444,0.015976
2,3,0.950,0.960,11445,0.003578
2,3,0.950,0.960,11446,0.008485
2,3,0.950,0.960,11447,0.003993
2,3,0.950,0.960,11448,-0.012979
2,3,0.950,0.960,11449,0.001488
2,3,0.950,0.960,11450,-0.005953
2,3,0.950,0.960,11451,0.003645
2,3,0.950,0.960,11452,-0.006407
2,3,0.950,0.960,11453,-0.000764
2,3,0.950,0.960,11454,-0.029285
2,3,0.950,0.960,11455,-0.025790
2,3,0.950,0.960,11456,-0.045761
2,3,0.950,0.960,11457,-0.022871
2,3,0.950,0.960,11458,-0.017091
2,3,0.950,0.960,11459,-0.032536
2,3,0.950,0.960,11460,0.006521
2,3,0.950,0.960,11461,0.004188
2,3,0.950,0.960,11462,0.002434
2,3,0.950,0.960,11463,-0.014851
2,3,0.950,0.960,11464,-0.013247
2,3,0.950,0.960,11465,-0.018888
2,3,0.950,0.960,11466,-0.031884
2,3,0.950,0.960,11467,-0.033944
2,3,0.950,0.960,11468,0.024811
2,3,0.950,0.960,11469,0.004764
2,3,0.950,0.960,11470,0.004410
2,3,0.950,0.960,11471,-0.007104
2,3,0.950,0.960,11472,-0.000740
2,3,0.950,0.960,11473,0.011052
2,3,0.950,0.960,11474,-0.010048
2,3,0.950,0.960,11475,-0.019803
2,3,0.950,0.960,11476,-0.032409
2,3,0.950,0.960,11477,-0.014965
2,3,0.950,0.960,11478,-0.009903
2,3,0.950,0.960,11479,-0.001899
2,3,0.950,0.960,11480,-0.015464
2,3,0.950,0.960,11481,-0.010112
2,3,0.950,0.960,11482,0.001138
2,3,0.950,0.960,11483,0.007805
2,3,0.950,0.960,11484,0.005023
2,3,0.950,0.960,11485,0.015849
2,3,0.950,0.960,11486,0.018776
2,3,0.950,0.960,11487,0.008172
2,3,0.950,0.960,11488,0.005609
2,3,0.950,0.960,11489,0.011418
2,3,0.950,0.960,11490,0.017194
2,3,0.950,0.960,11491,-0.019746
2,3,0.950,0.960,11492,-0.027897
2,3,0.950,0.960,11493,-0.003014
2,3,0.950,0.960,11494,0.018644
2,3,0.950,0.960,11495,0.019005
2,3,0.950,0.960,11496,-0.035816
2,3,0.950,0.960,11497,-0.022589
2,3,0.950,0.960,11498,-0.001784
2,3,0.950,0.960,11499,0.001537
2,3,0.950,0.960,11500,-0.015732
2,3,0.950,0.960,11501,0.006472
2,3,0.950,0.960,11502,0.000296
2,3,0.950,0.960,11503,-0.033003
2,3,0.950,0.960,11504,-0.008039
2,3,0.950,0.960,11505,0.008969
2,3,0.950,0.960,11506,0.003468
2,3,0.950,0.960,11507,-0.004295
2,3,0.950,0.960,11508,-0.004055
2,3,0.950,0.960,11509,0.004440
2,3,0.950,0.960,11510,0.021936
2,3,0.950,0.960,11511,-0.006064
2,3,0.950,0.960,11512,-0.019372
2,3,0.950,0.960,11513,-0.002577
2,3,0.950,0.960,11514,-0.029074
2,3,0.950,0.960,11515,-0.013864
2,3,0.950,0.960,11516,-0.008778
2,3,0.950,0.960,11517,-0.023535
2,3,0.950,0.960,11518,-0.002362
2,3,0.950,0.960,11519,-0.007388
2,3,0.950,0.960,11520,0.003765
2,3,0.950,0.960,11521,0.010766
2,3,0.950,0.960,11522,-0.004565
2,3,0.950,0.960,11523,-0.004302
2,3,0.950,0.960,11524,-0.004971
2,3,0.950,0.960,11525,-0.003915
2,3,0.950,0.960,11526,-0.000712
2,3,0.950,0.960,11527,0.005751
2,3,0.950,0.960,11528,-0.005711
2,3,0.950,0.960,11529,0.027618
2,3,0.950,0.960,11530,0.008622
2,3,0.950,0.960,11531,-0.006179
2,3,0.950,0.960,11532,-0.008585
2,3,0.950,0.960,11533,-0.007195
2,3,0.950,0.960,11534,0.013020
2,3,0.950,0.960,11535,0.006289
2,3,0.950,0.960,11536,-0.012965
2,3,0.950,0.960,11537,-0.002313
2,3,0.950,0.960,11538,-0.010590
2,3,0.950,0.960,11539,0.010885
2,3,0.950,0.960,11540,-0.020653
2,3,0.950,0.960,11541,0.001226
2,3,0.950,0.960,11542,-0.013903
2,3,0.950,0.960,11543,0.012058
2,3,0.950,0.960,11544,0.016195
2,3,0.950,0.960,11545,0.023815
2,3,0.950,0.960,11546,0.009133
2,3,0.950,0.960,11547,-0.016113
2,3,0.950,0.960,11548,0.021737
2,3,0.950,0.960,11549,0.006359
2,3,0.950,0.960,11550,-0.012649
2,3,0.950,0.960,11551,-0.005407
2,3,0.950,0.960,11552,-0.008259
2,3,0.950,0.960,11553,-0.015996
2,3,0.950,0.960,11554,0.007730
2,3,0.950,0.960,11555,0.006098
2,3,0.950,0.960,11556,0.013717
2,3,0.950,0.960,11557,-0.006423
2,3,0.950,0.960,11558,-0.010015
2,3,0.950,0.960,11559,0.002951
2,3,0.950,0.960,11560,-0.003413
2,3,0.950,0.960,11561,0.006910
2,3,0.950,0.960,11562,0.000053
2,3,0.950,0.960,11563,0.008891
2,3,0.950,0.960,11564,-0.017205
2,3,0.950,0.960,11565,-0.002105
2,3,0.950,0.960,11566,0.006808
2,3,0.950,0.960,11567,0.010658
2,3,0.950,0.960,11568,0.011338
2,3,0.950,0.960,11569,-0.008167
2,3,0.950,0.960,11570,-0.026721
2,3,0.950,0.960,11571,-0.001335
2,3,0.950,0.960,11572,-0.005181
2,3,0.950,0.960,11573,0.002083
2,3,0.950,0.960,11574,-0.009290
2,3,0.950,0.960,11575,-0.007196
2,3,0.950,0.960,11576,0.001613
2,3,0.950,0.960,11577,0.020211
2,3,0.950,0.960,11578,0.015711
2,3,0.950,0.960,11579,0.002345
2,3,0.950,0.960,11580,0.008438
2,3,0.950,0.960,11581,-0.006267
2,3,0.950,0.960,11582,0.005054
2,3,0.950,0.960,11583,0.035747
2,3,0.950,0.960,11584,-0.020621
2,3,0.950,0.960,11585,-0.003582
2,3,0.950,0.960,11586,0.019809
2,3,0.950,0.960,11587,0.002118
2,3,0.950,0.960,11588,0.008021
2,3,0.950,0.960,11589,-0.020678
2,3,0.950,0.960,11590,-0.000525
2,3,0.950,0.960,11591,0.013077
2,3,0.950,0.960,11592,-0.001952
2,3,0.950,0.960,11593,-0.014484
2,3,0.950,0.960,11594,-0.016922
2,3,0.950,0.960,11595,-0.010550
2,3,0.950,0.960,11596,-0.018710
2,3,0.950,0.960,11597,-0.021246
2,3,0.950,0.960,11598,-0.013465
2,3,0.950,0.960,11599,-0.015584
2,3,0.950,0.960,11600,-0.010246
2,3,0.950,0.960,11601,-0.009395
2,3,0.950,0.960,11602,-0.005687
2,3,0.950,0.960,11603,-0.022906
2,3,0.950,0.960,11604,-0.025276
2,3,0.950,0.960,11605,-0.018090
2,3,0.950,0.960,11606,-0.005616
2,3,0.950,0.960,11607,-0.008238
2,3,0.950,0.960,11608,-0.021919
2,3,0.950,0.960,11609,-0.030201
2,3,0.950,0.960,11610,0.006503
2,3,0.950,0.960,11611,0.024538
2,3,0.950,0.960,11612,0.001387
2,3,0.950,0.960,11613,0.010981
2,3,0.950,0.960,11614,0.010291
2,3,0.950,0.960,11615,0.035334
2,3,0.950,0.960,11616,0.033141
2,3,0.950,0.960,11617,0.024674
2,3,0.950,0.960,11618,0.007433
2,3,0.950,0.960,11619,-0.015726
2,3,0.950,0.960,11620,-0.005821
2,3,0.950,0.960,11621,0.008196
2,3,0.950,0.960,11622,0.011541
2,3,0.950,0.960,11623,0.024677
2,3,0.950,0.960,11624,0.012756
2,3,0.950,0.960,11625,-0.006354
2,3,0.950,0.960,11626,0.004856
2,3,0.950,0.960,11627,0.010047
2,3,0.950,0.960,11628,0.012861
2,3,0.950,0.960,11629,0.002408
2,3,0.950,0.960,11630,0.006187
2,3,0.950,0.960,11631,0.032041
2,3,0.950,0.960,11632,-0.004208
2,3,0.950,0.960,11633,0.011075
2,3,0.950,0.960,11634,0.001192
2,3,0.950,0.960,11635,0.033321
2,3,0.950,0.960,11636,-0.016927
2,3,0.950,0.960,11637,-0.021226
2,3,0.950,0.960,11638,-0.046441
2,3,0.950,0.960,11639,-0.014955
2,3,0.950,0.960,11640,0.008025
2,3,0.950,0.960,11641,0.011592
2,3,0.950,0.960,11642,-0.022372
2,3,0.950,0.960,11643,-0.035635
2,3,0.950,0.960,11644,-0.010515
2,3,0.950,0.960,11645,-0.007559
2,3,0.950,0.960,11646,-0.016114
2,3,0.950,0.960,11647,-0.038760
2,3,0.950,0.960,11648,-0.018349
2,3,0.950,0.960,11649,-0.010352
2,3,0.950,0.960,11650,0.012745
2,3,0.950,0.960,11651,-0.004349
2,3,0.950,0.960,11652,-0.021082
2,3,0.950,0.960,11653,-0.002197
2,3,0.950,0.960,11654,0.010189
2,3,0.950,0.960,11655,-0.030600
2,3,0.950,0.960,11656,-0.017748
2,3,0.950,0.960,11657,-0.004920
2,3,0.950,0.960,11658,-0.010124
2,3,0.950,0.960,11659,-0.013055
2,3,0.950,0.960,11660,-0.007122
2,3,0.950,0.960,11661,0.001012
2,3,0.950,0.960,11662,-0.026344
2,3,0.950,0.960,11663,-0.008658
2,3,0.950,0.960,11664,0.026818
2,3,0.950,0.960,11665,0.026097
2,3,0.950,0.960,11666,0.011644
2,3,0.950,0.960,11667,0.014962
2,3,0.950,0.960,11668,-0.011774
2,3,0.950,0.960,11669,0.010916
2,3,0.950,0.960,11670,0.025156
2,3,0.950,0.960,11671,0.008669
2,3,0.950,0.960,11672,-0.002220
2,3,0.950,0.960,11673,-0.010911
2,3,0.950,0.960,11674,0.007118
2,3,0.950,0.960,11675,0.016141
2,3,0.950,0.960,11676,-0.010998
2,3,0.950,0.960,11677,-0.012032
2,3,0.950,0.960,11678,0.003568
2,3,0.950,0.960,11679,0.015216
2,3,0.950,0.960,11680,-0.006180
2,3,0.950,0.960,11681,-0.012229
2,3,0.950,0.960,11682,-0.006668
2,3,0.950,0.960,11683,-0.000879
2,3,0.950,0.960,11684,-0.008564
2,3,0.950,0.960,11685,0.000052
2,3,0.950,0.960,11686,-0.013988
2,3,0.950,0.960,11687,-0.013171
2,3,0.950,0.960,11688,0.006865
2,3,0.950,0.960,11689,0.010629
2,3,0.950,0.960,11690,-0.012318
2,3,0.950,0.960,11691,-0.008154
2,3,0.950,0.960,11692,-0.011378
2,3,0.950,0.960,11693,0.009129
2,3,0.950,0.960,11694,-0.016073
2,3,0.950,0.960,11695,0.000191
2,3,0.950,0.960,11696,-0.005550
2,3,0.950,0.960,11697,-0.001193
2,3,0.950,0.960,11698,0.007507
2,3,0.950,0.960,11699,-0.014374
2,3,0.950,0.960,11700,-0.013089
2,3,0.950,0.960,11701,0.001120
2,3,0.950,0.960,11702,-0.008860
2,3,0.950,0.960,11703,0.013526
2,3,0.950,0.960,11704,-0.008192
2,3,0.950,0.960,11705,-0.008477
2,3,0.950,0.960,11706,0.007882
2,3,0.950,0.960,11707,0.011916
2,3,0.950,0.960,11708,-0.001852
2,3,0.950,0.960,11709,0.018003
2,3,0.950,0.960,11710,0.021540
2,3,0.950,0.960,11711,0.004417
2,3,0.950,0.960,11712,0.017379
2,3,0.950,0.960,11713,0.024773
2,3,0.950,0.960,11714,0.012012
2,3,0.950,0.960,11715,-0.012484
2,3,0.950,0.960,11716,0.009312
2,3,0.950,0.960,11717,0.025388
2,3,0.950,0.960,11718,0.027134
2,3,0.950,0.960,11719,0.000358
2,3,0.950,0.960,11720,0.000042
2,3,0.950,0.960,11721,0.009848
2,3,0.950,0.960,11722,0.029210
2,3,0.950,0.960,11723,0.002521
2,3,0.950,0.960,11724,-0.023690
2,3,0.950,0.960,11725,-0.012836
2,3,0.950,0.960,11726,-0.003966
2,3,0.950,0.960,11727,0.024712
2,3,0.950,0.960,11728,-0.002121
2,3,0.950,0.960,11729,-0.010011
2,3,0.950,0.960,11730,-0.021213
2,3,0.950,0.960,11731,-0.007495
2,3,0.950,0.960,11732,-0.013555
2,3,0.950,0.960,11733,-0.022099
2,3,0.950,0.960,11734,-0.038701
2,3,0.950,0.960,11735,-0.030478
2,3,0.950,0.960,11736,-0.001281
2,3,0.950,0.960,11737,-0.004301
2,3,0.950,0.960,11738,-0.024568
2,3,0.950,0.960,11739,-0.006963
2,3,0.950,0.960,11740,-0.020025
2,3,0.950,0.960,11741,-0.016476
2,3,0.950,0.960,11742,-0.027397
2,3,0.950,0.960,11743,0.007522
2,3,0.950,0.960,11744,0.033410
2,3,0.950,0.960,11745,-0.000450
2,3,0.950,0.960,11746,0.008889
2,3,0.950,0.960,11747,-0.011787
2,3,0.950,0.960,11748,-0.015359
2,3,0.950,0.960,11749,0.001658
2,3,0.950,0.960,11750,0.029641
2,3,0.950,0.960,11751,0.017281
2,3,0.950,0.960,11752,-0.003710
2,3,0.950,0.960,11753,0.008626
2,3,0.950,0.960,11754,0.004222
2,3,0.950,0.960,11755,-0.003055
2,3,0.950,0.960,11756,-0.006857
2,3,0.950,0.960,11757,0.013343
2,3,0.950,0.960,11758,0.016296
2,3,0.950,0.960,11759,0.000264
2,3,0.950,0.960,11760,0.002485
2,3,0.950,0.960,11761,-0.005474
2,3,0.950,0.960,11762,0.018283
2,3,0.950,0.960,11763,0.021195
2,3,0.950,0.960,11764,0.017808
2,3,0.950,0.960,11765,-0.007712
2,3,0.950,0.960,11766,-0.002570
2,3,0.950,0.960,11767,0.020444
2,3,0.950,0.960,11768,0.014806
2,3,0.950,0.960,11769,0.013895
2,3,0.950,0.960,11770,-0.003367
2,3,0.950,0.960,11771,-0.003715
2,3,0.950,0.960,11772,-0.023870
2,3,0.950,0.960,11773,-0.001232
2,3,0.950,0.960,11774,0.010595
2,3,0.950,0.960,11775,-0.013857
2,3,0.950,0.960,11776,-0.028522
2,3,0.950,0.960,11777,-0.015643
2,3,0.950,0.960,11778,0.010890
2,3,0.950,0.960,11779,0.005938
2,3,0.950,0.960,11780,-0.009918
2,3,0.950,0.960,11781,-0.018165
2,3,0.950,0.960,11782,0.004072
2,3,0.950,0.960,11783,0.010151
2,3,0.950,0.960,11784,-0.007612
2,3,0.950,0.960,11785,0.010385
2,3,0.950,0.960,11786,-0.008032
2,3,0.950,0.960,11787,0.006754
2,3,0.950,0.960,11788,-0.011189
2,3,0.950,0.960,11789,-0.014725
2,3,0.950,0.960,11790,0.020680
2,3,0.950,0.960,11791,-0.007090
2,3,0.950,0.960,11792,-0.014243
2,3,0.950,0.960,11793,-0.000276
2,3,0.950,0.960,11794,0.007347
2,3,0.950,0.960,11795,-0.015435
2,3,0.950,0.960,11796,-0.027480
2,3,0.950,0.960,11797,0.004399
2,3,0.950,0.960,11798,0.025215
2,3,0.950,0.960,11799,0.024040
2,3,0.950,0.960,11800,-0.000859
2,3,0.950,0.960,11801,-0.008659
2,3,0.950,0.960,11802,0.018623
2,3,0.950,0.960,11803,0.015755
2,3,0.950,0.960,11804,0.027289
2,3,0.950,0.960,11805,-0.009080
2,3,0.950,0.960,11806,-0.001349
2,3,0.950,0.960,11807,0.025734
2,3,0.950,0.960,11808,-0.003128
2,3,0.950,0.960,11809,0.021854
2,3,0.950,0.960,11810,-0.013218
2,3,0.950,0.960,11811,-0.004014
2,3,0.950,0.960,11812,0.006624
2,3,0.950,0.960,11813,-0.001617
2,3,0.950,0.960,11814,-0.002581
2,3,0.950,0.960,11815,-0.025159
2,3,0.950,0.960,11816,0.019598
2,3,0.950,0.960,11817,0.016489
2,3,0.950,0.960,11818,-0.014811
2,3,0.950,0.960,11819,-0.008914
2,3,0.950,0.960,11820,-0.012571
2,3,0.950,0.960,11821,-0.013740
2,3,0.950,0.960,11822,-0.000063
2,3,0.950,0.960,11823,0.004257
2,3,0.950,0.960,11824,-0.007156
2,3,0.950,0.960,11825,-0.021024
2,3,0.950,0.960,11826,-0.014290
2,3,0.950,0.960,11827,0.019385
2,3,0.950,0.960,11828,0.004334
2,3,0.950,0.960,11829,0.011111
2,3,0.950,0.960,11830,-0.017183
2,3,0.950,0.960,11831,0.001986
2,3,0.950,0.960,11832,0.007840
2,3,0.950,0.960,11833,0.007013
2,3,0.950,0.960,11834,-0.022618
2,3,0.950,0.960,11835,-0.025264
2,3,0.950,0.960,11836,0.008193
2,3,0.950,0.960,11837,-0.000759
2,3,0.950,0.960,11838,-0.002785
2,3,0.950,0.960,11839,-0.022905
2,3,0.950,0.960,11840,-0.001397
2,3,0.950,0.960,11841,0.018807
2,3,0.950,0.960,11842,0.012298
2,3,0.950,0.960,11843,0.001681
2,3,0.950,0.960,11844,0.008944
2,3,0.950,0.960,11845,0.001112
2,3,0.950,0.960,11846,0.004771
2,3,0.950,0.960,11847,-0.003499
2,3,0.950,0.960,11848,0.029853
2,3,0.950,0.960,11849,0.013400
2,3,0.950,0.960,11850,-0.015412
2,3,0.950,0.960,11851,-0.035083
2,3,0.950,0.960,11852,-0.007991
2,3,0.950,0.960,11853,-0.020819
2,3,0.950,0.960,11854,-0.024019
2,3,0.950,0.960,11855,-0.018898
2,3,0.950,0.960,11856,-0.016029
2,3,0.950,0.960,11857,-0.003514
2,3,0.950,0.960,11858,0.010618
2,3,0.950,0.960,11859,0.015284
2,3,0.950,0.960,11860,0.028672
2,3,0.950,0.960,11861,-0.002813
2,3,0.950,0.960,11862,0.007148
2,3,0.950,0.960,11863,0.034649
2,3,0.950,0.960,11864,0.029550
2,3,0.950,0.960,11865,-0.003535
2,3,0.950,0.960,11866,-0.013263
2,3,0.950,0.960,11867,-0.003114
2,3,0.950,0.960,11868,-0.025992
2,3,0.950,0.960,11869,0.007723
2,3,0.950,0.960,11870,-0.008675
2,3,0.950,0.960,11871,0.016659
2,3,0.950,0.960,11872,-0.001621
2,3,0.950,0.960,11873,-0.001514
2,3,0.950,0.960,11874,-0.005990
2,3,0.950,0.960,11875,0.020310
2,3,0.950,0.960,11876,0.029138
2,3,0.950,0.960,11877,0.040228
2,3,0.950,0.960,11878,0.014303
2,3,0.950,0.960,11879,-0.001915
2,3,0.950,0.960,11880,0.016937
2,3,0.950,0.960,11881,0.039507
2,3,0.950,0.960,11882,0.023666
2,3,0.950,0.960,11883,-0.009610
2,3,0.950,0.960,11884,-0.007687
2,3,0.950,0.960,11885,0.023558
2,3,0.950,0.960,11886,0.025409
2,3,0.950,0.960,11887,-0.010497
2,3,0.950,0.960,11888,-0.012045
2,3,0.950,0.960,11889,-0.008344
2,3,0.950,0.960,11890,0.011685
2,3,0.950,0.960,11891,0.041182
2,3,0.950,0.960,11892,0.011521
2,3,0.950,0.960,11893,0.003219
2,3,0.950,0.960,11894,0.004559
2,3,0.950,0.960,11895,-0.001488
2,3,0.950,0.960,11896,0.003920
2,3,0.950,0.960,11897,0.014354
2,3,0.950,0.960,11898,0.002607
2,3,0.950,0.960,11899,-0.027458
2,3,0.950,0.960,11900,0.005575
2,3,0.950,0.960,11901,0.028888
2,3,0.950,0.960,11902,0.005124
2,3,0.950,0.960,11903,-0.004452
2,3,0.950,0.960,11904,-0.002528
2,3,0.950,0.960,11905,0.023510
2,3,0.950,0.960,11906,0.026431
2,3,0.950,0.960,11907,0.007003
2,3,0.950,0.960,11908,-0.010754
2,3,0.950,0.960,11909,-0.019735
2,3,0.950,0.960,11910,-0.021693
2,3,0.950,0.960,11911,-0.008584
2,3,0.950,0.960,11912,0.002316
2,3,0.950,0.960,11913,-0.002890
2,3,0.950,0.960,11914,0.005707
2,3,0.950,0.960,11915,0.015039
2,3,0.950,0.960,11916,0.012803
2,3,0.950,0.960,11917,0.002669
2,3,0.950,0.960,11918,0.009613
2,3,0.950,0.960,11919,0.025687
2,3,0.950,0.960,11920,-0.010507
2,3,0.950,0.960,11921,-0.004559
2,3,0.950,0.960,11922,-0.011656
2,3,0.950,0.960,11923,0.002989
2,3,0.950,0.960,11924,0.001735
2,3,0.950,0.960,11925,0.009621
2,3,0.950,0.960,11926,0.004443
2,3,0.950,0.960,11927,-0.010758
2,3,0.950,0.960,11928,-0.006706
2,3,0.950,0.960,11929,-0.009651
2,3,0.950,0.960,11930,-0.006606
2,3,0.950,0.960,11931,-0.014040
2,3,0.950,0.960,11932,0.003063
2,3,0.950,0.960,11933,-0.028697
2,3,0.950,0.960,11934,-0.005937
2,3,0.950,0.960,11935,0.007457
2,3,0.950,0.960,11936,-0.019461
2,3,0.950,0.960,11937,-0.023667
2,3,0.950,0.960,11938,-0.004488
2,3,0.950,0.960,11939,-0.004960
2,3,0.950,0.960,11940,-0.011249
2,3,0.950,0.960,11941,-0.031081
2,3,0.950,0.960,11942,-0.013497
2,3,0.950,0.960,11943,0.032113
2,3,0.950,0.960,11944,0.007603
2,3,0.950,0.960,11945,0.011675
2,3,0.950,0.960,11946,0.021467
2,3,0.950,0.960,11947,0.017066
2,3,0.950,0.960,11948,0.007518
2,3,0.950,0.960,11949,0.016437
2,3,0.950,0.960,11950,0.018958
2,3,0.950,0.960,11951,0.008313
2,3,0.950,0.960,11952,-0.016141
2,3,0.950,0.960,11953,-0.001858
2,3,0.950,0.960,11954,0.015884
2,3,0.950,0.960,11955,0.008660
2,3,0.950,0.960,11956,0.019529
2,3,0.950,0.960,11957,0.007469
2,3,0.950,0.960,11958,-0.008691
2,3,0.950,0.960,11959,0.003325
2,3,0.950,0.960,11960,0.009514
2,3,0.950,0.960,11961,-0.007020
2,3,0.950,0.960,11962,-0.018612
2,3,0.950,0.960,11963,0.006535
2,3,0.950,0.960,11964,0.017093
2,3,0.950,0.960,11965,0.011033
2,3,0.950,0.960,11966,0.004103
2,3,0.950,0.960,11967,0.001574
2,3,0.950,0.960,11968,0.004419
2,3,0.950,0.960,11969,0.011898
2,3,0.950,0.960,11970,-0.000955
2,3,0.950,0.960,11971,-0.040013
2,3,0.950,0.960,11972,-0.017292
2,3,0.950,0.960,11973,0.022016
2,3,0.950,0.960,11974,-0.006035
2,3,0.950,0.960,11975,-0.027818
2,3,0.950,0.960,11976,-0.037466
2,3,0.950,0.960,11977,-0.008421
2,3,0.950,0.960,11978,0.016454
2,3,0.950,0.960,11979,-0.022415
2,3,0.950,0.960,11980,-0.028008
2,3,0.950,0.960,11981,-0.000033
2,3,0.950,0.960,11982,0.030979
2,3,0.950,0.960,11983,0.021409
2,3,0.950,0.960,11984,-0.003472
2,3,0.950,0.960,11985,-0.007242
2,3,0.950,0.960,11986,-0.002020
2,3,0.950,0.960,11987,0.010247
2,3,0.950,0.960,11988,0.003530
2,3,0.950,0.960,11989,-0.005338
2,3,0.950,0.960,11990,-0.021308
2,3,0.950,0.960,11991,-0.022215
2,3,0.950,0.960,11992,-0.000800
2,3,0.950,0.960,11993,0.029304
2,3,0.950,0.960,11994,0.010127
2,3,0.950,0.960,11995,-0.017525
2,3,0.950,0.960,11996,-0.001703
2,3,0.950,0.960,11997,-0.001988
2,3,0.950,0.960,11998,-0.002142
2,3,0.950,0.960,11999,-0.001242
2,3,0.950,0.960,12000,-0.027271
2,3,0.950,0.960,12001,-0.029996
2,3,0.950,0.960,12002,-0.007763
2,3,0.950,0.960,12003,0.001162
2,3,0.950,0.960,12004,0.010870
2,3,0.950,0.960,12005,-0.017573
2,3,0.950,0.960,12006,0.016962
2,3,0.950,0.960,12007,0.008907
2,3,0.950,0.960,12008,-0.006535
2,3,0.950,0.960,12009,-0.016829
2,3,0.950,0.960,12010,-0.018397
2,3,0.950,0.960,12011,0.006307
2,3,0.950,0.960,12012,0.010492
2,3,0.950,0.960,12013,0.015294
2,3,0.950,0.960,12014,-0.021188
2,3,0.950,0.960,12015,-0.010686
2,3,0.950,0.960,12016,0.031585
2,3,0.950,0.960,12017,0.018568
2,3,0.950,0.960,12018,-0.007436
2,3,0.950,0.960,12019,-0.027997
2,3,0.950,0.960,12020,-0.018243
2,3,0.950,0.960,12021,0.006589
2,3,0.950,0.960,12022,0.004346
2,3,0.950,0.960,12023,-0.026778
2,3,0.950,0.960,12024,-0.026438
2,3,0.950,0.960,12025,0.004097
2,3,0.950,0.960,12026,0.000114
2,3,0.950,0.960,12027,0.009296
2,3,0.950,0.960,12028,-0.004223
2,3,0.950,0.960,12029,-0.033877
2,3,0.950,0.960,12030,-0.016142
2,3,0.950,0.960,12031,0.002376
2,3,0.950,0.960,12032,-0.006199
2,3,0.950,0.960,12033,-0.001462
2,3,0.950,0.960,12034,-0.017706
2,3,0.950,0.960,12035,0.003995
2,3,0.950,0.960,12036,0.012196
2,3,0.950,0.960,12037,0.012654
2,3,0.950,0.960,12038,-0.008891
2,3,0.950,0.960,12039,-0.015077
2,3,0.950,0.960,12040,-0.009193
2,3,0.950,0.960,12041,0.008489
2,3,0.950,0.960,12042,0.012642
2,3,0.950,0.960,12043,-0.015349
2,3,0.950,0.960,12044,0.003323
2,3,0.950,0.960,12045,-0.014105
2,3,0.950,0.960,12046,0.003799
2,3,0.950,0.960,12047,-0.009357
2,3,0.950,0.960,12048,-0.006968
2,3,0.950,0.960,12049,0.033396
2,3,0.950,0.960,12050,-0.005153
2,3,0.950,0.960,12051,0.012418
2,3,0.950,0.960,12052,0.024146
2,3,0.950,0.960,12053,-0.007926
2,3,0.950,0.960,12054,0.009529
2,3,0.950,0.960,12055,0.026417
2,3,0.950,0.960,12056,0.013990
2,3,0.950,0.960,12057,0.002728
2,3,0.950,0.960,12058,-0.009648
2,3,0.950,0.960,12059,0.003315
2,3,0.950,0.960,12060,0.020384
2,3,0.950,0.960,12061,-0.002108
2,3,0.950,0.960,12062,-0.000484
2,3,0.950,0.960,12063,0.010149
2,3,0.950,0.960,12064,0.012181
2,3,0.950,0.960,12065,0.030640
2,3,0.950,0.960,12066,-0.016848
2,3,0.950,0.960,12067,-0.007676
2,3,0.950,0.960,12068,-0.003163
2,3,0.950,0.960,12069,0.000737
2,3,0.950,0.960,12070,0.025211
2,3,0.950,0.960,12071,-0.021801
2,3,0.950,0.960,12072,-0.010573
2,3,0.950,0.960,12073,-0.012005
2,3,0.950,0.960,12074,0.001767
2,3,0.950,0.960,12075,-0.011634
2,3,0.950,0.960,12076,-0.023222
2,3,0.950,0.960,12077,0.002901
2,3,0.950,0.960,12078,0.005653
2,3,0.950,0.960,12079,0.000717
2,3,0.950,0.960,12080,0.008790
2,3,0.950,0.960,12081,-0.012676
2,3,0.950,0.960,12082,-0.013050
2,3,0.950,0.960,12083,0.031311
2,3,0.950,0.960,12084,0.001110
2,3,0.950,0.960,12085,0.012036
2,3,0.950,0.960,12086,-0.005271
2,3,0.950,0.960,12087,0.002997
2,3,0.950,0.960,12088,0.012249
2,3,0.950,0.960,12089,-0.021991
2,3,0.950,0.960,12090,-0.014091
2,3,0.950,0.960,12091,-0.018484
2,3,0.950,0.960,12092,0.018872
2,3,0.950,0.960,12093,-0.005553
2,3,0.950,0.960,12094,-0.000810
2,3,0.950,0.960,12095,-0.005053
2,3,0.950,0.960,12096,0.005168
2,3,0.950,0.960,12097,-0.001130
2,3,0.950,0.960,12098,-0.010188
2,3,0.950,0.960,12099,-0.001592
2,3,0.950,0.960,12100,-0.006145
2,3,0.950,0.960,12101,0.010021
2,3,0.950,0.960,12102,-0.009787
2,3,0.950,0.960,12103,-0.008176
2,3,0.950,0.960,12104,-0.002913
2,3,0.950,0.960,12105,0.016617
2,3,0.950,0.960,12106,0.010420
2,3,0.950,0.960,12107,0.003906
2,3,0.950,0.960,12108,-0.003827
2,3,0.950,0.960,12109,-0.031100
2,3,0.950,0.960,12110,-0.009882
2,3,0.950,0.960,12111,-0.000732
2,3,0.950,0.960,12112,-0.009934
2,3,0.950,0.960,12113,-0.018128
2,3,0.950,0.960,12114,-0.003503
2,3,0.950,0.960,12115,0.015617
2,3,0.950,0.960,12116,-0.002991
2,3,0.950,0.960,12117,-0.029957
2,3,0.950,0.960,12118,-0.010213
2,3,0.950,0.960,12119,-0.005198
2,3,0.950,0.960,12120,0.004861
2,3,0.950,0.960,12121,-0.009607
2,3,0.950,0.960,12122,-0.014199
2,3,0.950,0.960,12123,-0.007638
2,3,0.950,0.960,12124,-0.003295
2,3,0.950,0.960,12125,0.003424
2,3,0.950,0.960,12126,-0.008950
2,3,0.950,0.960,12127,0.008101
2,3,0.950,0.960,12128,0.021963
2,3,0.950,0.960,12129,0.021922
2,3,0.950,0.960,12130,0.042320
2,3,0.950,0.960,12131,0.023540
2,3,0.950,0.960,12132,0.007743
2,3,0.950,0.960,12133,0.014431
2,3,0.950,0.960,12134,0.021829
2,3,0.950,0.960,12135,0.015830
2,3,0.950,0.960,12136,0.009489
2,3,0.950,0.960,12137,-0.017598
2,3,0.950,0.960,12138,0.000657
2,3,0.950,0.960,12139,-0.015702
2,3,0.950,0.960,12140,0.005872
2,3,0.950,0.960,12141,-0.011042
2,3,0.950,0.960,12142,0.027843
2,3,0.950,0.960,12143,0.008828
2,3,0.950,0.960,12144,0.008623
2,3,0.950,0.960,12145,-0.014257
2,3,0.950,0.960,12146,0.009021
2,3,0.950,0.960,12147,0.021647
2,3,0.950,0.960,12148,0.023772
2,3,0.950,0.960,12149,-0.006207
2,3,0.950,0.960,12150,-0.016934
2,3,0.950,0.960,12151,-0.019791
2,3,0.950,0.960,12152,0.009641
2,3,0.950,0.960,12153,-0.006660
2,3,0.950,0.960,12154,-0.007221
2,3,0.950,0.960,12155,-0.015204
2,3,0.950,0.960,12156,0.015032
2,3,0.950,0.960,12157,0.020626
2,3,0.950,0.960,12158,0.014304
2,3,0.950,0.960,12159,-0.005869
2,3,0.950,0.960,12160,0.008040
2,3,0.950,0.960,12161,0.009196
2,3,0.950,0.960,12162,-0.003538
2,3,0.950,0.960,12163,-0.009806
2,3,0.950,0.960,12164,-0.003930
2,3,0.950,0.960,12165,-0.013345
2,3,0.950,0.960,12166,0.000728
2,3,0.950,0.960,12167,0.018119
2,3,0.950,0.960,12168,-0.019461
2,3,0.950,0.960,12169,-0.023526
2,3,0.950,0.960,12170,-0.025592
2,3,0.950,0.960,12171,-0.032687
2,3,0.950,0.960,12172,-0.019132
2,3,0.950,0.960,12173,-0.023056
2,3,0.950,0.960,12174,-0.035883
2,3,0.950,0.960,12175,-0.021894
2,3,0.950,0.960,12176,0.003151
2,3,0.950,0.960,12177,0.004368
2,3,0.950,0.960,12178,-0.008759
2,3,0.950,0.960,12179,-0.022826
2,3,0.950,0.960,12180,-0.014314
2,3,0.950,0.960,12181,0.021034
2,3,0.950,0.960,12182,0.037434
2,3,0.950,0.960,12183,0.006353
2,3,0.950,0.960,12184,0.015320
2,3,0.950,0.960,12185,0.031073
2,3,0.950,0.960,12186,0.026528
2,3,0.950,0.960,12187,-0.005432
2,3,0.950,0.960,12188,-0.017222
2,3,0.950,0.960,12189,-0.017600
2,3,0.950,0.960,12190,-0.014902
2,3,0.950,0.960,12191,0.011654
2,3,0.950,0.960,12192,0.011344
2,3,0.950,0.960,12193,-0.004063
2,3,0.950,0.960,12194,0.000616
2,3,0.950,0.960,12195,0.008289
2,3,0.950,0.960,12196,0.006771
2,3,0.950,0.960,12197,0.004790
2,3,0.950,0.960,12198,-0.003214
2,3,0.950,0.960,12199,0.000044
2,3,0.950,0.960,12200,-0.009238
2,3,0.950,0.960,12201,0.010007
2,3,0.950,0.960,12202,0.016058
2,3,0.950,0.960,12203,0.001306
2,3,0.950,0.960,12204,-0.003578
2,3,0.950,0.960,12205,0.009803
2,3,0.950,0.960,12206,0.034944
2,3,0.950,0.960,12207,0.001443
2,3,0.950,0.960,12208,0.009307
2,3,0.950,0.960,12209,-0.001139
2,3,0.950,0.960,12210,-0.001882
2,3,0.950,0.960,12211,0.017313
2,3,0.950,0.960,12212,0.006787
2,3,0.950,0.960,12213,0.001864
2,3,0.950,0.960,12214,0.009690
2,3,0.950,0.960,12215,0.019463
2,3,0.950,0.960,12216,-0.001133
2,3,0.950,0.960,12217,-0.013729
2,3,0.950,0.960,12218,0.007189
2,3,0.950,0.960,12219,0.002536
2,3,0.950,0.960,12220,0.000426
2,3,0.950,0.960,12221,0.016568
2,3,0.950,0.960,12222,0.023257
2,3,0.950,0.960,12223,0.019678
2,3,0.950,0.960,12224,0.009466
2,3,0.950,0.960,12225,0.007884
2,3,0.950,0.960,12226,0.018219
2,3,0.950,0.960,12227,0.021236
2,3,0.950,0.960,12228,0.003042
2,3,0.950,0.960,12229,0.006950
2,3,0.950,0.960,12230,0.004843
2,3,0.950,0.960,12231,-0.000029
2,3,0.950,0.960,12232,0.026037
2,3,0.950,0.960,12233,0.026678
2,3,0.950,0.960,12234,0.001802
2,3,0.950,0.960,12235,-0.015310
2,3,0.950,0.960,12236,-0.007614
2,3,0.950,0.960,12237,-0.001377
2,3,0.950,0.960,12238,0.018183
2,3,0.950,0.960,12239,0.003579
2,3,0.950,0.960,12240,-0.016340
2,3,0.950,0.960,12241,-0.017431
2,3,0.950,0.960,12242,-0.012755
2,3,0.950,0.960,12243,0.003885
2,3,0.950,0.960,12244,0.004102
2,3,0.950,0.960,12245,-0.007900
2,3,0.950,0.960,12246,0.010768
2,3,0.950,0.960,12247,0.000710
2,3,0.950,0.960,12248,-0.026062
2,3,0.950,0.960,12249,-0.032388
2,3,0.950,0.960,12250,-0.024330
2,3,0.950,0.960,12251,0.010198
2,3,0.950,0.960,12252,0.004900
2,3,0.950,0.960,12253,0.017182
2,3,0.950,0.960,12254,-0.014787
2,3,0.950,0.960,12255,-0.002769
2,3,0.950,0.960,12256,-0.003089
2,3,0.950,0.960,12257,-0.003129
2,3,0.950,0.960,12258,0.006788
2,3,0.950,0.960,12259,0.017995
2,3,0.950,0.960,12260,-0.003048
2,3,0.950,0.960,12261,0.009646
2,3,0.950,0.960,12262,0.025410
2,3,0.950,0.960,12263,0.014562
2,3,0.950,0.960,12264,-0.033047
2,3,0.950,0.960,12265,-0.035380
2,3,0.950,0.960,12266,-0.015845
2,3,0.950,0.960,12267,-0.000176
2,3,0.950,0.960,12268,0.006812
2,3,0.950,0.960,12269,-0.007783
2,3,0.950,0.960,12270,-0.001193
2,3,0.950,0.960,12271,-0.008485
2,3,0.950,0.960,12272,0.018010
2,3,0.950,0.960,12273,0.007251
2,3,0.950,0.960,12274,0.001697
2,3,0.950,0.960,12275,-0.014004
2,3,0.950,0.960,12276,0.024701
2,3,0.950,0.960,12277,0.015630
2,3,0.950,0.960,12278,-0.012371
2,3,0.950,0.960,12279,-0.013807
2,3,0.950,0.960,12280,0.006171
2,3,0.950,0.960,12281,0.016233
2,3,0.950,0.960,12282,0.005632
2,3,0.950,0.960,12283,0.007420
2,3,0.950,0.960,12284,0.002662
2,3,0.950,0.960,12285,0.035709
2,3,0.950,0.960,12286,0.022684
2,3,0.950,0.960,12287,0.011312
2,3,0.950,0.960,12288,0.025006
2,3,0.950,0.960,12289,0.015402
2,3,0.950,0.960,12290,0.036464
2,3,0.950,0.960,12291,0.035679
2,3,0.950,0.960,12292,0.006500
2,3,0.950,0.960,12293,0.003523
2,3,0.950,0.960,12294,-0.008486
2,3,0.950,0.960,12295,-0.004904
2,3,0.950,0.960,12296,0.014535
2,3,0.950,0.960,12297,0.024601
2,3,0.950,0.960,12298,0.006310
2,3,0.950,0.960,12299,-0.005280
2,3,0.950,0.960,12300,0.021460
2,3,0.950,0.960,12301,-0.005366
2,3,0.950,0.960,12302,-0.000266
2,3,0.950,0.960,12303,0.018294
2,3,0.950,0.960,12304,0.004096
2,3,0.950,0.960,12305,-0.003448
2,3,0.950,0.960,12306,0.003395
2,3,0.950,0.960,12307,0.004426
2,3,0.950,0.960,12308,-0.020672
2,3,0.950,0.960,12309,-0.011773
2,3,0.950,0.960,12310,0.002739
2,3,0.950,0.960,12311,-0.006625
2,3,0.950,0.960,12312,0.007594
2,3,0.950,0.960,12313,-0.004177
2,3,0.950,0.960,12314,-0.017503
2,3,0.950,0.960,12315,-0.033793
2,3,0.950,0.960,12316,-0.006326
2,3,0.950,0.960,12317,0.026482
2,3,0.950,0.960,12318,0.000406
2,3,0.950,0.960,12319,-0.015662
2,3,0.950,0.960,12320,0.004346
2,3,0.950,0.960,12321,0.005089
2,3,0.950,0.960,12322,-0.017993
2,3,0.950,0.960,12323,-0.017609
2,3,0.950,0.960,12324,-0.016277
2,3,0.950,0.960,12325,-0.000006
2,3,0.950,0.960,12326,-0.007931
2,3,0.950,0.960,12327,0.030714
2,3,0.950,0.960,12328,0.002275
2,3,0.950,0.960,12329,-0.020529
2,3,0.950,0.960,12330,-0.015169
2,3,0.950,0.960,12331,0.001822
2,3,0.950,0.960,12332,0.000851
2,3,0.950,0.960,12333,0.002718
2,3,0.950,0.960,12334,-0.001733
2,3,0.950,0.960,12335,0.004275
2,3,0.950,0.960,12336,-0.006266
2,3,0.950,0.960,12337,-0.016311
2,3,0.950,0.960,12338,-0.004878
2,3,0.950,0.960,12339,0.001323
2,3,0.950,0.960,12340,0.018996
2,3,0.950,0.960,12341,0.005846
2,3,0.950,0.960,12342,0.012642
2,3,0.950,0.960,12343,-0.002755
2,3,0.950,0.960,12344,-0.007350
2,3,0.950,0.960,12345,0.016122
2,3,0.950,0.960,12346,0.014685
2,3,0.950,0.960,12347,-0.005058
2,3,0.950,0.960,12348,-0.036465
2,3,0.950,0.960,12349,0.002416
2,3,0.950,0.960,12350,0.023200
2,3,0.950,0.960,12351,0.020598
2,3,0.950,0.960,12352,-0.001328
2,3,0.950,0.960,12353,-0.006696
2,3,0.950,0.960,12354,-0.010098
2,3,0.950,0.960,12355,0.002857
2,3,0.950,0.960,12356,-0.012701
2,3,0.950,0.960,12357,-0.027148
2,3,0.950,0.960,12358,0.003765
2,3,0.950,0.960,12359,0.010593
2,3,0.950,0.960,12360,0.012229
2,3,0.950,0.960,12361,-0.002172
2,3,0.950,0.960,12362,-0.013791
2,3,0.950,0.960,12363,0.007527
2,3,0.950,0.960,12364,-0.001669
2,3,0.950,0.960,12365,0.013185
2,3,0.950,0.960,12366,0.024377
2,3,0.950,0.960,12367,0.013799
2,3,0.950,0.960,12368,-0.005938
2,3,0.950,0.960,12369,-0.010948
2,3,0.950,0.960,12370,0.023796
2,3,0.950,0.960,12371,0.023948
2,3,0.950,0.960,12372,-0.019669
2,3,0.950,0.960,12373,-0.021753
2,3,0.950,0.960,12374,-0.009143
2,3,0.950,0.960,12375,0.003068
2,3,0.950,0.960,12376,0.008595
2,3,0.950,0.960,12377,-0.002133
2,3,0.950,0.960,12378,0.002866
2,3,0.950,0.960,12379,-0.007663
2,3,0.950,0.960,12380,-0.026698
2,3,0.950,0.960,12381,-0.034688
2,3,0.950,0.960,12382,-0.027493
2,3,0.950,0.960,12383,-0.005956
2,3,0.950,0.960,12384,0.009225
2,3,0.950,0.960,12385,-0.008842
2,3,0.950,0.960,12386,-0.014831
2,3,0.950,0.960,12387,0.000265
2,3,0.950,0.960,12388,0.011250
2,3,0.950,0.960,12389,0.023012
2,3,0.950,0.960,12390,-0.003251
2,3,0.950,0.960,12391,-0.006185
2,3,0.950,0.960,12392,0.007613
2,3,0.950,0.960,12393,0.008955
2,3,0.950,0.960,12394,0.025995
2,3,0.950,0.960,12395,-0.007441
2,3,0.950,0.960,12396,0.007825
2,3,0.950,0.960,12397,0.029571
2,3,0.950,0.960,12398,0.034056
2,3,0.950,0.960,12399,0.000387
2,3,0.950,0.960,12400,-0.008131
2,3,0.950,0.960,12401,0.016813
2,3,0.950,0.960,12402,0.009261
2,3,0.950,0.960,12403,-0.005829
2,3,0.950,0.960,12404,-0.006482
2,3,0.950,0.960,12405,0.018670
2,3,0.950,0.960,12406,0.036280
2,3,0.950,0.960,12407,0.001728
2,3,0.950,0.960,12408,-0.017551
2,3,0.950,0.960,12409,0.015987
2,3,0.950,0.960,12410,0.018987
2,3,0.950,0.960,12411,0.019672
2,3,0.950,0.960,12412,0.038466
2,3,0.950,0.960,12413,-0.006190
2,3,0.950,0.960,12414,0.013115
2,3,0.950,0.960,12415,0.016940
2,3,0.950,0.960,12416,0.026519
2,3,0.950,0.960,12417,0.009401
2,3,0.950,0.960,12418,0.035226
2,3,0.950,0.960,12419,0.005975
2,3,0.950,0.960,12420,-0.017767
2,3,0.950,0.960,12421,-0.008510
2,3,0.950,0.960,12422,-0.007746
2,3,0.950,0.960,12423,0.008701
2,3,0.950,0.960,12424,-0.006997
2,3,0.950,0.960,12425,-0.005771
2,3,0.950,0.960,12426,-0.015298
2,3,0.950,0.960,12427,-0.017327
2,3,0.950,0.960,12428,-0.003907
2,3,0.950,0.960,12429,0.001064
2,3,0.950,0.960,12430,0.010429
2,3,0.950,0.960,12431,-0.001056
2,3,0.950,0.960,12432,-0.005419
2,3,0.950,0.960,12433,-0.004785
2,3,0.950,0.960,12434,0.006764
2,3,0.950,0.960,12435,0.008979
2,3,0.950,0.960,12436,-0.008306
2,3,0.950,0.960,12437,0.005604
2,3,0.950,0.960,12438,-0.000660
2,3,0.950,0.960,12439,0.005352
2,3,0.950,0.960,12440,0.020345
2,3,0.950,0.960,12441,0.010205
2,3,0.950,0.960,12442,0.004969
2,3,0.950,0.960,12443,0.015335
2,3,0.950,0.960,12444,0.000294
2,3,0.950,0.960,12445,0.013494
2,3,0.950,0.960,12446,0.013957
2,3,0.950,0.960,12447,0.005804
2,3,0.950,0.960,12448,0.003351
2,3,0.950,0.960,12449,0.009353
2,3,0.950,0.960,12450,0.007280
2,3,0.950,0.960,12451,-0.007752
2,3,0.950,0.960,12452,-0.012572
2,3,0.950,0.960,12453,-0.010444
2,3,0.950,0.960,12454,0.003945
2,3,0.950,0.960,12455,-0.019179
2,3,0.950,0.960,12456,-0.007716
2,3,0.950,0.960,12457,-0.034939
2,3,0.950,0.960,12458,-0.037840
2,3,0.950,0.960,12459,-0.007276
2,3,0.950,0.960,12460,0.009073
2,3,0.950,0.960,12461,0.015383
2,3,0.950,0.960,12462,-0.022620
2,3,0.950,0.960,12463,-0.013510
2,3,0.950,0.960,12464,-0.037441
2,3,0.950,0.960,12465,-0.010927
2,3,0.950,0.960,12466,0.006122
2,3,0.950,0.960,12467,-0.010938
2,3,0.950,0.960,12468,0.010536
2,3,0.950,0.960,12469,0.004532
2,3,0.950,0.960,12470,-0.015738
2,3,0.950,0.960,12471,0.002432
2,3,0.950,0.960,12472,-0.008133
2,3,0.950,0.960,12473,0.041742
2,3,0.950,0.960,12474,0.008588
2,3,0.950,0.960,12475,-0.010911
2,3,0.950,0.960,12476,-0.011964
2,3,0.950,0.960,12477,0.021101
2,3,0.950,0.960,12478,0.017666
2,3,0.950,0.960,12479,0.000877
2,3,0.950,0.960,12480,-0.000449
2,3,0.950,0.960,12481,-0.007581
2,3,0.950,0.960,12482,0.013543
2,3,0.950,0.960,12483,0.019426
2,3,0.950,0.960,12484,0.019985
2,3,0.950,0.960,12485,-0.006238
2,3,0.950,0.960,12486,-0.006987
2,3,0.950,0.960,12487,-0.035095
2,3,0.950,0.960,12488,0.002028
2,3,0.950,0.960,12489,0.003599
2,3,0.950,0.960,12490,-0.004814
2,3,0.950,0.960,12491,-0.001172
2,3,0.950,0.960,12492,0.009774
2,3,0.950,0.960,12493,-0.007008
2,3,0.950,0.960,12494,0.019244
2,3,0.950,0.960,12495,-0.009457
2,3,0.950,0.960,12496,-0.001575
2,3,0.950,0.960,12497,-0.005228
2,3,0.950,0.960,12498,0.033446
2,3,0.950,0.960,12499,-0.000660
2,3,0.950,0.960,12500,0.004457
2,3,0.950,0.960,12501,0.001855
2,3,0.950,0.960,12502,0.023927
2,3,0.950,0.960,12503,-0.019291
2,3,0.950,0.960,12504,0.020498
2,3,0.950,0.960,12505,0.007801
2,3,0.950,0.960,12506,0.013446
2,3,0.950,0.960,12507,-0.012745
2,3,0.950,0.960,12508,0.008901
2,3,0.950,0.960,12509,0.008714
2,3,0.950,0.960,12510,-0.008783
2,3,0.950,0.960,12511,-0.002870
2,3,0.950,0.960,12512,-0.006701
2,3,0.950,0.960,12513,-0.011489
2,3,0.950,0.960,12514,0.006873
2,3,0.950,0.960,12515,0.011657
2,3,0.950,0.960,12516,-0.003843
2,3,0.950,0.960,12517,-0.004361
2,3,0.950,0.960,12518,0.013072
2,3,0.950,0.960,12519,0.028932
2,3,0.950,0.960,12520,0.014631
2,3,0.950,0.960,12521,0.020498
2,3,0.950,0.960,12522,0.022317
2,3,0.950,0.960,12523,0.015412
2,3,0.950,0.960,12524,0.019108
2,3,0.950,0.960,12525,-0.008484
2,3,0.950,0.960,12526,-0.023605
2,3,0.950,0.960,12527,-0.016439
2,3,0.950,0.960,12528,-0.019299
2,3,0.950,0.960,12529,0.016978
2,3,0.950,0.960,12530,-0.016177
2,3,0.950,0.960,12531,-0.017223
2,3,0.950,0.960,12532,0.005301
2,3,0.950,0.960,12533,0.017713
2,3,0.950,0.960,12534,-0.005936
2,3,0.950,0.960,12535,-0.019171
2,3,0.950,0.960,12536,0.016976
2,3,0.950,0.960,12537,-0.003451
2,3,0.950,0.960,12538,0.001510
2,3,0.950,0.960,12539,-0.016071
2,3,0.950,0.960,12540,-0.025154
2,3,0.950,0.960,12541,-0.022525
2,3,0.950,0.960,12542,-0.003899
2,3,0.950,0.960,12543,0.011083
2,3,0.950,0.960,12544,-0.005989
2,3,0.950,0.960,12545,-0.022310
2,3,0.950,0.960,12546,-0.007090
2,3,0.950,0.960,12547,0.031462
2,3,0.950,0.960,12548,0.030259
2,3,0.950,0.960,12549,0.005949
2,3,0.950,0.960,12550,-0.015661
2,3,0.950,0.960,12551,-0.021574
2,3,0.950,0.960,12552,0.007490
2,3,0.950,0.960,12553,0.025566
2,3,0.950,0.960,12554,-0.028593
2,3,0.950,0.960,12555,-0.043417
2,3,0.950,0.960,12556,-0.032785
2,3,0.950,0.960,12557,-0.002048
2,3,0.950,0.960,12558,0.002361
2,3,0.950,0.960,12559,-0.010050
2,3,0.950,0.960,12560,-0.011492
2,3,0.950,0.960,12561,0.002167
2,3,0.950,0.960,12562,-0.007682
2,3,0.950,0.960,12563,-0.035219
2,3,0.950,0.960,12564,-0.061951
2,3,0.950,0.960,12565,-0.015489
2,3,0.950,0.960,12566,-0.008920
2,3,0.950,0.960,12567,-0.008869
2,3,0.950,0.960,12568,0.011153
2,3,0.950,0.960,12569,0.010110
2,3,0.950,0.960,12570,0.002975
2,3,0.950,0.960,12571,-0.005001
2,3,0.950,0.960,12572,-0.007152
2,3,0.950,0.960,12573,0.011093
2,3,0.950,0.960,12574,-0.004028
2,3,0.950,0.960,12575,-0.009731
2,3,0.950,0.960,12576,-0.012010
2,3,0.950,0.960,12577,0.002133
2,3,0.950,0.960,12578,-0.025121
2,3,0.950,0.960,12579,-0.014904
2,3,0.950,0.960,12580,-0.032411
2,3,0.950,0.960,12581,-0.004742
2,3,0.950,0.960,12582,0.003733
2,3,0.950,0.960,12583,0.003858
2,3,0.950,0.960,12584,0.014357
2,3,0.950,0.960,12585,-0.035976
2,3,0.950,0.960,12586,-0.029090
2,3,0.950,0.960,12587,-0.009187
2,3,0.950,0.960,12588,-0.020668
2,3,0.950,0.960,12589,0.014184
2,3,0.950,0.960,12590,-0.034230
2,3,0.950,0.960,12591,-0.000639
2,3,0.950,0.960,12592,0.007072
2,3,0.950,0.960,12593,0.010572
2,3,0.950,0.960,12594,-0.016187
2,3,0.950,0.960,12595,-0.010215
2,3,0.950,0.960,12596,-0.022017
2,3,0.950,0.960,12597,-0.011567
2,3,0.950,0.960,12598,0.000459
2,3,0.950,0.960,12599,-0.004304
2,3,0.950,0.960,12600,-0.011539
2,3,0.950,0.960,12601,-0.003757
2,3,0.950,0.960,12602,0.030403
2,3,0.950,0.960,12603,0.008209
2,3,0.950,0.960,12604,-0.019150
2,3,0.950,0.960,12605,-0.035708
2,3,0.950,0.960,12606,-0.011990
2,3,0.950,0.960,12607,-0.007404
2,3,0.950,0.960,12608,-0.006079
2,3,0.950,0.960,12609,-0.011767
2,3,0.950,0.960,12610,0.001145
2,3,0.950,0.960,12611,0.016160
2,3,0.950,0.960,12612,-0.016272
2,3,0.950,0.960,12613,-0.003137
2,3,0.950,0.960,12614,0.003334
2,3,0.950,0.960,12615,0.017845
2,3,0.950,0.960,12616,0.023276
2,3,0.950,0.960,12617,0.037367
2,3,0.950,0.960,12618,0.024657
2,3,0.950,0.960,12619,0.025776
2,3,0.950,0.960,12620,0.026629
2,3,0.950,0.960,12621,0.023114
2,3,0.950,0.960,12622,-0.006285
2,3,0.950,0.960,12623,-0.009200
2,3,0.950,0.960,12624,0.005615
2,3,0.950,0.960,12625,-0.000505
2,3,0.950,0.960,12626,0.014571
2,3,0.950,0.960,12627,0.008474
2,3,0.950,0.960,12628,-0.010447
2,3,0.950,0.960,12629,-0.000826
2,3,0.950,0.960,12630,0.013073
2,3,0.950,0.960,12631,0.019341
2,3,0.950,0.960,12632,-0.009124
2,3,0.950,0.960,12633,-0.009502
2,3,0.950,0.960,12634,-0.003850
2,3,0.950,0.960,12635,0.005399
2,3,0.950,0.960,12636,-0.009391
2,3,0.950,0.960,12637,0.006896
2,3,0.950,0.960,12638,0.002500
2,3,0.950,0.960,12639,0.004296
2,3,0.950,0.960,12640,0.005031
2,3,0.950,0.960,12641,0.005474
2,3,0.950,0.960,12642,-0.003802
2,3,0.950,0.960,12643,-0.018347
2,3,0.950,0.960,12644,-0.012045
2,3,0.950,0.960,12645,0.011970
2,3,0.950,0.960,12646,0.028965
2,3,0.950,0.960,12647,-0.020662
2,3,0.950,0.960,12648,-0.034060
2,3,0.950,0.960,12649,-0.009143
2,3,0.950,0.960,12650,-0.009095
2,3,0.950,0.960,12651,-0.006405
2,3,0.950,0.960,12652,-0.034112
2,3,0.950,0.960,12653,-0.033383
2,3,0.950,0.960,12654,-0.027708
2,3,0.950,0.960,12655,-0.006267
2,3,0.950,0.960,12656,-0.007495
2,3,0.950,0.960,12657,-0.021175
2,3,0.950,0.960,12658,0.006944
2,3,0.950,0.960,12659,-0.007182
2,3,0.950,0.960,12660,-0.009530
2,3,0.950,0.960,12661,-0.008091
2,3,0.950,0.960,12662,-0.001993
2,3,0.950,0.960,12663,0.002709
2,3,0.950,0.960,12664,0.025245
2,3,0.950,0.960,12665,-0.024754
2,3,0.950,0.960,12666,-0.030421
2,3,0.950,0.960,12667,-0.008474
2,3,0.950,0.960,12668,0.024739
2,3,0.950,0.960,12669,0.004177
2,3,0.950,0.960,12670,-0.018281
2,3,0.950,0.960,12671,-0.013967
2,3,0.950,0.960,12672,-0.008824
2,3,0.950,0.960,12673,0.016824
2,3,0.950,0.960,12674,-0.004722
2,3,0.950,0.960,12675,-0.007797
2,3,0.950,0.960,12676,0.002893
2,3,0.950,0.960,12677,0.013183
2,3,0.950,0.960,12678,0.008780
2,3,0.950,0.960,12679,0.002436
2,3,0.950,0.960,12680,0.000910
2,3,0.950,0.960,12681,-0.000044
2,3,0.950,0.960,12682,-0.030392
2,3,0.950,0.960,12683,-0.012214
2,3,0.950,0.960,12684,0.025316
2,3,0.950,0.960,12685,0.020345
2,3,0.950,0.960,12686,-0.010832
2,3,0.950,0.960,12687,0.006356
2,3,0.950,0.960,12688,0.012504
2,3,0.950,0.960,12689,0.045414
2,3,0.950,0.960,12690,0.024129
2,3,0.950,0.960,12691,0.015704
2,3,0.950,0.960,12692,0.000102
2,3,0.950,0.960,12693,-0.005275
2,3,0.950,0.960,12694,-0.010251
2,3,0.950,0.960,12695,-0.029888
2,3,0.950,0.960,12696,-0.001340
2,3,0.950,0.960,12697,-0.021522
2,3,0.950,0.960,12698,-0.015058
2,3,0.950,0.960,12699,-0.000058
2,3,0.950,0.960,12700,0.013887
2,3,0.950,0.960,12701,0.010089
2,3,0.950,0.960,12702,0.003849
2,3,0.950,0.960,12703,0.009404
2,3,0.950,0.960,12704,0.003542
2,3,0.950,0.960,12705,-0.014555
2,3,0.950,0.960,12706,-0.006613
2,3,0.950,0.960,12707,-0.007754
2,3,0.950,0.960,12708,0.005832
2,3,0.950,0.960,12709,-0.004698
2,3,0.950,0.960,12710,-0.019637
2,3,0.950,0.960,12711,-0.035573
2,3,0.950,0.960,12712,-0.029632
2,3,0.950,0.960,12713,-0.038409
2,3,0.950,0.960,12714,-0.022268
2,3,0.950,0.960,12715,-0.013436
2,3,0.950,0.960,12716,0.001635
2,3,0.950,0.960,12717,-0.020088
2,3,0.950,0.960,12718,-0.033677
2,3,0.950,0.960,12719,-0.020249
2,3,0.950,0.960,12720,-0.018248
2,3,0.950,0.960,12721,0.013096
2,3,0.950,0.960,12722,0.003155
2,3,0.950,0.960,12723,-0.018343
2,3,0.950,0.960,12724,-0.011054
2,3,0.950,0.960,12725,-0.007735
2,3,0.950,0.960,12726,0.011926
2,3,0.950,0.960,12727,0.011179
2,3,0.950,0.960,12728,-0.021336
2,3,0.950,0.960,12729,-0.038656
2,3,0.950,0.960,12730,-0.016416
2,3,0.950,0.960,12731,0.011862
2,3,0.950,0.960,12732,0.010597
2,3,0.950,0.960,12733,-0.018103
2,3,0.950,0.960,12734,-0.018455
2,3,0.950,0.960,12735,0.001875
2,3,0.950,0.960,12736,0.019385
2,3,0.950,0.960,12737,0.005645
2,3,0.950,0.960,12738,0.001838
2,3,0.950,0.960,12739,0.013947
2,3,0.950,0.960,12740,-0.016609
2,3,0.950,0.960,12741,-0.022359
2,3,0.950,0.960,12742,-0.025508
2,3,0.950,0.960,12743,0.001455
2,3,0.950,0.960,12744,0.014551
2,3,0.950,0.960,12745,0.000596
2,3,0.950,0.960,12746,-0.029382
2,3,0.950,0.960,12747,-0.022284
2,3,0.950,0.960,12748,-0.021908
2,3,0.950,0.960,12749,-0.016341
2,3,0.950,0.960,12750,-0.011623
2,3,0.950,0.960,12751,-0.008816
2,3,0.950,0.960,12752,-0.003468
2,3,0.950,0.960,12753,-0.014187
2,3,0.950,0.960,12754,-0.004937
2,3,0.950,0.960,12755,0.009465
2,3,0.950,0.960,12756,-0.001753
2,3,0.950,0.960,12757,-0.013758
2,3,0.950,0.960,12758,0.005755
2,3,0.950,0.960,12759,-0.005654
2,3,0.950,0.960,12760,-0.004488
2,3,0.950,0.960,12761,-0.013613
2,3,0.950,0.960,12762,-0.020318
2,3,0.950,0.960,12763,-0.005891
2,3,0.950,0.960,12764,0.006946
2,3,0.950,0.960,12765,-0.007659
2,3,0.950,0.960,12766,0.005520
2,3,0.950,0.960,12767,-0.002573
2,3,0.950,0.960,12768,-0.001190
2,3,0.950,0.960,12769,0.014026
2,3,0.950,0.960,12770,0.001021
2,3,0.950,0.960,12771,-0.011981
2,3,0.950,0.960,12772,0.005424
2,3,0.950,0.960,12773,0.012356
2,3,0.950,0.960,12774,-0.016498
2,3,0.950,0.960,12775,-0.026371
2,3,0.950,0.960,12776,-0.013981
2,3,0.950,0.960,12777,0.001877
2,3,0.950,0.960,12778,0.005699
2,3,0.950,0.960,12779,-0.002685
2,3,0.950,0.960,12780,-0.005557
2,3,0.950,0.960,12781,-0.000185
2,3,0.950,0.960,12782,-0.002794
2,3,0.950,0.960,12783,0.002120
2,3,0.950,0.960,12784,-0.000878
2,3,0.950,0.960,12785,0.026581
2,3,0.950,0.960,12786,0.008702
2,3,0.950,0.960,12787,0.005068
2,3,0.950,0.960,12788,-0.002544
2,3,0.950,0.960,12789,-0.003920
2,3,0.950,0.960,12790,-0.008685
2,3,0.950,0.960,12791,0.026656
2,3,0.950,0.960,12792,0.011962
2,3,0.950,0.960,12793,-0.025124
2,3,0.950,0.960,12794,-0.022179
2,3,0.950,0.960,12795,0.018641
2,3,0.950,0.960,12796,0.011582
2,3,0.950,0.960,12797,0.000638
2,3,0.950,0.960,12798,0.012209
2,3,0.950,0.960,12799,0.008982
2,3,0.950,0.960,12800,0.013829
2,3,0.950,0.960,12801,0.009252
2,3,0.950,0.960,12802,0.013364
2,3,0.950,0.960,12803,0.005628
2,3,0.950,0.960,12804,0.000906
2,3,0.950,0.960,12805,0.016451
2,3,0.950,0.960,12806,-0.009457
2,3,0.950,0.960,12807,0.019466
2,3,0.950,0.960,12808,0.018883
2,3,0.950,0.960,12809,-0.032323
2,3,0.950,0.960,12810,-0.007575
2,3,0.950,0.960,12811,-0.031771
2,3,0.950,0.960,12812,-0.005658
2,3,0.950,0.960,12813,0.017897
2,3,0.950,0.960,12814,0.003631
2,3,0.950,0.960,12815,-0.018456
2,3,0.950,0.960,12816,-0.020658
2,3,0.950,0.960,12817,-0.007292
2,3,0.950,0.960,12818,0.003813
2,3,0.950,0.960,12819,0.004972
2,3,0.950,0.960,12820,-0.004084
2,3,0.950,0.960,12821,0.005522
2,3,0.950,0.960,12822,0.014005
2,3,0.950,0.960,12823,0.001874
2,3,0.950,0.960,12824,-0.015691
2,3,0.950,0.960,12825,0.008666
2,3,0.950,0.960,12826,0.034157
2,3,0.950,0.960,12827,0.031032
2,3,0.950,0.960,12828,0.004748
2,3,0.950,0.960,12829,-0.011903
2,3,0.950,0.960,12830,0.001517
2,3,0.950,0.960,12831,0.007642
2,3,0.950,0.960,12832,0.010002
2,3,0.950,0.960,12833,-0.002340
2,3,0.950,0.960,12834,-0.015540
2,3,0.950,0.960,12835,-0.012852
2,3,0.950,0.960,12836,0.000679
2,3,0.950,0.960,12837,0.024593
2,3,0.950,0.960,12838,0.023702
2,3,0.950,0.960,12839,-0.006217
2,3,0.950,0.960,12840,-0.017217
2,3,0.950,0.960,12841,0.002526
2,3,0.950,0.960,12842,0.024866
2,3,0.950,0.960,12843,0.026982
2,3,0.950,0.960,12844,-0.028049
2,3,0.950,0.960,12845,0.022100
2,3,0.950,0.960,12846,0.027492
2,3,0.950,0.960,12847,0.017908
2,3,0.950,0.960,12848,-0.017474
2,3,0.950,0.960,12849,-0.005938
2,3,0.950,0.960,12850,0.002741
2,3,0.950,0.960,12851,0.004310
2,3,0.950,0.960,12852,0.000982
2,3,0.950,0.960,12853,-0.008448
2,3,0.950,0.960,12854,0.007005
2,3,0.950,0.960,12855,0.018576
2,3,0.950,0.960,12856,0.012992
2,3,0.950,0.960,12857,0.018173
2,3,0.950,0.960,12858,-0.024390
2,3,0.950,0.960,12859,0.007401
2,3,0.950,0.960,12860,-0.008254
2,3,0.950,0.960,12861,-0.004154
2,3,0.950,0.960,12862,-0.005798
2,3,0.950,0.960,12863,-0.003117
2,3,0.950,0.960,12864,-0.008915
2,3,0.950,0.960,12865,0.005363
2,3,0.950,0.960,12866,0.013189
2,3,0.950,0.960,12867,0.011286
2,3,0.950,0.960,12868,0.005590
2,3,0.950,0.960,12869,0.022969
2,3,0.950,0.960,12870,0.007343
2,3,0.950,0.960,12871,0.008681
2,3,0.950,0.960,12872,-0.001283
2,3,0.950,0.960,12873,-0.008130
2,3,0.950,0.960,12874,-0.009513
2,3,0.950,0.960,12875,0.014185
2,3,0.950,0.960,12876,0.016117
2,3,0.950,0.960,12877,-0.001808
2,3,0.950,0.960,12878,-0.001522
2,3,0.950,0.960,12879,0.003173
2,3,0.950,0.960,12880,0.018127
2,3,0.950,0.960,12881,0.016500
2,3,0.950,0.960,12882,0.008003
2,3,0.950,0.960,12883,0.024361
2,3,0.950,0.960,12884,0.013182
2,3,0.950,0.960,12885,0.007604
2,3,0.950,0.960,12886,0.013119
2,3,0.950,0.960,12887,0.008339
2,3,0.950,0.960,12888,0.007127
2,3,0.950,0.960,12889,0.014056
2,3,0.950,0.960,12890,-0.003083
2,3,0.950,0.960,12891,0.026851
2,3,0.950,0.960,12892,0.015964
2,3,0.950,0.960,12893,0.009000
2,3,0.950,0.960,12894,0.001783
2,3,0.950,0.960,12895,0.010764
2,3,0.950,0.960,12896,0.039511
2,3,0.950,0.960,12897,0.019166
2,3,0.950,0.960,12898,-0.007463
2,3,0.950,0.960,12899,0.010251
2,3,0.950,0.960,12900,0.024657
2,3,0.950,0.960,12901,0.014863
2,3,0.950,0.960,12902,0.010823
2,3,0.950,0.960,12903,-0.023903
2,3,0.950,0.960,12904,-0.005308
2,3,0.950,0.960,12905,-0.006221
2,3,0.950,0.960,12906,-0.015507
2,3,0.950,0.960,12907,0.010358
2,3,0.950,0.960,12908,0.004780
2,3,0.950,0.960,12909,0.022667
2,3,0.950,0.960,12910,0.002418
2,3,0.950,0.960,12911,0.012376
2,3,0.950,0.960,12912,-0.008116
2,3,0.950,0.960,12913,0.006546
2,3,0.950,0.960,12914,0.006060
2,3,0.950,0.960,12915,0.015032
2,3,0.950,0.960,12916,-0.020776
2,3,0.950,0.960,12917,-0.011877
2,3,0.950,0.960,12918,-0.010031
2,3,0.950,0.960,12919,0.001049
2,3,0.950,0.960,12920,0.024936
2,3,0.950,0.960,12921,0.012381
2,3,0.950,0.960,12922,0.005222
2,3,0.950,0.960,12923,0.020419
2,3,0.950,0.960,12924,-0.007522
2,3,0.950,0.960,12925,-0.000769
2,3,0.950,0.960,12926,0.001505
2,3,0.950,0.960,12927,-0.005309
2,3,0.950,0.960,12928,-0.001445
2,3,0.950,0.960,12929,0.005257
2,3,0.950,0.960,12930,0.000529
2,3,0.950,0.960,12931,-0.011319
2,3,0.950,0.960,12932,0.010197
2,3,0.950,0.960,12933,0.002206
2,3,0.950,0.960,12934,0.000533
2,3,0.950,0.960,12935,0.003937
2,3,0.950,0.960,12936,0.002881
2,3,0.950,0.960,12937,0.014469
2,3,0.950,0.960,12938,-0.008547
2,3,0.950,0.960,12939,0.012941
2,3,0.950,0.960,12940,-0.002156
2,3,0.950,0.960,12941,-0.016318
2,3,0.950,0.960,12942,-0.021202
2,3,0.950,0.960,12943,0.000922
2,3,0.950,0.960,12944,0.012154
2,3,0.950,0.960,12945,-0.007425
2,3,0.950,0.960,12946,-0.006519
2,3,0.950,0.960,12947,0.012124
2,3,0.950,0.960,12948,0.007882
2,3,0.950,0.960,12949,0.003835
2,3,0.950,0.960,12950,-0.028826
2,3,0.950,0.960,12951,-0.010083
2,3,0.950,0.960,12952,-0.001206
2,3,0.950,0.960,12953,0.015649
2,3,0.950,0.960,12954,0.015376
2,3,0.950,0.960,12955,-0.006297
2,3,0.950,0.960,12956,-0.008461
2,3,0.950,0.960,12957,0.011097
2,3,0.950,0.960,12958,0.010038
2,3,0.950,0.960,12959,0.006169
2,3,0.950,0.960,12960,0.008847
2,3,0.950,0.960,12961,0.010016
2,3,0.950,0.960,12962,-0.020205
2,3,0.950,0.960,12963,0.000581
2,3,0.950,0.960,12964,0.013566
2,3,0.950,0.960,12965,0.003473
2,3,0.950,0.960,12966,-0.001909
2,3,0.950,0.960,12967,-0.005235
2,3,0.950,0.960,12968,-0.029066
2,3,0.950,0.960,12969,-0.017775
2,3,0.950,0.960,12970,0.016240
2,3,0.950,0.960,12971,-0.007794
2,3,0.950,0.960,12972,-0.013513
2,3,0.950,0.960,12973,0.000380
2,3,0.950,0.960,12974,0.007093
2,3,0.950,0.960,12975,-0.022165
2,3,0.950,0.960,12976,-0.024819
2,3,0.950,0.960,12977,-0.013335
2,3,0.950,0.960,12978,-0.023944
2,3,0.950,0.960,12979,-0.023153
2,3,0.950,0.960,12980,-0.006549
2,3,0.950,0.960,12981,-0.024405
2,3,0.950,0.960,12982,-0.014801
2,3,0.950,0.960,12983,0.000077
2,3,0.950,0.960,12984,0.002545
2,3,0.950,0.960,12985,-0.024630
2,3,0.950,0.960,12986,-0.027884
2,3,0.950,0.960,12987,-0.026080
2,3,0.950,0.960,12988,0.022625
2,3,0.950,0.960,12989,0.030346
2,3,0.950,0.960,12990,-0.012186
2,3,0.950,0.960,12991,-0.004638
2,3,0.950,0.960,12992,0.007283
2,3,0.950,0.960,12993,0.003682
2,3,0.950,0.960,12994,-0.005586
2,3,0.950,0.960,12995,-0.019999
2,3,0.950,0.960,12996,-0.014136
2,3,0.950,0.960,12997,0.011876
2,3,0.950,0.960,12998,0.019015
2,3,0.950,0.960,12999,-0.001036
2,3,0.950,0.960,13000,-0.017671
3,5,0.400,0.410,10001,-0.005735
3,5,0.400,0.410,10002,0.005547
3,5,0.400,0.410,10003,-0.011552
3,5,0.400,0.410,10004,-0.030314
3,5,0.400,0.410,10005,-0.026739
3,5,0.400,0.410,10006,-0.002507
3,5,0.400,0.410,10007,-0.000243
3,5,0.400,0.410,10008,-0.014019
3,5,0.400,0.410,10009,-0.025728
3,5,0.400,0.410,10010,-0.001326
3,5,0.400,0.410,10011,0.002529
3,5,0.400,0.410,10012,-0.012610
3,5,0.400,0.410,10013,-0.028063
3,5,0.400,0.410,10014,-0.022698
3,5,0.400,0.410,10015,-0.007093
3,5,0.400,0.410,10016,-0.011349
3,5,0.400,0.410,10017,-0.027001
3,5,0.400,0.410,10018,-0.020086
3,5,0.400,0.410,10019,-0.006353
3,5,0.400,0.410,10020,-0.014591
3,5,0.400,0.410,10021,-0.026640
3,5,0.400,0.410,10022,-0.025101
3,5,0.400,0.410,10023,-0.024990
3,5,0.400,0.410,10024,-0.016730
3,5,0.400,0.410,10025,-0.027193
3,5,0.400,0.410,10026,-0.040872
3,5,0.400,0.410,10027,-0.027840
3,5,0.400,0.410,10028,-0.023085
3,5,0.400,0.410,10029,-0.017270
3,5,0.400,0.410,10030,-0.022052
3,5,0.400,0.410,10031,-0.020869
3,5,0.400,0.410,10032,-0.029226
3,5,0.400,0.410,10033,-0.021938
3,5,0.400,0.410,10034,-0.022450
3,5,0.400,0.410,10035,-0.018243
3,5,0.400,0.410,10036,-0.019706
3,5,0.400,0.410,10037,-0.022964
3,5,0.400,0.410,10038,-0.009609
3,5,0.400,0.410,10039,-0.013254
3,5,0.400,0.410,10040,-0.018646
3,5,0.400,0.410,10041,-0.027741
3,5,0.400,0.410,10042,-0.021696
3,5,0.400,0.410,10043,-0.026169
3,5,0.400,0.410,10044,-0.023048
3,5,0.400,0.410,10045,-0.019575
3,5,0.400,0.410,10046,-0.021871
3,5,0.400,0.410,10047,-0.018266
3,5,0.400,0.410,10048,-0.011337
3,5,0.400,0.410,10049,-0.021762
3,5,0.400,0.410,10050,-0.022756
3,5,0.400,0.410,10051,-0.018905
3,5,0.400,0.410,10052,-0.004187
3,5,0.400,0.410,10053,-0.013309
3,5,0.400,0.410,10054,-0.033552
3,5,0.400,0.410,10055,-0.013693
3,5,0.400,0.410,10056,-0.009834
3,5,0.400,0.410,10057,-0.007791
3,5,0.400,0.410,10058,-0.018628
3,5,0.400,0.410,10059,-0.013667
3,5,0.400,0.410,10060,0.000424
3,5,0.400,0.410,10061,-0.004816
3,5,0.400,0.410,10062,-0.011149
3,5,0.400,0.410,10063,-0.018456
3,5,0.400,0.410,10064,-0.011382
3,5,0.400,0.410,10065,-0.004674
3,5,0.400,0.410,10066,-0.014325
3,5,0.400,0.410,10067,-0.025749
3,5,0.400,0.410,10068,-0.008630
3,5,0.400,0.410,10069,0.008817
3,5,0.400,0.410,10070,0.000911
3,5,0.400,0.410,10071,-0.026120
3,5,0.400,0.410,10072,-0.014492
3,5,0.400,0.410,10073,0.007255
3,5,0.400,0.410,10074,0.004070
3,5,0.400,0.410,10075,-0.025532
3,5,0.400,0.410,10076,-0.019610
3,5,0.400,0.410,10077,0.012857
3,5,0.400,0.410,10078,0.010393
3,5,0.400,0.410,10079,-0.015772
3,5,0.400,0.410,10080,-0.031819
3,5,0.400,0.410,10081,-0.008027
3,5,0.400,0.410,10082,0.011115
3,5,0.400,0.410,10083,0.006310
3,5,0.400,0.410,10084,-0.013083
3,5,0.400,0.410,10085,-0.014967
3,5,0.400,0.410,10086,0.015261
3,5,0.400,0.410,10087,0.020324
3,5,0.400,0.410,10088,-0.007860
3,5,0.400,0.410,10089,-0.029529
3,5,0.400,0.410,10090,-0.010091
3,5,0.400,0.410,10091,0.013306
3,5,0.400,0.410,10092,0.002757
3,5,0.400,0.410,10093,-0.022507
3,5,0.400,0.410,10094,-0.021146
3,5,0.400,0.410,10095,0.002175
3,5,0.400,0.410,10096,0.002849
3,5,0.400,0.410,10097,-0.030767
3,5,0.400,0.410,10098,-0.026334
3,5,0.400,0.410,10099,0.000687
3,5,0.400,0.410,10100,0.012374
3,5,0.400,0.410,10101,-0.011691
3,5,0.400,0.410,10102,-0.020772
3,5,0.400,0.410,10103,-0.003921
3,5,0.400,0.410,10104,0.002876
3,5,0.400,0.410,10105,-0.014600
3,5,0.400,0.410,10106,-0.032265
3,5,0.400,0.410,10107,-0.020985
3,5,0.400,0.410,10108,-0.003779
3,5,0.400,0.410,10109,0.004211
3,5,0.400,0.410,10110,-0.026567
3,5,0.400,0.410,10111,-0.033405
3,5,0.400,0.410,10112,-0.005892
3,5,0.400,0.410,10113,0.005130
3,5,0.400,0.410,10114,-0.013513
3,5,0.400,0.410,10115,-0.017705
3,5,0.400,0.410,10116,-0.000646
3,5,0.400,0.410,10117,-0.004037
3,5,0.400,0.410,10118,-0.008541
3,5,0.400,0.410,10119,-0.022811
3,5,0.400,0.410,10120,-0.019380
3,5,0.400,0.410,10121,0.005679
3,5,0.400,0.410,10122,-0.016730
3,5,0.400,0.410,10123,-0.027793
3,5,0.400,0.410,10124,-0.021347
3,5,0.400,0.410,10125,-0.002745
3,5,0.400,0.410,10126,-0.004092
3,5,0.400,0.410,10127,-0.013468
3,5,0.400,0.410,10128,-0.006538
3,5,0.400,0.410,10129,0.006664
3,5,0.400,0.410,10130,0.005239
3,5,0.400,0.410,10131,-0.006800
3,5,0.400,0.410,10132,0.005236
3,5,0.400,0.410,10133,0.001471
3,5,0.400,0.410,10134,0.000698
3,5,0.400,0.410,10135,-0.009366
3,5,0.400,0.410,10136,0.003960
3,5,0.400,0.410,10137,0.003510
3,5,0.400,0.410,10138,0.000640
3,5,0.400,0.410,10139,-0.016283
3,5,0.400,0.410,10140,-0.010891
3,5,0.400,0.410,10141,0.008288
3,5,0.400,0.410,10142,0.000795
3,5,0.400,0.410,10143,-0.011160
3,5,0.400,0.410,10144,-0.006917
3,5,0.400,0.410,10145,0.005911
3,5,0.400,0.410,10146,0.007083
3,5,0.400,0.410,10147,0.000588
3,5,0.400,0.410,10148,0.003474
3,5,0.400,0.410,10149,0.011398
3,5,0.400,0.410,10150,0.015063
3,5,0.400,0.410,10151,0.010718
3,5,0.400,0.410,10152,0.015438
3,5,0.400,0.410,10153,0.009242
3,5,0.400,0.410,10154,0.016777
3,5,0.400,0.410,10155,0.015830
3,5,0.400,0.410,10156,0.006920
3,5,0.400,0.410,10157,0.013278
3,5,0.400,0.410,10158,0.009701
3,5,0.400,0.410,10159,0.011271
3,5,0.400,0.410,10160,0.008526
3,5,0.400,0.410,10161,0.017414
3,5,0.400,0.410,10162,0.029499
3,5,0.400,0.410,10163,0.027744
3,5,0.400,0.410,10164,0.007525
3,5,0.400,0.410,10165,-0.002110
3,5,0.400,0.410,10166,0.019874
3,5,0.400,0.410,10167,0.026684
3,5,0.400,0.410,10168,0.007910
3,5,0.400,0.410,10169,0.002073
3,5,0.400,0.410,10170,0.007723
3,5,0.400,0.410,10171,0.026371
3,5,0.400,0.410,10172,0.005766
3,5,0.400,0.410,10173,0.000608
3,5,0.400,0.410,10174,0.021109
3,5,0.400,0.410,10175,0.028963
3,5,0.400,0.410,10176,0.007599
3,5,0.400,0.410,10177,0.001272
3,5,0.400,0.410,10178,0.022669
3,5,0.400,0.410,10179,0.021138
3,5,0.400,0.410,10180,0.011376
3,5,0.400,0.410,10181,0.000525
3,5,0.400,0.410,10182,0.005135
3,5,0.400,0.410,10183,0.023054
3,5,0.400,0.410,10184,0.021545
3,5,0.400,0.410,10185,0.008294
3,5,0.400,0.410,10186,0.003044
3,5,0.400,0.410,10187,0.029271
3,5,0.400,0.410,10188,0.018089
3,5,0.400,0.410,10189,-0.002751
3,5,0.400,0.410,10190,-0.001110
3,5,0.400,0.410,10191,0.021168
3,5,0.400,0.410,10192,0.034421
3,5,0.400,0.410,10193,0.022280
3,5,0.400,0.410,10194,0.016199
3,5,0.400,0.410,10195,0.016811
3,5,0.400,0.410,10196,0.017261
3,5,0.400,0.410,10197,0.004457
3,5,0.400,0.410,10198,-0.000115
3,5,0.400,0.410,10199,0.001757
3,5,0.400,0.410,10200,0.021313
3,5,0.400,0.410,10201,0.022470
3,5,0.400,0.410,10202,0.025629
3,5,0.400,0.410,10203,0.021040
3,5,0.400,0.410,10204,0.016571
3,5,0.400,0.410,10205,0.019451
3,5,0.400,0.410,10206,0.019197
3,5,0.400,0.410,10207,0.013767
3,5,0.400,0.410,10208,0.014049
3,5,0.400,0.410,10209,0.007023
3,5,0.400,0.410,10210,0.007531
3,5,0.400,0.410,10211,0.012352
3,5,0.400,0.410,10212,0.009698
3,5,0.400,0.410,10213,0.000621
3,5,0.400,0.410,10214,-0.004197
3,5,0.400,0.410,10215,-0.000772
3,5,0.400,0.410,10216,0.012133
3,5,0.400,0.410,10217,0.021378
3,5,0.400,0.410,10218,0.006970
3,5,0.400,0.410,10219,-0.006123
3,5,0.400,0.410,10220,0.015223
3,5,0.400,0.410,10221,0.016430
3,5,0.400,0.410,10222,0.003054
3,5,0.400,0.410,10223,0.005653
3,5,0.400,0.410,10224,0.013711
3,5,0.400,0.410,10225,0.016525
3,5,0.400,0.410,10226,0.007176
3,5,0.400,0.410,10227,-0.000272
3,5,0.400,0.410,10228,-0.000002
3,5,0.400,0.410,10229,0.022457
3,5,0.400,0.410,10230,0.027502
3,5,0.400,0.410,10231,0.012553
3,5,0.400,0.410,10232,-0.006279
3,5,0.400,0.410,10233,0.013151
3,5,0.400,0.410,10234,0.026622
3,5,0.400,0.410,10235,0.011170
3,5,0.400,0.410,10236,0.007879
3,5,0.400,0.410,10237,0.014273
3,5,0.400,0.410,10238,0.023410
3,5,0.400,0.410,10239,0.032548
3,5,0.400,0.410,10240,0.018001
3,5,0.400,0.410,10241,0.010171
3,5,0.400,0.410,10242,0.025652
3,5,0.400,0.410,10243,0.024000
3,5,0.400,0.410,10244,0.006549
3,5,0.400,0.410,10245,0.005563
3,5,0.400,0.410,10246,0.021077
3,5,0.400,0.410,10247,0.025899
3,5,0.400,0.410,10248,0.024009
3,5,0.400,0.410,10249,0.005842
3,5,0.400,0.410,10250,0.016514
3,5,0.400,0.410,10251,0.033263
3,5,0.400,0.410,10252,0.022305
3,5,0.400,0.410,10253,0.000454
3,5,0.400,0.410,10254,0.021939
3,5,0.400,0.410,10255,0.035452
3,5,0.400,0.410,10256,0.027533
3,5,0.400,0.410,10257,0.015590
3,5,0.400,0.410,10258,0.015376
3,5,0.400,0.410,10259,0.025846
3,5,0.400,0.410,10260,0.017013
3,5,0.400,0.410,10261,0.013180
3,5,0.400,0.410,10262,-0.004815
3,5,0.400,0.410,10263,0.013416
3,5,0.400,0.410,10264,0.019884
3,5,0.400,0.410,10265,0.008017
3,5,0.400,0.410,10266,0.008063
3,5,0.400,0.410,10267,0.011862
3,5,0.400,0.410,10268,0.011229
3,5,0.400,0.410,10269,-0.011615
3,5,0.400,0.410,10270,-0.012609
3,5,0.400,0.410,10271,-0.001260
3,5,0.400,0.410,10272,0.000939
3,5,0.400,0.410,10273,-0.009251
3,5,0.400,0.410,10274,-0.006288
3,5,0.400,0.410,10275,-0.005944
3,5,0.400,0.410,10276,-0.008542
3,5,0.400,0.410,10277,-0.018061
3,5,0.400,0.410,10278,-0.009103
3,5,0.400,0.410,10279,-0.006320
3,5,0.400,0.410,10280,0.001894
3,5,0.400,0.410,10281,-0.007179
3,5,0.400,0.410,10282,-0.015124
3,5,0.400,0.410,10283,-0.004746
3,5,0.400,0.410,10284,0.011048
3,5,0.400,0.410,10285,-0.011364
3,5,0.400,0.410,10286,-0.036813
3,5,0.400,0.410,10287,-0.013855
3,5,0.400,0.410,10288,0.000444
3,5,0.400,0.410,10289,-0.002036
3,5,0.400,0.410,10290,-0.029844
3,5,0.400,0.410,10291,-0.032498
3,5,0.400,0.410,10292,0.000596
3,5,0.400,0.410,10293,0.016496
3,5,0.400,0.410,10294,-0.012525
3,5,0.400,0.410,10295,-0.037644
3,5,0.400,0.410,10296,-0.012639
3,5,0.400,0.410,10297,0.010729
3,5,0.400,0.410,10298,-0.014437
3,5,0.400,0.410,10299,-0.031190
3,5,0.400,0.410,10300,-0.018753
3,5,0.400,0.410,10301,-0.001207
3,5,0.400,0.410,10302,0.002055
3,5,0.400,0.410,10303,-0.010421
3,5,0.400,0.410,10304,-0.016589
3,5,0.400,0.410,10305,0.005291
3,5,0.400,0.410,10306,0.015563
3,5,0.400,0.410,10307,-0.014931
3,5,0.400,0.410,10308,-0.020290
3,5,0.400,0.410,10309,0.006970
3,5,0.400,0.410,10310,0.013225
3,5,0.400,0.410,10311,-0.002983
3,5,0.400,0.410,10312,-0.018032
3,5,0.400,0.410,10313,-0.005480
3,5,0.400,0.410,10314,0.025355
3,5,0.400,0.410,10315,0.012840
3,5,0.400,0.410,10316,-0.008364
3,5,0.400,0.410,10317,0.005512
3,5,0.400,0.410,10318,0.020183
3,5,0.400,0.410,10319,0.012040
3,5,0.400,0.410,10320,-0.001671
3,5,0.400,0.410,10321,0.014613
3,5,0.400,0.410,10322,0.024544
3,5,0.400,0.410,10323,0.016443
3,5,0.400,0.410,10324,0.009108
3,5,0.400,0.410,10325,-0.000870
3,5,0.400,0.410,10326,0.014302
3,5,0.400,0.410,10327,0.011738
3,5,0.400,0.410,10328,-0.003428
3,5,0.400,0.410,10329,0.006590
3,5,0.400,0.410,10330,0.025513
3,5,0.400,0.410,10331,0.021641
3,5,0.400,0.410,10332,-0.009278
3,5,0.400,0.410,10333,0.003049
3,5,0.400,0.410,10334,0.014108
3,5,0.400,0.410,10335,0.015432
3,5,0.400,0.410,10336,0.016067
3,5,0.400,0.410,10337,0.010246
3,5,0.400,0.410,10338,0.008498
3,5,0.400,0.410,10339,0.011462
3,5,0.400,0.410,10340,-0.001659
3,5,0.400,0.410,10341,-0.010330
3,5,0.400,0.410,10342,0.015895
3,5,0.400,0.410,10343,0.027761
3,5,0.400,0.410,10344,-0.005700
3,5,0.400,0.410,10345,-0.005167
3,5,0.400,0.410,10346,0.000749
3,5,0.400,0.410,10347,0.020195
3,5,0.400,0.410,10348,0.010701
3,5,0.400,0.410,10349,-0.006013
3,5,0.400,0.410,10350,-0.003491
3,5,0.400,0.410,10351,0.012366
3,5,0.400,0.410,10352,0.006950
3,5,0.400,0.410,10353,-0.004935
3,5,0.400,0.410,10354,0.007341
3,5,0.400,0.410,10355,0.018631
3,5,0.400,0.410,10356,0.009013
3,5,0.400,0.410,10357,0.009534
3,5,0.400,0.410,10358,0.006547
3,5,0.400,0.410,10359,0.009965
3,5,0.400,0.410,10360,0.028247
3,5,0.400,0.410,10361,0.014238
3,5,0.400,0.410,10362,0.004138
3,5,0.400,0.410,10363,0.009471
3,5,0.400,0.410,10364,0.030262
3,5,0.400,0.410,10365,0.030261
3,5,0.400,0.410,10366,0.017902
3,5,0.400,0.410,10367,0.014629
3,5,0.400,0.410,10368,0.034764
3,5,0.400,0.410,10369,0.032684
3,5,0.400,0.410,10370,0.013130
3,5,0.400,0.410,10371,0.013025
3,5,0.400,0.410,10372,0.040911
3,5,0.400,0.410,10373,0.039666
3,5,0.400,0.410,10374,0.025568
3,5,0.400,0.410,10375,0.033248
3,5,0.400,0.410,10376,0.044289
3,5,0.400,0.410,10377,0.043513
3,5,0.400,0.410,10378,0.024767
3,5,0.400,0.410,10379,0.027787
3,5,0.400,0.410,10380,0.031056
3,5,0.400,0.410,10381,0.037777
3,5,0.400,0.410,10382,0.035660
3,5,0.400,0.410,10383,0.022117
3,5,0.400,0.410,10384,0.017106
3,5,0.400,0.410,10385,0.021409
3,5,0.400,0.410,10386,0.029732
3,5,0.400,0.410,10387,0.023315
3,5,0.400,0.410,10388,0.005082
3,5,0.400,0.410,10389,0.020000
3,5,0.400,0.410,10390,0.036756
3,5,0.400,0.410,10391,0.026581
3,5,0.400,0.410,10392,0.014761
3,5,0.400,0.410,10393,0.019892
3,5,0.400,0.410,10394,0.034858
3,5,0.400,0.410,10395,0.027054
3,5,0.400,0.410,10396,0.017469
3,5,0.400,0.410,10397,0.017481
3,5,0.400,0.410,10398,0.035639
3,5,0.400,0.410,10399,0.035562
3,5,0.400,0.410,10400,0.012348
3,5,0.400,0.410,10401,0.013913
3,5,0.400,0.410,10402,0.022769
3,5,0.400,0.410,10403,0.034103
3,5,0.400,0.410,10404,0.033560
3,5,0.400,0.410,10405,0.026686
3,5,0.400,0.410,10406,0.008503
3,5,0.400,0.410,10407,0.010868
3,5,0.400,0.410,10408,0.018670
3,5,0.400,0.410,10409,0.023657
3,5,0.400,0.410,10410,-0.010190
3,5,0.400,0.410,10411,0.003465
3,5,0.400,0.410,10412,0.017101
3,5,0.400,0.410,10413,0.018577
3,5,0.400,0.410,10414,-0.000838
3,5,0.400,0.410,10415,-0.008920
3,5,0.400,0.410,10416,0.002901
3,5,0.400,0.410,10417,0.018526
3,5,0.400,0.410,10418,0.006889
3,5,0.400,0.410,10419,-0.003767
3,5,0.400,0.410,10420,0.010921
3,5,0.400,0.410,10421,0.013006
3,5,0.400,0.410,10422,0.009126
3,5,0.400,0.410,10423,0.002190
3,5,0.400,0.410,10424,0.001066
3,5,0.400,0.410,10425,0.002378
3,5,0.400,0.410,10426,0.003710
3,5,0.400,0.410,10427,0.008715
3,5,0.400,0.410,10428,-0.012455
3,5,0.400,0.410,10429,0.004502
3,5,0.400,0.410,10430,0.013197
3,5,0.400,0.410,10431,-0.003287
3,5,0.400,0.410,10432,-0.014471
3,5,0.400,0.410,10433,-0.006405
3,5,0.400,0.410,10434,-0.003217
3,5,0.400,0.410,10435,-0.008636
3,5,0.400,0.410,10436,-0.004317
3,5,0.400,0.410,10437,-0.004968
3,5,0.400,0.410,10438,0.000848
3,5,0.400,0.410,10439,-0.006181
3,5,0.400,0.410,10440,0.003618
3,5,0.400,0.410,10441,-0.000733
3,5,0.400,0.410,10442,-0.015981
3,5,0.400,0.410,10443,-0.024926
3,5,0.400,0.410,10444,-0.022402
3,5,0.400,0.410,10445,0.001503
3,5,0.400,0.410,10446,-0.014528
3,5,0.400,0.410,10447,-0.022420
3,5,0.400,0.410,10448,-0.015569
3,5,0.400,0.410,10449,-0.000997
3,5,0.400,0.410,10450,-0.003957
3,5,0.400,0.410,10451,-0.032331
3,5,0.400,0.410,10452,-0.027034
3,5,0.400,0.410,10453,0.000497
3,5,0.400,0.410,10454,-0.000984
3,5,0.400,0.410,10455,-0.037556
3,5,0.400,0.410,10456,-0.037780
3,5,0.400,0.410,10457,-0.015736
3,5,0.400,0.410,10458,-0.003339
3,5,0.400,0.410,10459,-0.029206
3,5,0.400,0.410,10460,-0.039452
3,5,0.400,0.410,10461,-0.009007
3,5,0.400,0.410,10462,0.020708
3,5,0.400,0.410,10463,-0.011534
3,5,0.400,0.410,10464,-0.042519
3,5,0.400,0.410,10465,-0.004705
3,5,0.400,0.410,10466,0.039020
3,5,0.400,0.410,10467,0.007934
3,5,0.400,0.410,10468,-0.036712
3,5,0.400,0.410,10469,-0.016501
3,5,0.400,0.410,10470,0.030556
3,5,0.400,0.410,10471,0.023480
3,5,0.400,0.410,10472,-0.040620
3,5,0.400,0.410,10473,-0.037802
3,5,0.400,0.410,10474,0.026098
3,5,0.400,0.410,10475,0.037232
3,5,0.400,0.410,10476,-0.015853
3,5,0.400,0.410,10477,-0.047477
3,5,0.400,0.410,10478,0.009745
3,5,0.400,0.410,10479,0.034551
3,5,0.400,0.410,10480,-0.010134
3,5,0.400,0.410,10481,-0.061175
3,5,0.400,0.410,10482,-0.009305
3,5,0.400,0.410,10483,0.043734
3,5,0.400,0.410,10484,0.011995
3,5,0.400,0.410,10485,-0.040085
3,5,0.400,0.410,10486,-0.019234
3,5,0.400,0.410,10487,0.041672
3,5,0.400,0.410,10488,0.025382
3,5,0.400,0.410,10489,-0.024723
3,5,0.400,0.410,10490,-0.013059
3,5,0.400,0.410,10491,0.033285
3,5,0.400,0.410,10492,0.029517
3,5,0.400,0.410,10493,-0.020110
3,5,0.400,0.410,10494,-0.028062
3,5,0.400,0.410,10495,0.013135
3,5,0.400,0.410,10496,0.026743
3,5,0.400,0.410,10497,-0.011152
3,5,0.400,0.410,10498,-0.032455
3,5,0.400,0.410,10499,0.003620
3,5,0.400,0.410,10500,0.026813
3,5,0.400,0.410,10501,-0.001865
3,5,0.400,0.410,10502,-0.025659
3,5,0.400,0.410,10503,0.005393
3,5,0.400,0.410,10504,0.019044
3,5,0.400,0.410,10505,-0.003916
3,5,0.400,0.410,10506,-0.026288
3,5,0.400,0.410,10507,-0.009313
3,5,0.400,0.410,10508,0.007858
3,5,0.400,0.410,10509,0.012253
3,5,0.400,0.410,10510,-0.017433
3,5,0.400,0.410,10511,-0.017585
3,5,0.400,0.410,10512,0.007864
3,5,0.400,0.410,10513,0.006761
3,5,0.400,0.410,10514,-0.017961
3,5,0.400,0.410,10515,-0.018976
3,5,0.400,0.410,10516,0.010618
3,5,0.400,0.410,10517,0.008152
3,5,0.400,0.410,10518,-0.019599
3,5,0.400,0.410,10519,-0.026880
3,5,0.400,0.410,10520,0.003039
3,5,0.400,0.410,10521,0.016090
3,5,0.400,0.410,10522,-0.010297
3,5,0.400,0.410,10523,-0.020588
3,5,0.400,0.410,10524,-0.001445
3,5,0.400,0.410,10525,0.021992
3,5,0.400,0.410,10526,-0.005305
3,5,0.400,0.410,10527,-0.030115
3,5,0.400,0.410,10528,-0.013684
3,5,0.400,0.410,10529,0.010198
3,5,0.400,0.410,10530,-0.001168
3,5,0.400,0.410,10531,-0.023147
3,5,0.400,0.410,10532,-0.010988
3,5,0.400,0.410,10533,0.007491
3,5,0.400,0.410,10534,0.003827
3,5,0.400,0.410,10535,-0.000342
3,5,0.400,0.410,10536,-0.004530
3,5,0.400,0.410,10537,0.015031
3,5,0.400,0.410,10538,0.019271
3,5,0.400,0.410,10539,0.007975
3,5,0.400,0.410,10540,0.005657
3,5,0.400,0.410,10541,0.017538
3,5,0.400,0.410,10542,0.020642
3,5,0.400,0.410,10543,0.004470
3,5,0.400,0.410,10544,-0.003153
3,5,0.400,0.410,10545,0.024980
3,5,0.400,0.410,10546,0.036531
3,5,0.400,0.410,10547,0.001289
3,5,0.400,0.410,10548,0.002003
3,5,0.400,0.410,10549,0.031288
3,5,0.400,0.410,10550,0.036248
3,5,0.400,0.410,10551,0.000935
3,5,0.400,0.410,10552,-0.003170
3,5,0.400,0.410,10553,0.017417
3,5,0.400,0.410,10554,0.025922
3,5,0.400,0.410,10555,0.015235
3,5,0.400,0.410,10556,-0.011879
3,5,0.400,0.410,10557,0.011987
3,5,0.400,0.410,10558,0.030104
3,5,0.400,0.410,10559,0.017796
3,5,0.400,0.410,10560,0.008596
3,5,0.400,0.410,10561,0.019776
3,5,0.400,0.410,10562,0.021861
3,5,0.400,0.410,10563,0.004551
3,5,0.400,0.410,10564,-0.013909
3,5,0.400,0.410,10565,0.000482
3,5,0.400,0.410,10566,0.031888
3,5,0.400,0.410,10567,0.015918
3,5,0.400,0.410,10568,-0.001093
3,5,0.400,0.410,10569,0.020284
3,5,0.400,0.410,10570,0.025885
3,5,0.400,0.410,10571,0.016680
3,5,0.400,0.410,10572,0.010812
3,5,0.400,0.410,10573,0.010538
3,5,0.400,0.410,10574,0.018992
3,5,0.400,0.410,10575,0.022206
3,5,0.400,0.410,10576,0.003733
3,5,0.400,0.410,10577,0.013353
3,5,0.400,0.410,10578,0.027156
3,5,0.400,0.410,10579,0.019545
3,5,0.400,0.410,10580,0.009122
3,5,0.400,0.410,10581,-0.002033
3,5,0.400,0.410,10582,0.010340
3,5,0.400,0.410,10583,0.020478
3,5,0.400,0.410,10584,-0.001774
3,5,0.400,0.410,10585,-0.001550
3,5,0.400,0.410,10586,0.018197
3,5,0.400,0.410,10587,0.005242
3,5,0.400,0.410,10588,-0.007213
3,5,0.400,0.410,10589,-0.007588
3,5,0.400,0.410,10590,-0.000529
3,5,0.400,0.410,10591,0.001649
3,5,0.400,0.410,10592,0.003691
3,5,0.400,0.410,10593,-0.021647
3,5,0.400,0.410,10594,-0.008863
3,5,0.400,0.410,10595,0.009241
3,5,0.400,0.410,10596,0.007571
3,5,0.400,0.410,10597,-0.021906
3,5,0.400,0.410,10598,-0.024067
3,5,0.400,0.410,10599,0.008536
3,5,0.400,0.410,10600,0.003945
3,5,0.400,0.410,10601,-0.006515
3,5,0.400,0.410,10602,-0.017845
3,5,0.400,0.410,10603,0.004616
3,5,0.400,0.410,10604,0.010310
3,5,0.400,0.410,10605,-0.004893
3,5,0.400,0.410,10606,-0.014335
3,5,0.400,0.410,10607,-0.007545
3,5,0.400,0.410,10608,0.002589
3,5,0.400,0.410,10609,-0.008480
3,5,0.400,0.410,10610,-0.006021
3,5,0.400,0.410,10611,-0.006425
3,5,0.400,0.410,10612,-0.008443
3,5,0.400,0.410,10613,-0.005302
3,5,0.400,0.410,10614,-0.002026
3,5,0.400,0.410,10615,-0.006381
3,5,0.400,0.410,10616,-0.015876
3,5,0.400,0.410,10617,-0.013675
3,5,0.400,0.410,10618,-0.011173
3,5,0.400,0.410,10619,-0.010755
3,5,0.400,0.410,10620,-0.008578
3,5,0.400,0.410,10621,-0.010234
3,5,0.400,0.410,10622,-0.017831
3,5,0.400,0.410,10623,-0.009722
3,5,0.400,0.410,10624,0.000024
3,5,0.400,0.410,10625,0.000309
3,5,0.400,0.410,10626,-0.001092
3,5,0.400,0.410,10627,0.001760
3,5,0.400,0.410,10628,-0.002335
3,5,0.400,0.410,10629,-0.010939
3,5,0.400,0.410,10630,-0.014451
3,5,0.400,0.410,10631,-0.005407
3,5,0.400,0.410,10632,-0.008745
3,5,0.400,0.410,10633,-0.003620
3,5,0.400,0.410,10634,-0.010593
3,5,0.400,0.410,10635,-0.022244
3,5,0.400,0.410,10636,-0.019372
3,5,0.400,0.410,10637,-0.013171
3,5,0.400,0.410,10638,-0.018475
3,5,0.400,0.410,10639,-0.028047
3,5,0.400,0.410,10640,-0.010018
3,5,0.400,0.410,10641,-0.003078
3,5,0.400,0.410,10642,-0.017738
3,5,0.400,0.410,10643,-0.009337
3,5,0.400,0.410,10644,-0.013203
3,5,0.400,0.410,10645,-0.004860
3,5,0.400,0.410,10646,-0.004743
3,5,0.400,0.410,10647,-0.009503
3,5,0.400,0.410,10648,-0.015312
3,5,0.400,0.410,10649,0.001487
3,5,0.400,0.410,10650,-0.002741
3,5,0.400,0.410,10651,-0.016429
3,5,0.400,0.410,10652,-0.029541
3,5,0.400,0.410,10653,-0.011719
3,5,0.400,0.410,10654,0.017518
3,5,0.400,0.410,10655,-0.000322
3,5,0.400,0.410,10656,-0.024797
3,5,0.400,0.410,10657,-0.021064
3,5,0.400,0.410,10658,0.004703
3,5,0.400,0.410,10659,-0.004361
3,5,0.400,0.410,10660,-0.023548
3,5,0.400,0.410,10661,-0.021360
3,5,0.400,0.410,10662,0.004171
3,5,0.400,0.410,10663,-0.004689
3,5,0.400,0.410,10664,-0.018627
3,5,0.400,0.410,10665,-0.019913
3,5,0.400,0.410,10666,0.000468
3,5,0.400,0.410,10667,0.000655
3,5,0.400,0.410,10668,-0.014564
3,5,0.400,0.410,10669,-0.001519
3,5,0.400,0.410,10670,0.001190
3,5,0.400,0.410,10671,0.003350
3,5,0.400,0.410,10672,-0.011676
3,5,0.400,0.410,10673,-0.017254
3,5,0.400,0.410,10674,-0.001741
3,5,0.400,0.410,10675,0.004253
3,5,0.400,0.410,10676,-0.003936
3,5,0.400,0.410,10677,-0.018270
3,5,0.400,0.410,10678,-0.007377
3,5,0.400,0.410,10679,0.003165
3,5,0.400,0.410,10680,0.000546
3,5,0.400,0.410,10681,-0.008671
3,5,0.400,0.410,10682,-0.010970
3,5,0.400,0.410,10683,-0.002363
3,5,0.400,0.410,10684,0.005012
3,5,0.400,0.410,10685,0.015687
3,5,0.400,0.410,10686,0.003883
3,5,0.400,0.410,10687,-0.007433
3,5,0.400,0.410,10688,0.016615
3,5,0.400,0.410,10689,0.022950
3,5,0.400,0.410,10690,0.006379
3,5,0.400,0.410,10691,0.005222
3,5,0.400,0.410,10692,0.004929
3,5,0.400,0.410,10693,0.011226
3,5,0.400,0.410,10694,0.021740
3,5,0.400,0.410,10695,0.016731
3,5,0.400,0.410,10696,0.008228
3,5,0.400,0.410,10697,0.009372
3,5,0.400,0.410,10698,0.006383
3,5,0.400,0.410,10699,0.003469
3,5,0.400,0.410,10700,0.004118
3,5,0.400,0.410,10701,0.012071
3,5,0.400,0.410,10702,0.003489
3,5,0.400,0.410,10703,-0.006333
3,5,0.400,0.410,10704,0.009867
3,5,0.400,0.410,10705,0.019066
3,5,0.400,0.410,10706,0.021321
3,5,0.400,0.410,10707,-0.011403
3,5,0.400,0.410,10708,-0.012815
3,5,0.400,0.410,10709,0.024127
3,5,0.400,0.410,10710,0.021022
3,5,0.400,0.410,10711,-0.009118
3,5,0.400,0.410,10712,-0.015056
3,5,0.400,0.410,10713,-0.003057
3,5,0.400,0.410,10714,0.020952
3,5,0.400,0.410,10715,-0.000248
3,5,0.400,0.410,10716,-0.024118
3,5,0.400,0.410,10717,-0.005306
3,5,0.400,0.410,10718,0.029626
3,5,0.400,0.410,10719,0.002289
3,5,0.400,0.410,10720,-0.024671
3,5,0.400,0.410,10721,0.002765
3,5,0.400,0.410,10722,0.026934
3,5,0.400,0.410,10723,0.010166
3,5,0.400,0.410,10724,-0.025316
3,5,0.400,0.410,10725,-0.000992
3,5,0.400,0.410,10726,0.019054
3,5,0.400,0.410,10727,0.005083
3,5,0.400,0.410,10728,-0.029283
3,5,0.400,0.410,10729,-0.020853
3,5,0.400,0.410,10730,0.014220
3,5,0.400,0.410,10731,0.008669
3,5,0.400,0.410,10732,-0.024582
3,5,0.400,0.410,10733,-0.014128
3,5,0.400,0.410,10734,0.008679
3,5,0.400,0.410,10735,0.011598
3,5,0.400,0.410,10736,-0.018890
3,5,0.400,0.410,10737,-0.030226
3,5,0.400,0.410,10738,-0.016617
3,5,0.400,0.410,10739,0.007044
3,5,0.400,0.410,10740,-0.009024
3,5,0.400,0.410,10741,-0.030586
3,5,0.400,0.410,10742,-0.012696
3,5,0.400,0.410,10743,0.002698
3,5,0.400,0.410,10744,-0.005871
3,5,0.400,0.410,10745,-0.032825
3,5,0.400,0.410,10746,-0.012569
3,5,0.400,0.410,10747,-0.002209
3,5,0.400,0.410,10748,-0.024915
3,5,0.400,0.410,10749,-0.025372
3,5,0.400,0.410,10750,-0.020727
3,5,0.400,0.410,10751,-0.010355
3,5,0.400,0.410,10752,-0.027000
3,5,0.400,0.410,10753,-0.038324
3,5,0.400,0.410,10754,-0.025961
3,5,0.400,0.410,10755,-0.015557
3,5,0.400,0.410,10756,-0.021423
3,5,0.400,0.410,10757,-0.044976
3,5,0.400,0.410,10758,-0.019018
3,5,0.400,0.410,10759,-0.010969
3,5,0.400,0.410,10760,-0.023084
3,5,0.400,0.410,10761,-0.030990
3,5,0.400,0.410,10762,-0.024828
3,5,0.400,0.410,10763,-0.006415
3,5,0.400,0.410,10764,-0.010701
3,5,0.400,0.410,10765,-0.021669
3,5,0.400,0.410,10766,-0.020672
3,5,0.400,0.410,10767,-0.007485
3,5,0.400,0.410,10768,-0.018913
3,5,0.400,0.410,10769,-0.022506
3,5,0.400,0.410,10770,-0.017193
3,5,0.400,0.410,10771,-0.019270
3,5,0.400,0.410,10772,-0.026537
3,5,0.400,0.410,10773,-0.029646
3,5,0.400,0.410,10774,-0.019899
3,5,0.400,0.410,10775,-0.022466
3,5,0.400,0.410,10776,-0.018958
3,5,0.400,0.410,10777,-0.025713
3,5,0.400,0.410,10778,-0.023586
3,5,0.400,0.410,10779,-0.007630
3,5,0.400,0.410,10780,-0.017963
3,5,0.400,0.410,10781,-0.025184
3,5,0.400,0.410,10782,-0.015371
3,5,0.400,0.410,10783,-0.006618
3,5,0.400,0.410,10784,-0.017544
3,5,0.400,0.410,10785,-0.015220
3,5,0.400,0.410,10786,-0.013979
3,5,0.400,0.410,10787,-0.009861
3,5,0.400,0.410,10788,-0.009423
3,5,0.400,0.410,10789,-0.015525
3,5,0.400,0.410,10790,-0.011091
3,5,0.400,0.410,10791,-0.003223
3,5,0.400,0.410,10792,-0.000177
3,5,0.400,0.410,10793,-0.014356
3,5,0.400,0.410,10794,-0.012807
3,5,0.400,0.410,10795,-0.000631
3,5,0.400,0.410,10796,0.002768
3,5,0.400,0.410,10797,-0.008931
3,5,0.400,0.410,10798,-0.013526
3,5,0.400,0.410,10799,-0.007554
3,5,0.400,0.410,10800,0.013337
3,5,0.400,0.410,10801,0.015719
3,5,0.400,0.410,10802,-0.004660
3,5,0.400,0.410,10803,-0.010364
3,5,0.400,0.410,10804,0.011811
3,5,0.400,0.410,10805,0.016044
3,5,0.400,0.410,10806,0.004472
3,5,0.400,0.410,10807,-0.008781
3,5,0.400,0.410,10808,0.002499
3,5,0.400,0.410,10809,0.021612
3,5,0.400,0.410,10810,0.016588
3,5,0.400,0.410,10811,-0.014213
3,5,0.400,0.410,10812,-0.015814
3,5,0.400,0.410,10813,0.024937
3,5,0.400,0.410,10814,0.024973
3,5,0.400,0.410,10815,-0.015457
3,5,0.400,0.410,10816,-0.012277
3,5,0.400,0.410,10817,0.012913
3,5,0.400,0.410,10818,0.033379
3,5,0.400,0.410,10819,0.003774
3,5,0.400,0.410,10820,-0.019408
3,5,0.400,0.410,10821,0.002835
3,5,0.400,0.410,10822,0.026442
3,5,0.400,0.410,10823,0.004605
3,5,0.400,0.410,10824,-0.033019
3,5,0.400,0.410,10825,-0.014021
3,5,0.400,0.410,10826,0.021866
3,5,0.400,0.410,10827,0.017584
3,5,0.400,0.410,10828,-0.015292
3,5,0.400,0.410,10829,-0.010511
3,5,0.400,0.410,10830,0.019205
3,5,0.400,0.410,10831,0.012956
3,5,0.400,0.410,10832,-0.007656
3,5,0.400,0.410,10833,-0.006486
3,5,0.400,0.410,10834,0.013440
3,5,0.400,0.410,10835,0.024572
3,5,0.400,0.410,10836,0.002964
3,5,0.400,0.410,10837,-0.005224
3,5,0.400,0.410,10838,0.012028
3,5,0.400,0.410,10839,0.017389
3,5,0.400,0.410,10840,0.011910
3,5,0.400,0.410,10841,-0.010165
3,5,0.400,0.410,10842,-0.005000
3,5,0.400,0.410,10843,0.009807
3,5,0.400,0.410,10844,0.005592
3,5,0.400,0.410,10845,-0.013693
3,5,0.400,0.410,10846,-0.000196
3,5,0.400,0.410,10847,0.022650
3,5,0.400,0.410,10848,0.007074
3,5,0.400,0.410,10849,-0.027666
3,5,0.400,0.410,10850,-0.009192
3,5,0.400,0.410,10851,0.020349
3,5,0.400,0.410,10852,0.000521
3,5,0.400,0.410,10853,-0.015527
3,5,0.400,0.410,10854,-0.008712
3,5,0.400,0.410,10855,0.007048
3,5,0.400,0.410,10856,-0.000446
3,5,0.400,0.410,10857,-0.004702
3,5,0.400,0.410,10858,-0.002536
3,5,0.400,0.410,10859,0.005462
3,5,0.400,0.410,10860,0.006122
3,5,0.400,0.410,10861,-0.022140
3,5,0.400,0.410,10862,-0.017637
3,5,0.400,0.410,10863,0.012334
3,5,0.400,0.410,10864,0.003795
3,5,0.400,0.410,10865,-0.008275
3,5,0.400,0.410,10866,-0.010222
3,5,0.400,0.410,10867,0.009735
3,5,0.400,0.410,10868,0.013447
3,5,0.400,0.410,10869,-0.005180
3,5,0.400,0.410,10870,-0.023672
3,5,0.400,0.410,10871,-0.013880
3,5,0.400,0.410,10872,0.021077
3,5,0.400,0.410,10873,-0.003031
3,5,0.400,0.410,10874,-0.026662
3,5,0.400,0.410,10875,-0.008773
3,5,0.400,0.410,10876,0.018935
3,5,0.400,0.410,10877,-0.003184
3,5,0.400,0.410,10878,-0.035554
3,5,0.400,0.410,10879,-0.009428
3,5,0.400,0.410,10880,0.022738
3,5,0.400,0.410,10881,-0.011641
3,5,0.400,0.410,10882,-0.036864
3,5,0.400,0.410,10883,-0.015930
3,5,0.400,0.410,10884,0.016051
3,5,0.400,0.410,10885,-0.003520
3,5,0.400,0.410,10886,-0.035147
3,5,0.400,0.410,10887,-0.020147
3,5,0.400,0.410,10888,-0.001671
3,5,0.400,0.410,10889,0.001388
3,5,0.400,0.410,10890,-0.015229
3,5,0.400,0.410,10891,-0.012461
3,5,0.400,0.410,10892,-0.003040
3,5,0.400,0.410,10893,0.016336
3,5,0.400,0.410,10894,-0.011710
3,5,0.400,0.410,10895,-0.028132
3,5,0.400,0.410,10896,0.001317
3,5,0.400,0.410,10897,0.008410
3,5,0.400,0.410,10898,-0.001381
3,5,0.400,0.410,10899,-0.014006
3,5,0.400,0.410,10900,0.003430
3,5,0.400,0.410,10901,0.017567
3,5,0.400,0.410,10902,0.008198
3,5,0.400,0.410,10903,-0.009728
3,5,0.400,0.410,10904,-0.009736
3,5,0.400,0.410,10905,0.021187
3,5,0.400,0.410,10906,0.009226
3,5,0.400,0.410,10907,-0.010350
3,5,0.400,0.410,10908,-0.007501
3,5,0.400,0.410,10909,0.020101
3,5,0.400,0.410,10910,0.021898
3,5,0.400,0.410,10911,0.002069
3,5,0.400,0.410,10912,-0.007256
3,5,0.400,0.410,10913,0.011290
3,5,0.400,0.410,10914,0.027207
3,5,0.400,0.410,10915,0.015781
3,5,0.400,0.410,10916,-0.004222
3,5,0.400,0.410,10917,0.001589
3,5,0.400,0.410,10918,0.017300
3,5,0.400,0.410,10919,0.022668
3,5,0.400,0.410,10920,0.001304
3,5,0.400,0.410,10921,0.003063
3,5,0.400,0.410,10922,0.028686
3,5,0.400,0.410,10923,0.028831
3,5,0.400,0.410,10924,-0.000373
3,5,0.400,0.410,10925,0.006850
3,5,0.400,0.410,10926,0.037242
3,5,0.400,0.410,10927,0.034053
3,5,0.400,0.410,10928,0.004838
3,5,0.400,0.410,10929,-0.008527
3,5,0.400,0.410,10930,0.022453
3,5,0.400,0.410,10931,0.026474
3,5,0.400,0.410,10932,0.006633
3,5,0.400,0.410,10933,-0.010782
3,5,0.400,0.410,10934,-0.002623
3,5,0.400,0.410,10935,0.010167
3,5,0.400,0.410,10936,0.018736
3,5,0.400,0.410,10937,-0.002398
3,5,0.400,0.410,10938,-0.002269
3,5,0.400,0.410,10939,0.022234
3,5,0.400,0.410,10940,0.014756
3,5,0.400,0.410,10941,-0.003249
3,5,0.400,0.410,10942,-0.003158
3,5,0.400,0.410,10943,0.018386
3,5,0.400,0.410,10944,0.034228
3,5,0.400,0.410,10945,0.009702
3,5,0.400,0.410,10946,-0.016284
3,5,0.400,0.410,10947,-0.006442
3,5,0.400,0.410,10948,0.028501
3,5,0.400,0.410,10949,0.010123
3,5,0.400,0.410,10950,-0.032460
3,5,0.400,0.410,10951,-0.017449
3,5,0.400,0.410,10952,0.019733
3,5,0.400,0.410,10953,-0.002464
3,5,0.400,0.410,10954,-0.014175
3,5,0.400,0.410,10955,-0.011959
3,5,0.400,0.410,10956,0.003045
3,5,0.400,0.410,10957,0.003614
3,5,0.400,0.410,10958,-0.024436
3,5,0.400,0.410,10959,-0.029278
3,5,0.400,0.410,10960,0.002367
3,5,0.400,0.410,10961,0.010996
3,5,0.400,0.410,10962,-0.021088
3,5,0.400,0.410,10963,-0.023704
3,5,0.400,0.410,10964,0.008517
3,5,0.400,0.410,10965,0.014269
3,5,0.400,0.410,10966,-0.014764
3,5,0.400,0.410,10967,-0.026546
3,5,0.400,0.410,10968,-0.006567
3,5,0.400,0.410,10969,0.000250
3,5,0.400,0.410,10970,-0.005571
3,5,0.400,0.410,10971,-0.018364
3,5,0.400,0.410,10972,-0.014925
3,5,0.400,0.410,10973,0.000194
3,5,0.400,0.410,10974,0.004138
3,5,0.400,0.410,10975,-0.002603
3,5,0.400,0.410,10976,-0.012202
3,5,0.400,0.410,10977,0.005553
3,5,0.400,0.410,10978,0.017002
3,5,0.400,0.410,10979,0.001582
3,5,0.400,0.410,10980,-0.013598
3,5,0.400,0.410,10981,-0.007262
3,5,0.400,0.410,10982,0.010273
3,5,0.400,0.410,10983,0.012812
3,5,0.400,0.410,10984,-0.008075
3,5,0.400,0.410,10985,-0.004530
3,5,0.400,0.410,10986,0.008884
3,5,0.400,0.410,10987,-0.004232
3,5,0.400,0.410,10988,-0.007012
3,5,0.400,0.410,10989,-0.014636
3,5,0.400,0.410,10990,0.002789
3,5,0.400,0.410,10991,0.013208
3,5,0.400,0.410,10992,-0.003864
3,5,0.400,0.410,10993,-0.015808
3,5,0.400,0.410,10994,-0.013695
3,5,0.400,0.410,10995,0.011397
3,5,0.400,0.410,10996,0.003745
3,5,0.400,0.410,10997,-0.018480
3,5,0.400,0.410,10998,-0.004097
3,5,0.400,0.410,10999,0.009959
3,5,0.400,0.410,11000,0.003315
3,5,0.400,0.410,11001,-0.016819
3,5,0.400,0.410,11002,-0.006479
3,5,0.400,0.410,11003,0.010597
3,5,0.400,0.410,11004,0.001385
3,5,0.400,0.410,11005,-0.030747
3,5,0.400,0.410,11006,-0.011181
3,5,0.400,0.410,11007,-0.009799
3,5,0.400,0.410,11008,-0.007510
3,5,0.400,0.410,11009,-0.020089
3,5,0.400,0.410,11010,-0.026006
3,5,0.400,0.410,11011,0.004583
3,5,0.400,0.410,11012,-0.002881
3,5,0.400,0.410,11013,-0.032862
3,5,0.400,0.410,11014,-0.028958
3,5,0.400,0.410,11015,-0.010160
3,5,0.400,0.410,11016,-0.003968
3,5,0.400,0.410,11017,-0.030769
3,5,0.400,0.410,11018,-0.027072
3,5,0.400,0.410,11019,-0.020225
3,5,0.400,0.410,11020,-0.005013
3,5,0.400,0.410,11021,-0.015450
3,5,0.400,0.410,11022,-0.044621
3,5,0.400,0.410,11023,-0.028905
3,5,0.400,0.410,11024,-0.006530
3,5,0.400,0.410,11025,-0.030636
3,5,0.400,0.410,11026,-0.049048
3,5,0.400,0.410,11027,-0.021469
3,5,0.400,0.410,11028,0.003523
3,5,0.400,0.410,11029,-0.010540
3,5,0.400,0.410,11030,-0.040548
3,5,0.400,0.410,11031,-0.029670
3,5,0.400,0.410,11032,-0.002787
3,5,0.400,0.410,11033,-0.001403
3,5,0.400,0.410,11034,-0.026075
3,5,0.400,0.410,11035,-0.039531
3,5,0.400,0.410,11036,-0.009226
3,5,0.400,0.410,11037,0.001579
3,5,0.400,0.410,11038,-0.017292
3,5,0.400,0.410,11039,-0.042009
3,5,0.400,0.410,11040,-0.019037
3,5,0.400,0.410,11041,0.000655
3,5,0.400,0.410,11042,-0.012168
3,5,0.400,0.410,11043,-0.037371
3,5,0.400,0.410,11044,-0.024528
3,5,0.400,0.410,11045,0.018141
3,5,0.400,0.410,11046,0.005150
3,5,0.400,0.410,11047,-0.025751
3,5,0.400,0.410,11048,-0.012319
3,5,0.400,0.410,11049,0.016349
3,5,0.400,0.410,11050,0.012704
3,5,0.400,0.410,11051,-0.008141
3,5,0.400,0.410,11052,-0.016536
3,5,0.400,0.410,11053,0.007426
3,5,0.400,0.410,11054,0.021456
3,5,0.400,0.410,11055,0.003995
3,5,0.400,0.410,11056,-0.002614
3,5,0.400,0.410,11057,0.002264
3,5,0.400,0.410,11058,0.006647
3,5,0.400,0.410,11059,-0.002591
3,5,0.400,0.410,11060,-0.006168
3,5,0.400,0.410,11061,-0.008915
3,5,0.400,0.410,11062,0.011877
3,5,0.400,0.410,11063,0.013601
3,5,0.400,0.410,11064,-0.009344
3,5,0.400,0.410,11065,-0.006853
3,5,0.400,0.410,11066,0.000846
3,5,0.400,0.410,11067,0.026210
3,5,0.400,0.410,11068,-0.001946
3,5,0.400,0.410,11069,-0.016627
3,5,0.400,0.410,11070,-0.003092
3,5,0.400,0.410,11071,0.008527
3,5,0.400,0.410,11072,0.014221
3,5,0.400,0.410,11073,-0.012171
3,5,0.400,0.410,11074,-0.006938
3,5,0.400,0.410,11075,0.007348
3,5,0.400,0.410,11076,0.017197
3,5,0.400,0.410,11077,0.003027
3,5,0.400,0.410,11078,-0.022394
3,5,0.400,0.410,11079,-0.007784
3,5,0.400,0.410,11080,0.015158
3,5,0.400,0.410,11081,-0.001744
3,5,0.400,0.410,11082,-0.021436
3,5,0.400,0.410,11083,-0.025305
3,5,0.400,0.410,11084,-0.000565
3,5,0.400,0.410,11085,0.007336
3,5,0.400,0.410,11086,-0.004551
3,5,0.400,0.410,11087,-0.018990
3,5,0.400,0.410,11088,-0.011773
3,5,0.400,0.410,11089,0.005868
3,5,0.400,0.410,11090,0.013510
3,5,0.400,0.410,11091,-0.003094
3,5,0.400,0.410,11092,-0.017983
3,5,0.400,0.410,11093,0.010299
3,5,0.400,0.410,11094,0.003776
3,5,0.400,0.410,11095,-0.002843
3,5,0.400,0.410,11096,-0.014709
3,5,0.400,0.410,11097,-0.000746
3,5,0.400,0.410,11098,0.002284
3,5,0.400,0.410,11099,0.004666
3,5,0.400,0.410,11100,-0.004816
3,5,0.400,0.410,11101,-0.001888
3,5,0.400,0.410,11102,0.019502
3,5,0.400,0.410,11103,-0.004977
3,5,0.400,0.410,11104,-0.013410
3,5,0.400,0.410,11105,0.001977
3,5,0.400,0.410,11106,0.021065
3,5,0.400,0.410,11107,0.002334
3,5,0.400,0.410,11108,-0.016312
3,5,0.400,0.410,11109,0.007280
3,5,0.400,0.410,11110,0.024104
3,5,0.400,0.410,11111,-0.003541
3,5,0.400,0.410,11112,-0.005240
3,5,0.400,0.410,11113,-0.002352
3,5,0.400,0.410,11114,-0.004573
3,5,0.400,0.410,11115,-0.002517
3,5,0.400,0.410,11116,-0.014986
3,5,0.400,0.410,11117,-0.001017
3,5,0.400,0.410,11118,0.009911
3,5,0.400,0.410,11119,0.004301
3,5,0.400,0.410,11120,0.005733
3,5,0.400,0.410,11121,0.017380
3,5,0.400,0.410,11122,0.000300
3,5,0.400,0.410,11123,-0.007941
3,5,0.400,0.410,11124,0.013097
3,5,0.400,0.410,11125,0.008604
3,5,0.400,0.410,11126,-0.013434
3,5,0.400,0.410,11127,-0.016315
3,5,0.400,0.410,11128,0.013794
3,5,0.400,0.410,11129,0.018026
3,5,0.400,0.410,11130,-0.002751
3,5,0.400,0.410,11131,-0.016884
3,5,0.400,0.410,11132,-0.006955
3,5,0.400,0.410,11133,0.019347
3,5,0.400,0.410,11134,0.015920
3,5,0.400,0.410,11135,-0.008567
3,5,0.400,0.410,11136,-0.015718
3,5,0.400,0.410,11137,0.013344
3,5,0.400,0.410,11138,0.024436
3,5,0.400,0.410,11139,-0.007259
3,5,0.400,0.410,11140,-0.016930
3,5,0.400,0.410,11141,0.004313
3,5,0.400,0.410,11142,0.028768
3,5,0.400,0.410,11143,0.013229
3,5,0.400,0.410,11144,-0.010139
3,5,0.400,0.410,11145,0.004535
3,5,0.400,0.410,11146,0.025816
3,5,0.400,0.410,11147,0.010491
3,5,0.400,0.410,11148,-0.013376
3,5,0.400,0.410,11149,-0.004780
3,5,0.400,0.410,11150,0.019976
3,5,0.400,0.410,11151,0.013020
3,5,0.400,0.410,11152,-0.003443
3,5,0.400,0.410,11153,-0.017655
3,5,0.400,0.410,11154,0.008688
3,5,0.400,0.410,11155,0.015754
3,5,0.400,0.410,11156,0.003214
3,5,0.400,0.410,11157,-0.012821
3,5,0.400,0.410,11158,-0.004096
3,5,0.400,0.410,11159,0.013267
3,5,0.400,0.410,11160,0.000330
3,5,0.400,0.410,11161,-0.012057
3,5,0.400,0.410,11162,0.002472
3,5,0.400,0.410,11163,0.019071
3,5,0.400,0.410,11164,-0.004889
3,5,0.400,0.410,11165,-0.007161
3,5,0.400,0.410,11166,0.002482
3,5,0.400,0.410,11167,0.015790
3,5,0.400,0.410,11168,0.006020
3,5,0.400,0.410,11169,-0.009024
3,5,0.400,0.410,11170,-0.002512
3,5,0.400,0.410,11171,0.012001
3,5,0.400,0.410,11172,0.000627
3,5,0.400,0.410,11173,-0.009713
3,5,0.400,0.410,11174,-0.001551
3,5,0.400,0.410,11175,0.027600
3,5,0.400,0.410,11176,0.021676
3,5,0.400,0.410,11177,-0.009441
3,5,0.400,0.410,11178,0.002629
3,5,0.400,0.410,11179,0.032683
3,5,0.400,0.410,11180,0.031230
3,5,0.400,0.410,11181,-0.004220
3,5,0.400,0.410,11182,-0.012117
3,5,0.400,0.410,11183,0.027216
3,5,0.400,0.410,11184,0.030321
3,5,0.400,0.410,11185,-0.011555
3,5,0.400,0.410,11186,-0.020605
3,5,0.400,0.410,11187,0.022426
3,5,0.400,0.410,11188,0.026214
3,5,0.400,0.410,11189,-0.009389
3,5,0.400,0.410,11190,-0.031195
3,5,0.400,0.410,11191,-0.004710
3,5,0.400,0.410,11192,0.030975
3,5,0.400,0.410,11193,-0.000863
3,5,0.400,0.410,11194,-0.052772
3,5,0.400,0.410,11195,-0.021505
3,5,0.400,0.410,11196,0.029473
3,5,0.400,0.410,11197,0.010028
3,5,0.400,0.410,11198,-0.031390
3,5,0.400,0.410,11199,-0.021418
3,5,0.400,0.410,11200,0.020596
3,5,0.400,0.410,11201,0.026118
3,5,0.400,0.410,11202,-0.023022
3,5,0.400,0.410,11203,-0.030037
3,5,0.400,0.410,11204,-0.003115
3,5,0.400,0.410,11205,0.017289
3,5,0.400,0.410,11206,0.000160
3,5,0.400,0.410,11207,-0.025543
3,5,0.400,0.410,11208,-0.008790
3,5,0.400,0.410,11209,0.030748
3,5,0.400,0.410,11210,0.021911
3,5,0.400,0.410,11211,-0.015903
3,5,0.400,0.410,11212,-0.007204
3,5,0.400,0.410,11213,0.024781
3,5,0.400,0.410,11214,0.016226
3,5,0.400,0.410,11215,0.003501
3,5,0.400,0.410,11216,0.011821
3,5,0.400,0.410,11217,0.025111
3,5,0.400,0.410,11218,0.027009
3,5,0.400,0.410,11219,0.003060
3,5,0.400,0.410,11220,0.004728
3,5,0.400,0.410,11221,0.024310
3,5,0.400,0.410,11222,0.033356
3,5,0.400,0.410,11223,0.003773
3,5,0.400,0.410,11224,-0.000256
3,5,0.400,0.410,11225,0.020466
3,5,0.400,0.410,11226,0.034052
3,5,0.400,0.410,11227,-0.004265
3,5,0.400,0.410,11228,-0.005208
3,5,0.400,0.410,11229,0.016112
3,5,0.400,0.410,11230,0.028478
3,5,0.400,0.410,11231,0.015203
3,5,0.400,0.410,11232,-0.007395
3,5,0.400,0.410,11233,0.008115
3,5,0.400,0.410,11234,0.018432
3,5,0.400,0.410,11235,0.002310
3,5,0.400,0.410,11236,-0.009764
3,5,0.400,0.410,11237,-0.002952
3,5,0.400,0.410,11238,0.012247
3,5,0.400,0.410,11239,0.002912
3,5,0.400,0.410,11240,-0.008207
3,5,0.400,0.410,11241,-0.001454
3,5,0.400,0.410,11242,0.006437
3,5,0.400,0.410,11243,-0.010463
3,5,0.400,0.410,11244,-0.008151
3,5,0.400,0.410,11245,0.000135
3,5,0.400,0.410,11246,0.015392
3,5,0.400,0.410,11247,-0.005610
3,5,0.400,0.410,11248,-0.003463
3,5,0.400,0.410,11249,-0.000648
3,5,0.400,0.410,11250,0.002315
3,5,0.400,0.410,11251,-0.003637
3,5,0.400,0.410,11252,-0.012542
3,5,0.400,0.410,11253,0.000665
3,5,0.400,0.410,11254,-0.002075
3,5,0.400,0.410,11255,-0.023221
3,5,0.400,0.410,11256,-0.014570
3,5,0.400,0.410,11257,-0.003535
3,5,0.400,0.410,11258,-0.003959
3,5,0.400,0.410,11259,-0.012358
3,5,0.400,0.410,11260,-0.023808
3,5,0.400,0.410,11261,-0.002521
3,5,0.400,0.410,11262,-0.002684
3,5,0.400,0.410,11263,-0.008734
3,5,0.400,0.410,11264,-0.029657
3,5,0.400,0.410,11265,-0.001751
3,5,0.400,0.410,11266,0.010455
3,5,0.400,0.410,11267,-0.018038
3,5,0.400,0.410,11268,-0.027419
3,5,0.400,0.410,11269,-0.013058
3,5,0.400,0.410,11270,0.013514
3,5,0.400,0.410,11271,-0.004249
3,5,0.400,0.410,11272,-0.015673
3,5,0.400,0.410,11273,-0.010595
3,5,0.400,0.410,11274,0.014112
3,5,0.400,0.410,11275,0.012156
3,5,0.400,0.410,11276,-0.018028
3,5,0.400,0.410,11277,-0.024703
3,5,0.400,0.410,11278,0.001050
3,5,0.400,0.410,11279,0.013552
3,5,0.400,0.410,11280,-0.017395
3,5,0.400,0.410,11281,-0.024963
3,5,0.400,0.410,11282,0.006202
3,5,0.400,0.410,11283,0.014402
3,5,0.400,0.410,11284,-0.014814
3,5,0.400,0.410,11285,-0.018851
3,5,0.400,0.410,11286,0.007125
3,5,0.400,0.410,11287,0.021099
3,5,0.400,0.410,11288,-0.004560
3,5,0.400,0.410,11289,-0.018996
3,5,0.400,0.410,11290,0.013031
3,5,0.400,0.410,11291,0.029395
3,5,0.400,0.410,11292,0.007957
3,5,0.400,0.410,11293,-0.026003
3,5,0.400,0.410,11294,-0.003818
3,5,0.400,0.410,11295,0.026269
3,5,0.400,0.410,11296,0.027824
3,5,0.400,0.410,11297,-0.012483
3,5,0.400,0.410,11298,-0.014292
3,5,0.400,0.410,11299,0.027808
3,5,0.400,0.410,11300,0.026457
3,5,0.400,0.410,11301,-0.005166
3,5,0.400,0.410,11302,-0.006909
3,5,0.400,0.410,11303,0.014438
3,5,0.400,0.410,11304,0.018061
3,5,0.400,0.410,11305,0.000438
3,5,0.400,0.410,11306,0.002280
3,5,0.400,0.410,11307,0.001364
3,5,0.400,0.410,11308,0.007101
3,5,0.400,0.410,11309,0.002568
3,5,0.400,0.410,11310,-0.013300
3,5,0.400,0.410,11311,0.013652
3,5,0.400,0.410,11312,0.025497
3,5,0.400,0.410,11313,0.003314
3,5,0.400,0.410,11314,0.004037
3,5,0.400,0.410,11315,0.009691
3,5,0.400,0.410,11316,0.012669
3,5,0.400,0.410,11317,-0.008222
3,5,0.400,0.410,11318,-0.014122
3,5,0.400,0.410,11319,0.005267
3,5,0.400,0.410,11320,0.014429
3,5,0.400,0.410,11321,-0.008016
3,5,0.400,0.410,11322,-0.021775
3,5,0.400,0.410,11323,0.001128
3,5,0.400,0.410,11324,0.010978
3,5,0.400,0.410,11325,-0.010907
3,5,0.400,0.410,11326,-0.027559
3,5,0.400,0.410,11327,-0.008087
3,5,0.400,0.410,11328,0.003489
3,5,0.400,0.410,11329,-0.006788
3,5,0.400,0.410,11330,-0.023061
3,5,0.400,0.410,11331,-0.022232
3,5,0.400,0.410,11332,-0.000465
3,5,0.400,0.410,11333,-0.011848
3,5,0.400,0.410,11334,-0.018819
3,5,0.400,0.410,11335,-0.020246
3,5,0.400,0.410,11336,0.000850
3,5,0.400,0.410,11337,-0.001360
3,5,0.400,0.410,11338,-0.015955
3,5,0.400,0.410,11339,-0.019134
3,5,0.400,0.410,11340,-0.022034
3,5,0.400,0.410,11341,-0.016003
3,5,0.400,0.410,11342,-0.024196
3,5,0.400,0.410,11343,-0.015464
3,5,0.400,0.410,11344,-0.007873
3,5,0.400,0.410,11345,-0.016508
3,5,0.400,0.410,11346,-0.013459
3,5,0.400,0.410,11347,-0.020404
3,5,0.400,0.410,11348,-0.003524
3,5,0.400,0.410,11349,-0.011744
3,5,0.400,0.410,11350,-0.027187
3,5,0.400,0.410,11351,-0.019153
3,5,0.400,0.410,11352,0.005895
3,5,0.400,0.410,11353,-0.007243
3,5,0.400,0.410,11354,-0.024565
3,5,0.400,0.410,11355,-0.013691
3,5,0.400,0.410,11356,-0.008424
3,5,0.400,0.410,11357,-0.015722
3,5,0.400,0.410,11358,-0.022774
3,5,0.400,0.410,11359,-0.030614
3,5,0.400,0.410,11360,-0.016952
3,5,0.400,0.410,11361,-0.014267
3,5,0.400,0.410,11362,-0.021263
3,5,0.400,0.410,11363,-0.034658
3,5,0.400,0.410,11364,-0.020318
3,5,0.400,0.410,11365,-0.005039
3,5,0.400,0.410,11366,-0.016427
3,5,0.400,0.410,11367,-0.026414
3,5,0.400,0.410,11368,-0.014160
3,5,0.400,0.410,11369,-0.009253
3,5,0.400,0.410,11370,-0.003818
3,5,0.400,0.410,11371,-0.016539
3,5,0.400,0.410,11372,-0.027506
3,5,0.400,0.410,11373,-0.016190
3,5,0.400,0.410,11374,-0.008715
3,5,0.400,0.410,11375,-0.023413
3,5,0.400,0.410,11376,-0.037090
3,5,0.400,0.410,11377,-0.016574
3,5,0.400,0.410,11378,-0.009140
3,5,0.400,0.410,11379,-0.024165
3,5,0.400,0.410,11380,-0.035285
3,5,0.400,0.410,11381,-0.013536
3,5,0.400,0.410,11382,-0.000186
3,5,0.400,0.410,11383,-0.017173
3,5,0.400,0.410,11384,-0.026742
3,5,0.400,0.410,11385,-0.017240
3,5,0.400,0.410,11386,-0.014073
3,5,0.400,0.410,11387,-0.023729
3,5,0.400,0.410,11388,-0.028107
3,5,0.400,0.410,11389,-0.024125
3,5,0.400,0.410,11390,-0.014314
3,5,0.400,0.410,11391,-0.015398
3,5,0.400,0.410,11392,-0.025034
3,5,0.400,0.410,11393,-0.034863
3,5,0.400,0.410,11394,-0.012456
3,5,0.400,0.410,11395,-0.003071
3,5,0.400,0.410,11396,-0.017919
3,5,0.400,0.410,11397,-0.026324
3,5,0.400,0.410,11398,-0.017576
3,5,0.400,0.410,11399,0.003620
3,5,0.400,0.410,11400,-0.009579
3,5,0.400,0.410,11401,-0.039570
3,5,0.400,0.410,11402,-0.032669
3,5,0.400,0.410,11403,-0.007496
3,5,0.400,0.410,11404,-0.018193
3,5,0.400,0.410,11405,-0.029048
3,5,0.400,0.410,11406,-0.024524
3,5,0.400,0.410,11407,-0.002965
3,5,0.400,0.410,11408,-0.012037
3,5,0.400,0.410,11409,-0.033854
3,5,0.400,0.410,11410,-0.034570
3,5,0.400,0.410,11411,-0.006389
3,5,0.400,0.410,11412,-0.000629
3,5,0.400,0.410,11413,-0.016352
3,5,0.400,0.410,11414,-0.024475
3,5,0.400,0.410,11415,-0.011458
3,5,0.400,0.410,11416,-0.000239
3,5,0.400,0.410,11417,-0.009223
3,5,0.400,0.410,11418,-0.012413
3,5,0.400,0.410,11419,-0.020280
3,5,0.400,0.410,11420,-0.008934
3,5,0.400,0.410,11421,0.009861
3,5,0.400,0.410,11422,-0.005032
3,5,0.400,0.410,11423,-0.015286
3,5,0.400,0.410,11424,-0.008845
3,5,0.400,0.410,11425,-0.004944
3,5,0.400,0.410,11426,0.003107
3,5,0.400,0.410,11427,-0.004053
3,5,0.400,0.410,11428,-0.016123
3,5,0.400,0.410,11429,-0.008615
3,5,0.400,0.410,11430,0.001016
3,5,0.400,0.410,11431,-0.011727
3,5,0.400,0.410,11432,-0.014998
3,5,0.400,0.410,11433,-0.022851
3,5,0.400,0.410,11434,-0.003559
3,5,0.400,0.410,11435,-0.001028
3,5,0.400,0.410,11436,-0.020014
3,5,0.400,0.410,11437,-0.019763
3,5,0.400,0.410,11438,-0.004656
3,5,0.400,0.410,11439,-0.003650
3,5,0.400,0.410,11440,-0.019597
3,5,0.400,0.410,11441,-0.024014
3,5,0.400,0.410,11442,-0.007954
3,5,0.400,0.410,11443,0.003940
3,5,0.400,0.410,11444,-0.015377
3,5,0.400,0.410,11445,-0.035154
3,5,0.400,0.410,11446,-0.019124
3,5,0.400,0.410,11447,0.009260
3,5,0.400,0.410,11448,-0.000380
3,5,0.400,0.410,11449,-0.030605
3,5,0.400,0.410,11450,-0.030358
3,5,0.400,0.410,11451,0.000032
3,5,0.400,0.410,11452,-0.004110
3,5,0.400,0.410,11453,-0.027721
3,5,0.400,0.410,11454,-0.029459
3,5,0.400,0.410,11455,0.006468
3,5,0.400,0.410,11456,0.016297
3,5,0.400,0.410,11457,-0.007467
3,5,0.400,0.410,11458,-0.020923
3,5,0.400,0.410,11459,0.005969
3,5,0.400,0.410,11460,0.020267
3,5,0.400,0.410,11461,-0.006781
3,5,0.400,0.410,11462,-0.026318
3,5,0.400,0.410,11463,-0.016892
3,5,0.400,0.410,11464,0.006609
3,5,0.400,0.410,11465,-0.006209
3,5,0.400,0.410,11466,-0.032294
3,5,0.400,0.410,11467,-0.015423
3,5,0.400,0.410,11468,0.022622
3,5,0.400,0.410,11469,0.016660
3,5,0.400,0.410,11470,-0.018875
3,5,0.400,0.410,11471,-0.022269
3,5,0.400,0.410,11472,0.005128
3,5,0.400,0.410,11473,0.014212
3,5,0.400,0.410,11474,-0.010934
3,5,0.400,0.410,11475,-0.019765
3,5,0.400,0.410,11476,0.002601
3,5,0.400,0.410,11477,0.020557
3,5,0.400,0.410,11478,-0.008419
3,5,0.400,0.410,11479,-0.015841
3,5,0.400,0.410,11480,-0.004723
3,5,0.400,0.410,11481,0.009286
3,5,0.400,0.410,11482,0.011379
3,5,0.400,0.410,11483,-0.010283
3,5,0.400,0.410,11484,0.006267
3,5,0.400,0.410,11485,0.026052
3,5,0.400,0.410,11486,0.013238
3,5,0.400,0.410,11487,-0.021185
3,5,0.400,0.410,11488,0.008063
3,5,0.400,0.410,11489,0.016675
3,5,0.400,0.410,11490,0.011122
3,5,0.400,0.410,11491,-0.009439
3,5,0.400,0.410,11492,-0.010442
3,5,0.400,0.410,11493,0.014792
3,5,0.400,0.410,11494,0.010354
3,5,0.400,0.410,11495,-0.009250
3,5,0.400,0.410,11496,-0.013269
3,5,0.400,0.410,11497,0.012628
3,5,0.400,0.410,11498,0.007643
3,5,0.400,0.410,11499,0.002682
3,5,0.400,0.410,11500,0.006366
3,5,0.400,0.410,11501,0.010896
3,5,0.400,0.410,11502,0.004757
3,5,0.400,0.410,11503,-0.020221
3,5,0.400,0.410,11504,-0.004808
3,5,0.400,0.410,11505,0.017276
3,5,0.400,0.410,11506,0.008328
3,5,0.400,0.410,11507,-0.014784
3,5,0.400,0.410,11508,-0.011893
3,5,0.400,0.410,11509,0.006042
3,5,0.400,0.410,11510,0.005107
3,5,0.400,0.410,11511,-0.014557
3,5,0.400,0.410,11512,-0.013496
3,5,0.400,0.410,11513,0.011348
3,5,0.400,0.410,11514,0.006688
3,5,0.400,0.410,11515,-0.009227
3,5,0.400,0.410,11516,-0.017617
3,5,0.400,0.410,11517,0.004037
3,5,0.400,0.410,11518,0.019275
3,5,0.400,0.410,11519,0.011218
3,5,0.400,0.410,11520,-0.005009
3,5,0.400,0.410,11521,0.016998
3,5,0.400,0.410,11522,0.039455
3,5,0.400,0.410,11523,0.012431
3,5,0.400,0.410,11524,-0.009594
3,5,0.400,0.410,11525,-0.004627
3,5,0.400,0.410,11526,0.023317
3,5,0.400,0.410,11527,0.017912
3,5,0.400,0.410,11528,-0.011373
3,5,0.400,0.410,11529,-0.011745
3,5,0.400,0.410,11530,0.019923
3,5,0.400,0.410,11531,0.014207
3,5,0.400,0.410,11532,-0.005711
3,5,0.400,0.410,11533,-0.017803
3,5,0.400,0.410,11534,-0.002314
3,5,0.400,0.410,11535,0.023073
3,5,0.400,0.410,11536,0.001214
3,5,0.400,0.410,11537,-0.016473
3,5,0.400,0.410,11538,0.001237
3,5,0.400,0.410,11539,0.019360
3,5,0.400,0.410,11540,0.008778
3,5,0.400,0.410,11541,-0.016963
3,5,0.400,0.410,11542,0.008280
3,5,0.400,0.410,11543,0.003607
3,5,0.400,0.410,11544,-0.000560
3,5,0.400,0.410,11545,-0.012880
3,5,0.400,0.410,11546,-0.004452
3,5,0.400,0.410,11547,0.018294
3,5,0.400,0.410,11548,-0.000405
3,5,0.400,0.410,11549,-0.018714
3,5,0.400,0.410,11550,0.000148
3,5,0.400,0.410,11551,0.027897
3,5,0.400,0.410,11552,0.012617
3,5,0.400,0.410,11553,-0.006316
3,5,0.400,0.410,11554,0.000940
3,5,0.400,0.410,11555,0.032573
3,5,0.400,0.410,11556,0.021804
3,5,0.400,0.410,11557,-0.004831
3,5,0.400,0.410,11558,0.002262
3,5,0.400,0.410,11559,0.034574
3,5,0.400,0.410,11560,0.027464
3,5,0.400,0.410,11561,-0.002770
3,5,0.400,0.410,11562,0.003359
3,5,0.400,0.410,11563,0.032020
3,5,0.400,0.410,11564,0.034621
3,5,0.400,0.410,11565,-0.001821
3,5,0.400,0.410,11566,-0.009241
3,5,0.400,0.410,11567,0.020455
3,5,0.400,0.410,11568,0.040122
3,5,0.400,0.410,11569,0.002793
3,5,0.400,0.410,11570,-0.013394
3,5,0.400,0.410,11571,0.024313
3,5,0.400,0.410,11572,0.036531
3,5,0.400,0.410,11573,0.007198
3,5,0.400,0.410,11574,-0.015275
3,5,0.400,0.410,11575,0.005216
3,5,0.400,0.410,11576,0.036112
3,5,0.400,0.410,11577,0.017216
3,5,0.400,0.410,11578,-0.003177
3,5,0.400,0.410,11579,0.001901
3,5,0.400,0.410,11580,0.026261
3,5,0.400,0.410,11581,0.015235
3,5,0.400,0.410,11582,-0.016584
3,5,0.400,0.410,11583,-0.019230
3,5,0.400,0.410,11584,0.014675
3,5,0.400,0.410,11585,0.022165
3,5,0.400,0.410,11586,-0.003462
3,5,0.400,0.410,11587,-0.017687
3,5,0.400,0.410,11588,-0.000601
3,5,0.400,0.410,11589,0.027770
3,5,0.400,0.410,11590,0.019109
3,5,0.400,0.410,11591,-0.001161
3,5,0.400,0.410,11592,0.009642
3,5,0.400,0.410,11593,0.031025
3,5,0.400,0.410,11594,0.023646
3,5,0.400,0.410,11595,0.004198
3,5,0.400,0.410,11596,0.015329
3,5,0.400,0.410,11597,0.021729
3,5,0.400,0.410,11598,0.023189
3,5,0.400,0.410,11599,0.011973
3,5,0.400,0.410,11600,0.010269
3,5,0.400,0.410,11601,0.029737
3,5,0.400,0.410,11602,0.021918
3,5,0.400,0.410,11603,-0.002873
3,5,0.400,0.410,11604,0.002001
3,5,0.400,0.410,11605,0.024669
3,5,0.400,0.410,11606,0.020763
3,5,0.400,0.410,11607,-0.013818
3,5,0.400,0.410,11608,-0.003886
3,5,0.400,0.410,11609,0.019534
3,5,0.400,0.410,11610,0.018216
3,5,0.400,0.410,11611,-0.006179
3,5,0.400,0.410,11612,-0.020345
3,5,0.400,0.410,11613,0.004805
3,5,0.400,0.410,11614,0.030614
3,5,0.400,0.410,11615,0.025666
3,5,0.400,0.410,11616,-0.007193
3,5,0.400,0.410,11617,-0.007178
3,5,0.400,0.410,11618,0.013359
3,5,0.400,0.410,11619,0.009309
3,5,0.400,0.410,11620,-0.000830
3,5,0.400,0.410,11621,0.000247
3,5,0.400,0.410,11622,0.006925
3,5,0.400,0.410,11623,-0.000453
3,5,0.400,0.410,11624,0.005063
3,5,0.400,0.410,11625,0.009980
3,5,0.400,0.410,11626,-0.006707
3,5,0.400,0.410,11627,0.002756
3,5,0.400,0.410,11628,0.018991
3,5,0.400,0.410,11629,0.023242
3,5,0.400,0.410,11630,0.004213
3,5,0.400,0.410,11631,-0.010561
3,5,0.400,0.410,11632,0.003964
3,5,0.400,0.410,11633,0.019879
3,5,0.400,0.410,11634,0.004593
3,5,0.400,0.410,11635,-0.005384
3,5,0.400,0.410,11636,0.005110
3,5,0.400,0.410,11637,0.015345
3,5,0.400,0.410,11638,0.012401
3,5,0.400,0.410,11639,-0.012855
3,5,0.400,0.410,11640,-0.010401
3,5,0.400,0.410,11641,0.017312
3,5,0.400,0.410,11642,0.010763
3,5,0.400,0.410,11643,-0.012331
3,5,0.400,0.410,11644,-0.012758
3,5,0.400,0.410,11645,0.012915
3,5,0.400,0.410,11646,0.016061
3,5,0.400,0.410,11647,-0.002745
3,5,0.400,0.410,11648,0.000162
3,5,0.400,0.410,11649,0.017582
3,5,0.400,0.410,11650,0.011210
3,5,0.400,0.410,11651,-0.006155
3,5,0.400,0.410,11652,0.009355
3,5,0.400,0.410,11653,0.011750
3,5,0.400,0.410,11654,0.010991
3,5,0.400,0.410,11655,-0.003418
3,5,0.400,0.410,11656,-0.001267
3,5,0.400,0.410,11657,0.002286
3,5,0.400,0.410,11658,-0.001136
3,5,0.400,0.410,11659,-0.004850
3,5,0.400,0.410,11660,0.000483
3,5,0.400,0.410,11661,0.012239
3,5,0.400,0.410,11662,0.006949
3,5,0.400,0.410,11663,-0.007437
3,5,0.400,0.410,11664,-0.010768
3,5,0.400,0.410,11665,-0.001061
3,5,0.400,0.410,11666,0.010739
3,5,0.400,0.410,11667,-0.002469
3,5,0.400,0.410,11668,-0.014161
3,5,0.400,0.410,11669,-0.005109
3,5,0.400,0.410,11670,0.000881
3,5,0.400,0.410,11671,-0.003957
3,5,0.400,0.410,11672,-0.012036
3,5,0.400,0.410,11673,-0.011265
3,5,0.400,0.410,11674,0.007649
3,5,0.400,0.410,11675,-0.009077
3,5,0.400,0.410,11676,-0.013900
3,5,0.400,0.410,11677,-0.009117
3,5,0.400,0.410,11678,-0.006479
3,5,0.400,0.410,11679,-0.008644
3,5,0.400,0.410,11680,-0.005524
3,5,0.400,0.410,11681,-0.022773
3,5,0.400,0.410,11682,-0.005021
3,5,0.400,0.410,11683,-0.000311
3,5,0.400,0.410,11684,-0.001418
3,5,0.400,0.410,11685,-0.009870
3,5,0.400,0.410,11686,-0.017978
3,5,0.400,0.410,11687,-0.017915
3,5,0.400,0.410,11688,0.004967
3,5,0.400,0.410,11689,0.004143
3,5,0.400,0.410,11690,-0.009423
3,5,0.400,0.410,11691,-0.005482
3,5,0.400,0.410,11692,-0.004974
3,5,0.400,0.410,11693,0.000782
3,5,0.400,0.410,11694,0.005647
3,5,0.400,0.410,11695,-0.007530
3,5,0.400,0.410,11696,-0.007032
3,5,0.400,0.410,11697,0.011237
3,5,0.400,0.410,11698,-0.002818
3,5,0.400,0.410,11699,-0.007367
3,5,0.400,0.410,11700,-0.009019
3,5,0.400,0.410,11701,0.000463
3,5,0.400,0.410,11702,0.002127
3,5,0.400,0.410,11703,-0.001546
3,5,0.400,0.410,11704,0.000056
3,5,0.400,0.410,11705,0.001816
3,5,0.400,0.410,11706,0.000126
3,5,0.400,0.410,11707,-0.004498
3,5,0.400,0.410,11708,0.008505
3,5,0.400,0.410,11709,0.002001
3,5,0.400,0.410,11710,-0.002574
3,5,0.400,0.410,11711,0.000679
3,5,0.400,0.410,11712,-0.015195
3,5,0.400,0.410,11713,-0.012365
3,5,0.400,0.410,11714,0.000322
3,5,0.400,0.410,11715,0.000574
3,5,0.400,0.410,11716,-0.004689
3,5,0.400,0.410,11717,-0.002361
3,5,0.400,0.410,11718,0.003564
3,5,0.400,0.410,11719,0.000758
3,5,0.400,0.410,11720,0.000315
3,5,0.400,0.410,11721,-0.011614
3,5,0.400,0.410,11722,-0.003876
3,5,0.400,0.410,11723,0.003649
3,5,0.400,0.410,11724,0.002511
3,5,0.400,0.410,11725,0.007036
3,5,0.400,0.410,11726,-0.007962
3,5,0.400,0.410,11727,0.000697
3,5,0.400,0.410,11728,0.002656
3,5,0.400,0.410,11729,-0.000907
3,5,0.400,0.410,11730,-0.016789
3,5,0.400,0.410,11731,-0.003883
3,5,0.400,0.410,11732,0.000064
3,5,0.400,0.410,11733,-0.003920
3,5,0.400,0.410,11734,-0.002726
3,5,0.400,0.410,11735,-0.013539
3,5,0.400,0.410,11736,-0.006250
3,5,0.400,0.410,11737,-0.013038
3,5,0.400,0.410,11738,-0.015748
3,5,0.400,0.410,11739,-0.002092
3,5,0.400,0.410,11740,-0.005305
3,5,0.400,0.410,11741,-0.015539
3,5,0.400,0.410,11742,-0.022400
3,5,0.400,0.410,11743,-0.002957
3,5,0.400,0.410,11744,0.005738
3,5,0.400,0.410,11745,0.000456
3,5,0.400,0.410,11746,-0.012065
3,5,0.400,0.410,11747,-0.014751
3,5,0.400,0.410,11748,0.017041
3,5,0.400,0.410,11749,0.009130
3,5,0.400,0.410,11750,-0.012594
3,5,0.400,0.410,11751,-0.001199
3,5,0.400,0.410,11752,0.001934
3,5,0.400,0.410,11753,0.005024
3,5,0.400,0.410,11754,-0.004904
3,5,0.400,0.410,11755,-0.013271
3,5,0.400,0.410,11756,-0.011146
3,5,0.400,0.410,11757,0.009577
3,5,0.400,0.410,11758,0.009867
3,5,0.400,0.410,11759,-0.004578
3,5,0.400,0.410,11760,-0.005410
3,5,0.400,0.410,11761,0.006426
3,5,0.400,0.410,11762,0.024511
3,5,0.400,0.410,11763,0.014078
3,5,0.400,0.410,11764,-0.010899
3,5,0.400,0.410,11765,0.002182
3,5,0.400,0.410,11766,0.028673
3,5,0.400,0.410,11767,0.026925
3,5,0.400,0.410,11768,-0.000861
3,5,0.400,0.410,11769,0.013136
3,5,0.400,0.410,11770,0.019665
3,5,0.400,0.410,11771,0.026797
3,5,0.400,0.410,11772,0.006411
3,5,0.400,0.410,11773,-0.004963
3,5,0.400,0.410,11774,0.024834
3,5,0.400,0.410,11775,0.034458
3,5,0.400,0.410,11776,-0.003172
3,5,0.400,0.410,11777,-0.005102
3,5,0.400,0.410,11778,0.029003
3,5,0.400,0.410,11779,0.032956
3,5,0.400,0.410,11780,-0.002261
3,5,0.400,0.410,11781,-0.003043
3,5,0.400,0.410,11782,0.024303
3,5,0.400,0.410,11783,0.033677
3,5,0.400,0.410,11784,0.006079
3,5,0.400,0.410,11785,-0.015559
3,5,0.400,0.410,11786,0.023638
3,5,0.400,0.410,11787,0.039016
3,5,0.400,0.410,11788,0.005453
3,5,0.400,0.410,11789,-0.014514
3,5,0.400,0.410,11790,0.011399
3,5,0.400,0.410,11791,0.028469
3,5,0.400,0.410,11792,0.004017
3,5,0.400,0.410,11793,-0.021290
3,5,0.400,0.410,11794,0.006737
3,5,0.400,0.410,11795,0.028633
3,5,0.400,0.410,11796,0.017376
3,5,0.400,0.410,11797,-0.008686
3,5,0.400,0.410,11798,0.000153
3,5,0.400,0.410,11799,0.004325
3,5,0.400,0.410,11800,0.009509
3,5,0.400,0.410,11801,-0.018161
3,5,0.400,0.410,11802,-0.011194
3,5,0.400,0.410,11803,0.008400
3,5,0.400,0.410,11804,0.012275
3,5,0.400,0.410,11805,-0.004629
3,5,0.400,0.410,11806,-0.009599
3,5,0.400,0.410,11807,-0.004477
3,5,0.400,0.410,11808,0.015177
3,5,0.400,0.410,11809,0.014504
3,5,0.400,0.410,11810,-0.005332
3,5,0.400,0.410,11811,-0.009707
3,5,0.400,0.410,11812,0.007396
3,5,0.400,0.410,11813,0.017747
3,5,0.400,0.410,11814,0.003232
3,5,0.400,0.410,11815,-0.013845
3,5,0.400,0.410,11816,0.000987
3,5,0.400,0.410,11817,0.017904
3,5,0.400,0.410,11818,0.015639
3,5,0.400,0.410,11819,0.000952
3,5,0.400,0.410,11820,0.005233
3,5,0.400,0.410,11821,0.019481
3,5,0.400,0.410,11822,0.011269
3,5,0.400,0.410,11823,-0.005705
3,5,0.400,0.410,11824,-0.003398
3,5,0.400,0.410,11825,0.004122
3,5,0.400,0.410,11826,0.004907
3,5,0.400,0.410,11827,0.016115
3,5,0.400,0.410,11828,0.004659
3,5,0.400,0.410,11829,-0.004275
3,5,0.400,0.410,11830,0.009093
3,5,0.400,0.410,11831,0.008443
3,5,0.400,0.410,11832,0.008442
3,5,0.400,0.410,11833,0.015543
3,5,0.400,0.410,11834,0.017558
3,5,0.400,0.410,11835,0.014774
3,5,0.400,0.410,11836,0.001990
3,5,0.400,0.410,11837,0.001288
3,5,0.400,0.410,11838,-0.009184
3,5,0.400,0.410,11839,-0.011407
3,5,0.400,0.410,11840,-0.007953
3,5,0.400,0.410,11841,-0.000524
3,5,0.400,0.410,11842,-0.007252
3,5,0.400,0.410,11843,0.003370
3,5,0.400,0.410,11844,0.008815
3,5,0.400,0.410,11845,0.005232
3,5,0.400,0.410,11846,-0.002733
3,5,0.400,0.410,11847,-0.003944
3,5,0.400,0.410,11848,0.003059
3,5,0.400,0.410,11849,0.016861
3,5,0.400,0.410,11850,-0.003090
3,5,0.400,0.410,11851,-0.016975
3,5,0.400,0.410,11852,0.006635
3,5,0.400,0.410,11853,0.009713
3,5,0.400,0.410,11854,0.006456
3,5,0.400,0.410,11855,-0.001589
3,5,0.400,0.410,11856,-0.003553
3,5,0.400,0.410,11857,-0.001814
3,5,0.400,0.410,11858,0.008297
3,5,0.400,0.410,11859,0.009553
3,5,0.400,0.410,11860,-0.013329
3,5,0.400,0.410,11861,-0.006291
3,5,0.400,0.410,11862,0.020278
3,5,0.400,0.410,11863,0.000382
3,5,0.400,0.410,11864,-0.010230
3,5,0.400,0.410,11865,-0.005616
3,5,0.400,0.410,11866,0.020229
3,5,0.400,0.410,11867,0.010622
3,5,0.400,0.410,11868,-0.001069
3,5,0.400,0.410,11869,-0.002324
3,5,0.400,0.410,11870,0.021018
3,5,0.400,0.410,11871,0.024252
3,5,0.400,0.410,11872,0.005743
3,5,0.400,0.410,11873,-0.022066
3,5,0.400,0.410,11874,0.005874
3,5,0.400,0.410,11875,0.036064
3,5,0.400,0.410,11876,0.011631
3,5,0.400,0.410,11877,-0.006810
3,5,0.400,0.410,11878,-0.006813
3,5,0.400,0.410,11879,0.018974
3,5,0.400,0.410,11880,0.022347
3,5,0.400,0.410,11881,-0.012086
3,5,0.400,0.410,11882,-0.019909
3,5,0.400,0.410,11883,0.000571
3,5,0.400,0.410,11884,0.022325
3,5,0.400,0.410,11885,0.012595
3,5,0.400,0.410,11886,-0.022984
3,5,0.400,0.410,11887,-0.009688
3,5,0.400,0.410,11888,0.029212
3,5,0.400,0.410,11889,0.014657
3,5,0.400,0.410,11890,-0.020367
3,5,0.400,0.410,11891,-0.007768
3,5,0.400,0.410,11892,0.004750
3,5,0.400,0.410,11893,0.018883
3,5,0.400,0.410,11894,-0.010527
3,5,0.400,0.410,11895,-0.038759
3,5,0.400,0.410,11896,-0.006967
3,5,0.400,0.410,11897,0.019415
3,5,0.400,0.410,11898,-0.009820
3,5,0.400,0.410,11899,-0.032812
3,5,0.400,0.410,11900,-0.001242
3,5,0.400,0.410,11901,0.022639
3,5,0.400,0.410,11902,0.003543
3,5,0.400,0.410,11903,-0.019350
3,5,0.400,0.410,11904,-0.000893
3,5,0.400,0.410,11905,0.032815
3,5,0.400,0.410,11906,0.009948
3,5,0.400,0.410,11907,-0.014132
3,5,0.400,0.410,11908,-0.000144
3,5,0.400,0.410,11909,0.023414
3,5,0.400,0.410,11910,0.015302
3,5,0.400,0.410,11911,-0.020916
3,5,0.400,0.410,11912,-0.001911
3,5,0.400,0.410,11913,0.024663
3,5,0.400,0.410,11914,0.016077
3,5,0.400,0.410,11915,-0.001871
3,5,0.400,0.410,11916,-0.005863
3,5,0.400,0.410,11917,0.017191
3,5,0.400,0.410,11918,0.010153
3,5,0.400,0.410,11919,-0.022442
3,5,0.400,0.410,11920,-0.003584
3,5,0.400,0.410,11921,0.027210
3,5,0.400,0.410,11922,0.020674
3,5,0.400,0.410,11923,-0.009233
3,5,0.400,0.410,11924,0.004327
3,5,0.400,0.410,11925,0.025839
3,5,0.400,0.410,11926,0.015765
3,5,0.400,0.410,11927,0.000698
3,5,0.400,0.410,11928,-0.016148
3,5,0.400,0.410,11929,-0.002901
3,5,0.400,0.410,11930,0.010377
3,5,0.400,0.410,11931,0.001612
3,5,0.400,0.410,11932,-0.017853
3,5,0.400,0.410,11933,-0.013086
3,5,0.400,0.410,11934,0.008275
3,5,0.400,0.410,11935,-0.013778
3,5,0.400,0.410,11936,-0.031890
3,5,0.400,0.410,11937,-0.004351
3,5,0.400,0.410,11938,0.004088
3,5,0.400,0.410,11939,-0.009973
3,5,0.400,0.410,11940,-0.029654
3,5,0.400,0.410,11941,-0.017692
3,5,0.400,0.410,11942,-0.010713
3,5,0.400,0.410,11943,-0.020868
3,5,0.400,0.410,11944,-0.028478
3,5,0.400,0.410,11945,-0.025300
3,5,0.400,0.410,11946,-0.017295
3,5,0.400,0.410,11947,-0.017380
3,5,0.400,0.410,11948,-0.030595
3,5,0.400,0.410,11949,-0.048059
3,5,0.400,0.410,11950,-0.031167
3,5,0.400,0.410,11951,-0.015780
3,5,0.400,0.410,11952,-0.029076
3,5,0.400,0.410,11953,-0.037105
3,5,0.400,0.410,11954,-0.023059
3,5,0.400,0.410,11955,-0.012945
3,5,0.400,0.410,11956,-0.031111
3,5,0.400,0.410,11957,-0.021747
3,5,0.400,0.410,11958,-0.015165
3,5,0.400,0.410,11959,-0.027105
3,5,0.400,0.410,11960,-0.024975
3,5,0.400,0.410,11961,-0.012094
3,5,0.400,0.410,11962,-0.021688
3,5,0.400,0.410,11963,-0.023955
3,5,0.400,0.410,11964,-0.012305
3,5,0.400,0.410,11965,-0.023480
3,5,0.400,0.410,11966,-0.018171
3,5,0.400,0.410,11967,-0.013844
3,5,0.400,0.410,11968,-0.027178
3,5,0.400,0.410,11969,-0.029612
3,5,0.400,0.410,11970,-0.020408
3,5,0.400,0.410,11971,-0.005220
3,5,0.400,0.410,11972,-0.021154
3,5,0.400,0.410,11973,-0.031081
3,5,0.400,0.410,11974,-0.009896
3,5,0.400,0.410,11975,0.000992
3,5,0.400,0.410,11976,-0.015218
3,5,0.400,0.410,11977,-0.030342
3,5,0.400,0.410,11978,-0.013032
3,5,0.400,0.410,11979,-0.008347
3,5,0.400,0.410,11980,-0.013282
3,5,0.400,0.410,11981,-0.014528
3,5,0.400,0.410,11982,-0.012864
3,5,0.400,0.410,11983,0.009406
3,5,0.400,0.410,11984,-0.011764
3,5,0.400,0.410,11985,-0.017087
3,5,0.400,0.410,11986,-0.002498
3,5,0.400,0.410,11987,0.008927
3,5,0.400,0.410,11988,0.002816
3,5,0.400,0.410,11989,-0.007135
3,5,0.400,0.410,11990,-0.008138
3,5,0.400,0.410,11991,-0.002232
3,5,0.400,0.410,11992,0.005883
3,5,0.400,0.410,11993,-0.013328
3,5,0.400,0.410,11994,-0.009087
3,5,0.400,0.410,11995,0.011191
3,5,0.400,0.410,11996,0.006345
3,5,0.400,0.410,11997,-0.001464
3,5,0.400,0.410,11998,0.006192
3,5,0.400,0.410,11999,0.013163
3,5,0.400,0.410,12000,0.006730
3,5,0.400,0.410,12001,0.001685
3,5,0.400,0.410,12002,0.017493
3,5,0.400,0.410,12003,0.007888
3,5,0.400,0.410,12004,0.002069
3,5,0.400,0.410,12005,0.014609
3,5,0.400,0.410,12006,0.030873
3,5,0.400,0.410,12007,0.013752
3,5,0.400,0.410,12008,0.000083
3,5,0.400,0.410,12009,0.009917
3,5,0.400,0.410,12010,0.022038
3,5,0.400,0.410,12011,0.015676
3,5,0.400,0.410,12012,0.003695
3,5,0.400,0.410,12013,0.012853
3,5,0.400,0.410,12014,0.020445
3,5,0.400,0.410,12015,0.015642
3,5,0.400,0.410,12016,0.008970
3,5,0.400,0.410,12017,0.016021
3,5,0.400,0.410,12018,0.020639
3,5,0.400,0.410,12019,0.017161
3,5,0.400,0.410,12020,0.015676
3,5,0.400,0.410,12021,0.008851
3,5,0.400,0.410,12022,0.015912
3,5,0.400,0.410,12023,0.015051
3,5,0.400,0.410,12024,0.014214
3,5,0.400,0.410,12025,0.029021
3,5,0.400,0.410,12026,0.032312
3,5,0.400,0.410,12027,0.017155
3,5,0.400,0.410,12028,0.015959
3,5,0.400,0.410,12029,0.028703
3,5,0.400,0.410,12030,0.018857
3,5,0.400,0.410,12031,0.021492
3,5,0.400,0.410,12032,0.021850
3,5,0.400,0.410,12033,0.019892
3,5,0.400,0.410,12034,0.015911
3,5,0.400,0.410,12035,0.017524
3,5,0.400,0.410,12036,0.023659
3,5,0.400,0.410,12037,0.023152
3,5,0.400,0.410,12038,0.015048
3,5,0.400,0.410,12039,0.036759
3,5,0.400,0.410,12040,0.040823
3,5,0.400,0.410,12041,0.031013
3,5,0.400,0.410,12042,0.020434
3,5,0.400,0.410,12043,0.012938
3,5,0.400,0.410,12044,0.033163
3,5,0.400,0.410,12045,0.030123
3,5,0.400,0.410,12046,0.014246
3,5,0.400,0.410,12047,0.000698
3,5,0.400,0.410,12048,0.027825
3,5,0.400,0.410,12049,0.036866
3,5,0.400,0.410,12050,0.011329
3,5,0.400,0.410,12051,-0.002668
3,5,0.400,0.410,12052,0.019593
3,5,0.400,0.410,12053,0.028230
3,5,0.400,0.410,12054,0.004669
3,5,0.400,0.410,12055,-0.007890
3,5,0.400,0.410,12056,0.006177
3,5,0.400,0.410,12057,0.029741
3,5,0.400,0.410,12058,0.010688
3,5,0.400,0.410,12059,-0.021628
3,5,0.400,0.410,12060,-0.005266
3,5,0.400,0.410,12061,0.023809
3,5,0.400,0.410,12062,0.010376
3,5,0.400,0.410,12063,-0.012021
3,5,0.400,0.410,12064,-0.014629
3,5,0.400,0.410,12065,-0.001512
3,5,0.400,0.410,12066,0.016683
3,5,0.400,0.410,12067,-0.008265
3,5,0.400,0.410,12068,-0.024748
3,5,0.400,0.410,12069,0.002359
3,5,0.400,0.410,12070,0.012026
3,5,0.400,0.410,12071,0.003875
3,5,0.400,0.410,12072,-0.004923
3,5,0.400,0.410,12073,0.000853
3,5,0.400,0.410,12074,0.011370
3,5,0.400,0.410,12075,-0.000995
3,5,0.400,0.410,12076,-0.007602
3,5,0.400,0.410,12077,-0.001466
3,5,0.400,0.410,12078,0.000324
3,5,0.400,0.410,12079,-0.000312
3,5,0.400,0.410,12080,0.006443
3,5,0.400,0.410,12081,-0.006803
3,5,0.400,0.410,12082,-0.020022
3,5,0.400,0.410,12083,0.003073
3,5,0.400,0.410,12084,0.002110
3,5,0.400,0.410,12085,-0.014896
3,5,0.400,0.410,12086,-0.005898
3,5,0.400,0.410,12087,0.000998
3,5,0.400,0.410,12088,0.005922
3,5,0.400,0.410,12089,0.007574
3,5,0.400,0.410,12090,-0.000590
3,5,0.400,0.410,12091,-0.001934
3,5,0.400,0.410,12092,0.004552
3,5,0.400,0.410,12093,0.013762
3,5,0.400,0.410,12094,-0.008348
3,5,0.400,0.410,12095,0.005689
3,5,0.400,0.410,12096,0.000271
3,5,0.400,0.410,12097,0.002400
3,5,0.400,0.410,12098,0.002488
3,5,0.400,0.410,12099,-0.005977
3,5,0.400,0.410,12100,0.005030
3,5,0.400,0.410,12101,0.019021
3,5,0.400,0.410,12102,0.010710
3,5,0.400,0.410,12103,-0.001515
3,5,0.400,0.410,12104,0.012919
3,5,0.400,0.410,12105,0.008714
3,5,0.400,0.410,12106,0.014569
3,5,0.400,0.410,12107,0.022942
3,5,0.400,0.410,12108,0.010324
3,5,0.400,0.410,12109,0.004410
3,5,0.400,0.410,12110,0.007423
3,5,0.400,0.410,12111,0.002899
3,5,0.400,0.410,12112,0.001170
3,5,0.400,0.410,12113,0.015135
3,5,0.400,0.410,12114,0.015517
3,5,0.400,0.410,12115,0.007787
3,5,0.400,0.410,12116,-0.001869
3,5,0.400,0.410,12117,0.016452
3,5,0.400,0.410,12118,0.024520
3,5,0.400,0.410,12119,0.010715
3,5,0.400,0.410,12120,0.000851
3,5,0.400,0.410,12121,0.014147
3,5,0.400,0.410,12122,0.024281
3,5,0.400,0.410,12123,0.014853
3,5,0.400,0.410,12124,-0.000965
3,5,0.400,0.410,12125,0.005314
3,5,0.400,0.410,12126,0.021625
3,5,0.400,0.410,12127,0.023666
3,5,0.400,0.410,12128,0.011640
3,5,0.400,0.410,12129,-0.000940
3,5,0.400,0.410,12130,0.006260
3,5,0.400,0.410,12131,0.015419
3,5,0.400,0.410,12132,0.008241
3,5,0.400,0.410,12133,0.000149
3,5,0.400,0.410,12134,0.014689
3,5,0.400,0.410,12135,0.026892
3,5,0.400,0.410,12136,0.001250
3,5,0.400,0.410,12137,-0.010894
3,5,0.400,0.410,12138,-0.001770
3,5,0.400,0.410,12139,0.016396
3,5,0.400,0.410,12140,0.006879
3,5,0.400,0.410,12141,-0.020899
3,5,0.400,0.410,12142,-0.008155
3,5,0.400,0.410,12143,0.008744
3,5,0.400,0.410,12144,0.011145
3,5,0.400,0.410,12145,-0.009808
3,5,0.400,0.410,12146,-0.009839
3,5,0.400,0.410,12147,0.010152
3,5,0.400,0.410,12148,0.006463
3,5,0.400,0.410,12149,-0.001275
3,5,0.400,0.410,12150,-0.014599
3,5,0.400,0.410,12151,-0.009636
3,5,0.400,0.410,12152,0.016897
3,5,0.400,0.410,12153,0.010397
3,5,0.400,0.410,12154,-0.012087
3,5,0.400,0.410,12155,-0.008141
3,5,0.400,0.410,12156,0.013077
3,5,0.400,0.410,12157,-0.000855
3,5,0.400,0.410,12158,-0.002099
3,5,0.400,0.410,12159,-0.000640
3,5,0.400,0.410,12160,0.001847
3,5,0.400,0.410,12161,0.000763
3,5,0.400,0.410,12162,0.004675
3,5,0.400,0.410,12163,-0.006883
3,5,0.400,0.410,12164,-0.004928
3,5,0.400,0.410,12165,0.000395
3,5,0.400,0.410,12166,0.003310
3,5,0.400,0.410,12167,0.003135
3,5,0.400,0.410,12168,0.001131
3,5,0.400,0.410,12169,-0.003201
3,5,0.400,0.410,12170,0.001047
3,5,0.400,0.410,12171,-0.007422
3,5,0.400,0.410,12172,-0.006539
3,5,0.400,0.410,12173,-0.002153
3,5,0.400,0.410,12174,0.002326
3,5,0.400,0.410,12175,0.009241
3,5,0.400,0.410,12176,0.012143
3,5,0.400,0.410,12177,0.003657
3,5,0.400,0.410,12178,-0.002475
3,5,0.400,0.410,12179,0.004733
3,5,0.400,0.410,12180,0.010613
3,5,0.400,0.410,12181,-0.001546
3,5,0.400,0.410,12182,0.009032
3,5,0.400,0.410,12183,0.006228
3,5,0.400,0.410,12184,0.003759
3,5,0.400,0.410,12185,-0.010276
3,5,0.400,0.410,12186,-0.015419
3,5,0.400,0.410,12187,0.006170
3,5,0.400,0.410,12188,0.011747
3,5,0.400,0.410,12189,0.006815
3,5,0.400,0.410,12190,-0.001797
3,5,0.400,0.410,12191,0.010347
3,5,0.400,0.410,12192,0.017597
3,5,0.400,0.410,12193,-0.000636
3,5,0.400,0.410,12194,-0.006276
3,5,0.400,0.410,12195,0.010412
3,5,0.400,0.410,12196,-0.000334
3,5,0.400,0.410,12197,-0.005576
3,5,0.400,0.410,12198,-0.011128
3,5,0.400,0.410,12199,0.000708
3,5,0.400,0.410,12200,0.020281
3,5,0.400,0.410,12201,0.009274
3,5,0.400,0.410,12202,-0.001145
3,5,0.400,0.410,12203,-0.003002
3,5,0.400,0.410,12204,-0.006315
3,5,0.400,0.410,12205,-0.000306
3,5,0.400,0.410,12206,-0.003972
3,5,0.400,0.410,12207,-0.015343
3,5,0.400,0.410,12208,-0.005169
3,5,0.400,0.410,12209,0.011790
3,5,0.400,0.410,12210,-0.003830
3,5,0.400,0.410,12211,-0.015038
3,5,0.400,0.410,12212,-0.005593
3,5,0.400,0.410,12213,0.009316
3,5,0.400,0.410,12214,0.017021
3,5,0.400,0.410,12215,-0.005559
3,5,0.400,0.410,12216,-0.017098
3,5,0.400,0.410,12217,-0.006123
3,5,0.400,0.410,12218,0.014690
3,5,0.400,0.410,12219,0.015607
3,5,0.400,0.410,12220,-0.018279
3,5,0.400,0.410,12221,-0.012072
3,5,0.400,0.410,12222,0.010139
3,5,0.400,0.410,12223,0.011614
3,5,0.400,0.410,12224,-0.018406
3,5,0.400,0.410,12225,-0.022504
3,5,0.400,0.410,12226,0.006457
3,5,0.400,0.410,12227,0.006321
3,5,0.400,0.410,12228,-0.011004
3,5,0.400,0.410,12229,-0.012925
3,5,0.400,0.410,12230,-0.003384
3,5,0.400,0.410,12231,0.003711
3,5,0.400,0.410,12232,0.003656
3,5,0.400,0.410,12233,-0.011738
3,5,0.400,0.410,12234,-0.017577
3,5,0.400,0.410,12235,0.002422
3,5,0.400,0.410,12236,0.008178
3,5,0.400,0.410,12237,-0.001299
3,5,0.400,0.410,12238,-0.008565
3,5,0.400,0.410,12239,-0.007980
3,5,0.400,0.410,12240,0.002809
3,5,0.400,0.410,12241,-0.010897
3,5,0.400,0.410,12242,-0.013710
3,5,0.400,0.410,12243,0.010909
3,5,0.400,0.410,12244,-0.006345
3,5,0.400,0.410,12245,-0.001492
3,5,0.400,0.410,12246,-0.001827
3,5,0.400,0.410,12247,-0.002450
3,5,0.400,0.410,12248,0.006827
3,5,0.400,0.410,12249,0.000433
3,5,0.400,0.410,12250,-0.001082
3,5,0.400,0.410,12251,0.001283
3,5,0.400,0.410,12252,0.018647
3,5,0.400,0.410,12253,0.011883
3,5,0.400,0.410,12254,-0.010796
3,5,0.400,0.410,12255,-0.000303
3,5,0.400,0.410,12256,0.008378
3,5,0.400,0.410,12257,-0.005418
3,5,0.400,0.410,12258,-0.014059
3,5,0.400,0.410,12259,0.005777
3,5,0.400,0.410,12260,0.008061
3,5,0.400,0.410,12261,0.004641
3,5,0.400,0.410,12262,0.001608
3,5,0.400,0.410,12263,0.005817
3,5,0.400,0.410,12264,0.017859
3,5,0.400,0.410,12265,0.008290
3,5,0.400,0.410,12266,-0.002390
3,5,0.400,0.410,12267,0.016010
3,5,0.400,0.410,12268,0.018617
3,5,0.400,0.410,12269,-0.000086
3,5,0.400,0.410,12270,0.004140
3,5,0.400,0.410,12271,0.009623
3,5,0.400,0.410,12272,0.025575
3,5,0.400,0.410,12273,-0.001658
3,5,0.400,0.410,12274,-0.013892
3,5,0.400,0.410,12275,0.006311
3,5,0.400,0.410,12276,0.023841
3,5,0.400,0.410,12277,0.003268
3,5,0.400,0.410,12278,-0.011267
3,5,0.400,0.410,12279,0.004998
3,5,0.400,0.410,12280,0.006857
3,5,0.400,0.410,12281,-0.010280
3,5,0.400,0.410,12282,-0.029370
3,5,0.400,0.410,12283,0.002060
3,5,0.400,0.410,12284,0.029089
3,5,0.400,0.410,12285,-0.001963
3,5,0.400,0.410,12286,-0.023726
3,5,0.400,0.410,12287,-0.006038
3,5,0.400,0.410,12288,0.018213
3,5,0.400,0.410,12289,0.006839
3,5,0.400,0.410,12290,-0.010650
3,5,0.400,0.410,12291,-0.018929
3,5,0.400,0.410,12292,0.000869
3,5,0.400,0.410,12293,0.020660
3,5,0.400,0.410,12294,-0.000561
3,5,0.400,0.410,12295,-0.022455
3,5,0.400,0.410,12296,0.007734
3,5,0.400,0.410,12297,0.031366
3,5,0.400,0.410,12298,0.009188
3,5,0.400,0.410,12299,-0.006276
3,5,0.400,0.410,12300,0.015041
3,5,0.400,0.410,12301,0.035548
3,5,0.400,0.410,12302,0.023174
3,5,0.400,0.410,12303,-0.002406
3,5,0.400,0.410,12304,0.013073
3,5,0.400,0.410,12305,0.035886
3,5,0.400,0.410,12306,0.037499
3,5,0.400,0.410,12307,0.002665
3,5,0.400,0.410,12308,-0.002524
3,5,0.400,0.410,12309,0.042348
3,5,0.400,0.410,12310,0.053777
3,5,0.400,0.410,12311,0.007788
3,5,0.400,0.410,12312,-0.014036
3,5,0.400,0.410,12313,0.023273
3,5,0.400,0.410,12314,0.051556
3,5,0.400,0.410,12315,0.009353
3,5,0.400,0.410,12316,-0.017280
3,5,0.400,0.410,12317,0.023785
3,5,0.400,0.410,12318,0.045816
3,5,0.400,0.410,12319,0.008833
3,5,0.400,0.410,12320,-0.011334
3,5,0.400,0.410,12321,0.010134
3,5,0.400,0.410,12322,0.037851
3,5,0.400,0.410,12323,0.013722
3,5,0.400,0.410,12324,-0.003354
3,5,0.400,0.410,12325,-0.007900
3,5,0.400,0.410,12326,0.021872
3,5,0.400,0.410,12327,0.017253
3,5,0.400,0.410,12328,0.000787
3,5,0.400,0.410,12329,-0.002201
3,5,0.400,0.410,12330,0.027003
3,5,0.400,0.410,12331,0.038431
3,5,0.400,0.410,12332,0.008995
3,5,0.400,0.410,12333,0.004741
3,5,0.400,0.410,12334,0.028004
3,5,0.400,0.410,12335,0.042058
3,5,0.400,0.410,12336,0.018903
3,5,0.400,0.410,12337,0.018461
3,5,0.400,0.410,12338,0.036607
3,5,0.400,0.410,12339,0.023455
3,5,0.400,0.410,12340,0.018542
3,5,0.400,0.410,12341,0.015924
3,5,0.400,0.410,12342,0.025588
3,5,0.400,0.410,12343,0.033626
3,5,0.400,0.410,12344,0.017146
3,5,0.400,0.410,12345,0.008105
3,5,0.400,0.410,12346,0.018343
3,5,0.400,0.410,12347,0.035840
3,5,0.400,0.410,12348,0.025019
3,5,0.400,0.410,12349,0.018309
3,5,0.400,0.410,12350,0.019142
3,5,0.400,0.410,12351,0.031274
3,5,0.400,0.410,12352,0.026512
3,5,0.400,0.410,12353,0.020785
3,5,0.400,0.410,12354,0.016849
3,5,0.400,0.410,12355,0.019959
3,5,0.400,0.410,12356,0.028302
3,5,0.400,0.410,12357,0.012011
3,5,0.400,0.410,12358,0.012413
3,5,0.400,0.410,12359,0.013377
3,5,0.400,0.410,12360,0.008775
3,5,0.400,0.410,12361,0.012203
3,5,0.400,0.410,12362,0.010239
3,5,0.400,0.410,12363,0.007685
3,5,0.400,0.410,12364,0.008274
3,5,0.400,0.410,12365,0.018508
3,5,0.400,0.410,12366,-0.003867
3,5,0.400,0.410,12367,0.005191
3,5,0.400,0.410,12368,0.017316
3,5,0.400,0.410,12369,0.023849
3,5,0.400,0.410,12370,-0.006674
3,5,0.400,0.410,12371,-0.018295
3,5,0.400,0.410,12372,0.007215
3,5,0.400,0.410,12373,0.020379
3,5,0.400,0.410,12374,-0.000112
3,5,0.400,0.410,12375,-0.014505
3,5,0.400,0.410,12376,0.000357
3,5,0.400,0.410,12377,0.002599
3,5,0.400,0.410,12378,-0.001428
3,5,0.400,0.410,12379,-0.023756
3,5,0.400,0.410,12380,-0.008526
3,5,0.400,0.410,12381,0.019297
3,5,0.400,0.410,12382,0.006886
3,5,0.400,0.410,12383,-0.009365
3,5,0.400,0.410,12384,-0.010229
3,5,0.400,0.410,12385,0.002594
3,5,0.400,0.410,12386,0.000370
3,5,0.400,0.410,12387,0.006527
3,5,0.400,0.410,12388,0.000379
3,5,0.400,0.410,12389,0.010620
3,5,0.400,0.410,12390,0.011553
3,5,0.400,0.410,12391,0.009196
3,5,0.400,0.410,12392,-0.002230
3,5,0.400,0.410,12393,0.014121
3,5,0.400,0.410,12394,0.014806
3,5,0.400,0.410,12395,0.005532
3,5,0.400,0.410,12396,0.005263
3,5,0.400,0.410,12397,-0.001827
3,5,0.400,0.410,12398,0.009453
3,5,0.400,0.410,12399,0.002675
3,5,0.400,0.410,12400,0.000980
3,5,0.400,0.410,12401,0.015472
3,5,0.400,0.410,12402,0.004258
3,5,0.400,0.410,12403,0.011349
3,5,0.400,0.410,12404,0.022800
3,5,0.400,0.410,12405,0.018098
3,5,0.400,0.410,12406,0.001542
3,5,0.400,0.410,12407,0.014890
3,5,0.400,0.410,12408,0.027083
3,5,0.400,0.410,12409,0.008923
3,5,0.400,0.410,12410,-0.007793
3,5,0.400,0.410,12411,-0.010140
3,5,0.400,0.410,12412,0.017473
3,5,0.400,0.410,12413,0.019993
3,5,0.400,0.410,12414,-0.008002
3,5,0.400,0.410,12415,-0.008922
3,5,0.400,0.410,12416,0.003381
3,5,0.400,0.410,12417,0.012727
3,5,0.400,0.410,12418,-0.021618
3,5,0.400,0.410,12419,-0.024718
3,5,0.400,0.410,12420,0.005476
3,5,0.400,0.410,12421,0.007665
3,5,0.400,0.410,12422,-0.022714
3,5,0.400,0.410,12423,-0.019714
3,5,0.400,0.410,12424,-0.002238
3,5,0.400,0.410,12425,-0.008961
3,5,0.400,0.410,12426,-0.018303
3,5,0.400,0.410,12427,-0.035531
3,5,0.400,0.410,12428,-0.012817
3,5,0.400,0.410,12429,0.004398
3,5,0.400,0.410,12430,-0.020921
3,5,0.400,0.410,12431,-0.050050
3,5,0.400,0.410,12432,-0.024778
3,5,0.400,0.410,12433,0.007986
3,5,0.400,0.410,12434,-0.007617
3,5,0.400,0.410,12435,-0.033880
3,5,0.400,0.410,12436,-0.020029
3,5,0.400,0.410,12437,0.008976
3,5,0.400,0.410,12438,-0.006324
3,5,0.400,0.410,12439,-0.036176
3,5,0.400,0.410,12440,-0.021398
3,5,0.400,0.410,12441,0.003853
3,5,0.400,0.410,12442,-0.005363
3,5,0.400,0.410,12443,-0.025029
3,5,0.400,0.410,12444,-0.026842
3,5,0.400,0.410,12445,-0.006020
3,5,0.400,0.410,12446,0.007338
3,5,0.400,0.410,12447,-0.017880
3,5,0.400,0.410,12448,-0.017686
3,5,0.400,0.410,12449,0.011548
3,5,0.400,0.410,12450,0.004398
3,5,0.400,0.410,12451,-0.011289
3,5,0.400,0.410,12452,-0.022654
3,5,0.400,0.410,12453,-0.002338
3,5,0.400,0.410,12454,-0.003330
3,5,0.400,0.410,12455,-0.020862
3,5,0.400,0.410,12456,-0.021081
3,5,0.400,0.410,12457,-0.006014
3,5,0.400,0.410,12458,0.000461
3,5,0.400,0.410,12459,-0.019903
3,5,0.400,0.410,12460,-0.029502
3,5,0.400,0.410,12461,-0.016196
3,5,0.400,0.410,12462,0.003425
3,5,0.400,0.410,12463,-0.014912
3,5,0.400,0.410,12464,-0.035644
3,5,0.400,0.410,12465,-0.022774
3,5,0.400,0.410,12466,-0.005303
3,5,0.400,0.410,12467,-0.015987
3,5,0.400,0.410,12468,-0.034729
3,5,0.400,0.410,12469,-0.029040
3,5,0.400,0.410,12470,-0.022055
3,5,0.400,0.410,12471,-0.001255
3,5,0.400,0.410,12472,-0.025248
3,5,0.400,0.410,12473,-0.032141
3,5,0.400,0.410,12474,-0.013306
3,5,0.400,0.410,12475,0.004333
3,5,0.400,0.410,12476,-0.013174
3,5,0.400,0.410,12477,-0.037465
3,5,0.400,0.410,12478,-0.027048
3,5,0.400,0.410,12479,-0.008362
3,5,0.400,0.410,12480,-0.022006
3,5,0.400,0.410,12481,-0.036994
3,5,0.400,0.410,12482,-0.029061
3,5,0.400,0.410,12483,-0.009797
3,5,0.400,0.410,12484,-0.003081
3,5,0.400,0.410,12485,-0.017288
3,5,0.400,0.410,12486,-0.028414
3,5,0.400,0.410,12487,-0.011604
3,5,0.400,0.410,12488,-0.003100
3,5,0.400,0.410,12489,-0.014969
3,5,0.400,0.410,12490,-0.019988
3,5,0.400,0.410,12491,-0.008036
3,5,0.400,0.410,12492,-0.008350
3,5,0.400,0.410,12493,-0.018203
3,5,0.400,0.410,12494,-0.019208
3,5,0.400,0.410,12495,-0.013880
3,5,0.400,0.410,12496,0.000184
3,5,0.400,0.410,12497,-0.004013
3,5,0.400,0.410,12498,-0.012212
3,5,0.400,0.410,12499,-0.009228
3,5,0.400,0.410,12500,-0.006188
3,5,0.400,0.410,12501,-0.004668
3,5,0.400,0.410,12502,-0.007462
3,5,0.400,0.410,12503,-0.014031
3,5,0.400,0.410,12504,-0.012862
3,5,0.400,0.410,12505,-0.017793
3,5,0.400,0.410,12506,-0.007580
3,5,0.400,0.410,12507,-0.007251
3,5,0.400,0.410,12508,-0.014512
3,5,0.400,0.410,12509,0.007890
3,5,0.400,0.410,12510,0.005778
3,5,0.400,0.410,12511,-0.003536
3,5,0.400,0.410,12512,0.014428
3,5,0.400,0.410,12513,0.012017
3,5,0.400,0.410,12514,-0.000237
3,5,0.400,0.410,12515,-0.010621
3,5,0.400,0.410,12516,-0.002247
3,5,0.400,0.410,12517,-0.001693
3,5,0.400,0.410,12518,0.002745
3,5,0.400,0.410,12519,0.007943
3,5,0.400,0.410,12520,-0.007032
3,5,0.400,0.410,12521,-0.000490
3,5,0.400,0.410,12522,0.012903
3,5,0.400,0.410,12523,-0.003624
3,5,0.400,0.410,12524,-0.017979
3,5,0.400,0.410,12525,-0.007985
3,5,0.400,0.410,12526,0.009187
3,5,0.400,0.410,12527,0.008282
3,5,0.400,0.410,12528,-0.003433
3,5,0.400,0.410,12529,0.001653
3,5,0.400,0.410,12530,0.019336
3,5,0.400,0.410,12531,0.006205
3,5,0.400,0.410,12532,-0.008024
3,5,0.400,0.410,12533,-0.008794
3,5,0.400,0.410,12534,0.003867
3,5,0.400,0.410,12535,0.018878
3,5,0.400,0.410,12536,0.004717
3,5,0.400,0.410,12537,-0.012841
3,5,0.400,0.410,12538,-0.001675
3,5,0.400,0.410,12539,0.004167
3,5,0.400,0.410,12540,0.003801
3,5,0.400,0.410,12541,0.002276
3,5,0.400,0.410,12542,0.010493
3,5,0.400,0.410,12543,0.012736
3,5,0.400,0.410,12544,0.015393
3,5,0.400,0.410,12545,0.002636
3,5,0.400,0.410,12546,-0.001442
3,5,0.400,0.410,12547,0.000719
3,5,0.400,0.410,12548,-0.000639
3,5,0.400,0.410,12549,-0.004196
3,5,0.400,0.410,12550,0.005380
3,5,0.400,0.410,12551,0.011601
3,5,0.400,0.410,12552,-0.001149
3,5,0.400,0.410,12553,-0.013731
3,5,0.400,0.410,12554,0.005366
3,5,0.400,0.410,12555,0.010155
3,5,0.400,0.410,12556,-0.008621
3,5,0.400,0.410,12557,-0.020257
3,5,0.400,0.410,12558,-0.010840
3,5,0.400,0.410,12559,0.017696
3,5,0.400,0.410,12560,0.014666
3,5,0.400,0.410,12561,-0.010264
3,5,0.400,0.410,12562,-0.010334
3,5,0.400,0.410,12563,0.013512
3,5,0.400,0.410,12564,-0.002854
3,5,0.400,0.410,12565,-0.017311
3,5,0.400,0.410,12566,-0.000268
3,5,0.400,0.410,12567,0.007069
3,5,0.400,0.410,12568,-0.006794
3,5,0.400,0.410,12569,-0.016915
3,5,0.400,0.410,12570,0.002150
3,5,0.400,0.410,12571,0.002077
3,5,0.400,0.410,12572,0.011399
3,5,0.400,0.410,12573,0.015115
3,5,0.400,0.410,12574,0.005719
3,5,0.400,0.410,12575,0.013860
3,5,0.400,0.410,12576,0.016193
3,5,0.400,0.410,12577,0.002671
3,5,0.400,0.410,12578,-0.002390
3,5,0.400,0.410,12579,0.007523
3,5,0.400,0.410,12580,0.015506
3,5,0.400,0.410,12581,0.017659
3,5,0.400,0.410,12582,0.008230
3,5,0.400,0.410,12583,0.009741
3,5,0.400,0.410,12584,0.018927
3,5,0.400,0.410,12585,0.019441
3,5,0.400,0.410,12586,0.021846
3,5,0.400,0.410,12587,0.005479
3,5,0.400,0.410,12588,0.015669
3,5,0.400,0.410,12589,0.020019
3,5,0.400,0.410,12590,0.013485
3,5,0.400,0.410,12591,0.007387
3,5,0.400,0.410,12592,0.015163
3,5,0.400,0.410,12593,0.030103
3,5,0.400,0.410,12594,0.022074
3,5,0.400,0.410,12595,0.019934
3,5,0.400,0.410,12596,0.017035
3,5,0.400,0.410,12597,0.024916
3,5,0.400,0.410,12598,0.015327
3,5,0.400,0.410,12599,0.015042
3,5,0.400,0.410,12600,0.027316
3,5,0.400,0.410,12601,0.039025
3,5,0.400,0.410,12602,0.026701
3,5,0.400,0.410,12603,0.020328
3,5,0.400,0.410,12604,0.018538
3,5,0.400,0.410,12605,0.019652
3,5,0.400,0.410,12606,0.031658
3,5,0.400,0.410,12607,0.028035
3,5,0.400,0.410,12608,0.010568
3,5,0.400,0.410,12609,0.021418
3,5,0.400,0.410,12610,0.021841
3,5,0.400,0.410,12611,0.008592
3,5,0.400,0.410,12612,0.019815
3,5,0.400,0.410,12613,0.020232
3,5,0.400,0.410,12614,0.013731
3,5,0.400,0.410,12615,0.011403
3,5,0.400,0.410,12616,0.022871
3,5,0.400,0.410,12617,0.015837
3,5,0.400,0.410,12618,0.005206
3,5,0.400,0.410,12619,0.011481
3,5,0.400,0.410,12620,0.017320
3,5,0.400,0.410,12621,0.004923
3,5,0.400,0.410,12622,-0.002884
3,5,0.400,0.410,12623,0.008880
3,5,0.400,0.410,12624,0.015598
3,5,0.400,0.410,12625,0.018213
3,5,0.400,0.410,12626,0.003507
3,5,0.400,0.410,12627,0.001743
3,5,0.400,0.410,12628,0.017611
3,5,0.400,0.410,12629,0.000669
3,5,0.400,0.410,12630,-0.009563
3,5,0.400,0.410,12631,0.005911
3,5,0.400,0.410,12632,0.009963
3,5,0.400,0.410,12633,-0.002017
3,5,0.400,0.410,12634,-0.002515
3,5,0.400,0.410,12635,0.009028
3,5,0.400,0.410,12636,0.017768
3,5,0.400,0.410,12637,0.008860
3,5,0.400,0.410,12638,-0.005802
3,5,0.400,0.410,12639,0.005842
3,5,0.400,0.410,12640,0.011599
3,5,0.400,0.410,12641,0.014077
3,5,0.400,0.410,12642,0.002691
3,5,0.400,0.410,12643,-0.002581
3,5,0.400,0.410,12644,0.016481
3,5,0.400,0.410,12645,0.021479
3,5,0.400,0.410,12646,-0.006321
3,5,0.400,0.410,12647,-0.011658
3,5,0.400,0.410,12648,0.009351
3,5,0.400,0.410,12649,0.005992
3,5,0.400,0.410,12650,-0.003353
3,5,0.400,0.410,12651,-0.007540
3,5,0.400,0.410,12652,-0.004809
3,5,0.400,0.410,12653,0.007761
3,5,0.400,0.410,12654,0.008336
3,5,0.400,0.410,12655,-0.015066
3,5,0.400,0.410,12656,-0.006915
3,5,0.400,0.410,12657,0.013469
3,5,0.400,0.410,12658,0.017551
3,5,0.400,0.410,12659,-0.010536
3,5,0.400,0.410,12660,-0.020603
3,5,0.400,0.410,12661,-0.004533
3,5,0.400,0.410,12662,-0.004822
3,5,0.400,0.410,12663,-0.013002
3,5,0.400,0.410,12664,-0.027212
3,5,0.400,0.410,12665,-0.019698
3,5,0.400,0.410,12666,0.001780
3,5,0.400,0.410,12667,-0.010439
3,5,0.400,0.410,12668,-0.026383
3,5,0.400,0.410,12669,-0.020177
3,5,0.400,0.410,12670,-0.010536
3,5,0.400,0.410,12671,-0.003405
3,5,0.400,0.410,12672,-0.008642
3,5,0.400,0.410,12673,-0.008835
3,5,0.400,0.410,12674,-0.001693
3,5,0.400,0.410,12675,0.002122
3,5,0.400,0.410,12676,0.005862
3,5,0.400,0.410,12677,-0.001270
3,5,0.400,0.410,12678,0.000724
3,5,0.400,0.410,12679,0.000604
3,5,0.400,0.410,12680,-0.001591
3,5,0.400,0.410,12681,-0.017057
3,5,0.400,0.410,12682,-0.013743
3,5,0.400,0.410,12683,0.004412
3,5,0.400,0.410,12684,-0.002632
3,5,0.400,0.410,12685,-0.001224
3,5,0.400,0.410,12686,-0.013209
3,5,0.400,0.410,12687,-0.005369
3,5,0.400,0.410,12688,0.011583
3,5,0.400,0.410,12689,-0.013624
3,5,0.400,0.410,12690,-0.009971
3,5,0.400,0.410,12691,0.008406
3,5,0.400,0.410,12692,0.007329
3,5,0.400,0.410,12693,-0.007463
3,5,0.400,0.410,12694,-0.013223
3,5,0.400,0.410,12695,0.018358
3,5,0.400,0.410,12696,0.020245
3,5,0.400,0.410,12697,-0.006738
3,5,0.400,0.410,12698,-0.017958
3,5,0.400,0.410,12699,0.009399
3,5,0.400,0.410,12700,0.016094
3,5,0.400,0.410,12701,-0.016183
3,5,0.400,0.410,12702,-0.017625
3,5,0.400,0.410,12703,0.014683
3,5,0.400,0.410,12704,0.029886
3,5,0.400,0.410,12705,-0.004169
3,5,0.400,0.410,12706,-0.010439
3,5,0.400,0.410,12707,0.019073
3,5,0.400,0.410,12708,0.037831
3,5,0.400,0.410,12709,0.004700
3,5,0.400,0.410,12710,-0.014544
3,5,0.400,0.410,12711,0.017120
3,5,0.400,0.410,12712,0.027144
3,5,0.400,0.410,12713,0.016906
3,5,0.400,0.410,12714,-0.005586
3,5,0.400,0.410,12715,0.008138
3,5,0.400,0.410,12716,0.022078
3,5,0.400,0.410,12717,0.020102
3,5,0.400,0.410,12718,-0.000035
3,5,0.400,0.410,12719,0.002409
3,5,0.400,0.410,12720,0.027915
3,5,0.400,0.410,12721,0.030040
3,5,0.400,0.410,12722,0.011312
3,5,0.400,0.410,12723,0.002648
3,5,0.400,0.410,12724,0.008630
3,5,0.400,0.410,12725,0.017453
3,5,0.400,0.410,12726,0.028323
3,5,0.400,0.410,12727,0.012221
3,5,0.400,0.410,12728,-0.000044
3,5,0.400,0.410,12729,0.011732
3,5,0.400,0.410,12730,0.024091
3,5,0.400,0.410,12731,0.017932
3,5,0.400,0.410,12732,0.000812
3,5,0.400,0.410,12733,-0.000622
3,5,0.400,0.410,12734,0.014993
3,5,0.400,0.410,12735,0.015212
3,5,0.400,0.410,12736,-0.009043
3,5,0.400,0.410,12737,-0.003895
3,5,0.400,0.410,12738,0.014130
3,5,0.400,0.410,12739,0.022375
3,5,0.400,0.410,12740,0.012269
3,5,0.400,0.410,12741,0.003640
3,5,0.400,0.410,12742,0.010223
3,5,0.400,0.410,12743,0.013544
3,5,0.400,0.410,12744,0.017725
3,5,0.400,0.410,12745,0.005270
3,5,0.400,0.410,12746,-0.002963
3,5,0.400,0.410,12747,0.004040
3,5,0.400,0.410,12748,0.014908
3,5,0.400,0.410,12749,0.002630
3,5,0.400,0.410,12750,-0.000878
3,5,0.400,0.410,12751,0.000018
3,5,0.400,0.410,12752,0.006125
3,5,0.400,0.410,12753,0.005485
3,5,0.400,0.410,12754,0.004667
3,5,0.400,0.410,12755,0.004517
3,5,0.400,0.410,12756,0.004077
3,5,0.400,0.410,12757,0.000586
3,5,0.400,0.410,12758,-0.015732
3,5,0.400,0.410,12759,-0.004090
3,5,0.400,0.410,12760,0.002095
3,5,0.400,0.410,12761,0.010012
3,5,0.400,0.410,12762,-0.005175
3,5,0.400,0.410,12763,-0.012700
3,5,0.400,0.410,12764,-0.006561
3,5,0.400,0.410,12765,0.002729
3,5,0.400,0.410,12766,-0.003676
3,5,0.400,0.410,12767,-0.018606
3,5,0.400,0.410,12768,-0.013381
3,5,0.400,0.410,12769,-0.004614
3,5,0.400,0.410,12770,-0.013767
3,5,0.400,0.410,12771,-0.028565
3,5,0.400,0.410,12772,-0.013776
3,5,0.400,0.410,12773,-0.001163
3,5,0.400,0.410,12774,0.003522
3,5,0.400,0.410,12775,-0.020920
3,5,0.400,0.410,12776,-0.029549
3,5,0.400,0.410,12777,-0.013458
3,5,0.400,0.410,12778,-0.000408
3,5,0.400,0.410,12779,-0.016073
3,5,0.400,0.410,12780,-0.037795
3,5,0.400,0.410,12781,-0.022111
3,5,0.400,0.410,12782,-0.000180
3,5,0.400,0.410,12783,-0.016577
3,5,0.400,0.410,12784,-0.039531
3,5,0.400,0.410,12785,-0.034155
3,5,0.400,0.410,12786,-0.004416
3,5,0.400,0.410,12787,-0.004440
3,5,0.400,0.410,12788,-0.034563
3,5,0.400,0.410,12789,-0.031798
3,5,0.400,0.410,12790,-0.010493
3,5,0.400,0.410,12791,-0.014332
3,5,0.400,0.410,12792,-0.014937
3,5,0.400,0.410,12793,-0.023462
3,5,0.400,0.410,12794,-0.026154
3,5,0.400,0.410,12795,-0.010058
3,5,0.400,0.410,12796,-0.007008
3,5,0.400,0.410,12797,-0.017541
3,5,0.400,0.410,12798,-0.019491
3,5,0.400,0.410,12799,-0.006098
3,5,0.400,0.410,12800,-0.010954
3,5,0.400,0.410,12801,-0.015226
3,5,0.400,0.410,12802,-0.016249
3,5,0.400,0.410,12803,-0.011607
3,5,0.400,0.410,12804,0.003186
3,5,0.400,0.410,12805,-0.011446
3,5,0.400,0.410,12806,-0.007191
3,5,0.400,0.410,12807,-0.007288
3,5,0.400,0.410,12808,0.000399
3,5,0.400,0.410,12809,-0.008774
3,5,0.400,0.410,12810,-0.013601
3,5,0.400,0.410,12811,-0.003110
3,5,0.400,0.410,12812,-0.005670
3,5,0.400,0.410,12813,-0.023981
3,5,0.400,0.410,12814,-0.017781
3,5,0.400,0.410,12815,0.001200
3,5,0.400,0.410,12816,-0.006738
3,5,0.400,0.410,12817,-0.029281
3,5,0.400,0.410,12818,-0.010125
3,5,0.400,0.410,12819,0.009738
3,5,0.400,0.410,12820,-0.001240
3,5,0.400,0.410,12821,-0.017637
3,5,0.400,0.410,12822,-0.010782
3,5,0.400,0.410,12823,-0.001548
3,5,0.400,0.410,12824,-0.005230
3,5,0.400,0.410,12825,-0.019222
3,5,0.400,0.410,12826,-0.021010
3,5,0.400,0.410,12827,-0.020434
3,5,0.400,0.410,12828,-0.024532
3,5,0.400,0.410,12829,-0.026978
3,5,0.400,0.410,12830,-0.020027
3,5,0.400,0.410,12831,-0.011529
3,5,0.400,0.410,12832,-0.009657
3,5,0.400,0.410,12833,-0.008433
3,5,0.400,0.410,12834,-0.019823
3,5,0.400,0.410,12835,-0.002095
3,5,0.400,0.410,12836,0.001534
3,5,0.400,0.410,12837,-0.007321
3,5,0.400,0.410,12838,0.002740
3,5,0.400,0.410,12839,0.005968
3,5,0.400,0.410,12840,-0.005242
3,5,0.400,0.410,12841,-0.019151
3,5,0.400,0.410,12842,-0.012888
3,5,0.400,0.410,12843,0.006542
3,5,0.400,0.410,12844,0.007281
3,5,0.400,0.410,12845,-0.004093
3,5,0.400,0.410,12846,-0.006350
3,5,0.400,0.410,12847,0.003397
3,5,0.400,0.410,12848,-0.008880
3,5,0.400,0.410,12849,-0.023072
3,5,0.400,0.410,12850,-0.010537
3,5,0.400,0.410,12851,0.009540
3,5,0.400,0.410,12852,0.005962
3,5,0.400,0.410,12853,-0.004394
3,5,0.400,0.410,12854,-0.000407
3,5,0.400,0.410,12855,0.004591
3,5,0.400,0.410,12856,0.013369
3,5,0.400,0.410,12857,0.009666
3,5,0.400,0.410,12858,-0.008646
3,5,0.400,0.410,12859,0.007638
3,5,0.400,0.410,12860,0.021293
3,5,0.400,0.410,12861,-0.003335
3,5,0.400,0.410,12862,-0.008713
3,5,0.400,0.410,12863,0.014578
3,5,0.400,0.410,12864,0.023722
3,5,0.400,0.410,12865,0.002134
3,5,0.400,0.410,12866,-0.018329
3,5,0.400,0.410,12867,-0.012023
3,5,0.400,0.410,12868,0.014549
3,5,0.400,0.410,12869,0.009345
3,5,0.400,0.410,12870,-0.013877
3,5,0.400,0.410,12871,-0.009772
3,5,0.400,0.410,12872,0.003592
3,5,0.400,0.410,12873,0.018322
3,5,0.400,0.410,12874,-0.003083
3,5,0.400,0.410,12875,-0.023338
3,5,0.400,0.410,12876,-0.004395
3,5,0.400,0.410,12877,0.020854
3,5,0.400,0.410,12878,0.001431
3,5,0.400,0.410,12879,-0.020873
3,5,0.400,0.410,12880,-0.008396
3,5,0.400,0.410,12881,0.012260
3,5,0.400,0.410,12882,0.010772
3,5,0.400,0.410,12883,-0.018102
3,5,0.400,0.410,12884,-0.015319
3,5,0.400,0.410,12885,0.007610
3,5,0.400,0.410,12886,0.014931
3,5,0.400,0.410,12887,-0.005572
3,5,0.400,0.410,12888,-0.034080
3,5,0.400,0.410,12889,-0.010232
3,5,0.400,0.410,12890,0.010937
3,5,0.400,0.410,12891,0.001642
3,5,0.400,0.410,12892,-0.023618
3,5,0.400,0.410,12893,-0.005975
3,5,0.400,0.410,12894,0.024473
3,5,0.400,0.410,12895,0.012640
3,5,0.400,0.410,12896,-0.019681
3,5,0.400,0.410,12897,-0.020533
3,5,0.400,0.410,12898,-0.003199
3,5,0.400,0.410,12899,0.005690
3,5,0.400,0.410,12900,-0.010920
3,5,0.400,0.410,12901,-0.028244
3,5,0.400,0.410,12902,-0.010746
3,5,0.400,0.410,12903,0.000082
3,5,0.400,0.410,12904,-0.003967
3,5,0.400,0.410,12905,-0.018309
3,5,0.400,0.410,12906,-0.019835
3,5,0.400,0.410,12907,-0.008683
3,5,0.400,0.410,12908,-0.004089
3,5,0.400,0.410,12909,-0.027194
3,5,0.400,0.410,12910,-0.029883
3,5,0.400,0.410,12911,-0.004615
3,5,0.400,0.410,12912,-0.009125
3,5,0.400,0.410,12913,-0.017802
3,5,0.400,0.410,12914,-0.016217
3,5,0.400,0.410,12915,-0.019525
3,5,0.400,0.410,12916,-0.002624
3,5,0.400,0.410,12917,-0.004512
3,5,0.400,0.410,12918,-0.021438
3,5,0.400,0.410,12919,-0.017906
3,5,0.400,0.410,12920,-0.007364
3,5,0.400,0.410,12921,-0.022195
3,5,0.400,0.410,12922,-0.026123
3,5,0.400,0.410,12923,-0.015957
3,5,0.400,0.410,12924,-0.010936
3,5,0.400,0.410,12925,-0.018804
3,5,0.400,0.410,12926,-0.016509
3,5,0.400,0.410,12927,-0.010755
3,5,0.400,0.410,12928,-0.008084
3,5,0.400,0.410,12929,-0.016382
3,5,0.400,0.410,12930,-0.013879
3,5,0.400,0.410,12931,-0.012862
3,5,0.400,0.410,12932,-0.013961
3,5,0.400,0.410,12933,-0.009150
3,5,0.400,0.410,12934,-0.019083
3,5,0.400,0.410,12935,-0.018301
3,5,0.400,0.410,12936,-0.024429
3,5,0.400,0.410,12937,-0.028217
3,5,0.400,0.410,12938,-0.015790
3,5,0.400,0.410,12939,-0.018228
3,5,0.400,0.410,12940,-0.037530
3,5,0.400,0.410,12941,-0.022869
3,5,0.400,0.410,12942,-0.010832
3,5,0.400,0.410,12943,-0.023952
3,5,0.400,0.410,12944,-0.013576
3,5,0.400,0.410,12945,-0.027859
3,5,0.400,0.410,12946,-0.021525
3,5,0.400,0.410,12947,-0.000687
3,5,0.400,0.410,12948,-0.015697
3,5,0.400,0.410,12949,-0.032065
3,5,0.400,0.410,12950,-0.031751
3,5,0.400,0.410,12951,-0.013251
3,5,0.400,0.410,12952,-0.024407
3,5,0.400,0.410,12953,-0.033754
3,5,0.400,0.410,12954,-0.023895
3,5,0.400,0.410,12955,-0.021048
3,5,0.400,0.410,12956,-0.022432
3,5,0.400,0.410,12957,-0.010314
3,5,0.400,0.410,12958,-0.015653
3,5,0.400,0.410,12959,-0.032842
3,5,0.400,0.410,12960,-0.016712
3,5,0.400,0.410,12961,-0.011590
3,5,0.400,0.410,12962,-0.023370
3,5,0.400,0.410,12963,-0.037326
3,5,0.400,0.410,12964,-0.023572
3,5,0.400,0.410,12965,-0.014591
3,5,0.400,0.410,12966,-0.007960
3,5,0.400,0.410,12967,-0.024566
3,5,0.400,0.410,12968,-0.036767
3,5,0.400,0.410,12969,-0.021019
3,5,0.400,0.410,12970,-0.010596
3,5,0.400,0.410,12971,-0.023049
3,5,0.400,0.410,12972,-0.039219
3,5,0.400,0.410,12973,-0.021304
3,5,0.400,0.410,12974,-0.008752
3,5,0.400,0.410,12975,-0.024403
3,5,0.400,0.410,12976,-0.050494
3,5,0.400,0.410,12977,-0.035986
3,5,0.400,0.410,12978,-0.010457
3,5,0.400,0.410,12979,-0.020205
3,5,0.400,0.410,12980,-0.034848
3,5,0.400,0.410,12981,-0.038336
3,5,0.400,0.410,12982,-0.010939
3,5,0.400,0.410,12983,-0.002012
3,5,0.400,0.410,12984,-0.033163
3,5,0.400,0.410,12985,-0.041609
3,5,0.400,0.410,12986,-0.005194
3,5,0.400,0.410,12987,-0.003316
3,5,0.400,0.410,12988,-0.018076
3,5,0.400,0.410,12989,-0.034211
3,5,0.400,0.410,12990,-0.011483
3,5,0.400,0.410,12991,-0.005183
3,5,0.400,0.410,12992,-0.029012
3,5,0.400,0.410,12993,-0.031076
3,5,0.400,0.410,12994,-0.008171
3,5,0.400,0.410,12995,0.002154
3,5,0.400,0.410,12996,-0.008094
3,5,0.400,0.410,12997,-0.017486
3,5,0.400,0.410,12998,-0.016038
3,5,0.400,0.410,12999,0.003643
3,5,0.400,0.410,13000,0.004261
3,5,6.000,6.010,10001,0.003048
3,5,6.000,6.010,10002,0.019401
3,5,6.000,6.010,10003,0.002119
3,5,6.000,6.010,10004,0.008591
3,5,6.000,6.010,10005,-0.012609
3,5,6.000,6.010,10006,-0.009477
3,5,6.000,6.010,10007,0.005557
3,5,6.000,6.010,10008,-0.008576
3,5,6.000,6.010,10009,0.000910
3,5,6.000,6.010,10010,0.023564
3,5,6.000,6.010,10011,0.006345
3,5,6.000,6.010,10012,-0.018074
3,5,6.000,6.010,10013,0.013242
3,5,6.000,6.010,10014,-0.029694
3,5,6.000,6.010,10015,0.004770
3,5,6.000,6.010,10016,-0.018390
3,5,6.000,6.010,10017,0.006130
3,5,6.000,6.010,10018,-0.007627
3,5,6.000,6.010,10019,0.014597
3,5,6.000,6.010,10020,-0.006915
3,5,6.000,6.010,10021,-0.009535
3,5,6.000,6.010,10022,0.000277
3,5,6.000,6.010,10023,0.001601
3,5,6.000,6.010,10024,-0.022662
3,5,6.000,6.010,10025,0.003837
3,5,6.000,6.010,10026,0.012391
3,5,6.000,6.010,10027,0.002881
3,5,6.000,6.010,10028,0.005039
3,5,6.000,6.010,10029,-0.025970
3,5,6.000,6.010,10030,-0.006053
3,5,6.000,6.010,10031,-0.016102
3,5,6.000,6.010,10032,-0.004791
3,5,6.000,6.010,10033,0.001454
3,5,6.000,6.010,10034,0.013129
3,5,6.000,6.010,10035,0.013346
3,5,6.000,6.010,10036,-0.017237
3,5,6.000,6.010,10037,0.008811
3,5,6.000,6.010,10038,0.014519
3,5,6.000,6.010,10039,0.016670
3,5,6.000,6.010,10040,0.005413
3,5,6.000,6.010,10041,0.007487
3,5,6.000,6.010,10042,-0.002516
3,5,6.000,6.010,10043,0.004906
3,5,6.000,6.010,10044,0.007354
3,5,6.000,6.010,10045,0.004418
3,5,6.000,6.010,10046,0.004937
3,5,6.000,6.010,10047,0.042862
3,5,6.000,6.010,10048,-0.004575
3,5,6.000,6.010,10049,-0.008872
3,5,6.000,6.010,10050,0.020743
3,5,6.000,6.010,10051,-0.016179
3,5,6.000,6.010,10052,-0.000581
3,5,6.000,6.010,10053,-0.031812
3,5,6.000,6.010,10054,0.006632
3,5,6.000,6.010,10055,0.003280
3,5,6.000,6.010,10056,-0.017304
3,5,6.000,6.010,10057,0.005030
3,5,6.000,6.010,10058,0.003234
3,5,6.000,6.010,10059,0.016846
3,5,6.000,6.010,10060,0.004850
3,5,6.000,6.010,10061,-0.021126
3,5,6.000,6.010,10062,-0.007658
3,5,6.000,6.010,10063,-0.004260
3,5,6.000,6.010,10064,-0.026295
3,5,6.000,6.010,10065,0.009812
3,5,6.000,6.010,10066,-0.025128
3,5,6.000,6.010,10067,0.006426
3,5,6.000,6.010,10068,-0.041671
3,5,6.000,6.010,10069,-0.003035
3,5,6.000,6.010,10070,0.023495
3,5,6.000,6.010,10071,0.017465
3,5,6.000,6.010,10072,-0.020674
3,5,6.000,6.010,10073,0.001959
3,5,6.000,6.010,10074,-0.001437
3,5,6.000,6.010,10075,0.014479
3,5,6.000,6.010,10076,0.018003
3,5,6.000,6.010,10077,0.018676
3,5,6.000,6.010,10078,-0.009420
3,5,6.000,6.010,10079,0.003352
3,5,6.000,6.010,10080,0.005211
3,5,6.000,6.010,10081,-0.010654
3,5,6.000,6.010,10082,-0.007464
3,5,6.000,6.010,10083,0.012637
3,5,6.000,6.010,10084,0.007154
3,5,6.000,6.010,10085,0.019179
3,5,6.000,6.010,10086,0.020966
3,5,6.000,6.010,10087,-0.004424
3,5,6.000,6.010,10088,0.014646
3,5,6.000,6.010,10089,0.007291
3,5,6.000,6.010,10090,0.017159
3,5,6.000,6.010,10091,-0.010293
3,5,6.000,6.010,10092,-0.028796
3,5,6.000,6.010,10093,0.001790
3,5,6.000,6.010,10094,-0.024036
3,5,6.000,6.010,10095,-0.025273
3,5,6.000,6.010,10096,-0.012261
3,5,6.000,6.010,10097,0.016097
3,5,6.000,6.010,10098,0.010463
3,5,6.000,6.010,10099,0.000833
3,5,6.000,6.010,10100,0.013493
3,5,6.000,6.010,10101,-0.003966
3,5,6.000,6.010,10102,0.000077
3,5,6.000,6.010,10103,-0.023283
3,5,6.000,6.010,10104,0.006194
3,5,6.000,6.010,10105,-0.009722
3,5,6.000,6.010,10106,0.043385
3,5,6.000,6.010,10107,0.013212
3,5,6.000,6.010,10108,-0.022699
3,5,6.000,6.010,10109,0.001016
3,5,6.000,6.010,10110,0.014116
3,5,6.000,6.010,10111,0.004318
3,5,6.000,6.010,10112,-0.008921
3,5,6.000,6.010,10113,0.019642
3,5,6.000,6.010,10114,0.009911
3,5,6.000,6.010,10115,-0.002546
3,5,6.000,6.010,10116,-0.028803
3,5,6.000,6.010,10117,0.017962
3,5,6.000,6.010,10118,-0.011423
3,5,6.000,6.010,10119,0.021853
3,5,6.000,6.010,10120,0.017716
3,5,6.000,6.010,10121,0.000494
3,5,6.000,6.010,10122,0.026576
3,5,6.000,6.010,10123,-0.002658
3,5,6.000,6.010,10124,0.015827
3,5,6.000,6.010,10125,-0.019932
3,5,6.000,6.010,10126,0.009972
3,5,6.000,6.010,10127,0.020596
3,5,6.000,6.010,10128,0.016695
3,5,6.000,6.010,10129,-0.003967
3,5,6.000,6.010,10130,-0.024020
3,5,6.000,6.010,10131,-0.002205
3,5,6.000,6.010,10132,-0.011453
3,5,6.000,6.010,10133,-0.017025
3,5,6.000,6.010,10134,0.008388
3,5,6.000,6.010,10135,0.007298
3,5,6.000,6.010,10136,-0.001775
3,5,6.000,6.010,10137,-0.010013
3,5,6.000,6.010,10138,0.027455
3,5,6.000,6.010,10139,0.010075
3,5,6.000,6.010,10140,-0.006404
3,5,6.000,6.010,10141,-0.018001
3,5,6.000,6.010,10142,-0.031892
3,5,6.000,6.010,10143,0.017197
3,5,6.000,6.010,10144,0.004014
3,5,6.000,6.010,10145,-0.000034
3,5,6.000,6.010,10146,-0.008175
3,5,6.000,6.010,10147,0.014008
3,5,6.000,6.010,10148,-0.021780
3,5,6.000,6.010,10149,-0.009761
3,5,6.000,6.010,10150,-0.004473
3,5,6.000,6.010,10151,0.002693
3,5,6.000,6.010,10152,0.015362
3,5,6.000,6.010,10153,-0.030538
3,5,6.000,6.010,10154,0.013186
3,5,6.000,6.010,10155,-0.018515
3,5,6.000,6.010,10156,0.004720
3,5,6.000,6.010,10157,-0.014250
3,5,6.000,6.010,10158,-0.000798
3,5,6.000,6.010,10159,0.004900
3,5,6.000,6.010,10160,-0.008803
3,5,6.000,6.010,10161,0.002040
3,5,6.000,6.010,10162,-0.004858
3,5,6.000,6.010,10163,0.002392
3,5,6.000,6.010,10164,0.011041
3,5,6.000,6.010,10165,0.009121
3,5,6.000,6.010,10166,0.025390
3,5,6.000,6.010,10167,-0.022359
3,5,6.000,6.010,10168,-0.010680
3,5,6.000,6.010,10169,0.028865
3,5,6.000,6.010,10170,0.035550
3,5,6.000,6.010,10171,-0.024238
3,5,6.000,6.010,10172,-0.018261
3,5,6.000,6.010,10173,0.018488
3,5,6.000,6.010,10174,-0.015007
3,5,6.000,6.010,10175,-0.012464
3,5,6.000,6.010,10176,-0.006238
3,5,6.000,6.010,10177,-0.011052
3,5,6.000,6.010,10178,-0.003475
3,5,6.000,6.010,10179,0.030214
3,5,6.000,6.010,10180,-0.027397
3,5,6.000,6.010,10181,0.002316
3,5,6.000,6.010,10182,-0.004362
3,5,6.000,6.010,10183,-0.007229
3,5,6.000,6.010,10184,0.017016
3,5,6.000,6.010,10185,-0.014270
3,5,6.000,6.010,10186,0.000033
3,5,6.000,6.010,10187,-0.011807
3,5,6.000,6.010,10188,0.019066
3,5,6.000,6.010,10189,0.003675
3,5,6.000,6.010,10190,-0.005770
3,5,6.000,6.010,10191,-0.000844
3,5,6.000,6.010,10192,0.006027
3,5,6.000,6.010,10193,0.029021
3,5,6.000,6.010,10194,-0.037342
3,5,6.000,6.010,10195,0.000421
3,5,6.000,6.010,10196,-0.009122
3,5,6.000,6.010,10197,0.003199
3,5,6.000,6.010,10198,-0.015475
3,5,6.000,6.010,10199,-0.001712
3,5,6.000,6.010,10200,-0.004897
3,5,6.000,6.010,10201,-0.012217
3,5,6.000,6.010,10202,-0.004766
3,5,6.000,6.010,10203,-0.000751
3,5,6.000,6.010,10204,-0.017478
3,5,6.000,6.010,10205,-0.021532
3,5,6.000,6.010,10206,-0.001585
3,5,6.000,6.010,10207,0.019784
3,5,6.000,6.010,10208,-0.013007
3,5,6.000,6.010,10209,0.024919
3,5,6.000,6.010,10210,0.023262
3,5,6.000,6.010,10211,0.023825
3,5,6.000,6.010,10212,-0.010638
3,5,6.000,6.010,10213,0.002165
3,5,6.000,6.010,10214,0.004601
3,5,6.000,6.010,10215,0.015867
3,5,6.000,6.010,10216,-0.013561
3,5,6.000,6.010,10217,-0.006758
3,5,6.000,6.010,10218,-0.027048
3,5,6.000,6.010,10219,0.020435
3,5,6.000,6.010,10220,0.007993
3,5,6.000,6.010,10221,-0.041515
3,5,6.000,6.010,10222,-0.003443
3,5,6.000,6.010,10223,0.017771
3,5,6.000,6.010,10224,-0.010265
3,5,6.000,6.010,10225,0.014079
3,5,6.000,6.010,10226,-0.001945
3,5,6.000,6.010,10227,-0.016058
3,5,6.000,6.010,10228,0.003578
3,5,6.000,6.010,10229,-0.003682
3,5,6.000,6.010,10230,-0.003721
3,5,6.000,6.010,10231,0.004208
3,5,6.000,6.010,10232,-0.019959
3,5,6.000,6.010,10233,-0.006836
3,5,6.000,6.010,10234,-0.012745
3,5,6.000,6.010,10235,0.012259
3,5,6.000,6.010,10236,-0.006076
3,5,6.000,6.010,10237,-0.012323
3,5,6.000,6.010,10238,0.018103
3,5,6.000,6.010,10239,-0.003252
3,5,6.000,6.010,10240,0.023854
3,5,6.000,6.010,10241,0.010865
3,5,6.000,6.010,10242,-0.002997
3,5,6.000,6.010,10243,-0.012064
3,5,6.000,6.010,10244,0.015306
3,5,6.000,6.010,10245,0.016680
3,5,6.000,6.010,10246,0.007011
3,5,6.000,6.010,10247,-0.003192
3,5,6.000,6.010,10248,0.008522
3,5,6.000,6.010,10249,-0.017002
3,5,6.000,6.010,10250,-0.013769
3,5,6.000,6.010,10251,0.019642
3,5,6.000,6.010,10252,-0.025897
3,5,6.000,6.010,10253,-0.016979
3,5,6.000,6.010,10254,0.011777
3,5,6.000,6.010,10255,-0.004806
3,5,6.000,6.010,10256,-0.001094
3,5,6.000,6.010,10257,-0.031713
3,5,6.000,6.010,10258,0.000552
3,5,6.000,6.010,10259,0.007781
3,5,6.000,6.010,10260,0.006084
3,5,6.000,6.010,10261,-0.006078
3,5,6.000,6.010,10262,-0.025256
3,5,6.000,6.010,10263,-0.022559
3,5,6.000,6.010,10264,-0.002255
3,5,6.000,6.010,10265,0.000900
3,5,6.000,6.010,10266,-0.025255
3,5,6.000,6.010,10267,-0.023835
3,5,6.000,6.010,10268,0.014436
3,5,6.000,6.010,10269,-0.003171
3,5,6.000,6.010,10270,0.012496
3,5,6.000,6.010,10271,0.004041
3,5,6.000,6.010,10272,0.001264
3,5,6.000,6.010,10273,-0.020476
3,5,6.000,6.010,10274,0.032408
3,5,6.000,6.010,10275,-0.009737
3,5,6.000,6.010,10276,-0.025890
3,5,6.000,6.010,10277,-0.014834
3,5,6.000,6.010,10278,0.006027
3,5,6.000,6.010,10279,0.016793
3,5,6.000,6.010,10280,-0.008936
3,5,6.000,6.010,10281,-0.023463
3,5,6.000,6.010,10282,-0.008346
3,5,6.000,6.010,10283,0.003740
3,5,6.000,6.010,10284,0.009174
3,5,6.000,6.010,10285,-0.020905
3,5,6.000,6.010,10286,-0.007760
3,5,6.000,6.010,10287,-0.001953
3,5,6.000,6.010,10288,0.013816
3,5,6.000,6.010,10289,-0.013330
3,5,6.000,6.010,10290,-0.001593
3,5,6.000,6.010,10291,0.032310
3,5,6.000,6.010,10292,-0.025040
3,5,6.000,6.010,10293,0.010900
3,5,6.000,6.010,10294,-0.010769
3,5,6.000,6.010,10295,-0.013331
3,5,6.000,6.010,10296,-0.000975
3,5,6.000,6.010,10297,0.001950
3,5,6.000,6.010,10298,0.007788
3,5,6.000,6.010,10299,0.007879
3,5,6.000,6.010,10300,0.005351
3,5,6.000,6.010,10301,0.000253
3,5,6.000,6.010,10302,0.014398
3,5,6.000,6.010,10303,0.015187
3,5,6.000,6.010,10304,0.009647
3,5,6.000,6.010,10305,0.011874
3,5,6.000,6.010,10306,-0.005454
3,5,6.000,6.010,10307,0.012844
3,5,6.000,6.010,10308,0.036993
3,5,6.000,6.010,10309,-0.025640
3,5,6.000,6.010,10310,-0.005343
3,5,6.000,6.010,10311,-0.010970
3,5,6.000,6.010,10312,-0.030166
3,5,6.000,6.010,10313,0.004925
3,5,6.000,6.010,10314,0.016261
3,5,6.000,6.010,10315,-0.003779
3,5,6.000,6.010,10316,0.011282
3,5,6.000,6.010,10317,0.001697
3,5,6.000,6.010,10318,0.003509
3,5,6.000,6.010,10319,0.017923
3,5,6.000,6.010,10320,0.001873
3,5,6.000,6.010,10321,-0.012429
3,5,6.000,6.010,10322,0.006078
3,5,6.000,6.010,10323,-0.011457
3,5,6.000,6.010,10324,0.029722
3,5,6.000,6.010,10325,-0.018681
3,5,6.000,6.010,10326,-0.018533
3,5,6.000,6.010,10327,-0.004578
3,5,6.000,6.010,10328,-0.006665
3,5,6.000,6.010,10329,-0.023914
3,5,6.000,6.010,10330,0.008709
3,5,6.000,6.010,10331,0.005632
3,5,6.000,6.010,10332,0.007823
3,5,6.000,6.010,10333,0.024949
3,5,6.000,6.010,10334,-0.026202
3,5,6.000,6.010,10335,-0.022563
3,5,6.000,6.010,10336,-0.010753
3,5,6.000,6.010,10337,0.009616
3,5,6.000,6.010,10338,-0.010489
3,5,6.000,6.010,10339,0.015775
3,5,6.000,6.010,10340,0.034180
3,5,6.000,6.010,10341,0.006036
3,5,6.000,6.010,10342,0.006017
3,5,6.000,6.010,10343,0.036935
3,5,6.000,6.010,10344,-0.009787
3,5,6.000,6.010,10345,0.023655
3,5,6.000,6.010,10346,-0.018706
3,5,6.000,6.010,10347,-0.008116
3,5,6.000,6.010,10348,-0.027180
3,5,6.000,6.010,10349,-0.000061
3,5,6.000,6.010,10350,0.031504
3,5,6.000,6.010,10351,0.017260
3,5,6.000,6.010,10352,-0.002410
3,5,6.000,6.010,10353,0.016618
3,5,6.000,6.010,10354,0.015757
3,5,6.000,6.010,10355,-0.011776
3,5,6.000,6.010,10356,0.012682
3,5,6.000,6.010,10357,-0.008096
3,5,6.000,6.010,10358,-0.004393
3,5,6.000,6.010,10359,0.003451
3,5,6.000,6.010,10360,-0.028620
3,5,6.000,6.010,10361,0.001869
3,5,6.000,6.010,10362,0.002337
3,5,6.000,6.010,10363,0.013998
3,5,6.000,6.010,10364,-0.018099
3,5,6.000,6.010,10365,-0.027928
3,5,6.000,6.010,10366,0.017055
3,5,6.000,6.010,10367,0.003049
3,5,6.000,6.010,10368,-0.019196
3,5,6.000,6.010,10369,-0.024179
3,5,6.000,6.010,10370,0.009941
3,5,6.000,6.010,10371,0.004851
3,5,6.000,6.010,10372,-0.000601
3,5,6.000,6.010,10373,-0.017908
3,5,6.000,6.010,10374,0.011683
3,5,6.000,6.010,10375,-0.020815
3,5,6.000,6.010,10376,-0.012361
3,5,6.000,6.010,10377,0.007334
3,5,6.000,6.010,10378,-0.008023
3,5,6.000,6.010,10379,0.009086
3,5,6.000,6.010,10380,0.011088
3,5,6.000,6.010,10381,0.008141
3,5,6.000,6.010,10382,0.010395
3,5,6.000,6.010,10383,0.027384
3,5,6.000,6.010,10384,-0.043523
3,5,6.000,6.010,10385,-0.020545
3,5,6.000,6.010,10386,0.010006
3,5,6.000,6.010,10387,-0.006615
3,5,6.000,6.010,10388,0.003314
3,5,6.000,6.010,10389,0.018583
3,5,6.000,6.010,10390,-0.008815
3,5,6.000,6.010,10391,-0.005461
3,5,6.000,6.010,10392,-0.012148
3,5,6.000,6.010,10393,0.014886
3,5,6.000,6.010,10394,0.008756
3,5,6.000,6.010,10395,0.009320
3,5,6.000,6.010,10396,-0.004321
3,5,6.000,6.010,10397,-0.017426
3,5,6.000,6.010,10398,0.010033
3,5,6.000,6.010,10399,0.009305
3,5,6.000,6.010,10400,-0.010854
3,5,6.000,6.010,10401,0.006440
3,5,6.000,6.010,10402,-0.009041
3,5,6.000,6.010,10403,-0.007049
3,5,6.000,6.010,10404,-0.032237
3,5,6.000,6.010,10405,-0.013724
3,5,6.000,6.010,10406,0.003218
3,5,6.000,6.010,10407,0.005756
3,5,6.000,6.010,10408,-0.002590
3,5,6.000,6.010,10409,-0.006155
3,5,6.000,6.010,10410,-0.006856
3,5,6.000,6.010,10411,0.013286
3,5,6.000,6.010,10412,-0.013241
3,5,6.000,6.010,10413,0.002015
3,5,6.000,6.010,10414,0.035362
3,5,6.000,6.010,10415,-0.014822
3,5,6.000,6.010,10416,0.006631
3,5,6.000,6.010,10417,-0.010744
3,5,6.000,6.010,10418,0.024566
3,5,6.000,6.010,10419,0.005485
3,5,6.000,6.010,10420,0.000530
3,5,6.000,6.010,10421,0.011296
3,5,6.000,6.010,10422,0.006318
3,5,6.000,6.010,10423,0.000929
3,5,6.000,6.010,10424,-0.025833
3,5,6.000,6.010,10425,-0.013011
3,5,6.000,6.010,10426,0.011300
3,5,6.000,6.010,10427,0.012975
3,5,6.000,6.010,10428,-0.006022
3,5,6.000,6.010,10429,0.013220
3,5,6.000,6.010,10430,-0.021290
3,5,6.000,6.010,10431,0.023390
3,5,6.000,6.010,10432,-0.010533
3,5,6.000,6.010,10433,0.004688
3,5,6.000,6.010,10434,-0.021644
3,5,6.000,6.010,10435,-0.011316
3,5,6.000,6.010,10436,0.002229
3,5,6.000,6.010,10437,-0.019118
3,5,6.000,6.010,10438,-0.003588
3,5,6.000,6.010,10439,0.009620
3,5,6.000,6.010,10440,-0.003507
3,5,6.000,6.010,10441,-0.013010
3,5,6.000,6.010,10442,0.018620
3,5,6.000,6.010,10443,0.009397
3,5,6.000,6.010,10444,0.020862
3,5,6.000,6.010,10445,-0.002077
3,5,6.000,6.010,10446,0.020527
3,5,6.000,6.010,10447,-0.000379
3,5,6.000,6.010,10448,-0.026335
3,5,6.000,6.010,10449,0.024260
3,5,6.000,6.010,10450,-0.010744
3,5,6.000,6.010,10451,-0.017969
3,5,6.000,6.010,10452,0.012629
3,5,6.000,6.010,10453,-0.015491
3,5,6.000,6.010,10454,0.004562
3,5,6.000,6.010,10455,-0.021932
3,5,6.000,6.010,10456,-0.003798
3,5,6.000,6.010,10457,-0.005956
3,5,6.000,6.010,10458,0.016720
3,5,6.000,6.010,10459,-0.027410
3,5,6.000,6.010,10460,0.020919
3,5,6.000,6.010,10461,-0.005499
3,5,6.000,6.010,10462,0.010264
3,5,6.000,6.010,10463,-0.015833
3,5,6.000,6.010,10464,-0.010357
3,5,6.000,6.010,10465,0.017533
3,5,6.000,6.010,10466,-0.016722
3,5,6.000,6.010,10467,0.002406
3,5,6.000,6.010,10468,-0.027174
3,5,6.000,6.010,10469,0.001256
3,5,6.000,6.010,10470,-0.024543
3,5,6.000,6.010,10471,0.000086
3,5,6.000,6.010,10472,-0.030395
3,5,6.000,6.010,10473,-0.007962
3,5,6.000,6.010,10474,-0.002764
3,5,6.000,6.010,10475,-0.015762
3,5,6.000,6.010,10476,-0.023014
3,5,6.000,6.010,10477,-0.004479
3,5,6.000,6.010,10478,-0.003764
3,5,6.000,6.010,10479,-0.004933
3,5,6.000,6.010,10480,-0.022099
3,5,6.000,6.010,10481,-0.000838
3,5,6.000,6.010,10482,-0.002943
3,5,6.000,6.010,10483,-0.010487
3,5,6.000,6.010,10484,-0.001897
3,5,6.000,6.010,10485,-0.003592
3,5,6.000,6.010,10486,-0.003562
3,5,6.000,6.010,10487,-0.008572
3,5,6.000,6.010,10488,-0.002050
3,5,6.000,6.010,10489,-0.000730
3,5,6.000,6.010,10490,0.001803
3,5,6.000,6.010,10491,0.000992
3,5,6.000,6.010,10492,0.014960
3,5,6.000,6.010,10493,-0.028525
3,5,6.000,6.010,10494,0.006510
3,5,6.000,6.010,10495,0.019301
3,5,6.000,6.010,10496,0.010692
3,5,6.000,6.010,10497,-0.003665
3,5,6.000,6.010,10498,0.006878
3,5,6.000,6.010,10499,0.003345
3,5,6.000,6.010,10500,-0.005772
3,5,6.000,6.010,10501,-0.009057
3,5,6.000,6.010,10502,-0.007762
3,5,6.000,6.010,10503,0.019712
3,5,6.000,6.010,10504,-0.006723
3,5,6.000,6.010,10505,-0.014066
3,5,6.000,6.010,10506,-0.005257
3,5,6.000,6.010,10507,0.016090
3,5,6.000,6.010,10508,-0.001887
3,5,6.000,6.010,10509,-0.009065
3,5,6.000,6.010,10510,0.003415
3,5,6.000,6.010,10511,-0.025961
3,5,6.000,6.010,10512,-0.001105
3,5,6.000,6.010,10513,0.010030
3,5,6.000,6.010,10514,-0.010183
3,5,6.000,6.010,10515,-0.028622
3,5,6.000,6.010,10516,-0.001116
3,5,6.000,6.010,10517,0.012575
3,5,6.000,6.010,10518,0.017816
3,5,6.000,6.010,10519,0.010639
3,5,6.000,6.010,10520,-0.010999
3,5,6.000,6.010,10521,-0.015256
3,5,6.000,6.010,10522,-0.001350
3,5,6.000,6.010,10523,-0.023543
3,5,6.000,6.010,10524,-0.016597
3,5,6.000,6.010,10525,-0.016444
3,5,6.000,6.010,10526,-0.012850
3,5,6.000,6.010,10527,-0.004936
3,5,6.000,6.010,10528,-0.018455
3,5,6.000,6.010,10529,-0.002803
3,5,6.000,6.010,10530,0.002507
3,5,6.000,6.010,10531,0.009093
3,5,6.000,6.010,10532,-0.003060
3,5,6.000,6.010,10533,-0.003468
3,5,6.000,6.010,10534,0.012451
3,5,6.000,6.010,10535,-0.024167
3,5,6.000,6.010,10536,-0.009007
3,5,6.000,6.010,10537,0.013970
3,5,6.000,6.010,10538,0.032260
3,5,6.000,6.010,10539,-0.012365
3,5,6.000,6.010,10540,0.000570
3,5,6.000,6.010,10541,0.041782
3,5,6.000,6.010,10542,-0.020360
3,5,6.000,6.010,10543,0.014678
3,5,6.000,6.010,10544,-0.017048
3,5,6.000,6.010,10545,-0.014173
3,5,6.000,6.010,10546,-0.010830
3,5,6.000,6.010,10547,-0.020152
3,5,6.000,6.010,10548,-0.008357
3,5,6.000,6.010,10549,0.009733
3,5,6.000,6.010,10550,0.001091
3,5,6.000,6.010,10551,-0.018824
3,5,6.000,6.010,10552,0.003252
3,5,6.000,6.010,10553,-0.030088
3,5,6.000,6.010,10554,0.007266
3,5,6.000,6.010,10555,0.010397
3,5,6.000,6.010,10556,0.002497
3,5,6.000,6.010,10557,0.027971
3,5,6.000,6.010,10558,0.000472
3,5,6.000,6.010,10559,-0.010911
3,5,6.000,6.010,10560,-0.033778
3,5,6.000,6.010,10561,-0.006653
3,5,6.000,6.010,10562,0.014455
3,5,6.000,6.010,10563,-0.012187
3,5,6.000,6.010,10564,0.015543
3,5,6.000,6.010,10565,0.000207
3,5,6.000,6.010,10566,0.029533
3,5,6.000,6.010,10567,0.001881
3,5,6.000,6.010,10568,0.034563
3,5,6.000,6.010,10569,0.019682
3,5,6.000,6.010,10570,-0.004137
3,5,6.000,6.010,10571,-0.019817
3,5,6.000,6.010,10572,0.015234
3,5,6.000,6.010,10573,-0.012535
3,5,6.000,6.010,10574,-0.031649
3,5,6.000,6.010,10575,-0.014424
3,5,6.000,6.010,10576,0.003048
3,5,6.000,6.010,10577,0.021103
3,5,6.000,6.010,10578,0.006337
3,5,6.000,6.010,10579,-0.005579
3,5,6.000,6.010,10580,0.024005
3,5,6.000,6.010,10581,-0.008138
3,5,6.000,6.010,10582,-0.012212
3,5,6.000,6.010,10583,0.025479
3,5,6.000,6.010,10584,0.014904
3,5,6.000,6.010,10585,0.001792
3,5,6.000,6.010,10586,0.028119
3,5,6.000,6.010,10587,-0.007153
3,5,6.000,6.010,10588,0.000893
3,5,6.000,6.010,10589,0.004270
3,5,6.000,6.010,10590,0.022110
3,5,6.000,6.010,10591,-0.016877
3,5,6.000,6.010,10592,0.004170
3,5,6.000,6.010,10593,0.009183
3,5,6.000,6.010,10594,-0.010118
3,5,6.000,6.010,10595,0.016686
3,5,6.000,6.010,10596,0.008073
3,5,6.000,6.010,10597,0.010434
3,5,6.000,6.010,10598,-0.009748
3,5,6.000,6.010,10599,-0.008021
3,5,6.000,6.010,10600,0.025763
3,5,6.000,6.010,10601,0.004073
3,5,6.000,6.010,10602,-0.011670
3,5,6.000,6.010,10603,-0.022603
3,5,6.000,6.010,10604,-0.002364
3,5,6.000,6.010,10605,-0.018973
3,5,6.000,6.010,10606,-0.012203
3,5,6.000,6.010,10607,0.006482
3,5,6.000,6.010,10608,-0.003455
3,5,6.000,6.010,10609,-0.005344
3,5,6.000,6.010,10610,0.012269
3,5,6.000,6.010,10611,-0.032971
3,5,6.000,6.010,10612,-0.016339
3,5,6.000,6.010,10613,-0.027620
3,5,6.000,6.010,10614,0.008438
3,5,6.000,6.010,10615,-0.010660
3,5,6.000,6.010,10616,-0.005829
3,5,6.000,6.010,10617,0.014520
3,5,6.000,6.010,10618,0.000872
3,5,6.000,6.010,10619,0.006334
3,5,6.000,6.010,10620,0.020631
3,5,6.000,6.010,10621,-0.018391
3,5,6.000,6.010,10622,0.026329
3,5,6.000,6.010,10623,0.033251
3,5,6.000,6.010,10624,-0.011259
3,5,6.000,6.010,10625,0.000548
3,5,6.000,6.010,10626,0.025076
3,5,6.000,6.010,10627,0.009120
3,5,6.000,6.010,10628,-0.033920
3,5,6.000,6.010,10629,-0.005051
3,5,6.000,6.010,10630,-0.018077
3,5,6.000,6.010,10631,0.008115
3,5,6.000,6.010,10632,-0.012560
3,5,6.000,6.010,10633,-0.011006
3,5,6.000,6.010,10634,-0.009099
3,5,6.000,6.010,10635,0.000994
3,5,6.000,6.010,10636,0.012536
3,5,6.000,6.010,10637,-0.006356
3,5,6.000,6.010,10638,0.002027
3,5,6.000,6.010,10639,-0.012278
3,5,6.000,6.010,10640,0.003523
3,5,6.000,6.010,10641,0.006544
3,5,6.000,6.010,10642,0.000318
3,5,6.000,6.010,10643,0.009029
3,5,6.000,6.010,10644,-0.019812
3,5,6.000,6.010,10645,0.001319
3,5,6.000,6.010,10646,-0.000788
3,5,6.000,6.010,10647,-0.011735
3,5,6.000,6.010,10648,-0.002578
3,5,6.000,6.010,10649,-0.005748
3,5,6.000,6.010,10650,-0.012880
3,5,6.000,6.010,10651,-0.007445
3,5,6.000,6.010,10652,-0.031036
3,5,6.000,6.010,10653,-0.013643
3,5,6.000,6.010,10654,-0.010935
3,5,6.000,6.010,10655,-0.009307
3,5,6.000,6.010,10656,0.001123
3,5,6.000,6.010,10657,0.006722
3,5,6.000,6.010,10658,-0.021557
3,5,6.000,6.010,10659,-0.038151
3,5,6.000,6.010,10660,0.003576
3,5,6.000,6.010,10661,-0.016038
3,5,6.000,6.010,10662,-0.008634
3,5,6.000,6.010,10663,-0.004885
3,5,6.000,6.010,10664,0.010768
3,5,6.000,6.010,10665,0.011910
3,5,6.000,6.010,10666,-0.018780
3,5,6.000,6.010,10667,0.003474
3,5,6.000,6.010,10668,0.010011
3,5,6.000,6.010,10669,-0.005911
3,5,6.000,6.010,10670,-0.008147
3,5,6.000,6.010,10671,0.015127
3,5,6.000,6.010,10672,0.024926
3,5,6.000,6.010,10673,0.008653
3,5,6.000,6.010,10674,-0.005090
3,5,6.000,6.010,10675,-0.003792
3,5,6.000,6.010,10676,0.011231
3,5,6.000,6.010,10677,0.033175
3,5,6.000,6.010,10678,0.010091
3,5,6.000,6.010,10679,0.001737
3,5,6.000,6.010,10680,-0.001303
3,5,6.000,6.010,10681,-0.016565
3,5,6.000,6.010,10682,-0.040413
3,5,6.000,6.010,10683,-0.020915
3,5,6.000,6.010,10684,0.008693
3,5,6.000,6.010,10685,0.008697
3,5,6.000,6.010,10686,-0.019040
3,5,6.000,6.010,10687,0.014908
3,5,6.000,6.010,10688,0.019222
3,5,6.000,6.010,10689,0.013586
3,5,6.000,6.010,10690,0.011047
3,5,6.000,6.010,10691,-0.004854
3,5,6.000,6.010,10692,-0.008313
3,5,6.000,6.010,10693,-0.024054
3,5,6.000,6.010,10694,-0.035568
3,5,6.000,6.010,10695,0.004905
3,5,6.000,6.010,10696,-0.005782
3,5,6.000,6.010,10697,-0.010838
3,5,6.000,6.010,10698,-0.043780
3,5,6.000,6.010,10699,-0.007283
3,5,6.000,6.010,10700,-0.002256
3,5,6.000,6.010,10701,-0.032926
3,5,6.000,6.010,10702,-0.013781
3,5,6.000,6.010,10703,0.008204
3,5,6.000,6.010,10704,-0.000804
3,5,6.000,6.010,10705,-0.027454
3,5,6.000,6.010,10706,0.019936
3,5,6.000,6.010,10707,-0.011501
3,5,6.000,6.010,10708,-0.014438
3,5,6.000,6.010,10709,-0.001913
3,5,6.000,6.010,10710,0.009069
3,5,6.000,6.010,10711,0.013777
3,5,6.000,6.010,10712,0.004601
3,5,6.000,6.010,10713,0.007038
3,5,6.000,6.010,10714,-0.012619
3,5,6.000,6.010,10715,0.018707
3,5,6.000,6.010,10716,0.010468
3,5,6.000,6.010,10717,0.019718
3,5,6.000,6.010,10718,-0.027204
3,5,6.000,6.010,10719,-0.006977
3,5,6.000,6.010,10720,0.007002
3,5,6.000,6.010,10721,0.004027
3,5,6.000,6.010,10722,0.030007
3,5,6.000,6.010,10723,-0.003524
3,5,6.000,6.010,10724,-0.001470
3,5,6.000,6.010,10725,-0.002781
3,5,6.000,6.010,10726,0.008167
3,5,6.000,6.010,10727,0.004408
3,5,6.000,6.010,10728,0.002573
3,5,6.000,6.010,10729,0.021113
3,5,6.000,6.010,10730,0.001450
3,5,6.000,6.010,10731,-0.009433
3,5,6.000,6.010,10732,-0.011662
3,5,6.000,6.010,10733,0.018704
3,5,6.000,6.010,10734,0.013031
3,5,6.000,6.010,10735,0.020416
3,5,6.000,6.010,10736,0.016179
3,5,6.000,6.010,10737,-0.004002
3,5,6.000,6.010,10738,-0.006529
3,5,6.000,6.010,10739,-0.010785
3,5,6.000,6.010,10740,0.014686
3,5,6.000,6.010,10741,-0.002048
3,5,6.000,6.010,10742,0.022446
3,5,6.000,6.010,10743,0.015619
3,5,6.000,6.010,10744,0.008777
3,5,6.000,6.010,10745,-0.011812
3,5,6.000,6.010,10746,-0.023447
3,5,6.000,6.010,10747,-0.017921
3,5,6.000,6.010,10748,-0.033336
3,5,6.000,6.010,10749,0.027039
3,5,6.000,6.010,10750,-0.016795
3,5,6.000,6.010,10751,0.002021
3,5,6.000,6.010,10752,-0.009580
3,5,6.000,6.010,10753,-0.033017
3,5,6.000,6.010,10754,-0.024177
3,5,6.000,6.010,10755,-0.016503
3,5,6.000,6.010,10756,-0.004661
3,5,6.000,6.010,10757,-0.011756
3,5,6.000,6.010,10758,0.012813
3,5,6.000,6.010,10759,-0.002380
3,5,6.000,6.010,10760,-0.014574
3,5,6.000,6.010,10761,-0.004469
3,5,6.000,6.010,10762,0.005898
3,5,6.000,6.010,10763,-0.003295
3,5,6.000,6.010,10764,-0.009134
3,5,6.000,6.010,10765,-0.013473
3,5,6.000,6.010,10766,0.006980
3,5,6.000,6.010,10767,0.001666
3,5,6.000,6.010,10768,-0.007044
3,5,6.000,6.010,10769,0.021105
3,5,6.000,6.010,10770,-0.003915
3,5,6.000,6.010,10771,0.012365
3,5,6.000,6.010,10772,-0.013400
3,5,6.000,6.010,10773,0.000689
3,5,6.000,6.010,10774,-0.019012
3,5,6.000,6.010,10775,-0.026713
3,5,6.000,6.010,10776,-0.009332
3,5,6.000,6.010,10777,0.008129
3,5,6.000,6.010,10778,0.003947
3,5,6.000,6.010,10779,-0.004217
3,5,6.000,6.010,10780,0.006803
3,5,6.000,6.010,10781,0.002922
3,5,6.000,6.010,10782,0.024069
3,5,6.000,6.010,10783,0.002153
3,5,6.000,6.010,10784,-0.005119
3,5,6.000,6.010,10785,0.001550
3,5,6.000,6.010,10786,-0.001679
3,5,6.000,6.010,10787,-0.013477
3,5,6.000,6.010,10788,0.011060
3,5,6.000,6.010,10789,0.008894
3,5,6.000,6.010,10790,-0.002016
3,5,6.000,6.010,10791,0.005764
3,5,6.000,6.010,10792,0.008064
3,5,6.000,6.010,10793,0.001109
3,5,6.000,6.010,10794,0.023148
3,5,6.000,6.010,10795,0.018123
3,5,6.000,6.010,10796,-0.007894
3,5,6.000,6.010,10797,0.016797
3,5,6.000,6.010,10798,-0.003490
3,5,6.000,6.010,10799,-0.002956
3,5,6.000,6.010,10800,-0.008973
3,5,6.000,6.010,10801,0.021645
3,5,6.000,6.010,10802,0.018334
3,5,6.000,6.010,10803,-0.006395
3,5,6.000,6.010,10804,-0.019581
3,5,6.000,6.010,10805,0.003118
3,5,6.000,6.010,10806,-0.018421
3,5,6.000,6.010,10807,-0.023084
3,5,6.000,6.010,10808,-0.012476
3,5,6.000,6.010,10809,-0.023554
3,5,6.000,6.010,10810,0.002029
3,5,6.000,6.010,10811,-0.009601
3,5,6.000,6.010,10812,0.000247
3,5,6.000,6.010,10813,0.016108
3,5,6.000,6.010,10814,0.018212
3,5,6.000,6.010,10815,0.005652
3,5,6.000,6.010,10816,0.000786
3,5,6.000,6.010,10817,0.016520
3,5,6.000,6.010,10818,0.001618
3,5,6.000,6.010,10819,0.014108
3,5,6.000,6.010,10820,-0.001330
3,5,6.000,6.010,10821,-0.010441
3,5,6.000,6.010,10822,0.002956
3,5,6.000,6.010,10823,-0.021637
3,5,6.000,6.010,10824,-0.004798
3,5,6.000,6.010,10825,-0.000740
3,5,6.000,6.010,10826,0.010364
3,5,6.000,6.010,10827,-0.020665
3,5,6.000,6.010,10828,0.003200
3,5,6.000,6.010,10829,0.008108
3,5,6.000,6.010,10830,-0.008391
3,5,6.000,6.010,10831,-0.008265
3,5,6.000,6.010,10832,0.002038
3,5,6.000,6.010,10833,-0.003682
3,5,6.000,6.010,10834,-0.001296
3,5,6.000,6.010,10835,-0.016568
3,5,6.000,6.010,10836,-0.011009
3,5,6.000,6.010,10837,-0.020489
3,5,6.000,6.010,10838,0.012654
3,5,6.000,6.010,10839,-0.011369
3,5,6.000,6.010,10840,0.033382
3,5,6.000,6.010,10841,-0.013082
3,5,6.000,6.010,10842,-0.005936
3,5,6.000,6.010,10843,0.000974
3,5,6.000,6.010,10844,0.004844
3,5,6.000,6.010,10845,-0.030195
3,5,6.000,6.010,10846,0.021270
3,5,6.000,6.010,10847,0.004823
3,5,6.000,6.010,10848,0.004683
3,5,6.000,6.010,10849,-0.012298
3,5,6.000,6.010,10850,0.020693
3,5,6.000,6.010,10851,-0.002940
3,5,6.000,6.010,10852,-0.010076
3,5,6.000,6.010,10853,0.005132
3,5,6.000,6.010,10854,-0.009761
3,5,6.000,6.010,10855,0.002734
3,5,6.000,6.010,10856,0.012285
3,5,6.000,6.010,10857,0.009344
3,5,6.000,6.010,10858,-0.003745
3,5,6.000,6.010,10859,-0.006311
3,5,6.000,6.010,10860,0.003055
3,5,6.000,6.010,10861,0.006809
3,5,6.000,6.010,10862,0.004186
3,5,6.000,6.010,10863,0.008287
3,5,6.000,6.010,10864,0.032960
3,5,6.000,6.010,10865,-0.003013
3,5,6.000,6.010,10866,0.026238
3,5,6.000,6.010,10867,-0.010910
3,5,6.000,6.010,10868,-0.018642
3,5,6.000,6.010,10869,-0.003897
3,5,6.000,6.010,10870,0.049778
3,5,6.000,6.010,10871,0.005044
3,5,6.000,6.010,10872,-0.017481
3,5,6.000,6.010,10873,-0.025823
3,5,6.000,6.010,10874,-0.007650
3,5,6.000,6.010,10875,0.016027
3,5,6.000,6.010,10876,-0.010902
3,5,6.000,6.010,10877,0.002651
3,5,6.000,6.010,10878,-0.013837
3,5,6.000,6.010,10879,-0.019383
3,5,6.000,6.010,10880,-0.001946
3,5,6.000,6.010,10881,-0.017462
3,5,6.000,6.010,10882,0.000593
3,5,6.000,6.010,10883,-0.016552
3,5,6.000,6.010,10884,-0.002395
3,5,6.000,6.010,10885,-0.005576
3,5,6.000,6.010,10886,-0.004205
3,5,6.000,6.010,10887,-0.017039
3,5,6.000,6.010,10888,-0.020644
3,5,6.000,6.010,10889,0.016127
3,5,6.000,6.010,10890,0.011426
3,5,6.000,6.010,10891,-0.022841
3,5,6.000,6.010,10892,0.021100
3,5,6.000,6.010,10893,-0.005792
3,5,6.000,6.010,10894,-0.021728
3,5,6.000,6.010,10895,0.020632
3,5,6.000,6.010,10896,0.006905
3,5,6.000,6.010,10897,0.020708
3,5,6.000,6.010,10898,0.021958
3,5,6.000,6.010,10899,0.003205
3,5,6.000,6.010,10900,0.013251
3,5,6.000,6.010,10901,-0.008167
3,5,6.000,6.010,10902,-0.004438
3,5,6.000,6.010,10903,0.003235
3,5,6.000,6.010,10904,0.020207
3,5,6.000,6.010,10905,0.019894
3,5,6.000,6.010,10906,-0.006475
3,5,6.000,6.010,10907,0.008694
3,5,6.000,6.010,10908,-0.013581
3,5,6.000,6.010,10909,0.018154
3,5,6.000,6.010,10910,-0.004698
3,5,6.000,6.010,10911,-0.014371
3,5,6.000,6.010,10912,0.019057
3,5,6.000,6.010,10913,-0.019653
3,5,6.000,6.010,10914,0.013841
3,5,6.000,6.010,10915,-0.017070
3,5,6.000,6.010,10916,0.007655
3,5,6.000,6.010,10917,-0.015367
3,5,6.000,6.010,10918,-0.014384
3,5,6.000,6.010,10919,0.026196
3,5,6.000,6.010,10920,-0.015017
3,5,6.000,6.010,10921,0.008553
3,5,6.000,6.010,10922,0.012910
3,5,6.000,6.010,10923,-0.000774
3,5,6.000,6.010,10924,-0.020927
3,5,6.000,6.010,10925,-0.009840
3,5,6.000,6.010,10926,-0.007580
3,5,6.000,6.010,10927,-0.003234
3,5,6.000,6.010,10928,0.007886
3,5,6.000,6.010,10929,-0.023722
3,5,6.000,6.010,10930,0.009814
3,5,6.000,6.010,10931,-0.010888
3,5,6.000,6.010,10932,-0.007660
3,5,6.000,6.010,10933,0.006458
3,5,6.000,6.010,10934,-0.007031
3,5,6.000,6.010,10935,0.002861
3,5,6.000,6.010,10936,0.012771
3,5,6.000,6.010,10937,-0.018495
3,5,6.000,6.010,10938,-0.011082
3,5,6.000,6.010,10939,-0.007029
3,5,6.000,6.010,10940,0.012793
3,5,6.000,6.010,10941,-0.001928
3,5,6.000,6.010,10942,-0.001597
3,5,6.000,6.010,10943,0.011752
3,5,6.000,6.010,10944,-0.014515
3,5,6.000,6.010,10945,0.026869
3,5,6.000,6.010,10946,0.024069
3,5,6.000,6.010,10947,0.026382
3,5,6.000,6.010,10948,-0.015835
3,5,6.000,6.010,10949,-0.003093
3,5,6.000,6.010,10950,-0.004615
3,5,6.000,6.010,10951,-0.004692
3,5,6.000,6.010,10952,-0.007269
3,5,6.000,6.010,10953,0.002014
3,5,6.000,6.010,10954,-0.005005
3,5,6.000,6.010,10955,-0.002135
3,5,6.000,6.010,10956,0.023530
3,5,6.000,6.010,10957,-0.001079
3,5,6.000,6.010,10958,0.006610
3,5,6.000,6.010,10959,-0.006348
3,5,6.000,6.010,10960,-0.020259
3,5,6.000,6.010,10961,0.012201
3,5,6.000,6.010,10962,-0.017341
3,5,6.000,6.010,10963,0.006920
3,5,6.000,6.010,10964,0.011076
3,5,6.000,6.010,10965,0.008354
3,5,6.000,6.010,10966,-0.017689
3,5,6.000,6.010,10967,0.023169
3,5,6.000,6.010,10968,0.007744
3,5,6.000,6.010,10969,0.018293
3,5,6.000,6.010,10970,-0.030608
3,5,6.000,6.010,10971,0.006431
3,5,6.000,6.010,10972,0.003018
3,5,6.000,6.010,10973,-0.015369
3,5,6.000,6.010,10974,0.003869
3,5,6.000,6.010,10975,0.013050
3,5,6.000,6.010,10976,0.001432
3,5,6.000,6.010,10977,0.006744
3,5,6.000,6.010,10978,-0.006041
3,5,6.000,6.010,10979,0.027649
3,5,6.000,6.010,10980,-0.029318
3,5,6.000,6.010,10981,0.012333
3,5,6.000,6.010,10982,0.002662
3,5,6.000,6.010,10983,0.012567
3,5,6.000,6.010,10984,-0.011404
3,5,6.000,6.010,10985,-0.001437
3,5,6.000,6.010,10986,-0.014189
3,5,6.000,6.010,10987,-0.000883
3,5,6.000,6.010,10988,-0.002908
3,5,6.000,6.010,10989,0.013259
3,5,6.000,6.010,10990,0.003412
3,5,6.000,6.010,10991,0.002347
3,5,6.000,6.010,10992,0.004958
3,5,6.000,6.010,10993,-0.015143
3,5,6.000,6.010,10994,-0.007492
3,5,6.000,6.010,10995,0.001232
3,5,6.000,6.010,10996,0.017059
3,5,6.000,6.010,10997,-0.003837
3,5,6.000,6.010,10998,0.004671
3,5,6.000,6.010,10999,-0.019343
3,5,6.000,6.010,11000,-0.012398
3,5,6.000,6.010,11001,0.002235
3,5,6.000,6.010,11002,0.013751
3,5,6.000,6.010,11003,-0.000791
3,5,6.000,6.010,11004,0.000522
3,5,6.000,6.010,11005,0.001566
3,5,6.000,6.010,11006,0.003226
3,5,6.000,6.010,11007,-0.013618
3,5,6.000,6.010,11008,-0.001117
3,5,6.000,6.010,11009,-0.007766
3,5,6.000,6.010,11010,0.006501
3,5,6.000,6.010,11011,0.012343
3,5,6.000,6.010,11012,-0.004651
3,5,6.000,6.010,11013,0.016511
3,5,6.000,6.010,11014,-0.008294
3,5,6.000,6.010,11015,0.012197
3,5,6.000,6.010,11016,0.002053
3,5,6.000,6.010,11017,-0.008248
3,5,6.000,6.010,11018,0.019698
3,5,6.000,6.010,11019,0.016340
3,5,6.000,6.010,11020,-0.009463
3,5,6.000,6.010,11021,0.007658
3,5,6.000,6.010,11022,-0.040010
3,5,6.000,6.010,11023,-0.015137
3,5,6.000,6.010,11024,0.006644
3,5,6.000,6.010,11025,-0.001442
3,5,6.000,6.010,11026,-0.004638
3,5,6.000,6.010,11027,-0.016965
3,5,6.000,6.010,11028,0.036524
3,5,6.000,6.010,11029,0.003922
3,5,6.000,6.010,11030,0.002887
3,5,6.000,6.010,11031,-0.003038
3,5,6.000,6.010,11032,-0.010129
3,5,6.000,6.010,11033,0.003498
3,5,6.000,6.010,11034,-0.018466
3,5,6.000,6.010,11035,-0.001633
3,5,6.000,6.010,11036,-0.030625
3,5,6.000,6.010,11037,0.012707
3,5,6.000,6.010,11038,-0.019408
3,5,6.000,6.010,11039,0.014401
3,5,6.000,6.010,11040,-0.008105
3,5,6.000,6.010,11041,-0.012186
3,5,6.000,6.010,11042,0.011115
3,5,6.000,6.010,11043,-0.002806
3,5,6.000,6.010,11044,0.014712
3,5,6.000,6.010,11045,0.008819
3,5,6.000,6.010,11046,0.017565
3,5,6.000,6.010,11047,0.012834
3,5,6.000,6.010,11048,-0.016797
3,5,6.000,6.010,11049,0.007361
3,5,6.000,6.010,11050,-0.018509
3,5,6.000,6.010,11051,0.026570
3,5,6.000,6.010,11052,0.003262
3,5,6.000,6.010,11053,-0.000350
3,5,6.000,6.010,11054,-0.031402
3,5,6.000,6.010,11055,0.012134
3,5,6.000,6.010,11056,0.012683
3,5,6.000,6.010,11057,-0.017230
3,5,6.000,6.010,11058,0.010454
3,5,6.000,6.010,11059,-0.013280
3,5,6.000,6.010,11060,-0.001839
3,5,6.000,6.010,11061,-0.016581
3,5,6.000,6.010,11062,-0.002378
3,5,6.000,6.010,11063,-0.014518
3,5,6.000,6.010,11064,-0.017357
3,5,6.000,6.010,11065,0.006701
3,5,6.000,6.010,11066,-0.013217
3,5,6.000,6.010,11067,0.017982
3,5,6.000,6.010,11068,0.018022
3,5,6.000,6.010,11069,-0.006511
3,5,6.000,6.010,11070,-0.009965
3,5,6.000,6.010,11071,0.001422
3,5,6.000,6.010,11072,0.011256
3,5,6.000,6.010,11073,0.007964
3,5,6.000,6.010,11074,-0.007087
3,5,6.000,6.010,11075,-0.009641
3,5,6.000,6.010,11076,-0.014022
3,5,6.000,6.010,11077,0.003174
3,5,6.000,6.010,11078,0.014294
3,5,6.000,6.010,11079,0.007681
3,5,6.000,6.010,11080,-0.008282
3,5,6.000,6.010,11081,-0.014283
3,5,6.000,6.010,11082,0.006627
3,5,6.000,6.010,11083,-0.012864
3,5,6.000,6.010,11084,-0.021623
3,5,6.000,6.010,11085,-0.017799
3,5,6.000,6.010,11086,-0.024902
3,5,6.000,6.010,11087,-0.014671
3,5,6.000,6.010,11088,0.010068
3,5,6.000,6.010,11089,-0.006135
3,5,6.000,6.010,11090,0.006538
3,5,6.000,6.010,11091,-0.004822
3,5,6.000,6.010,11092,0.002178
3,5,6.000,6.010,11093,0.005026
3,5,6.000,6.010,11094,-0.019156
3,5,6.000,6.010,11095,-0.017658
3,5,6.000,6.010,11096,-0.013272
3,5,6.000,6.010,11097,0.031963
3,5,6.000,6.010,11098,-0.004714
3,5,6.000,6.010,11099,0.024243
3,5,6.000,6.010,11100,0.002208
3,5,6.000,6.010,11101,0.022651
3,5,6.000,6.010,11102,0.010485
3,5,6.000,6.010,11103,-0.012289
3,5,6.000,6.010,11104,-0.028408
3,5,6.000,6.010,11105,0.024757
3,5,6.000,6.010,11106,-0.018952
3,5,6.000,6.010,11107,-0.008881
3,5,6.000,6.010,11108,-0.000804
3,5,6.000,6.010,11109,0.000731
3,5,6.000,6.010,11110,-0.002239
3,5,6.000,6.010,11111,-0.014618
3,5,6.000,6.010,11112,-0.017212
3,5,6.000,6.010,11113,-0.011164
3,5,6.000,6.010,11114,-0.022637
3,5,6.000,6.010,11115,0.033944
3,5,6.000,6.010,11116,-0.018413
3,5,6.000,6.010,11117,-0.014706
3,5,6.000,6.010,11118,-0.026507
3,5,6.000,6.010,11119,-0.006900
3,5,6.000,6.010,11120,-0.004577
3,5,6.000,6.010,11121,0.007434
3,5,6.000,6.010,11122,0.006087
3,5,6.000,6.010,11123,0.011451
3,5,6.000,6.010,11124,0.006831
3,5,6.000,6.010,11125,0.006030
3,5,6.000,6.010,11126,0.000618
3,5,6.000,6.010,11127,0.015710
3,5,6.000,6.010,11128,0.007688
3,5,6.000,6.010,11129,0.025039
3,5,6.000,6.010,11130,0.006846
3,5,6.000,6.010,11131,-0.002402
3,5,6.000,6.010,11132,-0.010312
3,5,6.000,6.010,11133,-0.002806
3,5,6.000,6.010,11134,0.019818
3,5,6.000,6.010,11135,0.019712
3,5,6.000,6.010,11136,0.016495
3,5,6.000,6.010,11137,-0.019423
3,5,6.000,6.010,11138,-0.014102
3,5,6.000,6.010,11139,0.010497
3,5,6.000,6.010,11140,-0.018634
3,5,6.000,6.010,11141,0.003294
3,5,6.000,6.010,11142,0.006681
3,5,6.000,6.010,11143,0.016328
3,5,6.000,6.010,11144,0.000382
3,5,6.000,6.010,11145,-0.007518
3,5,6.000,6.010,11146,-0.011571
3,5,6.000,6.010,11147,-0.001194
3,5,6.000,6.010,11148,-0.021595
3,5,6.000,6.010,11149,0.010414
3,5,6.000,6.010,11150,0.013068
3,5,6.000,6.010,11151,-0.020546
3,5,6.000,6.010,11152,-0.024405
3,5,6.000,6.010,11153,-0.016459
3,5,6.000,6.010,11154,0.003854
3,5,6.000,6.010,11155,-0.001002
3,5,6.000,6.010,11156,0.006259
3,5,6.000,6.010,11157,-0.015314
3,5,6.000,6.010,11158,0.011548
3,5,6.000,6.010,11159,-0.007561
3,5,6.000,6.010,11160,-0.009852
3,5,6.000,6.010,11161,0.025165
3,5,6.000,6.010,11162,0.019605
3,5,6.000,6.010,11163,-0.012564
3,5,6.000,6.010,11164,-0.005088
3,5,6.000,6.010,11165,-0.016584
3,5,6.000,6.010,11166,-0.010667
3,5,6.000,6.010,11167,-0.030774
3,5,6.000,6.010,11168,-0.005811
3,5,6.000,6.010,11169,0.021221
3,5,6.000,6.010,11170,0.013579
3,5,6.000,6.010,11171,0.027151
3,5,6.000,6.010,11172,0.014113
3,5,6.000,6.010,11173,0.025451
3,5,6.000,6.010,11174,-0.012969
3,5,6.000,6.010,11175,0.023237
3,5,6.000,6.010,11176,0.002198
3,5,6.000,6.010,11177,-0.007477
3,5,6.000,6.010,11178,0.009423
3,5,6.000,6.010,11179,0.017597
3,5,6.000,6.010,11180,-0.022970
3,5,6.000,6.010,11181,0.017691
3,5,6.000,6.010,11182,-0.016895
3,5,6.000,6.010,11183,-0.003603
3,5,6.000,6.010,11184,0.013063
3,5,6.000,6.010,11185,-0.011767
3,5,6.000,6.010,11186,-0.014763
3,5,6.000,6.010,11187,0.005124
3,5,6.000,6.010,11188,-0.002638
3,5,6.000,6.010,11189,0.005560
3,5,6.000,6.010,11190,-0.018021
3,5,6.000,6.010,11191,0.012496
3,5,6.000,6.010,11192,-0.018946
3,5,6.000,6.010,11193,0.027089
3,5,6.000,6.010,11194,0.012484
3,5,6.000,6.010,11195,-0.014320
3,5,6.000,6.010,11196,0.019375
3,5,6.000,6.010,11197,-0.009604
3,5,6.000,6.010,11198,0.008102
3,5,6.000,6.010,11199,0.003128
3,5,6.000,6.010,11200,0.009357
3,5,6.000,6.010,11201,-0.012941
3,5,6.000,6.010,11202,0.006062
3,5,6.000,6.010,11203,0.010543
3,5,6.000,6.010,11204,0.009558
3,5,6.000,6.010,11205,0.001352
3,5,6.000,6.010,11206,-0.000562
3,5,6.000,6.010,11207,0.029717
3,5,6.000,6.010,11208,-0.002105
3,5,6.000,6.010,11209,0.000203
3,5,6.000,6.010,11210,0.003304
3,5,6.000,6.010,11211,0.006673
3,5,6.000,6.010,11212,0.016577
3,5,6.000,6.010,11213,-0.006499
3,5,6.000,6.010,11214,0.015363
3,5,6.000,6.010,11215,-0.024534
3,5,6.000,6.010,11216,0.035757
3,5,6.000,6.010,11217,-0.020303
3,5,6.000,6.010,11218,0.007707
3,5,6.000,6.010,11219,0.008603
3,5,6.000,6.010,11220,-0.013475
3,5,6.000,6.010,11221,0.012646
3,5,6.000,6.010,11222,0.006973
3,5,6.000,6.010,11223,0.018188
3,5,6.000,6.010,11224,-0.011638
3,5,6.000,6.010,11225,-0.003818
3,5,6.000,6.010,11226,-0.008166
3,5,6.000,6.010,11227,0.004518
3,5,6.000,6.010,11228,-0.013549
3,5,6.000,6.010,11229,-0.018988
3,5,6.000,6.010,11230,0.020993
3,5,6.000,6.010,11231,0.021697
3,5,6.000,6.010,11232,-0.013875
3,5,6.000,6.010,11233,-0.010035
3,5,6.000,6.010,11234,0.022620
3,5,6.000,6.010,11235,-0.002719
3,5,6.000,6.010,11236,0.011696
3,5,6.000,6.010,11237,-0.033417
3,5,6.000,6.010,11238,-0.003240
3,5,6.000,6.010,11239,0.006212
3,5,6.000,6.010,11240,0.041570
3,5,6.000,6.010,11241,-0.009018
3,5,6.000,6.010,11242,0.011348
3,5,6.000,6.010,11243,0.004152
3,5,6.000,6.010,11244,-0.021733
3,5,6.000,6.010,11245,-0.004345
3,5,6.000,6.010,11246,0.002014
3,5,6.000,6.010,11247,0.006056
3,5,6.000,6.010,11248,-0.023890
3,5,6.000,6.010,11249,-0.021354
3,5,6.000,6.010,11250,-0.029155
3,5,6.000,6.010,11251,-0.017503
3,5,6.000,6.010,11252,-0.020947
3,5,6.000,6.010,11253,-0.004196
3,5,6.000,6.010,11254,0.000774
3,5,6.000,6.010,11255,-0.010512
3,5,6.000,6.010,11256,0.014224
3,5,6.000,6.010,11257,0.017198
3,5,6.000,6.010,11258,0.017663
3,5,6.000,6.010,11259,0.005576
3,5,6.000,6.010,11260,0.015839
3,5,6.000,6.010,11261,0.005143
3,5,6.000,6.010,11262,-0.011740
3,5,6.000,6.010,11263,-0.030660
3,5,6.000,6.010,11264,-0.042497
3,5,6.000,6.010,11265,0.007429
3,5,6.000,6.010,11266,0.008743
3,5,6.000,6.010,11267,-0.045110
3,5,6.000,6.010,11268,0.013973
3,5,6.000,6.010,11269,0.008624
3,5,6.000,6.010,11270,0.025143
3,5,6.000,6.010,11271,0.000820
3,5,6.000,6.010,11272,0.025239
3,5,6.000,6.010,11273,-0.014401
3,5,6.000,6.010,11274,-0.004094
3,5,6.000,6.010,11275,-0.012714
3,5,6.000,6.010,11276,-0.012498
3,5,6.000,6.010,11277,-0.006992
3,5,6.000,6.010,11278,0.005243
3,5,6.000,6.010,11279,-0.005562
3,5,6.000,6.010,11280,0.008527
3,5,6.000,6.010,11281,0.010275
3,5,6.000,6.010,11282,0.015977
3,5,6.000,6.010,11283,0.021472
3,5,6.000,6.010,11284,-0.024606
3,5,6.000,6.010,11285,0.001340
3,5,6.000,6.010,11286,-0.003645
3,5,6.000,6.010,11287,0.003958
3,5,6.000,6.010,11288,0.003873
3,5,6.000,6.010,11289,-0.013168
3,5,6.000,6.010,11290,0.006110
3,5,6.000,6.010,11291,-0.024263
3,5,6.000,6.010,11292,-0.017390
3,5,6.000,6.010,11293,0.001900
3,5,6.000,6.010,11294,0.006768
3,5,6.000,6.010,11295,0.003097
3,5,6.000,6.010,11296,0.006729
3,5,6.000,6.010,11297,-0.009495
3,5,6.000,6.010,11298,-0.003018
3,5,6.000,6.010,11299,-0.000444
3,5,6.000,6.010,11300,0.007076
3,5,6.000,6.010,11301,-0.030352
3,5,6.000,6.010,11302,0.001934
3,5,6.000,6.010,11303,0.009038
3,5,6.000,6.010,11304,0.020312
3,5,6.000,6.010,11305,-0.011638
3,5,6.000,6.010,11306,-0.018419
3,5,6.000,6.010,11307,0.002340
3,5,6.000,6.010,11308,-0.004947
3,5,6.000,6.010,11309,-0.014361
3,5,6.000,6.010,11310,-0.001295
3,5,6.000,6.010,11311,0.017645
3,5,6.000,6.010,11312,0.003686
3,5,6.000,6.010,11313,0.017117
3,5,6.000,6.010,11314,-0.009823
3,5,6.000,6.010,11315,-0.026484
3,5,6.000,6.010,11316,-0.026024
3,5,6.000,6.010,11317,-0.012133
3,5,6.000,6.010,11318,-0.008701
3,5,6.000,6.010,11319,-0.001631
3,5,6.000,6.010,11320,-0.023527
3,5,6.000,6.010,11321,0.011451
3,5,6.000,6.010,11322,0.027582
3,5,6.000,6.010,11323,-0.021893
3,5,6.000,6.010,11324,-0.022237
3,5,6.000,6.010,11325,0.019021
3,5,6.000,6.010,11326,0.010020
3,5,6.000,6.010,11327,0.022621
3,5,6.000,6.010,11328,0.009448
3,5,6.000,6.010,11329,-0.005669
3,5,6.000,6.010,11330,-0.023904
3,5,6.000,6.010,11331,0.000959
3,5,6.000,6.010,11332,0.007507
3,5,6.000,6.010,11333,-0.022198
3,5,6.000,6.010,11334,-0.013259
3,5,6.000,6.010,11335,-0.016275
3,5,6.000,6.010,11336,0.006596
3,5,6.000,6.010,11337,0.032269
3,5,6.000,6.010,11338,-0.015895
3,5,6.000,6.010,11339,0.004606
3,5,6.000,6.010,11340,-0.005490
3,5,6.000,6.010,11341,-0.012239
3,5,6.000,6.010,11342,0.006940
3,5,6.000,6.010,11343,-0.004688
3,5,6.000,6.010,11344,0.012564
3,5,6.000,6.010,11345,-0.016497
3,5,6.000,6.010,11346,0.010097
3,5,6.000,6.010,11347,0.016807
3,5,6.000,6.010,11348,0.002230
3,5,6.000,6.010,11349,-0.002234
3,5,6.000,6.010,11350,-0.034253
3,5,6.000,6.010,11351,-0.022531
3,5,6.000,6.010,11352,0.000147
3,5,6.000,6.010,11353,-0.012013
3,5,6.000,6.010,11354,-0.015093
3,5,6.000,6.010,11355,-0.013933
3,5,6.000,6.010,11356,-0.004503
3,5,6.000,6.010,11357,0.015587
3,5,6.000,6.010,11358,0.003754
3,5,6.000,6.010,11359,0.003266
3,5,6.000,6.010,11360,-0.033080
3,5,6.000,6.010,11361,-0.009810
3,5,6.000,6.010,11362,-0.017451
3,5,6.000,6.010,11363,-0.009300
3,5,6.000,6.010,11364,-0.017750
3,5,6.000,6.010,11365,-0.021351
3,5,6.000,6.010,11366,-0.028393
3,5,6.000,6.010,11367,-0.017960
3,5,6.000,6.010,11368,0.027144
3,5,6.000,6.010,11369,-0.004228
3,5,6.000,6.010,11370,-0.019961
3,5,6.000,6.010,11371,0.025177
3,5,6.000,6.010,11372,0.008024
3,5,6.000,6.010,11373,0.020026
3,5,6.000,6.010,11374,0.011252
3,5,6.000,6.010,11375,-0.007621
3,5,6.000,6.010,11376,-0.008901
3,5,6.000,6.010,11377,-0.008505
3,5,6.000,6.010,11378,0.027323
3,5,6.000,6.010,11379,0.005739
3,5,6.000,6.010,11380,0.004637
3,5,6.000,6.010,11381,-0.009766
3,5,6.000,6.010,11382,0.000695
3,5,6.000,6.010,11383,0.033830
3,5,6.000,6.010,11384,-0.006437
3,5,6.000,6.010,11385,0.012150
3,5,6.000,6.010,11386,-0.008954
3,5,6.000,6.010,11387,0.024063
3,5,6.000,6.010,11388,0.017234
3,5,6.000,6.010,11389,0.001743
3,5,6.000,6.010,11390,-0.015063
3,5,6.000,6.010,11391,0.006664
3,5,6.000,6.010,11392,-0.011091
3,5,6.000,6.010,11393,-0.005544
3,5,6.000,6.010,11394,-0.026491
3,5,6.000,6.010,11395,-0.021770
3,5,6.000,6.010,11396,0.010033
3,5,6.000,6.010,11397,0.001085
3,5,6.000,6.010,11398,0.010307
3,5,6.000,6.010,11399,0.004882
3,5,6.000,6.010,11400,0.005878
3,5,6.000,6.010,11401,0.009434
3,5,6.000,6.010,11402,0.002299
3,5,6.000,6.010,11403,0.005814
3,5,6.000,6.010,11404,-0.019155
3,5,6.000,6.010,11405,0.019337
3,5,6.000,6.010,11406,-0.003062
3,5,6.000,6.010,11407,-0.010669
3,5,6.000,6.010,11408,-0.017121
3,5,6.000,6.010,11409,0.006276
3,5,6.000,6.010,11410,-0.032475
3,5,6.000,6.010,11411,-0.001461
3,5,6.000,6.010,11412,0.006033
3,5,6.000,6.010,11413,-0.026909
3,5,6.000,6.010,11414,0.011519
3,5,6.000,6.010,11415,0.001455
3,5,6.000,6.010,11416,0.011585
3,5,6.000,6.010,11417,-0.013827
3,5,6.000,6.010,11418,0.034904
3,5,6.000,6.010,11419,0.013238
3,5,6.000,6.010,11420,-0.006344
3,5,6.000,6.010,11421,-0.006087
3,5,6.000,6.010,11422,-0.009671
3,5,6.000,6.010,11423,-0.005783
3,5,6.000,6.010,11424,0.017033
3,5,6.000,6.010,11425,0.014732
3,5,6.000,6.010,11426,0.013570
3,5,6.000,6.010,11427,0.009353
3,5,6.000,6.010,11428,0.018399
3,5,6.000,6.010,11429,-0.001585
3,5,6.000,6.010,11430,0.007254
3,5,6.000,6.010,11431,0.012145
3,5,6.000,6.010,11432,0.005493
3,5,6.000,6.010,11433,0.003238
3,5,6.000,6.010,11434,-0.004953
3,5,6.000,6.010,11435,-0.008707
3,5,6.000,6.010,11436,-0.010801
3,5,6.000,6.010,11437,0.007745
3,5,6.000,6.010,11438,-0.009259
3,5,6.000,6.010,11439,-0.001140
3,5,6.000,6.010,11440,-0.007082
3,5,6.000,6.010,11441,0.013924
3,5,6.000,6.010,11442,-0.032303
3,5,6.000,6.010,11443,0.000463
3,5,6.000,6.010,11444,-0.005229
3,5,6.000,6.010,11445,-0.016766
3,5,6.000,6.010,11446,-0.010708
3,5,6.000,6.010,11447,0.005476
3,5,6.000,6.010,11448,-0.000807
3,5,6.000,6.010,11449,0.027519
3,5,6.000,6.010,11450,-0.028584
3,5,6.000,6.010,11451,-0.008783
3,5,6.000,6.010,11452,0.014090
3,5,6.000,6.010,11453,0.020767
3,5,6.000,6.010,11454,0.030761
3,5,6.000,6.010,11455,0.026526
3,5,6.000,6.010,11456,-0.023604
3,5,6.000,6.010,11457,0.015211
3,5,6.000,6.010,11458,0.014097
3,5,6.000,6.010,11459,-0.002956
3,5,6.000,6.010,11460,0.025833
3,5,6.000,6.010,11461,-0.006290
3,5,6.000,6.010,11462,0.010679
3,5,6.000,6.010,11463,0.021801
3,5,6.000,6.010,11464,-0.016784
3,5,6.000,6.010,11465,-0.026285
3,5,6.000,6.010,11466,-0.025718
3,5,6.000,6.010,11467,-0.009126
3,5,6.000,6.010,11468,0.002949
3,5,6.000,6.010,11469,0.006151
3,5,6.000,6.010,11470,-0.013092
3,5,6.000,6.010,11471,-0.012358
3,5,6.000,6.010,11472,0.005576
3,5,6.000,6.010,11473,-0.018673
3,5,6.000,6.010,11474,-0.002945
3,5,6.000,6.010,11475,-0.001773
3,5,6.000,6.010,11476,0.021267
3,5,6.000,6.010,11477,0.029887
3,5,6.000,6.010,11478,0.013570
3,5,6.000,6.010,11479,-0.039767
3,5,6.000,6.010,11480,-0.001784
3,5,6.000,6.010,11481,-0.002611
3,5,6.000,6.010,11482,-0.025641
3,5,6.000,6.010,11483,0.002815
3,5,6.000,6.010,11484,0.006754
3,5,6.000,6.010,11485,0.007106
3,5,6.000,6.010,11486,0.002293
3,5,6.000,6.010,11487,0.005945
3,5,6.000,6.010,11488,-0.012539
3,5,6.000,6.010,11489,-0.021310
3,5,6.000,6.010,11490,0.020737
3,5,6.000,6.010,11491,-0.011499
3,5,6.000,6.010,11492,-0.017339
3,5,6.000,6.010,11493,0.033315
3,5,6.000,6.010,11494,0.005196
3,5,6.000,6.010,11495,0.016342
3,5,6.000,6.010,11496,0.003271
3,5,6.000,6.010,11497,0.006451
3,5,6.000,6.010,11498,-0.027790
3,5,6.000,6.010,11499,-0.003260
3,5,6.000,6.010,11500,-0.019986
3,5,6.000,6.010,11501,-0.007112
3,5,6.000,6.010,11502,-0.015185
3,5,6.000,6.010,11503,-0.018309
3,5,6.000,6.010,11504,0.003343
3,5,6.000,6.010,11505,-0.012483
3,5,6.000,6.010,11506,0.014729
3,5,6.000,6.010,11507,-0.018365
3,5,6.000,6.010,11508,0.021685
3,5,6.000,6.010,11509,-0.005303
3,5,6.000,6.010,11510,-0.003995
3,5,6.000,6.010,11511,0.009983
3,5,6.000,6.010,11512,0.005349
3,5,6.000,6.010,11513,0.006712
3,5,6.000,6.010,11514,-0.007228
3,5,6.000,6.010,11515,-0.013044
3,5,6.000,6.010,11516,-0.000159
3,5,6.000,6.010,11517,-0.011831
3,5,6.000,6.010,11518,0.008077
3,5,6.000,6.010,11519,0.011330
3,5,6.000,6.010,11520,0.015818
3,5,6.000,6.010,11521,0.044998
3,5,6.000,6.010,11522,0.013998
3,5,6.000,6.010,11523,0.000824
3,5,6.000,6.010,11524,-0.017838
3,5,6.000,6.010,11525,0.012521
3,5,6.000,6.010,11526,-0.009044
3,5,6.000,6.010,11527,-0.007996
3,5,6.000,6.010,11528,-0.000162
3,5,6.000,6.010,11529,-0.015149
3,5,6.000,6.010,11530,0.004976
3,5,6.000,6.010,11531,0.024920
3,5,6.000,6.010,11532,-0.011121
3,5,6.000,6.010,11533,-0.007200
3,5,6.000,6.010,11534,-0.018168
3,5,6.000,6.010,11535,-0.019469
3,5,6.000,6.010,11536,0.000075
3,5,6.000,6.010,11537,-0.013805
3,5,6.000,6.010,11538,0.003710
3,5,6.000,6.010,11539,0.007621
3,5,6.000,6.010,11540,0.000067
3,5,6.000,6.010,11541,-0.009164
3,5,6.000,6.010,11542,0.017305
3,5,6.000,6.010,11543,0.000927
3,5,6.000,6.010,11544,-0.029192
3,5,6.000,6.010,11545,-0.015844
3,5,6.000,6.010,11546,-0.005323
3,5,6.000,6.010,11547,0.016830
3,5,6.000,6.010,11548,0.024295
3,5,6.000,6.010,11549,-0.013422
3,5,6.000,6.010,11550,0.021228
3,5,6.000,6.010,11551,-0.002710
3,5,6.000,6.010,11552,-0.031677
3,5,6.000,6.010,11553,-0.007110
3,5,6.000,6.010,11554,-0.011688
3,5,6.000,6.010,11555,-0.000836
3,5,6.000,6.010,11556,-0.019382
3,5,6.000,6.010,11557,-0.017298
3,5,6.000,6.010,11558,-0.010851
3,5,6.000,6.010,11559,-0.002764
3,5,6.000,6.010,11560,0.025109
3,5,6.000,6.010,11561,-0.019958
3,5,6.000,6.010,11562,-0.008538
3,5,6.000,6.010,11563,-0.010674
3,5,6.000,6.010,11564,0.005651
3,5,6.000,6.010,11565,-0.015763
3,5,6.000,6.010,11566,-0.012964
3,5,6.000,6.010,11567,-0.001690
3,5,6.000,6.010,11568,0.004880
3,5,6.000,6.010,11569,-0.017912
3,5,6.000,6.010,11570,-0.001966
3,5,6.000,6.010,11571,-0.015768
3,5,6.000,6.010,11572,0.024914
3,5,6.000,6.010,11573,0.025734
3,5,6.000,6.010,11574,0.008734
3,5,6.000,6.010,11575,-0.015276
3,5,6.000,6.010,11576,-0.019031
3,5,6.000,6.010,11577,-0.006326
3,5,6.000,6.010,11578,-0.015370
3,5,6.000,6.010,11579,-0.009532
3,5,6.000,6.010,11580,0.017062
3,5,6.000,6.010,11581,-0.007258
3,5,6.000,6.010,11582,-0.029367
3,5,6.000,6.010,11583,0.010974
3,5,6.000,6.010,11584,-0.014484
3,5,6.000,6.010,11585,0.022622
3,5,6.000,6.010,11586,-0.031852
3,5,6.000,6.010,11587,-0.006875
3,5,6.000,6.010,11588,-0.014749
3,5,6.000,6.010,11589,-0.004397
3,5,6.000,6.010,11590,-0.011570
3,5,6.000,6.010,11591,0.000793
3,5,6.000,6.010,11592,-0.002787
3,5,6.000,6.010,11593,0.009119
3,5,6.000,6.010,11594,-0.007571
3,5,6.000,6.010,11595,-0.005866
3,5,6.000,6.010,11596,0.012017
3,5,6.000,6.010,11597,0.005060
3,5,6.000,6.010,11598,-0.004439
3,5,6.000,6.010,11599,-0.008580
3,5,6.000,6.010,11600,-0.023305
3,5,6.000,6.010,11601,-0.001620
3,5,6.000,6.010,11602,-0.010310
3,5,6.000,6.010,11603,0.007916
3,5,6.000,6.010,11604,-0.018492
3,5,6.000,6.010,11605,-0.008576
3,5,6.000,6.010,11606,0.012631
3,5,6.000,6.010,11607,-0.010357
3,5,6.000,6.010,11608,0.012647
3,5,6.000,6.010,11609,0.000838
3,5,6.000,6.010,11610,-0.012070
3,5,6.000,6.010,11611,-0.008017
3,5,6.000,6.010,11612,0.025107
3,5,6.000,6.010,11613,-0.002301
3,5,6.000,6.010,11614,-0.052804
3,5,6.000,6.010,11615,-0.003731
3,5,6.000,6.010,11616,-0.017671
3,5,6.000,6.010,11617,0.012793
3,5,6.000,6.010,11618,-0.001390
3,5,6.000,6.010,11619,0.012718
3,5,6.000,6.010,11620,0.018239
3,5,6.000,6.010,11621,-0.010711
3,5,6.000,6.010,11622,-0.007203
3,5,6.000,6.010,11623,0.012008
3,5,6.000,6.010,11624,0.016629
3,5,6.000,6.010,11625,-0.043490
3,5,6.000,6.010,11626,-0.009870
3,5,6.000,6.010,11627,0.002567
3,5,6.000,6.010,11628,0.001728
3,5,6.000,6.010,11629,-0.002938
3,5,6.000,6.010,11630,-0.016139
3,5,6.000,6.010,11631,0.002224
3,5,6.000,6.010,11632,-0.017317
3,5,6.000,6.010,11633,-0.005355
3,5,6.000,6.010,11634,0.011122
3,5,6.000,6.010,11635,-0.019646
3,5,6.000,6.010,11636,0.026351
3,5,6.000,6.010,11637,-0.018903
3,5,6.000,6.010,11638,0.014220
3,5,6.000,6.010,11639,-0.009058
3,5,6.000,6.010,11640,0.025861
3,5,6.000,6.010,11641,0.022386
3,5,6.000,6.010,11642,0.012560
3,5,6.000,6.010,11643,-0.015267
3,5,6.000,6.010,11644,-0.000864
3,5,6.000,6.010,11645,0.011024
3,5,6.000,6.010,11646,-0.004981
3,5,6.000,6.010,11647,-0.037676
3,5,6.000,6.010,11648,-0.020120
3,5,6.000,6.010,11649,-0.005743
3,5,6.000,6.010,11650,-0.031928
3,5,6.000,6.010,11651,0.012509
3,5,6.000,6.010,11652,-0.000605
3,5,6.000,6.010,11653,0.020906
3,5,6.000,6.010,11654,-0.015761
3,5,6.000,6.010,11655,-0.017538
3,5,6.000,6.010,11656,0.011310
3,5,6.000,6.010,11657,-0.005919
3,5,6.000,6.010,11658,0.017615
3,5,6.000,6.010,11659,-0.006547
3,5,6.000,6.010,11660,-0.007237
3,5,6.000,6.010,11661,0.012390
3,5,6.000,6.010,11662,-0.029161
3,5,6.000,6.010,11663,0.013512
3,5,6.000,6.010,11664,0.030383
3,5,6.000,6.010,11665,-0.009486
3,5,6.000,6.010,11666,-0.021678
3,5,6.000,6.010,11667,0.001353
3,5,6.000,6.010,11668,-0.019058
3,5,6.000,6.010,11669,-0.000962
3,5,6.000,6.010,11670,0.006086
3,5,6.000,6.010,11671,-0.006578
3,5,6.000,6.010,11672,-0.010195
3,5,6.000,6.010,11673,-0.006766
3,5,6.000,6.010,11674,0.013308
3,5,6.000,6.010,11675,0.015506
3,5,6.000,6.010,11676,0.012932
3,5,6.000,6.010,11677,-0.003005
3,5,6.000,6.010,11678,0.006959
3,5,6.000,6.010,11679,-0.011462
3,5,6.000,6.010,11680,0.008622
3,5,6.000,6.010,11681,-0.003583
3,5,6.000,6.010,11682,0.014811
3,5,6.000,6.010,11683,-0.000077
3,5,6.000,6.010,11684,0.027109
3,5,6.000,6.010,11685,-0.027969
3,5,6.000,6.010,11686,0.017364
3,5,6.000,6.010,11687,-0.000904
3,5,6.000,6.010,11688,0.006106
3,5,6.000,6.010,11689,0.002759
3,5,6.000,6.010,11690,-0.001085
3,5,6.000,6.010,11691,-0.004820
3,5,6.000,6.010,11692,-0.018116
3,5,6.000,6.010,11693,-0.008782
3,5,6.000,6.010,11694,-0.024923
3,5,6.000,6.010,11695,-0.014047
3,5,6.000,6.010,11696,0.015362
3,5,6.000,6.010,11697,-0.005263
3,5,6.000,6.010,11698,-0.002567
3,5,6.000,6.010,11699,0.005505
3,5,6.000,6.010,11700,-0.025456
3,5,6.000,6.010,11701,-0.012404
3,5,6.000,6.010,11702,0.001951
3,5,6.000,6.010,11703,0.005433
3,5,6.000,6.010,11704,-0.003509
3,5,6.000,6.010,11705,0.030067
3,5,6.000,6.010,11706,-0.012453
3,5,6.000,6.010,11707,0.002862
3,5,6.000,6.010,11708,-0.005555
3,5,6.000,6.010,11709,0.020524
3,5,6.000,6.010,11710,0.009094
3,5,6.000,6.010,11711,0.013576
3,5,6.000,6.010,11712,-0.014085
3,5,6.000,6.010,11713,-0.037021
3,5,6.000,6.010,11714,-0.021423
3,5,6.000,6.010,11715,-0.016344
3,5,6.000,6.010,11716,-0.008938
3,5,6.000,6.010,11717,0.001004
3,5,6.000,6.010,11718,-0.022748
3,5,6.000,6.010,11719,0.001916
3,5,6.000,6.010,11720,0.007639
3,5,6.000,6.010,11721,0.024233
3,5,6.000,6.010,11722,0.018358
3,5,6.000,6.010,11723,0.013092
3,5,6.000,6.010,11724,0.027743
3,5,6.000,6.010,11725,0.010760
3,5,6.000,6.010,11726,0.034360
3,5,6.000,6.010,11727,-0.000301
3,5,6.000,6.010,11728,-0.008458
3,5,6.000,6.010,11729,-0.011163
3,5,6.000,6.010,11730,0.000893
3,5,6.000,6.010,11731,0.017896
3,5,6.000,6.010,11732,-0.012407
3,5,6.000,6.010,11733,0.007850
3,5,6.000,6.010,11734,-0.025012
3,5,6.000,6.010,11735,0.020090
3,5,6.000,6.010,11736,0.024562
3,5,6.000,6.010,11737,0.000354
3,5,6.000,6.010,11738,0.008236
3,5,6.000,6.010,11739,0.018436
3,5,6.000,6.010,11740,-0.014877
3,5,6.000,6.010,11741,0.005420
3,5,6.000,6.010,11742,-0.011784
3,5,6.000,6.010,11743,0.027500
3,5,6.000,6.010,11744,-0.020974
3,5,6.000,6.010,11745,-0.005190
3,5,6.000,6.010,11746,-0.016506
3,5,6.000,6.010,11747,-0.005051
3,5,6.000,6.010,11748,-0.005768
3,5,6.000,6.010,11749,0.016800
3,5,6.000,6.010,11750,0.006905
3,5,6.000,6.010,11751,0.001566
3,5,6.000,6.010,11752,0.021319
3,5,6.000,6.010,11753,-0.016076
3,5,6.000,6.010,11754,-0.023915
3,5,6.000,6.010,11755,0.006880
3,5,6.000,6.010,11756,-0.016924
3,5,6.000,6.010,11757,0.003672
3,5,6.000,6.010,11758,0.013027
3,5,6.000,6.010,11759,0.025990
3,5,6.000,6.010,11760,-0.018958
3,5,6.000,6.010,11761,0.000431
3,5,6.000,6.010,11762,-0.010545
3,5,6.000,6.010,11763,0.024124
3,5,6.000,6.010,11764,0.026041
3,5,6.000,6.010,11765,-0.000317
3,5,6.000,6.010,11766,0.027631
3,5,6.000,6.010,11767,-0.010341
3,5,6.000,6.010,11768,-0.004024
3,5,6.000,6.010,11769,0.024330
3,5,6.000,6.010,11770,0.007365
3,5,6.000,6.010,11771,-0.007507
3,5,6.000,6.010,11772,0.000431
3,5,6.000,6.010,11773,-0.025039
3,5,6.000,6.010,11774,0.008233
3,5,6.000,6.010,11775,0.008612
3,5,6.000,6.010,11776,-0.025891
3,5,6.000,6.010,11777,-0.006925
3,5,6.000,6.010,11778,-0.027107
3,5,6.000,6.010,11779,0.008699
3,5,6.000,6.010,11780,-0.012569
3,5,6.000,6.010,11781,-0.007752
3,5,6.000,6.010,11782,0.011366
3,5,6.000,6.010,11783,-0.013977
3,5,6.000,6.010,11784,0.012211
3,5,6.000,6.010,11785,-0.018716
3,5,6.000,6.010,11786,0.022915
3,5,6.000,6.010,11787,-0.006050
3,5,6.000,6.010,11788,-0.016915
3,5,6.000,6.010,11789,-0.003696
3,5,6.000,6.010,11790,0.015950
3,5,6.000,6.010,11791,-0.006585
3,5,6.000,6.010,11792,0.010170
3,5,6.000,6.010,11793,0.019924
3,5,6.000,6.010,11794,-0.023500
3,5,6.000,6.010,11795,0.002801
3,5,6.000,6.010,11796,0.000665
3,5,6.000,6.010,11797,-0.010162
3,5,6.000,6.010,11798,0.035066
3,5,6.000,6.010,11799,0.019132
3,5,6.000,6.010,11800,-0.002260
3,5,6.000,6.010,11801,-0.018081
3,5,6.000,6.010,11802,0.004297
3,5,6.000,6.010,11803,0.005616
3,5,6.000,6.010,11804,-0.004523
3,5,6.000,6.010,11805,-0.003894
3,5,6.000,6.010,11806,0.012610
3,5,6.000,6.010,11807,-0.007435
3,5,6.000,6.010,11808,0.001642
3,5,6.000,6.010,11809,0.010251
3,5,6.000,6.010,11810,0.008366
3,5,6.000,6.010,11811,-0.009800
3,5,6.000,6.010,11812,-0.009983
3,5,6.000,6.010,11813,0.005743
3,5,6.000,6.010,11814,0.019518
3,5,6.000,6.010,11815,-0.022492
3,5,6.000,6.010,11816,0.018705
3,5,6.000,6.010,11817,0.001107
3,5,6.000,6.010,11818,-0.011500
3,5,6.000,6.010,11819,-0.016281
3,5,6.000,6.010,11820,-0.008027
3,5,6.000,6.010,11821,-0.012432
3,5,6.000,6.010,11822,-0.015242
3,5,6.000,6.010,11823,-0.002037
3,5,6.000,6.010,11824,0.005996
3,5,6.000,6.010,11825,-0.007165
3,5,6.000,6.010,11826,0.003585
3,5,6.000,6.010,11827,-0.006342
3,5,6.000,6.010,11828,0.000597
3,5,6.000,6.010,11829,0.031605
3,5,6.000,6.010,11830,-0.003030
3,5,6.000,6.010,11831,-0.003156
3,5,6.000,6.010,11832,0.026435
3,5,6.000,6.010,11833,0.007148
3,5,6.000,6.010,11834,0.025592
3,5,6.000,6.010,11835,0.005943
3,5,6.000,6.010,11836,-0.001640
3,5,6.000,6.010,11837,0.008711
3,5,6.000,6.010,11838,-0.016983
3,5,6.000,6.010,11839,-0.002185
3,5,6.000,6.010,11840,0.017842
3,5,6.000,6.010,11841,-0.027117
3,5,6.000,6.010,11842,-0.044025
3,5,6.000,6.010,11843,-0.014560
3,5,6.000,6.010,11844,0.000900
3,5,6.000,6.010,11845,-0.002981
3,5,6.000,6.010,11846,0.019154
3,5,6.000,6.010,11847,0.023552
3,5,6.000,6.010,11848,0.005660
3,5,6.000,6.010,11849,0.006124
3,5,6.000,6.010,11850,0.010449
3,5,6.000,6.010,11851,-0.003625
3,5,6.000,6.010,11852,0.016698
3,5,6.000,6.010,11853,-0.018030
3,5,6.000,6.010,11854,0.007791
3,5,6.000,6.010,11855,-0.006529
3,5,6.000,6.010,11856,-0.000824
3,5,6.000,6.010,11857,0.022353
3,5,6.000,6.010,11858,-0.002883
3,5,6.000,6.010,11859,-0.008269
3,5,6.000,6.010,11860,0.015668
3,5,6.000,6.010,11861,0.012557
3,5,6.000,6.010,11862,-0.025496
3,5,6.000,6.010,11863,-0.013446
3,5,6.000,6.010,11864,-0.007757
3,5,6.000,6.010,11865,0.000415
3,5,6.000,6.010,11866,0.013638
3,5,6.000,6.010,11867,-0.003537
3,5,6.000,6.010,11868,0.006742
3,5,6.000,6.010,11869,0.006486
3,5,6.000,6.010,11870,0.026523
3,5,6.000,6.010,11871,0.005071
3,5,6.000,6.010,11872,0.001353
3,5,6.000,6.010,11873,-0.016224
3,5,6.000,6.010,11874,0.024465
3,5,6.000,6.010,11875,0.010004
3,5,6.000,6.010,11876,0.001982
3,5,6.000,6.010,11877,0.009540
3,5,6.000,6.010,11878,0.016851
3,5,6.000,6.010,11879,-0.007986
3,5,6.000,6.010,11880,0.030920
3,5,6.000,6.010,11881,0.013307
3,5,6.000,6.010,11882,-0.009377
3,5,6.000,6.010,11883,0.003102
3,5,6.000,6.010,11884,-0.012321
3,5,6.000,6.010,11885,-0.022053
3,5,6.000,6.010,11886,-0.017779
3,5,6.000,6.010,11887,0.006596
3,5,6.000,6.010,11888,-0.003812
3,5,6.000,6.010,11889,0.001887
3,5,6.000,6.010,11890,0.017240
3,5,6.000,6.010,11891,0.009452
3,5,6.000,6.010,11892,-0.019008
3,5,6.000,6.010,11893,-0.005366
3,5,6.000,6.010,11894,-0.004337
3,5,6.000,6.010,11895,-0.028333
3,5,6.000,6.010,11896,-0.009323
3,5,6.000,6.010,11897,0.005120
3,5,6.000,6.010,11898,-0.006774
3,5,6.000,6.010,11899,-0.000398
3,5,6.000,6.010,11900,0.007486
3,5,6.000,6.010,11901,-0.008295
3,5,6.000,6.010,11902,-0.006543
3,5,6.000,6.010,11903,-0.007115
3,5,6.000,6.010,11904,-0.008789
3,5,6.000,6.010,11905,0.012512
3,5,6.000,6.010,11906,0.014907
3,5,6.000,6.010,11907,-0.002752
3,5,6.000,6.010,11908,-0.002752
3,5,6.000,6.010,11909,-0.006893
3,5,6.000,6.010,11910,0.007062
3,5,6.000,6.010,11911,-0.019134
3,5,6.000,6.010,11912,-0.024537
3,5,6.000,6.010,11913,-0.015526
3,5,6.000,6.010,11914,0.019692
3,5,6.000,6.010,11915,-0.003723
3,5,6.000,6.010,11916,-0.005580
3,5,6.000,6.010,11917,-0.001509
3,5,6.000,6.010,11918,-0.002556
3,5,6.000,6.010,11919,-0.015091
3,5,6.000,6.010,11920,-0.002893
3,5,6.000,6.010,11921,-0.013078
3,5,6.000,6.010,11922,-0.028196
3,5,6.000,6.010,11923,0.003360
3,5,6.000,6.010,11924,-0.008173
3,5,6.000,6.010,11925,0.017662
3,5,6.000,6.010,11926,0.009921
3,5,6.000,6.010,11927,-0.020876
3,5,6.000,6.010,11928,-0.016155
3,5,6.000,6.010,11929,-0.025917
3,5,6.000,6.010,11930,0.015714
3,5,6.000,6.010,11931,-0.016553
3,5,6.000,6.010,11932,-0.021403
3,5,6.000,6.010,11933,0.021638
3,5,6.000,6.010,11934,-0.009718
3,5,6.000,6.010,11935,0.001009
3,5,6.000,6.010,11936,-0.008158
3,5,6.000,6.010,11937,-0.001554
3,5,6.000,6.010,11938,-0.009921
3,5,6.000,6.010,11939,0.006962
3,5,6.000,6.010,11940,-0.012659
3,5,6.000,6.010,11941,-0.000386
3,5,6.000,6.010,11942,0.001293
3,5,6.000,6.010,11943,-0.027138
3,5,6.000,6.010,11944,0.016400
3,5,6.000,6.010,11945,-0.003045
3,5,6.000,6.010,11946,-0.029523
3,5,6.000,6.010,11947,0.005022
3,5,6.000,6.010,11948,-0.014712
3,5,6.000,6.010,11949,-0.003237
3,5,6.000,6.010,11950,0.013007
3,5,6.000,6.010,11951,0.024717
3,5,6.000,6.010,11952,0.007783
3,5,6.000,6.010,11953,0.011154
3,5,6.000,6.010,11954,0.003991
3,5,6.000,6.010,11955,0.026263
3,5,6.000,6.010,11956,0.021700
3,5,6.000,6.010,11957,-0.024165
3,5,6.000,6.010,11958,0.016512
3,5,6.000,6.010,11959,-0.008508
3,5,6.000,6.010,11960,0.000107
3,5,6.000,6.010,11961,-0.005071
3,5,6.000,6.010,11962,0.003162
3,5,6.000,6.010,11963,-0.008887
3,5,6.000,6.010,11964,-0.003305
3,5,6.000,6.010,11965,0.019862
3,5,6.000,6.010,11966,0.023998
3,5,6.000,6.010,11967,-0.003270
3,5,6.000,6.010,11968,-0.017467
3,5,6.000,6.010,11969,-0.021246
3,5,6.000,6.010,11970,-0.002029
3,5,6.000,6.010,11971,0.020100
3,5,6.000,6.010,11972,-0.009800
3,5,6.000,6.010,11973,0.027052
3,5,6.000,6.010,11974,0.000416
3,5,6.000,6.010,11975,-0.014406
3,5,6.000,6.010,11976,0.016081
3,5,6.000,6.010,11977,0.001038
3,5,6.000,6.010,11978,0.007803
3,5,6.000,6.010,11979,0.000884
3,5,6.000,6.010,11980,-0.031636
3,5,6.000,6.010,11981,-0.013463
3,5,6.000,6.010,11982,0.016193
3,5,6.000,6.010,11983,-0.010682
3,5,6.000,6.010,11984,0.020511
3,5,6.000,6.010,11985,0.001907
3,5,6.000,6.010,11986,0.004920
3,5,6.000,6.010,11987,0.007199
3,5,6.000,6.010,11988,0.027010
3,5,6.000,6.010,11989,-0.019248
3,5,6.000,6.010,11990,0.007795
3,5,6.000,6.010,11991,0.000387
3,5,6.000,6.010,11992,0.000391
3,5,6.000,6.010,11993,0.009847
3,5,6.000,6.010,11994,-0.002141
3,5,6.000,6.010,11995,-0.040495
3,5,6.000,6.010,11996,0.010077
3,5,6.000,6.010,11997,-0.040810
3,5,6.000,6.010,11998,0.000220
3,5,6.000,6.010,11999,0.006357
3,5,6.000,6.010,12000,0.009368
3,5,6.000,6.010,12001,0.033989
3,5,6.000,6.010,12002,-0.014751
3,5,6.000,6.010,12003,-0.010197
3,5,6.000,6.010,12004,-0.010714
3,5,6.000,6.010,12005,-0.011341
3,5,6.000,6.010,12006,-0.006456
3,5,6.000,6.010,12007,-0.010897
3,5,6.000,6.010,12008,-0.027939
3,5,6.000,6.010,12009,-0.007112
3,5,6.000,6.010,12010,0.008551
3,5,6.000,6.010,12011,-0.010389
3,5,6.000,6.010,12012,0.009892
3,5,6.000,6.010,12013,0.006906
3,5,6.000,6.010,12014,-0.012531
3,5,6.000,6.010,12015,0.030620
3,5,6.000,6.010,12016,-0.005702
3,5,6.000,6.010,12017,0.021679
3,5,6.000,6.010,12018,0.004255
3,5,6.000,6.010,12019,-0.012360
3,5,6.000,6.010,12020,0.007019
3,5,6.000,6.010,12021,-0.001356
3,5,6.000,6.010,12022,-0.028308
3,5,6.000,6.010,12023,-0.006582
3,5,6.000,6.010,12024,-0.016998
3,5,6.000,6.010,12025,-0.007140
3,5,6.000,6.010,12026,-0.008585
3,5,6.000,6.010,12027,0.000245
3,5,6.000,6.010,12028,-0.014440
3,5,6.000,6.010,12029,0.021123
3,5,6.000,6.010,12030,0.004228
3,5,6.000,6.010,12031,0.009236
3,5,6.000,6.010,12032,-0.025461
3,5,6.000,6.010,12033,-0.021968
3,5,6.000,6.010,12034,-0.024577
3,5,6.000,6.010,12035,0.028310
3,5,6.000,6.010,12036,0.012243
3,5,6.000,6.010,12037,0.004182
3,5,6.000,6.010,12038,0.025793
3,5,6.000,6.010,12039,-0.013386
3,5,6.000,6.010,12040,-0.010323
3,5,6.000,6.010,12041,0.020383
3,5,6.000,6.010,12042,0.019352
3,5,6.000,6.010,12043,0.002026
3,5,6.000,6.010,12044,-0.008382
3,5,6.000,6.010,12045,0.009808
3,5,6.000,6.010,12046,-0.035771
3,5,6.000,6.010,12047,-0.002196
3,5,6.000,6.010,12048,0.010529
3,5,6.000,6.010,12049,0.004292
3,5,6.000,6.010,12050,0.002509
3,5,6.000,6.010,12051,-0.017299
3,5,6.000,6.010,12052,0.003178
3,5,6.000,6.010,12053,0.028225
3,5,6.000,6.010,12054,-0.021391
3,5,6.000,6.010,12055,0.009273
3,5,6.000,6.010,12056,0.014104
3,5,6.000,6.010,12057,0.007629
3,5,6.000,6.010,12058,0.022671
3,5,6.000,6.010,12059,0.018268
3,5,6.000,6.010,12060,0.004757
3,5,6.000,6.010,12061,0.022874
3,5,6.000,6.010,12062,0.008216
3,5,6.000,6.010,12063,-0.001675
3,5,6.000,6.010,12064,-0.004568
3,5,6.000,6.010,12065,0.015776
3,5,6.000,6.010,12066,-0.005773
3,5,6.000,6.010,12067,0.028934
3,5,6.000,6.010,12068,0.024411
3,5,6.000,6.010,12069,0.002433
3,5,6.000,6.010,12070,0.006508
3,5,6.000,6.010,12071,0.009372
3,5,6.000,6.010,12072,0.016894
3,5,6.000,6.010,12073,-0.008914
3,5,6.000,6.010,12074,0.019170
3,5,6.000,6.010,12075,0.020249
3,5,6.000,6.010,12076,0.009791
3,5,6.000,6.010,12077,0.020082
3,5,6.000,6.010,12078,0.025080
3,5,6.000,6.010,12079,0.015261
3,5,6.000,6.010,12080,0.009718
3,5,6.000,6.010,12081,-0.026270
3,5,6.000,6.010,12082,0.014214
3,5,6.000,6.010,12083,-0.003271
3,5,6.000,6.010,12084,-0.001728
3,5,6.000,6.010,12085,-0.004670
3,5,6.000,6.010,12086,-0.009887
3,5,6.000,6.010,12087,-0.011248
3,5,6.000,6.010,12088,-0.022969
3,5,6.000,6.010,12089,0.011768
3,5,6.000,6.010,12090,-0.007424
3,5,6.000,6.010,12091,-0.017965
3,5,6.000,6.010,12092,0.009673
3,5,6.000,6.010,12093,-0.004730
3,5,6.000,6.010,12094,-0.000406
3,5,6.000,6.010,12095,0.006723
3,5,6.000,6.010,12096,0.017258
3,5,6.000,6.010,12097,-0.006192
3,5,6.000,6.010,12098,-0.022414
3,5,6.000,6.010,12099,-0.011423
3,5,6.000,6.010,12100,-0.020943
3,5,6.000,6.010,12101,-0.002638
3,5,6.000,6.010,12102,-0.003642
3,5,6.000,6.010,12103,-0.000829
3,5,6.000,6.010,12104,-0.012356
3,5,6.000,6.010,12105,0.001582
3,5,6.000,6.010,12106,0.011307
3,5,6.000,6.010,12107,0.008651
3,5,6.000,6.010,12108,0.004223
3,5,6.000,6.010,12109,0.009695
3,5,6.000,6.010,12110,-0.023042
3,5,6.000,6.010,12111,-0.003939
3,5,6.000,6.010,12112,-0.001555
3,5,6.000,6.010,12113,0.012050
3,5,6.000,6.010,12114,0.014680
3,5,6.000,6.010,12115,-0.006862
3,5,6.000,6.010,12116,0.017856
3,5,6.000,6.010,12117,0.002280
3,5,6.000,6.010,12118,-0.019402
3,5,6.000,6.010,12119,0.003945
3,5,6.000,6.010,12120,0.006912
3,5,6.000,6.010,12121,-0.024228
3,5,6.000,6.010,12122,-0.001941
3,5,6.000,6.010,12123,-0.032551
3,5,6.000,6.010,12124,-0.028780
3,5,6.000,6.010,12125,0.015018
3,5,6.000,6.010,12126,0.009291
3,5,6.000,6.010,12127,-0.008250
3,5,6.000,6.010,12128,-0.007651
3,5,6.000,6.010,12129,0.013212
3,5,6.000,6.010,12130,0.012788
3,5,6.000,6.010,12131,0.012071
3,5,6.000,6.010,12132,0.008516
3,5,6.000,6.010,12133,-0.035257
3,5,6.000,6.010,12134,-0.008186
3,5,6.000,6.010,12135,-0.023429
3,5,6.000,6.010,12136,-0.009589
3,5,6.000,6.010,12137,0.007399
3,5,6.000,6.010,12138,0.002258
3,5,6.000,6.010,12139,-0.006176
3,5,6.000,6.010,12140,-0.028413
3,5,6.000,6.010,12141,0.019409
3,5,6.000,6.010,12142,-0.005583
3,5,6.000,6.010,12143,-0.035660
3,5,6.000,6.010,12144,0.025668
3,5,6.000,6.010,12145,0.000484
3,5,6.000,6.010,12146,-0.007693
3,5,6.000,6.010,12147,-0.017364
3,5,6.000,6.010,12148,0.004502
3,5,6.000,6.010,12149,-0.003025
3,5,6.000,6.010,12150,0.017169
3,5,6.000,6.010,12151,-0.009040
3,5,6.000,6.010,12152,0.012216
3,5,6.000,6.010,12153,-0.000845
3,5,6.000,6.010,12154,-0.014694
3,5,6.000,6.010,12155,-0.020664
3,5,6.000,6.010,12156,-0.017942
3,5,6.000,6.010,12157,-0.005957
3,5,6.000,6.010,12158,0.017013
3,5,6.000,6.010,12159,0.002497
3,5,6.000,6.010,12160,-0.012301
3,5,6.000,6.010,12161,-0.001304
3,5,6.000,6.010,12162,-0.026847
3,5,6.000,6.010,12163,0.023457
3,5,6.000,6.010,12164,-0.002513
3,5,6.000,6.010,12165,0.010800
3,5,6.000,6.010,12166,-0.013618
3,5,6.000,6.010,12167,-0.009326
3,5,6.000,6.010,12168,-0.009368
3,5,6.000,6.010,12169,0.004748
3,5,6.000,6.010,12170,-0.015372
3,5,6.000,6.010,12171,-0.012268
3,5,6.000,6.010,12172,-0.000832
3,5,6.000,6.010,12173,-0.010224
3,5,6.000,6.010,12174,0.003324
3,5,6.000,6.010,12175,0.006992
3,5,6.000,6.010,12176,-0.003382
3,5,6.000,6.010,12177,-0.008123
3,5,6.000,6.010,12178,0.008590
3,5,6.000,6.010,12179,0.000795
3,5,6.000,6.010,12180,-0.016152
3,5,6.000,6.010,12181,0.013264
3,5,6.000,6.010,12182,-0.005910
3,5,6.000,6.010,12183,0.001526
3,5,6.000,6.010,12184,-0.021505
3,5,6.000,6.010,12185,-0.007650
3,5,6.000,6.010,12186,-0.006061
3,5,6.000,6.010,12187,0.004849
3,5,6.000,6.010,12188,-0.015393
3,5,6.000,6.010,12189,-0.019173
3,5,6.000,6.010,12190,0.018981
3,5,6.000,6.010,12191,-0.001213
3,5,6.000,6.010,12192,0.041749
3,5,6.000,6.010,12193,0.000496
3,5,6.000,6.010,12194,0.050117
3,5,6.000,6.010,12195,0.007545
3,5,6.000,6.010,12196,-0.022783
3,5,6.000,6.010,12197,0.021423
3,5,6.000,6.010,12198,0.028080
3,5,6.000,6.010,12199,0.009026
3,5,6.000,6.010,12200,0.007896
3,5,6.000,6.010,12201,0.016264
3,5,6.000,6.010,12202,0.003898
3,5,6.000,6.010,12203,0.023776
3,5,6.000,6.010,12204,0.020862
3,5,6.000,6.010,12205,0.004507
3,5,6.000,6.010,12206,0.004459
3,5,6.000,6.010,12207,0.003931
3,5,6.000,6.010,12208,0.007269
3,5,6.000,6.010,12209,-0.021066
3,5,6.000,6.010,12210,0.007139
3,5,6.000,6.010,12211,-0.019444
3,5,6.000,6.010,12212,-0.000051
3,5,6.000,6.010,12213,0.015210
3,5,6.000,6.010,12214,0.003173
3,5,6.000,6.010,12215,0.019381
3,5,6.000,6.010,12216,0.002316
3,5,6.000,6.010,12217,0.003909
3,5,6.000,6.010,12218,-0.010864
3,5,6.000,6.010,12219,-0.017700
3,5,6.000,6.010,12220,0.008521
3,5,6.000,6.010,12221,-0.031151
3,5,6.000,6.010,12222,-0.031698
3,5,6.000,6.010,12223,0.007137
3,5,6.000,6.010,12224,-0.000246
3,5,6.000,6.010,12225,-0.013443
3,5,6.000,6.010,12226,-0.001962
3,5,6.000,6.010,12227,-0.011105
3,5,6.000,6.010,12228,0.007416
3,5,6.000,6.010,12229,0.021002
3,5,6.000,6.010,12230,-0.008335
3,5,6.000,6.010,12231,0.002040
3,5,6.000,6.010,12232,-0.014768
3,5,6.000,6.010,12233,-0.011769
3,5,6.000,6.010,12234,-0.005162
3,5,6.000,6.010,12235,-0.019797
3,5,6.000,6.010,12236,-0.029488
3,5,6.000,6.010,12237,-0.008980
3,5,6.000,6.010,12238,-0.009965
3,5,6.000,6.010,12239,0.010999
3,5,6.000,6.010,12240,0.024179
3,5,6.000,6.010,12241,0.001241
3,5,6.000,6.010,12242,-0.007393
3,5,6.000,6.010,12243,-0.003687
3,5,6.000,6.010,12244,0.006608
3,5,6.000,6.010,12245,-0.037631
3,5,6.000,6.010,12246,-0.004631
3,5,6.000,6.010,12247,-0.032103
3,5,6.000,6.010,12248,0.003333
3,5,6.000,6.010,12249,0.012351
3,5,6.000,6.010,12250,0.019122
3,5,6.000,6.010,12251,0.007311
3,5,6.000,6.010,12252,0.020236
3,5,6.000,6.010,12253,-0.010722
3,5,6.000,6.010,12254,-0.022110
3,5,6.000,6.010,12255,-0.000088
3,5,6.000,6.010,12256,-0.002738
3,5,6.000,6.010,12257,-0.037976
3,5,6.000,6.010,12258,0.014462
3,5,6.000,6.010,12259,0.001879
3,5,6.000,6.010,12260,-0.022330
3,5,6.000,6.010,12261,0.011525
3,5,6.000,6.010,12262,-0.010358
3,5,6.000,6.010,12263,-0.025408
3,5,6.000,6.010,12264,-0.012391
3,5,6.000,6.010,12265,-0.012786
3,5,6.000,6.010,12266,0.014326
3,5,6.000,6.010,12267,0.045809
3,5,6.000,6.010,12268,-0.000155
3,5,6.000,6.010,12269,-0.013208
3,5,6.000,6.010,12270,-0.019707
3,5,6.000,6.010,12271,-0.002208
3,5,6.000,6.010,12272,-0.006467
3,5,6.000,6.010,12273,-0.007829
3,5,6.000,6.010,12274,0.016697
3,5,6.000,6.010,12275,0.003259
3,5,6.000,6.010,12276,0.000503
3,5,6.000,6.010,12277,0.004104
3,5,6.000,6.010,12278,0.017056
3,5,6.000,6.010,12279,-0.003430
3,5,6.000,6.010,12280,-0.025628
3,5,6.000,6.010,12281,-0.013411
3,5,6.000,6.010,12282,0.011968
3,5,6.000,6.010,12283,0.019438
3,5,6.000,6.010,12284,-0.004920
3,5,6.000,6.010,12285,-0.016219
3,5,6.000,6.010,12286,-0.013745
3,5,6.000,6.010,12287,0.012461
3,5,6.000,6.010,12288,-0.003488
3,5,6.000,6.010,12289,0.013891
3,5,6.000,6.010,12290,-0.015737
3,5,6.000,6.010,12291,0.000369
3,5,6.000,6.010,12292,0.032638
3,5,6.000,6.010,12293,-0.009940
3,5,6.000,6.010,12294,-0.016846
3,5,6.000,6.010,12295,0.001260
3,5,6.000,6.010,12296,-0.022466
3,5,6.000,6.010,12297,-0.030092
3,5,6.000,6.010,12298,-0.025278
3,5,6.000,6.010,12299,-0.000736
3,5,6.000,6.010,12300,0.012542
3,5,6.000,6.010,12301,-0.009078
3,5,6.000,6.010,12302,0.006718
3,5,6.000,6.010,12303,0.010469
3,5,6.000,6.010,12304,0.005742
3,5,6.000,6.010,12305,0.000631
3,5,6.000,6.010,12306,0.018356
3,5,6.000,6.010,12307,0.002581
3,5,6.000,6.010,12308,0.004701
3,5,6.000,6.010,12309,-0.005470
3,5,6.000,6.010,12310,0.002522
3,5,6.000,6.010,12311,0.022298
3,5,6.000,6.010,12312,-0.016597
3,5,6.000,6.010,12313,0.018307
3,5,6.000,6.010,12314,-0.009322
3,5,6.000,6.010,12315,-0.020737
3,5,6.000,6.010,12316,-0.018651
3,5,6.000,6.010,12317,0.002102
3,5,6.000,6.010,12318,-0.020970
3,5,6.000,6.010,12319,-0.003664
3,5,6.000,6.010,12320,-0.030370
3,5,6.000,6.010,12321,0.007439
3,5,6.000,6.010,12322,0.010396
3,5,6.000,6.010,12323,-0.015956
3,5,6.000,6.010,12324,0.005512
3,5,6.000,6.010,12325,0.000976
3,5,6.000,6.010,12326,-0.021157
3,5,6.000,6.010,12327,-0.011011
3,5,6.000,6.010,12328,-0.015634
3,5,6.000,6.010,12329,-0.003394
3,5,6.000,6.010,12330,0.003096
3,5,6.000,6.010,12331,0.009782
3,5,6.000,6.010,12332,-0.001082
3,5,6.000,6.010,12333,-0.002936
3,5,6.000,6.010,12334,-0.003006
3,5,6.000,6.010,12335,-0.021522
3,5,6.000,6.010,12336,-0.024941
3,5,6.000,6.010,12337,-0.013273
3,5,6.000,6.010,12338,0.010685
3,5,6.000,6.010,12339,-0.006535
3,5,6.000,6.010,12340,-0.028611
3,5,6.000,6.010,12341,0.005206
3,5,6.000,6.010,12342,0.007000
3,5,6.000,6.010,12343,0.004639
3,5,6.000,6.010,12344,-0.005288
3,5,6.000,6.010,12345,0.009415
3,5,6.000,6.010,12346,-0.003558
3,5,6.000,6.010,12347,0.010545
3,5,6.000,6.010,12348,-0.020853
3,5,6.000,6.010,12349,0.002559
3,5,6.000,6.010,12350,0.024497
3,5,6.000,6.010,12351,-0.022564
3,5,6.000,6.010,12352,0.013669
3,5,6.000,6.010,12353,0.006042
3,5,6.000,6.010,12354,0.017798
3,5,6.000,6.010,12355,0.004088
3,5,6.000,6.010,12356,0.010506
3,5,6.000,6.010,12357,-0.027034
3,5,6.000,6.010,12358,0.001966
3,5,6.000,6.010,12359,0.001854
3,5,6.000,6.010,12360,0.016901
3,5,6.000,6.010,12361,-0.012068
3,5,6.000,6.010,12362,-0.000270
3,5,6.000,6.010,12363,0.018743
3,5,6.000,6.010,12364,-0.006002
3,5,6.000,6.010,12365,-0.008493
3,5,6.000,6.010,12366,0.015952
3,5,6.000,6.010,12367,-0.039674
3,5,6.000,6.010,12368,-0.003277
3,5,6.000,6.010,12369,0.009817
3,5,6.000,6.010,12370,0.005776
3,5,6.000,6.010,12371,-0.002946
3,5,6.000,6.010,12372,0.002515
3,5,6.000,6.010,12373,-0.027662
3,5,6.000,6.010,12374,0.011299
3,5,6.000,6.010,12375,-0.011678
3,5,6.000,6.010,12376,-0.009207
3,5,6.000,6.010,12377,0.013581
3,5,6.000,6.010,12378,0.000302
3,5,6.000,6.010,12379,0.003332
3,5,6.000,6.010,12380,-0.007663
3,5,6.000,6.010,12381,0.040926
3,5,6.000,6.010,12382,0.009759
3,5,6.000,6.010,12383,-0.013100
3,5,6.000,6.010,12384,-0.029374
3,5,6.000,6.010,12385,0.005755
3,5,6.000,6.010,12386,-0.027924
3,5,6.000,6.010,12387,0.024241
3,5,6.000,6.010,12388,-0.001344
3,5,6.000,6.010,12389,-0.003172
3,5,6.000,6.010,12390,-0.007631
3,5,6.000,6.010,12391,-0.003073
3,5,6.000,6.010,12392,-0.023326
3,5,6.000,6.010,12393,-0.003837
3,5,6.000,6.010,12394,-0.022975
3,5,6.000,6.010,12395,-0.014599
3,5,6.000,6.010,12396,0.010433
3,5,6.000,6.010,12397,0.021999
3,5,6.000,6.010,12398,0.007011
3,5,6.000,6.010,12399,-0.003676
3,5,6.000,6.010,12400,-0.009316
3,5,6.000,6.010,12401,-0.016127
3,5,6.000,6.010,12402,-0.000082
3,5,6.000,6.010,12403,0.006193
3,5,6.000,6.010,12404,-0.016057
3,5,6.000,6.010,12405,0.015549
3,5,6.000,6.010,12406,0.003820
3,5,6.000,6.010,12407,0.004138
3,5,6.000,6.010,12408,-0.014830
3,5,6.000,6.010,12409,-0.017935
3,5,6.000,6.010,12410,-0.002281
3,5,6.000,6.010,12411,0.001108
3,5,6.000,6.010,12412,-0.022367
3,5,6.000,6.010,12413,-0.023964
3,5,6.000,6.010,12414,-0.011736
3,5,6.000,6.010,12415,0.000662
3,5,6.000,6.010,12416,0.004324
3,5,6.000,6.010,12417,0.005376
3,5,6.000,6.010,12418,0.008593
3,5,6.000,6.010,12419,0.000305
3,5,6.000,6.010,12420,-0.003601
3,5,6.000,6.010,12421,0.004156
3,5,6.000,6.010,12422,-0.003524
3,5,6.000,6.010,12423,-0.007135
3,5,6.000,6.010,12424,-0.013296
3,5,6.000,6.010,12425,-0.038817
3,5,6.000,6.010,12426,-0.018883
3,5,6.000,6.010,12427,0.023837
3,5,6.000,6.010,12428,-0.004135
3,5,6.000,6.010,12429,-0.024589
3,5,6.000,6.010,12430,0.003623
3,5,6.000,6.010,12431,0.016921
3,5,6.000,6.010,12432,0.008857
3,5,6.000,6.010,12433,0.006614
3,5,6.000,6.010,12434,-0.024308
3,5,6.000,6.010,12435,0.028657
3,5,6.000,6.010,12436,0.022842
3,5,6.000,6.010,12437,0.013919
3,5,6.000,6.010,12438,-0.029514
3,5,6.000,6.010,12439,0.006642
3,5,6.000,6.010,12440,0.022340
3,5,6.000,6.010,12441,0.025333
3,5,6.000,6.010,12442,0.006431
3,5,6.000,6.010,12443,0.023575
3,5,6.000,6.010,12444,-0.006835
3,5,6.000,6.010,12445,-0.013030
3,5,6.000,6.010,12446,0.015340
3,5,6.000,6.010,12447,-0.014465
3,5,6.000,6.010,12448,0.014231
3,5,6.000,6.010,12449,0.012049
3,5,6.000,6.010,12450,0.010294
3,5,6.000,6.010,12451,-0.028935
3,5,6.000,6.010,12452,0.004237
3,5,6.000,6.010,12453,-0.008705
3,5,6.000,6.010,12454,-0.006007
3,5,6.000,6.010,12455,0.015233
3,5,6.000,6.010,12456,0.002522
3,5,6.000,6.010,12457,0.008393
3,5,6.000,6.010,12458,-0.013681
3,5,6.000,6.010,12459,-0.012177
3,5,6.000,6.010,12460,0.002768
3,5,6.000,6.010,12461,-0.004015
3,5,6.000,6.010,12462,-0.031935
3,5,6.000,6.010,12463,0.015278
3,5,6.000,6.010,12464,-0.020374
3,5,6.000,6.010,12465,-0.001681
3,5,6.000,6.010,12466,-0.002996
3,5,6.000,6.010,12467,-0.014874
3,5,6.000,6.010,12468,0.015392
3,5,6.000,6.010,12469,0.007519
3,5,6.000,6.010,12470,0.009033
3,5,6.000,6.010,12471,-0.001949
3,5,6.000,6.010,12472,0.007577
3,5,6.000,6.010,12473,0.019660
3,5,6.000,6.010,12474,-0.018156
3,5,6.000,6.010,12475,-0.023226
3,5,6.000,6.010,12476,-0.002450
3,5,6.000,6.010,12477,-0.039641
3,5,6.000,6.010,12478,-0.002788
3,5,6.000,6.010,12479,0.004907
3,5,6.000,6.010,12480,-0.008834
3,5,6.000,6.010,12481,-0.017761
3,5,6.000,6.010,12482,-0.017238
3,5,6.000,6.010,12483,-0.006200
3,5,6.000,6.010,12484,-0.024349
3,5,6.000,6.010,12485,0.019410
3,5,6.000,6.010,12486,-0.011495
3,5,6.000,6.010,12487,0.022338
3,5,6.000,6.010,12488,-0.009878
3,5,6.000,6.010,12489,-0.005002
3,5,6.000,6.010,12490,-0.000384
3,5,6.000,6.010,12491,-0.014700
3,5,6.000,6.010,12492,0.011631
3,5,6.000,6.010,12493,0.017852
3,5,6.000,6.010,12494,-0.009586
3,5,6.000,6.010,12495,-0.007719
3,5,6.000,6.010,12496,0.002992
3,5,6.000,6.010,12497,0.005834
3,5,6.000,6.010,12498,0.027186
3,5,6.000,6.010,12499,0.003411
3,5,6.000,6.010,12500,-0.007692
3,5,6.000,6.010,12501,0.003608
3,5,6.000,6.010,12502,-0.010692
3,5,6.000,6.010,12503,0.013698
3,5,6.000,6.010,12504,0.009256
3,5,6.000,6.010,12505,-0.005767
3,5,6.000,6.010,12506,0.021089
3,5,6.000,6.010,12507,0.011420
3,5,6.000,6.010,12508,-0.000496
3,5,6.000,6.010,12509,-0.016470
3,5,6.000,6.010,12510,-0.007541
3,5,6.000,6.010,12511,-0.001409
3,5,6.000,6.010,12512,0.016830
3,5,6.000,6.010,12513,-0.030578
3,5,6.000,6.010,12514,0.025373
3,5,6.000,6.010,12515,0.016658
3,5,6.000,6.010,12516,0.003257
3,5,6.000,6.010,12517,-0.004697
3,5,6.000,6.010,12518,0.019600
3,5,6.000,6.010,12519,0.016627
3,5,6.000,6.010,12520,0.001084
3,5,6.000,6.010,12521,0.001895
3,5,6.000,6.010,12522,-0.006471
3,5,6.000,6.010,12523,-0.005760
3,5,6.000,6.010,12524,-0.002152
3,5,6.000,6.010,12525,0.018766
3,5,6.000,6.010,12526,0.017919
3,5,6.000,6.010,12527,-0.011517
3,5,6.000,6.010,12528,-0.015583
3,5,6.000,6.010,12529,-0.010242
3,5,6.000,6.010,12530,0.000840
3,5,6.000,6.010,12531,-0.015682
3,5,6.000,6.010,12532,0.015835
3,5,6.000,6.010,12533,-0.016062
3,5,6.000,6.010,12534,-0.023230
3,5,6.000,6.010,12535,-0.018713
3,5,6.000,6.010,12536,-0.025656
3,5,6.000,6.010,12537,0.007240
3,5,6.000,6.010,12538,-0.007167
3,5,6.000,6.010,12539,-0.008496
3,5,6.000,6.010,12540,-0.008767
3,5,6.000,6.010,12541,0.015325
3,5,6.000,6.010,12542,-0.004649
3,5,6.000,6.010,12543,0.042659
3,5,6.000,6.010,12544,-0.028650
3,5,6.000,6.010,12545,-0.021799
3,5,6.000,6.010,12546,-0.019143
3,5,6.000,6.010,12547,0.002680
3,5,6.000,6.010,12548,0.011474
3,5,6.000,6.010,12549,-0.030311
3,5,6.000,6.010,12550,0.009546
3,5,6.000,6.010,12551,-0.001287
3,5,6.000,6.010,12552,0.007031
3,5,6.000,6.010,12553,-0.003465
3,5,6.000,6.010,12554,0.009415
3,5,6.000,6.010,12555,0.016659
3,5,6.000,6.010,12556,-0.007172
3,5,6.000,6.010,12557,-0.002046
3,5,6.000,6.010,12558,0.019681
3,5,6.000,6.010,12559,0.004919
3,5,6.000,6.010,12560,-0.001435
3,5,6.000,6.010,12561,0.000265
3,5,6.000,6.010,12562,0.017713
3,5,6.000,6.010,12563,-0.003184
3,5,6.000,6.010,12564,-0.017121
3,5,6.000,6.010,12565,-0.012968
3,5,6.000,6.010,12566,-0.012850
3,5,6.000,6.010,12567,-0.017442
3,5,6.000,6.010,12568,-0.011487
3,5,6.000,6.010,12569,-0.025141
3,5,6.000,6.010,12570,-0.025717
3,5,6.000,6.010,12571,-0.007915
3,5,6.000,6.010,12572,0.005098
3,5,6.000,6.010,12573,-0.004748
3,5,6.000,6.010,12574,-0.011837
3,5,6.000,6.010,12575,-0.016539
3,5,6.000,6.010,12576,0.020302
3,5,6.000,6.010,12577,-0.019075
3,5,6.000,6.010,12578,0.008138
3,5,6.000,6.010,12579,-0.004234
3,5,6.000,6.010,12580,-0.001944
3,5,6.000,6.010,12581,0.007389
3,5,6.000,6.010,12582,0.006620
3,5,6.000,6.010,12583,-0.006828
3,5,6.000,6.010,12584,-0.018308
3,5,6.000,6.010,12585,0.007859
3,5,6.000,6.010,12586,-0.002366
3,5,6.000,6.010,12587,-0.017024
3,5,6.000,6.010,12588,-0.009921
3,5,6.000,6.010,12589,-0.027933
3,5,6.000,6.010,12590,-0.005208
3,5,6.000,6.010,12591,0.019017
3,5,6.000,6.010,12592,0.021674
3,5,6.000,6.010,12593,0.002785
3,5,6.000,6.010,12594,-0.014892
3,5,6.000,6.010,12595,0.005370
3,5,6.000,6.010,12596,-0.000776
3,5,6.000,6.010,12597,0.004908
3,5,6.000,6.010,12598,0.003681
3,5,6.000,6.010,12599,-0.006356
3,5,6.000,6.010,12600,-0.001423
3,5,6.000,6.010,12601,0.012682
3,5,6.000,6.010,12602,-0.023566
3,5,6.000,6.010,12603,0.000599
3,5,6.000,6.010,12604,0.006407
3,5,6.000,6.010,12605,0.024340
3,5,6.000,6.010,12606,-0.001644
3,5,6.000,6.010,12607,-0.016382
3,5,6.000,6.010,12608,-0.000659
3,5,6.000,6.010,12609,-0.020700
3,5,6.000,6.010,12610,0.004221
3,5,6.000,6.010,12611,-0.022030
3,5,6.000,6.010,12612,-0.014568
3,5,6.000,6.010,12613,-0.018687
3,5,6.000,6.010,12614,-0.021296
3,5,6.000,6.010,12615,0.003197
3,5,6.000,6.010,12616,0.010982
3,5,6.000,6.010,12617,0.024816
3,5,6.000,6.010,12618,0.018045
3,5,6.000,6.010,12619,0.005493
3,5,6.000,6.010,12620,0.001573
3,5,6.000,6.010,12621,0.025140
3,5,6.000,6.010,12622,-0.006327
3,5,6.000,6.010,12623,0.004168
3,5,6.000,6.010,12624,-0.012388
3,5,6.000,6.010,12625,-0.009633
3,5,6.000,6.010,12626,-0.019179
3,5,6.000,6.010,12627,-0.001895
3,5,6.000,6.010,12628,-0.012269
3,5,6.000,6.010,12629,-0.007704
3,5,6.000,6.010,12630,0.017562
3,5,6.000,6.010,12631,0.025785
3,5,6.000,6.010,12632,-0.002446
3,5,6.000,6.010,12633,0.007152
3,5,6.000,6.010,12634,0.004412
3,5,6.000,6.010,12635,-0.009174
3,5,6.000,6.010,12636,-0.004929
3,5,6.000,6.010,12637,0.028987
3,5,6.000,6.010,12638,0.007968
3,5,6.000,6.010,12639,0.021975
3,5,6.000,6.010,12640,-0.020740
3,5,6.000,6.010,12641,0.005684
3,5,6.000,6.010,12642,-0.029076
3,5,6.000,6.010,12643,-0.008148
3,5,6.000,6.010,12644,-0.028220
3,5,6.000,6.010,12645,-0.002289
3,5,6.000,6.010,12646,0.011427
3,5,6.000,6.010,12647,0.004270
3,5,6.000,6.010,12648,0.042668
3,5,6.000,6.010,12649,-0.000689
3,5,6.000,6.010,12650,-0.011964
3,5,6.000,6.010,12651,-0.023710
3,5,6.000,6.010,12652,-0.021886
3,5,6.000,6.010,12653,0.013318
3,5,6.000,6.010,12654,-0.019935
3,5,6.000,6.010,12655,-0.001019
3,5,6.000,6.010,12656,-0.005675
3,5,6.000,6.010,12657,-0.006065
3,5,6.000,6.010,12658,-0.024472
3,5,6.000,6.010,12659,-0.025098
3,5,6.000,6.010,12660,-0.003398
3,5,6.000,6.010,12661,-0.026599
3,5,6.000,6.010,12662,-0.003275
3,5,6.000,6.010,12663,-0.001896
3,5,6.000,6.010,12664,-0.022265
3,5,6.000,6.010,12665,0.010911
3,5,6.000,6.010,12666,0.041092
3,5,6.000,6.010,12667,-0.014241
3,5,6.000,6.010,12668,-0.007523
3,5,6.000,6.010,12669,-0.015193
3,5,6.000,6.010,12670,-0.016935
3,5,6.000,6.010,12671,0.017695
3,5,6.000,6.010,12672,0.001360
3,5,6.000,6.010,12673,0.010055
3,5,6.000,6.010,12674,-0.002041
3,5,6.000,6.010,12675,0.005904
3,5,6.000,6.010,12676,0.013397
3,5,6.000,6.010,12677,0.023417
3,5,6.000,6.010,12678,0.005155
3,5,6.000,6.010,12679,0.005671
3,5,6.000,6.010,12680,-0.021124
3,5,6.000,6.010,12681,-0.000996
3,5,6.000,6.010,12682,0.026403
3,5,6.000,6.010,12683,0.007620
3,5,6.000,6.010,12684,0.017889
3,5,6.000,6.010,12685,-0.006466
3,5,6.000,6.010,12686,-0.030289
3,5,6.000,6.010,12687,0.003041
3,5,6.000,6.010,12688,0.034867
3,5,6.000,6.010,12689,0.015697
3,5,6.000,6.010,12690,0.003406
3,5,6.000,6.010,12691,0.010185
3,5,6.000,6.010,12692,-0.017338
3,5,6.000,6.010,12693,0.025978
3,5,6.000,6.010,12694,-0.002707
3,5,6.000,6.010,12695,0.017005
3,5,6.000,6.010,12696,0.006305
3,5,6.000,6.010,12697,0.002001
3,5,6.000,6.010,12698,0.006860
3,5,6.000,6.010,12699,0.025411
3,5,6.000,6.010,12700,-0.008445
3,5,6.000,6.010,12701,0.007722
3,5,6.000,6.010,12702,0.015592
3,5,6.000,6.010,12703,0.006478
3,5,6.000,6.010,12704,0.004805
3,5,6.000,6.010,12705,0.003090
3,5,6.000,6.010,12706,0.016623
3,5,6.000,6.010,12707,-0.035163
3,5,6.000,6.010,12708,-0.018994
3,5,6.000,6.010,12709,0.023476
3,5,6.000,6.010,12710,-0.015196
3,5,6.000,6.010,12711,0.013569
3,5,6.000,6.010,12712,0.000591
3,5,6.000,6.010,12713,0.022403
3,5,6.000,6.010,12714,0.010153
3,5,6.000,6.010,12715,-0.018944
3,5,6.000,6.010,12716,-0.020427
3,5,6.000,6.010,12717,0.000539
3,5,6.000,6.010,12718,0.028160
3,5,6.000,6.010,12719,-0.045910
3,5,6.000,6.010,12720,0.016519
3,5,6.000,6.010,12721,-0.009753
3,5,6.000,6.010,12722,-0.014639
3,5,6.000,6.010,12723,-0.012490
3,5,6.000,6.010,12724,0.018423
3,5,6.000,6.010,12725,0.028146
3,5,6.000,6.010,12726,0.027421
3,5,6.000,6.010,12727,0.005803
3,5,6.000,6.010,12728,-0.006328
3,5,6.000,6.010,12729,-0.001843
3,5,6.000,6.010,12730,0.026301
3,5,6.000,6.010,12731,-0.012977
3,5,6.000,6.010,12732,0.020328
3,5,6.000,6.010,12733,-0.002325
3,5,6.000,6.010,12734,0.010211
3,5,6.000,6.010,12735,-0.008716
3,5,6.000,6.010,12736,0.005262
3,5,6.000,6.010,12737,-0.009013
3,5,6.000,6.010,12738,0.013324
3,5,6.000,6.010,12739,0.014451
3,5,6.000,6.010,12740,-0.019034
3,5,6.000,6.010,12741,0.004266
3,5,6.000,6.010,12742,-0.022301
3,5,6.000,6.010,12743,-0.016423
3,5,6.000,6.010,12744,0.030094
3,5,6.000,6.010,12745,-0.009607
3,5,6.000,6.010,12746,-0.002849
3,5,6.000,6.010,12747,0.001548
3,5,6.000,6.010,12748,-0.005130
3,5,6.000,6.010,12749,-0.001182
3,5,6.000,6.010,12750,0.015049
3,5,6.000,6.010,12751,0.005311
3,5,6.000,6.010,12752,-0.020193
3,5,6.000,6.010,12753,0.012120
3,5,6.000,6.010,12754,-0.001901
3,5,6.000,6.010,12755,0.011211
3,5,6.000,6.010,12756,0.002714
3,5,6.000,6.010,12757,0.015994
3,5,6.000,6.010,12758,0.009888
3,5,6.000,6.010,12759,0.031241
3,5,6.000,6.010,12760,0.000957
3,5,6.000,6.010,12761,0.008463
3,5,6.000,6.010,12762,-0.031898
3,5,6.000,6.010,12763,0.015943
3,5,6.000,6.010,12764,0.013110
3,5,6.000,6.010,12765,0.006668
3,5,6.000,6.010,12766,0.010266
3,5,6.000,6.010,12767,0.012595
3,5,6.000,6.010,12768,-0.038325
3,5,6.000,6.010,12769,-0.006530
3,5,6.000,6.010,12770,-0.021017
3,5,6.000,6.010,12771,0.015423
3,5,6.000,6.010,12772,0.006484
3,5,6.000,6.010,12773,0.007450
3,5,6.000,6.010,12774,-0.004614
3,5,6.000,6.010,12775,0.026943
3,5,6.000,6.010,12776,-0.005266
3,5,6.000,6.010,12777,0.033147
3,5,6.000,6.010,12778,-0.018390
3,5,6.000,6.010,12779,-0.015846
3,5,6.000,6.010,12780,-0.016093
3,5,6.000,6.010,12781,-0.030296
3,5,6.000,6.010,12782,-0.002974
3,5,6.000,6.010,12783,0.010834
3,5,6.000,6.010,12784,-0.018361
3,5,6.000,6.010,12785,0.001336
3,5,6.000,6.010,12786,-0.012182
3,5,6.000,6.010,12787,0.002624
3,5,6.000,6.010,12788,-0.007515
3,5,6.000,6.010,12789,-0.032201
3,5,6.000,6.010,12790,0.013458
3,5,6.000,6.010,12791,0.026266
3,5,6.000,6.010,12792,-0.010582
3,5,6.000,6.010,12793,0.018498
3,5,6.000,6.010,12794,0.034564
3,5,6.000,6.010,12795,-0.010473
3,5,6.000,6.010,12796,-0.009873
3,5,6.000,6.010,12797,-0.004897
3,5,6.000,6.010,12798,-0.007079
3,5,6.000,6.010,12799,0.012069
3,5,6.000,6.010,12800,0.002619
3,5,6.000,6.010,12801,-0.012996
3,5,6.000,6.010,12802,0.012736
3,5,6.000,6.010,12803,-0.000479
3,5,6.000,6.010,12804,0.000750
3,5,6.000,6.010,12805,0.008228
3,5,6.000,6.010,12806,0.012109
3,5,6.000,6.010,12807,0.002341
3,5,6.000,6.010,12808,0.007943
3,5,6.000,6.010,12809,0.005557
3,5,6.000,6.010,12810,0.027787
3,5,6.000,6.010,12811,-0.005639
3,5,6.000,6.010,12812,0.005697
3,5,6.000,6.010,12813,-0.014275
3,5,6.000,6.010,12814,0.003725
3,5,6.000,6.010,12815,0.020411
3,5,6.000,6.010,12816,-0.011585
3,5,6.000,6.010,12817,-0.000623
3,5,6.000,6.010,12818,0.012174
3,5,6.000,6.010,12819,-0.007452
3,5,6.000,6.010,12820,0.000482
3,5,6.000,6.010,12821,0.023481
3,5,6.000,6.010,12822,-0.010360
3,5,6.000,6.010,12823,-0.023498
3,5,6.000,6.010,12824,-0.012199
3,5,6.000,6.010,12825,-0.010877
3,5,6.000,6.010,12826,0.008852
3,5,6.000,6.010,12827,0.028108
3,5,6.000,6.010,12828,-0.004183
3,5,6.000,6.010,12829,-0.011735
3,5,6.000,6.010,12830,-0.012133
3,5,6.000,6.010,12831,0.023955
3,5,6.000,6.010,12832,0.011517
3,5,6.000,6.010,12833,-0.009244
3,5,6.000,6.010,12834,-0.021320
3,5,6.000,6.010,12835,-0.005343
3,5,6.000,6.010,12836,-0.021446
3,5,6.000,6.010,12837,-0.015646
3,5,6.000,6.010,12838,0.024668
3,5,6.000,6.010,12839,0.018281
3,5,6.000,6.010,12840,-0.007618
3,5,6.000,6.010,12841,0.012599
3,5,6.000,6.010,12842,0.011674
3,5,6.000,6.010,12843,-0.019262
3,5,6.000,6.010,12844,0.004620
3,5,6.000,6.010,12845,0.001100
3,5,6.000,6.010,12846,0.000215
3,5,6.000,6.010,12847,-0.001272
3,5,6.000,6.010,12848,-0.011791
3,5,6.000,6.010,12849,-0.000138
3,5,6.000,6.010,12850,-0.033513
3,5,6.000,6.010,12851,-0.020505
3,5,6.000,6.010,12852,0.010385
3,5,6.000,6.010,12853,0.004657
3,5,6.000,6.010,12854,-0.013526
3,5,6.000,6.010,12855,-0.004821
3,5,6.000,6.010,12856,0.018609
3,5,6.000,6.010,12857,-0.026519
3,5,6.000,6.010,12858,-0.020328
3,5,6.000,6.010,12859,-0.013380
3,5,6.000,6.010,12860,0.002404
3,5,6.000,6.010,12861,-0.011352
3,5,6.000,6.010,12862,0.030019
3,5,6.000,6.010,12863,-0.029077
3,5,6.000,6.010,12864,-0.020870
3,5,6.000,6.010,12865,0.000046
3,5,6.000,6.010,12866,0.026543
3,5,6.000,6.010,12867,-0.006158
3,5,6.000,6.010,12868,0.025766
3,5,6.000,6.010,12869,0.001281
3,5,6.000,6.010,12870,-0.014095
3,5,6.000,6.010,12871,-0.000303
3,5,6.000,6.010,12872,0.000414
3,5,6.000,6.010,12873,-0.006346
3,5,6.000,6.010,12874,0.015491
3,5,6.000,6.010,12875,0.007779
3,5,6.000,6.010,12876,-0.002572
3,5,6.000,6.010,12877,0.000480
3,5,6.000,6.010,12878,0.002188
3,5,6.000,6.010,12879,0.004789
3,5,6.000,6.010,12880,0.014325
3,5,6.000,6.010,12881,-0.022218
3,5,6.000,6.010,12882,-0.006244
3,5,6.000,6.010,12883,0.006365
3,5,6.000,6.010,12884,-0.018064
3,5,6.000,6.010,12885,-0.000360
3,5,6.000,6.010,12886,0.002623
3,5,6.000,6.010,12887,-0.026095
3,5,6.000,6.010,12888,0.007947
3,5,6.000,6.010,12889,-0.017140
3,5,6.000,6.010,12890,0.013846
3,5,6.000,6.010,12891,0.004833
3,5,6.000,6.010,12892,-0.006083
3,5,6.000,6.010,12893,0.012178
3,5,6.000,6.010,12894,-0.002415
3,5,6.000,6.010,12895,-0.001847
3,5,6.000,6.010,12896,-0.011166
3,5,6.000,6.010,12897,-0.027942
3,5,6.000,6.010,12898,0.038521
3,5,6.000,6.010,12899,0.001617
3,5,6.000,6.010,12900,-0.016935
3,5,6.000,6.010,12901,0.012426
3,5,6.000,6.010,12902,0.013730
3,5,6.000,6.010,12903,-0.018302
3,5,6.000,6.010,12904,-0.001237
3,5,6.000,6.010,12905,0.022228
3,5,6.000,6.010,12906,-0.030360
3,5,6.000,6.010,12907,-0.017163
3,5,6.000,6.010,12908,0.009943
3,5,6.000,6.010,12909,-0.012686
3,5,6.000,6.010,12910,0.007363
3,5,6.000,6.010,12911,0.018955
3,5,6.000,6.010,12912,0.019528
3,5,6.000,6.010,12913,0.009171
3,5,6.000,6.010,12914,-0.002679
3,5,6.000,6.010,12915,-0.004490
3,5,6.000,6.010,12916,0.007720
3,5,6.000,6.010,12917,-0.019297
3,5,6.000,6.010,12918,0.011079
3,5,6.000,6.010,12919,-0.008794
3,5,6.000,6.010,12920,-0.004934
3,5,6.000,6.010,12921,0.014499
3,5,6.000,6.010,12922,0.004926
3,5,6.000,6.010,12923,0.031203
3,5,6.000,6.010,12924,-0.003952
3,5,6.000,6.010,12925,-0.007874
3,5,6.000,6.010,12926,0.005079
3,5,6.000,6.010,12927,0.025225
3,5,6.000,6.010,12928,0.037264
3,5,6.000,6.010,12929,-0.002373
3,5,6.000,6.010,12930,0.013222
3,5,6.000,6.010,12931,0.001000
3,5,6.000,6.010,12932,0.005976
3,5,6.000,6.010,12933,0.003722
3,5,6.000,6.010,12934,-0.023707
3,5,6.000,6.010,12935,-0.011236
3,5,6.000,6.010,12936,-0.002623
3,5,6.000,6.010,12937,-0.006090
3,5,6.000,6.010,12938,0.010086
3,5,6.000,6.010,12939,0.005734
3,5,6.000,6.010,12940,0.009443
3,5,6.000,6.010,12941,0.002510
3,5,6.000,6.010,12942,0.003407
3,5,6.000,6.010,12943,0.016483
3,5,6.000,6.010,12944,-0.002391
3,5,6.000,6.010,12945,0.013310
3,5,6.000,6.010,12946,0.031808
3,5,6.000,6.010,12947,0.018004
3,5,6.000,6.010,12948,-0.039785
3,5,6.000,6.010,12949,0.003280
3,5,6.000,6.010,12950,-0.002976
3,5,6.000,6.010,12951,0.010969
3,5,6.000,6.010,12952,-0.001788
3,5,6.000,6.010,12953,0.022907
3,5,6.000,6.010,12954,-0.011136
3,5,6.000,6.010,12955,-0.002504
3,5,6.000,6.010,12956,-0.016980
3,5,6.000,6.010,12957,0.008311
3,5,6.000,6.010,12958,0.013894
3,5,6.000,6.010,12959,-0.011630
3,5,6.000,6.010,12960,0.009466
3,5,6.000,6.010,12961,0.017150
3,5,6.000,6.010,12962,-0.003608
3,5,6.000,6.010,12963,-0.009209
3,5,6.000,6.010,12964,-0.008029
3,5,6.000,6.010,12965,-0.006829
3,5,6.000,6.010,12966,0.014641
3,5,6.000,6.010,12967,-0.006873
3,5,6.000,6.010,12968,-0.011734
3,5,6.000,6.010,12969,0.019928
3,5,6.000,6.010,12970,-0.015821
3,5,6.000,6.010,12971,-0.016254
3,5,6.000,6.010,12972,-0.009997
3,5,6.000,6.010,12973,0.012242
3,5,6.000,6.010,12974,0.001532
3,5,6.000,6.010,12975,-0.000527
3,5,6.000,6.010,12976,-0.005983
3,5,6.000,6.010,12977,-0.003141
3,5,6.000,6.010,12978,0.037956
3,5,6.000,6.010,12979,-0.002514
3,5,6.000,6.010,12980,-0.016400
3,5,6.000,6.010,12981,0.020249
3,5,6.000,6.010,12982,-0.007379
3,5,6.000,6.010,12983,-0.003266
3,5,6.000,6.010,12984,-0.008265
3,5,6.000,6.010,12985,-0.022753
3,5,6.000,6.010,12986,0.000363
3,5,6.000,6.010,12987,0.025840
3,5,6.000,6.010,12988,-0.002303
3,5,6.000,6.010,12989,-0.012757
3,5,6.000,6.010,12990,-0.048091
3,5,6.000,6.010,12991,-0.026668
3,5,6.000,6.010,12992,0.007313
3,5,6.000,6.010,12993,0.003136
3,5,6.000,6.010,12994,-0.038315
3,5,6.000,6.010,12995,0.000770
3,5,6.000,6.010,12996,0.029203
3,5,6.000,6.010,12997,-0.019402
3,5,6.000,6.010,12998,0.001043
3,5,6.000,6.010,12999,0.015669
3,5,6.000,6.010,13000,-0.017382
3,5,12.000,12.010,10001,-0.008800
3,5,12.000,12.010,10002,-0.006531
3,5,12.000,12.010,10003,-0.039350
3,5,12.000,12.010,10004,-0.016208
3,5,12.000,12.010,10005,0.002901
3,5,12.000,12.010,10006,0.021316
3,5,12.000,12.010,10007,-0.004486
3,5,12.000,12.010,10008,0.008686
3,5,12.000,12.010,10009,0.006153
3,5,12.000,12.010,10010,-0.004215
3,5,12.000,12.010,10011,-0.003154
3,5,12.000,12.010,10012,-0.005837
3,5,12.000,12.010,10013,-0.008684
3,5,12.000,12.010,10014,0.008530
3,5,12.000,12.010,10015,-0.010766
3,5,12.000,12.010,10016,0.020227
3,5,12.000,12.010,10017,-0.004854
3,5,12.000,12.010,10018,-0.007492
3,5,12.000,12.010,10019,-0.022257
3,5,12.000,12.010,10020,0.022655
3,5,12.000,12.010,10021,0.026875
3,5,12.000,12.010,10022,0.009130
3,5,12.000,12.010,10023,0.018280
3,5,12.000,12.010,10024,0.000721
3,5,12.000,12.010,10025,-0.015013
3,5,12.000,12.010,10026,-0.012449
3,5,12.000,12.010,10027,-0.005173
3,5,12.000,12.010,10028,0.002176
3,5,12.000,12.010,10029,-0.006265
3,5,12.000,12.010,10030,-0.000717
3,5,12.000,12.010,10031,-0.010814
3,5,12.000,12.010,10032,0.000823
3,5,12.000,12.010,10033,0.006190
3,5,12.000,12.010,10034,-0.011380
3,5,12.000,12.010,10035,-0.001658
3,5,12.000,12.010,10036,0.007114
3,5,12.000,12.010,10037,0.011192
3,5,12.000,12.010,10038,0.019236
3,5,12.000,12.010,10039,0.022166
3,5,12.000,12.010,10040,0.014613
3,5,12.000,12.010,10041,0.017043
3,5,12.000,12.010,10042,0.006247
3,5,12.000,12.010,10043,-0.007571
3,5,12.000,12.010,10044,-0.013191
3,5,12.000,12.010,10045,-0.007008
3,5,12.000,12.010,10046,-0.019136
3,5,12.000,12.010,10047,0.006903
3,5,12.000,12.010,10048,0.007308
3,5,12.000,12.010,10049,0.002904
3,5,12.000,12.010,10050,0.008819
3,5,12.000,12.010,10051,0.039214
3,5,12.000,12.010,10052,-0.010070
3,5,12.000,12.010,10053,0.009126
3,5,12.000,12.010,10054,-0.004771
3,5,12.000,12.010,10055,0.014090
3,5,12.000,12.010,10056,0.031447
3,5,12.000,12.010,10057,0.006008
3,5,12.000,12.010,10058,0.007341
3,5,12.000,12.010,10059,0.003505
3,5,12.000,12.010,10060,-0.002859
3,5,12.000,12.010,10061,-0.003708
3,5,12.000,12.010,10062,0.026540
3,5,12.000,12.010,10063,-0.000859
3,5,12.000,12.010,10064,0.014813
3,5,12.000,12.010,10065,-0.012196
3,5,12.000,12.010,10066,-0.009702
3,5,12.000,12.010,10067,0.000800
3,5,12.000,12.010,10068,0.018855
3,5,12.000,12.010,10069,0.003084
3,5,12.000,12.010,10070,-0.009794
3,5,12.000,12.010,10071,-0.029883
3,5,12.000,12.010,10072,0.002625
3,5,12.000,12.010,10073,-0.018456
3,5,12.000,12.010,10074,-0.001641
3,5,12.000,12.010,10075,0.017060
3,5,12.000,12.010,10076,-0.020230
3,5,12.000,12.010,10077,0.005803
3,5,12.000,12.010,10078,-0.010444
3,5,12.000,12.010,10079,-0.039094
3,5,12.000,12.010,10080,-0.042907
3,5,12.000,12.010,10081,-0.015527
3,5,12.000,12.010,10082,0.030479
3,5,12.000,12.010,10083,0.019932
3,5,12.000,12.010,10084,-0.002473
3,5,12.000,12.010,10085,0.009951
3,5,12.000,12.010,10086,0.001730
3,5,12.000,12.010,10087,-0.045489
3,5,12.000,12.010,10088,0.027672
3,5,12.000,12.010,10089,-0.012050
3,5,12.000,12.010,10090,0.008850
3,5,12.000,12.010,10091,-0.005659
3,5,12.000,12.010,10092,-0.014916
3,5,12.000,12.010,10093,-0.025185
3,5,12.000,12.010,10094,-0.020110
3,5,12.000,12.010,10095,0.005541
3,5,12.000,12.010,10096,-0.017779
3,5,12.000,12.010,10097,0.006568
3,5,12.000,12.010,10098,-0.012891
3,5,12.000,12.010,10099,-0.001430
3,5,12.000,12.010,10100,0.001732
3,5,12.000,12.010,10101,0.032022
3,5,12.000,12.010,10102,0.008950
3,5,12.000,12.010,10103,0.012973
3,5,12.000,12.010,10104,-0.031690
3,5,12.000,12.010,10105,0.013116
3,5,12.000,12.010,10106,0.007331
3,5,12.000,12.010,10107,-0.007622
3,5,12.000,12.010,10108,0.003404
3,5,12.000,12.010,10109,0.000147
3,5,12.000,12.010,10110,-0.005531
3,5,12.000,12.010,10111,0.014559
3,5,12.000,12.010,10112,-0.015677
3,5,12.000,12.010,10113,-0.002504
3,5,12.000,12.010,10114,-0.014680
3,5,12.000,12.010,10115,-0.006614
3,5,12.000,12.010,10116,-0.011040
3,5,12.000,12.010,10117,0.015350
3,5,12.000,12.010,10118,0.024274
3,5,12.000,12.010,10119,-0.024770
3,5,12.000,12.010,10120,0.000687
3,5,12.000,12.010,10121,0.004153
3,5,12.000,12.010,10122,-0.021190
3,5,12.000,12.010,10123,0.010796
3,5,12.000,12.010,10124,-0.003863
3,5,12.000,12.010,10125,0.030339
3,5,12.000,12.010,10126,0.023451
3,5,12.000,12.010,10127,-0.010987
3,5,12.000,12.010,10128,0.004985
3,5,12.000,12.010,10129,0.000611
3,5,12.000,12.010,10130,0.007102
3,5,12.000,12.010,10131,0.003974
3,5,12.000,12.010,10132,0.004899
3,5,12.000,12.010,10133,-0.028551
3,5,12.000,12.010,10134,0.021227
3,5,12.000,12.010,10135,0.021848
3,5,12.000,12.010,10136,-0.016411
3,5,12.000,12.010,10137,-0.032464
3,5,12.000,12.010,10138,-0.010735
3,5,12.000,12.010,10139,0.005589
3,5,12.000,12.010,10140,-0.002853
3,5,12.000,12.010,10141,-0.010329
3,5,12.000,12.010,10142,0.005112
3,5,12.000,12.010,10143,-0.013154
3,5,12.000,12.010,10144,0.003683
3,5,12.000,12.010,10145,-0.050760
3,5,12.000,12.010,10146,0.007436
3,5,12.000,12.010,10147,-0.021128
3,5,12.000,12.010,10148,-0.024705
3,5,12.000,12.010,10149,0.006811
3,5,12.000,12.010,10150,0.001514
3,5,12.000,12.010,10151,-0.013547
3,5,12.000,12.010,10152,-0.002104
3,5,12.000,12.010,10153,0.017038
3,5,12.000,12.010,10154,-0.006468
3,5,12.000,12.010,10155,0.014858
3,5,12.000,12.010,10156,0.005802
3,5,12.000,12.010,10157,0.006400
3,5,12.000,12.010,10158,-0.003863
3,5,12.000,12.010,10159,-0.004163
3,5,12.000,12.010,10160,-0.015380
3,5,12.000,12.010,10161,0.006118
3,5,12.000,12.010,10162,-0.000088
3,5,12.000,12.010,10163,0.006315
3,5,12.000,12.010,10164,0.003089
3,5,12.000,12.010,10165,-0.021729
3,5,12.000,12.010,10166,0.007774
3,5,12.000,12.010,10167,-0.021037
3,5,12.000,12.010,10168,-0.001766
3,5,12.000,12.010,10169,-0.017245
3,5,12.000,12.010,10170,0.015223
3,5,12.000,12.010,10171,0.008260
3,5,12.000,12.010,10172,0.011116
3,5,12.000,12.010,10173,-0.016669
3,5,12.000,12.010,10174,-0.006433
3,5,12.000,12.010,10175,0.011307
3,5,12.000,12.010,10176,-0.005324
3,5,12.000,12.010,10177,-0.021702
3,5,12.000,12.010,10178,-0.001995
3,5,12.000,12.010,10179,0.003270
3,5,12.000,12.010,10180,-0.016729
3,5,12.000,12.010,10181,0.000794
3,5,12.000,12.010,10182,0.023745
3,5,12.000,12.010,10183,-0.003527
3,5,12.000,12.010,10184,-0.010643
3,5,12.000,12.010,10185,0.004901
3,5,12.000,12.010,10186,-0.002302
3,5,12.000,12.010,10187,-0.009653
3,5,12.000,12.010,10188,-0.007109
3,5,12.000,12.010,10189,0.009365
3,5,12.000,12.010,10190,-0.004553
3,5,12.000,12.010,10191,-0.004789
3,5,12.000,12.010,10192,0.006157
3,5,12.000,12.010,10193,0.010110
3,5,12.000,12.010,10194,-0.007477
3,5,12.000,12.010,10195,-0.007513
3,5,12.000,12.010,10196,0.005127
3,5,12.000,12.010,10197,-0.002193
3,5,12.000,12.010,10198,0.020363
3,5,12.000,12.010,10199,-0.018693
3,5,12.000,12.010,10200,-0.022485
3,5,12.000,12.010,10201,-0.012052
3,5,12.000,12.010,10202,-0.003463
3,5,12.000,12.010,10203,0.013115
3,5,12.000,12.010,10204,-0.000606
3,5,12.000,12.010,10205,0.001863
3,5,12.000,12.010,10206,0.026613
3,5,12.000,12.010,10207,0.012446
3,5,12.000,12.010,10208,-0.003307
3,5,12.000,12.010,10209,0.026636
3,5,12.000,12.010,10210,0.013532
3,5,12.000,12.010,10211,-0.002298
3,5,12.000,12.010,10212,-0.013311
3,5,12.000,12.010,10213,-0.007957
3,5,12.000,12.010,10214,-0.027484
3,5,12.000,12.010,10215,-0.014006
3,5,12.000,12.010,10216,-0.003591
3,5,12.000,12.010,10217,-0.019734
3,5,12.000,12.010,10218,-0.029685
3,5,12.000,12.010,10219,0.006362
3,5,12.000,12.010,10220,-0.007648
3,5,12.000,12.010,10221,0.016603
3,5,12.000,12.010,10222,-0.042500
3,5,12.000,12.010,10223,0.003588
3,5,12.000,12.010,10224,0.008162
3,5,12.000,12.010,10225,-0.009540
3,5,12.000,12.010,10226,0.017803
3,5,12.000,12.010,10227,0.026883
3,5,12.000,12.010,10228,0.006728
3,5,12.000,12.010,10229,0.001038
3,5,12.000,12.010,10230,-0.034421
3,5,12.000,12.010,10231,0.010668
3,5,12.000,12.010,10232,-0.027851
3,5,12.000,12.010,10233,-0.003898
3,5,12.000,12.010,10234,-0.011828
3,5,12.000,12.010,10235,0.004045
3,5,12.000,12.010,10236,0.037905
3,5,12.000,12.010,10237,-0.008752
3,5,12.000,12.010,10238,0.015957
3,5,12.000,12.010,10239,0.003001
3,5,12.000,12.010,10240,-0.014417
3,5,12.000,12.010,10241,-0.012025
3,5,12.000,12.010,10242,0.007399
3,5,12.000,12.010,10243,-0.017388
3,5,12.000,12.010,10244,0.002544
3,5,12.000,12.010,10245,-0.030199
3,5,12.000,12.010,10246,-0.001198
3,5,12.000,12.010,10247,0.000126
3,5,12.000,12.010,10248,-0.008682
3,5,12.000,12.010,10249,0.011237
3,5,12.000,12.010,10250,-0.003890
3,5,12.000,12.010,10251,-0.002442
3,5,12.000,12.010,10252,-0.001967
3,5,12.000,12.010,10253,-0.003487
3,5,12.000,12.010,10254,-0.015588
3,5,12.000,12.010,10255,0.005471
3,5,12.000,12.010,10256,-0.036438
3,5,12.000,12.010,10257,-0.013098
3,5,12.000,12.010,10258,0.027021
3,5,12.000,12.010,10259,0.009489
3,5,12.000,12.010,10260,0.001122
3,5,12.000,12.010,10261,0.000502
3,5,12.000,12.010,10262,0.020656
3,5,12.000,12.010,10263,0.010662
3,5,12.000,12.010,10264,0.011957
3,5,12.000,12.010,10265,0.030496
3,5,12.000,12.010,10266,-0.014320
3,5,12.000,12.010,10267,-0.013465
3,5,12.000,12.010,10268,0.000564
3,5,12.000,12.010,10269,-0.013916
3,5,12.000,12.010,10270,-0.034189
3,5,12.000,12.010,10271,0.010523
3,5,12.000,12.010,10272,0.014315
3,5,12.000,12.010,10273,0.014230
3,5,12.000,12.010,10274,0.008595
3,5,12.000,12.010,10275,0.006011
3,5,12.000,12.010,10276,-0.003735
3,5,12.000,12.010,10277,-0.010380
3,5,12.000,12.010,10278,0.003900
3,5,12.000,12.010,10279,0.011908
3,5,12.000,12.010,10280,-0.011444
3,5,12.000,12.010,10281,-0.029570
3,5,12.000,12.010,10282,-0.000083
3,5,12.000,12.010,10283,0.004665
3,5,12.000,12.010,10284,0.031024
3,5,12.000,12.010,10285,-0.013892
3,5,12.000,12.010,10286,0.005116
3,5,12.000,12.010,10287,0.008734
3,5,12.000,12.010,10288,-0.004291
3,5,12.000,12.010,10289,-0.001266
3,5,12.000,12.010,10290,-0.014819
3,5,12.000,12.010,10291,0.003089
3,5,12.000,12.010,10292,0.009845
3,5,12.000,12.010,10293,-0.024108
3,5,12.000,12.010,10294,-0.012091
3,5,12.000,12.010,10295,0.009511
3,5,12.000,12.010,10296,-0.014443
3,5,12.000,12.010,10297,-0.002691
3,5,12.000,12.010,10298,-0.015603
3,5,12.000,12.010,10299,0.007262
3,5,12.000,12.010,10300,-0.018240
3,5,12.000,12.010,10301,-0.002069
3,5,12.000,12.010,10302,0.000777
3,5,12.000,12.010,10303,-0.018360
3,5,12.000,12.010,10304,-0.004971
3,5,12.000,12.010,10305,0.000132
3,5,12.000,12.010,10306,0.004323
3,5,12.000,12.010,10307,-0.008172
3,5,12.000,12.010,10308,0.019544
3,5,12.000,12.010,10309,-0.000595
3,5,12.000,12.010,10310,-0.005626
3,5,12.000,12.010,10311,-0.006605
3,5,12.000,12.010,10312,0.004467
3,5,12.000,12.010,10313,0.008015
3,5,12.000,12.010,10314,-0.000299
3,5,12.000,12.010,10315,0.000633
3,5,12.000,12.010,10316,0.012278
3,5,12.000,12.010,10317,0.005392
3,5,12.000,12.010,10318,-0.006881
3,5,12.000,12.010,10319,0.004833
3,5,12.000,12.010,10320,-0.012702
3,5,12.000,12.010,10321,-0.017000
3,5,12.000,12.010,10322,0.007800
3,5,12.000,12.010,10323,-0.013849
3,5,12.000,12.010,10324,-0.006967
3,5,12.000,12.010,10325,0.023005
3,5,12.000,12.010,10326,0.008449
3,5,12.000,12.010,10327,0.000437
3,5,12.000,12.010,10328,-0.010227
3,5,12.000,12.010,10329,0.001033
3,5,12.000,12.010,10330,-0.012434
3,5,12.000,12.010,10331,0.017699
3,5,12.000,12.010,10332,-0.049635
3,5,12.000,12.010,10333,-0.002258
3,5,12.000,12.010,10334,-0.024260
3,5,12.000,12.010,10335,0.023781
3,5,12.000,12.010,10336,-0.033484
3,5,12.000,12.010,10337,0.007740
3,5,12.000,12.010,10338,-0.016672
3,5,12.000,12.010,10339,0.016539
3,5,12.000,12.010,10340,-0.013189
3,5,12.000,12.010,10341,-0.005054
3,5,12.000,12.010,10342,0.016967
3,5,12.000,12.010,10343,0.017190
3,5,12.000,12.010,10344,-0.022995
3,5,12.000,12.010,10345,-0.015332
3,5,12.000,12.010,10346,0.007213
3,5,12.000,12.010,10347,0.014560
3,5,12.000,12.010,10348,-0.019236
3,5,12.000,12.010,10349,-0.005425
3,5,12.000,12.010,10350,-0.019121
3,5,12.000,12.010,10351,-0.008736
3,5,12.000,12.010,10352,-0.013455
3,5,12.000,12.010,10353,0.030583
3,5,12.000,12.010,10354,-0.002492
3,5,12.000,12.010,10355,-0.027549
3,5,12.000,12.010,10356,0.001872
3,5,12.000,12.010,10357,-0.008063
3,5,12.000,12.010,10358,0.001843
3,5,12.000,12.010,10359,-0.004265
3,5,12.000,12.010,10360,0.018651
3,5,12.000,12.010,10361,0.003389
3,5,12.000,12.010,10362,-0.030853
3,5,12.000,12.010,10363,0.006361
3,5,12.000,12.010,10364,-0.006565
3,5,12.000,12.010,10365,-0.016402
3,5,12.000,12.010,10366,0.009584
3,5,12.000,12.010,10367,-0.008795
3,5,12.000,12.010,10368,-0.000796
3,5,12.000,12.010,10369,0.017115
3,5,12.000,12.010,10370,-0.001307
3,5,12.000,12.010,10371,0.019114
3,5,12.000,12.010,10372,0.012961
3,5,12.000,12.010,10373,0.010835
3,5,12.000,12.010,10374,-0.018557
3,5,12.000,12.010,10375,-0.002614
3,5,12.000,12.010,10376,0.005501
3,5,12.000,12.010,10377,0.008087
3,5,12.000,12.010,10378,-0.018537
3,5,12.000,12.010,10379,0.003661
3,5,12.000,12.010,10380,0.002174
3,5,12.000,12.010,10381,0.033309
3,5,12.000,12.010,10382,0.006801
3,5,12.000,12.010,10383,-0.002045
3,5,12.000,12.010,10384,0.015008
3,5,12.000,12.010,10385,-0.025449
3,5,12.000,12.010,10386,0.007038
3,5,12.000,12.010,10387,0.027823
3,5,12.000,12.010,10388,0.007694
3,5,12.000,12.010,10389,-0.023542
3,5,12.000,12.010,10390,0.008144
3,5,12.000,12.010,10391,0.013265
3,5,12.000,12.010,10392,0.005665
3,5,12.000,12.010,10393,-0.017639
3,5,12.000,12.010,10394,-0.009113
3,5,12.000,12.010,10395,0.023936
3,5,12.000,12.010,10396,0.008573
3,5,12.000,12.010,10397,-0.009172
3,5,12.000,12.010,10398,0.026648
3,5,12.000,12.010,10399,-0.008722
3,5,12.000,12.010,10400,-0.001640
3,5,12.000,12.010,10401,0.013234
3,5,12.000,12.010,10402,0.014588
3,5,12.000,12.010,10403,0.014067
3,5,12.000,12.010,10404,-0.007884
3,5,12.000,12.010,10405,0.007531
3,5,12.000,12.010,10406,-0.010452
3,5,12.000,12.010,10407,-0.031549
3,5,12.000,12.010,10408,-0.021141
3,5,12.000,12.010,10409,-0.006495
3,5,12.000,12.010,10410,-0.003622
3,5,12.000,12.010,10411,0.016984
3,5,12.000,12.010,10412,-0.002589
3,5,12.000,12.010,10413,-0.018687
3,5,12.000,12.010,10414,-0.021731
3,5,12.000,12.010,10415,-0.010612
3,5,12.000,12.010,10416,-0.013482
3,5,12.000,12.010,10417,0.009224
3,5,12.000,12.010,10418,-0.007906
3,5,12.000,12.010,10419,0.009216
3,5,12.000,12.010,10420,0.016671
3,5,12.000,12.010,10421,0.027734
3,5,12.000,12.010,10422,0.006856
3,5,12.000,12.010,10423,0.006941
3,5,12.000,12.010,10424,0.022363
3,5,12.000,12.010,10425,0.007327
3,5,12.000,12.010,10426,-0.020416
3,5,12.000,12.010,10427,-0.003933
3,5,12.000,12.010,10428,-0.013570
3,5,12.000,12.010,10429,0.015989
3,5,12.000,12.010,10430,0.026773
3,5,12.000,12.010,10431,0.013371
3,5,12.000,12.010,10432,-0.013638
3,5,12.000,12.010,10433,0.015526
3,5,12.000,12.010,10434,0.005133
3,5,12.000,12.010,10435,-0.003558
3,5,12.000,12.010,10436,0.007183
3,5,12.000,12.010,10437,0.008712
3,5,12.000,12.010,10438,-0.020811
3,5,12.000,12.010,10439,0.000859
3,5,12.000,12.010,10440,-0.020881
3,5,12.000,12.010,10441,0.006919
3,5,12.000,12.010,10442,-0.015134
3,5,12.000,12.010,10443,0.008329
3,5,12.000,12.010,10444,-0.009083
3,5,12.000,12.010,10445,0.015827
3,5,12.000,12.010,10446,0.005973
3,5,12.000,12.010,10447,0.012945
3,5,12.000,12.010,10448,-0.026589
3,5,12.000,12.010,10449,-0.003540
3,5,12.000,12.010,10450,-0.016812
3,5,12.000,12.010,10451,-0.020293
3,5,12.000,12.010,10452,-0.004742
3,5,12.000,12.010,10453,-0.058312
3,5,12.000,12.010,10454,0.007749
3,5,12.000,12.010,10455,0.007241
3,5,12.000,12.010,10456,-0.010862
3,5,12.000,12.010,10457,0.024429
3,5,12.000,12.010,10458,-0.014112
3,5,12.000,12.010,10459,0.006087
3,5,12.000,12.010,10460,0.010178
3,5,12.000,12.010,10461,-0.001128
3,5,12.000,12.010,10462,-0.005737
3,5,12.000,12.010,10463,-0.029426
3,5,12.000,12.010,10464,0.010251
3,5,12.000,12.010,10465,0.008142
3,5,12.000,12.010,10466,-0.012376
3,5,12.000,12.010,10467,-0.012800
3,5,12.000,12.010,10468,-0.007921
3,5,12.000,12.010,10469,-0.005525
3,5,12.000,12.010,10470,-0.018414
3,5,12.000,12.010,10471,0.012137
3,5,12.000,12.010,10472,0.001345
3,5,12.000,12.010,10473,-0.011880
3,5,12.000,12.010,10474,-0.019419
3,5,12.000,12.010,10475,0.006183
3,5,12.000,12.010,10476,0.023137
3,5,12.000,12.010,10477,0.000570
3,5,12.000,12.010,10478,0.003594
3,5,12.000,12.010,10479,-0.001391
3,5,12.000,12.010,10480,-0.019711
3,5,12.000,12.010,10481,0.019490
3,5,12.000,12.010,10482,-0.016729
3,5,12.000,12.010,10483,-0.002446
3,5,12.000,12.010,10484,0.004476
3,5,12.000,12.010,10485,-0.010863
3,5,12.000,12.010,10486,-0.010933
3,5,12.000,12.010,10487,0.009364
3,5,12.000,12.010,10488,-0.016264
3,5,12.000,12.010,10489,0.009876
3,5,12.000,12.010,10490,-0.016588
3,5,12.000,12.010,10491,0.012693
3,5,12.000,12.010,10492,-0.007954
3,5,12.000,12.010,10493,0.009454
3,5,12.000,12.010,10494,-0.014764
3,5,12.000,12.010,10495,0.016129
3,5,12.000,12.010,10496,-0.030002
3,5,12.000,12.010,10497,-0.003285
3,5,12.000,12.010,10498,0.023741
3,5,12.000,12.010,10499,-0.022659
3,5,12.000,12.010,10500,-0.010798
3,5,12.000,12.010,10501,-0.033265
3,5,12.000,12.010,10502,-0.000620
3,5,12.000,12.010,10503,0.020849
3,5,12.000,12.010,10504,-0.034049
3,5,12.000,12.010,10505,-0.011003
3,5,12.000,12.010,10506,-0.010067
3,5,12.000,12.010,10507,-0.015413
3,5,12.000,12.010,10508,-0.007906
3,5,12.000,12.010,10509,0.020245
3,5,12.000,12.010,10510,0.014619
3,5,12.000,12.010,10511,-0.005672
3,5,12.000,12.010,10512,-0.007108
3,5,12.000,12.010,10513,0.002202
3,5,12.000,12.010,10514,0.027538
3,5,12.000,12.010,10515,0.004192
3,5,12.000,12.010,10516,0.011984
3,5,12.000,12.010,10517,0.026746
3,5,12.000,12.010,10518,-0.008159
3,5,12.000,12.010,10519,-0.001210
3,5,12.000,12.010,10520,-0.000606
3,5,12.000,12.010,10521,0.008484
3,5,12.000,12.010,10522,0.002304
3,5,12.000,12.010,10523,-0.019744
3,5,12.000,12.010,10524,0.028644
3,5,12.000,12.010,10525,-0.010703
3,5,12.000,12.010,10526,-0.031413
3,5,12.000,12.010,10527,-0.034204
3,5,12.000,12.010,10528,-0.011965
3,5,12.000,12.010,10529,0.020978
3,5,12.000,12.010,10530,-0.026901
3,5,12.000,12.010,10531,0.003372
3,5,12.000,12.010,10532,0.015668
3,5,12.000,12.010,10533,0.019997
3,5,12.000,12.010,10534,0.000556
3,5,12.000,12.010,10535,0.009690
3,5,12.000,12.010,10536,-0.021673
3,5,12.000,12.010,10537,-0.003000
3,5,12.000,12.010,10538,0.010306
3,5,12.000,12.010,10539,-0.003238
3,5,12.000,12.010,10540,-0.011349
3,5,12.000,12.010,10541,-0.012631
3,5,12.000,12.010,10542,0.001388
3,5,12.000,12.010,10543,0.019198
3,5,12.000,12.010,10544,-0.005460
3,5,12.000,12.010,10545,0.011255
3,5,12.000,12.010,10546,0.009499
3,5,12.000,12.010,10547,0.027970
3,5,12.000,12.010,10548,0.018529
3,5,12.000,12.010,10549,0.004233
3,5,12.000,12.010,10550,-0.013438
3,5,12.000,12.010,10551,-0.013193
3,5,12.000,12.010,10552,-0.008446
3,5,12.000,12.010,10553,-0.001661
3,5,12.000,12.010,10554,-0.006932
3,5,12.000,12.010,10555,0.006871
3,5,12.000,12.010,10556,-0.010909
3,5,12.000,12.010,10557,-0.011936
3,5,12.000,12.010,10558,-0.027552
3,5,12.000,12.010,10559,0.010951
3,5,12.000,12.010,10560,0.023943
3,5,12.000,12.010,10561,0.026775
3,5,12.000,12.010,10562,0.005417
3,5,12.000,12.010,10563,-0.022796
3,5,12.000,12.010,10564,0.018776
3,5,12.000,12.010,10565,0.025646
3,5,12.000,12.010,10566,-0.013978
3,5,12.000,12.010,10567,-0.021874
3,5,12.000,12.010,10568,0.005331
3,5,12.000,12.010,10569,-0.026698
3,5,12.000,12.010,10570,0.010733
3,5,12.000,12.010,10571,0.013812
3,5,12.000,12.010,10572,0.010007
3,5,12.000,12.010,10573,-0.013368
3,5,12.000,12.010,10574,0.002455
3,5,12.000,12.010,10575,-0.005307
3,5,12.000,12.010,10576,-0.007419
3,5,12.000,12.010,10577,-0.015440
3,5,12.000,12.010,10578,0.003695
3,5,12.000,12.010,10579,-0.000462
3,5,12.000,12.010,10580,-0.007393
3,5,12.000,12.010,10581,0.022648
3,5,12.000,12.010,10582,0.011943
3,5,12.000,12.010,10583,-0.012867
3,5,12.000,12.010,10584,0.004912
3,5,12.000,12.010,10585,-0.026929
3,5,12.000,12.010,10586,-0.027323
3,5,12.000,12.010,10587,0.010965
3,5,12.000,12.010,10588,0.009223
3,5,12.000,12.010,10589,-0.000657
3,5,12.000,12.010,10590,0.000233
3,5,12.000,12.010,10591,-0.022062
3,5,12.000,12.010,10592,0.035080
3,5,12.000,12.010,10593,0.004079
3,5,12.000,12.010,10594,0.009971
3,5,12.000,12.010,10595,0.000124
3,5,12.000,12.010,10596,-0.008516
3,5,12.000,12.010,10597,0.023079
3,5,12.000,12.010,10598,-0.016111
3,5,12.000,12.010,10599,0.008990
3,5,12.000,12.010,10600,0.001851
3,5,12.000,12.010,10601,0.013030
3,5,12.000,12.010,10602,0.007342
3,5,12.000,12.010,10603,-0.016602
3,5,12.000,12.010,10604,0.019373
3,5,12.000,12.010,10605,0.017659
3,5,12.000,12.010,10606,-0.024727
3,5,12.000,12.010,10607,-0.010589
3,5,12.000,12.010,10608,-0.053484
3,5,12.000,12.010,10609,0.008572
3,5,12.000,12.010,10610,-0.016157
3,5,12.000,12.010,10611,0.019981
3,5,12.000,12.010,10612,0.008690
3,5,12.000,12.010,10613,-0.006457
3,5,12.000,12.010,10614,0.006840
3,5,12.000,12.010,10615,-0.009381
3,5,12.000,12.010,10616,0.003604
3,5,12.000,12.010,10617,0.018572
3,5,12.000,12.010,10618,0.003831
3,5,12.000,12.010,10619,-0.000038
3,5,12.000,12.010,10620,0.012871
3,5,12.000,12.010,10621,-0.020968
3,5,12.000,12.010,10622,-0.020390
3,5,12.000,12.010,10623,0.042245
3,5,12.000,12.010,10624,0.004530
3,5,12.000,12.010,10625,0.002343
3,5,12.000,12.010,10626,0.029163
3,5,12.000,12.010,10627,-0.011226
3,5,12.000,12.010,10628,0.002026
3,5,12.000,12.010,10629,-0.001161
3,5,12.000,12.010,10630,-0.003507
3,5,12.000,12.010,10631,-0.009691
3,5,12.000,12.010,10632,-0.010799
3,5,12.000,12.010,10633,0.006405
3,5,12.000,12.010,10634,-0.010776
3,5,12.000,12.010,10635,-0.000787
3,5,12.000,12.010,10636,-0.034957
3,5,12.000,12.010,10637,0.002973
3,5,12.000,12.010,10638,0.009641
3,5,12.000,12.010,10639,-0.002079
3,5,12.000,12.010,10640,-0.008465
3,5,12.000,12.010,10641,-0.000788
3,5,12.000,12.010,10642,-0.009233
3,5,12.000,12.010,10643,0.001472
3,5,12.000,12.010,10644,-0.013532
3,5,12.000,12.010,10645,-0.014444
3,5,12.000,12.010,10646,-0.027747
3,5,12.000,12.010,10647,0.003703
3,5,12.000,12.010,10648,-0.006275
3,5,12.000,12.010,10649,-0.013812
3,5,12.000,12.010,10650,0.002464
3,5,12.000,12.010,10651,0.025273
3,5,12.000,12.010,10652,0.000448
3,5,12.000,12.010,10653,0.003277
3,5,12.000,12.010,10654,0.003157
3,5,12.000,12.010,10655,0.004336
3,5,12.000,12.010,10656,0.045851
3,5,12.000,12.010,10657,0.004946
3,5,12.000,12.010,10658,-0.022779
3,5,12.000,12.010,10659,0.015991
3,5,12.000,12.010,10660,0.014768
3,5,12.000,12.010,10661,0.003827
3,5,12.000,12.010,10662,0.007498
3,5,12.000,12.010,10663,0.007472
3,5,12.000,12.010,10664,0.001940
3,5,12.000,12.010,10665,0.010369
3,5,12.000,12.010,10666,0.013900
3,5,12.000,12.010,10667,-0.000650
3,5,12.000,12.010,10668,0.008036
3,5,12.000,12.010,10669,-0.025453
3,5,12.000,12.010,10670,-0.023657
3,5,12.000,12.010,10671,-0.023615
3,5,12.000,12.010,10672,-0.019246
3,5,12.000,12.010,10673,-0.003414
3,5,12.000,12.010,10674,0.000616
3,5,12.000,12.010,10675,0.022679
3,5,12.000,12.010,10676,0.004113
3,5,12.000,12.010,10677,0.002152
3,5,12.000,12.010,10678,0.018946
3,5,12.000,12.010,10679,-0.007802
3,5,12.000,12.010,10680,0.001785
3,5,12.000,12.010,10681,-0.001287
3,5,12.000,12.010,10682,-0.024201
3,5,12.000,12.010,10683,-0.015847
3,5,12.000,12.010,10684,-0.006992
3,5,12.000,12.010,10685,-0.035443
3,5,12.000,12.010,10686,-0.011839
3,5,12.000,12.010,10687,-0.005678
3,5,12.000,12.010,10688,0.004314
3,5,12.000,12.010,10689,0.005443
3,5,12.000,12.010,10690,-0.010745
3,5,12.000,12.010,10691,0.008051
3,5,12.000,12.010,10692,-0.010919
3,5,12.000,12.010,10693,-0.008219
3,5,12.000,12.010,10694,0.010371
3,5,12.000,12.010,10695,0.007292
3,5,12.000,12.010,10696,-0.012685
3,5,12.000,12.010,10697,-0.007262
3,5,12.000,12.010,10698,0.019588
3,5,12.000,12.010,10699,0.012018
3,5,12.000,12.010,10700,0.011350
3,5,12.000,12.010,10701,-0.000337
3,5,12.000,12.010,10702,0.004250
3,5,12.000,12.010,10703,-0.002427
3,5,12.000,12.010,10704,0.001889
3,5,12.000,12.010,10705,0.007126
3,5,12.000,12.010,10706,0.014418
3,5,12.000,12.010,10707,0.005286
3,5,12.000,12.010,10708,-0.003707
3,5,12.000,12.010,10709,0.006966
3,5,12.000,12.010,10710,-0.004204
3,5,12.000,12.010,10711,0.000429
3,5,12.000,12.010,10712,-0.036022
3,5,12.000,12.010,10713,0.005285
3,5,12.000,12.010,10714,0.016774
3,5,12.000,12.010,10715,0.003876
3,5,12.000,12.010,10716,0.017411
3,5,12.000,12.010,10717,-0.001655
3,5,12.000,12.010,10718,-0.000450
3,5,12.000,12.010,10719,0.016121
3,5,12.000,12.010,10720,0.020627
3,5,12.000,12.010,10721,0.010409
3,5,12.000,12.010,10722,-0.002165
3,5,12.000,12.010,10723,0.002845
3,5,12.000,12.010,10724,-0.017674
3,5,12.000,12.010,10725,-0.016282
3,5,12.000,12.010,10726,-0.001796
3,5,12.000,12.010,10727,-0.001610
3,5,12.000,12.010,10728,0.021358
3,5,12.000,12.010,10729,0.009999
3,5,12.000,12.010,10730,-0.025498
3,5,12.000,12.010,10731,0.003343
3,5,12.000,12.010,10732,0.002183
3,5,12.000,12.010,10733,0.007981
3,5,12.000,12.010,10734,-0.012423
3,5,12.000,12.010,10735,-0.020997
3,5,12.000,12.010,10736,-0.028630
3,5,12.000,12.010,10737,0.007729
3,5,12.000,12.010,10738,-0.026193
3,5,12.000,12.010,10739,0.016741
3,5,12.000,12.010,10740,0.012692
3,5,12.000,12.010,10741,0.017785
3,5,12.000,12.010,10742,0.012308
3,5,12.000,12.010,10743,0.007330
3,5,12.000,12.010,10744,0.021034
3,5,12.000,12.010,10745,-0.039879
3,5,12.000,12.010,10746,0.012066
3,5,12.000,12.010,10747,-0.013201
3,5,12.000,12.010,10748,0.021489
3,5,12.000,12.010,10749,-0.010756
3,5,12.000,12.010,10750,-0.013171
3,5,12.000,12.010,10751,0.021655
3,5,12.000,12.010,10752,0.013300
3,5,12.000,12.010,10753,0.029736
3,5,12.000,12.010,10754,-0.007884
3,5,12.000,12.010,10755,-0.003321
3,5,12.000,12.010,10756,-0.012628
3,5,12.000,12.010,10757,-0.028511
3,5,12.000,12.010,10758,0.001361
3,5,12.000,12.010,10759,-0.004796
3,5,12.000,12.010,10760,-0.026251
3,5,12.000,12.010,10761,-0.018561
3,5,12.000,12.010,10762,-0.032539
3,5,12.000,12.010,10763,-0.007384
3,5,12.000,12.010,10764,-0.002744
3,5,12.000,12.010,10765,-0.012451
3,5,12.000,12.010,10766,-0.028764
3,5,12.000,12.010,10767,-0.000889
3,5,12.000,12.010,10768,-0.011526
3,5,12.000,12.010,10769,-0.017092
3,5,12.000,12.010,10770,0.012368
3,5,12.000,12.010,10771,-0.005772
3,5,12.000,12.010,10772,0.004273
3,5,12.000,12.010,10773,0.025783
3,5,12.000,12.010,10774,0.025324
3,5,12.000,12.010,10775,0.024381
3,5,12.000,12.010,10776,0.012196
3,5,12.000,12.010,10777,0.003564
3,5,12.000,12.010,10778,-0.007971
3,5,12.000,12.010,10779,0.000479
3,5,12.000,12.010,10780,-0.000719
3,5,12.000,12.010,10781,-0.011149
3,5,12.000,12.010,10782,0.011129
3,5,12.000,12.010,10783,0.014575
3,5,12.000,12.010,10784,0.015144
3,5,12.000,12.010,10785,-0.001736
3,5,12.000,12.010,10786,-0.008789
3,5,12.000,12.010,10787,0.000347
3,5,12.000,12.010,10788,0.014294
3,5,12.000,12.010,10789,0.003444
3,5,12.000,12.010,10790,-0.018696
3,5,12.000,12.010,10791,0.007406
3,5,12.000,12.010,10792,-0.021216
3,5,12.000,12.010,10793,-0.000171
3,5,12.000,12.010,10794,-0.051828
3,5,12.000,12.010,10795,-0.013467
3,5,12.000,12.010,10796,0.008900
3,5,12.000,12.010,10797,-0.008913
3,5,12.000,12.010,10798,0.004779
3,5,12.000,12.010,10799,-0.014111
3,5,12.000,12.010,10800,-0.018655
3,5,12.000,12.010,10801,0.008359
3,5,12.000,12.010,10802,0.024530
3,5,12.000,12.010,10803,0.006228
3,5,12.000,12.010,10804,0.011514
3,5,12.000,12.010,10805,-0.001317
3,5,12.000,12.010,10806,0.001878
3,5,12.000,12.010,10807,0.038091
3,5,12.000,12.010,10808,0.029717
3,5,12.000,12.010,10809,0.011054
3,5,12.000,12.010,10810,-0.027839
3,5,12.000,12.010,10811,-0.008984
3,5,12.000,12.010,10812,0.013114
3,5,12.000,12.010,10813,0.002822
3,5,12.000,12.010,10814,0.006125
3,5,12.000,12.010,10815,-0.001118
3,5,12.000,12.010,10816,0.014247
3,5,12.000,12.010,10817,0.006914
3,5,12.000,12.010,10818,0.014882
3,5,12.000,12.010,10819,0.000164
3,5,12.000,12.010,10820,0.024367
3,5,12.000,12.010,10821,-0.004784
3,5,12.000,12.010,10822,0.012014
3,5,12.000,12.010,10823,-0.001909
3,5,12.000,12.010,10824,-0.008010
3,5,12.000,12.010,10825,-0.007547
3,5,12.000,12.010,10826,0.022703
3,5,12.000,12.010,10827,-0.007228
3,5,12.000,12.010,10828,-0.036924
3,5,12.000,12.010,10829,-0.000779
3,5,12.000,12.010,10830,0.002959
3,5,12.000,12.010,10831,0.010600
3,5,12.000,12.010,10832,-0.003844
3,5,12.000,12.010,10833,0.027306
3,5,12.000,12.010,10834,-0.011948
3,5,12.000,12.010,10835,0.005377
3,5,12.000,12.010,10836,-0.008135
3,5,12.000,12.010,10837,0.007558
3,5,12.000,12.010,10838,-0.019387
3,5,12.000,12.010,10839,0.030320
3,5,12.000,12.010,10840,0.015796
3,5,12.000,12.010,10841,0.003633
3,5,12.000,12.010,10842,-0.005622
3,5,12.000,12.010,10843,-0.023076
3,5,12.000,12.010,10844,0.014889
3,5,12.000,12.010,10845,0.002235
3,5,12.000,12.010,10846,-0.003571
3,5,12.000,12.010,10847,-0.021374
3,5,12.000,12.010,10848,0.003534
3,5,12.000,12.010,10849,0.001818
3,5,12.000,12.010,10850,0.019961
3,5,12.000,12.010,10851,0.027048
3,5,12.000,12.010,10852,0.006450
3,5,12.000,12.010,10853,-0.009661
3,5,12.000,12.010,10854,0.007728
3,5,12.000,12.010,10855,-0.001450
3,5,12.000,12.010,10856,-0.003303
3,5,12.000,12.010,10857,-0.002000
3,5,12.000,12.010,10858,0.003648
3,5,12.000,12.010,10859,-0.028287
3,5,12.000,12.010,10860,0.000944
3,5,12.000,12.010,10861,-0.012677
3,5,12.000,12.010,10862,0.015215
3,5,12.000,12.010,10863,0.013308
3,5,12.000,12.010,10864,0.003829
3,5,12.000,12.010,10865,0.004650
3,5,12.000,12.010,10866,0.013341
3,5,12.000,12.010,10867,-0.017794
3,5,12.000,12.010,10868,0.030291
3,5,12.000,12.010,10869,-0.002042
3,5,12.000,12.010,10870,-0.006361
3,5,12.000,12.010,10871,-0.027999
3,5,12.000,12.010,10872,-0.012337
3,5,12.000,12.010,10873,-0.004884
3,5,12.000,12.010,10874,-0.021461
3,5,12.000,12.010,10875,0.014455
3,5,12.000,12.010,10876,0.001653
3,5,12.000,12.010,10877,0.004297
3,5,12.000,12.010,10878,0.005988
3,5,12.000,12.010,10879,-0.008064
3,5,12.000,12.010,10880,0.003001
3,5,12.000,12.010,10881,-0.009733
3,5,12.000,12.010,10882,-0.007279
3,5,12.000,12.010,10883,-0.003521
3,5,12.000,12.010,10884,0.023083
3,5,12.000,12.010,10885,-0.003979
3,5,12.000,12.010,10886,-0.004517
3,5,12.000,12.010,10887,-0.008951
3,5,12.000,12.010,10888,-0.008175
3,5,12.000,12.010,10889,0.007038
3,5,12.000,12.010,10890,0.015281
3,5,12.000,12.010,10891,0.007169
3,5,12.000,12.010,10892,-0.004315
3,5,12.000,12.010,10893,-0.007773
3,5,12.000,12.010,10894,0.012796
3,5,12.000,12.010,10895,-0.002875
3,5,12.000,12.010,10896,-0.013797
3,5,12.000,12.010,10897,-0.011602
3,5,12.000,12.010,10898,-0.011820
3,5,12.000,12.010,10899,-0.003518
3,5,12.000,12.010,10900,-0.009126
3,5,12.000,12.010,10901,0.005338
3,5,12.000,12.010,10902,0.021799
3,5,12.000,12.010,10903,-0.017529
3,5,12.000,12.010,10904,0.003933
3,5,12.000,12.010,10905,-0.003319
3,5,12.000,12.010,10906,-0.007370
3,5,12.000,12.010,10907,0.022574
3,5,12.000,12.010,10908,-0.003637
3,5,12.000,12.010,10909,0.023283
3,5,12.000,12.010,10910,0.005426
3,5,12.000,12.010,10911,0.012739
3,5,12.000,12.010,10912,0.003138
3,5,12.000,12.010,10913,-0.005267
3,5,12.000,12.010,10914,0.012965
3,5,12.000,12.010,10915,-0.025889
3,5,12.000,12.010,10916,-0.017824
3,5,12.000,12.010,10917,-0.002106
3,5,12.000,12.010,10918,-0.037244
3,5,12.000,12.010,10919,0.007380
3,5,12.000,12.010,10920,-0.002641
3,5,12.000,12.010,10921,0.026507
3,5,12.000,12.010,10922,-0.017320
3,5,12.000,12.010,10923,0.003991
3,5,12.000,12.010,10924,0.021022
3,5,12.000,12.010,10925,0.011429
3,5,12.000,12.010,10926,0.004885
3,5,12.000,12.010,10927,0.011620
3,5,12.000,12.010,10928,-0.006490
3,5,12.000,12.010,10929,0.004971
3,5,12.000,12.010,10930,-0.001610
3,5,12.000,12.010,10931,0.002953
3,5,12.000,12.010,10932,-0.005094
3,5,12.000,12.010,10933,0.031494
3,5,12.000,12.010,10934,0.026132
3,5,12.000,12.010,10935,-0.023197
3,5,12.000,12.010,10936,0.029013
3,5,12.000,12.010,10937,0.007257
3,5,12.000,12.010,10938,0.013936
3,5,12.000,12.010,10939,0.024211
3,5,12.000,12.010,10940,-0.014505
3,5,12.000,12.010,10941,0.013633
3,5,12.000,12.010,10942,0.000058
3,5,12.000,12.010,10943,0.006578
3,5,12.000,12.010,10944,0.022906
3,5,12.000,12.010,10945,0.011261
3,5,12.000,12.010,10946,-0.000917
3,5,12.000,12.010,10947,0.021290
3,5,12.000,12.010,10948,0.029194
3,5,12.000,12.010,10949,-0.005661
3,5,12.000,12.010,10950,-0.017089
3,5,12.000,12.010,10951,-0.000961
3,5,12.000,12.010,10952,0.003146
3,5,12.000,12.010,10953,0.004783
3,5,12.000,12.010,10954,-0.013559
3,5,12.000,12.010,10955,0.006302
3,5,12.000,12.010,10956,-0.021275
3,5,12.000,12.010,10957,-0.008788
3,5,12.000,12.010,10958,-0.015059
3,5,12.000,12.010,10959,-0.010199
3,5,12.000,12.010,10960,0.003221
3,5,12.000,12.010,10961,0.015551
3,5,12.000,12.010,10962,0.019823
3,5,12.000,12.010,10963,0.005531
3,5,12.000,12.010,10964,-0.001713
3,5,12.000,12.010,10965,-0.000642
3,5,12.000,12.010,10966,0.012544
3,5,12.000,12.010,10967,-0.046608
3,5,12.000,12.010,10968,-0.011667
3,5,12.000,12.010,10969,0.005294
3,5,12.000,12.010,10970,0.010968
3,5,12.000,12.010,10971,-0.012856
3,5,12.000,12.010,10972,0.018138
3,5,12.000,12.010,10973,0.015829
3,5,12.000,12.010,10974,-0.001588
3,5,12.000,12.010,10975,-0.001044
3,5,12.000,12.010,10976,-0.029573
3,5,12.000,12.010,10977,-0.004106
3,5,12.000,12.010,10978,0.003686
3,5,12.000,12.010,10979,0.018832
3,5,12.000,12.010,10980,-0.005654
3,5,12.000,12.010,10981,-0.011479
3,5,12.000,12.010,10982,-0.024358
3,5,12.000,12.010,10983,0.000796
3,5,12.000,12.010,10984,-0.010673
3,5,12.000,12.010,10985,0.025322
3,5,12.000,12.010,10986,-0.020193
3,5,12.000,12.010,10987,0.015878
3,5,12.000,12.010,10988,0.033024
3,5,12.000,12.010,10989,0.035304
3,5,12.000,12.010,10990,-0.004210
3,5,12.000,12.010,10991,-0.003535
3,5,12.000,12.010,10992,0.010905
3,5,12.000,12.010,10993,0.000457
3,5,12.000,12.010,10994,-0.011067
3,5,12.000,12.010,10995,0.031763
3,5,12.000,12.010,10996,-0.003115
3,5,12.000,12.010,10997,-0.017202
3,5,12.000,12.010,10998,0.008552
3,5,12.000,12.010,10999,0.000802
3,5,12.000,12.010,11000,0.000827
3,5,12.000,12.010,11001,-0.017828
3,5,12.000,12.010,11002,0.004164
3,5,12.000,12.010,11003,-0.021694
3,5,12.000,12.010,11004,-0.003902
3,5,12.000,12.010,11005,0.025323
3,5,12.000,12.010,11006,-0.004949
3,5,12.000,12.010,11007,0.021854
3,5,12.000,12.010,11008,0.035464
3,5,12.000,12.010,11009,-0.000019
3,5,12.000,12.010,11010,0.000158
3,5,12.000,12.010,11011,0.017326
3,5,12.000,12.010,11012,0.005557
3,5,12.000,12.010,11013,-0.017641
3,5,12.000,12.010,11014,0.009977
3,5,12.000,12.010,11015,0.002645
3,5,12.000,12.010,11016,0.003311
3,5,12.000,12.010,11017,0.012803
3,5,12.000,12.010,11018,0.004569
3,5,12.000,12.010,11019,0.022180
3,5,12.000,12.010,11020,-0.015604
3,5,12.000,12.010,11021,0.035955
3,5,12.000,12.010,11022,0.007312
3,5,12.000,12.010,11023,-0.001650
3,5,12.000,12.010,11024,0.002583
3,5,12.000,12.010,11025,-0.021791
3,5,12.000,12.010,11026,-0.013731
3,5,12.000,12.010,11027,0.001214
3,5,12.000,12.010,11028,-0.001870
3,5,12.000,12.010,11029,-0.031990
3,5,12.000,12.010,11030,0.003650
3,5,12.000,12.010,11031,0.015816
3,5,12.000,12.010,11032,0.009994
3,5,12.000,12.010,11033,0.011829
3,5,12.000,12.010,11034,0.009508
3,5,12.000,12.010,11035,-0.011454
3,5,12.000,12.010,11036,0.031859
3,5,12.000,12.010,11037,-0.007919
3,5,12.000,12.010,11038,-0.019508
3,5,12.000,12.010,11039,0.005141
3,5,12.000,12.010,11040,-0.004234
3,5,12.000,12.010,11041,-0.018562
3,5,12.000,12.010,11042,-0.015647
3,5,12.000,12.010,11043,0.023564
3,5,12.000,12.010,11044,-0.017681
3,5,12.000,12.010,11045,-0.007309
3,5,12.000,12.010,11046,0.012296
3,5,12.000,12.010,11047,-0.001417
3,5,12.000,12.010,11048,0.002458
3,5,12.000,12.010,11049,-0.029237
3,5,12.000,12.010,11050,-0.002134
3,5,12.000,12.010,11051,-0.026642
3,5,12.000,12.010,11052,-0.008249
3,5,12.000,12.010,11053,0.001890
3,5,12.000,12.010,11054,0.021730
3,5,12.000,12.010,11055,-0.006983
3,5,12.000,12.010,11056,0.008054
3,5,12.000,12.010,11057,-0.025092
3,5,12.000,12.010,11058,0.025709
3,5,12.000,12.010,11059,-0.015377
3,5,12.000,12.010,11060,0.011775
3,5,12.000,12.010,11061,0.003092
3,5,12.000,12.010,11062,0.015750
3,5,12.000,12.010,11063,-0.005143
3,5,12.000,12.010,11064,0.000386
3,5,12.000,12.010,11065,0.003384
3,5,12.000,12.010,11066,-0.025359
3,5,12.000,12.010,11067,-0.007622
3,5,12.000,12.010,11068,0.028842
3,5,12.000,12.010,11069,-0.008417
3,5,12.000,12.010,11070,-0.004829
3,5,12.000,12.010,11071,-0.012976
3,5,12.000,12.010,11072,0.005984
3,5,12.000,12.010,11073,-0.011121
3,5,12.000,12.010,11074,-0.004067
3,5,12.000,12.010,11075,-0.022604
3,5,12.000,12.010,11076,-0.003094
3,5,12.000,12.010,11077,0.024105
3,5,12.000,12.010,11078,-0.025370
3,5,12.000,12.010,11079,0.002649
3,5,12.000,12.010,11080,0.008614
3,5,12.000,12.010,11081,0.006365
3,5,12.000,12.010,11082,-0.005913
3,5,12.000,12.010,11083,-0.009850
3,5,12.000,12.010,11084,0.018396
3,5,12.000,12.010,11085,-0.054768
3,5,12.000,12.010,11086,-0.013231
3,5,12.000,12.010,11087,-0.009484
3,5,12.000,12.010,11088,-0.018121
3,5,12.000,12.010,11089,0.009385
3,5,12.000,12.010,11090,0.003148
3,5,12.000,12.010,11091,0.011607
3,5,12.000,12.010,11092,0.003809
3,5,12.000,12.010,11093,0.016638
3,5,12.000,12.010,11094,0.040123
3,5,12.000,12.010,11095,-0.000223
3,5,12.000,12.010,11096,-0.036093
3,5,12.000,12.010,11097,0.020407
3,5,12.000,12.010,11098,0.007081
3,5,12.000,12.010,11099,-0.002907
3,5,12.000,12.010,11100,-0.003290
3,5,12.000,12.010,11101,-0.014269
3,5,12.000,12.010,11102,0.022217
3,5,12.000,12.010,11103,-0.002533
3,5,12.000,12.010,11104,-0.005570
3,5,12.000,12.010,11105,0.016008
3,5,12.000,12.010,11106,-0.000355
3,5,12.000,12.010,11107,0.012792
3,5,12.000,12.010,11108,-0.014893
3,5,12.000,12.010,11109,0.016592
3,5,12.000,12.010,11110,-0.008445
3,5,12.000,12.010,11111,-0.003461
3,5,12.000,12.010,11112,-0.005455
3,5,12.000,12.010,11113,0.011799
3,5,12.000,12.010,11114,0.019981
3,5,12.000,12.010,11115,-0.017834
3,5,12.000,12.010,11116,-0.010268
3,5,12.000,12.010,11117,-0.018413
3,5,12.000,12.010,11118,-0.044073
3,5,12.000,12.010,11119,-0.000614
3,5,12.000,12.010,11120,-0.028577
3,5,12.000,12.010,11121,0.034249
3,5,12.000,12.010,11122,0.022597
3,5,12.000,12.010,11123,0.006876
3,5,12.000,12.010,11124,0.000687
3,5,12.000,12.010,11125,-0.010464
3,5,12.000,12.010,11126,-0.031009
3,5,12.000,12.010,11127,0.000263
3,5,12.000,12.010,11128,0.020964
3,5,12.000,12.010,11129,0.000015
3,5,12.000,12.010,11130,-0.001583
3,5,12.000,12.010,11131,0.006298
3,5,12.000,12.010,11132,0.006767
3,5,12.000,12.010,11133,0.005475
3,5,12.000,12.010,11134,0.015553
3,5,12.000,12.010,11135,-0.014147
3,5,12.000,12.010,11136,-0.014667
3,5,12.000,12.010,11137,-0.024701
3,5,12.000,12.010,11138,-0.010910
3,5,12.000,12.010,11139,-0.026697
3,5,12.000,12.010,11140,-0.017583
3,5,12.000,12.010,11141,-0.007212
3,5,12.000,12.010,11142,-0.007580
3,5,12.000,12.010,11143,0.001597
3,5,12.000,12.010,11144,-0.007535
3,5,12.000,12.010,11145,0.005168
3,5,12.000,12.010,11146,0.026018
3,5,12.000,12.010,11147,0.001482
3,5,12.000,12.010,11148,-0.005133
3,5,12.000,12.010,11149,0.022603
3,5,12.000,12.010,11150,0.008319
3,5,12.000,12.010,11151,-0.007071
3,5,12.000,12.010,11152,0.002875
3,5,12.000,12.010,11153,-0.013797
3,5,12.000,12.010,11154,-0.000149
3,5,12.000,12.010,11155,0.002724
3,5,12.000,12.010,11156,0.015915
3,5,12.000,12.010,11157,-0.033857
3,5,12.000,12.010,11158,-0.012346
3,5,12.000,12.010,11159,-0.005669
3,5,12.000,12.010,11160,-0.011829
3,5,12.000,12.010,11161,0.020201
3,5,12.000,12.010,11162,0.020941
3,5,12.000,12.010,11163,0.043636
3,5,12.000,12.010,11164,-0.013128
3,5,12.000,12.010,11165,-0.002585
3,5,12.000,12.010,11166,-0.017530
3,5,12.000,12.010,11167,0.011985
3,5,12.000,12.010,11168,-0.033328
3,5,12.000,12.010,11169,0.007000
3,5,12.000,12.010,11170,-0.000787
3,5,12.000,12.010,11171,-0.023268
3,5,12.000,12.010,11172,-0.007856
3,5,12.000,12.010,11173,0.018653
3,5,12.000,12.010,11174,-0.013575
3,5,12.000,12.010,11175,-0.005622
3,5,12.000,12.010,11176,0.011878
3,5,12.000,12.010,11177,0.021494
3,5,12.000,12.010,11178,-0.000879
3,5,12.000,12.010,11179,0.019927
3,5,12.000,12.010,11180,0.018553
3,5,12.000,12.010,11181,0.018123
3,5,12.000,12.010,11182,0.010002
3,5,12.000,12.010,11183,-0.024610
3,5,12.000,12.010,11184,0.021573
3,5,12.000,12.010,11185,-0.005400
3,5,12.000,12.010,11186,-0.009915
3,5,12.000,12.010,11187,-0.019828
3,5,12.000,12.010,11188,-0.011317
3,5,12.000,12.010,11189,0.000659
3,5,12.000,12.010,11190,-0.026536
3,5,12.000,12.010,11191,0.015645
3,5,12.000,12.010,11192,0.005686
3,5,12.000,12.010,11193,-0.022612
3,5,12.000,12.010,11194,0.011353
3,5,12.000,12.010,11195,-0.016066
3,5,12.000,12.010,11196,-0.010881
3,5,12.000,12.010,11197,-0.014134
3,5,12.000,12.010,11198,0.005879
3,5,12.000,12.010,11199,-0.016371
3,5,12.000,12.010,11200,0.050516
3,5,12.000,12.010,11201,-0.024382
3,5,12.000,12.010,11202,-0.012701
3,5,12.000,12.010,11203,0.008996
3,5,12.000,12.010,11204,0.017324
3,5,12.000,12.010,11205,0.019391
3,5,12.000,12.010,11206,0.008434
3,5,12.000,12.010,11207,-0.003058
3,5,12.000,12.010,11208,0.014724
3,5,12.000,12.010,11209,0.015164
3,5,12.000,12.010,11210,-0.010142
3,5,12.000,12.010,11211,0.017946
3,5,12.000,12.010,11212,-0.033782
3,5,12.000,12.010,11213,0.010055
3,5,12.000,12.010,11214,-0.027241
3,5,12.000,12.010,11215,0.005997
3,5,12.000,12.010,11216,0.006781
3,5,12.000,12.010,11217,-0.007539
3,5,12.000,12.010,11218,-0.020547
3,5,12.000,12.010,11219,0.010769
3,5,12.000,12.010,11220,0.014592
3,5,12.000,12.010,11221,-0.006023
3,5,12.000,12.010,11222,-0.016608
3,5,12.000,12.010,11223,0.007950
3,5,12.000,12.010,11224,-0.012490
3,5,12.000,12.010,11225,0.016004
3,5,12.000,12.010,11226,0.016399
3,5,12.000,12.010,11227,0.001366
3,5,12.000,12.010,11228,0.020983
3,5,12.000,12.010,11229,-0.015006
3,5,12.000,12.010,11230,-0.020590
3,5,12.000,12.010,11231,0.014958
3,5,12.000,12.010,11232,0.023056
3,5,12.000,12.010,11233,0.015219
3,5,12.000,12.010,11234,-0.013425
3,5,12.000,12.010,11235,0.001846
3,5,12.000,12.010,11236,0.026258
3,5,12.000,12.010,11237,0.010991
3,5,12.000,12.010,11238,-0.013118
3,5,12.000,12.010,11239,-0.026766
3,5,12.000,12.010,11240,-0.007824
3,5,12.000,12.010,11241,0.001434
3,5,12.000,12.010,11242,-0.025213
3,5,12.000,12.010,11243,0.009969
3,5,12.000,12.010,11244,-0.010223
3,5,12.000,12.010,11245,0.002131
3,5,12.000,12.010,11246,0.011393
3,5,12.000,12.010,11247,-0.004848
3,5,12.000,12.010,11248,0.020034
3,5,12.000,12.010,11249,0.020326
3,5,12.000,12.010,11250,0.021868
3,5,12.000,12.010,11251,0.001010
3,5,12.000,12.010,11252,-0.000685
3,5,12.000,12.010,11253,0.010993
3,5,12.000,12.010,11254,-0.015364
3,5,12.000,12.010,11255,0.010810
3,5,12.000,12.010,11256,0.016771
3,5,12.000,12.010,11257,0.012653
3,5,12.000,12.010,11258,0.027051
3,5,12.000,12.010,11259,0.005675
3,5,12.000,12.010,11260,0.018409
3,5,12.000,12.010,11261,-0.006762
3,5,12.000,12.010,11262,-0.018234
3,5,12.000,12.010,11263,0.007858
3,5,12.000,12.010,11264,-0.003356
3,5,12.000,12.010,11265,0.017984
3,5,12.000,12.010,11266,0.023492
3,5,12.000,12.010,11267,-0.018239
3,5,12.000,12.010,11268,0.016126
3,5,12.000,12.010,11269,-0.011202
3,5,12.000,12.010,11270,-0.008408
3,5,12.000,12.010,11271,-0.013288
3,5,12.000,12.010,11272,0.024569
3,5,12.000,12.010,11273,-0.012140
3,5,12.000,12.010,11274,-0.021932
3,5,12.000,12.010,11275,-0.014518
3,5,12.000,12.010,11276,-0.007685
3,5,12.000,12.010,11277,-0.042813
3,5,12.000,12.010,11278,0.042212
3,5,12.000,12.010,11279,0.001970
3,5,12.000,12.010,11280,0.029247
3,5,12.000,12.010,11281,0.014784
3,5,12.000,12.010,11282,-0.008227
3,5,12.000,12.010,11283,-0.004070
3,5,12.000,12.010,11284,-0.009052
3,5,12.000,12.010,11285,-0.009350
3,5,12.000,12.010,11286,0.018117
3,5,12.000,12.010,11287,-0.020851
3,5,12.000,12.010,11288,-0.024695
3,5,12.000,12.010,11289,-0.010490
3,5,12.000,12.010,11290,0.021200
3,5,12.000,12.010,11291,-0.027341
3,5,12.000,12.010,11292,-0.013195
3,5,12.000,12.010,11293,-0.006318
3,5,12.000,12.010,11294,0.024031
3,5,12.000,12.010,11295,0.018017
3,5,12.000,12.010,11296,-0.015354
3,5,12.000,12.010,11297,-0.014851
3,5,12.000,12.010,11298,0.000479
3,5,12.000,12.010,11299,0.049716
3,5,12.000,12.010,11300,0.018500
3,5,12.000,12.010,11301,0.003820
3,5,12.000,12.010,11302,-0.001707
3,5,12.000,12.010,11303,0.018753
3,5,12.000,12.010,11304,-0.002312
3,5,12.000,12.010,11305,-0.022686
3,5,12.000,12.010,11306,0.035285
3,5,12.000,12.010,11307,0.012799
3,5,12.000,12.010,11308,-0.016276
3,5,12.000,12.010,11309,0.006478
3,5,12.000,12.010,11310,-0.026437
3,5,12.000,12.010,11311,0.013027
3,5,12.000,12.010,11312,0.007032
3,5,12.000,12.010,11313,0.022503
3,5,12.000,12.010,11314,-0.011252
3,5,12.000,12.010,11315,-0.003509
3,5,12.000,12.010,11316,0.021106
3,5,12.000,12.010,11317,0.002072
3,5,12.000,12.010,11318,0.012839
3,5,12.000,12.010,11319,-0.002846
3,5,12.000,12.010,11320,-0.025808
3,5,12.000,12.010,11321,-0.009975
3,5,12.000,12.010,11322,-0.011339
3,5,12.000,12.010,11323,-0.018279
3,5,12.000,12.010,11324,-0.005629
3,5,12.000,12.010,11325,0.010148
3,5,12.000,12.010,11326,0.020009
3,5,12.000,12.010,11327,-0.015132
3,5,12.000,12.010,11328,0.022505
3,5,12.000,12.010,11329,-0.003777
3,5,12.000,12.010,11330,-0.018448
3,5,12.000,12.010,11331,-0.006115
3,5,12.000,12.010,11332,-0.015912
3,5,12.000,12.010,11333,-0.001288
3,5,12.000,12.010,11334,0.009051
3,5,12.000,12.010,11335,0.014172
3,5,12.000,12.010,11336,-0.011794
3,5,12.000,12.010,11337,-0.003502
3,5,12.000,12.010,11338,-0.022758
3,5,12.000,12.010,11339,0.034248
3,5,12.000,12.010,11340,-0.021325
3,5,12.000,12.010,11341,-0.006596
3,5,12.000,12.010,11342,-0.003247
3,5,12.000,12.010,11343,0.019998
3,5,12.000,12.010,11344,-0.007818
3,5,12.000,12.010,11345,-0.004211
3,5,12.000,12.010,11346,-0.028684
3,5,12.000,12.010,11347,-0.004803
3,5,12.000,12.010,11348,0.005046
3,5,12.000,12.010,11349,-0.027203
3,5,12.000,12.010,11350,-0.001493
3,5,12.000,12.010,11351,-0.010608
3,5,12.000,12.010,11352,0.003724
3,5,12.000,12.010,11353,0.000724
3,5,12.000,12.010,11354,-0.004544
3,5,12.000,12.010,11355,0.007958
3,5,12.000,12.010,11356,0.013083
3,5,12.000,12.010,11357,-0.002314
3,5,12.000,12.010,11358,-0.028867
3,5,12.000,12.010,11359,0.012632
3,5,12.000,12.010,11360,-0.013964
3,5,12.000,12.010,11361,0.013727
3,5,12.000,12.010,11362,-0.023143
3,5,12.000,12.010,11363,0.000354
3,5,12.000,12.010,11364,-0.015756
3,5,12.000,12.010,11365,-0.006621
3,5,12.000,12.010,11366,0.012295
3,5,12.000,12.010,11367,-0.024466
3,5,12.000,12.010,11368,-0.012160
3,5,12.000,12.010,11369,0.012252
3,5,12.000,12.010,11370,0.006100
3,5,12.000,12.010,11371,-0.007470
3,5,12.000,12.010,11372,-0.000314
3,5,12.000,12.010,11373,-0.003129
3,5,12.000,12.010,11374,0.006736
3,5,12.000,12.010,11375,-0.036377
3,5,12.000,12.010,11376,0.004776
3,5,12.000,12.010,11377,-0.011692
3,5,12.000,12.010,11378,-0.005307
3,5,12.000,12.010,11379,-0.005206
3,5,12.000,12.010,11380,-0.008269
3,5,12.000,12.010,11381,0.009796
3,5,12.000,12.010,11382,0.009356
3,5,12.000,12.010,11383,-0.023311
3,5,12.000,12.010,11384,-0.002095
3,5,12.000,12.010,11385,-0.006877
3,5,12.000,12.010,11386,-0.008609
3,5,12.000,12.010,11387,-0.007096
3,5,12.000,12.010,11388,-0.025214
3,5,12.000,12.010,11389,-0.005297
3,5,12.000,12.010,11390,-0.003256
3,5,12.000,12.010,11391,-0.008757
3,5,12.000,12.010,11392,-0.000423
3,5,12.000,12.010,11393,-0.016345
3,5,12.000,12.010,11394,-0.010203
3,5,12.000,12.010,11395,0.020573
3,5,12.000,12.010,11396,0.005012
3,5,12.000,12.010,11397,0.000820
3,5,12.000,12.010,11398,-0.013629
3,5,12.000,12.010,11399,0.026832
3,5,12.000,12.010,11400,0.023318
3,5,12.000,12.010,11401,-0.015321
3,5,12.000,12.010,11402,0.007569
3,5,12.000,12.010,11403,-0.016114
3,5,12.000,12.010,11404,-0.016989
3,5,12.000,12.010,11405,-0.003206
3,5,12.000,12.010,11406,0.040536
3,5,12.000,12.010,11407,0.008047
3,5,12.000,12.010,11408,0.005336
3,5,12.000,12.010,11409,0.023590
3,5,12.000,12.010,11410,0.010319
3,5,12.000,12.010,11411,-0.010525
3,5,12.000,12.010,11412,0.003459
3,5,12.000,12.010,11413,0.006801
3,5,12.000,12.010,11414,0.000025
3,5,12.000,12.010,11415,-0.017975
3,5,12.000,12.010,11416,-0.000996
3,5,12.000,12.010,11417,0.023683
3,5,12.000,12.010,11418,0.004126
3,5,12.000,12.010,11419,0.013008
3,5,12.000,12.010,11420,-0.001073
3,5,12.000,12.010,11421,-0.011850
3,5,12.000,12.010,11422,-0.025324
3,5,12.000,12.010,11423,0.008188
3,5,12.000,12.010,11424,-0.007582
3,5,12.000,12.010,11425,-0.007664
3,5,12.000,12.010,11426,-0.008523
3,5,12.000,12.010,11427,-0.007269
3,5,12.000,12.010,11428,0.002388
3,5,12.000,12.010,11429,-0.006132
3,5,12.000,12.010,11430,0.026773
3,5,12.000,12.010,11431,-0.021312
3,5,12.000,12.010,11432,-0.004195
3,5,12.000,12.010,11433,-0.006158
3,5,12.000,12.010,11434,0.019895
3,5,12.000,12.010,11435,0.010032
3,5,12.000,12.010,11436,-0.003559
3,5,12.000,12.010,11437,-0.010990
3,5,12.000,12.010,11438,0.049729
3,5,12.000,12.010,11439,0.020371
3,5,12.000,12.010,11440,-0.031959
3,5,12.000,12.010,11441,-0.000210
3,5,12.000,12.010,11442,0.001748
3,5,12.000,12.010,11443,0.005122
3,5,12.000,12.010,11444,0.011980
3,5,12.000,12.010,11445,-0.006178
3,5,12.000,12.010,11446,-0.014826
3,5,12.000,12.010,11447,0.013923
3,5,12.000,12.010,11448,0.023821
3,5,12.000,12.010,11449,-0.007820
3,5,12.000,12.010,11450,-0.004112
3,5,12.000,12.010,11451,-0.009473
3,5,12.000,12.010,11452,-0.009331
3,5,12.000,12.010,11453,-0.002113
3,5,12.000,12.010,11454,-0.006800
3,5,12.000,12.010,11455,-0.006372
3,5,12.000,12.010,11456,0.012877
3,5,12.000,12.010,11457,-0.004490
3,5,12.000,12.010,11458,-0.033551
3,5,12.000,12.010,11459,0.003261
3,5,12.000,12.010,11460,0.038564
3,5,12.000,12.010,11461,0.007696
3,5,12.000,12.010,11462,0.019116
3,5,12.000,12.010,11463,-0.017973
3,5,12.000,12.010,11464,0.004373
3,5,12.000,12.010,11465,-0.018886
3,5,12.000,12.010,11466,-0.004186
3,5,12.000,12.010,11467,0.014444
3,5,12.000,12.010,11468,0.013541
3,5,12.000,12.010,11469,0.032819
3,5,12.000,12.010,11470,-0.006913
3,5,12.000,12.010,11471,0.010136
3,5,12.000,12.010,11472,0.012452
3,5,12.000,12.010,11473,0.008397
3,5,12.000,12.010,11474,-0.004606
3,5,12.000,12.010,11475,-0.003673
3,5,12.000,12.010,11476,0.001458
3,5,12.000,12.010,11477,0.012515
3,5,12.000,12.010,11478,0.033780
3,5,12.000,12.010,11479,-0.004728
3,5,12.000,12.010,11480,-0.038256
3,5,12.000,12.010,11481,0.005689
3,5,12.000,12.010,11482,-0.014363
3,5,12.000,12.010,11483,-0.002640
3,5,12.000,12.010,11484,0.006659
3,5,12.000,12.010,11485,0.000896
3,5,12.000,12.010,11486,-0.008627
3,5,12.000,12.010,11487,-0.015003
3,5,12.000,12.010,11488,-0.015061
3,5,12.000,12.010,11489,0.015525
3,5,12.000,12.010,11490,-0.011010
3,5,12.000,12.010,11491,0.000011
3,5,12.000,12.010,11492,-0.009355
3,5,12.000,12.010,11493,-0.005791
3,5,12.000,12.010,11494,0.003648
3,5,12.000,12.010,11495,-0.045306
3,5,12.000,12.010,11496,-0.022405
3,5,12.000,12.010,11497,0.004082
3,5,12.000,12.010,11498,0.005884
3,5,12.000,12.010,11499,-0.009439
3,5,12.000,12.010,11500,0.026110
3,5,12.000,12.010,11501,0.004909
3,5,12.000,12.010,11502,-0.017660
3,5,12.000,12.010,11503,0.013353
3,5,12.000,12.010,11504,0.017854
3,5,12.000,12.010,11505,0.013575
3,5,12.000,12.010,11506,-0.033890
3,5,12.000,12.010,11507,-0.017858
3,5,12.000,12.010,11508,0.012225
3,5,12.000,12.010,11509,-0.011264
3,5,12.000,12.010,11510,-0.003217
3,5,12.000,12.010,11511,0.028605
3,5,12.000,12.010,11512,0.004919
3,5,12.000,12.010,11513,-0.007030
3,5,12.000,12.010,11514,-0.002857
3,5,12.000,12.010,11515,-0.002574
3,5,12.000,12.010,11516,0.008055
3,5,12.000,12.010,11517,0.010942
3,5,12.000,12.010,11518,0.004496
3,5,12.000,12.010,11519,0.019903
3,5,12.000,12.010,11520,0.001676
3,5,12.000,12.010,11521,-0.018140
3,5,12.000,12.010,11522,0.002302
3,5,12.000,12.010,11523,0.011523
3,5,12.000,12.010,11524,0.004196
3,5,12.000,12.010,11525,0.008042
3,5,12.000,12.010,11526,-0.021409
3,5,12.000,12.010,11527,-0.011531
3,5,12.000,12.010,11528,-0.028224
3,5,12.000,12.010,11529,0.000238
3,5,12.000,12.010,11530,-0.007850
3,5,12.000,12.010,11531,0.015798
3,5,12.000,12.010,11532,-0.001623
3,5,12.000,12.010,11533,-0.005657
3,5,12.000,12.010,11534,-0.009172
3,5,12.000,12.010,11535,0.000493
3,5,12.000,12.010,11536,-0.011864
3,5,12.000,12.010,11537,-0.013402
3,5,12.000,12.010,11538,0.002122
3,5,12.000,12.010,11539,-0.018327
3,5,12.000,12.010,11540,-0.013798
3,5,12.000,12.010,11541,0.027122
3,5,12.000,12.010,11542,0.008395
3,5,12.000,12.010,11543,-0.009355
3,5,12.000,12.010,11544,0.017499
3,5,12.000,12.010,11545,0.017719
3,5,12.000,12.010,11546,-0.033260
3,5,12.000,12.010,11547,-0.012185
3,5,12.000,12.010,11548,-0.005121
3,5,12.000,12.010,11549,0.005765
3,5,12.000,12.010,11550,0.010802
3,5,12.000,12.010,11551,-0.019253
3,5,12.000,12.010,11552,-0.009056
3,5,12.000,12.010,11553,-0.007538
3,5,12.000,12.010,11554,-0.002806
3,5,12.000,12.010,11555,0.007579
3,5,12.000,12.010,11556,-0.055126
3,5,12.000,12.010,11557,-0.027564
3,5,12.000,12.010,11558,0.009380
3,5,12.000,12.010,11559,0.007937
3,5,12.000,12.010,11560,-0.011359
3,5,12.000,12.010,11561,-0.006891
3,5,12.000,12.010,11562,-0.020660
3,5,12.000,12.010,11563,-0.014565
3,5,12.000,12.010,11564,0.006279
3,5,12.000,12.010,11565,-0.014195
3,5,12.000,12.010,11566,-0.015786
3,5,12.000,12.010,11567,-0.003792
3,5,12.000,12.010,11568,-0.001455
3,5,12.000,12.010,11569,-0.007505
3,5,12.000,12.010,11570,-0.021360
3,5,12.000,12.010,11571,-0.015384
3,5,12.000,12.010,11572,0.015256
3,5,12.000,12.010,11573,0.004683
3,5,12.000,12.010,11574,-0.032485
3,5,12.000,12.010,11575,0.011518
3,5,12.000,12.010,11576,0.011305
3,5,12.000,12.010,11577,-0.004032
3,5,12.000,12.010,11578,0.001502
3,5,12.000,12.010,11579,0.021873
3,5,12.000,12.010,11580,0.018584
3,5,12.000,12.010,11581,0.017658
3,5,12.000,12.010,11582,-0.013943
3,5,12.000,12.010,11583,0.005167
3,5,12.000,12.010,11584,0.022433
3,5,12.000,12.010,11585,-0.003490
3,5,12.000,12.010,11586,-0.003506
3,5,12.000,12.010,11587,0.004489
3,5,12.000,12.010,11588,0.010669
3,5,12.000,12.010,11589,0.012551
3,5,12.000,12.010,11590,0.017238
3,5,12.000,12.010,11591,0.013765
3,5,12.000,12.010,11592,-0.012081
3,5,12.000,12.010,11593,0.015484
3,5,12.000,12.010,11594,0.008777
3,5,12.000,12.010,11595,-0.012695
3,5,12.000,12.010,11596,-0.019049
3,5,12.000,12.010,11597,-0.017381
3,5,12.000,12.010,11598,0.007170
3,5,12.000,12.010,11599,-0.003636
3,5,12.000,12.010,11600,0.008010
3,5,12.000,12.010,11601,-0.008969
3,5,12.000,12.010,11602,0.001520
3,5,12.000,12.010,11603,0.018179
3,5,12.000,12.010,11604,0.008662
3,5,12.000,12.010,11605,-0.004800
3,5,12.000,12.010,11606,0.009163
3,5,12.000,12.010,11607,0.010364
3,5,12.000,12.010,11608,-0.008356
3,5,12.000,12.010,11609,0.004699
3,5,12.000,12.010,11610,-0.016773
3,5,12.000,12.010,11611,-0.001411
3,5,12.000,12.010,11612,0.033379
3,5,12.000,12.010,11613,-0.021906
3,5,12.000,12.010,11614,-0.007321
3,5,12.000,12.010,11615,-0.005586
3,5,12.000,12.010,11616,0.007400
3,5,12.000,12.010,11617,0.004718
3,5,12.000,12.010,11618,0.004911
3,5,12.000,12.010,11619,0.004971
3,5,12.000,12.010,11620,-0.016249
3,5,12.000,12.010,11621,-0.015322
3,5,12.000,12.010,11622,0.010107
3,5,12.000,12.010,11623,-0.000109
3,5,12.000,12.010,11624,0.015968
3,5,12.000,12.010,11625,-0.021673
3,5,12.000,12.010,11626,-0.003476
3,5,12.000,12.010,11627,-0.004085
3,5,12.000,12.010,11628,-0.028294
3,5,12.000,12.010,11629,-0.018401
3,5,12.000,12.010,11630,-0.008536
3,5,12.000,12.010,11631,-0.010932
3,5,12.000,12.010,11632,-0.012788
3,5,12.000,12.010,11633,-0.011229
3,5,12.000,12.010,11634,0.017325
3,5,12.000,12.010,11635,-0.011362
3,5,12.000,12.010,11636,-0.005554
3,5,12.000,12.010,11637,0.013336
3,5,12.000,12.010,11638,-0.018983
3,5,12.000,12.010,11639,0.029791
3,5,12.000,12.010,11640,0.005368
3,5,12.000,12.010,11641,0.004633
3,5,12.000,12.010,11642,-0.001703
3,5,12.000,12.010,11643,0.022412
3,5,12.000,12.010,11644,-0.004701
3,5,12.000,12.010,11645,0.001884
3,5,12.000,12.010,11646,-0.003735
3,5,12.000,12.010,11647,-0.008249
3,5,12.000,12.010,11648,-0.030600
3,5,12.000,12.010,11649,-0.015257
3,5,12.000,12.010,11650,-0.029003
3,5,12.000,12.010,11651,0.019374
3,5,12.000,12.010,11652,-0.005236
3,5,12.000,12.010,11653,0.011824
3,5,12.000,12.010,11654,0.006575
3,5,12.000,12.010,11655,-0.009718
3,5,12.000,12.010,11656,0.009888
3,5,12.000,12.010,11657,0.018827
3,5,12.000,12.010,11658,0.031386
3,5,12.000,12.010,11659,-0.010625
3,5,12.000,12.010,11660,0.010624
3,5,12.000,12.010,11661,-0.003773
3,5,12.000,12.010,11662,-0.033565
3,5,12.000,12.010,11663,0.010787
3,5,12.000,12.010,11664,-0.006317
3,5,12.000,12.010,11665,-0.027325
3,5,12.000,12.010,11666,-0.001884
3,5,12.000,12.010,11667,-0.026778
3,5,12.000,12.010,11668,0.007833
3,5,12.000,12.010,11669,-0.010796
3,5,12.000,12.010,11670,0.009421
3,5,12.000,12.010,11671,0.023253
3,5,12.000,12.010,11672,-0.000574
3,5,12.000,12.010,11673,-0.005539
3,5,12.000,12.010,11674,-0.018433
3,5,12.000,12.010,11675,-0.008270
3,5,12.000,12.010,11676,-0.004189
3,5,12.000,12.010,11677,-0.017758
3,5,12.000,12.010,11678,0.011283
3,5,12.000,12.010,11679,0.009357
3,5,12.000,12.010,11680,0.004278
3,5,12.000,12.010,11681,0.007567
3,5,12.000,12.010,11682,0.019673
3,5,12.000,12.010,11683,0.031302
3,5,12.000,12.010,11684,-0.008076
3,5,12.000,12.010,11685,0.008859
3,5,12.000,12.010,11686,0.017415
3,5,12.000,12.010,11687,0.004113
3,5,12.000,12.010,11688,-0.000478
3,5,12.000,12.010,11689,-0.001544
3,5,12.000,12.010,11690,-0.016127
3,5,12.000,12.010,11691,0.000377
3,5,12.000,12.010,11692,-0.005498
3,5,12.000,12.010,11693,0.019220
3,5,12.000,12.010,11694,0.003678
3,5,12.000,12.010,11695,-0.017822
3,5,12.000,12.010,11696,0.024333
3,5,12.000,12.010,11697,-0.001588
3,5,12.000,12.010,11698,-0.007780
3,5,12.000,12.010,11699,-0.000768
3,5,12.000,12.010,11700,0.009366
3,5,12.000,12.010,11701,-0.013072
3,5,12.000,12.010,11702,0.002390
3,5,12.000,12.010,11703,-0.008138
3,5,12.000,12.010,11704,0.018135
3,5,12.000,12.010,11705,-0.026963
3,5,12.000,12.010,11706,-0.000324
3,5,12.000,12.010,11707,0.019788
3,5,12.000,12.010,11708,-0.015516
3,5,12.000,12.010,11709,0.003657
3,5,12.000,12.010,11710,-0.007368
3,5,12.000,12.010,11711,-0.018510
3,5,12.000,12.010,11712,0.018443
3,5,12.000,12.010,11713,0.016728
3,5,12.000,12.010,11714,0.004717
3,5,12.000,12.010,11715,0.024701
3,5,12.000,12.010,11716,-0.006134
3,5,12.000,12.010,11717,0.004766
3,5,12.000,12.010,11718,-0.008996
3,5,12.000,12.010,11719,0.014818
3,5,12.000,12.010,11720,-0.020735
3,5,12.000,12.010,11721,-0.015628
3,5,12.000,12.010,11722,-0.024882
3,5,12.000,12.010,11723,-0.014407
3,5,12.000,12.010,11724,0.015932
3,5,12.000,12.010,11725,-0.014910
3,5,12.000,12.010,11726,-0.000580
3,5,12.000,12.010,11727,-0.011198
3,5,12.000,12.010,11728,-0.010343
3,5,12.000,12.010,11729,0.000446
3,5,12.000,12.010,11730,0.010615
3,5,12.000,12.010,11731,0.002462
3,5,12.000,12.010,11732,0.033468
3,5,12.000,12.010,11733,0.003957
3,5,12.000,12.010,11734,0.012647
3,5,12.000,12.010,11735,0.020944
3,5,12.000,12.010,11736,0.016892
3,5,12.000,12.010,11737,-0.008084
3,5,12.000,12.010,11738,0.013145
3,5,12.000,12.010,11739,-0.006105
3,5,12.000,12.010,11740,0.012160
3,5,12.000,12.010,11741,0.000003
3,5,12.000,12.010,11742,-0.027166
3,5,12.000,12.010,11743,0.020417
3,5,12.000,12.010,11744,-0.022105
3,5,12.000,12.010,11745,-0.000454
3,5,12.000,12.010,11746,-0.024740
3,5,12.000,12.010,11747,0.001296
3,5,12.000,12.010,11748,-0.006525
3,5,12.000,12.010,11749,-0.009907
3,5,12.000,12.010,11750,-0.030350
3,5,12.000,12.010,11751,0.002064
3,5,12.000,12.010,11752,-0.033460
3,5,12.000,12.010,11753,0.028304
3,5,12.000,12.010,11754,-0.031655
3,5,12.000,12.010,11755,-0.010953
3,5,12.000,12.010,11756,0.005079
3,5,12.000,12.010,11757,0.001475
3,5,12.000,12.010,11758,0.006836
3,5,12.000,12.010,11759,-0.014228
3,5,12.000,12.010,11760,0.022609
3,5,12.000,12.010,11761,-0.002538
3,5,12.000,12.010,11762,0.017175
3,5,12.000,12.010,11763,0.000624
3,5,12.000,12.010,11764,0.014766
3,5,12.000,12.010,11765,-0.007483
3,5,12.000,12.010,11766,0.020528
3,5,12.000,12.010,11767,0.030367
3,5,12.000,12.010,11768,0.001737
3,5,12.000,12.010,11769,-0.002665
3,5,12.000,12.010,11770,0.047699
3,5,12.000,12.010,11771,0.006288
3,5,12.000,12.010,11772,0.008290
3,5,12.000,12.010,11773,0.024433
3,5,12.000,12.010,11774,-0.003743
3,5,12.000,12.010,11775,-0.000131
3,5,12.000,12.010,11776,-0.008938
3,5,12.000,12.010,11777,-0.004485
3,5,12.000,12.010,11778,0.035234
3,5,12.000,12.010,11779,-0.009582
3,5,12.000,12.010,11780,0.001019
3,5,12.000,12.010,11781,0.004799
3,5,12.000,12.010,11782,-0.012028
3,5,12.000,12.010,11783,-0.005890
3,5,12.000,12.010,11784,-0.027017
3,5,12.000,12.010,11785,0.033644
3,5,12.000,12.010,11786,-0.011847
3,5,12.000,12.010,11787,0.027850
3,5,12.000,12.010,11788,0.009790
3,5,12.000,12.010,11789,0.005542
3,5,12.000,12.010,11790,0.007846
3,5,12.000,12.010,11791,0.029509
3,5,12.000,12.010,11792,-0.029076
3,5,12.000,12.010,11793,0.000637
3,5,12.000,12.010,11794,0.004786
3,5,12.000,12.010,11795,0.007125
3,5,12.000,12.010,11796,-0.002997
3,5,12.000,12.010,11797,-0.004012
3,5,12.000,12.010,11798,0.010189
3,5,12.000,12.010,11799,-0.034296
3,5,12.000,12.010,11800,0.020314
3,5,12.000,12.010,11801,0.005998
3,5,12.000,12.010,11802,0.043015
3,5,12.000,12.010,11803,0.011615
3,5,12.000,12.010,11804,0.003942
3,5,12.000,12.010,11805,-0.000546
3,5,12.000,12.010,11806,0.009818
3,5,12.000,12.010,11807,0.000562
3,5,12.000,12.010,11808,-0.018460
3,5,12.000,12.010,11809,0.017324
3,5,12.000,12.010,11810,-0.011520
3,5,12.000,12.010,11811,0.012300
3,5,12.000,12.010,11812,-0.020307
3,5,12.000,12.010,11813,-0.000002
3,5,12.000,12.010,11814,0.003869
3,5,12.000,12.010,11815,-0.019440
3,5,12.000,12.010,11816,-0.000974
3,5,12.000,12.010,11817,0.003526
3,5,12.000,12.010,11818,-0.002733
3,5,12.000,12.010,11819,-0.003321
3,5,12.000,12.010,11820,-0.001549
3,5,12.000,12.010,11821,-0.009962
3,5,12.000,12.010,11822,-0.010806
3,5,12.000,12.010,11823,-0.023832
3,5,12.000,12.010,11824,0.007972
3,5,12.000,12.010,11825,-0.009120
3,5,12.000,12.010,11826,-0.008249
3,5,12.000,12.010,11827,-0.021702
3,5,12.000,12.010,11828,-0.014362
3,5,12.000,12.010,11829,0.013592
3,5,12.000,12.010,11830,0.020941
3,5,12.000,12.010,11831,0.000934
3,5,12.000,12.010,11832,-0.016664
3,5,12.000,12.010,11833,0.005971
3,5,12.000,12.010,11834,-0.021781
3,5,12.000,12.010,11835,-0.017393
3,5,12.000,12.010,11836,-0.005396
3,5,12.000,12.010,11837,0.038806
3,5,12.000,12.010,11838,0.013622
3,5,12.000,12.010,11839,0.014757
3,5,12.000,12.010,11840,0.008308
3,5,12.000,12.010,11841,-0.010481
3,5,12.000,12.010,11842,0.002024
3,5,12.000,12.010,11843,-0.000845
3,5,12.000,12.010,11844,-0.003099
3,5,12.000,12.010,11845,-0.002932
3,5,12.000,12.010,11846,-0.011391
3,5,12.000,12.010,11847,0.005324
3,5,12.000,12.010,11848,0.022144
3,5,12.000,12.010,11849,-0.013804
3,5,12.000,12.010,11850,0.013198
3,5,12.000,12.010,11851,0.004033
3,5,12.000,12.010,11852,0.019303
3,5,12.000,12.010,11853,0.018880
3,5,12.000,12.010,11854,-0.001888
3,5,12.000,12.010,11855,-0.011483
3,5,12.000,12.010,11856,-0.004384
3,5,12.000,12.010,11857,-0.007886
3,5,12.000,12.010,11858,-0.003104
3,5,12.000,12.010,11859,0.004835
3,5,12.000,12.010,11860,0.027838
3,5,12.000,12.010,11861,-0.027842
3,5,12.000,12.010,11862,-0.022024
3,5,12.000,12.010,11863,0.026409
3,5,12.000,12.010,11864,-0.014319
3,5,12.000,12.010,11865,0.030505
3,5,12.000,12.010,11866,0.009611
3,5,12.000,12.010,11867,0.015742
3,5,12.000,12.010,11868,0.025583
3,5,12.000,12.010,11869,-0.029453
3,5,12.000,12.010,11870,0.010192
3,5,12.000,12.010,11871,-0.015889
3,5,12.000,12.010,11872,-0.000883
3,5,12.000,12.010,11873,-0.024870
3,5,12.000,12.010,11874,0.002776
3,5,12.000,12.010,11875,0.023600
3,5,12.000,12.010,11876,-0.002273
3,5,12.000,12.010,11877,-0.010854
3,5,12.000,12.010,11878,0.030493
3,5,12.000,12.010,11879,0.014511
3,5,12.000,12.010,11880,0.002815
3,5,12.000,12.010,11881,0.011756
3,5,12.000,12.010,11882,-0.015863
3,5,12.000,12.010,11883,-0.011203
3,5,12.000,12.010,11884,0.011387
3,5,12.000,12.010,11885,-0.002516
3,5,12.000,12.010,11886,-0.012500
3,5,12.000,12.010,11887,-0.003098
3,5,12.000,12.010,11888,-0.006945
3,5,12.000,12.010,11889,0.007057
3,5,12.000,12.010,11890,0.026340
3,5,12.000,12.010,11891,-0.005742
3,5,12.000,12.010,11892,-0.003147
3,5,12.000,12.010,11893,-0.022579
3,5,12.000,12.010,11894,-0.008373
3,5,12.000,12.010,11895,-0.014862
3,5,12.000,12.010,11896,-0.024260
3,5,12.000,12.010,11897,0.017711
3,5,12.000,12.010,11898,0.002158
3,5,12.000,12.010,11899,-0.005707
3,5,12.000,12.010,11900,-0.006523
3,5,12.000,12.010,11901,0.009479
3,5,12.000,12.010,11902,0.003478
3,5,12.000,12.010,11903,0.022815
3,5,12.000,12.010,11904,-0.013426
3,5,12.000,12.010,11905,0.013057
3,5,12.000,12.010,11906,-0.016118
3,5,12.000,12.010,11907,-0.012597
3,5,12.000,12.010,11908,0.023696
3,5,12.000,12.010,11909,-0.020093
3,5,12.000,12.010,11910,0.001591
3,5,12.000,12.010,11911,0.002268
3,5,12.000,12.010,11912,0.001219
3,5,12.000,12.010,11913,-0.000892
3,5,12.000,12.010,11914,0.003568
3,5,12.000,12.010,11915,-0.002645
3,5,12.000,12.010,11916,-0.003426
3,5,12.000,12.010,11917,-0.004310
3,5,12.000,12.010,11918,0.021458
3,5,12.000,12.010,11919,-0.011836
3,5,12.000,12.010,11920,-0.016401
3,5,12.000,12.010,11921,0.020929
3,5,12.000,12.010,11922,0.002165
3,5,12.000,12.010,11923,-0.024083
3,5,12.000,12.010,11924,-0.021724
3,5,12.000,12.010,11925,0.014252
3,5,12.000,12.010,11926,0.006002
3,5,12.000,12.010,11927,0.031390
3,5,12.000,12.010,11928,-0.021923
3,5,12.000,12.010,11929,-0.021417
3,5,12.000,12.010,11930,0.026889
3,5,12.000,12.010,11931,-0.011277
3,5,12.000,12.010,11932,0.002985
3,5,12.000,12.010,11933,0.002123
3,5,12.000,12.010,11934,-0.009090
3,5,12.000,12.010,11935,-0.019438
3,5,12.000,12.010,11936,0.003977
3,5,12.000,12.010,11937,0.019081
3,5,12.000,12.010,11938,0.001143
3,5,12.000,12.010,11939,-0.026283
3,5,12.000,12.010,11940,-0.021834
3,5,12.000,12.010,11941,0.005999
3,5,12.000,12.010,11942,-0.013911
3,5,12.000,12.010,11943,0.001891
3,5,12.000,12.010,11944,-0.017065
3,5,12.000,12.010,11945,0.006599
3,5,12.000,12.010,11946,-0.002238
3,5,12.000,12.010,11947,-0.010982
3,5,12.000,12.010,11948,0.041918
3,5,12.000,12.010,11949,0.005732
3,5,12.000,12.010,11950,0.007183
3,5,12.000,12.010,11951,0.002393
3,5,12.000,12.010,11952,-0.021033
3,5,12.000,12.010,11953,0.011927
3,5,12.000,12.010,11954,-0.004231
3,5,12.000,12.010,11955,-0.009269
3,5,12.000,12.010,11956,-0.015073
3,5,12.000,12.010,11957,0.000459
3,5,12.000,12.010,11958,-0.008703
3,5,12.000,12.010,11959,0.007761
3,5,12.000,12.010,11960,0.019123
3,5,12.000,12.010,11961,-0.003771
3,5,12.000,12.010,11962,-0.015886
3,5,12.000,12.010,11963,-0.014955
3,5,12.000,12.010,11964,0.004246
3,5,12.000,12.010,11965,0.014086
3,5,12.000,12.010,11966,-0.007154
3,5,12.000,12.010,11967,-0.013205
3,5,12.000,12.010,11968,-0.020657
3,5,12.000,12.010,11969,-0.002628
3,5,12.000,12.010,11970,-0.025431
3,5,12.000,12.010,11971,-0.006955
3,5,12.000,12.010,11972,-0.002620
3,5,12.000,12.010,11973,-0.019194
3,5,12.000,12.010,11974,-0.015805
3,5,12.000,12.010,11975,-0.006363
3,5,12.000,12.010,11976,-0.038173
3,5,12.000,12.010,11977,-0.017402
3,5,12.000,12.010,11978,-0.003283
3,5,12.000,12.010,11979,0.012850
3,5,12.000,12.010,11980,0.001361
3,5,12.000,12.010,11981,-0.007364
3,5,12.000,12.010,11982,0.001226
3,5,12.000,12.010,11983,0.008699
3,5,12.000,12.010,11984,-0.012736
3,5,12.000,12.010,11985,0.017898
3,5,12.000,12.010,11986,-0.014193
3,5,12.000,12.010,11987,0.005738
3,5,12.000,12.010,11988,-0.019421
3,5,12.000,12.010,11989,-0.004635
3,5,12.000,12.010,11990,0.000835
3,5,12.000,12.010,11991,-0.009153
3,5,12.000,12.010,11992,-0.047711
3,5,12.000,12.010,11993,0.007161
3,5,12.000,12.010,11994,-0.015524
3,5,12.000,12.010,11995,0.011307
3,5,12.000,12.010,11996,0.002469
3,5,12.000,12.010,11997,0.002337
3,5,12.000,12.010,11998,0.005392
3,5,12.000,12.010,11999,-0.011770
3,5,12.000,12.010,12000,0.018951
3,5,12.000,12.010,12001,-0.011077
3,5,12.000,12.010,12002,0.001645
3,5,12.000,12.010,12003,-0.004163
3,5,12.000,12.010,12004,-0.000854
3,5,12.000,12.010,12005,-0.008277
3,5,12.000,12.010,12006,-0.001231
3,5,12.000,12.010,12007,0.010515
3,5,12.000,12.010,12008,-0.008488
3,5,12.000,12.010,12009,0.021260
3,5,12.000,12.010,12010,-0.021439
3,5,12.000,12.010,12011,0.000989
3,5,12.000,12.010,12012,-0.001056
3,5,12.000,12.010,12013,0.014289
3,5,12.000,12.010,12014,-0.003152
3,5,12.000,12.010,12015,0.002626
3,5,12.000,12.010,12016,0.006283
3,5,12.000,12.010,12017,0.023323
3,5,12.000,12.010,12018,0.001857
3,5,12.000,12.010,12019,-0.030138
3,5,12.000,12.010,12020,-0.012848
3,5,12.000,12.010,12021,0.006476
3,5,12.000,12.010,12022,0.002051
3,5,12.000,12.010,12023,-0.019521
3,5,12.000,12.010,12024,-0.003717
3,5,12.000,12.010,12025,-0.011545
3,5,12.000,12.010,12026,-0.026572
3,5,12.000,12.010,12027,0.014427
3,5,12.000,12.010,12028,0.010731
3,5,12.000,12.010,12029,0.039110
3,5,12.000,12.010,12030,0.001433
3,5,12.000,12.010,12031,-0.008640
3,5,12.000,12.010,12032,-0.016678
3,5,12.000,12.010,12033,-0.013839
3,5,12.000,12.010,12034,0.001655
3,5,12.000,12.010,12035,-0.002770
3,5,12.000,12.010,12036,0.011009
3,5,12.000,12.010,12037,0.006517
3,5,12.000,12.010,12038,-0.016386
3,5,12.000,12.010,12039,-0.005218
3,5,12.000,12.010,12040,-0.008302
3,5,12.000,12.010,12041,-0.028346
3,5,12.000,12.010,12042,0.036049
3,5,12.000,12.010,12043,-0.009842
3,5,12.000,12.010,12044,-0.001187
3,5,12.000,12.010,12045,-0.005500
3,5,12.000,12.010,12046,-0.011319
3,5,12.000,12.010,12047,-0.008201
3,5,12.000,12.010,12048,-0.001108
3,5,12.000,12.010,12049,0.007964
3,5,12.000,12.010,12050,0.016467
3,5,12.000,12.010,12051,-0.016692
3,5,12.000,12.010,12052,0.008033
3,5,12.000,12.010,12053,-0.011767
3,5,12.000,12.010,12054,0.027646
3,5,12.000,12.010,12055,-0.003431
3,5,12.000,12.010,12056,0.006817
3,5,12.000,12.010,12057,-0.018615
3,5,12.000,12.010,12058,0.007798
3,5,12.000,12.010,12059,0.030111
3,5,12.000,12.010,12060,0.016096
3,5,12.000,12.010,12061,0.026212
3,5,12.000,12.010,12062,-0.007274
3,5,12.000,12.010,12063,-0.006255
3,5,12.000,12.010,12064,-0.026285
3,5,12.000,12.010,12065,-0.005753
3,5,12.000,12.010,12066,-0.000294
3,5,12.000,12.010,12067,-0.007524
3,5,12.000,12.010,12068,0.001732
3,5,12.000,12.010,12069,0.001251
3,5,12.000,12.010,12070,0.001665
3,5,12.000,12.010,12071,-0.014924
3,5,12.000,12.010,12072,0.025783
3,5,12.000,12.010,12073,-0.026212
3,5,12.000,12.010,12074,-0.011852
3,5,12.000,12.010,12075,-0.019088
3,5,12.000,12.010,12076,-0.003358
3,5,12.000,12.010,12077,0.005941
3,5,12.000,12.010,12078,-0.011842
3,5,12.000,12.010,12079,0.016476
3,5,12.000,12.010,12080,-0.002552
3,5,12.000,12.010,12081,0.000725
3,5,12.000,12.010,12082,-0.015525
3,5,12.000,12.010,12083,0.000189
3,5,12.000,12.010,12084,0.018660
3,5,12.000,12.010,12085,-0.019601
3,5,12.000,12.010,12086,0.003090
3,5,12.000,12.010,12087,0.002525
3,5,12.000,12.010,12088,0.000512
3,5,12.000,12.010,12089,-0.007134
3,5,12.000,12.010,12090,0.008004
3,5,12.000,12.010,12091,0.007310
3,5,12.000,12.010,12092,-0.020057
3,5,12.000,12.010,12093,-0.007181
3,5,12.000,12.010,12094,-0.013820
3,5,12.000,12.010,12095,0.001899
3,5,12.000,12.010,12096,0.041438
3,5,12.000,12.010,12097,-0.005505
3,5,12.000,12.010,12098,0.002360
3,5,12.000,12.010,12099,-0.009014
3,5,12.000,12.010,12100,0.003811
3,5,12.000,12.010,12101,0.024979
3,5,12.000,12.010,12102,0.006795
3,5,12.000,12.010,12103,0.006775
3,5,12.000,12.010,12104,-0.005541
3,5,12.000,12.010,12105,0.038638
3,5,12.000,12.010,12106,-0.003146
3,5,12.000,12.010,12107,0.015878
3,5,12.000,12.010,12108,-0.015693
3,5,12.000,12.010,12109,-0.001429
3,5,12.000,12.010,12110,0.004954
3,5,12.000,12.010,12111,0.005749
3,5,12.000,12.010,12112,-0.006993
3,5,12.000,12.010,12113,0.015369
3,5,12.000,12.010,12114,-0.021009
3,5,12.000,12.010,12115,0.021475
3,5,12.000,12.010,12116,0.004645
3,5,12.000,12.010,12117,0.016871
3,5,12.000,12.010,12118,0.007601
3,5,12.000,12.010,12119,-0.005232
3,5,12.000,12.010,12120,-0.000126
3,5,12.000,12.010,12121,-0.008705
3,5,12.000,12.010,12122,-0.000915
3,5,12.000,12.010,12123,0.005605
3,5,12.000,12.010,12124,0.005840
3,5,12.000,12.010,12125,-0.020999
3,5,12.000,12.010,12126,0.018102
3,5,12.000,12.010,12127,-0.012088
3,5,12.000,12.010,12128,-0.002225
3,5,12.000,12.010,12129,0.032222
3,5,12.000,12.010,12130,0.002584
3,5,12.000,12.010,12131,0.005963
3,5,12.000,12.010,12132,0.011776
3,5,12.000,12.010,12133,0.007735
3,5,12.000,12.010,12134,0.033188
3,5,12.000,12.010,12135,0.005247
3,5,12.000,12.010,12136,-0.005574
3,5,12.000,12.010,12137,-0.016989
3,5,12.000,12.010,12138,0.006147
3,5,12.000,12.010,12139,0.029209
3,5,12.000,12.010,12140,0.012677
3,5,12.000,12.010,12141,-0.005402
3,5,12.000,12.010,12142,-0.015238
3,5,12.000,12.010,12143,-0.015510
3,5,12.000,12.010,12144,0.027953
3,5,12.000,12.010,12145,-0.005158
3,5,12.000,12.010,12146,-0.011088
3,5,12.000,12.010,12147,-0.009329
3,5,12.000,12.010,12148,-0.007839
3,5,12.000,12.010,12149,0.004794
3,5,12.000,12.010,12150,0.036416
3,5,12.000,12.010,12151,0.030462
3,5,12.000,12.010,12152,-0.009384
3,5,12.000,12.010,12153,-0.006428
3,5,12.000,12.010,12154,0.012181
3,5,12.000,12.010,12155,0.009888
3,5,12.000,12.010,12156,0.018771
3,5,12.000,12.010,12157,-0.007396
3,5,12.000,12.010,12158,-0.009685
3,5,12.000,12.010,12159,-0.007257
3,5,12.000,12.010,12160,-0.040747
3,5,12.000,12.010,12161,0.008805
3,5,12.000,12.010,12162,-0.004321
3,5,12.000,12.010,12163,-0.015646
3,5,12.000,12.010,12164,-0.009455
3,5,12.000,12.010,12165,-0.017563
3,5,12.000,12.010,12166,-0.008043
3,5,12.000,12.010,12167,-0.002200
3,5,12.000,12.010,12168,-0.011841
3,5,12.000,12.010,12169,0.018895
3,5,12.000,12.010,12170,0.018624
3,5,12.000,12.010,12171,-0.011020
3,5,12.000,12.010,12172,0.016919
3,5,12.000,12.010,12173,-0.017420
3,5,12.000,12.010,12174,0.001228
3,5,12.000,12.010,12175,0.000210
3,5,12.000,12.010,12176,-0.016754
3,5,12.000,12.010,12177,0.010942
3,5,12.000,12.010,12178,-0.016976
3,5,12.000,12.010,12179,-0.024317
3,5,12.000,12.010,12180,0.000556
3,5,12.000,12.010,12181,-0.035771
3,5,12.000,12.010,12182,0.001328
3,5,12.000,12.010,12183,0.010803
3,5,12.000,12.010,12184,-0.000580
3,5,12.000,12.010,12185,-0.014152
3,5,12.000,12.010,12186,-0.019661
3,5,12.000,12.010,12187,-0.010929
3,5,12.000,12.010,12188,0.018606
3,5,12.000,12.010,12189,0.021264
3,5,12.000,12.010,12190,0.009943
3,5,12.000,12.010,12191,-0.001880
3,5,12.000,12.010,12192,-0.001580
3,5,12.000,12.010,12193,-0.001674
3,5,12.000,12.010,12194,0.018813
3,5,12.000,12.010,12195,-0.013393
3,5,12.000,12.010,12196,-0.021054
3,5,12.000,12.010,12197,0.006956
3,5,12.000,12.010,12198,-0.001290
3,5,12.000,12.010,12199,0.002890
3,5,12.000,12.010,12200,-0.013559
3,5,12.000,12.010,12201,0.007681
3,5,12.000,12.010,12202,0.016560
3,5,12.000,12.010,12203,-0.013447
3,5,12.000,12.010,12204,0.011151
3,5,12.000,12.010,12205,-0.010659
3,5,12.000,12.010,12206,0.011911
3,5,12.000,12.010,12207,0.019446
3,5,12.000,12.010,12208,-0.025744
3,5,12.000,12.010,12209,0.005748
3,5,12.000,12.010,12210,-0.013350
3,5,12.000,12.010,12211,-0.013238
3,5,12.000,12.010,12212,-0.007341
3,5,12.000,12.010,12213,-0.023133
3,5,12.000,12.010,12214,0.001071
3,5,12.000,12.010,12215,-0.010160
3,5,12.000,12.010,12216,0.010472
3,5,12.000,12.010,12217,0.017097
3,5,12.000,12.010,12218,0.013542
3,5,12.000,12.010,12219,-0.005648
3,5,12.000,12.010,12220,0.019347
3,5,12.000,12.010,12221,0.017264
3,5,12.000,12.010,12222,-0.003990
3,5,12.000,12.010,12223,-0.006326
3,5,12.000,12.010,12224,-0.013509
3,5,12.000,12.010,12225,-0.023249
3,5,12.000,12.010,12226,0.009607
3,5,12.000,12.010,12227,-0.027004
3,5,12.000,12.010,12228,-0.004999
3,5,12.000,12.010,12229,-0.015519
3,5,12.000,12.010,12230,-0.006145
3,5,12.000,12.010,12231,-0.016896
3,5,12.000,12.010,12232,0.017983
3,5,12.000,12.010,12233,-0.009477
3,5,12.000,12.010,12234,-0.005287
3,5,12.000,12.010,12235,0.015879
3,5,12.000,12.010,12236,0.000029
3,5,12.000,12.010,12237,0.039037
3,5,12.000,12.010,12238,-0.027162
3,5,12.000,12.010,12239,0.006238
3,5,12.000,12.010,12240,0.005574
3,5,12.000,12.010,12241,-0.015904
3,5,12.000,12.010,12242,-0.000484
3,5,12.000,12.010,12243,0.010817
3,5,12.000,12.010,12244,0.010775
3,5,12.000,12.010,12245,0.024885
3,5,12.000,12.010,12246,0.026414
3,5,12.000,12.010,12247,-0.015812
3,5,12.000,12.010,12248,0.005234
3,5,12.000,12.010,12249,0.002722
3,5,12.000,12.010,12250,0.033406
3,5,12.000,12.010,12251,-0.025624
3,5,12.000,12.010,12252,-0.015296
3,5,12.000,12.010,12253,0.033127
3,5,12.000,12.010,12254,-0.013091
3,5,12.000,12.010,12255,-0.018451
3,5,12.000,12.010,12256,0.022986
3,5,12.000,12.010,12257,0.005889
3,5,12.000,12.010,12258,0.003167
3,5,12.000,12.010,12259,-0.017666
3,5,12.000,12.010,12260,-0.003445
3,5,12.000,12.010,12261,0.008456
3,5,12.000,12.010,12262,0.001605
3,5,12.000,12.010,12263,-0.003093
3,5,12.000,12.010,12264,-0.010590
3,5,12.000,12.010,12265,0.007651
3,5,12.000,12.010,12266,0.015627
3,5,12.000,12.010,12267,0.000627
3,5,12.000,12.010,12268,0.020528
3,5,12.000,12.010,12269,-0.033233
3,5,12.000,12.010,12270,-0.010339
3,5,12.000,12.010,12271,-0.000232
3,5,12.000,12.010,12272,0.032285
3,5,12.000,12.010,12273,-0.011646
3,5,12.000,12.010,12274,-0.018659
3,5,12.000,12.010,12275,-0.008055
3,5,12.000,12.010,12276,-0.014010
3,5,12.000,12.010,12277,-0.005811
3,5,12.000,12.010,12278,-0.003131
3,5,12.000,12.010,12279,-0.011997
3,5,12.000,12.010,12280,-0.007099
3,5,12.000,12.010,12281,0.017101
3,5,12.000,12.010,12282,0.006271
3,5,12.000,12.010,12283,0.006811
3,5,12.000,12.010,12284,0.007978
3,5,12.000,12.010,12285,0.013401
3,5,12.000,12.010,12286,0.006790
3,5,12.000,12.010,12287,-0.002043
3,5,12.000,12.010,12288,-0.008736
3,5,12.000,12.010,12289,-0.012820
3,5,12.000,12.010,12290,-0.000725
3,5,12.000,12.010,12291,0.022581
3,5,12.000,12.010,12292,-0.002134
3,5,12.000,12.010,12293,0.017559
3,5,12.000,12.010,12294,0.030836
3,5,12.000,12.010,12295,-0.008927
3,5,12.000,12.010,12296,0.021419
3,5,12.000,12.010,12297,0.008544
3,5,12.000,12.010,12298,-0.001660
3,5,12.000,12.010,12299,0.007284
3,5,12.000,12.010,12300,-0.009567
3,5,12.000,12.010,12301,-0.004529
3,5,12.000,12.010,12302,0.005203
3,5,12.000,12.010,12303,-0.008075
3,5,12.000,12.010,12304,-0.006481
3,5,12.000,12.010,12305,0.003131
3,5,12.000,12.010,12306,0.043438
3,5,12.000,12.010,12307,0.015053
3,5,12.000,12.010,12308,0.006335
3,5,12.000,12.010,12309,-0.013725
3,5,12.000,12.010,12310,-0.002521
3,5,12.000,12.010,12311,0.003825
3,5,12.000,12.010,12312,-0.003049
3,5,12.000,12.010,12313,-0.034408
3,5,12.000,12.010,12314,0.019054
3,5,12.000,12.010,12315,-0.001590
3,5,12.000,12.010,12316,-0.026813
3,5,12.000,12.010,12317,0.018296
3,5,12.000,12.010,12318,-0.016581
3,5,12.000,12.010,12319,-0.013287
3,5,12.000,12.010,12320,-0.020960
3,5,12.000,12.010,12321,-0.000130
3,5,12.000,12.010,12322,0.014253
3,5,12.000,12.010,12323,0.013924
3,5,12.000,12.010,12324,-0.000540
3,5,12.000,12.010,12325,-0.020514
3,5,12.000,12.010,12326,0.010361
3,5,12.000,12.010,12327,-0.010464
3,5,12.000,12.010,12328,0.000008
3,5,12.000,12.010,12329,0.004856
3,5,12.000,12.010,12330,-0.033233
3,5,12.000,12.010,12331,-0.016874
3,5,12.000,12.010,12332,0.006063
3,5,12.000,12.010,12333,-0.011780
3,5,12.000,12.010,12334,-0.030720
3,5,12.000,12.010,12335,0.005057
3,5,12.000,12.010,12336,0.033968
3,5,12.000,12.010,12337,0.021587
3,5,12.000,12.010,12338,0.013952
3,5,12.000,12.010,12339,0.009482
3,5,12.000,12.010,12340,-0.009109
3,5,12.000,12.010,12341,0.010647
3,5,12.000,12.010,12342,0.021240
3,5,12.000,12.010,12343,-0.017448
3,5,12.000,12.010,12344,-0.010402
3,5,12.000,12.010,12345,-0.008457
3,5,12.000,12.010,12346,-0.034766
3,5,12.000,12.010,12347,-0.002215
3,5,12.000,12.010,12348,0.010815
3,5,12.000,12.010,12349,-0.007951
3,5,12.000,12.010,12350,-0.026650
3,5,12.000,12.010,12351,0.012948
3,5,12.000,12.010,12352,0.009895
3,5,12.000,12.010,12353,0.033777
3,5,12.000,12.010,12354,0.016731
3,5,12.000,12.010,12355,-0.008764
3,5,12.000,12.010,12356,-0.000659
3,5,12.000,12.010,12357,0.027852
3,5,12.000,12.010,12358,-0.001398
3,5,12.000,12.010,12359,0.016258
3,5,12.000,12.010,12360,-0.014102
3,5,12.000,12.010,12361,-0.009603
3,5,12.000,12.010,12362,-0.036601
3,5,12.000,12.010,12363,0.009706
3,5,12.000,12.010,12364,-0.007791
3,5,12.000,12.010,12365,-0.015174
3,5,12.000,12.010,12366,0.029096
3,5,12.000,12.010,12367,-0.011947
3,5,12.000,12.010,12368,0.017242
3,5,12.000,12.010,12369,0.006351
3,5,12.000,12.010,12370,-0.005034
3,5,12.000,12.010,12371,-0.015691
3,5,12.000,12.010,12372,-0.012884
3,5,12.000,12.010,12373,-0.005639
3,5,12.000,12.010,12374,-0.019243
3,5,12.000,12.010,12375,-0.001762
3,5,12.000,12.010,12376,0.009639
3,5,12.000,12.010,12377,-0.000460
3,5,12.000,12.010,12378,-0.005352
3,5,12.000,12.010,12379,0.016169
3,5,12.000,12.010,12380,-0.016991
3,5,12.000,12.010,12381,-0.009316
3,5,12.000,12.010,12382,0.010709
3,5,12.000,12.010,12383,-0.014859
3,5,12.000,12.010,12384,-0.000163
3,5,12.000,12.010,12385,-0.005094
3,5,12.000,12.010,12386,-0.013161
3,5,12.000,12.010,12387,0.026797
3,5,12.000,12.010,12388,-0.012038
3,5,12.000,12.010,12389,0.015961
3,5,12.000,12.010,12390,0.001811
3,5,12.000,12.010,12391,-0.001745
3,5,12.000,12.010,12392,0.027299
3,5,12.000,12.010,12393,0.026545
3,5,12.000,12.010,12394,0.005871
3,5,12.000,12.010,12395,-0.023247
3,5,12.000,12.010,12396,-0.016404
3,5,12.000,12.010,12397,0.009100
3,5,12.000,12.010,12398,0.015370
3,5,12.000,12.010,12399,-0.033857
3,5,12.000,12.010,12400,0.012167
3,5,12.000,12.010,12401,0.037252
3,5,12.000,12.010,12402,0.014148
3,5,12.000,12.010,12403,-0.005513
3,5,12.000,12.010,12404,-0.013131
3,5,12.000,12.010,12405,-0.004007
3,5,12.000,12.010,12406,-0.003770
3,5,12.000,12.010,12407,-0.017075
3,5,12.000,12.010,12408,0.020289
3,5,12.000,12.010,12409,-0.019698
3,5,12.000,12.010,12410,-0.017892
3,5,12.000,12.010,12411,-0.018840
3,5,12.000,12.010,12412,-0.010425
3,5,12.000,12.010,12413,-0.002566
3,5,12.000,12.010,12414,-0.039995
3,5,12.000,12.010,12415,0.006050
3,5,12.000,12.010,12416,0.003174
3,5,12.000,12.010,12417,-0.020735
3,5,12.000,12.010,12418,0.019076
3,5,12.000,12.010,12419,0.033545
3,5,12.000,12.010,12420,0.001845
3,5,12.000,12.010,12421,-0.003060
3,5,12.000,12.010,12422,-0.012086
3,5,12.000,12.010,12423,-0.011428
3,5,12.000,12.010,12424,0.028239
3,5,12.000,12.010,12425,0.009609
3,5,12.000,12.010,12426,-0.003365
3,5,12.000,12.010,12427,-0.023439
3,5,12.000,12.010,12428,0.014235
3,5,12.000,12.010,12429,0.043516
3,5,12.000,12.010,12430,-0.023590
3,5,12.000,12.010,12431,0.004933
3,5,12.000,12.010,12432,-0.003988
3,5,12.000,12.010,12433,0.012423
3,5,12.000,12.010,12434,0.011901
3,5,12.000,12.010,12435,-0.006753
3,5,12.000,12.010,12436,0.013155
3,5,12.000,12.010,12437,0.006343
3,5,12.000,12.010,12438,0.018131
3,5,12.000,12.010,12439,-0.030811
3,5,12.000,12.010,12440,0.005659
3,5,12.000,12.010,12441,-0.011780
3,5,12.000,12.010,12442,0.006268
3,5,12.000,12.010,12443,0.014280
3,5,12.000,12.010,12444,-0.011587
3,5,12.000,12.010,12445,-0.016528
3,5,12.000,12.010,12446,-0.000440
3,5,12.000,12.010,12447,0.001182
3,5,12.000,12.010,12448,-0.034645
3,5,12.000,12.010,12449,-0.017476
3,5,12.000,12.010,12450,0.007272
3,5,12.000,12.010,12451,-0.003986
3,5,12.000,12.010,12452,-0.006559
3,5,12.000,12.010,12453,0.025754
3,5,12.000,12.010,12454,-0.020997
3,5,12.000,12.010,12455,-0.003010
3,5,12.000,12.010,12456,-0.008378
3,5,12.000,12.010,12457,0.010640
3,5,12.000,12.010,12458,-0.031245
3,5,12.000,12.010,12459,-0.010901
3,5,12.000,12.010,12460,0.005805
3,5,12.000,12.010,12461,-0.004276
3,5,12.000,12.010,12462,-0.025683
3,5,12.000,12.010,12463,-0.016510
3,5,12.000,12.010,12464,0.032266
3,5,12.000,12.010,12465,-0.005719
3,5,12.000,12.010,12466,-0.011076
3,5,12.000,12.010,12467,0.018246
3,5,12.000,12.010,12468,0.010709
3,5,12.000,12.010,12469,0.012437
3,5,12.000,12.010,12470,-0.011635
3,5,12.000,12.010,12471,0.003091
3,5,12.000,12.010,12472,0.013515
3,5,12.000,12.010,12473,-0.022052
3,5,12.000,12.010,12474,-0.014923
3,5,12.000,12.010,12475,0.011303
3,5,12.000,12.010,12476,-0.014225
3,5,12.000,12.010,12477,0.011811
3,5,12.000,12.010,12478,0.005302
3,5,12.000,12.010,12479,0.000291
3,5,12.000,12.010,12480,0.004847
3,5,12.000,12.010,12481,-0.007001
3,5,12.000,12.010,12482,-0.001518
3,5,12.000,12.010,12483,0.010095
3,5,12.000,12.010,12484,0.002390
3,5,12.000,12.010,12485,-0.012985
3,5,12.000,12.010,12486,0.005299
3,5,12.000,12.010,12487,-0.008861
3,5,12.000,12.010,12488,-0.011727
3,5,12.000,12.010,12489,-0.004624
3,5,12.000,12.010,12490,0.018194
3,5,12.000,12.010,12491,-0.001387
3,5,12.000,12.010,12492,0.006861
3,5,12.000,12.010,12493,-0.031835
3,5,12.000,12.010,12494,0.014296
3,5,12.000,12.010,12495,-0.009678
3,5,12.000,12.010,12496,0.020322
3,5,12.000,12.010,12497,0.020492
3,5,12.000,12.010,12498,-0.000420
3,5,12.000,12.010,12499,0.021895
3,5,12.000,12.010,12500,0.005675
3,5,12.000,12.010,12501,-0.035598
3,5,12.000,12.010,12502,-0.006816
3,5,12.000,12.010,12503,-0.000103
3,5,12.000,12.010,12504,0.021391
3,5,12.000,12.010,12505,-0.005397
3,5,12.000,12.010,12506,-0.012945
3,5,12.000,12.010,12507,0.001672
3,5,12.000,12.010,12508,0.012399
3,5,12.000,12.010,12509,0.022235
3,5,12.000,12.010,12510,0.022319
3,5,12.000,12.010,12511,0.025696
3,5,12.000,12.010,12512,0.016926
3,5,12.000,12.010,12513,-0.007327
3,5,12.000,12.010,12514,-0.004327
3,5,12.000,12.010,12515,-0.028586
3,5,12.000,12.010,12516,0.000322
3,5,12.000,12.010,12517,0.017270
3,5,12.000,12.010,12518,0.002890
3,5,12.000,12.010,12519,0.004490
3,5,12.000,12.010,12520,0.009517
3,5,12.000,12.010,12521,0.002569
3,5,12.000,12.010,12522,-0.015455
3,5,12.000,12.010,12523,0.009129
3,5,12.000,12.010,12524,-0.006840
3,5,12.000,12.010,12525,0.016550
3,5,12.000,12.010,12526,0.002364
3,5,12.000,12.010,12527,-0.004302
3,5,12.000,12.010,12528,0.006687
3,5,12.000,12.010,12529,0.023449
3,5,12.000,12.010,12530,-0.008615
3,5,12.000,12.010,12531,0.020925
3,5,12.000,12.010,12532,0.002812
3,5,12.000,12.010,12533,0.028484
3,5,12.000,12.010,12534,0.004520
3,5,12.000,12.010,12535,0.004080
3,5,12.000,12.010,12536,-0.005196
3,5,12.000,12.010,12537,-0.001603
3,5,12.000,12.010,12538,-0.015053
3,5,12.000,12.010,12539,0.010124
3,5,12.000,12.010,12540,0.009613
3,5,12.000,12.010,12541,-0.000425
3,5,12.000,12.010,12542,0.005048
3,5,12.000,12.010,12543,0.007239
3,5,12.000,12.010,12544,-0.021045
3,5,12.000,12.010,12545,-0.008202
3,5,12.000,12.010,12546,-0.002757
3,5,12.000,12.010,12547,-0.009368
3,5,12.000,12.010,12548,0.047776
3,5,12.000,12.010,12549,0.013636
3,5,12.000,12.010,12550,0.019164
3,5,12.000,12.010,12551,-0.048838
3,5,12.000,12.010,12552,0.004729
3,5,12.000,12.010,12553,-0.002379
3,5,12.000,12.010,12554,0.008465
3,5,12.000,12.010,12555,-0.012801
3,5,12.000,12.010,12556,0.003361
3,5,12.000,12.010,12557,0.001484
3,5,12.000,12.010,12558,-0.022587
3,5,12.000,12.010,12559,0.000625
3,5,12.000,12.010,12560,0.004505
3,5,12.000,12.010,12561,0.012403
3,5,12.000,12.010,12562,0.015071
3,5,12.000,12.010,12563,-0.017941
3,5,12.000,12.010,12564,0.014305
3,5,12.000,12.010,12565,0.031276
3,5,12.000,12.010,12566,0.005854
3,5,12.000,12.010,12567,-0.005187
3,5,12.000,12.010,12568,0.006456
3,5,12.000,12.010,12569,-0.005859
3,5,12.000,12.010,12570,-0.019412
3,5,12.000,12.010,12571,0.001965
3,5,12.000,12.010,12572,0.002683
3,5,12.000,12.010,12573,-0.006659
3,5,12.000,12.010,12574,-0.027898
3,5,12.000,12.010,12575,0.020770
3,5,12.000,12.010,12576,0.016542
3,5,12.000,12.010,12577,0.022986
3,5,12.000,12.010,12578,-0.005516
3,5,12.000,12.010,12579,-0.016322
3,5,12.000,12.010,12580,-0.005422
3,5,12.000,12.010,12581,-0.020835
3,5,12.000,12.010,12582,0.005971
3,5,12.000,12.010,12583,0.009764
3,5,12.000,12.010,12584,-0.009361
3,5,12.000,12.010,12585,-0.006808
3,5,12.000,12.010,12586,-0.004857
3,5,12.000,12.010,12587,-0.001410
3,5,12.000,12.010,12588,0.017897
3,5,12.000,12.010,12589,-0.021696
3,5,12.000,12.010,12590,-0.019970
3,5,12.000,12.010,12591,-0.004491
3,5,12.000,12.010,12592,0.003507
3,5,12.000,12.010,12593,0.012327
3,5,12.000,12.010,12594,-0.009243
3,5,12.000,12.010,12595,0.015418
3,5,12.000,12.010,12596,-0.038994
3,5,12.000,12.010,12597,-0.013214
3,5,12.000,12.010,12598,0.007717
3,5,12.000,12.010,12599,-0.006628
3,5,12.000,12.010,12600,0.017755
3,5,12.000,12.010,12601,-0.008562
3,5,12.000,12.010,12602,0.028491
3,5,12.000,12.010,12603,0.028822
3,5,12.000,12.010,12604,0.010232
3,5,12.000,12.010,12605,-0.001026
3,5,12.000,12.010,12606,-0.033175
3,5,12.000,12.010,12607,-0.004355
3,5,12.000,12.010,12608,0.026311
3,5,12.000,12.010,12609,0.012736
3,5,12.000,12.010,12610,-0.044500
3,5,12.000,12.010,12611,0.003780
3,5,12.000,12.010,12612,0.018632
3,5,12.000,12.010,12613,-0.014432
3,5,12.000,12.010,12614,-0.015420
3,5,12.000,12.010,12615,0.015235
3,5,12.000,12.010,12616,-0.004017
3,5,12.000,12.010,12617,-0.005329
3,5,12.000,12.010,12618,0.000456
3,5,12.000,12.010,12619,0.029246
3,5,12.000,12.010,12620,-0.003533
3,5,12.000,12.010,12621,0.005177
3,5,12.000,12.010,12622,0.015235
3,5,12.000,12.010,12623,-0.017613
3,5,12.000,12.010,12624,0.018415
3,5,12.000,12.010,12625,-0.005062
3,5,12.000,12.010,12626,0.011219
3,5,12.000,12.010,12627,-0.022399
3,5,12.000,12.010,12628,0.012995
3,5,12.000,12.010,12629,-0.019792
3,5,12.000,12.010,12630,-0.026861
3,5,12.000,12.010,12631,-0.004408
3,5,12.000,12.010,12632,-0.010972
3,5,12.000,12.010,12633,0.010870
3,5,12.000,12.010,12634,-0.025600
3,5,12.000,12.010,12635,-0.009276
3,5,12.000,12.010,12636,-0.001207
3,5,12.000,12.010,12637,-0.009772
3,5,12.000,12.010,12638,0.008786
3,5,12.000,12.010,12639,0.004530
3,5,12.000,12.010,12640,-0.003959
3,5,12.000,12.010,12641,-0.021268
3,5,12.000,12.010,12642,0.002991
3,5,12.000,12.010,12643,0.013282
3,5,12.000,12.010,12644,-0.015145
3,5,12.000,12.010,12645,-0.023160
3,5,12.000,12.010,12646,-0.004045
3,5,12.000,12.010,12647,0.010490
3,5,12.000,12.010,12648,0.014133
3,5,12.000,12.010,12649,0.031720
3,5,12.000,12.010,12650,-0.002951
3,5,12.000,12.010,12651,-0.041381
3,5,12.000,12.010,12652,-0.028368
3,5,12.000,12.010,12653,0.015623
3,5,12.000,12.010,12654,0.045835
3,5,12.000,12.010,12655,-0.023497
3,5,12.000,12.010,12656,-0.013040
3,5,12.000,12.010,12657,-0.010364
3,5,12.000,12.010,12658,-0.007949
3,5,12.000,12.010,12659,0.022018
3,5,12.000,12.010,12660,-0.009671
3,5,12.000,12.010,12661,-0.012544
3,5,12.000,12.010,12662,0.005791
3,5,12.000,12.010,12663,-0.001790
3,5,12.000,12.010,12664,0.017595
3,5,12.000,12.010,12665,-0.010200
3,5,12.000,12.010,12666,0.021760
3,5,12.000,12.010,12667,0.009480
3,5,12.000,12.010,12668,-0.001114
3,5,12.000,12.010,12669,0.007703
3,5,12.000,12.010,12670,-0.009922
3,5,12.000,12.010,12671,0.012233
3,5,12.000,12.010,12672,-0.012527
3,5,12.000,12.010,12673,-0.025592
3,5,12.000,12.010,12674,-0.016629
3,5,12.000,12.010,12675,0.010346
3,5,12.000,12.010,12676,-0.022469
3,5,12.000,12.010,12677,0.027706
3,5,12.000,12.010,12678,-0.014597
3,5,12.000,12.010,12679,-0.006080
3,5,12.000,12.010,12680,0.010454
3,5,12.000,12.010,12681,-0.016904
3,5,12.000,12.010,12682,-0.000585
3,5,12.000,12.010,12683,-0.020898
3,5,12.000,12.010,12684,-0.013009
3,5,12.000,12.010,12685,-0.028040
3,5,12.000,12.010,12686,-0.015244
3,5,12.000,12.010,12687,-0.026907
3,5,12.000,12.010,12688,0.022683
3,5,12.000,12.010,12689,-0.004114
3,5,12.000,12.010,12690,0.016132
3,5,12.000,12.010,12691,0.008133
3,5,12.000,12.010,12692,0.012937
3,5,12.000,12.010,12693,-0.001467
3,5,12.000,12.010,12694,-0.004777
3,5,12.000,12.010,12695,0.007364
3,5,12.000,12.010,12696,0.001049
3,5,12.000,12.010,12697,0.015439
3,5,12.000,12.010,12698,-0.009339
3,5,12.000,12.010,12699,-0.011541
3,5,12.000,12.010,12700,-0.017285
3,5,12.000,12.010,12701,0.007463
3,5,12.000,12.010,12702,0.019202
3,5,12.000,12.010,12703,0.012396
3,5,12.000,12.010,12704,-0.020261
3,5,12.000,12.010,12705,-0.006639
3,5,12.000,12.010,12706,-0.012254
3,5,12.000,12.010,12707,0.003280
3,5,12.000,12.010,12708,-0.024982
3,5,12.000,12.010,12709,0.007575
3,5,12.000,12.010,12710,0.018644
3,5,12.000,12.010,12711,0.009725
3,5,12.000,12.010,12712,-0.012389
3,5,12.000,12.010,12713,-0.020868
3,5,12.000,12.010,12714,-0.005079
3,5,12.000,12.010,12715,-0.022671
3,5,12.000,12.010,12716,0.026315
3,5,12.000,12.010,12717,-0.006093
3,5,12.000,12.010,12718,0.012193
3,5,12.000,12.010,12719,-0.014287
3,5,12.000,12.010,12720,0.005750
3,5,12.000,12.010,12721,-0.019581
3,5,12.000,12.010,12722,-0.003592
3,5,12.000,12.010,12723,-0.010030
3,5,12.000,12.010,12724,0.009060
3,5,12.000,12.010,12725,-0.006656
3,5,12.000,12.010,12726,-0.005821
3,5,12.000,12.010,12727,0.019668
3,5,12.000,12.010,12728,-0.005768
3,5,12.000,12.010,12729,0.001281
3,5,12.000,12.010,12730,0.007779
3,5,12.000,12.010,12731,0.013988
3,5,12.000,12.010,12732,-0.030630
3,5,12.000,12.010,12733,0.021692
3,5,12.000,12.010,12734,0.012357
3,5,12.000,12.010,12735,-0.017929
3,5,12.000,12.010,12736,0.000922
3,5,12.000,12.010,12737,0.008175
3,5,12.000,12.010,12738,-0.018702
3,5,12.000,12.010,12739,0.015996
3,5,12.000,12.010,12740,-0.013309
3,5,12.000,12.010,12741,-0.000376
3,5,12.000,12.010,12742,0.012115
3,5,12.000,12.010,12743,-0.004353
3,5,12.000,12.010,12744,0.025713
3,5,12.000,12.010,12745,-0.005583
3,5,12.000,12.010,12746,-0.008123
3,5,12.000,12.010,12747,-0.011945
3,5,12.000,12.010,12748,-0.000714
3,5,12.000,12.010,12749,-0.019069
3,5,12.000,12.010,12750,0.023866
3,5,12.000,12.010,12751,-0.011191
3,5,12.000,12.010,12752,-0.011327
3,5,12.000,12.010,12753,0.016899
3,5,12.000,12.010,12754,-0.011636
3,5,12.000,12.010,12755,0.003316
3,5,12.000,12.010,12756,0.018736
3,5,12.000,12.010,12757,0.013864
3,5,12.000,12.010,12758,0.020042
3,5,12.000,12.010,12759,0.031770
3,5,12.000,12.010,12760,0.010136
3,5,12.000,12.010,12761,0.032043
3,5,12.000,12.010,12762,-0.006680
3,5,12.000,12.010,12763,0.005585
3,5,12.000,12.010,12764,0.000922
3,5,12.000,12.010,12765,-0.001500
3,5,12.000,12.010,12766,-0.009097
3,5,12.000,12.010,12767,-0.004732
3,5,12.000,12.010,12768,-0.013039
3,5,12.000,12.010,12769,-0.006793
3,5,12.000,12.010,12770,-0.029376
3,5,12.000,12.010,12771,0.008918
3,5,12.000,12.010,12772,0.017184
3,5,12.000,12.010,12773,-0.016370
3,5,12.000,12.010,12774,-0.011284
3,5,12.000,12.010,12775,0.009692
3,5,12.000,12.010,12776,-0.002010
3,5,12.000,12.010,12777,-0.007661
3,5,12.000,12.010,12778,-0.009876
3,5,12.000,12.010,12779,-0.001892
3,5,12.000,12.010,12780,0.005488
3,5,12.000,12.010,12781,-0.001475
3,5,12.000,12.010,12782,-0.009853
3,5,12.000,12.010,12783,0.002754
3,5,12.000,12.010,12784,-0.023683
3,5,12.000,12.010,12785,-0.018775
3,5,12.000,12.010,12786,0.003945
3,5,12.000,12.010,12787,-0.010395
3,5,12.000,12.010,12788,-0.021760
3,5,12.000,12.010,12789,0.016606
3,5,12.000,12.010,12790,-0.007714
3,5,12.000,12.010,12791,0.006146
3,5,12.000,12.010,12792,0.018874
3,5,12.000,12.010,12793,0.023350
3,5,12.000,12.010,12794,0.001854
3,5,12.000,12.010,12795,-0.004302
3,5,12.000,12.010,12796,-0.018053
3,5,12.000,12.010,12797,0.031032
3,5,12.000,12.010,12798,-0.013604
3,5,12.000,12.010,12799,0.001762
3,5,12.000,12.010,12800,-0.008523
3,5,12.000,12.010,12801,0.020145
3,5,12.000,12.010,12802,-0.000148
3,5,12.000,12.010,12803,-0.005637
3,5,12.000,12.010,12804,-0.001635
3,5,12.000,12.010,12805,0.023473
3,5,12.000,12.010,12806,-0.004210
3,5,12.000,12.010,12807,0.023162
3,5,12.000,12.010,12808,0.014302
3,5,12.000,12.010,12809,0.015409
3,5,12.000,12.010,12810,0.029148
3,5,12.000,12.010,12811,0.021928
3,5,12.000,12.010,12812,-0.017619
3,5,12.000,12.010,12813,-0.012373
3,5,12.000,12.010,12814,0.001390
3,5,12.000,12.010,12815,-0.004881
3,5,12.000,12.010,12816,-0.006133
3,5,12.000,12.010,12817,-0.008772
3,5,12.000,12.010,12818,-0.008353
3,5,12.000,12.010,12819,-0.014139
3,5,12.000,12.010,12820,0.010324
3,5,12.000,12.010,12821,0.000609
3,5,12.000,12.010,12822,0.005610
3,5,12.000,12.010,12823,-0.003750
3,5,12.000,12.010,12824,-0.024930
3,5,12.000,12.010,12825,-0.002814
3,5,12.000,12.010,12826,-0.010284
3,5,12.000,12.010,12827,-0.005429
3,5,12.000,12.010,12828,0.035226
3,5,12.000,12.010,12829,-0.004589
3,5,12.000,12.010,12830,-0.015828
3,5,12.000,12.010,12831,0.006925
3,5,12.000,12.010,12832,0.015738
3,5,12.000,12.010,12833,0.003086
3,5,12.000,12.010,12834,-0.012636
3,5,12.000,12.010,12835,-0.031018
3,5,12.000,12.010,12836,0.023864
3,5,12.000,12.010,12837,-0.009409
3,5,12.000,12.010,12838,0.000209
3,5,12.000,12.010,12839,-0.004003
3,5,12.000,12.010,12840,0.017704
3,5,12.000,12.010,12841,0.021647
3,5,12.000,12.010,12842,0.029442
3,5,12.000,12.010,12843,0.009640
3,5,12.000,12.010,12844,-0.017425
3,5,12.000,12.010,12845,-0.032934
3,5,12.000,12.010,12846,0.000360
3,5,12.000,12.010,12847,-0.000077
3,5,12.000,12.010,12848,-0.004972
3,5,12.000,12.010,12849,0.013734
3,5,12.000,12.010,12850,-0.011236
3,5,12.000,12.010,12851,0.016862
3,5,12.000,12.010,12852,-0.018077
3,5,12.000,12.010,12853,0.008943
3,5,12.000,12.010,12854,-0.017263
3,5,12.000,12.010,12855,-0.022284
3,5,12.000,12.010,12856,0.016582
3,5,12.000,12.010,12857,-0.007790
3,5,12.000,12.010,12858,-0.015331
3,5,12.000,12.010,12859,0.015697
3,5,12.000,12.010,12860,-0.000253
3,5,12.000,12.010,12861,-0.018715
3,5,12.000,12.010,12862,0.007112
3,5,12.000,12.010,12863,-0.011350
3,5,12.000,12.010,12864,-0.005631
3,5,12.000,12.010,12865,0.001127
3,5,12.000,12.010,12866,0.024337
3,5,12.000,12.010,12867,-0.019152
3,5,12.000,12.010,12868,-0.019159
3,5,12.000,12.010,12869,0.011340
3,5,12.000,12.010,12870,0.013130
3,5,12.000,12.010,12871,0.008058
3,5,12.000,12.010,12872,0.017097
3,5,12.000,12.010,12873,-0.011114
3,5,12.000,12.010,12874,-0.019729
3,5,12.000,12.010,12875,-0.000833
3,5,12.000,12.010,12876,-0.000132
3,5,12.000,12.010,12877,-0.024801
3,5,12.000,12.010,12878,-0.002560
3,5,12.000,12.010,12879,-0.020089
3,5,12.000,12.010,12880,0.029183
3,5,12.000,12.010,12881,0.008816
3,5,12.000,12.010,12882,-0.021210
3,5,12.000,12.010,12883,-0.011781
3,5,12.000,12.010,12884,-0.002565
3,5,12.000,12.010,12885,0.000864
3,5,12.000,12.010,12886,0.003317
3,5,12.000,12.010,12887,0.015899
3,5,12.000,12.010,12888,0.009577
3,5,12.000,12.010,12889,-0.005108
3,5,12.000,12.010,12890,0.052430
3,5,12.000,12.010,12891,0.001821
3,5,12.000,12.010,12892,0.006058
3,5,12.000,12.010,12893,0.026421
3,5,12.000,12.010,12894,-0.030285
3,5,12.000,12.010,12895,-0.004655
3,5,12.000,12.010,12896,-0.001218
3,5,12.000,12.010,12897,0.001857
3,5,12.000,12.010,12898,0.011909
3,5,12.000,12.010,12899,0.007000
3,5,12.000,12.010,12900,-0.002449
3,5,12.000,12.010,12901,0.003327
3,5,12.000,12.010,12902,-0.020704
3,5,12.000,12.010,12903,0.005912
3,5,12.000,12.010,12904,0.043019
3,5,12.000,12.010,12905,-0.016020
3,5,12.000,12.010,12906,0.009256
3,5,12.000,12.010,12907,-0.003952
3,5,12.000,12.010,12908,-0.012132
3,5,12.000,12.010,12909,0.000783
3,5,12.000,12.010,12910,-0.013170
3,5,12.000,12.010,12911,0.001878
3,5,12.000,12.010,12912,0.018070
3,5,12.000,12.010,12913,-0.002683
3,5,12.000,12.010,12914,-0.009271
3,5,12.000,12.010,12915,-0.018861
3,5,12.000,12.010,12916,-0.008928
3,5,12.000,12.010,12917,-0.010654
3,5,12.000,12.010,12918,0.003547
3,5,12.000,12.010,12919,-0.011321
3,5,12.000,12.010,12920,0.035657
3,5,12.000,12.010,12921,0.007176
3,5,12.000,12.010,12922,-0.011447
3,5,12.000,12.010,12923,0.010458
3,5,12.000,12.010,12924,0.008998
3,5,12.000,12.010,12925,-0.016712
3,5,12.000,12.010,12926,-0.007410
3,5,12.000,12.010,12927,0.013346
3,5,12.000,12.010,12928,0.016219
3,5,12.000,12.010,12929,0.017727
3,5,12.000,12.010,12930,-0.024738
3,5,12.000,12.010,12931,-0.034178
3,5,12.000,12.010,12932,-0.005146
3,5,12.000,12.010,12933,-0.006540
3,5,12.000,12.010,12934,0.028231
3,5,12.000,12.010,12935,0.007190
3,5,12.000,12.010,12936,0.012066
3,5,12.000,12.010,12937,0.005686
3,5,12.000,12.010,12938,-0.012106
3,5,12.000,12.010,12939,0.029862
3,5,12.000,12.010,12940,-0.017923
3,5,12.000,12.010,12941,0.004175
3,5,12.000,12.010,12942,-0.012795
3,5,12.000,12.010,12943,0.006331
3,5,12.000,12.010,12944,0.010704
3,5,12.000,12.010,12945,-0.013545
3,5,12.000,12.010,12946,0.030224
3,5,12.000,12.010,12947,-0.022850
3,5,12.000,12.010,12948,-0.016911
3,5,12.000,12.010,12949,-0.017179
3,5,12.000,12.010,12950,-0.006313
3,5,12.000,12.010,12951,0.007602
3,5,12.000,12.010,12952,-0.002949
3,5,12.000,12.010,12953,-0.038800
3,5,12.000,12.010,12954,-0.012526
3,5,12.000,12.010,12955,-0.024598
3,5,12.000,12.010,12956,-0.014360
3,5,12.000,12.010,12957,0.014380
3,5,12.000,12.010,12958,0.000611
3,5,12.000,12.010,12959,-0.010860
3,5,12.000,12.010,12960,0.012731
3,5,12.000,12.010,12961,-0.014683
3,5,12.000,12.010,12962,-0.001920
3,5,12.000,12.010,12963,0.017654
3,5,12.000,12.010,12964,0.006886
3,5,12.000,12.010,12965,0.016825
3,5,12.000,12.010,12966,-0.012854
3,5,12.000,12.010,12967,0.003660
3,5,12.000,12.010,12968,0.014911
3,5,12.000,12.010,12969,-0.022224
3,5,12.000,12.010,12970,-0.001524
3,5,12.000,12.010,12971,-0.003944
3,5,12.000,12.010,12972,0.029365
3,5,12.000,12.010,12973,0.014089
3,5,12.000,12.010,12974,-0.026153
3,5,12.000,12.010,12975,-0.003286
3,5,12.000,12.010,12976,0.014161
3,5,12.000,12.010,12977,-0.001778
3,5,12.000,12.010,12978,0.005836
3,5,12.000,12.010,12979,-0.016340
3,5,12.000,12.010,12980,-0.007839
3,5,12.000,12.010,12981,-0.025907
3,5,12.000,12.010,12982,0.008336
3,5,12.000,12.010,12983,-0.026397
3,5,12.000,12.010,12984,0.003485
3,5,12.000,12.010,12985,-0.004255
3,5,12.000,12.010,12986,-0.010465
3,5,12.000,12.010,12987,-0.015152
3,5,12.000,12.010,12988,-0.002626
3,5,12.000,12.010,12989,-0.012338
3,5,12.000,12.010,12990,0.001331
3,5,12.000,12.010,12991,-0.021208
3,5,12.000,12.010,12992,-0.009859
3,5,12.000,12.010,12993,0.001157
3,5,12.000,12.010,12994,0.016193
3,5,12.000,12.010,12995,0.004325
3,5,12.000,12.010,12996,-0.031470
3,5,12.000,12.010,12997,-0.014104
3,5,12.000,12.010,12998,0.013381
3,5,12.000,12.010,12999,-0.013783
3,5,12.000,12.010,13000,0.006929
