family,mode,p,q,K,param,delta,t,mean_ln_d,frac_d_gt_scale,r_x1,r_x2
henon,param,3,5,0.01,1.28,1.000e-12,1,-27.997620,0.000000,1.000000,1.000000
henon,param,3,5,0.01,1.28,1.000e-12,2,-27.385170,0.000000,1.000000,1.000000
henon,param,3,5,0.01,1.28,1.000e-12,3,-26.850102,0.000000,1.000000,1.000000
henon,param,3,5,0.01,1.28,1.000e-12,4,-26.552188,0.000000,1.000000,1.000000
henon,param,3,5,0.01,1.28,1.000e-12,5,-26.185793,0.000000,1.000000,1.000000
henon,param,3,5,0.01,1.28,1.000e-12,6,-25.840386,0.000000,1.000000,1.000000
henon,param,3,5,0.01,1.28,1.000e-12,7,-25.552608,0.000000,1.000000,1.000000
henon,param,3,5,0.01,1.28,1.000e-12,8,-25.272132,0.000000,1.000000,1.000000
henon,param,3,5,0.01,1.28,1.000e-12,9,-24.930595,0.000000,1.000000,1.000000
henon,param,3,5,0.01,1.28,1.000e-12,10,-24.652070,0.000000,1.000000,1.000000
henon,param,3,5,0.01,1.28,1.000e-12,11,-24.376958,0.000000,1.000000,1.000000
henon,param,3,5,0.01,1.28,1.000e-12,12,-24.077331,0.000000,1.000000,1.000000
henon,param,3,5,0.01,1.28,1.000e-12,13,-23.779420,0.000000,1.000000,1.000000
henon,param,3,5,0.01,1.28,1.000e-12,14,-23.497932,0.000000,1.000000,1.000000
henon,param,3,5,0.01,1.28,1.000e-12,15,-23.211367,0.000000,1.000000,1.000000
henon,param,3,5,0.01,1.28,1.000e-12,16,-22.899064,0.000000,1.000000,1.000000
henon,param,3,5,0.01,1.28,1.000e-12,17,-22.611341,0.000000,1.000000,1.000000
henon,param,3,5,0.01,1.28,1.000e-12,18,-22.340326,0.000000,1.000000,1.000000
henon,param,3,5,0.01,1.28,1.000e-12,19,-22.051572,0.000000,1.000000,1.000000
henon,param,3,5,0.01,1.28,1.000e-12,20,-21.761048,0.000000,1.000000,1.000000
henon,param,3,5,0.01,1.28,1.000e-12,21,-21.480570,0.000000,1.000000,1.000000
henon,param,3,5,0.01,1.28,1.000e-12,22,-21.207387,0.000000,1.000000,1.000000
henon,param,3,5,0.01,1.28,1.000e-12,23,-20.915658,0.000000,1.000000,1.000000
henon,param,3,5,0.01,1.28,1.000e-12,24,-20.635682,0.000000,1.000000,1.000000
henon,param,3,5,0.01,1.28,1.000e-12,25,-20.365315,0.000000,1.000000,1.000000
henon,param,3,5,0.01,1.28,1.000e-12,26,-20.083485,0.000000,1.000000,1.000000
henon,param,3,5,0.01,1.28,1.000e-12,27,-19.799824,0.000000,1.000000,1.000000
henon,param,3,5,0.01,1.28,1.000e-12,28,-19.521873,0.000000,1.000000,1.000000
henon,param,3,5,0.01,1.28,1.000e-12,29,-19.235975,0.000000,1.000000,1.000000
henon,param,3,5,0.01,1.28,1.000e-12,30,-18.953727,0.000000,1.000000,1.000000
henon,param,3,5,0.01,1.28,1.000e-12,31,-18.675334,0.000000,1.000000,1.000000
henon,param,3,5,0.01,1.28,1.000e-12,32,-18.389157,0.000000,1.000000,1.000000
henon,param,3,5,0.01,1.28,1.000e-12,33,-18.105215,0.000000,1.000000,1.000000
henon,param,3,5,0.01,1.28,1.000e-12,34,-17.829015,0.000000,1.000000,1.000000
henon,param,3,5,0.01,1.28,1.000e-12,35,-17.543711,0.000000,1.000000,1.000000
henon,param,3,5,0.01,1.28,1.000e-12,36,-17.266449,0.000000,1.000000,1.000000
henon,param,3,5,0.01,1.28,1.000e-12,37,-16.979869,0.000000,1.000000,1.000000
henon,param,3,5,0.01,1.28,1.000e-12,38,-16.700549,0.000000,1.000000,1.000000
henon,param,3,5,0.01,1.28,1.000e-12,39,-16.411261,0.000000,1.000000,1.000000
henon,param,3,5,0.01,1.28,1.000e-12,40,-16.135496,0.000000,1.000000,1.000000
henon,param,3,5,0.01,1.28,1.000e-12,41,-15.856318,0.000000,1.000000,1.000000
henon,param,3,5,0.01,1.28,1.000e-12,42,-15.568413,0.000000,1.000000,1.000000
henon,param,3,5,0.01,1.28,1.000e-12,43,-15.286124,0.000000,1.000000,1.000000
henon,param,3,5,0.01,1.28,1.000e-12,44,-15.006889,0.000000,1.000000,1.000000
henon,param,3,5,0.01,1.28,1.000e-12,45,-14.729000,0.000000,1.000000,1.000000
henon,param,3,5,0.01,1.28,1.000e-12,46,-14.449379,0.000000,1.000000,1.000000
henon,param,3,5,0.01,1.28,1.000e-12,47,-14.170295,0.000000,1.000000,1.000000
henon,param,3,5,0.01,1.28,1.000e-12,48,-13.886590,0.000000,1.000000,1.000000
henon,param,3,5,0.01,1.28,1.000e-12,49,-13.603901,0.000000,0.999999,1.000000
henon,param,3,5,0.01,1.28,1.000e-12,50,-13.328332,0.000000,0.999998,0.999999
henon,param,3,5,0.01,1.28,1.000e-12,51,-13.051103,0.000000,0.999997,0.999999
henon,param,3,5,0.01,1.28,1.000e-12,52,-12.774371,0.000000,0.999993,0.999997
henon,param,3,5,0.01,1.28,1.000e-12,53,-12.493900,0.000000,0.999986,0.999993
henon,param,3,5,0.01,1.28,1.000e-12,54,-12.221106,0.000000,0.999958,0.999983
henon,param,3,5,0.01,1.28,1.000e-12,55,-11.942492,0.000000,0.999958,0.999964
henon,param,3,5,0.01,1.28,1.000e-12,56,-11.658312,0.000000,0.999816,0.999907
henon,param,3,5,0.01,1.28,1.000e-12,57,-11.382382,0.000061,0.999629,0.999746
henon,param,3,5,0.01,1.28,1.000e-12,58,-11.094103,0.000366,0.998967,0.999470
henon,param,3,5,0.01,1.28,1.000e-12,59,-10.815785,0.000488,0.998903,0.998804
henon,param,3,5,0.01,1.28,1.000e-12,60,-10.536251,0.001160,0.998039,0.997739
henon,param,3,5,0.01,1.28,1.000e-12,61,-10.262900,0.002075,0.996962,0.996048
henon,param,3,5,0.01,1.28,1.000e-12,62,-9.977096,0.003479,0.994358,0.994698
henon,param,3,5,0.01,1.28,1.000e-12,63,-9.701123,0.005310,0.991245,0.991430
henon,param,3,5,0.01,1.28,1.000e-12,64,-9.422899,0.006287,0.990334,0.991137
henon,param,3,5,0.01,1.28,1.000e-12,65,-9.138616,0.007751,0.987133,0.987977
henon,param,3,5,0.01,1.28,1.000e-12,66,-8.861962,0.009277,0.985890,0.984230
henon,param,3,5,0.01,1.28,1.000e-12,67,-8.583163,0.013733,0.980347,0.976982
henon,param,3,5,0.01,1.28,1.000e-12,68,-8.316738,0.016785,0.972416,0.975072
henon,param,3,5,0.01,1.28,1.000e-12,69,-8.039814,0.021790,0.967785,0.967722
henon,param,3,5,0.01,1.28,1.000e-12,70,-7.771708,0.024109,0.962913,0.961813
henon,param,3,5,0.01,1.28,1.000e-12,71,-7.505327,0.029602,0.953447,0.955141
henon,param,3,5,0.01,1.28,1.000e-12,72,-7.240921,0.036011,0.946893,0.944577
henon,param,3,5,0.01,1.28,1.000e-12,73,-6.984470,0.041992,0.942746,0.931899
henon,param,3,5,0.01,1.28,1.000e-12,74,-6.726596,0.047791,0.930438,0.925475
henon,param,3,5,0.01,1.28,1.000e-12,75,-6.475280,0.055359,0.916505,0.920175
henon,param,3,5,0.01,1.28,1.000e-12,76,-6.235953,0.061768,0.906248,0.908414
henon,param,3,5,0.01,1.28,1.000e-12,77,-5.994391,0.067627,0.902303,0.888819
henon,param,3,5,0.01,1.28,1.000e-12,78,-5.754031,0.079102,0.885764,0.879770
henon,param,3,5,0.01,1.28,1.000e-12,79,-5.523083,0.086731,0.871919,0.869917
henon,param,3,5,0.01,1.28,1.000e-12,80,-5.290726,0.097473,0.860497,0.842544
henon,param,3,5,0.01,1.28,1.000e-12,81,-5.065566,0.105957,0.850187,0.835238
henon,param,3,5,0.01,1.28,1.000e-12,82,-4.850324,0.116516,0.826917,0.821661
henon,param,3,5,0.01,1.28,1.000e-12,83,-4.638249,0.126099,0.808714,0.814820
henon,param,3,5,0.01,1.28,1.000e-12,84,-4.424052,0.135193,0.800172,0.793078
henon,param,3,5,0.01,1.28,1.000e-12,85,-4.222543,0.144104,0.780282,0.776712
henon,param,3,5,0.01,1.28,1.000e-12,86,-4.034003,0.156494,0.764133,0.762998
henon,param,3,5,0.01,1.28,1.000e-12,87,-3.833867,0.172546,0.742984,0.737134
henon,param,3,5,0.01,1.28,1.000e-12,88,-3.646802,0.183960,0.720139,0.731510
henon,param,3,5,0.01,1.28,1.000e-12,89,-3.473306,0.194275,0.704134,0.709274
henon,param,3,5,0.01,1.28,1.000e-12,90,-3.302624,0.209229,0.684401,0.688862
henon,param,3,5,0.01,1.28,1.000e-12,91,-3.137566,0.220398,0.672013,0.663053
henon,param,3,5,0.01,1.28,1.000e-12,92,-2.974264,0.230652,0.652776,0.642909
henon,param,3,5,0.01,1.28,1.000e-12,93,-2.825677,0.247681,0.629809,0.624123
henon,param,3,5,0.01,1.28,1.000e-12,94,-2.673298,0.255737,0.617063,0.611119
henon,param,3,5,0.01,1.28,1.000e-12,95,-2.525859,0.271179,0.594579,0.591401
henon,param,3,5,0.01,1.28,1.000e-12,96,-2.393874,0.282288,0.568863,0.575067
henon,param,3,5,0.01,1.28,1.000e-12,97,-2.263558,0.295471,0.557752,0.551642
henon,param,3,5,0.01,1.28,1.000e-12,98,-2.138895,0.304932,0.537758,0.531150
henon,param,3,5,0.01,1.28,1.000e-12,99,-2.017930,0.314392,0.521816,0.520466
henon,param,3,5,0.01,1.28,1.000e-12,100,-1.906676,0.324097,0.504014,0.504844
henon,param,3,5,0.01,1.28,1.000e-12,101,-1.784539,0.341064,0.489451,0.480829
henon,param,3,5,0.01,1.28,1.000e-12,102,-1.686131,0.350708,0.467213,0.467794
henon,param,3,5,0.01,1.28,1.000e-12,103,-1.584303,0.361816,0.442210,0.448636
henon,param,3,5,0.01,1.28,1.000e-12,104,-1.495496,0.371033,0.433540,0.432598
henon,param,3,5,0.01,1.28,1.000e-12,105,-1.401357,0.384216,0.415364,0.412914
henon,param,3,5,0.01,1.28,1.000e-12,106,-1.320616,0.393555,0.410567,0.391262
henon,param,3,5,0.01,1.28,1.000e-12,107,-1.236984,0.404663,0.381124,0.381056
henon,param,3,5,0.01,1.28,1.000e-12,108,-1.168122,0.414368,0.384189,0.372421
henon,param,3,5,0.01,1.28,1.000e-12,109,-1.087083,0.423828,0.350789,0.353007
henon,param,3,5,0.01,1.28,1.000e-12,110,-1.016103,0.435242,0.339058,0.335753
henon,param,3,5,0.01,1.28,1.000e-12,111,-0.950934,0.441528,0.325665,0.318069
henon,param,3,5,0.01,1.28,1.000e-12,112,-0.889349,0.450867,0.313203,0.305055
henon,param,3,5,0.01,1.28,1.000e-12,113,-0.827151,0.458679,0.293996,0.287273
henon,param,3,5,0.01,1.28,1.000e-12,114,-0.773728,0.464417,0.287102,0.284206
henon,param,3,5,0.01,1.28,1.000e-12,115,-0.720613,0.475647,0.281206,0.274757
henon,param,3,5,0.01,1.28,1.000e-12,116,-0.669345,0.481628,0.257516,0.263385
henon,param,3,5,0.01,1.28,1.000e-12,117,-0.618819,0.499634,0.241203,0.241379
henon,param,3,5,0.01,1.28,1.000e-12,118,-0.580245,0.499634,0.242192,0.238052
henon,param,3,5,0.01,1.28,1.000e-12,119,-0.541245,0.506714,0.236898,0.215487
henon,param,3,5,0.01,1.28,1.000e-12,120,-0.503783,0.506897,0.227299,0.201023
henon,param,3,5,0.01,1.28,1.000e-12,121,-0.467753,0.516785,0.215815,0.207113
henon,param,3,5,0.01,1.28,1.000e-12,122,-0.431294,0.524902,0.188421,0.207512
henon,param,3,5,0.01,1.28,1.000e-12,123,-0.395291,0.530029,0.174058,0.184979
henon,param,3,5,0.01,1.28,1.000e-12,124,-0.363386,0.540649,0.178136,0.169805
henon,param,3,5,0.01,1.28,1.000e-12,125,-0.336225,0.535522,0.180957,0.169649
henon,param,3,5,0.01,1.28,1.000e-12,126,-0.318101,0.542603,0.175487,0.153645
henon,param,3,5,0.01,1.28,1.000e-12,127,-0.290907,0.549683,0.162623,0.142647
henon,param,3,5,0.01,1.28,1.000e-12,128,-0.269697,0.549255,0.152204,0.146924
henon,param,3,5,0.01,1.28,1.000e-12,129,-0.242203,0.559448,0.139976,0.149267
henon,param,3,5,0.01,1.28,1.000e-12,130,-0.215177,0.564819,0.126130,0.114390
henon,param,3,5,0.01,1.28,1.000e-12,131,-0.199678,0.567017,0.136747,0.126862
henon,param,3,5,0.01,1.28,1.000e-12,132,-0.179579,0.571228,0.126866,0.122224
henon,param,3,5,0.01,1.28,1.000e-12,133,-0.159921,0.582764,0.118596,0.105927
henon,param,3,5,0.01,1.28,1.000e-12,134,-0.143769,0.579712,0.117910,0.089266
henon,param,3,5,0.01,1.28,1.000e-12,135,-0.130543,0.579285,0.095582,0.097606
henon,param,3,5,0.01,1.28,1.000e-12,136,-0.116548,0.585327,0.098018,0.108772
henon,param,3,5,0.01,1.28,1.000e-12,137,-0.098111,0.588745,0.084038,0.089289
henon,param,3,5,0.01,1.28,1.000e-12,138,-0.089127,0.590454,0.098525,0.093916
henon,param,3,5,0.01,1.28,1.000e-12,139,-0.072021,0.595459,0.086733,0.088396
henon,param,3,5,0.01,1.28,1.000e-12,140,-0.060274,0.598694,0.075155,0.078156
henon,param,3,5,0.01,1.28,1.000e-12,141,-0.049046,0.601257,0.070406,0.064963
henon,param,3,5,0.01,1.28,1.000e-12,142,-0.049532,0.596130,0.060283,0.077428
henon,param,3,5,0.01,1.28,1.000e-12,143,-0.037869,0.604553,0.072866,0.067019
henon,param,3,5,0.01,1.28,1.000e-12,144,-0.029065,0.599304,0.061777,0.067835
henon,param,3,5,0.01,1.28,1.000e-12,145,-0.017372,0.606812,0.067480,0.071168
henon,param,3,5,0.01,1.28,1.000e-12,146,-0.009478,0.606628,0.063079,0.065933
henon,param,3,5,0.01,1.28,1.000e-12,147,-0.000532,0.609863,0.055214,0.057630
henon,param,3,5,0.01,1.28,1.000e-12,148,0.005922,0.611389,0.070401,0.040985
henon,param,3,5,0.01,1.28,1.000e-12,149,0.013818,0.618103,0.034799,0.064920
henon,param,3,5,0.01,1.28,1.000e-12,150,0.021983,0.618713,0.033477,0.053368
henon,param,3,5,0.01,1.28,1.000e-12,151,0.023677,0.617004,0.042395,0.034889
henon,param,3,5,0.01,1.28,1.000e-12,152,0.031154,0.620178,0.051728,0.059628
henon,param,3,5,0.01,1.28,1.000e-12,153,0.038939,0.620667,0.054754,0.040946
henon,param,3,5,0.01,1.28,1.000e-12,154,0.042519,0.620605,0.043881,0.028618
henon,param,3,5,0.01,1.28,1.000e-12,155,0.044916,0.619202,0.033577,0.046187
henon,param,3,5,0.01,1.28,1.000e-12,156,0.056329,0.622620,0.028847,0.041934
henon,param,3,5,0.01,1.28,1.000e-12,157,0.060519,0.626709,0.036422,0.035895
henon,param,3,5,0.01,1.28,1.000e-12,158,0.058346,0.619690,0.039466,0.034437
henon,param,3,5,0.01,1.28,1.000e-12,159,0.063373,0.623169,0.036365,0.036338
henon,param,3,5,0.01,1.28,1.000e-12,160,0.067163,0.626282,0.038800,0.030873
henon,param,3,5,0.01,1.28,1.000e-12,161,0.073299,0.627319,0.039467,0.012276
henon,param,3,5,0.01,1.28,1.000e-12,162,0.074460,0.626770,0.018451,0.021490
henon,param,3,5,0.01,1.28,1.000e-12,163,0.083131,0.631165,0.016697,0.022812
henon,param,3,5,0.01,1.28,1.000e-12,164,0.085611,0.628723,0.014974,0.033701
henon,param,3,5,0.01,1.28,1.000e-12,165,0.091911,0.638733,0.025197,0.014309
henon,param,3,5,0.01,1.28,1.000e-12,166,0.092505,0.634399,0.015717,0.020458
henon,param,3,5,0.01,1.28,1.000e-12,167,0.089648,0.630127,0.024024,0.031562
henon,param,3,5,0.01,1.28,1.000e-12,168,0.094799,0.632690,0.020988,0.022243
henon,param,3,5,0.01,1.28,1.000e-12,169,0.097499,0.633118,0.012075,0.011792
henon,param,3,5,0.01,1.28,1.000e-12,170,0.105622,0.639893,0.022321,0.016659
henon,param,3,5,0.01,1.28,1.000e-12,171,0.103878,0.635803,0.021466,0.022449
henon,param,3,5,0.01,1.28,1.000e-12,172,0.110323,0.640381,0.027083,-0.000595
henon,param,3,5,0.01,1.28,1.000e-12,173,0.105312,0.634277,0.015302,0.007202
henon,param,3,5,0.01,1.28,1.000e-12,174,0.102721,0.634644,0.022428,0.019411
henon,param,3,5,0.01,1.28,1.000e-12,175,0.106379,0.639282,0.017384,0.003693
henon,param,3,5,0.01,1.28,1.000e-12,176,0.107820,0.631592,0.004987,0.007049
henon,param,3,5,0.01,1.28,1.000e-12,177,0.103427,0.633606,0.023918,0.025261
henon,param,3,5,0.01,1.28,1.000e-12,178,0.105336,0.636902,0.015192,0.019686
henon,param,3,5,0.01,1.28,1.000e-12,179,0.104481,0.634949,0.022936,0.014618
henon,param,3,5,0.01,1.28,1.000e-12,180,0.113412,0.639954,0.012956,0.006878
henon,param,3,5,0.01,1.28,1.000e-12,181,0.115907,0.640503,0.018563,0.018337
henon,param,3,5,0.01,1.28,1.000e-12,182,0.112405,0.639160,0.017260,0.004250
henon,param,3,5,0.01,1.28,1.000e-12,183,0.111116,0.633362,0.005206,0.006864
henon,param,3,5,0.01,1.28,1.000e-12,184,0.117037,0.637817,0.011771,0.003809
henon,param,3,5,0.01,1.28,1.000e-12,185,0.122330,0.643738,0.011064,-0.001560
henon,param,3,5,0.01,1.28,1.000e-12,186,0.122315,0.644104,0.014624,-0.003703
henon,param,3,5,0.01,1.28,1.000e-12,187,0.125526,0.646545,0.003397,0.006527
henon,param,3,5,0.01,1.28,1.000e-12,188,0.121444,0.643250,0.013625,0.010256
henon,param,3,5,0.01,1.28,1.000e-12,189,0.121236,0.641418,0.019984,-0.005268
henon,param,3,5,0.01,1.28,1.000e-12,190,0.121716,0.638306,0.002960,0.000202
henon,param,3,5,0.01,1.28,1.000e-12,191,0.124684,0.640320,0.009925,0.010537
henon,param,3,5,0.01,1.28,1.000e-12,192,0.130679,0.647217,0.003972,0.001562
henon,param,3,5,0.01,1.28,1.000e-12,193,0.128824,0.644592,0.019885,-0.013584
henon,param,3,5,0.01,1.28,1.000e-12,194,0.129921,0.641968,-0.005748,0.008146
henon,param,3,5,0.01,1.28,1.000e-12,195,0.123863,0.637024,0.007851,0.006324
henon,param,3,5,0.01,1.28,1.000e-12,196,0.121286,0.635925,0.012549,0.011017
henon,param,3,5,0.01,1.28,1.000e-12,197,0.122871,0.636475,0.001074,0.008869
henon,param,3,5,0.01,1.28,1.000e-12,198,0.122806,0.639282,0.018154,0.019067
henon,param,3,5,0.01,1.28,1.000e-12,199,0.126043,0.638428,0.014106,0.004515
henon,param,3,5,0.01,1.28,1.000e-12,200,0.127544,0.640991,0.014631,0.005108
henon,param,3,5,0.01,1.28,1.000e-12,201,0.135665,0.648499,-0.001059,0.001094
henon,param,3,5,0.01,1.28,1.000e-12,202,0.131694,0.646179,0.005325,0.004192
henon,param,3,5,0.01,1.28,1.000e-12,203,0.121606,0.639343,0.007521,0.009734
henon,param,3,5,0.01,1.28,1.000e-12,204,0.119744,0.635071,0.018952,0.007182
henon,param,3,5,0.01,1.28,1.000e-12,205,0.120109,0.636353,0.018078,0.027484
henon,param,3,5,0.01,1.28,1.000e-12,206,0.128535,0.641296,-0.000434,0.006725
henon,param,3,5,0.01,1.28,1.000e-12,207,0.132004,0.645935,-0.003031,0.012362
henon,param,3,5,0.01,1.28,1.000e-12,208,0.138761,0.650330,0.001378,0.000682
henon,param,3,5,0.01,1.28,1.000e-12,209,0.136285,0.648621,-0.004866,-0.004220
henon,param,3,5,0.01,1.28,1.000e-12,210,0.127435,0.641785,0.009746,0.005016
henon,param,3,5,0.01,1.28,1.000e-12,211,0.125696,0.640259,0.024590,-0.009706
henon,param,3,5,0.01,1.28,1.000e-12,212,0.128260,0.643616,0.015960,0.003839
henon,param,3,5,0.01,1.28,1.000e-12,213,0.132252,0.644531,0.006042,-0.004694
henon,param,3,5,0.01,1.28,1.000e-12,214,0.127573,0.636719,0.009364,0.001146
henon,param,3,5,0.01,1.28,1.000e-12,215,0.134051,0.649292,0.002400,0.001839
henon,param,3,5,0.01,1.28,1.000e-12,216,0.136171,0.647156,0.003019,-0.001932
henon,param,3,5,0.01,1.28,1.000e-12,217,0.131387,0.640198,0.011822,-0.003107
henon,param,3,5,0.01,1.28,1.000e-12,218,0.125323,0.643555,0.015991,-0.000229
henon,param,3,5,0.01,1.28,1.000e-12,219,0.127563,0.642822,0.007700,-0.002864
henon,param,3,5,0.01,1.28,1.000e-12,220,0.133743,0.645569,-0.001547,-0.006210
henon,param,3,5,0.01,1.28,1.000e-12,221,0.133519,0.646301,0.004725,-0.011492
henon,param,3,5,0.01,1.28,1.000e-12,222,0.130439,0.644165,0.002906,0.006646
henon,param,3,5,0.01,1.28,1.000e-12,223,0.131851,0.644165,-0.000689,0.007902
henon,param,3,5,0.01,1.28,1.000e-12,224,0.136886,0.651062,-0.009981,0.006206
henon,param,3,5,0.01,1.28,1.000e-12,225,0.129293,0.640747,0.005501,0.002701
henon,param,3,5,0.01,1.28,1.000e-12,226,0.131176,0.640625,-0.001851,0.005486
henon,param,3,5,0.01,1.28,1.000e-12,227,0.133082,0.644348,-0.001285,0.011587
henon,param,3,5,0.01,1.28,1.000e-12,228,0.133425,0.642578,0.001831,0.001060
henon,param,3,5,0.01,1.28,1.000e-12,229,0.132198,0.643555,-0.000387,-0.000904
henon,param,3,5,0.01,1.28,1.000e-12,230,0.134670,0.642456,-0.000515,0.001262
henon,param,3,5,0.01,1.28,1.000e-12,231,0.140979,0.648071,0.005181,0.004388
henon,param,3,5,0.01,1.28,1.000e-12,232,0.138796,0.648254,0.021428,-0.027694
henon,param,3,5,0.01,1.28,1.000e-12,233,0.135702,0.640381,0.000997,-0.000759
henon,param,3,5,0.01,1.28,1.000e-12,234,0.134161,0.643188,0.009848,0.001951
henon,param,3,5,0.01,1.28,1.000e-12,235,0.136828,0.646057,0.000930,-0.003363
henon,param,3,5,0.01,1.28,1.000e-12,236,0.134031,0.645386,-0.005845,0.002758
henon,param,3,5,0.01,1.28,1.000e-12,237,0.134087,0.643372,0.006414,-0.001890
henon,param,3,5,0.01,1.28,1.000e-12,238,0.138305,0.648682,-0.006084,0.010776
henon,param,3,5,0.01,1.28,1.000e-12,239,0.134013,0.640930,0.003296,-0.005805
henon,param,3,5,0.01,1.28,1.000e-12,240,0.133521,0.639587,0.008782,-0.001191
henon,param,3,5,0.01,1.28,1.000e-12,241,0.134490,0.641602,0.000165,0.006607
henon,param,3,5,0.01,1.28,1.000e-12,242,0.141371,0.646912,-0.008131,0.007012
henon,param,3,5,0.01,1.28,1.000e-12,243,0.138845,0.646851,-0.008757,0.003244
henon,param,3,5,0.01,1.28,1.000e-12,244,0.137102,0.644409,0.006461,-0.001655
henon,param,3,5,0.01,1.28,1.000e-12,245,0.140170,0.647034,0.002124,-0.001334
henon,param,3,5,0.01,1.28,1.000e-12,246,0.139711,0.650024,0.000822,-0.007207
henon,param,3,5,0.01,1.28,1.000e-12,247,0.132956,0.642700,0.005179,-0.003326
henon,param,3,5,0.01,1.28,1.000e-12,248,0.141072,0.648560,-0.007417,-0.006826
henon,param,3,5,0.01,1.28,1.000e-12,249,0.140101,0.648682,-0.009485,-0.004958
henon,param,3,5,0.01,1.28,1.000e-12,250,0.140092,0.641968,-0.022358,0.000868
henon,param,3,5,0.01,1.28,1.000e-12,251,0.136743,0.642761,-0.001708,0.005538
henon,param,3,5,0.01,1.28,1.000e-12,252,0.134806,0.643677,-0.001573,0.012229
henon,param,3,5,0.01,1.28,1.000e-12,253,0.139041,0.652344,-0.003604,-0.005953
henon,param,3,5,0.01,1.28,1.000e-12,254,0.137698,0.647827,-0.012227,0.000179
henon,param,3,5,0.01,1.28,1.000e-12,255,0.136767,0.645874,-0.001159,-0.001962
henon,param,3,5,0.01,1.28,1.000e-12,256,0.134776,0.649536,-0.004294,0.012446
henon,param,3,5,0.01,1.28,1.000e-12,257,0.129890,0.637085,-0.003730,0.003085
henon,param,3,5,0.01,1.28,1.000e-12,258,0.132806,0.639954,0.013793,-0.001662
henon,param,3,5,0.01,1.28,1.000e-12,259,0.133372,0.640625,0.005871,0.005446
henon,param,3,5,0.01,1.28,1.000e-12,260,0.139345,0.649597,-0.008575,-0.002080
henon,param,3,5,0.01,1.28,1.000e-12,261,0.141516,0.645081,-0.011240,-0.003390
henon,param,3,5,0.01,1.28,1.000e-12,262,0.141646,0.644592,0.003510,-0.008759
henon,param,3,5,0.01,1.28,1.000e-12,263,0.140478,0.650024,0.002013,-0.003507
henon,param,3,5,0.01,1.28,1.000e-12,264,0.138003,0.650024,-0.008462,0.006274
henon,param,3,5,0.01,1.28,1.000e-12,265,0.132380,0.641663,0.008290,0.000219
henon,param,3,5,0.01,1.28,1.000e-12,266,0.137474,0.645264,-0.003812,-0.000840
henon,param,3,5,0.01,1.28,1.000e-12,267,0.136085,0.648560,0.002106,-0.000981
henon,param,3,5,0.01,1.28,1.000e-12,268,0.136640,0.644348,-0.005439,-0.003508
henon,param,3,5,0.01,1.28,1.000e-12,269,0.136909,0.644043,0.008031,-0.010329
henon,param,3,5,0.01,1.28,1.000e-12,270,0.139020,0.647095,-0.006372,-0.003398
henon,param,3,5,0.01,1.28,1.000e-12,271,0.134545,0.650635,-0.009254,0.000653
henon,param,3,5,0.01,1.28,1.000e-12,272,0.132306,0.642212,0.007119,-0.019586
henon,param,3,5,0.01,1.28,1.000e-12,273,0.130010,0.642456,0.007687,0.000822
henon,param,3,5,0.01,1.28,1.000e-12,274,0.125387,0.642639,0.006605,0.012606
henon,param,3,5,0.01,1.28,1.000e-12,275,0.132376,0.643799,-0.004280,-0.001268
henon,param,3,5,0.01,1.28,1.000e-12,276,0.136861,0.645630,0.000926,-0.003161
henon,param,3,5,0.01,1.28,1.000e-12,277,0.136604,0.648682,-0.003491,0.005718
henon,param,3,5,0.01,1.28,1.000e-12,278,0.133251,0.648071,-0.001226,0.009378
henon,param,3,5,0.01,1.28,1.000e-12,279,0.132508,0.644531,0.005871,-0.009079
henon,param,3,5,0.01,1.28,1.000e-12,280,0.134134,0.643738,0.003718,-0.015909
henon,param,3,5,0.01,1.28,1.000e-12,281,0.133076,0.644470,0.010794,0.001426
henon,param,3,5,0.01,1.28,1.000e-12,282,0.139957,0.649292,0.012454,-0.006701
henon,param,3,5,0.01,1.28,1.000e-12,283,0.143061,0.649719,-0.004573,-0.004755
henon,param,3,5,0.01,1.28,1.000e-12,284,0.142512,0.651855,-0.010258,0.001987
henon,param,3,5,0.01,1.28,1.000e-12,285,0.136332,0.645508,-0.004778,0.000421
henon,param,3,5,0.01,1.28,1.000e-12,286,0.132982,0.644104,0.001315,0.001825
henon,param,3,5,0.01,1.28,1.000e-12,287,0.128097,0.638428,0.014088,-0.008449
henon,param,3,5,0.01,1.28,1.000e-12,288,0.130376,0.644531,0.024539,-0.001707
henon,param,3,5,0.01,1.28,1.000e-12,289,0.134423,0.643188,0.007865,-0.000803
henon,param,3,5,0.01,1.28,1.000e-12,290,0.131780,0.645264,0.007805,0.004772
henon,param,3,5,0.01,1.28,1.000e-12,291,0.134209,0.649658,0.003717,0.007774
henon,param,3,5,0.01,1.28,1.000e-12,292,0.135557,0.646606,-0.007382,0.001679
henon,param,3,5,0.01,1.28,1.000e-12,293,0.133096,0.643005,0.006846,-0.007199
henon,param,3,5,0.01,1.28,1.000e-12,294,0.136440,0.644897,-0.000937,-0.002448
henon,param,3,5,0.01,1.28,1.000e-12,295,0.139513,0.645142,0.002214,-0.000849
henon,param,3,5,0.01,1.28,1.000e-12,296,0.140206,0.646484,0.008220,-0.007434
henon,param,3,5,0.01,1.28,1.000e-12,297,0.135153,0.640198,0.002284,0.008948
henon,param,3,5,0.01,1.28,1.000e-12,298,0.136457,0.644592,0.004300,0.007792
henon,param,3,5,0.01,1.28,1.000e-12,299,0.134066,0.644836,-0.000463,0.013273
henon,param,3,5,0.01,1.28,1.000e-12,300,0.136122,0.647583,-0.003451,-0.005252
henon,param,3,5,0.01,1.28,1.000e-12,301,0.138185,0.644348,-0.003707,0.001566
henon,param,3,5,0.01,1.28,1.000e-12,302,0.144367,0.648010,-0.009392,-0.015174
henon,param,3,5,0.01,1.28,1.000e-12,303,0.146902,0.654175,-0.000539,-0.003018
henon,param,3,5,0.01,1.28,1.000e-12,304,0.141635,0.648682,-0.005751,0.003680
henon,param,3,5,0.01,1.28,1.000e-12,305,0.140122,0.647705,0.006583,-0.001753
henon,param,3,5,0.01,1.28,1.000e-12,306,0.136966,0.645447,0.005090,-0.001966
henon,param,3,5,0.01,1.28,1.000e-12,307,0.142635,0.647461,0.004845,-0.018696
henon,param,3,5,0.01,1.28,1.000e-12,308,0.138716,0.645142,0.001015,-0.006119
henon,param,3,5,0.01,1.28,1.000e-12,309,0.146119,0.648804,-0.003632,-0.008480
henon,param,3,5,0.01,1.28,1.000e-12,310,0.148555,0.654602,-0.002810,0.003193
henon,param,3,5,0.01,1.28,1.000e-12,311,0.154333,0.654907,-0.025758,-0.015268
henon,param,3,5,0.01,1.28,1.000e-12,312,0.140698,0.644836,0.006886,-0.014046
henon,param,3,5,0.01,1.28,1.000e-12,313,0.139788,0.647583,-0.005023,-0.005075
henon,param,3,5,0.01,1.28,1.000e-12,314,0.148921,0.654968,-0.015840,-0.019084
henon,param,3,5,0.01,1.28,1.000e-12,315,0.141099,0.647705,-0.001124,-0.011103
henon,param,3,5,0.01,1.28,1.000e-12,316,0.135512,0.643921,-0.001120,-0.000532
henon,param,3,5,0.01,1.28,1.000e-12,317,0.140486,0.646912,-0.009069,0.001220
henon,param,3,5,0.01,1.28,1.000e-12,318,0.137001,0.647095,-0.000373,-0.010250
henon,param,3,5,0.01,1.28,1.000e-12,319,0.126656,0.637329,0.009473,0.001335
henon,param,3,5,0.01,1.28,1.000e-12,320,0.124655,0.636230,0.000812,0.016207
henon,param,3,5,0.01,1.28,1.000e-12,321,0.130758,0.646484,0.010746,0.005389
henon,param,3,5,0.01,1.28,1.000e-12,322,0.131192,0.645081,0.001847,0.004798
henon,param,3,5,0.01,1.28,1.000e-12,323,0.133901,0.644470,0.001589,-0.007629
henon,param,3,5,0.01,1.28,1.000e-12,324,0.134319,0.646667,0.000108,-0.000605
henon,param,3,5,0.01,1.28,1.000e-12,325,0.136985,0.647522,-0.002399,-0.011693
henon,param,3,5,0.01,1.28,1.000e-12,326,0.129869,0.643738,-0.002286,0.004301
henon,param,3,5,0.01,1.28,1.000e-12,327,0.129051,0.642212,0.003383,0.005583
henon,param,3,5,0.01,1.28,1.000e-12,328,0.129591,0.641602,0.015104,-0.005387
henon,param,3,5,0.01,1.28,1.000e-12,329,0.131918,0.641235,-0.000738,0.010784
henon,param,3,5,0.01,1.28,1.000e-12,330,0.134047,0.644348,0.005053,-0.005958
henon,param,3,5,0.01,1.28,1.000e-12,331,0.132188,0.643311,0.006913,-0.004535
henon,param,3,5,0.01,1.28,1.000e-12,332,0.135966,0.643311,-0.002651,-0.002853
henon,param,3,5,0.01,1.28,1.000e-12,333,0.129908,0.641724,0.004073,-0.003890
henon,param,3,5,0.01,1.28,1.000e-12,334,0.124687,0.638489,0.011840,0.007575
henon,param,3,5,0.01,1.28,1.000e-12,335,0.125435,0.641968,0.021259,0.002741
henon,param,3,5,0.01,1.28,1.000e-12,336,0.130452,0.647156,0.005354,0.000513
henon,param,3,5,0.01,1.28,1.000e-12,337,0.131920,0.645630,-0.002098,-0.002627
henon,param,3,5,0.01,1.28,1.000e-12,338,0.135290,0.644165,-0.007480,0.000224
henon,param,3,5,0.01,1.28,1.000e-12,339,0.136199,0.644226,-0.003981,0.000366
henon,param,3,5,0.01,1.28,1.000e-12,340,0.134397,0.644775,-0.002258,0.006313
henon,param,3,5,0.01,1.28,1.000e-12,341,0.133549,0.643677,-0.005465,-0.005484
henon,param,3,5,0.01,1.28,1.000e-12,342,0.134044,0.644958,0.009947,-0.012129
henon,param,3,5,0.01,1.28,1.000e-12,343,0.134507,0.645935,0.004877,0.008779
henon,param,3,5,0.01,1.28,1.000e-12,344,0.131089,0.643372,0.011989,-0.000689
henon,param,3,5,0.01,1.28,1.000e-12,345,0.131834,0.642456,0.013738,-0.008015
henon,param,3,5,0.01,1.28,1.000e-12,346,0.133209,0.641846,0.013434,-0.000544
henon,param,3,5,0.01,1.28,1.000e-12,347,0.135372,0.643616,0.007177,0.008903
henon,param,3,5,0.01,1.28,1.000e-12,348,0.129026,0.639465,0.009319,-0.008334
henon,param,3,5,0.01,1.28,1.000e-12,349,0.132057,0.647583,0.021092,-0.005822
henon,param,3,5,0.01,1.28,1.000e-12,350,0.134481,0.646240,0.000192,0.010424
henon,param,3,5,0.01,1.28,1.000e-12,351,0.133434,0.642761,0.001692,-0.003907
henon,param,3,5,0.01,1.28,1.000e-12,352,0.130713,0.638367,0.007987,0.002266
henon,param,3,5,0.01,1.28,1.000e-12,353,0.130775,0.639343,0.009547,-0.001398
henon,param,3,5,0.01,1.28,1.000e-12,354,0.131483,0.644470,-0.001719,0.013913
henon,param,3,5,0.01,1.28,1.000e-12,355,0.133856,0.640320,0.009952,-0.003165
henon,param,3,5,0.01,1.28,1.000e-12,356,0.138797,0.648865,0.021616,-0.011868
henon,param,3,5,0.01,1.28,1.000e-12,357,0.141117,0.650940,-0.002650,0.002542
henon,param,3,5,0.01,1.28,1.000e-12,358,0.137819,0.652710,0.008958,-0.013180
henon,param,3,5,0.01,1.28,1.000e-12,359,0.130683,0.641418,0.007539,-0.009789
henon,param,3,5,0.01,1.28,1.000e-12,360,0.130248,0.637329,0.008903,0.000987
henon,param,3,5,0.01,1.28,1.000e-12,361,0.129113,0.637634,-0.001856,0.020876
henon,param,3,5,0.01,1.28,1.000e-12,362,0.127625,0.636780,0.014389,0.002796
henon,param,3,5,0.01,1.28,1.000e-12,363,0.131632,0.645630,0.004328,0.012530
henon,param,3,5,0.01,1.28,1.000e-12,364,0.144305,0.654419,-0.005281,-0.005454
henon,param,3,5,0.01,1.28,1.000e-12,365,0.143466,0.652161,0.000117,-0.014839
henon,param,3,5,0.01,1.28,1.000e-12,366,0.130672,0.640320,-0.001628,0.003579
henon,param,3,5,0.01,1.28,1.000e-12,367,0.130522,0.639648,-0.004782,0.008999
henon,param,3,5,0.01,1.28,1.000e-12,368,0.134504,0.645813,-0.009992,0.009530
henon,param,3,5,0.01,1.28,1.000e-12,369,0.134701,0.646729,0.008368,-0.003334
henon,param,3,5,0.01,1.28,1.000e-12,370,0.129190,0.642456,0.018272,0.010310
henon,param,3,5,0.01,1.28,1.000e-12,371,0.138797,0.645325,-0.004796,-0.003475
henon,param,3,5,0.01,1.28,1.000e-12,372,0.135666,0.648010,0.014214,-0.001228
henon,param,3,5,0.01,1.28,1.000e-12,373,0.133599,0.644043,0.002157,-0.005330
henon,param,3,5,0.01,1.28,1.000e-12,374,0.131067,0.641113,-0.000026,-0.010199
henon,param,3,5,0.01,1.28,1.000e-12,375,0.133030,0.648010,-0.010618,0.010838
henon,param,3,5,0.01,1.28,1.000e-12,376,0.135255,0.645264,0.000912,-0.009111
henon,param,3,5,0.01,1.28,1.000e-12,377,0.135996,0.651123,-0.007403,0.000068
henon,param,3,5,0.01,1.28,1.000e-12,378,0.137157,0.644592,0.001861,-0.000674
henon,param,3,5,0.01,1.28,1.000e-12,379,0.131422,0.640869,0.011849,-0.001371
henon,param,3,5,0.01,1.28,1.000e-12,380,0.129889,0.640808,0.002965,0.004025
henon,param,3,5,0.01,1.28,1.000e-12,381,0.127341,0.638306,0.010286,-0.002446
henon,param,3,5,0.01,1.28,1.000e-12,382,0.127758,0.641113,0.011991,-0.001704
henon,param,3,5,0.01,1.28,1.000e-12,383,0.129901,0.643433,-0.003082,0.012315
henon,param,3,5,0.01,1.28,1.000e-12,384,0.132997,0.646606,-0.008165,0.008214
henon,param,3,5,0.01,1.28,1.000e-12,385,0.134372,0.644409,0.001501,-0.010986
henon,param,3,5,0.01,1.28,1.000e-12,386,0.131321,0.640564,0.006793,-0.000556
henon,param,3,5,0.01,1.28,1.000e-12,387,0.132038,0.640930,0.004099,0.005719
henon,param,3,5,0.01,1.28,1.000e-12,388,0.131604,0.643250,-0.000433,-0.008142
henon,param,3,5,0.01,1.28,1.000e-12,389,0.131952,0.642944,-0.000738,-0.011429
henon,param,3,5,0.01,1.28,1.000e-12,390,0.133433,0.642700,0.009143,-0.002351
henon,param,3,5,0.01,1.28,1.000e-12,391,0.133610,0.643616,-0.001894,0.004251
henon,param,3,5,0.01,1.28,1.000e-12,392,0.131029,0.643494,-0.005740,0.007355
henon,param,3,5,0.01,1.28,1.000e-12,393,0.129821,0.642944,0.004001,0.002516
henon,param,3,5,0.01,1.28,1.000e-12,394,0.130508,0.642761,-0.002140,0.004359
henon,param,3,5,0.01,1.28,1.000e-12,395,0.137598,0.650269,-0.003289,-0.012096
henon,param,3,5,0.01,1.28,1.000e-12,396,0.132687,0.646301,0.007610,-0.011371
henon,param,3,5,0.01,1.28,1.000e-12,397,0.131183,0.642700,0.012074,-0.005000
henon,param,3,5,0.01,1.28,1.000e-12,398,0.129393,0.640625,-0.010464,0.007618
henon,param,3,5,0.01,1.28,1.000e-12,399,0.131984,0.645630,0.005105,0.002948
henon,param,3,5,0.01,1.28,1.000e-12,400,0.135483,0.643616,0.018214,0.001201
henon,param,3,5,0.01,1.28,1.000e-10,1,-23.392544,0.000000,1.000000,1.000000
henon,param,3,5,0.01,1.28,1.000e-10,2,-22.780091,0.000000,1.000000,1.000000
henon,param,3,5,0.01,1.28,1.000e-10,3,-22.245022,0.000000,1.000000,1.000000
henon,param,3,5,0.01,1.28,1.000e-10,4,-21.947108,0.000000,1.000000,1.000000
henon,param,3,5,0.01,1.28,1.000e-10,5,-21.580714,0.000000,1.000000,1.000000
henon,param,3,5,0.01,1.28,1.000e-10,6,-21.235308,0.000000,1.000000,1.000000
henon,param,3,5,0.01,1.28,1.000e-10,7,-20.947532,0.000000,1.000000,1.000000
henon,param,3,5,0.01,1.28,1.000e-10,8,-20.667056,0.000000,1.000000,1.000000
henon,param,3,5,0.01,1.28,1.000e-10,9,-20.325518,0.000000,1.000000,1.000000
henon,param,3,5,0.01,1.28,1.000e-10,10,-20.046995,0.000000,1.000000,1.000000
henon,param,3,5,0.01,1.28,1.000e-10,11,-19.771881,0.000000,1.000000,1.000000
henon,param,3,5,0.01,1.28,1.000e-10,12,-19.472254,0.000000,1.000000,1.000000
henon,param,3,5,0.01,1.28,1.000e-10,13,-19.174354,0.000000,1.000000,1.000000
henon,param,3,5,0.01,1.28,1.000e-10,14,-18.892850,0.000000,1.000000,1.000000
henon,param,3,5,0.01,1.28,1.000e-10,15,-18.606289,0.000000,1.000000,1.000000
henon,param,3,5,0.01,1.28,1.000e-10,16,-18.293979,0.000000,1.000000,1.000000
henon,param,3,5,0.01,1.28,1.000e-10,17,-18.006263,0.000000,1.000000,1.000000
henon,param,3,5,0.01,1.28,1.000e-10,18,-17.735251,0.000000,1.000000,1.000000
henon,param,3,5,0.01,1.28,1.000e-10,19,-17.446497,0.000000,1.000000,1.000000
henon,param,3,5,0.01,1.28,1.000e-10,20,-17.155975,0.000000,1.000000,1.000000
henon,param,3,5,0.01,1.28,1.000e-10,21,-16.875494,0.000000,1.000000,1.000000
henon,param,3,5,0.01,1.28,1.000e-10,22,-16.602320,0.000000,1.000000,1.000000
henon,param,3,5,0.01,1.28,1.000e-10,23,-16.310587,0.000000,1.000000,1.000000
henon,param,3,5,0.01,1.28,1.000e-10,24,-16.030619,0.000000,1.000000,1.000000
henon,param,3,5,0.01,1.28,1.000e-10,25,-15.760231,0.000000,1.000000,1.000000
henon,param,3,5,0.01,1.28,1.000e-10,26,-15.478396,0.000000,1.000000,1.000000
henon,param,3,5,0.01,1.28,1.000e-10,27,-15.194750,0.000000,1.000000,1.000000
henon,param,3,5,0.01,1.28,1.000e-10,28,-14.916798,0.000000,1.000000,1.000000
henon,param,3,5,0.01,1.28,1.000e-10,29,-14.630891,0.000000,1.000000,1.000000
henon,param,3,5,0.01,1.28,1.000e-10,30,-14.348648,0.000000,1.000000,1.000000
henon,param,3,5,0.01,1.28,1.000e-10,31,-14.070247,0.000000,1.000000,1.000000
henon,param,3,5,0.01,1.28,1.000e-10,32,-13.784072,0.000000,1.000000,1.000000
henon,param,3,5,0.01,1.28,1.000e-10,33,-13.500137,0.000000,1.000000,1.000000
henon,param,3,5,0.01,1.28,1.000e-10,34,-13.223942,0.000000,1.000000,1.000000
henon,param,3,5,0.01,1.28,1.000e-10,35,-12.938630,0.000000,1.000000,1.000000
henon,param,3,5,0.01,1.28,1.000e-10,36,-12.661389,0.000000,1.000000,1.000000
henon,param,3,5,0.01,1.28,1.000e-10,37,-12.374787,0.000000,1.000000,1.000000
henon,param,3,5,0.01,1.28,1.000e-10,38,-12.095470,0.000000,1.000000,1.000000
henon,param,3,5,0.01,1.28,1.000e-10,39,-11.806164,0.000000,0.999999,0.999999
henon,param,3,5,0.01,1.28,1.000e-10,40,-11.530385,0.000000,0.999998,0.999998
henon,param,3,5,0.01,1.28,1.000e-10,41,-11.251229,0.000000,0.999995,0.999996
henon,param,3,5,0.01,1.28,1.000e-10,42,-10.963356,0.000000,0.999987,0.999990
henon,param,3,5,0.01,1.28,1.000e-10,43,-10.681078,0.000000,0.999968,0.999976
henon,param,3,5,0.01,1.28,1.000e-10,44,-10.401729,0.000000,0.999945,0.999941
henon,param,3,5,0.01,1.28,1.000e-10,45,-10.124236,0.000000,0.999792,0.999871
henon,param,3,5,0.01,1.28,1.000e-10,46,-9.844845,0.000061,0.999738,0.999606
henon,param,3,5,0.01,1.28,1.000e-10,47,-9.566023,0.000366,0.999257,0.999227
henon,param,3,5,0.01,1.28,1.000e-10,48,-9.283055,0.000549,0.998607,0.998756
henon,param,3,5,0.01,1.28,1.000e-10,49,-9.000847,0.001282,0.996986,0.997093
henon,param,3,5,0.01,1.28,1.000e-10,50,-8.726049,0.002197,0.995736,0.996007
henon,param,3,5,0.01,1.28,1.000e-10,51,-8.449503,0.004150,0.992090,0.992638
henon,param,3,5,0.01,1.28,1.000e-10,52,-8.176054,0.006226,0.989776,0.988277
henon,param,3,5,0.01,1.28,1.000e-10,53,-7.900933,0.010376,0.983112,0.983676
henon,param,3,5,0.01,1.28,1.000e-10,54,-7.633628,0.013550,0.981262,0.975831
henon,param,3,5,0.01,1.28,1.000e-10,55,-7.366495,0.017700,0.975291,0.970966
henon,param,3,5,0.01,1.28,1.000e-10,56,-7.094336,0.021545,0.968071,0.964792
henon,param,3,5,0.01,1.28,1.000e-10,57,-6.836624,0.027100,0.961736,0.958004
henon,param,3,5,0.01,1.28,1.000e-10,58,-6.569387,0.030029,0.954384,0.952191
henon,param,3,5,0.01,1.28,1.000e-10,59,-6.309021,0.039124,0.940362,0.942331
henon,param,3,5,0.01,1.28,1.000e-10,60,-6.051787,0.047363,0.931056,0.924104
henon,param,3,5,0.01,1.28,1.000e-10,61,-5.807868,0.058899,0.917656,0.913254
henon,param,3,5,0.01,1.28,1.000e-10,62,-5.557369,0.062744,0.905220,0.899924
henon,param,3,5,0.01,1.28,1.000e-10,63,-5.316340,0.071838,0.890052,0.885758
henon,param,3,5,0.01,1.28,1.000e-10,64,-5.081071,0.085632,0.877323,0.872509
henon,param,3,5,0.01,1.28,1.000e-10,65,-4.848676,0.091980,0.866222,0.858740
henon,param,3,5,0.01,1.28,1.000e-10,66,-4.619523,0.103760,0.848266,0.841577
henon,param,3,5,0.01,1.28,1.000e-10,67,-4.396865,0.118652,0.826351,0.819122
henon,param,3,5,0.01,1.28,1.000e-10,68,-4.196057,0.127258,0.811525,0.803221
henon,param,3,5,0.01,1.28,1.000e-10,69,-3.985890,0.139160,0.790977,0.787719
henon,param,3,5,0.01,1.28,1.000e-10,70,-3.781368,0.153320,0.770651,0.759298
henon,param,3,5,0.01,1.28,1.000e-10,71,-3.592543,0.163635,0.754142,0.747337
henon,param,3,5,0.01,1.28,1.000e-10,72,-3.406952,0.177795,0.741325,0.728144
henon,param,3,5,0.01,1.28,1.000e-10,73,-3.225601,0.187805,0.721481,0.714606
henon,param,3,5,0.01,1.28,1.000e-10,74,-3.050583,0.204285,0.701343,0.699092
henon,param,3,5,0.01,1.28,1.000e-10,75,-2.885160,0.215942,0.672681,0.674502
henon,param,3,5,0.01,1.28,1.000e-10,76,-2.726397,0.233215,0.652166,0.650762
henon,param,3,5,0.01,1.28,1.000e-10,77,-2.575754,0.239868,0.638014,0.620250
henon,param,3,5,0.01,1.28,1.000e-10,78,-2.426467,0.253967,0.623095,0.602413
henon,param,3,5,0.01,1.28,1.000e-10,79,-2.285009,0.267517,0.605528,0.587389
henon,param,3,5,0.01,1.28,1.000e-10,80,-2.147541,0.280884,0.577601,0.569732
henon,param,3,5,0.01,1.28,1.000e-10,81,-2.015456,0.291809,0.559584,0.555777
henon,param,3,5,0.01,1.28,1.000e-10,82,-1.896036,0.304443,0.528846,0.537487
henon,param,3,5,0.01,1.28,1.000e-10,83,-1.775097,0.321777,0.514701,0.506636
henon,param,3,5,0.01,1.28,1.000e-10,84,-1.659661,0.338745,0.494225,0.491882
henon,param,3,5,0.01,1.28,1.000e-10,85,-1.551743,0.346191,0.480670,0.462400
henon,param,3,5,0.01,1.28,1.000e-10,86,-1.461757,0.354431,0.460549,0.460739
henon,param,3,5,0.01,1.28,1.000e-10,87,-1.363952,0.368713,0.440701,0.443427
henon,param,3,5,0.01,1.28,1.000e-10,88,-1.272222,0.383362,0.424853,0.420138
henon,param,3,5,0.01,1.28,1.000e-10,89,-1.193576,0.391846,0.406361,0.409925
henon,param,3,5,0.01,1.28,1.000e-10,90,-1.105115,0.405640,0.376382,0.379398
henon,param,3,5,0.01,1.28,1.000e-10,91,-1.033494,0.412537,0.375055,0.361352
henon,param,3,5,0.01,1.28,1.000e-10,92,-0.965396,0.423950,0.366992,0.348524
henon,param,3,5,0.01,1.28,1.000e-10,93,-0.889647,0.437195,0.331505,0.330974
henon,param,3,5,0.01,1.28,1.000e-10,94,-0.829518,0.447388,0.320824,0.326652
henon,param,3,5,0.01,1.28,1.000e-10,95,-0.770412,0.451416,0.316089,0.311626
henon,param,3,5,0.01,1.28,1.000e-10,96,-0.712505,0.464478,0.275035,0.297530
henon,param,3,5,0.01,1.28,1.000e-10,97,-0.655425,0.483032,0.263195,0.277276
henon,param,3,5,0.01,1.28,1.000e-10,98,-0.609834,0.480347,0.257136,0.262422
henon,param,3,5,0.01,1.28,1.000e-10,99,-0.563232,0.491455,0.248393,0.253940
henon,param,3,5,0.01,1.28,1.000e-10,100,-0.521074,0.496521,0.230115,0.243290
henon,param,3,5,0.01,1.28,1.000e-10,101,-0.476944,0.507446,0.220163,0.227105
henon,param,3,5,0.01,1.28,1.000e-10,102,-0.447510,0.510071,0.220914,0.213972
henon,param,3,5,0.01,1.28,1.000e-10,103,-0.411276,0.514893,0.205520,0.208403
henon,param,3,5,0.01,1.28,1.000e-10,104,-0.380299,0.522278,0.211640,0.193740
henon,param,3,5,0.01,1.28,1.000e-10,105,-0.343083,0.535767,0.191895,0.178304
henon,param,3,5,0.01,1.28,1.000e-10,106,-0.310499,0.541992,0.178239,0.169458
henon,param,3,5,0.01,1.28,1.000e-10,107,-0.279857,0.544617,0.162038,0.148383
henon,param,3,5,0.01,1.28,1.000e-10,108,-0.262394,0.551819,0.153561,0.149624
henon,param,3,5,0.01,1.28,1.000e-10,109,-0.248160,0.548645,0.161312,0.163642
henon,param,3,5,0.01,1.28,1.000e-10,110,-0.225158,0.554016,0.139206,0.140122
henon,param,3,5,0.01,1.28,1.000e-10,111,-0.207346,0.557617,0.137203,0.143294
henon,param,3,5,0.01,1.28,1.000e-10,112,-0.184241,0.564331,0.131662,0.131584
henon,param,3,5,0.01,1.28,1.000e-10,113,-0.160048,0.572327,0.129672,0.123044
henon,param,3,5,0.01,1.28,1.000e-10,114,-0.138761,0.578552,0.123763,0.111991
henon,param,3,5,0.01,1.28,1.000e-10,115,-0.124395,0.582825,0.111737,0.108457
henon,param,3,5,0.01,1.28,1.000e-10,116,-0.106249,0.586426,0.099282,0.103613
henon,param,3,5,0.01,1.28,1.000e-10,117,-0.092977,0.589294,0.087988,0.083282
henon,param,3,5,0.01,1.28,1.000e-10,118,-0.083045,0.588013,0.095253,0.083074
henon,param,3,5,0.01,1.28,1.000e-10,119,-0.075105,0.588074,0.098459,0.084047
henon,param,3,5,0.01,1.28,1.000e-10,120,-0.052183,0.599243,0.086961,0.083259
henon,param,3,5,0.01,1.28,1.000e-10,121,-0.040024,0.605103,0.072290,0.080150
henon,param,3,5,0.01,1.28,1.000e-10,122,-0.035416,0.601074,0.075006,0.072913
henon,param,3,5,0.01,1.28,1.000e-10,123,-0.024654,0.604309,0.065178,0.067080
henon,param,3,5,0.01,1.28,1.000e-10,124,-0.016064,0.606079,0.057701,0.073788
henon,param,3,5,0.01,1.28,1.000e-10,125,-0.009492,0.607178,0.064038,0.074281
henon,param,3,5,0.01,1.28,1.000e-10,126,-0.002110,0.604736,0.056063,0.052805
henon,param,3,5,0.01,1.28,1.000e-10,127,0.010088,0.618103,0.052628,0.068223
henon,param,3,5,0.01,1.28,1.000e-10,128,0.017392,0.614319,0.043779,0.059183
henon,param,3,5,0.01,1.28,1.000e-10,129,0.017193,0.610596,0.057837,0.051096
henon,param,3,5,0.01,1.28,1.000e-10,130,0.025709,0.616333,0.044334,0.059233
henon,param,3,5,0.01,1.28,1.000e-10,131,0.031181,0.617432,0.040889,0.059063
henon,param,3,5,0.01,1.28,1.000e-10,132,0.036760,0.616638,0.043949,0.044606
henon,param,3,5,0.01,1.28,1.000e-10,133,0.040513,0.616089,0.037326,0.051181
henon,param,3,5,0.01,1.28,1.000e-10,134,0.052579,0.622559,0.038979,0.059194
henon,param,3,5,0.01,1.28,1.000e-10,135,0.063540,0.627136,0.029520,0.024404
henon,param,3,5,0.01,1.28,1.000e-10,136,0.058771,0.622314,0.029318,0.043602
henon,param,3,5,0.01,1.28,1.000e-10,137,0.059765,0.622253,0.034657,0.045329
henon,param,3,5,0.01,1.28,1.000e-10,138,0.067730,0.625000,0.029031,0.027579
henon,param,3,5,0.01,1.28,1.000e-10,139,0.068280,0.625488,0.030549,0.030666
henon,param,3,5,0.01,1.28,1.000e-10,140,0.067773,0.621704,0.037502,0.030242
henon,param,3,5,0.01,1.28,1.000e-10,141,0.076275,0.626404,0.044281,0.035213
henon,param,3,5,0.01,1.28,1.000e-10,142,0.083850,0.631409,0.027636,0.022799
henon,param,3,5,0.01,1.28,1.000e-10,143,0.086460,0.630310,0.020185,0.029324
henon,param,3,5,0.01,1.28,1.000e-10,144,0.088205,0.632935,0.027240,0.025229
henon,param,3,5,0.01,1.28,1.000e-10,145,0.093279,0.628296,0.016966,0.027048
henon,param,3,5,0.01,1.28,1.000e-10,146,0.093733,0.637634,0.018750,0.010860
henon,param,3,5,0.01,1.28,1.000e-10,147,0.096758,0.634888,0.019875,0.020838
henon,param,3,5,0.01,1.28,1.000e-10,148,0.098463,0.635986,0.030655,0.018116
henon,param,3,5,0.01,1.28,1.000e-10,149,0.103800,0.635071,0.017387,0.016797
henon,param,3,5,0.01,1.28,1.000e-10,150,0.100494,0.634644,0.020467,0.027154
henon,param,3,5,0.01,1.28,1.000e-10,151,0.106185,0.637207,0.022806,0.020190
henon,param,3,5,0.01,1.28,1.000e-10,152,0.113841,0.639648,-0.001916,0.014956
henon,param,3,5,0.01,1.28,1.000e-10,153,0.112381,0.643311,0.004720,0.012902
henon,param,3,5,0.01,1.28,1.000e-10,154,0.109161,0.636353,0.006382,0.016947
henon,param,3,5,0.01,1.28,1.000e-10,155,0.109874,0.638306,0.019097,0.007428
henon,param,3,5,0.01,1.28,1.000e-10,156,0.122245,0.642151,0.002507,-0.001221
henon,param,3,5,0.01,1.28,1.000e-10,157,0.116352,0.638245,0.022895,0.000268
henon,param,3,5,0.01,1.28,1.000e-10,158,0.122826,0.644104,0.013652,-0.001166
henon,param,3,5,0.01,1.28,1.000e-10,159,0.121951,0.640564,0.014386,-0.001952
henon,param,3,5,0.01,1.28,1.000e-10,160,0.119047,0.637085,0.018531,0.013608
henon,param,3,5,0.01,1.28,1.000e-10,161,0.120131,0.637451,0.007416,0.006747
henon,param,3,5,0.01,1.28,1.000e-10,162,0.123019,0.643799,0.028711,0.005970
henon,param,3,5,0.01,1.28,1.000e-10,163,0.125070,0.644043,0.001708,0.003690
henon,param,3,5,0.01,1.28,1.000e-10,164,0.121540,0.637878,0.008415,0.009876
henon,param,3,5,0.01,1.28,1.000e-10,165,0.120125,0.639282,0.015066,0.006815
henon,param,3,5,0.01,1.28,1.000e-10,166,0.126064,0.640869,0.005581,0.000383
henon,param,3,5,0.01,1.28,1.000e-10,167,0.124599,0.639648,0.008677,0.006986
henon,param,3,5,0.01,1.28,1.000e-10,168,0.122218,0.636047,0.002968,0.014270
henon,param,3,5,0.01,1.28,1.000e-10,169,0.119809,0.638428,0.020861,0.018825
henon,param,3,5,0.01,1.28,1.000e-10,170,0.130312,0.647400,-0.003187,0.012918
henon,param,3,5,0.01,1.28,1.000e-10,171,0.125210,0.643433,0.004633,0.003944
henon,param,3,5,0.01,1.28,1.000e-10,172,0.130149,0.647644,-0.004281,-0.000032
henon,param,3,5,0.01,1.28,1.000e-10,173,0.126855,0.639282,0.000078,-0.000942
henon,param,3,5,0.01,1.28,1.000e-10,174,0.126176,0.643311,0.006713,0.015230
henon,param,3,5,0.01,1.28,1.000e-10,175,0.126718,0.637024,-0.005628,0.009417
henon,param,3,5,0.01,1.28,1.000e-10,176,0.128128,0.645569,0.009298,0.010543
henon,param,3,5,0.01,1.28,1.000e-10,177,0.129893,0.648315,0.016780,0.007616
henon,param,3,5,0.01,1.28,1.000e-10,178,0.124015,0.639038,0.012440,0.003223
henon,param,3,5,0.01,1.28,1.000e-10,179,0.123935,0.640686,0.000372,0.005236
henon,param,3,5,0.01,1.28,1.000e-10,180,0.126733,0.640137,0.009386,0.003790
henon,param,3,5,0.01,1.28,1.000e-10,181,0.123994,0.641846,0.008961,0.007365
henon,param,3,5,0.01,1.28,1.000e-10,182,0.126867,0.641846,-0.005376,0.008436
henon,param,3,5,0.01,1.28,1.000e-10,183,0.127528,0.642822,0.005122,0.012895
henon,param,3,5,0.01,1.28,1.000e-10,184,0.133370,0.645508,0.001434,-0.004420
henon,param,3,5,0.01,1.28,1.000e-10,185,0.127239,0.643372,0.004836,0.007225
henon,param,3,5,0.01,1.28,1.000e-10,186,0.130069,0.644287,-0.000112,0.003221
henon,param,3,5,0.01,1.28,1.000e-10,187,0.126973,0.641602,-0.010555,0.009921
henon,param,3,5,0.01,1.28,1.000e-10,188,0.118547,0.636353,0.014052,0.010728
henon,param,3,5,0.01,1.28,1.000e-10,189,0.125425,0.637390,-0.000815,0.012101
henon,param,3,5,0.01,1.28,1.000e-10,190,0.130037,0.643311,0.003645,0.010861
henon,param,3,5,0.01,1.28,1.000e-10,191,0.137860,0.653137,0.004870,-0.007930
henon,param,3,5,0.01,1.28,1.000e-10,192,0.132259,0.646729,0.000403,0.003383
henon,param,3,5,0.01,1.28,1.000e-10,193,0.133630,0.644104,-0.002890,0.002082
henon,param,3,5,0.01,1.28,1.000e-10,194,0.135551,0.649231,-0.003819,-0.003058
henon,param,3,5,0.01,1.28,1.000e-10,195,0.130910,0.640808,0.014269,-0.007316
henon,param,3,5,0.01,1.28,1.000e-10,196,0.131868,0.641663,-0.003317,-0.004152
henon,param,3,5,0.01,1.28,1.000e-10,197,0.126232,0.641296,0.006687,0.005893
henon,param,3,5,0.01,1.28,1.000e-10,198,0.129980,0.639343,0.017248,-0.009150
henon,param,3,5,0.01,1.28,1.000e-10,199,0.130245,0.640015,0.019617,-0.005377
henon,param,3,5,0.01,1.28,1.000e-10,200,0.132778,0.641907,0.016013,0.006367
henon,param,3,5,0.01,1.28,1.000e-10,201,0.139319,0.648865,-0.012068,-0.004022
henon,param,3,5,0.01,1.28,1.000e-10,202,0.134444,0.645203,0.005557,0.008269
henon,param,3,5,0.01,1.28,1.000e-10,203,0.132929,0.642456,0.003579,-0.010423
henon,param,3,5,0.01,1.28,1.000e-10,204,0.140062,0.651306,-0.003429,-0.002360
henon,param,3,5,0.01,1.28,1.000e-10,205,0.141640,0.650757,-0.004865,-0.012561
henon,param,3,5,0.01,1.28,1.000e-10,206,0.133900,0.641418,0.003646,0.002405
henon,param,3,5,0.01,1.28,1.000e-10,207,0.133885,0.643860,0.013773,-0.003623
henon,param,3,5,0.01,1.28,1.000e-10,208,0.142907,0.651123,-0.002111,-0.006148
henon,param,3,5,0.01,1.28,1.000e-10,209,0.137931,0.648132,-0.007786,-0.006730
henon,param,3,5,0.01,1.28,1.000e-10,210,0.133730,0.644836,0.007408,-0.008059
henon,param,3,5,0.01,1.28,1.000e-10,211,0.137932,0.648315,0.003684,-0.004131
henon,param,3,5,0.01,1.28,1.000e-10,212,0.142821,0.649292,0.004474,-0.009298
henon,param,3,5,0.01,1.28,1.000e-10,213,0.135570,0.646423,0.014588,-0.005138
henon,param,3,5,0.01,1.28,1.000e-10,214,0.137117,0.643677,0.018812,-0.014317
henon,param,3,5,0.01,1.28,1.000e-10,215,0.146036,0.649231,0.002692,-0.018525
henon,param,3,5,0.01,1.28,1.000e-10,216,0.137898,0.643921,0.004884,0.002839
henon,param,3,5,0.01,1.28,1.000e-10,217,0.143053,0.649902,-0.007961,-0.017707
henon,param,3,5,0.01,1.28,1.000e-10,218,0.136618,0.645630,-0.002244,-0.006580
henon,param,3,5,0.01,1.28,1.000e-10,219,0.137067,0.644836,-0.003633,0.001981
henon,param,3,5,0.01,1.28,1.000e-10,220,0.136096,0.647339,0.002751,-0.003495
henon,param,3,5,0.01,1.28,1.000e-10,221,0.135747,0.645203,0.008471,0.000223
henon,param,3,5,0.01,1.28,1.000e-10,222,0.140536,0.649048,0.005959,-0.006835
henon,param,3,5,0.01,1.28,1.000e-10,223,0.140393,0.651184,-0.003574,-0.002570
henon,param,3,5,0.01,1.28,1.000e-10,224,0.134926,0.643372,-0.000800,-0.003358
henon,param,3,5,0.01,1.28,1.000e-10,225,0.129878,0.643921,0.003847,-0.003826
henon,param,3,5,0.01,1.28,1.000e-10,226,0.137039,0.648315,0.003592,-0.017255
henon,param,3,5,0.01,1.28,1.000e-10,227,0.134434,0.644287,-0.007177,-0.009457
henon,param,3,5,0.01,1.28,1.000e-10,228,0.130600,0.641846,0.002902,0.010060
henon,param,3,5,0.01,1.28,1.000e-10,229,0.133331,0.643860,0.004320,-0.000511
henon,param,3,5,0.01,1.28,1.000e-10,230,0.135775,0.644104,-0.001515,0.003132
henon,param,3,5,0.01,1.28,1.000e-10,231,0.134835,0.642700,0.004876,0.000294
henon,param,3,5,0.01,1.28,1.000e-10,232,0.134720,0.645325,0.011514,0.000052
henon,param,3,5,0.01,1.28,1.000e-10,233,0.143530,0.649719,-0.010107,-0.012786
henon,param,3,5,0.01,1.28,1.000e-10,234,0.140868,0.647766,-0.007442,-0.010278
henon,param,3,5,0.01,1.28,1.000e-10,235,0.139199,0.646057,0.000622,0.002219
henon,param,3,5,0.01,1.28,1.000e-10,236,0.137521,0.648315,-0.007579,-0.000894
henon,param,3,5,0.01,1.28,1.000e-10,237,0.136511,0.648743,-0.009081,0.008201
henon,param,3,5,0.01,1.28,1.000e-10,238,0.135596,0.641174,0.002081,-0.000815
henon,param,3,5,0.01,1.28,1.000e-10,239,0.135965,0.643494,-0.001329,0.008770
henon,param,3,5,0.01,1.28,1.000e-10,240,0.136873,0.649170,0.000291,0.002600
henon,param,3,5,0.01,1.28,1.000e-10,241,0.138505,0.649780,0.012289,-0.022971
henon,param,3,5,0.01,1.28,1.000e-10,242,0.138453,0.645813,-0.000641,-0.007898
henon,param,3,5,0.01,1.28,1.000e-10,243,0.127925,0.642151,0.000087,0.005969
henon,param,3,5,0.01,1.28,1.000e-10,244,0.131748,0.643616,-0.001318,0.013715
henon,param,3,5,0.01,1.28,1.000e-10,245,0.136072,0.644653,-0.005525,0.003548
henon,param,3,5,0.01,1.28,1.000e-10,246,0.133790,0.646729,0.011221,0.001855
henon,param,3,5,0.01,1.28,1.000e-10,247,0.136142,0.646118,0.005997,-0.004309
henon,param,3,5,0.01,1.28,1.000e-10,248,0.146576,0.653442,-0.006476,-0.011495
henon,param,3,5,0.01,1.28,1.000e-10,249,0.138528,0.646545,0.003471,-0.015018
henon,param,3,5,0.01,1.28,1.000e-10,250,0.131820,0.644775,-0.004450,0.006707
henon,param,3,5,0.01,1.28,1.000e-10,251,0.131126,0.648071,-0.004951,0.003904
henon,param,3,5,0.01,1.28,1.000e-10,252,0.132060,0.640503,-0.005995,0.003096
henon,param,3,5,0.01,1.28,1.000e-10,253,0.132586,0.645142,0.006473,0.009294
henon,param,3,5,0.01,1.28,1.000e-10,254,0.129643,0.640076,0.009614,0.009693
henon,param,3,5,0.01,1.28,1.000e-10,255,0.138203,0.646118,-0.007641,-0.003146
henon,param,3,5,0.01,1.28,1.000e-10,256,0.129666,0.642395,-0.006098,0.001166
henon,param,3,5,0.01,1.28,1.000e-10,257,0.126691,0.640991,0.008617,0.009092
henon,param,3,5,0.01,1.28,1.000e-10,258,0.128686,0.640991,-0.004369,0.011081
henon,param,3,5,0.01,1.28,1.000e-10,259,0.132898,0.643860,-0.003679,0.010517
henon,param,3,5,0.01,1.28,1.000e-10,260,0.129870,0.642700,0.011129,0.004834
henon,param,3,5,0.01,1.28,1.000e-10,261,0.133269,0.641663,-0.000252,0.007938
henon,param,3,5,0.01,1.28,1.000e-10,262,0.131884,0.641724,0.008744,0.002951
henon,param,3,5,0.01,1.28,1.000e-10,263,0.131374,0.644470,0.013366,0.001097
henon,param,3,5,0.01,1.28,1.000e-10,264,0.132021,0.646057,0.012852,0.002333
henon,param,3,5,0.01,1.28,1.000e-10,265,0.132511,0.642517,-0.002384,-0.002307
henon,param,3,5,0.01,1.28,1.000e-10,266,0.138114,0.649719,0.008310,-0.009946
henon,param,3,5,0.01,1.28,1.000e-10,267,0.134366,0.644226,0.011602,-0.006302
henon,param,3,5,0.01,1.28,1.000e-10,268,0.138395,0.649658,-0.000047,-0.006685
henon,param,3,5,0.01,1.28,1.000e-10,269,0.140410,0.647400,-0.004800,-0.004403
henon,param,3,5,0.01,1.28,1.000e-10,270,0.132878,0.644165,-0.001738,0.006299
henon,param,3,5,0.01,1.28,1.000e-10,271,0.137339,0.643677,0.004983,-0.003018
henon,param,3,5,0.01,1.28,1.000e-10,272,0.138816,0.647156,-0.005739,0.001916
henon,param,3,5,0.01,1.28,1.000e-10,273,0.135804,0.642822,0.005935,-0.004674
henon,param,3,5,0.01,1.28,1.000e-10,274,0.132083,0.641479,0.002530,0.004219
henon,param,3,5,0.01,1.28,1.000e-10,275,0.136847,0.648010,0.003528,-0.001155
henon,param,3,5,0.01,1.28,1.000e-10,276,0.136963,0.647034,-0.003942,0.004454
henon,param,3,5,0.01,1.28,1.000e-10,277,0.133582,0.644409,-0.018034,0.012765
henon,param,3,5,0.01,1.28,1.000e-10,278,0.136688,0.649048,-0.012208,0.004400
henon,param,3,5,0.01,1.28,1.000e-10,279,0.138838,0.650574,-0.010107,-0.001454
henon,param,3,5,0.01,1.28,1.000e-10,280,0.140384,0.650330,-0.009457,-0.005352
henon,param,3,5,0.01,1.28,1.000e-10,281,0.136991,0.648132,-0.009227,-0.011709
henon,param,3,5,0.01,1.28,1.000e-10,282,0.138982,0.648926,-0.005724,0.000021
henon,param,3,5,0.01,1.28,1.000e-10,283,0.136462,0.648132,0.001168,0.003606
henon,param,3,5,0.01,1.28,1.000e-10,284,0.134798,0.644470,0.005051,-0.001011
henon,param,3,5,0.01,1.28,1.000e-10,285,0.134692,0.643372,0.001538,0.000084
henon,param,3,5,0.01,1.28,1.000e-10,286,0.133868,0.647156,-0.005764,0.003947
henon,param,3,5,0.01,1.28,1.000e-10,287,0.136084,0.645142,-0.003364,-0.000362
henon,param,3,5,0.01,1.28,1.000e-10,288,0.137430,0.644409,-0.017054,0.000525
henon,param,3,5,0.01,1.28,1.000e-10,289,0.140035,0.650513,0.001632,0.004868
henon,param,3,5,0.01,1.28,1.000e-10,290,0.137610,0.644165,0.003197,0.007158
henon,param,3,5,0.01,1.28,1.000e-10,291,0.140603,0.650085,0.004228,0.003546
henon,param,3,5,0.01,1.28,1.000e-10,292,0.142819,0.644531,-0.004599,0.002289
henon,param,3,5,0.01,1.28,1.000e-10,293,0.139405,0.647095,-0.001508,0.002762
henon,param,3,5,0.01,1.28,1.000e-10,294,0.138882,0.649048,0.002504,-0.004332
henon,param,3,5,0.01,1.28,1.000e-10,295,0.140501,0.643799,-0.007238,-0.009256
henon,param,3,5,0.01,1.28,1.000e-10,296,0.140731,0.650085,-0.004126,0.002147
henon,param,3,5,0.01,1.28,1.000e-10,297,0.140169,0.646729,-0.008526,-0.001128
henon,param,3,5,0.01,1.28,1.000e-10,298,0.139684,0.647339,-0.000763,-0.004399
henon,param,3,5,0.01,1.28,1.000e-10,299,0.143544,0.650635,-0.010813,0.006183
henon,param,3,5,0.01,1.28,1.000e-10,300,0.138638,0.644653,-0.009488,0.004945
henon,param,3,5,0.01,1.28,1.000e-10,301,0.137883,0.644348,0.003332,0.003317
henon,param,3,5,0.01,1.28,1.000e-10,302,0.136540,0.644043,0.002783,-0.002873
henon,param,3,5,0.01,1.28,1.000e-10,303,0.138872,0.649536,-0.001235,0.012731
henon,param,3,5,0.01,1.28,1.000e-10,304,0.137407,0.644226,0.002039,0.005925
henon,param,3,5,0.01,1.28,1.000e-10,305,0.132714,0.642944,0.002459,0.012444
henon,param,3,5,0.01,1.28,1.000e-10,306,0.143284,0.648376,-0.006880,0.001875
henon,param,3,5,0.01,1.28,1.000e-10,307,0.144040,0.650269,-0.007874,-0.012019
henon,param,3,5,0.01,1.28,1.000e-10,308,0.136519,0.645386,0.004198,0.000553
henon,param,3,5,0.01,1.28,1.000e-10,309,0.137837,0.646545,-0.005592,-0.009117
henon,param,3,5,0.01,1.28,1.000e-10,310,0.136964,0.646912,-0.008013,0.007333
henon,param,3,5,0.01,1.28,1.000e-10,311,0.132386,0.639465,0.009567,0.001925
henon,param,3,5,0.01,1.28,1.000e-10,312,0.132081,0.643860,0.009815,0.006279
henon,param,3,5,0.01,1.28,1.000e-10,313,0.142092,0.654541,-0.005985,0.003241
henon,param,3,5,0.01,1.28,1.000e-10,314,0.143821,0.651245,-0.004525,-0.021909
henon,param,3,5,0.01,1.28,1.000e-10,315,0.138487,0.648743,0.006242,-0.000657
henon,param,3,5,0.01,1.28,1.000e-10,316,0.135878,0.642456,-0.002033,0.002231
henon,param,3,5,0.01,1.28,1.000e-10,317,0.136280,0.648254,-0.002715,0.000421
henon,param,3,5,0.01,1.28,1.000e-10,318,0.130107,0.639038,0.004696,-0.001778
henon,param,3,5,0.01,1.28,1.000e-10,319,0.129622,0.642822,0.009477,-0.003350
henon,param,3,5,0.01,1.28,1.000e-10,320,0.137444,0.646484,0.008277,-0.015388
henon,param,3,5,0.01,1.28,1.000e-10,321,0.135751,0.645508,0.005572,-0.007510
henon,param,3,5,0.01,1.28,1.000e-10,322,0.138624,0.644043,0.014033,-0.003519
henon,param,3,5,0.01,1.28,1.000e-10,323,0.143542,0.652405,0.006540,-0.000563
henon,param,3,5,0.01,1.28,1.000e-10,324,0.144804,0.653259,-0.006230,-0.009441
henon,param,3,5,0.01,1.28,1.000e-10,325,0.139631,0.647705,-0.007455,-0.022336
henon,param,3,5,0.01,1.28,1.000e-10,326,0.131607,0.641052,0.001933,0.000598
henon,param,3,5,0.01,1.28,1.000e-10,327,0.136689,0.644714,-0.001070,-0.002068
henon,param,3,5,0.01,1.28,1.000e-10,328,0.135550,0.648193,-0.002424,-0.002846
henon,param,3,5,0.01,1.28,1.000e-10,329,0.130531,0.639954,0.014664,0.002741
henon,param,3,5,0.01,1.28,1.000e-10,330,0.138432,0.646851,0.002222,-0.002593
henon,param,3,5,0.01,1.28,1.000e-10,331,0.137696,0.650513,0.009830,0.002686
henon,param,3,5,0.01,1.28,1.000e-10,332,0.134753,0.640991,-0.004231,-0.002045
henon,param,3,5,0.01,1.28,1.000e-10,333,0.133002,0.644104,-0.001403,-0.003142
henon,param,3,5,0.01,1.28,1.000e-10,334,0.138504,0.645874,0.007399,0.000733
henon,param,3,5,0.01,1.28,1.000e-10,335,0.135306,0.644409,0.009213,-0.006506
henon,param,3,5,0.01,1.28,1.000e-10,336,0.136723,0.646484,0.007582,0.000566
henon,param,3,5,0.01,1.28,1.000e-10,337,0.144200,0.653442,-0.007378,-0.011039
henon,param,3,5,0.01,1.28,1.000e-10,338,0.144354,0.654419,0.003311,-0.014436
henon,param,3,5,0.01,1.28,1.000e-10,339,0.135301,0.644897,-0.011301,-0.010749
henon,param,3,5,0.01,1.28,1.000e-10,340,0.138979,0.651123,-0.003873,-0.009492
henon,param,3,5,0.01,1.28,1.000e-10,341,0.139065,0.646484,-0.003138,-0.008065
henon,param,3,5,0.01,1.28,1.000e-10,342,0.138259,0.647156,0.004011,-0.000789
henon,param,3,5,0.01,1.28,1.000e-10,343,0.139170,0.646606,-0.006956,-0.010880
henon,param,3,5,0.01,1.28,1.000e-10,344,0.136988,0.646729,-0.005714,-0.001956
henon,param,3,5,0.01,1.28,1.000e-10,345,0.139434,0.648804,0.004707,0.000223
henon,param,3,5,0.01,1.28,1.000e-10,346,0.137482,0.644348,-0.008571,0.002106
henon,param,3,5,0.01,1.28,1.000e-10,347,0.136026,0.647034,-0.002183,0.003842
henon,param,3,5,0.01,1.28,1.000e-10,348,0.134353,0.643494,0.001453,0.001012
henon,param,3,5,0.01,1.28,1.000e-10,349,0.139908,0.650024,-0.007790,-0.003092
henon,param,3,5,0.01,1.28,1.000e-10,350,0.141625,0.648987,-0.003344,0.000783
henon,param,3,5,0.01,1.28,1.000e-10,351,0.138363,0.646301,-0.006441,0.004277
henon,param,3,5,0.01,1.28,1.000e-10,352,0.133744,0.644531,0.008407,0.006056
henon,param,3,5,0.01,1.28,1.000e-10,353,0.134044,0.639099,0.000323,0.006730
henon,param,3,5,0.01,1.28,1.000e-10,354,0.133099,0.648560,0.007095,0.000149
henon,param,3,5,0.01,1.28,1.000e-10,355,0.134969,0.642334,0.000091,-0.003378
henon,param,3,5,0.01,1.28,1.000e-10,356,0.138048,0.645386,-0.014900,0.012097
henon,param,3,5,0.01,1.28,1.000e-10,357,0.144231,0.650085,-0.011473,-0.003247
henon,param,3,5,0.01,1.28,1.000e-10,358,0.138517,0.645630,-0.008825,0.001123
henon,param,3,5,0.01,1.28,1.000e-10,359,0.134724,0.647339,-0.007028,0.009971
henon,param,3,5,0.01,1.28,1.000e-10,360,0.133748,0.645081,-0.001130,-0.001001
henon,param,3,5,0.01,1.28,1.000e-10,361,0.131444,0.640564,0.017180,0.001282
henon,param,3,5,0.01,1.28,1.000e-10,362,0.130291,0.639526,0.009253,-0.010388
henon,param,3,5,0.01,1.28,1.000e-10,363,0.127445,0.641479,0.012833,0.008458
henon,param,3,5,0.01,1.28,1.000e-10,364,0.138863,0.645142,-0.009703,0.005841
henon,param,3,5,0.01,1.28,1.000e-10,365,0.140497,0.647461,-0.007055,0.003830
henon,param,3,5,0.01,1.28,1.000e-10,366,0.135124,0.647400,-0.004728,0.002447
henon,param,3,5,0.01,1.28,1.000e-10,367,0.131124,0.643433,-0.001340,0.000445
henon,param,3,5,0.01,1.28,1.000e-10,368,0.135592,0.648132,0.005705,-0.011728
henon,param,3,5,0.01,1.28,1.000e-10,369,0.130949,0.644592,0.012779,-0.005898
henon,param,3,5,0.01,1.28,1.000e-10,370,0.129800,0.641785,0.003764,0.012433
henon,param,3,5,0.01,1.28,1.000e-10,371,0.125439,0.637390,0.005997,-0.006536
henon,param,3,5,0.01,1.28,1.000e-10,372,0.118952,0.638367,0.023295,0.011093
henon,param,3,5,0.01,1.28,1.000e-10,373,0.124911,0.640320,-0.003005,0.014070
henon,param,3,5,0.01,1.28,1.000e-10,374,0.125485,0.637207,0.008177,0.003071
henon,param,3,5,0.01,1.28,1.000e-10,375,0.125325,0.638733,0.007815,0.011413
henon,param,3,5,0.01,1.28,1.000e-10,376,0.136150,0.645203,0.005620,-0.003751
henon,param,3,5,0.01,1.28,1.000e-10,377,0.132136,0.644409,0.000300,0.014028
henon,param,3,5,0.01,1.28,1.000e-10,378,0.135848,0.643372,-0.016699,0.004405
henon,param,3,5,0.01,1.28,1.000e-10,379,0.130254,0.641357,-0.001911,0.011440
henon,param,3,5,0.01,1.28,1.000e-10,380,0.136386,0.643311,-0.013365,0.009536
henon,param,3,5,0.01,1.28,1.000e-10,381,0.133943,0.644836,-0.003065,0.011982
henon,param,3,5,0.01,1.28,1.000e-10,382,0.131784,0.639282,0.002324,0.006154
henon,param,3,5,0.01,1.28,1.000e-10,383,0.134930,0.643921,-0.001866,-0.006989
henon,param,3,5,0.01,1.28,1.000e-10,384,0.138743,0.650513,-0.002634,0.001564
henon,param,3,5,0.01,1.28,1.000e-10,385,0.136840,0.645447,-0.010531,-0.010951
henon,param,3,5,0.01,1.28,1.000e-10,386,0.135926,0.644470,-0.004182,0.007852
henon,param,3,5,0.01,1.28,1.000e-10,387,0.143608,0.652344,-0.021972,0.005634
henon,param,3,5,0.01,1.28,1.000e-10,388,0.139773,0.648010,-0.002569,0.003685
henon,param,3,5,0.01,1.28,1.000e-10,389,0.131489,0.637817,0.003224,0.013609
henon,param,3,5,0.01,1.28,1.000e-10,390,0.133079,0.640747,0.000167,0.003322
henon,param,3,5,0.01,1.28,1.000e-10,391,0.129891,0.641785,0.008720,0.008413
henon,param,3,5,0.01,1.28,1.000e-10,392,0.134643,0.649048,-0.016378,0.001917
henon,param,3,5,0.01,1.28,1.000e-10,393,0.138806,0.647644,-0.009242,0.000087
henon,param,3,5,0.01,1.28,1.000e-10,394,0.140558,0.648621,-0.008066,-0.002331
henon,param,3,5,0.01,1.28,1.000e-10,395,0.141933,0.646240,-0.010286,-0.007192
henon,param,3,5,0.01,1.28,1.000e-10,396,0.139138,0.646362,-0.015809,0.003476
henon,param,3,5,0.01,1.28,1.000e-10,397,0.137136,0.642212,-0.010361,-0.000635
henon,param,3,5,0.01,1.28,1.000e-10,398,0.134726,0.642456,0.002112,0.000136
henon,param,3,5,0.01,1.28,1.000e-10,399,0.136869,0.646057,-0.009494,-0.003925
henon,param,3,5,0.01,1.28,1.000e-10,400,0.141213,0.647888,-0.005434,-0.001609
henon,param,3,5,0.01,1.28,1.000e-08,1,-18.787373,0.000000,1.000000,1.000000
henon,param,3,5,0.01,1.28,1.000e-08,2,-18.174921,0.000000,1.000000,1.000000
henon,param,3,5,0.01,1.28,1.000e-08,3,-17.639852,0.000000,1.000000,1.000000
henon,param,3,5,0.01,1.28,1.000e-08,4,-17.341938,0.000000,1.000000,1.000000
henon,param,3,5,0.01,1.28,1.000e-08,5,-16.975544,0.000000,1.000000,1.000000
henon,param,3,5,0.01,1.28,1.000e-08,6,-16.630138,0.000000,1.000000,1.000000
henon,param,3,5,0.01,1.28,1.000e-08,7,-16.342362,0.000000,1.000000,1.000000
henon,param,3,5,0.01,1.28,1.000e-08,8,-16.061886,0.000000,1.000000,1.000000
henon,param,3,5,0.01,1.28,1.000e-08,9,-15.720348,0.000000,1.000000,1.000000
henon,param,3,5,0.01,1.28,1.000e-08,10,-15.441825,0.000000,1.000000,1.000000
henon,param,3,5,0.01,1.28,1.000e-08,11,-15.166711,0.000000,1.000000,1.000000
henon,param,3,5,0.01,1.28,1.000e-08,12,-14.867084,0.000000,1.000000,1.000000
henon,param,3,5,0.01,1.28,1.000e-08,13,-14.569184,0.000000,1.000000,1.000000
henon,param,3,5,0.01,1.28,1.000e-08,14,-14.287680,0.000000,1.000000,1.000000
henon,param,3,5,0.01,1.28,1.000e-08,15,-14.001119,0.000000,1.000000,1.000000
henon,param,3,5,0.01,1.28,1.000e-08,16,-13.688809,0.000000,1.000000,1.000000
henon,param,3,5,0.01,1.28,1.000e-08,17,-13.401093,0.000000,1.000000,1.000000
henon,param,3,5,0.01,1.28,1.000e-08,18,-13.130081,0.000000,1.000000,1.000000
henon,param,3,5,0.01,1.28,1.000e-08,19,-12.841327,0.000000,1.000000,1.000000
henon,param,3,5,0.01,1.28,1.000e-08,20,-12.550804,0.000000,1.000000,1.000000
henon,param,3,5,0.01,1.28,1.000e-08,21,-12.270327,0.000000,1.000000,1.000000
henon,param,3,5,0.01,1.28,1.000e-08,22,-11.997155,0.000000,1.000000,1.000000
henon,param,3,5,0.01,1.28,1.000e-08,23,-11.705421,0.000000,1.000000,1.000000
henon,param,3,5,0.01,1.28,1.000e-08,24,-11.425441,0.000000,1.000000,1.000000
henon,param,3,5,0.01,1.28,1.000e-08,25,-11.155096,0.000000,1.000000,1.000000
henon,param,3,5,0.01,1.28,1.000e-08,26,-10.873266,0.000000,1.000000,1.000000
henon,param,3,5,0.01,1.28,1.000e-08,27,-10.589646,0.000000,1.000000,1.000000
henon,param,3,5,0.01,1.28,1.000e-08,28,-10.311703,0.000000,0.999999,0.999999
henon,param,3,5,0.01,1.28,1.000e-08,29,-10.025760,0.000000,0.999998,0.999999
henon,param,3,5,0.01,1.28,1.000e-08,30,-9.743533,0.000000,0.999997,0.999997
henon,param,3,5,0.01,1.28,1.000e-08,31,-9.465098,0.000000,0.999992,0.999993
henon,param,3,5,0.01,1.28,1.000e-08,32,-9.178915,0.000000,0.999982,0.999984
henon,param,3,5,0.01,1.28,1.000e-08,33,-8.895001,0.000000,0.999952,0.999960
henon,param,3,5,0.01,1.28,1.000e-08,34,-8.618889,0.000000,0.999911,0.999897
henon,param,3,5,0.01,1.28,1.000e-08,35,-8.333444,0.000000,0.999761,0.999801
henon,param,3,5,0.01,1.28,1.000e-08,36,-8.056261,0.000000,0.999442,0.999548
henon,param,3,5,0.01,1.28,1.000e-08,37,-7.769389,0.000122,0.998728,0.998823
henon,param,3,5,0.01,1.28,1.000e-08,38,-7.491141,0.000610,0.997197,0.997499
henon,param,3,5,0.01,1.28,1.000e-08,39,-7.202769,0.001892,0.994224,0.995394
henon,param,3,5,0.01,1.28,1.000e-08,40,-6.928121,0.004333,0.990386,0.990571
henon,param,3,5,0.01,1.28,1.000e-08,41,-6.651728,0.010437,0.981975,0.983686
henon,param,3,5,0.01,1.28,1.000e-08,42,-6.373052,0.015381,0.976692,0.973476
henon,param,3,5,0.01,1.28,1.000e-08,43,-6.101637,0.022827,0.962769,0.965913
henon,param,3,5,0.01,1.28,1.000e-08,44,-5.836409,0.030212,0.955817,0.954496
henon,param,3,5,0.01,1.28,1.000e-08,45,-5.581273,0.036682,0.943843,0.943177
henon,param,3,5,0.01,1.28,1.000e-08,46,-5.328770,0.043518,0.931953,0.934235
henon,param,3,5,0.01,1.28,1.000e-08,47,-5.079177,0.054321,0.920154,0.919941
henon,param,3,5,0.01,1.28,1.000e-08,48,-4.830138,0.062317,0.905984,0.902789
henon,param,3,5,0.01,1.28,1.000e-08,49,-4.595827,0.076477,0.892767,0.880759
henon,param,3,5,0.01,1.28,1.000e-08,50,-4.371911,0.085205,0.877072,0.870507
henon,param,3,5,0.01,1.28,1.000e-08,51,-4.154972,0.095337,0.864715,0.852232
henon,param,3,5,0.01,1.28,1.000e-08,52,-3.933024,0.111694,0.838143,0.832059
henon,param,3,5,0.01,1.28,1.000e-08,53,-3.721459,0.124512,0.811244,0.811179
henon,param,3,5,0.01,1.28,1.000e-08,54,-3.520791,0.138306,0.797041,0.786854
henon,param,3,5,0.01,1.28,1.000e-08,55,-3.326618,0.152222,0.780358,0.768286
henon,param,3,5,0.01,1.28,1.000e-08,56,-3.132484,0.165833,0.753677,0.744051
henon,param,3,5,0.01,1.28,1.000e-08,57,-2.955553,0.182800,0.728010,0.727079
henon,param,3,5,0.01,1.28,1.000e-08,58,-2.778682,0.197998,0.713771,0.705218
henon,param,3,5,0.01,1.28,1.000e-08,59,-2.615241,0.209534,0.685455,0.683613
henon,param,3,5,0.01,1.28,1.000e-08,60,-2.455551,0.220581,0.665188,0.664363
henon,param,3,5,0.01,1.28,1.000e-08,61,-2.307243,0.237610,0.644237,0.638996
henon,param,3,5,0.01,1.28,1.000e-08,62,-2.153500,0.252747,0.624907,0.616991
henon,param,3,5,0.01,1.28,1.000e-08,63,-2.011363,0.265259,0.590019,0.589379
henon,param,3,5,0.01,1.28,1.000e-08,64,-1.878711,0.289795,0.575947,0.561699
henon,param,3,5,0.01,1.28,1.000e-08,65,-1.750412,0.298523,0.553660,0.544065
henon,param,3,5,0.01,1.28,1.000e-08,66,-1.630280,0.314575,0.532323,0.521987
henon,param,3,5,0.01,1.28,1.000e-08,67,-1.520310,0.324829,0.515458,0.502576
henon,param,3,5,0.01,1.28,1.000e-08,68,-1.420669,0.340454,0.482116,0.479027
henon,param,3,5,0.01,1.28,1.000e-08,69,-1.319667,0.358582,0.465477,0.462101
henon,param,3,5,0.01,1.28,1.000e-08,70,-1.228589,0.367493,0.446837,0.433717
henon,param,3,5,0.01,1.28,1.000e-08,71,-1.135658,0.381348,0.428718,0.412495
henon,param,3,5,0.01,1.28,1.000e-08,72,-1.050689,0.397095,0.416252,0.400607
henon,param,3,5,0.01,1.28,1.000e-08,73,-0.970479,0.410767,0.384843,0.386350
henon,param,3,5,0.01,1.28,1.000e-08,74,-0.896164,0.418640,0.359857,0.365077
henon,param,3,5,0.01,1.28,1.000e-08,75,-0.835352,0.429932,0.358223,0.342009
henon,param,3,5,0.01,1.28,1.000e-08,76,-0.778730,0.437561,0.336682,0.328894
henon,param,3,5,0.01,1.28,1.000e-08,77,-0.720444,0.442871,0.327901,0.314886
henon,param,3,5,0.01,1.28,1.000e-08,78,-0.655102,0.461060,0.301085,0.294337
henon,param,3,5,0.01,1.28,1.000e-08,79,-0.604039,0.472656,0.300408,0.269119
henon,param,3,5,0.01,1.28,1.000e-08,80,-0.558139,0.476868,0.270567,0.282264
henon,param,3,5,0.01,1.28,1.000e-08,81,-0.505775,0.486633,0.255586,0.248685
henon,param,3,5,0.01,1.28,1.000e-08,82,-0.467296,0.493347,0.242753,0.236306
henon,param,3,5,0.01,1.28,1.000e-08,83,-0.431413,0.501892,0.236818,0.235329
henon,param,3,5,0.01,1.28,1.000e-08,84,-0.391962,0.508728,0.226098,0.210126
henon,param,3,5,0.01,1.28,1.000e-08,85,-0.357055,0.516052,0.206565,0.208897
henon,param,3,5,0.01,1.28,1.000e-08,86,-0.322037,0.525940,0.187092,0.199113
henon,param,3,5,0.01,1.28,1.000e-08,87,-0.292903,0.530334,0.181861,0.198528
henon,param,3,5,0.01,1.28,1.000e-08,88,-0.265232,0.532288,0.170592,0.184691
henon,param,3,5,0.01,1.28,1.000e-08,89,-0.242729,0.538940,0.170802,0.169579
henon,param,3,5,0.01,1.28,1.000e-08,90,-0.213680,0.551453,0.166557,0.156027
henon,param,3,5,0.01,1.28,1.000e-08,91,-0.189571,0.563171,0.146653,0.134606
henon,param,3,5,0.01,1.28,1.000e-08,92,-0.172691,0.557251,0.146821,0.129016
henon,param,3,5,0.01,1.28,1.000e-08,93,-0.152039,0.561096,0.123741,0.140440
henon,param,3,5,0.01,1.28,1.000e-08,94,-0.133124,0.571838,0.127665,0.139033
henon,param,3,5,0.01,1.28,1.000e-08,95,-0.118088,0.570251,0.119371,0.119866
henon,param,3,5,0.01,1.28,1.000e-08,96,-0.101618,0.574890,0.117170,0.105273
henon,param,3,5,0.01,1.28,1.000e-08,97,-0.087102,0.582520,0.122453,0.107334
henon,param,3,5,0.01,1.28,1.000e-08,98,-0.066858,0.585510,0.103688,0.090018
henon,param,3,5,0.01,1.28,1.000e-08,99,-0.059733,0.587708,0.101824,0.090336
henon,param,3,5,0.01,1.28,1.000e-08,100,-0.047880,0.591431,0.096708,0.084582
henon,param,3,5,0.01,1.28,1.000e-08,101,-0.036751,0.596863,0.077257,0.093795
henon,param,3,5,0.01,1.28,1.000e-08,102,-0.034635,0.589966,0.091096,0.082392
henon,param,3,5,0.01,1.28,1.000e-08,103,-0.028287,0.591675,0.077744,0.081212
henon,param,3,5,0.01,1.28,1.000e-08,104,-0.018439,0.601685,0.084151,0.082004
henon,param,3,5,0.01,1.28,1.000e-08,105,-0.003755,0.605103,0.074610,0.070815
henon,param,3,5,0.01,1.28,1.000e-08,106,0.002303,0.602356,0.055677,0.060590
henon,param,3,5,0.01,1.28,1.000e-08,107,0.009627,0.604248,0.081558,0.055461
henon,param,3,5,0.01,1.28,1.000e-08,108,0.017732,0.601746,0.063934,0.062058
henon,param,3,5,0.01,1.28,1.000e-08,109,0.026968,0.611938,0.069885,0.053278
henon,param,3,5,0.01,1.28,1.000e-08,110,0.029159,0.610535,0.065201,0.046566
henon,param,3,5,0.01,1.28,1.000e-08,111,0.029752,0.610474,0.059937,0.054975
henon,param,3,5,0.01,1.28,1.000e-08,112,0.040905,0.615173,0.054404,0.051341
henon,param,3,5,0.01,1.28,1.000e-08,113,0.051283,0.618835,0.043140,0.041024
henon,param,3,5,0.01,1.28,1.000e-08,114,0.057785,0.624390,0.044695,0.032332
henon,param,3,5,0.01,1.28,1.000e-08,115,0.061176,0.621826,0.049353,0.031441
henon,param,3,5,0.01,1.28,1.000e-08,116,0.063884,0.622375,0.034870,0.034572
henon,param,3,5,0.01,1.28,1.000e-08,117,0.065660,0.622681,0.039070,0.039380
henon,param,3,5,0.01,1.28,1.000e-08,118,0.073765,0.620972,0.031130,0.025620
henon,param,3,5,0.01,1.28,1.000e-08,119,0.080147,0.627686,0.037819,0.024941
henon,param,3,5,0.01,1.28,1.000e-08,120,0.078463,0.627319,0.033490,0.030964
henon,param,3,5,0.01,1.28,1.000e-08,121,0.086104,0.630371,0.021111,0.015202
henon,param,3,5,0.01,1.28,1.000e-08,122,0.080650,0.623962,0.037589,0.027473
henon,param,3,5,0.01,1.28,1.000e-08,123,0.082443,0.622803,0.042326,0.025255
henon,param,3,5,0.01,1.28,1.000e-08,124,0.085220,0.627869,0.027690,0.027992
henon,param,3,5,0.01,1.28,1.000e-08,125,0.083087,0.623474,0.030749,0.024914
henon,param,3,5,0.01,1.28,1.000e-08,126,0.090253,0.632202,0.022742,0.028121
henon,param,3,5,0.01,1.28,1.000e-08,127,0.102633,0.637024,0.006901,0.012897
henon,param,3,5,0.01,1.28,1.000e-08,128,0.104462,0.641052,0.008532,0.021977
henon,param,3,5,0.01,1.28,1.000e-08,129,0.100720,0.638245,0.022699,0.015635
henon,param,3,5,0.01,1.28,1.000e-08,130,0.102983,0.634338,0.033081,0.013688
henon,param,3,5,0.01,1.28,1.000e-08,131,0.107908,0.635315,0.005807,0.009963
henon,param,3,5,0.01,1.28,1.000e-08,132,0.104098,0.635315,0.005412,0.013920
henon,param,3,5,0.01,1.28,1.000e-08,133,0.107785,0.635986,0.023139,0.006388
henon,param,3,5,0.01,1.28,1.000e-08,134,0.114916,0.639648,0.004666,0.004863
henon,param,3,5,0.01,1.28,1.000e-08,135,0.113811,0.640625,0.005456,0.012316
henon,param,3,5,0.01,1.28,1.000e-08,136,0.108263,0.634094,0.016413,0.010122
henon,param,3,5,0.01,1.28,1.000e-08,137,0.113687,0.642639,0.019142,0.009277
henon,param,3,5,0.01,1.28,1.000e-08,138,0.121008,0.640930,-0.004225,0.002633
henon,param,3,5,0.01,1.28,1.000e-08,139,0.120384,0.644531,-0.002079,0.003405
henon,param,3,5,0.01,1.28,1.000e-08,140,0.110531,0.635803,0.017919,0.016553
henon,param,3,5,0.01,1.28,1.000e-08,141,0.113793,0.632446,0.009985,0.013824
henon,param,3,5,0.01,1.28,1.000e-08,142,0.115233,0.639526,0.020366,0.010501
henon,param,3,5,0.01,1.28,1.000e-08,143,0.116111,0.636597,0.014655,0.004410
henon,param,3,5,0.01,1.28,1.000e-08,144,0.114662,0.639038,0.031822,0.003186
henon,param,3,5,0.01,1.28,1.000e-08,145,0.121501,0.637756,0.011407,0.003257
henon,param,3,5,0.01,1.28,1.000e-08,146,0.119120,0.638184,0.016832,0.012885
henon,param,3,5,0.01,1.28,1.000e-08,147,0.119425,0.633423,0.015139,0.012861
henon,param,3,5,0.01,1.28,1.000e-08,148,0.126332,0.642029,-0.001820,0.025754
henon,param,3,5,0.01,1.28,1.000e-08,149,0.133215,0.647888,-0.000053,-0.001137
henon,param,3,5,0.01,1.28,1.000e-08,150,0.126462,0.642944,0.006775,-0.003389
henon,param,3,5,0.01,1.28,1.000e-08,151,0.120939,0.635559,0.019697,0.006508
henon,param,3,5,0.01,1.28,1.000e-08,152,0.132276,0.647217,0.012269,0.005071
henon,param,3,5,0.01,1.28,1.000e-08,153,0.134197,0.648010,0.003801,0.006025
henon,param,3,5,0.01,1.28,1.000e-08,154,0.130758,0.640686,-0.006262,0.006422
henon,param,3,5,0.01,1.28,1.000e-08,155,0.131900,0.645691,-0.010375,0.011835
henon,param,3,5,0.01,1.28,1.000e-08,156,0.136253,0.649902,0.013478,-0.010111
henon,param,3,5,0.01,1.28,1.000e-08,157,0.128899,0.639587,0.008610,-0.003481
henon,param,3,5,0.01,1.28,1.000e-08,158,0.127807,0.638977,0.004218,-0.001145
henon,param,3,5,0.01,1.28,1.000e-08,159,0.128385,0.640137,0.012542,0.000838
henon,param,3,5,0.01,1.28,1.000e-08,160,0.129680,0.645264,0.004552,0.021375
henon,param,3,5,0.01,1.28,1.000e-08,161,0.138998,0.650452,-0.007244,0.003685
henon,param,3,5,0.01,1.28,1.000e-08,162,0.140731,0.651062,-0.003012,0.003419
henon,param,3,5,0.01,1.28,1.000e-08,163,0.146696,0.655151,0.003496,-0.012390
henon,param,3,5,0.01,1.28,1.000e-08,164,0.128850,0.642212,0.007411,-0.005333
henon,param,3,5,0.01,1.28,1.000e-08,165,0.125695,0.639526,-0.000895,-0.007336
henon,param,3,5,0.01,1.28,1.000e-08,166,0.122914,0.639648,0.013925,0.010759
henon,param,3,5,0.01,1.28,1.000e-08,167,0.125846,0.640991,0.004616,0.008546
henon,param,3,5,0.01,1.28,1.000e-08,168,0.129411,0.645203,-0.000588,0.010647
henon,param,3,5,0.01,1.28,1.000e-08,169,0.128801,0.640564,-0.000343,0.018500
henon,param,3,5,0.01,1.28,1.000e-08,170,0.134818,0.641785,0.007912,0.010305
henon,param,3,5,0.01,1.28,1.000e-08,171,0.124260,0.638367,0.009003,-0.006939
henon,param,3,5,0.01,1.28,1.000e-08,172,0.119520,0.633057,0.007669,0.014006
henon,param,3,5,0.01,1.28,1.000e-08,173,0.118234,0.633179,0.008538,0.017205
henon,param,3,5,0.01,1.28,1.000e-08,174,0.127077,0.639771,0.008966,0.006348
henon,param,3,5,0.01,1.28,1.000e-08,175,0.131564,0.646179,-0.001025,0.003388
henon,param,3,5,0.01,1.28,1.000e-08,176,0.137216,0.648804,-0.003130,-0.000426
henon,param,3,5,0.01,1.28,1.000e-08,177,0.134499,0.646667,0.000147,0.012265
henon,param,3,5,0.01,1.28,1.000e-08,178,0.127547,0.642578,0.009979,-0.004598
henon,param,3,5,0.01,1.28,1.000e-08,179,0.123076,0.642578,0.008151,-0.007208
henon,param,3,5,0.01,1.28,1.000e-08,180,0.122032,0.639282,0.010783,0.000864
henon,param,3,5,0.01,1.28,1.000e-08,181,0.128036,0.642456,0.000709,0.010255
henon,param,3,5,0.01,1.28,1.000e-08,182,0.129240,0.644409,0.010539,0.004048
henon,param,3,5,0.01,1.28,1.000e-08,183,0.130317,0.645630,0.001637,0.008441
henon,param,3,5,0.01,1.28,1.000e-08,184,0.124854,0.637756,0.005321,0.020837
henon,param,3,5,0.01,1.28,1.000e-08,185,0.123635,0.637634,0.010500,0.010053
henon,param,3,5,0.01,1.28,1.000e-08,186,0.122252,0.638916,0.002665,0.008543
henon,param,3,5,0.01,1.28,1.000e-08,187,0.127903,0.641113,0.002950,0.001754
henon,param,3,5,0.01,1.28,1.000e-08,188,0.131435,0.641541,-0.003015,0.004060
henon,param,3,5,0.01,1.28,1.000e-08,189,0.136023,0.645630,0.006354,-0.010259
henon,param,3,5,0.01,1.28,1.000e-08,190,0.136778,0.648315,0.009716,-0.003030
henon,param,3,5,0.01,1.28,1.000e-08,191,0.139116,0.646729,0.002349,0.011289
henon,param,3,5,0.01,1.28,1.000e-08,192,0.130838,0.644531,0.006216,0.005170
henon,param,3,5,0.01,1.28,1.000e-08,193,0.129395,0.643921,0.002334,-0.004909
henon,param,3,5,0.01,1.28,1.000e-08,194,0.126858,0.638367,0.000974,0.008102
henon,param,3,5,0.01,1.28,1.000e-08,195,0.128958,0.643555,-0.000795,0.006632
henon,param,3,5,0.01,1.28,1.000e-08,196,0.132538,0.645447,0.008429,-0.006452
henon,param,3,5,0.01,1.28,1.000e-08,197,0.132709,0.644775,0.005283,-0.001044
henon,param,3,5,0.01,1.28,1.000e-08,198,0.132895,0.641846,0.005147,0.010998
henon,param,3,5,0.01,1.28,1.000e-08,199,0.130353,0.642273,0.004057,-0.000722
henon,param,3,5,0.01,1.28,1.000e-08,200,0.134876,0.647644,-0.006974,0.008354
henon,param,3,5,0.01,1.28,1.000e-08,201,0.129144,0.642090,0.002302,0.005511
henon,param,3,5,0.01,1.28,1.000e-08,202,0.129868,0.643188,0.000150,0.009110
henon,param,3,5,0.01,1.28,1.000e-08,203,0.127455,0.639343,0.006983,0.004225
henon,param,3,5,0.01,1.28,1.000e-08,204,0.129932,0.641724,0.017859,0.005056
henon,param,3,5,0.01,1.28,1.000e-08,205,0.132406,0.644775,0.009979,0.008688
henon,param,3,5,0.01,1.28,1.000e-08,206,0.133951,0.645569,0.002414,-0.001931
henon,param,3,5,0.01,1.28,1.000e-08,207,0.133632,0.647888,0.003795,0.003157
henon,param,3,5,0.01,1.28,1.000e-08,208,0.129850,0.642212,-0.000216,0.010566
henon,param,3,5,0.01,1.28,1.000e-08,209,0.127509,0.642517,-0.001142,0.008361
henon,param,3,5,0.01,1.28,1.000e-08,210,0.125124,0.635559,0.005408,0.002334
henon,param,3,5,0.01,1.28,1.000e-08,211,0.140407,0.645691,-0.000295,-0.014833
henon,param,3,5,0.01,1.28,1.000e-08,212,0.137798,0.650452,0.004849,-0.002446
henon,param,3,5,0.01,1.28,1.000e-08,213,0.129731,0.641235,0.013455,0.011022
henon,param,3,5,0.01,1.28,1.000e-08,214,0.135527,0.646423,0.001447,-0.008408
henon,param,3,5,0.01,1.28,1.000e-08,215,0.132493,0.642883,-0.003016,0.007202
henon,param,3,5,0.01,1.28,1.000e-08,216,0.127406,0.640930,-0.004495,0.011961
henon,param,3,5,0.01,1.28,1.000e-08,217,0.128161,0.647766,0.003513,-0.004504
henon,param,3,5,0.01,1.28,1.000e-08,218,0.127962,0.641418,-0.000843,0.003922
henon,param,3,5,0.01,1.28,1.000e-08,219,0.128600,0.641785,-0.000409,0.005084
henon,param,3,5,0.01,1.28,1.000e-08,220,0.121517,0.635071,0.011741,0.016708
henon,param,3,5,0.01,1.28,1.000e-08,221,0.128237,0.644043,0.009769,0.010019
henon,param,3,5,0.01,1.28,1.000e-08,222,0.131412,0.643982,-0.004412,0.016253
henon,param,3,5,0.01,1.28,1.000e-08,223,0.128892,0.640869,0.006136,0.001433
henon,param,3,5,0.01,1.28,1.000e-08,224,0.128636,0.638794,0.011236,-0.004339
henon,param,3,5,0.01,1.28,1.000e-08,225,0.127790,0.644104,0.009925,0.002307
henon,param,3,5,0.01,1.28,1.000e-08,226,0.132781,0.646301,-0.011333,0.011327
henon,param,3,5,0.01,1.28,1.000e-08,227,0.130786,0.641541,0.007233,0.007708
henon,param,3,5,0.01,1.28,1.000e-08,228,0.134444,0.643494,0.009644,-0.004729
henon,param,3,5,0.01,1.28,1.000e-08,229,0.132879,0.646179,-0.001262,0.012140
henon,param,3,5,0.01,1.28,1.000e-08,230,0.132318,0.643127,-0.006004,0.004155
henon,param,3,5,0.01,1.28,1.000e-08,231,0.134544,0.643982,-0.000162,-0.005753
henon,param,3,5,0.01,1.28,1.000e-08,232,0.129754,0.640320,0.001810,0.016075
henon,param,3,5,0.01,1.28,1.000e-08,233,0.136579,0.645325,-0.006358,0.000356
henon,param,3,5,0.01,1.28,1.000e-08,234,0.137248,0.646851,0.001132,-0.003681
henon,param,3,5,0.01,1.28,1.000e-08,235,0.138899,0.646362,-0.004834,-0.004747
henon,param,3,5,0.01,1.28,1.000e-08,236,0.134984,0.643799,-0.018335,0.018129
henon,param,3,5,0.01,1.28,1.000e-08,237,0.131129,0.643066,-0.002670,0.019910
henon,param,3,5,0.01,1.28,1.000e-08,238,0.133689,0.641907,-0.003469,-0.003588
henon,param,3,5,0.01,1.28,1.000e-08,239,0.132616,0.642273,0.005803,0.000946
henon,param,3,5,0.01,1.28,1.000e-08,240,0.136242,0.646851,-0.004169,0.010431
henon,param,3,5,0.01,1.28,1.000e-08,241,0.139452,0.644897,0.001990,-0.002853
henon,param,3,5,0.01,1.28,1.000e-08,242,0.139031,0.644226,0.014414,-0.012077
henon,param,3,5,0.01,1.28,1.000e-08,243,0.129446,0.640869,0.006076,0.018565
henon,param,3,5,0.01,1.28,1.000e-08,244,0.134404,0.643250,0.003689,0.012943
henon,param,3,5,0.01,1.28,1.000e-08,245,0.132614,0.642212,0.007481,0.000781
henon,param,3,5,0.01,1.28,1.000e-08,246,0.135486,0.644897,-0.002203,-0.002631
henon,param,3,5,0.01,1.28,1.000e-08,247,0.130747,0.639893,-0.007086,0.008800
henon,param,3,5,0.01,1.28,1.000e-08,248,0.135550,0.647339,0.003721,0.000616
henon,param,3,5,0.01,1.28,1.000e-08,249,0.136396,0.646484,-0.004601,0.004853
henon,param,3,5,0.01,1.28,1.000e-08,250,0.126672,0.637817,-0.002223,0.029225
henon,param,3,5,0.01,1.28,1.000e-08,251,0.125831,0.636353,0.001363,0.012318
henon,param,3,5,0.01,1.28,1.000e-08,252,0.127563,0.641785,0.002772,0.011565
henon,param,3,5,0.01,1.28,1.000e-08,253,0.127933,0.644775,0.000858,0.009582
henon,param,3,5,0.01,1.28,1.000e-08,254,0.130933,0.640869,-0.009723,0.007647
henon,param,3,5,0.01,1.28,1.000e-08,255,0.141806,0.647766,0.006476,-0.011124
henon,param,3,5,0.01,1.28,1.000e-08,256,0.141297,0.649109,0.004280,-0.009080
henon,param,3,5,0.01,1.28,1.000e-08,257,0.132952,0.645447,-0.010611,0.010941
henon,param,3,5,0.01,1.28,1.000e-08,258,0.132411,0.639282,0.001826,-0.009309
henon,param,3,5,0.01,1.28,1.000e-08,259,0.133530,0.639648,0.001208,0.009987
henon,param,3,5,0.01,1.28,1.000e-08,260,0.135148,0.645935,0.000235,0.004146
henon,param,3,5,0.01,1.28,1.000e-08,261,0.131807,0.640381,-0.003224,0.004299
henon,param,3,5,0.01,1.28,1.000e-08,262,0.131599,0.638733,0.015250,-0.000060
henon,param,3,5,0.01,1.28,1.000e-08,263,0.132987,0.648071,0.014959,0.001103
henon,param,3,5,0.01,1.28,1.000e-08,264,0.126612,0.637634,0.011143,0.007379
henon,param,3,5,0.01,1.28,1.000e-08,265,0.133524,0.643005,-0.002205,-0.005267
henon,param,3,5,0.01,1.28,1.000e-08,266,0.134583,0.645813,0.004441,0.003577
henon,param,3,5,0.01,1.28,1.000e-08,267,0.129519,0.638855,0.005484,0.008115
henon,param,3,5,0.01,1.28,1.000e-08,268,0.135076,0.642822,-0.000869,-0.002611
henon,param,3,5,0.01,1.28,1.000e-08,269,0.134361,0.645874,0.006897,0.002357
henon,param,3,5,0.01,1.28,1.000e-08,270,0.131295,0.644653,0.013247,0.004162
henon,param,3,5,0.01,1.28,1.000e-08,271,0.127931,0.642029,0.013321,-0.004755
henon,param,3,5,0.01,1.28,1.000e-08,272,0.131762,0.643860,0.006234,-0.007756
henon,param,3,5,0.01,1.28,1.000e-08,273,0.129081,0.640869,0.012569,-0.003346
henon,param,3,5,0.01,1.28,1.000e-08,274,0.127786,0.642761,0.005814,0.004739
henon,param,3,5,0.01,1.28,1.000e-08,275,0.132039,0.641479,0.004319,-0.002909
henon,param,3,5,0.01,1.28,1.000e-08,276,0.134750,0.645142,0.005738,0.006523
henon,param,3,5,0.01,1.28,1.000e-08,277,0.131695,0.646606,0.007082,0.003038
henon,param,3,5,0.01,1.28,1.000e-08,278,0.125809,0.637024,0.001048,-0.004447
henon,param,3,5,0.01,1.28,1.000e-08,279,0.127528,0.641235,0.008660,0.000733
henon,param,3,5,0.01,1.28,1.000e-08,280,0.128337,0.641235,0.007597,0.005666
henon,param,3,5,0.01,1.28,1.000e-08,281,0.132070,0.644470,0.013584,0.001388
henon,param,3,5,0.01,1.28,1.000e-08,282,0.137567,0.648926,0.008507,0.007089
henon,param,3,5,0.01,1.28,1.000e-08,283,0.137014,0.646667,0.015442,-0.006659
henon,param,3,5,0.01,1.28,1.000e-08,284,0.132212,0.640198,0.001952,0.011950
henon,param,3,5,0.01,1.28,1.000e-08,285,0.129638,0.639526,-0.001284,0.006752
henon,param,3,5,0.01,1.28,1.000e-08,286,0.133298,0.642883,0.005031,-0.005382
henon,param,3,5,0.01,1.28,1.000e-08,287,0.131958,0.639893,0.010310,-0.012552
henon,param,3,5,0.01,1.28,1.000e-08,288,0.126984,0.638367,0.009520,0.013770
henon,param,3,5,0.01,1.28,1.000e-08,289,0.130693,0.640198,0.008006,0.020507
henon,param,3,5,0.01,1.28,1.000e-08,290,0.133143,0.640747,0.012059,-0.000358
henon,param,3,5,0.01,1.28,1.000e-08,291,0.128806,0.641785,0.013475,0.010997
henon,param,3,5,0.01,1.28,1.000e-08,292,0.132018,0.644104,-0.003118,0.002007
henon,param,3,5,0.01,1.28,1.000e-08,293,0.130725,0.641296,0.002648,-0.007071
henon,param,3,5,0.01,1.28,1.000e-08,294,0.122848,0.639587,0.021384,0.005151
henon,param,3,5,0.01,1.28,1.000e-08,295,0.126630,0.635254,0.014283,0.005745
henon,param,3,5,0.01,1.28,1.000e-08,296,0.138395,0.646362,0.001647,0.012972
henon,param,3,5,0.01,1.28,1.000e-08,297,0.142031,0.648499,0.003017,-0.008240
henon,param,3,5,0.01,1.28,1.000e-08,298,0.136256,0.649536,0.002205,-0.009593
henon,param,3,5,0.01,1.28,1.000e-08,299,0.131672,0.643921,-0.001548,-0.007041
henon,param,3,5,0.01,1.28,1.000e-08,300,0.128035,0.642883,0.003866,0.002458
henon,param,3,5,0.01,1.28,1.000e-08,301,0.123993,0.638184,0.009871,0.002503
henon,param,3,5,0.01,1.28,1.000e-08,302,0.124178,0.640747,0.016285,0.008103
henon,param,3,5,0.01,1.28,1.000e-08,303,0.135097,0.647522,0.012237,0.006356
henon,param,3,5,0.01,1.28,1.000e-08,304,0.143689,0.649963,-0.006740,-0.006739
henon,param,3,5,0.01,1.28,1.000e-08,305,0.141030,0.646301,-0.008683,0.002712
henon,param,3,5,0.01,1.28,1.000e-08,306,0.136463,0.645630,-0.010789,-0.002312
henon,param,3,5,0.01,1.28,1.000e-08,307,0.133793,0.644348,0.001039,0.008882
henon,param,3,5,0.01,1.28,1.000e-08,308,0.131156,0.640259,0.001322,0.004166
henon,param,3,5,0.01,1.28,1.000e-08,309,0.129886,0.641235,0.001801,0.015265
henon,param,3,5,0.01,1.28,1.000e-08,310,0.130668,0.644897,0.007772,0.006298
henon,param,3,5,0.01,1.28,1.000e-08,311,0.137294,0.650757,-0.006859,-0.004337
henon,param,3,5,0.01,1.28,1.000e-08,312,0.134791,0.646667,-0.016364,0.004620
henon,param,3,5,0.01,1.28,1.000e-08,313,0.135553,0.644226,-0.004124,0.000156
henon,param,3,5,0.01,1.28,1.000e-08,314,0.140988,0.648682,-0.010496,0.000726
henon,param,3,5,0.01,1.28,1.000e-08,315,0.135353,0.643311,-0.001142,-0.004941
henon,param,3,5,0.01,1.28,1.000e-08,316,0.132085,0.639404,0.001167,0.006094
henon,param,3,5,0.01,1.28,1.000e-08,317,0.140279,0.645630,-0.010975,0.005570
henon,param,3,5,0.01,1.28,1.000e-08,318,0.141163,0.653137,-0.003941,0.006457
henon,param,3,5,0.01,1.28,1.000e-08,319,0.139853,0.651306,-0.020673,-0.006977
henon,param,3,5,0.01,1.28,1.000e-08,320,0.137138,0.647827,-0.007951,-0.004189
henon,param,3,5,0.01,1.28,1.000e-08,321,0.139746,0.649902,-0.013116,0.009048
henon,param,3,5,0.01,1.28,1.000e-08,322,0.140949,0.648499,-0.007805,-0.008989
henon,param,3,5,0.01,1.28,1.000e-08,323,0.135540,0.642334,0.014056,0.003648
henon,param,3,5,0.01,1.28,1.000e-08,324,0.140792,0.646179,0.003092,-0.005646
henon,param,3,5,0.01,1.28,1.000e-08,325,0.140309,0.648193,-0.002243,-0.009909
henon,param,3,5,0.01,1.28,1.000e-08,326,0.141489,0.650513,-0.012821,-0.004588
henon,param,3,5,0.01,1.28,1.000e-08,327,0.143817,0.651611,-0.008945,-0.007088
henon,param,3,5,0.01,1.28,1.000e-08,328,0.144873,0.651001,-0.013889,-0.006610
henon,param,3,5,0.01,1.28,1.000e-08,329,0.136280,0.643738,0.000635,0.000329
henon,param,3,5,0.01,1.28,1.000e-08,330,0.134279,0.639893,0.010857,-0.002785
henon,param,3,5,0.01,1.28,1.000e-08,331,0.131415,0.640808,0.021471,0.001728
henon,param,3,5,0.01,1.28,1.000e-08,332,0.141112,0.649353,-0.000131,-0.010002
henon,param,3,5,0.01,1.28,1.000e-08,333,0.138009,0.646362,-0.003420,-0.000118
henon,param,3,5,0.01,1.28,1.000e-08,334,0.143412,0.649963,-0.008430,0.004606
henon,param,3,5,0.01,1.28,1.000e-08,335,0.142833,0.649353,-0.001970,-0.002272
henon,param,3,5,0.01,1.28,1.000e-08,336,0.138896,0.647339,0.001346,0.003981
henon,param,3,5,0.01,1.28,1.000e-08,337,0.136046,0.645142,0.014865,-0.006411
henon,param,3,5,0.01,1.28,1.000e-08,338,0.138512,0.650024,-0.001774,-0.006001
henon,param,3,5,0.01,1.28,1.000e-08,339,0.138984,0.645203,-0.003992,-0.003985
henon,param,3,5,0.01,1.28,1.000e-08,340,0.139884,0.646362,-0.005277,-0.014149
henon,param,3,5,0.01,1.28,1.000e-08,341,0.139087,0.644714,-0.004749,-0.004655
henon,param,3,5,0.01,1.28,1.000e-08,342,0.140808,0.647156,-0.010900,0.009404
henon,param,3,5,0.01,1.28,1.000e-08,343,0.133694,0.640259,0.007520,0.001705
henon,param,3,5,0.01,1.28,1.000e-08,344,0.129297,0.640137,0.010664,0.007854
henon,param,3,5,0.01,1.28,1.000e-08,345,0.130283,0.644714,0.005234,0.019933
henon,param,3,5,0.01,1.28,1.000e-08,346,0.133399,0.645813,0.007250,0.002875
henon,param,3,5,0.01,1.28,1.000e-08,347,0.133330,0.646240,0.002038,-0.009371
henon,param,3,5,0.01,1.28,1.000e-08,348,0.127959,0.641846,-0.004379,0.023396
henon,param,3,5,0.01,1.28,1.000e-08,349,0.127196,0.639893,0.006502,0.009046
henon,param,3,5,0.01,1.28,1.000e-08,350,0.132416,0.644348,0.006504,0.002072
henon,param,3,5,0.01,1.28,1.000e-08,351,0.128809,0.640381,0.013656,-0.001258
henon,param,3,5,0.01,1.28,1.000e-08,352,0.129820,0.642029,0.006628,0.012454
henon,param,3,5,0.01,1.28,1.000e-08,353,0.131668,0.642883,-0.001369,-0.003274
henon,param,3,5,0.01,1.28,1.000e-08,354,0.135129,0.643860,-0.001890,-0.003978
henon,param,3,5,0.01,1.28,1.000e-08,355,0.133427,0.645386,-0.009449,0.001340
henon,param,3,5,0.01,1.28,1.000e-08,356,0.139321,0.649170,-0.008380,-0.002674
henon,param,3,5,0.01,1.28,1.000e-08,357,0.134934,0.645386,-0.008668,0.003382
henon,param,3,5,0.01,1.28,1.000e-08,358,0.129747,0.640198,0.007641,0.005898
henon,param,3,5,0.01,1.28,1.000e-08,359,0.132946,0.645691,-0.000927,0.004360
henon,param,3,5,0.01,1.28,1.000e-08,360,0.133862,0.643250,-0.008418,-0.001660
henon,param,3,5,0.01,1.28,1.000e-08,361,0.130001,0.643921,-0.001749,0.005359
henon,param,3,5,0.01,1.28,1.000e-08,362,0.131073,0.646606,0.007399,0.009138
henon,param,3,5,0.01,1.28,1.000e-08,363,0.136928,0.646606,-0.004976,-0.001223
henon,param,3,5,0.01,1.28,1.000e-08,364,0.134358,0.644165,0.004567,0.000289
henon,param,3,5,0.01,1.28,1.000e-08,365,0.130886,0.641357,0.010863,0.010200
henon,param,3,5,0.01,1.28,1.000e-08,366,0.136718,0.646057,-0.000969,0.001538
henon,param,3,5,0.01,1.28,1.000e-08,367,0.136825,0.644043,0.001984,0.003721
henon,param,3,5,0.01,1.28,1.000e-08,368,0.135748,0.645020,-0.003894,0.003636
henon,param,3,5,0.01,1.28,1.000e-08,369,0.141923,0.652771,-0.006645,-0.005601
henon,param,3,5,0.01,1.28,1.000e-08,370,0.141911,0.650085,0.001739,-0.011336
henon,param,3,5,0.01,1.28,1.000e-08,371,0.135550,0.647766,-0.002657,0.001685
henon,param,3,5,0.01,1.28,1.000e-08,372,0.135293,0.647522,-0.001966,-0.000098
henon,param,3,5,0.01,1.28,1.000e-08,373,0.135205,0.646484,0.010503,-0.003912
henon,param,3,5,0.01,1.28,1.000e-08,374,0.133150,0.637939,-0.001812,-0.001408
henon,param,3,5,0.01,1.28,1.000e-08,375,0.132892,0.647400,0.013497,0.000221
henon,param,3,5,0.01,1.28,1.000e-08,376,0.139516,0.647461,0.002702,-0.011577
henon,param,3,5,0.01,1.28,1.000e-08,377,0.133988,0.647339,0.006032,-0.006580
henon,param,3,5,0.01,1.28,1.000e-08,378,0.133521,0.647522,0.011017,-0.004452
henon,param,3,5,0.01,1.28,1.000e-08,379,0.144165,0.651062,-0.003639,-0.002832
henon,param,3,5,0.01,1.28,1.000e-08,380,0.146307,0.652832,-0.009659,-0.017270
henon,param,3,5,0.01,1.28,1.000e-08,381,0.139220,0.644348,-0.008971,-0.004466
henon,param,3,5,0.01,1.28,1.000e-08,382,0.135865,0.643066,0.001374,0.004203
henon,param,3,5,0.01,1.28,1.000e-08,383,0.142953,0.652039,-0.009049,-0.024068
henon,param,3,5,0.01,1.28,1.000e-08,384,0.137634,0.650146,-0.005514,-0.007105
henon,param,3,5,0.01,1.28,1.000e-08,385,0.140327,0.649231,-0.003783,-0.011741
henon,param,3,5,0.01,1.28,1.000e-08,386,0.141121,0.644531,0.009985,-0.005949
henon,param,3,5,0.01,1.28,1.000e-08,387,0.139489,0.645996,0.005412,-0.010253
henon,param,3,5,0.01,1.28,1.000e-08,388,0.138890,0.639221,0.005939,-0.017235
henon,param,3,5,0.01,1.28,1.000e-08,389,0.139360,0.643005,-0.003781,0.004732
henon,param,3,5,0.01,1.28,1.000e-08,390,0.146186,0.649048,-0.004000,-0.010345
henon,param,3,5,0.01,1.28,1.000e-08,391,0.144522,0.650269,-0.004139,-0.002237
henon,param,3,5,0.01,1.28,1.000e-08,392,0.148902,0.651672,-0.011030,-0.009251
henon,param,3,5,0.01,1.28,1.000e-08,393,0.144452,0.648804,-0.002645,-0.004000
henon,param,3,5,0.01,1.28,1.000e-08,394,0.137857,0.646240,-0.005460,-0.007388
henon,param,3,5,0.01,1.28,1.000e-08,395,0.134927,0.644348,0.002918,-0.002934
henon,param,3,5,0.01,1.28,1.000e-08,396,0.139297,0.649902,-0.006001,0.004169
henon,param,3,5,0.01,1.28,1.000e-08,397,0.144992,0.656067,-0.025003,0.001479
henon,param,3,5,0.01,1.28,1.000e-08,398,0.139890,0.645691,-0.011952,0.005187
henon,param,3,5,0.01,1.28,1.000e-08,399,0.141340,0.647278,-0.009108,-0.003763
henon,param,3,5,0.01,1.28,1.000e-08,400,0.142525,0.651794,-0.011429,-0.007266
henon,param,3,5,0.01,1.28,1.000e-06,1,-14.182203,0.000000,1.000000,1.000000
henon,param,3,5,0.01,1.28,1.000e-06,2,-13.569751,0.000000,1.000000,1.000000
henon,param,3,5,0.01,1.28,1.000e-06,3,-13.034683,0.000000,1.000000,1.000000
henon,param,3,5,0.01,1.28,1.000e-06,4,-12.736770,0.000000,1.000000,1.000000
henon,param,3,5,0.01,1.28,1.000e-06,5,-12.370377,0.000000,1.000000,1.000000
henon,param,3,5,0.01,1.28,1.000e-06,6,-12.024972,0.000000,1.000000,1.000000
henon,param,3,5,0.01,1.28,1.000e-06,7,-11.737197,0.000000,1.000000,1.000000
henon,param,3,5,0.01,1.28,1.000e-06,8,-11.456722,0.000000,1.000000,1.000000
henon,param,3,5,0.01,1.28,1.000e-06,9,-11.115186,0.000000,1.000000,1.000000
henon,param,3,5,0.01,1.28,1.000e-06,10,-10.836664,0.000000,1.000000,1.000000
henon,param,3,5,0.01,1.28,1.000e-06,11,-10.561555,0.000000,1.000000,1.000000
henon,param,3,5,0.01,1.28,1.000e-06,12,-10.261930,0.000000,1.000000,1.000000
henon,param,3,5,0.01,1.28,1.000e-06,13,-9.964027,0.000000,1.000000,1.000000
henon,param,3,5,0.01,1.28,1.000e-06,14,-9.682519,0.000000,1.000000,1.000000
henon,param,3,5,0.01,1.28,1.000e-06,15,-9.395952,0.000000,1.000000,1.000000
henon,param,3,5,0.01,1.28,1.000e-06,16,-9.083680,0.000000,1.000000,1.000000
henon,param,3,5,0.01,1.28,1.000e-06,17,-8.795932,0.000000,0.999999,1.000000
henon,param,3,5,0.01,1.28,1.000e-06,18,-8.524934,0.000000,0.999999,0.999999
henon,param,3,5,0.01,1.28,1.000e-06,19,-8.236123,0.000000,0.999997,0.999998
henon,param,3,5,0.01,1.28,1.000e-06,20,-7.945621,0.000000,0.999993,0.999994
henon,param,3,5,0.01,1.28,1.000e-06,21,-7.665283,0.000000,0.999984,0.999986
henon,param,3,5,0.01,1.28,1.000e-06,22,-7.392268,0.000000,0.999966,0.999969
henon,param,3,5,0.01,1.28,1.000e-06,23,-7.100431,0.000000,0.999919,0.999926
henon,param,3,5,0.01,1.28,1.000e-06,24,-6.819993,0.000000,0.999802,0.999821
henon,param,3,5,0.01,1.28,1.000e-06,25,-6.550293,0.000000,0.999590,0.999588
henon,param,3,5,0.01,1.28,1.000e-06,26,-6.268736,0.000000,0.999005,0.998985
henon,param,3,5,0.01,1.28,1.000e-06,27,-5.986948,0.000061,0.997773,0.997687
henon,param,3,5,0.01,1.28,1.000e-06,28,-5.711620,0.000916,0.995204,0.994730
henon,param,3,5,0.01,1.28,1.000e-06,29,-5.426413,0.003357,0.988866,0.989316
henon,param,3,5,0.01,1.28,1.000e-06,30,-5.148880,0.009949,0.981577,0.978376
henon,param,3,5,0.01,1.28,1.000e-06,31,-4.877900,0.020325,0.966293,0.967078
henon,param,3,5,0.01,1.28,1.000e-06,32,-4.604828,0.033081,0.948286,0.946129
henon,param,3,5,0.01,1.28,1.000e-06,33,-4.347216,0.049438,0.923512,0.927140
henon,param,3,5,0.01,1.28,1.000e-06,34,-4.109268,0.062805,0.911723,0.907410
henon,param,3,5,0.01,1.28,1.000e-06,35,-3.867322,0.076782,0.885698,0.886744
henon,param,3,5,0.01,1.28,1.000e-06,36,-3.642365,0.088379,0.870733,0.866961
henon,param,3,5,0.01,1.28,1.000e-06,37,-3.423164,0.101440,0.844828,0.855338
henon,param,3,5,0.01,1.28,1.000e-06,38,-3.214085,0.116028,0.829034,0.827234
henon,param,3,5,0.01,1.28,1.000e-06,39,-3.006683,0.128296,0.809818,0.799390
henon,param,3,5,0.01,1.28,1.000e-06,40,-2.811966,0.148743,0.779560,0.781429
henon,param,3,5,0.01,1.28,1.000e-06,41,-2.626450,0.166687,0.755567,0.747371
henon,param,3,5,0.01,1.28,1.000e-06,42,-2.447863,0.183472,0.719888,0.730176
henon,param,3,5,0.01,1.28,1.000e-06,43,-2.274097,0.201843,0.701518,0.698947
henon,param,3,5,0.01,1.28,1.000e-06,44,-2.115561,0.218872,0.670875,0.676728
henon,param,3,5,0.01,1.28,1.000e-06,45,-1.967602,0.239319,0.647131,0.642907
henon,param,3,5,0.01,1.28,1.000e-06,46,-1.820750,0.256165,0.621467,0.601304
henon,param,3,5,0.01,1.28,1.000e-06,47,-1.693894,0.272949,0.592207,0.592310
henon,param,3,5,0.01,1.28,1.000e-06,48,-1.564708,0.287476,0.565323,0.562928
henon,param,3,5,0.01,1.28,1.000e-06,49,-1.448641,0.306091,0.538391,0.544172
henon,param,3,5,0.01,1.28,1.000e-06,50,-1.341976,0.322693,0.518439,0.523521
henon,param,3,5,0.01,1.28,1.000e-06,51,-1.233079,0.341431,0.489206,0.479922
henon,param,3,5,0.01,1.28,1.000e-06,52,-1.140132,0.357788,0.470114,0.469572
henon,param,3,5,0.01,1.28,1.000e-06,53,-1.052547,0.367737,0.451218,0.434454
henon,param,3,5,0.01,1.28,1.000e-06,54,-0.972956,0.382507,0.419061,0.418291
henon,param,3,5,0.01,1.28,1.000e-06,55,-0.889955,0.394592,0.399543,0.402892
henon,param,3,5,0.01,1.28,1.000e-06,56,-0.820258,0.402100,0.393850,0.387737
henon,param,3,5,0.01,1.28,1.000e-06,57,-0.746290,0.420837,0.362314,0.360780
henon,param,3,5,0.01,1.28,1.000e-06,58,-0.679007,0.436096,0.338593,0.335169
henon,param,3,5,0.01,1.28,1.000e-06,59,-0.625801,0.443237,0.338350,0.326003
henon,param,3,5,0.01,1.28,1.000e-06,60,-0.568680,0.454895,0.315747,0.292176
henon,param,3,5,0.01,1.28,1.000e-06,61,-0.523471,0.466736,0.289956,0.289960
henon,param,3,5,0.01,1.28,1.000e-06,62,-0.479733,0.470947,0.272506,0.282881
henon,param,3,5,0.01,1.28,1.000e-06,63,-0.438224,0.481018,0.267675,0.267807
henon,param,3,5,0.01,1.28,1.000e-06,64,-0.398340,0.491028,0.258528,0.254701
henon,param,3,5,0.01,1.28,1.000e-06,65,-0.354881,0.499939,0.235379,0.222108
henon,param,3,5,0.01,1.28,1.000e-06,66,-0.325248,0.505249,0.229478,0.229636
henon,param,3,5,0.01,1.28,1.000e-06,67,-0.289343,0.518372,0.216913,0.204312
henon,param,3,5,0.01,1.28,1.000e-06,68,-0.261193,0.525391,0.191544,0.193459
henon,param,3,5,0.01,1.28,1.000e-06,69,-0.230767,0.534424,0.176958,0.178007
henon,param,3,5,0.01,1.28,1.000e-06,70,-0.209697,0.539062,0.179918,0.173241
henon,param,3,5,0.01,1.28,1.000e-06,71,-0.184317,0.548279,0.171526,0.175082
henon,param,3,5,0.01,1.28,1.000e-06,72,-0.165137,0.549377,0.150864,0.154415
henon,param,3,5,0.01,1.28,1.000e-06,73,-0.147508,0.557800,0.145293,0.143867
henon,param,3,5,0.01,1.28,1.000e-06,74,-0.129364,0.561584,0.151445,0.143349
henon,param,3,5,0.01,1.28,1.000e-06,75,-0.112800,0.564331,0.117107,0.130825
henon,param,3,5,0.01,1.28,1.000e-06,76,-0.102472,0.565002,0.109454,0.127650
henon,param,3,5,0.01,1.28,1.000e-06,77,-0.090553,0.571838,0.129916,0.110595
henon,param,3,5,0.01,1.28,1.000e-06,78,-0.069927,0.578674,0.117420,0.117075
henon,param,3,5,0.01,1.28,1.000e-06,79,-0.053140,0.584900,0.093977,0.099136
henon,param,3,5,0.01,1.28,1.000e-06,80,-0.045783,0.583313,0.100000,0.089901
henon,param,3,5,0.01,1.28,1.000e-06,81,-0.040286,0.583496,0.094981,0.098103
henon,param,3,5,0.01,1.28,1.000e-06,82,-0.020626,0.594421,0.072684,0.083876
henon,param,3,5,0.01,1.28,1.000e-06,83,-0.008296,0.599609,0.066660,0.089452
henon,param,3,5,0.01,1.28,1.000e-06,84,-0.000436,0.594971,0.073242,0.066907
henon,param,3,5,0.01,1.28,1.000e-06,85,0.002217,0.599670,0.084522,0.077390
henon,param,3,5,0.01,1.28,1.000e-06,86,0.017265,0.611145,0.062079,0.067922
henon,param,3,5,0.01,1.28,1.000e-06,87,0.023869,0.607117,0.074366,0.056722
henon,param,3,5,0.01,1.28,1.000e-06,88,0.026393,0.603943,0.070581,0.064221
henon,param,3,5,0.01,1.28,1.000e-06,89,0.029885,0.606323,0.056221,0.068521
henon,param,3,5,0.01,1.28,1.000e-06,90,0.042898,0.618164,0.038945,0.058760
henon,param,3,5,0.01,1.28,1.000e-06,91,0.049749,0.612366,0.040931,0.040953
henon,param,3,5,0.01,1.28,1.000e-06,92,0.049467,0.612915,0.069141,0.049261
henon,param,3,5,0.01,1.28,1.000e-06,93,0.057389,0.615723,0.046517,0.044709
henon,param,3,5,0.01,1.28,1.000e-06,94,0.061811,0.616699,0.045914,0.039705
henon,param,3,5,0.01,1.28,1.000e-06,95,0.070613,0.618530,0.050625,0.032597
henon,param,3,5,0.01,1.28,1.000e-06,96,0.071392,0.623474,0.029148,0.046614
henon,param,3,5,0.01,1.28,1.000e-06,97,0.077299,0.624634,0.033696,0.039306
henon,param,3,5,0.01,1.28,1.000e-06,98,0.079085,0.622437,0.013188,0.040428
henon,param,3,5,0.01,1.28,1.000e-06,99,0.074397,0.620239,0.040703,0.049894
henon,param,3,5,0.01,1.28,1.000e-06,100,0.080659,0.630005,0.042197,0.031917
henon,param,3,5,0.01,1.28,1.000e-06,101,0.088026,0.631104,0.029155,0.025865
henon,param,3,5,0.01,1.28,1.000e-06,102,0.085039,0.623291,0.038650,0.027326
henon,param,3,5,0.01,1.28,1.000e-06,103,0.088977,0.625122,0.024736,0.025635
henon,param,3,5,0.01,1.28,1.000e-06,104,0.092643,0.628906,0.036693,0.016455
henon,param,3,5,0.01,1.28,1.000e-06,105,0.100287,0.632935,0.006634,0.022600
henon,param,3,5,0.01,1.28,1.000e-06,106,0.098157,0.626404,0.015975,0.032028
henon,param,3,5,0.01,1.28,1.000e-06,107,0.099730,0.633301,0.032966,0.017205
henon,param,3,5,0.01,1.28,1.000e-06,108,0.100531,0.631958,0.019960,0.029436
henon,param,3,5,0.01,1.28,1.000e-06,109,0.099167,0.631653,0.028246,0.027980
henon,param,3,5,0.01,1.28,1.000e-06,110,0.101236,0.629822,0.023523,0.022562
henon,param,3,5,0.01,1.28,1.000e-06,111,0.104575,0.638855,0.021751,0.013907
henon,param,3,5,0.01,1.28,1.000e-06,112,0.110200,0.636047,0.004148,0.015937
henon,param,3,5,0.01,1.28,1.000e-06,113,0.108755,0.633057,0.009031,0.030228
henon,param,3,5,0.01,1.28,1.000e-06,114,0.108775,0.636108,0.018294,0.022371
henon,param,3,5,0.01,1.28,1.000e-06,115,0.106972,0.634521,0.013871,0.016639
henon,param,3,5,0.01,1.28,1.000e-06,116,0.112967,0.639221,0.014893,0.009064
henon,param,3,5,0.01,1.28,1.000e-06,117,0.111705,0.632446,0.018159,0.021754
henon,param,3,5,0.01,1.28,1.000e-06,118,0.119019,0.640564,0.006216,0.005841
henon,param,3,5,0.01,1.28,1.000e-06,119,0.122378,0.644287,-0.002528,0.008104
henon,param,3,5,0.01,1.28,1.000e-06,120,0.123828,0.639771,-0.006446,0.006366
henon,param,3,5,0.01,1.28,1.000e-06,121,0.122672,0.639282,0.012953,0.004172
henon,param,3,5,0.01,1.28,1.000e-06,122,0.121487,0.637695,0.010476,0.007859
henon,param,3,5,0.01,1.28,1.000e-06,123,0.124326,0.639221,0.010082,0.004238
henon,param,3,5,0.01,1.28,1.000e-06,124,0.123424,0.642151,0.010384,0.011784
henon,param,3,5,0.01,1.28,1.000e-06,125,0.123272,0.637634,0.014215,0.011125
henon,param,3,5,0.01,1.28,1.000e-06,126,0.125102,0.641235,0.015901,0.005537
henon,param,3,5,0.01,1.28,1.000e-06,127,0.127421,0.642639,0.008161,-0.001017
henon,param,3,5,0.01,1.28,1.000e-06,128,0.125633,0.643433,0.010315,0.006206
henon,param,3,5,0.01,1.28,1.000e-06,129,0.125148,0.640564,0.012771,0.000191
henon,param,3,5,0.01,1.28,1.000e-06,130,0.129852,0.645935,0.008687,-0.002932
henon,param,3,5,0.01,1.28,1.000e-06,131,0.125430,0.640381,0.005736,0.007173
henon,param,3,5,0.01,1.28,1.000e-06,132,0.132403,0.646729,0.011747,-0.004152
henon,param,3,5,0.01,1.28,1.000e-06,133,0.134060,0.644775,-0.005255,-0.004454
henon,param,3,5,0.01,1.28,1.000e-06,134,0.135731,0.645813,-0.000280,0.002184
henon,param,3,5,0.01,1.28,1.000e-06,135,0.131545,0.643005,0.012967,-0.007797
henon,param,3,5,0.01,1.28,1.000e-06,136,0.129761,0.641663,-0.000569,-0.007604
henon,param,3,5,0.01,1.28,1.000e-06,137,0.130581,0.645142,0.001847,-0.005458
henon,param,3,5,0.01,1.28,1.000e-06,138,0.126686,0.639038,0.017575,0.006979
henon,param,3,5,0.01,1.28,1.000e-06,139,0.134420,0.647278,0.000942,0.001775
henon,param,3,5,0.01,1.28,1.000e-06,140,0.134857,0.646912,-0.002238,0.003382
henon,param,3,5,0.01,1.28,1.000e-06,141,0.131819,0.645020,0.001858,0.006850
henon,param,3,5,0.01,1.28,1.000e-06,142,0.129002,0.643188,0.006861,0.006915
henon,param,3,5,0.01,1.28,1.000e-06,143,0.126502,0.640076,0.000249,0.000343
henon,param,3,5,0.01,1.28,1.000e-06,144,0.125819,0.639404,0.009573,0.010270
henon,param,3,5,0.01,1.28,1.000e-06,145,0.127434,0.642029,0.006549,0.014505
henon,param,3,5,0.01,1.28,1.000e-06,146,0.129844,0.644592,0.009589,-0.000393
henon,param,3,5,0.01,1.28,1.000e-06,147,0.133158,0.643799,0.004117,-0.004248
henon,param,3,5,0.01,1.28,1.000e-06,148,0.134456,0.643555,-0.004315,0.011162
henon,param,3,5,0.01,1.28,1.000e-06,149,0.133513,0.645081,-0.000883,0.009592
henon,param,3,5,0.01,1.28,1.000e-06,150,0.135298,0.642700,-0.004497,-0.011679
henon,param,3,5,0.01,1.28,1.000e-06,151,0.128965,0.638489,-0.008562,0.011831
henon,param,3,5,0.01,1.28,1.000e-06,152,0.132508,0.645325,-0.002572,0.010940
henon,param,3,5,0.01,1.28,1.000e-06,153,0.128166,0.642273,0.007618,-0.005688
henon,param,3,5,0.01,1.28,1.000e-06,154,0.127004,0.645142,0.001759,0.000960
henon,param,3,5,0.01,1.28,1.000e-06,155,0.128355,0.639832,-0.010660,0.019269
henon,param,3,5,0.01,1.28,1.000e-06,156,0.134495,0.647156,0.004232,0.003660
henon,param,3,5,0.01,1.28,1.000e-06,157,0.132198,0.643005,0.005537,-0.006275
henon,param,3,5,0.01,1.28,1.000e-06,158,0.128027,0.643372,0.007255,-0.002682
henon,param,3,5,0.01,1.28,1.000e-06,159,0.130060,0.645386,0.012167,-0.005232
henon,param,3,5,0.01,1.28,1.000e-06,160,0.128297,0.639893,0.011458,-0.003265
henon,param,3,5,0.01,1.28,1.000e-06,161,0.127906,0.645264,0.007062,0.016980
henon,param,3,5,0.01,1.28,1.000e-06,162,0.132809,0.644043,-0.014794,0.014061
henon,param,3,5,0.01,1.28,1.000e-06,163,0.133202,0.643127,0.008291,0.002147
henon,param,3,5,0.01,1.28,1.000e-06,164,0.134511,0.645203,0.006312,-0.001930
henon,param,3,5,0.01,1.28,1.000e-06,165,0.130258,0.642578,0.002641,0.004394
henon,param,3,5,0.01,1.28,1.000e-06,166,0.134555,0.642700,-0.002440,-0.006477
henon,param,3,5,0.01,1.28,1.000e-06,167,0.133748,0.644287,0.003659,0.003466
henon,param,3,5,0.01,1.28,1.000e-06,168,0.143753,0.650146,-0.002697,-0.002204
henon,param,3,5,0.01,1.28,1.000e-06,169,0.143186,0.647644,-0.028190,0.007525
henon,param,3,5,0.01,1.28,1.000e-06,170,0.144373,0.652039,-0.010525,0.003848
henon,param,3,5,0.01,1.28,1.000e-06,171,0.148810,0.651855,-0.014938,-0.017181
henon,param,3,5,0.01,1.28,1.000e-06,172,0.144836,0.651306,-0.010702,-0.008952
henon,param,3,5,0.01,1.28,1.000e-06,173,0.140888,0.645935,-0.014390,-0.005723
henon,param,3,5,0.01,1.28,1.000e-06,174,0.142800,0.651184,0.006956,-0.009315
henon,param,3,5,0.01,1.28,1.000e-06,175,0.142438,0.649353,0.006448,-0.008569
henon,param,3,5,0.01,1.28,1.000e-06,176,0.140226,0.646362,0.008863,-0.011361
henon,param,3,5,0.01,1.28,1.000e-06,177,0.148871,0.650940,-0.007611,-0.005273
henon,param,3,5,0.01,1.28,1.000e-06,178,0.145231,0.649536,-0.011360,-0.012149
henon,param,3,5,0.01,1.28,1.000e-06,179,0.138030,0.646301,0.001441,0.012824
henon,param,3,5,0.01,1.28,1.000e-06,180,0.141474,0.647522,-0.013689,0.002416
henon,param,3,5,0.01,1.28,1.000e-06,181,0.142003,0.647766,0.006027,-0.008996
henon,param,3,5,0.01,1.28,1.000e-06,182,0.144847,0.650818,-0.001366,-0.011286
henon,param,3,5,0.01,1.28,1.000e-06,183,0.145224,0.645447,-0.009263,-0.013972
henon,param,3,5,0.01,1.28,1.000e-06,184,0.146603,0.650208,0.008061,-0.013800
henon,param,3,5,0.01,1.28,1.000e-06,185,0.147920,0.654236,-0.005968,-0.014165
henon,param,3,5,0.01,1.28,1.000e-06,186,0.140380,0.645508,-0.007971,-0.006712
henon,param,3,5,0.01,1.28,1.000e-06,187,0.143018,0.647278,-0.006274,-0.009816
henon,param,3,5,0.01,1.28,1.000e-06,188,0.141308,0.646484,0.008578,-0.005130
henon,param,3,5,0.01,1.28,1.000e-06,189,0.141831,0.648621,0.009869,-0.011845
henon,param,3,5,0.01,1.28,1.000e-06,190,0.143828,0.647766,-0.010118,-0.017610
henon,param,3,5,0.01,1.28,1.000e-06,191,0.147164,0.653259,-0.000692,-0.011185
henon,param,3,5,0.01,1.28,1.000e-06,192,0.144196,0.650330,-0.001161,-0.011839
henon,param,3,5,0.01,1.28,1.000e-06,193,0.140620,0.647156,-0.000192,-0.002778
henon,param,3,5,0.01,1.28,1.000e-06,194,0.139294,0.644775,-0.012638,-0.014504
henon,param,3,5,0.01,1.28,1.000e-06,195,0.139441,0.643311,-0.005942,-0.007388
henon,param,3,5,0.01,1.28,1.000e-06,196,0.136786,0.645935,0.007844,-0.006589
henon,param,3,5,0.01,1.28,1.000e-06,197,0.139953,0.646912,-0.006423,-0.007920
henon,param,3,5,0.01,1.28,1.000e-06,198,0.139166,0.648926,0.005797,0.000968
henon,param,3,5,0.01,1.28,1.000e-06,199,0.140619,0.648254,0.004091,-0.016972
henon,param,3,5,0.01,1.28,1.000e-06,200,0.137622,0.649414,0.007105,-0.002636
henon,param,3,5,0.01,1.28,1.000e-06,201,0.140968,0.651917,-0.008509,-0.012204
henon,param,3,5,0.01,1.28,1.000e-06,202,0.144055,0.650940,-0.004665,-0.008103
henon,param,3,5,0.01,1.28,1.000e-06,203,0.139328,0.644592,0.007935,-0.008780
henon,param,3,5,0.01,1.28,1.000e-06,204,0.139276,0.644897,-0.000516,-0.001358
henon,param,3,5,0.01,1.28,1.000e-06,205,0.137244,0.644653,0.004786,-0.006053
henon,param,3,5,0.01,1.28,1.000e-06,206,0.136026,0.646729,0.006335,-0.007540
henon,param,3,5,0.01,1.28,1.000e-06,207,0.134881,0.642944,0.000171,0.011741
henon,param,3,5,0.01,1.28,1.000e-06,208,0.142230,0.650146,-0.007820,0.002822
henon,param,3,5,0.01,1.28,1.000e-06,209,0.138201,0.651978,-0.002252,-0.005062
henon,param,3,5,0.01,1.28,1.000e-06,210,0.135336,0.641968,-0.002524,0.001472
henon,param,3,5,0.01,1.28,1.000e-06,211,0.136216,0.644470,-0.008132,-0.002605
henon,param,3,5,0.01,1.28,1.000e-06,212,0.140126,0.651062,0.009029,-0.008735
henon,param,3,5,0.01,1.28,1.000e-06,213,0.138194,0.646179,-0.005009,0.003162
henon,param,3,5,0.01,1.28,1.000e-06,214,0.140181,0.648071,-0.007673,0.003504
henon,param,3,5,0.01,1.28,1.000e-06,215,0.149334,0.653625,-0.002691,-0.013168
henon,param,3,5,0.01,1.28,1.000e-06,216,0.141430,0.646545,0.000555,-0.006337
henon,param,3,5,0.01,1.28,1.000e-06,217,0.137855,0.647583,-0.006526,-0.002470
henon,param,3,5,0.01,1.28,1.000e-06,218,0.135547,0.643738,-0.014756,-0.006670
henon,param,3,5,0.01,1.28,1.000e-06,219,0.135689,0.647583,-0.004657,-0.003599
henon,param,3,5,0.01,1.28,1.000e-06,220,0.134226,0.645996,0.009383,-0.001268
henon,param,3,5,0.01,1.28,1.000e-06,221,0.137209,0.647461,0.008228,-0.003528
henon,param,3,5,0.01,1.28,1.000e-06,222,0.142065,0.647217,-0.002421,-0.006144
henon,param,3,5,0.01,1.28,1.000e-06,223,0.134782,0.643250,0.004753,0.003571
henon,param,3,5,0.01,1.28,1.000e-06,224,0.137405,0.646240,-0.001522,-0.000882
henon,param,3,5,0.01,1.28,1.000e-06,225,0.136676,0.643799,-0.011958,-0.004875
henon,param,3,5,0.01,1.28,1.000e-06,226,0.137867,0.644470,-0.003615,-0.001636
henon,param,3,5,0.01,1.28,1.000e-06,227,0.131990,0.645874,0.006845,0.000338
henon,param,3,5,0.01,1.28,1.000e-06,228,0.135787,0.645569,-0.001603,-0.002210
henon,param,3,5,0.01,1.28,1.000e-06,229,0.136102,0.645264,-0.000014,-0.011937
henon,param,3,5,0.01,1.28,1.000e-06,230,0.134434,0.646606,0.013430,-0.002011
henon,param,3,5,0.01,1.28,1.000e-06,231,0.136500,0.649719,-0.001595,0.000584
henon,param,3,5,0.01,1.28,1.000e-06,232,0.131597,0.640320,-0.016711,0.012760
henon,param,3,5,0.01,1.28,1.000e-06,233,0.130704,0.644348,0.010486,0.009172
henon,param,3,5,0.01,1.28,1.000e-06,234,0.134017,0.643433,0.000009,-0.004214
henon,param,3,5,0.01,1.28,1.000e-06,235,0.137624,0.647339,0.010714,-0.001426
henon,param,3,5,0.01,1.28,1.000e-06,236,0.139926,0.648865,-0.000126,-0.009675
henon,param,3,5,0.01,1.28,1.000e-06,237,0.134241,0.647095,0.000767,-0.001159
henon,param,3,5,0.01,1.28,1.000e-06,238,0.133648,0.645996,0.010183,0.005225
henon,param,3,5,0.01,1.28,1.000e-06,239,0.138085,0.646423,-0.012408,-0.001955
henon,param,3,5,0.01,1.28,1.000e-06,240,0.133860,0.643738,-0.005335,0.003206
henon,param,3,5,0.01,1.28,1.000e-06,241,0.133188,0.644104,0.000974,0.004837
henon,param,3,5,0.01,1.28,1.000e-06,242,0.140972,0.649658,-0.002497,-0.003363
henon,param,3,5,0.01,1.28,1.000e-06,243,0.137956,0.650513,-0.001393,-0.003378
henon,param,3,5,0.01,1.28,1.000e-06,244,0.138455,0.649719,-0.005532,0.001801
henon,param,3,5,0.01,1.28,1.000e-06,245,0.135831,0.644592,-0.000234,0.006761
henon,param,3,5,0.01,1.28,1.000e-06,246,0.134543,0.642822,-0.002781,-0.000864
henon,param,3,5,0.01,1.28,1.000e-06,247,0.129511,0.641907,0.000533,0.011498
henon,param,3,5,0.01,1.28,1.000e-06,248,0.132547,0.645081,-0.001919,0.000013
henon,param,3,5,0.01,1.28,1.000e-06,249,0.128753,0.643616,0.003124,0.010899
henon,param,3,5,0.01,1.28,1.000e-06,250,0.126298,0.641602,0.001510,0.016542
henon,param,3,5,0.01,1.28,1.000e-06,251,0.127741,0.637390,0.001230,0.009566
henon,param,3,5,0.01,1.28,1.000e-06,252,0.132328,0.645142,0.011285,0.005379
henon,param,3,5,0.01,1.28,1.000e-06,253,0.136592,0.644226,0.007862,-0.010951
henon,param,3,5,0.01,1.28,1.000e-06,254,0.135587,0.643311,0.007514,-0.007032
henon,param,3,5,0.01,1.28,1.000e-06,255,0.135148,0.643921,0.009371,-0.006603
henon,param,3,5,0.01,1.28,1.000e-06,256,0.135773,0.648804,0.006373,0.001272
henon,param,3,5,0.01,1.28,1.000e-06,257,0.131665,0.642456,-0.000328,0.012882
henon,param,3,5,0.01,1.28,1.000e-06,258,0.132727,0.643066,0.004448,0.002065
henon,param,3,5,0.01,1.28,1.000e-06,259,0.132649,0.642029,0.007538,0.004645
henon,param,3,5,0.01,1.28,1.000e-06,260,0.134982,0.642761,0.002625,-0.001662
henon,param,3,5,0.01,1.28,1.000e-06,261,0.133734,0.640808,0.001910,0.003450
henon,param,3,5,0.01,1.28,1.000e-06,262,0.139161,0.648254,0.000228,-0.010013
henon,param,3,5,0.01,1.28,1.000e-06,263,0.140163,0.646851,0.001957,-0.004411
henon,param,3,5,0.01,1.28,1.000e-06,264,0.134667,0.643066,0.003126,0.000579
henon,param,3,5,0.01,1.28,1.000e-06,265,0.134085,0.645935,0.011132,0.003309
henon,param,3,5,0.01,1.28,1.000e-06,266,0.138638,0.647949,-0.004117,0.000623
henon,param,3,5,0.01,1.28,1.000e-06,267,0.130164,0.638000,0.006153,-0.006217
henon,param,3,5,0.01,1.28,1.000e-06,268,0.126551,0.636963,-0.003872,0.018939
henon,param,3,5,0.01,1.28,1.000e-06,269,0.130580,0.645813,0.003618,0.008029
henon,param,3,5,0.01,1.28,1.000e-06,270,0.140427,0.649658,-0.020389,-0.014748
henon,param,3,5,0.01,1.28,1.000e-06,271,0.134145,0.646790,0.000567,0.001157
henon,param,3,5,0.01,1.28,1.000e-06,272,0.132750,0.642212,0.005881,0.004440
henon,param,3,5,0.01,1.28,1.000e-06,273,0.129980,0.640808,0.019192,-0.003580
henon,param,3,5,0.01,1.28,1.000e-06,274,0.128967,0.640808,0.016689,-0.009607
henon,param,3,5,0.01,1.28,1.000e-06,275,0.131964,0.642334,0.003844,-0.002375
henon,param,3,5,0.01,1.28,1.000e-06,276,0.133161,0.644836,0.005397,0.002994
henon,param,3,5,0.01,1.28,1.000e-06,277,0.140935,0.646667,0.000100,-0.024994
henon,param,3,5,0.01,1.28,1.000e-06,278,0.132852,0.643433,0.001569,0.017892
henon,param,3,5,0.01,1.28,1.000e-06,279,0.132020,0.644409,0.007761,0.004616
henon,param,3,5,0.01,1.28,1.000e-06,280,0.133411,0.643738,0.000662,-0.011797
henon,param,3,5,0.01,1.28,1.000e-06,281,0.126918,0.640991,0.001065,0.003906
henon,param,3,5,0.01,1.28,1.000e-06,282,0.127736,0.639954,0.000088,0.012206
henon,param,3,5,0.01,1.28,1.000e-06,283,0.132810,0.645508,-0.005739,0.015160
henon,param,3,5,0.01,1.28,1.000e-06,284,0.140218,0.647583,-0.014606,-0.005905
henon,param,3,5,0.01,1.28,1.000e-06,285,0.133093,0.643372,0.005895,0.014982
henon,param,3,5,0.01,1.28,1.000e-06,286,0.136348,0.647583,0.009332,-0.005990
henon,param,3,5,0.01,1.28,1.000e-06,287,0.142741,0.650574,-0.004522,-0.017253
henon,param,3,5,0.01,1.28,1.000e-06,288,0.137622,0.646545,-0.000995,-0.013819
henon,param,3,5,0.01,1.28,1.000e-06,289,0.139719,0.649353,-0.009161,-0.006201
henon,param,3,5,0.01,1.28,1.000e-06,290,0.132677,0.642151,-0.000365,0.012987
henon,param,3,5,0.01,1.28,1.000e-06,291,0.137146,0.643311,0.005014,-0.008515
henon,param,3,5,0.01,1.28,1.000e-06,292,0.133671,0.645569,-0.001436,0.024276
henon,param,3,5,0.01,1.28,1.000e-06,293,0.129280,0.638916,0.012245,0.015085
henon,param,3,5,0.01,1.28,1.000e-06,294,0.138032,0.648682,-0.001716,-0.005273
henon,param,3,5,0.01,1.28,1.000e-06,295,0.144027,0.647766,-0.009446,-0.008904
henon,param,3,5,0.01,1.28,1.000e-06,296,0.142656,0.650330,-0.002521,-0.005560
henon,param,3,5,0.01,1.28,1.000e-06,297,0.139038,0.647827,-0.008089,0.003048
henon,param,3,5,0.01,1.28,1.000e-06,298,0.140278,0.645325,-0.002705,-0.007078
henon,param,3,5,0.01,1.28,1.000e-06,299,0.132025,0.642029,0.007231,0.021576
henon,param,3,5,0.01,1.28,1.000e-06,300,0.135520,0.646973,-0.011556,0.017866
henon,param,3,5,0.01,1.28,1.000e-06,301,0.138024,0.640991,-0.006809,-0.002616
henon,param,3,5,0.01,1.28,1.000e-06,302,0.134235,0.642090,-0.001996,0.012347
henon,param,3,5,0.01,1.28,1.000e-06,303,0.138897,0.645020,0.005344,-0.003290
henon,param,3,5,0.01,1.28,1.000e-06,304,0.138428,0.647766,0.003728,-0.005001
henon,param,3,5,0.01,1.28,1.000e-06,305,0.136616,0.645996,0.005590,0.003652
henon,param,3,5,0.01,1.28,1.000e-06,306,0.137787,0.646057,0.000749,0.001301
henon,param,3,5,0.01,1.28,1.000e-06,307,0.137791,0.646179,-0.004783,0.001193
henon,param,3,5,0.01,1.28,1.000e-06,308,0.137720,0.641174,-0.013401,-0.015762
henon,param,3,5,0.01,1.28,1.000e-06,309,0.132459,0.643860,0.007981,0.008375
henon,param,3,5,0.01,1.28,1.000e-06,310,0.138724,0.646973,0.002746,-0.009659
henon,param,3,5,0.01,1.28,1.000e-06,311,0.141549,0.644836,-0.010298,-0.004400
henon,param,3,5,0.01,1.28,1.000e-06,312,0.134799,0.639038,0.008064,0.008039
henon,param,3,5,0.01,1.28,1.000e-06,313,0.143893,0.651245,0.008349,-0.009775
henon,param,3,5,0.01,1.28,1.000e-06,314,0.140173,0.647034,-0.022331,0.002593
henon,param,3,5,0.01,1.28,1.000e-06,315,0.140957,0.646362,-0.009482,-0.006876
henon,param,3,5,0.01,1.28,1.000e-06,316,0.133182,0.642090,-0.002958,0.004135
henon,param,3,5,0.01,1.28,1.000e-06,317,0.139854,0.646240,0.001277,-0.012921
henon,param,3,5,0.01,1.28,1.000e-06,318,0.135772,0.648071,0.015018,-0.003856
henon,param,3,5,0.01,1.28,1.000e-06,319,0.136774,0.644348,-0.006306,0.004922
henon,param,3,5,0.01,1.28,1.000e-06,320,0.140864,0.647705,0.013056,-0.007545
henon,param,3,5,0.01,1.28,1.000e-06,321,0.142494,0.649719,0.007471,-0.004758
henon,param,3,5,0.01,1.28,1.000e-06,322,0.142957,0.646240,-0.015473,0.002926
henon,param,3,5,0.01,1.28,1.000e-06,323,0.139064,0.645386,-0.010153,0.002696
henon,param,3,5,0.01,1.28,1.000e-06,324,0.140046,0.649048,0.001287,-0.003363
henon,param,3,5,0.01,1.28,1.000e-06,325,0.136897,0.646057,-0.001152,-0.009176
henon,param,3,5,0.01,1.28,1.000e-06,326,0.131420,0.644897,-0.004127,-0.001539
henon,param,3,5,0.01,1.28,1.000e-06,327,0.136143,0.644043,0.011359,-0.005426
henon,param,3,5,0.01,1.28,1.000e-06,328,0.140936,0.651001,0.002970,-0.010481
henon,param,3,5,0.01,1.28,1.000e-06,329,0.142085,0.648376,-0.013092,0.004380
henon,param,3,5,0.01,1.28,1.000e-06,330,0.134202,0.645935,-0.000616,0.006603
henon,param,3,5,0.01,1.28,1.000e-06,331,0.132557,0.642822,-0.002587,0.002313
henon,param,3,5,0.01,1.28,1.000e-06,332,0.127886,0.637939,0.001554,0.013417
henon,param,3,5,0.01,1.28,1.000e-06,333,0.130529,0.642395,0.000192,-0.004456
henon,param,3,5,0.01,1.28,1.000e-06,334,0.134180,0.643555,0.001883,-0.007527
henon,param,3,5,0.01,1.28,1.000e-06,335,0.130759,0.643555,0.004145,0.011559
henon,param,3,5,0.01,1.28,1.000e-06,336,0.133371,0.641357,0.002290,0.019467
henon,param,3,5,0.01,1.28,1.000e-06,337,0.135975,0.645325,0.000768,-0.007634
henon,param,3,5,0.01,1.28,1.000e-06,338,0.137270,0.648254,0.012071,-0.001653
henon,param,3,5,0.01,1.28,1.000e-06,339,0.133330,0.642639,-0.003053,-0.003000
henon,param,3,5,0.01,1.28,1.000e-06,340,0.130785,0.641418,0.002459,0.003154
henon,param,3,5,0.01,1.28,1.000e-06,341,0.132326,0.641357,-0.000043,0.005743
henon,param,3,5,0.01,1.28,1.000e-06,342,0.139404,0.648193,-0.007033,0.012851
henon,param,3,5,0.01,1.28,1.000e-06,343,0.140290,0.646851,-0.017766,0.012061
henon,param,3,5,0.01,1.28,1.000e-06,344,0.141959,0.653931,-0.001884,0.003199
henon,param,3,5,0.01,1.28,1.000e-06,345,0.139244,0.646179,-0.000629,-0.006890
henon,param,3,5,0.01,1.28,1.000e-06,346,0.129052,0.637695,-0.005145,0.009987
henon,param,3,5,0.01,1.28,1.000e-06,347,0.126018,0.636169,0.006441,0.019965
henon,param,3,5,0.01,1.28,1.000e-06,348,0.130296,0.641418,-0.000973,0.016155
henon,param,3,5,0.01,1.28,1.000e-06,349,0.133837,0.643738,-0.005154,0.014920
henon,param,3,5,0.01,1.28,1.000e-06,350,0.137674,0.647583,0.002251,0.010560
henon,param,3,5,0.01,1.28,1.000e-06,351,0.132889,0.645935,0.006424,0.013487
henon,param,3,5,0.01,1.28,1.000e-06,352,0.133459,0.647400,0.007788,-0.012468
henon,param,3,5,0.01,1.28,1.000e-06,353,0.132957,0.645569,-0.017398,0.003637
henon,param,3,5,0.01,1.28,1.000e-06,354,0.129429,0.637756,-0.006527,0.000400
henon,param,3,5,0.01,1.28,1.000e-06,355,0.124782,0.640564,0.008143,0.002086
henon,param,3,5,0.01,1.28,1.000e-06,356,0.129397,0.639526,0.003909,0.016927
henon,param,3,5,0.01,1.28,1.000e-06,357,0.138824,0.652405,-0.002230,0.013931
henon,param,3,5,0.01,1.28,1.000e-06,358,0.138178,0.646545,0.006803,-0.002491
henon,param,3,5,0.01,1.28,1.000e-06,359,0.135993,0.644653,0.004973,-0.015763
henon,param,3,5,0.01,1.28,1.000e-06,360,0.138559,0.647705,-0.005662,-0.008854
henon,param,3,5,0.01,1.28,1.000e-06,361,0.138409,0.645325,-0.020049,0.002930
henon,param,3,5,0.01,1.28,1.000e-06,362,0.128480,0.642090,0.000438,0.006846
henon,param,3,5,0.01,1.28,1.000e-06,363,0.124069,0.631836,0.017600,0.006245
henon,param,3,5,0.01,1.28,1.000e-06,364,0.134879,0.644958,0.009703,0.020741
henon,param,3,5,0.01,1.28,1.000e-06,365,0.137243,0.647888,-0.000076,0.006603
henon,param,3,5,0.01,1.28,1.000e-06,366,0.132771,0.640381,0.004178,-0.004651
henon,param,3,5,0.01,1.28,1.000e-06,367,0.128834,0.641357,-0.005560,0.001148
henon,param,3,5,0.01,1.28,1.000e-06,368,0.131650,0.647461,0.011661,-0.004803
henon,param,3,5,0.01,1.28,1.000e-06,369,0.127297,0.643982,0.010585,0.002637
henon,param,3,5,0.01,1.28,1.000e-06,370,0.124917,0.636475,0.016762,0.005336
henon,param,3,5,0.01,1.28,1.000e-06,371,0.129479,0.639404,0.002566,0.013850
henon,param,3,5,0.01,1.28,1.000e-06,372,0.125886,0.638000,0.008092,0.010435
henon,param,3,5,0.01,1.28,1.000e-06,373,0.130811,0.643433,0.011492,-0.009126
henon,param,3,5,0.01,1.28,1.000e-06,374,0.129191,0.644348,0.002905,-0.003895
henon,param,3,5,0.01,1.28,1.000e-06,375,0.131889,0.644592,0.001521,-0.007906
henon,param,3,5,0.01,1.28,1.000e-06,376,0.125690,0.641113,0.006186,0.011584
henon,param,3,5,0.01,1.28,1.000e-06,377,0.128371,0.637756,0.006428,0.001066
henon,param,3,5,0.01,1.28,1.000e-06,378,0.134308,0.647766,0.000120,0.007516
henon,param,3,5,0.01,1.28,1.000e-06,379,0.132700,0.641968,0.004732,0.002298
henon,param,3,5,0.01,1.28,1.000e-06,380,0.130146,0.643860,0.007816,-0.001432
henon,param,3,5,0.01,1.28,1.000e-06,381,0.132940,0.646179,0.002635,0.000757
henon,param,3,5,0.01,1.28,1.000e-06,382,0.133541,0.642822,-0.002070,-0.013054
henon,param,3,5,0.01,1.28,1.000e-06,383,0.122700,0.639526,0.027036,0.007288
henon,param,3,5,0.01,1.28,1.000e-06,384,0.128360,0.639221,0.007152,0.003124
henon,param,3,5,0.01,1.28,1.000e-06,385,0.133082,0.644287,0.001866,0.013352
henon,param,3,5,0.01,1.28,1.000e-06,386,0.130664,0.641602,0.010376,0.009234
henon,param,3,5,0.01,1.28,1.000e-06,387,0.133775,0.643982,0.006136,-0.000892
henon,param,3,5,0.01,1.28,1.000e-06,388,0.132066,0.644531,0.005141,0.000932
henon,param,3,5,0.01,1.28,1.000e-06,389,0.138640,0.649414,-0.004810,-0.012560
henon,param,3,5,0.01,1.28,1.000e-06,390,0.134674,0.645203,0.001641,0.006738
henon,param,3,5,0.01,1.28,1.000e-06,391,0.131656,0.639832,0.001633,0.006754
henon,param,3,5,0.01,1.28,1.000e-06,392,0.134037,0.641357,-0.008980,0.015486
henon,param,3,5,0.01,1.28,1.000e-06,393,0.134339,0.645081,-0.001454,0.006710
henon,param,3,5,0.01,1.28,1.000e-06,394,0.135765,0.648071,0.003625,0.004044
henon,param,3,5,0.01,1.28,1.000e-06,395,0.132772,0.642700,-0.006052,0.011633
henon,param,3,5,0.01,1.28,1.000e-06,396,0.135694,0.645508,0.002621,-0.004608
henon,param,3,5,0.01,1.28,1.000e-06,397,0.126720,0.641357,0.002573,0.002305
henon,param,3,5,0.01,1.28,1.000e-06,398,0.125840,0.638977,0.000198,0.009704
henon,param,3,5,0.01,1.28,1.000e-06,399,0.130600,0.645386,-0.000071,0.000999
henon,param,3,5,0.01,1.28,1.000e-06,400,0.133419,0.650513,0.009797,-0.000160
henon,param,3,5,0.01,1.28,1.000e-04,1,-9.577033,0.000000,1.000000,1.000000
henon,param,3,5,0.01,1.28,1.000e-04,2,-8.964638,0.000000,1.000000,1.000000
henon,param,3,5,0.01,1.28,1.000e-04,3,-8.429657,0.000000,1.000000,1.000000
henon,param,3,5,0.01,1.28,1.000e-04,4,-8.131846,0.000000,1.000000,1.000000
henon,param,3,5,0.01,1.28,1.000e-04,5,-7.765533,0.000000,1.000000,1.000000
henon,param,3,5,0.01,1.28,1.000e-04,6,-7.420207,0.000000,1.000000,1.000000
henon,param,3,5,0.01,1.28,1.000e-04,7,-7.132518,0.000000,0.999999,0.999999
henon,param,3,5,0.01,1.28,1.000e-04,8,-6.852257,0.000000,0.999998,0.999998
henon,param,3,5,0.01,1.28,1.000e-04,9,-6.510876,0.000000,0.999994,0.999994
henon,param,3,5,0.01,1.28,1.000e-04,10,-6.232475,0.000000,0.999987,0.999987
henon,param,3,5,0.01,1.28,1.000e-04,11,-5.957841,0.000000,0.999971,0.999971
henon,param,3,5,0.01,1.28,1.000e-04,12,-5.658448,0.000000,0.999929,0.999929
henon,param,3,5,0.01,1.28,1.000e-04,13,-5.360382,0.000000,0.999839,0.999838
henon,param,3,5,0.01,1.28,1.000e-04,14,-5.078751,0.000000,0.999617,0.999619
henon,param,3,5,0.01,1.28,1.000e-04,15,-4.792608,0.000000,0.999080,0.999160
henon,param,3,5,0.01,1.28,1.000e-04,16,-4.481633,0.000000,0.997931,0.998003
henon,param,3,5,0.01,1.28,1.000e-04,17,-4.194683,0.000122,0.995120,0.995470
henon,param,3,5,0.01,1.28,1.000e-04,18,-3.924143,0.001038,0.989434,0.990042
henon,param,3,5,0.01,1.28,1.000e-04,19,-3.638051,0.005310,0.977751,0.977514
henon,param,3,5,0.01,1.28,1.000e-04,20,-3.356389,0.023071,0.955048,0.955451
henon,param,3,5,0.01,1.28,1.000e-04,21,-3.090958,0.050598,0.919042,0.921610
henon,param,3,5,0.01,1.28,1.000e-04,22,-2.845580,0.081421,0.878773,0.880430
henon,param,3,5,0.01,1.28,1.000e-04,23,-2.603595,0.111938,0.833978,0.837624
henon,param,3,5,0.01,1.28,1.000e-04,24,-2.406380,0.129700,0.806087,0.812382
henon,param,3,5,0.01,1.28,1.000e-04,25,-2.232208,0.150818,0.779374,0.779920
henon,param,3,5,0.01,1.28,1.000e-04,26,-2.054379,0.171814,0.751459,0.739969
henon,param,3,5,0.01,1.28,1.000e-04,27,-1.890152,0.187256,0.728360,0.711571
henon,param,3,5,0.01,1.28,1.000e-04,28,-1.731488,0.215210,0.683753,0.676487
henon,param,3,5,0.01,1.28,1.000e-04,29,-1.590242,0.236267,0.665280,0.645709
henon,param,3,5,0.01,1.28,1.000e-04,30,-1.448077,0.256104,0.629097,0.607463
henon,param,3,5,0.01,1.28,1.000e-04,31,-1.327360,0.273315,0.598200,0.591619
henon,param,3,5,0.01,1.28,1.000e-04,32,-1.210038,0.295593,0.574630,0.559231
henon,param,3,5,0.01,1.28,1.000e-04,33,-1.105734,0.310486,0.552291,0.517937
henon,param,3,5,0.01,1.28,1.000e-04,34,-1.007399,0.332397,0.509121,0.496793
henon,param,3,5,0.01,1.28,1.000e-04,35,-0.907784,0.350708,0.480825,0.458571
henon,param,3,5,0.01,1.28,1.000e-04,36,-0.821377,0.374146,0.448061,0.438019
henon,param,3,5,0.01,1.28,1.000e-04,37,-0.739375,0.390625,0.424547,0.404078
henon,param,3,5,0.01,1.28,1.000e-04,38,-0.673174,0.401672,0.400270,0.386500
henon,param,3,5,0.01,1.28,1.000e-04,39,-0.611201,0.417236,0.366892,0.379477
henon,param,3,5,0.01,1.28,1.000e-04,40,-0.554500,0.429688,0.343320,0.354329
henon,param,3,5,0.01,1.28,1.000e-04,41,-0.505527,0.440796,0.334217,0.338435
henon,param,3,5,0.01,1.28,1.000e-04,42,-0.445623,0.460205,0.316816,0.293194
henon,param,3,5,0.01,1.28,1.000e-04,43,-0.395396,0.476257,0.282213,0.289294
henon,param,3,5,0.01,1.28,1.000e-04,44,-0.354142,0.483276,0.266938,0.263235
henon,param,3,5,0.01,1.28,1.000e-04,45,-0.328531,0.486450,0.270431,0.248483
henon,param,3,5,0.01,1.28,1.000e-04,46,-0.295112,0.495178,0.238770,0.248950
henon,param,3,5,0.01,1.28,1.000e-04,47,-0.264318,0.505493,0.234012,0.219818
henon,param,3,5,0.01,1.28,1.000e-04,48,-0.234720,0.514160,0.221672,0.214699
henon,param,3,5,0.01,1.28,1.000e-04,49,-0.206077,0.517700,0.203970,0.194318
henon,param,3,5,0.01,1.28,1.000e-04,50,-0.173160,0.536499,0.195037,0.183003
henon,param,3,5,0.01,1.28,1.000e-04,51,-0.148298,0.543945,0.185795,0.162244
henon,param,3,5,0.01,1.28,1.000e-04,52,-0.131403,0.547974,0.176633,0.160985
henon,param,3,5,0.01,1.28,1.000e-04,53,-0.119231,0.548157,0.158973,0.163693
henon,param,3,5,0.01,1.28,1.000e-04,54,-0.104809,0.555237,0.153112,0.137736
henon,param,3,5,0.01,1.28,1.000e-04,55,-0.088041,0.562988,0.138428,0.139454
henon,param,3,5,0.01,1.28,1.000e-04,56,-0.070159,0.564392,0.132943,0.117681
henon,param,3,5,0.01,1.28,1.000e-04,57,-0.056656,0.573669,0.124725,0.123922
henon,param,3,5,0.01,1.28,1.000e-04,58,-0.035000,0.583252,0.114343,0.108229
henon,param,3,5,0.01,1.28,1.000e-04,59,-0.031009,0.583862,0.109052,0.100526
henon,param,3,5,0.01,1.28,1.000e-04,60,-0.023796,0.586304,0.097161,0.106523
henon,param,3,5,0.01,1.28,1.000e-04,61,-0.018078,0.586548,0.103778,0.093144
henon,param,3,5,0.01,1.28,1.000e-04,62,-0.011201,0.588867,0.100944,0.092676
henon,param,3,5,0.01,1.28,1.000e-04,63,0.001601,0.589905,0.086846,0.075684
henon,param,3,5,0.01,1.28,1.000e-04,64,0.016370,0.604797,0.079703,0.076340
henon,param,3,5,0.01,1.28,1.000e-04,65,0.029737,0.606995,0.076552,0.064772
henon,param,3,5,0.01,1.28,1.000e-04,66,0.035928,0.605591,0.074069,0.052355
henon,param,3,5,0.01,1.28,1.000e-04,67,0.039098,0.603149,0.064067,0.064420
henon,param,3,5,0.01,1.28,1.000e-04,68,0.039908,0.606018,0.055843,0.059770
henon,param,3,5,0.01,1.28,1.000e-04,69,0.046831,0.614868,0.067883,0.054362
henon,param,3,5,0.01,1.28,1.000e-04,70,0.055972,0.617310,0.044664,0.043925
henon,param,3,5,0.01,1.28,1.000e-04,71,0.063144,0.619324,0.045752,0.034200
henon,param,3,5,0.01,1.28,1.000e-04,72,0.062778,0.614929,0.059754,0.045930
henon,param,3,5,0.01,1.28,1.000e-04,73,0.065895,0.615479,0.053202,0.048314
henon,param,3,5,0.01,1.28,1.000e-04,74,0.074560,0.625549,0.047131,0.044867
henon,param,3,5,0.01,1.28,1.000e-04,75,0.072555,0.615723,0.023834,0.042384
henon,param,3,5,0.01,1.28,1.000e-04,76,0.066383,0.616150,0.053936,0.039608
henon,param,3,5,0.01,1.28,1.000e-04,77,0.075413,0.622986,0.044637,0.039109
henon,param,3,5,0.01,1.28,1.000e-04,78,0.084066,0.627991,0.032382,0.026775
henon,param,3,5,0.01,1.28,1.000e-04,79,0.085370,0.622498,0.040370,0.029453
henon,param,3,5,0.01,1.28,1.000e-04,80,0.086381,0.623779,0.036954,0.033745
henon,param,3,5,0.01,1.28,1.000e-04,81,0.087353,0.623352,0.030424,0.040575
henon,param,3,5,0.01,1.28,1.000e-04,82,0.083226,0.619263,0.029610,0.046563
henon,param,3,5,0.01,1.28,1.000e-04,83,0.092670,0.627258,0.033380,0.028977
henon,param,3,5,0.01,1.28,1.000e-04,84,0.102975,0.631470,0.022446,0.009831
henon,param,3,5,0.01,1.28,1.000e-04,85,0.103551,0.630249,0.033120,0.020213
henon,param,3,5,0.01,1.28,1.000e-04,86,0.106655,0.632446,0.019554,0.026235
henon,param,3,5,0.01,1.28,1.000e-04,87,0.112818,0.639587,0.008032,0.018382
henon,param,3,5,0.01,1.28,1.000e-04,88,0.104813,0.630737,0.019912,0.027548
henon,param,3,5,0.01,1.28,1.000e-04,89,0.100833,0.623108,0.014398,0.038131
henon,param,3,5,0.01,1.28,1.000e-04,90,0.109298,0.633667,0.020471,0.030684
henon,param,3,5,0.01,1.28,1.000e-04,91,0.118931,0.635681,0.006754,0.008415
henon,param,3,5,0.01,1.28,1.000e-04,92,0.121024,0.639038,0.017440,0.009841
henon,param,3,5,0.01,1.28,1.000e-04,93,0.127000,0.646667,0.004428,0.017944
henon,param,3,5,0.01,1.28,1.000e-04,94,0.126553,0.640991,-0.003375,0.003792
henon,param,3,5,0.01,1.28,1.000e-04,95,0.120669,0.640686,0.003534,0.015761
henon,param,3,5,0.01,1.28,1.000e-04,96,0.122487,0.640320,-0.003587,0.016199
henon,param,3,5,0.01,1.28,1.000e-04,97,0.124487,0.641663,0.001192,0.005856
henon,param,3,5,0.01,1.28,1.000e-04,98,0.119399,0.637878,0.011620,0.002766
henon,param,3,5,0.01,1.28,1.000e-04,99,0.125034,0.636780,0.016096,0.003799
henon,param,3,5,0.01,1.28,1.000e-04,100,0.130620,0.644043,0.007574,0.006509
henon,param,3,5,0.01,1.28,1.000e-04,101,0.131408,0.647095,0.008688,0.000169
henon,param,3,5,0.01,1.28,1.000e-04,102,0.123360,0.641602,0.009204,0.012439
henon,param,3,5,0.01,1.28,1.000e-04,103,0.126285,0.639832,0.008658,0.006999
henon,param,3,5,0.01,1.28,1.000e-04,104,0.125642,0.639587,0.005377,-0.000411
henon,param,3,5,0.01,1.28,1.000e-04,105,0.130252,0.645142,0.005272,0.003024
henon,param,3,5,0.01,1.28,1.000e-04,106,0.132713,0.645386,0.000626,-0.003016
henon,param,3,5,0.01,1.28,1.000e-04,107,0.137934,0.648010,-0.009486,0.006145
henon,param,3,5,0.01,1.28,1.000e-04,108,0.137244,0.644165,-0.004386,0.004090
henon,param,3,5,0.01,1.28,1.000e-04,109,0.139704,0.651367,-0.004627,-0.009187
henon,param,3,5,0.01,1.28,1.000e-04,110,0.134221,0.643127,0.004654,-0.001670
henon,param,3,5,0.01,1.28,1.000e-04,111,0.131014,0.637817,-0.007264,-0.000109
henon,param,3,5,0.01,1.28,1.000e-04,112,0.129698,0.646301,0.001083,0.001949
henon,param,3,5,0.01,1.28,1.000e-04,113,0.130828,0.640808,0.004063,0.003158
henon,param,3,5,0.01,1.28,1.000e-04,114,0.134473,0.647949,-0.010353,0.014220
henon,param,3,5,0.01,1.28,1.000e-04,115,0.136899,0.646912,-0.009121,-0.000843
henon,param,3,5,0.01,1.28,1.000e-04,116,0.133195,0.641663,0.002848,0.004307
henon,param,3,5,0.01,1.28,1.000e-04,117,0.130074,0.641846,0.013050,0.004328
henon,param,3,5,0.01,1.28,1.000e-04,118,0.127934,0.640381,0.000223,0.003868
henon,param,3,5,0.01,1.28,1.000e-04,119,0.131165,0.643311,-0.007284,-0.001572
henon,param,3,5,0.01,1.28,1.000e-04,120,0.129550,0.640015,0.006260,0.008826
henon,param,3,5,0.01,1.28,1.000e-04,121,0.133335,0.641541,-0.000401,0.010658
henon,param,3,5,0.01,1.28,1.000e-04,122,0.135533,0.645630,-0.006661,0.002541
henon,param,3,5,0.01,1.28,1.000e-04,123,0.136139,0.645020,0.005935,0.006568
henon,param,3,5,0.01,1.28,1.000e-04,124,0.134671,0.642029,0.001413,0.005299
henon,param,3,5,0.01,1.28,1.000e-04,125,0.133266,0.645203,-0.004276,0.009442
henon,param,3,5,0.01,1.28,1.000e-04,126,0.133208,0.641174,0.001045,0.000681
henon,param,3,5,0.01,1.28,1.000e-04,127,0.137724,0.644226,-0.005634,-0.009062
henon,param,3,5,0.01,1.28,1.000e-04,128,0.137434,0.647888,-0.000024,-0.005289
henon,param,3,5,0.01,1.28,1.000e-04,129,0.138563,0.645691,-0.006441,0.008983
henon,param,3,5,0.01,1.28,1.000e-04,130,0.137895,0.647644,-0.012324,0.006434
henon,param,3,5,0.01,1.28,1.000e-04,131,0.135464,0.642456,0.010162,0.002128
henon,param,3,5,0.01,1.28,1.000e-04,132,0.125716,0.637146,0.013768,0.004083
henon,param,3,5,0.01,1.28,1.000e-04,133,0.126078,0.638184,0.001340,0.006255
henon,param,3,5,0.01,1.28,1.000e-04,134,0.130588,0.641907,0.001290,0.005468
henon,param,3,5,0.01,1.28,1.000e-04,135,0.138559,0.647827,-0.009197,0.005576
henon,param,3,5,0.01,1.28,1.000e-04,136,0.141062,0.649963,-0.006817,0.002294
henon,param,3,5,0.01,1.28,1.000e-04,137,0.142918,0.653015,-0.010947,-0.000685
henon,param,3,5,0.01,1.28,1.000e-04,138,0.145989,0.653687,-0.011917,0.008329
henon,param,3,5,0.01,1.28,1.000e-04,139,0.142183,0.646912,-0.008244,-0.007338
henon,param,3,5,0.01,1.28,1.000e-04,140,0.136835,0.643311,-0.007195,0.007290
henon,param,3,5,0.01,1.28,1.000e-04,141,0.137716,0.643250,-0.009605,0.001575
henon,param,3,5,0.01,1.28,1.000e-04,142,0.136293,0.646973,0.004097,-0.002955
henon,param,3,5,0.01,1.28,1.000e-04,143,0.133921,0.644043,0.000975,-0.005761
henon,param,3,5,0.01,1.28,1.000e-04,144,0.133851,0.645569,0.012098,-0.012471
henon,param,3,5,0.01,1.28,1.000e-04,145,0.136791,0.647156,0.008165,0.001544
henon,param,3,5,0.01,1.28,1.000e-04,146,0.133347,0.644653,-0.004944,-0.010813
henon,param,3,5,0.01,1.28,1.000e-04,147,0.128292,0.642822,0.014532,0.007488
henon,param,3,5,0.01,1.28,1.000e-04,148,0.133019,0.644470,0.005689,0.003462
henon,param,3,5,0.01,1.28,1.000e-04,149,0.134221,0.647461,0.005009,0.000101
henon,param,3,5,0.01,1.28,1.000e-04,150,0.132323,0.648743,-0.002657,0.002350
henon,param,3,5,0.01,1.28,1.000e-04,151,0.137429,0.647583,-0.003951,-0.009599
henon,param,3,5,0.01,1.28,1.000e-04,152,0.137658,0.649963,-0.003263,0.008368
henon,param,3,5,0.01,1.28,1.000e-04,153,0.130728,0.638489,-0.007440,0.003995
henon,param,3,5,0.01,1.28,1.000e-04,154,0.131670,0.646912,-0.007561,0.003726
henon,param,3,5,0.01,1.28,1.000e-04,155,0.131813,0.641296,-0.006864,-0.002997
henon,param,3,5,0.01,1.28,1.000e-04,156,0.130780,0.641357,0.004641,0.005816
henon,param,3,5,0.01,1.28,1.000e-04,157,0.132374,0.642639,-0.010444,-0.001172
henon,param,3,5,0.01,1.28,1.000e-04,158,0.132154,0.641235,0.007693,0.001243
henon,param,3,5,0.01,1.28,1.000e-04,159,0.133565,0.643372,0.004959,-0.001823
henon,param,3,5,0.01,1.28,1.000e-04,160,0.134777,0.643005,0.000165,-0.007129
henon,param,3,5,0.01,1.28,1.000e-04,161,0.135489,0.643555,-0.002134,0.008933
henon,param,3,5,0.01,1.28,1.000e-04,162,0.140834,0.646545,-0.012372,-0.003350
henon,param,3,5,0.01,1.28,1.000e-04,163,0.143387,0.651001,0.004975,-0.007412
henon,param,3,5,0.01,1.28,1.000e-04,164,0.130284,0.641724,0.001896,0.016577
henon,param,3,5,0.01,1.28,1.000e-04,165,0.125815,0.634583,0.009485,0.010233
henon,param,3,5,0.01,1.28,1.000e-04,166,0.134759,0.644836,0.000378,0.009915
henon,param,3,5,0.01,1.28,1.000e-04,167,0.133954,0.643616,0.003026,0.004218
henon,param,3,5,0.01,1.28,1.000e-04,168,0.136364,0.647644,-0.008441,-0.003968
henon,param,3,5,0.01,1.28,1.000e-04,169,0.137685,0.640930,-0.014575,0.008661
henon,param,3,5,0.01,1.28,1.000e-04,170,0.143121,0.648682,0.007549,-0.004811
henon,param,3,5,0.01,1.28,1.000e-04,171,0.136145,0.647217,-0.003245,0.002755
henon,param,3,5,0.01,1.28,1.000e-04,172,0.131868,0.641663,-0.002742,0.004615
henon,param,3,5,0.01,1.28,1.000e-04,173,0.130457,0.645020,0.008565,0.005901
henon,param,3,5,0.01,1.28,1.000e-04,174,0.132138,0.642090,0.007604,0.003777
henon,param,3,5,0.01,1.28,1.000e-04,175,0.135646,0.649719,-0.005982,-0.001202
henon,param,3,5,0.01,1.28,1.000e-04,176,0.138911,0.647217,-0.012405,-0.009810
henon,param,3,5,0.01,1.28,1.000e-04,177,0.143954,0.651733,0.002890,-0.005098
henon,param,3,5,0.01,1.28,1.000e-04,178,0.136531,0.649658,-0.005467,0.012075
henon,param,3,5,0.01,1.28,1.000e-04,179,0.130326,0.642578,-0.003427,0.004015
henon,param,3,5,0.01,1.28,1.000e-04,180,0.131299,0.641846,0.018890,-0.011450
henon,param,3,5,0.01,1.28,1.000e-04,181,0.133852,0.644287,0.006211,0.007917
henon,param,3,5,0.01,1.28,1.000e-04,182,0.132975,0.646301,0.007474,-0.005824
henon,param,3,5,0.01,1.28,1.000e-04,183,0.136218,0.648315,0.010292,-0.015426
henon,param,3,5,0.01,1.28,1.000e-04,184,0.139737,0.647705,0.002523,-0.013332
henon,param,3,5,0.01,1.28,1.000e-04,185,0.139571,0.647583,0.000219,-0.009162
henon,param,3,5,0.01,1.28,1.000e-04,186,0.133661,0.644531,0.005897,-0.008272
henon,param,3,5,0.01,1.28,1.000e-04,187,0.131198,0.637817,0.012348,-0.011189
henon,param,3,5,0.01,1.28,1.000e-04,188,0.127908,0.640869,0.011195,0.009811
henon,param,3,5,0.01,1.28,1.000e-04,189,0.129312,0.641846,0.005955,0.001924
henon,param,3,5,0.01,1.28,1.000e-04,190,0.129529,0.642883,0.016613,0.001967
henon,param,3,5,0.01,1.28,1.000e-04,191,0.135744,0.644775,0.004491,-0.004952
henon,param,3,5,0.01,1.28,1.000e-04,192,0.139455,0.653564,-0.008512,-0.004821
henon,param,3,5,0.01,1.28,1.000e-04,193,0.133012,0.649658,0.004996,-0.002811
henon,param,3,5,0.01,1.28,1.000e-04,194,0.131363,0.639099,0.009510,-0.003008
henon,param,3,5,0.01,1.28,1.000e-04,195,0.135937,0.647217,0.003425,0.003279
henon,param,3,5,0.01,1.28,1.000e-04,196,0.128794,0.639893,0.001117,-0.000990
henon,param,3,5,0.01,1.28,1.000e-04,197,0.130146,0.638916,0.004821,-0.000803
henon,param,3,5,0.01,1.28,1.000e-04,198,0.138976,0.650208,-0.017723,0.003545
henon,param,3,5,0.01,1.28,1.000e-04,199,0.138817,0.647705,-0.015303,0.004259
henon,param,3,5,0.01,1.28,1.000e-04,200,0.135507,0.648804,-0.005358,-0.006574
henon,param,3,5,0.01,1.28,1.000e-04,201,0.129816,0.641418,0.005668,-0.000450
henon,param,3,5,0.01,1.28,1.000e-04,202,0.133964,0.648743,0.002485,0.009242
henon,param,3,5,0.01,1.28,1.000e-04,203,0.129945,0.645630,0.005429,-0.004494
henon,param,3,5,0.01,1.28,1.000e-04,204,0.128318,0.642883,0.010998,0.005326
henon,param,3,5,0.01,1.28,1.000e-04,205,0.131677,0.644165,-0.004563,0.013681
henon,param,3,5,0.01,1.28,1.000e-04,206,0.132884,0.649109,-0.002900,0.010500
henon,param,3,5,0.01,1.28,1.000e-04,207,0.129398,0.642639,0.001382,-0.010685
henon,param,3,5,0.01,1.28,1.000e-04,208,0.136764,0.645874,0.000775,-0.012283
henon,param,3,5,0.01,1.28,1.000e-04,209,0.133032,0.646851,-0.002024,0.018722
henon,param,3,5,0.01,1.28,1.000e-04,210,0.133324,0.644165,-0.003222,0.003632
henon,param,3,5,0.01,1.28,1.000e-04,211,0.131394,0.642761,0.003115,0.001521
henon,param,3,5,0.01,1.28,1.000e-04,212,0.136179,0.646790,0.003726,0.007017
henon,param,3,5,0.01,1.28,1.000e-04,213,0.138180,0.649658,-0.007836,0.000179
henon,param,3,5,0.01,1.28,1.000e-04,214,0.133598,0.642273,0.002977,-0.007925
henon,param,3,5,0.01,1.28,1.000e-04,215,0.135426,0.650146,-0.000257,-0.009580
henon,param,3,5,0.01,1.28,1.000e-04,216,0.134351,0.643188,-0.008743,0.005614
henon,param,3,5,0.01,1.28,1.000e-04,217,0.136984,0.645813,0.002893,0.010590
henon,param,3,5,0.01,1.28,1.000e-04,218,0.136770,0.648499,0.006926,-0.007154
henon,param,3,5,0.01,1.28,1.000e-04,219,0.141376,0.652222,-0.005551,-0.008771
henon,param,3,5,0.01,1.28,1.000e-04,220,0.137420,0.651001,-0.003576,0.002086
henon,param,3,5,0.01,1.28,1.000e-04,221,0.141458,0.644531,-0.003184,-0.021964
henon,param,3,5,0.01,1.28,1.000e-04,222,0.136716,0.645813,-0.002785,-0.005880
henon,param,3,5,0.01,1.28,1.000e-04,223,0.133004,0.642761,-0.006334,0.004868
henon,param,3,5,0.01,1.28,1.000e-04,224,0.136298,0.645508,0.004085,0.005394
henon,param,3,5,0.01,1.28,1.000e-04,225,0.136589,0.647339,0.002667,-0.004867
henon,param,3,5,0.01,1.28,1.000e-04,226,0.140631,0.645996,-0.011306,-0.011029
henon,param,3,5,0.01,1.28,1.000e-04,227,0.136323,0.650513,-0.006089,-0.006712
henon,param,3,5,0.01,1.28,1.000e-04,228,0.137372,0.639160,-0.001767,-0.011336
henon,param,3,5,0.01,1.28,1.000e-04,229,0.133087,0.640259,0.009306,-0.006234
henon,param,3,5,0.01,1.28,1.000e-04,230,0.135041,0.647522,-0.002978,0.004122
henon,param,3,5,0.01,1.28,1.000e-04,231,0.139233,0.647949,0.003682,0.001461
henon,param,3,5,0.01,1.28,1.000e-04,232,0.132389,0.646790,0.018115,-0.018253
henon,param,3,5,0.01,1.28,1.000e-04,233,0.135272,0.647888,-0.013858,0.005065
henon,param,3,5,0.01,1.28,1.000e-04,234,0.129202,0.641113,0.001213,0.004433
henon,param,3,5,0.01,1.28,1.000e-04,235,0.137322,0.646973,-0.000361,-0.004287
henon,param,3,5,0.01,1.28,1.000e-04,236,0.137712,0.647400,-0.004229,-0.012756
henon,param,3,5,0.01,1.28,1.000e-04,237,0.134921,0.641602,-0.004328,0.006492
henon,param,3,5,0.01,1.28,1.000e-04,238,0.134211,0.645691,0.001407,-0.004286
henon,param,3,5,0.01,1.28,1.000e-04,239,0.134788,0.645874,-0.002066,-0.007640
henon,param,3,5,0.01,1.28,1.000e-04,240,0.135823,0.644165,-0.022976,0.012031
henon,param,3,5,0.01,1.28,1.000e-04,241,0.134332,0.643005,-0.000733,0.002273
henon,param,3,5,0.01,1.28,1.000e-04,242,0.138612,0.644104,0.001745,0.003251
henon,param,3,5,0.01,1.28,1.000e-04,243,0.138809,0.648315,0.005904,-0.009420
henon,param,3,5,0.01,1.28,1.000e-04,244,0.142051,0.649719,-0.008121,-0.000100
henon,param,3,5,0.01,1.28,1.000e-04,245,0.141456,0.651184,-0.001912,-0.007146
henon,param,3,5,0.01,1.28,1.000e-04,246,0.139892,0.647644,0.011501,-0.017255
henon,param,3,5,0.01,1.28,1.000e-04,247,0.132342,0.640503,-0.001035,0.009353
henon,param,3,5,0.01,1.28,1.000e-04,248,0.138642,0.646667,0.004988,-0.011735
henon,param,3,5,0.01,1.28,1.000e-04,249,0.134414,0.643005,0.001813,-0.008400
henon,param,3,5,0.01,1.28,1.000e-04,250,0.133523,0.645508,0.006034,-0.006626
henon,param,3,5,0.01,1.28,1.000e-04,251,0.137936,0.644775,-0.006771,-0.007750
henon,param,3,5,0.01,1.28,1.000e-04,252,0.143106,0.656555,-0.001119,-0.002916
henon,param,3,5,0.01,1.28,1.000e-04,253,0.137053,0.649048,0.005428,-0.007432
henon,param,3,5,0.01,1.28,1.000e-04,254,0.137370,0.646240,-0.016705,0.000900
henon,param,3,5,0.01,1.28,1.000e-04,255,0.140075,0.649475,-0.012363,-0.007666
henon,param,3,5,0.01,1.28,1.000e-04,256,0.132750,0.644775,0.000113,0.007560
henon,param,3,5,0.01,1.28,1.000e-04,257,0.130988,0.638245,0.002212,0.003540
henon,param,3,5,0.01,1.28,1.000e-04,258,0.137180,0.645264,-0.010250,0.003926
henon,param,3,5,0.01,1.28,1.000e-04,259,0.139257,0.648071,-0.001903,-0.012025
henon,param,3,5,0.01,1.28,1.000e-04,260,0.132178,0.643982,0.011718,-0.003279
henon,param,3,5,0.01,1.28,1.000e-04,261,0.134166,0.643433,-0.000673,-0.003117
henon,param,3,5,0.01,1.28,1.000e-04,262,0.137022,0.644470,-0.008320,-0.001919
henon,param,3,5,0.01,1.28,1.000e-04,263,0.133748,0.649414,0.001895,0.011072
henon,param,3,5,0.01,1.28,1.000e-04,264,0.131529,0.640564,-0.001344,0.007096
henon,param,3,5,0.01,1.28,1.000e-04,265,0.130391,0.639221,-0.004624,0.002509
henon,param,3,5,0.01,1.28,1.000e-04,266,0.138045,0.649292,-0.006911,-0.001200
henon,param,3,5,0.01,1.28,1.000e-04,267,0.130936,0.646912,0.003288,-0.005360
henon,param,3,5,0.01,1.28,1.000e-04,268,0.131672,0.640442,-0.010758,0.001491
henon,param,3,5,0.01,1.28,1.000e-04,269,0.131128,0.641541,-0.004344,0.004275
henon,param,3,5,0.01,1.28,1.000e-04,270,0.130706,0.643982,-0.000495,0.015490
henon,param,3,5,0.01,1.28,1.000e-04,271,0.125946,0.639832,-0.000286,0.010263
henon,param,3,5,0.01,1.28,1.000e-04,272,0.128862,0.644409,0.004776,-0.002741
henon,param,3,5,0.01,1.28,1.000e-04,273,0.139863,0.647095,-0.021529,0.003512
henon,param,3,5,0.01,1.28,1.000e-04,274,0.134797,0.645752,0.012404,-0.015435
henon,param,3,5,0.01,1.28,1.000e-04,275,0.138220,0.645264,0.001355,0.002487
henon,param,3,5,0.01,1.28,1.000e-04,276,0.143314,0.649597,-0.002409,-0.007082
henon,param,3,5,0.01,1.28,1.000e-04,277,0.129728,0.640381,0.005640,0.000024
henon,param,3,5,0.01,1.28,1.000e-04,278,0.128786,0.639526,0.005737,0.002255
henon,param,3,5,0.01,1.28,1.000e-04,279,0.130093,0.640747,0.001948,0.002226
henon,param,3,5,0.01,1.28,1.000e-04,280,0.135398,0.646973,0.005276,0.016049
henon,param,3,5,0.01,1.28,1.000e-04,281,0.135636,0.646179,0.001457,-0.012010
henon,param,3,5,0.01,1.28,1.000e-04,282,0.140950,0.647888,-0.011612,0.002277
henon,param,3,5,0.01,1.28,1.000e-04,283,0.143488,0.648926,-0.000355,-0.006222
henon,param,3,5,0.01,1.28,1.000e-04,284,0.132211,0.643982,0.008088,0.001147
henon,param,3,5,0.01,1.28,1.000e-04,285,0.129703,0.637695,-0.001841,-0.000241
henon,param,3,5,0.01,1.28,1.000e-04,286,0.131158,0.641235,0.001070,0.004619
henon,param,3,5,0.01,1.28,1.000e-04,287,0.133789,0.643982,0.006748,0.004707
henon,param,3,5,0.01,1.28,1.000e-04,288,0.134934,0.649475,0.003253,0.001731
henon,param,3,5,0.01,1.28,1.000e-04,289,0.142141,0.646118,-0.007640,-0.012065
henon,param,3,5,0.01,1.28,1.000e-04,290,0.142584,0.651123,0.001345,-0.011948
henon,param,3,5,0.01,1.28,1.000e-04,291,0.131398,0.642395,0.004580,0.010074
henon,param,3,5,0.01,1.28,1.000e-04,292,0.127506,0.639282,0.001570,0.007440
henon,param,3,5,0.01,1.28,1.000e-04,293,0.127851,0.640625,-0.000849,0.006789
henon,param,3,5,0.01,1.28,1.000e-04,294,0.134505,0.646851,-0.000297,-0.002932
henon,param,3,5,0.01,1.28,1.000e-04,295,0.137809,0.650879,-0.008015,-0.004729
henon,param,3,5,0.01,1.28,1.000e-04,296,0.137172,0.648071,0.003747,0.002364
henon,param,3,5,0.01,1.28,1.000e-04,297,0.136186,0.646179,-0.006360,-0.011967
henon,param,3,5,0.01,1.28,1.000e-04,298,0.136793,0.646973,-0.002522,0.000454
henon,param,3,5,0.01,1.28,1.000e-04,299,0.131947,0.643921,0.004778,-0.008085
henon,param,3,5,0.01,1.28,1.000e-04,300,0.130478,0.640259,-0.007485,0.011232
henon,param,3,5,0.01,1.28,1.000e-04,301,0.131320,0.642456,-0.004290,0.009925
henon,param,3,5,0.01,1.28,1.000e-04,302,0.134838,0.645386,-0.006265,0.012122
henon,param,3,5,0.01,1.28,1.000e-04,303,0.140040,0.647400,-0.007317,0.000625
henon,param,3,5,0.01,1.28,1.000e-04,304,0.138792,0.645630,-0.000524,-0.007480
henon,param,3,5,0.01,1.28,1.000e-04,305,0.136848,0.647034,-0.003490,-0.004902
henon,param,3,5,0.01,1.28,1.000e-04,306,0.132176,0.642639,0.013250,-0.013046
henon,param,3,5,0.01,1.28,1.000e-04,307,0.132640,0.647949,-0.007805,0.009954
henon,param,3,5,0.01,1.28,1.000e-04,308,0.125797,0.640686,0.001669,0.008493
henon,param,3,5,0.01,1.28,1.000e-04,309,0.132939,0.646057,-0.008433,0.003006
henon,param,3,5,0.01,1.28,1.000e-04,310,0.131078,0.645630,-0.001783,0.001585
henon,param,3,5,0.01,1.28,1.000e-04,311,0.125756,0.645874,0.008241,0.011482
henon,param,3,5,0.01,1.28,1.000e-04,312,0.123876,0.637573,0.008203,-0.004225
henon,param,3,5,0.01,1.28,1.000e-04,313,0.122816,0.638489,0.012520,0.001972
henon,param,3,5,0.01,1.28,1.000e-04,314,0.128580,0.641785,-0.001301,0.013864
henon,param,3,5,0.01,1.28,1.000e-04,315,0.130291,0.643982,0.015631,0.004939
henon,param,3,5,0.01,1.28,1.000e-04,316,0.130412,0.643738,-0.005686,0.005963
henon,param,3,5,0.01,1.28,1.000e-04,317,0.129364,0.644592,-0.001243,0.005886
henon,param,3,5,0.01,1.28,1.000e-04,318,0.128019,0.643616,0.004373,0.006645
henon,param,3,5,0.01,1.28,1.000e-04,319,0.127116,0.640869,0.010771,0.001073
henon,param,3,5,0.01,1.28,1.000e-04,320,0.127569,0.637512,0.002571,-0.000556
henon,param,3,5,0.01,1.28,1.000e-04,321,0.129409,0.643066,0.001943,0.019887
henon,param,3,5,0.01,1.28,1.000e-04,322,0.135049,0.646057,0.008577,0.008647
henon,param,3,5,0.01,1.28,1.000e-04,323,0.138462,0.647461,-0.018416,0.015603
henon,param,3,5,0.01,1.28,1.000e-04,324,0.135448,0.642822,-0.006542,0.011344
henon,param,3,5,0.01,1.28,1.000e-04,325,0.129797,0.640076,0.004578,0.015445
henon,param,3,5,0.01,1.28,1.000e-04,326,0.125332,0.637573,0.001571,0.012551
henon,param,3,5,0.01,1.28,1.000e-04,327,0.127866,0.642578,0.004523,-0.002957
henon,param,3,5,0.01,1.28,1.000e-04,328,0.133570,0.649597,0.016471,0.000405
henon,param,3,5,0.01,1.28,1.000e-04,329,0.139713,0.651672,-0.007227,-0.009546
henon,param,3,5,0.01,1.28,1.000e-04,330,0.141051,0.649902,-0.001795,-0.001889
henon,param,3,5,0.01,1.28,1.000e-04,331,0.137527,0.648438,0.002356,-0.009300
henon,param,3,5,0.01,1.28,1.000e-04,332,0.129639,0.643982,0.011496,-0.009969
henon,param,3,5,0.01,1.28,1.000e-04,333,0.126281,0.637878,0.003310,-0.005294
henon,param,3,5,0.01,1.28,1.000e-04,334,0.123589,0.641113,-0.004996,0.011422
henon,param,3,5,0.01,1.28,1.000e-04,335,0.127077,0.642822,0.009413,0.004206
henon,param,3,5,0.01,1.28,1.000e-04,336,0.132817,0.644470,0.001184,-0.004542
henon,param,3,5,0.01,1.28,1.000e-04,337,0.133705,0.647522,-0.003022,0.009188
henon,param,3,5,0.01,1.28,1.000e-04,338,0.130628,0.643311,0.008175,0.000735
henon,param,3,5,0.01,1.28,1.000e-04,339,0.124247,0.636108,0.007718,0.001714
henon,param,3,5,0.01,1.28,1.000e-04,340,0.122131,0.635620,0.007730,0.006011
henon,param,3,5,0.01,1.28,1.000e-04,341,0.123754,0.639526,0.000192,0.012018
henon,param,3,5,0.01,1.28,1.000e-04,342,0.128950,0.643433,0.005513,0.008701
henon,param,3,5,0.01,1.28,1.000e-04,343,0.135669,0.646301,-0.005506,0.000843
henon,param,3,5,0.01,1.28,1.000e-04,344,0.133184,0.645142,0.016391,0.001133
henon,param,3,5,0.01,1.28,1.000e-04,345,0.134529,0.647278,0.013910,-0.004379
henon,param,3,5,0.01,1.28,1.000e-04,346,0.128986,0.638306,0.000357,0.006373
henon,param,3,5,0.01,1.28,1.000e-04,347,0.126744,0.638672,0.006956,0.002407
henon,param,3,5,0.01,1.28,1.000e-04,348,0.125609,0.638428,-0.007149,0.012414
henon,param,3,5,0.01,1.28,1.000e-04,349,0.125177,0.640442,0.006079,0.014012
henon,param,3,5,0.01,1.28,1.000e-04,350,0.135834,0.643494,-0.001543,0.001515
henon,param,3,5,0.01,1.28,1.000e-04,351,0.137101,0.646484,0.011138,0.008219
henon,param,3,5,0.01,1.28,1.000e-04,352,0.136124,0.643616,-0.000255,0.005366
henon,param,3,5,0.01,1.28,1.000e-04,353,0.129121,0.640198,-0.002221,0.002886
henon,param,3,5,0.01,1.28,1.000e-04,354,0.129255,0.639038,0.004761,-0.001846
henon,param,3,5,0.01,1.28,1.000e-04,355,0.125443,0.643494,-0.003265,0.003440
henon,param,3,5,0.01,1.28,1.000e-04,356,0.128431,0.642700,0.014623,0.007798
henon,param,3,5,0.01,1.28,1.000e-04,357,0.136733,0.645630,0.000620,-0.002347
henon,param,3,5,0.01,1.28,1.000e-04,358,0.138421,0.646301,0.008846,-0.005291
henon,param,3,5,0.01,1.28,1.000e-04,359,0.131744,0.644531,0.010616,-0.008170
henon,param,3,5,0.01,1.28,1.000e-04,360,0.132704,0.643005,-0.004756,-0.001642
henon,param,3,5,0.01,1.28,1.000e-04,361,0.129630,0.639343,-0.003199,0.006668
henon,param,3,5,0.01,1.28,1.000e-04,362,0.126907,0.639038,-0.007583,0.006072
henon,param,3,5,0.01,1.28,1.000e-04,363,0.125231,0.639526,0.014713,0.002195
henon,param,3,5,0.01,1.28,1.000e-04,364,0.136609,0.647827,0.000739,0.000384
henon,param,3,5,0.01,1.28,1.000e-04,365,0.136768,0.644958,0.000224,0.000777
henon,param,3,5,0.01,1.28,1.000e-04,366,0.133414,0.642822,0.006046,-0.003144
henon,param,3,5,0.01,1.28,1.000e-04,367,0.125769,0.637085,0.008736,-0.007075
henon,param,3,5,0.01,1.28,1.000e-04,368,0.126005,0.640076,0.011417,0.001352
henon,param,3,5,0.01,1.28,1.000e-04,369,0.127371,0.642944,0.004716,0.002637
henon,param,3,5,0.01,1.28,1.000e-04,370,0.133859,0.644470,0.005747,-0.002629
henon,param,3,5,0.01,1.28,1.000e-04,371,0.140472,0.645752,0.007809,-0.010420
henon,param,3,5,0.01,1.28,1.000e-04,372,0.141566,0.648987,-0.008658,0.004968
henon,param,3,5,0.01,1.28,1.000e-04,373,0.137352,0.645752,-0.009021,-0.007316
henon,param,3,5,0.01,1.28,1.000e-04,374,0.130191,0.645142,0.002115,-0.006728
henon,param,3,5,0.01,1.28,1.000e-04,375,0.131091,0.641663,-0.000806,-0.001948
henon,param,3,5,0.01,1.28,1.000e-04,376,0.130716,0.642029,0.003769,0.009967
henon,param,3,5,0.01,1.28,1.000e-04,377,0.136009,0.643860,0.003763,-0.009277
henon,param,3,5,0.01,1.28,1.000e-04,378,0.139504,0.648071,-0.004926,-0.003158
henon,param,3,5,0.01,1.28,1.000e-04,379,0.133778,0.641907,-0.006997,0.011426
henon,param,3,5,0.01,1.28,1.000e-04,380,0.127386,0.637146,0.007127,0.008428
henon,param,3,5,0.01,1.28,1.000e-04,381,0.129383,0.638367,0.013719,0.002630
henon,param,3,5,0.01,1.28,1.000e-04,382,0.135500,0.644592,0.000230,-0.009804
henon,param,3,5,0.01,1.28,1.000e-04,383,0.134811,0.644531,-0.009433,0.004795
henon,param,3,5,0.01,1.28,1.000e-04,384,0.137315,0.646179,0.001765,-0.005074
henon,param,3,5,0.01,1.28,1.000e-04,385,0.140993,0.650635,0.004616,-0.007685
henon,param,3,5,0.01,1.28,1.000e-04,386,0.139815,0.652161,-0.011552,-0.001051
henon,param,3,5,0.01,1.28,1.000e-04,387,0.134917,0.643311,0.006545,-0.016376
henon,param,3,5,0.01,1.28,1.000e-04,388,0.130907,0.641113,0.001879,0.003764
henon,param,3,5,0.01,1.28,1.000e-04,389,0.123799,0.638184,0.002527,0.013492
henon,param,3,5,0.01,1.28,1.000e-04,390,0.132934,0.645569,-0.011479,0.011323
henon,param,3,5,0.01,1.28,1.000e-04,391,0.130372,0.643372,0.008750,-0.002659
henon,param,3,5,0.01,1.28,1.000e-04,392,0.135686,0.644958,0.004142,0.001041
henon,param,3,5,0.01,1.28,1.000e-04,393,0.134359,0.646423,0.002418,0.000534
henon,param,3,5,0.01,1.28,1.000e-04,394,0.128507,0.639954,0.006503,-0.003268
henon,param,3,5,0.01,1.28,1.000e-04,395,0.129484,0.642883,0.010894,0.003178
henon,param,3,5,0.01,1.28,1.000e-04,396,0.130817,0.643494,0.001040,0.002599
henon,param,3,5,0.01,1.28,1.000e-04,397,0.138597,0.646484,-0.016275,-0.002288
henon,param,3,5,0.01,1.28,1.000e-04,398,0.138757,0.648743,0.008335,-0.003012
henon,param,3,5,0.01,1.28,1.000e-04,399,0.137765,0.649475,0.003551,0.014236
henon,param,3,5,0.01,1.28,1.000e-04,400,0.139755,0.653625,-0.003759,0.001526
henon,param,3,5,0.01,1.28,1.000e-03,1,-7.274448,0.000000,1.000000,1.000000
henon,param,3,5,0.01,1.28,1.000e-03,2,-6.662573,0.000000,0.999997,0.999997
henon,param,3,5,0.01,1.28,1.000e-03,3,-6.128379,0.000000,0.999996,0.999996
henon,param,3,5,0.01,1.28,1.000e-03,4,-5.831501,0.000000,0.999993,0.999993
henon,param,3,5,0.01,1.28,1.000e-03,5,-5.465905,0.000000,0.999984,0.999984
henon,param,3,5,0.01,1.28,1.000e-03,6,-5.121332,0.000000,0.999959,0.999958
henon,param,3,5,0.01,1.28,1.000e-03,7,-4.834387,0.000000,0.999914,0.999915
henon,param,3,5,0.01,1.28,1.000e-03,8,-4.556192,0.000000,0.999781,0.999782
henon,param,3,5,0.01,1.28,1.000e-03,9,-4.215501,0.000000,0.999429,0.999425
henon,param,3,5,0.01,1.28,1.000e-03,10,-3.938855,0.000000,0.998723,0.998727
henon,param,3,5,0.01,1.28,1.000e-03,11,-3.666403,0.000000,0.997187,0.997155
henon,param,3,5,0.01,1.28,1.000e-03,12,-3.371628,0.000000,0.993247,0.993027
henon,param,3,5,0.01,1.28,1.000e-03,13,-3.076769,0.001160,0.985058,0.984797
henon,param,3,5,0.01,1.28,1.000e-03,14,-2.800531,0.007935,0.967721,0.967105
henon,param,3,5,0.01,1.28,1.000e-03,15,-2.528907,0.030457,0.936003,0.934306
henon,param,3,5,0.01,1.28,1.000e-03,16,-2.248024,0.072754,0.885413,0.884641
henon,param,3,5,0.01,1.28,1.000e-03,17,-2.014935,0.118958,0.824843,0.826525
henon,param,3,5,0.01,1.28,1.000e-03,18,-1.834264,0.148376,0.785821,0.791878
henon,param,3,5,0.01,1.28,1.000e-03,19,-1.646626,0.189209,0.734280,0.724986
henon,param,3,5,0.01,1.28,1.000e-03,20,-1.482322,0.220154,0.687005,0.671488
henon,param,3,5,0.01,1.28,1.000e-03,21,-1.348855,0.237610,0.648050,0.644064
henon,param,3,5,0.01,1.28,1.000e-03,22,-1.229498,0.261780,0.612980,0.602172
henon,param,3,5,0.01,1.28,1.000e-03,23,-1.091743,0.286438,0.580665,0.575668
henon,param,3,5,0.01,1.28,1.000e-03,24,-0.993564,0.302490,0.549400,0.549915
henon,param,3,5,0.01,1.28,1.000e-03,25,-0.915751,0.313599,0.544409,0.529200
henon,param,3,5,0.01,1.28,1.000e-03,26,-0.819103,0.335449,0.506663,0.484277
henon,param,3,5,0.01,1.28,1.000e-03,27,-0.732864,0.365234,0.463843,0.453680
henon,param,3,5,0.01,1.28,1.000e-03,28,-0.666985,0.379700,0.434942,0.430224
henon,param,3,5,0.01,1.28,1.000e-03,29,-0.591406,0.406738,0.403906,0.377871
henon,param,3,5,0.01,1.28,1.000e-03,30,-0.531590,0.418762,0.377587,0.363708
henon,param,3,5,0.01,1.28,1.000e-03,31,-0.483751,0.431763,0.356519,0.352200
henon,param,3,5,0.01,1.28,1.000e-03,32,-0.440648,0.439758,0.330921,0.341122
henon,param,3,5,0.01,1.28,1.000e-03,33,-0.391451,0.456482,0.312423,0.307034
henon,param,3,5,0.01,1.28,1.000e-03,34,-0.354114,0.469727,0.287174,0.283884
henon,param,3,5,0.01,1.28,1.000e-03,35,-0.313551,0.484619,0.262179,0.262114
henon,param,3,5,0.01,1.28,1.000e-03,36,-0.277888,0.493652,0.242941,0.244441
henon,param,3,5,0.01,1.28,1.000e-03,37,-0.251212,0.499756,0.245927,0.231192
henon,param,3,5,0.01,1.28,1.000e-03,38,-0.224293,0.511475,0.217848,0.219990
henon,param,3,5,0.01,1.28,1.000e-03,39,-0.209249,0.511658,0.208172,0.231914
henon,param,3,5,0.01,1.28,1.000e-03,40,-0.190763,0.512329,0.211465,0.212758
henon,param,3,5,0.01,1.28,1.000e-03,41,-0.163780,0.525085,0.180121,0.195923
henon,param,3,5,0.01,1.28,1.000e-03,42,-0.146731,0.531372,0.180883,0.200123
henon,param,3,5,0.01,1.28,1.000e-03,43,-0.118548,0.546448,0.156194,0.176512
henon,param,3,5,0.01,1.28,1.000e-03,44,-0.098742,0.552856,0.155272,0.146846
henon,param,3,5,0.01,1.28,1.000e-03,45,-0.083485,0.559265,0.160883,0.134081
henon,param,3,5,0.01,1.28,1.000e-03,46,-0.076752,0.558228,0.147701,0.134516
henon,param,3,5,0.01,1.28,1.000e-03,47,-0.064422,0.568970,0.132216,0.124004
henon,param,3,5,0.01,1.28,1.000e-03,48,-0.054795,0.570984,0.123548,0.123485
henon,param,3,5,0.01,1.28,1.000e-03,49,-0.046083,0.572693,0.112213,0.129617
henon,param,3,5,0.01,1.28,1.000e-03,50,-0.032284,0.575745,0.102490,0.115619
henon,param,3,5,0.01,1.28,1.000e-03,51,-0.014268,0.587708,0.108415,0.097837
henon,param,3,5,0.01,1.28,1.000e-03,52,-0.006866,0.589966,0.107226,0.098696
henon,param,3,5,0.01,1.28,1.000e-03,53,-0.000847,0.591980,0.100562,0.087983
henon,param,3,5,0.01,1.28,1.000e-03,54,0.004838,0.592224,0.077073,0.088947
henon,param,3,5,0.01,1.28,1.000e-03,55,0.010664,0.598877,0.081441,0.083223
henon,param,3,5,0.01,1.28,1.000e-03,56,0.017431,0.601257,0.078490,0.070498
henon,param,3,5,0.01,1.28,1.000e-03,57,0.028508,0.605286,0.064545,0.067901
henon,param,3,5,0.01,1.28,1.000e-03,58,0.037448,0.609131,0.070817,0.051723
henon,param,3,5,0.01,1.28,1.000e-03,59,0.036383,0.606873,0.073633,0.062553
henon,param,3,5,0.01,1.28,1.000e-03,60,0.034769,0.607056,0.076258,0.075483
henon,param,3,5,0.01,1.28,1.000e-03,61,0.051734,0.610413,0.035553,0.060737
henon,param,3,5,0.01,1.28,1.000e-03,62,0.050261,0.613098,0.045509,0.057503
henon,param,3,5,0.01,1.28,1.000e-03,63,0.048801,0.604126,0.057812,0.058923
henon,param,3,5,0.01,1.28,1.000e-03,64,0.059545,0.610352,0.046730,0.046155
henon,param,3,5,0.01,1.28,1.000e-03,65,0.069399,0.618225,0.045249,0.055909
henon,param,3,5,0.01,1.28,1.000e-03,66,0.077096,0.625305,0.039353,0.044574
henon,param,3,5,0.01,1.28,1.000e-03,67,0.074525,0.625000,0.044629,0.043140
henon,param,3,5,0.01,1.28,1.000e-03,68,0.079145,0.622437,0.014977,0.051555
henon,param,3,5,0.01,1.28,1.000e-03,69,0.075898,0.625244,0.043632,0.036618
henon,param,3,5,0.01,1.28,1.000e-03,70,0.083377,0.626099,0.045899,0.029726
henon,param,3,5,0.01,1.28,1.000e-03,71,0.087811,0.625305,0.028707,0.027270
henon,param,3,5,0.01,1.28,1.000e-03,72,0.086989,0.627136,0.043641,0.018135
henon,param,3,5,0.01,1.28,1.000e-03,73,0.095505,0.627747,0.027039,0.020348
henon,param,3,5,0.01,1.28,1.000e-03,74,0.092251,0.629272,0.036200,0.037499
henon,param,3,5,0.01,1.28,1.000e-03,75,0.097294,0.629395,0.019571,0.026904
henon,param,3,5,0.01,1.28,1.000e-03,76,0.094189,0.630188,0.022971,0.019921
henon,param,3,5,0.01,1.28,1.000e-03,77,0.097387,0.631531,0.030365,0.023131
henon,param,3,5,0.01,1.28,1.000e-03,78,0.093362,0.625977,0.022565,0.017884
henon,param,3,5,0.01,1.28,1.000e-03,79,0.099753,0.635071,0.032498,0.018889
henon,param,3,5,0.01,1.28,1.000e-03,80,0.106650,0.638123,0.012450,0.013676
henon,param,3,5,0.01,1.28,1.000e-03,81,0.110069,0.639099,0.009445,0.017866
henon,param,3,5,0.01,1.28,1.000e-03,82,0.106815,0.631042,0.007132,0.032900
henon,param,3,5,0.01,1.28,1.000e-03,83,0.111613,0.637512,0.002913,0.017848
henon,param,3,5,0.01,1.28,1.000e-03,84,0.108236,0.635559,0.016859,0.018083
henon,param,3,5,0.01,1.28,1.000e-03,85,0.101309,0.628357,0.010654,0.020896
henon,param,3,5,0.01,1.28,1.000e-03,86,0.105300,0.635742,0.020753,0.018286
henon,param,3,5,0.01,1.28,1.000e-03,87,0.112029,0.636475,0.017066,0.014163
henon,param,3,5,0.01,1.28,1.000e-03,88,0.113789,0.638367,0.005185,0.027615
henon,param,3,5,0.01,1.28,1.000e-03,89,0.116967,0.639954,0.005429,0.021330
henon,param,3,5,0.01,1.28,1.000e-03,90,0.117486,0.639160,0.001618,0.017402
henon,param,3,5,0.01,1.28,1.000e-03,91,0.118119,0.636780,0.008528,0.000040
henon,param,3,5,0.01,1.28,1.000e-03,92,0.109062,0.633057,0.018649,0.018276
henon,param,3,5,0.01,1.28,1.000e-03,93,0.113398,0.633057,0.021516,0.020504
henon,param,3,5,0.01,1.28,1.000e-03,94,0.116619,0.635376,0.014183,0.004601
henon,param,3,5,0.01,1.28,1.000e-03,95,0.112998,0.637756,0.010200,0.028040
henon,param,3,5,0.01,1.28,1.000e-03,96,0.120008,0.637573,0.007937,0.010941
henon,param,3,5,0.01,1.28,1.000e-03,97,0.123555,0.644653,0.005473,0.015440
henon,param,3,5,0.01,1.28,1.000e-03,98,0.122568,0.637634,0.005445,0.014932
henon,param,3,5,0.01,1.28,1.000e-03,99,0.119820,0.640930,0.004505,0.005619
henon,param,3,5,0.01,1.28,1.000e-03,100,0.121121,0.640503,0.013202,0.005872
henon,param,3,5,0.01,1.28,1.000e-03,101,0.124998,0.638855,-0.003995,0.002303
henon,param,3,5,0.01,1.28,1.000e-03,102,0.119766,0.641541,0.000967,0.016846
henon,param,3,5,0.01,1.28,1.000e-03,103,0.125972,0.644531,0.009383,-0.008332
henon,param,3,5,0.01,1.28,1.000e-03,104,0.127762,0.647217,-0.000201,0.016664
henon,param,3,5,0.01,1.28,1.000e-03,105,0.133168,0.646851,-0.003272,0.002240
henon,param,3,5,0.01,1.28,1.000e-03,106,0.121896,0.637207,0.008676,-0.005365
henon,param,3,5,0.01,1.28,1.000e-03,107,0.116993,0.635559,0.028721,0.018480
henon,param,3,5,0.01,1.28,1.000e-03,108,0.126295,0.643372,0.003039,-0.000762
henon,param,3,5,0.01,1.28,1.000e-03,109,0.127864,0.648499,0.006157,0.006697
henon,param,3,5,0.01,1.28,1.000e-03,110,0.122923,0.640015,0.010968,0.004411
henon,param,3,5,0.01,1.28,1.000e-03,111,0.128863,0.644104,-0.004753,0.012930
henon,param,3,5,0.01,1.28,1.000e-03,112,0.126045,0.635803,0.010164,0.005372
henon,param,3,5,0.01,1.28,1.000e-03,113,0.118201,0.634094,0.020845,0.013285
henon,param,3,5,0.01,1.28,1.000e-03,114,0.124215,0.637451,0.015066,0.013827
henon,param,3,5,0.01,1.28,1.000e-03,115,0.127946,0.641602,0.010527,0.001316
henon,param,3,5,0.01,1.28,1.000e-03,116,0.128464,0.641235,0.008398,0.006017
henon,param,3,5,0.01,1.28,1.000e-03,117,0.132044,0.644348,0.001896,-0.001270
henon,param,3,5,0.01,1.28,1.000e-03,118,0.129413,0.638794,0.008695,0.001708
henon,param,3,5,0.01,1.28,1.000e-03,119,0.132040,0.643433,0.014442,-0.000590
henon,param,3,5,0.01,1.28,1.000e-03,120,0.126304,0.639221,0.009400,0.009770
henon,param,3,5,0.01,1.28,1.000e-03,121,0.124541,0.635132,0.019065,0.002206
henon,param,3,5,0.01,1.28,1.000e-03,122,0.126182,0.638306,0.003188,-0.002620
henon,param,3,5,0.01,1.28,1.000e-03,123,0.127937,0.641296,0.006372,0.012548
henon,param,3,5,0.01,1.28,1.000e-03,124,0.134280,0.644958,-0.001735,0.007958
henon,param,3,5,0.01,1.28,1.000e-03,125,0.132765,0.642090,-0.001466,0.006113
henon,param,3,5,0.01,1.28,1.000e-03,126,0.134448,0.644714,0.017131,-0.005310
henon,param,3,5,0.01,1.28,1.000e-03,127,0.132354,0.641724,-0.000075,-0.001413
henon,param,3,5,0.01,1.28,1.000e-03,128,0.125817,0.640808,0.009606,0.015677
henon,param,3,5,0.01,1.28,1.000e-03,129,0.128954,0.640564,0.001190,0.008685
henon,param,3,5,0.01,1.28,1.000e-03,130,0.132890,0.646790,0.001326,-0.003277
henon,param,3,5,0.01,1.28,1.000e-03,131,0.133385,0.642761,-0.005592,0.011412
henon,param,3,5,0.01,1.28,1.000e-03,132,0.137888,0.651733,-0.010546,-0.002782
henon,param,3,5,0.01,1.28,1.000e-03,133,0.139573,0.648926,0.016380,-0.008983
henon,param,3,5,0.01,1.28,1.000e-03,134,0.139001,0.650452,0.001132,-0.008682
henon,param,3,5,0.01,1.28,1.000e-03,135,0.131811,0.643188,-0.002454,-0.001703
henon,param,3,5,0.01,1.28,1.000e-03,136,0.127028,0.637329,0.007664,-0.003175
henon,param,3,5,0.01,1.28,1.000e-03,137,0.131316,0.640808,-0.001461,-0.006560
henon,param,3,5,0.01,1.28,1.000e-03,138,0.137287,0.650696,0.000351,-0.000678
henon,param,3,5,0.01,1.28,1.000e-03,139,0.138003,0.651733,0.009719,-0.009734
henon,param,3,5,0.01,1.28,1.000e-03,140,0.134275,0.643555,0.011786,-0.003589
henon,param,3,5,0.01,1.28,1.000e-03,141,0.133951,0.649048,0.003265,0.004205
henon,param,3,5,0.01,1.28,1.000e-03,142,0.128417,0.642029,0.000853,-0.000127
henon,param,3,5,0.01,1.28,1.000e-03,143,0.128737,0.644348,0.006511,0.001512
henon,param,3,5,0.01,1.28,1.000e-03,144,0.131050,0.641663,-0.000223,-0.003014
henon,param,3,5,0.01,1.28,1.000e-03,145,0.134634,0.650146,0.006070,0.000505
henon,param,3,5,0.01,1.28,1.000e-03,146,0.135435,0.648254,0.015956,-0.006890
henon,param,3,5,0.01,1.28,1.000e-03,147,0.137335,0.647522,0.003836,0.003992
henon,param,3,5,0.01,1.28,1.000e-03,148,0.136229,0.642517,-0.001422,0.006852
henon,param,3,5,0.01,1.28,1.000e-03,149,0.135017,0.645386,-0.004363,0.010398
henon,param,3,5,0.01,1.28,1.000e-03,150,0.132190,0.639404,-0.002538,0.008915
henon,param,3,5,0.01,1.28,1.000e-03,151,0.137849,0.648315,-0.008539,-0.006854
henon,param,3,5,0.01,1.28,1.000e-03,152,0.145353,0.651855,-0.004093,0.000425
henon,param,3,5,0.01,1.28,1.000e-03,153,0.145773,0.652893,0.002981,-0.001582
henon,param,3,5,0.01,1.28,1.000e-03,154,0.147733,0.652405,-0.010436,-0.011385
henon,param,3,5,0.01,1.28,1.000e-03,155,0.137352,0.648804,-0.002301,0.000531
henon,param,3,5,0.01,1.28,1.000e-03,156,0.135055,0.647034,0.001793,-0.001659
henon,param,3,5,0.01,1.28,1.000e-03,157,0.129946,0.640381,0.000198,-0.001186
henon,param,3,5,0.01,1.28,1.000e-03,158,0.137254,0.643616,-0.011511,-0.005174
henon,param,3,5,0.01,1.28,1.000e-03,159,0.143878,0.651245,-0.005955,-0.003689
henon,param,3,5,0.01,1.28,1.000e-03,160,0.140872,0.648499,0.010700,0.002023
henon,param,3,5,0.01,1.28,1.000e-03,161,0.145474,0.649292,-0.012398,-0.001684
henon,param,3,5,0.01,1.28,1.000e-03,162,0.143364,0.648682,-0.001150,0.005211
henon,param,3,5,0.01,1.28,1.000e-03,163,0.141268,0.645325,0.001881,0.001123
henon,param,3,5,0.01,1.28,1.000e-03,164,0.135794,0.643921,-0.003391,-0.007802
henon,param,3,5,0.01,1.28,1.000e-03,165,0.136364,0.643982,-0.003229,0.002346
henon,param,3,5,0.01,1.28,1.000e-03,166,0.138261,0.640198,-0.002962,-0.005282
henon,param,3,5,0.01,1.28,1.000e-03,167,0.135878,0.642578,0.007731,0.003241
henon,param,3,5,0.01,1.28,1.000e-03,168,0.139935,0.646606,-0.007602,0.002046
henon,param,3,5,0.01,1.28,1.000e-03,169,0.137033,0.646057,-0.000226,-0.002516
henon,param,3,5,0.01,1.28,1.000e-03,170,0.137303,0.646912,-0.003620,0.005664
henon,param,3,5,0.01,1.28,1.000e-03,171,0.130408,0.641052,-0.003998,-0.003817
henon,param,3,5,0.01,1.28,1.000e-03,172,0.136175,0.644897,-0.005748,0.005736
henon,param,3,5,0.01,1.28,1.000e-03,173,0.134960,0.643250,0.000420,-0.004049
henon,param,3,5,0.01,1.28,1.000e-03,174,0.135015,0.644104,0.004360,-0.000313
henon,param,3,5,0.01,1.28,1.000e-03,175,0.136305,0.646790,-0.003668,0.003727
henon,param,3,5,0.01,1.28,1.000e-03,176,0.138363,0.647949,0.001123,0.007494
henon,param,3,5,0.01,1.28,1.000e-03,177,0.136687,0.649536,-0.000532,0.009032
henon,param,3,5,0.01,1.28,1.000e-03,178,0.139439,0.649597,-0.006199,-0.007852
henon,param,3,5,0.01,1.28,1.000e-03,179,0.134542,0.643311,-0.004696,-0.007442
henon,param,3,5,0.01,1.28,1.000e-03,180,0.132218,0.645996,0.006102,0.008569
henon,param,3,5,0.01,1.28,1.000e-03,181,0.135062,0.643982,0.003140,0.006197
henon,param,3,5,0.01,1.28,1.000e-03,182,0.141609,0.647156,-0.016123,-0.003698
henon,param,3,5,0.01,1.28,1.000e-03,183,0.133023,0.643433,-0.000576,0.013359
henon,param,3,5,0.01,1.28,1.000e-03,184,0.138532,0.648193,-0.009770,0.010377
henon,param,3,5,0.01,1.28,1.000e-03,185,0.141592,0.648193,-0.003388,0.001224
henon,param,3,5,0.01,1.28,1.000e-03,186,0.138083,0.646301,-0.016403,0.001046
henon,param,3,5,0.01,1.28,1.000e-03,187,0.137859,0.646057,0.002277,0.000257
henon,param,3,5,0.01,1.28,1.000e-03,188,0.143878,0.651062,-0.005882,-0.012786
henon,param,3,5,0.01,1.28,1.000e-03,189,0.140855,0.648132,-0.001172,-0.004264
henon,param,3,5,0.01,1.28,1.000e-03,190,0.138461,0.648376,-0.009097,0.008260
henon,param,3,5,0.01,1.28,1.000e-03,191,0.144022,0.649536,-0.022043,0.011783
henon,param,3,5,0.01,1.28,1.000e-03,192,0.134724,0.644043,-0.007189,0.001546
henon,param,3,5,0.01,1.28,1.000e-03,193,0.136068,0.642883,-0.007670,-0.002570
henon,param,3,5,0.01,1.28,1.000e-03,194,0.136992,0.643677,0.004987,0.002588
henon,param,3,5,0.01,1.28,1.000e-03,195,0.147075,0.652710,-0.005417,-0.013079
henon,param,3,5,0.01,1.28,1.000e-03,196,0.138574,0.647583,0.006251,-0.009791
henon,param,3,5,0.01,1.28,1.000e-03,197,0.137245,0.646362,-0.008644,-0.002626
henon,param,3,5,0.01,1.28,1.000e-03,198,0.137098,0.646790,-0.009776,0.005803
henon,param,3,5,0.01,1.28,1.000e-03,199,0.135791,0.644409,-0.001069,-0.001651
henon,param,3,5,0.01,1.28,1.000e-03,200,0.134489,0.646484,-0.005219,0.004550
henon,param,3,5,0.01,1.28,1.000e-03,201,0.137158,0.647827,0.003804,-0.004828
henon,param,3,5,0.01,1.28,1.000e-03,202,0.137705,0.650146,0.004666,-0.007722
henon,param,3,5,0.01,1.28,1.000e-03,203,0.138980,0.648438,0.001054,-0.012325
henon,param,3,5,0.01,1.28,1.000e-03,204,0.142134,0.649231,-0.002527,-0.009870
henon,param,3,5,0.01,1.28,1.000e-03,205,0.140429,0.647339,-0.013011,-0.004894
henon,param,3,5,0.01,1.28,1.000e-03,206,0.131610,0.640137,0.001172,-0.002208
henon,param,3,5,0.01,1.28,1.000e-03,207,0.130351,0.640808,0.002822,0.010590
henon,param,3,5,0.01,1.28,1.000e-03,208,0.140761,0.649780,-0.005148,0.000492
henon,param,3,5,0.01,1.28,1.000e-03,209,0.134741,0.646362,0.002412,-0.000440
henon,param,3,5,0.01,1.28,1.000e-03,210,0.129606,0.642090,0.016674,0.002246
henon,param,3,5,0.01,1.28,1.000e-03,211,0.133506,0.645386,0.001009,0.007388
henon,param,3,5,0.01,1.28,1.000e-03,212,0.134059,0.643494,0.002135,0.005723
henon,param,3,5,0.01,1.28,1.000e-03,213,0.132701,0.639709,0.004907,-0.004123
henon,param,3,5,0.01,1.28,1.000e-03,214,0.136081,0.644836,-0.009547,-0.000125
henon,param,3,5,0.01,1.28,1.000e-03,215,0.135044,0.647278,0.004497,0.003814
henon,param,3,5,0.01,1.28,1.000e-03,216,0.130789,0.641479,0.009676,-0.001074
henon,param,3,5,0.01,1.28,1.000e-03,217,0.128859,0.641907,0.009391,0.009798
henon,param,3,5,0.01,1.28,1.000e-03,218,0.133948,0.648621,0.005400,-0.006811
henon,param,3,5,0.01,1.28,1.000e-03,219,0.134795,0.645142,-0.002683,-0.000734
henon,param,3,5,0.01,1.28,1.000e-03,220,0.134018,0.645874,0.000858,0.005040
henon,param,3,5,0.01,1.28,1.000e-03,221,0.139676,0.645081,-0.012851,0.001272
henon,param,3,5,0.01,1.28,1.000e-03,222,0.140314,0.649048,-0.002098,-0.002713
henon,param,3,5,0.01,1.28,1.000e-03,223,0.133424,0.647095,0.001868,-0.007857
henon,param,3,5,0.01,1.28,1.000e-03,224,0.135297,0.649414,-0.006054,0.002410
henon,param,3,5,0.01,1.28,1.000e-03,225,0.133583,0.646606,0.001327,-0.003434
henon,param,3,5,0.01,1.28,1.000e-03,226,0.129176,0.641357,0.004202,0.011789
henon,param,3,5,0.01,1.28,1.000e-03,227,0.128883,0.637573,0.000373,-0.002997
henon,param,3,5,0.01,1.28,1.000e-03,228,0.135963,0.644531,-0.003589,-0.004397
henon,param,3,5,0.01,1.28,1.000e-03,229,0.139254,0.648315,-0.000595,-0.001589
henon,param,3,5,0.01,1.28,1.000e-03,230,0.137939,0.646484,-0.006411,-0.009937
henon,param,3,5,0.01,1.28,1.000e-03,231,0.139189,0.647156,-0.004537,0.005831
henon,param,3,5,0.01,1.28,1.000e-03,232,0.136827,0.650879,0.000170,0.004324
henon,param,3,5,0.01,1.28,1.000e-03,233,0.139441,0.645691,-0.017027,0.005625
henon,param,3,5,0.01,1.28,1.000e-03,234,0.133442,0.640259,-0.005283,-0.004191
henon,param,3,5,0.01,1.28,1.000e-03,235,0.136075,0.646851,0.001243,0.006049
henon,param,3,5,0.01,1.28,1.000e-03,236,0.137803,0.649902,-0.001762,-0.007716
henon,param,3,5,0.01,1.28,1.000e-03,237,0.132894,0.642456,0.005250,-0.004299
henon,param,3,5,0.01,1.28,1.000e-03,238,0.136991,0.645508,-0.008565,0.003705
henon,param,3,5,0.01,1.28,1.000e-03,239,0.134995,0.644836,0.000394,0.005588
henon,param,3,5,0.01,1.28,1.000e-03,240,0.132230,0.647644,-0.004149,0.003433
henon,param,3,5,0.01,1.28,1.000e-03,241,0.133569,0.643005,-0.014743,-0.006613
henon,param,3,5,0.01,1.28,1.000e-03,242,0.134618,0.643250,-0.002363,0.004159
henon,param,3,5,0.01,1.28,1.000e-03,243,0.131948,0.645203,0.012198,-0.005383
henon,param,3,5,0.01,1.28,1.000e-03,244,0.131365,0.642578,0.017183,-0.000282
henon,param,3,5,0.01,1.28,1.000e-03,245,0.137329,0.644531,-0.004757,-0.003661
henon,param,3,5,0.01,1.28,1.000e-03,246,0.132981,0.648560,0.011249,0.008248
henon,param,3,5,0.01,1.28,1.000e-03,247,0.133145,0.645874,-0.000956,0.002285
henon,param,3,5,0.01,1.28,1.000e-03,248,0.137436,0.646973,-0.006654,-0.001958
henon,param,3,5,0.01,1.28,1.000e-03,249,0.137641,0.647522,-0.007586,0.001967
henon,param,3,5,0.01,1.28,1.000e-03,250,0.130563,0.646362,0.003288,-0.010238
henon,param,3,5,0.01,1.28,1.000e-03,251,0.132133,0.640320,-0.010310,0.009460
henon,param,3,5,0.01,1.28,1.000e-03,252,0.133503,0.643982,-0.007244,0.004653
henon,param,3,5,0.01,1.28,1.000e-03,253,0.131587,0.641724,0.003998,0.001131
henon,param,3,5,0.01,1.28,1.000e-03,254,0.128069,0.638733,-0.003250,0.004089
henon,param,3,5,0.01,1.28,1.000e-03,255,0.135815,0.647644,0.000368,0.012371
henon,param,3,5,0.01,1.28,1.000e-03,256,0.141015,0.650452,-0.017649,-0.008704
henon,param,3,5,0.01,1.28,1.000e-03,257,0.136066,0.649048,0.000839,-0.010010
henon,param,3,5,0.01,1.28,1.000e-03,258,0.133677,0.644043,0.002735,0.001551
henon,param,3,5,0.01,1.28,1.000e-03,259,0.135816,0.645203,-0.007545,0.004844
henon,param,3,5,0.01,1.28,1.000e-03,260,0.126547,0.640137,0.017462,0.001111
henon,param,3,5,0.01,1.28,1.000e-03,261,0.127857,0.643555,0.012544,-0.002667
henon,param,3,5,0.01,1.28,1.000e-03,262,0.132414,0.645325,0.006515,0.006215
henon,param,3,5,0.01,1.28,1.000e-03,263,0.137012,0.652161,-0.023462,0.005595
henon,param,3,5,0.01,1.28,1.000e-03,264,0.129444,0.644287,-0.000540,0.000358
henon,param,3,5,0.01,1.28,1.000e-03,265,0.129252,0.639771,0.008774,-0.001012
henon,param,3,5,0.01,1.28,1.000e-03,266,0.133473,0.644897,-0.003120,0.017879
henon,param,3,5,0.01,1.28,1.000e-03,267,0.127698,0.641113,0.007264,-0.002028
henon,param,3,5,0.01,1.28,1.000e-03,268,0.125534,0.639282,0.012555,0.000315
henon,param,3,5,0.01,1.28,1.000e-03,269,0.127829,0.640991,0.010976,0.015523
henon,param,3,5,0.01,1.28,1.000e-03,270,0.129678,0.644653,-0.012231,0.015667
henon,param,3,5,0.01,1.28,1.000e-03,271,0.124738,0.637390,0.001507,0.009498
henon,param,3,5,0.01,1.28,1.000e-03,272,0.130681,0.640869,0.004209,0.011769
henon,param,3,5,0.01,1.28,1.000e-03,273,0.133336,0.643738,-0.000556,0.017253
henon,param,3,5,0.01,1.28,1.000e-03,274,0.126030,0.635620,0.012636,0.003511
henon,param,3,5,0.01,1.28,1.000e-03,275,0.129345,0.641968,0.020580,-0.005829
henon,param,3,5,0.01,1.28,1.000e-03,276,0.139809,0.649231,-0.002396,-0.000541
henon,param,3,5,0.01,1.28,1.000e-03,277,0.135262,0.646057,-0.015903,0.006115
henon,param,3,5,0.01,1.28,1.000e-03,278,0.134092,0.645935,-0.003139,-0.001159
henon,param,3,5,0.01,1.28,1.000e-03,279,0.134366,0.644226,-0.010516,0.005653
henon,param,3,5,0.01,1.28,1.000e-03,280,0.133613,0.645935,-0.002724,0.011226
henon,param,3,5,0.01,1.28,1.000e-03,281,0.133222,0.643738,0.004825,-0.013696
henon,param,3,5,0.01,1.28,1.000e-03,282,0.136924,0.645935,0.005434,0.009393
henon,param,3,5,0.01,1.28,1.000e-03,283,0.144165,0.657410,-0.009140,0.003902
henon,param,3,5,0.01,1.28,1.000e-03,284,0.140565,0.648865,-0.010900,-0.002839
henon,param,3,5,0.01,1.28,1.000e-03,285,0.137505,0.648865,0.000249,-0.014105
henon,param,3,5,0.01,1.28,1.000e-03,286,0.134467,0.647949,-0.001189,0.011911
henon,param,3,5,0.01,1.28,1.000e-03,287,0.129292,0.642944,0.003039,0.012152
henon,param,3,5,0.01,1.28,1.000e-03,288,0.131565,0.642944,0.004007,-0.005964
henon,param,3,5,0.01,1.28,1.000e-03,289,0.144186,0.650269,-0.006956,0.000973
henon,param,3,5,0.01,1.28,1.000e-03,290,0.146293,0.657166,-0.009852,-0.016939
henon,param,3,5,0.01,1.28,1.000e-03,291,0.140194,0.651917,-0.003605,-0.011804
henon,param,3,5,0.01,1.28,1.000e-03,292,0.140752,0.650391,-0.018113,-0.007273
henon,param,3,5,0.01,1.28,1.000e-03,293,0.137190,0.647339,-0.013710,-0.002755
henon,param,3,5,0.01,1.28,1.000e-03,294,0.127438,0.642822,0.004047,0.008064
henon,param,3,5,0.01,1.28,1.000e-03,295,0.128578,0.638489,0.005031,0.003940
henon,param,3,5,0.01,1.28,1.000e-03,296,0.137573,0.649231,0.002507,-0.000777
henon,param,3,5,0.01,1.28,1.000e-03,297,0.134890,0.648193,0.005804,-0.004441
henon,param,3,5,0.01,1.28,1.000e-03,298,0.138149,0.652039,-0.006698,-0.011431
henon,param,3,5,0.01,1.28,1.000e-03,299,0.136334,0.645935,-0.017035,-0.004938
henon,param,3,5,0.01,1.28,1.000e-03,300,0.135728,0.644531,-0.008115,-0.002580
henon,param,3,5,0.01,1.28,1.000e-03,301,0.129621,0.638550,0.012371,0.009992
henon,param,3,5,0.01,1.28,1.000e-03,302,0.127984,0.642700,0.004381,0.002249
henon,param,3,5,0.01,1.28,1.000e-03,303,0.134165,0.644104,0.007294,-0.004733
henon,param,3,5,0.01,1.28,1.000e-03,304,0.135486,0.652283,0.004988,-0.010591
henon,param,3,5,0.01,1.28,1.000e-03,305,0.136008,0.647217,-0.008169,-0.006018
henon,param,3,5,0.01,1.28,1.000e-03,306,0.135091,0.643555,0.001925,-0.006322
henon,param,3,5,0.01,1.28,1.000e-03,307,0.144488,0.655457,-0.008067,-0.008240
henon,param,3,5,0.01,1.28,1.000e-03,308,0.133787,0.645752,0.007362,-0.004300
henon,param,3,5,0.01,1.28,1.000e-03,309,0.127083,0.638000,-0.000942,0.003422
henon,param,3,5,0.01,1.28,1.000e-03,310,0.133225,0.644287,0.002027,0.001877
henon,param,3,5,0.01,1.28,1.000e-03,311,0.137509,0.650452,0.004786,-0.002339
henon,param,3,5,0.01,1.28,1.000e-03,312,0.134549,0.641113,-0.001970,-0.004359
henon,param,3,5,0.01,1.28,1.000e-03,313,0.140813,0.648010,-0.002210,-0.008867
henon,param,3,5,0.01,1.28,1.000e-03,314,0.140351,0.648376,-0.002343,-0.000499
henon,param,3,5,0.01,1.28,1.000e-03,315,0.140772,0.649414,0.004291,-0.005174
henon,param,3,5,0.01,1.28,1.000e-03,316,0.133489,0.647034,0.005195,-0.008232
henon,param,3,5,0.01,1.28,1.000e-03,317,0.137065,0.646484,0.005155,-0.011348
henon,param,3,5,0.01,1.28,1.000e-03,318,0.135677,0.645508,0.007660,-0.009954
henon,param,3,5,0.01,1.28,1.000e-03,319,0.133609,0.642761,0.010667,0.001130
henon,param,3,5,0.01,1.28,1.000e-03,320,0.140999,0.646484,-0.009834,-0.003657
henon,param,3,5,0.01,1.28,1.000e-03,321,0.138207,0.650146,0.008154,-0.001007
henon,param,3,5,0.01,1.28,1.000e-03,322,0.137546,0.648193,0.015750,0.000545
henon,param,3,5,0.01,1.28,1.000e-03,323,0.141459,0.649048,-0.016939,0.004117
henon,param,3,5,0.01,1.28,1.000e-03,324,0.137887,0.650635,-0.011813,-0.012420
henon,param,3,5,0.01,1.28,1.000e-03,325,0.137463,0.646484,-0.003961,-0.024047
henon,param,3,5,0.01,1.28,1.000e-03,326,0.135727,0.645264,-0.005496,-0.003831
henon,param,3,5,0.01,1.28,1.000e-03,327,0.139975,0.644348,0.010572,-0.014378
henon,param,3,5,0.01,1.28,1.000e-03,328,0.143979,0.648376,-0.002359,-0.001705
henon,param,3,5,0.01,1.28,1.000e-03,329,0.142964,0.649414,0.002790,-0.009443
henon,param,3,5,0.01,1.28,1.000e-03,330,0.139060,0.651489,-0.008969,0.008917
henon,param,3,5,0.01,1.28,1.000e-03,331,0.139544,0.647827,-0.016701,-0.008295
henon,param,3,5,0.01,1.28,1.000e-03,332,0.134687,0.640259,0.000310,-0.011858
henon,param,3,5,0.01,1.28,1.000e-03,333,0.136638,0.644226,-0.005697,0.004619
henon,param,3,5,0.01,1.28,1.000e-03,334,0.140686,0.649719,-0.007405,-0.005287
henon,param,3,5,0.01,1.28,1.000e-03,335,0.141826,0.649231,-0.004307,-0.000643
henon,param,3,5,0.01,1.28,1.000e-03,336,0.140847,0.649658,-0.003938,-0.001272
henon,param,3,5,0.01,1.28,1.000e-03,337,0.141700,0.651001,-0.001004,-0.002090
henon,param,3,5,0.01,1.28,1.000e-03,338,0.139234,0.647888,-0.007107,-0.016374
henon,param,3,5,0.01,1.28,1.000e-03,339,0.139195,0.644470,-0.000009,-0.008544
henon,param,3,5,0.01,1.28,1.000e-03,340,0.142520,0.652466,-0.014919,-0.014107
henon,param,3,5,0.01,1.28,1.000e-03,341,0.138373,0.648743,-0.006536,0.000250
henon,param,3,5,0.01,1.28,1.000e-03,342,0.145141,0.648926,-0.005043,-0.006593
henon,param,3,5,0.01,1.28,1.000e-03,343,0.143868,0.648438,-0.005461,-0.003031
henon,param,3,5,0.01,1.28,1.000e-03,344,0.137666,0.645203,0.009423,-0.000632
henon,param,3,5,0.01,1.28,1.000e-03,345,0.130515,0.641174,0.007592,-0.006976
henon,param,3,5,0.01,1.28,1.000e-03,346,0.133004,0.645020,0.012936,-0.007758
henon,param,3,5,0.01,1.28,1.000e-03,347,0.137253,0.644897,-0.003593,-0.010712
henon,param,3,5,0.01,1.28,1.000e-03,348,0.136201,0.648010,-0.004696,0.004031
henon,param,3,5,0.01,1.28,1.000e-03,349,0.141609,0.648621,0.000910,-0.001643
henon,param,3,5,0.01,1.28,1.000e-03,350,0.143870,0.645630,-0.006633,-0.002966
henon,param,3,5,0.01,1.28,1.000e-03,351,0.133539,0.642273,0.011673,0.007061
henon,param,3,5,0.01,1.28,1.000e-03,352,0.132037,0.642090,0.013698,0.001055
henon,param,3,5,0.01,1.28,1.000e-03,353,0.134817,0.642456,-0.005916,0.010462
henon,param,3,5,0.01,1.28,1.000e-03,354,0.140656,0.647034,-0.009989,0.000726
henon,param,3,5,0.01,1.28,1.000e-03,355,0.139628,0.647461,-0.004613,-0.003524
henon,param,3,5,0.01,1.28,1.000e-03,356,0.147865,0.651428,-0.018201,-0.009013
henon,param,3,5,0.01,1.28,1.000e-03,357,0.144036,0.649597,-0.000525,-0.016657
henon,param,3,5,0.01,1.28,1.000e-03,358,0.136991,0.647095,-0.008555,0.002643
henon,param,3,5,0.01,1.28,1.000e-03,359,0.130360,0.640869,-0.002537,0.010031
henon,param,3,5,0.01,1.28,1.000e-03,360,0.137115,0.645874,-0.007288,-0.001264
henon,param,3,5,0.01,1.28,1.000e-03,361,0.133132,0.643494,0.002388,0.005093
henon,param,3,5,0.01,1.28,1.000e-03,362,0.131337,0.645020,0.011359,0.003206
henon,param,3,5,0.01,1.28,1.000e-03,363,0.134460,0.643066,-0.003629,-0.003026
henon,param,3,5,0.01,1.28,1.000e-03,364,0.137589,0.649841,-0.001380,-0.005595
henon,param,3,5,0.01,1.28,1.000e-03,365,0.135030,0.642578,0.007930,-0.004955
henon,param,3,5,0.01,1.28,1.000e-03,366,0.132655,0.645630,-0.006136,0.012915
henon,param,3,5,0.01,1.28,1.000e-03,367,0.130651,0.642761,0.003659,-0.003577
henon,param,3,5,0.01,1.28,1.000e-03,368,0.137034,0.646423,-0.006292,-0.004142
henon,param,3,5,0.01,1.28,1.000e-03,369,0.137218,0.647461,-0.003067,0.004308
henon,param,3,5,0.01,1.28,1.000e-03,370,0.136453,0.648315,0.008757,-0.000951
henon,param,3,5,0.01,1.28,1.000e-03,371,0.138007,0.647766,0.003413,-0.000576
henon,param,3,5,0.01,1.28,1.000e-03,372,0.139699,0.648926,-0.002577,-0.003719
henon,param,3,5,0.01,1.28,1.000e-03,373,0.132215,0.644348,0.001242,0.013406
henon,param,3,5,0.01,1.28,1.000e-03,374,0.133869,0.641052,-0.013046,-0.010089
henon,param,3,5,0.01,1.28,1.000e-03,375,0.137204,0.644775,-0.005474,0.004810
henon,param,3,5,0.01,1.28,1.000e-03,376,0.135641,0.640564,0.001480,0.002111
henon,param,3,5,0.01,1.28,1.000e-03,377,0.136282,0.646545,0.011496,0.004181
henon,param,3,5,0.01,1.28,1.000e-03,378,0.136243,0.645447,0.008128,-0.009339
henon,param,3,5,0.01,1.28,1.000e-03,379,0.132567,0.642822,-0.002809,-0.002039
henon,param,3,5,0.01,1.28,1.000e-03,380,0.125920,0.636780,0.010277,0.010775
henon,param,3,5,0.01,1.28,1.000e-03,381,0.129125,0.644104,0.009911,-0.011308
henon,param,3,5,0.01,1.28,1.000e-03,382,0.131596,0.642883,-0.002194,-0.000853
henon,param,3,5,0.01,1.28,1.000e-03,383,0.128339,0.638733,0.005040,0.007298
henon,param,3,5,0.01,1.28,1.000e-03,384,0.133475,0.644287,0.009296,0.005596
henon,param,3,5,0.01,1.28,1.000e-03,385,0.134172,0.644531,0.007866,-0.004480
henon,param,3,5,0.01,1.28,1.000e-03,386,0.141260,0.650208,-0.017036,0.007909
henon,param,3,5,0.01,1.28,1.000e-03,387,0.138149,0.644897,-0.011860,-0.003705
henon,param,3,5,0.01,1.28,1.000e-03,388,0.134188,0.644958,-0.005252,-0.019762
henon,param,3,5,0.01,1.28,1.000e-03,389,0.130978,0.641846,-0.001368,0.000363
henon,param,3,5,0.01,1.28,1.000e-03,390,0.132455,0.644714,0.005432,-0.001367
henon,param,3,5,0.01,1.28,1.000e-03,391,0.134396,0.648743,0.014380,-0.004590
henon,param,3,5,0.01,1.28,1.000e-03,392,0.141134,0.650391,0.001691,0.003530
henon,param,3,5,0.01,1.28,1.000e-03,393,0.142495,0.652283,-0.007633,-0.002722
henon,param,3,5,0.01,1.28,1.000e-03,394,0.137558,0.648071,0.000924,-0.006991
henon,param,3,5,0.01,1.28,1.000e-03,395,0.138101,0.649902,-0.014898,-0.004594
henon,param,3,5,0.01,1.28,1.000e-03,396,0.131736,0.638062,-0.019278,0.008703
henon,param,3,5,0.01,1.28,1.000e-03,397,0.131599,0.640930,-0.001101,0.006766
henon,param,3,5,0.01,1.28,1.000e-03,398,0.140880,0.648315,0.006415,-0.007529
henon,param,3,5,0.01,1.28,1.000e-03,399,0.142951,0.651794,-0.012232,0.009891
henon,param,3,5,0.01,1.28,1.000e-03,400,0.142154,0.648254,-0.003721,-0.004209
henon,param,3,5,0.01,1.28,1.000e-02,1,-4.971861,0.000000,0.999997,0.999997
henon,param,3,5,0.01,1.28,1.000e-02,2,-4.365162,0.000000,0.999748,0.999743
henon,param,3,5,0.01,1.28,1.000e-02,3,-3.838609,0.000000,0.999576,0.999587
henon,param,3,5,0.01,1.28,1.000e-02,4,-3.551210,0.000000,0.999344,0.999352
henon,param,3,5,0.01,1.28,1.000e-02,5,-3.192358,0.000000,0.998501,0.998458
henon,param,3,5,0.01,1.28,1.000e-02,6,-2.856186,0.000000,0.996206,0.996144
henon,param,3,5,0.01,1.28,1.000e-02,7,-2.574338,0.000000,0.991986,0.992031
henon,param,3,5,0.01,1.28,1.000e-02,8,-2.310133,0.000000,0.980745,0.980713
henon,param,3,5,0.01,1.28,1.000e-02,9,-1.980928,0.009827,0.949672,0.950321
henon,param,3,5,0.01,1.28,1.000e-02,10,-1.730789,0.050354,0.904561,0.904053
henon,param,3,5,0.01,1.28,1.000e-02,11,-1.497165,0.106079,0.839398,0.838804
henon,param,3,5,0.01,1.28,1.000e-02,12,-1.285457,0.159180,0.766890,0.761130
henon,param,3,5,0.01,1.28,1.000e-02,13,-1.086786,0.239502,0.661188,0.661006
henon,param,3,5,0.01,1.28,1.000e-02,14,-0.973381,0.257812,0.625239,0.621531
henon,param,3,5,0.01,1.28,1.000e-02,15,-0.847944,0.307190,0.545217,0.541730
henon,param,3,5,0.01,1.28,1.000e-02,16,-0.738520,0.331299,0.508680,0.501277
henon,param,3,5,0.01,1.28,1.000e-02,17,-0.690841,0.337585,0.493497,0.495887
henon,param,3,5,0.01,1.28,1.000e-02,18,-0.644435,0.352844,0.467591,0.468955
henon,param,3,5,0.01,1.28,1.000e-02,19,-0.592641,0.365356,0.473591,0.443590
henon,param,3,5,0.01,1.28,1.000e-02,20,-0.540236,0.385925,0.429130,0.412373
henon,param,3,5,0.01,1.28,1.000e-02,21,-0.499973,0.403870,0.399460,0.392140
henon,param,3,5,0.01,1.28,1.000e-02,22,-0.443970,0.421692,0.347490,0.357969
henon,param,3,5,0.01,1.28,1.000e-02,23,-0.405596,0.438599,0.342879,0.337524
henon,param,3,5,0.01,1.28,1.000e-02,24,-0.395222,0.437134,0.340050,0.356288
henon,param,3,5,0.01,1.28,1.000e-02,25,-0.368995,0.442688,0.332522,0.334551
henon,param,3,5,0.01,1.28,1.000e-02,26,-0.343656,0.453735,0.329344,0.307989
henon,param,3,5,0.01,1.28,1.000e-02,27,-0.320554,0.464539,0.295076,0.301907
henon,param,3,5,0.01,1.28,1.000e-02,28,-0.304072,0.470215,0.273902,0.286548
henon,param,3,5,0.01,1.28,1.000e-02,29,-0.266645,0.489258,0.268924,0.254580
henon,param,3,5,0.01,1.28,1.000e-02,30,-0.246727,0.497620,0.257680,0.237363
henon,param,3,5,0.01,1.28,1.000e-02,31,-0.243216,0.497437,0.242603,0.248747
henon,param,3,5,0.01,1.28,1.000e-02,32,-0.224229,0.501587,0.240265,0.235956
henon,param,3,5,0.01,1.28,1.000e-02,33,-0.206936,0.509094,0.231819,0.226999
henon,param,3,5,0.01,1.28,1.000e-02,34,-0.194918,0.512390,0.220740,0.215324
henon,param,3,5,0.01,1.28,1.000e-02,35,-0.172049,0.522339,0.198276,0.196565
henon,param,3,5,0.01,1.28,1.000e-02,36,-0.152278,0.535706,0.197362,0.187160
henon,param,3,5,0.01,1.28,1.000e-02,37,-0.133075,0.541077,0.203239,0.155035
henon,param,3,5,0.01,1.28,1.000e-02,38,-0.126630,0.545349,0.185067,0.174200
henon,param,3,5,0.01,1.28,1.000e-02,39,-0.117990,0.545105,0.175962,0.167948
henon,param,3,5,0.01,1.28,1.000e-02,40,-0.111515,0.546204,0.170554,0.164905
henon,param,3,5,0.01,1.28,1.000e-02,41,-0.101321,0.554260,0.157708,0.158815
henon,param,3,5,0.01,1.28,1.000e-02,42,-0.092320,0.552979,0.145758,0.150994
henon,param,3,5,0.01,1.28,1.000e-02,43,-0.071657,0.564148,0.134154,0.134658
henon,param,3,5,0.01,1.28,1.000e-02,44,-0.058812,0.566711,0.135015,0.127611
henon,param,3,5,0.01,1.28,1.000e-02,45,-0.056431,0.564270,0.141255,0.136877
henon,param,3,5,0.01,1.28,1.000e-02,46,-0.050097,0.571350,0.147678,0.123908
henon,param,3,5,0.01,1.28,1.000e-02,47,-0.039467,0.572510,0.130423,0.115835
henon,param,3,5,0.01,1.28,1.000e-02,48,-0.034637,0.576050,0.110741,0.119101
henon,param,3,5,0.01,1.28,1.000e-02,49,-0.027276,0.577209,0.114673,0.099814
henon,param,3,5,0.01,1.28,1.000e-02,50,-0.014318,0.588440,0.107863,0.095263
henon,param,3,5,0.01,1.28,1.000e-02,51,-0.006652,0.586548,0.104829,0.095210
henon,param,3,5,0.01,1.28,1.000e-02,52,-0.003400,0.590332,0.107198,0.091512
henon,param,3,5,0.01,1.28,1.000e-02,53,-0.001971,0.593018,0.112876,0.083220
henon,param,3,5,0.01,1.28,1.000e-02,54,-0.002307,0.586121,0.099909,0.101414
henon,param,3,5,0.01,1.28,1.000e-02,55,0.001988,0.592346,0.089717,0.093227
henon,param,3,5,0.01,1.28,1.000e-02,56,0.009850,0.596680,0.083740,0.085305
henon,param,3,5,0.01,1.28,1.000e-02,57,0.024868,0.599731,0.074903,0.084933
henon,param,3,5,0.01,1.28,1.000e-02,58,0.030849,0.604126,0.080989,0.059587
henon,param,3,5,0.01,1.28,1.000e-02,59,0.028166,0.600281,0.089817,0.070452
henon,param,3,5,0.01,1.28,1.000e-02,60,0.036975,0.604431,0.073810,0.069459
henon,param,3,5,0.01,1.28,1.000e-02,61,0.038043,0.601562,0.072172,0.077986
henon,param,3,5,0.01,1.28,1.000e-02,62,0.040645,0.607727,0.063601,0.073648
henon,param,3,5,0.01,1.28,1.000e-02,63,0.041872,0.608459,0.067290,0.057923
henon,param,3,5,0.01,1.28,1.000e-02,64,0.052604,0.613708,0.042860,0.058801
henon,param,3,5,0.01,1.28,1.000e-02,65,0.053907,0.612671,0.053681,0.048017
henon,param,3,5,0.01,1.28,1.000e-02,66,0.051776,0.611206,0.075348,0.063940
henon,param,3,5,0.01,1.28,1.000e-02,67,0.063819,0.620483,0.054500,0.052494
henon,param,3,5,0.01,1.28,1.000e-02,68,0.060941,0.616455,0.061900,0.049240
henon,param,3,5,0.01,1.28,1.000e-02,69,0.064742,0.619446,0.038587,0.046918
henon,param,3,5,0.01,1.28,1.000e-02,70,0.065164,0.621216,0.054221,0.036768
henon,param,3,5,0.01,1.28,1.000e-02,71,0.074896,0.621643,0.042135,0.030073
henon,param,3,5,0.01,1.28,1.000e-02,72,0.077428,0.622681,0.035242,0.040296
henon,param,3,5,0.01,1.28,1.000e-02,73,0.079824,0.625854,0.045343,0.045244
henon,param,3,5,0.01,1.28,1.000e-02,74,0.084442,0.627502,0.026116,0.054806
henon,param,3,5,0.01,1.28,1.000e-02,75,0.079830,0.626099,0.039911,0.046923
henon,param,3,5,0.01,1.28,1.000e-02,76,0.078728,0.625305,0.030049,0.045569
henon,param,3,5,0.01,1.28,1.000e-02,77,0.077142,0.623169,0.036079,0.040533
henon,param,3,5,0.01,1.28,1.000e-02,78,0.082478,0.622192,0.034492,0.032640
henon,param,3,5,0.01,1.28,1.000e-02,79,0.088986,0.628662,0.034344,0.031855
henon,param,3,5,0.01,1.28,1.000e-02,80,0.091571,0.635376,0.033705,0.032809
henon,param,3,5,0.01,1.28,1.000e-02,81,0.091455,0.629150,0.020114,0.027690
henon,param,3,5,0.01,1.28,1.000e-02,82,0.088178,0.629089,0.042626,0.027622
henon,param,3,5,0.01,1.28,1.000e-02,83,0.095829,0.634949,0.014108,0.022135
henon,param,3,5,0.01,1.28,1.000e-02,84,0.093308,0.633362,0.024744,0.019881
henon,param,3,5,0.01,1.28,1.000e-02,85,0.094920,0.631714,0.028059,0.024272
henon,param,3,5,0.01,1.28,1.000e-02,86,0.102566,0.634766,0.016171,0.022432
henon,param,3,5,0.01,1.28,1.000e-02,87,0.103915,0.642029,0.025494,0.027347
henon,param,3,5,0.01,1.28,1.000e-02,88,0.105959,0.632385,0.014801,0.030401
henon,param,3,5,0.01,1.28,1.000e-02,89,0.105528,0.634705,0.022741,0.034464
henon,param,3,5,0.01,1.28,1.000e-02,90,0.106467,0.635864,0.016333,0.026068
henon,param,3,5,0.01,1.28,1.000e-02,91,0.107239,0.636536,0.016831,0.014580
henon,param,3,5,0.01,1.28,1.000e-02,92,0.104406,0.630676,0.021029,0.011239
henon,param,3,5,0.01,1.28,1.000e-02,93,0.111118,0.636414,0.016570,0.014174
henon,param,3,5,0.01,1.28,1.000e-02,94,0.111441,0.642090,0.014505,0.022971
henon,param,3,5,0.01,1.28,1.000e-02,95,0.112185,0.636353,0.011368,0.014240
henon,param,3,5,0.01,1.28,1.000e-02,96,0.107210,0.635376,0.016363,0.028037
henon,param,3,5,0.01,1.28,1.000e-02,97,0.110572,0.637573,0.020774,0.018684
henon,param,3,5,0.01,1.28,1.000e-02,98,0.113059,0.641724,0.019306,0.009708
henon,param,3,5,0.01,1.28,1.000e-02,99,0.117205,0.639465,0.013769,0.002582
henon,param,3,5,0.01,1.28,1.000e-02,100,0.123673,0.647949,0.007813,0.005249
henon,param,3,5,0.01,1.28,1.000e-02,101,0.122160,0.644775,-0.001211,0.015018
henon,param,3,5,0.01,1.28,1.000e-02,102,0.116001,0.640198,0.004033,0.010830
henon,param,3,5,0.01,1.28,1.000e-02,103,0.114449,0.635071,0.010547,0.026480
henon,param,3,5,0.01,1.28,1.000e-02,104,0.110335,0.636169,0.020267,0.023468
henon,param,3,5,0.01,1.28,1.000e-02,105,0.116762,0.636230,0.021850,0.009041
henon,param,3,5,0.01,1.28,1.000e-02,106,0.121034,0.640137,0.008558,0.003594
henon,param,3,5,0.01,1.28,1.000e-02,107,0.122345,0.646729,0.008062,0.015885
henon,param,3,5,0.01,1.28,1.000e-02,108,0.121268,0.641663,0.005975,0.021303
henon,param,3,5,0.01,1.28,1.000e-02,109,0.122553,0.645325,0.013196,0.010021
henon,param,3,5,0.01,1.28,1.000e-02,110,0.117902,0.639648,0.012647,0.020690
henon,param,3,5,0.01,1.28,1.000e-02,111,0.113706,0.637207,0.007694,0.019088
henon,param,3,5,0.01,1.28,1.000e-02,112,0.120661,0.639221,0.015431,0.004652
henon,param,3,5,0.01,1.28,1.000e-02,113,0.127198,0.640930,0.004981,-0.002064
henon,param,3,5,0.01,1.28,1.000e-02,114,0.125058,0.645142,0.003911,0.028113
henon,param,3,5,0.01,1.28,1.000e-02,115,0.130874,0.646606,0.001572,0.006937
henon,param,3,5,0.01,1.28,1.000e-02,116,0.129668,0.650330,-0.000154,-0.000045
henon,param,3,5,0.01,1.28,1.000e-02,117,0.130435,0.649170,0.004482,0.010022
henon,param,3,5,0.01,1.28,1.000e-02,118,0.128686,0.642273,-0.000458,0.000912
henon,param,3,5,0.01,1.28,1.000e-02,119,0.125888,0.644592,0.012584,0.004650
henon,param,3,5,0.01,1.28,1.000e-02,120,0.128575,0.642456,0.007776,-0.001878
henon,param,3,5,0.01,1.28,1.000e-02,121,0.129653,0.647095,0.015111,0.003483
henon,param,3,5,0.01,1.28,1.000e-02,122,0.126506,0.642944,0.012554,0.004485
henon,param,3,5,0.01,1.28,1.000e-02,123,0.125791,0.645081,0.015261,0.001241
henon,param,3,5,0.01,1.28,1.000e-02,124,0.127814,0.646179,0.007908,-0.000577
henon,param,3,5,0.01,1.28,1.000e-02,125,0.126372,0.647217,0.004028,0.000133
henon,param,3,5,0.01,1.28,1.000e-02,126,0.129375,0.647461,0.005187,-0.003386
henon,param,3,5,0.01,1.28,1.000e-02,127,0.128805,0.645508,-0.006386,0.000323
henon,param,3,5,0.01,1.28,1.000e-02,128,0.129738,0.649109,0.004320,0.007058
henon,param,3,5,0.01,1.28,1.000e-02,129,0.129590,0.646667,-0.004332,0.002462
henon,param,3,5,0.01,1.28,1.000e-02,130,0.129011,0.648071,0.007820,0.004372
henon,param,3,5,0.01,1.28,1.000e-02,131,0.128003,0.645386,0.002748,0.001367
henon,param,3,5,0.01,1.28,1.000e-02,132,0.128906,0.645996,-0.007012,-0.001563
henon,param,3,5,0.01,1.28,1.000e-02,133,0.125994,0.649292,0.007613,0.011437
henon,param,3,5,0.01,1.28,1.000e-02,134,0.127599,0.649902,0.004636,-0.002296
henon,param,3,5,0.01,1.28,1.000e-02,135,0.130795,0.650513,-0.002412,-0.002453
henon,param,3,5,0.01,1.28,1.000e-02,136,0.128167,0.646240,0.001228,-0.002205
henon,param,3,5,0.01,1.28,1.000e-02,137,0.121498,0.645325,0.015976,0.011278
henon,param,3,5,0.01,1.28,1.000e-02,138,0.125090,0.647095,0.002932,0.014755
henon,param,3,5,0.01,1.28,1.000e-02,139,0.128031,0.644775,-0.005544,-0.001473
henon,param,3,5,0.01,1.28,1.000e-02,140,0.124341,0.641724,0.008996,0.008960
henon,param,3,5,0.01,1.28,1.000e-02,141,0.121196,0.644897,0.011603,0.007038
henon,param,3,5,0.01,1.28,1.000e-02,142,0.128514,0.646912,0.002643,-0.005618
henon,param,3,5,0.01,1.28,1.000e-02,143,0.128095,0.646667,-0.005328,-0.000851
henon,param,3,5,0.01,1.28,1.000e-02,144,0.125329,0.644409,-0.001414,0.010076
henon,param,3,5,0.01,1.28,1.000e-02,145,0.126947,0.643738,0.007341,0.001291
henon,param,3,5,0.01,1.28,1.000e-02,146,0.129143,0.646606,0.010261,-0.011295
henon,param,3,5,0.01,1.28,1.000e-02,147,0.125069,0.643860,0.017695,0.009653
henon,param,3,5,0.01,1.28,1.000e-02,148,0.127486,0.647461,0.016131,-0.002133
henon,param,3,5,0.01,1.28,1.000e-02,149,0.128268,0.641846,0.009519,0.008691
henon,param,3,5,0.01,1.28,1.000e-02,150,0.123709,0.642639,0.003750,0.006831
henon,param,3,5,0.01,1.28,1.000e-02,151,0.122877,0.641968,0.005188,0.003457
henon,param,3,5,0.01,1.28,1.000e-02,152,0.128580,0.649963,0.014086,0.006992
henon,param,3,5,0.01,1.28,1.000e-02,153,0.131992,0.650024,-0.000584,-0.007207
henon,param,3,5,0.01,1.28,1.000e-02,154,0.126321,0.646057,0.010163,0.008705
henon,param,3,5,0.01,1.28,1.000e-02,155,0.129140,0.650024,0.012506,0.000068
henon,param,3,5,0.01,1.28,1.000e-02,156,0.130896,0.646606,0.002221,0.001322
henon,param,3,5,0.01,1.28,1.000e-02,157,0.127327,0.645874,0.001293,0.002556
henon,param,3,5,0.01,1.28,1.000e-02,158,0.122572,0.637634,0.013661,0.011302
henon,param,3,5,0.01,1.28,1.000e-02,159,0.133055,0.649170,0.017498,0.005767
henon,param,3,5,0.01,1.28,1.000e-02,160,0.138741,0.648132,-0.004170,-0.006503
henon,param,3,5,0.01,1.28,1.000e-02,161,0.132585,0.649414,0.012222,0.011690
henon,param,3,5,0.01,1.28,1.000e-02,162,0.134997,0.648743,-0.001077,0.007480
henon,param,3,5,0.01,1.28,1.000e-02,163,0.137507,0.649170,-0.003055,-0.005788
henon,param,3,5,0.01,1.28,1.000e-02,164,0.129472,0.646545,0.003658,0.002284
henon,param,3,5,0.01,1.28,1.000e-02,165,0.127775,0.640747,0.006220,0.008771
henon,param,3,5,0.01,1.28,1.000e-02,166,0.133495,0.651184,0.005831,0.005397
henon,param,3,5,0.01,1.28,1.000e-02,167,0.128619,0.648621,-0.000210,0.013330
henon,param,3,5,0.01,1.28,1.000e-02,168,0.130574,0.645203,-0.005931,0.007745
henon,param,3,5,0.01,1.28,1.000e-02,169,0.135332,0.645081,0.005212,0.003607
henon,param,3,5,0.01,1.28,1.000e-02,170,0.135101,0.651245,0.002794,0.008883
henon,param,3,5,0.01,1.28,1.000e-02,171,0.130018,0.642578,0.001385,0.006474
henon,param,3,5,0.01,1.28,1.000e-02,172,0.131595,0.641296,0.005020,0.006269
henon,param,3,5,0.01,1.28,1.000e-02,173,0.127221,0.640930,0.018002,0.006224
henon,param,3,5,0.01,1.28,1.000e-02,174,0.134088,0.649597,0.004730,0.004897
henon,param,3,5,0.01,1.28,1.000e-02,175,0.135949,0.652344,-0.007835,0.002010
henon,param,3,5,0.01,1.28,1.000e-02,176,0.138581,0.647522,-0.011556,0.010695
henon,param,3,5,0.01,1.28,1.000e-02,177,0.139074,0.651978,0.000291,0.000590
henon,param,3,5,0.01,1.28,1.000e-02,178,0.132687,0.646179,0.000033,0.005189
henon,param,3,5,0.01,1.28,1.000e-02,179,0.128191,0.641602,0.007795,0.016523
henon,param,3,5,0.01,1.28,1.000e-02,180,0.135950,0.646912,0.000026,-0.001346
henon,param,3,5,0.01,1.28,1.000e-02,181,0.138080,0.649353,0.001604,-0.002902
henon,param,3,5,0.01,1.28,1.000e-02,182,0.136572,0.649109,-0.010671,0.011136
henon,param,3,5,0.01,1.28,1.000e-02,183,0.139283,0.651978,-0.007949,0.006247
henon,param,3,5,0.01,1.28,1.000e-02,184,0.140144,0.650269,-0.007072,0.002462
henon,param,3,5,0.01,1.28,1.000e-02,185,0.141512,0.650391,-0.016410,-0.004522
henon,param,3,5,0.01,1.28,1.000e-02,186,0.136059,0.650879,0.004035,-0.001428
henon,param,3,5,0.01,1.28,1.000e-02,187,0.134524,0.649536,0.007743,-0.002186
henon,param,3,5,0.01,1.28,1.000e-02,188,0.139624,0.650269,-0.009860,-0.006299
henon,param,3,5,0.01,1.28,1.000e-02,189,0.135419,0.650757,0.000885,0.007585
henon,param,3,5,0.01,1.28,1.000e-02,190,0.137944,0.653381,0.001604,0.003465
henon,param,3,5,0.01,1.28,1.000e-02,191,0.139618,0.649414,-0.006266,-0.017028
henon,param,3,5,0.01,1.28,1.000e-02,192,0.133602,0.648987,0.005337,-0.000923
henon,param,3,5,0.01,1.28,1.000e-02,193,0.133184,0.643555,0.006312,-0.001088
henon,param,3,5,0.01,1.28,1.000e-02,194,0.131322,0.645752,0.020086,-0.005328
henon,param,3,5,0.01,1.28,1.000e-02,195,0.129371,0.644836,0.019225,0.002331
henon,param,3,5,0.01,1.28,1.000e-02,196,0.131318,0.647583,-0.005190,0.006746
henon,param,3,5,0.01,1.28,1.000e-02,197,0.131877,0.647522,0.003948,-0.000258
henon,param,3,5,0.01,1.28,1.000e-02,198,0.137823,0.650024,-0.002396,-0.001799
henon,param,3,5,0.01,1.28,1.000e-02,199,0.140618,0.648376,-0.006719,-0.008316
henon,param,3,5,0.01,1.28,1.000e-02,200,0.138939,0.650635,0.007249,-0.005240
henon,param,3,5,0.01,1.28,1.000e-02,201,0.136123,0.647583,0.021668,-0.006991
henon,param,3,5,0.01,1.28,1.000e-02,202,0.144534,0.653687,0.000292,-0.011449
henon,param,3,5,0.01,1.28,1.000e-02,203,0.139061,0.653137,-0.005133,-0.004014
henon,param,3,5,0.01,1.28,1.000e-02,204,0.137080,0.650146,-0.002934,-0.004444
henon,param,3,5,0.01,1.28,1.000e-02,205,0.136989,0.647522,-0.004114,0.000126
henon,param,3,5,0.01,1.28,1.000e-02,206,0.134501,0.644348,0.004105,0.003633
henon,param,3,5,0.01,1.28,1.000e-02,207,0.138237,0.646790,0.007703,-0.003439
henon,param,3,5,0.01,1.28,1.000e-02,208,0.143071,0.657349,-0.002106,0.005586
henon,param,3,5,0.01,1.28,1.000e-02,209,0.141270,0.652161,-0.003201,-0.004996
henon,param,3,5,0.01,1.28,1.000e-02,210,0.139531,0.648376,-0.010010,-0.007799
henon,param,3,5,0.01,1.28,1.000e-02,211,0.142661,0.655212,-0.014612,0.004907
henon,param,3,5,0.01,1.28,1.000e-02,212,0.146414,0.652100,-0.013054,-0.006633
henon,param,3,5,0.01,1.28,1.000e-02,213,0.144956,0.654846,-0.007141,-0.004481
henon,param,3,5,0.01,1.28,1.000e-02,214,0.142360,0.650818,0.004505,-0.005971
henon,param,3,5,0.01,1.28,1.000e-02,215,0.145513,0.654663,0.006075,-0.003739
henon,param,3,5,0.01,1.28,1.000e-02,216,0.142174,0.648499,-0.001042,-0.005824
henon,param,3,5,0.01,1.28,1.000e-02,217,0.143524,0.652161,-0.010330,-0.006716
henon,param,3,5,0.01,1.28,1.000e-02,218,0.140037,0.650635,-0.013618,-0.001637
henon,param,3,5,0.01,1.28,1.000e-02,219,0.144523,0.652222,-0.004886,-0.002177
henon,param,3,5,0.01,1.28,1.000e-02,220,0.144949,0.652222,0.002505,-0.004493
henon,param,3,5,0.01,1.28,1.000e-02,221,0.142335,0.651428,-0.001335,-0.003255
henon,param,3,5,0.01,1.28,1.000e-02,222,0.143259,0.655762,-0.001544,-0.010896
henon,param,3,5,0.01,1.28,1.000e-02,223,0.137795,0.650085,0.001652,-0.012666
henon,param,3,5,0.01,1.28,1.000e-02,224,0.140852,0.648315,0.002247,-0.012862
henon,param,3,5,0.01,1.28,1.000e-02,225,0.138955,0.649170,-0.017437,-0.005927
henon,param,3,5,0.01,1.28,1.000e-02,226,0.129915,0.644775,0.005655,0.013085
henon,param,3,5,0.01,1.28,1.000e-02,227,0.136518,0.647400,-0.000079,-0.004777
henon,param,3,5,0.01,1.28,1.000e-02,228,0.137978,0.649109,0.006991,0.004664
henon,param,3,5,0.01,1.28,1.000e-02,229,0.140953,0.652039,-0.008032,-0.003926
henon,param,3,5,0.01,1.28,1.000e-02,230,0.139922,0.651917,-0.007383,-0.010670
henon,param,3,5,0.01,1.28,1.000e-02,231,0.141894,0.651672,-0.006182,-0.003146
henon,param,3,5,0.01,1.28,1.000e-02,232,0.139361,0.650757,-0.010444,-0.009475
henon,param,3,5,0.01,1.28,1.000e-02,233,0.137134,0.649597,-0.001395,0.000191
henon,param,3,5,0.01,1.28,1.000e-02,234,0.137895,0.643921,-0.001458,0.002721
henon,param,3,5,0.01,1.28,1.000e-02,235,0.143322,0.652283,0.005610,-0.003675
henon,param,3,5,0.01,1.28,1.000e-02,236,0.143205,0.655151,-0.002022,-0.002243
henon,param,3,5,0.01,1.28,1.000e-02,237,0.138585,0.645447,0.000106,-0.008750
henon,param,3,5,0.01,1.28,1.000e-02,238,0.138346,0.648376,0.004187,-0.007376
henon,param,3,5,0.01,1.28,1.000e-02,239,0.139865,0.650574,-0.005880,-0.009961
henon,param,3,5,0.01,1.28,1.000e-02,240,0.137019,0.647461,-0.005967,0.000946
henon,param,3,5,0.01,1.28,1.000e-02,241,0.140682,0.649353,-0.007717,0.015196
henon,param,3,5,0.01,1.28,1.000e-02,242,0.147558,0.657349,0.001512,-0.000913
henon,param,3,5,0.01,1.28,1.000e-02,243,0.138356,0.653503,0.001822,0.000552
henon,param,3,5,0.01,1.28,1.000e-02,244,0.136810,0.646790,-0.003497,-0.009873
henon,param,3,5,0.01,1.28,1.000e-02,245,0.137695,0.646973,-0.003281,-0.006569
henon,param,3,5,0.01,1.28,1.000e-02,246,0.136221,0.646912,-0.001946,0.003758
henon,param,3,5,0.01,1.28,1.000e-02,247,0.127457,0.639282,0.010615,0.010621
henon,param,3,5,0.01,1.28,1.000e-02,248,0.138432,0.650024,0.004586,0.003088
henon,param,3,5,0.01,1.28,1.000e-02,249,0.141494,0.655029,0.008409,-0.009977
henon,param,3,5,0.01,1.28,1.000e-02,250,0.134348,0.648132,0.000240,0.007485
henon,param,3,5,0.01,1.28,1.000e-02,251,0.132347,0.644470,-0.007652,0.001354
henon,param,3,5,0.01,1.28,1.000e-02,252,0.130574,0.643066,-0.013380,0.006212
henon,param,3,5,0.01,1.28,1.000e-02,253,0.129275,0.643188,-0.017455,0.017789
henon,param,3,5,0.01,1.28,1.000e-02,254,0.129178,0.641785,-0.001468,0.010227
henon,param,3,5,0.01,1.28,1.000e-02,255,0.132792,0.644470,0.001439,0.014018
henon,param,3,5,0.01,1.28,1.000e-02,256,0.137538,0.648560,0.005631,-0.006683
henon,param,3,5,0.01,1.28,1.000e-02,257,0.135932,0.650513,0.012157,0.003004
henon,param,3,5,0.01,1.28,1.000e-02,258,0.135229,0.648499,-0.001645,-0.008225
henon,param,3,5,0.01,1.28,1.000e-02,259,0.130852,0.644592,-0.002822,0.000707
henon,param,3,5,0.01,1.28,1.000e-02,260,0.132489,0.648071,-0.017575,0.014558
henon,param,3,5,0.01,1.28,1.000e-02,261,0.129169,0.646301,0.010213,0.011153
henon,param,3,5,0.01,1.28,1.000e-02,262,0.135017,0.647766,0.004222,0.001245
henon,param,3,5,0.01,1.28,1.000e-02,263,0.140202,0.651123,-0.000179,-0.015390
henon,param,3,5,0.01,1.28,1.000e-02,264,0.131634,0.647888,0.018606,0.006271
henon,param,3,5,0.01,1.28,1.000e-02,265,0.131149,0.644226,-0.002431,-0.005063
henon,param,3,5,0.01,1.28,1.000e-02,266,0.128962,0.647217,0.011838,0.004817
henon,param,3,5,0.01,1.28,1.000e-02,267,0.131618,0.645630,0.002645,-0.000846
henon,param,3,5,0.01,1.28,1.000e-02,268,0.131554,0.647766,0.003617,0.003033
henon,param,3,5,0.01,1.28,1.000e-02,269,0.133685,0.645813,0.005784,0.000891
henon,param,3,5,0.01,1.28,1.000e-02,270,0.135872,0.652771,0.005670,-0.008950
henon,param,3,5,0.01,1.28,1.000e-02,271,0.128086,0.646729,0.016794,0.008735
henon,param,3,5,0.01,1.28,1.000e-02,272,0.130942,0.645569,-0.007279,-0.005109
henon,param,3,5,0.01,1.28,1.000e-02,273,0.127424,0.644958,-0.000854,0.011706
henon,param,3,5,0.01,1.28,1.000e-02,274,0.133034,0.649109,-0.001401,0.008362
henon,param,3,5,0.01,1.28,1.000e-02,275,0.133451,0.647095,0.001156,0.002592
henon,param,3,5,0.01,1.28,1.000e-02,276,0.137614,0.647949,0.002567,0.006559
henon,param,3,5,0.01,1.28,1.000e-02,277,0.140700,0.651672,0.002985,-0.008146
henon,param,3,5,0.01,1.28,1.000e-02,278,0.134434,0.647644,0.011085,0.004362
henon,param,3,5,0.01,1.28,1.000e-02,279,0.130879,0.641052,-0.005391,0.008002
henon,param,3,5,0.01,1.28,1.000e-02,280,0.129731,0.642944,-0.006447,0.013396
henon,param,3,5,0.01,1.28,1.000e-02,281,0.135405,0.651733,0.001866,0.001566
henon,param,3,5,0.01,1.28,1.000e-02,282,0.135503,0.649597,0.009053,0.003823
henon,param,3,5,0.01,1.28,1.000e-02,283,0.142392,0.653992,-0.006133,-0.016962
henon,param,3,5,0.01,1.28,1.000e-02,284,0.137982,0.651001,-0.002035,-0.008715
henon,param,3,5,0.01,1.28,1.000e-02,285,0.128961,0.643799,0.016728,0.005216
henon,param,3,5,0.01,1.28,1.000e-02,286,0.127264,0.642334,-0.001749,0.002835
henon,param,3,5,0.01,1.28,1.000e-02,287,0.125996,0.645813,-0.002927,0.015969
henon,param,3,5,0.01,1.28,1.000e-02,288,0.132652,0.651978,-0.003628,-0.000378
henon,param,3,5,0.01,1.28,1.000e-02,289,0.135923,0.651001,-0.017531,0.000639
henon,param,3,5,0.01,1.28,1.000e-02,290,0.134571,0.654175,0.006026,-0.002944
henon,param,3,5,0.01,1.28,1.000e-02,291,0.131797,0.648193,0.004070,0.009845
henon,param,3,5,0.01,1.28,1.000e-02,292,0.133240,0.650085,0.002470,-0.000870
henon,param,3,5,0.01,1.28,1.000e-02,293,0.128126,0.646118,0.006660,-0.004771
henon,param,3,5,0.01,1.28,1.000e-02,294,0.126753,0.642639,0.001721,0.010576
henon,param,3,5,0.01,1.28,1.000e-02,295,0.133397,0.650146,-0.010616,0.004772
henon,param,3,5,0.01,1.28,1.000e-02,296,0.137518,0.649170,-0.005547,0.007810
henon,param,3,5,0.01,1.28,1.000e-02,297,0.133848,0.647705,0.004188,0.001640
henon,param,3,5,0.01,1.28,1.000e-02,298,0.135220,0.649780,0.009354,0.003840
henon,param,3,5,0.01,1.28,1.000e-02,299,0.130321,0.647278,0.005089,0.003122
henon,param,3,5,0.01,1.28,1.000e-02,300,0.130102,0.645447,-0.005424,0.002150
henon,param,3,5,0.01,1.28,1.000e-02,301,0.129686,0.648132,0.007132,0.002868
henon,param,3,5,0.01,1.28,1.000e-02,302,0.132091,0.648071,-0.000349,-0.002171
henon,param,3,5,0.01,1.28,1.000e-02,303,0.129030,0.645325,-0.000392,0.011762
henon,param,3,5,0.01,1.28,1.000e-02,304,0.130595,0.644287,0.010274,0.003289
henon,param,3,5,0.01,1.28,1.000e-02,305,0.135157,0.652771,0.002190,0.003289
henon,param,3,5,0.01,1.28,1.000e-02,306,0.132532,0.646240,0.001520,0.002053
henon,param,3,5,0.01,1.28,1.000e-02,307,0.136008,0.649414,-0.004324,-0.001401
henon,param,3,5,0.01,1.28,1.000e-02,308,0.133917,0.651306,0.001895,-0.004537
henon,param,3,5,0.01,1.28,1.000e-02,309,0.133530,0.648621,0.004320,-0.000205
henon,param,3,5,0.01,1.28,1.000e-02,310,0.132692,0.645813,0.004830,-0.004967
henon,param,3,5,0.01,1.28,1.000e-02,311,0.133432,0.647522,0.009637,-0.005290
henon,param,3,5,0.01,1.28,1.000e-02,312,0.134382,0.648865,0.002415,-0.003048
henon,param,3,5,0.01,1.28,1.000e-02,313,0.132560,0.646790,0.008110,0.006845
henon,param,3,5,0.01,1.28,1.000e-02,314,0.133937,0.648621,0.008332,0.006650
henon,param,3,5,0.01,1.28,1.000e-02,315,0.139984,0.650696,-0.009592,-0.008216
henon,param,3,5,0.01,1.28,1.000e-02,316,0.135129,0.646362,0.002830,-0.003332
henon,param,3,5,0.01,1.28,1.000e-02,317,0.135535,0.648499,0.002177,-0.002284
henon,param,3,5,0.01,1.28,1.000e-02,318,0.134192,0.645081,-0.002741,0.013032
henon,param,3,5,0.01,1.28,1.000e-02,319,0.135675,0.646301,-0.008121,0.005670
henon,param,3,5,0.01,1.28,1.000e-02,320,0.135926,0.641785,-0.006763,-0.001868
henon,param,3,5,0.01,1.28,1.000e-02,321,0.137003,0.651917,0.004585,0.005953
henon,param,3,5,0.01,1.28,1.000e-02,322,0.140221,0.654175,-0.002672,0.009536
henon,param,3,5,0.01,1.28,1.000e-02,323,0.141844,0.646606,-0.001758,-0.005329
henon,param,3,5,0.01,1.28,1.000e-02,324,0.138133,0.646301,-0.010330,0.002988
henon,param,3,5,0.01,1.28,1.000e-02,325,0.138609,0.652344,-0.001617,0.001271
henon,param,3,5,0.01,1.28,1.000e-02,326,0.138328,0.648315,-0.005759,0.000660
henon,param,3,5,0.01,1.28,1.000e-02,327,0.140473,0.646667,-0.012243,-0.004716
henon,param,3,5,0.01,1.28,1.000e-02,328,0.139734,0.650513,0.001074,0.014133
henon,param,3,5,0.01,1.28,1.000e-02,329,0.144263,0.653015,0.000705,0.001823
henon,param,3,5,0.01,1.28,1.000e-02,330,0.146898,0.652588,-0.013365,-0.004728
henon,param,3,5,0.01,1.28,1.000e-02,331,0.139325,0.646240,-0.005412,-0.002377
henon,param,3,5,0.01,1.28,1.000e-02,332,0.144097,0.651794,-0.005046,-0.007607
henon,param,3,5,0.01,1.28,1.000e-02,333,0.141128,0.651123,-0.013276,-0.001720
henon,param,3,5,0.01,1.28,1.000e-02,334,0.141900,0.647766,-0.011909,0.005282
henon,param,3,5,0.01,1.28,1.000e-02,335,0.141193,0.648010,-0.002534,0.003402
henon,param,3,5,0.01,1.28,1.000e-02,336,0.145764,0.652649,-0.014877,0.002682
henon,param,3,5,0.01,1.28,1.000e-02,337,0.143637,0.654236,-0.007140,-0.000438
henon,param,3,5,0.01,1.28,1.000e-02,338,0.143267,0.653137,-0.007840,-0.008373
henon,param,3,5,0.01,1.28,1.000e-02,339,0.140877,0.646851,-0.001429,0.001197
henon,param,3,5,0.01,1.28,1.000e-02,340,0.143687,0.651306,-0.008333,-0.004424
henon,param,3,5,0.01,1.28,1.000e-02,341,0.143775,0.653259,-0.007211,0.002999
henon,param,3,5,0.01,1.28,1.000e-02,342,0.141566,0.650757,0.009659,-0.004764
henon,param,3,5,0.01,1.28,1.000e-02,343,0.149113,0.657532,-0.009011,-0.015420
henon,param,3,5,0.01,1.28,1.000e-02,344,0.148301,0.656677,-0.009618,-0.003627
henon,param,3,5,0.01,1.28,1.000e-02,345,0.143432,0.651611,-0.016328,-0.012198
henon,param,3,5,0.01,1.28,1.000e-02,346,0.142940,0.652344,-0.015526,-0.005505
henon,param,3,5,0.01,1.28,1.000e-02,347,0.138460,0.649536,0.002620,-0.000648
henon,param,3,5,0.01,1.28,1.000e-02,348,0.134964,0.647034,-0.009913,0.007279
henon,param,3,5,0.01,1.28,1.000e-02,349,0.136993,0.648010,0.005993,-0.004938
henon,param,3,5,0.01,1.28,1.000e-02,350,0.144133,0.654053,-0.005930,0.008565
henon,param,3,5,0.01,1.28,1.000e-02,351,0.139798,0.650818,0.006149,0.004780
henon,param,3,5,0.01,1.28,1.000e-02,352,0.140936,0.649658,-0.011982,-0.005211
henon,param,3,5,0.01,1.28,1.000e-02,353,0.139060,0.648071,-0.010627,0.004646
henon,param,3,5,0.01,1.28,1.000e-02,354,0.142378,0.651978,-0.003034,-0.004921
henon,param,3,5,0.01,1.28,1.000e-02,355,0.135444,0.647156,-0.008644,-0.001202
henon,param,3,5,0.01,1.28,1.000e-02,356,0.138126,0.650757,-0.000202,-0.005412
henon,param,3,5,0.01,1.28,1.000e-02,357,0.138482,0.651184,-0.008909,0.007528
henon,param,3,5,0.01,1.28,1.000e-02,358,0.139528,0.652222,0.002060,0.004457
henon,param,3,5,0.01,1.28,1.000e-02,359,0.138341,0.648804,-0.018601,-0.008429
henon,param,3,5,0.01,1.28,1.000e-02,360,0.132762,0.642700,-0.001327,0.013824
henon,param,3,5,0.01,1.28,1.000e-02,361,0.133560,0.646790,0.012902,0.005887
henon,param,3,5,0.01,1.28,1.000e-02,362,0.139011,0.645447,-0.015779,-0.005863
henon,param,3,5,0.01,1.28,1.000e-02,363,0.138467,0.649353,0.003438,-0.012551
henon,param,3,5,0.01,1.28,1.000e-02,364,0.141606,0.653381,-0.005672,-0.005178
henon,param,3,5,0.01,1.28,1.000e-02,365,0.139263,0.651062,0.007416,0.000566
henon,param,3,5,0.01,1.28,1.000e-02,366,0.135702,0.645264,-0.000773,-0.006760
henon,param,3,5,0.01,1.28,1.000e-02,367,0.134655,0.649658,-0.005064,0.004039
henon,param,3,5,0.01,1.28,1.000e-02,368,0.136137,0.652161,0.011548,0.000231
henon,param,3,5,0.01,1.28,1.000e-02,369,0.137126,0.648621,0.004733,-0.016266
henon,param,3,5,0.01,1.28,1.000e-02,370,0.135142,0.648193,0.008371,-0.010907
henon,param,3,5,0.01,1.28,1.000e-02,371,0.138325,0.649414,0.001721,-0.011786
henon,param,3,5,0.01,1.28,1.000e-02,372,0.137930,0.645935,0.004277,0.000434
henon,param,3,5,0.01,1.28,1.000e-02,373,0.135526,0.646606,-0.000166,0.002950
henon,param,3,5,0.01,1.28,1.000e-02,374,0.135079,0.646606,-0.001124,0.011722
henon,param,3,5,0.01,1.28,1.000e-02,375,0.137253,0.651855,-0.000376,0.007095
henon,param,3,5,0.01,1.28,1.000e-02,376,0.143590,0.650940,-0.000725,-0.011155
henon,param,3,5,0.01,1.28,1.000e-02,377,0.141572,0.650146,-0.000341,-0.010513
henon,param,3,5,0.01,1.28,1.000e-02,378,0.141782,0.646423,0.004116,-0.005884
henon,param,3,5,0.01,1.28,1.000e-02,379,0.141252,0.649170,0.006632,0.000809
henon,param,3,5,0.01,1.28,1.000e-02,380,0.135413,0.644653,0.007452,0.001812
henon,param,3,5,0.01,1.28,1.000e-02,381,0.136106,0.643799,0.007749,0.003297
henon,param,3,5,0.01,1.28,1.000e-02,382,0.139232,0.649170,0.006624,0.002374
henon,param,3,5,0.01,1.28,1.000e-02,383,0.142184,0.652771,0.001533,-0.004567
henon,param,3,5,0.01,1.28,1.000e-02,384,0.143857,0.648560,-0.009028,-0.011074
henon,param,3,5,0.01,1.28,1.000e-02,385,0.143031,0.649292,-0.006675,-0.006695
henon,param,3,5,0.01,1.28,1.000e-02,386,0.137507,0.647949,-0.003038,0.004565
henon,param,3,5,0.01,1.28,1.000e-02,387,0.142409,0.647156,-0.011740,-0.008063
henon,param,3,5,0.01,1.28,1.000e-02,388,0.133920,0.647461,0.003629,0.001892
henon,param,3,5,0.01,1.28,1.000e-02,389,0.132662,0.645142,0.009136,0.013920
henon,param,3,5,0.01,1.28,1.000e-02,390,0.137540,0.648254,0.000144,-0.005546
henon,param,3,5,0.01,1.28,1.000e-02,391,0.135538,0.648621,-0.002002,-0.006258
henon,param,3,5,0.01,1.28,1.000e-02,392,0.132774,0.642395,0.000485,0.005970
henon,param,3,5,0.01,1.28,1.000e-02,393,0.136653,0.646790,0.005088,0.002953
henon,param,3,5,0.01,1.28,1.000e-02,394,0.135880,0.645325,0.010140,-0.003414
henon,param,3,5,0.01,1.28,1.000e-02,395,0.133777,0.643127,0.013486,-0.005161
henon,param,3,5,0.01,1.28,1.000e-02,396,0.128253,0.648010,0.009961,0.012072
henon,param,3,5,0.01,1.28,1.000e-02,397,0.133058,0.646667,0.001153,0.004162
henon,param,3,5,0.01,1.28,1.000e-02,398,0.131279,0.640503,0.004750,-0.002364
henon,param,3,5,0.01,1.28,1.000e-02,399,0.138259,0.651917,-0.004356,0.002238
henon,param,3,5,0.01,1.28,1.000e-02,400,0.135797,0.646301,-0.002714,0.007380
