family,mode,p,q,K,param,delta,t,mean_ln_d,frac_d_gt_scale,r_x1,r_x2
tent,K,3,5,0.05,2,1.000e-12,1,-27.724520,0.000000,1.000000,1.000000
tent,K,3,5,0.05,2,1.000e-12,2,-27.252603,0.000000,1.000000,1.000000
tent,K,3,5,0.05,2,1.000e-12,3,-26.566636,0.000000,1.000000,1.000000
tent,K,3,5,0.05,2,1.000e-12,4,-25.916635,0.000000,1.000000,1.000000
tent,K,3,5,0.05,2,1.000e-12,5,-25.273867,0.000000,1.000000,1.000000
tent,K,3,5,0.05,2,1.000e-12,6,-24.629950,0.000000,1.000000,1.000000
tent,K,3,5,0.05,2,1.000e-12,7,-23.986020,0.000000,1.000000,1.000000
tent,K,3,5,0.05,2,1.000e-12,8,-23.344272,0.000000,1.000000,1.000000
tent,K,3,5,0.05,2,1.000e-12,9,-22.701820,0.000000,1.000000,1.000000
tent,K,3,5,0.05,2,1.000e-12,10,-22.059026,0.000000,1.000000,1.000000
tent,K,3,5,0.05,2,1.000e-12,11,-21.416515,0.000000,1.000000,1.000000
tent,K,3,5,0.05,2,1.000e-12,12,-20.775288,0.000000,1.000000,1.000000
tent,K,3,5,0.05,2,1.000e-12,13,-20.132612,0.000000,1.000000,1.000000
tent,K,3,5,0.05,2,1.000e-12,14,-19.488744,0.000000,1.000000,1.000000
tent,K,3,5,0.05,2,1.000e-12,15,-18.847866,0.000000,1.000000,1.000000
tent,K,3,5,0.05,2,1.000e-12,16,-18.205446,0.000000,1.000000,1.000000
tent,K,3,5,0.05,2,1.000e-12,17,-17.563201,0.000000,1.000000,1.000000
tent,K,3,5,0.05,2,1.000e-12,18,-16.920731,0.000000,1.000000,1.000000
tent,K,3,5,0.05,2,1.000e-12,19,-16.278127,0.000000,1.000000,1.000000
tent,K,3,5,0.05,2,1.000e-12,20,-15.636178,0.000000,1.000000,1.000000
tent,K,3,5,0.05,2,1.000e-12,21,-14.994827,0.000000,1.000000,1.000000
tent,K,3,5,0.05,2,1.000e-12,22,-14.352164,0.000000,1.000000,1.000000
tent,K,3,5,0.05,2,1.000e-12,23,-13.710444,0.000000,1.000000,1.000000
tent,K,3,5,0.05,2,1.000e-12,24,-13.068437,0.000000,1.000000,1.000000
tent,K,3,5,0.05,2,1.000e-12,25,-12.426095,0.000000,1.000000,1.000000
tent,K,3,5,0.05,2,1.000e-12,26,-11.784114,0.000000,1.000000,1.000000
tent,K,3,5,0.05,2,1.000e-12,27,-11.142196,0.000000,1.000000,1.000000
tent,K,3,5,0.05,2,1.000e-12,28,-10.499852,0.000000,1.000000,1.000000
tent,K,3,5,0.05,2,1.000e-12,29,-9.857791,0.000000,1.000000,1.000000
tent,K,3,5,0.05,2,1.000e-12,30,-9.214652,0.000000,1.000000,1.000000
tent,K,3,5,0.05,2,1.000e-12,31,-8.571321,0.000061,1.000000,0.999528
tent,K,3,5,0.05,2,1.000e-12,32,-7.926752,0.000183,0.999995,0.998591
tent,K,3,5,0.05,2,1.000e-12,33,-7.284601,0.000122,0.999032,0.999987
tent,K,3,5,0.05,2,1.000e-12,34,-6.641332,0.000305,0.998953,0.998994
tent,K,3,5,0.05,2,1.000e-12,35,-5.995706,0.000977,0.996386,0.997455
tent,K,3,5,0.05,2,1.000e-12,36,-5.351290,0.001404,0.996194,0.995547
tent,K,3,5,0.05,2,1.000e-12,37,-4.707689,0.002258,0.994420,0.992044
tent,K,3,5,0.05,2,1.000e-12,38,-4.063592,0.004700,0.982280,0.984087
tent,K,3,5,0.05,2,1.000e-12,39,-3.429799,0.006042,0.975031,0.972789
tent,K,3,5,0.05,2,1.000e-12,40,-2.807525,0.015198,0.951236,0.942969
tent,K,3,5,0.05,2,1.000e-12,41,-2.219006,0.102966,0.893442,0.871305
tent,K,3,5,0.05,2,1.000e-12,42,-1.676095,0.375732,0.717514,0.682497
tent,K,3,5,0.05,2,1.000e-12,43,-1.241833,0.643616,0.387231,0.355782
tent,K,3,5,0.05,2,1.000e-12,44,-0.999613,0.773376,0.090074,0.085448
tent,K,3,5,0.05,2,1.000e-12,45,-0.937467,0.803040,-0.005558,0.012926
tent,K,3,5,0.05,2,1.000e-12,46,-0.940644,0.798279,0.001632,0.003307
tent,K,3,5,0.05,2,1.000e-12,47,-0.934808,0.803406,-0.007807,0.006623
tent,K,3,5,0.05,2,1.000e-12,48,-0.932162,0.805542,0.003728,-0.003519
tent,K,3,5,0.05,2,1.000e-12,49,-0.936670,0.798340,0.008491,-0.022446
tent,K,3,5,0.05,2,1.000e-12,50,-0.943164,0.796997,0.004947,0.005530
tent,K,3,5,0.05,2,1.000e-12,51,-0.940940,0.799744,0.005617,0.000647
tent,K,3,5,0.05,2,1.000e-12,52,-0.936497,0.802490,0.006582,0.000445
tent,K,3,5,0.05,2,1.000e-12,53,-0.938191,0.799866,0.014427,0.003351
tent,K,3,5,0.05,2,1.000e-12,54,-0.930192,0.807678,-0.015885,-0.002390
tent,K,3,5,0.05,2,1.000e-12,55,-0.936616,0.799927,-0.010405,0.005412
tent,K,3,5,0.05,2,1.000e-12,56,-0.929910,0.806030,-0.003077,-0.004839
tent,K,3,5,0.05,2,1.000e-12,57,-0.933601,0.804932,0.011486,0.000685
tent,K,3,5,0.05,2,1.000e-12,58,-0.929081,0.804688,0.000145,-0.020081
tent,K,3,5,0.05,2,1.000e-12,59,-0.933054,0.804321,-0.011571,0.006202
tent,K,3,5,0.05,2,1.000e-12,60,-0.931634,0.805969,-0.006295,-0.010881
tent,K,3,5,0.05,2,1.000e-12,61,-0.930294,0.806030,-0.015182,-0.015665
tent,K,3,5,0.05,2,1.000e-12,62,-0.938914,0.802063,0.000395,0.002179
tent,K,3,5,0.05,2,1.000e-12,63,-0.940542,0.798157,0.013897,0.001257
tent,K,3,5,0.05,2,1.000e-12,64,-0.939683,0.800110,-0.000810,0.004107
tent,K,3,5,0.05,2,1.000e-12,65,-0.933617,0.801941,0.003152,0.001450
tent,K,3,5,0.05,2,1.000e-12,66,-0.932871,0.802551,-0.003254,0.006727
tent,K,3,5,0.05,2,1.000e-12,67,-0.933956,0.803650,-0.012142,0.000478
tent,K,3,5,0.05,2,1.000e-12,68,-0.941249,0.797607,0.003985,-0.003846
tent,K,3,5,0.05,2,1.000e-12,69,-0.948508,0.794922,0.009739,0.000456
tent,K,3,5,0.05,2,1.000e-12,70,-0.944903,0.797058,0.008409,0.009794
tent,K,3,5,0.05,2,1.000e-12,71,-0.931596,0.806885,-0.003518,-0.004886
tent,K,3,5,0.05,2,1.000e-12,72,-0.928433,0.806152,-0.013010,0.000692
tent,K,3,5,0.05,2,1.000e-12,73,-0.938821,0.801147,0.002508,0.009892
tent,K,3,5,0.05,2,1.000e-12,74,-0.941954,0.801392,0.002310,0.007913
tent,K,3,5,0.05,2,1.000e-12,75,-0.939909,0.801270,0.003532,0.006927
tent,K,3,5,0.05,2,1.000e-12,76,-0.935905,0.799500,0.001897,0.004171
tent,K,3,5,0.05,2,1.000e-12,77,-0.931218,0.806091,-0.000118,0.008620
tent,K,3,5,0.05,2,1.000e-12,78,-0.932237,0.803955,-0.001601,-0.015289
tent,K,3,5,0.05,2,1.000e-12,79,-0.937370,0.803284,0.002810,-0.000971
tent,K,3,5,0.05,2,1.000e-12,80,-0.941156,0.797180,0.011288,0.010490
tent,K,3,5,0.05,2,1.000e-12,81,-0.928538,0.806946,0.000403,-0.004976
tent,K,3,5,0.05,2,1.000e-12,82,-0.936934,0.802917,-0.008547,-0.000402
tent,K,3,5,0.05,2,1.000e-12,83,-0.931617,0.807800,-0.004338,-0.006754
tent,K,3,5,0.05,2,1.000e-12,84,-0.938123,0.800476,-0.000899,0.010448
tent,K,3,5,0.05,2,1.000e-12,85,-0.934293,0.806152,-0.001197,0.013657
tent,K,3,5,0.05,2,1.000e-12,86,-0.931874,0.807678,0.001383,-0.006135
tent,K,3,5,0.05,2,1.000e-12,87,-0.936214,0.802429,-0.010086,-0.002317
tent,K,3,5,0.05,2,1.000e-12,88,-0.938728,0.798340,-0.008236,0.005011
tent,K,3,5,0.05,2,1.000e-12,89,-0.935060,0.803345,0.005290,0.006579
tent,K,3,5,0.05,2,1.000e-12,90,-0.932584,0.804932,-0.015079,-0.010780
tent,K,3,5,0.05,2,1.000e-12,91,-0.935342,0.801575,0.000617,-0.004816
tent,K,3,5,0.05,2,1.000e-12,92,-0.926206,0.805969,-0.004862,-0.016190
tent,K,3,5,0.05,2,1.000e-12,93,-0.933269,0.803589,0.004396,-0.001251
tent,K,3,5,0.05,2,1.000e-12,94,-0.926102,0.807068,-0.007990,-0.009564
tent,K,3,5,0.05,2,1.000e-12,95,-0.927379,0.809143,-0.011769,-0.013039
tent,K,3,5,0.05,2,1.000e-12,96,-0.937864,0.801086,0.004198,-0.010501
tent,K,3,5,0.05,2,1.000e-12,97,-0.938903,0.803284,0.000580,0.010730
tent,K,3,5,0.05,2,1.000e-12,98,-0.935983,0.802612,-0.003891,-0.003285
tent,K,3,5,0.05,2,1.000e-12,99,-0.937935,0.800171,-0.008286,0.003630
tent,K,3,5,0.05,2,1.000e-12,100,-0.927660,0.807007,0.003259,-0.013998
tent,K,3,5,0.05,2,1.000e-12,101,-0.931704,0.807434,0.006758,-0.011062
tent,K,3,5,0.05,2,1.000e-12,102,-0.938658,0.800720,0.015747,-0.002800
tent,K,3,5,0.05,2,1.000e-12,103,-0.933261,0.802002,-0.001035,0.002376
tent,K,3,5,0.05,2,1.000e-12,104,-0.932600,0.801270,0.003547,-0.010745
tent,K,3,5,0.05,2,1.000e-12,105,-0.939562,0.801514,0.008621,0.007387
tent,K,3,5,0.05,2,1.000e-12,106,-0.938418,0.800537,0.013168,-0.010831
tent,K,3,5,0.05,2,1.000e-12,107,-0.938172,0.796509,-0.009284,0.000817
tent,K,3,5,0.05,2,1.000e-12,108,-0.937398,0.800842,-0.003690,-0.007191
tent,K,3,5,0.05,2,1.000e-12,109,-0.942317,0.800049,0.003947,0.005301
tent,K,3,5,0.05,2,1.000e-12,110,-0.932913,0.802307,0.000297,0.005080
tent,K,3,5,0.05,2,1.000e-12,111,-0.929625,0.805481,-0.007843,0.004765
tent,K,3,5,0.05,2,1.000e-12,112,-0.938968,0.796021,-0.002874,-0.002201
tent,K,3,5,0.05,2,1.000e-12,113,-0.939290,0.798096,0.000624,0.003884
tent,K,3,5,0.05,2,1.000e-12,114,-0.941598,0.802856,0.005097,0.002647
tent,K,3,5,0.05,2,1.000e-12,115,-0.935271,0.802734,0.001748,-0.013340
tent,K,3,5,0.05,2,1.000e-12,116,-0.939024,0.803467,0.006897,0.003633
tent,K,3,5,0.05,2,1.000e-12,117,-0.939998,0.802063,0.004147,0.009074
tent,K,3,5,0.05,2,1.000e-12,118,-0.935474,0.806091,-0.008666,0.009041
tent,K,3,5,0.05,2,1.000e-12,119,-0.935960,0.803223,0.000693,-0.003196
tent,K,3,5,0.05,2,1.000e-12,120,-0.938624,0.803711,-0.006052,0.007035
tent,K,3,5,0.05,2,1.000e-12,121,-0.935391,0.805176,0.000441,0.003222
tent,K,3,5,0.05,2,1.000e-12,122,-0.934767,0.801880,0.005528,0.000641
tent,K,3,5,0.05,2,1.000e-12,123,-0.936027,0.804443,0.005011,-0.003162
tent,K,3,5,0.05,2,1.000e-12,124,-0.939822,0.800049,0.015945,-0.015977
tent,K,3,5,0.05,2,1.000e-12,125,-0.935514,0.802979,-0.011028,-0.001381
tent,K,3,5,0.05,2,1.000e-12,126,-0.936777,0.803223,0.006228,0.002121
tent,K,3,5,0.05,2,1.000e-12,127,-0.937790,0.804565,0.009164,-0.011076
tent,K,3,5,0.05,2,1.000e-12,128,-0.936229,0.801514,0.001612,-0.000837
tent,K,3,5,0.05,2,1.000e-12,129,-0.936392,0.802368,0.004236,0.006724
tent,K,3,5,0.05,2,1.000e-12,130,-0.930898,0.803528,-0.007989,-0.005874
tent,K,3,5,0.05,2,1.000e-12,131,-0.934839,0.802979,0.002013,-0.000503
tent,K,3,5,0.05,2,1.000e-12,132,-0.935506,0.802795,0.001325,0.009515
tent,K,3,5,0.05,2,1.000e-12,133,-0.930915,0.803894,0.001488,-0.008324
tent,K,3,5,0.05,2,1.000e-12,134,-0.942649,0.802063,0.006436,0.010523
tent,K,3,5,0.05,2,1.000e-12,135,-0.935956,0.804382,-0.000117,-0.002891
tent,K,3,5,0.05,2,1.000e-12,136,-0.937498,0.803894,0.000385,-0.013675
tent,K,3,5,0.05,2,1.000e-12,137,-0.939976,0.803162,0.007892,-0.002063
tent,K,3,5,0.05,2,1.000e-12,138,-0.941565,0.799622,0.013216,0.011227
tent,K,3,5,0.05,2,1.000e-12,139,-0.938586,0.800964,0.003692,0.003799
tent,K,3,5,0.05,2,1.000e-12,140,-0.934839,0.804626,0.005906,-0.000238
tent,K,3,5,0.05,2,1.000e-12,141,-0.928630,0.804443,-0.008050,-0.014222
tent,K,3,5,0.05,2,1.000e-12,142,-0.937536,0.799927,0.001293,-0.000409
tent,K,3,5,0.05,2,1.000e-12,143,-0.938623,0.800659,0.004056,0.003803
tent,K,3,5,0.05,2,1.000e-12,144,-0.934195,0.799133,-0.019212,-0.005655
tent,K,3,5,0.05,2,1.000e-12,145,-0.938489,0.799744,-0.013158,0.022662
tent,K,3,5,0.05,2,1.000e-12,146,-0.936213,0.802185,0.014942,-0.003016
tent,K,3,5,0.05,2,1.000e-12,147,-0.935361,0.802734,0.005613,0.000627
tent,K,3,5,0.05,2,1.000e-12,148,-0.937014,0.804016,0.003095,-0.008336
tent,K,3,5,0.05,2,1.000e-12,149,-0.931751,0.804016,0.003737,0.001044
tent,K,3,5,0.05,2,1.000e-12,150,-0.934586,0.802856,0.009787,0.007128
tent,K,3,5,0.05,2,1.000e-12,151,-0.935577,0.798523,0.006450,0.000281
tent,K,3,5,0.05,2,1.000e-12,152,-0.934160,0.805603,0.000460,-0.001940
tent,K,3,5,0.05,2,1.000e-12,153,-0.928584,0.806885,-0.000370,-0.005740
tent,K,3,5,0.05,2,1.000e-12,154,-0.925034,0.806458,-0.003140,-0.014742
tent,K,3,5,0.05,2,1.000e-12,155,-0.939788,0.801514,0.000603,0.002251
tent,K,3,5,0.05,2,1.000e-12,156,-0.938536,0.800293,-0.001837,0.008828
tent,K,3,5,0.05,2,1.000e-12,157,-0.939051,0.799683,-0.001157,0.023132
tent,K,3,5,0.05,2,1.000e-12,158,-0.939817,0.804688,0.016152,-0.003549
tent,K,3,5,0.05,2,1.000e-12,159,-0.936390,0.803284,-0.004418,-0.004040
tent,K,3,5,0.05,2,1.000e-12,160,-0.939039,0.800659,-0.001989,-0.008193
tent,K,3,5,0.05,2,1.000e-12,161,-0.938421,0.800598,0.009688,-0.002907
tent,K,3,5,0.05,2,1.000e-12,162,-0.935487,0.801697,0.009706,-0.005640
tent,K,3,5,0.05,2,1.000e-12,163,-0.939790,0.802307,-0.000113,0.006413
tent,K,3,5,0.05,2,1.000e-12,164,-0.933971,0.801514,-0.013641,-0.001679
tent,K,3,5,0.05,2,1.000e-12,165,-0.942297,0.797668,0.008496,0.007364
tent,K,3,5,0.05,2,1.000e-12,166,-0.935304,0.803162,-0.001977,-0.000467
tent,K,3,5,0.05,2,1.000e-12,167,-0.942081,0.802185,0.010982,0.002718
tent,K,3,5,0.05,2,1.000e-12,168,-0.931386,0.805420,-0.007524,-0.005432
tent,K,3,5,0.05,2,1.000e-12,169,-0.934162,0.798706,-0.009356,0.001390
tent,K,3,5,0.05,2,1.000e-12,170,-0.934822,0.804565,0.009750,-0.000903
tent,K,3,5,0.05,2,1.000e-12,171,-0.936489,0.805542,-0.005919,0.019671
tent,K,3,5,0.05,2,1.000e-12,172,-0.939682,0.800964,-0.004298,0.005193
tent,K,3,5,0.05,2,1.000e-12,173,-0.935651,0.803711,0.004783,0.002784
tent,K,3,5,0.05,2,1.000e-12,174,-0.939798,0.800232,0.009453,-0.011325
tent,K,3,5,0.05,2,1.000e-12,175,-0.942342,0.801270,0.007118,0.004147
tent,K,3,5,0.05,2,1.000e-12,176,-0.943043,0.797668,-0.000862,0.001375
tent,K,3,5,0.05,2,1.000e-12,177,-0.940111,0.801147,0.005240,0.011577
tent,K,3,5,0.05,2,1.000e-12,178,-0.938811,0.802429,0.001188,0.005457
tent,K,3,5,0.05,2,1.000e-12,179,-0.944725,0.796265,0.011834,0.001691
tent,K,3,5,0.05,2,1.000e-12,180,-0.937863,0.800293,0.017173,-0.000586
tent,K,3,5,0.05,2,1.000e-12,181,-0.940893,0.803772,0.010985,-0.004462
tent,K,3,5,0.05,2,1.000e-12,182,-0.945724,0.796875,-0.000185,0.010613
tent,K,3,5,0.05,2,1.000e-12,183,-0.940741,0.797241,0.006395,-0.000188
tent,K,3,5,0.05,2,1.000e-12,184,-0.941609,0.797485,-0.004492,0.000978
tent,K,3,5,0.05,2,1.000e-12,185,-0.937742,0.803467,0.009672,-0.005673
tent,K,3,5,0.05,2,1.000e-12,186,-0.928904,0.805847,-0.006121,-0.008105
tent,K,3,5,0.05,2,1.000e-12,187,-0.930806,0.802856,0.000223,0.000288
tent,K,3,5,0.05,2,1.000e-12,188,-0.931496,0.806824,0.006894,-0.009184
tent,K,3,5,0.05,2,1.000e-12,189,-0.931830,0.804138,-0.019235,0.001006
tent,K,3,5,0.05,2,1.000e-12,190,-0.942031,0.799683,0.008338,-0.003081
tent,K,3,5,0.05,2,1.000e-12,191,-0.942053,0.802979,0.006132,0.003651
tent,K,3,5,0.05,2,1.000e-12,192,-0.934465,0.804138,0.003000,0.001818
tent,K,3,5,0.05,2,1.000e-12,193,-0.930725,0.803650,-0.002549,-0.007681
tent,K,3,5,0.05,2,1.000e-12,194,-0.935403,0.801270,-0.002236,-0.001626
tent,K,3,5,0.05,2,1.000e-12,195,-0.945127,0.797607,0.009708,0.006777
tent,K,3,5,0.05,2,1.000e-12,196,-0.935434,0.804138,-0.013755,0.013646
tent,K,3,5,0.05,2,1.000e-12,197,-0.936000,0.800354,-0.001202,0.006857
tent,K,3,5,0.05,2,1.000e-12,198,-0.935805,0.797485,-0.009052,0.007915
tent,K,3,5,0.05,2,1.000e-12,199,-0.942231,0.802429,0.010024,-0.001529
tent,K,3,5,0.05,2,1.000e-12,200,-0.946641,0.795288,0.004392,0.004378
tent,K,3,5,0.05,2,1.000e-12,201,-0.938521,0.801819,0.004322,0.003271
tent,K,3,5,0.05,2,1.000e-12,202,-0.932791,0.803894,0.006702,-0.004337
tent,K,3,5,0.05,2,1.000e-12,203,-0.931638,0.804688,0.000692,-0.008807
tent,K,3,5,0.05,2,1.000e-12,204,-0.933482,0.800537,0.008723,-0.007211
tent,K,3,5,0.05,2,1.000e-12,205,-0.928309,0.802734,-0.005957,0.000630
tent,K,3,5,0.05,2,1.000e-12,206,-0.934484,0.800842,0.000898,0.004929
tent,K,3,5,0.05,2,1.000e-12,207,-0.934503,0.804993,0.004273,-0.003128
tent,K,3,5,0.05,2,1.000e-12,208,-0.939440,0.805481,0.002927,-0.003951
tent,K,3,5,0.05,2,1.000e-12,209,-0.939942,0.798584,0.002975,-0.000858
tent,K,3,5,0.05,2,1.000e-12,210,-0.939970,0.797363,0.009465,0.005590
tent,K,3,5,0.05,2,1.000e-12,211,-0.930014,0.806335,0.001647,-0.002354
tent,K,3,5,0.05,2,1.000e-12,212,-0.932590,0.801636,-0.009650,-0.001896
tent,K,3,5,0.05,2,1.000e-12,213,-0.940247,0.804321,-0.005897,0.017113
tent,K,3,5,0.05,2,1.000e-12,214,-0.934099,0.802429,-0.006124,-0.001345
tent,K,3,5,0.05,2,1.000e-12,215,-0.936372,0.799744,-0.009933,0.011393
tent,K,3,5,0.05,2,1.000e-12,216,-0.938689,0.802490,-0.008755,-0.000352
tent,K,3,5,0.05,2,1.000e-12,217,-0.937813,0.801880,-0.013585,0.020138
tent,K,3,5,0.05,2,1.000e-12,218,-0.929519,0.802124,-0.011145,-0.003864
tent,K,3,5,0.05,2,1.000e-12,219,-0.937633,0.803650,0.003392,-0.000819
tent,K,3,5,0.05,2,1.000e-12,220,-0.934404,0.801819,0.007141,-0.005703
tent,K,3,5,0.05,2,1.000e-12,221,-0.932914,0.806580,-0.011561,0.005661
tent,K,3,5,0.05,2,1.000e-12,222,-0.934086,0.804626,-0.006084,0.000682
tent,K,3,5,0.05,2,1.000e-12,223,-0.942110,0.797668,0.005956,-0.000070
tent,K,3,5,0.05,2,1.000e-12,224,-0.938848,0.800049,0.013421,0.000473
tent,K,3,5,0.05,2,1.000e-12,225,-0.936154,0.801819,-0.006628,0.011792
tent,K,3,5,0.05,2,1.000e-12,226,-0.937119,0.802429,-0.010913,-0.006050
tent,K,3,5,0.05,2,1.000e-12,227,-0.946133,0.800659,0.007369,0.019741
tent,K,3,5,0.05,2,1.000e-12,228,-0.936361,0.800964,-0.000033,-0.016944
tent,K,3,5,0.05,2,1.000e-12,229,-0.936271,0.805542,0.002721,0.000790
tent,K,3,5,0.05,2,1.000e-12,230,-0.928682,0.804138,-0.010359,-0.009226
tent,K,3,5,0.05,2,1.000e-12,231,-0.930258,0.803162,-0.000782,-0.004965
tent,K,3,5,0.05,2,1.000e-12,232,-0.931834,0.804016,-0.002386,-0.004916
tent,K,3,5,0.05,2,1.000e-12,233,-0.938226,0.801147,0.010487,0.010167
tent,K,3,5,0.05,2,1.000e-12,234,-0.931123,0.805908,-0.003900,-0.008129
tent,K,3,5,0.05,2,1.000e-12,235,-0.935734,0.800476,0.001022,0.005730
tent,K,3,5,0.05,2,1.000e-12,236,-0.940686,0.798950,0.012966,-0.015864
tent,K,3,5,0.05,2,1.000e-12,237,-0.944585,0.801147,0.008426,-0.001691
tent,K,3,5,0.05,2,1.000e-12,238,-0.939167,0.797607,-0.003718,0.016749
tent,K,3,5,0.05,2,1.000e-12,239,-0.929772,0.805359,-0.002765,-0.007986
tent,K,3,5,0.05,2,1.000e-12,240,-0.934743,0.802795,0.001768,0.005316
tent,K,3,5,0.05,2,1.000e-12,241,-0.932784,0.802734,-0.000549,0.002892
tent,K,3,5,0.05,2,1.000e-12,242,-0.940272,0.800476,0.002791,0.005404
tent,K,3,5,0.05,2,1.000e-12,243,-0.938876,0.801025,-0.000263,0.006469
tent,K,3,5,0.05,2,1.000e-12,244,-0.940620,0.799744,0.015663,0.001452
tent,K,3,5,0.05,2,1.000e-12,245,-0.931890,0.801575,-0.001507,-0.003814
tent,K,3,5,0.05,2,1.000e-12,246,-0.925126,0.806885,-0.001657,-0.004813
tent,K,3,5,0.05,2,1.000e-12,247,-0.936275,0.803467,0.000579,-0.006338
tent,K,3,5,0.05,2,1.000e-12,248,-0.936054,0.805664,0.008427,-0.002589
tent,K,3,5,0.05,2,1.000e-12,249,-0.930909,0.804443,-0.003149,-0.005939
tent,K,3,5,0.05,2,1.000e-12,250,-0.941774,0.798096,0.009046,0.000023
tent,K,3,5,0.05,2,1.000e-12,251,-0.936055,0.802246,-0.000740,0.007725
tent,K,3,5,0.05,2,1.000e-12,252,-0.932591,0.803406,-0.007348,-0.009743
tent,K,3,5,0.05,2,1.000e-12,253,-0.934193,0.799866,-0.001805,-0.011239
tent,K,3,5,0.05,2,1.000e-12,254,-0.944055,0.797119,0.008533,0.000634
tent,K,3,5,0.05,2,1.000e-12,255,-0.935955,0.806091,0.002347,0.004038
tent,K,3,5,0.05,2,1.000e-12,256,-0.939225,0.800293,-0.006545,0.000386
tent,K,3,5,0.05,2,1.000e-12,257,-0.941029,0.801697,0.008190,-0.004472
tent,K,3,5,0.05,2,1.000e-12,258,-0.940947,0.802185,0.009631,0.004298
tent,K,3,5,0.05,2,1.000e-12,259,-0.932292,0.802612,-0.001112,-0.008092
tent,K,3,5,0.05,2,1.000e-12,260,-0.933482,0.804626,-0.006359,-0.001051
tent,K,3,5,0.05,2,1.000e-12,261,-0.938492,0.800537,0.003026,0.012647
tent,K,3,5,0.05,2,1.000e-12,262,-0.936680,0.805786,0.000843,0.013813
tent,K,3,5,0.05,2,1.000e-12,263,-0.931809,0.801758,-0.001320,-0.002094
tent,K,3,5,0.05,2,1.000e-12,264,-0.931928,0.803101,0.003178,-0.003216
tent,K,3,5,0.05,2,1.000e-12,265,-0.929298,0.804688,-0.004357,-0.004222
tent,K,3,5,0.05,2,1.000e-12,266,-0.930135,0.804077,-0.009959,0.000157
tent,K,3,5,0.05,2,1.000e-12,267,-0.936791,0.800720,0.001867,-0.007922
tent,K,3,5,0.05,2,1.000e-12,268,-0.933928,0.801208,0.004830,0.007705
tent,K,3,5,0.05,2,1.000e-12,269,-0.933094,0.806763,-0.002961,0.000272
tent,K,3,5,0.05,2,1.000e-12,270,-0.938875,0.798157,0.005522,-0.001281
tent,K,3,5,0.05,2,1.000e-12,271,-0.937636,0.803467,0.003973,0.002793
tent,K,3,5,0.05,2,1.000e-12,272,-0.934246,0.801147,0.002167,0.008695
tent,K,3,5,0.05,2,1.000e-12,273,-0.920730,0.812866,-0.005611,-0.020178
tent,K,3,5,0.05,2,1.000e-12,274,-0.933301,0.805054,-0.010307,0.020625
tent,K,3,5,0.05,2,1.000e-12,275,-0.938240,0.801147,0.006360,0.001322
tent,K,3,5,0.05,2,1.000e-12,276,-0.937640,0.800354,0.011030,-0.006070
tent,K,3,5,0.05,2,1.000e-12,277,-0.936938,0.802856,0.003591,0.003846
tent,K,3,5,0.05,2,1.000e-12,278,-0.933839,0.804810,-0.005242,-0.009892
tent,K,3,5,0.05,2,1.000e-12,279,-0.947518,0.797241,0.015554,0.003859
tent,K,3,5,0.05,2,1.000e-12,280,-0.938103,0.801331,-0.002356,-0.002090
tent,K,3,5,0.05,2,1.000e-12,281,-0.936595,0.803040,0.003952,-0.013343
tent,K,3,5,0.05,2,1.000e-12,282,-0.936604,0.798462,0.006303,-0.000885
tent,K,3,5,0.05,2,1.000e-12,283,-0.931912,0.806030,0.003811,0.002232
tent,K,3,5,0.05,2,1.000e-12,284,-0.933158,0.800537,-0.008012,0.002607
tent,K,3,5,0.05,2,1.000e-12,285,-0.931506,0.807373,-0.001271,-0.001060
tent,K,3,5,0.05,2,1.000e-12,286,-0.929157,0.808044,-0.005871,-0.005783
tent,K,3,5,0.05,2,1.000e-12,287,-0.940083,0.800049,0.010029,-0.004121
tent,K,3,5,0.05,2,1.000e-12,288,-0.935059,0.802307,0.005165,-0.004918
tent,K,3,5,0.05,2,1.000e-12,289,-0.939474,0.800842,0.016163,-0.006998
tent,K,3,5,0.05,2,1.000e-12,290,-0.939339,0.800110,0.001886,0.003823
tent,K,3,5,0.05,2,1.000e-12,291,-0.933268,0.803406,-0.014880,0.008781
tent,K,3,5,0.05,2,1.000e-12,292,-0.941141,0.799072,-0.001175,0.009891
tent,K,3,5,0.05,2,1.000e-12,293,-0.940094,0.805481,-0.000680,0.006240
tent,K,3,5,0.05,2,1.000e-12,294,-0.935253,0.806030,0.008081,-0.006765
tent,K,3,5,0.05,2,1.000e-12,295,-0.927832,0.808044,-0.010420,-0.003952
tent,K,3,5,0.05,2,1.000e-12,296,-0.932023,0.806946,0.012324,0.004756
tent,K,3,5,0.05,2,1.000e-12,297,-0.938313,0.802979,0.004383,-0.007663
tent,K,3,5,0.05,2,1.000e-12,298,-0.931902,0.799988,-0.020697,-0.008240
tent,K,3,5,0.05,2,1.000e-12,299,-0.935887,0.804321,-0.001861,-0.001204
tent,K,3,5,0.05,2,1.000e-12,300,-0.940329,0.800354,0.007648,0.006252
tent,K,3,5,0.05,2,1.000e-12,301,-0.943677,0.798767,0.008082,0.003760
tent,K,3,5,0.05,2,1.000e-12,302,-0.943852,0.795776,0.004036,0.006300
tent,K,3,5,0.05,2,1.000e-12,303,-0.938386,0.799622,0.002539,0.004084
tent,K,3,5,0.05,2,1.000e-12,304,-0.937767,0.803345,0.003384,0.008967
tent,K,3,5,0.05,2,1.000e-12,305,-0.926497,0.805481,-0.007361,-0.009572
tent,K,3,5,0.05,2,1.000e-12,306,-0.926271,0.807007,-0.010074,-0.007631
tent,K,3,5,0.05,2,1.000e-12,307,-0.934278,0.799927,0.005345,0.000577
tent,K,3,5,0.05,2,1.000e-12,308,-0.936057,0.802246,0.008039,0.002312
tent,K,3,5,0.05,2,1.000e-12,309,-0.932642,0.803589,-0.003729,-0.003036
tent,K,3,5,0.05,2,1.000e-12,310,-0.942002,0.798889,0.012564,0.000490
tent,K,3,5,0.05,2,1.000e-12,311,-0.928722,0.808167,-0.006710,-0.011543
tent,K,3,5,0.05,2,1.000e-12,312,-0.938427,0.799988,-0.005385,0.010008
tent,K,3,5,0.05,2,1.000e-12,313,-0.935632,0.801270,-0.008551,0.002062
tent,K,3,5,0.05,2,1.000e-12,314,-0.939321,0.800598,0.004393,0.002574
tent,K,3,5,0.05,2,1.000e-12,315,-0.944523,0.795837,0.006156,0.007186
tent,K,3,5,0.05,2,1.000e-12,316,-0.942473,0.799622,0.001158,0.000106
tent,K,3,5,0.05,2,1.000e-12,317,-0.942375,0.796875,-0.003063,0.009785
tent,K,3,5,0.05,2,1.000e-12,318,-0.943779,0.799377,0.008382,0.002178
tent,K,3,5,0.05,2,1.000e-12,319,-0.937522,0.801208,-0.002924,-0.011109
tent,K,3,5,0.05,2,1.000e-12,320,-0.934357,0.801514,0.000140,0.008534
tent,K,3,5,0.05,2,1.000e-12,321,-0.930271,0.805298,0.000026,-0.009262
tent,K,3,5,0.05,2,1.000e-12,322,-0.935645,0.802490,-0.008154,0.002383
tent,K,3,5,0.05,2,1.000e-12,323,-0.943316,0.798218,0.001189,0.004529
tent,K,3,5,0.05,2,1.000e-12,324,-0.930149,0.806580,-0.003838,-0.005714
tent,K,3,5,0.05,2,1.000e-12,325,-0.933085,0.805603,-0.003369,-0.000915
tent,K,3,5,0.05,2,1.000e-12,326,-0.931435,0.805969,0.005071,-0.000997
tent,K,3,5,0.05,2,1.000e-12,327,-0.924196,0.808533,-0.018959,-0.007434
tent,K,3,5,0.05,2,1.000e-12,328,-0.934241,0.802734,-0.003219,-0.005120
tent,K,3,5,0.05,2,1.000e-12,329,-0.940572,0.797363,0.012478,-0.002082
tent,K,3,5,0.05,2,1.000e-12,330,-0.938336,0.799744,-0.003724,0.009693
tent,K,3,5,0.05,2,1.000e-12,331,-0.937126,0.798706,0.002950,-0.002852
tent,K,3,5,0.05,2,1.000e-12,332,-0.936011,0.801941,0.006386,-0.002555
tent,K,3,5,0.05,2,1.000e-12,333,-0.937338,0.798950,0.005000,0.002697
tent,K,3,5,0.05,2,1.000e-12,334,-0.930860,0.805664,0.012073,-0.004400
tent,K,3,5,0.05,2,1.000e-12,335,-0.928771,0.808838,0.006212,0.000037
tent,K,3,5,0.05,2,1.000e-12,336,-0.929056,0.805725,-0.006122,-0.012221
tent,K,3,5,0.05,2,1.000e-12,337,-0.930010,0.808411,-0.004503,0.004575
tent,K,3,5,0.05,2,1.000e-12,338,-0.932576,0.804260,-0.007898,0.002078
tent,K,3,5,0.05,2,1.000e-12,339,-0.934122,0.803040,0.008291,-0.003793
tent,K,3,5,0.05,2,1.000e-12,340,-0.931033,0.804138,0.002931,-0.000660
tent,K,3,5,0.05,2,1.000e-12,341,-0.937252,0.799011,0.013926,-0.003166
tent,K,3,5,0.05,2,1.000e-12,342,-0.935997,0.801453,0.007008,-0.005417
tent,K,3,5,0.05,2,1.000e-12,343,-0.935629,0.801819,-0.004560,0.002712
tent,K,3,5,0.05,2,1.000e-12,344,-0.933009,0.807617,-0.000210,0.010309
tent,K,3,5,0.05,2,1.000e-12,345,-0.936923,0.803406,-0.005416,0.010216
tent,K,3,5,0.05,2,1.000e-12,346,-0.939170,0.800293,0.004417,0.004751
tent,K,3,5,0.05,2,1.000e-12,347,-0.930327,0.804321,-0.005863,0.003289
tent,K,3,5,0.05,2,1.000e-12,348,-0.932684,0.801758,0.003425,-0.011476
tent,K,3,5,0.05,2,1.000e-12,349,-0.937379,0.804932,0.005029,-0.005002
tent,K,3,5,0.05,2,1.000e-12,350,-0.938191,0.801880,0.002759,-0.002782
tent,K,3,5,0.05,2,1.000e-12,351,-0.932020,0.799988,-0.004766,-0.009855
tent,K,3,5,0.05,2,1.000e-12,352,-0.940136,0.800537,0.004873,-0.001461
tent,K,3,5,0.05,2,1.000e-12,353,-0.941496,0.798828,0.007871,0.001120
tent,K,3,5,0.05,2,1.000e-12,354,-0.924989,0.807983,-0.012118,-0.000991
tent,K,3,5,0.05,2,1.000e-12,355,-0.930833,0.803772,-0.009281,0.009502
tent,K,3,5,0.05,2,1.000e-12,356,-0.934522,0.803528,0.008080,0.001343
tent,K,3,5,0.05,2,1.000e-12,357,-0.929734,0.805847,0.009632,-0.002195
tent,K,3,5,0.05,2,1.000e-12,358,-0.930035,0.807678,-0.012398,0.012331
tent,K,3,5,0.05,2,1.000e-12,359,-0.926618,0.806641,-0.012373,-0.003821
tent,K,3,5,0.05,2,1.000e-12,360,-0.936325,0.804565,0.006347,0.000470
tent,K,3,5,0.05,2,1.000e-12,361,-0.940499,0.800232,0.007729,-0.009736
tent,K,3,5,0.05,2,1.000e-12,362,-0.940242,0.801880,0.007732,0.008917
tent,K,3,5,0.05,2,1.000e-12,363,-0.935383,0.803101,0.000800,-0.001561
tent,K,3,5,0.05,2,1.000e-12,364,-0.935223,0.799194,0.003446,0.003598
tent,K,3,5,0.05,2,1.000e-12,365,-0.933468,0.803833,0.013710,-0.009483
tent,K,3,5,0.05,2,1.000e-12,366,-0.939852,0.802979,0.009659,-0.002196
tent,K,3,5,0.05,2,1.000e-12,367,-0.934085,0.803955,-0.004087,-0.009100
tent,K,3,5,0.05,2,1.000e-12,368,-0.941164,0.797485,0.006203,0.005268
tent,K,3,5,0.05,2,1.000e-12,369,-0.939040,0.800964,0.001711,-0.001031
tent,K,3,5,0.05,2,1.000e-12,370,-0.934608,0.804199,-0.003518,0.006430
tent,K,3,5,0.05,2,1.000e-12,371,-0.927805,0.806824,0.002315,-0.002016
tent,K,3,5,0.05,2,1.000e-12,372,-0.924806,0.809326,-0.007223,-0.015289
tent,K,3,5,0.05,2,1.000e-12,373,-0.930039,0.806152,0.007373,-0.006110
tent,K,3,5,0.05,2,1.000e-12,374,-0.935348,0.803406,0.003637,-0.012576
tent,K,3,5,0.05,2,1.000e-12,375,-0.934268,0.802002,0.010712,-0.002151
tent,K,3,5,0.05,2,1.000e-12,376,-0.924459,0.811890,-0.002646,-0.009002
tent,K,3,5,0.05,2,1.000e-12,377,-0.926580,0.807495,0.002935,-0.009804
tent,K,3,5,0.05,2,1.000e-12,378,-0.937931,0.800232,0.001025,0.003484
tent,K,3,5,0.05,2,1.000e-12,379,-0.931389,0.808228,0.002202,0.000102
tent,K,3,5,0.05,2,1.000e-12,380,-0.928096,0.804810,-0.014742,-0.005905
tent,K,3,5,0.05,2,1.000e-12,381,-0.939300,0.799866,0.007429,-0.001045
tent,K,3,5,0.05,2,1.000e-12,382,-0.941475,0.801147,0.009036,-0.001210
tent,K,3,5,0.05,2,1.000e-12,383,-0.935346,0.799744,0.007775,-0.003967
tent,K,3,5,0.05,2,1.000e-12,384,-0.933819,0.803894,0.000920,0.002299
tent,K,3,5,0.05,2,1.000e-12,385,-0.930990,0.804871,-0.008175,0.004097
tent,K,3,5,0.05,2,1.000e-12,386,-0.931481,0.805115,0.000155,-0.006715
tent,K,3,5,0.05,2,1.000e-12,387,-0.933598,0.804016,0.000807,-0.000324
tent,K,3,5,0.05,2,1.000e-12,388,-0.932010,0.800781,-0.017339,-0.002926
tent,K,3,5,0.05,2,1.000e-12,389,-0.936740,0.803955,0.007320,0.003130
tent,K,3,5,0.05,2,1.000e-12,390,-0.928642,0.808289,-0.010079,-0.007274
tent,K,3,5,0.05,2,1.000e-12,391,-0.933415,0.808838,-0.004054,0.001865
tent,K,3,5,0.05,2,1.000e-12,392,-0.939860,0.798279,0.003667,0.002456
tent,K,3,5,0.05,2,1.000e-12,393,-0.937807,0.799561,-0.006032,-0.009038
tent,K,3,5,0.05,2,1.000e-12,394,-0.941432,0.798462,0.007877,0.006836
tent,K,3,5,0.05,2,1.000e-12,395,-0.939420,0.801270,-0.007441,-0.002212
tent,K,3,5,0.05,2,1.000e-12,396,-0.943506,0.796143,0.022231,0.009540
tent,K,3,5,0.05,2,1.000e-12,397,-0.933869,0.802429,0.006987,-0.002006
tent,K,3,5,0.05,2,1.000e-12,398,-0.933138,0.801636,0.004230,-0.004868
tent,K,3,5,0.05,2,1.000e-12,399,-0.935349,0.803223,0.004742,0.007871
tent,K,3,5,0.05,2,1.000e-12,400,-0.935523,0.803894,0.007670,0.011980
tent,K,3,5,0.05,2,1.000e-10,1,-23.119348,0.000000,1.000000,1.000000
tent,K,3,5,0.05,2,1.000e-10,2,-22.647432,0.000000,1.000000,1.000000
tent,K,3,5,0.05,2,1.000e-10,3,-21.961464,0.000000,1.000000,1.000000
tent,K,3,5,0.05,2,1.000e-10,4,-21.311464,0.000000,1.000000,1.000000
tent,K,3,5,0.05,2,1.000e-10,5,-20.668695,0.000000,1.000000,1.000000
tent,K,3,5,0.05,2,1.000e-10,6,-20.024779,0.000000,1.000000,1.000000
tent,K,3,5,0.05,2,1.000e-10,7,-19.380850,0.000000,1.000000,1.000000
tent,K,3,5,0.05,2,1.000e-10,8,-18.739101,0.000000,1.000000,1.000000
tent,K,3,5,0.05,2,1.000e-10,9,-18.096649,0.000000,1.000000,1.000000
tent,K,3,5,0.05,2,1.000e-10,10,-17.453855,0.000000,1.000000,1.000000
tent,K,3,5,0.05,2,1.000e-10,11,-16.811345,0.000000,1.000000,1.000000
tent,K,3,5,0.05,2,1.000e-10,12,-16.170117,0.000000,1.000000,1.000000
tent,K,3,5,0.05,2,1.000e-10,13,-15.527441,0.000000,1.000000,1.000000
tent,K,3,5,0.05,2,1.000e-10,14,-14.883573,0.000000,1.000000,1.000000
tent,K,3,5,0.05,2,1.000e-10,15,-14.242695,0.000000,1.000000,1.000000
tent,K,3,5,0.05,2,1.000e-10,16,-13.600383,0.000000,1.000000,1.000000
tent,K,3,5,0.05,2,1.000e-10,17,-12.958129,0.000000,1.000000,1.000000
tent,K,3,5,0.05,2,1.000e-10,18,-12.315669,0.000000,1.000000,1.000000
tent,K,3,5,0.05,2,1.000e-10,19,-11.673067,0.000000,1.000000,1.000000
tent,K,3,5,0.05,2,1.000e-10,20,-11.031104,0.000000,1.000000,1.000000
tent,K,3,5,0.05,2,1.000e-10,21,-10.389754,0.000000,1.000000,1.000000
tent,K,3,5,0.05,2,1.000e-10,22,-9.747094,0.000000,1.000000,1.000000
tent,K,3,5,0.05,2,1.000e-10,23,-9.104929,0.000061,1.000000,0.999530
tent,K,3,5,0.05,2,1.000e-10,24,-8.462163,0.000122,0.999060,0.999991
tent,K,3,5,0.05,2,1.000e-10,25,-7.819696,0.000061,0.999513,0.999964
tent,K,3,5,0.05,2,1.000e-10,26,-7.175311,0.000549,0.997593,0.998958
tent,K,3,5,0.05,2,1.000e-10,27,-6.532421,0.000610,0.998371,0.997448
tent,K,3,5,0.05,2,1.000e-10,28,-5.890000,0.000854,0.998429,0.996348
tent,K,3,5,0.05,2,1.000e-10,29,-5.242974,0.002563,0.994287,0.989970
tent,K,3,5,0.05,2,1.000e-10,30,-4.596666,0.003601,0.989142,0.986785
tent,K,3,5,0.05,2,1.000e-10,31,-3.956292,0.005371,0.984352,0.980187
tent,K,3,5,0.05,2,1.000e-10,32,-3.316416,0.010132,0.965871,0.962588
tent,K,3,5,0.05,2,1.000e-10,33,-2.704042,0.018005,0.942950,0.937669
tent,K,3,5,0.05,2,1.000e-10,34,-2.121941,0.126892,0.871951,0.861001
tent,K,3,5,0.05,2,1.000e-10,35,-1.592707,0.426453,0.675782,0.648463
tent,K,3,5,0.05,2,1.000e-10,36,-1.173457,0.684937,0.309537,0.304454
tent,K,3,5,0.05,2,1.000e-10,37,-0.970638,0.783264,0.040931,0.055719
tent,K,3,5,0.05,2,1.000e-10,38,-0.944259,0.802551,-0.003987,0.019749
tent,K,3,5,0.05,2,1.000e-10,39,-0.938613,0.800659,0.002151,-0.013411
tent,K,3,5,0.05,2,1.000e-10,40,-0.935013,0.801697,-0.007581,0.011528
tent,K,3,5,0.05,2,1.000e-10,41,-0.934899,0.800842,-0.005669,-0.001229
tent,K,3,5,0.05,2,1.000e-10,42,-0.940328,0.799438,0.004616,0.011631
tent,K,3,5,0.05,2,1.000e-10,43,-0.934331,0.802795,-0.001546,0.004178
tent,K,3,5,0.05,2,1.000e-10,44,-0.931168,0.804382,0.002138,-0.008762
tent,K,3,5,0.05,2,1.000e-10,45,-0.934814,0.800598,0.006894,0.001390
tent,K,3,5,0.05,2,1.000e-10,46,-0.936932,0.804565,0.001402,0.010498
tent,K,3,5,0.05,2,1.000e-10,47,-0.934664,0.802429,0.002108,0.009329
tent,K,3,5,0.05,2,1.000e-10,48,-0.929845,0.808228,-0.002567,0.006110
tent,K,3,5,0.05,2,1.000e-10,49,-0.925943,0.803955,0.002181,-0.012514
tent,K,3,5,0.05,2,1.000e-10,50,-0.929953,0.807190,0.002595,-0.009041
tent,K,3,5,0.05,2,1.000e-10,51,-0.937445,0.802917,0.011803,0.003684
tent,K,3,5,0.05,2,1.000e-10,52,-0.938110,0.798401,-0.009002,0.004630
tent,K,3,5,0.05,2,1.000e-10,53,-0.939742,0.802734,0.013897,-0.001215
tent,K,3,5,0.05,2,1.000e-10,54,-0.943979,0.795715,0.006645,-0.005690
tent,K,3,5,0.05,2,1.000e-10,55,-0.943097,0.798035,0.008492,0.011018
tent,K,3,5,0.05,2,1.000e-10,56,-0.940102,0.799561,0.010256,0.007849
tent,K,3,5,0.05,2,1.000e-10,57,-0.938691,0.797119,-0.003068,0.002425
tent,K,3,5,0.05,2,1.000e-10,58,-0.939104,0.800659,0.002668,0.016315
tent,K,3,5,0.05,2,1.000e-10,59,-0.933345,0.802429,-0.008640,0.003081
tent,K,3,5,0.05,2,1.000e-10,60,-0.931777,0.807800,-0.012946,0.000624
tent,K,3,5,0.05,2,1.000e-10,61,-0.936821,0.802917,-0.002737,0.002657
tent,K,3,5,0.05,2,1.000e-10,62,-0.935051,0.800659,-0.011008,0.008717
tent,K,3,5,0.05,2,1.000e-10,63,-0.933527,0.804810,-0.002190,0.001698
tent,K,3,5,0.05,2,1.000e-10,64,-0.934957,0.802551,0.007151,-0.007286
tent,K,3,5,0.05,2,1.000e-10,65,-0.931949,0.800903,0.006553,-0.005391
tent,K,3,5,0.05,2,1.000e-10,66,-0.926268,0.807556,-0.002080,-0.020215
tent,K,3,5,0.05,2,1.000e-10,67,-0.931048,0.802979,-0.013385,-0.007503
tent,K,3,5,0.05,2,1.000e-10,68,-0.934616,0.803223,0.001263,-0.001428
tent,K,3,5,0.05,2,1.000e-10,69,-0.936622,0.800903,-0.011025,-0.003248
tent,K,3,5,0.05,2,1.000e-10,70,-0.947721,0.798828,0.009506,0.008457
tent,K,3,5,0.05,2,1.000e-10,71,-0.936418,0.801758,-0.002049,0.002607
tent,K,3,5,0.05,2,1.000e-10,72,-0.938145,0.798828,0.000695,0.008828
tent,K,3,5,0.05,2,1.000e-10,73,-0.943528,0.801453,0.009660,0.011105
tent,K,3,5,0.05,2,1.000e-10,74,-0.948652,0.796936,0.001734,0.010602
tent,K,3,5,0.05,2,1.000e-10,75,-0.947693,0.798096,0.008437,0.023628
tent,K,3,5,0.05,2,1.000e-10,76,-0.930088,0.804749,-0.004762,-0.003349
tent,K,3,5,0.05,2,1.000e-10,77,-0.934680,0.801819,0.000001,-0.006704
tent,K,3,5,0.05,2,1.000e-10,78,-0.942739,0.797363,-0.005693,0.010840
tent,K,3,5,0.05,2,1.000e-10,79,-0.940628,0.798279,0.005090,-0.005750
tent,K,3,5,0.05,2,1.000e-10,80,-0.931884,0.805359,-0.009925,0.002325
tent,K,3,5,0.05,2,1.000e-10,81,-0.932792,0.799805,-0.002388,-0.001767
tent,K,3,5,0.05,2,1.000e-10,82,-0.938602,0.805054,0.006484,0.003171
tent,K,3,5,0.05,2,1.000e-10,83,-0.935714,0.803345,0.002674,0.001607
tent,K,3,5,0.05,2,1.000e-10,84,-0.933355,0.803589,-0.005875,-0.004835
tent,K,3,5,0.05,2,1.000e-10,85,-0.931430,0.808289,-0.007662,0.010655
tent,K,3,5,0.05,2,1.000e-10,86,-0.941187,0.798401,-0.001055,0.009866
tent,K,3,5,0.05,2,1.000e-10,87,-0.938437,0.801514,0.004179,0.015311
tent,K,3,5,0.05,2,1.000e-10,88,-0.936958,0.804321,0.007476,0.000899
tent,K,3,5,0.05,2,1.000e-10,89,-0.935242,0.801514,0.012105,-0.005439
tent,K,3,5,0.05,2,1.000e-10,90,-0.937912,0.800049,0.002913,-0.009006
tent,K,3,5,0.05,2,1.000e-10,91,-0.940776,0.802002,0.000433,0.010064
tent,K,3,5,0.05,2,1.000e-10,92,-0.934898,0.805054,0.007238,-0.002934
tent,K,3,5,0.05,2,1.000e-10,93,-0.934283,0.799194,0.009664,-0.014637
tent,K,3,5,0.05,2,1.000e-10,94,-0.937120,0.799622,-0.001290,0.004920
tent,K,3,5,0.05,2,1.000e-10,95,-0.934947,0.805359,0.007498,0.001674
tent,K,3,5,0.05,2,1.000e-10,96,-0.931122,0.804321,-0.006390,-0.003363
tent,K,3,5,0.05,2,1.000e-10,97,-0.930404,0.805542,0.000604,-0.002613
tent,K,3,5,0.05,2,1.000e-10,98,-0.931660,0.806396,-0.001419,0.003581
tent,K,3,5,0.05,2,1.000e-10,99,-0.933932,0.799561,-0.013729,-0.001493
tent,K,3,5,0.05,2,1.000e-10,100,-0.940302,0.800049,0.010319,0.012361
tent,K,3,5,0.05,2,1.000e-10,101,-0.936790,0.799744,0.000148,0.000502
tent,K,3,5,0.05,2,1.000e-10,102,-0.934654,0.803284,-0.002948,0.003041
tent,K,3,5,0.05,2,1.000e-10,103,-0.932749,0.806824,-0.009711,0.000191
tent,K,3,5,0.05,2,1.000e-10,104,-0.935698,0.799072,-0.004385,-0.000288
tent,K,3,5,0.05,2,1.000e-10,105,-0.935427,0.802551,0.000524,-0.001270
tent,K,3,5,0.05,2,1.000e-10,106,-0.938982,0.801880,0.012346,0.007637
tent,K,3,5,0.05,2,1.000e-10,107,-0.937155,0.803833,-0.002803,0.009202
tent,K,3,5,0.05,2,1.000e-10,108,-0.941323,0.798645,0.001541,-0.003155
tent,K,3,5,0.05,2,1.000e-10,109,-0.939528,0.802551,0.008730,-0.000248
tent,K,3,5,0.05,2,1.000e-10,110,-0.932254,0.804138,-0.008985,0.005090
tent,K,3,5,0.05,2,1.000e-10,111,-0.937064,0.801880,-0.002494,0.000031
tent,K,3,5,0.05,2,1.000e-10,112,-0.939367,0.802734,0.009859,-0.000379
tent,K,3,5,0.05,2,1.000e-10,113,-0.937070,0.801697,-0.000647,0.001946
tent,K,3,5,0.05,2,1.000e-10,114,-0.938235,0.802612,0.003681,0.002946
tent,K,3,5,0.05,2,1.000e-10,115,-0.932365,0.806580,-0.008780,0.005560
tent,K,3,5,0.05,2,1.000e-10,116,-0.935241,0.803650,-0.008957,-0.005982
tent,K,3,5,0.05,2,1.000e-10,117,-0.944026,0.796143,0.002453,-0.004001
tent,K,3,5,0.05,2,1.000e-10,118,-0.937570,0.801392,-0.000821,-0.006124
tent,K,3,5,0.05,2,1.000e-10,119,-0.936383,0.801819,0.005851,-0.000992
tent,K,3,5,0.05,2,1.000e-10,120,-0.937693,0.802795,-0.003833,0.001381
tent,K,3,5,0.05,2,1.000e-10,121,-0.934730,0.800476,0.000149,0.001170
tent,K,3,5,0.05,2,1.000e-10,122,-0.926693,0.803772,-0.003220,-0.009235
tent,K,3,5,0.05,2,1.000e-10,123,-0.932035,0.803467,-0.001253,-0.012855
tent,K,3,5,0.05,2,1.000e-10,124,-0.930829,0.805298,-0.004588,0.002724
tent,K,3,5,0.05,2,1.000e-10,125,-0.930703,0.803650,0.001143,-0.018422
tent,K,3,5,0.05,2,1.000e-10,126,-0.941569,0.800537,-0.001405,0.005809
tent,K,3,5,0.05,2,1.000e-10,127,-0.948571,0.796265,0.001626,0.017383
tent,K,3,5,0.05,2,1.000e-10,128,-0.932758,0.801636,-0.002570,-0.002180
tent,K,3,5,0.05,2,1.000e-10,129,-0.938028,0.805908,-0.008995,0.015009
tent,K,3,5,0.05,2,1.000e-10,130,-0.939030,0.800049,0.002885,-0.004106
tent,K,3,5,0.05,2,1.000e-10,131,-0.939728,0.796936,-0.002552,0.008614
tent,K,3,5,0.05,2,1.000e-10,132,-0.937529,0.802063,0.001635,0.007745
tent,K,3,5,0.05,2,1.000e-10,133,-0.930413,0.801025,-0.000730,0.000241
tent,K,3,5,0.05,2,1.000e-10,134,-0.934893,0.803467,-0.007225,0.008789
tent,K,3,5,0.05,2,1.000e-10,135,-0.938700,0.800598,0.002166,0.015006
tent,K,3,5,0.05,2,1.000e-10,136,-0.936263,0.802734,-0.000039,0.005595
tent,K,3,5,0.05,2,1.000e-10,137,-0.939271,0.798584,-0.002447,0.007055
tent,K,3,5,0.05,2,1.000e-10,138,-0.929841,0.802612,-0.013069,-0.001412
tent,K,3,5,0.05,2,1.000e-10,139,-0.932869,0.805115,0.000730,-0.005732
tent,K,3,5,0.05,2,1.000e-10,140,-0.934785,0.806030,-0.004640,0.011923
tent,K,3,5,0.05,2,1.000e-10,141,-0.931149,0.803894,-0.006386,-0.006761
tent,K,3,5,0.05,2,1.000e-10,142,-0.934245,0.799316,0.000491,-0.006244
tent,K,3,5,0.05,2,1.000e-10,143,-0.934455,0.805542,0.004399,0.006424
tent,K,3,5,0.05,2,1.000e-10,144,-0.936872,0.802368,-0.004071,0.005631
tent,K,3,5,0.05,2,1.000e-10,145,-0.933452,0.800903,-0.005980,-0.003497
tent,K,3,5,0.05,2,1.000e-10,146,-0.930556,0.801392,-0.002729,-0.000307
tent,K,3,5,0.05,2,1.000e-10,147,-0.930970,0.806396,0.001043,-0.011815
tent,K,3,5,0.05,2,1.000e-10,148,-0.940071,0.799500,0.010552,-0.011664
tent,K,3,5,0.05,2,1.000e-10,149,-0.930792,0.802734,-0.002169,-0.000067
tent,K,3,5,0.05,2,1.000e-10,150,-0.926947,0.801636,-0.007811,-0.004116
tent,K,3,5,0.05,2,1.000e-10,151,-0.936757,0.801880,-0.000638,0.004066
tent,K,3,5,0.05,2,1.000e-10,152,-0.935471,0.802551,-0.007909,0.004232
tent,K,3,5,0.05,2,1.000e-10,153,-0.929815,0.804810,0.002383,-0.007152
tent,K,3,5,0.05,2,1.000e-10,154,-0.934491,0.798401,0.005124,-0.000014
tent,K,3,5,0.05,2,1.000e-10,155,-0.935388,0.804199,0.004449,0.003311
tent,K,3,5,0.05,2,1.000e-10,156,-0.932390,0.804504,0.001803,0.004686
tent,K,3,5,0.05,2,1.000e-10,157,-0.930123,0.804810,0.000042,-0.009841
tent,K,3,5,0.05,2,1.000e-10,158,-0.939453,0.801392,0.001576,-0.002465
tent,K,3,5,0.05,2,1.000e-10,159,-0.941141,0.800659,0.005764,0.004872
tent,K,3,5,0.05,2,1.000e-10,160,-0.933010,0.803284,-0.004900,-0.000614
tent,K,3,5,0.05,2,1.000e-10,161,-0.935535,0.805420,-0.006248,0.013689
tent,K,3,5,0.05,2,1.000e-10,162,-0.935364,0.802246,0.012226,-0.005001
tent,K,3,5,0.05,2,1.000e-10,163,-0.932316,0.800903,-0.002286,-0.005093
tent,K,3,5,0.05,2,1.000e-10,164,-0.943867,0.798767,0.028633,-0.002150
tent,K,3,5,0.05,2,1.000e-10,165,-0.943116,0.796814,0.011054,0.004676
tent,K,3,5,0.05,2,1.000e-10,166,-0.937877,0.802185,0.006391,-0.000013
tent,K,3,5,0.05,2,1.000e-10,167,-0.938822,0.801880,-0.003921,0.008075
tent,K,3,5,0.05,2,1.000e-10,168,-0.937816,0.801208,0.007569,-0.009048
tent,K,3,5,0.05,2,1.000e-10,169,-0.939684,0.802917,-0.006005,0.016543
tent,K,3,5,0.05,2,1.000e-10,170,-0.934796,0.802734,-0.004806,-0.000027
tent,K,3,5,0.05,2,1.000e-10,171,-0.943472,0.797363,0.008310,0.003327
tent,K,3,5,0.05,2,1.000e-10,172,-0.941443,0.800415,0.005270,0.012948
tent,K,3,5,0.05,2,1.000e-10,173,-0.934131,0.801941,0.001560,-0.007241
tent,K,3,5,0.05,2,1.000e-10,174,-0.936201,0.801025,-0.013863,0.002991
tent,K,3,5,0.05,2,1.000e-10,175,-0.940637,0.796326,0.003098,0.003102
tent,K,3,5,0.05,2,1.000e-10,176,-0.942685,0.797180,0.008080,0.010757
tent,K,3,5,0.05,2,1.000e-10,177,-0.937829,0.801270,0.013376,-0.002047
tent,K,3,5,0.05,2,1.000e-10,178,-0.943805,0.798340,0.005524,0.009944
tent,K,3,5,0.05,2,1.000e-10,179,-0.939764,0.802368,-0.000447,-0.009140
tent,K,3,5,0.05,2,1.000e-10,180,-0.933314,0.803650,-0.000417,-0.010810
tent,K,3,5,0.05,2,1.000e-10,181,-0.938350,0.799011,-0.001216,0.004312
tent,K,3,5,0.05,2,1.000e-10,182,-0.945598,0.794434,0.010807,0.007233
tent,K,3,5,0.05,2,1.000e-10,183,-0.934949,0.803772,0.000518,0.001859
tent,K,3,5,0.05,2,1.000e-10,184,-0.928425,0.803406,-0.015004,0.002308
tent,K,3,5,0.05,2,1.000e-10,185,-0.935449,0.798767,-0.009151,0.008558
tent,K,3,5,0.05,2,1.000e-10,186,-0.937227,0.799622,0.001638,0.003243
tent,K,3,5,0.05,2,1.000e-10,187,-0.936176,0.800781,0.012453,-0.001258
tent,K,3,5,0.05,2,1.000e-10,188,-0.935886,0.803650,-0.007163,0.015213
tent,K,3,5,0.05,2,1.000e-10,189,-0.930865,0.805542,0.004196,-0.002662
tent,K,3,5,0.05,2,1.000e-10,190,-0.928866,0.803467,0.005706,-0.020214
tent,K,3,5,0.05,2,1.000e-10,191,-0.938102,0.799744,0.009771,-0.004606
tent,K,3,5,0.05,2,1.000e-10,192,-0.939504,0.800903,0.004502,0.009838
tent,K,3,5,0.05,2,1.000e-10,193,-0.937634,0.803345,0.000688,0.012464
tent,K,3,5,0.05,2,1.000e-10,194,-0.932169,0.806152,-0.011968,-0.007808
tent,K,3,5,0.05,2,1.000e-10,195,-0.940061,0.797607,0.015720,-0.009834
tent,K,3,5,0.05,2,1.000e-10,196,-0.938465,0.800842,-0.004185,0.002637
tent,K,3,5,0.05,2,1.000e-10,197,-0.948449,0.793579,0.004384,0.008700
tent,K,3,5,0.05,2,1.000e-10,198,-0.940511,0.801392,0.013096,0.001432
tent,K,3,5,0.05,2,1.000e-10,199,-0.935689,0.800049,0.006624,0.005722
tent,K,3,5,0.05,2,1.000e-10,200,-0.931618,0.804443,-0.001429,-0.007514
tent,K,3,5,0.05,2,1.000e-10,201,-0.927762,0.806396,-0.001207,-0.002849
tent,K,3,5,0.05,2,1.000e-10,202,-0.930370,0.803650,-0.006153,-0.000712
tent,K,3,5,0.05,2,1.000e-10,203,-0.925934,0.806641,-0.021481,0.003261
tent,K,3,5,0.05,2,1.000e-10,204,-0.930885,0.805786,-0.006747,-0.006703
tent,K,3,5,0.05,2,1.000e-10,205,-0.931025,0.807129,0.009113,-0.013077
tent,K,3,5,0.05,2,1.000e-10,206,-0.937640,0.801147,-0.006603,0.000348
tent,K,3,5,0.05,2,1.000e-10,207,-0.936964,0.800171,0.002439,-0.007374
tent,K,3,5,0.05,2,1.000e-10,208,-0.936318,0.803162,-0.000277,0.005740
tent,K,3,5,0.05,2,1.000e-10,209,-0.941520,0.801819,-0.002995,0.006098
tent,K,3,5,0.05,2,1.000e-10,210,-0.941849,0.797546,0.004698,-0.001079
tent,K,3,5,0.05,2,1.000e-10,211,-0.943333,0.799011,0.012249,0.002779
tent,K,3,5,0.05,2,1.000e-10,212,-0.939749,0.804016,0.017468,-0.005148
tent,K,3,5,0.05,2,1.000e-10,213,-0.926745,0.805664,-0.006144,-0.018951
tent,K,3,5,0.05,2,1.000e-10,214,-0.936580,0.800537,0.001099,0.013349
tent,K,3,5,0.05,2,1.000e-10,215,-0.936333,0.804871,0.005202,0.007506
tent,K,3,5,0.05,2,1.000e-10,216,-0.930274,0.806702,-0.009831,0.008210
tent,K,3,5,0.05,2,1.000e-10,217,-0.923810,0.809937,-0.010306,-0.015071
tent,K,3,5,0.05,2,1.000e-10,218,-0.935056,0.803833,-0.003734,0.004564
tent,K,3,5,0.05,2,1.000e-10,219,-0.945741,0.798706,0.000534,0.005544
tent,K,3,5,0.05,2,1.000e-10,220,-0.942429,0.798218,0.014135,0.002275
tent,K,3,5,0.05,2,1.000e-10,221,-0.929121,0.803467,-0.001769,-0.001707
tent,K,3,5,0.05,2,1.000e-10,222,-0.938008,0.800720,-0.007327,0.017773
tent,K,3,5,0.05,2,1.000e-10,223,-0.937189,0.801086,0.003881,0.011050
tent,K,3,5,0.05,2,1.000e-10,224,-0.931545,0.803833,0.000869,-0.003449
tent,K,3,5,0.05,2,1.000e-10,225,-0.933497,0.804077,-0.000952,0.003398
tent,K,3,5,0.05,2,1.000e-10,226,-0.932249,0.804504,-0.000788,0.000517
tent,K,3,5,0.05,2,1.000e-10,227,-0.927832,0.803894,-0.008587,-0.013534
tent,K,3,5,0.05,2,1.000e-10,228,-0.935667,0.801270,0.011967,-0.003897
tent,K,3,5,0.05,2,1.000e-10,229,-0.931812,0.807068,-0.014291,0.003171
tent,K,3,5,0.05,2,1.000e-10,230,-0.928527,0.807739,-0.002370,-0.022358
tent,K,3,5,0.05,2,1.000e-10,231,-0.926996,0.807861,-0.013375,-0.005066
tent,K,3,5,0.05,2,1.000e-10,232,-0.937262,0.801819,-0.004802,0.006051
tent,K,3,5,0.05,2,1.000e-10,233,-0.932279,0.801880,-0.002051,0.008142
tent,K,3,5,0.05,2,1.000e-10,234,-0.928502,0.807373,-0.002565,-0.003791
tent,K,3,5,0.05,2,1.000e-10,235,-0.930344,0.805115,-0.011711,0.001134
tent,K,3,5,0.05,2,1.000e-10,236,-0.930002,0.801147,-0.009636,-0.005882
tent,K,3,5,0.05,2,1.000e-10,237,-0.938198,0.803650,-0.001785,0.003431
tent,K,3,5,0.05,2,1.000e-10,238,-0.936072,0.802429,0.006118,-0.000283
tent,K,3,5,0.05,2,1.000e-10,239,-0.930472,0.807251,-0.011609,-0.001397
tent,K,3,5,0.05,2,1.000e-10,240,-0.927386,0.803040,0.000340,-0.006150
tent,K,3,5,0.05,2,1.000e-10,241,-0.929982,0.802795,-0.010678,0.000903
tent,K,3,5,0.05,2,1.000e-10,242,-0.934867,0.804993,0.007364,-0.001521
tent,K,3,5,0.05,2,1.000e-10,243,-0.925372,0.809265,-0.010482,-0.014650
tent,K,3,5,0.05,2,1.000e-10,244,-0.929628,0.808716,0.000497,-0.012479
tent,K,3,5,0.05,2,1.000e-10,245,-0.934285,0.805420,-0.009639,-0.000541
tent,K,3,5,0.05,2,1.000e-10,246,-0.941586,0.800903,-0.008226,0.001886
tent,K,3,5,0.05,2,1.000e-10,247,-0.942707,0.801392,0.007372,0.001550
tent,K,3,5,0.05,2,1.000e-10,248,-0.938346,0.800903,0.008567,0.002098
tent,K,3,5,0.05,2,1.000e-10,249,-0.931172,0.803284,-0.010631,-0.003998
tent,K,3,5,0.05,2,1.000e-10,250,-0.934994,0.800537,0.009363,-0.007156
tent,K,3,5,0.05,2,1.000e-10,251,-0.939788,0.799500,0.015991,-0.001510
tent,K,3,5,0.05,2,1.000e-10,252,-0.925504,0.810974,-0.017302,-0.007707
tent,K,3,5,0.05,2,1.000e-10,253,-0.934515,0.801575,-0.005050,-0.005659
tent,K,3,5,0.05,2,1.000e-10,254,-0.935228,0.801331,0.004033,-0.004016
tent,K,3,5,0.05,2,1.000e-10,255,-0.928636,0.801697,-0.003548,-0.005655
tent,K,3,5,0.05,2,1.000e-10,256,-0.931691,0.804504,-0.004687,-0.004455
tent,K,3,5,0.05,2,1.000e-10,257,-0.935636,0.800842,-0.002579,-0.007094
tent,K,3,5,0.05,2,1.000e-10,258,-0.939689,0.801758,0.002847,0.003639
tent,K,3,5,0.05,2,1.000e-10,259,-0.932021,0.805176,-0.001576,0.005940
tent,K,3,5,0.05,2,1.000e-10,260,-0.930942,0.805725,-0.007800,-0.004882
tent,K,3,5,0.05,2,1.000e-10,261,-0.928814,0.807617,0.010099,-0.018252
tent,K,3,5,0.05,2,1.000e-10,262,-0.933608,0.801086,-0.009076,-0.001108
tent,K,3,5,0.05,2,1.000e-10,263,-0.937672,0.802734,-0.001473,-0.004521
tent,K,3,5,0.05,2,1.000e-10,264,-0.938623,0.800964,-0.001045,0.010232
tent,K,3,5,0.05,2,1.000e-10,265,-0.935346,0.801575,-0.002879,0.009334
tent,K,3,5,0.05,2,1.000e-10,266,-0.935256,0.806519,0.010119,-0.002428
tent,K,3,5,0.05,2,1.000e-10,267,-0.931278,0.805786,-0.015107,-0.005017
tent,K,3,5,0.05,2,1.000e-10,268,-0.935348,0.799988,0.001235,-0.001575
tent,K,3,5,0.05,2,1.000e-10,269,-0.936070,0.800781,-0.000915,0.003238
tent,K,3,5,0.05,2,1.000e-10,270,-0.934768,0.800598,-0.010849,0.014411
tent,K,3,5,0.05,2,1.000e-10,271,-0.931920,0.803162,-0.005521,0.002066
tent,K,3,5,0.05,2,1.000e-10,272,-0.931248,0.805969,0.004861,-0.003937
tent,K,3,5,0.05,2,1.000e-10,273,-0.931023,0.806274,-0.007601,-0.003820
tent,K,3,5,0.05,2,1.000e-10,274,-0.936109,0.803162,0.005888,-0.010322
tent,K,3,5,0.05,2,1.000e-10,275,-0.936675,0.801575,-0.001644,-0.000853
tent,K,3,5,0.05,2,1.000e-10,276,-0.941505,0.801575,0.002681,0.006234
tent,K,3,5,0.05,2,1.000e-10,277,-0.940502,0.800232,-0.003284,-0.000512
tent,K,3,5,0.05,2,1.000e-10,278,-0.944216,0.796509,-0.000682,0.011965
tent,K,3,5,0.05,2,1.000e-10,279,-0.941768,0.798523,0.002772,-0.002102
tent,K,3,5,0.05,2,1.000e-10,280,-0.938265,0.802551,-0.000491,0.006097
tent,K,3,5,0.05,2,1.000e-10,281,-0.934164,0.802979,-0.004290,-0.004291
tent,K,3,5,0.05,2,1.000e-10,282,-0.938679,0.802551,-0.005905,0.011866
tent,K,3,5,0.05,2,1.000e-10,283,-0.941318,0.799805,0.011806,-0.003722
tent,K,3,5,0.05,2,1.000e-10,284,-0.935311,0.800354,-0.005194,0.000518
tent,K,3,5,0.05,2,1.000e-10,285,-0.933605,0.803162,0.005766,-0.002731
tent,K,3,5,0.05,2,1.000e-10,286,-0.936220,0.802185,0.008171,0.005244
tent,K,3,5,0.05,2,1.000e-10,287,-0.936429,0.803772,0.009661,-0.008922
tent,K,3,5,0.05,2,1.000e-10,288,-0.931199,0.803589,0.006782,-0.006886
tent,K,3,5,0.05,2,1.000e-10,289,-0.931912,0.806335,-0.017078,-0.004256
tent,K,3,5,0.05,2,1.000e-10,290,-0.939725,0.799316,-0.006514,-0.003368
tent,K,3,5,0.05,2,1.000e-10,291,-0.944823,0.798706,0.007844,0.001849
tent,K,3,5,0.05,2,1.000e-10,292,-0.945101,0.799988,-0.000572,0.015710
tent,K,3,5,0.05,2,1.000e-10,293,-0.942015,0.798462,0.006879,0.007187
tent,K,3,5,0.05,2,1.000e-10,294,-0.934051,0.804260,-0.003216,0.006897
tent,K,3,5,0.05,2,1.000e-10,295,-0.936556,0.802979,0.008679,-0.001627
tent,K,3,5,0.05,2,1.000e-10,296,-0.937126,0.799011,0.003262,-0.002814
tent,K,3,5,0.05,2,1.000e-10,297,-0.936328,0.803162,-0.002831,-0.002892
tent,K,3,5,0.05,2,1.000e-10,298,-0.934034,0.803345,-0.004063,0.002343
tent,K,3,5,0.05,2,1.000e-10,299,-0.931765,0.803284,-0.009810,-0.001040
tent,K,3,5,0.05,2,1.000e-10,300,-0.936233,0.803101,0.006582,-0.003941
tent,K,3,5,0.05,2,1.000e-10,301,-0.936176,0.804749,0.010380,-0.008011
tent,K,3,5,0.05,2,1.000e-10,302,-0.940011,0.800232,-0.006059,0.004249
tent,K,3,5,0.05,2,1.000e-10,303,-0.934956,0.803101,-0.010012,0.004284
tent,K,3,5,0.05,2,1.000e-10,304,-0.937566,0.800232,0.001416,0.013774
tent,K,3,5,0.05,2,1.000e-10,305,-0.933513,0.803528,0.004564,0.003479
tent,K,3,5,0.05,2,1.000e-10,306,-0.925552,0.805969,-0.009418,-0.001065
tent,K,3,5,0.05,2,1.000e-10,307,-0.927119,0.805725,-0.012911,-0.000321
tent,K,3,5,0.05,2,1.000e-10,308,-0.928254,0.808167,-0.007468,0.002297
tent,K,3,5,0.05,2,1.000e-10,309,-0.928538,0.806396,-0.011202,-0.011821
tent,K,3,5,0.05,2,1.000e-10,310,-0.932804,0.797241,-0.003621,-0.008100
tent,K,3,5,0.05,2,1.000e-10,311,-0.940697,0.799866,0.001961,0.009011
tent,K,3,5,0.05,2,1.000e-10,312,-0.944029,0.800293,0.003439,0.000911
tent,K,3,5,0.05,2,1.000e-10,313,-0.943937,0.798523,0.011906,-0.003115
tent,K,3,5,0.05,2,1.000e-10,314,-0.940721,0.799316,0.004095,0.011828
tent,K,3,5,0.05,2,1.000e-10,315,-0.936202,0.802002,0.010413,-0.014505
tent,K,3,5,0.05,2,1.000e-10,316,-0.938188,0.802124,-0.004502,0.005312
tent,K,3,5,0.05,2,1.000e-10,317,-0.931730,0.804260,-0.007101,-0.002382
tent,K,3,5,0.05,2,1.000e-10,318,-0.939748,0.802185,-0.000008,0.006110
tent,K,3,5,0.05,2,1.000e-10,319,-0.936503,0.804199,0.006073,-0.004732
tent,K,3,5,0.05,2,1.000e-10,320,-0.931700,0.805542,0.002552,-0.009921
tent,K,3,5,0.05,2,1.000e-10,321,-0.926370,0.808228,-0.008856,-0.007089
tent,K,3,5,0.05,2,1.000e-10,322,-0.930778,0.804504,-0.002148,-0.016265
tent,K,3,5,0.05,2,1.000e-10,323,-0.930171,0.803711,-0.014451,-0.007526
tent,K,3,5,0.05,2,1.000e-10,324,-0.930982,0.806213,-0.012089,0.008504
tent,K,3,5,0.05,2,1.000e-10,325,-0.929178,0.807556,-0.013766,-0.014800
tent,K,3,5,0.05,2,1.000e-10,326,-0.934497,0.800842,-0.006626,0.010604
tent,K,3,5,0.05,2,1.000e-10,327,-0.927477,0.804871,-0.012277,-0.008141
tent,K,3,5,0.05,2,1.000e-10,328,-0.933733,0.805237,0.000465,-0.004522
tent,K,3,5,0.05,2,1.000e-10,329,-0.928341,0.806641,-0.009693,-0.010707
tent,K,3,5,0.05,2,1.000e-10,330,-0.938403,0.799988,0.013160,0.000499
tent,K,3,5,0.05,2,1.000e-10,331,-0.939206,0.799622,0.003531,-0.003352
tent,K,3,5,0.05,2,1.000e-10,332,-0.945791,0.795959,0.015743,0.004145
tent,K,3,5,0.05,2,1.000e-10,333,-0.941290,0.795471,0.010177,-0.000851
tent,K,3,5,0.05,2,1.000e-10,334,-0.946239,0.794922,0.015645,0.012253
tent,K,3,5,0.05,2,1.000e-10,335,-0.937755,0.800415,0.004651,0.015185
tent,K,3,5,0.05,2,1.000e-10,336,-0.930962,0.803284,0.002801,-0.006066
tent,K,3,5,0.05,2,1.000e-10,337,-0.933706,0.804504,-0.003009,0.004709
tent,K,3,5,0.05,2,1.000e-10,338,-0.934719,0.801208,-0.008797,0.008755
tent,K,3,5,0.05,2,1.000e-10,339,-0.931039,0.807678,-0.003695,-0.007995
tent,K,3,5,0.05,2,1.000e-10,340,-0.939829,0.801270,-0.003367,0.002795
tent,K,3,5,0.05,2,1.000e-10,341,-0.935179,0.802246,0.000453,-0.004236
tent,K,3,5,0.05,2,1.000e-10,342,-0.932042,0.801758,-0.001899,-0.001413
tent,K,3,5,0.05,2,1.000e-10,343,-0.944098,0.797424,0.007146,0.006681
tent,K,3,5,0.05,2,1.000e-10,344,-0.942561,0.800232,0.008701,0.009609
tent,K,3,5,0.05,2,1.000e-10,345,-0.933385,0.801147,-0.000043,0.003382
tent,K,3,5,0.05,2,1.000e-10,346,-0.939675,0.802734,0.009708,0.003454
tent,K,3,5,0.05,2,1.000e-10,347,-0.928422,0.808594,-0.001844,-0.004989
tent,K,3,5,0.05,2,1.000e-10,348,-0.927543,0.806702,-0.000876,-0.015598
tent,K,3,5,0.05,2,1.000e-10,349,-0.936207,0.801270,-0.002430,-0.000339
tent,K,3,5,0.05,2,1.000e-10,350,-0.927595,0.804321,-0.000976,-0.008148
tent,K,3,5,0.05,2,1.000e-10,351,-0.931430,0.803345,-0.002946,0.001086
tent,K,3,5,0.05,2,1.000e-10,352,-0.932548,0.802307,-0.016757,-0.000897
tent,K,3,5,0.05,2,1.000e-10,353,-0.945274,0.797180,0.003716,0.008927
tent,K,3,5,0.05,2,1.000e-10,354,-0.934186,0.804993,-0.009169,0.004439
tent,K,3,5,0.05,2,1.000e-10,355,-0.934392,0.804077,-0.000572,0.005185
tent,K,3,5,0.05,2,1.000e-10,356,-0.935629,0.803162,-0.011295,0.007129
tent,K,3,5,0.05,2,1.000e-10,357,-0.930576,0.805237,-0.007032,-0.003952
tent,K,3,5,0.05,2,1.000e-10,358,-0.930325,0.804749,0.001009,-0.018088
tent,K,3,5,0.05,2,1.000e-10,359,-0.931755,0.802124,0.002526,-0.002255
tent,K,3,5,0.05,2,1.000e-10,360,-0.939440,0.801880,0.009711,0.001313
tent,K,3,5,0.05,2,1.000e-10,361,-0.939552,0.802979,0.006078,0.011826
tent,K,3,5,0.05,2,1.000e-10,362,-0.942971,0.798462,-0.005538,0.014725
tent,K,3,5,0.05,2,1.000e-10,363,-0.937787,0.800903,0.005874,0.004589
tent,K,3,5,0.05,2,1.000e-10,364,-0.945122,0.798035,0.006198,0.010004
tent,K,3,5,0.05,2,1.000e-10,365,-0.940511,0.799805,0.009310,0.010224
tent,K,3,5,0.05,2,1.000e-10,366,-0.938989,0.803894,0.014225,-0.006990
tent,K,3,5,0.05,2,1.000e-10,367,-0.945457,0.796875,0.003651,0.006970
tent,K,3,5,0.05,2,1.000e-10,368,-0.942694,0.802124,0.015608,-0.007963
tent,K,3,5,0.05,2,1.000e-10,369,-0.936321,0.802368,0.010588,-0.000984
tent,K,3,5,0.05,2,1.000e-10,370,-0.932825,0.804382,-0.014922,0.006837
tent,K,3,5,0.05,2,1.000e-10,371,-0.936739,0.803650,0.011154,0.005352
tent,K,3,5,0.05,2,1.000e-10,372,-0.927205,0.806091,-0.017236,0.007423
tent,K,3,5,0.05,2,1.000e-10,373,-0.927812,0.805664,-0.003664,-0.010643
tent,K,3,5,0.05,2,1.000e-10,374,-0.929650,0.801025,-0.019809,-0.005079
tent,K,3,5,0.05,2,1.000e-10,375,-0.942867,0.800964,0.014637,0.008571
tent,K,3,5,0.05,2,1.000e-10,376,-0.936706,0.805176,0.010193,-0.009781
tent,K,3,5,0.05,2,1.000e-10,377,-0.936355,0.799561,-0.000554,0.001521
tent,K,3,5,0.05,2,1.000e-10,378,-0.941193,0.796204,0.005714,0.003771
tent,K,3,5,0.05,2,1.000e-10,379,-0.932889,0.805420,-0.006334,-0.000757
tent,K,3,5,0.05,2,1.000e-10,380,-0.932756,0.801270,-0.009273,0.001532
tent,K,3,5,0.05,2,1.000e-10,381,-0.937902,0.800415,0.001173,-0.000892
tent,K,3,5,0.05,2,1.000e-10,382,-0.937152,0.805115,-0.003636,0.010307
tent,K,3,5,0.05,2,1.000e-10,383,-0.934844,0.798523,0.000306,-0.003719
tent,K,3,5,0.05,2,1.000e-10,384,-0.933204,0.805908,0.000868,-0.008160
tent,K,3,5,0.05,2,1.000e-10,385,-0.937991,0.801086,-0.002310,-0.001693
tent,K,3,5,0.05,2,1.000e-10,386,-0.941738,0.800964,0.013473,0.000219
tent,K,3,5,0.05,2,1.000e-10,387,-0.943858,0.800903,0.007796,0.006540
tent,K,3,5,0.05,2,1.000e-10,388,-0.941864,0.799438,0.000183,0.014531
tent,K,3,5,0.05,2,1.000e-10,389,-0.936411,0.800354,0.009020,-0.000414
tent,K,3,5,0.05,2,1.000e-10,390,-0.933174,0.802795,-0.009599,-0.012385
tent,K,3,5,0.05,2,1.000e-10,391,-0.937271,0.803406,-0.002179,0.007690
tent,K,3,5,0.05,2,1.000e-10,392,-0.931201,0.802856,-0.014772,0.005097
tent,K,3,5,0.05,2,1.000e-10,393,-0.935174,0.799316,-0.002500,-0.012538
tent,K,3,5,0.05,2,1.000e-10,394,-0.938860,0.802551,0.006143,0.004581
tent,K,3,5,0.05,2,1.000e-10,395,-0.931489,0.807739,-0.008587,-0.000675
tent,K,3,5,0.05,2,1.000e-10,396,-0.938296,0.800293,0.004963,-0.001687
tent,K,3,5,0.05,2,1.000e-10,397,-0.938521,0.797241,0.005904,-0.002464
tent,K,3,5,0.05,2,1.000e-10,398,-0.940004,0.800232,0.002065,0.002333
tent,K,3,5,0.05,2,1.000e-10,399,-0.939607,0.798340,0.000482,0.007602
tent,K,3,5,0.05,2,1.000e-10,400,-0.939139,0.802002,0.002347,0.012941
tent,K,3,5,0.05,2,1.000e-08,1,-18.514178,0.000000,1.000000,1.000000
tent,K,3,5,0.05,2,1.000e-08,2,-18.042262,0.000000,1.000000,1.000000
tent,K,3,5,0.05,2,1.000e-08,3,-17.356294,0.000000,1.000000,1.000000
tent,K,3,5,0.05,2,1.000e-08,4,-16.706293,0.000000,1.000000,1.000000
tent,K,3,5,0.05,2,1.000e-08,5,-16.063525,0.000000,1.000000,1.000000
tent,K,3,5,0.05,2,1.000e-08,6,-15.419609,0.000000,1.000000,1.000000
tent,K,3,5,0.05,2,1.000e-08,7,-14.775679,0.000000,1.000000,1.000000
tent,K,3,5,0.05,2,1.000e-08,8,-14.133931,0.000000,1.000000,1.000000
tent,K,3,5,0.05,2,1.000e-08,9,-13.491479,0.000000,1.000000,1.000000
tent,K,3,5,0.05,2,1.000e-08,10,-12.848685,0.000000,1.000000,1.000000
tent,K,3,5,0.05,2,1.000e-08,11,-12.206175,0.000000,1.000000,1.000000
tent,K,3,5,0.05,2,1.000e-08,12,-11.564947,0.000000,1.000000,1.000000
tent,K,3,5,0.05,2,1.000e-08,13,-10.922271,0.000000,1.000000,1.000000
tent,K,3,5,0.05,2,1.000e-08,14,-10.278403,0.000000,1.000000,1.000000
tent,K,3,5,0.05,2,1.000e-08,15,-9.637525,0.000000,1.000000,1.000000
tent,K,3,5,0.05,2,1.000e-08,16,-8.994551,0.000061,0.999529,0.999995
tent,K,3,5,0.05,2,1.000e-08,17,-8.352008,0.000061,0.999525,0.999981
tent,K,3,5,0.05,2,1.000e-08,18,-7.708362,0.000244,0.999064,0.999456
tent,K,3,5,0.05,2,1.000e-08,19,-7.066593,0.000183,0.999528,0.999751
tent,K,3,5,0.05,2,1.000e-08,20,-6.423041,0.000671,0.998106,0.998202
tent,K,3,5,0.05,2,1.000e-08,21,-5.777718,0.001404,0.994771,0.995820
tent,K,3,5,0.05,2,1.000e-08,22,-5.134172,0.001770,0.994379,0.994248
tent,K,3,5,0.05,2,1.000e-08,23,-4.490139,0.003418,0.993216,0.984790
tent,K,3,5,0.05,2,1.000e-08,24,-3.849126,0.005676,0.979852,0.981710
tent,K,3,5,0.05,2,1.000e-08,25,-3.220410,0.007812,0.968157,0.970296
tent,K,3,5,0.05,2,1.000e-08,26,-2.604807,0.020691,0.934674,0.932840
tent,K,3,5,0.05,2,1.000e-08,27,-2.026132,0.158142,0.856355,0.839881
tent,K,3,5,0.05,2,1.000e-08,28,-1.508478,0.480042,0.633523,0.614280
tent,K,3,5,0.05,2,1.000e-08,29,-1.110186,0.720581,0.242936,0.228611
tent,K,3,5,0.05,2,1.000e-08,30,-0.946172,0.798218,-0.000598,0.032325
tent,K,3,5,0.05,2,1.000e-08,31,-0.931575,0.804871,-0.014432,0.002442
tent,K,3,5,0.05,2,1.000e-08,32,-0.931891,0.806274,0.015829,-0.003188
tent,K,3,5,0.05,2,1.000e-08,33,-0.929713,0.804626,-0.001187,-0.009703
tent,K,3,5,0.05,2,1.000e-08,34,-0.941804,0.797791,-0.005435,0.001077
tent,K,3,5,0.05,2,1.000e-08,35,-0.938937,0.801392,0.013120,-0.003002
tent,K,3,5,0.05,2,1.000e-08,36,-0.937188,0.802124,0.012867,-0.004421
tent,K,3,5,0.05,2,1.000e-08,37,-0.943461,0.800537,0.010892,0.011803
tent,K,3,5,0.05,2,1.000e-08,38,-0.939863,0.803345,0.006841,-0.000041
tent,K,3,5,0.05,2,1.000e-08,39,-0.938863,0.799072,-0.003328,0.001606
tent,K,3,5,0.05,2,1.000e-08,40,-0.945866,0.798462,0.010145,0.013552
tent,K,3,5,0.05,2,1.000e-08,41,-0.943675,0.798279,0.009599,0.011146
tent,K,3,5,0.05,2,1.000e-08,42,-0.943244,0.797424,-0.003065,0.013000
tent,K,3,5,0.05,2,1.000e-08,43,-0.940893,0.800171,0.004113,0.006166
tent,K,3,5,0.05,2,1.000e-08,44,-0.938924,0.804749,0.009470,0.004733
tent,K,3,5,0.05,2,1.000e-08,45,-0.937279,0.800720,-0.000229,-0.000492
tent,K,3,5,0.05,2,1.000e-08,46,-0.940283,0.797119,-0.003609,0.012543
tent,K,3,5,0.05,2,1.000e-08,47,-0.932011,0.803955,-0.004400,-0.002951
tent,K,3,5,0.05,2,1.000e-08,48,-0.935007,0.802917,-0.008010,0.004965
tent,K,3,5,0.05,2,1.000e-08,49,-0.937554,0.800110,-0.002892,0.002454
tent,K,3,5,0.05,2,1.000e-08,50,-0.937369,0.803528,-0.002107,-0.000693
tent,K,3,5,0.05,2,1.000e-08,51,-0.936789,0.801819,0.009351,0.005034
tent,K,3,5,0.05,2,1.000e-08,52,-0.935497,0.803650,0.006441,0.007015
tent,K,3,5,0.05,2,1.000e-08,53,-0.939536,0.799988,0.003733,0.002377
tent,K,3,5,0.05,2,1.000e-08,54,-0.941899,0.799744,0.007174,-0.005646
tent,K,3,5,0.05,2,1.000e-08,55,-0.935829,0.801697,0.008118,0.000650
tent,K,3,5,0.05,2,1.000e-08,56,-0.930425,0.806213,-0.007312,-0.003422
tent,K,3,5,0.05,2,1.000e-08,57,-0.934237,0.801758,0.010589,-0.000046
tent,K,3,5,0.05,2,1.000e-08,58,-0.930367,0.803040,-0.010734,0.001153
tent,K,3,5,0.05,2,1.000e-08,59,-0.940367,0.800232,0.004294,0.008582
tent,K,3,5,0.05,2,1.000e-08,60,-0.937900,0.802734,-0.001579,-0.005735
tent,K,3,5,0.05,2,1.000e-08,61,-0.936457,0.803955,0.010078,-0.003984
tent,K,3,5,0.05,2,1.000e-08,62,-0.929592,0.805725,0.006684,-0.008905
tent,K,3,5,0.05,2,1.000e-08,63,-0.932049,0.802612,-0.003487,-0.005702
tent,K,3,5,0.05,2,1.000e-08,64,-0.932696,0.803284,-0.009124,-0.003953
tent,K,3,5,0.05,2,1.000e-08,65,-0.940064,0.799072,0.008196,0.006570
tent,K,3,5,0.05,2,1.000e-08,66,-0.941917,0.798950,0.007529,0.013361
tent,K,3,5,0.05,2,1.000e-08,67,-0.932487,0.806274,0.009801,-0.008295
tent,K,3,5,0.05,2,1.000e-08,68,-0.927195,0.805786,-0.006382,-0.010446
tent,K,3,5,0.05,2,1.000e-08,69,-0.930048,0.805664,-0.000545,-0.016294
tent,K,3,5,0.05,2,1.000e-08,70,-0.932009,0.803162,-0.000092,-0.008820
tent,K,3,5,0.05,2,1.000e-08,71,-0.937858,0.801270,-0.004121,-0.003734
tent,K,3,5,0.05,2,1.000e-08,72,-0.937938,0.801819,0.004536,-0.004740
tent,K,3,5,0.05,2,1.000e-08,73,-0.928434,0.805237,-0.000401,-0.007427
tent,K,3,5,0.05,2,1.000e-08,74,-0.932115,0.805786,-0.010372,0.000728
tent,K,3,5,0.05,2,1.000e-08,75,-0.936684,0.804749,-0.009363,0.004538
tent,K,3,5,0.05,2,1.000e-08,76,-0.934083,0.809265,0.002660,0.004148
tent,K,3,5,0.05,2,1.000e-08,77,-0.928556,0.805603,-0.006489,0.001476
tent,K,3,5,0.05,2,1.000e-08,78,-0.938791,0.801575,0.000181,-0.002820
tent,K,3,5,0.05,2,1.000e-08,79,-0.942328,0.801331,0.024234,0.003026
tent,K,3,5,0.05,2,1.000e-08,80,-0.928258,0.809265,0.007818,-0.007757
tent,K,3,5,0.05,2,1.000e-08,81,-0.933923,0.804016,-0.006402,-0.002193
tent,K,3,5,0.05,2,1.000e-08,82,-0.939789,0.799988,0.001313,0.020268
tent,K,3,5,0.05,2,1.000e-08,83,-0.936069,0.802307,-0.007792,0.003559
tent,K,3,5,0.05,2,1.000e-08,84,-0.933896,0.800354,0.002847,0.001629
tent,K,3,5,0.05,2,1.000e-08,85,-0.936857,0.801392,-0.005462,0.014919
tent,K,3,5,0.05,2,1.000e-08,86,-0.933869,0.804321,-0.001404,-0.009493
tent,K,3,5,0.05,2,1.000e-08,87,-0.945225,0.799377,0.008583,0.014597
tent,K,3,5,0.05,2,1.000e-08,88,-0.936122,0.804077,-0.009170,-0.000187
tent,K,3,5,0.05,2,1.000e-08,89,-0.943028,0.799561,0.010918,0.012019
tent,K,3,5,0.05,2,1.000e-08,90,-0.935681,0.803162,-0.001157,-0.004756
tent,K,3,5,0.05,2,1.000e-08,91,-0.941975,0.799133,-0.000921,0.006029
tent,K,3,5,0.05,2,1.000e-08,92,-0.936833,0.800415,-0.003361,-0.002310
tent,K,3,5,0.05,2,1.000e-08,93,-0.934020,0.804871,0.008639,-0.003905
tent,K,3,5,0.05,2,1.000e-08,94,-0.933321,0.804138,-0.003857,0.004280
tent,K,3,5,0.05,2,1.000e-08,95,-0.939944,0.794556,0.009901,-0.006322
tent,K,3,5,0.05,2,1.000e-08,96,-0.944042,0.796631,0.008923,0.019015
tent,K,3,5,0.05,2,1.000e-08,97,-0.931296,0.804504,0.006713,0.001315
tent,K,3,5,0.05,2,1.000e-08,98,-0.926200,0.809448,-0.009164,-0.001235
tent,K,3,5,0.05,2,1.000e-08,99,-0.937338,0.798828,0.006001,0.000039
tent,K,3,5,0.05,2,1.000e-08,100,-0.936641,0.806152,0.006953,-0.003192
tent,K,3,5,0.05,2,1.000e-08,101,-0.933550,0.803650,0.003163,-0.014313
tent,K,3,5,0.05,2,1.000e-08,102,-0.933734,0.803284,-0.002838,0.003801
tent,K,3,5,0.05,2,1.000e-08,103,-0.934530,0.805420,0.002713,0.004164
tent,K,3,5,0.05,2,1.000e-08,104,-0.931203,0.804199,0.000295,-0.003831
tent,K,3,5,0.05,2,1.000e-08,105,-0.927871,0.804382,0.004209,-0.016974
tent,K,3,5,0.05,2,1.000e-08,106,-0.928384,0.804199,0.002377,-0.011425
tent,K,3,5,0.05,2,1.000e-08,107,-0.933311,0.807556,-0.004321,0.002865
tent,K,3,5,0.05,2,1.000e-08,108,-0.939376,0.800415,0.002864,-0.012187
tent,K,3,5,0.05,2,1.000e-08,109,-0.933695,0.802734,-0.006656,0.003699
tent,K,3,5,0.05,2,1.000e-08,110,-0.931454,0.803406,0.005080,0.006218
tent,K,3,5,0.05,2,1.000e-08,111,-0.931742,0.804871,0.000271,-0.016588
tent,K,3,5,0.05,2,1.000e-08,112,-0.946370,0.799561,0.010635,0.005940
tent,K,3,5,0.05,2,1.000e-08,113,-0.937904,0.800476,0.016327,-0.013558
tent,K,3,5,0.05,2,1.000e-08,114,-0.933128,0.803345,-0.003439,-0.009030
tent,K,3,5,0.05,2,1.000e-08,115,-0.934178,0.807007,0.006979,-0.003903
tent,K,3,5,0.05,2,1.000e-08,116,-0.937111,0.804321,0.011226,0.003935
tent,K,3,5,0.05,2,1.000e-08,117,-0.939399,0.799683,0.011079,0.001873
tent,K,3,5,0.05,2,1.000e-08,118,-0.936783,0.801880,-0.005946,0.002814
tent,K,3,5,0.05,2,1.000e-08,119,-0.932059,0.802673,0.004210,-0.008486
tent,K,3,5,0.05,2,1.000e-08,120,-0.941830,0.799744,-0.007015,0.015262
tent,K,3,5,0.05,2,1.000e-08,121,-0.936469,0.801147,0.000386,0.000046
tent,K,3,5,0.05,2,1.000e-08,122,-0.939242,0.798340,-0.000409,0.003509
tent,K,3,5,0.05,2,1.000e-08,123,-0.942410,0.797974,0.014379,-0.002691
tent,K,3,5,0.05,2,1.000e-08,124,-0.937113,0.800781,-0.007653,0.004621
tent,K,3,5,0.05,2,1.000e-08,125,-0.940469,0.798645,0.005854,0.003055
tent,K,3,5,0.05,2,1.000e-08,126,-0.942019,0.800720,0.012039,-0.001210
tent,K,3,5,0.05,2,1.000e-08,127,-0.942254,0.802490,-0.000574,0.007377
tent,K,3,5,0.05,2,1.000e-08,128,-0.931642,0.803589,-0.012866,-0.000743
tent,K,3,5,0.05,2,1.000e-08,129,-0.932627,0.803345,-0.005258,0.015315
tent,K,3,5,0.05,2,1.000e-08,130,-0.935530,0.806152,-0.003764,-0.006059
tent,K,3,5,0.05,2,1.000e-08,131,-0.942723,0.799744,0.008453,-0.004920
tent,K,3,5,0.05,2,1.000e-08,132,-0.933456,0.806641,-0.003537,0.002350
tent,K,3,5,0.05,2,1.000e-08,133,-0.934588,0.801392,-0.011177,0.008752
tent,K,3,5,0.05,2,1.000e-08,134,-0.936181,0.803650,0.005858,0.000658
tent,K,3,5,0.05,2,1.000e-08,135,-0.935237,0.800476,-0.002519,0.005719
tent,K,3,5,0.05,2,1.000e-08,136,-0.936927,0.802856,0.005270,0.004978
tent,K,3,5,0.05,2,1.000e-08,137,-0.932969,0.806519,-0.000223,-0.005263
tent,K,3,5,0.05,2,1.000e-08,138,-0.925002,0.806641,-0.015498,-0.002918
tent,K,3,5,0.05,2,1.000e-08,139,-0.928613,0.807495,-0.015101,0.011395
tent,K,3,5,0.05,2,1.000e-08,140,-0.921462,0.812195,-0.008445,-0.011957
tent,K,3,5,0.05,2,1.000e-08,141,-0.926705,0.808838,-0.018035,-0.011830
tent,K,3,5,0.05,2,1.000e-08,142,-0.928830,0.805237,0.003431,-0.005023
tent,K,3,5,0.05,2,1.000e-08,143,-0.935386,0.797974,0.000772,-0.002145
tent,K,3,5,0.05,2,1.000e-08,144,-0.936832,0.803528,-0.003302,0.005343
tent,K,3,5,0.05,2,1.000e-08,145,-0.937940,0.798462,-0.004672,0.006986
tent,K,3,5,0.05,2,1.000e-08,146,-0.929302,0.807007,0.004537,0.008008
tent,K,3,5,0.05,2,1.000e-08,147,-0.929585,0.805786,0.004219,-0.010775
tent,K,3,5,0.05,2,1.000e-08,148,-0.934474,0.798340,-0.004623,0.002814
tent,K,3,5,0.05,2,1.000e-08,149,-0.934373,0.802246,0.011377,0.009402
tent,K,3,5,0.05,2,1.000e-08,150,-0.930954,0.804016,0.007613,-0.001120
tent,K,3,5,0.05,2,1.000e-08,151,-0.938652,0.803467,-0.008407,0.009274
tent,K,3,5,0.05,2,1.000e-08,152,-0.934926,0.802673,-0.012877,-0.001866
tent,K,3,5,0.05,2,1.000e-08,153,-0.934132,0.804138,0.000581,-0.004941
tent,K,3,5,0.05,2,1.000e-08,154,-0.931127,0.803345,0.003883,-0.005536
tent,K,3,5,0.05,2,1.000e-08,155,-0.935449,0.806580,0.006264,0.003571
tent,K,3,5,0.05,2,1.000e-08,156,-0.932852,0.802551,-0.003904,-0.004524
tent,K,3,5,0.05,2,1.000e-08,157,-0.941265,0.795227,0.009466,-0.001112
tent,K,3,5,0.05,2,1.000e-08,158,-0.939383,0.800415,0.008328,0.004348
tent,K,3,5,0.05,2,1.000e-08,159,-0.932511,0.807007,-0.006725,0.000947
tent,K,3,5,0.05,2,1.000e-08,160,-0.930448,0.803284,-0.013885,-0.001741
tent,K,3,5,0.05,2,1.000e-08,161,-0.931811,0.804565,-0.010780,0.005533
tent,K,3,5,0.05,2,1.000e-08,162,-0.935668,0.804932,0.015502,-0.000350
tent,K,3,5,0.05,2,1.000e-08,163,-0.931915,0.804443,-0.006634,-0.004044
tent,K,3,5,0.05,2,1.000e-08,164,-0.935985,0.802612,0.002866,0.004129
tent,K,3,5,0.05,2,1.000e-08,165,-0.936452,0.800537,0.003526,-0.002270
tent,K,3,5,0.05,2,1.000e-08,166,-0.934956,0.800049,-0.008368,-0.003806
tent,K,3,5,0.05,2,1.000e-08,167,-0.937482,0.802002,-0.013621,0.009278
tent,K,3,5,0.05,2,1.000e-08,168,-0.933736,0.802185,0.003481,-0.017205
tent,K,3,5,0.05,2,1.000e-08,169,-0.932476,0.802734,-0.008361,-0.000269
tent,K,3,5,0.05,2,1.000e-08,170,-0.938720,0.800598,0.005534,0.007360
tent,K,3,5,0.05,2,1.000e-08,171,-0.929520,0.804016,-0.012191,-0.007663
tent,K,3,5,0.05,2,1.000e-08,172,-0.930751,0.805542,-0.008154,-0.005297
tent,K,3,5,0.05,2,1.000e-08,173,-0.938462,0.802063,0.000166,0.009419
tent,K,3,5,0.05,2,1.000e-08,174,-0.932053,0.804749,-0.000015,-0.000569
tent,K,3,5,0.05,2,1.000e-08,175,-0.932973,0.805054,-0.009629,0.004206
tent,K,3,5,0.05,2,1.000e-08,176,-0.931917,0.801575,-0.002868,0.000845
tent,K,3,5,0.05,2,1.000e-08,177,-0.926902,0.810425,0.006025,-0.014846
tent,K,3,5,0.05,2,1.000e-08,178,-0.935433,0.801331,0.006752,-0.010111
tent,K,3,5,0.05,2,1.000e-08,179,-0.932836,0.803101,-0.004134,0.003765
tent,K,3,5,0.05,2,1.000e-08,180,-0.926614,0.800964,-0.010230,-0.009975
tent,K,3,5,0.05,2,1.000e-08,181,-0.937081,0.800476,0.006802,-0.000219
tent,K,3,5,0.05,2,1.000e-08,182,-0.931432,0.806580,0.004813,-0.002311
tent,K,3,5,0.05,2,1.000e-08,183,-0.933344,0.804871,-0.002858,-0.005760
tent,K,3,5,0.05,2,1.000e-08,184,-0.940498,0.801147,-0.003089,0.017411
tent,K,3,5,0.05,2,1.000e-08,185,-0.936134,0.803711,-0.010901,0.010207
tent,K,3,5,0.05,2,1.000e-08,186,-0.934167,0.804626,0.000858,0.004395
tent,K,3,5,0.05,2,1.000e-08,187,-0.934533,0.805481,0.009242,-0.010385
tent,K,3,5,0.05,2,1.000e-08,188,-0.933548,0.805237,0.005236,-0.006589
tent,K,3,5,0.05,2,1.000e-08,189,-0.929183,0.803528,-0.012414,-0.000175
tent,K,3,5,0.05,2,1.000e-08,190,-0.934043,0.802246,-0.010401,0.001044
tent,K,3,5,0.05,2,1.000e-08,191,-0.940328,0.799988,0.000679,0.007450
tent,K,3,5,0.05,2,1.000e-08,192,-0.933010,0.805359,0.005249,-0.004410
tent,K,3,5,0.05,2,1.000e-08,193,-0.931022,0.803101,-0.005860,0.002073
tent,K,3,5,0.05,2,1.000e-08,194,-0.940213,0.800659,0.006156,0.009637
tent,K,3,5,0.05,2,1.000e-08,195,-0.931762,0.804565,0.000807,-0.007986
tent,K,3,5,0.05,2,1.000e-08,196,-0.939050,0.800415,-0.008230,-0.002926
tent,K,3,5,0.05,2,1.000e-08,197,-0.939984,0.801819,-0.002645,0.001077
tent,K,3,5,0.05,2,1.000e-08,198,-0.942397,0.798950,-0.003688,0.017790
tent,K,3,5,0.05,2,1.000e-08,199,-0.939966,0.798401,0.003993,0.004750
tent,K,3,5,0.05,2,1.000e-08,200,-0.941115,0.800842,0.002369,-0.002921
tent,K,3,5,0.05,2,1.000e-08,201,-0.941207,0.799072,0.005910,-0.005275
tent,K,3,5,0.05,2,1.000e-08,202,-0.938905,0.800537,0.008993,-0.005424
tent,K,3,5,0.05,2,1.000e-08,203,-0.938332,0.801819,0.004211,0.002336
tent,K,3,5,0.05,2,1.000e-08,204,-0.931150,0.806519,0.005648,-0.011113
tent,K,3,5,0.05,2,1.000e-08,205,-0.932558,0.807373,0.006658,0.000331
tent,K,3,5,0.05,2,1.000e-08,206,-0.932152,0.804932,-0.000704,-0.007054
tent,K,3,5,0.05,2,1.000e-08,207,-0.941986,0.798706,0.002842,0.010020
tent,K,3,5,0.05,2,1.000e-08,208,-0.948377,0.791382,0.008872,0.004095
tent,K,3,5,0.05,2,1.000e-08,209,-0.939827,0.803406,0.010265,0.001237
tent,K,3,5,0.05,2,1.000e-08,210,-0.940635,0.798157,0.014933,-0.009840
tent,K,3,5,0.05,2,1.000e-08,211,-0.941819,0.800964,0.009041,0.004065
tent,K,3,5,0.05,2,1.000e-08,212,-0.935727,0.803772,0.012315,-0.005688
tent,K,3,5,0.05,2,1.000e-08,213,-0.931605,0.802551,-0.007788,-0.012727
tent,K,3,5,0.05,2,1.000e-08,214,-0.933923,0.805054,0.002189,-0.000854
tent,K,3,5,0.05,2,1.000e-08,215,-0.925192,0.811096,-0.009285,-0.017105
tent,K,3,5,0.05,2,1.000e-08,216,-0.931469,0.804077,-0.000523,-0.014794
tent,K,3,5,0.05,2,1.000e-08,217,-0.931468,0.804077,-0.008320,0.002272
tent,K,3,5,0.05,2,1.000e-08,218,-0.942000,0.801025,-0.000497,0.009887
tent,K,3,5,0.05,2,1.000e-08,219,-0.939182,0.801819,0.008216,-0.003348
tent,K,3,5,0.05,2,1.000e-08,220,-0.931781,0.804810,0.000829,0.003034
tent,K,3,5,0.05,2,1.000e-08,221,-0.927801,0.804565,-0.016468,-0.008621
tent,K,3,5,0.05,2,1.000e-08,222,-0.937065,0.801819,-0.002740,-0.002569
tent,K,3,5,0.05,2,1.000e-08,223,-0.935977,0.800842,0.002298,-0.008805
tent,K,3,5,0.05,2,1.000e-08,224,-0.930606,0.805603,-0.005015,0.005533
tent,K,3,5,0.05,2,1.000e-08,225,-0.929549,0.804749,-0.001883,-0.008584
tent,K,3,5,0.05,2,1.000e-08,226,-0.937273,0.802551,0.004147,-0.001938
tent,K,3,5,0.05,2,1.000e-08,227,-0.937944,0.802856,0.000902,-0.000583
tent,K,3,5,0.05,2,1.000e-08,228,-0.933561,0.803589,-0.007622,-0.000284
tent,K,3,5,0.05,2,1.000e-08,229,-0.938361,0.802307,0.003797,-0.006793
tent,K,3,5,0.05,2,1.000e-08,230,-0.939510,0.805298,0.008818,0.005549
tent,K,3,5,0.05,2,1.000e-08,231,-0.929557,0.806580,-0.014524,-0.001086
tent,K,3,5,0.05,2,1.000e-08,232,-0.937971,0.800537,0.009976,-0.009416
tent,K,3,5,0.05,2,1.000e-08,233,-0.944560,0.798157,0.007480,0.013783
tent,K,3,5,0.05,2,1.000e-08,234,-0.936761,0.804993,0.009467,0.003220
tent,K,3,5,0.05,2,1.000e-08,235,-0.927472,0.808167,-0.011768,0.002466
tent,K,3,5,0.05,2,1.000e-08,236,-0.933584,0.802490,-0.004916,0.002843
tent,K,3,5,0.05,2,1.000e-08,237,-0.930611,0.805176,-0.008279,-0.010937
tent,K,3,5,0.05,2,1.000e-08,238,-0.938495,0.803711,0.007082,-0.008496
tent,K,3,5,0.05,2,1.000e-08,239,-0.938177,0.799622,0.006059,0.007072
tent,K,3,5,0.05,2,1.000e-08,240,-0.930099,0.803223,-0.011764,0.008541
tent,K,3,5,0.05,2,1.000e-08,241,-0.935990,0.803711,0.005754,0.001930
tent,K,3,5,0.05,2,1.000e-08,242,-0.937781,0.804504,0.000313,-0.002167
tent,K,3,5,0.05,2,1.000e-08,243,-0.932202,0.803223,-0.005489,-0.003732
tent,K,3,5,0.05,2,1.000e-08,244,-0.930308,0.803772,-0.014025,-0.001355
tent,K,3,5,0.05,2,1.000e-08,245,-0.940699,0.801697,0.006853,0.004173
tent,K,3,5,0.05,2,1.000e-08,246,-0.929741,0.806519,0.003669,-0.004866
tent,K,3,5,0.05,2,1.000e-08,247,-0.932193,0.805420,-0.003048,-0.003736
tent,K,3,5,0.05,2,1.000e-08,248,-0.931608,0.807617,-0.006252,0.002998
tent,K,3,5,0.05,2,1.000e-08,249,-0.936556,0.802002,-0.007079,-0.006986
tent,K,3,5,0.05,2,1.000e-08,250,-0.933166,0.797729,0.002321,-0.001997
tent,K,3,5,0.05,2,1.000e-08,251,-0.931474,0.802612,-0.002324,0.005280
tent,K,3,5,0.05,2,1.000e-08,252,-0.931527,0.805847,0.007207,-0.010193
tent,K,3,5,0.05,2,1.000e-08,253,-0.932160,0.803406,-0.002136,-0.001982
tent,K,3,5,0.05,2,1.000e-08,254,-0.938908,0.801941,0.008950,-0.002556
tent,K,3,5,0.05,2,1.000e-08,255,-0.928977,0.803711,-0.006093,0.002654
tent,K,3,5,0.05,2,1.000e-08,256,-0.934703,0.802795,0.004105,0.005034
tent,K,3,5,0.05,2,1.000e-08,257,-0.938403,0.804565,0.011320,-0.000509
tent,K,3,5,0.05,2,1.000e-08,258,-0.937298,0.803833,0.002195,0.001484
tent,K,3,5,0.05,2,1.000e-08,259,-0.930597,0.801819,-0.002647,-0.014968
tent,K,3,5,0.05,2,1.000e-08,260,-0.928841,0.804810,-0.004949,-0.003262
tent,K,3,5,0.05,2,1.000e-08,261,-0.929055,0.806213,-0.001212,-0.004845
tent,K,3,5,0.05,2,1.000e-08,262,-0.937788,0.800049,0.004481,0.003423
tent,K,3,5,0.05,2,1.000e-08,263,-0.926923,0.807129,-0.023108,-0.004914
tent,K,3,5,0.05,2,1.000e-08,264,-0.930634,0.803101,0.008910,-0.012053
tent,K,3,5,0.05,2,1.000e-08,265,-0.934918,0.804016,-0.008957,-0.000665
tent,K,3,5,0.05,2,1.000e-08,266,-0.947387,0.796204,0.008062,0.009842
tent,K,3,5,0.05,2,1.000e-08,267,-0.931713,0.802612,-0.001045,-0.009396
tent,K,3,5,0.05,2,1.000e-08,268,-0.926505,0.802429,-0.008956,-0.004377
tent,K,3,5,0.05,2,1.000e-08,269,-0.929019,0.805725,0.007383,-0.006917
tent,K,3,5,0.05,2,1.000e-08,270,-0.927757,0.806763,-0.002681,-0.014357
tent,K,3,5,0.05,2,1.000e-08,271,-0.929519,0.802063,-0.002172,-0.006333
tent,K,3,5,0.05,2,1.000e-08,272,-0.929499,0.804321,0.005152,-0.007276
tent,K,3,5,0.05,2,1.000e-08,273,-0.922338,0.808167,-0.009182,-0.011738
tent,K,3,5,0.05,2,1.000e-08,274,-0.926398,0.806152,-0.004941,-0.009221
tent,K,3,5,0.05,2,1.000e-08,275,-0.930522,0.805847,-0.001191,-0.013354
tent,K,3,5,0.05,2,1.000e-08,276,-0.927994,0.805847,-0.014046,-0.018984
tent,K,3,5,0.05,2,1.000e-08,277,-0.932241,0.802429,0.001417,0.008572
tent,K,3,5,0.05,2,1.000e-08,278,-0.932893,0.801819,-0.010526,-0.004893
tent,K,3,5,0.05,2,1.000e-08,279,-0.937564,0.796875,-0.010345,0.006690
tent,K,3,5,0.05,2,1.000e-08,280,-0.939784,0.801941,0.005546,0.014198
tent,K,3,5,0.05,2,1.000e-08,281,-0.930707,0.804626,-0.005696,-0.005597
tent,K,3,5,0.05,2,1.000e-08,282,-0.935908,0.802185,0.003281,-0.006606
tent,K,3,5,0.05,2,1.000e-08,283,-0.939420,0.800659,0.001894,0.004480
tent,K,3,5,0.05,2,1.000e-08,284,-0.932865,0.807251,-0.010266,0.009118
tent,K,3,5,0.05,2,1.000e-08,285,-0.934330,0.801819,-0.005532,-0.005762
tent,K,3,5,0.05,2,1.000e-08,286,-0.937487,0.804993,0.007272,0.006488
tent,K,3,5,0.05,2,1.000e-08,287,-0.938875,0.801514,0.003604,0.005748
tent,K,3,5,0.05,2,1.000e-08,288,-0.932955,0.801086,-0.002435,0.003523
tent,K,3,5,0.05,2,1.000e-08,289,-0.934279,0.806763,0.000973,0.003796
tent,K,3,5,0.05,2,1.000e-08,290,-0.933481,0.802063,-0.003138,-0.011416
tent,K,3,5,0.05,2,1.000e-08,291,-0.932635,0.810608,0.001345,-0.003966
tent,K,3,5,0.05,2,1.000e-08,292,-0.934062,0.805054,-0.001452,0.001887
tent,K,3,5,0.05,2,1.000e-08,293,-0.934799,0.802979,-0.000657,-0.004956
tent,K,3,5,0.05,2,1.000e-08,294,-0.934194,0.802673,0.018013,-0.018539
tent,K,3,5,0.05,2,1.000e-08,295,-0.939561,0.798889,0.010237,0.000530
tent,K,3,5,0.05,2,1.000e-08,296,-0.931710,0.802917,-0.006590,-0.006204
tent,K,3,5,0.05,2,1.000e-08,297,-0.929860,0.808960,-0.001814,-0.006807
tent,K,3,5,0.05,2,1.000e-08,298,-0.929026,0.804932,0.009376,-0.012596
tent,K,3,5,0.05,2,1.000e-08,299,-0.934016,0.802917,-0.002298,-0.000240
tent,K,3,5,0.05,2,1.000e-08,300,-0.934248,0.806152,-0.002585,-0.005651
tent,K,3,5,0.05,2,1.000e-08,301,-0.932753,0.803528,-0.006001,-0.004069
tent,K,3,5,0.05,2,1.000e-08,302,-0.937648,0.798523,0.000460,-0.008554
tent,K,3,5,0.05,2,1.000e-08,303,-0.941162,0.799133,0.006360,0.011820
tent,K,3,5,0.05,2,1.000e-08,304,-0.937580,0.802246,0.009489,0.007119
tent,K,3,5,0.05,2,1.000e-08,305,-0.935581,0.801636,0.007886,-0.012492
tent,K,3,5,0.05,2,1.000e-08,306,-0.934165,0.803772,-0.000526,0.003252
tent,K,3,5,0.05,2,1.000e-08,307,-0.932162,0.804688,0.000011,0.009535
tent,K,3,5,0.05,2,1.000e-08,308,-0.934088,0.799377,0.012387,-0.016047
tent,K,3,5,0.05,2,1.000e-08,309,-0.938590,0.803894,-0.007954,0.014885
tent,K,3,5,0.05,2,1.000e-08,310,-0.933320,0.805969,0.005584,-0.006490
tent,K,3,5,0.05,2,1.000e-08,311,-0.926288,0.807312,-0.018009,-0.007031
tent,K,3,5,0.05,2,1.000e-08,312,-0.941933,0.801880,0.004409,0.002147
tent,K,3,5,0.05,2,1.000e-08,313,-0.937182,0.802856,-0.000073,0.002475
tent,K,3,5,0.05,2,1.000e-08,314,-0.941686,0.801270,0.008904,0.009833
tent,K,3,5,0.05,2,1.000e-08,315,-0.935523,0.800659,-0.002622,0.001312
tent,K,3,5,0.05,2,1.000e-08,316,-0.923669,0.808838,-0.016629,-0.006305
tent,K,3,5,0.05,2,1.000e-08,317,-0.933772,0.804626,-0.004201,0.013056
tent,K,3,5,0.05,2,1.000e-08,318,-0.936476,0.803955,-0.004484,-0.004135
tent,K,3,5,0.05,2,1.000e-08,319,-0.938548,0.801147,-0.004932,0.010172
tent,K,3,5,0.05,2,1.000e-08,320,-0.935124,0.804504,0.000310,-0.002148
tent,K,3,5,0.05,2,1.000e-08,321,-0.930821,0.804138,0.001016,0.004591
tent,K,3,5,0.05,2,1.000e-08,322,-0.928698,0.804565,-0.009843,-0.005707
tent,K,3,5,0.05,2,1.000e-08,323,-0.925743,0.808899,-0.005274,-0.001624
tent,K,3,5,0.05,2,1.000e-08,324,-0.925990,0.806335,-0.000602,-0.006116
tent,K,3,5,0.05,2,1.000e-08,325,-0.934030,0.803589,-0.005896,-0.011875
tent,K,3,5,0.05,2,1.000e-08,326,-0.935593,0.799316,-0.003792,-0.001034
tent,K,3,5,0.05,2,1.000e-08,327,-0.939566,0.801270,0.010873,0.004658
tent,K,3,5,0.05,2,1.000e-08,328,-0.938062,0.801086,-0.000534,-0.000768
tent,K,3,5,0.05,2,1.000e-08,329,-0.934942,0.805115,0.002153,-0.008964
tent,K,3,5,0.05,2,1.000e-08,330,-0.939054,0.799072,-0.004266,0.009212
tent,K,3,5,0.05,2,1.000e-08,331,-0.936249,0.803894,-0.010001,-0.001054
tent,K,3,5,0.05,2,1.000e-08,332,-0.936857,0.803101,-0.010135,0.012481
tent,K,3,5,0.05,2,1.000e-08,333,-0.938385,0.801086,0.000630,0.006417
tent,K,3,5,0.05,2,1.000e-08,334,-0.930835,0.803711,-0.002217,0.002425
tent,K,3,5,0.05,2,1.000e-08,335,-0.926324,0.806885,-0.004217,-0.010386
tent,K,3,5,0.05,2,1.000e-08,336,-0.927194,0.807556,-0.006139,-0.004111
tent,K,3,5,0.05,2,1.000e-08,337,-0.935439,0.801514,-0.002892,-0.000872
tent,K,3,5,0.05,2,1.000e-08,338,-0.939161,0.802551,-0.010672,0.015480
tent,K,3,5,0.05,2,1.000e-08,339,-0.936791,0.803589,-0.000221,0.012041
tent,K,3,5,0.05,2,1.000e-08,340,-0.929800,0.805603,-0.007415,0.001297
tent,K,3,5,0.05,2,1.000e-08,341,-0.931335,0.802124,0.001273,-0.009312
tent,K,3,5,0.05,2,1.000e-08,342,-0.941421,0.803467,0.013172,0.006780
tent,K,3,5,0.05,2,1.000e-08,343,-0.937398,0.802673,-0.007107,0.001937
tent,K,3,5,0.05,2,1.000e-08,344,-0.939028,0.800476,-0.002748,0.000298
tent,K,3,5,0.05,2,1.000e-08,345,-0.931338,0.806213,-0.004803,0.009724
tent,K,3,5,0.05,2,1.000e-08,346,-0.933774,0.801453,-0.003447,0.001652
tent,K,3,5,0.05,2,1.000e-08,347,-0.933731,0.804504,-0.005456,-0.012600
tent,K,3,5,0.05,2,1.000e-08,348,-0.928981,0.803284,-0.006212,0.001386
tent,K,3,5,0.05,2,1.000e-08,349,-0.923911,0.811646,-0.001083,0.000714
tent,K,3,5,0.05,2,1.000e-08,350,-0.928768,0.807800,0.006171,-0.010518
tent,K,3,5,0.05,2,1.000e-08,351,-0.929063,0.803711,-0.003786,-0.007522
tent,K,3,5,0.05,2,1.000e-08,352,-0.936662,0.802063,-0.004705,0.007429
tent,K,3,5,0.05,2,1.000e-08,353,-0.935152,0.803894,-0.007124,0.001023
tent,K,3,5,0.05,2,1.000e-08,354,-0.925846,0.809448,-0.020653,0.010149
tent,K,3,5,0.05,2,1.000e-08,355,-0.923564,0.803162,-0.004516,-0.019850
tent,K,3,5,0.05,2,1.000e-08,356,-0.932280,0.804749,0.010921,-0.012318
tent,K,3,5,0.05,2,1.000e-08,357,-0.930131,0.806641,0.006253,-0.012910
tent,K,3,5,0.05,2,1.000e-08,358,-0.929847,0.802734,-0.025963,-0.010819
tent,K,3,5,0.05,2,1.000e-08,359,-0.933281,0.802979,0.010869,-0.005923
tent,K,3,5,0.05,2,1.000e-08,360,-0.930240,0.805847,0.002407,-0.009907
tent,K,3,5,0.05,2,1.000e-08,361,-0.938398,0.803589,-0.004110,0.008866
tent,K,3,5,0.05,2,1.000e-08,362,-0.938429,0.802734,-0.014503,0.007554
tent,K,3,5,0.05,2,1.000e-08,363,-0.939110,0.800171,0.000025,0.004294
tent,K,3,5,0.05,2,1.000e-08,364,-0.932500,0.804565,-0.004825,0.006829
tent,K,3,5,0.05,2,1.000e-08,365,-0.940463,0.798645,0.009426,0.006417
tent,K,3,5,0.05,2,1.000e-08,366,-0.936500,0.803040,-0.003457,0.006216
tent,K,3,5,0.05,2,1.000e-08,367,-0.935219,0.804871,-0.005188,-0.006603
tent,K,3,5,0.05,2,1.000e-08,368,-0.932886,0.805054,0.007953,-0.001797
tent,K,3,5,0.05,2,1.000e-08,369,-0.932731,0.805054,0.001549,0.002698
tent,K,3,5,0.05,2,1.000e-08,370,-0.929510,0.806580,0.010254,-0.019422
tent,K,3,5,0.05,2,1.000e-08,371,-0.940581,0.801636,0.009689,0.003533
tent,K,3,5,0.05,2,1.000e-08,372,-0.930631,0.804810,-0.006820,0.003012
tent,K,3,5,0.05,2,1.000e-08,373,-0.930067,0.807251,-0.002612,-0.003208
tent,K,3,5,0.05,2,1.000e-08,374,-0.936087,0.803101,-0.011340,0.000541
tent,K,3,5,0.05,2,1.000e-08,375,-0.937208,0.803467,0.003042,0.008422
tent,K,3,5,0.05,2,1.000e-08,376,-0.927225,0.808289,-0.013073,0.001508
tent,K,3,5,0.05,2,1.000e-08,377,-0.931000,0.801331,-0.008149,-0.006629
tent,K,3,5,0.05,2,1.000e-08,378,-0.938435,0.804443,0.001627,0.009547
tent,K,3,5,0.05,2,1.000e-08,379,-0.935045,0.801331,-0.002416,-0.000407
tent,K,3,5,0.05,2,1.000e-08,380,-0.938163,0.800598,0.002814,0.004408
tent,K,3,5,0.05,2,1.000e-08,381,-0.934301,0.806274,-0.005050,0.004088
tent,K,3,5,0.05,2,1.000e-08,382,-0.933519,0.804199,0.000237,-0.011946
tent,K,3,5,0.05,2,1.000e-08,383,-0.935628,0.802063,-0.005366,-0.006560
tent,K,3,5,0.05,2,1.000e-08,384,-0.937512,0.800354,0.004716,0.003196
tent,K,3,5,0.05,2,1.000e-08,385,-0.938923,0.800293,0.003558,-0.012018
tent,K,3,5,0.05,2,1.000e-08,386,-0.939418,0.800171,-0.001655,-0.002916
tent,K,3,5,0.05,2,1.000e-08,387,-0.937516,0.801880,0.001147,-0.002584
tent,K,3,5,0.05,2,1.000e-08,388,-0.939376,0.803345,-0.005085,0.006680
tent,K,3,5,0.05,2,1.000e-08,389,-0.941369,0.799805,0.004495,0.008762
tent,K,3,5,0.05,2,1.000e-08,390,-0.942650,0.799927,0.002513,0.010948
tent,K,3,5,0.05,2,1.000e-08,391,-0.945078,0.802124,0.016853,0.000013
tent,K,3,5,0.05,2,1.000e-08,392,-0.937930,0.801025,-0.002795,0.005601
tent,K,3,5,0.05,2,1.000e-08,393,-0.936674,0.804504,0.005150,0.002399
tent,K,3,5,0.05,2,1.000e-08,394,-0.935610,0.802490,-0.012990,0.008016
tent,K,3,5,0.05,2,1.000e-08,395,-0.944100,0.799500,0.005179,0.012354
tent,K,3,5,0.05,2,1.000e-08,396,-0.937699,0.802734,-0.007067,0.004078
tent,K,3,5,0.05,2,1.000e-08,397,-0.935312,0.802368,-0.013003,0.007348
tent,K,3,5,0.05,2,1.000e-08,398,-0.939904,0.803101,0.017787,-0.000650
tent,K,3,5,0.05,2,1.000e-08,399,-0.934289,0.801758,0.007517,-0.017135
tent,K,3,5,0.05,2,1.000e-08,400,-0.931057,0.805298,0.002435,-0.010699
tent,K,3,5,0.05,2,1.000e-06,1,-13.909008,0.000000,1.000000,1.000000
tent,K,3,5,0.05,2,1.000e-06,2,-13.437093,0.000000,1.000000,1.000000
tent,K,3,5,0.05,2,1.000e-06,3,-12.751126,0.000000,1.000000,1.000000
tent,K,3,5,0.05,2,1.000e-06,4,-12.101126,0.000000,1.000000,1.000000
tent,K,3,5,0.05,2,1.000e-06,5,-11.458359,0.000000,1.000000,1.000000
tent,K,3,5,0.05,2,1.000e-06,6,-10.814444,0.000000,1.000000,1.000000
tent,K,3,5,0.05,2,1.000e-06,7,-10.170515,0.000000,1.000000,1.000000
tent,K,3,5,0.05,2,1.000e-06,8,-9.528756,0.000000,1.000000,1.000000
tent,K,3,5,0.05,2,1.000e-06,9,-8.886326,0.000000,1.000000,1.000000
tent,K,3,5,0.05,2,1.000e-06,10,-8.243080,0.000061,0.999533,0.999995
tent,K,3,5,0.05,2,1.000e-06,11,-7.600022,0.000122,0.999539,0.999506
tent,K,3,5,0.05,2,1.000e-06,12,-6.959177,0.000061,0.999990,0.999508
tent,K,3,5,0.05,2,1.000e-06,13,-6.315331,0.000427,0.999006,0.998042
tent,K,3,5,0.05,2,1.000e-06,14,-5.669761,0.000732,0.997538,0.996870
tent,K,3,5,0.05,2,1.000e-06,15,-5.027956,0.001465,0.994882,0.995149
tent,K,3,5,0.05,2,1.000e-06,16,-4.382553,0.003357,0.986712,0.990302
tent,K,3,5,0.05,2,1.000e-06,17,-3.740939,0.005188,0.975259,0.982694
tent,K,3,5,0.05,2,1.000e-06,18,-3.109357,0.008728,0.963363,0.961471
tent,K,3,5,0.05,2,1.000e-06,19,-2.506261,0.019897,0.937450,0.931296
tent,K,3,5,0.05,2,1.000e-06,20,-1.931534,0.202026,0.839833,0.817810
tent,K,3,5,0.05,2,1.000e-06,21,-1.421900,0.537720,0.580234,0.550020
tent,K,3,5,0.05,2,1.000e-06,22,-1.057282,0.749695,0.162931,0.167580
tent,K,3,5,0.05,2,1.000e-06,23,-0.937846,0.800659,-0.018201,0.015514
tent,K,3,5,0.05,2,1.000e-06,24,-0.933191,0.800720,-0.011042,0.002603
tent,K,3,5,0.05,2,1.000e-06,25,-0.937600,0.801086,-0.000874,0.004547
tent,K,3,5,0.05,2,1.000e-06,26,-0.937802,0.799683,0.009203,0.013445
tent,K,3,5,0.05,2,1.000e-06,27,-0.929026,0.803345,-0.005991,0.002967
tent,K,3,5,0.05,2,1.000e-06,28,-0.926458,0.809204,-0.005067,-0.003682
tent,K,3,5,0.05,2,1.000e-06,29,-0.938467,0.801331,-0.000273,-0.000391
tent,K,3,5,0.05,2,1.000e-06,30,-0.942626,0.802429,0.005100,0.007699
tent,K,3,5,0.05,2,1.000e-06,31,-0.941177,0.801086,0.002180,0.005657
tent,K,3,5,0.05,2,1.000e-06,32,-0.946329,0.798828,0.013942,0.001364
tent,K,3,5,0.05,2,1.000e-06,33,-0.953550,0.793579,0.020112,0.021162
tent,K,3,5,0.05,2,1.000e-06,34,-0.945503,0.799744,0.009657,0.011276
tent,K,3,5,0.05,2,1.000e-06,35,-0.928798,0.805542,0.008439,-0.025640
tent,K,3,5,0.05,2,1.000e-06,36,-0.934341,0.800232,-0.001095,0.001232
tent,K,3,5,0.05,2,1.000e-06,37,-0.937930,0.802002,0.005074,0.008679
tent,K,3,5,0.05,2,1.000e-06,38,-0.941818,0.798157,0.012885,0.004476
tent,K,3,5,0.05,2,1.000e-06,39,-0.937270,0.804199,0.004743,0.007036
tent,K,3,5,0.05,2,1.000e-06,40,-0.930563,0.806580,0.003221,-0.010959
tent,K,3,5,0.05,2,1.000e-06,41,-0.928981,0.805725,-0.007653,-0.004986
tent,K,3,5,0.05,2,1.000e-06,42,-0.929726,0.804871,-0.010463,0.000275
tent,K,3,5,0.05,2,1.000e-06,43,-0.936464,0.803345,-0.000443,-0.000283
tent,K,3,5,0.05,2,1.000e-06,44,-0.930174,0.809143,-0.007259,-0.002981
tent,K,3,5,0.05,2,1.000e-06,45,-0.924878,0.811707,-0.005219,-0.008989
tent,K,3,5,0.05,2,1.000e-06,46,-0.929477,0.804688,-0.000712,-0.005345
tent,K,3,5,0.05,2,1.000e-06,47,-0.932046,0.805664,0.003093,0.000018
tent,K,3,5,0.05,2,1.000e-06,48,-0.928642,0.805420,-0.006324,0.000694
tent,K,3,5,0.05,2,1.000e-06,49,-0.922087,0.814270,-0.007129,-0.006720
tent,K,3,5,0.05,2,1.000e-06,50,-0.931260,0.803467,-0.012057,0.005283
tent,K,3,5,0.05,2,1.000e-06,51,-0.930112,0.807251,0.000487,-0.001125
tent,K,3,5,0.05,2,1.000e-06,52,-0.925794,0.811401,-0.003295,-0.002622
tent,K,3,5,0.05,2,1.000e-06,53,-0.928405,0.805725,-0.013716,-0.002668
tent,K,3,5,0.05,2,1.000e-06,54,-0.934530,0.803040,0.002530,-0.004610
tent,K,3,5,0.05,2,1.000e-06,55,-0.929915,0.805054,-0.007358,-0.008949
tent,K,3,5,0.05,2,1.000e-06,56,-0.932681,0.804932,-0.000513,0.004754
tent,K,3,5,0.05,2,1.000e-06,57,-0.931010,0.802917,-0.006066,0.001275
tent,K,3,5,0.05,2,1.000e-06,58,-0.931968,0.801147,-0.001352,-0.000193
tent,K,3,5,0.05,2,1.000e-06,59,-0.938411,0.799438,-0.004860,0.009285
tent,K,3,5,0.05,2,1.000e-06,60,-0.935880,0.800720,0.004502,-0.001355
tent,K,3,5,0.05,2,1.000e-06,61,-0.926421,0.808289,0.002535,-0.015150
tent,K,3,5,0.05,2,1.000e-06,62,-0.927423,0.807495,-0.003717,-0.009624
tent,K,3,5,0.05,2,1.000e-06,63,-0.931798,0.803955,-0.000226,-0.001996
tent,K,3,5,0.05,2,1.000e-06,64,-0.930817,0.801208,-0.010359,-0.001224
tent,K,3,5,0.05,2,1.000e-06,65,-0.931155,0.806152,-0.001037,0.000027
tent,K,3,5,0.05,2,1.000e-06,66,-0.936409,0.799072,0.000201,-0.000200
tent,K,3,5,0.05,2,1.000e-06,67,-0.938585,0.800476,0.012783,0.005035
tent,K,3,5,0.05,2,1.000e-06,68,-0.934706,0.805298,-0.001139,0.013857
tent,K,3,5,0.05,2,1.000e-06,69,-0.936316,0.800659,0.001577,-0.006415
tent,K,3,5,0.05,2,1.000e-06,70,-0.939618,0.801270,0.003722,0.012373
tent,K,3,5,0.05,2,1.000e-06,71,-0.936440,0.800720,-0.006477,-0.003171
tent,K,3,5,0.05,2,1.000e-06,72,-0.936373,0.800781,-0.003552,0.005425
tent,K,3,5,0.05,2,1.000e-06,73,-0.937472,0.801575,0.010846,-0.003468
tent,K,3,5,0.05,2,1.000e-06,74,-0.940571,0.799255,-0.008968,0.007703
tent,K,3,5,0.05,2,1.000e-06,75,-0.940794,0.799500,0.000284,-0.001455
tent,K,3,5,0.05,2,1.000e-06,76,-0.932550,0.804199,0.009821,-0.003863
tent,K,3,5,0.05,2,1.000e-06,77,-0.925039,0.808594,-0.000701,-0.000678
tent,K,3,5,0.05,2,1.000e-06,78,-0.929908,0.803223,-0.014310,0.006796
tent,K,3,5,0.05,2,1.000e-06,79,-0.928797,0.807617,-0.009509,-0.010721
tent,K,3,5,0.05,2,1.000e-06,80,-0.932277,0.805603,0.005319,-0.002526
tent,K,3,5,0.05,2,1.000e-06,81,-0.930560,0.803467,-0.002853,-0.005935
tent,K,3,5,0.05,2,1.000e-06,82,-0.938900,0.799255,0.007203,-0.003832
tent,K,3,5,0.05,2,1.000e-06,83,-0.942634,0.799072,0.002622,0.017284
tent,K,3,5,0.05,2,1.000e-06,84,-0.936646,0.802795,-0.003425,0.004055
tent,K,3,5,0.05,2,1.000e-06,85,-0.934928,0.799194,0.001273,0.007571
tent,K,3,5,0.05,2,1.000e-06,86,-0.931917,0.803711,-0.003383,-0.005428
tent,K,3,5,0.05,2,1.000e-06,87,-0.936195,0.805237,0.004045,0.001883
tent,K,3,5,0.05,2,1.000e-06,88,-0.928886,0.804810,-0.008841,-0.012714
tent,K,3,5,0.05,2,1.000e-06,89,-0.935827,0.798462,-0.002684,-0.002397
tent,K,3,5,0.05,2,1.000e-06,90,-0.940955,0.801941,0.003799,0.008549
tent,K,3,5,0.05,2,1.000e-06,91,-0.934733,0.803406,0.009200,-0.004491
tent,K,3,5,0.05,2,1.000e-06,92,-0.933246,0.799622,-0.005752,-0.001821
tent,K,3,5,0.05,2,1.000e-06,93,-0.938771,0.800415,-0.005401,-0.000058
tent,K,3,5,0.05,2,1.000e-06,94,-0.935761,0.800598,-0.001184,0.012106
tent,K,3,5,0.05,2,1.000e-06,95,-0.931893,0.804626,-0.005624,-0.013813
tent,K,3,5,0.05,2,1.000e-06,96,-0.938116,0.800476,0.003182,0.009128
tent,K,3,5,0.05,2,1.000e-06,97,-0.931797,0.806824,0.002429,-0.004457
tent,K,3,5,0.05,2,1.000e-06,98,-0.930362,0.803040,-0.002370,-0.005392
tent,K,3,5,0.05,2,1.000e-06,99,-0.937810,0.798950,-0.009578,0.006871
tent,K,3,5,0.05,2,1.000e-06,100,-0.932064,0.805786,-0.019221,0.005604
tent,K,3,5,0.05,2,1.000e-06,101,-0.939762,0.800354,-0.001418,-0.000749
tent,K,3,5,0.05,2,1.000e-06,102,-0.935658,0.802673,0.011901,-0.009094
tent,K,3,5,0.05,2,1.000e-06,103,-0.933602,0.804077,-0.001273,0.007358
tent,K,3,5,0.05,2,1.000e-06,104,-0.937085,0.803711,-0.008199,0.011055
tent,K,3,5,0.05,2,1.000e-06,105,-0.931219,0.803284,-0.010972,-0.005131
tent,K,3,5,0.05,2,1.000e-06,106,-0.934927,0.802002,0.005127,-0.003285
tent,K,3,5,0.05,2,1.000e-06,107,-0.937014,0.805054,0.010621,0.002161
tent,K,3,5,0.05,2,1.000e-06,108,-0.928142,0.809509,-0.016675,-0.003377
tent,K,3,5,0.05,2,1.000e-06,109,-0.935781,0.801208,0.001501,-0.014720
tent,K,3,5,0.05,2,1.000e-06,110,-0.933484,0.804260,0.003904,0.003031
tent,K,3,5,0.05,2,1.000e-06,111,-0.928138,0.806519,-0.009937,0.003217
tent,K,3,5,0.05,2,1.000e-06,112,-0.934576,0.805115,0.004090,-0.018440
tent,K,3,5,0.05,2,1.000e-06,113,-0.935180,0.804260,-0.014046,0.012374
tent,K,3,5,0.05,2,1.000e-06,114,-0.928150,0.803284,0.003090,-0.005587
tent,K,3,5,0.05,2,1.000e-06,115,-0.931379,0.805969,-0.005434,0.002677
tent,K,3,5,0.05,2,1.000e-06,116,-0.940413,0.799194,0.004729,0.001218
tent,K,3,5,0.05,2,1.000e-06,117,-0.937131,0.802673,-0.005064,0.003143
tent,K,3,5,0.05,2,1.000e-06,118,-0.928892,0.802063,-0.023661,0.010105
tent,K,3,5,0.05,2,1.000e-06,119,-0.937207,0.800537,-0.004350,0.005961
tent,K,3,5,0.05,2,1.000e-06,120,-0.943906,0.799194,0.010992,0.001949
tent,K,3,5,0.05,2,1.000e-06,121,-0.931102,0.802124,-0.000411,-0.003896
tent,K,3,5,0.05,2,1.000e-06,122,-0.935103,0.802307,0.007685,-0.006102
tent,K,3,5,0.05,2,1.000e-06,123,-0.937931,0.801758,0.000780,0.003164
tent,K,3,5,0.05,2,1.000e-06,124,-0.934671,0.800476,-0.002368,-0.001445
tent,K,3,5,0.05,2,1.000e-06,125,-0.941513,0.798462,-0.002205,-0.001806
tent,K,3,5,0.05,2,1.000e-06,126,-0.947095,0.796570,0.007072,0.005524
tent,K,3,5,0.05,2,1.000e-06,127,-0.938278,0.798584,0.000625,-0.004499
tent,K,3,5,0.05,2,1.000e-06,128,-0.932287,0.801880,-0.000001,0.022017
tent,K,3,5,0.05,2,1.000e-06,129,-0.927165,0.808472,-0.010999,-0.001266
tent,K,3,5,0.05,2,1.000e-06,130,-0.927148,0.805908,-0.008558,-0.003881
tent,K,3,5,0.05,2,1.000e-06,131,-0.930301,0.804749,0.002147,-0.007538
tent,K,3,5,0.05,2,1.000e-06,132,-0.933136,0.805603,-0.003473,0.004884
tent,K,3,5,0.05,2,1.000e-06,133,-0.930991,0.804077,-0.006300,-0.012445
tent,K,3,5,0.05,2,1.000e-06,134,-0.941084,0.800049,0.011331,-0.000125
tent,K,3,5,0.05,2,1.000e-06,135,-0.933302,0.802673,-0.010436,0.007076
tent,K,3,5,0.05,2,1.000e-06,136,-0.937744,0.799561,-0.005006,0.010191
tent,K,3,5,0.05,2,1.000e-06,137,-0.927880,0.805298,-0.005297,-0.006350
tent,K,3,5,0.05,2,1.000e-06,138,-0.930391,0.802063,0.004050,0.000498
tent,K,3,5,0.05,2,1.000e-06,139,-0.931683,0.803650,-0.013819,0.013224
tent,K,3,5,0.05,2,1.000e-06,140,-0.934588,0.803040,-0.008854,0.004732
tent,K,3,5,0.05,2,1.000e-06,141,-0.935639,0.802856,0.006814,-0.003784
tent,K,3,5,0.05,2,1.000e-06,142,-0.924906,0.806519,0.003073,-0.021084
tent,K,3,5,0.05,2,1.000e-06,143,-0.931721,0.804871,-0.009125,-0.001531
tent,K,3,5,0.05,2,1.000e-06,144,-0.938952,0.803833,-0.005582,0.003270
tent,K,3,5,0.05,2,1.000e-06,145,-0.931089,0.804688,-0.004706,-0.000078
tent,K,3,5,0.05,2,1.000e-06,146,-0.924627,0.805847,-0.002444,-0.014670
tent,K,3,5,0.05,2,1.000e-06,147,-0.931492,0.805847,-0.008139,0.003657
tent,K,3,5,0.05,2,1.000e-06,148,-0.937292,0.799561,-0.005593,-0.011375
tent,K,3,5,0.05,2,1.000e-06,149,-0.934356,0.803650,0.007105,-0.001502
tent,K,3,5,0.05,2,1.000e-06,150,-0.936838,0.801819,0.013978,0.011198
tent,K,3,5,0.05,2,1.000e-06,151,-0.938105,0.799988,-0.002832,-0.006352
tent,K,3,5,0.05,2,1.000e-06,152,-0.941662,0.799561,-0.001116,0.012397
tent,K,3,5,0.05,2,1.000e-06,153,-0.934964,0.807068,0.001183,-0.000579
tent,K,3,5,0.05,2,1.000e-06,154,-0.940929,0.800842,0.000477,-0.001427
tent,K,3,5,0.05,2,1.000e-06,155,-0.937071,0.799133,0.016290,-0.003527
tent,K,3,5,0.05,2,1.000e-06,156,-0.929591,0.803711,0.002560,-0.000133
tent,K,3,5,0.05,2,1.000e-06,157,-0.930792,0.805908,0.008937,-0.002545
tent,K,3,5,0.05,2,1.000e-06,158,-0.932885,0.805176,-0.003083,0.004425
tent,K,3,5,0.05,2,1.000e-06,159,-0.932129,0.804626,-0.007206,-0.008338
tent,K,3,5,0.05,2,1.000e-06,160,-0.935241,0.799500,-0.000942,-0.008429
tent,K,3,5,0.05,2,1.000e-06,161,-0.932038,0.800720,-0.003096,0.001322
tent,K,3,5,0.05,2,1.000e-06,162,-0.933071,0.802124,0.007521,0.003338
tent,K,3,5,0.05,2,1.000e-06,163,-0.934964,0.803284,-0.000486,0.000206
tent,K,3,5,0.05,2,1.000e-06,164,-0.936169,0.798767,0.008986,-0.011411
tent,K,3,5,0.05,2,1.000e-06,165,-0.941257,0.800232,0.006731,0.002084
tent,K,3,5,0.05,2,1.000e-06,166,-0.938483,0.802612,-0.001338,-0.000437
tent,K,3,5,0.05,2,1.000e-06,167,-0.947629,0.797058,0.014279,0.010965
tent,K,3,5,0.05,2,1.000e-06,168,-0.942799,0.798157,0.008050,0.009647
tent,K,3,5,0.05,2,1.000e-06,169,-0.938918,0.804504,0.004354,0.001249
tent,K,3,5,0.05,2,1.000e-06,170,-0.941635,0.796631,0.006995,0.018201
tent,K,3,5,0.05,2,1.000e-06,171,-0.940995,0.803406,0.005265,-0.000394
tent,K,3,5,0.05,2,1.000e-06,172,-0.944571,0.794189,0.003464,0.011065
tent,K,3,5,0.05,2,1.000e-06,173,-0.942415,0.798462,0.008643,-0.009734
tent,K,3,5,0.05,2,1.000e-06,174,-0.950113,0.794189,0.019902,0.008934
tent,K,3,5,0.05,2,1.000e-06,175,-0.943773,0.798401,-0.001738,0.012812
tent,K,3,5,0.05,2,1.000e-06,176,-0.942932,0.798950,-0.012960,0.004713
tent,K,3,5,0.05,2,1.000e-06,177,-0.944206,0.796753,0.007375,0.001910
tent,K,3,5,0.05,2,1.000e-06,178,-0.947241,0.794800,0.010239,0.005383
tent,K,3,5,0.05,2,1.000e-06,179,-0.941048,0.801514,0.000452,0.007668
tent,K,3,5,0.05,2,1.000e-06,180,-0.936466,0.800171,0.003201,-0.001256
tent,K,3,5,0.05,2,1.000e-06,181,-0.935072,0.801208,-0.000013,0.000782
tent,K,3,5,0.05,2,1.000e-06,182,-0.933740,0.800476,0.005288,-0.003025
tent,K,3,5,0.05,2,1.000e-06,183,-0.941205,0.798157,0.007939,0.012725
tent,K,3,5,0.05,2,1.000e-06,184,-0.933551,0.801392,-0.015037,0.004302
tent,K,3,5,0.05,2,1.000e-06,185,-0.939356,0.802368,0.002298,0.005631
tent,K,3,5,0.05,2,1.000e-06,186,-0.933988,0.806274,0.008000,0.006924
tent,K,3,5,0.05,2,1.000e-06,187,-0.931990,0.804810,-0.014794,-0.009119
tent,K,3,5,0.05,2,1.000e-06,188,-0.930668,0.804260,-0.004032,0.004005
tent,K,3,5,0.05,2,1.000e-06,189,-0.931116,0.803467,-0.008622,0.002917
tent,K,3,5,0.05,2,1.000e-06,190,-0.938592,0.803772,-0.007988,0.006641
tent,K,3,5,0.05,2,1.000e-06,191,-0.932415,0.804382,-0.007579,-0.000067
tent,K,3,5,0.05,2,1.000e-06,192,-0.938470,0.800049,0.010723,-0.005784
tent,K,3,5,0.05,2,1.000e-06,193,-0.937692,0.803894,0.003972,0.000061
tent,K,3,5,0.05,2,1.000e-06,194,-0.941689,0.797913,0.021902,-0.009312
tent,K,3,5,0.05,2,1.000e-06,195,-0.937743,0.802979,-0.006137,0.009841
tent,K,3,5,0.05,2,1.000e-06,196,-0.931386,0.806396,-0.008036,-0.007209
tent,K,3,5,0.05,2,1.000e-06,197,-0.928569,0.804504,0.008669,-0.013873
tent,K,3,5,0.05,2,1.000e-06,198,-0.939049,0.798706,0.008376,-0.008203
tent,K,3,5,0.05,2,1.000e-06,199,-0.942574,0.797791,0.002312,-0.000756
tent,K,3,5,0.05,2,1.000e-06,200,-0.946405,0.799011,0.010909,0.012384
tent,K,3,5,0.05,2,1.000e-06,201,-0.939551,0.799377,0.014479,0.002205
tent,K,3,5,0.05,2,1.000e-06,202,-0.928889,0.810791,0.001207,0.002476
tent,K,3,5,0.05,2,1.000e-06,203,-0.932306,0.803894,-0.001972,-0.003748
tent,K,3,5,0.05,2,1.000e-06,204,-0.935826,0.802612,-0.016228,0.009743
tent,K,3,5,0.05,2,1.000e-06,205,-0.936852,0.803406,0.007136,0.001804
tent,K,3,5,0.05,2,1.000e-06,206,-0.931025,0.806335,0.006209,-0.014620
tent,K,3,5,0.05,2,1.000e-06,207,-0.947456,0.796326,0.008514,0.018423
tent,K,3,5,0.05,2,1.000e-06,208,-0.942891,0.799927,0.002947,0.013934
tent,K,3,5,0.05,2,1.000e-06,209,-0.932071,0.806519,0.001037,-0.003325
tent,K,3,5,0.05,2,1.000e-06,210,-0.935670,0.800598,0.005136,-0.008191
tent,K,3,5,0.05,2,1.000e-06,211,-0.939540,0.799622,-0.006717,0.009917
tent,K,3,5,0.05,2,1.000e-06,212,-0.942556,0.797424,0.011754,0.008438
tent,K,3,5,0.05,2,1.000e-06,213,-0.934929,0.803833,0.007231,0.011047
tent,K,3,5,0.05,2,1.000e-06,214,-0.933222,0.802979,0.005664,-0.019833
tent,K,3,5,0.05,2,1.000e-06,215,-0.939740,0.804199,0.010449,-0.007141
tent,K,3,5,0.05,2,1.000e-06,216,-0.934593,0.801880,-0.005558,0.002817
tent,K,3,5,0.05,2,1.000e-06,217,-0.936785,0.801392,0.011993,0.001338
tent,K,3,5,0.05,2,1.000e-06,218,-0.945328,0.797607,0.010882,-0.000888
tent,K,3,5,0.05,2,1.000e-06,219,-0.945388,0.798218,0.007184,0.008581
tent,K,3,5,0.05,2,1.000e-06,220,-0.942373,0.799927,0.007065,0.002908
tent,K,3,5,0.05,2,1.000e-06,221,-0.935026,0.800903,-0.004905,-0.004528
tent,K,3,5,0.05,2,1.000e-06,222,-0.936951,0.801880,0.002364,-0.002334
tent,K,3,5,0.05,2,1.000e-06,223,-0.932361,0.803345,0.000921,0.001461
tent,K,3,5,0.05,2,1.000e-06,224,-0.923159,0.809265,-0.000580,-0.018567
tent,K,3,5,0.05,2,1.000e-06,225,-0.930165,0.805481,-0.007821,-0.006062
tent,K,3,5,0.05,2,1.000e-06,226,-0.934758,0.803345,-0.004758,0.003795
tent,K,3,5,0.05,2,1.000e-06,227,-0.930814,0.806030,-0.017799,-0.004684
tent,K,3,5,0.05,2,1.000e-06,228,-0.934822,0.801575,-0.001495,-0.005077
tent,K,3,5,0.05,2,1.000e-06,229,-0.936401,0.801697,-0.007442,0.003706
tent,K,3,5,0.05,2,1.000e-06,230,-0.939879,0.801331,0.007157,-0.010384
tent,K,3,5,0.05,2,1.000e-06,231,-0.941516,0.799377,0.013266,-0.008632
tent,K,3,5,0.05,2,1.000e-06,232,-0.936503,0.800720,0.003681,-0.005143
tent,K,3,5,0.05,2,1.000e-06,233,-0.942401,0.800171,0.002715,0.010744
tent,K,3,5,0.05,2,1.000e-06,234,-0.929750,0.805908,-0.003332,0.001212
tent,K,3,5,0.05,2,1.000e-06,235,-0.924996,0.806580,-0.008499,-0.012154
tent,K,3,5,0.05,2,1.000e-06,236,-0.930421,0.804993,-0.019384,0.016500
tent,K,3,5,0.05,2,1.000e-06,237,-0.930992,0.802429,-0.001661,-0.009857
tent,K,3,5,0.05,2,1.000e-06,238,-0.935866,0.805176,-0.009425,0.005423
tent,K,3,5,0.05,2,1.000e-06,239,-0.940088,0.800110,0.006982,0.013196
tent,K,3,5,0.05,2,1.000e-06,240,-0.927941,0.807312,-0.004810,-0.003098
tent,K,3,5,0.05,2,1.000e-06,241,-0.928437,0.803406,-0.012469,0.004667
tent,K,3,5,0.05,2,1.000e-06,242,-0.935420,0.801147,0.009252,-0.006854
tent,K,3,5,0.05,2,1.000e-06,243,-0.933873,0.803345,0.011735,-0.000896
tent,K,3,5,0.05,2,1.000e-06,244,-0.936422,0.804077,0.004661,0.001178
tent,K,3,5,0.05,2,1.000e-06,245,-0.937634,0.801575,0.002891,-0.001338
tent,K,3,5,0.05,2,1.000e-06,246,-0.933827,0.807190,0.010519,-0.005133
tent,K,3,5,0.05,2,1.000e-06,247,-0.932274,0.801880,-0.000106,-0.003846
tent,K,3,5,0.05,2,1.000e-06,248,-0.928929,0.808472,0.000613,-0.016035
tent,K,3,5,0.05,2,1.000e-06,249,-0.937249,0.803589,-0.001508,0.006557
tent,K,3,5,0.05,2,1.000e-06,250,-0.935751,0.803528,0.016515,0.012131
tent,K,3,5,0.05,2,1.000e-06,251,-0.936369,0.798279,-0.006115,0.002392
tent,K,3,5,0.05,2,1.000e-06,252,-0.933616,0.803894,-0.005857,-0.001014
tent,K,3,5,0.05,2,1.000e-06,253,-0.938913,0.800354,0.004955,-0.007309
tent,K,3,5,0.05,2,1.000e-06,254,-0.940038,0.799500,0.002190,0.004986
tent,K,3,5,0.05,2,1.000e-06,255,-0.930809,0.803101,0.001871,-0.012672
tent,K,3,5,0.05,2,1.000e-06,256,-0.929135,0.808838,-0.007942,-0.010249
tent,K,3,5,0.05,2,1.000e-06,257,-0.933370,0.804199,-0.000022,0.001346
tent,K,3,5,0.05,2,1.000e-06,258,-0.931681,0.806091,0.000154,-0.006605
tent,K,3,5,0.05,2,1.000e-06,259,-0.931741,0.804199,-0.010385,-0.005499
tent,K,3,5,0.05,2,1.000e-06,260,-0.936408,0.802490,0.006588,0.007795
tent,K,3,5,0.05,2,1.000e-06,261,-0.933792,0.800232,-0.000938,-0.006640
tent,K,3,5,0.05,2,1.000e-06,262,-0.938611,0.798706,0.000200,0.009061
tent,K,3,5,0.05,2,1.000e-06,263,-0.927415,0.808411,-0.013292,0.000420
tent,K,3,5,0.05,2,1.000e-06,264,-0.936601,0.806946,-0.002948,0.006786
tent,K,3,5,0.05,2,1.000e-06,265,-0.936109,0.803650,-0.001543,0.009168
tent,K,3,5,0.05,2,1.000e-06,266,-0.931976,0.803223,-0.013896,0.001926
tent,K,3,5,0.05,2,1.000e-06,267,-0.939203,0.801147,-0.006170,0.014914
tent,K,3,5,0.05,2,1.000e-06,268,-0.938472,0.802551,0.006438,0.006275
tent,K,3,5,0.05,2,1.000e-06,269,-0.928209,0.806885,-0.007787,-0.003029
tent,K,3,5,0.05,2,1.000e-06,270,-0.935765,0.804443,-0.000763,0.000488
tent,K,3,5,0.05,2,1.000e-06,271,-0.936843,0.800415,-0.002510,-0.001151
tent,K,3,5,0.05,2,1.000e-06,272,-0.936369,0.806030,0.006282,-0.004597
tent,K,3,5,0.05,2,1.000e-06,273,-0.931924,0.807739,-0.003312,0.008246
tent,K,3,5,0.05,2,1.000e-06,274,-0.935094,0.804443,-0.003718,-0.003643
tent,K,3,5,0.05,2,1.000e-06,275,-0.938627,0.799255,0.002395,-0.014352
tent,K,3,5,0.05,2,1.000e-06,276,-0.941724,0.799622,0.004234,0.005449
tent,K,3,5,0.05,2,1.000e-06,277,-0.938541,0.796021,0.004650,0.007465
tent,K,3,5,0.05,2,1.000e-06,278,-0.941647,0.799011,0.011681,-0.006854
tent,K,3,5,0.05,2,1.000e-06,279,-0.936822,0.802551,-0.000177,0.004978
tent,K,3,5,0.05,2,1.000e-06,280,-0.930073,0.803406,-0.002496,-0.013957
tent,K,3,5,0.05,2,1.000e-06,281,-0.940648,0.798950,-0.002392,0.014490
tent,K,3,5,0.05,2,1.000e-06,282,-0.937562,0.798462,0.012916,0.001668
tent,K,3,5,0.05,2,1.000e-06,283,-0.929352,0.806274,-0.002872,-0.008124
tent,K,3,5,0.05,2,1.000e-06,284,-0.933078,0.803894,0.006292,-0.017649
tent,K,3,5,0.05,2,1.000e-06,285,-0.939996,0.800964,-0.002836,0.003164
tent,K,3,5,0.05,2,1.000e-06,286,-0.939954,0.797607,-0.006581,0.005016
tent,K,3,5,0.05,2,1.000e-06,287,-0.938720,0.799133,-0.012697,0.006895
tent,K,3,5,0.05,2,1.000e-06,288,-0.928491,0.808105,-0.006275,0.006250
tent,K,3,5,0.05,2,1.000e-06,289,-0.926819,0.804199,-0.000381,-0.021376
tent,K,3,5,0.05,2,1.000e-06,290,-0.925805,0.806030,-0.009817,-0.001295
tent,K,3,5,0.05,2,1.000e-06,291,-0.923753,0.809326,-0.010470,-0.001437
tent,K,3,5,0.05,2,1.000e-06,292,-0.927568,0.806396,-0.007666,-0.001427
tent,K,3,5,0.05,2,1.000e-06,293,-0.931235,0.806274,-0.000073,-0.006497
tent,K,3,5,0.05,2,1.000e-06,294,-0.931786,0.805054,-0.003943,-0.000174
tent,K,3,5,0.05,2,1.000e-06,295,-0.936279,0.799316,0.008259,-0.000113
tent,K,3,5,0.05,2,1.000e-06,296,-0.934500,0.799927,0.003100,-0.003537
tent,K,3,5,0.05,2,1.000e-06,297,-0.932367,0.804749,0.003459,0.005080
tent,K,3,5,0.05,2,1.000e-06,298,-0.922222,0.809692,-0.020226,-0.009393
tent,K,3,5,0.05,2,1.000e-06,299,-0.929960,0.805298,-0.007035,-0.013608
tent,K,3,5,0.05,2,1.000e-06,300,-0.931065,0.806702,-0.007571,-0.005213
tent,K,3,5,0.05,2,1.000e-06,301,-0.932002,0.804382,-0.004059,-0.005982
tent,K,3,5,0.05,2,1.000e-06,302,-0.938476,0.802185,-0.009496,0.003832
tent,K,3,5,0.05,2,1.000e-06,303,-0.942442,0.801575,0.008216,0.018316
tent,K,3,5,0.05,2,1.000e-06,304,-0.942116,0.797913,0.004279,0.009771
tent,K,3,5,0.05,2,1.000e-06,305,-0.938114,0.801270,0.005822,0.007221
tent,K,3,5,0.05,2,1.000e-06,306,-0.927941,0.805115,-0.001826,-0.007443
tent,K,3,5,0.05,2,1.000e-06,307,-0.934201,0.802002,-0.008605,0.007059
tent,K,3,5,0.05,2,1.000e-06,308,-0.938067,0.803223,0.002781,0.011547
tent,K,3,5,0.05,2,1.000e-06,309,-0.931413,0.805481,-0.006815,0.001369
tent,K,3,5,0.05,2,1.000e-06,310,-0.928636,0.806824,-0.000146,0.007535
tent,K,3,5,0.05,2,1.000e-06,311,-0.936657,0.800232,-0.010273,0.007019
tent,K,3,5,0.05,2,1.000e-06,312,-0.935372,0.804565,-0.001812,-0.001025
tent,K,3,5,0.05,2,1.000e-06,313,-0.936561,0.801819,0.010777,-0.022708
tent,K,3,5,0.05,2,1.000e-06,314,-0.934197,0.806458,-0.016355,0.000149
tent,K,3,5,0.05,2,1.000e-06,315,-0.938588,0.797852,0.003928,-0.000441
tent,K,3,5,0.05,2,1.000e-06,316,-0.934457,0.802551,0.006201,0.003615
tent,K,3,5,0.05,2,1.000e-06,317,-0.942213,0.796143,0.013424,-0.001409
tent,K,3,5,0.05,2,1.000e-06,318,-0.943750,0.798462,0.013563,0.009191
tent,K,3,5,0.05,2,1.000e-06,319,-0.937370,0.801880,0.003219,0.004500
tent,K,3,5,0.05,2,1.000e-06,320,-0.934967,0.802490,0.005916,-0.004670
tent,K,3,5,0.05,2,1.000e-06,321,-0.937320,0.803162,-0.007264,0.005215
tent,K,3,5,0.05,2,1.000e-06,322,-0.948125,0.796814,0.013444,0.012407
tent,K,3,5,0.05,2,1.000e-06,323,-0.932294,0.799988,-0.007128,-0.008943
tent,K,3,5,0.05,2,1.000e-06,324,-0.931082,0.805359,0.009174,-0.002380
tent,K,3,5,0.05,2,1.000e-06,325,-0.928350,0.803406,-0.009084,-0.004230
tent,K,3,5,0.05,2,1.000e-06,326,-0.930466,0.808960,-0.005213,0.001909
tent,K,3,5,0.05,2,1.000e-06,327,-0.922069,0.809265,-0.018640,-0.007567
tent,K,3,5,0.05,2,1.000e-06,328,-0.934014,0.802124,-0.002430,0.000847
tent,K,3,5,0.05,2,1.000e-06,329,-0.931785,0.803162,-0.004870,-0.001621
tent,K,3,5,0.05,2,1.000e-06,330,-0.932928,0.805847,0.001878,0.007690
tent,K,3,5,0.05,2,1.000e-06,331,-0.930691,0.807068,0.000307,-0.012627
tent,K,3,5,0.05,2,1.000e-06,332,-0.932328,0.804016,-0.004255,-0.004306
tent,K,3,5,0.05,2,1.000e-06,333,-0.940829,0.795044,0.008785,-0.002573
tent,K,3,5,0.05,2,1.000e-06,334,-0.939515,0.804077,0.003638,0.016199
tent,K,3,5,0.05,2,1.000e-06,335,-0.932760,0.803894,0.007198,0.003955
tent,K,3,5,0.05,2,1.000e-06,336,-0.930378,0.803955,-0.010253,-0.006164
tent,K,3,5,0.05,2,1.000e-06,337,-0.936327,0.799866,-0.012255,0.001622
tent,K,3,5,0.05,2,1.000e-06,338,-0.942424,0.794495,0.002087,0.008771
tent,K,3,5,0.05,2,1.000e-06,339,-0.940928,0.800110,0.013702,0.004190
tent,K,3,5,0.05,2,1.000e-06,340,-0.934759,0.799683,0.006204,0.004614
tent,K,3,5,0.05,2,1.000e-06,341,-0.923131,0.809326,0.018383,-0.017196
tent,K,3,5,0.05,2,1.000e-06,342,-0.928113,0.810974,-0.008882,-0.008530
tent,K,3,5,0.05,2,1.000e-06,343,-0.930864,0.802673,-0.007053,-0.007018
tent,K,3,5,0.05,2,1.000e-06,344,-0.926277,0.803284,0.001416,-0.010347
tent,K,3,5,0.05,2,1.000e-06,345,-0.931320,0.804810,0.006214,-0.003639
tent,K,3,5,0.05,2,1.000e-06,346,-0.936134,0.800842,-0.004469,0.002166
tent,K,3,5,0.05,2,1.000e-06,347,-0.935379,0.805542,-0.014139,0.002816
tent,K,3,5,0.05,2,1.000e-06,348,-0.939572,0.803345,0.007429,0.000721
tent,K,3,5,0.05,2,1.000e-06,349,-0.933616,0.804321,-0.008535,-0.000820
tent,K,3,5,0.05,2,1.000e-06,350,-0.942574,0.795227,0.004647,0.006157
tent,K,3,5,0.05,2,1.000e-06,351,-0.938396,0.803162,0.005530,0.005293
tent,K,3,5,0.05,2,1.000e-06,352,-0.944739,0.798462,0.014205,0.006913
tent,K,3,5,0.05,2,1.000e-06,353,-0.938680,0.803650,0.003014,-0.004466
tent,K,3,5,0.05,2,1.000e-06,354,-0.939913,0.799011,0.003647,-0.004374
tent,K,3,5,0.05,2,1.000e-06,355,-0.940578,0.799805,-0.000795,0.014870
tent,K,3,5,0.05,2,1.000e-06,356,-0.935398,0.805603,0.000658,-0.001014
tent,K,3,5,0.05,2,1.000e-06,357,-0.937640,0.802856,0.010988,0.001446
tent,K,3,5,0.05,2,1.000e-06,358,-0.939433,0.802856,0.007913,0.006445
tent,K,3,5,0.05,2,1.000e-06,359,-0.930395,0.802246,-0.011884,0.002076
tent,K,3,5,0.05,2,1.000e-06,360,-0.934980,0.798767,0.004193,-0.007164
tent,K,3,5,0.05,2,1.000e-06,361,-0.940573,0.802246,-0.003335,0.020192
tent,K,3,5,0.05,2,1.000e-06,362,-0.933218,0.807068,-0.011984,0.009304
tent,K,3,5,0.05,2,1.000e-06,363,-0.932485,0.803589,-0.009739,0.004315
tent,K,3,5,0.05,2,1.000e-06,364,-0.928622,0.806885,-0.010004,0.000257
tent,K,3,5,0.05,2,1.000e-06,365,-0.930025,0.807617,0.001426,0.003886
tent,K,3,5,0.05,2,1.000e-06,366,-0.939321,0.799377,-0.008283,0.006431
tent,K,3,5,0.05,2,1.000e-06,367,-0.946821,0.797119,0.000241,0.009995
tent,K,3,5,0.05,2,1.000e-06,368,-0.941556,0.801758,0.000610,0.001559
tent,K,3,5,0.05,2,1.000e-06,369,-0.938746,0.801758,0.005830,-0.006427
tent,K,3,5,0.05,2,1.000e-06,370,-0.941818,0.800964,0.006703,0.001636
tent,K,3,5,0.05,2,1.000e-06,371,-0.941051,0.797363,-0.007399,0.004859
tent,K,3,5,0.05,2,1.000e-06,372,-0.938036,0.802979,0.013803,0.002380
tent,K,3,5,0.05,2,1.000e-06,373,-0.934354,0.801636,0.003087,-0.000809
tent,K,3,5,0.05,2,1.000e-06,374,-0.935565,0.803955,0.001462,-0.003630
tent,K,3,5,0.05,2,1.000e-06,375,-0.928010,0.804382,-0.018584,-0.008914
tent,K,3,5,0.05,2,1.000e-06,376,-0.920707,0.811890,-0.011696,-0.014293
tent,K,3,5,0.05,2,1.000e-06,377,-0.930572,0.807068,0.003808,0.013031
tent,K,3,5,0.05,2,1.000e-06,378,-0.932504,0.804504,-0.008346,0.000123
tent,K,3,5,0.05,2,1.000e-06,379,-0.925752,0.807983,-0.008757,-0.006200
tent,K,3,5,0.05,2,1.000e-06,380,-0.929463,0.804871,-0.001975,-0.004592
tent,K,3,5,0.05,2,1.000e-06,381,-0.933630,0.803894,-0.001171,-0.004494
tent,K,3,5,0.05,2,1.000e-06,382,-0.934547,0.805847,-0.001170,0.000335
tent,K,3,5,0.05,2,1.000e-06,383,-0.929647,0.805725,0.000397,0.000861
tent,K,3,5,0.05,2,1.000e-06,384,-0.930856,0.803101,-0.012579,0.006909
tent,K,3,5,0.05,2,1.000e-06,385,-0.942913,0.801880,0.015694,0.003409
tent,K,3,5,0.05,2,1.000e-06,386,-0.930569,0.806641,-0.011865,0.000839
tent,K,3,5,0.05,2,1.000e-06,387,-0.932503,0.807617,0.000937,-0.006659
tent,K,3,5,0.05,2,1.000e-06,388,-0.933093,0.800110,-0.003649,-0.011746
tent,K,3,5,0.05,2,1.000e-06,389,-0.930898,0.805054,-0.004874,-0.006689
tent,K,3,5,0.05,2,1.000e-06,390,-0.935755,0.801208,-0.000554,0.000604
tent,K,3,5,0.05,2,1.000e-06,391,-0.940229,0.798767,-0.001552,0.014932
tent,K,3,5,0.05,2,1.000e-06,392,-0.932364,0.802124,0.007652,-0.011910
tent,K,3,5,0.05,2,1.000e-06,393,-0.934415,0.804749,-0.012090,0.002024
tent,K,3,5,0.05,2,1.000e-06,394,-0.940414,0.800171,0.006329,-0.006227
tent,K,3,5,0.05,2,1.000e-06,395,-0.937237,0.802551,0.001446,-0.004809
tent,K,3,5,0.05,2,1.000e-06,396,-0.935516,0.800476,-0.000854,0.007007
tent,K,3,5,0.05,2,1.000e-06,397,-0.936235,0.803589,-0.008336,0.008776
tent,K,3,5,0.05,2,1.000e-06,398,-0.945906,0.796082,0.006382,0.003169
tent,K,3,5,0.05,2,1.000e-06,399,-0.937844,0.802551,0.001019,0.009137
tent,K,3,5,0.05,2,1.000e-06,400,-0.937260,0.801758,0.019444,0.004143
tent,K,3,5,0.05,2,1.000e-04,1,-9.303833,0.000000,1.000000,1.000000
tent,K,3,5,0.05,2,1.000e-04,2,-8.831444,0.000061,0.999523,0.999995
tent,K,3,5,0.05,2,1.000e-04,3,-8.145198,0.000061,0.999999,0.999512
tent,K,3,5,0.05,2,1.000e-04,4,-7.494420,0.000244,0.999060,0.999460
tent,K,3,5,0.05,2,1.000e-04,5,-6.850842,0.000244,0.999034,0.998988
tent,K,3,5,0.05,2,1.000e-04,6,-6.204684,0.000732,0.997065,0.997915
tent,K,3,5,0.05,2,1.000e-04,7,-5.559481,0.001160,0.995482,0.997355
tent,K,3,5,0.05,2,1.000e-04,8,-4.917998,0.001587,0.994553,0.995757
tent,K,3,5,0.05,2,1.000e-04,9,-4.274344,0.003479,0.989051,0.990573
tent,K,3,5,0.05,2,1.000e-04,10,-3.633266,0.006104,0.982276,0.975529
tent,K,3,5,0.05,2,1.000e-04,11,-3.002393,0.010010,0.962342,0.955494
tent,K,3,5,0.05,2,1.000e-04,12,-2.401578,0.020691,0.926613,0.922874
tent,K,3,5,0.05,2,1.000e-04,13,-1.832144,0.252869,0.812944,0.798245
tent,K,3,5,0.05,2,1.000e-04,14,-1.340710,0.598389,0.526274,0.492795
tent,K,3,5,0.05,2,1.000e-04,15,-1.001381,0.774597,0.093637,0.091115
tent,K,3,5,0.05,2,1.000e-04,16,-0.934328,0.795959,-0.017734,-0.000004
tent,K,3,5,0.05,2,1.000e-04,17,-0.936872,0.801819,-0.001706,-0.002690
tent,K,3,5,0.05,2,1.000e-04,18,-0.942524,0.802246,-0.003818,0.015147
tent,K,3,5,0.05,2,1.000e-04,19,-0.932695,0.802917,-0.001210,0.010203
tent,K,3,5,0.05,2,1.000e-04,20,-0.928384,0.805847,-0.015510,-0.012322
tent,K,3,5,0.05,2,1.000e-04,21,-0.939608,0.796448,-0.013695,0.010141
tent,K,3,5,0.05,2,1.000e-04,22,-0.939531,0.802429,0.001451,0.000513
tent,K,3,5,0.05,2,1.000e-04,23,-0.937303,0.802063,0.011832,0.005918
tent,K,3,5,0.05,2,1.000e-04,24,-0.925704,0.805237,-0.009094,-0.005508
tent,K,3,5,0.05,2,1.000e-04,25,-0.938832,0.800842,-0.004962,0.008009
tent,K,3,5,0.05,2,1.000e-04,26,-0.932227,0.801697,-0.008157,-0.002954
tent,K,3,5,0.05,2,1.000e-04,27,-0.939982,0.801880,0.012466,0.001616
tent,K,3,5,0.05,2,1.000e-04,28,-0.932742,0.803833,-0.010548,0.002095
tent,K,3,5,0.05,2,1.000e-04,29,-0.937089,0.800415,-0.005429,0.009245
tent,K,3,5,0.05,2,1.000e-04,30,-0.935603,0.802979,0.004004,0.006228
tent,K,3,5,0.05,2,1.000e-04,31,-0.930322,0.803589,-0.004802,-0.006361
tent,K,3,5,0.05,2,1.000e-04,32,-0.929769,0.804871,-0.002787,-0.002893
tent,K,3,5,0.05,2,1.000e-04,33,-0.928413,0.807251,-0.011514,0.003765
tent,K,3,5,0.05,2,1.000e-04,34,-0.933746,0.802673,-0.009993,0.005111
tent,K,3,5,0.05,2,1.000e-04,35,-0.927531,0.804810,-0.007365,-0.014761
tent,K,3,5,0.05,2,1.000e-04,36,-0.931628,0.809692,-0.006473,0.003013
tent,K,3,5,0.05,2,1.000e-04,37,-0.933614,0.798828,-0.006374,-0.011296
tent,K,3,5,0.05,2,1.000e-04,38,-0.934662,0.802917,0.003926,-0.007408
tent,K,3,5,0.05,2,1.000e-04,39,-0.941549,0.797302,0.007734,-0.002090
tent,K,3,5,0.05,2,1.000e-04,40,-0.932859,0.807617,0.004088,-0.000173
tent,K,3,5,0.05,2,1.000e-04,41,-0.931371,0.806335,0.008024,-0.022602
tent,K,3,5,0.05,2,1.000e-04,42,-0.938645,0.802551,0.007134,0.004397
tent,K,3,5,0.05,2,1.000e-04,43,-0.940372,0.800476,0.002315,0.000012
tent,K,3,5,0.05,2,1.000e-04,44,-0.937071,0.801270,-0.006083,0.012836
tent,K,3,5,0.05,2,1.000e-04,45,-0.928548,0.803894,-0.010816,-0.000034
tent,K,3,5,0.05,2,1.000e-04,46,-0.934220,0.801697,-0.001249,0.010528
tent,K,3,5,0.05,2,1.000e-04,47,-0.939421,0.799316,0.007701,0.002319
tent,K,3,5,0.05,2,1.000e-04,48,-0.941639,0.805725,0.007032,0.003291
tent,K,3,5,0.05,2,1.000e-04,49,-0.941307,0.799255,0.010696,-0.005000
tent,K,3,5,0.05,2,1.000e-04,50,-0.937519,0.804321,0.005867,0.003761
tent,K,3,5,0.05,2,1.000e-04,51,-0.931542,0.804749,-0.002242,-0.003829
tent,K,3,5,0.05,2,1.000e-04,52,-0.936007,0.799377,-0.001017,0.002720
tent,K,3,5,0.05,2,1.000e-04,53,-0.940449,0.803467,0.009699,0.011327
tent,K,3,5,0.05,2,1.000e-04,54,-0.938609,0.801697,0.009001,-0.005525
tent,K,3,5,0.05,2,1.000e-04,55,-0.930127,0.803223,-0.006384,-0.011219
tent,K,3,5,0.05,2,1.000e-04,56,-0.924207,0.807800,-0.012025,-0.009165
tent,K,3,5,0.05,2,1.000e-04,57,-0.919571,0.811035,-0.017367,-0.004454
tent,K,3,5,0.05,2,1.000e-04,58,-0.923750,0.807556,-0.019841,-0.003463
tent,K,3,5,0.05,2,1.000e-04,59,-0.935982,0.802979,0.002380,0.000738
tent,K,3,5,0.05,2,1.000e-04,60,-0.929487,0.806519,-0.011757,0.003706
tent,K,3,5,0.05,2,1.000e-04,61,-0.930531,0.803223,-0.015263,-0.000077
tent,K,3,5,0.05,2,1.000e-04,62,-0.939055,0.800354,0.010754,0.012597
tent,K,3,5,0.05,2,1.000e-04,63,-0.938447,0.801147,0.011641,0.000158
tent,K,3,5,0.05,2,1.000e-04,64,-0.937726,0.803772,-0.001150,0.008240
tent,K,3,5,0.05,2,1.000e-04,65,-0.940722,0.799988,0.016586,-0.006993
tent,K,3,5,0.05,2,1.000e-04,66,-0.930650,0.802429,-0.006326,-0.003516
tent,K,3,5,0.05,2,1.000e-04,67,-0.933203,0.801331,-0.001825,0.000682
tent,K,3,5,0.05,2,1.000e-04,68,-0.934093,0.803528,0.002116,0.009960
tent,K,3,5,0.05,2,1.000e-04,69,-0.931457,0.803711,-0.010977,-0.003073
tent,K,3,5,0.05,2,1.000e-04,70,-0.937799,0.801453,-0.003030,-0.000731
tent,K,3,5,0.05,2,1.000e-04,71,-0.933370,0.803101,-0.000270,-0.003405
tent,K,3,5,0.05,2,1.000e-04,72,-0.934151,0.804016,0.006489,0.003692
tent,K,3,5,0.05,2,1.000e-04,73,-0.930355,0.802490,-0.009579,-0.012398
tent,K,3,5,0.05,2,1.000e-04,74,-0.933555,0.805176,-0.008341,0.002753
tent,K,3,5,0.05,2,1.000e-04,75,-0.938572,0.802368,0.014851,-0.008591
tent,K,3,5,0.05,2,1.000e-04,76,-0.931379,0.804199,-0.003137,-0.007899
tent,K,3,5,0.05,2,1.000e-04,77,-0.934473,0.797791,0.001929,-0.009883
tent,K,3,5,0.05,2,1.000e-04,78,-0.934837,0.804199,0.014079,-0.008759
tent,K,3,5,0.05,2,1.000e-04,79,-0.936765,0.801331,0.009610,0.001246
tent,K,3,5,0.05,2,1.000e-04,80,-0.939381,0.799988,-0.004694,0.007929
tent,K,3,5,0.05,2,1.000e-04,81,-0.941257,0.798096,0.010258,0.005714
tent,K,3,5,0.05,2,1.000e-04,82,-0.938599,0.797180,-0.000986,0.009176
tent,K,3,5,0.05,2,1.000e-04,83,-0.939951,0.802795,0.001270,0.001164
tent,K,3,5,0.05,2,1.000e-04,84,-0.940484,0.801758,0.006516,0.005763
tent,K,3,5,0.05,2,1.000e-04,85,-0.931275,0.807678,-0.003607,-0.001691
tent,K,3,5,0.05,2,1.000e-04,86,-0.939687,0.795715,-0.011422,0.008305
tent,K,3,5,0.05,2,1.000e-04,87,-0.941543,0.801941,0.013240,0.004833
tent,K,3,5,0.05,2,1.000e-04,88,-0.939429,0.799744,0.006895,0.011057
tent,K,3,5,0.05,2,1.000e-04,89,-0.932384,0.802979,0.000671,-0.009480
tent,K,3,5,0.05,2,1.000e-04,90,-0.929904,0.804504,-0.010973,0.001170
tent,K,3,5,0.05,2,1.000e-04,91,-0.934248,0.805420,-0.000614,-0.002259
tent,K,3,5,0.05,2,1.000e-04,92,-0.938849,0.799622,0.007559,-0.002325
tent,K,3,5,0.05,2,1.000e-04,93,-0.940017,0.801941,0.007714,-0.002290
tent,K,3,5,0.05,2,1.000e-04,94,-0.932863,0.799683,-0.002374,0.002131
tent,K,3,5,0.05,2,1.000e-04,95,-0.933398,0.799622,0.003551,0.001968
tent,K,3,5,0.05,2,1.000e-04,96,-0.936724,0.802917,0.004486,0.005734
tent,K,3,5,0.05,2,1.000e-04,97,-0.935149,0.802856,0.008756,0.006473
tent,K,3,5,0.05,2,1.000e-04,98,-0.924759,0.812439,-0.018518,0.007463
tent,K,3,5,0.05,2,1.000e-04,99,-0.926864,0.808594,-0.010038,-0.001203
tent,K,3,5,0.05,2,1.000e-04,100,-0.934024,0.801819,-0.010901,-0.001679
tent,K,3,5,0.05,2,1.000e-04,101,-0.939194,0.798523,0.013466,-0.010692
tent,K,3,5,0.05,2,1.000e-04,102,-0.941616,0.798218,-0.004379,0.013058
tent,K,3,5,0.05,2,1.000e-04,103,-0.939910,0.801758,0.005248,0.015037
tent,K,3,5,0.05,2,1.000e-04,104,-0.936713,0.802063,0.002707,0.007955
tent,K,3,5,0.05,2,1.000e-04,105,-0.936377,0.805603,-0.006362,0.006558
tent,K,3,5,0.05,2,1.000e-04,106,-0.934815,0.805664,0.008407,0.001628
tent,K,3,5,0.05,2,1.000e-04,107,-0.926329,0.807373,-0.009187,-0.014782
tent,K,3,5,0.05,2,1.000e-04,108,-0.935934,0.801392,-0.007443,0.002836
tent,K,3,5,0.05,2,1.000e-04,109,-0.930724,0.806213,-0.008476,-0.001754
tent,K,3,5,0.05,2,1.000e-04,110,-0.935044,0.805908,-0.005428,0.007952
tent,K,3,5,0.05,2,1.000e-04,111,-0.926439,0.805054,-0.019460,0.000879
tent,K,3,5,0.05,2,1.000e-04,112,-0.943771,0.797302,0.009567,0.002075
tent,K,3,5,0.05,2,1.000e-04,113,-0.938489,0.801331,0.002016,0.008062
tent,K,3,5,0.05,2,1.000e-04,114,-0.934384,0.802185,0.013945,-0.007795
tent,K,3,5,0.05,2,1.000e-04,115,-0.926630,0.807800,-0.010023,-0.002335
tent,K,3,5,0.05,2,1.000e-04,116,-0.921745,0.807556,-0.010654,-0.032339
tent,K,3,5,0.05,2,1.000e-04,117,-0.935375,0.800232,-0.000417,-0.003997
tent,K,3,5,0.05,2,1.000e-04,118,-0.939826,0.799255,0.005987,0.004506
tent,K,3,5,0.05,2,1.000e-04,119,-0.932453,0.805725,0.001185,0.007495
tent,K,3,5,0.05,2,1.000e-04,120,-0.932706,0.801453,-0.009503,-0.006890
tent,K,3,5,0.05,2,1.000e-04,121,-0.938070,0.799988,0.009376,-0.007671
tent,K,3,5,0.05,2,1.000e-04,122,-0.933898,0.806885,-0.009351,0.003498
tent,K,3,5,0.05,2,1.000e-04,123,-0.935744,0.804443,-0.009548,-0.000533
tent,K,3,5,0.05,2,1.000e-04,124,-0.940427,0.802307,0.006629,0.003147
tent,K,3,5,0.05,2,1.000e-04,125,-0.937685,0.797852,0.007273,-0.000132
tent,K,3,5,0.05,2,1.000e-04,126,-0.939610,0.796204,0.001400,0.006869
tent,K,3,5,0.05,2,1.000e-04,127,-0.935111,0.806519,-0.005548,0.008122
tent,K,3,5,0.05,2,1.000e-04,128,-0.929303,0.803772,-0.005164,-0.018342
tent,K,3,5,0.05,2,1.000e-04,129,-0.935782,0.801147,0.012932,-0.006617
tent,K,3,5,0.05,2,1.000e-04,130,-0.941056,0.799500,0.003342,0.001322
tent,K,3,5,0.05,2,1.000e-04,131,-0.940936,0.802307,-0.006252,0.011970
tent,K,3,5,0.05,2,1.000e-04,132,-0.934741,0.801636,-0.000167,-0.000244
tent,K,3,5,0.05,2,1.000e-04,133,-0.932444,0.804321,-0.009233,0.013551
tent,K,3,5,0.05,2,1.000e-04,134,-0.936564,0.805908,0.000169,-0.005460
tent,K,3,5,0.05,2,1.000e-04,135,-0.934434,0.803467,-0.002266,-0.012492
tent,K,3,5,0.05,2,1.000e-04,136,-0.941180,0.802124,0.019118,-0.000468
tent,K,3,5,0.05,2,1.000e-04,137,-0.936247,0.804626,0.002561,0.006959
tent,K,3,5,0.05,2,1.000e-04,138,-0.928143,0.804199,-0.013072,-0.000802
tent,K,3,5,0.05,2,1.000e-04,139,-0.932819,0.801147,-0.017222,0.004023
tent,K,3,5,0.05,2,1.000e-04,140,-0.934079,0.803040,-0.007780,0.005990
tent,K,3,5,0.05,2,1.000e-04,141,-0.933066,0.806091,-0.002654,-0.005388
tent,K,3,5,0.05,2,1.000e-04,142,-0.928099,0.804382,0.003132,-0.006851
tent,K,3,5,0.05,2,1.000e-04,143,-0.940257,0.798401,0.008597,0.001096
tent,K,3,5,0.05,2,1.000e-04,144,-0.946005,0.798035,0.018552,0.009817
tent,K,3,5,0.05,2,1.000e-04,145,-0.926174,0.807495,-0.007280,0.006132
tent,K,3,5,0.05,2,1.000e-04,146,-0.928635,0.803650,-0.010882,0.000971
tent,K,3,5,0.05,2,1.000e-04,147,-0.932726,0.804810,0.007920,-0.005752
tent,K,3,5,0.05,2,1.000e-04,148,-0.936984,0.805176,-0.004604,-0.003665
tent,K,3,5,0.05,2,1.000e-04,149,-0.932125,0.805481,0.001794,-0.007379
tent,K,3,5,0.05,2,1.000e-04,150,-0.935000,0.797974,0.009455,0.003168
tent,K,3,5,0.05,2,1.000e-04,151,-0.929570,0.804443,-0.010346,0.007707
tent,K,3,5,0.05,2,1.000e-04,152,-0.937377,0.801697,0.001593,0.000805
tent,K,3,5,0.05,2,1.000e-04,153,-0.935864,0.801514,0.000629,-0.002561
tent,K,3,5,0.05,2,1.000e-04,154,-0.932214,0.802551,0.008796,-0.005344
tent,K,3,5,0.05,2,1.000e-04,155,-0.936498,0.801880,0.003873,0.006613
tent,K,3,5,0.05,2,1.000e-04,156,-0.940888,0.800537,0.017479,-0.002439
tent,K,3,5,0.05,2,1.000e-04,157,-0.933693,0.802246,-0.001036,0.003871
tent,K,3,5,0.05,2,1.000e-04,158,-0.928329,0.806763,-0.002192,-0.005374
tent,K,3,5,0.05,2,1.000e-04,159,-0.924930,0.811279,-0.013076,-0.012344
tent,K,3,5,0.05,2,1.000e-04,160,-0.930875,0.806396,-0.001433,-0.020053
tent,K,3,5,0.05,2,1.000e-04,161,-0.931067,0.804565,-0.005079,-0.013968
tent,K,3,5,0.05,2,1.000e-04,162,-0.928864,0.806030,0.001853,-0.006245
tent,K,3,5,0.05,2,1.000e-04,163,-0.939452,0.799683,-0.004876,0.004271
tent,K,3,5,0.05,2,1.000e-04,164,-0.939485,0.801453,0.006440,0.009996
tent,K,3,5,0.05,2,1.000e-04,165,-0.938808,0.803040,0.004201,0.007171
tent,K,3,5,0.05,2,1.000e-04,166,-0.931015,0.804077,-0.006027,0.004382
tent,K,3,5,0.05,2,1.000e-04,167,-0.935825,0.799500,0.001595,0.001684
tent,K,3,5,0.05,2,1.000e-04,168,-0.935658,0.803101,-0.003126,0.006861
tent,K,3,5,0.05,2,1.000e-04,169,-0.932666,0.805908,-0.000827,-0.001777
tent,K,3,5,0.05,2,1.000e-04,170,-0.934892,0.802856,-0.004540,0.002822
tent,K,3,5,0.05,2,1.000e-04,171,-0.938001,0.798523,0.006950,-0.004125
tent,K,3,5,0.05,2,1.000e-04,172,-0.937105,0.801208,0.008082,0.003278
tent,K,3,5,0.05,2,1.000e-04,173,-0.934598,0.802307,0.004951,0.002923
tent,K,3,5,0.05,2,1.000e-04,174,-0.926162,0.806030,-0.009971,-0.006513
tent,K,3,5,0.05,2,1.000e-04,175,-0.933899,0.803284,-0.001311,-0.010751
tent,K,3,5,0.05,2,1.000e-04,176,-0.935925,0.802429,-0.002265,0.001017
tent,K,3,5,0.05,2,1.000e-04,177,-0.931213,0.805359,-0.000414,0.003808
tent,K,3,5,0.05,2,1.000e-04,178,-0.935536,0.798950,0.000521,0.000123
tent,K,3,5,0.05,2,1.000e-04,179,-0.934353,0.804443,-0.005992,0.004720
tent,K,3,5,0.05,2,1.000e-04,180,-0.929725,0.805481,-0.005755,0.000487
tent,K,3,5,0.05,2,1.000e-04,181,-0.938472,0.800049,-0.004773,0.000989
tent,K,3,5,0.05,2,1.000e-04,182,-0.930852,0.806213,-0.011325,-0.003825
tent,K,3,5,0.05,2,1.000e-04,183,-0.935034,0.804443,0.010523,-0.003412
tent,K,3,5,0.05,2,1.000e-04,184,-0.928921,0.805481,-0.005769,-0.007760
tent,K,3,5,0.05,2,1.000e-04,185,-0.931552,0.806091,-0.003784,0.000474
tent,K,3,5,0.05,2,1.000e-04,186,-0.933794,0.802490,-0.001608,0.006355
tent,K,3,5,0.05,2,1.000e-04,187,-0.930625,0.802979,-0.004230,0.006014
tent,K,3,5,0.05,2,1.000e-04,188,-0.929588,0.807617,-0.016224,-0.001372
tent,K,3,5,0.05,2,1.000e-04,189,-0.927233,0.805115,-0.023088,0.003389
tent,K,3,5,0.05,2,1.000e-04,190,-0.933960,0.804871,0.013245,-0.001613
tent,K,3,5,0.05,2,1.000e-04,191,-0.931673,0.807068,0.003909,0.001265
tent,K,3,5,0.05,2,1.000e-04,192,-0.926786,0.804138,-0.011169,-0.012416
tent,K,3,5,0.05,2,1.000e-04,193,-0.938095,0.804382,0.006718,0.005772
tent,K,3,5,0.05,2,1.000e-04,194,-0.934080,0.803284,0.006092,-0.004095
tent,K,3,5,0.05,2,1.000e-04,195,-0.934389,0.802124,-0.006401,-0.007713
tent,K,3,5,0.05,2,1.000e-04,196,-0.940397,0.802063,0.003480,-0.007079
tent,K,3,5,0.05,2,1.000e-04,197,-0.934582,0.803040,-0.006631,-0.000965
tent,K,3,5,0.05,2,1.000e-04,198,-0.931281,0.801331,-0.005635,0.000650
tent,K,3,5,0.05,2,1.000e-04,199,-0.936699,0.800232,0.008880,0.007363
tent,K,3,5,0.05,2,1.000e-04,200,-0.937976,0.799500,-0.000193,0.006733
tent,K,3,5,0.05,2,1.000e-04,201,-0.930480,0.808533,-0.011307,-0.001185
tent,K,3,5,0.05,2,1.000e-04,202,-0.933361,0.804810,0.003137,-0.004310
tent,K,3,5,0.05,2,1.000e-04,203,-0.940214,0.801086,-0.001111,0.004377
tent,K,3,5,0.05,2,1.000e-04,204,-0.941392,0.797852,0.002951,-0.004645
tent,K,3,5,0.05,2,1.000e-04,205,-0.938673,0.799377,0.002789,-0.002414
tent,K,3,5,0.05,2,1.000e-04,206,-0.944736,0.800049,0.015905,0.009368
tent,K,3,5,0.05,2,1.000e-04,207,-0.938396,0.804932,0.002888,0.005108
tent,K,3,5,0.05,2,1.000e-04,208,-0.932672,0.801697,-0.019921,0.003713
tent,K,3,5,0.05,2,1.000e-04,209,-0.940400,0.802673,-0.003302,0.011559
tent,K,3,5,0.05,2,1.000e-04,210,-0.932114,0.804138,-0.002612,0.002680
tent,K,3,5,0.05,2,1.000e-04,211,-0.925751,0.808105,-0.015920,-0.004896
tent,K,3,5,0.05,2,1.000e-04,212,-0.935437,0.803772,-0.000535,-0.003477
tent,K,3,5,0.05,2,1.000e-04,213,-0.933315,0.802490,-0.003646,0.002758
tent,K,3,5,0.05,2,1.000e-04,214,-0.940974,0.801270,0.002751,0.001114
tent,K,3,5,0.05,2,1.000e-04,215,-0.940004,0.801025,-0.003803,0.000412
tent,K,3,5,0.05,2,1.000e-04,216,-0.939132,0.796021,-0.010034,0.014777
tent,K,3,5,0.05,2,1.000e-04,217,-0.937523,0.800110,0.010614,-0.003086
tent,K,3,5,0.05,2,1.000e-04,218,-0.937229,0.803467,0.009380,0.007543
tent,K,3,5,0.05,2,1.000e-04,219,-0.926595,0.808716,-0.007512,-0.013169
tent,K,3,5,0.05,2,1.000e-04,220,-0.935254,0.803955,-0.001124,-0.005636
tent,K,3,5,0.05,2,1.000e-04,221,-0.931080,0.801697,-0.000817,-0.005472
tent,K,3,5,0.05,2,1.000e-04,222,-0.928313,0.804993,-0.001128,-0.008415
tent,K,3,5,0.05,2,1.000e-04,223,-0.927921,0.806580,0.001185,0.002340
tent,K,3,5,0.05,2,1.000e-04,224,-0.931326,0.808105,-0.007529,0.001859
tent,K,3,5,0.05,2,1.000e-04,225,-0.932581,0.803223,-0.008369,-0.008975
tent,K,3,5,0.05,2,1.000e-04,226,-0.933735,0.803772,-0.004499,-0.001542
tent,K,3,5,0.05,2,1.000e-04,227,-0.930616,0.804382,0.010726,-0.007994
tent,K,3,5,0.05,2,1.000e-04,228,-0.930862,0.804504,0.007421,-0.001720
tent,K,3,5,0.05,2,1.000e-04,229,-0.934187,0.803833,-0.000512,-0.003936
tent,K,3,5,0.05,2,1.000e-04,230,-0.930128,0.807800,0.007151,-0.015930
tent,K,3,5,0.05,2,1.000e-04,231,-0.926948,0.805786,-0.001785,-0.017478
tent,K,3,5,0.05,2,1.000e-04,232,-0.940418,0.802246,0.002973,0.001984
tent,K,3,5,0.05,2,1.000e-04,233,-0.934168,0.801819,-0.000109,-0.005968
tent,K,3,5,0.05,2,1.000e-04,234,-0.934894,0.801880,-0.000478,0.002372
tent,K,3,5,0.05,2,1.000e-04,235,-0.932933,0.800598,-0.010854,0.005041
tent,K,3,5,0.05,2,1.000e-04,236,-0.935663,0.802551,0.000734,-0.007649
tent,K,3,5,0.05,2,1.000e-04,237,-0.947988,0.799683,0.010232,0.002830
tent,K,3,5,0.05,2,1.000e-04,238,-0.936318,0.805542,-0.001435,-0.009464
tent,K,3,5,0.05,2,1.000e-04,239,-0.939943,0.801453,0.005587,0.000458
tent,K,3,5,0.05,2,1.000e-04,240,-0.937386,0.798645,-0.007922,-0.003642
tent,K,3,5,0.05,2,1.000e-04,241,-0.944375,0.799377,0.007502,0.021395
tent,K,3,5,0.05,2,1.000e-04,242,-0.932891,0.807251,0.000503,-0.006044
tent,K,3,5,0.05,2,1.000e-04,243,-0.941614,0.796997,0.007775,0.006616
tent,K,3,5,0.05,2,1.000e-04,244,-0.936709,0.805054,-0.003318,-0.000174
tent,K,3,5,0.05,2,1.000e-04,245,-0.945074,0.796387,0.007244,-0.003861
tent,K,3,5,0.05,2,1.000e-04,246,-0.940077,0.799805,-0.005806,0.007523
tent,K,3,5,0.05,2,1.000e-04,247,-0.935531,0.804138,0.005095,0.008606
tent,K,3,5,0.05,2,1.000e-04,248,-0.932275,0.803711,-0.010867,-0.003770
tent,K,3,5,0.05,2,1.000e-04,249,-0.932576,0.800232,-0.005623,-0.003675
tent,K,3,5,0.05,2,1.000e-04,250,-0.932868,0.806702,-0.000654,0.003449
tent,K,3,5,0.05,2,1.000e-04,251,-0.938019,0.800232,0.019149,-0.017471
tent,K,3,5,0.05,2,1.000e-04,252,-0.934203,0.798523,0.004330,-0.008038
tent,K,3,5,0.05,2,1.000e-04,253,-0.942016,0.799011,0.016168,-0.006825
tent,K,3,5,0.05,2,1.000e-04,254,-0.940068,0.798340,0.002743,0.006989
tent,K,3,5,0.05,2,1.000e-04,255,-0.922057,0.810303,-0.003010,-0.006528
tent,K,3,5,0.05,2,1.000e-04,256,-0.928372,0.806763,0.002913,-0.003593
tent,K,3,5,0.05,2,1.000e-04,257,-0.923779,0.809937,-0.013449,-0.014413
tent,K,3,5,0.05,2,1.000e-04,258,-0.928863,0.809631,-0.012303,-0.008356
tent,K,3,5,0.05,2,1.000e-04,259,-0.933641,0.802124,-0.005417,-0.019459
tent,K,3,5,0.05,2,1.000e-04,260,-0.939386,0.802734,0.012058,-0.002610
tent,K,3,5,0.05,2,1.000e-04,261,-0.933101,0.803345,-0.007363,-0.003761
tent,K,3,5,0.05,2,1.000e-04,262,-0.938718,0.803650,-0.002729,0.001026
tent,K,3,5,0.05,2,1.000e-04,263,-0.936786,0.801147,-0.003849,0.004089
tent,K,3,5,0.05,2,1.000e-04,264,-0.927102,0.806213,0.000970,-0.002440
tent,K,3,5,0.05,2,1.000e-04,265,-0.926038,0.808228,0.001388,-0.021103
tent,K,3,5,0.05,2,1.000e-04,266,-0.932517,0.804626,-0.002095,0.010059
tent,K,3,5,0.05,2,1.000e-04,267,-0.940704,0.799133,0.011762,0.002448
tent,K,3,5,0.05,2,1.000e-04,268,-0.934853,0.800598,-0.012915,0.008650
tent,K,3,5,0.05,2,1.000e-04,269,-0.932152,0.804688,0.003379,0.005324
tent,K,3,5,0.05,2,1.000e-04,270,-0.923551,0.809998,-0.019200,-0.000423
tent,K,3,5,0.05,2,1.000e-04,271,-0.929566,0.806213,-0.008530,0.001554
tent,K,3,5,0.05,2,1.000e-04,272,-0.930239,0.805725,-0.001929,-0.009125
tent,K,3,5,0.05,2,1.000e-04,273,-0.937024,0.808960,-0.009655,0.006951
tent,K,3,5,0.05,2,1.000e-04,274,-0.941128,0.797668,0.010898,-0.004063
tent,K,3,5,0.05,2,1.000e-04,275,-0.938958,0.799500,0.001866,-0.008359
tent,K,3,5,0.05,2,1.000e-04,276,-0.944467,0.797546,0.007628,0.009167
tent,K,3,5,0.05,2,1.000e-04,277,-0.934452,0.802856,0.009720,-0.000829
tent,K,3,5,0.05,2,1.000e-04,278,-0.928031,0.804871,-0.003133,-0.022820
tent,K,3,5,0.05,2,1.000e-04,279,-0.932673,0.804321,0.000205,-0.000017
tent,K,3,5,0.05,2,1.000e-04,280,-0.929697,0.806213,-0.004312,-0.007228
tent,K,3,5,0.05,2,1.000e-04,281,-0.933621,0.804138,0.001824,0.001191
tent,K,3,5,0.05,2,1.000e-04,282,-0.934091,0.803162,-0.001690,-0.002419
tent,K,3,5,0.05,2,1.000e-04,283,-0.935221,0.802551,-0.010110,0.000101
tent,K,3,5,0.05,2,1.000e-04,284,-0.933757,0.803284,0.002010,-0.012303
tent,K,3,5,0.05,2,1.000e-04,285,-0.941780,0.799683,-0.001620,0.011743
tent,K,3,5,0.05,2,1.000e-04,286,-0.929915,0.805542,-0.008495,-0.006880
tent,K,3,5,0.05,2,1.000e-04,287,-0.933739,0.802856,-0.002736,0.003770
tent,K,3,5,0.05,2,1.000e-04,288,-0.936825,0.802185,-0.002580,0.006762
tent,K,3,5,0.05,2,1.000e-04,289,-0.943362,0.798096,0.006520,-0.001076
tent,K,3,5,0.05,2,1.000e-04,290,-0.943250,0.798584,0.011966,0.000670
tent,K,3,5,0.05,2,1.000e-04,291,-0.938981,0.801147,0.005480,-0.000762
tent,K,3,5,0.05,2,1.000e-04,292,-0.935856,0.802917,-0.002130,0.013867
tent,K,3,5,0.05,2,1.000e-04,293,-0.933537,0.804565,-0.007022,0.003321
tent,K,3,5,0.05,2,1.000e-04,294,-0.935670,0.799927,0.013668,-0.013738
tent,K,3,5,0.05,2,1.000e-04,295,-0.928560,0.807007,-0.002791,0.005185
tent,K,3,5,0.05,2,1.000e-04,296,-0.926372,0.809326,-0.001682,-0.004298
tent,K,3,5,0.05,2,1.000e-04,297,-0.930896,0.805847,0.002337,-0.005305
tent,K,3,5,0.05,2,1.000e-04,298,-0.939171,0.799377,0.007010,0.008237
tent,K,3,5,0.05,2,1.000e-04,299,-0.938418,0.799072,-0.002843,0.002465
tent,K,3,5,0.05,2,1.000e-04,300,-0.934434,0.803955,-0.005193,0.005488
tent,K,3,5,0.05,2,1.000e-04,301,-0.935363,0.804077,-0.003049,0.001686
tent,K,3,5,0.05,2,1.000e-04,302,-0.937161,0.802124,0.000367,-0.001299
tent,K,3,5,0.05,2,1.000e-04,303,-0.935557,0.802002,-0.003151,0.004683
tent,K,3,5,0.05,2,1.000e-04,304,-0.933279,0.800659,-0.003547,0.001644
tent,K,3,5,0.05,2,1.000e-04,305,-0.941967,0.800476,0.001232,0.003904
tent,K,3,5,0.05,2,1.000e-04,306,-0.939586,0.804565,0.009641,0.002021
tent,K,3,5,0.05,2,1.000e-04,307,-0.937567,0.802795,0.000665,0.009265
tent,K,3,5,0.05,2,1.000e-04,308,-0.932632,0.801514,0.005399,-0.012645
tent,K,3,5,0.05,2,1.000e-04,309,-0.945029,0.797546,0.016966,-0.002706
tent,K,3,5,0.05,2,1.000e-04,310,-0.937621,0.802856,-0.006477,0.016753
tent,K,3,5,0.05,2,1.000e-04,311,-0.934557,0.802551,0.010322,-0.015984
tent,K,3,5,0.05,2,1.000e-04,312,-0.941269,0.797119,0.006458,-0.001848
tent,K,3,5,0.05,2,1.000e-04,313,-0.937579,0.800598,0.007998,-0.002113
tent,K,3,5,0.05,2,1.000e-04,314,-0.935466,0.805359,-0.009054,0.003085
tent,K,3,5,0.05,2,1.000e-04,315,-0.931307,0.804993,0.013424,-0.015223
tent,K,3,5,0.05,2,1.000e-04,316,-0.929416,0.809875,0.003168,-0.016484
tent,K,3,5,0.05,2,1.000e-04,317,-0.930740,0.802917,-0.003498,-0.004027
tent,K,3,5,0.05,2,1.000e-04,318,-0.936568,0.800781,0.005806,0.002283
tent,K,3,5,0.05,2,1.000e-04,319,-0.938640,0.804443,0.005914,0.005184
tent,K,3,5,0.05,2,1.000e-04,320,-0.937354,0.801086,0.007301,0.002159
tent,K,3,5,0.05,2,1.000e-04,321,-0.935434,0.804749,-0.002036,0.000287
tent,K,3,5,0.05,2,1.000e-04,322,-0.931563,0.805237,-0.004016,-0.002977
tent,K,3,5,0.05,2,1.000e-04,323,-0.928361,0.805786,-0.014975,0.002133
tent,K,3,5,0.05,2,1.000e-04,324,-0.935596,0.805298,-0.001812,0.003164
tent,K,3,5,0.05,2,1.000e-04,325,-0.943765,0.796692,0.004323,-0.007420
tent,K,3,5,0.05,2,1.000e-04,326,-0.946810,0.800232,0.007052,0.009724
tent,K,3,5,0.05,2,1.000e-04,327,-0.931511,0.803101,-0.006931,-0.005641
tent,K,3,5,0.05,2,1.000e-04,328,-0.944049,0.799438,0.010150,0.007781
tent,K,3,5,0.05,2,1.000e-04,329,-0.932558,0.803467,0.000341,0.001592
tent,K,3,5,0.05,2,1.000e-04,330,-0.931526,0.805359,0.005736,-0.004059
tent,K,3,5,0.05,2,1.000e-04,331,-0.937309,0.800476,0.012220,-0.013928
tent,K,3,5,0.05,2,1.000e-04,332,-0.936905,0.799622,-0.012844,0.004521
tent,K,3,5,0.05,2,1.000e-04,333,-0.939682,0.797852,0.004221,0.015419
tent,K,3,5,0.05,2,1.000e-04,334,-0.920249,0.809326,0.000789,-0.016306
tent,K,3,5,0.05,2,1.000e-04,335,-0.930862,0.806152,-0.001374,-0.005692
tent,K,3,5,0.05,2,1.000e-04,336,-0.932648,0.803223,0.010347,-0.008543
tent,K,3,5,0.05,2,1.000e-04,337,-0.930864,0.806946,-0.005144,0.004038
tent,K,3,5,0.05,2,1.000e-04,338,-0.933874,0.803223,-0.006468,-0.001800
tent,K,3,5,0.05,2,1.000e-04,339,-0.937800,0.801880,0.005344,0.002471
tent,K,3,5,0.05,2,1.000e-04,340,-0.932107,0.806152,0.001441,-0.010928
tent,K,3,5,0.05,2,1.000e-04,341,-0.932013,0.803528,-0.000254,0.003102
tent,K,3,5,0.05,2,1.000e-04,342,-0.928566,0.806824,-0.000936,0.002859
tent,K,3,5,0.05,2,1.000e-04,343,-0.933867,0.803528,-0.007804,0.003700
tent,K,3,5,0.05,2,1.000e-04,344,-0.939885,0.796326,0.006970,0.005405
tent,K,3,5,0.05,2,1.000e-04,345,-0.936049,0.800232,0.002247,-0.000202
tent,K,3,5,0.05,2,1.000e-04,346,-0.937343,0.804993,0.013082,0.008510
tent,K,3,5,0.05,2,1.000e-04,347,-0.930814,0.803467,-0.007034,0.000498
tent,K,3,5,0.05,2,1.000e-04,348,-0.939428,0.801147,-0.002535,0.010084
tent,K,3,5,0.05,2,1.000e-04,349,-0.934360,0.802917,-0.004843,-0.009333
tent,K,3,5,0.05,2,1.000e-04,350,-0.932987,0.803894,0.005975,0.001177
tent,K,3,5,0.05,2,1.000e-04,351,-0.932776,0.803711,-0.003114,-0.004292
tent,K,3,5,0.05,2,1.000e-04,352,-0.945990,0.793884,0.005944,0.011013
tent,K,3,5,0.05,2,1.000e-04,353,-0.947390,0.798401,0.011248,0.006415
tent,K,3,5,0.05,2,1.000e-04,354,-0.944493,0.797546,0.011099,0.008402
tent,K,3,5,0.05,2,1.000e-04,355,-0.937955,0.803711,0.008405,0.004616
tent,K,3,5,0.05,2,1.000e-04,356,-0.937506,0.806213,0.001663,0.006932
tent,K,3,5,0.05,2,1.000e-04,357,-0.936057,0.799561,-0.005648,-0.002103
tent,K,3,5,0.05,2,1.000e-04,358,-0.936284,0.804260,0.002580,-0.000560
tent,K,3,5,0.05,2,1.000e-04,359,-0.937574,0.802246,0.010746,-0.001255
tent,K,3,5,0.05,2,1.000e-04,360,-0.935209,0.805115,-0.004962,-0.001329
tent,K,3,5,0.05,2,1.000e-04,361,-0.936922,0.800171,0.008088,-0.006054
tent,K,3,5,0.05,2,1.000e-04,362,-0.935208,0.802551,-0.004533,-0.002508
tent,K,3,5,0.05,2,1.000e-04,363,-0.938765,0.799011,0.008002,0.003913
tent,K,3,5,0.05,2,1.000e-04,364,-0.932175,0.805786,-0.004952,0.000436
tent,K,3,5,0.05,2,1.000e-04,365,-0.934758,0.802856,0.003121,-0.006562
tent,K,3,5,0.05,2,1.000e-04,366,-0.939943,0.799316,-0.000922,0.008659
tent,K,3,5,0.05,2,1.000e-04,367,-0.941531,0.798340,-0.008198,0.007284
tent,K,3,5,0.05,2,1.000e-04,368,-0.936778,0.800659,-0.008530,0.013800
tent,K,3,5,0.05,2,1.000e-04,369,-0.931151,0.803589,-0.002832,-0.002296
tent,K,3,5,0.05,2,1.000e-04,370,-0.931610,0.804688,-0.006691,0.001738
tent,K,3,5,0.05,2,1.000e-04,371,-0.938246,0.802551,0.003021,-0.002892
tent,K,3,5,0.05,2,1.000e-04,372,-0.943825,0.798828,0.015778,-0.004495
tent,K,3,5,0.05,2,1.000e-04,373,-0.937725,0.804260,-0.003128,0.012588
tent,K,3,5,0.05,2,1.000e-04,374,-0.937768,0.802551,0.008687,-0.003519
tent,K,3,5,0.05,2,1.000e-04,375,-0.932772,0.804077,0.004443,-0.014129
tent,K,3,5,0.05,2,1.000e-04,376,-0.930810,0.804688,0.009632,-0.010819
tent,K,3,5,0.05,2,1.000e-04,377,-0.929836,0.805176,0.001998,-0.004431
tent,K,3,5,0.05,2,1.000e-04,378,-0.937414,0.799194,0.012624,-0.017531
tent,K,3,5,0.05,2,1.000e-04,379,-0.937814,0.803040,0.002699,0.006187
tent,K,3,5,0.05,2,1.000e-04,380,-0.934525,0.798096,-0.001060,0.012291
tent,K,3,5,0.05,2,1.000e-04,381,-0.930677,0.803833,-0.009972,0.003613
tent,K,3,5,0.05,2,1.000e-04,382,-0.933711,0.803833,0.002583,-0.000265
tent,K,3,5,0.05,2,1.000e-04,383,-0.934263,0.802734,-0.012603,0.008472
tent,K,3,5,0.05,2,1.000e-04,384,-0.935340,0.804016,-0.011958,0.012186
tent,K,3,5,0.05,2,1.000e-04,385,-0.925025,0.807312,-0.019882,0.001725
tent,K,3,5,0.05,2,1.000e-04,386,-0.933042,0.803711,-0.003565,-0.005276
tent,K,3,5,0.05,2,1.000e-04,387,-0.934896,0.803162,0.004257,-0.008968
tent,K,3,5,0.05,2,1.000e-04,388,-0.932806,0.804688,-0.003293,-0.007043
tent,K,3,5,0.05,2,1.000e-04,389,-0.929891,0.803284,-0.006468,-0.008343
tent,K,3,5,0.05,2,1.000e-04,390,-0.935006,0.803406,0.013042,-0.010273
tent,K,3,5,0.05,2,1.000e-04,391,-0.934237,0.801208,-0.019219,0.004441
tent,K,3,5,0.05,2,1.000e-04,392,-0.940273,0.801697,0.013116,-0.006820
tent,K,3,5,0.05,2,1.000e-04,393,-0.941128,0.800354,0.001434,0.009771
tent,K,3,5,0.05,2,1.000e-04,394,-0.942139,0.799072,0.003180,-0.000124
tent,K,3,5,0.05,2,1.000e-04,395,-0.931402,0.803589,0.001011,-0.002484
tent,K,3,5,0.05,2,1.000e-04,396,-0.927557,0.806091,-0.009028,-0.000894
tent,K,3,5,0.05,2,1.000e-04,397,-0.934651,0.802124,0.006605,-0.001025
tent,K,3,5,0.05,2,1.000e-04,398,-0.930262,0.807678,0.000975,0.000249
tent,K,3,5,0.05,2,1.000e-04,399,-0.925099,0.808594,-0.008873,-0.011714
tent,K,3,5,0.05,2,1.000e-04,400,-0.928486,0.808838,0.003721,-0.010510
tent,K,3,5,0.05,2,1.000e-03,1,-7.001210,0.000000,0.999997,0.999997
tent,K,3,5,0.05,2,1.000e-03,2,-6.528080,0.000366,0.997607,0.999495
tent,K,3,5,0.05,2,1.000e-03,3,-5.840204,0.000732,0.998052,0.996087
tent,K,3,5,0.05,2,1.000e-03,4,-5.188766,0.001526,0.994216,0.995653
tent,K,3,5,0.05,2,1.000e-03,5,-4.541281,0.003174,0.988055,0.988445
tent,K,3,5,0.05,2,1.000e-03,6,-3.896361,0.005615,0.979781,0.981678
tent,K,3,5,0.05,2,1.000e-03,7,-3.261510,0.007996,0.966759,0.971540
tent,K,3,5,0.05,2,1.000e-03,8,-2.649417,0.010498,0.951712,0.943600
tent,K,3,5,0.05,2,1.000e-03,9,-2.062007,0.104431,0.877089,0.872774
tent,K,3,5,0.05,2,1.000e-03,10,-1.529709,0.475037,0.679863,0.655379
tent,K,3,5,0.05,2,1.000e-03,11,-1.107377,0.726746,0.263397,0.221312
tent,K,3,5,0.05,2,1.000e-03,12,-0.930976,0.802734,-0.010428,-0.019435
tent,K,3,5,0.05,2,1.000e-03,13,-0.933517,0.804016,-0.023190,-0.009882
tent,K,3,5,0.05,2,1.000e-03,14,-0.945602,0.794067,0.015720,0.004252
tent,K,3,5,0.05,2,1.000e-03,15,-0.932885,0.807861,-0.001364,-0.005390
tent,K,3,5,0.05,2,1.000e-03,16,-0.929450,0.807617,-0.003864,-0.009731
tent,K,3,5,0.05,2,1.000e-03,17,-0.937658,0.806335,0.015448,-0.011799
tent,K,3,5,0.05,2,1.000e-03,18,-0.942398,0.798767,0.007755,0.003421
tent,K,3,5,0.05,2,1.000e-03,19,-0.943057,0.800415,0.013161,0.005086
tent,K,3,5,0.05,2,1.000e-03,20,-0.941838,0.802185,0.009109,0.009242
tent,K,3,5,0.05,2,1.000e-03,21,-0.940457,0.799133,-0.001079,0.000017
tent,K,3,5,0.05,2,1.000e-03,22,-0.941447,0.795044,0.011347,0.001193
tent,K,3,5,0.05,2,1.000e-03,23,-0.942487,0.801514,0.008397,0.004387
tent,K,3,5,0.05,2,1.000e-03,24,-0.932245,0.804993,0.005739,-0.001511
tent,K,3,5,0.05,2,1.000e-03,25,-0.935122,0.803406,-0.009408,0.000592
tent,K,3,5,0.05,2,1.000e-03,26,-0.933913,0.803833,-0.003435,0.005479
tent,K,3,5,0.05,2,1.000e-03,27,-0.933359,0.805176,-0.008253,-0.008508
tent,K,3,5,0.05,2,1.000e-03,28,-0.935222,0.804138,-0.008218,0.004797
tent,K,3,5,0.05,2,1.000e-03,29,-0.930945,0.806458,-0.013107,-0.005907
tent,K,3,5,0.05,2,1.000e-03,30,-0.943072,0.795166,-0.007423,0.004189
tent,K,3,5,0.05,2,1.000e-03,31,-0.939539,0.802429,0.001586,0.005355
tent,K,3,5,0.05,2,1.000e-03,32,-0.929319,0.801514,-0.012277,0.003417
tent,K,3,5,0.05,2,1.000e-03,33,-0.929006,0.806824,-0.010520,0.000032
tent,K,3,5,0.05,2,1.000e-03,34,-0.934179,0.805786,0.004118,-0.013253
tent,K,3,5,0.05,2,1.000e-03,35,-0.929948,0.803955,-0.009629,-0.014465
tent,K,3,5,0.05,2,1.000e-03,36,-0.943295,0.796875,-0.000096,-0.000279
tent,K,3,5,0.05,2,1.000e-03,37,-0.941764,0.799561,0.007794,-0.005429
tent,K,3,5,0.05,2,1.000e-03,38,-0.943332,0.800598,0.009362,0.009529
tent,K,3,5,0.05,2,1.000e-03,39,-0.937897,0.802490,0.002752,-0.012755
tent,K,3,5,0.05,2,1.000e-03,40,-0.937198,0.800476,-0.001527,0.007893
tent,K,3,5,0.05,2,1.000e-03,41,-0.933482,0.802917,-0.006445,0.007646
tent,K,3,5,0.05,2,1.000e-03,42,-0.942328,0.801514,0.020205,0.019096
tent,K,3,5,0.05,2,1.000e-03,43,-0.937160,0.802429,-0.003560,0.002677
tent,K,3,5,0.05,2,1.000e-03,44,-0.935981,0.800781,0.001611,-0.002519
tent,K,3,5,0.05,2,1.000e-03,45,-0.933544,0.802979,-0.007126,-0.001510
tent,K,3,5,0.05,2,1.000e-03,46,-0.935998,0.805420,0.004912,0.010242
tent,K,3,5,0.05,2,1.000e-03,47,-0.931283,0.804321,-0.011820,0.006891
tent,K,3,5,0.05,2,1.000e-03,48,-0.934363,0.803467,-0.010549,-0.001342
tent,K,3,5,0.05,2,1.000e-03,49,-0.933089,0.804382,0.000374,-0.001505
tent,K,3,5,0.05,2,1.000e-03,50,-0.928564,0.804077,-0.023775,0.007383
tent,K,3,5,0.05,2,1.000e-03,51,-0.923092,0.811157,-0.000813,-0.004551
tent,K,3,5,0.05,2,1.000e-03,52,-0.929599,0.808472,-0.015464,-0.002467
tent,K,3,5,0.05,2,1.000e-03,53,-0.936870,0.803162,0.003487,-0.004409
tent,K,3,5,0.05,2,1.000e-03,54,-0.944352,0.796936,0.003108,-0.002099
tent,K,3,5,0.05,2,1.000e-03,55,-0.944985,0.799194,0.016335,-0.000797
tent,K,3,5,0.05,2,1.000e-03,56,-0.939491,0.802551,0.003792,-0.009880
tent,K,3,5,0.05,2,1.000e-03,57,-0.933539,0.804077,-0.005667,0.006330
tent,K,3,5,0.05,2,1.000e-03,58,-0.942648,0.798889,0.013546,-0.000628
tent,K,3,5,0.05,2,1.000e-03,59,-0.939257,0.799988,0.001337,0.001430
tent,K,3,5,0.05,2,1.000e-03,60,-0.946406,0.796570,0.016321,-0.005446
tent,K,3,5,0.05,2,1.000e-03,61,-0.935656,0.803772,0.002875,0.007994
tent,K,3,5,0.05,2,1.000e-03,62,-0.933324,0.800537,0.001398,-0.003667
tent,K,3,5,0.05,2,1.000e-03,63,-0.934895,0.804382,0.002296,0.003857
tent,K,3,5,0.05,2,1.000e-03,64,-0.928084,0.805054,-0.011459,-0.004356
tent,K,3,5,0.05,2,1.000e-03,65,-0.933597,0.802368,0.002003,-0.005510
tent,K,3,5,0.05,2,1.000e-03,66,-0.939918,0.802917,0.011844,0.008408
tent,K,3,5,0.05,2,1.000e-03,67,-0.933322,0.806580,0.004135,-0.008993
tent,K,3,5,0.05,2,1.000e-03,68,-0.925295,0.809448,-0.013971,-0.008923
tent,K,3,5,0.05,2,1.000e-03,69,-0.931159,0.807190,-0.012741,-0.005319
tent,K,3,5,0.05,2,1.000e-03,70,-0.940888,0.800720,0.016777,-0.014574
tent,K,3,5,0.05,2,1.000e-03,71,-0.946278,0.800659,0.008415,0.009726
tent,K,3,5,0.05,2,1.000e-03,72,-0.933156,0.805908,-0.020383,0.013659
tent,K,3,5,0.05,2,1.000e-03,73,-0.935194,0.802917,0.003282,-0.006521
tent,K,3,5,0.05,2,1.000e-03,74,-0.944140,0.797424,-0.007070,0.011040
tent,K,3,5,0.05,2,1.000e-03,75,-0.947193,0.798584,-0.001287,0.009684
tent,K,3,5,0.05,2,1.000e-03,76,-0.939480,0.800781,0.003414,-0.003373
tent,K,3,5,0.05,2,1.000e-03,77,-0.941306,0.800598,0.011572,0.009918
tent,K,3,5,0.05,2,1.000e-03,78,-0.943920,0.800415,0.017835,0.006424
tent,K,3,5,0.05,2,1.000e-03,79,-0.938204,0.799072,0.003000,0.005226
tent,K,3,5,0.05,2,1.000e-03,80,-0.936418,0.805115,0.007625,-0.005248
tent,K,3,5,0.05,2,1.000e-03,81,-0.931133,0.810913,-0.004162,0.002782
tent,K,3,5,0.05,2,1.000e-03,82,-0.938461,0.801086,-0.005551,0.002099
tent,K,3,5,0.05,2,1.000e-03,83,-0.944266,0.798889,0.016560,-0.001245
tent,K,3,5,0.05,2,1.000e-03,84,-0.939960,0.802979,0.010553,0.006659
tent,K,3,5,0.05,2,1.000e-03,85,-0.929644,0.804993,-0.001512,-0.001105
tent,K,3,5,0.05,2,1.000e-03,86,-0.937165,0.803101,-0.004200,0.003829
tent,K,3,5,0.05,2,1.000e-03,87,-0.937827,0.801270,-0.013165,0.018434
tent,K,3,5,0.05,2,1.000e-03,88,-0.939423,0.799927,-0.008009,0.015111
tent,K,3,5,0.05,2,1.000e-03,89,-0.945396,0.794739,0.003688,0.018492
tent,K,3,5,0.05,2,1.000e-03,90,-0.938036,0.802979,0.007708,-0.004109
tent,K,3,5,0.05,2,1.000e-03,91,-0.934309,0.803772,0.004380,-0.008281
tent,K,3,5,0.05,2,1.000e-03,92,-0.933280,0.799988,-0.003320,-0.009622
tent,K,3,5,0.05,2,1.000e-03,93,-0.931023,0.801758,-0.000748,-0.001781
tent,K,3,5,0.05,2,1.000e-03,94,-0.932733,0.804810,0.001658,0.005103
tent,K,3,5,0.05,2,1.000e-03,95,-0.932128,0.804016,-0.005372,-0.001976
tent,K,3,5,0.05,2,1.000e-03,96,-0.941039,0.798096,-0.002074,-0.000066
tent,K,3,5,0.05,2,1.000e-03,97,-0.943493,0.801331,0.024074,-0.003822
tent,K,3,5,0.05,2,1.000e-03,98,-0.928429,0.802979,0.000890,-0.017782
tent,K,3,5,0.05,2,1.000e-03,99,-0.940501,0.797668,-0.009149,0.000902
tent,K,3,5,0.05,2,1.000e-03,100,-0.942021,0.802063,0.007396,-0.000362
tent,K,3,5,0.05,2,1.000e-03,101,-0.941718,0.797180,0.005273,0.009783
tent,K,3,5,0.05,2,1.000e-03,102,-0.936372,0.801392,0.010652,0.002365
tent,K,3,5,0.05,2,1.000e-03,103,-0.935737,0.799194,0.006405,-0.008461
tent,K,3,5,0.05,2,1.000e-03,104,-0.934051,0.802307,-0.013045,-0.002389
tent,K,3,5,0.05,2,1.000e-03,105,-0.939276,0.799561,0.010444,-0.007128
tent,K,3,5,0.05,2,1.000e-03,106,-0.938447,0.802734,0.013969,-0.001543
tent,K,3,5,0.05,2,1.000e-03,107,-0.935229,0.805298,-0.007526,-0.002745
tent,K,3,5,0.05,2,1.000e-03,108,-0.941930,0.799194,-0.000316,0.005468
tent,K,3,5,0.05,2,1.000e-03,109,-0.938369,0.801086,0.004248,0.000918
tent,K,3,5,0.05,2,1.000e-03,110,-0.934008,0.803101,0.001812,0.008422
tent,K,3,5,0.05,2,1.000e-03,111,-0.929340,0.806091,-0.012355,0.010650
tent,K,3,5,0.05,2,1.000e-03,112,-0.937962,0.803284,-0.000546,0.002557
tent,K,3,5,0.05,2,1.000e-03,113,-0.939856,0.804077,-0.005705,0.003579
tent,K,3,5,0.05,2,1.000e-03,114,-0.940755,0.799377,-0.002321,0.006257
tent,K,3,5,0.05,2,1.000e-03,115,-0.928431,0.810120,-0.012734,0.005074
tent,K,3,5,0.05,2,1.000e-03,116,-0.933217,0.801514,-0.010954,-0.011480
tent,K,3,5,0.05,2,1.000e-03,117,-0.935330,0.804871,-0.000550,-0.001263
tent,K,3,5,0.05,2,1.000e-03,118,-0.935158,0.803284,0.009890,-0.002303
tent,K,3,5,0.05,2,1.000e-03,119,-0.928680,0.808594,0.003974,-0.009732
tent,K,3,5,0.05,2,1.000e-03,120,-0.932430,0.804749,-0.004047,0.000897
tent,K,3,5,0.05,2,1.000e-03,121,-0.941083,0.800781,-0.001239,0.010765
tent,K,3,5,0.05,2,1.000e-03,122,-0.936000,0.804260,0.012662,-0.008797
tent,K,3,5,0.05,2,1.000e-03,123,-0.934255,0.804077,-0.012893,-0.006214
tent,K,3,5,0.05,2,1.000e-03,124,-0.934239,0.799744,-0.010433,-0.003593
tent,K,3,5,0.05,2,1.000e-03,125,-0.934858,0.799316,-0.006411,0.015636
tent,K,3,5,0.05,2,1.000e-03,126,-0.925434,0.807007,-0.013404,-0.005145
tent,K,3,5,0.05,2,1.000e-03,127,-0.933252,0.802612,-0.005145,0.002449
tent,K,3,5,0.05,2,1.000e-03,128,-0.929761,0.804260,-0.009243,0.000343
tent,K,3,5,0.05,2,1.000e-03,129,-0.936878,0.802429,-0.001014,-0.003319
tent,K,3,5,0.05,2,1.000e-03,130,-0.940098,0.802551,0.004358,0.001470
tent,K,3,5,0.05,2,1.000e-03,131,-0.937365,0.801270,-0.002745,0.003042
tent,K,3,5,0.05,2,1.000e-03,132,-0.925607,0.806458,-0.020152,-0.002334
tent,K,3,5,0.05,2,1.000e-03,133,-0.927560,0.807983,-0.005449,-0.011518
tent,K,3,5,0.05,2,1.000e-03,134,-0.939313,0.803833,-0.017794,0.014138
tent,K,3,5,0.05,2,1.000e-03,135,-0.938944,0.799561,-0.004832,0.012793
tent,K,3,5,0.05,2,1.000e-03,136,-0.927680,0.810791,-0.007965,-0.012525
tent,K,3,5,0.05,2,1.000e-03,137,-0.936640,0.800964,-0.009718,0.011784
tent,K,3,5,0.05,2,1.000e-03,138,-0.932066,0.803650,-0.001080,-0.007768
tent,K,3,5,0.05,2,1.000e-03,139,-0.927246,0.809387,-0.003251,0.006904
tent,K,3,5,0.05,2,1.000e-03,140,-0.926680,0.805603,-0.010607,-0.017763
tent,K,3,5,0.05,2,1.000e-03,141,-0.938058,0.800903,0.005085,-0.000766
tent,K,3,5,0.05,2,1.000e-03,142,-0.936761,0.804077,0.003852,-0.003141
tent,K,3,5,0.05,2,1.000e-03,143,-0.940205,0.801331,0.003393,0.008844
tent,K,3,5,0.05,2,1.000e-03,144,-0.941221,0.797119,-0.004025,0.007898
tent,K,3,5,0.05,2,1.000e-03,145,-0.941800,0.799194,-0.007520,0.008944
tent,K,3,5,0.05,2,1.000e-03,146,-0.937606,0.799805,0.007969,0.005814
tent,K,3,5,0.05,2,1.000e-03,147,-0.940538,0.801331,0.007950,0.006973
tent,K,3,5,0.05,2,1.000e-03,148,-0.930455,0.802429,-0.009080,-0.005237
tent,K,3,5,0.05,2,1.000e-03,149,-0.923965,0.806885,-0.009558,-0.017100
tent,K,3,5,0.05,2,1.000e-03,150,-0.926150,0.806824,-0.007647,-0.006142
tent,K,3,5,0.05,2,1.000e-03,151,-0.929512,0.803467,-0.011991,0.005658
tent,K,3,5,0.05,2,1.000e-03,152,-0.934161,0.803162,-0.021262,0.005560
tent,K,3,5,0.05,2,1.000e-03,153,-0.937654,0.799683,0.001387,0.003650
tent,K,3,5,0.05,2,1.000e-03,154,-0.930654,0.803589,-0.006412,0.003327
tent,K,3,5,0.05,2,1.000e-03,155,-0.934324,0.802734,-0.007524,-0.002344
tent,K,3,5,0.05,2,1.000e-03,156,-0.939108,0.800659,0.000922,0.008466
tent,K,3,5,0.05,2,1.000e-03,157,-0.928671,0.804382,0.008660,-0.002448
tent,K,3,5,0.05,2,1.000e-03,158,-0.935919,0.802917,-0.006428,-0.000180
tent,K,3,5,0.05,2,1.000e-03,159,-0.939007,0.797852,-0.006383,-0.001028
tent,K,3,5,0.05,2,1.000e-03,160,-0.940882,0.798523,-0.005650,0.003672
tent,K,3,5,0.05,2,1.000e-03,161,-0.940938,0.800171,0.009153,0.015199
tent,K,3,5,0.05,2,1.000e-03,162,-0.928308,0.807251,-0.013391,-0.002316
tent,K,3,5,0.05,2,1.000e-03,163,-0.932258,0.804138,-0.006278,-0.000983
tent,K,3,5,0.05,2,1.000e-03,164,-0.931911,0.805237,0.004377,-0.010126
tent,K,3,5,0.05,2,1.000e-03,165,-0.923327,0.809021,-0.002906,-0.006135
tent,K,3,5,0.05,2,1.000e-03,166,-0.930258,0.805542,0.000232,-0.002105
tent,K,3,5,0.05,2,1.000e-03,167,-0.927201,0.809082,-0.008204,-0.008432
tent,K,3,5,0.05,2,1.000e-03,168,-0.933576,0.803162,0.000099,-0.009305
tent,K,3,5,0.05,2,1.000e-03,169,-0.939092,0.800598,0.001594,0.000927
tent,K,3,5,0.05,2,1.000e-03,170,-0.937827,0.800964,0.003988,-0.006529
tent,K,3,5,0.05,2,1.000e-03,171,-0.936811,0.804749,-0.003844,0.000943
tent,K,3,5,0.05,2,1.000e-03,172,-0.936665,0.804077,0.002691,-0.000772
tent,K,3,5,0.05,2,1.000e-03,173,-0.930739,0.806519,-0.004727,-0.003536
tent,K,3,5,0.05,2,1.000e-03,174,-0.934048,0.801086,-0.005060,0.006146
tent,K,3,5,0.05,2,1.000e-03,175,-0.935686,0.803467,-0.003358,-0.005574
tent,K,3,5,0.05,2,1.000e-03,176,-0.938094,0.801025,-0.003033,0.001397
tent,K,3,5,0.05,2,1.000e-03,177,-0.935625,0.804199,0.002608,0.007121
tent,K,3,5,0.05,2,1.000e-03,178,-0.933819,0.801941,-0.000032,-0.008188
tent,K,3,5,0.05,2,1.000e-03,179,-0.942572,0.799866,0.011103,-0.008643
tent,K,3,5,0.05,2,1.000e-03,180,-0.934889,0.803162,0.011432,-0.006896
tent,K,3,5,0.05,2,1.000e-03,181,-0.937707,0.800049,-0.007370,-0.009969
tent,K,3,5,0.05,2,1.000e-03,182,-0.942809,0.796326,0.012800,0.004265
tent,K,3,5,0.05,2,1.000e-03,183,-0.941280,0.798401,0.015427,-0.003909
tent,K,3,5,0.05,2,1.000e-03,184,-0.931949,0.802429,0.005623,-0.009520
tent,K,3,5,0.05,2,1.000e-03,185,-0.926264,0.808899,0.000122,-0.012752
tent,K,3,5,0.05,2,1.000e-03,186,-0.930088,0.803284,-0.009806,0.002252
tent,K,3,5,0.05,2,1.000e-03,187,-0.933158,0.804260,0.005379,-0.002424
tent,K,3,5,0.05,2,1.000e-03,188,-0.935751,0.801941,0.000405,-0.006101
tent,K,3,5,0.05,2,1.000e-03,189,-0.937635,0.804199,0.003660,0.008560
tent,K,3,5,0.05,2,1.000e-03,190,-0.936321,0.801514,-0.007639,0.009491
tent,K,3,5,0.05,2,1.000e-03,191,-0.935428,0.803467,0.017082,-0.017407
tent,K,3,5,0.05,2,1.000e-03,192,-0.934990,0.800537,-0.002114,-0.002221
tent,K,3,5,0.05,2,1.000e-03,193,-0.940936,0.797546,0.006908,0.001739
tent,K,3,5,0.05,2,1.000e-03,194,-0.945569,0.794678,0.012494,-0.003035
tent,K,3,5,0.05,2,1.000e-03,195,-0.940956,0.807068,0.006709,0.003070
tent,K,3,5,0.05,2,1.000e-03,196,-0.938970,0.798096,-0.008091,0.011949
tent,K,3,5,0.05,2,1.000e-03,197,-0.931465,0.805908,-0.015352,-0.002370
tent,K,3,5,0.05,2,1.000e-03,198,-0.934931,0.800964,-0.005226,0.008579
tent,K,3,5,0.05,2,1.000e-03,199,-0.926994,0.806396,-0.010343,-0.002547
tent,K,3,5,0.05,2,1.000e-03,200,-0.933249,0.804016,0.002881,-0.005721
tent,K,3,5,0.05,2,1.000e-03,201,-0.926864,0.805359,-0.009227,-0.009724
tent,K,3,5,0.05,2,1.000e-03,202,-0.938291,0.799255,-0.003065,-0.004457
tent,K,3,5,0.05,2,1.000e-03,203,-0.935044,0.808533,-0.014031,0.008041
tent,K,3,5,0.05,2,1.000e-03,204,-0.939109,0.798828,-0.000845,0.003708
tent,K,3,5,0.05,2,1.000e-03,205,-0.941213,0.801514,-0.005816,0.007421
tent,K,3,5,0.05,2,1.000e-03,206,-0.940255,0.798462,0.010640,-0.005821
tent,K,3,5,0.05,2,1.000e-03,207,-0.938118,0.802795,-0.017491,0.012158
tent,K,3,5,0.05,2,1.000e-03,208,-0.942304,0.797791,0.005947,0.009188
tent,K,3,5,0.05,2,1.000e-03,209,-0.938390,0.800476,0.005343,-0.002219
tent,K,3,5,0.05,2,1.000e-03,210,-0.937958,0.798645,0.002421,-0.018119
tent,K,3,5,0.05,2,1.000e-03,211,-0.939230,0.799377,-0.000558,0.001056
tent,K,3,5,0.05,2,1.000e-03,212,-0.945396,0.797424,0.013641,-0.001295
tent,K,3,5,0.05,2,1.000e-03,213,-0.941181,0.798950,0.009872,0.002847
tent,K,3,5,0.05,2,1.000e-03,214,-0.942463,0.801880,0.022163,0.003271
tent,K,3,5,0.05,2,1.000e-03,215,-0.933105,0.803711,-0.008431,-0.015592
tent,K,3,5,0.05,2,1.000e-03,216,-0.938505,0.800415,0.005725,-0.005529
tent,K,3,5,0.05,2,1.000e-03,217,-0.938904,0.801575,0.004885,0.008193
tent,K,3,5,0.05,2,1.000e-03,218,-0.942723,0.798706,-0.001617,0.020530
tent,K,3,5,0.05,2,1.000e-03,219,-0.945785,0.797668,0.007342,0.010528
tent,K,3,5,0.05,2,1.000e-03,220,-0.933383,0.803711,-0.004647,-0.007076
tent,K,3,5,0.05,2,1.000e-03,221,-0.930072,0.805786,0.002730,-0.021188
tent,K,3,5,0.05,2,1.000e-03,222,-0.939962,0.802429,0.001286,0.004541
tent,K,3,5,0.05,2,1.000e-03,223,-0.934140,0.803101,-0.003172,-0.001282
tent,K,3,5,0.05,2,1.000e-03,224,-0.931681,0.805603,-0.007732,-0.001918
tent,K,3,5,0.05,2,1.000e-03,225,-0.936375,0.802002,-0.008404,0.003905
tent,K,3,5,0.05,2,1.000e-03,226,-0.938051,0.800659,0.006706,-0.003267
tent,K,3,5,0.05,2,1.000e-03,227,-0.940522,0.799744,0.007293,-0.006034
tent,K,3,5,0.05,2,1.000e-03,228,-0.940639,0.800781,0.000989,0.013670
tent,K,3,5,0.05,2,1.000e-03,229,-0.941587,0.797668,0.001336,0.005494
tent,K,3,5,0.05,2,1.000e-03,230,-0.941943,0.803223,0.004376,0.004495
tent,K,3,5,0.05,2,1.000e-03,231,-0.935352,0.801270,0.009126,-0.004295
tent,K,3,5,0.05,2,1.000e-03,232,-0.936009,0.806824,0.004366,-0.006609
tent,K,3,5,0.05,2,1.000e-03,233,-0.932215,0.804260,0.007365,0.001632
tent,K,3,5,0.05,2,1.000e-03,234,-0.923637,0.809082,-0.009102,-0.018345
tent,K,3,5,0.05,2,1.000e-03,235,-0.930778,0.803528,-0.006341,-0.002938
tent,K,3,5,0.05,2,1.000e-03,236,-0.934184,0.805115,0.001427,-0.000145
tent,K,3,5,0.05,2,1.000e-03,237,-0.937699,0.802673,0.003117,-0.014692
tent,K,3,5,0.05,2,1.000e-03,238,-0.942524,0.799500,0.007332,-0.002473
tent,K,3,5,0.05,2,1.000e-03,239,-0.944696,0.798462,0.007789,0.008225
tent,K,3,5,0.05,2,1.000e-03,240,-0.937407,0.799255,0.001280,0.006637
tent,K,3,5,0.05,2,1.000e-03,241,-0.932308,0.807007,0.006846,0.009612
tent,K,3,5,0.05,2,1.000e-03,242,-0.933168,0.805908,-0.009361,0.005480
tent,K,3,5,0.05,2,1.000e-03,243,-0.929322,0.807068,-0.004873,0.000439
tent,K,3,5,0.05,2,1.000e-03,244,-0.937602,0.800903,-0.002027,0.005766
tent,K,3,5,0.05,2,1.000e-03,245,-0.935696,0.801025,-0.000198,0.008437
tent,K,3,5,0.05,2,1.000e-03,246,-0.936438,0.804260,0.014796,-0.005964
tent,K,3,5,0.05,2,1.000e-03,247,-0.941762,0.800903,0.008691,0.000175
tent,K,3,5,0.05,2,1.000e-03,248,-0.932678,0.806396,0.008262,-0.011365
tent,K,3,5,0.05,2,1.000e-03,249,-0.931265,0.804443,0.000822,-0.008597
tent,K,3,5,0.05,2,1.000e-03,250,-0.930958,0.804321,-0.002018,-0.001006
tent,K,3,5,0.05,2,1.000e-03,251,-0.931276,0.805481,-0.006581,0.000561
tent,K,3,5,0.05,2,1.000e-03,252,-0.926480,0.804382,-0.007526,-0.012492
tent,K,3,5,0.05,2,1.000e-03,253,-0.937471,0.800293,-0.007813,0.007775
tent,K,3,5,0.05,2,1.000e-03,254,-0.927026,0.810120,-0.014059,0.003754
tent,K,3,5,0.05,2,1.000e-03,255,-0.922059,0.808228,-0.022186,-0.007887
tent,K,3,5,0.05,2,1.000e-03,256,-0.926366,0.807861,-0.011942,-0.010623
tent,K,3,5,0.05,2,1.000e-03,257,-0.934262,0.802551,-0.001208,-0.009005
tent,K,3,5,0.05,2,1.000e-03,258,-0.935982,0.801392,0.001736,-0.001083
tent,K,3,5,0.05,2,1.000e-03,259,-0.931378,0.802612,-0.015552,0.011259
tent,K,3,5,0.05,2,1.000e-03,260,-0.942210,0.798157,0.013151,0.003363
tent,K,3,5,0.05,2,1.000e-03,261,-0.932335,0.806885,-0.002279,0.001582
tent,K,3,5,0.05,2,1.000e-03,262,-0.931488,0.809570,-0.007556,-0.007064
tent,K,3,5,0.05,2,1.000e-03,263,-0.930990,0.806030,0.004709,-0.025683
tent,K,3,5,0.05,2,1.000e-03,264,-0.930785,0.803101,-0.000576,-0.013617
tent,K,3,5,0.05,2,1.000e-03,265,-0.933673,0.802673,0.000298,0.002432
tent,K,3,5,0.05,2,1.000e-03,266,-0.932367,0.801147,0.008076,-0.014681
tent,K,3,5,0.05,2,1.000e-03,267,-0.935718,0.802734,-0.006879,0.006334
tent,K,3,5,0.05,2,1.000e-03,268,-0.935450,0.804932,-0.008310,-0.002624
tent,K,3,5,0.05,2,1.000e-03,269,-0.939531,0.801392,0.006470,-0.002595
tent,K,3,5,0.05,2,1.000e-03,270,-0.937059,0.802856,0.007257,-0.004776
tent,K,3,5,0.05,2,1.000e-03,271,-0.929265,0.807190,-0.004954,-0.002167
tent,K,3,5,0.05,2,1.000e-03,272,-0.934586,0.801758,-0.006854,0.001092
tent,K,3,5,0.05,2,1.000e-03,273,-0.936670,0.802368,0.000695,0.008853
tent,K,3,5,0.05,2,1.000e-03,274,-0.934624,0.804199,-0.008765,0.005424
tent,K,3,5,0.05,2,1.000e-03,275,-0.937865,0.803040,-0.000367,-0.011164
tent,K,3,5,0.05,2,1.000e-03,276,-0.939749,0.800415,0.001883,0.005266
tent,K,3,5,0.05,2,1.000e-03,277,-0.930325,0.803101,-0.009733,0.003579
tent,K,3,5,0.05,2,1.000e-03,278,-0.936784,0.806274,-0.004962,0.004848
tent,K,3,5,0.05,2,1.000e-03,279,-0.936441,0.801697,-0.002394,0.002105
tent,K,3,5,0.05,2,1.000e-03,280,-0.935104,0.804565,-0.001487,0.003456
tent,K,3,5,0.05,2,1.000e-03,281,-0.935489,0.801147,-0.006217,0.007887
tent,K,3,5,0.05,2,1.000e-03,282,-0.940931,0.796631,0.000067,0.013346
tent,K,3,5,0.05,2,1.000e-03,283,-0.940942,0.802002,0.005218,0.004202
tent,K,3,5,0.05,2,1.000e-03,284,-0.934730,0.800903,0.004600,0.000337
tent,K,3,5,0.05,2,1.000e-03,285,-0.934712,0.803589,0.001577,-0.004689
tent,K,3,5,0.05,2,1.000e-03,286,-0.931147,0.803894,-0.010094,-0.004171
tent,K,3,5,0.05,2,1.000e-03,287,-0.932702,0.802734,-0.000282,-0.009340
tent,K,3,5,0.05,2,1.000e-03,288,-0.931519,0.805725,-0.004158,-0.008360
tent,K,3,5,0.05,2,1.000e-03,289,-0.938180,0.802063,0.016191,-0.011527
tent,K,3,5,0.05,2,1.000e-03,290,-0.939392,0.802002,-0.010248,-0.003102
tent,K,3,5,0.05,2,1.000e-03,291,-0.940112,0.795593,-0.004925,-0.001446
tent,K,3,5,0.05,2,1.000e-03,292,-0.938803,0.803528,0.012024,0.017148
tent,K,3,5,0.05,2,1.000e-03,293,-0.931533,0.807129,0.000755,-0.003529
tent,K,3,5,0.05,2,1.000e-03,294,-0.931102,0.805786,-0.004358,-0.010378
tent,K,3,5,0.05,2,1.000e-03,295,-0.929645,0.802979,-0.009914,-0.010271
tent,K,3,5,0.05,2,1.000e-03,296,-0.934841,0.802856,-0.001365,0.004685
tent,K,3,5,0.05,2,1.000e-03,297,-0.938214,0.802429,0.003072,0.000452
tent,K,3,5,0.05,2,1.000e-03,298,-0.937513,0.803223,-0.003461,0.008793
tent,K,3,5,0.05,2,1.000e-03,299,-0.933848,0.802002,-0.001986,-0.003556
tent,K,3,5,0.05,2,1.000e-03,300,-0.933531,0.802856,-0.002659,-0.004276
tent,K,3,5,0.05,2,1.000e-03,301,-0.936615,0.804993,0.002175,0.006108
tent,K,3,5,0.05,2,1.000e-03,302,-0.931500,0.801758,-0.013204,0.003861
tent,K,3,5,0.05,2,1.000e-03,303,-0.935240,0.800354,-0.005722,0.004529
tent,K,3,5,0.05,2,1.000e-03,304,-0.943156,0.797302,0.010303,0.009040
tent,K,3,5,0.05,2,1.000e-03,305,-0.936403,0.805298,0.005564,-0.005539
tent,K,3,5,0.05,2,1.000e-03,306,-0.934845,0.800720,0.000452,-0.001790
tent,K,3,5,0.05,2,1.000e-03,307,-0.939881,0.801941,0.002946,0.005135
tent,K,3,5,0.05,2,1.000e-03,308,-0.947488,0.796753,0.001508,0.006707
tent,K,3,5,0.05,2,1.000e-03,309,-0.947467,0.800598,0.010460,0.004697
tent,K,3,5,0.05,2,1.000e-03,310,-0.940308,0.797974,0.008277,0.000887
tent,K,3,5,0.05,2,1.000e-03,311,-0.938902,0.799561,-0.002555,0.007021
tent,K,3,5,0.05,2,1.000e-03,312,-0.941224,0.802673,0.010268,0.006794
tent,K,3,5,0.05,2,1.000e-03,313,-0.936671,0.804504,-0.004385,0.005459
tent,K,3,5,0.05,2,1.000e-03,314,-0.937447,0.800964,0.008524,-0.007834
tent,K,3,5,0.05,2,1.000e-03,315,-0.938051,0.801392,0.000132,-0.000743
tent,K,3,5,0.05,2,1.000e-03,316,-0.938137,0.799500,-0.003810,0.000427
tent,K,3,5,0.05,2,1.000e-03,317,-0.933044,0.802246,-0.000638,0.005011
tent,K,3,5,0.05,2,1.000e-03,318,-0.934688,0.803772,0.002795,-0.003188
tent,K,3,5,0.05,2,1.000e-03,319,-0.939093,0.800415,-0.002867,-0.000115
tent,K,3,5,0.05,2,1.000e-03,320,-0.937924,0.804626,-0.009138,0.012542
tent,K,3,5,0.05,2,1.000e-03,321,-0.938649,0.806213,-0.007869,0.007880
tent,K,3,5,0.05,2,1.000e-03,322,-0.933809,0.802734,-0.007195,-0.007380
tent,K,3,5,0.05,2,1.000e-03,323,-0.938258,0.803406,0.000913,0.004602
tent,K,3,5,0.05,2,1.000e-03,324,-0.936358,0.799805,0.001670,0.009494
tent,K,3,5,0.05,2,1.000e-03,325,-0.935783,0.805786,0.001802,0.002120
tent,K,3,5,0.05,2,1.000e-03,326,-0.940831,0.796936,0.002553,-0.000263
tent,K,3,5,0.05,2,1.000e-03,327,-0.938243,0.797241,-0.001154,0.006608
tent,K,3,5,0.05,2,1.000e-03,328,-0.938939,0.799805,0.003740,0.000674
tent,K,3,5,0.05,2,1.000e-03,329,-0.939122,0.801331,0.002501,0.001959
tent,K,3,5,0.05,2,1.000e-03,330,-0.940078,0.800720,0.007484,0.005928
tent,K,3,5,0.05,2,1.000e-03,331,-0.936088,0.802979,-0.014081,0.004417
tent,K,3,5,0.05,2,1.000e-03,332,-0.937139,0.806519,0.014817,-0.010396
tent,K,3,5,0.05,2,1.000e-03,333,-0.931233,0.800842,-0.003943,-0.017278
tent,K,3,5,0.05,2,1.000e-03,334,-0.936630,0.803345,0.001887,-0.002713
tent,K,3,5,0.05,2,1.000e-03,335,-0.935582,0.804260,0.012255,-0.003195
tent,K,3,5,0.05,2,1.000e-03,336,-0.928730,0.806580,-0.009091,-0.000088
tent,K,3,5,0.05,2,1.000e-03,337,-0.930110,0.803894,-0.004032,-0.007724
tent,K,3,5,0.05,2,1.000e-03,338,-0.934497,0.803894,0.004406,-0.003377
tent,K,3,5,0.05,2,1.000e-03,339,-0.931325,0.801392,0.001366,-0.016618
tent,K,3,5,0.05,2,1.000e-03,340,-0.938847,0.799133,0.000282,0.002127
tent,K,3,5,0.05,2,1.000e-03,341,-0.940709,0.799194,0.009653,0.011363
tent,K,3,5,0.05,2,1.000e-03,342,-0.933649,0.802612,-0.009563,0.001558
tent,K,3,5,0.05,2,1.000e-03,343,-0.943613,0.801758,-0.008916,0.009098
tent,K,3,5,0.05,2,1.000e-03,344,-0.938169,0.800598,0.000042,0.004994
tent,K,3,5,0.05,2,1.000e-03,345,-0.932897,0.801086,-0.008021,0.001603
tent,K,3,5,0.05,2,1.000e-03,346,-0.939304,0.797363,0.001355,-0.004184
tent,K,3,5,0.05,2,1.000e-03,347,-0.935810,0.805603,-0.001420,-0.003085
tent,K,3,5,0.05,2,1.000e-03,348,-0.930809,0.803711,-0.001100,-0.001705
tent,K,3,5,0.05,2,1.000e-03,349,-0.934270,0.803162,-0.007881,0.001569
tent,K,3,5,0.05,2,1.000e-03,350,-0.928729,0.805908,0.003688,-0.008401
tent,K,3,5,0.05,2,1.000e-03,351,-0.926984,0.807556,-0.002569,-0.003048
tent,K,3,5,0.05,2,1.000e-03,352,-0.931544,0.806152,-0.006328,-0.001887
tent,K,3,5,0.05,2,1.000e-03,353,-0.940719,0.798706,0.001398,0.002842
tent,K,3,5,0.05,2,1.000e-03,354,-0.935712,0.802856,-0.006014,0.005762
tent,K,3,5,0.05,2,1.000e-03,355,-0.936593,0.802368,-0.002481,-0.004109
tent,K,3,5,0.05,2,1.000e-03,356,-0.943225,0.798523,0.007681,0.007217
tent,K,3,5,0.05,2,1.000e-03,357,-0.939554,0.799744,-0.002741,-0.003894
tent,K,3,5,0.05,2,1.000e-03,358,-0.939714,0.799561,-0.005387,0.000286
tent,K,3,5,0.05,2,1.000e-03,359,-0.935862,0.804260,0.002247,0.004091
tent,K,3,5,0.05,2,1.000e-03,360,-0.939086,0.799377,-0.001124,0.013328
tent,K,3,5,0.05,2,1.000e-03,361,-0.938399,0.797607,-0.000075,-0.006888
tent,K,3,5,0.05,2,1.000e-03,362,-0.932969,0.804138,0.001845,-0.003870
tent,K,3,5,0.05,2,1.000e-03,363,-0.931469,0.808472,0.000210,0.004608
tent,K,3,5,0.05,2,1.000e-03,364,-0.931100,0.804565,-0.003001,-0.006803
tent,K,3,5,0.05,2,1.000e-03,365,-0.937308,0.799561,0.003468,0.003446
tent,K,3,5,0.05,2,1.000e-03,366,-0.939595,0.803162,0.010750,-0.001216
tent,K,3,5,0.05,2,1.000e-03,367,-0.937137,0.805847,0.000658,0.009181
tent,K,3,5,0.05,2,1.000e-03,368,-0.930700,0.804871,-0.019658,0.010917
tent,K,3,5,0.05,2,1.000e-03,369,-0.936391,0.804626,0.000939,-0.006895
tent,K,3,5,0.05,2,1.000e-03,370,-0.935887,0.806335,-0.000229,0.002435
tent,K,3,5,0.05,2,1.000e-03,371,-0.934532,0.801758,0.007179,-0.008472
tent,K,3,5,0.05,2,1.000e-03,372,-0.940941,0.798340,-0.001129,0.000796
tent,K,3,5,0.05,2,1.000e-03,373,-0.939045,0.799744,0.006594,0.004865
tent,K,3,5,0.05,2,1.000e-03,374,-0.939865,0.800964,0.011545,-0.003056
tent,K,3,5,0.05,2,1.000e-03,375,-0.939731,0.797668,-0.001051,0.000636
tent,K,3,5,0.05,2,1.000e-03,376,-0.933792,0.804565,0.001700,0.007414
tent,K,3,5,0.05,2,1.000e-03,377,-0.935257,0.801331,-0.003862,0.009543
tent,K,3,5,0.05,2,1.000e-03,378,-0.943613,0.800720,0.002899,-0.001329
tent,K,3,5,0.05,2,1.000e-03,379,-0.941791,0.800537,0.005126,0.004208
tent,K,3,5,0.05,2,1.000e-03,380,-0.931973,0.802246,0.002976,-0.004355
tent,K,3,5,0.05,2,1.000e-03,381,-0.934190,0.803345,-0.005391,-0.000942
tent,K,3,5,0.05,2,1.000e-03,382,-0.942437,0.797607,0.001854,-0.001060
tent,K,3,5,0.05,2,1.000e-03,383,-0.938643,0.799744,-0.013267,0.000369
tent,K,3,5,0.05,2,1.000e-03,384,-0.936940,0.803467,-0.000457,-0.000528
tent,K,3,5,0.05,2,1.000e-03,385,-0.935451,0.803406,0.005153,-0.014639
tent,K,3,5,0.05,2,1.000e-03,386,-0.934079,0.802124,0.002199,0.002638
tent,K,3,5,0.05,2,1.000e-03,387,-0.933989,0.801758,-0.005107,-0.005847
tent,K,3,5,0.05,2,1.000e-03,388,-0.934616,0.805298,0.008723,0.006569
tent,K,3,5,0.05,2,1.000e-03,389,-0.936410,0.798523,0.002047,-0.008495
tent,K,3,5,0.05,2,1.000e-03,390,-0.938261,0.805603,0.007119,0.008269
tent,K,3,5,0.05,2,1.000e-03,391,-0.927136,0.806152,-0.014707,-0.014020
tent,K,3,5,0.05,2,1.000e-03,392,-0.936596,0.800110,0.002196,-0.003297
tent,K,3,5,0.05,2,1.000e-03,393,-0.938914,0.802429,0.004877,-0.000979
tent,K,3,5,0.05,2,1.000e-03,394,-0.936484,0.801758,0.006840,-0.005478
tent,K,3,5,0.05,2,1.000e-03,395,-0.931133,0.803711,0.007560,-0.021253
tent,K,3,5,0.05,2,1.000e-03,396,-0.932596,0.799500,-0.009103,-0.013240
tent,K,3,5,0.05,2,1.000e-03,397,-0.935437,0.799988,-0.013278,0.003805
tent,K,3,5,0.05,2,1.000e-03,398,-0.936245,0.800964,-0.007967,0.010762
tent,K,3,5,0.05,2,1.000e-03,399,-0.935133,0.801270,-0.001387,0.002330
tent,K,3,5,0.05,2,1.000e-03,400,-0.934869,0.804382,0.005582,-0.004008
tent,K,3,5,0.05,2,1.000e-02,1,-4.695986,0.000488,0.996879,0.998730
tent,K,3,5,0.05,2,1.000e-02,2,-4.225051,0.003479,0.984167,0.986456
tent,K,3,5,0.05,2,1.000e-02,3,-3.547343,0.004578,0.979879,0.977656
tent,K,3,5,0.05,2,1.000e-02,4,-2.913435,0.008423,0.959825,0.957880
tent,K,3,5,0.05,2,1.000e-02,5,-2.313181,0.020386,0.916132,0.904935
tent,K,3,5,0.05,2,1.000e-02,6,-1.756854,0.297607,0.788906,0.781110
tent,K,3,5,0.05,2,1.000e-02,7,-1.274795,0.643066,0.459826,0.444004
tent,K,3,5,0.05,2,1.000e-02,8,-0.958638,0.795654,0.025448,0.023889
tent,K,3,5,0.05,2,1.000e-02,9,-0.928615,0.805359,-0.043544,-0.030515
tent,K,3,5,0.05,2,1.000e-02,10,-0.948033,0.799438,0.001846,0.019450
tent,K,3,5,0.05,2,1.000e-02,11,-0.939891,0.804138,-0.008864,0.004472
tent,K,3,5,0.05,2,1.000e-02,12,-0.949082,0.797729,0.006153,-0.001121
tent,K,3,5,0.05,2,1.000e-02,13,-0.947722,0.797424,0.001857,-0.006741
tent,K,3,5,0.05,2,1.000e-02,14,-0.955177,0.796143,0.007834,-0.000685
tent,K,3,5,0.05,2,1.000e-02,15,-0.953846,0.796204,0.004555,0.004149
tent,K,3,5,0.05,2,1.000e-02,16,-0.947404,0.797180,0.003802,-0.003494
tent,K,3,5,0.05,2,1.000e-02,17,-0.947542,0.799805,0.009062,0.009342
tent,K,3,5,0.05,2,1.000e-02,18,-0.943031,0.797241,0.001747,-0.002871
tent,K,3,5,0.05,2,1.000e-02,19,-0.947483,0.799805,0.013041,0.008929
tent,K,3,5,0.05,2,1.000e-02,20,-0.941059,0.802124,0.000819,-0.005555
tent,K,3,5,0.05,2,1.000e-02,21,-0.940618,0.800903,-0.010511,-0.007282
tent,K,3,5,0.05,2,1.000e-02,22,-0.945086,0.798889,0.015528,-0.001755
tent,K,3,5,0.05,2,1.000e-02,23,-0.949560,0.799255,0.000089,0.007297
tent,K,3,5,0.05,2,1.000e-02,24,-0.945842,0.797546,0.003794,-0.002439
tent,K,3,5,0.05,2,1.000e-02,25,-0.942392,0.799866,0.003573,-0.008797
tent,K,3,5,0.05,2,1.000e-02,26,-0.946084,0.801147,0.004469,0.004550
tent,K,3,5,0.05,2,1.000e-02,27,-0.946474,0.798401,0.004545,0.002646
tent,K,3,5,0.05,2,1.000e-02,28,-0.944592,0.799316,-0.013671,0.011869
tent,K,3,5,0.05,2,1.000e-02,29,-0.944130,0.803223,-0.003095,0.006061
tent,K,3,5,0.05,2,1.000e-02,30,-0.940364,0.798828,-0.008535,-0.008559
tent,K,3,5,0.05,2,1.000e-02,31,-0.940286,0.801270,-0.005897,-0.003089
tent,K,3,5,0.05,2,1.000e-02,32,-0.938900,0.801453,-0.007308,-0.007574
tent,K,3,5,0.05,2,1.000e-02,33,-0.944103,0.798767,-0.000624,-0.010630
tent,K,3,5,0.05,2,1.000e-02,34,-0.954920,0.791992,-0.000077,0.004406
tent,K,3,5,0.05,2,1.000e-02,35,-0.948919,0.798645,0.009827,-0.001738
tent,K,3,5,0.05,2,1.000e-02,36,-0.951307,0.797791,0.003301,0.007395
tent,K,3,5,0.05,2,1.000e-02,37,-0.948661,0.796936,0.007634,-0.000511
tent,K,3,5,0.05,2,1.000e-02,38,-0.944448,0.802063,-0.001380,-0.006595
tent,K,3,5,0.05,2,1.000e-02,39,-0.945209,0.801880,0.009070,-0.005125
tent,K,3,5,0.05,2,1.000e-02,40,-0.941537,0.799255,-0.010031,0.002701
tent,K,3,5,0.05,2,1.000e-02,41,-0.943501,0.801941,0.004833,-0.003836
tent,K,3,5,0.05,2,1.000e-02,42,-0.936340,0.804443,-0.012348,-0.010277
tent,K,3,5,0.05,2,1.000e-02,43,-0.945359,0.798889,0.005114,0.001731
tent,K,3,5,0.05,2,1.000e-02,44,-0.933376,0.804626,-0.006937,-0.002508
tent,K,3,5,0.05,2,1.000e-02,45,-0.938647,0.800354,0.001033,0.001678
tent,K,3,5,0.05,2,1.000e-02,46,-0.934549,0.801941,-0.006384,-0.012064
tent,K,3,5,0.05,2,1.000e-02,47,-0.932628,0.806274,-0.013111,-0.002743
tent,K,3,5,0.05,2,1.000e-02,48,-0.939244,0.804810,-0.003191,-0.010264
tent,K,3,5,0.05,2,1.000e-02,49,-0.947141,0.797058,-0.001546,-0.001558
tent,K,3,5,0.05,2,1.000e-02,50,-0.942112,0.801697,0.001044,0.008180
tent,K,3,5,0.05,2,1.000e-02,51,-0.943851,0.799622,0.001006,0.001499
tent,K,3,5,0.05,2,1.000e-02,52,-0.947121,0.799622,0.006639,0.008287
tent,K,3,5,0.05,2,1.000e-02,53,-0.943204,0.800354,-0.003147,0.006091
tent,K,3,5,0.05,2,1.000e-02,54,-0.930352,0.809143,-0.016898,-0.006076
tent,K,3,5,0.05,2,1.000e-02,55,-0.940487,0.801392,0.003729,-0.004650
tent,K,3,5,0.05,2,1.000e-02,56,-0.942001,0.797729,0.002996,0.005182
tent,K,3,5,0.05,2,1.000e-02,57,-0.942280,0.799255,0.005210,-0.007599
tent,K,3,5,0.05,2,1.000e-02,58,-0.947288,0.794922,0.001551,-0.003260
tent,K,3,5,0.05,2,1.000e-02,59,-0.951066,0.794128,0.001316,-0.001290
tent,K,3,5,0.05,2,1.000e-02,60,-0.954349,0.793213,0.008672,0.008212
tent,K,3,5,0.05,2,1.000e-02,61,-0.950272,0.797119,0.017665,0.010307
tent,K,3,5,0.05,2,1.000e-02,62,-0.946535,0.799683,0.002630,-0.000270
tent,K,3,5,0.05,2,1.000e-02,63,-0.949929,0.795776,-0.000224,0.002169
tent,K,3,5,0.05,2,1.000e-02,64,-0.945982,0.794861,-0.000695,0.010736
tent,K,3,5,0.05,2,1.000e-02,65,-0.952695,0.793213,0.019313,-0.001178
tent,K,3,5,0.05,2,1.000e-02,66,-0.949808,0.797546,0.016002,-0.001290
tent,K,3,5,0.05,2,1.000e-02,67,-0.948403,0.797302,0.009546,0.005870
tent,K,3,5,0.05,2,1.000e-02,68,-0.941950,0.800537,0.001515,-0.003929
tent,K,3,5,0.05,2,1.000e-02,69,-0.949005,0.796021,-0.005140,-0.001982
tent,K,3,5,0.05,2,1.000e-02,70,-0.942726,0.795715,-0.001015,-0.015624
tent,K,3,5,0.05,2,1.000e-02,71,-0.947959,0.798584,-0.000386,0.008104
tent,K,3,5,0.05,2,1.000e-02,72,-0.945575,0.797058,0.005970,-0.012682
tent,K,3,5,0.05,2,1.000e-02,73,-0.940898,0.797913,-0.006598,-0.004601
tent,K,3,5,0.05,2,1.000e-02,74,-0.953179,0.792603,0.014436,0.004825
tent,K,3,5,0.05,2,1.000e-02,75,-0.943736,0.801758,-0.004572,0.002168
tent,K,3,5,0.05,2,1.000e-02,76,-0.945454,0.795410,0.006830,0.005724
tent,K,3,5,0.05,2,1.000e-02,77,-0.939306,0.799377,0.005984,-0.006439
tent,K,3,5,0.05,2,1.000e-02,78,-0.944996,0.797363,0.015927,0.005222
tent,K,3,5,0.05,2,1.000e-02,79,-0.950744,0.796448,0.022528,0.001230
tent,K,3,5,0.05,2,1.000e-02,80,-0.951069,0.796936,0.014446,-0.007445
tent,K,3,5,0.05,2,1.000e-02,81,-0.952041,0.795715,0.007733,0.009054
tent,K,3,5,0.05,2,1.000e-02,82,-0.951158,0.797913,0.006465,0.003301
tent,K,3,5,0.05,2,1.000e-02,83,-0.948131,0.797974,0.005701,-0.005263
tent,K,3,5,0.05,2,1.000e-02,84,-0.941278,0.799500,0.007110,-0.015073
tent,K,3,5,0.05,2,1.000e-02,85,-0.945438,0.800476,0.000039,0.011457
tent,K,3,5,0.05,2,1.000e-02,86,-0.948239,0.794922,0.006113,0.000831
tent,K,3,5,0.05,2,1.000e-02,87,-0.951321,0.795959,0.008547,-0.002821
tent,K,3,5,0.05,2,1.000e-02,88,-0.949570,0.796082,0.011757,0.008916
tent,K,3,5,0.05,2,1.000e-02,89,-0.940488,0.802185,-0.001277,-0.010095
tent,K,3,5,0.05,2,1.000e-02,90,-0.945754,0.799683,0.011201,-0.000713
tent,K,3,5,0.05,2,1.000e-02,91,-0.940031,0.802734,-0.005393,0.005549
tent,K,3,5,0.05,2,1.000e-02,92,-0.939808,0.805786,-0.014911,0.010362
tent,K,3,5,0.05,2,1.000e-02,93,-0.937061,0.800842,-0.014421,-0.012538
tent,K,3,5,0.05,2,1.000e-02,94,-0.952405,0.799438,0.013602,0.004204
tent,K,3,5,0.05,2,1.000e-02,95,-0.944762,0.801514,0.004756,-0.002055
tent,K,3,5,0.05,2,1.000e-02,96,-0.951159,0.795959,0.006391,0.001308
tent,K,3,5,0.05,2,1.000e-02,97,-0.949917,0.793396,-0.001609,0.001942
tent,K,3,5,0.05,2,1.000e-02,98,-0.949210,0.796509,0.006048,0.004464
tent,K,3,5,0.05,2,1.000e-02,99,-0.943979,0.798462,0.003344,0.004786
tent,K,3,5,0.05,2,1.000e-02,100,-0.940586,0.800659,-0.004531,-0.001135
tent,K,3,5,0.05,2,1.000e-02,101,-0.943426,0.799316,-0.005523,-0.007488
tent,K,3,5,0.05,2,1.000e-02,102,-0.941219,0.801208,-0.002681,0.000797
tent,K,3,5,0.05,2,1.000e-02,103,-0.947425,0.800842,0.007531,0.001906
tent,K,3,5,0.05,2,1.000e-02,104,-0.943958,0.801270,0.006580,-0.008425
tent,K,3,5,0.05,2,1.000e-02,105,-0.942479,0.800659,-0.004586,-0.000200
tent,K,3,5,0.05,2,1.000e-02,106,-0.947578,0.794495,0.000106,0.008451
tent,K,3,5,0.05,2,1.000e-02,107,-0.952343,0.795776,0.019426,-0.000858
tent,K,3,5,0.05,2,1.000e-02,108,-0.954341,0.794678,0.008730,0.017853
tent,K,3,5,0.05,2,1.000e-02,109,-0.949034,0.797974,-0.002693,0.011913
tent,K,3,5,0.05,2,1.000e-02,110,-0.945927,0.798523,0.006282,0.006682
tent,K,3,5,0.05,2,1.000e-02,111,-0.945972,0.799438,0.014193,-0.002336
tent,K,3,5,0.05,2,1.000e-02,112,-0.945131,0.800903,0.002986,-0.008943
tent,K,3,5,0.05,2,1.000e-02,113,-0.941760,0.803345,-0.008598,-0.002934
tent,K,3,5,0.05,2,1.000e-02,114,-0.947504,0.797974,0.007250,0.004180
tent,K,3,5,0.05,2,1.000e-02,115,-0.945800,0.797424,0.002389,0.008609
tent,K,3,5,0.05,2,1.000e-02,116,-0.938387,0.801758,-0.005586,0.000474
tent,K,3,5,0.05,2,1.000e-02,117,-0.938350,0.801941,-0.014031,-0.014827
tent,K,3,5,0.05,2,1.000e-02,118,-0.945422,0.802917,0.000837,0.004221
tent,K,3,5,0.05,2,1.000e-02,119,-0.942673,0.801880,-0.002184,-0.003328
tent,K,3,5,0.05,2,1.000e-02,120,-0.953088,0.797119,0.000103,0.000192
tent,K,3,5,0.05,2,1.000e-02,121,-0.948867,0.794006,0.001689,-0.001084
tent,K,3,5,0.05,2,1.000e-02,122,-0.942014,0.798767,0.005084,-0.007189
tent,K,3,5,0.05,2,1.000e-02,123,-0.945918,0.798279,0.003773,0.004034
tent,K,3,5,0.05,2,1.000e-02,124,-0.949951,0.795044,0.005995,0.001797
tent,K,3,5,0.05,2,1.000e-02,125,-0.946711,0.799072,-0.005626,0.004793
tent,K,3,5,0.05,2,1.000e-02,126,-0.947774,0.797729,0.010376,0.002029
tent,K,3,5,0.05,2,1.000e-02,127,-0.945309,0.797119,0.003800,-0.000234
tent,K,3,5,0.05,2,1.000e-02,128,-0.937598,0.802673,-0.010267,0.004618
tent,K,3,5,0.05,2,1.000e-02,129,-0.933861,0.805420,0.001237,-0.008802
tent,K,3,5,0.05,2,1.000e-02,130,-0.937771,0.803955,-0.002513,-0.005417
tent,K,3,5,0.05,2,1.000e-02,131,-0.936221,0.802856,-0.014660,-0.004546
tent,K,3,5,0.05,2,1.000e-02,132,-0.947898,0.798523,-0.002001,0.002859
tent,K,3,5,0.05,2,1.000e-02,133,-0.947795,0.797607,0.012325,-0.009644
tent,K,3,5,0.05,2,1.000e-02,134,-0.953075,0.797668,0.007449,0.006341
tent,K,3,5,0.05,2,1.000e-02,135,-0.949927,0.795166,0.002993,0.001314
tent,K,3,5,0.05,2,1.000e-02,136,-0.948496,0.800476,0.008295,0.006921
tent,K,3,5,0.05,2,1.000e-02,137,-0.949320,0.797180,0.013209,0.007583
tent,K,3,5,0.05,2,1.000e-02,138,-0.941870,0.800598,-0.003416,-0.014109
tent,K,3,5,0.05,2,1.000e-02,139,-0.950777,0.796692,0.000764,0.013009
tent,K,3,5,0.05,2,1.000e-02,140,-0.941141,0.803528,-0.001413,0.002355
tent,K,3,5,0.05,2,1.000e-02,141,-0.946687,0.796204,-0.010842,0.005161
tent,K,3,5,0.05,2,1.000e-02,142,-0.944393,0.799500,0.002207,0.000172
tent,K,3,5,0.05,2,1.000e-02,143,-0.946698,0.796082,-0.010016,0.007112
tent,K,3,5,0.05,2,1.000e-02,144,-0.946450,0.797546,0.014599,-0.005922
tent,K,3,5,0.05,2,1.000e-02,145,-0.938124,0.802795,-0.009044,0.003084
tent,K,3,5,0.05,2,1.000e-02,146,-0.932468,0.806152,-0.007808,-0.003969
tent,K,3,5,0.05,2,1.000e-02,147,-0.943147,0.796936,-0.012254,-0.005046
tent,K,3,5,0.05,2,1.000e-02,148,-0.945003,0.800842,0.009050,0.010684
tent,K,3,5,0.05,2,1.000e-02,149,-0.936770,0.804260,-0.004201,-0.012506
tent,K,3,5,0.05,2,1.000e-02,150,-0.941277,0.804077,0.007893,0.000506
tent,K,3,5,0.05,2,1.000e-02,151,-0.932092,0.807556,-0.007672,-0.013982
tent,K,3,5,0.05,2,1.000e-02,152,-0.939132,0.799194,-0.010991,-0.000257
tent,K,3,5,0.05,2,1.000e-02,153,-0.944282,0.800293,0.007796,-0.007888
tent,K,3,5,0.05,2,1.000e-02,154,-0.934664,0.800476,-0.008562,-0.009308
tent,K,3,5,0.05,2,1.000e-02,155,-0.943304,0.800720,0.009959,-0.010228
tent,K,3,5,0.05,2,1.000e-02,156,-0.947274,0.799011,0.006714,0.010279
tent,K,3,5,0.05,2,1.000e-02,157,-0.943840,0.801086,0.005718,-0.006561
tent,K,3,5,0.05,2,1.000e-02,158,-0.944397,0.799866,-0.006468,0.005302
tent,K,3,5,0.05,2,1.000e-02,159,-0.941527,0.800110,-0.003120,-0.002306
tent,K,3,5,0.05,2,1.000e-02,160,-0.939971,0.802063,-0.007790,-0.008256
tent,K,3,5,0.05,2,1.000e-02,161,-0.944071,0.801392,0.003449,0.003778
tent,K,3,5,0.05,2,1.000e-02,162,-0.940558,0.798340,-0.001912,-0.012468
tent,K,3,5,0.05,2,1.000e-02,163,-0.947543,0.794678,-0.002205,0.007480
tent,K,3,5,0.05,2,1.000e-02,164,-0.942657,0.803223,0.010574,-0.014102
tent,K,3,5,0.05,2,1.000e-02,165,-0.943917,0.797668,0.006926,0.001544
tent,K,3,5,0.05,2,1.000e-02,166,-0.942797,0.802917,0.001294,-0.007544
tent,K,3,5,0.05,2,1.000e-02,167,-0.943556,0.799255,0.008037,-0.005584
tent,K,3,5,0.05,2,1.000e-02,168,-0.937577,0.802063,-0.019022,-0.006596
tent,K,3,5,0.05,2,1.000e-02,169,-0.941385,0.803162,0.005744,0.002502
tent,K,3,5,0.05,2,1.000e-02,170,-0.936005,0.800842,-0.010976,0.002247
tent,K,3,5,0.05,2,1.000e-02,171,-0.939223,0.801758,-0.004769,-0.012403
tent,K,3,5,0.05,2,1.000e-02,172,-0.950665,0.795715,0.020211,0.004681
tent,K,3,5,0.05,2,1.000e-02,173,-0.937829,0.801331,0.001719,-0.002448
tent,K,3,5,0.05,2,1.000e-02,174,-0.942020,0.799133,-0.006693,-0.003430
tent,K,3,5,0.05,2,1.000e-02,175,-0.941728,0.801147,-0.005303,-0.005301
tent,K,3,5,0.05,2,1.000e-02,176,-0.950711,0.794617,0.007947,0.000106
tent,K,3,5,0.05,2,1.000e-02,177,-0.938796,0.805237,0.000267,0.009450
tent,K,3,5,0.05,2,1.000e-02,178,-0.941001,0.800842,-0.003467,-0.009466
tent,K,3,5,0.05,2,1.000e-02,179,-0.945086,0.797974,-0.003318,-0.006688
tent,K,3,5,0.05,2,1.000e-02,180,-0.936492,0.805542,-0.008637,-0.000319
tent,K,3,5,0.05,2,1.000e-02,181,-0.944196,0.800232,0.003216,-0.000137
tent,K,3,5,0.05,2,1.000e-02,182,-0.937825,0.801880,-0.008283,0.001332
tent,K,3,5,0.05,2,1.000e-02,183,-0.942195,0.803772,-0.009336,0.004726
tent,K,3,5,0.05,2,1.000e-02,184,-0.942347,0.797546,0.004763,0.001035
tent,K,3,5,0.05,2,1.000e-02,185,-0.939361,0.801880,-0.006370,0.005300
tent,K,3,5,0.05,2,1.000e-02,186,-0.943142,0.799561,-0.007467,-0.001404
tent,K,3,5,0.05,2,1.000e-02,187,-0.948824,0.795593,-0.003932,0.010150
tent,K,3,5,0.05,2,1.000e-02,188,-0.947721,0.802673,0.004046,0.013687
tent,K,3,5,0.05,2,1.000e-02,189,-0.939085,0.801086,-0.006060,-0.007556
tent,K,3,5,0.05,2,1.000e-02,190,-0.943220,0.798279,-0.000589,-0.002773
tent,K,3,5,0.05,2,1.000e-02,191,-0.942002,0.802429,0.005993,0.000147
tent,K,3,5,0.05,2,1.000e-02,192,-0.944315,0.799744,-0.001292,0.000230
tent,K,3,5,0.05,2,1.000e-02,193,-0.943177,0.801453,-0.004630,-0.001459
tent,K,3,5,0.05,2,1.000e-02,194,-0.937478,0.799744,-0.011074,0.006793
tent,K,3,5,0.05,2,1.000e-02,195,-0.944985,0.801270,-0.008454,0.011613
tent,K,3,5,0.05,2,1.000e-02,196,-0.948271,0.798157,-0.007697,0.004212
tent,K,3,5,0.05,2,1.000e-02,197,-0.940826,0.799622,-0.009858,-0.007600
tent,K,3,5,0.05,2,1.000e-02,198,-0.943610,0.797058,-0.000073,-0.002401
tent,K,3,5,0.05,2,1.000e-02,199,-0.941721,0.803894,0.000964,0.006622
tent,K,3,5,0.05,2,1.000e-02,200,-0.938859,0.797729,-0.002624,0.010743
tent,K,3,5,0.05,2,1.000e-02,201,-0.941607,0.803162,-0.012391,-0.000246
tent,K,3,5,0.05,2,1.000e-02,202,-0.943194,0.798767,-0.009430,0.003514
tent,K,3,5,0.05,2,1.000e-02,203,-0.945999,0.797363,0.001072,0.012160
tent,K,3,5,0.05,2,1.000e-02,204,-0.941465,0.799927,-0.004590,-0.005299
tent,K,3,5,0.05,2,1.000e-02,205,-0.941062,0.800598,0.004774,-0.007255
tent,K,3,5,0.05,2,1.000e-02,206,-0.943071,0.799683,0.005825,0.001023
tent,K,3,5,0.05,2,1.000e-02,207,-0.936797,0.802795,-0.003458,-0.003816
tent,K,3,5,0.05,2,1.000e-02,208,-0.946159,0.795776,0.002774,-0.003683
tent,K,3,5,0.05,2,1.000e-02,209,-0.945095,0.796875,-0.003974,-0.004299
tent,K,3,5,0.05,2,1.000e-02,210,-0.949752,0.798767,0.006676,-0.004446
tent,K,3,5,0.05,2,1.000e-02,211,-0.947883,0.799255,0.016167,-0.002394
tent,K,3,5,0.05,2,1.000e-02,212,-0.947351,0.799072,0.017932,-0.001310
tent,K,3,5,0.05,2,1.000e-02,213,-0.943961,0.800171,0.000190,0.005761
tent,K,3,5,0.05,2,1.000e-02,214,-0.936901,0.806091,-0.001988,-0.003080
tent,K,3,5,0.05,2,1.000e-02,215,-0.939313,0.801025,-0.005458,-0.010293
tent,K,3,5,0.05,2,1.000e-02,216,-0.941963,0.802429,-0.014378,0.003801
tent,K,3,5,0.05,2,1.000e-02,217,-0.940122,0.803467,0.010629,-0.000814
tent,K,3,5,0.05,2,1.000e-02,218,-0.938232,0.800842,-0.013056,-0.016342
tent,K,3,5,0.05,2,1.000e-02,219,-0.953724,0.792725,0.006538,0.011606
tent,K,3,5,0.05,2,1.000e-02,220,-0.947394,0.802429,0.002370,0.000685
tent,K,3,5,0.05,2,1.000e-02,221,-0.946160,0.798889,0.002239,-0.001509
tent,K,3,5,0.05,2,1.000e-02,222,-0.947500,0.799561,-0.000985,-0.008065
tent,K,3,5,0.05,2,1.000e-02,223,-0.951620,0.798096,0.008376,0.014727
tent,K,3,5,0.05,2,1.000e-02,224,-0.945628,0.796692,0.004260,0.000768
tent,K,3,5,0.05,2,1.000e-02,225,-0.949032,0.795593,0.015402,-0.001679
tent,K,3,5,0.05,2,1.000e-02,226,-0.942324,0.799866,-0.009702,-0.001741
tent,K,3,5,0.05,2,1.000e-02,227,-0.941296,0.802185,-0.009083,-0.001523
tent,K,3,5,0.05,2,1.000e-02,228,-0.941749,0.800110,-0.016567,0.000146
tent,K,3,5,0.05,2,1.000e-02,229,-0.946666,0.796875,-0.002357,0.000516
tent,K,3,5,0.05,2,1.000e-02,230,-0.935678,0.805237,-0.007375,-0.005905
tent,K,3,5,0.05,2,1.000e-02,231,-0.934739,0.806152,-0.007846,-0.006507
tent,K,3,5,0.05,2,1.000e-02,232,-0.941003,0.798828,-0.016571,-0.000771
tent,K,3,5,0.05,2,1.000e-02,233,-0.949869,0.797241,0.002100,0.017705
tent,K,3,5,0.05,2,1.000e-02,234,-0.950232,0.801086,0.010457,0.003500
tent,K,3,5,0.05,2,1.000e-02,235,-0.947015,0.793457,0.000092,0.015509
tent,K,3,5,0.05,2,1.000e-02,236,-0.946160,0.796204,-0.001501,0.002525
tent,K,3,5,0.05,2,1.000e-02,237,-0.953444,0.795105,0.000018,0.012986
tent,K,3,5,0.05,2,1.000e-02,238,-0.949294,0.796082,0.009170,0.002062
tent,K,3,5,0.05,2,1.000e-02,239,-0.941347,0.801331,-0.003846,-0.004288
tent,K,3,5,0.05,2,1.000e-02,240,-0.940569,0.801697,-0.009120,0.008449
tent,K,3,5,0.05,2,1.000e-02,241,-0.944122,0.801758,0.008324,-0.004106
tent,K,3,5,0.05,2,1.000e-02,242,-0.939601,0.799744,-0.000588,-0.000367
tent,K,3,5,0.05,2,1.000e-02,243,-0.941328,0.800781,0.001798,-0.001192
tent,K,3,5,0.05,2,1.000e-02,244,-0.939383,0.801819,-0.017748,0.004040
tent,K,3,5,0.05,2,1.000e-02,245,-0.938155,0.802917,-0.001345,-0.015384
tent,K,3,5,0.05,2,1.000e-02,246,-0.940495,0.804626,-0.003789,0.005579
tent,K,3,5,0.05,2,1.000e-02,247,-0.940182,0.799866,0.001070,-0.017523
tent,K,3,5,0.05,2,1.000e-02,248,-0.953306,0.793213,0.003515,-0.012096
tent,K,3,5,0.05,2,1.000e-02,249,-0.956730,0.793762,0.004028,0.012989
tent,K,3,5,0.05,2,1.000e-02,250,-0.952890,0.796936,0.013421,0.012796
tent,K,3,5,0.05,2,1.000e-02,251,-0.952791,0.794617,0.002791,0.009572
tent,K,3,5,0.05,2,1.000e-02,252,-0.945366,0.800476,0.010874,0.002649
tent,K,3,5,0.05,2,1.000e-02,253,-0.945911,0.801392,0.012921,-0.005470
tent,K,3,5,0.05,2,1.000e-02,254,-0.943126,0.801331,-0.008617,-0.004498
tent,K,3,5,0.05,2,1.000e-02,255,-0.943272,0.798828,-0.013414,0.007734
tent,K,3,5,0.05,2,1.000e-02,256,-0.949052,0.798889,0.000746,0.008483
tent,K,3,5,0.05,2,1.000e-02,257,-0.944931,0.796570,-0.006801,-0.003198
tent,K,3,5,0.05,2,1.000e-02,258,-0.943636,0.799500,0.007383,0.000353
tent,K,3,5,0.05,2,1.000e-02,259,-0.943091,0.797791,-0.002865,0.003182
tent,K,3,5,0.05,2,1.000e-02,260,-0.942695,0.797729,0.000442,0.000026
tent,K,3,5,0.05,2,1.000e-02,261,-0.941773,0.799622,0.000486,-0.003616
tent,K,3,5,0.05,2,1.000e-02,262,-0.948613,0.796814,0.003152,-0.001454
tent,K,3,5,0.05,2,1.000e-02,263,-0.954215,0.792542,0.003374,0.013243
tent,K,3,5,0.05,2,1.000e-02,264,-0.950439,0.795044,0.015409,-0.003270
tent,K,3,5,0.05,2,1.000e-02,265,-0.947037,0.798279,0.003181,0.007531
tent,K,3,5,0.05,2,1.000e-02,266,-0.949811,0.797302,0.006202,0.002681
tent,K,3,5,0.05,2,1.000e-02,267,-0.951437,0.796936,-0.002471,0.009889
tent,K,3,5,0.05,2,1.000e-02,268,-0.944209,0.800720,0.010894,0.000566
tent,K,3,5,0.05,2,1.000e-02,269,-0.935378,0.804688,-0.000453,-0.009270
tent,K,3,5,0.05,2,1.000e-02,270,-0.945874,0.797241,0.011247,-0.006232
tent,K,3,5,0.05,2,1.000e-02,271,-0.936451,0.802856,0.006755,-0.019981
tent,K,3,5,0.05,2,1.000e-02,272,-0.948028,0.794678,0.002066,0.002425
tent,K,3,5,0.05,2,1.000e-02,273,-0.948640,0.798950,0.001412,0.018154
tent,K,3,5,0.05,2,1.000e-02,274,-0.941786,0.804565,-0.000970,0.001008
tent,K,3,5,0.05,2,1.000e-02,275,-0.943560,0.797485,0.002700,-0.008020
tent,K,3,5,0.05,2,1.000e-02,276,-0.946132,0.798218,0.003009,-0.000262
tent,K,3,5,0.05,2,1.000e-02,277,-0.949617,0.799622,0.003945,0.007101
tent,K,3,5,0.05,2,1.000e-02,278,-0.946724,0.795959,0.000565,0.002608
tent,K,3,5,0.05,2,1.000e-02,279,-0.949637,0.795288,0.003907,0.010162
tent,K,3,5,0.05,2,1.000e-02,280,-0.944366,0.796448,-0.003864,-0.012506
tent,K,3,5,0.05,2,1.000e-02,281,-0.942914,0.798767,0.013605,-0.007636
tent,K,3,5,0.05,2,1.000e-02,282,-0.945070,0.795288,0.010122,-0.007856
tent,K,3,5,0.05,2,1.000e-02,283,-0.950044,0.797668,0.017976,0.006987
tent,K,3,5,0.05,2,1.000e-02,284,-0.944004,0.800537,-0.004065,0.000643
tent,K,3,5,0.05,2,1.000e-02,285,-0.955923,0.791626,-0.000657,0.015498
tent,K,3,5,0.05,2,1.000e-02,286,-0.950425,0.794312,0.008464,0.015413
tent,K,3,5,0.05,2,1.000e-02,287,-0.945847,0.799561,0.005103,-0.010535
tent,K,3,5,0.05,2,1.000e-02,288,-0.943247,0.795044,-0.005647,-0.003461
tent,K,3,5,0.05,2,1.000e-02,289,-0.941422,0.802124,0.001569,-0.000736
tent,K,3,5,0.05,2,1.000e-02,290,-0.944790,0.799133,-0.006834,-0.006311
tent,K,3,5,0.05,2,1.000e-02,291,-0.934441,0.806030,-0.001005,-0.000949
tent,K,3,5,0.05,2,1.000e-02,292,-0.938947,0.800476,-0.009080,-0.007948
tent,K,3,5,0.05,2,1.000e-02,293,-0.951608,0.799866,0.002531,0.005667
tent,K,3,5,0.05,2,1.000e-02,294,-0.945426,0.799011,-0.002975,0.005299
tent,K,3,5,0.05,2,1.000e-02,295,-0.937372,0.800842,-0.006274,-0.014679
tent,K,3,5,0.05,2,1.000e-02,296,-0.942620,0.801758,0.004597,-0.003677
tent,K,3,5,0.05,2,1.000e-02,297,-0.937654,0.803223,-0.001846,-0.014007
tent,K,3,5,0.05,2,1.000e-02,298,-0.943882,0.799927,0.001936,-0.004826
tent,K,3,5,0.05,2,1.000e-02,299,-0.939534,0.802185,-0.004206,-0.012995
tent,K,3,5,0.05,2,1.000e-02,300,-0.932101,0.808167,-0.010143,-0.009353
tent,K,3,5,0.05,2,1.000e-02,301,-0.932707,0.806641,-0.017359,-0.013897
tent,K,3,5,0.05,2,1.000e-02,302,-0.941435,0.799683,-0.008018,-0.004604
tent,K,3,5,0.05,2,1.000e-02,303,-0.947991,0.795288,0.003522,-0.003875
tent,K,3,5,0.05,2,1.000e-02,304,-0.949464,0.795593,0.009641,0.000842
tent,K,3,5,0.05,2,1.000e-02,305,-0.952159,0.797546,0.012703,0.011795
tent,K,3,5,0.05,2,1.000e-02,306,-0.942003,0.802979,-0.001247,0.005038
tent,K,3,5,0.05,2,1.000e-02,307,-0.936263,0.804199,-0.006612,-0.006805
tent,K,3,5,0.05,2,1.000e-02,308,-0.948280,0.797607,0.006317,0.006644
tent,K,3,5,0.05,2,1.000e-02,309,-0.944122,0.802429,0.003683,-0.005267
tent,K,3,5,0.05,2,1.000e-02,310,-0.942163,0.803040,0.003720,0.001067
tent,K,3,5,0.05,2,1.000e-02,311,-0.945322,0.797119,0.001177,0.004132
tent,K,3,5,0.05,2,1.000e-02,312,-0.954620,0.795349,0.002579,0.002076
tent,K,3,5,0.05,2,1.000e-02,313,-0.956284,0.793884,-0.000543,0.010825
tent,K,3,5,0.05,2,1.000e-02,314,-0.944432,0.799683,-0.005105,0.006934
tent,K,3,5,0.05,2,1.000e-02,315,-0.942344,0.797302,0.002981,-0.010316
tent,K,3,5,0.05,2,1.000e-02,316,-0.939893,0.801819,0.006436,-0.004916
tent,K,3,5,0.05,2,1.000e-02,317,-0.931966,0.803162,-0.004465,-0.001180
tent,K,3,5,0.05,2,1.000e-02,318,-0.938274,0.803894,-0.014547,-0.002984
tent,K,3,5,0.05,2,1.000e-02,319,-0.946259,0.801331,-0.005723,-0.010493
tent,K,3,5,0.05,2,1.000e-02,320,-0.950779,0.797485,-0.002080,0.016610
tent,K,3,5,0.05,2,1.000e-02,321,-0.951336,0.792969,0.002705,0.003989
tent,K,3,5,0.05,2,1.000e-02,322,-0.955524,0.794556,0.006503,0.007478
tent,K,3,5,0.05,2,1.000e-02,323,-0.940311,0.804932,-0.001046,0.001707
tent,K,3,5,0.05,2,1.000e-02,324,-0.938443,0.797302,-0.008735,-0.014407
tent,K,3,5,0.05,2,1.000e-02,325,-0.952456,0.798584,0.004905,0.006273
tent,K,3,5,0.05,2,1.000e-02,326,-0.948578,0.798767,0.013034,-0.001073
tent,K,3,5,0.05,2,1.000e-02,327,-0.944296,0.799927,-0.000178,0.005808
tent,K,3,5,0.05,2,1.000e-02,328,-0.935111,0.805664,-0.015249,-0.003214
tent,K,3,5,0.05,2,1.000e-02,329,-0.935918,0.803345,-0.009949,-0.001326
tent,K,3,5,0.05,2,1.000e-02,330,-0.941000,0.801636,-0.011683,0.004881
tent,K,3,5,0.05,2,1.000e-02,331,-0.953077,0.797241,0.009432,-0.002184
tent,K,3,5,0.05,2,1.000e-02,332,-0.950446,0.797974,-0.006013,0.016384
tent,K,3,5,0.05,2,1.000e-02,333,-0.945102,0.799377,0.003798,0.000103
tent,K,3,5,0.05,2,1.000e-02,334,-0.943772,0.801514,-0.002261,-0.003067
tent,K,3,5,0.05,2,1.000e-02,335,-0.946083,0.798645,0.014680,0.003414
tent,K,3,5,0.05,2,1.000e-02,336,-0.939203,0.802246,-0.002616,-0.007449
tent,K,3,5,0.05,2,1.000e-02,337,-0.941180,0.804382,0.010527,-0.008423
tent,K,3,5,0.05,2,1.000e-02,338,-0.941445,0.803772,-0.005901,0.000044
tent,K,3,5,0.05,2,1.000e-02,339,-0.954136,0.795715,0.006146,0.008953
tent,K,3,5,0.05,2,1.000e-02,340,-0.951472,0.795349,-0.008744,0.009710
tent,K,3,5,0.05,2,1.000e-02,341,-0.943987,0.801147,0.006001,0.007895
tent,K,3,5,0.05,2,1.000e-02,342,-0.949644,0.798401,-0.004635,0.016870
tent,K,3,5,0.05,2,1.000e-02,343,-0.951773,0.796448,0.016954,-0.001977
tent,K,3,5,0.05,2,1.000e-02,344,-0.943221,0.797852,0.003758,0.000801
tent,K,3,5,0.05,2,1.000e-02,345,-0.940251,0.802856,-0.004309,-0.007698
tent,K,3,5,0.05,2,1.000e-02,346,-0.949142,0.800537,0.005340,0.006004
tent,K,3,5,0.05,2,1.000e-02,347,-0.946665,0.796570,0.008665,-0.008754
tent,K,3,5,0.05,2,1.000e-02,348,-0.942586,0.801941,0.000596,0.003597
tent,K,3,5,0.05,2,1.000e-02,349,-0.940525,0.800232,-0.000095,-0.010275
tent,K,3,5,0.05,2,1.000e-02,350,-0.941357,0.801453,-0.008123,-0.000056
tent,K,3,5,0.05,2,1.000e-02,351,-0.947255,0.801025,0.007550,0.012329
tent,K,3,5,0.05,2,1.000e-02,352,-0.943056,0.801514,0.001692,0.001519
tent,K,3,5,0.05,2,1.000e-02,353,-0.949821,0.797241,0.006106,-0.000555
tent,K,3,5,0.05,2,1.000e-02,354,-0.946716,0.796204,-0.003076,-0.006782
tent,K,3,5,0.05,2,1.000e-02,355,-0.953087,0.797546,0.015950,0.010558
tent,K,3,5,0.05,2,1.000e-02,356,-0.945818,0.799988,0.001819,-0.007394
tent,K,3,5,0.05,2,1.000e-02,357,-0.945144,0.795349,0.001966,-0.009106
tent,K,3,5,0.05,2,1.000e-02,358,-0.950970,0.799927,-0.004241,0.009119
tent,K,3,5,0.05,2,1.000e-02,359,-0.959928,0.791626,0.014537,0.004655
tent,K,3,5,0.05,2,1.000e-02,360,-0.951418,0.794006,0.001570,0.015293
tent,K,3,5,0.05,2,1.000e-02,361,-0.951482,0.793152,-0.002972,0.009640
tent,K,3,5,0.05,2,1.000e-02,362,-0.950075,0.793701,0.003925,0.004894
tent,K,3,5,0.05,2,1.000e-02,363,-0.945238,0.797791,-0.002633,0.007711
tent,K,3,5,0.05,2,1.000e-02,364,-0.934783,0.802246,0.007747,-0.005462
tent,K,3,5,0.05,2,1.000e-02,365,-0.931784,0.805969,-0.006225,-0.012197
tent,K,3,5,0.05,2,1.000e-02,366,-0.941821,0.797974,-0.006123,-0.005174
tent,K,3,5,0.05,2,1.000e-02,367,-0.944488,0.801392,0.000592,0.000778
tent,K,3,5,0.05,2,1.000e-02,368,-0.938964,0.803711,0.004872,-0.011468
tent,K,3,5,0.05,2,1.000e-02,369,-0.945059,0.798889,-0.000673,0.005843
tent,K,3,5,0.05,2,1.000e-02,370,-0.944630,0.802002,-0.005455,0.001999
tent,K,3,5,0.05,2,1.000e-02,371,-0.937818,0.803650,-0.009725,-0.007023
tent,K,3,5,0.05,2,1.000e-02,372,-0.941015,0.802979,-0.003491,-0.002135
tent,K,3,5,0.05,2,1.000e-02,373,-0.937953,0.805054,-0.000711,-0.007207
tent,K,3,5,0.05,2,1.000e-02,374,-0.942072,0.803223,-0.009311,0.002484
tent,K,3,5,0.05,2,1.000e-02,375,-0.937411,0.800598,-0.015573,-0.003516
tent,K,3,5,0.05,2,1.000e-02,376,-0.934729,0.799377,-0.010244,-0.016932
tent,K,3,5,0.05,2,1.000e-02,377,-0.947201,0.797302,-0.004893,0.016825
tent,K,3,5,0.05,2,1.000e-02,378,-0.957305,0.796936,0.007722,0.016819
tent,K,3,5,0.05,2,1.000e-02,379,-0.946366,0.795593,0.001166,-0.003982
tent,K,3,5,0.05,2,1.000e-02,380,-0.939531,0.803284,-0.000758,-0.008799
tent,K,3,5,0.05,2,1.000e-02,381,-0.938657,0.802368,-0.006364,-0.013395
tent,K,3,5,0.05,2,1.000e-02,382,-0.947246,0.800537,0.000590,0.014827
tent,K,3,5,0.05,2,1.000e-02,383,-0.953300,0.791809,-0.001137,0.011037
tent,K,3,5,0.05,2,1.000e-02,384,-0.944974,0.797302,0.000265,-0.000295
tent,K,3,5,0.05,2,1.000e-02,385,-0.948309,0.794373,-0.001629,0.010323
tent,K,3,5,0.05,2,1.000e-02,386,-0.936743,0.801453,-0.005910,0.004589
tent,K,3,5,0.05,2,1.000e-02,387,-0.942846,0.805725,-0.003340,0.001365
tent,K,3,5,0.05,2,1.000e-02,388,-0.940343,0.802368,-0.012182,-0.007005
tent,K,3,5,0.05,2,1.000e-02,389,-0.940501,0.799744,0.006788,-0.023192
tent,K,3,5,0.05,2,1.000e-02,390,-0.944180,0.801575,-0.011756,0.004694
tent,K,3,5,0.05,2,1.000e-02,391,-0.941915,0.799744,-0.008442,0.000539
tent,K,3,5,0.05,2,1.000e-02,392,-0.942171,0.798035,-0.003690,-0.003070
tent,K,3,5,0.05,2,1.000e-02,393,-0.941129,0.801453,0.007651,-0.010765
tent,K,3,5,0.05,2,1.000e-02,394,-0.940018,0.803650,0.000489,-0.004641
tent,K,3,5,0.05,2,1.000e-02,395,-0.941050,0.800659,0.002876,-0.007500
tent,K,3,5,0.05,2,1.000e-02,396,-0.946070,0.797974,-0.009591,0.025670
tent,K,3,5,0.05,2,1.000e-02,397,-0.947729,0.796997,0.008174,-0.001322
tent,K,3,5,0.05,2,1.000e-02,398,-0.945969,0.800049,0.000988,-0.003230
tent,K,3,5,0.05,2,1.000e-02,399,-0.932843,0.808228,-0.019215,-0.017762
tent,K,3,5,0.05,2,1.000e-02,400,-0.943300,0.799194,-0.001687,-0.001626
