family,mode,p,q,K,param,delta,t,mean_ln_d,frac_d_gt_scale,r_x1,r_x2
logistic,K,3,5,0.05,3.7,1.000e-12,1,-27.783635,0.000000,1.000000,1.000000
logistic,K,3,5,0.05,3.7,1.000e-12,2,-27.349420,0.000000,1.000000,1.000000
logistic,K,3,5,0.05,3.7,1.000e-12,3,-27.206816,0.000000,1.000000,1.000000
logistic,K,3,5,0.05,3.7,1.000e-12,4,-26.812152,0.000000,1.000000,1.000000
logistic,K,3,5,0.05,3.7,1.000e-12,5,-26.711949,0.000000,1.000000,1.000000
logistic,K,3,5,0.05,3.7,1.000e-12,6,-26.308433,0.000000,1.000000,1.000000
logistic,K,3,5,0.05,3.7,1.000e-12,7,-26.184576,0.000000,1.000000,1.000000
logistic,K,3,5,0.05,3.7,1.000e-12,8,-25.832693,0.000000,1.000000,1.000000
logistic,K,3,5,0.05,3.7,1.000e-12,9,-25.685716,0.000000,1.000000,1.000000
logistic,K,3,5,0.05,3.7,1.000e-12,10,-25.297816,0.000000,1.000000,1.000000
logistic,K,3,5,0.05,3.7,1.000e-12,11,-25.163553,0.000000,1.000000,1.000000
logistic,K,3,5,0.05,3.7,1.000e-12,12,-24.774663,0.000000,1.000000,1.000000
logistic,K,3,5,0.05,3.7,1.000e-12,13,-24.634416,0.000000,1.000000,1.000000
logistic,K,3,5,0.05,3.7,1.000e-12,14,-24.249756,0.000000,1.000000,1.000000
logistic,K,3,5,0.05,3.7,1.000e-12,15,-24.079299,0.000000,1.000000,1.000000
logistic,K,3,5,0.05,3.7,1.000e-12,16,-23.701270,0.000000,1.000000,1.000000
logistic,K,3,5,0.05,3.7,1.000e-12,17,-23.525294,0.000000,1.000000,1.000000
logistic,K,3,5,0.05,3.7,1.000e-12,18,-23.140461,0.000000,1.000000,1.000000
logistic,K,3,5,0.05,3.7,1.000e-12,19,-22.980441,0.000000,1.000000,1.000000
logistic,K,3,5,0.05,3.7,1.000e-12,20,-22.591315,0.000000,1.000000,1.000000
logistic,K,3,5,0.05,3.7,1.000e-12,21,-22.416677,0.000000,1.000000,1.000000
logistic,K,3,5,0.05,3.7,1.000e-12,22,-22.034181,0.000000,1.000000,1.000000
logistic,K,3,5,0.05,3.7,1.000e-12,23,-21.842750,0.000000,1.000000,1.000000
logistic,K,3,5,0.05,3.7,1.000e-12,24,-21.462823,0.000000,1.000000,1.000000
logistic,K,3,5,0.05,3.7,1.000e-12,25,-21.279754,0.000000,1.000000,1.000000
logistic,K,3,5,0.05,3.7,1.000e-12,26,-20.900691,0.000000,1.000000,1.000000
logistic,K,3,5,0.05,3.7,1.000e-12,27,-20.711875,0.000000,1.000000,1.000000
logistic,K,3,5,0.05,3.7,1.000e-12,28,-20.324073,0.000000,1.000000,1.000000
logistic,K,3,5,0.05,3.7,1.000e-12,29,-20.138799,0.000000,1.000000,1.000000
logistic,K,3,5,0.05,3.7,1.000e-12,30,-19.751083,0.000000,1.000000,1.000000
logistic,K,3,5,0.05,3.7,1.000e-12,31,-19.562409,0.000000,1.000000,1.000000
logistic,K,3,5,0.05,3.7,1.000e-12,32,-19.184046,0.000000,1.000000,1.000000
logistic,K,3,5,0.05,3.7,1.000e-12,33,-18.994303,0.000000,1.000000,1.000000
logistic,K,3,5,0.05,3.7,1.000e-12,34,-18.615894,0.000000,1.000000,1.000000
logistic,K,3,5,0.05,3.7,1.000e-12,35,-18.422733,0.000000,1.000000,1.000000
logistic,K,3,5,0.05,3.7,1.000e-12,36,-18.040871,0.000000,1.000000,1.000000
logistic,K,3,5,0.05,3.7,1.000e-12,37,-17.844751,0.000000,1.000000,1.000000
logistic,K,3,5,0.05,3.7,1.000e-12,38,-17.463125,0.000000,1.000000,1.000000
logistic,K,3,5,0.05,3.7,1.000e-12,39,-17.271047,0.000000,1.000000,1.000000
logistic,K,3,5,0.05,3.7,1.000e-12,40,-16.887650,0.000000,1.000000,1.000000
logistic,K,3,5,0.05,3.7,1.000e-12,41,-16.693120,0.000000,1.000000,1.000000
logistic,K,3,5,0.05,3.7,1.000e-12,42,-16.316827,0.000000,1.000000,1.000000
logistic,K,3,5,0.05,3.7,1.000e-12,43,-16.122747,0.000000,1.000000,1.000000
logistic,K,3,5,0.05,3.7,1.000e-12,44,-15.738863,0.000000,1.000000,1.000000
logistic,K,3,5,0.05,3.7,1.000e-12,45,-15.548631,0.000000,1.000000,1.000000
logistic,K,3,5,0.05,3.7,1.000e-12,46,-15.172850,0.000000,1.000000,1.000000
logistic,K,3,5,0.05,3.7,1.000e-12,47,-14.972934,0.000000,1.000000,1.000000
logistic,K,3,5,0.05,3.7,1.000e-12,48,-14.592167,0.000000,1.000000,1.000000
logistic,K,3,5,0.05,3.7,1.000e-12,49,-14.391175,0.000000,1.000000,1.000000
logistic,K,3,5,0.05,3.7,1.000e-12,50,-14.017466,0.000000,1.000000,1.000000
logistic,K,3,5,0.05,3.7,1.000e-12,51,-13.824356,0.000000,1.000000,1.000000
logistic,K,3,5,0.05,3.7,1.000e-12,52,-13.441892,0.000000,1.000000,1.000000
logistic,K,3,5,0.05,3.7,1.000e-12,53,-13.254879,0.000000,1.000000,1.000000
logistic,K,3,5,0.05,3.7,1.000e-12,54,-12.872775,0.000000,1.000000,1.000000
logistic,K,3,5,0.05,3.7,1.000e-12,55,-12.677473,0.000000,1.000000,1.000000
logistic,K,3,5,0.05,3.7,1.000e-12,56,-12.300983,0.000000,1.000000,1.000000
logistic,K,3,5,0.05,3.7,1.000e-12,57,-12.108922,0.000000,1.000000,1.000000
logistic,K,3,5,0.05,3.7,1.000e-12,58,-11.730676,0.000000,1.000000,1.000000
logistic,K,3,5,0.05,3.7,1.000e-12,59,-11.531939,0.000000,1.000000,1.000000
logistic,K,3,5,0.05,3.7,1.000e-12,60,-11.153585,0.000000,1.000000,1.000000
logistic,K,3,5,0.05,3.7,1.000e-12,61,-10.959305,0.000000,1.000000,1.000000
logistic,K,3,5,0.05,3.7,1.000e-12,62,-10.579297,0.000000,1.000000,0.999999
logistic,K,3,5,0.05,3.7,1.000e-12,63,-10.388823,0.000000,0.999999,0.999999
logistic,K,3,5,0.05,3.7,1.000e-12,64,-10.010953,0.000000,0.999998,0.999997
logistic,K,3,5,0.05,3.7,1.000e-12,65,-9.816364,0.000000,0.999997,0.999997
logistic,K,3,5,0.05,3.7,1.000e-12,66,-9.436641,0.000000,0.999993,0.999991
logistic,K,3,5,0.05,3.7,1.000e-12,67,-9.243300,0.000000,0.999989,0.999987
logistic,K,3,5,0.05,3.7,1.000e-12,68,-8.872335,0.000000,0.999979,0.999968
logistic,K,3,5,0.05,3.7,1.000e-12,69,-8.667003,0.000000,0.999961,0.999950
logistic,K,3,5,0.05,3.7,1.000e-12,70,-8.286288,0.000000,0.999914,0.999880
logistic,K,3,5,0.05,3.7,1.000e-12,71,-8.097840,0.000000,0.999847,0.999860
logistic,K,3,5,0.05,3.7,1.000e-12,72,-7.717650,0.000000,0.999708,0.999601
logistic,K,3,5,0.05,3.7,1.000e-12,73,-7.519640,0.000122,0.999443,0.999414
logistic,K,3,5,0.05,3.7,1.000e-12,74,-7.147345,0.000183,0.998983,0.998463
logistic,K,3,5,0.05,3.7,1.000e-12,75,-6.949273,0.000244,0.998275,0.998403
logistic,K,3,5,0.05,3.7,1.000e-12,76,-6.571806,0.001770,0.996655,0.995275
logistic,K,3,5,0.05,3.7,1.000e-12,77,-6.380619,0.001831,0.995357,0.995504
logistic,K,3,5,0.05,3.7,1.000e-12,78,-6.001471,0.006531,0.991487,0.988694
logistic,K,3,5,0.05,3.7,1.000e-12,79,-5.815105,0.005737,0.989587,0.989679
logistic,K,3,5,0.05,3.7,1.000e-12,80,-5.448378,0.016174,0.982852,0.977204
logistic,K,3,5,0.05,3.7,1.000e-12,81,-5.286179,0.011353,0.983143,0.980741
logistic,K,3,5,0.05,3.7,1.000e-12,82,-4.926019,0.033325,0.970128,0.962782
logistic,K,3,5,0.05,3.7,1.000e-12,83,-4.780550,0.018860,0.971793,0.971069
logistic,K,3,5,0.05,3.7,1.000e-12,84,-4.445082,0.050049,0.955467,0.945721
logistic,K,3,5,0.05,3.7,1.000e-12,85,-4.315960,0.032227,0.957156,0.957821
logistic,K,3,5,0.05,3.7,1.000e-12,86,-3.993806,0.069458,0.937583,0.925529
logistic,K,3,5,0.05,3.7,1.000e-12,87,-3.912344,0.048828,0.939686,0.943168
logistic,K,3,5,0.05,3.7,1.000e-12,88,-3.616277,0.091370,0.921940,0.905181
logistic,K,3,5,0.05,3.7,1.000e-12,89,-3.562606,0.060120,0.927129,0.927731
logistic,K,3,5,0.05,3.7,1.000e-12,90,-3.281184,0.116150,0.906445,0.879497
logistic,K,3,5,0.05,3.7,1.000e-12,91,-3.263196,0.072998,0.912514,0.913122
logistic,K,3,5,0.05,3.7,1.000e-12,92,-3.009374,0.131958,0.887305,0.869048
logistic,K,3,5,0.05,3.7,1.000e-12,93,-3.021436,0.089233,0.897582,0.902756
logistic,K,3,5,0.05,3.7,1.000e-12,94,-2.794959,0.148865,0.875375,0.857824
logistic,K,3,5,0.05,3.7,1.000e-12,95,-2.820787,0.098328,0.883580,0.895235
logistic,K,3,5,0.05,3.7,1.000e-12,96,-2.606809,0.167786,0.861691,0.840544
logistic,K,3,5,0.05,3.7,1.000e-12,97,-2.673094,0.109497,0.875977,0.884000
logistic,K,3,5,0.05,3.7,1.000e-12,98,-2.471561,0.176636,0.853909,0.832618
logistic,K,3,5,0.05,3.7,1.000e-12,99,-2.555622,0.119934,0.865438,0.876495
logistic,K,3,5,0.05,3.7,1.000e-12,100,-2.366212,0.185120,0.845682,0.824610
logistic,K,3,5,0.05,3.7,1.000e-12,101,-2.458949,0.129700,0.857014,0.867646
logistic,K,3,5,0.05,3.7,1.000e-12,102,-2.296930,0.192200,0.841365,0.819450
logistic,K,3,5,0.05,3.7,1.000e-12,103,-2.396703,0.132812,0.854281,0.867555
logistic,K,3,5,0.05,3.7,1.000e-12,104,-2.228537,0.193970,0.834957,0.816152
logistic,K,3,5,0.05,3.7,1.000e-12,105,-2.344735,0.140808,0.848797,0.860390
logistic,K,3,5,0.05,3.7,1.000e-12,106,-2.184129,0.202393,0.832858,0.810438
logistic,K,3,5,0.05,3.7,1.000e-12,107,-2.313557,0.141052,0.845832,0.859689
logistic,K,3,5,0.05,3.7,1.000e-12,108,-2.155778,0.202942,0.829732,0.809618
logistic,K,3,5,0.05,3.7,1.000e-12,109,-2.282356,0.140564,0.845606,0.857852
logistic,K,3,5,0.05,3.7,1.000e-12,110,-2.121162,0.206909,0.829920,0.799601
logistic,K,3,5,0.05,3.7,1.000e-12,111,-2.257580,0.144287,0.842881,0.852972
logistic,K,3,5,0.05,3.7,1.000e-12,112,-2.105816,0.207520,0.829430,0.801411
logistic,K,3,5,0.05,3.7,1.000e-12,113,-2.242096,0.147644,0.839291,0.854531
logistic,K,3,5,0.05,3.7,1.000e-12,114,-2.087460,0.212708,0.821273,0.802507
logistic,K,3,5,0.05,3.7,1.000e-12,115,-2.228378,0.151062,0.834612,0.852635
logistic,K,3,5,0.05,3.7,1.000e-12,116,-2.078914,0.208923,0.823173,0.801602
logistic,K,3,5,0.05,3.7,1.000e-12,117,-2.218775,0.154053,0.838846,0.847697
logistic,K,3,5,0.05,3.7,1.000e-12,118,-2.075349,0.212524,0.824365,0.799388
logistic,K,3,5,0.05,3.7,1.000e-12,119,-2.229242,0.149902,0.838994,0.853738
logistic,K,3,5,0.05,3.7,1.000e-12,120,-2.081736,0.209595,0.824664,0.804327
logistic,K,3,5,0.05,3.7,1.000e-12,121,-2.220364,0.149536,0.837174,0.853290
logistic,K,3,5,0.05,3.7,1.000e-12,122,-2.075326,0.209045,0.824351,0.802775
logistic,K,3,5,0.05,3.7,1.000e-12,123,-2.210793,0.151489,0.837989,0.848318
logistic,K,3,5,0.05,3.7,1.000e-12,124,-2.073698,0.217346,0.821110,0.802321
logistic,K,3,5,0.05,3.7,1.000e-12,125,-2.216637,0.147949,0.840113,0.853095
logistic,K,3,5,0.05,3.7,1.000e-12,126,-2.064282,0.213074,0.824766,0.796834
logistic,K,3,5,0.05,3.7,1.000e-12,127,-2.209220,0.151611,0.835456,0.850199
logistic,K,3,5,0.05,3.7,1.000e-12,128,-2.066273,0.218994,0.821778,0.797174
logistic,K,3,5,0.05,3.7,1.000e-12,129,-2.211233,0.149292,0.835023,0.851602
logistic,K,3,5,0.05,3.7,1.000e-12,130,-2.062547,0.210999,0.822154,0.798452
logistic,K,3,5,0.05,3.7,1.000e-12,131,-2.220309,0.150574,0.840245,0.852094
logistic,K,3,5,0.05,3.7,1.000e-12,132,-2.074746,0.207520,0.823558,0.802457
logistic,K,3,5,0.05,3.7,1.000e-12,133,-2.210127,0.153198,0.836616,0.851418
logistic,K,3,5,0.05,3.7,1.000e-12,134,-2.068170,0.214539,0.822363,0.799030
logistic,K,3,5,0.05,3.7,1.000e-12,135,-2.206783,0.152344,0.834442,0.851221
logistic,K,3,5,0.05,3.7,1.000e-12,136,-2.067111,0.214355,0.824249,0.794838
logistic,K,3,5,0.05,3.7,1.000e-12,137,-2.205532,0.148010,0.837400,0.852719
logistic,K,3,5,0.05,3.7,1.000e-12,138,-2.051300,0.216980,0.818267,0.796426
logistic,K,3,5,0.05,3.7,1.000e-12,139,-2.202417,0.153687,0.835381,0.850313
logistic,K,3,5,0.05,3.7,1.000e-12,140,-2.056976,0.214844,0.820423,0.795666
logistic,K,3,5,0.05,3.7,1.000e-12,141,-2.207422,0.151733,0.836925,0.849464
logistic,K,3,5,0.05,3.7,1.000e-12,142,-2.061370,0.213135,0.826619,0.796328
logistic,K,3,5,0.05,3.7,1.000e-12,143,-2.200120,0.151245,0.835006,0.851579
logistic,K,3,5,0.05,3.7,1.000e-12,144,-2.055457,0.221985,0.820388,0.794268
logistic,K,3,5,0.05,3.7,1.000e-12,145,-2.207056,0.150269,0.837978,0.850197
logistic,K,3,5,0.05,3.7,1.000e-12,146,-2.060456,0.213623,0.822201,0.796895
logistic,K,3,5,0.05,3.7,1.000e-12,147,-2.212111,0.152527,0.834880,0.852749
logistic,K,3,5,0.05,3.7,1.000e-12,148,-2.065106,0.215271,0.820387,0.798528
logistic,K,3,5,0.05,3.7,1.000e-12,149,-2.213558,0.152527,0.836216,0.851888
logistic,K,3,5,0.05,3.7,1.000e-12,150,-2.065345,0.219238,0.821009,0.799808
logistic,K,3,5,0.05,3.7,1.000e-12,151,-2.213413,0.156677,0.834516,0.849043
logistic,K,3,5,0.05,3.7,1.000e-12,152,-2.070080,0.210327,0.827832,0.801418
logistic,K,3,5,0.05,3.7,1.000e-12,153,-2.211209,0.153687,0.834967,0.851821
logistic,K,3,5,0.05,3.7,1.000e-12,154,-2.065227,0.210754,0.825613,0.800067
logistic,K,3,5,0.05,3.7,1.000e-12,155,-2.212921,0.146484,0.839182,0.852269
logistic,K,3,5,0.05,3.7,1.000e-12,156,-2.065237,0.212952,0.824499,0.798240
logistic,K,3,5,0.05,3.7,1.000e-12,157,-2.208010,0.153320,0.834701,0.851569
logistic,K,3,5,0.05,3.7,1.000e-12,158,-2.068847,0.212158,0.820108,0.801161
logistic,K,3,5,0.05,3.7,1.000e-12,159,-2.214766,0.152100,0.834456,0.852604
logistic,K,3,5,0.05,3.7,1.000e-12,160,-2.067437,0.211792,0.823431,0.801639
logistic,K,3,5,0.05,3.7,1.000e-12,161,-2.211307,0.154419,0.837922,0.850637
logistic,K,3,5,0.05,3.7,1.000e-12,162,-2.065508,0.209717,0.823888,0.799223
logistic,K,3,5,0.05,3.7,1.000e-12,163,-2.218886,0.148987,0.836809,0.853022
logistic,K,3,5,0.05,3.7,1.000e-12,164,-2.072960,0.212463,0.826849,0.800886
logistic,K,3,5,0.05,3.7,1.000e-12,165,-2.219066,0.147095,0.840668,0.853841
logistic,K,3,5,0.05,3.7,1.000e-12,166,-2.064652,0.211731,0.822322,0.801104
logistic,K,3,5,0.05,3.7,1.000e-12,167,-2.208639,0.151001,0.838514,0.849608
logistic,K,3,5,0.05,3.7,1.000e-12,168,-2.066942,0.215271,0.823782,0.798303
logistic,K,3,5,0.05,3.7,1.000e-12,169,-2.218315,0.147705,0.839983,0.852159
logistic,K,3,5,0.05,3.7,1.000e-12,170,-2.065244,0.211792,0.823064,0.799216
logistic,K,3,5,0.05,3.7,1.000e-12,171,-2.212951,0.149902,0.837797,0.853263
logistic,K,3,5,0.05,3.7,1.000e-12,172,-2.063691,0.211853,0.823911,0.798074
logistic,K,3,5,0.05,3.7,1.000e-12,173,-2.205294,0.152649,0.833213,0.851777
logistic,K,3,5,0.05,3.7,1.000e-12,174,-2.059799,0.213806,0.819081,0.799693
logistic,K,3,5,0.05,3.7,1.000e-12,175,-2.202239,0.152893,0.836716,0.846818
logistic,K,3,5,0.05,3.7,1.000e-12,176,-2.063370,0.215698,0.823127,0.797463
logistic,K,3,5,0.05,3.7,1.000e-12,177,-2.204946,0.147522,0.836293,0.853042
logistic,K,3,5,0.05,3.7,1.000e-12,178,-2.059025,0.210693,0.821930,0.800663
logistic,K,3,5,0.05,3.7,1.000e-12,179,-2.204312,0.154114,0.835058,0.850353
logistic,K,3,5,0.05,3.7,1.000e-12,180,-2.062698,0.211609,0.822882,0.800321
logistic,K,3,5,0.05,3.7,1.000e-12,181,-2.203190,0.156189,0.834440,0.849349
logistic,K,3,5,0.05,3.7,1.000e-12,182,-2.061075,0.213013,0.825426,0.796307
logistic,K,3,5,0.05,3.7,1.000e-12,183,-2.205512,0.151062,0.834926,0.851648
logistic,K,3,5,0.05,3.7,1.000e-12,184,-2.063593,0.213867,0.822733,0.799553
logistic,K,3,5,0.05,3.7,1.000e-12,185,-2.207323,0.152222,0.834138,0.853074
logistic,K,3,5,0.05,3.7,1.000e-12,186,-2.057818,0.216736,0.819292,0.797764
logistic,K,3,5,0.05,3.7,1.000e-12,187,-2.209507,0.153320,0.837600,0.850744
logistic,K,3,5,0.05,3.7,1.000e-12,188,-2.065072,0.214661,0.822559,0.801038
logistic,K,3,5,0.05,3.7,1.000e-12,189,-2.207588,0.149902,0.838741,0.848697
logistic,K,3,5,0.05,3.7,1.000e-12,190,-2.064142,0.210938,0.826779,0.796748
logistic,K,3,5,0.05,3.7,1.000e-12,191,-2.209825,0.148804,0.838606,0.849643
logistic,K,3,5,0.05,3.7,1.000e-12,192,-2.065128,0.211609,0.825519,0.799256
logistic,K,3,5,0.05,3.7,1.000e-12,193,-2.209137,0.153015,0.838553,0.848534
logistic,K,3,5,0.05,3.7,1.000e-12,194,-2.056893,0.215881,0.819036,0.797638
logistic,K,3,5,0.05,3.7,1.000e-12,195,-2.208466,0.151062,0.834368,0.850175
logistic,K,3,5,0.05,3.7,1.000e-12,196,-2.063938,0.219055,0.823362,0.796588
logistic,K,3,5,0.05,3.7,1.000e-12,197,-2.215709,0.152100,0.840931,0.847093
logistic,K,3,5,0.05,3.7,1.000e-12,198,-2.064788,0.212341,0.823724,0.796060
logistic,K,3,5,0.05,3.7,1.000e-12,199,-2.215656,0.152405,0.834867,0.850988
logistic,K,3,5,0.05,3.7,1.000e-12,200,-2.068759,0.206604,0.824402,0.804999
logistic,K,3,5,0.05,3.7,1.000e-12,201,-2.205381,0.155029,0.832989,0.849800
logistic,K,3,5,0.05,3.7,1.000e-12,202,-2.059205,0.212036,0.822477,0.801256
logistic,K,3,5,0.05,3.7,1.000e-12,203,-2.210554,0.150574,0.836259,0.850175
logistic,K,3,5,0.05,3.7,1.000e-12,204,-2.058214,0.212463,0.823241,0.797172
logistic,K,3,5,0.05,3.7,1.000e-12,205,-2.216003,0.152039,0.840121,0.848405
logistic,K,3,5,0.05,3.7,1.000e-12,206,-2.063317,0.212524,0.823939,0.799846
logistic,K,3,5,0.05,3.7,1.000e-12,207,-2.205073,0.152405,0.835258,0.848764
logistic,K,3,5,0.05,3.7,1.000e-12,208,-2.063850,0.211914,0.821962,0.800170
logistic,K,3,5,0.05,3.7,1.000e-12,209,-2.215859,0.153015,0.833089,0.852900
logistic,K,3,5,0.05,3.7,1.000e-12,210,-2.068238,0.210876,0.825517,0.801293
logistic,K,3,5,0.05,3.7,1.000e-12,211,-2.212139,0.153137,0.833955,0.852439
logistic,K,3,5,0.05,3.7,1.000e-12,212,-2.063893,0.214417,0.821737,0.799942
logistic,K,3,5,0.05,3.7,1.000e-12,213,-2.207217,0.153564,0.835477,0.848604
logistic,K,3,5,0.05,3.7,1.000e-12,214,-2.065952,0.211792,0.825378,0.798203
logistic,K,3,5,0.05,3.7,1.000e-12,215,-2.204086,0.151611,0.837193,0.849815
logistic,K,3,5,0.05,3.7,1.000e-12,216,-2.055011,0.216370,0.820836,0.794903
logistic,K,3,5,0.05,3.7,1.000e-12,217,-2.205392,0.151001,0.835057,0.851233
logistic,K,3,5,0.05,3.7,1.000e-12,218,-2.059822,0.216370,0.821109,0.798847
logistic,K,3,5,0.05,3.7,1.000e-12,219,-2.209147,0.152283,0.836444,0.851729
logistic,K,3,5,0.05,3.7,1.000e-12,220,-2.062163,0.214844,0.821209,0.799118
logistic,K,3,5,0.05,3.7,1.000e-12,221,-2.208936,0.152527,0.834101,0.852895
logistic,K,3,5,0.05,3.7,1.000e-12,222,-2.064231,0.211670,0.821727,0.799831
logistic,K,3,5,0.05,3.7,1.000e-12,223,-2.211910,0.153870,0.835539,0.848504
logistic,K,3,5,0.05,3.7,1.000e-12,224,-2.077589,0.207825,0.825578,0.801807
logistic,K,3,5,0.05,3.7,1.000e-12,225,-2.215002,0.149048,0.835720,0.853666
logistic,K,3,5,0.05,3.7,1.000e-12,226,-2.066061,0.214355,0.821370,0.798229
logistic,K,3,5,0.05,3.7,1.000e-12,227,-2.206878,0.150146,0.835333,0.850295
logistic,K,3,5,0.05,3.7,1.000e-12,228,-2.061622,0.215942,0.824636,0.797363
logistic,K,3,5,0.05,3.7,1.000e-12,229,-2.197759,0.153748,0.834457,0.850375
logistic,K,3,5,0.05,3.7,1.000e-12,230,-2.054260,0.217834,0.821224,0.794383
logistic,K,3,5,0.05,3.7,1.000e-12,231,-2.199395,0.152344,0.837053,0.849213
logistic,K,3,5,0.05,3.7,1.000e-12,232,-2.059090,0.214905,0.822923,0.796187
logistic,K,3,5,0.05,3.7,1.000e-12,233,-2.200589,0.156250,0.833677,0.847860
logistic,K,3,5,0.05,3.7,1.000e-12,234,-2.061703,0.218018,0.824295,0.794904
logistic,K,3,5,0.05,3.7,1.000e-12,235,-2.207052,0.151917,0.834824,0.851526
logistic,K,3,5,0.05,3.7,1.000e-12,236,-2.065293,0.214844,0.825212,0.797435
logistic,K,3,5,0.05,3.7,1.000e-12,237,-2.212194,0.153320,0.838979,0.850362
logistic,K,3,5,0.05,3.7,1.000e-12,238,-2.061459,0.222412,0.819201,0.795403
logistic,K,3,5,0.05,3.7,1.000e-12,239,-2.215507,0.148254,0.835647,0.852105
logistic,K,3,5,0.05,3.7,1.000e-12,240,-2.076522,0.208618,0.822163,0.804064
logistic,K,3,5,0.05,3.7,1.000e-12,241,-2.227294,0.148193,0.835074,0.857050
logistic,K,3,5,0.05,3.7,1.000e-12,242,-2.075810,0.210022,0.824874,0.801339
logistic,K,3,5,0.05,3.7,1.000e-12,243,-2.211000,0.150391,0.834815,0.851348
logistic,K,3,5,0.05,3.7,1.000e-12,244,-2.068733,0.215088,0.822309,0.798488
logistic,K,3,5,0.05,3.7,1.000e-12,245,-2.217941,0.149719,0.839861,0.851287
logistic,K,3,5,0.05,3.7,1.000e-12,246,-2.065036,0.208923,0.824525,0.800333
logistic,K,3,5,0.05,3.7,1.000e-12,247,-2.207178,0.150574,0.835894,0.850170
logistic,K,3,5,0.05,3.7,1.000e-12,248,-2.061604,0.216187,0.822926,0.797640
logistic,K,3,5,0.05,3.7,1.000e-12,249,-2.212472,0.153076,0.838233,0.849270
logistic,K,3,5,0.05,3.7,1.000e-12,250,-2.061518,0.217041,0.824302,0.792504
logistic,K,3,5,0.05,3.7,1.000e-12,251,-2.216274,0.148254,0.840071,0.849926
logistic,K,3,5,0.05,3.7,1.000e-12,252,-2.068624,0.216187,0.820937,0.798485
logistic,K,3,5,0.05,3.7,1.000e-12,253,-2.218878,0.150879,0.834700,0.853362
logistic,K,3,5,0.05,3.7,1.000e-12,254,-2.077585,0.209351,0.824473,0.802356
logistic,K,3,5,0.05,3.7,1.000e-12,255,-2.216645,0.153992,0.834685,0.853568
logistic,K,3,5,0.05,3.7,1.000e-12,256,-2.072371,0.207214,0.824598,0.802890
logistic,K,3,5,0.05,3.7,1.000e-12,257,-2.214732,0.149536,0.836740,0.852569
logistic,K,3,5,0.05,3.7,1.000e-12,258,-2.061463,0.214294,0.824276,0.797520
logistic,K,3,5,0.05,3.7,1.000e-12,259,-2.209426,0.152893,0.835629,0.849262
logistic,K,3,5,0.05,3.7,1.000e-12,260,-2.056401,0.215759,0.821158,0.796726
logistic,K,3,5,0.05,3.7,1.000e-12,261,-2.209717,0.153320,0.839309,0.846442
logistic,K,3,5,0.05,3.7,1.000e-12,262,-2.069403,0.210022,0.825665,0.799919
logistic,K,3,5,0.05,3.7,1.000e-12,263,-2.208075,0.151855,0.836554,0.852003
logistic,K,3,5,0.05,3.7,1.000e-12,264,-2.061597,0.209412,0.822713,0.800489
logistic,K,3,5,0.05,3.7,1.000e-12,265,-2.202035,0.155884,0.832233,0.850369
logistic,K,3,5,0.05,3.7,1.000e-12,266,-2.066122,0.211853,0.823291,0.799994
logistic,K,3,5,0.05,3.7,1.000e-12,267,-2.214968,0.145935,0.840014,0.851620
logistic,K,3,5,0.05,3.7,1.000e-12,268,-2.063294,0.213806,0.819533,0.800922
logistic,K,3,5,0.05,3.7,1.000e-12,269,-2.203860,0.150269,0.834814,0.851469
logistic,K,3,5,0.05,3.7,1.000e-12,270,-2.068044,0.214417,0.822087,0.798896
logistic,K,3,5,0.05,3.7,1.000e-12,271,-2.212059,0.152039,0.832988,0.853661
logistic,K,3,5,0.05,3.7,1.000e-12,272,-2.064680,0.211365,0.819647,0.802652
logistic,K,3,5,0.05,3.7,1.000e-12,273,-2.206164,0.157715,0.830008,0.852774
logistic,K,3,5,0.05,3.7,1.000e-12,274,-2.065972,0.212402,0.822421,0.802428
logistic,K,3,5,0.05,3.7,1.000e-12,275,-2.202007,0.150574,0.836257,0.848719
logistic,K,3,5,0.05,3.7,1.000e-12,276,-2.059417,0.212341,0.826243,0.795023
logistic,K,3,5,0.05,3.7,1.000e-12,277,-2.206145,0.150330,0.839138,0.848332
logistic,K,3,5,0.05,3.7,1.000e-12,278,-2.057572,0.214600,0.822424,0.797356
logistic,K,3,5,0.05,3.7,1.000e-12,279,-2.196974,0.154480,0.831328,0.850338
logistic,K,3,5,0.05,3.7,1.000e-12,280,-2.063382,0.213379,0.820956,0.796368
logistic,K,3,5,0.05,3.7,1.000e-12,281,-2.212150,0.150574,0.837001,0.851502
logistic,K,3,5,0.05,3.7,1.000e-12,282,-2.065235,0.213074,0.823079,0.801172
logistic,K,3,5,0.05,3.7,1.000e-12,283,-2.205819,0.154846,0.832581,0.850449
logistic,K,3,5,0.05,3.7,1.000e-12,284,-2.067839,0.212158,0.823345,0.799839
logistic,K,3,5,0.05,3.7,1.000e-12,285,-2.214024,0.150574,0.837966,0.853404
logistic,K,3,5,0.05,3.7,1.000e-12,286,-2.065807,0.213440,0.825258,0.796378
logistic,K,3,5,0.05,3.7,1.000e-12,287,-2.212923,0.149963,0.838878,0.849024
logistic,K,3,5,0.05,3.7,1.000e-12,288,-2.069515,0.212891,0.825931,0.797819
logistic,K,3,5,0.05,3.7,1.000e-12,289,-2.210246,0.149841,0.839627,0.850024
logistic,K,3,5,0.05,3.7,1.000e-12,290,-2.064473,0.209595,0.823647,0.800987
logistic,K,3,5,0.05,3.7,1.000e-12,291,-2.201047,0.153687,0.835574,0.847885
logistic,K,3,5,0.05,3.7,1.000e-12,292,-2.065313,0.216614,0.822846,0.795109
logistic,K,3,5,0.05,3.7,1.000e-12,293,-2.212005,0.151855,0.834863,0.849563
logistic,K,3,5,0.05,3.7,1.000e-12,294,-2.075798,0.212769,0.825926,0.799160
logistic,K,3,5,0.05,3.7,1.000e-12,295,-2.218087,0.148071,0.840294,0.850044
logistic,K,3,5,0.05,3.7,1.000e-12,296,-2.068145,0.209717,0.826498,0.798830
logistic,K,3,5,0.05,3.7,1.000e-12,297,-2.215355,0.153381,0.838927,0.849722
logistic,K,3,5,0.05,3.7,1.000e-12,298,-2.065322,0.212158,0.822853,0.798612
logistic,K,3,5,0.05,3.7,1.000e-12,299,-2.211222,0.151794,0.838107,0.847541
logistic,K,3,5,0.05,3.7,1.000e-12,300,-2.065419,0.214478,0.823390,0.797447
logistic,K,3,5,0.05,3.7,1.000e-12,301,-2.211311,0.151367,0.839866,0.851131
logistic,K,3,5,0.05,3.7,1.000e-12,302,-2.059690,0.213684,0.820591,0.798053
logistic,K,3,5,0.05,3.7,1.000e-12,303,-2.215268,0.150085,0.837060,0.850158
logistic,K,3,5,0.05,3.7,1.000e-12,304,-2.071112,0.211365,0.826569,0.801332
logistic,K,3,5,0.05,3.7,1.000e-12,305,-2.214772,0.145447,0.839345,0.852927
logistic,K,3,5,0.05,3.7,1.000e-12,306,-2.061608,0.215576,0.820911,0.798482
logistic,K,3,5,0.05,3.7,1.000e-12,307,-2.213333,0.152161,0.837231,0.851229
logistic,K,3,5,0.05,3.7,1.000e-12,308,-2.072946,0.208069,0.827270,0.800130
logistic,K,3,5,0.05,3.7,1.000e-12,309,-2.213386,0.149841,0.836952,0.850784
logistic,K,3,5,0.05,3.7,1.000e-12,310,-2.069040,0.209045,0.825036,0.802272
logistic,K,3,5,0.05,3.7,1.000e-12,311,-2.207644,0.153809,0.835722,0.851090
logistic,K,3,5,0.05,3.7,1.000e-12,312,-2.059680,0.211609,0.820857,0.800977
logistic,K,3,5,0.05,3.7,1.000e-12,313,-2.204429,0.156189,0.835258,0.848030
logistic,K,3,5,0.05,3.7,1.000e-12,314,-2.061323,0.212769,0.825084,0.796835
logistic,K,3,5,0.05,3.7,1.000e-12,315,-2.193961,0.154236,0.833514,0.851086
logistic,K,3,5,0.05,3.7,1.000e-12,316,-2.049553,0.222290,0.820115,0.794761
logistic,K,3,5,0.05,3.7,1.000e-12,317,-2.205919,0.153198,0.835826,0.849532
logistic,K,3,5,0.05,3.7,1.000e-12,318,-2.065582,0.216553,0.820306,0.797816
logistic,K,3,5,0.05,3.7,1.000e-12,319,-2.214466,0.149170,0.839785,0.850202
logistic,K,3,5,0.05,3.7,1.000e-12,320,-2.073655,0.210388,0.827137,0.798238
logistic,K,3,5,0.05,3.7,1.000e-12,321,-2.215747,0.149414,0.838619,0.852871
logistic,K,3,5,0.05,3.7,1.000e-12,322,-2.076593,0.209229,0.828519,0.799778
logistic,K,3,5,0.05,3.7,1.000e-12,323,-2.212471,0.146667,0.836188,0.855913
logistic,K,3,5,0.05,3.7,1.000e-12,324,-2.061356,0.213562,0.823711,0.796938
logistic,K,3,5,0.05,3.7,1.000e-12,325,-2.202483,0.152344,0.838407,0.848887
logistic,K,3,5,0.05,3.7,1.000e-12,326,-2.057458,0.216797,0.820495,0.793066
logistic,K,3,5,0.05,3.7,1.000e-12,327,-2.209112,0.153259,0.834268,0.849326
logistic,K,3,5,0.05,3.7,1.000e-12,328,-2.074146,0.213684,0.825344,0.798765
logistic,K,3,5,0.05,3.7,1.000e-12,329,-2.228916,0.148621,0.838856,0.855283
logistic,K,3,5,0.05,3.7,1.000e-12,330,-2.080730,0.211975,0.825015,0.801402
logistic,K,3,5,0.05,3.7,1.000e-12,331,-2.220952,0.148560,0.836765,0.853949
logistic,K,3,5,0.05,3.7,1.000e-12,332,-2.082546,0.212585,0.823674,0.798941
logistic,K,3,5,0.05,3.7,1.000e-12,333,-2.229988,0.145203,0.839557,0.855448
logistic,K,3,5,0.05,3.7,1.000e-12,334,-2.079445,0.210938,0.825491,0.802050
logistic,K,3,5,0.05,3.7,1.000e-12,335,-2.223079,0.148315,0.837812,0.853938
logistic,K,3,5,0.05,3.7,1.000e-12,336,-2.077908,0.208679,0.825939,0.800557
logistic,K,3,5,0.05,3.7,1.000e-12,337,-2.213751,0.149292,0.835192,0.852938
logistic,K,3,5,0.05,3.7,1.000e-12,338,-2.074062,0.208313,0.825625,0.802803
logistic,K,3,5,0.05,3.7,1.000e-12,339,-2.211741,0.149536,0.836521,0.852814
logistic,K,3,5,0.05,3.7,1.000e-12,340,-2.063892,0.212708,0.819264,0.799255
logistic,K,3,5,0.05,3.7,1.000e-12,341,-2.209009,0.154968,0.833726,0.849150
logistic,K,3,5,0.05,3.7,1.000e-12,342,-2.065863,0.210571,0.825077,0.798160
logistic,K,3,5,0.05,3.7,1.000e-12,343,-2.210070,0.151794,0.836547,0.851218
logistic,K,3,5,0.05,3.7,1.000e-12,344,-2.065590,0.214661,0.823290,0.798271
logistic,K,3,5,0.05,3.7,1.000e-12,345,-2.208747,0.150574,0.838032,0.851049
logistic,K,3,5,0.05,3.7,1.000e-12,346,-2.063494,0.211914,0.825612,0.797463
logistic,K,3,5,0.05,3.7,1.000e-12,347,-2.202760,0.148193,0.838693,0.850803
logistic,K,3,5,0.05,3.7,1.000e-12,348,-2.054309,0.218933,0.821339,0.795474
logistic,K,3,5,0.05,3.7,1.000e-12,349,-2.199471,0.150696,0.836700,0.850200
logistic,K,3,5,0.05,3.7,1.000e-12,350,-2.056641,0.214905,0.821774,0.798125
logistic,K,3,5,0.05,3.7,1.000e-12,351,-2.204688,0.150818,0.833958,0.852451
logistic,K,3,5,0.05,3.7,1.000e-12,352,-2.063155,0.213013,0.821710,0.795841
logistic,K,3,5,0.05,3.7,1.000e-12,353,-2.218600,0.152588,0.836907,0.850691
logistic,K,3,5,0.05,3.7,1.000e-12,354,-2.074029,0.214600,0.822390,0.800426
logistic,K,3,5,0.05,3.7,1.000e-12,355,-2.219215,0.151428,0.834680,0.852012
logistic,K,3,5,0.05,3.7,1.000e-12,356,-2.078705,0.208130,0.825154,0.803825
logistic,K,3,5,0.05,3.7,1.000e-12,357,-2.219536,0.148193,0.838187,0.854416
logistic,K,3,5,0.05,3.7,1.000e-12,358,-2.071429,0.212463,0.824982,0.800332
logistic,K,3,5,0.05,3.7,1.000e-12,359,-2.218494,0.152588,0.836282,0.854432
logistic,K,3,5,0.05,3.7,1.000e-12,360,-2.069739,0.210938,0.823182,0.799952
logistic,K,3,5,0.05,3.7,1.000e-12,361,-2.218374,0.151245,0.835068,0.852095
logistic,K,3,5,0.05,3.7,1.000e-12,362,-2.075168,0.215515,0.824141,0.801262
logistic,K,3,5,0.05,3.7,1.000e-12,363,-2.215873,0.150696,0.836968,0.852022
logistic,K,3,5,0.05,3.7,1.000e-12,364,-2.078223,0.218018,0.824260,0.798267
logistic,K,3,5,0.05,3.7,1.000e-12,365,-2.227866,0.147339,0.840108,0.854804
logistic,K,3,5,0.05,3.7,1.000e-12,366,-2.070471,0.213989,0.823533,0.799638
logistic,K,3,5,0.05,3.7,1.000e-12,367,-2.219825,0.150269,0.837906,0.850544
logistic,K,3,5,0.05,3.7,1.000e-12,368,-2.072340,0.215149,0.823944,0.796735
logistic,K,3,5,0.05,3.7,1.000e-12,369,-2.223701,0.149658,0.838346,0.851842
logistic,K,3,5,0.05,3.7,1.000e-12,370,-2.078034,0.207886,0.824118,0.803504
logistic,K,3,5,0.05,3.7,1.000e-12,371,-2.207297,0.155273,0.829113,0.853804
logistic,K,3,5,0.05,3.7,1.000e-12,372,-2.067648,0.214722,0.819427,0.798589
logistic,K,3,5,0.05,3.7,1.000e-12,373,-2.214333,0.148071,0.837859,0.850212
logistic,K,3,5,0.05,3.7,1.000e-12,374,-2.071791,0.215210,0.823524,0.797011
logistic,K,3,5,0.05,3.7,1.000e-12,375,-2.218599,0.147522,0.840608,0.850808
logistic,K,3,5,0.05,3.7,1.000e-12,376,-2.071830,0.211365,0.826177,0.798467
logistic,K,3,5,0.05,3.7,1.000e-12,377,-2.213020,0.148376,0.839191,0.851594
logistic,K,3,5,0.05,3.7,1.000e-12,378,-2.065351,0.215210,0.824823,0.797885
logistic,K,3,5,0.05,3.7,1.000e-12,379,-2.201399,0.153381,0.832700,0.848920
logistic,K,3,5,0.05,3.7,1.000e-12,380,-2.066924,0.213989,0.820159,0.800383
logistic,K,3,5,0.05,3.7,1.000e-12,381,-2.211239,0.151062,0.833886,0.852648
logistic,K,3,5,0.05,3.7,1.000e-12,382,-2.063196,0.218750,0.818544,0.800901
logistic,K,3,5,0.05,3.7,1.000e-12,383,-2.211437,0.151917,0.833801,0.849951
logistic,K,3,5,0.05,3.7,1.000e-12,384,-2.068835,0.210571,0.826234,0.795646
logistic,K,3,5,0.05,3.7,1.000e-12,385,-2.214728,0.154907,0.834810,0.850567
logistic,K,3,5,0.05,3.7,1.000e-12,386,-2.072078,0.216064,0.825070,0.798427
logistic,K,3,5,0.05,3.7,1.000e-12,387,-2.213630,0.151245,0.834857,0.852094
logistic,K,3,5,0.05,3.7,1.000e-12,388,-2.058692,0.216675,0.817524,0.799367
logistic,K,3,5,0.05,3.7,1.000e-12,389,-2.217029,0.153320,0.836268,0.852279
logistic,K,3,5,0.05,3.7,1.000e-12,390,-2.070460,0.211853,0.825787,0.800739
logistic,K,3,5,0.05,3.7,1.000e-12,391,-2.211677,0.152344,0.836186,0.850441
logistic,K,3,5,0.05,3.7,1.000e-12,392,-2.064259,0.209412,0.821600,0.802331
logistic,K,3,5,0.05,3.7,1.000e-12,393,-2.212867,0.150330,0.836052,0.850877
logistic,K,3,5,0.05,3.7,1.000e-12,394,-2.063723,0.216248,0.820763,0.801665
logistic,K,3,5,0.05,3.7,1.000e-12,395,-2.205811,0.151672,0.837101,0.851297
logistic,K,3,5,0.05,3.7,1.000e-12,396,-2.052486,0.212524,0.820979,0.799077
logistic,K,3,5,0.05,3.7,1.000e-12,397,-2.202514,0.153992,0.834513,0.849026
logistic,K,3,5,0.05,3.7,1.000e-12,398,-2.063394,0.213196,0.822388,0.799999
logistic,K,3,5,0.05,3.7,1.000e-12,399,-2.207624,0.155334,0.833179,0.850584
logistic,K,3,5,0.05,3.7,1.000e-12,400,-2.068881,0.212097,0.823031,0.799840
logistic,K,3,5,0.05,3.7,1.000e-10,1,-23.178463,0.000000,1.000000,1.000000
logistic,K,3,5,0.05,3.7,1.000e-10,2,-22.744246,0.000000,1.000000,1.000000
logistic,K,3,5,0.05,3.7,1.000e-10,3,-22.601646,0.000000,1.000000,1.000000
logistic,K,3,5,0.05,3.7,1.000e-10,4,-22.206979,0.000000,1.000000,1.000000
logistic,K,3,5,0.05,3.7,1.000e-10,5,-22.106778,0.000000,1.000000,1.000000
logistic,K,3,5,0.05,3.7,1.000e-10,6,-21.703264,0.000000,1.000000,1.000000
logistic,K,3,5,0.05,3.7,1.000e-10,7,-21.579401,0.000000,1.000000,1.000000
logistic,K,3,5,0.05,3.7,1.000e-10,8,-21.227519,0.000000,1.000000,1.000000
logistic,K,3,5,0.05,3.7,1.000e-10,9,-21.080534,0.000000,1.000000,1.000000
logistic,K,3,5,0.05,3.7,1.000e-10,10,-20.692645,0.000000,1.000000,1.000000
logistic,K,3,5,0.05,3.7,1.000e-10,11,-20.558386,0.000000,1.000000,1.000000
logistic,K,3,5,0.05,3.7,1.000e-10,12,-20.169489,0.000000,1.000000,1.000000
logistic,K,3,5,0.05,3.7,1.000e-10,13,-20.029240,0.000000,1.000000,1.000000
logistic,K,3,5,0.05,3.7,1.000e-10,14,-19.644590,0.000000,1.000000,1.000000
logistic,K,3,5,0.05,3.7,1.000e-10,15,-19.474122,0.000000,1.000000,1.000000
logistic,K,3,5,0.05,3.7,1.000e-10,16,-19.096094,0.000000,1.000000,1.000000
logistic,K,3,5,0.05,3.7,1.000e-10,17,-18.920114,0.000000,1.000000,1.000000
logistic,K,3,5,0.05,3.7,1.000e-10,18,-18.535283,0.000000,1.000000,1.000000
logistic,K,3,5,0.05,3.7,1.000e-10,19,-18.375272,0.000000,1.000000,1.000000
logistic,K,3,5,0.05,3.7,1.000e-10,20,-17.986161,0.000000,1.000000,1.000000
logistic,K,3,5,0.05,3.7,1.000e-10,21,-17.811520,0.000000,1.000000,1.000000
logistic,K,3,5,0.05,3.7,1.000e-10,22,-17.429009,0.000000,1.000000,1.000000
logistic,K,3,5,0.05,3.7,1.000e-10,23,-17.237579,0.000000,1.000000,1.000000
logistic,K,3,5,0.05,3.7,1.000e-10,24,-16.857646,0.000000,1.000000,1.000000
logistic,K,3,5,0.05,3.7,1.000e-10,25,-16.674573,0.000000,1.000000,1.000000
logistic,K,3,5,0.05,3.7,1.000e-10,26,-16.295532,0.000000,1.000000,1.000000
logistic,K,3,5,0.05,3.7,1.000e-10,27,-16.106694,0.000000,1.000000,1.000000
logistic,K,3,5,0.05,3.7,1.000e-10,28,-15.718907,0.000000,1.000000,1.000000
logistic,K,3,5,0.05,3.7,1.000e-10,29,-15.533608,0.000000,1.000000,1.000000
logistic,K,3,5,0.05,3.7,1.000e-10,30,-15.145939,0.000000,1.000000,1.000000
logistic,K,3,5,0.05,3.7,1.000e-10,31,-14.957281,0.000000,1.000000,1.000000
logistic,K,3,5,0.05,3.7,1.000e-10,32,-14.578920,0.000000,1.000000,1.000000
logistic,K,3,5,0.05,3.7,1.000e-10,33,-14.389142,0.000000,1.000000,1.000000
logistic,K,3,5,0.05,3.7,1.000e-10,34,-14.010749,0.000000,1.000000,1.000000
logistic,K,3,5,0.05,3.7,1.000e-10,35,-13.817619,0.000000,1.000000,1.000000
logistic,K,3,5,0.05,3.7,1.000e-10,36,-13.435736,0.000000,1.000000,1.000000
logistic,K,3,5,0.05,3.7,1.000e-10,37,-13.239612,0.000000,1.000000,1.000000
logistic,K,3,5,0.05,3.7,1.000e-10,38,-12.858024,0.000000,1.000000,1.000000
logistic,K,3,5,0.05,3.7,1.000e-10,39,-12.665941,0.000000,1.000000,1.000000
logistic,K,3,5,0.05,3.7,1.000e-10,40,-12.282525,0.000000,1.000000,1.000000
logistic,K,3,5,0.05,3.7,1.000e-10,41,-12.087989,0.000000,1.000000,1.000000
logistic,K,3,5,0.05,3.7,1.000e-10,42,-11.711755,0.000000,1.000000,1.000000
logistic,K,3,5,0.05,3.7,1.000e-10,43,-11.517653,0.000000,1.000000,1.000000
logistic,K,3,5,0.05,3.7,1.000e-10,44,-11.133781,0.000000,1.000000,1.000000
logistic,K,3,5,0.05,3.7,1.000e-10,45,-10.943562,0.000000,1.000000,1.000000
logistic,K,3,5,0.05,3.7,1.000e-10,46,-10.567717,0.000000,1.000000,1.000000
logistic,K,3,5,0.05,3.7,1.000e-10,47,-10.367745,0.000000,1.000000,1.000000
logistic,K,3,5,0.05,3.7,1.000e-10,48,-9.987003,0.000000,0.999999,0.999999
logistic,K,3,5,0.05,3.7,1.000e-10,49,-9.786052,0.000000,0.999999,0.999999
logistic,K,3,5,0.05,3.7,1.000e-10,50,-9.412329,0.000000,0.999998,0.999997
logistic,K,3,5,0.05,3.7,1.000e-10,51,-9.219185,0.000000,0.999996,0.999996
logistic,K,3,5,0.05,3.7,1.000e-10,52,-8.836570,0.000000,0.999992,0.999989
logistic,K,3,5,0.05,3.7,1.000e-10,53,-8.649885,0.000000,0.999987,0.999985
logistic,K,3,5,0.05,3.7,1.000e-10,54,-8.267772,0.000000,0.999973,0.999963
logistic,K,3,5,0.05,3.7,1.000e-10,55,-8.072403,0.000000,0.999954,0.999946
logistic,K,3,5,0.05,3.7,1.000e-10,56,-7.696486,0.000000,0.999904,0.999855
logistic,K,3,5,0.05,3.7,1.000e-10,57,-7.504784,0.000000,0.999836,0.999802
logistic,K,3,5,0.05,3.7,1.000e-10,58,-7.126507,0.000000,0.999646,0.999489
logistic,K,3,5,0.05,3.7,1.000e-10,59,-6.928560,0.000061,0.999371,0.999251
logistic,K,3,5,0.05,3.7,1.000e-10,60,-6.551398,0.000000,0.998748,0.998264
logistic,K,3,5,0.05,3.7,1.000e-10,61,-6.357456,0.000488,0.997973,0.997745
logistic,K,3,5,0.05,3.7,1.000e-10,62,-5.978875,0.001770,0.995905,0.994084
logistic,K,3,5,0.05,3.7,1.000e-10,63,-5.789959,0.002747,0.993814,0.993618
logistic,K,3,5,0.05,3.7,1.000e-10,64,-5.416333,0.009888,0.987923,0.984697
logistic,K,3,5,0.05,3.7,1.000e-10,65,-5.241199,0.006714,0.987262,0.986184
logistic,K,3,5,0.05,3.7,1.000e-10,66,-4.874412,0.024048,0.976329,0.968273
logistic,K,3,5,0.05,3.7,1.000e-10,67,-4.724085,0.015808,0.976947,0.973582
logistic,K,3,5,0.05,3.7,1.000e-10,68,-4.379944,0.040466,0.961735,0.950250
logistic,K,3,5,0.05,3.7,1.000e-10,69,-4.248105,0.027222,0.963408,0.959950
logistic,K,3,5,0.05,3.7,1.000e-10,70,-3.914618,0.067749,0.941488,0.926740
logistic,K,3,5,0.05,3.7,1.000e-10,71,-3.820999,0.043335,0.942619,0.945185
logistic,K,3,5,0.05,3.7,1.000e-10,72,-3.516611,0.087708,0.921326,0.908230
logistic,K,3,5,0.05,3.7,1.000e-10,73,-3.461649,0.060791,0.926287,0.928474
logistic,K,3,5,0.05,3.7,1.000e-10,74,-3.185981,0.113892,0.901663,0.885622
logistic,K,3,5,0.05,3.7,1.000e-10,75,-3.165638,0.077209,0.909963,0.911480
logistic,K,3,5,0.05,3.7,1.000e-10,76,-2.915496,0.134949,0.888120,0.862233
logistic,K,3,5,0.05,3.7,1.000e-10,77,-2.938181,0.090515,0.897865,0.898821
logistic,K,3,5,0.05,3.7,1.000e-10,78,-2.705661,0.150818,0.875336,0.849154
logistic,K,3,5,0.05,3.7,1.000e-10,79,-2.737950,0.103394,0.883733,0.888415
logistic,K,3,5,0.05,3.7,1.000e-10,80,-2.525734,0.168823,0.858009,0.838089
logistic,K,3,5,0.05,3.7,1.000e-10,81,-2.593913,0.116333,0.872296,0.878596
logistic,K,3,5,0.05,3.7,1.000e-10,82,-2.400809,0.182617,0.848583,0.828817
logistic,K,3,5,0.05,3.7,1.000e-10,83,-2.480615,0.123657,0.863183,0.869183
logistic,K,3,5,0.05,3.7,1.000e-10,84,-2.307146,0.191284,0.841337,0.818497
logistic,K,3,5,0.05,3.7,1.000e-10,85,-2.408008,0.132019,0.857186,0.866714
logistic,K,3,5,0.05,3.7,1.000e-10,86,-2.234611,0.196411,0.838876,0.812316
logistic,K,3,5,0.05,3.7,1.000e-10,87,-2.347158,0.138000,0.848747,0.863073
logistic,K,3,5,0.05,3.7,1.000e-10,88,-2.176033,0.198425,0.828270,0.809660
logistic,K,3,5,0.05,3.7,1.000e-10,89,-2.298482,0.141968,0.842944,0.856557
logistic,K,3,5,0.05,3.7,1.000e-10,90,-2.145596,0.205444,0.826530,0.809811
logistic,K,3,5,0.05,3.7,1.000e-10,91,-2.278411,0.143494,0.842199,0.857192
logistic,K,3,5,0.05,3.7,1.000e-10,92,-2.122356,0.209351,0.826754,0.801213
logistic,K,3,5,0.05,3.7,1.000e-10,93,-2.258860,0.148865,0.840107,0.853147
logistic,K,3,5,0.05,3.7,1.000e-10,94,-2.114373,0.207397,0.828523,0.804260
logistic,K,3,5,0.05,3.7,1.000e-10,95,-2.248238,0.148193,0.839316,0.854827
logistic,K,3,5,0.05,3.7,1.000e-10,96,-2.103191,0.207520,0.825141,0.804550
logistic,K,3,5,0.05,3.7,1.000e-10,97,-2.248018,0.145935,0.839533,0.857675
logistic,K,3,5,0.05,3.7,1.000e-10,98,-2.098576,0.206238,0.825823,0.807163
logistic,K,3,5,0.05,3.7,1.000e-10,99,-2.233102,0.149048,0.836630,0.856904
logistic,K,3,5,0.05,3.7,1.000e-10,100,-2.081242,0.209351,0.825203,0.801046
logistic,K,3,5,0.05,3.7,1.000e-10,101,-2.229925,0.148071,0.836455,0.857017
logistic,K,3,5,0.05,3.7,1.000e-10,102,-2.074559,0.212402,0.823866,0.801450
logistic,K,3,5,0.05,3.7,1.000e-10,103,-2.224355,0.147583,0.839302,0.855050
logistic,K,3,5,0.05,3.7,1.000e-10,104,-2.071693,0.215454,0.820351,0.800763
logistic,K,3,5,0.05,3.7,1.000e-10,105,-2.216325,0.147339,0.839045,0.855488
logistic,K,3,5,0.05,3.7,1.000e-10,106,-2.066526,0.214844,0.820611,0.799419
logistic,K,3,5,0.05,3.7,1.000e-10,107,-2.211806,0.148193,0.835568,0.853230
logistic,K,3,5,0.05,3.7,1.000e-10,108,-2.067448,0.213318,0.823429,0.797783
logistic,K,3,5,0.05,3.7,1.000e-10,109,-2.217146,0.146545,0.838949,0.854108
logistic,K,3,5,0.05,3.7,1.000e-10,110,-2.064209,0.215210,0.819717,0.798367
logistic,K,3,5,0.05,3.7,1.000e-10,111,-2.207570,0.145996,0.837592,0.852659
logistic,K,3,5,0.05,3.7,1.000e-10,112,-2.058554,0.215088,0.822852,0.796908
logistic,K,3,5,0.05,3.7,1.000e-10,113,-2.202970,0.150085,0.838676,0.850339
logistic,K,3,5,0.05,3.7,1.000e-10,114,-2.050361,0.216553,0.820995,0.793729
logistic,K,3,5,0.05,3.7,1.000e-10,115,-2.203718,0.157715,0.833448,0.845847
logistic,K,3,5,0.05,3.7,1.000e-10,116,-2.059507,0.212646,0.823023,0.796416
logistic,K,3,5,0.05,3.7,1.000e-10,117,-2.207190,0.155029,0.835151,0.846619
logistic,K,3,5,0.05,3.7,1.000e-10,118,-2.062798,0.211487,0.823000,0.799205
logistic,K,3,5,0.05,3.7,1.000e-10,119,-2.208622,0.155945,0.832156,0.849584
logistic,K,3,5,0.05,3.7,1.000e-10,120,-2.065891,0.214539,0.823068,0.796397
logistic,K,3,5,0.05,3.7,1.000e-10,121,-2.213320,0.149902,0.837914,0.851943
logistic,K,3,5,0.05,3.7,1.000e-10,122,-2.067859,0.211670,0.824512,0.798828
logistic,K,3,5,0.05,3.7,1.000e-10,123,-2.207807,0.149475,0.837372,0.851721
logistic,K,3,5,0.05,3.7,1.000e-10,124,-2.056812,0.218506,0.818595,0.798948
logistic,K,3,5,0.05,3.7,1.000e-10,125,-2.205028,0.147583,0.838084,0.851871
logistic,K,3,5,0.05,3.7,1.000e-10,126,-2.050489,0.220581,0.819670,0.796068
logistic,K,3,5,0.05,3.7,1.000e-10,127,-2.203883,0.150696,0.837362,0.849847
logistic,K,3,5,0.05,3.7,1.000e-10,128,-2.054003,0.218140,0.819331,0.793041
logistic,K,3,5,0.05,3.7,1.000e-10,129,-2.202963,0.158020,0.829529,0.848222
logistic,K,3,5,0.05,3.7,1.000e-10,130,-2.067741,0.211426,0.822873,0.799555
logistic,K,3,5,0.05,3.7,1.000e-10,131,-2.206820,0.151855,0.837151,0.852141
logistic,K,3,5,0.05,3.7,1.000e-10,132,-2.062511,0.212830,0.822576,0.797837
logistic,K,3,5,0.05,3.7,1.000e-10,133,-2.206292,0.154907,0.832271,0.851574
logistic,K,3,5,0.05,3.7,1.000e-10,134,-2.064013,0.218079,0.821280,0.797220
logistic,K,3,5,0.05,3.7,1.000e-10,135,-2.214171,0.150574,0.839569,0.851762
logistic,K,3,5,0.05,3.7,1.000e-10,136,-2.066160,0.215454,0.823164,0.796066
logistic,K,3,5,0.05,3.7,1.000e-10,137,-2.212435,0.149902,0.837594,0.850418
logistic,K,3,5,0.05,3.7,1.000e-10,138,-2.070860,0.210327,0.821986,0.800945
logistic,K,3,5,0.05,3.7,1.000e-10,139,-2.216115,0.152649,0.835510,0.851654
logistic,K,3,5,0.05,3.7,1.000e-10,140,-2.077690,0.207886,0.825342,0.801753
logistic,K,3,5,0.05,3.7,1.000e-10,141,-2.209941,0.149170,0.834577,0.853199
logistic,K,3,5,0.05,3.7,1.000e-10,142,-2.063708,0.214294,0.823708,0.796651
logistic,K,3,5,0.05,3.7,1.000e-10,143,-2.211489,0.152100,0.833294,0.852481
logistic,K,3,5,0.05,3.7,1.000e-10,144,-2.067673,0.213806,0.819212,0.798418
logistic,K,3,5,0.05,3.7,1.000e-10,145,-2.220579,0.149475,0.834072,0.855114
logistic,K,3,5,0.05,3.7,1.000e-10,146,-2.064926,0.217224,0.821274,0.798223
logistic,K,3,5,0.05,3.7,1.000e-10,147,-2.211526,0.151794,0.837147,0.849332
logistic,K,3,5,0.05,3.7,1.000e-10,148,-2.064647,0.214417,0.823962,0.796716
logistic,K,3,5,0.05,3.7,1.000e-10,149,-2.207886,0.155334,0.836111,0.847379
logistic,K,3,5,0.05,3.7,1.000e-10,150,-2.064695,0.212708,0.825360,0.798140
logistic,K,3,5,0.05,3.7,1.000e-10,151,-2.211200,0.151978,0.836095,0.850337
logistic,K,3,5,0.05,3.7,1.000e-10,152,-2.068392,0.209656,0.825479,0.799946
logistic,K,3,5,0.05,3.7,1.000e-10,153,-2.209238,0.152344,0.835045,0.849636
logistic,K,3,5,0.05,3.7,1.000e-10,154,-2.069405,0.211487,0.824934,0.799073
logistic,K,3,5,0.05,3.7,1.000e-10,155,-2.210024,0.151794,0.836873,0.849788
logistic,K,3,5,0.05,3.7,1.000e-10,156,-2.063294,0.211304,0.826915,0.795023
logistic,K,3,5,0.05,3.7,1.000e-10,157,-2.207601,0.154724,0.838759,0.847641
logistic,K,3,5,0.05,3.7,1.000e-10,158,-2.060968,0.213196,0.820560,0.799211
logistic,K,3,5,0.05,3.7,1.000e-10,159,-2.205348,0.152649,0.834452,0.848360
logistic,K,3,5,0.05,3.7,1.000e-10,160,-2.058009,0.217773,0.819059,0.798097
logistic,K,3,5,0.05,3.7,1.000e-10,161,-2.210337,0.149902,0.836957,0.851614
logistic,K,3,5,0.05,3.7,1.000e-10,162,-2.071199,0.210388,0.824131,0.800194
logistic,K,3,5,0.05,3.7,1.000e-10,163,-2.210957,0.151489,0.836335,0.851688
logistic,K,3,5,0.05,3.7,1.000e-10,164,-2.069655,0.212341,0.825960,0.798304
logistic,K,3,5,0.05,3.7,1.000e-10,165,-2.204914,0.152283,0.835300,0.851057
logistic,K,3,5,0.05,3.7,1.000e-10,166,-2.062190,0.211426,0.824433,0.796457
logistic,K,3,5,0.05,3.7,1.000e-10,167,-2.208669,0.146118,0.836867,0.855119
logistic,K,3,5,0.05,3.7,1.000e-10,168,-2.053037,0.218811,0.819497,0.797594
logistic,K,3,5,0.05,3.7,1.000e-10,169,-2.204317,0.153503,0.833583,0.850509
logistic,K,3,5,0.05,3.7,1.000e-10,170,-2.061329,0.210510,0.823445,0.799845
logistic,K,3,5,0.05,3.7,1.000e-10,171,-2.207509,0.153992,0.834430,0.849969
logistic,K,3,5,0.05,3.7,1.000e-10,172,-2.060155,0.220337,0.821368,0.794952
logistic,K,3,5,0.05,3.7,1.000e-10,173,-2.209831,0.152832,0.836051,0.847710
logistic,K,3,5,0.05,3.7,1.000e-10,174,-2.070015,0.214172,0.824837,0.796500
logistic,K,3,5,0.05,3.7,1.000e-10,175,-2.216868,0.151978,0.837925,0.851739
logistic,K,3,5,0.05,3.7,1.000e-10,176,-2.078860,0.210815,0.825296,0.798424
logistic,K,3,5,0.05,3.7,1.000e-10,177,-2.216111,0.150330,0.833439,0.854373
logistic,K,3,5,0.05,3.7,1.000e-10,178,-2.071275,0.209106,0.821730,0.801640
logistic,K,3,5,0.05,3.7,1.000e-10,179,-2.214778,0.150940,0.835907,0.853336
logistic,K,3,5,0.05,3.7,1.000e-10,180,-2.066760,0.213745,0.822384,0.795903
logistic,K,3,5,0.05,3.7,1.000e-10,181,-2.212685,0.154663,0.836786,0.849049
logistic,K,3,5,0.05,3.7,1.000e-10,182,-2.075987,0.207397,0.829093,0.798412
logistic,K,3,5,0.05,3.7,1.000e-10,183,-2.209627,0.152100,0.837904,0.851160
logistic,K,3,5,0.05,3.7,1.000e-10,184,-2.058501,0.216858,0.820226,0.799588
logistic,K,3,5,0.05,3.7,1.000e-10,185,-2.207217,0.155334,0.835008,0.848031
logistic,K,3,5,0.05,3.7,1.000e-10,186,-2.067603,0.207947,0.823308,0.800860
logistic,K,3,5,0.05,3.7,1.000e-10,187,-2.205098,0.153137,0.835806,0.849932
logistic,K,3,5,0.05,3.7,1.000e-10,188,-2.060747,0.213684,0.822773,0.799243
logistic,K,3,5,0.05,3.7,1.000e-10,189,-2.202554,0.156006,0.833433,0.848016
logistic,K,3,5,0.05,3.7,1.000e-10,190,-2.059946,0.213623,0.820628,0.798621
logistic,K,3,5,0.05,3.7,1.000e-10,191,-2.199573,0.155273,0.831429,0.851704
logistic,K,3,5,0.05,3.7,1.000e-10,192,-2.057440,0.214722,0.823333,0.796788
logistic,K,3,5,0.05,3.7,1.000e-10,193,-2.204723,0.154541,0.838944,0.849625
logistic,K,3,5,0.05,3.7,1.000e-10,194,-2.053544,0.216858,0.821869,0.795405
logistic,K,3,5,0.05,3.7,1.000e-10,195,-2.198609,0.156738,0.829564,0.851257
logistic,K,3,5,0.05,3.7,1.000e-10,196,-2.058510,0.215942,0.819025,0.798559
logistic,K,3,5,0.05,3.7,1.000e-10,197,-2.209120,0.153198,0.836736,0.849248
logistic,K,3,5,0.05,3.7,1.000e-10,198,-2.068587,0.216064,0.822377,0.797761
logistic,K,3,5,0.05,3.7,1.000e-10,199,-2.215393,0.149597,0.836715,0.852649
logistic,K,3,5,0.05,3.7,1.000e-10,200,-2.075272,0.213440,0.823142,0.799487
logistic,K,3,5,0.05,3.7,1.000e-10,201,-2.215219,0.150391,0.835860,0.854184
logistic,K,3,5,0.05,3.7,1.000e-10,202,-2.071556,0.208679,0.824148,0.801324
logistic,K,3,5,0.05,3.7,1.000e-10,203,-2.211087,0.152344,0.836081,0.849813
logistic,K,3,5,0.05,3.7,1.000e-10,204,-2.065249,0.211975,0.823671,0.798193
logistic,K,3,5,0.05,3.7,1.000e-10,205,-2.210304,0.151794,0.835021,0.852290
logistic,K,3,5,0.05,3.7,1.000e-10,206,-2.070731,0.209778,0.826273,0.800461
logistic,K,3,5,0.05,3.7,1.000e-10,207,-2.212478,0.151794,0.833678,0.853558
logistic,K,3,5,0.05,3.7,1.000e-10,208,-2.066908,0.205872,0.824153,0.804277
logistic,K,3,5,0.05,3.7,1.000e-10,209,-2.212013,0.147156,0.835176,0.853181
logistic,K,3,5,0.05,3.7,1.000e-10,210,-2.063093,0.213318,0.821302,0.800670
logistic,K,3,5,0.05,3.7,1.000e-10,211,-2.217150,0.149170,0.835106,0.854250
logistic,K,3,5,0.05,3.7,1.000e-10,212,-2.058402,0.215759,0.819448,0.798158
logistic,K,3,5,0.05,3.7,1.000e-10,213,-2.211206,0.152222,0.836708,0.849850
logistic,K,3,5,0.05,3.7,1.000e-10,214,-2.064576,0.218872,0.824375,0.794963
logistic,K,3,5,0.05,3.7,1.000e-10,215,-2.214883,0.147583,0.841938,0.848671
logistic,K,3,5,0.05,3.7,1.000e-10,216,-2.070256,0.212769,0.826517,0.795283
logistic,K,3,5,0.05,3.7,1.000e-10,217,-2.214227,0.151733,0.834141,0.854687
logistic,K,3,5,0.05,3.7,1.000e-10,218,-2.067949,0.209595,0.825788,0.801602
logistic,K,3,5,0.05,3.7,1.000e-10,219,-2.204943,0.152527,0.833944,0.849829
logistic,K,3,5,0.05,3.7,1.000e-10,220,-2.064293,0.216309,0.822295,0.798073
logistic,K,3,5,0.05,3.7,1.000e-10,221,-2.210450,0.150940,0.836023,0.852641
logistic,K,3,5,0.05,3.7,1.000e-10,222,-2.065275,0.205261,0.825310,0.802738
logistic,K,3,5,0.05,3.7,1.000e-10,223,-2.202349,0.157593,0.832091,0.849770
logistic,K,3,5,0.05,3.7,1.000e-10,224,-2.068990,0.210510,0.822961,0.800449
logistic,K,3,5,0.05,3.7,1.000e-10,225,-2.219698,0.149902,0.834876,0.851325
logistic,K,3,5,0.05,3.7,1.000e-10,226,-2.075209,0.207886,0.826593,0.801286
logistic,K,3,5,0.05,3.7,1.000e-10,227,-2.216999,0.153870,0.835952,0.850220
logistic,K,3,5,0.05,3.7,1.000e-10,228,-2.066778,0.208923,0.825086,0.796224
logistic,K,3,5,0.05,3.7,1.000e-10,229,-2.216199,0.152588,0.837975,0.847100
logistic,K,3,5,0.05,3.7,1.000e-10,230,-2.074010,0.209106,0.822255,0.804697
logistic,K,3,5,0.05,3.7,1.000e-10,231,-2.209827,0.151184,0.835039,0.850848
logistic,K,3,5,0.05,3.7,1.000e-10,232,-2.064577,0.215820,0.822279,0.797630
logistic,K,3,5,0.05,3.7,1.000e-10,233,-2.213075,0.153198,0.833124,0.853535
logistic,K,3,5,0.05,3.7,1.000e-10,234,-2.065024,0.213318,0.824199,0.798000
logistic,K,3,5,0.05,3.7,1.000e-10,235,-2.207645,0.149719,0.835833,0.851800
logistic,K,3,5,0.05,3.7,1.000e-10,236,-2.064406,0.214722,0.821045,0.798084
logistic,K,3,5,0.05,3.7,1.000e-10,237,-2.217339,0.149292,0.837079,0.852105
logistic,K,3,5,0.05,3.7,1.000e-10,238,-2.064278,0.206970,0.824928,0.802827
logistic,K,3,5,0.05,3.7,1.000e-10,239,-2.211861,0.151306,0.837453,0.851122
logistic,K,3,5,0.05,3.7,1.000e-10,240,-2.059438,0.214417,0.822837,0.799315
logistic,K,3,5,0.05,3.7,1.000e-10,241,-2.208880,0.149719,0.838344,0.849906
logistic,K,3,5,0.05,3.7,1.000e-10,242,-2.060573,0.216736,0.823804,0.794588
logistic,K,3,5,0.05,3.7,1.000e-10,243,-2.214698,0.147949,0.834562,0.853866
logistic,K,3,5,0.05,3.7,1.000e-10,244,-2.058599,0.215759,0.822460,0.796934
logistic,K,3,5,0.05,3.7,1.000e-10,245,-2.208941,0.152649,0.836097,0.849014
logistic,K,3,5,0.05,3.7,1.000e-10,246,-2.066644,0.215820,0.823740,0.796905
logistic,K,3,5,0.05,3.7,1.000e-10,247,-2.214400,0.147461,0.838220,0.851496
logistic,K,3,5,0.05,3.7,1.000e-10,248,-2.070169,0.213013,0.824868,0.798248
logistic,K,3,5,0.05,3.7,1.000e-10,249,-2.214453,0.150024,0.838602,0.851847
logistic,K,3,5,0.05,3.7,1.000e-10,250,-2.070938,0.213196,0.827031,0.795335
logistic,K,3,5,0.05,3.7,1.000e-10,251,-2.217832,0.150879,0.835917,0.852169
logistic,K,3,5,0.05,3.7,1.000e-10,252,-2.076617,0.210815,0.825002,0.798816
logistic,K,3,5,0.05,3.7,1.000e-10,253,-2.212881,0.152893,0.834959,0.851336
logistic,K,3,5,0.05,3.7,1.000e-10,254,-2.066351,0.213989,0.824707,0.798504
logistic,K,3,5,0.05,3.7,1.000e-10,255,-2.206460,0.155212,0.832124,0.848949
logistic,K,3,5,0.05,3.7,1.000e-10,256,-2.054568,0.218201,0.821048,0.793092
logistic,K,3,5,0.05,3.7,1.000e-10,257,-2.213264,0.154602,0.835359,0.847184
logistic,K,3,5,0.05,3.7,1.000e-10,258,-2.073136,0.213440,0.823219,0.802651
logistic,K,3,5,0.05,3.7,1.000e-10,259,-2.215210,0.150452,0.837243,0.851969
logistic,K,3,5,0.05,3.7,1.000e-10,260,-2.068935,0.211243,0.821357,0.801610
logistic,K,3,5,0.05,3.7,1.000e-10,261,-2.211728,0.153992,0.832560,0.854831
logistic,K,3,5,0.05,3.7,1.000e-10,262,-2.063907,0.213684,0.822615,0.799058
logistic,K,3,5,0.05,3.7,1.000e-10,263,-2.209810,0.154724,0.831263,0.849398
logistic,K,3,5,0.05,3.7,1.000e-10,264,-2.071554,0.211853,0.822121,0.802621
logistic,K,3,5,0.05,3.7,1.000e-10,265,-2.220015,0.150269,0.837050,0.853416
logistic,K,3,5,0.05,3.7,1.000e-10,266,-2.070648,0.206726,0.826359,0.800021
logistic,K,3,5,0.05,3.7,1.000e-10,267,-2.214900,0.146729,0.837272,0.852429
logistic,K,3,5,0.05,3.7,1.000e-10,268,-2.064793,0.213196,0.820245,0.801929
logistic,K,3,5,0.05,3.7,1.000e-10,269,-2.215276,0.149048,0.836504,0.855557
logistic,K,3,5,0.05,3.7,1.000e-10,270,-2.057049,0.212891,0.819000,0.801044
logistic,K,3,5,0.05,3.7,1.000e-10,271,-2.209613,0.153625,0.834344,0.848687
logistic,K,3,5,0.05,3.7,1.000e-10,272,-2.075969,0.212219,0.824970,0.799440
logistic,K,3,5,0.05,3.7,1.000e-10,273,-2.211789,0.150146,0.836334,0.851956
logistic,K,3,5,0.05,3.7,1.000e-10,274,-2.068039,0.211121,0.824158,0.799829
logistic,K,3,5,0.05,3.7,1.000e-10,275,-2.206752,0.155701,0.833443,0.851912
logistic,K,3,5,0.05,3.7,1.000e-10,276,-2.068107,0.209778,0.824726,0.801458
logistic,K,3,5,0.05,3.7,1.000e-10,277,-2.204169,0.154053,0.833569,0.850380
logistic,K,3,5,0.05,3.7,1.000e-10,278,-2.064659,0.215637,0.823566,0.796842
logistic,K,3,5,0.05,3.7,1.000e-10,279,-2.215694,0.147217,0.838769,0.853885
logistic,K,3,5,0.05,3.7,1.000e-10,280,-2.071146,0.216431,0.822532,0.795586
logistic,K,3,5,0.05,3.7,1.000e-10,281,-2.224133,0.146423,0.839382,0.853807
logistic,K,3,5,0.05,3.7,1.000e-10,282,-2.072594,0.208740,0.826234,0.799839
logistic,K,3,5,0.05,3.7,1.000e-10,283,-2.216739,0.150635,0.837832,0.851855
logistic,K,3,5,0.05,3.7,1.000e-10,284,-2.063377,0.215820,0.820112,0.801022
logistic,K,3,5,0.05,3.7,1.000e-10,285,-2.211294,0.150879,0.839681,0.847914
logistic,K,3,5,0.05,3.7,1.000e-10,286,-2.062403,0.214722,0.823110,0.796912
logistic,K,3,5,0.05,3.7,1.000e-10,287,-2.211398,0.148865,0.838416,0.848585
logistic,K,3,5,0.05,3.7,1.000e-10,288,-2.069149,0.211731,0.825315,0.797082
logistic,K,3,5,0.05,3.7,1.000e-10,289,-2.213962,0.152039,0.834716,0.851881
logistic,K,3,5,0.05,3.7,1.000e-10,290,-2.069949,0.211609,0.825640,0.796137
logistic,K,3,5,0.05,3.7,1.000e-10,291,-2.221057,0.148499,0.835428,0.854818
logistic,K,3,5,0.05,3.7,1.000e-10,292,-2.069834,0.212585,0.822679,0.800247
logistic,K,3,5,0.05,3.7,1.000e-10,293,-2.218586,0.148682,0.836021,0.853602
logistic,K,3,5,0.05,3.7,1.000e-10,294,-2.071976,0.214294,0.823273,0.799661
logistic,K,3,5,0.05,3.7,1.000e-10,295,-2.215063,0.145020,0.841938,0.851583
logistic,K,3,5,0.05,3.7,1.000e-10,296,-2.065578,0.209473,0.825400,0.801176
logistic,K,3,5,0.05,3.7,1.000e-10,297,-2.207103,0.155579,0.832126,0.853098
logistic,K,3,5,0.05,3.7,1.000e-10,298,-2.061965,0.212891,0.820015,0.800781
logistic,K,3,5,0.05,3.7,1.000e-10,299,-2.201240,0.154175,0.831776,0.849879
logistic,K,3,5,0.05,3.7,1.000e-10,300,-2.058910,0.213928,0.820291,0.800874
logistic,K,3,5,0.05,3.7,1.000e-10,301,-2.209017,0.154846,0.835500,0.848912
logistic,K,3,5,0.05,3.7,1.000e-10,302,-2.064983,0.210999,0.823836,0.800248
logistic,K,3,5,0.05,3.7,1.000e-10,303,-2.206742,0.153992,0.837284,0.848482
logistic,K,3,5,0.05,3.7,1.000e-10,304,-2.061811,0.211121,0.823812,0.801023
logistic,K,3,5,0.05,3.7,1.000e-10,305,-2.203497,0.151489,0.834560,0.851849
logistic,K,3,5,0.05,3.7,1.000e-10,306,-2.065219,0.217102,0.822259,0.798671
logistic,K,3,5,0.05,3.7,1.000e-10,307,-2.214441,0.153992,0.834079,0.852789
logistic,K,3,5,0.05,3.7,1.000e-10,308,-2.072673,0.209106,0.824228,0.801558
logistic,K,3,5,0.05,3.7,1.000e-10,309,-2.211523,0.155823,0.835608,0.846849
logistic,K,3,5,0.05,3.7,1.000e-10,310,-2.068722,0.215149,0.823151,0.796318
logistic,K,3,5,0.05,3.7,1.000e-10,311,-2.216631,0.151428,0.837884,0.849659
logistic,K,3,5,0.05,3.7,1.000e-10,312,-2.073034,0.210327,0.826888,0.800694
logistic,K,3,5,0.05,3.7,1.000e-10,313,-2.210957,0.149048,0.837243,0.853718
logistic,K,3,5,0.05,3.7,1.000e-10,314,-2.063174,0.210754,0.824491,0.799000
logistic,K,3,5,0.05,3.7,1.000e-10,315,-2.205628,0.151733,0.835485,0.851506
logistic,K,3,5,0.05,3.7,1.000e-10,316,-2.059798,0.214172,0.822014,0.800426
logistic,K,3,5,0.05,3.7,1.000e-10,317,-2.200664,0.152405,0.834170,0.850413
logistic,K,3,5,0.05,3.7,1.000e-10,318,-2.054357,0.216492,0.821006,0.796616
logistic,K,3,5,0.05,3.7,1.000e-10,319,-2.211211,0.148682,0.837798,0.850453
logistic,K,3,5,0.05,3.7,1.000e-10,320,-2.062477,0.215027,0.821070,0.798306
logistic,K,3,5,0.05,3.7,1.000e-10,321,-2.213966,0.150024,0.836769,0.853599
logistic,K,3,5,0.05,3.7,1.000e-10,322,-2.065316,0.210266,0.820503,0.801809
logistic,K,3,5,0.05,3.7,1.000e-10,323,-2.210120,0.156128,0.832792,0.852876
logistic,K,3,5,0.05,3.7,1.000e-10,324,-2.061690,0.213379,0.823468,0.796876
logistic,K,3,5,0.05,3.7,1.000e-10,325,-2.208421,0.156616,0.835393,0.848676
logistic,K,3,5,0.05,3.7,1.000e-10,326,-2.060305,0.215332,0.822620,0.797371
logistic,K,3,5,0.05,3.7,1.000e-10,327,-2.215602,0.148315,0.837967,0.855546
logistic,K,3,5,0.05,3.7,1.000e-10,328,-2.061301,0.213013,0.823420,0.799349
logistic,K,3,5,0.05,3.7,1.000e-10,329,-2.215058,0.150818,0.834451,0.854301
logistic,K,3,5,0.05,3.7,1.000e-10,330,-2.062465,0.212585,0.821005,0.803300
logistic,K,3,5,0.05,3.7,1.000e-10,331,-2.210130,0.147156,0.838657,0.851095
logistic,K,3,5,0.05,3.7,1.000e-10,332,-2.063362,0.211060,0.821967,0.800240
logistic,K,3,5,0.05,3.7,1.000e-10,333,-2.207289,0.154846,0.836347,0.849037
logistic,K,3,5,0.05,3.7,1.000e-10,334,-2.062816,0.211975,0.823407,0.797339
logistic,K,3,5,0.05,3.7,1.000e-10,335,-2.205422,0.154053,0.832198,0.850329
logistic,K,3,5,0.05,3.7,1.000e-10,336,-2.065499,0.212158,0.822628,0.800966
logistic,K,3,5,0.05,3.7,1.000e-10,337,-2.200965,0.150940,0.835514,0.851945
logistic,K,3,5,0.05,3.7,1.000e-10,338,-2.051465,0.213806,0.823596,0.795633
logistic,K,3,5,0.05,3.7,1.000e-10,339,-2.200720,0.157349,0.834829,0.847902
logistic,K,3,5,0.05,3.7,1.000e-10,340,-2.058932,0.217163,0.818143,0.797286
logistic,K,3,5,0.05,3.7,1.000e-10,341,-2.212254,0.153809,0.830992,0.853241
logistic,K,3,5,0.05,3.7,1.000e-10,342,-2.071648,0.209839,0.826269,0.802777
logistic,K,3,5,0.05,3.7,1.000e-10,343,-2.207668,0.149841,0.837364,0.850415
logistic,K,3,5,0.05,3.7,1.000e-10,344,-2.058673,0.217407,0.822029,0.794400
logistic,K,3,5,0.05,3.7,1.000e-10,345,-2.215278,0.153137,0.836967,0.850310
logistic,K,3,5,0.05,3.7,1.000e-10,346,-2.069352,0.211487,0.822246,0.800128
logistic,K,3,5,0.05,3.7,1.000e-10,347,-2.209070,0.150513,0.836657,0.851265
logistic,K,3,5,0.05,3.7,1.000e-10,348,-2.070300,0.212158,0.824833,0.803561
logistic,K,3,5,0.05,3.7,1.000e-10,349,-2.207885,0.146301,0.840615,0.851989
logistic,K,3,5,0.05,3.7,1.000e-10,350,-2.053200,0.216553,0.822682,0.794985
logistic,K,3,5,0.05,3.7,1.000e-10,351,-2.198139,0.153015,0.833951,0.849799
logistic,K,3,5,0.05,3.7,1.000e-10,352,-2.060616,0.214233,0.827420,0.795222
logistic,K,3,5,0.05,3.7,1.000e-10,353,-2.203295,0.154419,0.834163,0.850016
logistic,K,3,5,0.05,3.7,1.000e-10,354,-2.059550,0.216675,0.821946,0.795599
logistic,K,3,5,0.05,3.7,1.000e-10,355,-2.210844,0.153625,0.836299,0.849233
logistic,K,3,5,0.05,3.7,1.000e-10,356,-2.067452,0.216431,0.823867,0.794790
logistic,K,3,5,0.05,3.7,1.000e-10,357,-2.218035,0.148193,0.835959,0.853156
logistic,K,3,5,0.05,3.7,1.000e-10,358,-2.072036,0.211121,0.824215,0.799289
logistic,K,3,5,0.05,3.7,1.000e-10,359,-2.220888,0.147339,0.842832,0.850551
logistic,K,3,5,0.05,3.7,1.000e-10,360,-2.068199,0.210693,0.823139,0.801149
logistic,K,3,5,0.05,3.7,1.000e-10,361,-2.204206,0.150452,0.833599,0.850977
logistic,K,3,5,0.05,3.7,1.000e-10,362,-2.060141,0.216309,0.824292,0.795354
logistic,K,3,5,0.05,3.7,1.000e-10,363,-2.205517,0.148743,0.840090,0.850590
logistic,K,3,5,0.05,3.7,1.000e-10,364,-2.052984,0.214111,0.818140,0.797624
logistic,K,3,5,0.05,3.7,1.000e-10,365,-2.201736,0.154785,0.832985,0.850535
logistic,K,3,5,0.05,3.7,1.000e-10,366,-2.058234,0.213318,0.818555,0.801645
logistic,K,3,5,0.05,3.7,1.000e-10,367,-2.202722,0.150269,0.832964,0.851751
logistic,K,3,5,0.05,3.7,1.000e-10,368,-2.055559,0.219971,0.818976,0.796718
logistic,K,3,5,0.05,3.7,1.000e-10,369,-2.207651,0.151001,0.835461,0.850720
logistic,K,3,5,0.05,3.7,1.000e-10,370,-2.055975,0.216431,0.821533,0.797023
logistic,K,3,5,0.05,3.7,1.000e-10,371,-2.207491,0.152527,0.834346,0.851861
logistic,K,3,5,0.05,3.7,1.000e-10,372,-2.062973,0.211182,0.821707,0.800706
logistic,K,3,5,0.05,3.7,1.000e-10,373,-2.206396,0.153625,0.837475,0.849271
logistic,K,3,5,0.05,3.7,1.000e-10,374,-2.064978,0.213135,0.825534,0.796806
logistic,K,3,5,0.05,3.7,1.000e-10,375,-2.211905,0.150391,0.836039,0.852055
logistic,K,3,5,0.05,3.7,1.000e-10,376,-2.064462,0.211670,0.822358,0.798925
logistic,K,3,5,0.05,3.7,1.000e-10,377,-2.205006,0.156677,0.833738,0.850494
logistic,K,3,5,0.05,3.7,1.000e-10,378,-2.060690,0.215820,0.822408,0.794628
logistic,K,3,5,0.05,3.7,1.000e-10,379,-2.201778,0.151855,0.832782,0.848200
logistic,K,3,5,0.05,3.7,1.000e-10,380,-2.059322,0.217773,0.820553,0.794880
logistic,K,3,5,0.05,3.7,1.000e-10,381,-2.211832,0.152954,0.836560,0.851507
logistic,K,3,5,0.05,3.7,1.000e-10,382,-2.065481,0.217407,0.819508,0.798619
logistic,K,3,5,0.05,3.7,1.000e-10,383,-2.216263,0.150208,0.834999,0.851673
logistic,K,3,5,0.05,3.7,1.000e-10,384,-2.071814,0.217651,0.823668,0.798033
logistic,K,3,5,0.05,3.7,1.000e-10,385,-2.212643,0.148621,0.835797,0.854789
logistic,K,3,5,0.05,3.7,1.000e-10,386,-2.066590,0.214600,0.824674,0.795087
logistic,K,3,5,0.05,3.7,1.000e-10,387,-2.213382,0.151489,0.837774,0.849675
logistic,K,3,5,0.05,3.7,1.000e-10,388,-2.070137,0.208496,0.822888,0.804020
logistic,K,3,5,0.05,3.7,1.000e-10,389,-2.211855,0.152710,0.834879,0.853086
logistic,K,3,5,0.05,3.7,1.000e-10,390,-2.073997,0.210022,0.825266,0.803162
logistic,K,3,5,0.05,3.7,1.000e-10,391,-2.211902,0.149475,0.838742,0.850592
logistic,K,3,5,0.05,3.7,1.000e-10,392,-2.065247,0.210083,0.823959,0.798283
logistic,K,3,5,0.05,3.7,1.000e-10,393,-2.203179,0.153198,0.833736,0.848431
logistic,K,3,5,0.05,3.7,1.000e-10,394,-2.060678,0.213867,0.823552,0.795063
logistic,K,3,5,0.05,3.7,1.000e-10,395,-2.202374,0.154053,0.834477,0.852474
logistic,K,3,5,0.05,3.7,1.000e-10,396,-2.053459,0.214111,0.819268,0.800652
logistic,K,3,5,0.05,3.7,1.000e-10,397,-2.202302,0.154236,0.833071,0.851758
logistic,K,3,5,0.05,3.7,1.000e-10,398,-2.050322,0.217163,0.818548,0.797215
logistic,K,3,5,0.05,3.7,1.000e-10,399,-2.209563,0.151367,0.835290,0.851482
logistic,K,3,5,0.05,3.7,1.000e-10,400,-2.056928,0.217468,0.821321,0.795264
logistic,K,3,5,0.05,3.7,1.000e-08,1,-18.573293,0.000000,1.000000,1.000000
logistic,K,3,5,0.05,3.7,1.000e-08,2,-18.139076,0.000000,1.000000,1.000000
logistic,K,3,5,0.05,3.7,1.000e-08,3,-17.996476,0.000000,1.000000,1.000000
logistic,K,3,5,0.05,3.7,1.000e-08,4,-17.601809,0.000000,1.000000,1.000000
logistic,K,3,5,0.05,3.7,1.000e-08,5,-17.501608,0.000000,1.000000,1.000000
logistic,K,3,5,0.05,3.7,1.000e-08,6,-17.098093,0.000000,1.000000,1.000000
logistic,K,3,5,0.05,3.7,1.000e-08,7,-16.974231,0.000000,1.000000,1.000000
logistic,K,3,5,0.05,3.7,1.000e-08,8,-16.622349,0.000000,1.000000,1.000000
logistic,K,3,5,0.05,3.7,1.000e-08,9,-16.475364,0.000000,1.000000,1.000000
logistic,K,3,5,0.05,3.7,1.000e-08,10,-16.087475,0.000000,1.000000,1.000000
logistic,K,3,5,0.05,3.7,1.000e-08,11,-15.953216,0.000000,1.000000,1.000000
logistic,K,3,5,0.05,3.7,1.000e-08,12,-15.564319,0.000000,1.000000,1.000000
logistic,K,3,5,0.05,3.7,1.000e-08,13,-15.424070,0.000000,1.000000,1.000000
logistic,K,3,5,0.05,3.7,1.000e-08,14,-15.039420,0.000000,1.000000,1.000000
logistic,K,3,5,0.05,3.7,1.000e-08,15,-14.868951,0.000000,1.000000,1.000000
logistic,K,3,5,0.05,3.7,1.000e-08,16,-14.490924,0.000000,1.000000,1.000000
logistic,K,3,5,0.05,3.7,1.000e-08,17,-14.314944,0.000000,1.000000,1.000000
logistic,K,3,5,0.05,3.7,1.000e-08,18,-13.930113,0.000000,1.000000,1.000000
logistic,K,3,5,0.05,3.7,1.000e-08,19,-13.770102,0.000000,1.000000,1.000000
logistic,K,3,5,0.05,3.7,1.000e-08,20,-13.380990,0.000000,1.000000,1.000000
logistic,K,3,5,0.05,3.7,1.000e-08,21,-13.206348,0.000000,1.000000,1.000000
logistic,K,3,5,0.05,3.7,1.000e-08,22,-12.823836,0.000000,1.000000,1.000000
logistic,K,3,5,0.05,3.7,1.000e-08,23,-12.632407,0.000000,1.000000,1.000000
logistic,K,3,5,0.05,3.7,1.000e-08,24,-12.252474,0.000000,1.000000,1.000000
logistic,K,3,5,0.05,3.7,1.000e-08,25,-12.069398,0.000000,1.000000,1.000000
logistic,K,3,5,0.05,3.7,1.000e-08,26,-11.690358,0.000000,1.000000,1.000000
logistic,K,3,5,0.05,3.7,1.000e-08,27,-11.501517,0.000000,1.000000,1.000000
logistic,K,3,5,0.05,3.7,1.000e-08,28,-11.113739,0.000000,1.000000,1.000000
logistic,K,3,5,0.05,3.7,1.000e-08,29,-10.928416,0.000000,1.000000,1.000000
logistic,K,3,5,0.05,3.7,1.000e-08,30,-10.540756,0.000000,1.000000,1.000000
logistic,K,3,5,0.05,3.7,1.000e-08,31,-10.352082,0.000000,1.000000,1.000000
logistic,K,3,5,0.05,3.7,1.000e-08,32,-9.973714,0.000000,1.000000,1.000000
logistic,K,3,5,0.05,3.7,1.000e-08,33,-9.783977,0.000000,1.000000,1.000000
logistic,K,3,5,0.05,3.7,1.000e-08,34,-9.405589,0.000000,0.999999,0.999999
logistic,K,3,5,0.05,3.7,1.000e-08,35,-9.212463,0.000000,0.999999,0.999999
logistic,K,3,5,0.05,3.7,1.000e-08,36,-8.830614,0.000000,0.999998,0.999997
logistic,K,3,5,0.05,3.7,1.000e-08,37,-8.634531,0.000000,0.999996,0.999995
logistic,K,3,5,0.05,3.7,1.000e-08,38,-8.252778,0.000000,0.999991,0.999987
logistic,K,3,5,0.05,3.7,1.000e-08,39,-8.060725,0.000000,0.999985,0.999983
logistic,K,3,5,0.05,3.7,1.000e-08,40,-7.677258,0.000000,0.999967,0.999956
logistic,K,3,5,0.05,3.7,1.000e-08,41,-7.482862,0.000000,0.999946,0.999935
logistic,K,3,5,0.05,3.7,1.000e-08,42,-7.106645,0.000000,0.999887,0.999838
logistic,K,3,5,0.05,3.7,1.000e-08,43,-6.911942,0.000000,0.999798,0.999769
logistic,K,3,5,0.05,3.7,1.000e-08,44,-6.527958,0.000000,0.999579,0.999414
logistic,K,3,5,0.05,3.7,1.000e-08,45,-6.338678,0.000000,0.999294,0.999180
logistic,K,3,5,0.05,3.7,1.000e-08,46,-5.963010,0.000000,0.998456,0.997925
logistic,K,3,5,0.05,3.7,1.000e-08,47,-5.764092,0.000610,0.997315,0.997079
logistic,K,3,5,0.05,3.7,1.000e-08,48,-5.386216,0.001038,0.994802,0.992998
logistic,K,3,5,0.05,3.7,1.000e-08,49,-5.193443,0.002869,0.992504,0.991300
logistic,K,3,5,0.05,3.7,1.000e-08,50,-4.826585,0.010437,0.985015,0.980154
logistic,K,3,5,0.05,3.7,1.000e-08,51,-4.651964,0.009155,0.981115,0.980990
logistic,K,3,5,0.05,3.7,1.000e-08,52,-4.287559,0.033691,0.965955,0.956875
logistic,K,3,5,0.05,3.7,1.000e-08,53,-4.155737,0.022522,0.967824,0.963655
logistic,K,3,5,0.05,3.7,1.000e-08,54,-3.813807,0.059814,0.944782,0.932261
logistic,K,3,5,0.05,3.7,1.000e-08,55,-3.712671,0.039185,0.949327,0.945493
logistic,K,3,5,0.05,3.7,1.000e-08,56,-3.407623,0.089844,0.924069,0.904653
logistic,K,3,5,0.05,3.7,1.000e-08,57,-3.347846,0.056274,0.928766,0.929665
logistic,K,3,5,0.05,3.7,1.000e-08,58,-3.072337,0.118713,0.900421,0.880463
logistic,K,3,5,0.05,3.7,1.000e-08,59,-3.055388,0.075989,0.910663,0.910665
logistic,K,3,5,0.05,3.7,1.000e-08,60,-2.805746,0.136597,0.885287,0.863172
logistic,K,3,5,0.05,3.7,1.000e-08,61,-2.819303,0.093445,0.893669,0.896329
logistic,K,3,5,0.05,3.7,1.000e-08,62,-2.601726,0.159363,0.870116,0.843524
logistic,K,3,5,0.05,3.7,1.000e-08,63,-2.649275,0.108643,0.877296,0.885498
logistic,K,3,5,0.05,3.7,1.000e-08,64,-2.447446,0.177551,0.856327,0.832033
logistic,K,3,5,0.05,3.7,1.000e-08,65,-2.517659,0.118042,0.867432,0.874594
logistic,K,3,5,0.05,3.7,1.000e-08,66,-2.333892,0.182922,0.844893,0.823587
logistic,K,3,5,0.05,3.7,1.000e-08,67,-2.426583,0.123901,0.861815,0.866994
logistic,K,3,5,0.05,3.7,1.000e-08,68,-2.254271,0.194885,0.839648,0.815590
logistic,K,3,5,0.05,3.7,1.000e-08,69,-2.357114,0.134583,0.851856,0.863419
logistic,K,3,5,0.05,3.7,1.000e-08,70,-2.192074,0.194580,0.833356,0.814998
logistic,K,3,5,0.05,3.7,1.000e-08,71,-2.298179,0.144409,0.842817,0.859489
logistic,K,3,5,0.05,3.7,1.000e-08,72,-2.142517,0.205811,0.828232,0.807390
logistic,K,3,5,0.05,3.7,1.000e-08,73,-2.270339,0.145020,0.841534,0.854629
logistic,K,3,5,0.05,3.7,1.000e-08,74,-2.110890,0.205566,0.828749,0.803376
logistic,K,3,5,0.05,3.7,1.000e-08,75,-2.248605,0.151428,0.841839,0.851800
logistic,K,3,5,0.05,3.7,1.000e-08,76,-2.100413,0.206787,0.827458,0.803158
logistic,K,3,5,0.05,3.7,1.000e-08,77,-2.236416,0.149597,0.836420,0.853684
logistic,K,3,5,0.05,3.7,1.000e-08,78,-2.090864,0.205750,0.826685,0.802324
logistic,K,3,5,0.05,3.7,1.000e-08,79,-2.228280,0.149353,0.838075,0.852600
logistic,K,3,5,0.05,3.7,1.000e-08,80,-2.076932,0.209412,0.822039,0.801448
logistic,K,3,5,0.05,3.7,1.000e-08,81,-2.216463,0.150940,0.836074,0.851761
logistic,K,3,5,0.05,3.7,1.000e-08,82,-2.066459,0.217590,0.820030,0.799935
logistic,K,3,5,0.05,3.7,1.000e-08,83,-2.222265,0.147095,0.837508,0.855553
logistic,K,3,5,0.05,3.7,1.000e-08,84,-2.063938,0.219299,0.818654,0.797780
logistic,K,3,5,0.05,3.7,1.000e-08,85,-2.218317,0.150513,0.838138,0.849916
logistic,K,3,5,0.05,3.7,1.000e-08,86,-2.073631,0.214050,0.825841,0.795665
logistic,K,3,5,0.05,3.7,1.000e-08,87,-2.221169,0.151184,0.839929,0.850975
logistic,K,3,5,0.05,3.7,1.000e-08,88,-2.075704,0.211182,0.822885,0.802116
logistic,K,3,5,0.05,3.7,1.000e-08,89,-2.212881,0.153320,0.836745,0.848696
logistic,K,3,5,0.05,3.7,1.000e-08,90,-2.069485,0.216675,0.820210,0.799336
logistic,K,3,5,0.05,3.7,1.000e-08,91,-2.216185,0.154541,0.833060,0.851319
logistic,K,3,5,0.05,3.7,1.000e-08,92,-2.079632,0.213135,0.820895,0.801060
logistic,K,3,5,0.05,3.7,1.000e-08,93,-2.228926,0.148987,0.837625,0.852838
logistic,K,3,5,0.05,3.7,1.000e-08,94,-2.086412,0.207397,0.829714,0.800184
logistic,K,3,5,0.05,3.7,1.000e-08,95,-2.229749,0.148621,0.839125,0.852927
logistic,K,3,5,0.05,3.7,1.000e-08,96,-2.079743,0.209961,0.824796,0.803872
logistic,K,3,5,0.05,3.7,1.000e-08,97,-2.225021,0.147888,0.837657,0.854775
logistic,K,3,5,0.05,3.7,1.000e-08,98,-2.074587,0.215942,0.823875,0.800271
logistic,K,3,5,0.05,3.7,1.000e-08,99,-2.210589,0.153931,0.834640,0.851910
logistic,K,3,5,0.05,3.7,1.000e-08,100,-2.061275,0.213257,0.825339,0.794631
logistic,K,3,5,0.05,3.7,1.000e-08,101,-2.215068,0.151245,0.838192,0.848134
logistic,K,3,5,0.05,3.7,1.000e-08,102,-2.072874,0.210083,0.825427,0.800514
logistic,K,3,5,0.05,3.7,1.000e-08,103,-2.222593,0.152283,0.837601,0.852968
logistic,K,3,5,0.05,3.7,1.000e-08,104,-2.072970,0.210999,0.824213,0.801952
logistic,K,3,5,0.05,3.7,1.000e-08,105,-2.219215,0.151794,0.834572,0.854202
logistic,K,3,5,0.05,3.7,1.000e-08,106,-2.070838,0.215393,0.820608,0.799593
logistic,K,3,5,0.05,3.7,1.000e-08,107,-2.215886,0.149597,0.836460,0.853844
logistic,K,3,5,0.05,3.7,1.000e-08,108,-2.077472,0.212585,0.824425,0.799432
logistic,K,3,5,0.05,3.7,1.000e-08,109,-2.215796,0.152100,0.835956,0.852750
logistic,K,3,5,0.05,3.7,1.000e-08,110,-2.069440,0.215210,0.826132,0.796408
logistic,K,3,5,0.05,3.7,1.000e-08,111,-2.207261,0.146301,0.836459,0.853632
logistic,K,3,5,0.05,3.7,1.000e-08,112,-2.065081,0.217102,0.821614,0.799153
logistic,K,3,5,0.05,3.7,1.000e-08,113,-2.205636,0.151184,0.835970,0.851828
logistic,K,3,5,0.05,3.7,1.000e-08,114,-2.063989,0.209656,0.824426,0.797120
logistic,K,3,5,0.05,3.7,1.000e-08,115,-2.200268,0.158264,0.831501,0.848235
logistic,K,3,5,0.05,3.7,1.000e-08,116,-2.062595,0.213989,0.820464,0.798810
logistic,K,3,5,0.05,3.7,1.000e-08,117,-2.204776,0.147888,0.836518,0.850438
logistic,K,3,5,0.05,3.7,1.000e-08,118,-2.059611,0.220581,0.821896,0.794859
logistic,K,3,5,0.05,3.7,1.000e-08,119,-2.212554,0.150146,0.837429,0.853016
logistic,K,3,5,0.05,3.7,1.000e-08,120,-2.068088,0.213257,0.823761,0.796170
logistic,K,3,5,0.05,3.7,1.000e-08,121,-2.218961,0.147644,0.840735,0.852081
logistic,K,3,5,0.05,3.7,1.000e-08,122,-2.071091,0.212524,0.824686,0.800394
logistic,K,3,5,0.05,3.7,1.000e-08,123,-2.209594,0.147949,0.836940,0.854934
logistic,K,3,5,0.05,3.7,1.000e-08,124,-2.056366,0.217590,0.820452,0.797769
logistic,K,3,5,0.05,3.7,1.000e-08,125,-2.209122,0.152649,0.836493,0.852049
logistic,K,3,5,0.05,3.7,1.000e-08,126,-2.061810,0.216003,0.820115,0.799403
logistic,K,3,5,0.05,3.7,1.000e-08,127,-2.211827,0.150269,0.837551,0.849956
logistic,K,3,5,0.05,3.7,1.000e-08,128,-2.062627,0.216125,0.824029,0.795502
logistic,K,3,5,0.05,3.7,1.000e-08,129,-2.217144,0.148499,0.841399,0.850351
logistic,K,3,5,0.05,3.7,1.000e-08,130,-2.061500,0.209900,0.824312,0.799051
logistic,K,3,5,0.05,3.7,1.000e-08,131,-2.211955,0.153137,0.837493,0.850288
logistic,K,3,5,0.05,3.7,1.000e-08,132,-2.063195,0.211670,0.823175,0.799467
logistic,K,3,5,0.05,3.7,1.000e-08,133,-2.206532,0.149719,0.833935,0.851927
logistic,K,3,5,0.05,3.7,1.000e-08,134,-2.060112,0.219238,0.822605,0.793970
logistic,K,3,5,0.05,3.7,1.000e-08,135,-2.212805,0.153381,0.836001,0.849257
logistic,K,3,5,0.05,3.7,1.000e-08,136,-2.071787,0.210693,0.822346,0.798696
logistic,K,3,5,0.05,3.7,1.000e-08,137,-2.213266,0.148560,0.837162,0.850756
logistic,K,3,5,0.05,3.7,1.000e-08,138,-2.071866,0.212280,0.821237,0.803176
logistic,K,3,5,0.05,3.7,1.000e-08,139,-2.215640,0.149719,0.836895,0.853062
logistic,K,3,5,0.05,3.7,1.000e-08,140,-2.074948,0.216248,0.821620,0.799195
logistic,K,3,5,0.05,3.7,1.000e-08,141,-2.218999,0.151611,0.836808,0.852204
logistic,K,3,5,0.05,3.7,1.000e-08,142,-2.076438,0.212952,0.823341,0.800063
logistic,K,3,5,0.05,3.7,1.000e-08,143,-2.209398,0.151550,0.836580,0.850244
logistic,K,3,5,0.05,3.7,1.000e-08,144,-2.072444,0.212524,0.824088,0.797595
logistic,K,3,5,0.05,3.7,1.000e-08,145,-2.218250,0.151306,0.837855,0.852013
logistic,K,3,5,0.05,3.7,1.000e-08,146,-2.073406,0.207764,0.827776,0.800839
logistic,K,3,5,0.05,3.7,1.000e-08,147,-2.207515,0.148621,0.836549,0.851278
logistic,K,3,5,0.05,3.7,1.000e-08,148,-2.060337,0.219666,0.819811,0.799003
logistic,K,3,5,0.05,3.7,1.000e-08,149,-2.216252,0.151428,0.835518,0.852730
logistic,K,3,5,0.05,3.7,1.000e-08,150,-2.063700,0.211853,0.819307,0.801237
logistic,K,3,5,0.05,3.7,1.000e-08,151,-2.212559,0.151184,0.835050,0.853196
logistic,K,3,5,0.05,3.7,1.000e-08,152,-2.069823,0.211365,0.822404,0.804272
logistic,K,3,5,0.05,3.7,1.000e-08,153,-2.210576,0.152771,0.836441,0.850635
logistic,K,3,5,0.05,3.7,1.000e-08,154,-2.065272,0.212402,0.823951,0.797924
logistic,K,3,5,0.05,3.7,1.000e-08,155,-2.215281,0.151184,0.835984,0.853574
logistic,K,3,5,0.05,3.7,1.000e-08,156,-2.066336,0.208313,0.824937,0.802641
logistic,K,3,5,0.05,3.7,1.000e-08,157,-2.205468,0.153015,0.834237,0.851115
logistic,K,3,5,0.05,3.7,1.000e-08,158,-2.067520,0.212280,0.820328,0.801020
logistic,K,3,5,0.05,3.7,1.000e-08,159,-2.205800,0.152283,0.830617,0.853127
logistic,K,3,5,0.05,3.7,1.000e-08,160,-2.072572,0.211609,0.825823,0.799301
logistic,K,3,5,0.05,3.7,1.000e-08,161,-2.213217,0.149109,0.837924,0.852357
logistic,K,3,5,0.05,3.7,1.000e-08,162,-2.064563,0.213623,0.825002,0.796831
logistic,K,3,5,0.05,3.7,1.000e-08,163,-2.212388,0.155396,0.832225,0.853960
logistic,K,3,5,0.05,3.7,1.000e-08,164,-2.069914,0.213745,0.824099,0.797744
logistic,K,3,5,0.05,3.7,1.000e-08,165,-2.216864,0.156799,0.836567,0.848760
logistic,K,3,5,0.05,3.7,1.000e-08,166,-2.074160,0.207275,0.828831,0.799085
logistic,K,3,5,0.05,3.7,1.000e-08,167,-2.214924,0.148499,0.838712,0.851355
logistic,K,3,5,0.05,3.7,1.000e-08,168,-2.071354,0.213196,0.823833,0.801160
logistic,K,3,5,0.05,3.7,1.000e-08,169,-2.210584,0.149780,0.837855,0.853360
logistic,K,3,5,0.05,3.7,1.000e-08,170,-2.065127,0.210022,0.821055,0.803027
logistic,K,3,5,0.05,3.7,1.000e-08,171,-2.205260,0.148499,0.836964,0.851722
logistic,K,3,5,0.05,3.7,1.000e-08,172,-2.057512,0.216736,0.824243,0.795475
logistic,K,3,5,0.05,3.7,1.000e-08,173,-2.202044,0.151794,0.834709,0.850576
logistic,K,3,5,0.05,3.7,1.000e-08,174,-2.063194,0.211182,0.823535,0.798609
logistic,K,3,5,0.05,3.7,1.000e-08,175,-2.206958,0.156921,0.833877,0.852066
logistic,K,3,5,0.05,3.7,1.000e-08,176,-2.055643,0.217529,0.819778,0.800307
logistic,K,3,5,0.05,3.7,1.000e-08,177,-2.194412,0.155151,0.830735,0.849368
logistic,K,3,5,0.05,3.7,1.000e-08,178,-2.051292,0.220276,0.819630,0.794276
logistic,K,3,5,0.05,3.7,1.000e-08,179,-2.204410,0.151794,0.836919,0.849132
logistic,K,3,5,0.05,3.7,1.000e-08,180,-2.061486,0.211914,0.823696,0.796534
logistic,K,3,5,0.05,3.7,1.000e-08,181,-2.209733,0.151245,0.837123,0.849847
logistic,K,3,5,0.05,3.7,1.000e-08,182,-2.063049,0.212646,0.822675,0.799326
logistic,K,3,5,0.05,3.7,1.000e-08,183,-2.205354,0.155640,0.832688,0.848866
logistic,K,3,5,0.05,3.7,1.000e-08,184,-2.068930,0.210144,0.824424,0.800440
logistic,K,3,5,0.05,3.7,1.000e-08,185,-2.210709,0.155029,0.834696,0.848831
logistic,K,3,5,0.05,3.7,1.000e-08,186,-2.066084,0.209717,0.823859,0.800037
logistic,K,3,5,0.05,3.7,1.000e-08,187,-2.209023,0.153198,0.834836,0.851099
logistic,K,3,5,0.05,3.7,1.000e-08,188,-2.070073,0.213623,0.823855,0.798389
logistic,K,3,5,0.05,3.7,1.000e-08,189,-2.205799,0.157654,0.832262,0.850347
logistic,K,3,5,0.05,3.7,1.000e-08,190,-2.072275,0.208374,0.824145,0.800368
logistic,K,3,5,0.05,3.7,1.000e-08,191,-2.211986,0.152771,0.838498,0.849148
logistic,K,3,5,0.05,3.7,1.000e-08,192,-2.065411,0.212158,0.825057,0.798213
logistic,K,3,5,0.05,3.7,1.000e-08,193,-2.205157,0.151428,0.835205,0.851614
logistic,K,3,5,0.05,3.7,1.000e-08,194,-2.058037,0.216064,0.821963,0.796951
logistic,K,3,5,0.05,3.7,1.000e-08,195,-2.198741,0.153442,0.831581,0.851037
logistic,K,3,5,0.05,3.7,1.000e-08,196,-2.055272,0.217163,0.821814,0.794748
logistic,K,3,5,0.05,3.7,1.000e-08,197,-2.198474,0.156189,0.833637,0.850326
logistic,K,3,5,0.05,3.7,1.000e-08,198,-2.058831,0.213440,0.820432,0.798499
logistic,K,3,5,0.05,3.7,1.000e-08,199,-2.200596,0.152161,0.832838,0.850164
logistic,K,3,5,0.05,3.7,1.000e-08,200,-2.062164,0.214355,0.824049,0.798688
logistic,K,3,5,0.05,3.7,1.000e-08,201,-2.204594,0.147461,0.836271,0.853138
logistic,K,3,5,0.05,3.7,1.000e-08,202,-2.058325,0.217529,0.822066,0.796673
logistic,K,3,5,0.05,3.7,1.000e-08,203,-2.205561,0.155579,0.833376,0.851900
logistic,K,3,5,0.05,3.7,1.000e-08,204,-2.062408,0.211121,0.826104,0.798195
logistic,K,3,5,0.05,3.7,1.000e-08,205,-2.207302,0.152039,0.837148,0.849258
logistic,K,3,5,0.05,3.7,1.000e-08,206,-2.060209,0.217590,0.822603,0.798637
logistic,K,3,5,0.05,3.7,1.000e-08,207,-2.213615,0.150757,0.838164,0.851174
logistic,K,3,5,0.05,3.7,1.000e-08,208,-2.063968,0.211792,0.820488,0.801641
logistic,K,3,5,0.05,3.7,1.000e-08,209,-2.214226,0.150513,0.839665,0.851056
logistic,K,3,5,0.05,3.7,1.000e-08,210,-2.064947,0.214905,0.823002,0.799741
logistic,K,3,5,0.05,3.7,1.000e-08,211,-2.205175,0.155579,0.833784,0.849730
logistic,K,3,5,0.05,3.7,1.000e-08,212,-2.056733,0.219421,0.819464,0.795193
logistic,K,3,5,0.05,3.7,1.000e-08,213,-2.206084,0.151489,0.835562,0.848733
logistic,K,3,5,0.05,3.7,1.000e-08,214,-2.067846,0.214600,0.823280,0.797392
logistic,K,3,5,0.05,3.7,1.000e-08,215,-2.212101,0.148926,0.839601,0.851686
logistic,K,3,5,0.05,3.7,1.000e-08,216,-2.065366,0.216370,0.822987,0.797121
logistic,K,3,5,0.05,3.7,1.000e-08,217,-2.208202,0.149719,0.834448,0.853123
logistic,K,3,5,0.05,3.7,1.000e-08,218,-2.065534,0.208435,0.823938,0.801235
logistic,K,3,5,0.05,3.7,1.000e-08,219,-2.208776,0.149170,0.835768,0.852442
logistic,K,3,5,0.05,3.7,1.000e-08,220,-2.056339,0.216675,0.822049,0.798453
logistic,K,3,5,0.05,3.7,1.000e-08,221,-2.197331,0.153748,0.832969,0.850390
logistic,K,3,5,0.05,3.7,1.000e-08,222,-2.050930,0.215515,0.819397,0.795359
logistic,K,3,5,0.05,3.7,1.000e-08,223,-2.206019,0.150085,0.833365,0.851699
logistic,K,3,5,0.05,3.7,1.000e-08,224,-2.064761,0.214417,0.822601,0.799466
logistic,K,3,5,0.05,3.7,1.000e-08,225,-2.202719,0.153992,0.832603,0.851272
logistic,K,3,5,0.05,3.7,1.000e-08,226,-2.058403,0.214844,0.821664,0.799525
logistic,K,3,5,0.05,3.7,1.000e-08,227,-2.199752,0.149109,0.834820,0.851675
logistic,K,3,5,0.05,3.7,1.000e-08,228,-2.057037,0.213379,0.824602,0.798086
logistic,K,3,5,0.05,3.7,1.000e-08,229,-2.198436,0.153259,0.833579,0.851704
logistic,K,3,5,0.05,3.7,1.000e-08,230,-2.050722,0.216797,0.820884,0.795416
logistic,K,3,5,0.05,3.7,1.000e-08,231,-2.203268,0.155945,0.833432,0.850160
logistic,K,3,5,0.05,3.7,1.000e-08,232,-2.056967,0.213623,0.817865,0.800062
logistic,K,3,5,0.05,3.7,1.000e-08,233,-2.200607,0.151489,0.834490,0.849139
logistic,K,3,5,0.05,3.7,1.000e-08,234,-2.056039,0.215576,0.822905,0.796475
logistic,K,3,5,0.05,3.7,1.000e-08,235,-2.202375,0.148438,0.838992,0.851559
logistic,K,3,5,0.05,3.7,1.000e-08,236,-2.049543,0.215332,0.821884,0.796455
logistic,K,3,5,0.05,3.7,1.000e-08,237,-2.202766,0.155273,0.836004,0.844848
logistic,K,3,5,0.05,3.7,1.000e-08,238,-2.063572,0.216064,0.821654,0.798706
logistic,K,3,5,0.05,3.7,1.000e-08,239,-2.210940,0.153320,0.834794,0.850049
logistic,K,3,5,0.05,3.7,1.000e-08,240,-2.063602,0.214355,0.819742,0.798911
logistic,K,3,5,0.05,3.7,1.000e-08,241,-2.218030,0.152588,0.835332,0.852921
logistic,K,3,5,0.05,3.7,1.000e-08,242,-2.076305,0.205261,0.827257,0.801704
logistic,K,3,5,0.05,3.7,1.000e-08,243,-2.215653,0.150208,0.837661,0.850102
logistic,K,3,5,0.05,3.7,1.000e-08,244,-2.072530,0.209839,0.826732,0.799587
logistic,K,3,5,0.05,3.7,1.000e-08,245,-2.210058,0.148560,0.833717,0.856295
logistic,K,3,5,0.05,3.7,1.000e-08,246,-2.063191,0.214661,0.824033,0.798741
logistic,K,3,5,0.05,3.7,1.000e-08,247,-2.199333,0.152161,0.836229,0.850769
logistic,K,3,5,0.05,3.7,1.000e-08,248,-2.056232,0.217712,0.824367,0.793002
logistic,K,3,5,0.05,3.7,1.000e-08,249,-2.204891,0.148071,0.835673,0.852205
logistic,K,3,5,0.05,3.7,1.000e-08,250,-2.065000,0.215271,0.824614,0.798719
logistic,K,3,5,0.05,3.7,1.000e-08,251,-2.214622,0.147278,0.840354,0.851952
logistic,K,3,5,0.05,3.7,1.000e-08,252,-2.067122,0.210388,0.824368,0.797984
logistic,K,3,5,0.05,3.7,1.000e-08,253,-2.209463,0.152039,0.832789,0.852618
logistic,K,3,5,0.05,3.7,1.000e-08,254,-2.069338,0.213806,0.823606,0.798081
logistic,K,3,5,0.05,3.7,1.000e-08,255,-2.214633,0.148254,0.835099,0.853090
logistic,K,3,5,0.05,3.7,1.000e-08,256,-2.064412,0.216125,0.822847,0.795824
logistic,K,3,5,0.05,3.7,1.000e-08,257,-2.216543,0.151001,0.836796,0.849960
logistic,K,3,5,0.05,3.7,1.000e-08,258,-2.066986,0.210388,0.825306,0.799510
logistic,K,3,5,0.05,3.7,1.000e-08,259,-2.212042,0.150024,0.837198,0.850532
logistic,K,3,5,0.05,3.7,1.000e-08,260,-2.063990,0.216919,0.821989,0.795839
logistic,K,3,5,0.05,3.7,1.000e-08,261,-2.217937,0.153076,0.834378,0.849862
logistic,K,3,5,0.05,3.7,1.000e-08,262,-2.075275,0.211121,0.825030,0.800032
logistic,K,3,5,0.05,3.7,1.000e-08,263,-2.215556,0.155945,0.834585,0.847626
logistic,K,3,5,0.05,3.7,1.000e-08,264,-2.080042,0.208801,0.826999,0.800150
logistic,K,3,5,0.05,3.7,1.000e-08,265,-2.225198,0.148743,0.840730,0.851625
logistic,K,3,5,0.05,3.7,1.000e-08,266,-2.076647,0.207031,0.826255,0.801464
logistic,K,3,5,0.05,3.7,1.000e-08,267,-2.212975,0.148315,0.837020,0.853817
logistic,K,3,5,0.05,3.7,1.000e-08,268,-2.070046,0.208008,0.822632,0.801835
logistic,K,3,5,0.05,3.7,1.000e-08,269,-2.210326,0.148804,0.833953,0.854981
logistic,K,3,5,0.05,3.7,1.000e-08,270,-2.064933,0.212097,0.822665,0.800611
logistic,K,3,5,0.05,3.7,1.000e-08,271,-2.210873,0.148804,0.834518,0.853756
logistic,K,3,5,0.05,3.7,1.000e-08,272,-2.060360,0.212830,0.818934,0.800748
logistic,K,3,5,0.05,3.7,1.000e-08,273,-2.209853,0.153198,0.838536,0.847471
logistic,K,3,5,0.05,3.7,1.000e-08,274,-2.063729,0.211670,0.824679,0.798983
logistic,K,3,5,0.05,3.7,1.000e-08,275,-2.207865,0.155701,0.831864,0.850880
logistic,K,3,5,0.05,3.7,1.000e-08,276,-2.071290,0.212952,0.825141,0.796667
logistic,K,3,5,0.05,3.7,1.000e-08,277,-2.216488,0.152588,0.837425,0.850933
logistic,K,3,5,0.05,3.7,1.000e-08,278,-2.070665,0.213196,0.821784,0.801526
logistic,K,3,5,0.05,3.7,1.000e-08,279,-2.215341,0.149902,0.838409,0.852486
logistic,K,3,5,0.05,3.7,1.000e-08,280,-2.070363,0.209717,0.824923,0.798891
logistic,K,3,5,0.05,3.7,1.000e-08,281,-2.214580,0.150879,0.836491,0.854256
logistic,K,3,5,0.05,3.7,1.000e-08,282,-2.079176,0.207458,0.826329,0.804942
logistic,K,3,5,0.05,3.7,1.000e-08,283,-2.213798,0.148560,0.839215,0.851353
logistic,K,3,5,0.05,3.7,1.000e-08,284,-2.069529,0.208740,0.823766,0.802064
logistic,K,3,5,0.05,3.7,1.000e-08,285,-2.213049,0.145386,0.840544,0.853831
logistic,K,3,5,0.05,3.7,1.000e-08,286,-2.067495,0.211670,0.825574,0.797874
logistic,K,3,5,0.05,3.7,1.000e-08,287,-2.205520,0.156006,0.832984,0.851604
logistic,K,3,5,0.05,3.7,1.000e-08,288,-2.064019,0.212952,0.821346,0.796916
logistic,K,3,5,0.05,3.7,1.000e-08,289,-2.214609,0.146057,0.837891,0.853777
logistic,K,3,5,0.05,3.7,1.000e-08,290,-2.061864,0.216064,0.822154,0.800162
logistic,K,3,5,0.05,3.7,1.000e-08,291,-2.203569,0.151550,0.834573,0.852967
logistic,K,3,5,0.05,3.7,1.000e-08,292,-2.056812,0.215576,0.821117,0.795852
logistic,K,3,5,0.05,3.7,1.000e-08,293,-2.215566,0.149353,0.838543,0.848577
logistic,K,3,5,0.05,3.7,1.000e-08,294,-2.075026,0.210754,0.825671,0.801829
logistic,K,3,5,0.05,3.7,1.000e-08,295,-2.216964,0.145447,0.839702,0.852691
logistic,K,3,5,0.05,3.7,1.000e-08,296,-2.067126,0.211548,0.821950,0.799522
logistic,K,3,5,0.05,3.7,1.000e-08,297,-2.207155,0.157288,0.829880,0.853182
logistic,K,3,5,0.05,3.7,1.000e-08,298,-2.075346,0.210632,0.823051,0.801801
logistic,K,3,5,0.05,3.7,1.000e-08,299,-2.220973,0.147522,0.837887,0.852815
logistic,K,3,5,0.05,3.7,1.000e-08,300,-2.075974,0.209167,0.825631,0.802349
logistic,K,3,5,0.05,3.7,1.000e-08,301,-2.208139,0.152710,0.837672,0.853942
logistic,K,3,5,0.05,3.7,1.000e-08,302,-2.060374,0.214600,0.821405,0.798596
logistic,K,3,5,0.05,3.7,1.000e-08,303,-2.206783,0.149658,0.836353,0.851111
logistic,K,3,5,0.05,3.7,1.000e-08,304,-2.068685,0.211365,0.827385,0.799244
logistic,K,3,5,0.05,3.7,1.000e-08,305,-2.208460,0.150635,0.838294,0.851461
logistic,K,3,5,0.05,3.7,1.000e-08,306,-2.059609,0.211792,0.823183,0.797639
logistic,K,3,5,0.05,3.7,1.000e-08,307,-2.204702,0.155090,0.834177,0.850939
logistic,K,3,5,0.05,3.7,1.000e-08,308,-2.061246,0.213257,0.822757,0.802484
logistic,K,3,5,0.05,3.7,1.000e-08,309,-2.201827,0.151550,0.835726,0.849814
logistic,K,3,5,0.05,3.7,1.000e-08,310,-2.056408,0.221436,0.820946,0.794144
logistic,K,3,5,0.05,3.7,1.000e-08,311,-2.207988,0.146790,0.838474,0.851788
logistic,K,3,5,0.05,3.7,1.000e-08,312,-2.057980,0.212708,0.822122,0.797631
logistic,K,3,5,0.05,3.7,1.000e-08,313,-2.206587,0.154724,0.833706,0.853236
logistic,K,3,5,0.05,3.7,1.000e-08,314,-2.065373,0.209167,0.823919,0.802654
logistic,K,3,5,0.05,3.7,1.000e-08,315,-2.208305,0.154053,0.832324,0.853090
logistic,K,3,5,0.05,3.7,1.000e-08,316,-2.060567,0.212769,0.819105,0.801891
logistic,K,3,5,0.05,3.7,1.000e-08,317,-2.204811,0.148743,0.838547,0.851720
logistic,K,3,5,0.05,3.7,1.000e-08,318,-2.057661,0.215759,0.819342,0.799829
logistic,K,3,5,0.05,3.7,1.000e-08,319,-2.199210,0.150879,0.835840,0.850322
logistic,K,3,5,0.05,3.7,1.000e-08,320,-2.064141,0.213074,0.822303,0.801164
logistic,K,3,5,0.05,3.7,1.000e-08,321,-2.203727,0.151489,0.836067,0.850890
logistic,K,3,5,0.05,3.7,1.000e-08,322,-2.059399,0.213806,0.821592,0.799445
logistic,K,3,5,0.05,3.7,1.000e-08,323,-2.209958,0.151978,0.836316,0.850387
logistic,K,3,5,0.05,3.7,1.000e-08,324,-2.067127,0.214783,0.824870,0.796707
logistic,K,3,5,0.05,3.7,1.000e-08,325,-2.213172,0.151489,0.835873,0.851240
logistic,K,3,5,0.05,3.7,1.000e-08,326,-2.069777,0.220581,0.820412,0.797864
logistic,K,3,5,0.05,3.7,1.000e-08,327,-2.224986,0.146240,0.837707,0.856420
logistic,K,3,5,0.05,3.7,1.000e-08,328,-2.076477,0.208984,0.824621,0.801330
logistic,K,3,5,0.05,3.7,1.000e-08,329,-2.225724,0.152039,0.834970,0.855595
logistic,K,3,5,0.05,3.7,1.000e-08,330,-2.069918,0.212891,0.825167,0.800584
logistic,K,3,5,0.05,3.7,1.000e-08,331,-2.211895,0.149170,0.839250,0.848005
logistic,K,3,5,0.05,3.7,1.000e-08,332,-2.062835,0.210693,0.823941,0.800456
logistic,K,3,5,0.05,3.7,1.000e-08,333,-2.205516,0.149231,0.838381,0.851961
logistic,K,3,5,0.05,3.7,1.000e-08,334,-2.047439,0.219604,0.816628,0.798438
logistic,K,3,5,0.05,3.7,1.000e-08,335,-2.200543,0.155518,0.832370,0.849173
logistic,K,3,5,0.05,3.7,1.000e-08,336,-2.051973,0.214783,0.819458,0.797317
logistic,K,3,5,0.05,3.7,1.000e-08,337,-2.198506,0.153992,0.832514,0.848349
logistic,K,3,5,0.05,3.7,1.000e-08,338,-2.058608,0.207886,0.822885,0.801372
logistic,K,3,5,0.05,3.7,1.000e-08,339,-2.195932,0.154968,0.832815,0.850238
logistic,K,3,5,0.05,3.7,1.000e-08,340,-2.053424,0.216248,0.817064,0.798201
logistic,K,3,5,0.05,3.7,1.000e-08,341,-2.210708,0.151489,0.832354,0.853266
logistic,K,3,5,0.05,3.7,1.000e-08,342,-2.058039,0.213501,0.823075,0.798334
logistic,K,3,5,0.05,3.7,1.000e-08,343,-2.211281,0.152405,0.837020,0.851698
logistic,K,3,5,0.05,3.7,1.000e-08,344,-2.060450,0.212036,0.822572,0.798024
logistic,K,3,5,0.05,3.7,1.000e-08,345,-2.207810,0.152588,0.834567,0.850565
logistic,K,3,5,0.05,3.7,1.000e-08,346,-2.064046,0.216064,0.823064,0.799842
logistic,K,3,5,0.05,3.7,1.000e-08,347,-2.213790,0.150330,0.837876,0.851197
logistic,K,3,5,0.05,3.7,1.000e-08,348,-2.069247,0.210815,0.822763,0.800583
logistic,K,3,5,0.05,3.7,1.000e-08,349,-2.213595,0.153748,0.836800,0.850403
logistic,K,3,5,0.05,3.7,1.000e-08,350,-2.073111,0.208069,0.824789,0.803601
logistic,K,3,5,0.05,3.7,1.000e-08,351,-2.207342,0.151245,0.837378,0.850550
logistic,K,3,5,0.05,3.7,1.000e-08,352,-2.058675,0.211609,0.824789,0.797234
logistic,K,3,5,0.05,3.7,1.000e-08,353,-2.209920,0.152100,0.836265,0.849406
logistic,K,3,5,0.05,3.7,1.000e-08,354,-2.060095,0.212219,0.822688,0.798996
logistic,K,3,5,0.05,3.7,1.000e-08,355,-2.206608,0.154480,0.834241,0.851219
logistic,K,3,5,0.05,3.7,1.000e-08,356,-2.058900,0.214600,0.824573,0.798146
logistic,K,3,5,0.05,3.7,1.000e-08,357,-2.208766,0.151611,0.836144,0.849309
logistic,K,3,5,0.05,3.7,1.000e-08,358,-2.059558,0.216370,0.823798,0.796108
logistic,K,3,5,0.05,3.7,1.000e-08,359,-2.214890,0.149841,0.841358,0.851590
logistic,K,3,5,0.05,3.7,1.000e-08,360,-2.058900,0.215698,0.823085,0.796094
logistic,K,3,5,0.05,3.7,1.000e-08,361,-2.204875,0.152405,0.835917,0.849982
logistic,K,3,5,0.05,3.7,1.000e-08,362,-2.059558,0.215820,0.822523,0.797035
logistic,K,3,5,0.05,3.7,1.000e-08,363,-2.203771,0.152649,0.837292,0.850770
logistic,K,3,5,0.05,3.7,1.000e-08,364,-2.055999,0.216797,0.821332,0.796041
logistic,K,3,5,0.05,3.7,1.000e-08,365,-2.204718,0.155212,0.831839,0.851171
logistic,K,3,5,0.05,3.7,1.000e-08,366,-2.059375,0.214844,0.821030,0.800351
logistic,K,3,5,0.05,3.7,1.000e-08,367,-2.208056,0.152161,0.837151,0.850306
logistic,K,3,5,0.05,3.7,1.000e-08,368,-2.058858,0.215454,0.822144,0.793125
logistic,K,3,5,0.05,3.7,1.000e-08,369,-2.211876,0.155579,0.833739,0.846963
logistic,K,3,5,0.05,3.7,1.000e-08,370,-2.069066,0.210327,0.826237,0.797936
logistic,K,3,5,0.05,3.7,1.000e-08,371,-2.207606,0.152283,0.836872,0.850007
logistic,K,3,5,0.05,3.7,1.000e-08,372,-2.063380,0.214966,0.819171,0.798664
logistic,K,3,5,0.05,3.7,1.000e-08,373,-2.214221,0.153137,0.836618,0.851330
logistic,K,3,5,0.05,3.7,1.000e-08,374,-2.072224,0.210571,0.823940,0.800617
logistic,K,3,5,0.05,3.7,1.000e-08,375,-2.210933,0.151428,0.834961,0.852192
logistic,K,3,5,0.05,3.7,1.000e-08,376,-2.067545,0.210510,0.823147,0.801424
logistic,K,3,5,0.05,3.7,1.000e-08,377,-2.205336,0.148499,0.835016,0.854953
logistic,K,3,5,0.05,3.7,1.000e-08,378,-2.052031,0.218201,0.819061,0.797093
logistic,K,3,5,0.05,3.7,1.000e-08,379,-2.195300,0.155884,0.832073,0.845306
logistic,K,3,5,0.05,3.7,1.000e-08,380,-2.061791,0.212891,0.824626,0.796483
logistic,K,3,5,0.05,3.7,1.000e-08,381,-2.208782,0.150085,0.835442,0.853218
logistic,K,3,5,0.05,3.7,1.000e-08,382,-2.059556,0.212585,0.819212,0.800566
logistic,K,3,5,0.05,3.7,1.000e-08,383,-2.200091,0.155518,0.829373,0.852214
logistic,K,3,5,0.05,3.7,1.000e-08,384,-2.056810,0.216919,0.823746,0.794041
logistic,K,3,5,0.05,3.7,1.000e-08,385,-2.207043,0.152832,0.833567,0.850866
logistic,K,3,5,0.05,3.7,1.000e-08,386,-2.064687,0.214355,0.821652,0.797989
logistic,K,3,5,0.05,3.7,1.000e-08,387,-2.213603,0.150330,0.838776,0.850633
logistic,K,3,5,0.05,3.7,1.000e-08,388,-2.070579,0.216614,0.822846,0.798526
logistic,K,3,5,0.05,3.7,1.000e-08,389,-2.220333,0.150208,0.836727,0.853224
logistic,K,3,5,0.05,3.7,1.000e-08,390,-2.072534,0.213013,0.824687,0.798540
logistic,K,3,5,0.05,3.7,1.000e-08,391,-2.216980,0.151001,0.835780,0.851982
logistic,K,3,5,0.05,3.7,1.000e-08,392,-2.065681,0.216675,0.818678,0.801131
logistic,K,3,5,0.05,3.7,1.000e-08,393,-2.218053,0.149963,0.835294,0.853028
logistic,K,3,5,0.05,3.7,1.000e-08,394,-2.068842,0.210144,0.822975,0.801482
logistic,K,3,5,0.05,3.7,1.000e-08,395,-2.220796,0.150940,0.837197,0.853476
logistic,K,3,5,0.05,3.7,1.000e-08,396,-2.068979,0.213684,0.822833,0.801033
logistic,K,3,5,0.05,3.7,1.000e-08,397,-2.215668,0.152344,0.836657,0.851804
logistic,K,3,5,0.05,3.7,1.000e-08,398,-2.066524,0.211487,0.823038,0.801602
logistic,K,3,5,0.05,3.7,1.000e-08,399,-2.206347,0.151794,0.835415,0.849497
logistic,K,3,5,0.05,3.7,1.000e-08,400,-2.061268,0.214233,0.821379,0.796950
logistic,K,3,5,0.05,3.7,1.000e-06,1,-13.968123,0.000000,1.000000,1.000000
logistic,K,3,5,0.05,3.7,1.000e-06,2,-13.533907,0.000000,1.000000,1.000000
logistic,K,3,5,0.05,3.7,1.000e-06,3,-13.391308,0.000000,1.000000,1.000000
logistic,K,3,5,0.05,3.7,1.000e-06,4,-12.996642,0.000000,1.000000,1.000000
logistic,K,3,5,0.05,3.7,1.000e-06,5,-12.896442,0.000000,1.000000,1.000000
logistic,K,3,5,0.05,3.7,1.000e-06,6,-12.492930,0.000000,1.000000,1.000000
logistic,K,3,5,0.05,3.7,1.000e-06,7,-12.369069,0.000000,1.000000,1.000000
logistic,K,3,5,0.05,3.7,1.000e-06,8,-12.017189,0.000000,1.000000,1.000000
logistic,K,3,5,0.05,3.7,1.000e-06,9,-11.870214,0.000000,1.000000,1.000000
logistic,K,3,5,0.05,3.7,1.000e-06,10,-11.482321,0.000000,1.000000,1.000000
logistic,K,3,5,0.05,3.7,1.000e-06,11,-11.348061,0.000000,1.000000,1.000000
logistic,K,3,5,0.05,3.7,1.000e-06,12,-10.959157,0.000000,1.000000,1.000000
logistic,K,3,5,0.05,3.7,1.000e-06,13,-10.818910,0.000000,1.000000,1.000000
logistic,K,3,5,0.05,3.7,1.000e-06,14,-10.434258,0.000000,1.000000,1.000000
logistic,K,3,5,0.05,3.7,1.000e-06,15,-10.263786,0.000000,1.000000,1.000000
logistic,K,3,5,0.05,3.7,1.000e-06,16,-9.885773,0.000000,1.000000,1.000000
logistic,K,3,5,0.05,3.7,1.000e-06,17,-9.709773,0.000000,1.000000,1.000000
logistic,K,3,5,0.05,3.7,1.000e-06,18,-9.324919,0.000000,1.000000,1.000000
logistic,K,3,5,0.05,3.7,1.000e-06,19,-9.164944,0.000000,1.000000,1.000000
logistic,K,3,5,0.05,3.7,1.000e-06,20,-8.775753,0.000000,0.999999,0.999999
logistic,K,3,5,0.05,3.7,1.000e-06,21,-8.601015,0.000000,0.999999,0.999998
logistic,K,3,5,0.05,3.7,1.000e-06,22,-8.218489,0.000000,0.999997,0.999996
logistic,K,3,5,0.05,3.7,1.000e-06,23,-8.027108,0.000000,0.999995,0.999995
logistic,K,3,5,0.05,3.7,1.000e-06,24,-7.647233,0.000000,0.999989,0.999986
logistic,K,3,5,0.05,3.7,1.000e-06,25,-7.463912,0.000000,0.999983,0.999980
logistic,K,3,5,0.05,3.7,1.000e-06,26,-7.084913,0.000000,0.999963,0.999948
logistic,K,3,5,0.05,3.7,1.000e-06,27,-6.896288,0.000000,0.999938,0.999928
logistic,K,3,5,0.05,3.7,1.000e-06,28,-6.508721,0.000000,0.999862,0.999812
logistic,K,3,5,0.05,3.7,1.000e-06,29,-6.322585,0.000000,0.999771,0.999732
logistic,K,3,5,0.05,3.7,1.000e-06,30,-5.936078,0.000000,0.999502,0.999319
logistic,K,3,5,0.05,3.7,1.000e-06,31,-5.747737,0.000000,0.999175,0.999003
logistic,K,3,5,0.05,3.7,1.000e-06,32,-5.369815,0.000000,0.998178,0.997499
logistic,K,3,5,0.05,3.7,1.000e-06,33,-5.184625,0.000061,0.996940,0.996562
logistic,K,3,5,0.05,3.7,1.000e-06,34,-4.808205,0.000305,0.993894,0.991371
logistic,K,3,5,0.05,3.7,1.000e-06,35,-4.624432,0.003235,0.990430,0.989194
logistic,K,3,5,0.05,3.7,1.000e-06,36,-4.248927,0.010864,0.980184,0.974654
logistic,K,3,5,0.05,3.7,1.000e-06,37,-4.078599,0.013184,0.975043,0.972930
logistic,K,3,5,0.05,3.7,1.000e-06,38,-3.717256,0.053650,0.951951,0.936926
logistic,K,3,5,0.05,3.7,1.000e-06,39,-3.610600,0.028870,0.955274,0.952283
logistic,K,3,5,0.05,3.7,1.000e-06,40,-3.284101,0.089233,0.924638,0.905130
logistic,K,3,5,0.05,3.7,1.000e-06,41,-3.218664,0.051208,0.931436,0.930562
logistic,K,3,5,0.05,3.7,1.000e-06,42,-2.934017,0.116577,0.902489,0.876465
logistic,K,3,5,0.05,3.7,1.000e-06,43,-2.916488,0.075928,0.907427,0.910516
logistic,K,3,5,0.05,3.7,1.000e-06,44,-2.660125,0.146790,0.877013,0.853241
logistic,K,3,5,0.05,3.7,1.000e-06,45,-2.680949,0.096436,0.886560,0.889436
logistic,K,3,5,0.05,3.7,1.000e-06,46,-2.470081,0.166565,0.861636,0.834819
logistic,K,3,5,0.05,3.7,1.000e-06,47,-2.529159,0.113586,0.874332,0.877521
logistic,K,3,5,0.05,3.7,1.000e-06,48,-2.335513,0.181091,0.848300,0.823519
logistic,K,3,5,0.05,3.7,1.000e-06,49,-2.419633,0.119141,0.863882,0.869384
logistic,K,3,5,0.05,3.7,1.000e-06,50,-2.241909,0.195435,0.835966,0.819065
logistic,K,3,5,0.05,3.7,1.000e-06,51,-2.347886,0.135254,0.850838,0.865992
logistic,K,3,5,0.05,3.7,1.000e-06,52,-2.186709,0.198059,0.834035,0.813729
logistic,K,3,5,0.05,3.7,1.000e-06,53,-2.304248,0.140991,0.845089,0.858068
logistic,K,3,5,0.05,3.7,1.000e-06,54,-2.146978,0.205627,0.828650,0.807596
logistic,K,3,5,0.05,3.7,1.000e-06,55,-2.272020,0.137573,0.846879,0.856576
logistic,K,3,5,0.05,3.7,1.000e-06,56,-2.117263,0.206482,0.831572,0.803357
logistic,K,3,5,0.05,3.7,1.000e-06,57,-2.250157,0.146545,0.839361,0.856113
logistic,K,3,5,0.05,3.7,1.000e-06,58,-2.093724,0.212463,0.823055,0.800721
logistic,K,3,5,0.05,3.7,1.000e-06,59,-2.233451,0.151123,0.835015,0.851271
logistic,K,3,5,0.05,3.7,1.000e-06,60,-2.089428,0.212219,0.823246,0.802480
logistic,K,3,5,0.05,3.7,1.000e-06,61,-2.226496,0.150635,0.835334,0.853234
logistic,K,3,5,0.05,3.7,1.000e-06,62,-2.080069,0.211243,0.825908,0.797136
logistic,K,3,5,0.05,3.7,1.000e-06,63,-2.227289,0.149231,0.837803,0.852873
logistic,K,3,5,0.05,3.7,1.000e-06,64,-2.074653,0.210083,0.825971,0.800966
logistic,K,3,5,0.05,3.7,1.000e-06,65,-2.214113,0.153564,0.838191,0.848017
logistic,K,3,5,0.05,3.7,1.000e-06,66,-2.068157,0.212646,0.822715,0.798609
logistic,K,3,5,0.05,3.7,1.000e-06,67,-2.207183,0.154053,0.832462,0.847355
logistic,K,3,5,0.05,3.7,1.000e-06,68,-2.067385,0.218323,0.818296,0.800013
logistic,K,3,5,0.05,3.7,1.000e-06,69,-2.207876,0.151917,0.834757,0.850423
logistic,K,3,5,0.05,3.7,1.000e-06,70,-2.065567,0.215820,0.820481,0.795710
logistic,K,3,5,0.05,3.7,1.000e-06,71,-2.208878,0.155212,0.834913,0.848397
logistic,K,3,5,0.05,3.7,1.000e-06,72,-2.066428,0.209900,0.825094,0.800881
logistic,K,3,5,0.05,3.7,1.000e-06,73,-2.209747,0.154602,0.834019,0.849153
logistic,K,3,5,0.05,3.7,1.000e-06,74,-2.067219,0.213196,0.824055,0.798361
logistic,K,3,5,0.05,3.7,1.000e-06,75,-2.218528,0.150085,0.839495,0.851194
logistic,K,3,5,0.05,3.7,1.000e-06,76,-2.065175,0.215332,0.824252,0.796197
logistic,K,3,5,0.05,3.7,1.000e-06,77,-2.214585,0.148193,0.835591,0.851863
logistic,K,3,5,0.05,3.7,1.000e-06,78,-2.072137,0.214050,0.824444,0.798041
logistic,K,3,5,0.05,3.7,1.000e-06,79,-2.228231,0.147766,0.839146,0.854171
logistic,K,3,5,0.05,3.7,1.000e-06,80,-2.076582,0.206543,0.825777,0.801760
logistic,K,3,5,0.05,3.7,1.000e-06,81,-2.213695,0.149109,0.838102,0.852987
logistic,K,3,5,0.05,3.7,1.000e-06,82,-2.063286,0.214417,0.819480,0.801946
logistic,K,3,5,0.05,3.7,1.000e-06,83,-2.211628,0.149475,0.840152,0.848347
logistic,K,3,5,0.05,3.7,1.000e-06,84,-2.065346,0.211365,0.822694,0.799469
logistic,K,3,5,0.05,3.7,1.000e-06,85,-2.210701,0.153320,0.835241,0.852497
logistic,K,3,5,0.05,3.7,1.000e-06,86,-2.066158,0.213074,0.821981,0.797729
logistic,K,3,5,0.05,3.7,1.000e-06,87,-2.213362,0.148254,0.835460,0.853099
logistic,K,3,5,0.05,3.7,1.000e-06,88,-2.067741,0.215515,0.820320,0.799519
logistic,K,3,5,0.05,3.7,1.000e-06,89,-2.212973,0.151123,0.837152,0.851794
logistic,K,3,5,0.05,3.7,1.000e-06,90,-2.067951,0.214966,0.821542,0.798389
logistic,K,3,5,0.05,3.7,1.000e-06,91,-2.215156,0.151062,0.837631,0.851132
logistic,K,3,5,0.05,3.7,1.000e-06,92,-2.073090,0.210327,0.823662,0.799135
logistic,K,3,5,0.05,3.7,1.000e-06,93,-2.219783,0.149292,0.837747,0.852963
logistic,K,3,5,0.05,3.7,1.000e-06,94,-2.075319,0.211182,0.823411,0.802552
logistic,K,3,5,0.05,3.7,1.000e-06,95,-2.218017,0.147217,0.835383,0.854957
logistic,K,3,5,0.05,3.7,1.000e-06,96,-2.067079,0.212280,0.824710,0.796716
logistic,K,3,5,0.05,3.7,1.000e-06,97,-2.216044,0.149841,0.837208,0.851224
logistic,K,3,5,0.05,3.7,1.000e-06,98,-2.070863,0.213074,0.823752,0.802345
logistic,K,3,5,0.05,3.7,1.000e-06,99,-2.212438,0.151672,0.836241,0.854061
logistic,K,3,5,0.05,3.7,1.000e-06,100,-2.064698,0.209473,0.821785,0.804449
logistic,K,3,5,0.05,3.7,1.000e-06,101,-2.213035,0.151917,0.837268,0.852603
logistic,K,3,5,0.05,3.7,1.000e-06,102,-2.060283,0.213684,0.823657,0.796587
logistic,K,3,5,0.05,3.7,1.000e-06,103,-2.211279,0.148621,0.837203,0.852881
logistic,K,3,5,0.05,3.7,1.000e-06,104,-2.059675,0.213989,0.820827,0.798746
logistic,K,3,5,0.05,3.7,1.000e-06,105,-2.210368,0.151917,0.836036,0.851968
logistic,K,3,5,0.05,3.7,1.000e-06,106,-2.057262,0.216431,0.816965,0.801782
logistic,K,3,5,0.05,3.7,1.000e-06,107,-2.202391,0.154236,0.831834,0.851744
logistic,K,3,5,0.05,3.7,1.000e-06,108,-2.064659,0.213318,0.820262,0.802320
logistic,K,3,5,0.05,3.7,1.000e-06,109,-2.205753,0.152893,0.837072,0.849547
logistic,K,3,5,0.05,3.7,1.000e-06,110,-2.061392,0.214600,0.825049,0.796222
logistic,K,3,5,0.05,3.7,1.000e-06,111,-2.203509,0.151733,0.835434,0.848538
logistic,K,3,5,0.05,3.7,1.000e-06,112,-2.060156,0.212830,0.823933,0.798828
logistic,K,3,5,0.05,3.7,1.000e-06,113,-2.211820,0.154480,0.835890,0.852566
logistic,K,3,5,0.05,3.7,1.000e-06,114,-2.067149,0.211426,0.823532,0.801535
logistic,K,3,5,0.05,3.7,1.000e-06,115,-2.207090,0.151855,0.834053,0.851280
logistic,K,3,5,0.05,3.7,1.000e-06,116,-2.064421,0.213684,0.822074,0.801118
logistic,K,3,5,0.05,3.7,1.000e-06,117,-2.203812,0.150452,0.835717,0.849077
logistic,K,3,5,0.05,3.7,1.000e-06,118,-2.064449,0.211731,0.823566,0.796613
logistic,K,3,5,0.05,3.7,1.000e-06,119,-2.206344,0.152222,0.835778,0.852863
logistic,K,3,5,0.05,3.7,1.000e-06,120,-2.061680,0.214294,0.821541,0.799031
logistic,K,3,5,0.05,3.7,1.000e-06,121,-2.202259,0.153381,0.832900,0.849407
logistic,K,3,5,0.05,3.7,1.000e-06,122,-2.064236,0.218872,0.821894,0.795331
logistic,K,3,5,0.05,3.7,1.000e-06,123,-2.211031,0.150940,0.839261,0.849992
logistic,K,3,5,0.05,3.7,1.000e-06,124,-2.064610,0.212280,0.822611,0.799070
logistic,K,3,5,0.05,3.7,1.000e-06,125,-2.200314,0.153687,0.834389,0.850454
logistic,K,3,5,0.05,3.7,1.000e-06,126,-2.058543,0.219421,0.823660,0.794317
logistic,K,3,5,0.05,3.7,1.000e-06,127,-2.211121,0.151794,0.835401,0.851513
logistic,K,3,5,0.05,3.7,1.000e-06,128,-2.062632,0.214966,0.822159,0.796981
logistic,K,3,5,0.05,3.7,1.000e-06,129,-2.211717,0.151367,0.833921,0.852475
logistic,K,3,5,0.05,3.7,1.000e-06,130,-2.068024,0.210449,0.823237,0.801655
logistic,K,3,5,0.05,3.7,1.000e-06,131,-2.204865,0.153259,0.836808,0.848005
logistic,K,3,5,0.05,3.7,1.000e-06,132,-2.064680,0.209290,0.823246,0.799818
logistic,K,3,5,0.05,3.7,1.000e-06,133,-2.202816,0.152283,0.834070,0.851144
logistic,K,3,5,0.05,3.7,1.000e-06,134,-2.059711,0.216125,0.822880,0.799524
logistic,K,3,5,0.05,3.7,1.000e-06,135,-2.199381,0.152588,0.833359,0.850309
logistic,K,3,5,0.05,3.7,1.000e-06,136,-2.058073,0.214355,0.820469,0.794809
logistic,K,3,5,0.05,3.7,1.000e-06,137,-2.210464,0.152222,0.833247,0.852863
logistic,K,3,5,0.05,3.7,1.000e-06,138,-2.065900,0.210632,0.823367,0.802309
logistic,K,3,5,0.05,3.7,1.000e-06,139,-2.204230,0.152466,0.833408,0.852119
logistic,K,3,5,0.05,3.7,1.000e-06,140,-2.056344,0.218384,0.820938,0.796013
logistic,K,3,5,0.05,3.7,1.000e-06,141,-2.210753,0.151062,0.835033,0.853051
logistic,K,3,5,0.05,3.7,1.000e-06,142,-2.056705,0.212646,0.820591,0.799377
logistic,K,3,5,0.05,3.7,1.000e-06,143,-2.208221,0.150269,0.838619,0.848469
logistic,K,3,5,0.05,3.7,1.000e-06,144,-2.056829,0.214233,0.821392,0.796485
logistic,K,3,5,0.05,3.7,1.000e-06,145,-2.211064,0.151306,0.837734,0.850951
logistic,K,3,5,0.05,3.7,1.000e-06,146,-2.058906,0.212280,0.821813,0.799543
logistic,K,3,5,0.05,3.7,1.000e-06,147,-2.202757,0.152527,0.835648,0.849612
logistic,K,3,5,0.05,3.7,1.000e-06,148,-2.057916,0.220825,0.819872,0.795830
logistic,K,3,5,0.05,3.7,1.000e-06,149,-2.211668,0.147827,0.837258,0.853207
logistic,K,3,5,0.05,3.7,1.000e-06,150,-2.066163,0.213989,0.823159,0.797219
logistic,K,3,5,0.05,3.7,1.000e-06,151,-2.215066,0.154114,0.834664,0.852688
logistic,K,3,5,0.05,3.7,1.000e-06,152,-2.069685,0.210815,0.824230,0.801647
logistic,K,3,5,0.05,3.7,1.000e-06,153,-2.209819,0.152283,0.836683,0.849176
logistic,K,3,5,0.05,3.7,1.000e-06,154,-2.066637,0.216064,0.825419,0.795496
logistic,K,3,5,0.05,3.7,1.000e-06,155,-2.214437,0.150574,0.836552,0.852056
logistic,K,3,5,0.05,3.7,1.000e-06,156,-2.067299,0.211609,0.823696,0.798997
logistic,K,3,5,0.05,3.7,1.000e-06,157,-2.211459,0.152466,0.835003,0.853517
logistic,K,3,5,0.05,3.7,1.000e-06,158,-2.065365,0.211182,0.818937,0.801062
logistic,K,3,5,0.05,3.7,1.000e-06,159,-2.214812,0.147888,0.838728,0.851498
logistic,K,3,5,0.05,3.7,1.000e-06,160,-2.073577,0.207764,0.826743,0.801547
logistic,K,3,5,0.05,3.7,1.000e-06,161,-2.212282,0.153137,0.838150,0.850000
logistic,K,3,5,0.05,3.7,1.000e-06,162,-2.061505,0.213196,0.823082,0.797445
logistic,K,3,5,0.05,3.7,1.000e-06,163,-2.212200,0.153137,0.834490,0.849842
logistic,K,3,5,0.05,3.7,1.000e-06,164,-2.070598,0.211182,0.826528,0.798606
logistic,K,3,5,0.05,3.7,1.000e-06,165,-2.221303,0.150940,0.836959,0.853066
logistic,K,3,5,0.05,3.7,1.000e-06,166,-2.070851,0.215515,0.824176,0.801421
logistic,K,3,5,0.05,3.7,1.000e-06,167,-2.217445,0.150818,0.837196,0.852672
logistic,K,3,5,0.05,3.7,1.000e-06,168,-2.073154,0.210876,0.824445,0.802970
logistic,K,3,5,0.05,3.7,1.000e-06,169,-2.215967,0.147949,0.841080,0.849588
logistic,K,3,5,0.05,3.7,1.000e-06,170,-2.067176,0.206787,0.823784,0.800789
logistic,K,3,5,0.05,3.7,1.000e-06,171,-2.210655,0.153137,0.836852,0.849840
logistic,K,3,5,0.05,3.7,1.000e-06,172,-2.061672,0.208862,0.826842,0.797714
logistic,K,3,5,0.05,3.7,1.000e-06,173,-2.197300,0.155823,0.831915,0.850286
logistic,K,3,5,0.05,3.7,1.000e-06,174,-2.057320,0.216187,0.822103,0.794749
logistic,K,3,5,0.05,3.7,1.000e-06,175,-2.205396,0.154358,0.835005,0.850480
logistic,K,3,5,0.05,3.7,1.000e-06,176,-2.065123,0.216125,0.822021,0.797363
logistic,K,3,5,0.05,3.7,1.000e-06,177,-2.206148,0.151001,0.834559,0.850928
logistic,K,3,5,0.05,3.7,1.000e-06,178,-2.066204,0.215881,0.823281,0.797206
logistic,K,3,5,0.05,3.7,1.000e-06,179,-2.208049,0.152832,0.836422,0.851715
logistic,K,3,5,0.05,3.7,1.000e-06,180,-2.062696,0.211060,0.824088,0.798904
logistic,K,3,5,0.05,3.7,1.000e-06,181,-2.199478,0.153992,0.833187,0.851781
logistic,K,3,5,0.05,3.7,1.000e-06,182,-2.058452,0.216431,0.821479,0.798879
logistic,K,3,5,0.05,3.7,1.000e-06,183,-2.200777,0.153015,0.832577,0.851045
logistic,K,3,5,0.05,3.7,1.000e-06,184,-2.058471,0.213501,0.818853,0.802172
logistic,K,3,5,0.05,3.7,1.000e-06,185,-2.206478,0.150391,0.835777,0.853643
logistic,K,3,5,0.05,3.7,1.000e-06,186,-2.058209,0.208801,0.822882,0.799662
logistic,K,3,5,0.05,3.7,1.000e-06,187,-2.200263,0.153809,0.835488,0.848428
logistic,K,3,5,0.05,3.7,1.000e-06,188,-2.048979,0.217651,0.818486,0.795723
logistic,K,3,5,0.05,3.7,1.000e-06,189,-2.204005,0.150879,0.834260,0.849557
logistic,K,3,5,0.05,3.7,1.000e-06,190,-2.064211,0.216064,0.823913,0.795153
logistic,K,3,5,0.05,3.7,1.000e-06,191,-2.208210,0.148926,0.837372,0.851613
logistic,K,3,5,0.05,3.7,1.000e-06,192,-2.057923,0.211853,0.822057,0.798846
logistic,K,3,5,0.05,3.7,1.000e-06,193,-2.202034,0.152771,0.836016,0.849911
logistic,K,3,5,0.05,3.7,1.000e-06,194,-2.061718,0.215515,0.822137,0.798084
logistic,K,3,5,0.05,3.7,1.000e-06,195,-2.197045,0.153992,0.832609,0.850146
logistic,K,3,5,0.05,3.7,1.000e-06,196,-2.056527,0.219482,0.820984,0.796436
logistic,K,3,5,0.05,3.7,1.000e-06,197,-2.200925,0.156128,0.832855,0.851734
logistic,K,3,5,0.05,3.7,1.000e-06,198,-2.052735,0.215637,0.822749,0.792359
logistic,K,3,5,0.05,3.7,1.000e-06,199,-2.208652,0.155029,0.832580,0.851259
logistic,K,3,5,0.05,3.7,1.000e-06,200,-2.070690,0.210022,0.827827,0.798951
logistic,K,3,5,0.05,3.7,1.000e-06,201,-2.214857,0.147461,0.838873,0.852559
logistic,K,3,5,0.05,3.7,1.000e-06,202,-2.060054,0.215088,0.820689,0.799301
logistic,K,3,5,0.05,3.7,1.000e-06,203,-2.208734,0.148987,0.838636,0.851121
logistic,K,3,5,0.05,3.7,1.000e-06,204,-2.058771,0.216125,0.820492,0.795921
logistic,K,3,5,0.05,3.7,1.000e-06,205,-2.213062,0.148987,0.836726,0.851892
logistic,K,3,5,0.05,3.7,1.000e-06,206,-2.072117,0.213257,0.823784,0.798366
logistic,K,3,5,0.05,3.7,1.000e-06,207,-2.214091,0.153259,0.835167,0.852902
logistic,K,3,5,0.05,3.7,1.000e-06,208,-2.064749,0.213501,0.820361,0.801539
logistic,K,3,5,0.05,3.7,1.000e-06,209,-2.209095,0.153870,0.834243,0.850509
logistic,K,3,5,0.05,3.7,1.000e-06,210,-2.065336,0.210205,0.820792,0.803439
logistic,K,3,5,0.05,3.7,1.000e-06,211,-2.212127,0.151611,0.836335,0.850711
logistic,K,3,5,0.05,3.7,1.000e-06,212,-2.062835,0.216492,0.820568,0.797041
logistic,K,3,5,0.05,3.7,1.000e-06,213,-2.211579,0.153076,0.834350,0.848067
logistic,K,3,5,0.05,3.7,1.000e-06,214,-2.065791,0.214172,0.822242,0.795380
logistic,K,3,5,0.05,3.7,1.000e-06,215,-2.212356,0.150146,0.838120,0.850384
logistic,K,3,5,0.05,3.7,1.000e-06,216,-2.065416,0.211060,0.825096,0.800343
logistic,K,3,5,0.05,3.7,1.000e-06,217,-2.206139,0.152527,0.836062,0.850688
logistic,K,3,5,0.05,3.7,1.000e-06,218,-2.061427,0.217590,0.822528,0.797542
logistic,K,3,5,0.05,3.7,1.000e-06,219,-2.212954,0.148682,0.838281,0.851534
logistic,K,3,5,0.05,3.7,1.000e-06,220,-2.064891,0.210876,0.821501,0.800276
logistic,K,3,5,0.05,3.7,1.000e-06,221,-2.210234,0.151489,0.834887,0.852372
logistic,K,3,5,0.05,3.7,1.000e-06,222,-2.070375,0.212341,0.824281,0.798448
logistic,K,3,5,0.05,3.7,1.000e-06,223,-2.212693,0.154663,0.834705,0.849116
logistic,K,3,5,0.05,3.7,1.000e-06,224,-2.067076,0.216125,0.822891,0.797352
logistic,K,3,5,0.05,3.7,1.000e-06,225,-2.214806,0.154968,0.834289,0.850769
logistic,K,3,5,0.05,3.7,1.000e-06,226,-2.068743,0.212891,0.821875,0.800829
logistic,K,3,5,0.05,3.7,1.000e-06,227,-2.211509,0.153015,0.834673,0.852309
logistic,K,3,5,0.05,3.7,1.000e-06,228,-2.068187,0.212891,0.822980,0.800063
logistic,K,3,5,0.05,3.7,1.000e-06,229,-2.207014,0.152588,0.835621,0.850981
logistic,K,3,5,0.05,3.7,1.000e-06,230,-2.064870,0.214844,0.825471,0.794469
logistic,K,3,5,0.05,3.7,1.000e-06,231,-2.214361,0.149597,0.837978,0.850905
logistic,K,3,5,0.05,3.7,1.000e-06,232,-2.068537,0.214661,0.824092,0.799273
logistic,K,3,5,0.05,3.7,1.000e-06,233,-2.206138,0.149902,0.836000,0.852261
logistic,K,3,5,0.05,3.7,1.000e-06,234,-2.060270,0.212524,0.823169,0.798185
logistic,K,3,5,0.05,3.7,1.000e-06,235,-2.200859,0.155701,0.833499,0.851448
logistic,K,3,5,0.05,3.7,1.000e-06,236,-2.064283,0.216248,0.823365,0.798236
logistic,K,3,5,0.05,3.7,1.000e-06,237,-2.206993,0.148499,0.840502,0.848762
logistic,K,3,5,0.05,3.7,1.000e-06,238,-2.064718,0.214905,0.826789,0.795228
logistic,K,3,5,0.05,3.7,1.000e-06,239,-2.215935,0.147522,0.838551,0.852981
logistic,K,3,5,0.05,3.7,1.000e-06,240,-2.070606,0.212463,0.822388,0.801694
logistic,K,3,5,0.05,3.7,1.000e-06,241,-2.209869,0.154358,0.832250,0.853517
logistic,K,3,5,0.05,3.7,1.000e-06,242,-2.073348,0.208984,0.827177,0.799920
logistic,K,3,5,0.05,3.7,1.000e-06,243,-2.210661,0.153320,0.834359,0.849767
logistic,K,3,5,0.05,3.7,1.000e-06,244,-2.072671,0.210510,0.826370,0.796724
logistic,K,3,5,0.05,3.7,1.000e-06,245,-2.214029,0.151306,0.837325,0.849762
logistic,K,3,5,0.05,3.7,1.000e-06,246,-2.077107,0.205872,0.828113,0.801747
logistic,K,3,5,0.05,3.7,1.000e-06,247,-2.206476,0.149231,0.833446,0.852964
logistic,K,3,5,0.05,3.7,1.000e-06,248,-2.063669,0.212830,0.823603,0.798684
logistic,K,3,5,0.05,3.7,1.000e-06,249,-2.214959,0.147644,0.839606,0.851200
logistic,K,3,5,0.05,3.7,1.000e-06,250,-2.068372,0.213379,0.823206,0.798425
logistic,K,3,5,0.05,3.7,1.000e-06,251,-2.209494,0.151917,0.836091,0.851804
logistic,K,3,5,0.05,3.7,1.000e-06,252,-2.068877,0.210815,0.823220,0.800721
logistic,K,3,5,0.05,3.7,1.000e-06,253,-2.197722,0.160767,0.830157,0.850108
logistic,K,3,5,0.05,3.7,1.000e-06,254,-2.062122,0.210876,0.824380,0.798961
logistic,K,3,5,0.05,3.7,1.000e-06,255,-2.199822,0.156860,0.830607,0.849395
logistic,K,3,5,0.05,3.7,1.000e-06,256,-2.063615,0.209106,0.825542,0.797995
logistic,K,3,5,0.05,3.7,1.000e-06,257,-2.208915,0.151550,0.835922,0.849006
logistic,K,3,5,0.05,3.7,1.000e-06,258,-2.073121,0.213501,0.825507,0.799154
logistic,K,3,5,0.05,3.7,1.000e-06,259,-2.212732,0.151428,0.834540,0.852690
logistic,K,3,5,0.05,3.7,1.000e-06,260,-2.067463,0.213501,0.821841,0.797897
logistic,K,3,5,0.05,3.7,1.000e-06,261,-2.220143,0.150818,0.837504,0.850388
logistic,K,3,5,0.05,3.7,1.000e-06,262,-2.078090,0.210510,0.822111,0.804261
logistic,K,3,5,0.05,3.7,1.000e-06,263,-2.213113,0.150391,0.834925,0.851957
logistic,K,3,5,0.05,3.7,1.000e-06,264,-2.071026,0.213074,0.825278,0.800650
logistic,K,3,5,0.05,3.7,1.000e-06,265,-2.212702,0.153076,0.838362,0.850810
logistic,K,3,5,0.05,3.7,1.000e-06,266,-2.066153,0.211426,0.824249,0.799561
logistic,K,3,5,0.05,3.7,1.000e-06,267,-2.210466,0.149597,0.837795,0.848868
logistic,K,3,5,0.05,3.7,1.000e-06,268,-2.072095,0.212646,0.823332,0.800440
logistic,K,3,5,0.05,3.7,1.000e-06,269,-2.212068,0.148071,0.836690,0.856125
logistic,K,3,5,0.05,3.7,1.000e-06,270,-2.061871,0.213806,0.820933,0.797266
logistic,K,3,5,0.05,3.7,1.000e-06,271,-2.202726,0.155396,0.834270,0.849084
logistic,K,3,5,0.05,3.7,1.000e-06,272,-2.065076,0.210754,0.823575,0.797897
logistic,K,3,5,0.05,3.7,1.000e-06,273,-2.211463,0.149048,0.834662,0.853080
logistic,K,3,5,0.05,3.7,1.000e-06,274,-2.070307,0.208130,0.825403,0.802496
logistic,K,3,5,0.05,3.7,1.000e-06,275,-2.205044,0.153564,0.834087,0.850935
logistic,K,3,5,0.05,3.7,1.000e-06,276,-2.066110,0.211487,0.823484,0.799133
logistic,K,3,5,0.05,3.7,1.000e-06,277,-2.207363,0.153198,0.832381,0.851580
logistic,K,3,5,0.05,3.7,1.000e-06,278,-2.061978,0.209229,0.825291,0.800722
logistic,K,3,5,0.05,3.7,1.000e-06,279,-2.203675,0.153992,0.834738,0.850917
logistic,K,3,5,0.05,3.7,1.000e-06,280,-2.058062,0.210754,0.825597,0.795082
logistic,K,3,5,0.05,3.7,1.000e-06,281,-2.208483,0.152405,0.834508,0.852447
logistic,K,3,5,0.05,3.7,1.000e-06,282,-2.068279,0.211975,0.823826,0.800059
logistic,K,3,5,0.05,3.7,1.000e-06,283,-2.210873,0.149780,0.835919,0.851824
logistic,K,3,5,0.05,3.7,1.000e-06,284,-2.066684,0.215454,0.818501,0.800907
logistic,K,3,5,0.05,3.7,1.000e-06,285,-2.220065,0.151184,0.836818,0.853715
logistic,K,3,5,0.05,3.7,1.000e-06,286,-2.075659,0.209961,0.822749,0.802221
logistic,K,3,5,0.05,3.7,1.000e-06,287,-2.223725,0.147583,0.838736,0.853700
logistic,K,3,5,0.05,3.7,1.000e-06,288,-2.074690,0.210266,0.826216,0.802046
logistic,K,3,5,0.05,3.7,1.000e-06,289,-2.207209,0.151733,0.836148,0.851913
logistic,K,3,5,0.05,3.7,1.000e-06,290,-2.067989,0.215637,0.823035,0.796965
logistic,K,3,5,0.05,3.7,1.000e-06,291,-2.209405,0.153809,0.831991,0.852871
logistic,K,3,5,0.05,3.7,1.000e-06,292,-2.062595,0.216125,0.820697,0.798646
logistic,K,3,5,0.05,3.7,1.000e-06,293,-2.208991,0.153442,0.834402,0.850429
logistic,K,3,5,0.05,3.7,1.000e-06,294,-2.070868,0.210815,0.825211,0.799161
logistic,K,3,5,0.05,3.7,1.000e-06,295,-2.219727,0.151306,0.838443,0.850699
logistic,K,3,5,0.05,3.7,1.000e-06,296,-2.073181,0.208435,0.825940,0.798299
logistic,K,3,5,0.05,3.7,1.000e-06,297,-2.221208,0.151123,0.836501,0.853402
logistic,K,3,5,0.05,3.7,1.000e-06,298,-2.072822,0.214966,0.820823,0.801220
logistic,K,3,5,0.05,3.7,1.000e-06,299,-2.218055,0.148499,0.839117,0.851337
logistic,K,3,5,0.05,3.7,1.000e-06,300,-2.070690,0.214661,0.822107,0.799680
logistic,K,3,5,0.05,3.7,1.000e-06,301,-2.212227,0.154114,0.836452,0.850406
logistic,K,3,5,0.05,3.7,1.000e-06,302,-2.067735,0.213867,0.824086,0.797934
logistic,K,3,5,0.05,3.7,1.000e-06,303,-2.214317,0.152771,0.832980,0.852652
logistic,K,3,5,0.05,3.7,1.000e-06,304,-2.073449,0.207153,0.823907,0.804694
logistic,K,3,5,0.05,3.7,1.000e-06,305,-2.210263,0.149475,0.835358,0.853878
logistic,K,3,5,0.05,3.7,1.000e-06,306,-2.065094,0.215332,0.823765,0.798716
logistic,K,3,5,0.05,3.7,1.000e-06,307,-2.209102,0.152100,0.834074,0.852189
logistic,K,3,5,0.05,3.7,1.000e-06,308,-2.063010,0.211731,0.820083,0.799456
logistic,K,3,5,0.05,3.7,1.000e-06,309,-2.219081,0.149231,0.835160,0.853816
logistic,K,3,5,0.05,3.7,1.000e-06,310,-2.069182,0.211426,0.821431,0.803995
logistic,K,3,5,0.05,3.7,1.000e-06,311,-2.211462,0.152405,0.836011,0.850165
logistic,K,3,5,0.05,3.7,1.000e-06,312,-2.066668,0.212341,0.820856,0.799190
logistic,K,3,5,0.05,3.7,1.000e-06,313,-2.221490,0.145630,0.838832,0.855547
logistic,K,3,5,0.05,3.7,1.000e-06,314,-2.072309,0.213074,0.825259,0.801620
logistic,K,3,5,0.05,3.7,1.000e-06,315,-2.215265,0.151367,0.836822,0.852299
logistic,K,3,5,0.05,3.7,1.000e-06,316,-2.076134,0.210876,0.821626,0.801843
logistic,K,3,5,0.05,3.7,1.000e-06,317,-2.219728,0.149292,0.837588,0.852217
logistic,K,3,5,0.05,3.7,1.000e-06,318,-2.071394,0.213196,0.823337,0.799481
logistic,K,3,5,0.05,3.7,1.000e-06,319,-2.209689,0.147827,0.838560,0.851140
logistic,K,3,5,0.05,3.7,1.000e-06,320,-2.070299,0.211670,0.823917,0.797575
logistic,K,3,5,0.05,3.7,1.000e-06,321,-2.217125,0.151794,0.837808,0.852199
logistic,K,3,5,0.05,3.7,1.000e-06,322,-2.070179,0.212036,0.822373,0.801417
logistic,K,3,5,0.05,3.7,1.000e-06,323,-2.209572,0.152344,0.834242,0.851422
logistic,K,3,5,0.05,3.7,1.000e-06,324,-2.061739,0.214600,0.820340,0.799261
logistic,K,3,5,0.05,3.7,1.000e-06,325,-2.211362,0.153198,0.837521,0.847903
logistic,K,3,5,0.05,3.7,1.000e-06,326,-2.062855,0.213135,0.824488,0.798582
logistic,K,3,5,0.05,3.7,1.000e-06,327,-2.215055,0.150635,0.837215,0.850899
logistic,K,3,5,0.05,3.7,1.000e-06,328,-2.069052,0.211792,0.823530,0.802683
logistic,K,3,5,0.05,3.7,1.000e-06,329,-2.222647,0.145874,0.837573,0.856527
logistic,K,3,5,0.05,3.7,1.000e-06,330,-2.073370,0.213684,0.822523,0.802465
logistic,K,3,5,0.05,3.7,1.000e-06,331,-2.221596,0.149109,0.836576,0.853279
logistic,K,3,5,0.05,3.7,1.000e-06,332,-2.076085,0.204712,0.824129,0.803982
logistic,K,3,5,0.05,3.7,1.000e-06,333,-2.222977,0.147583,0.835764,0.856821
logistic,K,3,5,0.05,3.7,1.000e-06,334,-2.079715,0.203979,0.828748,0.804767
logistic,K,3,5,0.05,3.7,1.000e-06,335,-2.213175,0.148926,0.839054,0.850238
logistic,K,3,5,0.05,3.7,1.000e-06,336,-2.070828,0.209229,0.826655,0.798769
logistic,K,3,5,0.05,3.7,1.000e-06,337,-2.210991,0.151001,0.837827,0.852751
logistic,K,3,5,0.05,3.7,1.000e-06,338,-2.063401,0.208984,0.823718,0.799340
logistic,K,3,5,0.05,3.7,1.000e-06,339,-2.204466,0.155640,0.831406,0.852600
logistic,K,3,5,0.05,3.7,1.000e-06,340,-2.065743,0.214478,0.821014,0.801429
logistic,K,3,5,0.05,3.7,1.000e-06,341,-2.202837,0.151733,0.832066,0.850783
logistic,K,3,5,0.05,3.7,1.000e-06,342,-2.063888,0.214905,0.822658,0.796775
logistic,K,3,5,0.05,3.7,1.000e-06,343,-2.214122,0.150391,0.836506,0.853029
logistic,K,3,5,0.05,3.7,1.000e-06,344,-2.066609,0.211731,0.826166,0.798551
logistic,K,3,5,0.05,3.7,1.000e-06,345,-2.217698,0.150574,0.839538,0.850644
logistic,K,3,5,0.05,3.7,1.000e-06,346,-2.069795,0.213257,0.822742,0.801096
logistic,K,3,5,0.05,3.7,1.000e-06,347,-2.222515,0.147217,0.838023,0.855823
logistic,K,3,5,0.05,3.7,1.000e-06,348,-2.070752,0.212830,0.824392,0.800896
logistic,K,3,5,0.05,3.7,1.000e-06,349,-2.212565,0.151855,0.838470,0.848385
logistic,K,3,5,0.05,3.7,1.000e-06,350,-2.072498,0.208618,0.826628,0.800307
logistic,K,3,5,0.05,3.7,1.000e-06,351,-2.220016,0.151184,0.836039,0.849468
logistic,K,3,5,0.05,3.7,1.000e-06,352,-2.071235,0.210938,0.823680,0.801768
logistic,K,3,5,0.05,3.7,1.000e-06,353,-2.222198,0.153198,0.839072,0.850512
logistic,K,3,5,0.05,3.7,1.000e-06,354,-2.068323,0.212463,0.824323,0.799146
logistic,K,3,5,0.05,3.7,1.000e-06,355,-2.215184,0.150696,0.835866,0.851493
logistic,K,3,5,0.05,3.7,1.000e-06,356,-2.072043,0.211975,0.826036,0.798228
logistic,K,3,5,0.05,3.7,1.000e-06,357,-2.215506,0.149109,0.837895,0.851280
logistic,K,3,5,0.05,3.7,1.000e-06,358,-2.071448,0.211731,0.823771,0.796307
logistic,K,3,5,0.05,3.7,1.000e-06,359,-2.212719,0.150757,0.836388,0.852335
logistic,K,3,5,0.05,3.7,1.000e-06,360,-2.071648,0.211609,0.825657,0.796982
logistic,K,3,5,0.05,3.7,1.000e-06,361,-2.209681,0.151123,0.834773,0.852462
logistic,K,3,5,0.05,3.7,1.000e-06,362,-2.068021,0.215881,0.823631,0.797947
logistic,K,3,5,0.05,3.7,1.000e-06,363,-2.214637,0.149231,0.837597,0.852050
logistic,K,3,5,0.05,3.7,1.000e-06,364,-2.071221,0.209656,0.824219,0.799852
logistic,K,3,5,0.05,3.7,1.000e-06,365,-2.213734,0.151001,0.836699,0.853936
logistic,K,3,5,0.05,3.7,1.000e-06,366,-2.067627,0.211060,0.825642,0.799476
logistic,K,3,5,0.05,3.7,1.000e-06,367,-2.207541,0.151794,0.832583,0.852861
logistic,K,3,5,0.05,3.7,1.000e-06,368,-2.066089,0.212830,0.822717,0.797846
logistic,K,3,5,0.05,3.7,1.000e-06,369,-2.220155,0.149353,0.838204,0.850525
logistic,K,3,5,0.05,3.7,1.000e-06,370,-2.072365,0.214417,0.822402,0.797866
logistic,K,3,5,0.05,3.7,1.000e-06,371,-2.221304,0.151733,0.836432,0.851889
logistic,K,3,5,0.05,3.7,1.000e-06,372,-2.079051,0.211060,0.825087,0.802424
logistic,K,3,5,0.05,3.7,1.000e-06,373,-2.219434,0.150757,0.839203,0.851563
logistic,K,3,5,0.05,3.7,1.000e-06,374,-2.067136,0.209900,0.825092,0.799262
logistic,K,3,5,0.05,3.7,1.000e-06,375,-2.211185,0.148926,0.835324,0.854079
logistic,K,3,5,0.05,3.7,1.000e-06,376,-2.060327,0.217346,0.818866,0.800142
logistic,K,3,5,0.05,3.7,1.000e-06,377,-2.202000,0.152649,0.835411,0.849074
logistic,K,3,5,0.05,3.7,1.000e-06,378,-2.055565,0.217163,0.821440,0.794372
logistic,K,3,5,0.05,3.7,1.000e-06,379,-2.205946,0.154968,0.834446,0.846252
logistic,K,3,5,0.05,3.7,1.000e-06,380,-2.068951,0.210571,0.824874,0.798689
logistic,K,3,5,0.05,3.7,1.000e-06,381,-2.209544,0.152893,0.835577,0.848794
logistic,K,3,5,0.05,3.7,1.000e-06,382,-2.066700,0.216675,0.821284,0.798046
logistic,K,3,5,0.05,3.7,1.000e-06,383,-2.214014,0.149048,0.834306,0.854077
logistic,K,3,5,0.05,3.7,1.000e-06,384,-2.064154,0.215454,0.823432,0.795026
logistic,K,3,5,0.05,3.7,1.000e-06,385,-2.215051,0.146851,0.837221,0.853656
logistic,K,3,5,0.05,3.7,1.000e-06,386,-2.064039,0.215271,0.823190,0.797682
logistic,K,3,5,0.05,3.7,1.000e-06,387,-2.212196,0.152039,0.835245,0.851445
logistic,K,3,5,0.05,3.7,1.000e-06,388,-2.062496,0.210083,0.820642,0.801721
logistic,K,3,5,0.05,3.7,1.000e-06,389,-2.218550,0.150818,0.839842,0.848980
logistic,K,3,5,0.05,3.7,1.000e-06,390,-2.065776,0.208008,0.824210,0.801524
logistic,K,3,5,0.05,3.7,1.000e-06,391,-2.203797,0.152771,0.834150,0.851782
logistic,K,3,5,0.05,3.7,1.000e-06,392,-2.052332,0.212830,0.820009,0.797878
logistic,K,3,5,0.05,3.7,1.000e-06,393,-2.201989,0.151611,0.836517,0.848633
logistic,K,3,5,0.05,3.7,1.000e-06,394,-2.058265,0.215942,0.819702,0.796047
logistic,K,3,5,0.05,3.7,1.000e-06,395,-2.208973,0.149841,0.834280,0.853228
logistic,K,3,5,0.05,3.7,1.000e-06,396,-2.069666,0.212402,0.822597,0.801913
logistic,K,3,5,0.05,3.7,1.000e-06,397,-2.214706,0.151062,0.836370,0.853681
logistic,K,3,5,0.05,3.7,1.000e-06,398,-2.066618,0.212280,0.823064,0.800745
logistic,K,3,5,0.05,3.7,1.000e-06,399,-2.211412,0.150024,0.837749,0.850353
logistic,K,3,5,0.05,3.7,1.000e-06,400,-2.061833,0.210938,0.826191,0.797416
logistic,K,3,5,0.05,3.7,1.000e-04,1,-9.362962,0.000000,1.000000,1.000000
logistic,K,3,5,0.05,3.7,1.000e-04,2,-8.928825,0.000000,1.000000,1.000000
logistic,K,3,5,0.05,3.7,1.000e-04,3,-8.786385,0.000000,1.000000,1.000000
logistic,K,3,5,0.05,3.7,1.000e-04,4,-8.391845,0.000000,1.000000,0.999999
logistic,K,3,5,0.05,3.7,1.000e-04,5,-8.291735,0.000000,0.999999,0.999999
logistic,K,3,5,0.05,3.7,1.000e-04,6,-7.888490,0.000000,0.999999,0.999998
logistic,K,3,5,0.05,3.7,1.000e-04,7,-7.764742,0.000000,0.999998,0.999998
logistic,K,3,5,0.05,3.7,1.000e-04,8,-7.413022,0.000000,0.999996,0.999995
logistic,K,3,5,0.05,3.7,1.000e-04,9,-7.266323,0.000000,0.999994,0.999993
logistic,K,3,5,0.05,3.7,1.000e-04,10,-6.878791,0.000000,0.999986,0.999982
logistic,K,3,5,0.05,3.7,1.000e-04,11,-6.744352,0.000000,0.999979,0.999976
logistic,K,3,5,0.05,3.7,1.000e-04,12,-6.355111,0.000000,0.999954,0.999937
logistic,K,3,5,0.05,3.7,1.000e-04,13,-6.215405,0.000000,0.999925,0.999913
logistic,K,3,5,0.05,3.7,1.000e-04,14,-5.830351,0.000000,0.999838,0.999786
logistic,K,3,5,0.05,3.7,1.000e-04,15,-5.660404,0.000000,0.999747,0.999696
logistic,K,3,5,0.05,3.7,1.000e-04,16,-5.283213,0.000000,0.999415,0.999188
logistic,K,3,5,0.05,3.7,1.000e-04,17,-5.106619,0.000000,0.999066,0.998873
logistic,K,3,5,0.05,3.7,1.000e-04,18,-4.722102,0.000000,0.997839,0.997095
logistic,K,3,5,0.05,3.7,1.000e-04,19,-4.564727,0.000000,0.996572,0.996133
logistic,K,3,5,0.05,3.7,1.000e-04,20,-4.175227,0.000000,0.992317,0.989826
logistic,K,3,5,0.05,3.7,1.000e-04,21,-4.006736,0.001953,0.988510,0.986339
logistic,K,3,5,0.05,3.7,1.000e-04,22,-3.632589,0.008911,0.974730,0.965936
logistic,K,3,5,0.05,3.7,1.000e-04,23,-3.475129,0.016785,0.966336,0.961977
logistic,K,3,5,0.05,3.7,1.000e-04,24,-3.124238,0.077942,0.932898,0.910249
logistic,K,3,5,0.05,3.7,1.000e-04,25,-3.045586,0.043396,0.934134,0.930787
logistic,K,3,5,0.05,3.7,1.000e-04,26,-2.739600,0.143860,0.890151,0.855370
logistic,K,3,5,0.05,3.7,1.000e-04,27,-2.768989,0.078857,0.906909,0.905344
logistic,K,3,5,0.05,3.7,1.000e-04,28,-2.518583,0.151733,0.873860,0.849813
logistic,K,3,5,0.05,3.7,1.000e-04,29,-2.551118,0.099731,0.883906,0.884775
logistic,K,3,5,0.05,3.7,1.000e-04,30,-2.336429,0.178162,0.854017,0.829554
logistic,K,3,5,0.05,3.7,1.000e-04,31,-2.417417,0.118225,0.867299,0.873555
logistic,K,3,5,0.05,3.7,1.000e-04,32,-2.230098,0.188843,0.843963,0.815695
logistic,K,3,5,0.05,3.7,1.000e-04,33,-2.334047,0.131592,0.852999,0.864848
logistic,K,3,5,0.05,3.7,1.000e-04,34,-2.167341,0.195190,0.832192,0.817077
logistic,K,3,5,0.05,3.7,1.000e-04,35,-2.280530,0.143433,0.844493,0.858623
logistic,K,3,5,0.05,3.7,1.000e-04,36,-2.124125,0.204468,0.827319,0.806857
logistic,K,3,5,0.05,3.7,1.000e-04,37,-2.255641,0.145447,0.840379,0.854814
logistic,K,3,5,0.05,3.7,1.000e-04,38,-2.102304,0.209106,0.825726,0.803671
logistic,K,3,5,0.05,3.7,1.000e-04,39,-2.246508,0.147156,0.842661,0.852852
logistic,K,3,5,0.05,3.7,1.000e-04,40,-2.095220,0.203125,0.831076,0.802392
logistic,K,3,5,0.05,3.7,1.000e-04,41,-2.228425,0.143250,0.840348,0.855812
logistic,K,3,5,0.05,3.7,1.000e-04,42,-2.081719,0.206848,0.828571,0.799421
logistic,K,3,5,0.05,3.7,1.000e-04,43,-2.222556,0.150696,0.837013,0.854211
logistic,K,3,5,0.05,3.7,1.000e-04,44,-2.070280,0.211914,0.819962,0.801663
logistic,K,3,5,0.05,3.7,1.000e-04,45,-2.209409,0.151794,0.834025,0.850549
logistic,K,3,5,0.05,3.7,1.000e-04,46,-2.069374,0.215698,0.828100,0.792410
logistic,K,3,5,0.05,3.7,1.000e-04,47,-2.212208,0.152405,0.839763,0.847660
logistic,K,3,5,0.05,3.7,1.000e-04,48,-2.062616,0.220154,0.821536,0.794102
logistic,K,3,5,0.05,3.7,1.000e-04,49,-2.215010,0.150269,0.835657,0.853481
logistic,K,3,5,0.05,3.7,1.000e-04,50,-2.066856,0.216553,0.820255,0.799405
logistic,K,3,5,0.05,3.7,1.000e-04,51,-2.216530,0.154846,0.834241,0.851904
logistic,K,3,5,0.05,3.7,1.000e-04,52,-2.073779,0.210876,0.823075,0.804038
logistic,K,3,5,0.05,3.7,1.000e-04,53,-2.216790,0.151062,0.835562,0.851589
logistic,K,3,5,0.05,3.7,1.000e-04,54,-2.071024,0.214111,0.825287,0.799584
logistic,K,3,5,0.05,3.7,1.000e-04,55,-2.221766,0.148987,0.837706,0.853216
logistic,K,3,5,0.05,3.7,1.000e-04,56,-2.074703,0.210754,0.825701,0.799934
logistic,K,3,5,0.05,3.7,1.000e-04,57,-2.221694,0.147034,0.839548,0.854409
logistic,K,3,5,0.05,3.7,1.000e-04,58,-2.076886,0.213745,0.822615,0.800939
logistic,K,3,5,0.05,3.7,1.000e-04,59,-2.217398,0.152893,0.836364,0.850671
logistic,K,3,5,0.05,3.7,1.000e-04,60,-2.072869,0.213013,0.823165,0.799012
logistic,K,3,5,0.05,3.7,1.000e-04,61,-2.223453,0.147278,0.837716,0.852506
logistic,K,3,5,0.05,3.7,1.000e-04,62,-2.078580,0.204834,0.828053,0.801593
logistic,K,3,5,0.05,3.7,1.000e-04,63,-2.216526,0.147278,0.839381,0.852181
logistic,K,3,5,0.05,3.7,1.000e-04,64,-2.068522,0.215820,0.823394,0.800120
logistic,K,3,5,0.05,3.7,1.000e-04,65,-2.208132,0.148499,0.836159,0.854009
logistic,K,3,5,0.05,3.7,1.000e-04,66,-2.063421,0.215149,0.823189,0.797215
logistic,K,3,5,0.05,3.7,1.000e-04,67,-2.206019,0.152405,0.832058,0.851810
logistic,K,3,5,0.05,3.7,1.000e-04,68,-2.060265,0.213867,0.823081,0.796420
logistic,K,3,5,0.05,3.7,1.000e-04,69,-2.212859,0.151367,0.835897,0.852973
logistic,K,3,5,0.05,3.7,1.000e-04,70,-2.056657,0.212708,0.820860,0.798798
logistic,K,3,5,0.05,3.7,1.000e-04,71,-2.207854,0.156494,0.834001,0.849563
logistic,K,3,5,0.05,3.7,1.000e-04,72,-2.062545,0.210266,0.823303,0.800978
logistic,K,3,5,0.05,3.7,1.000e-04,73,-2.195269,0.155640,0.833243,0.847495
logistic,K,3,5,0.05,3.7,1.000e-04,74,-2.048944,0.218262,0.820094,0.795424
logistic,K,3,5,0.05,3.7,1.000e-04,75,-2.206967,0.152161,0.836835,0.850834
logistic,K,3,5,0.05,3.7,1.000e-04,76,-2.061038,0.214844,0.823156,0.798103
logistic,K,3,5,0.05,3.7,1.000e-04,77,-2.207272,0.153015,0.835022,0.850779
logistic,K,3,5,0.05,3.7,1.000e-04,78,-2.062680,0.211792,0.824358,0.798975
logistic,K,3,5,0.05,3.7,1.000e-04,79,-2.201419,0.157288,0.835203,0.848398
logistic,K,3,5,0.05,3.7,1.000e-04,80,-2.064464,0.209351,0.824308,0.797396
logistic,K,3,5,0.05,3.7,1.000e-04,81,-2.204203,0.157959,0.835601,0.847317
logistic,K,3,5,0.05,3.7,1.000e-04,82,-2.067076,0.208862,0.826052,0.800260
logistic,K,3,5,0.05,3.7,1.000e-04,83,-2.213750,0.150452,0.836020,0.852135
logistic,K,3,5,0.05,3.7,1.000e-04,84,-2.066492,0.219421,0.821799,0.796087
logistic,K,3,5,0.05,3.7,1.000e-04,85,-2.213150,0.152710,0.837555,0.851460
logistic,K,3,5,0.05,3.7,1.000e-04,86,-2.069956,0.210999,0.824076,0.797973
logistic,K,3,5,0.05,3.7,1.000e-04,87,-2.222348,0.151123,0.837911,0.852386
logistic,K,3,5,0.05,3.7,1.000e-04,88,-2.068656,0.206055,0.823088,0.802807
logistic,K,3,5,0.05,3.7,1.000e-04,89,-2.210840,0.149231,0.837743,0.850388
logistic,K,3,5,0.05,3.7,1.000e-04,90,-2.067963,0.212402,0.822403,0.799494
logistic,K,3,5,0.05,3.7,1.000e-04,91,-2.211517,0.151428,0.835477,0.852341
logistic,K,3,5,0.05,3.7,1.000e-04,92,-2.068550,0.214783,0.823040,0.796448
logistic,K,3,5,0.05,3.7,1.000e-04,93,-2.211466,0.152039,0.834908,0.850074
logistic,K,3,5,0.05,3.7,1.000e-04,94,-2.070363,0.212830,0.825069,0.800076
logistic,K,3,5,0.05,3.7,1.000e-04,95,-2.215684,0.147095,0.837625,0.854214
logistic,K,3,5,0.05,3.7,1.000e-04,96,-2.063117,0.216187,0.822987,0.797480
logistic,K,3,5,0.05,3.7,1.000e-04,97,-2.212766,0.152161,0.836105,0.851462
logistic,K,3,5,0.05,3.7,1.000e-04,98,-2.071365,0.210022,0.822959,0.801667
logistic,K,3,5,0.05,3.7,1.000e-04,99,-2.213981,0.152649,0.833942,0.854940
logistic,K,3,5,0.05,3.7,1.000e-04,100,-2.075008,0.203918,0.827690,0.803350
logistic,K,3,5,0.05,3.7,1.000e-04,101,-2.212681,0.149597,0.836013,0.853641
logistic,K,3,5,0.05,3.7,1.000e-04,102,-2.070108,0.214050,0.823239,0.801295
logistic,K,3,5,0.05,3.7,1.000e-04,103,-2.216840,0.150024,0.836281,0.853835
logistic,K,3,5,0.05,3.7,1.000e-04,104,-2.079285,0.210266,0.825442,0.801124
logistic,K,3,5,0.05,3.7,1.000e-04,105,-2.224127,0.147400,0.839248,0.855331
logistic,K,3,5,0.05,3.7,1.000e-04,106,-2.071968,0.209106,0.825814,0.800029
logistic,K,3,5,0.05,3.7,1.000e-04,107,-2.217322,0.154358,0.835748,0.849452
logistic,K,3,5,0.05,3.7,1.000e-04,108,-2.077784,0.207642,0.826400,0.802776
logistic,K,3,5,0.05,3.7,1.000e-04,109,-2.220572,0.150879,0.837818,0.852579
logistic,K,3,5,0.05,3.7,1.000e-04,110,-2.069911,0.208191,0.824896,0.800897
logistic,K,3,5,0.05,3.7,1.000e-04,111,-2.210678,0.151062,0.833397,0.853383
logistic,K,3,5,0.05,3.7,1.000e-04,112,-2.069873,0.212158,0.824745,0.799931
logistic,K,3,5,0.05,3.7,1.000e-04,113,-2.211428,0.150085,0.834822,0.853599
logistic,K,3,5,0.05,3.7,1.000e-04,114,-2.061088,0.216492,0.820812,0.795177
logistic,K,3,5,0.05,3.7,1.000e-04,115,-2.214908,0.156555,0.835031,0.847405
logistic,K,3,5,0.05,3.7,1.000e-04,116,-2.068675,0.212646,0.821615,0.799350
logistic,K,3,5,0.05,3.7,1.000e-04,117,-2.210363,0.149170,0.832729,0.853431
logistic,K,3,5,0.05,3.7,1.000e-04,118,-2.069479,0.212341,0.822945,0.800966
logistic,K,3,5,0.05,3.7,1.000e-04,119,-2.214269,0.151733,0.834123,0.851239
logistic,K,3,5,0.05,3.7,1.000e-04,120,-2.071379,0.212036,0.823339,0.799955
logistic,K,3,5,0.05,3.7,1.000e-04,121,-2.213504,0.153381,0.835936,0.850732
logistic,K,3,5,0.05,3.7,1.000e-04,122,-2.062604,0.216797,0.821250,0.795502
logistic,K,3,5,0.05,3.7,1.000e-04,123,-2.211590,0.152771,0.837698,0.847206
logistic,K,3,5,0.05,3.7,1.000e-04,124,-2.072956,0.206848,0.825664,0.800430
logistic,K,3,5,0.05,3.7,1.000e-04,125,-2.212904,0.148804,0.835498,0.854397
logistic,K,3,5,0.05,3.7,1.000e-04,126,-2.062560,0.213257,0.818482,0.804126
logistic,K,3,5,0.05,3.7,1.000e-04,127,-2.206208,0.155090,0.830305,0.852995
logistic,K,3,5,0.05,3.7,1.000e-04,128,-2.057735,0.218506,0.816774,0.799378
logistic,K,3,5,0.05,3.7,1.000e-04,129,-2.211873,0.151550,0.831876,0.853864
logistic,K,3,5,0.05,3.7,1.000e-04,130,-2.064013,0.213623,0.820796,0.797062
logistic,K,3,5,0.05,3.7,1.000e-04,131,-2.211491,0.153748,0.836395,0.850883
logistic,K,3,5,0.05,3.7,1.000e-04,132,-2.069539,0.214966,0.823598,0.800062
logistic,K,3,5,0.05,3.7,1.000e-04,133,-2.214641,0.148621,0.836073,0.851314
logistic,K,3,5,0.05,3.7,1.000e-04,134,-2.067795,0.214905,0.820311,0.799720
logistic,K,3,5,0.05,3.7,1.000e-04,135,-2.220977,0.152649,0.834134,0.854431
logistic,K,3,5,0.05,3.7,1.000e-04,136,-2.074160,0.207642,0.823140,0.800353
logistic,K,3,5,0.05,3.7,1.000e-04,137,-2.214621,0.148560,0.833280,0.851808
logistic,K,3,5,0.05,3.7,1.000e-04,138,-2.071617,0.208740,0.825983,0.802671
logistic,K,3,5,0.05,3.7,1.000e-04,139,-2.211639,0.153442,0.839151,0.849873
logistic,K,3,5,0.05,3.7,1.000e-04,140,-2.065335,0.209045,0.825639,0.798395
logistic,K,3,5,0.05,3.7,1.000e-04,141,-2.207726,0.149963,0.838656,0.849760
logistic,K,3,5,0.05,3.7,1.000e-04,142,-2.064809,0.212708,0.821291,0.799772
logistic,K,3,5,0.05,3.7,1.000e-04,143,-2.202817,0.155212,0.833879,0.850676
logistic,K,3,5,0.05,3.7,1.000e-04,144,-2.062132,0.214905,0.822316,0.798635
logistic,K,3,5,0.05,3.7,1.000e-04,145,-2.211777,0.155273,0.836338,0.849902
logistic,K,3,5,0.05,3.7,1.000e-04,146,-2.067345,0.209534,0.827062,0.799407
logistic,K,3,5,0.05,3.7,1.000e-04,147,-2.210386,0.148865,0.840253,0.851067
logistic,K,3,5,0.05,3.7,1.000e-04,148,-2.063134,0.214478,0.824572,0.799316
logistic,K,3,5,0.05,3.7,1.000e-04,149,-2.202476,0.151001,0.835923,0.850476
logistic,K,3,5,0.05,3.7,1.000e-04,150,-2.056013,0.218140,0.819396,0.795628
logistic,K,3,5,0.05,3.7,1.000e-04,151,-2.211593,0.149597,0.838239,0.851490
logistic,K,3,5,0.05,3.7,1.000e-04,152,-2.066769,0.213562,0.823961,0.801915
logistic,K,3,5,0.05,3.7,1.000e-04,153,-2.202956,0.152649,0.832431,0.853215
logistic,K,3,5,0.05,3.7,1.000e-04,154,-2.059582,0.211182,0.823421,0.797745
logistic,K,3,5,0.05,3.7,1.000e-04,155,-2.207175,0.151062,0.836422,0.851312
logistic,K,3,5,0.05,3.7,1.000e-04,156,-2.065645,0.215027,0.824398,0.799169
logistic,K,3,5,0.05,3.7,1.000e-04,157,-2.203650,0.156311,0.832480,0.850511
logistic,K,3,5,0.05,3.7,1.000e-04,158,-2.064020,0.218933,0.818475,0.796891
logistic,K,3,5,0.05,3.7,1.000e-04,159,-2.207838,0.152039,0.832823,0.850581
logistic,K,3,5,0.05,3.7,1.000e-04,160,-2.070801,0.213806,0.821260,0.800060
logistic,K,3,5,0.05,3.7,1.000e-04,161,-2.215222,0.148438,0.838241,0.851306
logistic,K,3,5,0.05,3.7,1.000e-04,162,-2.075376,0.209778,0.825163,0.801639
logistic,K,3,5,0.05,3.7,1.000e-04,163,-2.218843,0.153198,0.835721,0.852053
logistic,K,3,5,0.05,3.7,1.000e-04,164,-2.073800,0.208496,0.825092,0.801217
logistic,K,3,5,0.05,3.7,1.000e-04,165,-2.216735,0.149475,0.837828,0.852589
logistic,K,3,5,0.05,3.7,1.000e-04,166,-2.062380,0.208618,0.825371,0.800112
logistic,K,3,5,0.05,3.7,1.000e-04,167,-2.206209,0.152344,0.837084,0.849585
logistic,K,3,5,0.05,3.7,1.000e-04,168,-2.058295,0.216797,0.823243,0.796231
logistic,K,3,5,0.05,3.7,1.000e-04,169,-2.211018,0.151367,0.837849,0.850018
logistic,K,3,5,0.05,3.7,1.000e-04,170,-2.068182,0.210327,0.825355,0.800005
logistic,K,3,5,0.05,3.7,1.000e-04,171,-2.210904,0.153931,0.836525,0.851041
logistic,K,3,5,0.05,3.7,1.000e-04,172,-2.062789,0.219971,0.821553,0.794975
logistic,K,3,5,0.05,3.7,1.000e-04,173,-2.216011,0.148743,0.835669,0.852503
logistic,K,3,5,0.05,3.7,1.000e-04,174,-2.068904,0.210266,0.823342,0.799004
logistic,K,3,5,0.05,3.7,1.000e-04,175,-2.218007,0.153687,0.834316,0.852925
logistic,K,3,5,0.05,3.7,1.000e-04,176,-2.072184,0.213074,0.822209,0.800468
logistic,K,3,5,0.05,3.7,1.000e-04,177,-2.219102,0.148621,0.838608,0.852534
logistic,K,3,5,0.05,3.7,1.000e-04,178,-2.074802,0.211914,0.826424,0.798534
logistic,K,3,5,0.05,3.7,1.000e-04,179,-2.216920,0.149963,0.837101,0.853423
logistic,K,3,5,0.05,3.7,1.000e-04,180,-2.061548,0.213501,0.822514,0.797567
logistic,K,3,5,0.05,3.7,1.000e-04,181,-2.215063,0.146606,0.842355,0.854101
logistic,K,3,5,0.05,3.7,1.000e-04,182,-2.061799,0.213928,0.822551,0.800313
logistic,K,3,5,0.05,3.7,1.000e-04,183,-2.198460,0.153931,0.836199,0.848491
logistic,K,3,5,0.05,3.7,1.000e-04,184,-2.056528,0.215088,0.821812,0.793236
logistic,K,3,5,0.05,3.7,1.000e-04,185,-2.202143,0.153503,0.834023,0.847124
logistic,K,3,5,0.05,3.7,1.000e-04,186,-2.064767,0.217651,0.819341,0.798341
logistic,K,3,5,0.05,3.7,1.000e-04,187,-2.210228,0.151001,0.833942,0.852725
logistic,K,3,5,0.05,3.7,1.000e-04,188,-2.064341,0.216553,0.820562,0.798394
logistic,K,3,5,0.05,3.7,1.000e-04,189,-2.211286,0.153198,0.835154,0.850641
logistic,K,3,5,0.05,3.7,1.000e-04,190,-2.069594,0.209778,0.826733,0.798156
logistic,K,3,5,0.05,3.7,1.000e-04,191,-2.220099,0.148376,0.837848,0.852743
logistic,K,3,5,0.05,3.7,1.000e-04,192,-2.077721,0.210999,0.825454,0.804583
logistic,K,3,5,0.05,3.7,1.000e-04,193,-2.220434,0.150330,0.839365,0.850910
logistic,K,3,5,0.05,3.7,1.000e-04,194,-2.074746,0.214233,0.823376,0.801285
logistic,K,3,5,0.05,3.7,1.000e-04,195,-2.210601,0.150269,0.832974,0.853073
logistic,K,3,5,0.05,3.7,1.000e-04,196,-2.064737,0.211792,0.822036,0.800647
logistic,K,3,5,0.05,3.7,1.000e-04,197,-2.209631,0.153442,0.833699,0.849838
logistic,K,3,5,0.05,3.7,1.000e-04,198,-2.063216,0.210815,0.823139,0.799142
logistic,K,3,5,0.05,3.7,1.000e-04,199,-2.203885,0.152954,0.833957,0.850281
logistic,K,3,5,0.05,3.7,1.000e-04,200,-2.058354,0.209778,0.823875,0.800816
logistic,K,3,5,0.05,3.7,1.000e-04,201,-2.197717,0.152527,0.834304,0.850658
logistic,K,3,5,0.05,3.7,1.000e-04,202,-2.050898,0.216431,0.820084,0.798421
logistic,K,3,5,0.05,3.7,1.000e-04,203,-2.202318,0.153564,0.835478,0.849588
logistic,K,3,5,0.05,3.7,1.000e-04,204,-2.063037,0.215332,0.823170,0.797290
logistic,K,3,5,0.05,3.7,1.000e-04,205,-2.205839,0.153381,0.836419,0.849600
logistic,K,3,5,0.05,3.7,1.000e-04,206,-2.066850,0.216614,0.823959,0.797599
logistic,K,3,5,0.05,3.7,1.000e-04,207,-2.211453,0.155273,0.835350,0.852901
logistic,K,3,5,0.05,3.7,1.000e-04,208,-2.065517,0.206726,0.826677,0.800174
logistic,K,3,5,0.05,3.7,1.000e-04,209,-2.210313,0.149841,0.837739,0.852388
logistic,K,3,5,0.05,3.7,1.000e-04,210,-2.059303,0.212341,0.826929,0.796984
logistic,K,3,5,0.05,3.7,1.000e-04,211,-2.198849,0.153564,0.833331,0.850252
logistic,K,3,5,0.05,3.7,1.000e-04,212,-2.060585,0.215088,0.820995,0.798641
logistic,K,3,5,0.05,3.7,1.000e-04,213,-2.200685,0.154785,0.833607,0.849986
logistic,K,3,5,0.05,3.7,1.000e-04,214,-2.057318,0.215454,0.820754,0.797266
logistic,K,3,5,0.05,3.7,1.000e-04,215,-2.202923,0.155823,0.833438,0.848509
logistic,K,3,5,0.05,3.7,1.000e-04,216,-2.068718,0.212158,0.824742,0.796438
logistic,K,3,5,0.05,3.7,1.000e-04,217,-2.218286,0.146790,0.839271,0.853925
logistic,K,3,5,0.05,3.7,1.000e-04,218,-2.066613,0.209900,0.825113,0.800523
logistic,K,3,5,0.05,3.7,1.000e-04,219,-2.215771,0.148743,0.841319,0.849485
logistic,K,3,5,0.05,3.7,1.000e-04,220,-2.072620,0.212341,0.823981,0.799764
logistic,K,3,5,0.05,3.7,1.000e-04,221,-2.213165,0.149109,0.838798,0.851125
logistic,K,3,5,0.05,3.7,1.000e-04,222,-2.069857,0.211182,0.826332,0.799754
logistic,K,3,5,0.05,3.7,1.000e-04,223,-2.210947,0.151978,0.834151,0.851378
logistic,K,3,5,0.05,3.7,1.000e-04,224,-2.067255,0.212524,0.824323,0.798217
logistic,K,3,5,0.05,3.7,1.000e-04,225,-2.202603,0.152771,0.835103,0.849458
logistic,K,3,5,0.05,3.7,1.000e-04,226,-2.059210,0.213989,0.822273,0.797151
logistic,K,3,5,0.05,3.7,1.000e-04,227,-2.211784,0.150024,0.834611,0.852618
logistic,K,3,5,0.05,3.7,1.000e-04,228,-2.064935,0.208557,0.823466,0.802464
logistic,K,3,5,0.05,3.7,1.000e-04,229,-2.212162,0.150024,0.839276,0.850101
logistic,K,3,5,0.05,3.7,1.000e-04,230,-2.061306,0.212219,0.823532,0.799727
logistic,K,3,5,0.05,3.7,1.000e-04,231,-2.204553,0.153931,0.834808,0.849761
logistic,K,3,5,0.05,3.7,1.000e-04,232,-2.062655,0.211731,0.823045,0.799464
logistic,K,3,5,0.05,3.7,1.000e-04,233,-2.202877,0.155945,0.832132,0.850253
logistic,K,3,5,0.05,3.7,1.000e-04,234,-2.064245,0.210449,0.824758,0.798421
logistic,K,3,5,0.05,3.7,1.000e-04,235,-2.211424,0.150513,0.835804,0.853706
logistic,K,3,5,0.05,3.7,1.000e-04,236,-2.061648,0.211670,0.825161,0.799637
logistic,K,3,5,0.05,3.7,1.000e-04,237,-2.202419,0.155029,0.836598,0.848035
logistic,K,3,5,0.05,3.7,1.000e-04,238,-2.052628,0.215942,0.820018,0.799078
logistic,K,3,5,0.05,3.7,1.000e-04,239,-2.201820,0.152344,0.832348,0.848966
logistic,K,3,5,0.05,3.7,1.000e-04,240,-2.058139,0.216553,0.820182,0.797608
logistic,K,3,5,0.05,3.7,1.000e-04,241,-2.205922,0.152954,0.833351,0.852010
logistic,K,3,5,0.05,3.7,1.000e-04,242,-2.065336,0.210388,0.823402,0.804124
logistic,K,3,5,0.05,3.7,1.000e-04,243,-2.204775,0.152466,0.834146,0.850889
logistic,K,3,5,0.05,3.7,1.000e-04,244,-2.064012,0.215393,0.824121,0.797327
logistic,K,3,5,0.05,3.7,1.000e-04,245,-2.208373,0.155701,0.837189,0.847845
logistic,K,3,5,0.05,3.7,1.000e-04,246,-2.068441,0.208069,0.823723,0.800700
logistic,K,3,5,0.05,3.7,1.000e-04,247,-2.214886,0.147278,0.834719,0.855464
logistic,K,3,5,0.05,3.7,1.000e-04,248,-2.068995,0.213989,0.821859,0.801424
logistic,K,3,5,0.05,3.7,1.000e-04,249,-2.216304,0.149841,0.834336,0.852868
logistic,K,3,5,0.05,3.7,1.000e-04,250,-2.073768,0.214478,0.824468,0.799052
logistic,K,3,5,0.05,3.7,1.000e-04,251,-2.219909,0.149658,0.836409,0.853661
logistic,K,3,5,0.05,3.7,1.000e-04,252,-2.074543,0.210449,0.825837,0.803458
logistic,K,3,5,0.05,3.7,1.000e-04,253,-2.213506,0.148376,0.837921,0.853354
logistic,K,3,5,0.05,3.7,1.000e-04,254,-2.063951,0.207642,0.826669,0.798262
logistic,K,3,5,0.05,3.7,1.000e-04,255,-2.211341,0.152222,0.834653,0.852675
logistic,K,3,5,0.05,3.7,1.000e-04,256,-2.063669,0.212585,0.823535,0.799860
logistic,K,3,5,0.05,3.7,1.000e-04,257,-2.204824,0.150146,0.834715,0.849029
logistic,K,3,5,0.05,3.7,1.000e-04,258,-2.058570,0.217224,0.820104,0.798026
logistic,K,3,5,0.05,3.7,1.000e-04,259,-2.206717,0.154297,0.836482,0.850859
logistic,K,3,5,0.05,3.7,1.000e-04,260,-2.057154,0.215210,0.823636,0.794699
logistic,K,3,5,0.05,3.7,1.000e-04,261,-2.203254,0.153625,0.835399,0.849237
logistic,K,3,5,0.05,3.7,1.000e-04,262,-2.060924,0.216309,0.821741,0.797655
logistic,K,3,5,0.05,3.7,1.000e-04,263,-2.209389,0.154419,0.833129,0.850747
logistic,K,3,5,0.05,3.7,1.000e-04,264,-2.063107,0.210754,0.821443,0.797514
logistic,K,3,5,0.05,3.7,1.000e-04,265,-2.210046,0.152344,0.835221,0.849875
logistic,K,3,5,0.05,3.7,1.000e-04,266,-2.062371,0.213013,0.821708,0.800745
logistic,K,3,5,0.05,3.7,1.000e-04,267,-2.210119,0.148621,0.840478,0.849112
logistic,K,3,5,0.05,3.7,1.000e-04,268,-2.061415,0.216614,0.822321,0.796931
logistic,K,3,5,0.05,3.7,1.000e-04,269,-2.211171,0.152710,0.836576,0.851895
logistic,K,3,5,0.05,3.7,1.000e-04,270,-2.062725,0.212402,0.821205,0.800005
logistic,K,3,5,0.05,3.7,1.000e-04,271,-2.210730,0.150269,0.833898,0.853266
logistic,K,3,5,0.05,3.7,1.000e-04,272,-2.069753,0.206787,0.821818,0.804034
logistic,K,3,5,0.05,3.7,1.000e-04,273,-2.213600,0.155334,0.835126,0.849808
logistic,K,3,5,0.05,3.7,1.000e-04,274,-2.072058,0.215515,0.825168,0.800085
logistic,K,3,5,0.05,3.7,1.000e-04,275,-2.214528,0.149780,0.838842,0.850992
logistic,K,3,5,0.05,3.7,1.000e-04,276,-2.068350,0.208130,0.825811,0.799617
logistic,K,3,5,0.05,3.7,1.000e-04,277,-2.214318,0.151428,0.835707,0.851312
logistic,K,3,5,0.05,3.7,1.000e-04,278,-2.064912,0.216431,0.823026,0.797448
logistic,K,3,5,0.05,3.7,1.000e-04,279,-2.211116,0.146973,0.835230,0.853580
logistic,K,3,5,0.05,3.7,1.000e-04,280,-2.062827,0.212280,0.820470,0.800891
logistic,K,3,5,0.05,3.7,1.000e-04,281,-2.213240,0.149292,0.838932,0.849239
logistic,K,3,5,0.05,3.7,1.000e-04,282,-2.066834,0.216675,0.821118,0.799729
logistic,K,3,5,0.05,3.7,1.000e-04,283,-2.215968,0.149292,0.839415,0.850286
logistic,K,3,5,0.05,3.7,1.000e-04,284,-2.072987,0.210388,0.824597,0.801741
logistic,K,3,5,0.05,3.7,1.000e-04,285,-2.211171,0.149170,0.837494,0.852475
logistic,K,3,5,0.05,3.7,1.000e-04,286,-2.069623,0.211548,0.823936,0.800101
logistic,K,3,5,0.05,3.7,1.000e-04,287,-2.209983,0.153320,0.834538,0.850472
logistic,K,3,5,0.05,3.7,1.000e-04,288,-2.071720,0.213379,0.823916,0.799629
logistic,K,3,5,0.05,3.7,1.000e-04,289,-2.215595,0.155334,0.836640,0.849355
logistic,K,3,5,0.05,3.7,1.000e-04,290,-2.078073,0.211731,0.825190,0.799998
logistic,K,3,5,0.05,3.7,1.000e-04,291,-2.210325,0.151184,0.834957,0.851937
logistic,K,3,5,0.05,3.7,1.000e-04,292,-2.067876,0.214111,0.820494,0.797425
logistic,K,3,5,0.05,3.7,1.000e-04,293,-2.211525,0.150940,0.835908,0.850447
logistic,K,3,5,0.05,3.7,1.000e-04,294,-2.074403,0.212097,0.825760,0.798085
logistic,K,3,5,0.05,3.7,1.000e-04,295,-2.210293,0.155396,0.836455,0.850844
logistic,K,3,5,0.05,3.7,1.000e-04,296,-2.065741,0.212158,0.822373,0.800804
logistic,K,3,5,0.05,3.7,1.000e-04,297,-2.208091,0.154541,0.832618,0.850506
logistic,K,3,5,0.05,3.7,1.000e-04,298,-2.067604,0.212708,0.820235,0.801034
logistic,K,3,5,0.05,3.7,1.000e-04,299,-2.207463,0.153931,0.833243,0.851503
logistic,K,3,5,0.05,3.7,1.000e-04,300,-2.061408,0.210938,0.823717,0.800796
logistic,K,3,5,0.05,3.7,1.000e-04,301,-2.205089,0.150146,0.836991,0.852218
logistic,K,3,5,0.05,3.7,1.000e-04,302,-2.059292,0.216248,0.823989,0.796555
logistic,K,3,5,0.05,3.7,1.000e-04,303,-2.211168,0.153015,0.835565,0.850700
logistic,K,3,5,0.05,3.7,1.000e-04,304,-2.068118,0.210999,0.826431,0.797706
logistic,K,3,5,0.05,3.7,1.000e-04,305,-2.213279,0.149475,0.837141,0.853851
logistic,K,3,5,0.05,3.7,1.000e-04,306,-2.068131,0.217590,0.823304,0.797903
logistic,K,3,5,0.05,3.7,1.000e-04,307,-2.212809,0.153076,0.839143,0.851256
logistic,K,3,5,0.05,3.7,1.000e-04,308,-2.074983,0.210388,0.825009,0.799535
logistic,K,3,5,0.05,3.7,1.000e-04,309,-2.215227,0.152405,0.835966,0.850818
logistic,K,3,5,0.05,3.7,1.000e-04,310,-2.073828,0.211060,0.824130,0.799379
logistic,K,3,5,0.05,3.7,1.000e-04,311,-2.215556,0.148499,0.838516,0.852924
logistic,K,3,5,0.05,3.7,1.000e-04,312,-2.068902,0.212036,0.824370,0.797410
logistic,K,3,5,0.05,3.7,1.000e-04,313,-2.217041,0.148132,0.837144,0.854929
logistic,K,3,5,0.05,3.7,1.000e-04,314,-2.066855,0.208984,0.824466,0.799014
logistic,K,3,5,0.05,3.7,1.000e-04,315,-2.206489,0.151794,0.836560,0.849964
logistic,K,3,5,0.05,3.7,1.000e-04,316,-2.065497,0.216553,0.823084,0.798500
logistic,K,3,5,0.05,3.7,1.000e-04,317,-2.210484,0.148376,0.837864,0.853106
logistic,K,3,5,0.05,3.7,1.000e-04,318,-2.058748,0.216431,0.818823,0.799029
logistic,K,3,5,0.05,3.7,1.000e-04,319,-2.209099,0.149658,0.835355,0.853828
logistic,K,3,5,0.05,3.7,1.000e-04,320,-2.066063,0.214294,0.822554,0.798395
logistic,K,3,5,0.05,3.7,1.000e-04,321,-2.212280,0.150696,0.835149,0.853043
logistic,K,3,5,0.05,3.7,1.000e-04,322,-2.066440,0.212830,0.822151,0.802958
logistic,K,3,5,0.05,3.7,1.000e-04,323,-2.206084,0.150269,0.835793,0.853201
logistic,K,3,5,0.05,3.7,1.000e-04,324,-2.057826,0.215271,0.824044,0.796292
logistic,K,3,5,0.05,3.7,1.000e-04,325,-2.202811,0.152466,0.835390,0.849881
logistic,K,3,5,0.05,3.7,1.000e-04,326,-2.055474,0.214417,0.823028,0.795803
logistic,K,3,5,0.05,3.7,1.000e-04,327,-2.209479,0.152954,0.835464,0.851890
logistic,K,3,5,0.05,3.7,1.000e-04,328,-2.065769,0.209595,0.823977,0.802337
logistic,K,3,5,0.05,3.7,1.000e-04,329,-2.214843,0.150452,0.834712,0.853131
logistic,K,3,5,0.05,3.7,1.000e-04,330,-2.070876,0.217773,0.820166,0.800070
logistic,K,3,5,0.05,3.7,1.000e-04,331,-2.224664,0.149475,0.837149,0.853280
logistic,K,3,5,0.05,3.7,1.000e-04,332,-2.085472,0.208313,0.827671,0.801416
logistic,K,3,5,0.05,3.7,1.000e-04,333,-2.222785,0.149109,0.839309,0.852057
logistic,K,3,5,0.05,3.7,1.000e-04,334,-2.071774,0.211060,0.823361,0.798588
logistic,K,3,5,0.05,3.7,1.000e-04,335,-2.218696,0.151917,0.834645,0.853724
logistic,K,3,5,0.05,3.7,1.000e-04,336,-2.077457,0.207825,0.824809,0.804072
logistic,K,3,5,0.05,3.7,1.000e-04,337,-2.214792,0.152161,0.833279,0.853268
logistic,K,3,5,0.05,3.7,1.000e-04,338,-2.073549,0.211121,0.824983,0.798419
logistic,K,3,5,0.05,3.7,1.000e-04,339,-2.220751,0.151001,0.837263,0.851376
logistic,K,3,5,0.05,3.7,1.000e-04,340,-2.070394,0.215515,0.819385,0.801597
logistic,K,3,5,0.05,3.7,1.000e-04,341,-2.212000,0.149719,0.835610,0.853316
logistic,K,3,5,0.05,3.7,1.000e-04,342,-2.064152,0.212341,0.822261,0.801187
logistic,K,3,5,0.05,3.7,1.000e-04,343,-2.210338,0.148804,0.836263,0.853865
logistic,K,3,5,0.05,3.7,1.000e-04,344,-2.061374,0.209839,0.825381,0.798613
logistic,K,3,5,0.05,3.7,1.000e-04,345,-2.202014,0.151733,0.838139,0.850372
logistic,K,3,5,0.05,3.7,1.000e-04,346,-2.055996,0.213562,0.823704,0.795715
logistic,K,3,5,0.05,3.7,1.000e-04,347,-2.200305,0.154114,0.836158,0.847253
logistic,K,3,5,0.05,3.7,1.000e-04,348,-2.064457,0.215393,0.824795,0.795146
logistic,K,3,5,0.05,3.7,1.000e-04,349,-2.214869,0.149597,0.840851,0.852492
logistic,K,3,5,0.05,3.7,1.000e-04,350,-2.056038,0.212463,0.820536,0.801552
logistic,K,3,5,0.05,3.7,1.000e-04,351,-2.212668,0.152344,0.835740,0.851398
logistic,K,3,5,0.05,3.7,1.000e-04,352,-2.068674,0.210876,0.825258,0.801663
logistic,K,3,5,0.05,3.7,1.000e-04,353,-2.209217,0.149353,0.839392,0.849449
logistic,K,3,5,0.05,3.7,1.000e-04,354,-2.061398,0.214539,0.823405,0.796714
logistic,K,3,5,0.05,3.7,1.000e-04,355,-2.208430,0.154175,0.834530,0.850072
logistic,K,3,5,0.05,3.7,1.000e-04,356,-2.066719,0.209290,0.825088,0.798328
logistic,K,3,5,0.05,3.7,1.000e-04,357,-2.208710,0.148376,0.837815,0.852908
logistic,K,3,5,0.05,3.7,1.000e-04,358,-2.057822,0.218506,0.822861,0.796801
logistic,K,3,5,0.05,3.7,1.000e-04,359,-2.205801,0.149170,0.835890,0.852714
logistic,K,3,5,0.05,3.7,1.000e-04,360,-2.056626,0.215698,0.820897,0.794252
logistic,K,3,5,0.05,3.7,1.000e-04,361,-2.217711,0.148743,0.838168,0.850770
logistic,K,3,5,0.05,3.7,1.000e-04,362,-2.067902,0.213928,0.824148,0.797146
logistic,K,3,5,0.05,3.7,1.000e-04,363,-2.213084,0.148682,0.839961,0.850241
logistic,K,3,5,0.05,3.7,1.000e-04,364,-2.063106,0.216858,0.817848,0.798896
logistic,K,3,5,0.05,3.7,1.000e-04,365,-2.215832,0.150085,0.836438,0.852048
logistic,K,3,5,0.05,3.7,1.000e-04,366,-2.069905,0.211792,0.822173,0.799003
logistic,K,3,5,0.05,3.7,1.000e-04,367,-2.217057,0.152100,0.836493,0.851110
logistic,K,3,5,0.05,3.7,1.000e-04,368,-2.072081,0.214294,0.823969,0.798077
logistic,K,3,5,0.05,3.7,1.000e-04,369,-2.220937,0.151001,0.838402,0.848490
logistic,K,3,5,0.05,3.7,1.000e-04,370,-2.071252,0.209900,0.823686,0.802231
logistic,K,3,5,0.05,3.7,1.000e-04,371,-2.209820,0.156677,0.834003,0.849786
logistic,K,3,5,0.05,3.7,1.000e-04,372,-2.066403,0.213318,0.821090,0.800832
logistic,K,3,5,0.05,3.7,1.000e-04,373,-2.211443,0.152527,0.836518,0.849102
logistic,K,3,5,0.05,3.7,1.000e-04,374,-2.070348,0.212952,0.823673,0.798099
logistic,K,3,5,0.05,3.7,1.000e-04,375,-2.214704,0.152649,0.834342,0.853926
logistic,K,3,5,0.05,3.7,1.000e-04,376,-2.072346,0.213318,0.824225,0.799164
logistic,K,3,5,0.05,3.7,1.000e-04,377,-2.221284,0.150330,0.835040,0.852426
logistic,K,3,5,0.05,3.7,1.000e-04,378,-2.069642,0.215332,0.819720,0.798619
logistic,K,3,5,0.05,3.7,1.000e-04,379,-2.228554,0.145508,0.839138,0.855070
logistic,K,3,5,0.05,3.7,1.000e-04,380,-2.073194,0.208862,0.824018,0.803050
logistic,K,3,5,0.05,3.7,1.000e-04,381,-2.225007,0.148376,0.839872,0.854687
logistic,K,3,5,0.05,3.7,1.000e-04,382,-2.066086,0.210632,0.820724,0.802858
logistic,K,3,5,0.05,3.7,1.000e-04,383,-2.207625,0.153015,0.834096,0.848948
logistic,K,3,5,0.05,3.7,1.000e-04,384,-2.067055,0.211731,0.827017,0.796676
logistic,K,3,5,0.05,3.7,1.000e-04,385,-2.210023,0.152649,0.834521,0.851835
logistic,K,3,5,0.05,3.7,1.000e-04,386,-2.065144,0.216125,0.822652,0.797470
logistic,K,3,5,0.05,3.7,1.000e-04,387,-2.211486,0.152222,0.836543,0.850094
logistic,K,3,5,0.05,3.7,1.000e-04,388,-2.069412,0.212891,0.822951,0.800620
logistic,K,3,5,0.05,3.7,1.000e-04,389,-2.217472,0.153015,0.836573,0.854071
logistic,K,3,5,0.05,3.7,1.000e-04,390,-2.069370,0.212036,0.825448,0.800183
logistic,K,3,5,0.05,3.7,1.000e-04,391,-2.213594,0.150696,0.837139,0.852810
logistic,K,3,5,0.05,3.7,1.000e-04,392,-2.061184,0.211426,0.821905,0.802177
logistic,K,3,5,0.05,3.7,1.000e-04,393,-2.208937,0.154236,0.834291,0.849391
logistic,K,3,5,0.05,3.7,1.000e-04,394,-2.066402,0.211548,0.820878,0.801211
logistic,K,3,5,0.05,3.7,1.000e-04,395,-2.219481,0.151428,0.837111,0.851227
logistic,K,3,5,0.05,3.7,1.000e-04,396,-2.069874,0.210815,0.821956,0.806575
logistic,K,3,5,0.05,3.7,1.000e-04,397,-2.210602,0.150391,0.835317,0.851308
logistic,K,3,5,0.05,3.7,1.000e-04,398,-2.064305,0.213623,0.820623,0.798307
logistic,K,3,5,0.05,3.7,1.000e-04,399,-2.203230,0.155273,0.831587,0.850053
logistic,K,3,5,0.05,3.7,1.000e-04,400,-2.059332,0.214233,0.823001,0.798183
logistic,K,3,5,0.05,3.7,1.000e-03,1,-7.060457,0.000000,0.999997,0.999996
logistic,K,3,5,0.05,3.7,1.000e-03,2,-6.627039,0.000000,0.999988,0.999987
logistic,K,3,5,0.05,3.7,1.000e-03,3,-6.486023,0.000000,0.999980,0.999977
logistic,K,3,5,0.05,3.7,1.000e-03,4,-6.092650,0.000000,0.999955,0.999949
logistic,K,3,5,0.05,3.7,1.000e-03,5,-5.993516,0.000000,0.999937,0.999926
logistic,K,3,5,0.05,3.7,1.000e-03,6,-5.592192,0.000000,0.999868,0.999834
logistic,K,3,5,0.05,3.7,1.000e-03,7,-5.470171,0.000000,0.999801,0.999756
logistic,K,3,5,0.05,3.7,1.000e-03,8,-5.120284,0.000000,0.999644,0.999547
logistic,K,3,5,0.05,3.7,1.000e-03,9,-4.976694,0.000000,0.999465,0.999350
logistic,K,3,5,0.05,3.7,1.000e-03,10,-4.591657,0.000000,0.998685,0.998264
logistic,K,3,5,0.05,3.7,1.000e-03,11,-4.455553,0.000000,0.998042,0.997662
logistic,K,3,5,0.05,3.7,1.000e-03,12,-4.067716,0.000000,0.995567,0.993933
logistic,K,3,5,0.05,3.7,1.000e-03,13,-3.928993,0.000000,0.993018,0.991663
logistic,K,3,5,0.05,3.7,1.000e-03,14,-3.548933,0.000000,0.984974,0.979560
logistic,K,3,5,0.05,3.7,1.000e-03,15,-3.401471,0.005432,0.978144,0.973931
logistic,K,3,5,0.05,3.7,1.000e-03,16,-3.042665,0.034058,0.952712,0.936286
logistic,K,3,5,0.05,3.7,1.000e-03,17,-2.920734,0.033569,0.942577,0.935619
logistic,K,3,5,0.05,3.7,1.000e-03,18,-2.591004,0.145813,0.889600,0.850046
logistic,K,3,5,0.05,3.7,1.000e-03,19,-2.644836,0.068237,0.908196,0.906798
logistic,K,3,5,0.05,3.7,1.000e-03,20,-2.380908,0.164673,0.867964,0.834577
logistic,K,3,5,0.05,3.7,1.000e-03,21,-2.442599,0.107971,0.876096,0.879469
logistic,K,3,5,0.05,3.7,1.000e-03,22,-2.254117,0.182251,0.849900,0.823537
logistic,K,3,5,0.05,3.7,1.000e-03,23,-2.331313,0.122314,0.861341,0.868635
logistic,K,3,5,0.05,3.7,1.000e-03,24,-2.161420,0.197876,0.836763,0.814175
logistic,K,3,5,0.05,3.7,1.000e-03,25,-2.265466,0.136108,0.851148,0.857029
logistic,K,3,5,0.05,3.7,1.000e-03,26,-2.107333,0.203979,0.827722,0.806706
logistic,K,3,5,0.05,3.7,1.000e-03,27,-2.237232,0.147339,0.844132,0.851986
logistic,K,3,5,0.05,3.7,1.000e-03,28,-2.085308,0.209839,0.828149,0.801028
logistic,K,3,5,0.05,3.7,1.000e-03,29,-2.226987,0.149048,0.837959,0.854536
logistic,K,3,5,0.05,3.7,1.000e-03,30,-2.076247,0.210510,0.829463,0.800161
logistic,K,3,5,0.05,3.7,1.000e-03,31,-2.209175,0.152649,0.837381,0.848552
logistic,K,3,5,0.05,3.7,1.000e-03,32,-2.068938,0.212524,0.824032,0.800678
logistic,K,3,5,0.05,3.7,1.000e-03,33,-2.216780,0.146790,0.841332,0.852209
logistic,K,3,5,0.05,3.7,1.000e-03,34,-2.067649,0.212646,0.824555,0.800897
logistic,K,3,5,0.05,3.7,1.000e-03,35,-2.213937,0.154236,0.835091,0.853389
logistic,K,3,5,0.05,3.7,1.000e-03,36,-2.074173,0.212402,0.822959,0.802577
logistic,K,3,5,0.05,3.7,1.000e-03,37,-2.228271,0.147888,0.838638,0.853960
logistic,K,3,5,0.05,3.7,1.000e-03,38,-2.076044,0.210083,0.827407,0.800370
logistic,K,3,5,0.05,3.7,1.000e-03,39,-2.228289,0.149475,0.840756,0.852245
logistic,K,3,5,0.05,3.7,1.000e-03,40,-2.080600,0.202332,0.829747,0.804335
logistic,K,3,5,0.05,3.7,1.000e-03,41,-2.226103,0.150330,0.839921,0.854928
logistic,K,3,5,0.05,3.7,1.000e-03,42,-2.069047,0.210327,0.825259,0.802335
logistic,K,3,5,0.05,3.7,1.000e-03,43,-2.217412,0.152649,0.835496,0.852997
logistic,K,3,5,0.05,3.7,1.000e-03,44,-2.073079,0.211182,0.826821,0.799609
logistic,K,3,5,0.05,3.7,1.000e-03,45,-2.215459,0.150391,0.839643,0.852228
logistic,K,3,5,0.05,3.7,1.000e-03,46,-2.068779,0.210388,0.827619,0.798372
logistic,K,3,5,0.05,3.7,1.000e-03,47,-2.214128,0.152405,0.838181,0.850755
logistic,K,3,5,0.05,3.7,1.000e-03,48,-2.070281,0.209839,0.825912,0.799931
logistic,K,3,5,0.05,3.7,1.000e-03,49,-2.211940,0.148621,0.836568,0.853016
logistic,K,3,5,0.05,3.7,1.000e-03,50,-2.066349,0.212830,0.822939,0.802407
logistic,K,3,5,0.05,3.7,1.000e-03,51,-2.213784,0.149597,0.841405,0.851865
logistic,K,3,5,0.05,3.7,1.000e-03,52,-2.062714,0.213440,0.822248,0.801055
logistic,K,3,5,0.05,3.7,1.000e-03,53,-2.206133,0.154358,0.834488,0.848343
logistic,K,3,5,0.05,3.7,1.000e-03,54,-2.062620,0.209900,0.820983,0.802687
logistic,K,3,5,0.05,3.7,1.000e-03,55,-2.207158,0.150085,0.836654,0.851651
logistic,K,3,5,0.05,3.7,1.000e-03,56,-2.067797,0.206238,0.827979,0.801696
logistic,K,3,5,0.05,3.7,1.000e-03,57,-2.205234,0.153320,0.835592,0.850416
logistic,K,3,5,0.05,3.7,1.000e-03,58,-2.063176,0.215820,0.822138,0.796991
logistic,K,3,5,0.05,3.7,1.000e-03,59,-2.210971,0.148804,0.836115,0.853142
logistic,K,3,5,0.05,3.7,1.000e-03,60,-2.063240,0.219238,0.821409,0.797032
logistic,K,3,5,0.05,3.7,1.000e-03,61,-2.216065,0.151489,0.834559,0.853898
logistic,K,3,5,0.05,3.7,1.000e-03,62,-2.068781,0.213196,0.821251,0.800082
logistic,K,3,5,0.05,3.7,1.000e-03,63,-2.212656,0.150879,0.835674,0.850769
logistic,K,3,5,0.05,3.7,1.000e-03,64,-2.074755,0.210388,0.823696,0.801105
logistic,K,3,5,0.05,3.7,1.000e-03,65,-2.218980,0.145569,0.839853,0.853153
logistic,K,3,5,0.05,3.7,1.000e-03,66,-2.070798,0.213806,0.823020,0.797925
logistic,K,3,5,0.05,3.7,1.000e-03,67,-2.214895,0.150635,0.837516,0.852253
logistic,K,3,5,0.05,3.7,1.000e-03,68,-2.064150,0.216675,0.821267,0.797324
logistic,K,3,5,0.05,3.7,1.000e-03,69,-2.209460,0.150208,0.837673,0.852041
logistic,K,3,5,0.05,3.7,1.000e-03,70,-2.064664,0.213379,0.822364,0.798619
logistic,K,3,5,0.05,3.7,1.000e-03,71,-2.220094,0.150085,0.834671,0.852948
logistic,K,3,5,0.05,3.7,1.000e-03,72,-2.084052,0.211365,0.826931,0.805261
logistic,K,3,5,0.05,3.7,1.000e-03,73,-2.217115,0.143250,0.841492,0.854042
logistic,K,3,5,0.05,3.7,1.000e-03,74,-2.072072,0.212708,0.826916,0.798471
logistic,K,3,5,0.05,3.7,1.000e-03,75,-2.219671,0.150513,0.836696,0.854155
logistic,K,3,5,0.05,3.7,1.000e-03,76,-2.080373,0.205383,0.829500,0.800620
logistic,K,3,5,0.05,3.7,1.000e-03,77,-2.224374,0.146606,0.839397,0.855419
logistic,K,3,5,0.05,3.7,1.000e-03,78,-2.070636,0.211609,0.824864,0.801054
logistic,K,3,5,0.05,3.7,1.000e-03,79,-2.209590,0.152893,0.833890,0.854059
logistic,K,3,5,0.05,3.7,1.000e-03,80,-2.067716,0.209717,0.826580,0.799219
logistic,K,3,5,0.05,3.7,1.000e-03,81,-2.207484,0.152771,0.836333,0.851737
logistic,K,3,5,0.05,3.7,1.000e-03,82,-2.065925,0.213318,0.825957,0.796567
logistic,K,3,5,0.05,3.7,1.000e-03,83,-2.205874,0.152527,0.836736,0.851800
logistic,K,3,5,0.05,3.7,1.000e-03,84,-2.070984,0.214050,0.826045,0.796593
logistic,K,3,5,0.05,3.7,1.000e-03,85,-2.201100,0.150330,0.837201,0.851175
logistic,K,3,5,0.05,3.7,1.000e-03,86,-2.063175,0.213440,0.827269,0.794181
logistic,K,3,5,0.05,3.7,1.000e-03,87,-2.214253,0.149536,0.835037,0.855674
logistic,K,3,5,0.05,3.7,1.000e-03,88,-2.060443,0.212524,0.825912,0.799587
logistic,K,3,5,0.05,3.7,1.000e-03,89,-2.206599,0.150696,0.836936,0.850372
logistic,K,3,5,0.05,3.7,1.000e-03,90,-2.064844,0.212830,0.824835,0.799708
logistic,K,3,5,0.05,3.7,1.000e-03,91,-2.208352,0.151062,0.834544,0.851134
logistic,K,3,5,0.05,3.7,1.000e-03,92,-2.067856,0.212708,0.825488,0.797923
logistic,K,3,5,0.05,3.7,1.000e-03,93,-2.208917,0.153076,0.837178,0.850226
logistic,K,3,5,0.05,3.7,1.000e-03,94,-2.069409,0.208740,0.826828,0.799774
logistic,K,3,5,0.05,3.7,1.000e-03,95,-2.217578,0.154541,0.835013,0.851116
logistic,K,3,5,0.05,3.7,1.000e-03,96,-2.078577,0.210266,0.824591,0.803357
logistic,K,3,5,0.05,3.7,1.000e-03,97,-2.214926,0.149719,0.836473,0.854066
logistic,K,3,5,0.05,3.7,1.000e-03,98,-2.077038,0.208130,0.828767,0.798120
logistic,K,3,5,0.05,3.7,1.000e-03,99,-2.217543,0.152222,0.836655,0.854847
logistic,K,3,5,0.05,3.7,1.000e-03,100,-2.075358,0.205566,0.829537,0.800390
logistic,K,3,5,0.05,3.7,1.000e-03,101,-2.211822,0.148254,0.835251,0.854333
logistic,K,3,5,0.05,3.7,1.000e-03,102,-2.065665,0.213623,0.823846,0.800194
logistic,K,3,5,0.05,3.7,1.000e-03,103,-2.212131,0.146057,0.837868,0.855217
logistic,K,3,5,0.05,3.7,1.000e-03,104,-2.068464,0.211365,0.825534,0.798033
logistic,K,3,5,0.05,3.7,1.000e-03,105,-2.209651,0.151001,0.833450,0.856104
logistic,K,3,5,0.05,3.7,1.000e-03,106,-2.072203,0.213989,0.822460,0.801414
logistic,K,3,5,0.05,3.7,1.000e-03,107,-2.210774,0.147949,0.837155,0.853831
logistic,K,3,5,0.05,3.7,1.000e-03,108,-2.064443,0.210449,0.825393,0.799280
logistic,K,3,5,0.05,3.7,1.000e-03,109,-2.209560,0.154114,0.836028,0.850812
logistic,K,3,5,0.05,3.7,1.000e-03,110,-2.066348,0.210938,0.825299,0.800940
logistic,K,3,5,0.05,3.7,1.000e-03,111,-2.208592,0.149719,0.839128,0.850082
logistic,K,3,5,0.05,3.7,1.000e-03,112,-2.067984,0.213684,0.822719,0.798181
logistic,K,3,5,0.05,3.7,1.000e-03,113,-2.215252,0.153015,0.835980,0.853713
logistic,K,3,5,0.05,3.7,1.000e-03,114,-2.072991,0.208618,0.826104,0.798821
logistic,K,3,5,0.05,3.7,1.000e-03,115,-2.218525,0.151978,0.835266,0.850999
logistic,K,3,5,0.05,3.7,1.000e-03,116,-2.072281,0.208496,0.822336,0.801559
logistic,K,3,5,0.05,3.7,1.000e-03,117,-2.221888,0.149780,0.838908,0.850586
logistic,K,3,5,0.05,3.7,1.000e-03,118,-2.073782,0.213074,0.825696,0.799501
logistic,K,3,5,0.05,3.7,1.000e-03,119,-2.216373,0.146790,0.841563,0.852588
logistic,K,3,5,0.05,3.7,1.000e-03,120,-2.062746,0.214172,0.821417,0.798084
logistic,K,3,5,0.05,3.7,1.000e-03,121,-2.220772,0.149109,0.837282,0.853012
logistic,K,3,5,0.05,3.7,1.000e-03,122,-2.071632,0.206482,0.825182,0.804104
logistic,K,3,5,0.05,3.7,1.000e-03,123,-2.208900,0.149963,0.839848,0.850028
logistic,K,3,5,0.05,3.7,1.000e-03,124,-2.061286,0.212219,0.822130,0.801255
logistic,K,3,5,0.05,3.7,1.000e-03,125,-2.210550,0.149719,0.838767,0.850301
logistic,K,3,5,0.05,3.7,1.000e-03,126,-2.065626,0.213501,0.825366,0.797995
logistic,K,3,5,0.05,3.7,1.000e-03,127,-2.213396,0.148376,0.838281,0.851499
logistic,K,3,5,0.05,3.7,1.000e-03,128,-2.061712,0.215027,0.824659,0.793627
logistic,K,3,5,0.05,3.7,1.000e-03,129,-2.215360,0.148438,0.838061,0.850898
logistic,K,3,5,0.05,3.7,1.000e-03,130,-2.067125,0.214417,0.824844,0.799314
logistic,K,3,5,0.05,3.7,1.000e-03,131,-2.213030,0.150085,0.837617,0.854220
logistic,K,3,5,0.05,3.7,1.000e-03,132,-2.063980,0.207520,0.826202,0.799727
logistic,K,3,5,0.05,3.7,1.000e-03,133,-2.210063,0.152222,0.837352,0.849718
logistic,K,3,5,0.05,3.7,1.000e-03,134,-2.068689,0.213684,0.825805,0.799174
logistic,K,3,5,0.05,3.7,1.000e-03,135,-2.205531,0.155334,0.834477,0.849164
logistic,K,3,5,0.05,3.7,1.000e-03,136,-2.070640,0.211182,0.825169,0.797888
logistic,K,3,5,0.05,3.7,1.000e-03,137,-2.217490,0.146790,0.838904,0.854496
logistic,K,3,5,0.05,3.7,1.000e-03,138,-2.072217,0.213623,0.825393,0.801348
logistic,K,3,5,0.05,3.7,1.000e-03,139,-2.216284,0.151550,0.839069,0.851529
logistic,K,3,5,0.05,3.7,1.000e-03,140,-2.072638,0.210693,0.825251,0.799774
logistic,K,3,5,0.05,3.7,1.000e-03,141,-2.217178,0.149231,0.838587,0.851103
logistic,K,3,5,0.05,3.7,1.000e-03,142,-2.082503,0.208923,0.828734,0.799583
logistic,K,3,5,0.05,3.7,1.000e-03,143,-2.220505,0.149353,0.839314,0.854473
logistic,K,3,5,0.05,3.7,1.000e-03,144,-2.066055,0.214661,0.822788,0.799139
logistic,K,3,5,0.05,3.7,1.000e-03,145,-2.212813,0.149963,0.835455,0.852711
logistic,K,3,5,0.05,3.7,1.000e-03,146,-2.065784,0.209900,0.827694,0.796416
logistic,K,3,5,0.05,3.7,1.000e-03,147,-2.217668,0.151855,0.837248,0.852217
logistic,K,3,5,0.05,3.7,1.000e-03,148,-2.077118,0.211609,0.822775,0.804858
logistic,K,3,5,0.05,3.7,1.000e-03,149,-2.219713,0.152161,0.834287,0.852218
logistic,K,3,5,0.05,3.7,1.000e-03,150,-2.079606,0.209473,0.821779,0.803401
logistic,K,3,5,0.05,3.7,1.000e-03,151,-2.230306,0.149658,0.834848,0.858739
logistic,K,3,5,0.05,3.7,1.000e-03,152,-2.084877,0.204773,0.829509,0.806652
logistic,K,3,5,0.05,3.7,1.000e-03,153,-2.225545,0.149414,0.839927,0.853040
logistic,K,3,5,0.05,3.7,1.000e-03,154,-2.077039,0.211792,0.825140,0.803358
logistic,K,3,5,0.05,3.7,1.000e-03,155,-2.227250,0.143433,0.843767,0.853153
logistic,K,3,5,0.05,3.7,1.000e-03,156,-2.069766,0.216492,0.824742,0.796890
logistic,K,3,5,0.05,3.7,1.000e-03,157,-2.225767,0.150024,0.839536,0.854130
logistic,K,3,5,0.05,3.7,1.000e-03,158,-2.073108,0.210144,0.823538,0.802932
logistic,K,3,5,0.05,3.7,1.000e-03,159,-2.224481,0.153625,0.835691,0.854128
logistic,K,3,5,0.05,3.7,1.000e-03,160,-2.075674,0.211914,0.823994,0.802772
logistic,K,3,5,0.05,3.7,1.000e-03,161,-2.224310,0.147400,0.840193,0.852679
logistic,K,3,5,0.05,3.7,1.000e-03,162,-2.072741,0.211792,0.824553,0.802000
logistic,K,3,5,0.05,3.7,1.000e-03,163,-2.227916,0.143066,0.842603,0.856581
logistic,K,3,5,0.05,3.7,1.000e-03,164,-2.076326,0.209473,0.825721,0.802452
logistic,K,3,5,0.05,3.7,1.000e-03,165,-2.223469,0.147217,0.840070,0.853717
logistic,K,3,5,0.05,3.7,1.000e-03,166,-2.080910,0.207581,0.829042,0.802819
logistic,K,3,5,0.05,3.7,1.000e-03,167,-2.220141,0.149048,0.836504,0.857033
logistic,K,3,5,0.05,3.7,1.000e-03,168,-2.074441,0.206238,0.824325,0.805673
logistic,K,3,5,0.05,3.7,1.000e-03,169,-2.221978,0.147888,0.839398,0.853568
logistic,K,3,5,0.05,3.7,1.000e-03,170,-2.073098,0.209106,0.826852,0.800507
logistic,K,3,5,0.05,3.7,1.000e-03,171,-2.224668,0.144104,0.843919,0.852920
logistic,K,3,5,0.05,3.7,1.000e-03,172,-2.063859,0.217163,0.823977,0.796052
logistic,K,3,5,0.05,3.7,1.000e-03,173,-2.212299,0.151001,0.838364,0.850172
logistic,K,3,5,0.05,3.7,1.000e-03,174,-2.069000,0.214294,0.822911,0.799436
logistic,K,3,5,0.05,3.7,1.000e-03,175,-2.223390,0.149780,0.838327,0.852131
logistic,K,3,5,0.05,3.7,1.000e-03,176,-2.081387,0.209045,0.823629,0.804826
logistic,K,3,5,0.05,3.7,1.000e-03,177,-2.218964,0.148499,0.836727,0.855425
logistic,K,3,5,0.05,3.7,1.000e-03,178,-2.072576,0.209961,0.824557,0.801622
logistic,K,3,5,0.05,3.7,1.000e-03,179,-2.218959,0.150818,0.838248,0.850735
logistic,K,3,5,0.05,3.7,1.000e-03,180,-2.076600,0.211975,0.829759,0.797897
logistic,K,3,5,0.05,3.7,1.000e-03,181,-2.211910,0.152954,0.837602,0.850989
logistic,K,3,5,0.05,3.7,1.000e-03,182,-2.074196,0.208252,0.825529,0.800952
logistic,K,3,5,0.05,3.7,1.000e-03,183,-2.221318,0.152283,0.837260,0.853272
logistic,K,3,5,0.05,3.7,1.000e-03,184,-2.069832,0.210327,0.822682,0.803914
logistic,K,3,5,0.05,3.7,1.000e-03,185,-2.208676,0.152771,0.836074,0.849786
logistic,K,3,5,0.05,3.7,1.000e-03,186,-2.064738,0.211670,0.826560,0.796113
logistic,K,3,5,0.05,3.7,1.000e-03,187,-2.205518,0.151611,0.836023,0.849127
logistic,K,3,5,0.05,3.7,1.000e-03,188,-2.064563,0.210510,0.825366,0.799555
logistic,K,3,5,0.05,3.7,1.000e-03,189,-2.216070,0.150208,0.837810,0.853712
logistic,K,3,5,0.05,3.7,1.000e-03,190,-2.069661,0.209839,0.824749,0.802155
logistic,K,3,5,0.05,3.7,1.000e-03,191,-2.207444,0.150757,0.837055,0.851833
logistic,K,3,5,0.05,3.7,1.000e-03,192,-2.063590,0.206299,0.826241,0.799683
logistic,K,3,5,0.05,3.7,1.000e-03,193,-2.205952,0.148987,0.837129,0.851196
logistic,K,3,5,0.05,3.7,1.000e-03,194,-2.058581,0.210449,0.824273,0.798617
logistic,K,3,5,0.05,3.7,1.000e-03,195,-2.201067,0.153687,0.835085,0.850480
logistic,K,3,5,0.05,3.7,1.000e-03,196,-2.052986,0.216797,0.819986,0.797629
logistic,K,3,5,0.05,3.7,1.000e-03,197,-2.208638,0.152283,0.835419,0.850541
logistic,K,3,5,0.05,3.7,1.000e-03,198,-2.066810,0.211914,0.823972,0.798697
logistic,K,3,5,0.05,3.7,1.000e-03,199,-2.210593,0.150513,0.836037,0.852033
logistic,K,3,5,0.05,3.7,1.000e-03,200,-2.065222,0.210693,0.826252,0.801510
logistic,K,3,5,0.05,3.7,1.000e-03,201,-2.211057,0.154724,0.835329,0.852697
logistic,K,3,5,0.05,3.7,1.000e-03,202,-2.063923,0.212036,0.824115,0.799762
logistic,K,3,5,0.05,3.7,1.000e-03,203,-2.213226,0.152039,0.836504,0.851395
logistic,K,3,5,0.05,3.7,1.000e-03,204,-2.068801,0.210632,0.824948,0.799378
logistic,K,3,5,0.05,3.7,1.000e-03,205,-2.218226,0.148010,0.838041,0.851974
logistic,K,3,5,0.05,3.7,1.000e-03,206,-2.074003,0.209167,0.826361,0.802200
logistic,K,3,5,0.05,3.7,1.000e-03,207,-2.221200,0.147339,0.838723,0.853825
logistic,K,3,5,0.05,3.7,1.000e-03,208,-2.071172,0.210449,0.824207,0.800680
logistic,K,3,5,0.05,3.7,1.000e-03,209,-2.220119,0.149170,0.834600,0.853740
logistic,K,3,5,0.05,3.7,1.000e-03,210,-2.079861,0.211609,0.826279,0.801173
logistic,K,3,5,0.05,3.7,1.000e-03,211,-2.224036,0.145020,0.837096,0.854644
logistic,K,3,5,0.05,3.7,1.000e-03,212,-2.076812,0.212402,0.825440,0.799839
logistic,K,3,5,0.05,3.7,1.000e-03,213,-2.216355,0.149292,0.837471,0.853166
logistic,K,3,5,0.05,3.7,1.000e-03,214,-2.075936,0.213013,0.825142,0.798748
logistic,K,3,5,0.05,3.7,1.000e-03,215,-2.216302,0.149963,0.838216,0.851831
logistic,K,3,5,0.05,3.7,1.000e-03,216,-2.072871,0.211243,0.826215,0.796869
logistic,K,3,5,0.05,3.7,1.000e-03,217,-2.225166,0.151306,0.835754,0.855940
logistic,K,3,5,0.05,3.7,1.000e-03,218,-2.073721,0.208252,0.825466,0.803283
logistic,K,3,5,0.05,3.7,1.000e-03,219,-2.215918,0.149170,0.838396,0.852142
logistic,K,3,5,0.05,3.7,1.000e-03,220,-2.067261,0.214111,0.821548,0.798710
logistic,K,3,5,0.05,3.7,1.000e-03,221,-2.217714,0.150452,0.840329,0.849679
logistic,K,3,5,0.05,3.7,1.000e-03,222,-2.074451,0.204468,0.826619,0.802131
logistic,K,3,5,0.05,3.7,1.000e-03,223,-2.211019,0.153992,0.837424,0.849165
logistic,K,3,5,0.05,3.7,1.000e-03,224,-2.072923,0.209351,0.823631,0.803005
logistic,K,3,5,0.05,3.7,1.000e-03,225,-2.215370,0.150391,0.832451,0.853529
logistic,K,3,5,0.05,3.7,1.000e-03,226,-2.069491,0.210449,0.823490,0.799134
logistic,K,3,5,0.05,3.7,1.000e-03,227,-2.216073,0.149780,0.839743,0.850717
logistic,K,3,5,0.05,3.7,1.000e-03,228,-2.070176,0.210938,0.825553,0.799357
logistic,K,3,5,0.05,3.7,1.000e-03,229,-2.208469,0.154236,0.834723,0.851317
logistic,K,3,5,0.05,3.7,1.000e-03,230,-2.066088,0.212097,0.824846,0.798799
logistic,K,3,5,0.05,3.7,1.000e-03,231,-2.203180,0.153442,0.835014,0.849133
logistic,K,3,5,0.05,3.7,1.000e-03,232,-2.061455,0.217041,0.823197,0.793347
logistic,K,3,5,0.05,3.7,1.000e-03,233,-2.212053,0.147400,0.837129,0.853604
logistic,K,3,5,0.05,3.7,1.000e-03,234,-2.068604,0.210327,0.824344,0.796788
logistic,K,3,5,0.05,3.7,1.000e-03,235,-2.211119,0.149963,0.835055,0.855213
logistic,K,3,5,0.05,3.7,1.000e-03,236,-2.064609,0.213257,0.820544,0.800448
logistic,K,3,5,0.05,3.7,1.000e-03,237,-2.217409,0.151306,0.841281,0.848880
logistic,K,3,5,0.05,3.7,1.000e-03,238,-2.071579,0.216125,0.821937,0.798747
logistic,K,3,5,0.05,3.7,1.000e-03,239,-2.219505,0.146240,0.837988,0.854067
logistic,K,3,5,0.05,3.7,1.000e-03,240,-2.070725,0.211365,0.826150,0.801510
logistic,K,3,5,0.05,3.7,1.000e-03,241,-2.219810,0.148071,0.839846,0.853585
logistic,K,3,5,0.05,3.7,1.000e-03,242,-2.070199,0.208252,0.828246,0.800110
logistic,K,3,5,0.05,3.7,1.000e-03,243,-2.216800,0.149475,0.836294,0.851825
logistic,K,3,5,0.05,3.7,1.000e-03,244,-2.073522,0.212463,0.821778,0.804217
logistic,K,3,5,0.05,3.7,1.000e-03,245,-2.209562,0.157776,0.835858,0.850299
logistic,K,3,5,0.05,3.7,1.000e-03,246,-2.066964,0.209106,0.822995,0.800829
logistic,K,3,5,0.05,3.7,1.000e-03,247,-2.209766,0.152222,0.835380,0.849750
logistic,K,3,5,0.05,3.7,1.000e-03,248,-2.072192,0.216003,0.823675,0.800593
logistic,K,3,5,0.05,3.7,1.000e-03,249,-2.214904,0.148132,0.839911,0.853390
logistic,K,3,5,0.05,3.7,1.000e-03,250,-2.072094,0.216064,0.825096,0.794561
logistic,K,3,5,0.05,3.7,1.000e-03,251,-2.226543,0.151306,0.838630,0.853833
logistic,K,3,5,0.05,3.7,1.000e-03,252,-2.089463,0.203979,0.831209,0.803408
logistic,K,3,5,0.05,3.7,1.000e-03,253,-2.225015,0.146484,0.839476,0.855094
logistic,K,3,5,0.05,3.7,1.000e-03,254,-2.074327,0.205688,0.825771,0.801830
logistic,K,3,5,0.05,3.7,1.000e-03,255,-2.220218,0.150757,0.836293,0.851536
logistic,K,3,5,0.05,3.7,1.000e-03,256,-2.076359,0.210022,0.825025,0.799497
logistic,K,3,5,0.05,3.7,1.000e-03,257,-2.219711,0.152344,0.834692,0.852171
logistic,K,3,5,0.05,3.7,1.000e-03,258,-2.075062,0.205444,0.827263,0.804426
logistic,K,3,5,0.05,3.7,1.000e-03,259,-2.219770,0.147400,0.839972,0.853016
logistic,K,3,5,0.05,3.7,1.000e-03,260,-2.065748,0.211060,0.819896,0.804149
logistic,K,3,5,0.05,3.7,1.000e-03,261,-2.212089,0.153625,0.835871,0.850869
logistic,K,3,5,0.05,3.7,1.000e-03,262,-2.073872,0.213318,0.825878,0.799778
logistic,K,3,5,0.05,3.7,1.000e-03,263,-2.209413,0.150330,0.835608,0.850841
logistic,K,3,5,0.05,3.7,1.000e-03,264,-2.071562,0.211060,0.826233,0.798363
logistic,K,3,5,0.05,3.7,1.000e-03,265,-2.219784,0.146362,0.842117,0.852362
logistic,K,3,5,0.05,3.7,1.000e-03,266,-2.071599,0.208923,0.825929,0.801759
logistic,K,3,5,0.05,3.7,1.000e-03,267,-2.212788,0.151245,0.836808,0.850911
logistic,K,3,5,0.05,3.7,1.000e-03,268,-2.067395,0.209656,0.823140,0.799087
logistic,K,3,5,0.05,3.7,1.000e-03,269,-2.215122,0.153809,0.835384,0.850779
logistic,K,3,5,0.05,3.7,1.000e-03,270,-2.073347,0.209290,0.822725,0.802585
logistic,K,3,5,0.05,3.7,1.000e-03,271,-2.216792,0.150085,0.835249,0.855023
logistic,K,3,5,0.05,3.7,1.000e-03,272,-2.069977,0.211792,0.824257,0.799541
logistic,K,3,5,0.05,3.7,1.000e-03,273,-2.211429,0.148865,0.834594,0.852523
logistic,K,3,5,0.05,3.7,1.000e-03,274,-2.065583,0.211609,0.824776,0.796927
logistic,K,3,5,0.05,3.7,1.000e-03,275,-2.212937,0.148804,0.839411,0.852237
logistic,K,3,5,0.05,3.7,1.000e-03,276,-2.075526,0.210205,0.824727,0.801668
logistic,K,3,5,0.05,3.7,1.000e-03,277,-2.212747,0.150208,0.837145,0.851865
logistic,K,3,5,0.05,3.7,1.000e-03,278,-2.074448,0.210327,0.823443,0.803439
logistic,K,3,5,0.05,3.7,1.000e-03,279,-2.212260,0.151001,0.835895,0.852589
logistic,K,3,5,0.05,3.7,1.000e-03,280,-2.069745,0.210571,0.823530,0.798972
logistic,K,3,5,0.05,3.7,1.000e-03,281,-2.210404,0.151489,0.837006,0.848870
logistic,K,3,5,0.05,3.7,1.000e-03,282,-2.071447,0.210571,0.824465,0.803071
logistic,K,3,5,0.05,3.7,1.000e-03,283,-2.210766,0.146912,0.838512,0.854224
logistic,K,3,5,0.05,3.7,1.000e-03,284,-2.067380,0.211365,0.822383,0.800324
logistic,K,3,5,0.05,3.7,1.000e-03,285,-2.208940,0.151917,0.834721,0.853104
logistic,K,3,5,0.05,3.7,1.000e-03,286,-2.067100,0.213440,0.824677,0.800649
logistic,K,3,5,0.05,3.7,1.000e-03,287,-2.199754,0.152710,0.835997,0.849754
logistic,K,3,5,0.05,3.7,1.000e-03,288,-2.059547,0.210022,0.823520,0.800017
logistic,K,3,5,0.05,3.7,1.000e-03,289,-2.202672,0.150635,0.838100,0.851407
logistic,K,3,5,0.05,3.7,1.000e-03,290,-2.056251,0.212830,0.827451,0.797250
logistic,K,3,5,0.05,3.7,1.000e-03,291,-2.193646,0.156494,0.833668,0.849067
logistic,K,3,5,0.05,3.7,1.000e-03,292,-2.055239,0.217285,0.824136,0.792270
logistic,K,3,5,0.05,3.7,1.000e-03,293,-2.211759,0.148071,0.838873,0.852342
logistic,K,3,5,0.05,3.7,1.000e-03,294,-2.064129,0.213440,0.823802,0.798930
logistic,K,3,5,0.05,3.7,1.000e-03,295,-2.208756,0.147522,0.839349,0.850563
logistic,K,3,5,0.05,3.7,1.000e-03,296,-2.062585,0.214722,0.823561,0.796800
logistic,K,3,5,0.05,3.7,1.000e-03,297,-2.208153,0.154358,0.835939,0.850596
logistic,K,3,5,0.05,3.7,1.000e-03,298,-2.067397,0.212524,0.823126,0.799366
logistic,K,3,5,0.05,3.7,1.000e-03,299,-2.211581,0.151611,0.836244,0.851577
logistic,K,3,5,0.05,3.7,1.000e-03,300,-2.069051,0.211426,0.821548,0.801255
logistic,K,3,5,0.05,3.7,1.000e-03,301,-2.220017,0.151428,0.838546,0.852675
logistic,K,3,5,0.05,3.7,1.000e-03,302,-2.076015,0.209961,0.823465,0.801236
logistic,K,3,5,0.05,3.7,1.000e-03,303,-2.221138,0.146545,0.838289,0.852928
logistic,K,3,5,0.05,3.7,1.000e-03,304,-2.072695,0.210938,0.826051,0.800741
logistic,K,3,5,0.05,3.7,1.000e-03,305,-2.218199,0.147217,0.839185,0.853873
logistic,K,3,5,0.05,3.7,1.000e-03,306,-2.065240,0.210938,0.823086,0.798589
logistic,K,3,5,0.05,3.7,1.000e-03,307,-2.216368,0.148254,0.838709,0.854034
logistic,K,3,5,0.05,3.7,1.000e-03,308,-2.074177,0.211121,0.825096,0.802347
logistic,K,3,5,0.05,3.7,1.000e-03,309,-2.212859,0.148499,0.839745,0.852322
logistic,K,3,5,0.05,3.7,1.000e-03,310,-2.065390,0.212708,0.823982,0.798876
logistic,K,3,5,0.05,3.7,1.000e-03,311,-2.212614,0.150024,0.836041,0.852280
logistic,K,3,5,0.05,3.7,1.000e-03,312,-2.075492,0.208923,0.826060,0.805052
logistic,K,3,5,0.05,3.7,1.000e-03,313,-2.216821,0.151855,0.837356,0.854706
logistic,K,3,5,0.05,3.7,1.000e-03,314,-2.074335,0.206299,0.827843,0.804263
logistic,K,3,5,0.05,3.7,1.000e-03,315,-2.211132,0.149475,0.836780,0.851885
logistic,K,3,5,0.05,3.7,1.000e-03,316,-2.070486,0.210266,0.826409,0.797919
logistic,K,3,5,0.05,3.7,1.000e-03,317,-2.215551,0.152405,0.836901,0.850498
logistic,K,3,5,0.05,3.7,1.000e-03,318,-2.067524,0.211731,0.821723,0.801369
logistic,K,3,5,0.05,3.7,1.000e-03,319,-2.208178,0.147888,0.837604,0.851579
logistic,K,3,5,0.05,3.7,1.000e-03,320,-2.065399,0.217224,0.822717,0.799642
logistic,K,3,5,0.05,3.7,1.000e-03,321,-2.209993,0.148682,0.837702,0.853151
logistic,K,3,5,0.05,3.7,1.000e-03,322,-2.059522,0.217957,0.819751,0.800056
logistic,K,3,5,0.05,3.7,1.000e-03,323,-2.214814,0.150330,0.838110,0.851294
logistic,K,3,5,0.05,3.7,1.000e-03,324,-2.065682,0.207336,0.824146,0.799156
logistic,K,3,5,0.05,3.7,1.000e-03,325,-2.216933,0.153748,0.832683,0.852713
logistic,K,3,5,0.05,3.7,1.000e-03,326,-2.069989,0.208618,0.821426,0.808148
logistic,K,3,5,0.05,3.7,1.000e-03,327,-2.205186,0.152832,0.836446,0.849339
logistic,K,3,5,0.05,3.7,1.000e-03,328,-2.066320,0.212708,0.824221,0.797870
logistic,K,3,5,0.05,3.7,1.000e-03,329,-2.215594,0.144653,0.837981,0.852930
logistic,K,3,5,0.05,3.7,1.000e-03,330,-2.069337,0.214966,0.824319,0.798725
logistic,K,3,5,0.05,3.7,1.000e-03,331,-2.213942,0.146851,0.838463,0.853085
logistic,K,3,5,0.05,3.7,1.000e-03,332,-2.061414,0.210205,0.822437,0.799079
logistic,K,3,5,0.05,3.7,1.000e-03,333,-2.203378,0.154419,0.832939,0.852157
logistic,K,3,5,0.05,3.7,1.000e-03,334,-2.065391,0.212952,0.824831,0.799367
logistic,K,3,5,0.05,3.7,1.000e-03,335,-2.205240,0.154785,0.833486,0.851118
logistic,K,3,5,0.05,3.7,1.000e-03,336,-2.064554,0.214722,0.822607,0.799071
logistic,K,3,5,0.05,3.7,1.000e-03,337,-2.212066,0.149292,0.836067,0.853118
logistic,K,3,5,0.05,3.7,1.000e-03,338,-2.071832,0.213806,0.822173,0.801461
logistic,K,3,5,0.05,3.7,1.000e-03,339,-2.211910,0.153503,0.833774,0.854539
logistic,K,3,5,0.05,3.7,1.000e-03,340,-2.069728,0.212097,0.822158,0.801154
logistic,K,3,5,0.05,3.7,1.000e-03,341,-2.213717,0.146179,0.835798,0.855588
logistic,K,3,5,0.05,3.7,1.000e-03,342,-2.064985,0.210693,0.826300,0.803841
logistic,K,3,5,0.05,3.7,1.000e-03,343,-2.210856,0.148193,0.840185,0.852865
logistic,K,3,5,0.05,3.7,1.000e-03,344,-2.056645,0.215881,0.823924,0.793987
logistic,K,3,5,0.05,3.7,1.000e-03,345,-2.213708,0.155579,0.836596,0.850995
logistic,K,3,5,0.05,3.7,1.000e-03,346,-2.068354,0.212891,0.824444,0.800027
logistic,K,3,5,0.05,3.7,1.000e-03,347,-2.219173,0.150024,0.836140,0.853662
logistic,K,3,5,0.05,3.7,1.000e-03,348,-2.081021,0.207397,0.826427,0.800971
logistic,K,3,5,0.05,3.7,1.000e-03,349,-2.230781,0.144653,0.844307,0.854090
logistic,K,3,5,0.05,3.7,1.000e-03,350,-2.076523,0.207031,0.829478,0.800854
logistic,K,3,5,0.05,3.7,1.000e-03,351,-2.213584,0.148560,0.840364,0.852875
logistic,K,3,5,0.05,3.7,1.000e-03,352,-2.063179,0.212402,0.827046,0.796038
logistic,K,3,5,0.05,3.7,1.000e-03,353,-2.210577,0.149475,0.838769,0.850685
logistic,K,3,5,0.05,3.7,1.000e-03,354,-2.058463,0.213745,0.822137,0.795411
logistic,K,3,5,0.05,3.7,1.000e-03,355,-2.208129,0.152466,0.834593,0.850866
logistic,K,3,5,0.05,3.7,1.000e-03,356,-2.061326,0.215454,0.823611,0.798982
logistic,K,3,5,0.05,3.7,1.000e-03,357,-2.212668,0.147766,0.837874,0.853564
logistic,K,3,5,0.05,3.7,1.000e-03,358,-2.065000,0.213257,0.823387,0.796791
logistic,K,3,5,0.05,3.7,1.000e-03,359,-2.219027,0.149963,0.838932,0.853521
logistic,K,3,5,0.05,3.7,1.000e-03,360,-2.072488,0.213806,0.822773,0.800245
logistic,K,3,5,0.05,3.7,1.000e-03,361,-2.227278,0.148865,0.837144,0.853705
logistic,K,3,5,0.05,3.7,1.000e-03,362,-2.080019,0.217224,0.821028,0.801739
logistic,K,3,5,0.05,3.7,1.000e-03,363,-2.229721,0.146240,0.838956,0.856150
logistic,K,3,5,0.05,3.7,1.000e-03,364,-2.078724,0.205444,0.824327,0.805166
logistic,K,3,5,0.05,3.7,1.000e-03,365,-2.215518,0.150635,0.839240,0.852685
logistic,K,3,5,0.05,3.7,1.000e-03,366,-2.071814,0.212708,0.826141,0.801574
logistic,K,3,5,0.05,3.7,1.000e-03,367,-2.206843,0.148193,0.834930,0.853005
logistic,K,3,5,0.05,3.7,1.000e-03,368,-2.060252,0.216858,0.817586,0.799359
logistic,K,3,5,0.05,3.7,1.000e-03,369,-2.211742,0.149048,0.836389,0.853439
logistic,K,3,5,0.05,3.7,1.000e-03,370,-2.066293,0.210022,0.824323,0.800919
logistic,K,3,5,0.05,3.7,1.000e-03,371,-2.203054,0.151794,0.833140,0.851246
logistic,K,3,5,0.05,3.7,1.000e-03,372,-2.070961,0.211548,0.824270,0.800484
logistic,K,3,5,0.05,3.7,1.000e-03,373,-2.213140,0.149475,0.839071,0.854782
logistic,K,3,5,0.05,3.7,1.000e-03,374,-2.072124,0.210510,0.825698,0.801494
logistic,K,3,5,0.05,3.7,1.000e-03,375,-2.212063,0.148438,0.834897,0.856791
logistic,K,3,5,0.05,3.7,1.000e-03,376,-2.065085,0.212280,0.819849,0.804148
logistic,K,3,5,0.05,3.7,1.000e-03,377,-2.202081,0.154907,0.833410,0.851961
logistic,K,3,5,0.05,3.7,1.000e-03,378,-2.054472,0.214050,0.821018,0.795731
logistic,K,3,5,0.05,3.7,1.000e-03,379,-2.213324,0.151062,0.839243,0.847594
logistic,K,3,5,0.05,3.7,1.000e-03,380,-2.070867,0.209412,0.824954,0.803016
logistic,K,3,5,0.05,3.7,1.000e-03,381,-2.212182,0.152588,0.836879,0.847569
logistic,K,3,5,0.05,3.7,1.000e-03,382,-2.067089,0.217285,0.820314,0.800582
logistic,K,3,5,0.05,3.7,1.000e-03,383,-2.208033,0.153931,0.834452,0.850350
logistic,K,3,5,0.05,3.7,1.000e-03,384,-2.071214,0.209534,0.823072,0.799301
logistic,K,3,5,0.05,3.7,1.000e-03,385,-2.212227,0.154236,0.833201,0.852062
logistic,K,3,5,0.05,3.7,1.000e-03,386,-2.076319,0.209106,0.827193,0.800923
logistic,K,3,5,0.05,3.7,1.000e-03,387,-2.212084,0.149048,0.835160,0.854586
logistic,K,3,5,0.05,3.7,1.000e-03,388,-2.061769,0.214172,0.821215,0.799255
logistic,K,3,5,0.05,3.7,1.000e-03,389,-2.211079,0.150574,0.834586,0.855303
logistic,K,3,5,0.05,3.7,1.000e-03,390,-2.066667,0.214478,0.823842,0.800017
logistic,K,3,5,0.05,3.7,1.000e-03,391,-2.210944,0.151917,0.837472,0.852022
logistic,K,3,5,0.05,3.7,1.000e-03,392,-2.063668,0.213989,0.821414,0.802112
logistic,K,3,5,0.05,3.7,1.000e-03,393,-2.204709,0.153015,0.834647,0.851237
logistic,K,3,5,0.05,3.7,1.000e-03,394,-2.064468,0.211365,0.820530,0.802743
logistic,K,3,5,0.05,3.7,1.000e-03,395,-2.209266,0.150513,0.837104,0.853848
logistic,K,3,5,0.05,3.7,1.000e-03,396,-2.070252,0.210388,0.826649,0.800985
logistic,K,3,5,0.05,3.7,1.000e-03,397,-2.207544,0.152405,0.835546,0.851620
logistic,K,3,5,0.05,3.7,1.000e-03,398,-2.062811,0.215515,0.821019,0.798211
logistic,K,3,5,0.05,3.7,1.000e-03,399,-2.210794,0.152710,0.835754,0.852402
logistic,K,3,5,0.05,3.7,1.000e-03,400,-2.063469,0.209412,0.825388,0.796862
logistic,K,3,5,0.05,3.7,1.000e-02,1,-4.758654,0.000000,0.999654,0.999631
logistic,K,3,5,0.05,3.7,1.000e-02,2,-4.332657,0.000000,0.998831,0.998662
logistic,K,3,5,0.05,3.7,1.000e-02,3,-4.203919,0.000000,0.998047,0.997695
logistic,K,3,5,0.05,3.7,1.000e-02,4,-3.824361,0.000000,0.995889,0.995182
logistic,K,3,5,0.05,3.7,1.000e-02,5,-3.734860,0.000000,0.994256,0.993111
logistic,K,3,5,0.05,3.7,1.000e-02,6,-3.357198,0.000000,0.988942,0.985743
logistic,K,3,5,0.05,3.7,1.000e-02,7,-3.249879,0.000000,0.984454,0.980397
logistic,K,3,5,0.05,3.7,1.000e-02,8,-2.905723,0.000000,0.969111,0.959256
logistic,K,3,5,0.05,3.7,1.000e-02,9,-2.816746,0.018372,0.958514,0.948489
logistic,K,3,5,0.05,3.7,1.000e-02,10,-2.477003,0.087708,0.916354,0.886768
logistic,K,3,5,0.05,3.7,1.000e-02,11,-2.438467,0.062317,0.905559,0.896049
logistic,K,3,5,0.05,3.7,1.000e-02,12,-2.156054,0.233154,0.833388,0.784070
logistic,K,3,5,0.05,3.7,1.000e-02,13,-2.358206,0.103821,0.879307,0.878297
logistic,K,3,5,0.05,3.7,1.000e-02,14,-2.174313,0.173340,0.852146,0.832226
logistic,K,3,5,0.05,3.7,1.000e-02,15,-2.240066,0.130859,0.855654,0.861770
logistic,K,3,5,0.05,3.7,1.000e-02,16,-2.080782,0.205505,0.826298,0.808142
logistic,K,3,5,0.05,3.7,1.000e-02,17,-2.221296,0.139954,0.847828,0.856655
logistic,K,3,5,0.05,3.7,1.000e-02,18,-2.077193,0.195801,0.828730,0.817154
logistic,K,3,5,0.05,3.7,1.000e-02,19,-2.221267,0.140564,0.845053,0.857949
logistic,K,3,5,0.05,3.7,1.000e-02,20,-2.068386,0.204529,0.829881,0.805898
logistic,K,3,5,0.05,3.7,1.000e-02,21,-2.211597,0.144287,0.840847,0.856986
logistic,K,3,5,0.05,3.7,1.000e-02,22,-2.063550,0.205017,0.827382,0.803710
logistic,K,3,5,0.05,3.7,1.000e-02,23,-2.211552,0.145874,0.840941,0.854680
logistic,K,3,5,0.05,3.7,1.000e-02,24,-2.078001,0.202759,0.833252,0.803140
logistic,K,3,5,0.05,3.7,1.000e-02,25,-2.217208,0.144958,0.845039,0.855090
logistic,K,3,5,0.05,3.7,1.000e-02,26,-2.075540,0.199646,0.831221,0.807584
logistic,K,3,5,0.05,3.7,1.000e-02,27,-2.221393,0.140198,0.846356,0.857235
logistic,K,3,5,0.05,3.7,1.000e-02,28,-2.081981,0.198975,0.828364,0.812270
logistic,K,3,5,0.05,3.7,1.000e-02,29,-2.229946,0.140930,0.843216,0.863015
logistic,K,3,5,0.05,3.7,1.000e-02,30,-2.083139,0.200256,0.832713,0.808694
logistic,K,3,5,0.05,3.7,1.000e-02,31,-2.222305,0.141113,0.845866,0.856780
logistic,K,3,5,0.05,3.7,1.000e-02,32,-2.070322,0.208374,0.828798,0.803364
logistic,K,3,5,0.05,3.7,1.000e-02,33,-2.217469,0.140930,0.844006,0.854170
logistic,K,3,5,0.05,3.7,1.000e-02,34,-2.079217,0.205383,0.829428,0.805527
logistic,K,3,5,0.05,3.7,1.000e-02,35,-2.231310,0.138245,0.845453,0.860779
logistic,K,3,5,0.05,3.7,1.000e-02,36,-2.077061,0.201965,0.829817,0.806806
logistic,K,3,5,0.05,3.7,1.000e-02,37,-2.217770,0.145081,0.843062,0.855730
logistic,K,3,5,0.05,3.7,1.000e-02,38,-2.074612,0.195618,0.833579,0.806848
logistic,K,3,5,0.05,3.7,1.000e-02,39,-2.216023,0.145386,0.841924,0.855784
logistic,K,3,5,0.05,3.7,1.000e-02,40,-2.080010,0.195801,0.835702,0.807154
logistic,K,3,5,0.05,3.7,1.000e-02,41,-2.223456,0.141968,0.845665,0.859027
logistic,K,3,5,0.05,3.7,1.000e-02,42,-2.069553,0.200867,0.830361,0.808165
logistic,K,3,5,0.05,3.7,1.000e-02,43,-2.218649,0.144714,0.841715,0.857222
logistic,K,3,5,0.05,3.7,1.000e-02,44,-2.073320,0.204041,0.830057,0.807262
logistic,K,3,5,0.05,3.7,1.000e-02,45,-2.219631,0.140076,0.845184,0.857048
logistic,K,3,5,0.05,3.7,1.000e-02,46,-2.069565,0.208069,0.826331,0.804472
logistic,K,3,5,0.05,3.7,1.000e-02,47,-2.223643,0.145020,0.842992,0.858705
logistic,K,3,5,0.05,3.7,1.000e-02,48,-2.073664,0.199463,0.831023,0.807647
logistic,K,3,5,0.05,3.7,1.000e-02,49,-2.214069,0.145874,0.841741,0.855631
logistic,K,3,5,0.05,3.7,1.000e-02,50,-2.072979,0.201904,0.829621,0.808135
logistic,K,3,5,0.05,3.7,1.000e-02,51,-2.220362,0.141602,0.843145,0.858420
logistic,K,3,5,0.05,3.7,1.000e-02,52,-2.078996,0.194580,0.832199,0.811170
logistic,K,3,5,0.05,3.7,1.000e-02,53,-2.215631,0.143005,0.843685,0.856042
logistic,K,3,5,0.05,3.7,1.000e-02,54,-2.072451,0.202576,0.829530,0.807562
logistic,K,3,5,0.05,3.7,1.000e-02,55,-2.215373,0.144531,0.845547,0.853465
logistic,K,3,5,0.05,3.7,1.000e-02,56,-2.077380,0.205200,0.835078,0.801105
logistic,K,3,5,0.05,3.7,1.000e-02,57,-2.216319,0.145447,0.840965,0.857240
logistic,K,3,5,0.05,3.7,1.000e-02,58,-2.077106,0.206055,0.827704,0.804430
logistic,K,3,5,0.05,3.7,1.000e-02,59,-2.229138,0.141724,0.841712,0.860391
logistic,K,3,5,0.05,3.7,1.000e-02,60,-2.084455,0.200745,0.828963,0.809789
logistic,K,3,5,0.05,3.7,1.000e-02,61,-2.233445,0.140442,0.844324,0.860181
logistic,K,3,5,0.05,3.7,1.000e-02,62,-2.084481,0.203064,0.832373,0.808620
logistic,K,3,5,0.05,3.7,1.000e-02,63,-2.230249,0.139587,0.844721,0.860161
logistic,K,3,5,0.05,3.7,1.000e-02,64,-2.080068,0.200439,0.833451,0.808308
logistic,K,3,5,0.05,3.7,1.000e-02,65,-2.221555,0.144653,0.841854,0.858517
logistic,K,3,5,0.05,3.7,1.000e-02,66,-2.077069,0.204285,0.827323,0.806948
logistic,K,3,5,0.05,3.7,1.000e-02,67,-2.221015,0.144104,0.846020,0.855087
logistic,K,3,5,0.05,3.7,1.000e-02,68,-2.079492,0.206360,0.829398,0.804786
logistic,K,3,5,0.05,3.7,1.000e-02,69,-2.222567,0.143433,0.840945,0.859665
logistic,K,3,5,0.05,3.7,1.000e-02,70,-2.075761,0.203308,0.830252,0.803742
logistic,K,3,5,0.05,3.7,1.000e-02,71,-2.231850,0.143372,0.844203,0.858013
logistic,K,3,5,0.05,3.7,1.000e-02,72,-2.087018,0.196655,0.835799,0.808590
logistic,K,3,5,0.05,3.7,1.000e-02,73,-2.219077,0.139465,0.845638,0.856031
logistic,K,3,5,0.05,3.7,1.000e-02,74,-2.078221,0.202820,0.829593,0.806824
logistic,K,3,5,0.05,3.7,1.000e-02,75,-2.220661,0.140503,0.845419,0.859605
logistic,K,3,5,0.05,3.7,1.000e-02,76,-2.073160,0.200134,0.832778,0.808188
logistic,K,3,5,0.05,3.7,1.000e-02,77,-2.215025,0.147888,0.838944,0.857180
logistic,K,3,5,0.05,3.7,1.000e-02,78,-2.071309,0.204285,0.829583,0.806385
logistic,K,3,5,0.05,3.7,1.000e-02,79,-2.217021,0.146362,0.841419,0.856808
logistic,K,3,5,0.05,3.7,1.000e-02,80,-2.077415,0.205261,0.831950,0.804347
logistic,K,3,5,0.05,3.7,1.000e-02,81,-2.222361,0.143311,0.843061,0.860037
logistic,K,3,5,0.05,3.7,1.000e-02,82,-2.067899,0.204712,0.826088,0.802774
logistic,K,3,5,0.05,3.7,1.000e-02,83,-2.228205,0.140625,0.843486,0.858377
logistic,K,3,5,0.05,3.7,1.000e-02,84,-2.080299,0.201782,0.828643,0.811891
logistic,K,3,5,0.05,3.7,1.000e-02,85,-2.223887,0.137085,0.847613,0.858290
logistic,K,3,5,0.05,3.7,1.000e-02,86,-2.067273,0.202576,0.830324,0.805463
logistic,K,3,5,0.05,3.7,1.000e-02,87,-2.216960,0.142761,0.845116,0.854178
logistic,K,3,5,0.05,3.7,1.000e-02,88,-2.069547,0.203552,0.832708,0.803369
logistic,K,3,5,0.05,3.7,1.000e-02,89,-2.215406,0.144470,0.843582,0.855608
logistic,K,3,5,0.05,3.7,1.000e-02,90,-2.071556,0.199036,0.830282,0.808612
logistic,K,3,5,0.05,3.7,1.000e-02,91,-2.208244,0.145325,0.838625,0.856191
logistic,K,3,5,0.05,3.7,1.000e-02,92,-2.069712,0.200684,0.830343,0.807710
logistic,K,3,5,0.05,3.7,1.000e-02,93,-2.215699,0.145142,0.840755,0.856439
logistic,K,3,5,0.05,3.7,1.000e-02,94,-2.073215,0.201904,0.830211,0.807410
logistic,K,3,5,0.05,3.7,1.000e-02,95,-2.219777,0.143372,0.840972,0.858759
logistic,K,3,5,0.05,3.7,1.000e-02,96,-2.080483,0.199036,0.833279,0.808308
logistic,K,3,5,0.05,3.7,1.000e-02,97,-2.225414,0.139404,0.845548,0.857340
logistic,K,3,5,0.05,3.7,1.000e-02,98,-2.082899,0.198853,0.832477,0.809809
logistic,K,3,5,0.05,3.7,1.000e-02,99,-2.223971,0.138977,0.844615,0.861479
logistic,K,3,5,0.05,3.7,1.000e-02,100,-2.066572,0.205444,0.828336,0.806990
logistic,K,3,5,0.05,3.7,1.000e-02,101,-2.206426,0.142273,0.841444,0.855350
logistic,K,3,5,0.05,3.7,1.000e-02,102,-2.068140,0.209778,0.827149,0.802601
logistic,K,3,5,0.05,3.7,1.000e-02,103,-2.219431,0.141846,0.842960,0.859092
logistic,K,3,5,0.05,3.7,1.000e-02,104,-2.078715,0.202759,0.829382,0.808369
logistic,K,3,5,0.05,3.7,1.000e-02,105,-2.217193,0.139893,0.841623,0.860245
logistic,K,3,5,0.05,3.7,1.000e-02,106,-2.072407,0.201599,0.829978,0.808243
logistic,K,3,5,0.05,3.7,1.000e-02,107,-2.210940,0.143433,0.840037,0.859895
logistic,K,3,5,0.05,3.7,1.000e-02,108,-2.068126,0.205017,0.828954,0.805365
logistic,K,3,5,0.05,3.7,1.000e-02,109,-2.213515,0.145386,0.843848,0.853908
logistic,K,3,5,0.05,3.7,1.000e-02,110,-2.072480,0.203552,0.830822,0.803351
logistic,K,3,5,0.05,3.7,1.000e-02,111,-2.221534,0.142334,0.845011,0.857787
logistic,K,3,5,0.05,3.7,1.000e-02,112,-2.079356,0.197144,0.830061,0.811916
logistic,K,3,5,0.05,3.7,1.000e-02,113,-2.217103,0.139893,0.842278,0.861114
logistic,K,3,5,0.05,3.7,1.000e-02,114,-2.067976,0.207642,0.827650,0.806102
logistic,K,3,5,0.05,3.7,1.000e-02,115,-2.217337,0.144226,0.843486,0.856599
logistic,K,3,5,0.05,3.7,1.000e-02,116,-2.071609,0.200500,0.833771,0.800543
logistic,K,3,5,0.05,3.7,1.000e-02,117,-2.219387,0.146973,0.846056,0.852781
logistic,K,3,5,0.05,3.7,1.000e-02,118,-2.072811,0.195068,0.830624,0.810754
logistic,K,3,5,0.05,3.7,1.000e-02,119,-2.213195,0.146118,0.841582,0.856037
logistic,K,3,5,0.05,3.7,1.000e-02,120,-2.069882,0.205444,0.828183,0.808537
logistic,K,3,5,0.05,3.7,1.000e-02,121,-2.216271,0.140625,0.843225,0.859042
logistic,K,3,5,0.05,3.7,1.000e-02,122,-2.069371,0.201050,0.828729,0.805389
logistic,K,3,5,0.05,3.7,1.000e-02,123,-2.217431,0.143799,0.846627,0.855800
logistic,K,3,5,0.05,3.7,1.000e-02,124,-2.070306,0.203064,0.832207,0.807234
logistic,K,3,5,0.05,3.7,1.000e-02,125,-2.215593,0.140137,0.844348,0.856610
logistic,K,3,5,0.05,3.7,1.000e-02,126,-2.070258,0.200134,0.828939,0.807967
logistic,K,3,5,0.05,3.7,1.000e-02,127,-2.221517,0.143311,0.845293,0.856223
logistic,K,3,5,0.05,3.7,1.000e-02,128,-2.074068,0.204834,0.829132,0.804613
logistic,K,3,5,0.05,3.7,1.000e-02,129,-2.218538,0.144470,0.839846,0.856620
logistic,K,3,5,0.05,3.7,1.000e-02,130,-2.078059,0.204285,0.830533,0.806656
logistic,K,3,5,0.05,3.7,1.000e-02,131,-2.221930,0.137146,0.845334,0.859261
logistic,K,3,5,0.05,3.7,1.000e-02,132,-2.070013,0.204163,0.829926,0.806656
logistic,K,3,5,0.05,3.7,1.000e-02,133,-2.215631,0.137573,0.843389,0.858560
logistic,K,3,5,0.05,3.7,1.000e-02,134,-2.065827,0.210815,0.828412,0.802202
logistic,K,3,5,0.05,3.7,1.000e-02,135,-2.216088,0.145142,0.839843,0.858202
logistic,K,3,5,0.05,3.7,1.000e-02,136,-2.074165,0.204346,0.828281,0.806197
logistic,K,3,5,0.05,3.7,1.000e-02,137,-2.216609,0.140137,0.842992,0.857308
logistic,K,3,5,0.05,3.7,1.000e-02,138,-2.070747,0.202454,0.832976,0.804667
logistic,K,3,5,0.05,3.7,1.000e-02,139,-2.214401,0.143372,0.843783,0.856260
logistic,K,3,5,0.05,3.7,1.000e-02,140,-2.067950,0.203247,0.830553,0.802316
logistic,K,3,5,0.05,3.7,1.000e-02,141,-2.212599,0.143066,0.842342,0.855379
logistic,K,3,5,0.05,3.7,1.000e-02,142,-2.068913,0.204895,0.828504,0.806135
logistic,K,3,5,0.05,3.7,1.000e-02,143,-2.212327,0.143188,0.843340,0.854645
logistic,K,3,5,0.05,3.7,1.000e-02,144,-2.069372,0.206360,0.827709,0.803864
logistic,K,3,5,0.05,3.7,1.000e-02,145,-2.223734,0.144348,0.838858,0.860105
logistic,K,3,5,0.05,3.7,1.000e-02,146,-2.079243,0.200439,0.830459,0.809298
logistic,K,3,5,0.05,3.7,1.000e-02,147,-2.226101,0.142395,0.845175,0.856836
logistic,K,3,5,0.05,3.7,1.000e-02,148,-2.070003,0.203491,0.831487,0.804692
logistic,K,3,5,0.05,3.7,1.000e-02,149,-2.212041,0.146423,0.843258,0.855460
logistic,K,3,5,0.05,3.7,1.000e-02,150,-2.071150,0.204224,0.829752,0.805850
logistic,K,3,5,0.05,3.7,1.000e-02,151,-2.214573,0.147949,0.840663,0.857055
logistic,K,3,5,0.05,3.7,1.000e-02,152,-2.079454,0.198364,0.832138,0.809680
logistic,K,3,5,0.05,3.7,1.000e-02,153,-2.217397,0.142517,0.844376,0.855942
logistic,K,3,5,0.05,3.7,1.000e-02,154,-2.073170,0.203125,0.831841,0.804400
logistic,K,3,5,0.05,3.7,1.000e-02,155,-2.216818,0.142822,0.842779,0.857650
logistic,K,3,5,0.05,3.7,1.000e-02,156,-2.069167,0.206909,0.831171,0.802207
logistic,K,3,5,0.05,3.7,1.000e-02,157,-2.216094,0.145142,0.840336,0.858083
logistic,K,3,5,0.05,3.7,1.000e-02,158,-2.076202,0.199829,0.827242,0.809392
logistic,K,3,5,0.05,3.7,1.000e-02,159,-2.220408,0.139465,0.840176,0.862526
logistic,K,3,5,0.05,3.7,1.000e-02,160,-2.078115,0.201660,0.829805,0.808618
logistic,K,3,5,0.05,3.7,1.000e-02,161,-2.216109,0.143677,0.841916,0.858649
logistic,K,3,5,0.05,3.7,1.000e-02,162,-2.071468,0.197693,0.830371,0.809139
logistic,K,3,5,0.05,3.7,1.000e-02,163,-2.208763,0.147217,0.838071,0.855018
logistic,K,3,5,0.05,3.7,1.000e-02,164,-2.068963,0.201233,0.829612,0.804786
logistic,K,3,5,0.05,3.7,1.000e-02,165,-2.212420,0.149414,0.838579,0.854707
logistic,K,3,5,0.05,3.7,1.000e-02,166,-2.071949,0.202637,0.831273,0.807235
logistic,K,3,5,0.05,3.7,1.000e-02,167,-2.212745,0.142700,0.841509,0.856669
logistic,K,3,5,0.05,3.7,1.000e-02,168,-2.072548,0.195984,0.830305,0.808160
logistic,K,3,5,0.05,3.7,1.000e-02,169,-2.213952,0.142334,0.842630,0.859702
logistic,K,3,5,0.05,3.7,1.000e-02,170,-2.070451,0.201355,0.830498,0.807135
logistic,K,3,5,0.05,3.7,1.000e-02,171,-2.221894,0.140503,0.843257,0.858972
logistic,K,3,5,0.05,3.7,1.000e-02,172,-2.072534,0.203735,0.829745,0.804212
logistic,K,3,5,0.05,3.7,1.000e-02,173,-2.217444,0.143860,0.841494,0.856716
logistic,K,3,5,0.05,3.7,1.000e-02,174,-2.071316,0.206726,0.827280,0.804819
logistic,K,3,5,0.05,3.7,1.000e-02,175,-2.222034,0.138367,0.844688,0.858078
logistic,K,3,5,0.05,3.7,1.000e-02,176,-2.083617,0.205505,0.830870,0.807337
logistic,K,3,5,0.05,3.7,1.000e-02,177,-2.227737,0.141724,0.840088,0.861467
logistic,K,3,5,0.05,3.7,1.000e-02,178,-2.080632,0.196411,0.830238,0.810002
logistic,K,3,5,0.05,3.7,1.000e-02,179,-2.227215,0.142273,0.843275,0.859856
logistic,K,3,5,0.05,3.7,1.000e-02,180,-2.082546,0.199951,0.830536,0.809512
logistic,K,3,5,0.05,3.7,1.000e-02,181,-2.223866,0.138367,0.844847,0.858413
logistic,K,3,5,0.05,3.7,1.000e-02,182,-2.072586,0.204773,0.829988,0.806884
logistic,K,3,5,0.05,3.7,1.000e-02,183,-2.221013,0.139832,0.845483,0.858501
logistic,K,3,5,0.05,3.7,1.000e-02,184,-2.071465,0.205811,0.829325,0.803605
logistic,K,3,5,0.05,3.7,1.000e-02,185,-2.220040,0.141052,0.841339,0.856948
logistic,K,3,5,0.05,3.7,1.000e-02,186,-2.078809,0.196716,0.829220,0.810958
logistic,K,3,5,0.05,3.7,1.000e-02,187,-2.214026,0.142761,0.841278,0.859134
logistic,K,3,5,0.05,3.7,1.000e-02,188,-2.068833,0.201416,0.829764,0.807502
logistic,K,3,5,0.05,3.7,1.000e-02,189,-2.206172,0.145752,0.839785,0.854712
logistic,K,3,5,0.05,3.7,1.000e-02,190,-2.070719,0.206604,0.831399,0.801431
logistic,K,3,5,0.05,3.7,1.000e-02,191,-2.213767,0.143677,0.843816,0.854264
logistic,K,3,5,0.05,3.7,1.000e-02,192,-2.072863,0.200806,0.830971,0.804120
logistic,K,3,5,0.05,3.7,1.000e-02,193,-2.220776,0.143677,0.844348,0.856664
logistic,K,3,5,0.05,3.7,1.000e-02,194,-2.070018,0.204224,0.830553,0.806902
logistic,K,3,5,0.05,3.7,1.000e-02,195,-2.208564,0.141418,0.840723,0.856883
logistic,K,3,5,0.05,3.7,1.000e-02,196,-2.073494,0.206055,0.829160,0.804543
logistic,K,3,5,0.05,3.7,1.000e-02,197,-2.217595,0.143982,0.844260,0.856072
logistic,K,3,5,0.05,3.7,1.000e-02,198,-2.071071,0.202576,0.830261,0.803758
logistic,K,3,5,0.05,3.7,1.000e-02,199,-2.220633,0.143188,0.843348,0.855820
logistic,K,3,5,0.05,3.7,1.000e-02,200,-2.082733,0.197632,0.833253,0.808705
logistic,K,3,5,0.05,3.7,1.000e-02,201,-2.222135,0.140381,0.842668,0.859344
logistic,K,3,5,0.05,3.7,1.000e-02,202,-2.080846,0.201599,0.829734,0.812042
logistic,K,3,5,0.05,3.7,1.000e-02,203,-2.221726,0.142395,0.844292,0.858389
logistic,K,3,5,0.05,3.7,1.000e-02,204,-2.075857,0.204834,0.831856,0.805830
logistic,K,3,5,0.05,3.7,1.000e-02,205,-2.216774,0.142639,0.843059,0.855346
logistic,K,3,5,0.05,3.7,1.000e-02,206,-2.076702,0.204407,0.829706,0.807536
logistic,K,3,5,0.05,3.7,1.000e-02,207,-2.222187,0.142456,0.843003,0.858869
logistic,K,3,5,0.05,3.7,1.000e-02,208,-2.078802,0.197876,0.831951,0.810294
logistic,K,3,5,0.05,3.7,1.000e-02,209,-2.222906,0.147034,0.842311,0.856693
logistic,K,3,5,0.05,3.7,1.000e-02,210,-2.079932,0.198853,0.833051,0.809180
logistic,K,3,5,0.05,3.7,1.000e-02,211,-2.222020,0.142578,0.841712,0.856449
logistic,K,3,5,0.05,3.7,1.000e-02,212,-2.081354,0.200195,0.832035,0.808035
logistic,K,3,5,0.05,3.7,1.000e-02,213,-2.220016,0.138916,0.842966,0.860513
logistic,K,3,5,0.05,3.7,1.000e-02,214,-2.068432,0.208740,0.829179,0.801659
logistic,K,3,5,0.05,3.7,1.000e-02,215,-2.215484,0.142822,0.842535,0.855576
logistic,K,3,5,0.05,3.7,1.000e-02,216,-2.075190,0.203003,0.827456,0.807461
logistic,K,3,5,0.05,3.7,1.000e-02,217,-2.218612,0.141846,0.843393,0.858083
logistic,K,3,5,0.05,3.7,1.000e-02,218,-2.077719,0.197632,0.831905,0.807918
logistic,K,3,5,0.05,3.7,1.000e-02,219,-2.210263,0.141968,0.840363,0.857174
logistic,K,3,5,0.05,3.7,1.000e-02,220,-2.070099,0.204895,0.827490,0.807815
logistic,K,3,5,0.05,3.7,1.000e-02,221,-2.216902,0.139343,0.842805,0.859413
logistic,K,3,5,0.05,3.7,1.000e-02,222,-2.062418,0.205383,0.826761,0.806533
logistic,K,3,5,0.05,3.7,1.000e-02,223,-2.203389,0.149170,0.835666,0.856448
logistic,K,3,5,0.05,3.7,1.000e-02,224,-2.069597,0.204163,0.826061,0.806447
logistic,K,3,5,0.05,3.7,1.000e-02,225,-2.220460,0.143982,0.838308,0.858631
logistic,K,3,5,0.05,3.7,1.000e-02,226,-2.077189,0.201233,0.829998,0.807173
logistic,K,3,5,0.05,3.7,1.000e-02,227,-2.216544,0.142029,0.844936,0.856786
logistic,K,3,5,0.05,3.7,1.000e-02,228,-2.077801,0.199890,0.832045,0.804682
logistic,K,3,5,0.05,3.7,1.000e-02,229,-2.217917,0.141846,0.845011,0.857380
logistic,K,3,5,0.05,3.7,1.000e-02,230,-2.069769,0.202881,0.831509,0.805748
logistic,K,3,5,0.05,3.7,1.000e-02,231,-2.218013,0.143127,0.841142,0.858221
logistic,K,3,5,0.05,3.7,1.000e-02,232,-2.069739,0.206543,0.828405,0.802139
logistic,K,3,5,0.05,3.7,1.000e-02,233,-2.224810,0.141296,0.847053,0.856047
logistic,K,3,5,0.05,3.7,1.000e-02,234,-2.081276,0.201965,0.833883,0.803491
logistic,K,3,5,0.05,3.7,1.000e-02,235,-2.229047,0.141724,0.847338,0.857167
logistic,K,3,5,0.05,3.7,1.000e-02,236,-2.084094,0.196289,0.835690,0.807290
logistic,K,3,5,0.05,3.7,1.000e-02,237,-2.229079,0.140564,0.848485,0.855805
logistic,K,3,5,0.05,3.7,1.000e-02,238,-2.084326,0.198425,0.831669,0.808281
logistic,K,3,5,0.05,3.7,1.000e-02,239,-2.229212,0.138550,0.845431,0.859959
logistic,K,3,5,0.05,3.7,1.000e-02,240,-2.081265,0.195801,0.831992,0.810999
logistic,K,3,5,0.05,3.7,1.000e-02,241,-2.217647,0.144409,0.843334,0.856368
logistic,K,3,5,0.05,3.7,1.000e-02,242,-2.079796,0.200439,0.831367,0.807078
logistic,K,3,5,0.05,3.7,1.000e-02,243,-2.214057,0.142273,0.838793,0.861524
logistic,K,3,5,0.05,3.7,1.000e-02,244,-2.074622,0.196289,0.829060,0.810255
logistic,K,3,5,0.05,3.7,1.000e-02,245,-2.215624,0.144775,0.841608,0.857109
logistic,K,3,5,0.05,3.7,1.000e-02,246,-2.073403,0.201721,0.829181,0.807636
logistic,K,3,5,0.05,3.7,1.000e-02,247,-2.211593,0.146545,0.840475,0.857823
logistic,K,3,5,0.05,3.7,1.000e-02,248,-2.071458,0.201172,0.832138,0.805435
logistic,K,3,5,0.05,3.7,1.000e-02,249,-2.211451,0.145935,0.843623,0.852202
logistic,K,3,5,0.05,3.7,1.000e-02,250,-2.074500,0.204346,0.834841,0.801982
logistic,K,3,5,0.05,3.7,1.000e-02,251,-2.222905,0.138245,0.844884,0.858711
logistic,K,3,5,0.05,3.7,1.000e-02,252,-2.067639,0.204773,0.828808,0.806622
logistic,K,3,5,0.05,3.7,1.000e-02,253,-2.215209,0.144531,0.841308,0.855954
logistic,K,3,5,0.05,3.7,1.000e-02,254,-2.073807,0.200867,0.828759,0.809246
logistic,K,3,5,0.05,3.7,1.000e-02,255,-2.218972,0.144409,0.838320,0.859170
logistic,K,3,5,0.05,3.7,1.000e-02,256,-2.071568,0.199585,0.829574,0.810334
logistic,K,3,5,0.05,3.7,1.000e-02,257,-2.215915,0.144409,0.843314,0.854115
logistic,K,3,5,0.05,3.7,1.000e-02,258,-2.072786,0.201111,0.830692,0.807356
logistic,K,3,5,0.05,3.7,1.000e-02,259,-2.215188,0.143127,0.842624,0.857419
logistic,K,3,5,0.05,3.7,1.000e-02,260,-2.069962,0.200073,0.830209,0.808346
logistic,K,3,5,0.05,3.7,1.000e-02,261,-2.204447,0.145447,0.840529,0.854103
logistic,K,3,5,0.05,3.7,1.000e-02,262,-2.065518,0.205750,0.827587,0.805266
logistic,K,3,5,0.05,3.7,1.000e-02,263,-2.208951,0.145630,0.837725,0.857080
logistic,K,3,5,0.05,3.7,1.000e-02,264,-2.066664,0.201172,0.829390,0.805801
logistic,K,3,5,0.05,3.7,1.000e-02,265,-2.209135,0.143372,0.841367,0.856132
logistic,K,3,5,0.05,3.7,1.000e-02,266,-2.070573,0.199585,0.831262,0.806579
logistic,K,3,5,0.05,3.7,1.000e-02,267,-2.208136,0.139343,0.844213,0.855098
logistic,K,3,5,0.05,3.7,1.000e-02,268,-2.060406,0.206970,0.829196,0.802428
logistic,K,3,5,0.05,3.7,1.000e-02,269,-2.212191,0.141846,0.842381,0.857829
logistic,K,3,5,0.05,3.7,1.000e-02,270,-2.063227,0.202637,0.822974,0.809959
logistic,K,3,5,0.05,3.7,1.000e-02,271,-2.209451,0.144531,0.838158,0.856802
logistic,K,3,5,0.05,3.7,1.000e-02,272,-2.067994,0.199219,0.827943,0.809643
logistic,K,3,5,0.05,3.7,1.000e-02,273,-2.210301,0.145691,0.842314,0.853634
logistic,K,3,5,0.05,3.7,1.000e-02,274,-2.069622,0.204285,0.830794,0.804648
logistic,K,3,5,0.05,3.7,1.000e-02,275,-2.220164,0.144714,0.842976,0.857044
logistic,K,3,5,0.05,3.7,1.000e-02,276,-2.078327,0.198853,0.833163,0.807197
logistic,K,3,5,0.05,3.7,1.000e-02,277,-2.215199,0.149109,0.838869,0.857109
logistic,K,3,5,0.05,3.7,1.000e-02,278,-2.076508,0.202698,0.831056,0.807868
logistic,K,3,5,0.05,3.7,1.000e-02,279,-2.222699,0.141296,0.844791,0.856499
logistic,K,3,5,0.05,3.7,1.000e-02,280,-2.077015,0.199951,0.832254,0.806709
logistic,K,3,5,0.05,3.7,1.000e-02,281,-2.226385,0.143616,0.843033,0.859100
logistic,K,3,5,0.05,3.7,1.000e-02,282,-2.076142,0.200562,0.834153,0.809169
logistic,K,3,5,0.05,3.7,1.000e-02,283,-2.221995,0.145020,0.844222,0.856113
logistic,K,3,5,0.05,3.7,1.000e-02,284,-2.075590,0.200134,0.829044,0.807896
logistic,K,3,5,0.05,3.7,1.000e-02,285,-2.221663,0.146790,0.841910,0.857548
logistic,K,3,5,0.05,3.7,1.000e-02,286,-2.076165,0.203308,0.827041,0.809499
logistic,K,3,5,0.05,3.7,1.000e-02,287,-2.227710,0.139099,0.847263,0.858382
logistic,K,3,5,0.05,3.7,1.000e-02,288,-2.079197,0.199158,0.834799,0.807331
logistic,K,3,5,0.05,3.7,1.000e-02,289,-2.219171,0.142700,0.843423,0.858854
logistic,K,3,5,0.05,3.7,1.000e-02,290,-2.074486,0.202087,0.828200,0.807788
logistic,K,3,5,0.05,3.7,1.000e-02,291,-2.225458,0.140320,0.841652,0.863283
logistic,K,3,5,0.05,3.7,1.000e-02,292,-2.077876,0.198059,0.828997,0.812243
logistic,K,3,5,0.05,3.7,1.000e-02,293,-2.214162,0.139160,0.842814,0.856830
logistic,K,3,5,0.05,3.7,1.000e-02,294,-2.068641,0.206238,0.830287,0.802252
logistic,K,3,5,0.05,3.7,1.000e-02,295,-2.214127,0.140442,0.847157,0.855488
logistic,K,3,5,0.05,3.7,1.000e-02,296,-2.070297,0.202271,0.832621,0.802943
logistic,K,3,5,0.05,3.7,1.000e-02,297,-2.211386,0.149719,0.842305,0.855086
logistic,K,3,5,0.05,3.7,1.000e-02,298,-2.073699,0.202515,0.827448,0.806271
logistic,K,3,5,0.05,3.7,1.000e-02,299,-2.217275,0.143860,0.842405,0.854550
logistic,K,3,5,0.05,3.7,1.000e-02,300,-2.076374,0.203125,0.829425,0.807876
logistic,K,3,5,0.05,3.7,1.000e-02,301,-2.214907,0.141541,0.844566,0.856732
logistic,K,3,5,0.05,3.7,1.000e-02,302,-2.071036,0.203064,0.828078,0.806060
logistic,K,3,5,0.05,3.7,1.000e-02,303,-2.216241,0.144836,0.842297,0.857738
logistic,K,3,5,0.05,3.7,1.000e-02,304,-2.069757,0.202698,0.829790,0.805343
logistic,K,3,5,0.05,3.7,1.000e-02,305,-2.219860,0.140869,0.846126,0.857220
logistic,K,3,5,0.05,3.7,1.000e-02,306,-2.076178,0.207886,0.830497,0.805081
logistic,K,3,5,0.05,3.7,1.000e-02,307,-2.212733,0.143005,0.843302,0.855554
logistic,K,3,5,0.05,3.7,1.000e-02,308,-2.074313,0.200012,0.832759,0.805633
logistic,K,3,5,0.05,3.7,1.000e-02,309,-2.214836,0.146851,0.841707,0.855172
logistic,K,3,5,0.05,3.7,1.000e-02,310,-2.076076,0.206604,0.831633,0.805951
logistic,K,3,5,0.05,3.7,1.000e-02,311,-2.224336,0.141357,0.842980,0.857935
logistic,K,3,5,0.05,3.7,1.000e-02,312,-2.082414,0.200256,0.829142,0.809059
logistic,K,3,5,0.05,3.7,1.000e-02,313,-2.230814,0.137939,0.847068,0.860410
logistic,K,3,5,0.05,3.7,1.000e-02,314,-2.085482,0.200195,0.832219,0.809428
logistic,K,3,5,0.05,3.7,1.000e-02,315,-2.217545,0.142395,0.843767,0.857525
logistic,K,3,5,0.05,3.7,1.000e-02,316,-2.073976,0.200989,0.829869,0.808296
logistic,K,3,5,0.05,3.7,1.000e-02,317,-2.210261,0.142090,0.841866,0.855957
logistic,K,3,5,0.05,3.7,1.000e-02,318,-2.068604,0.206665,0.829184,0.803071
logistic,K,3,5,0.05,3.7,1.000e-02,319,-2.212046,0.143188,0.845239,0.854749
logistic,K,3,5,0.05,3.7,1.000e-02,320,-2.073423,0.203613,0.830842,0.803654
logistic,K,3,5,0.05,3.7,1.000e-02,321,-2.226143,0.141541,0.844956,0.857966
logistic,K,3,5,0.05,3.7,1.000e-02,322,-2.082558,0.196533,0.832787,0.809444
logistic,K,3,5,0.05,3.7,1.000e-02,323,-2.218973,0.140930,0.843534,0.859430
logistic,K,3,5,0.05,3.7,1.000e-02,324,-2.070388,0.203674,0.828925,0.807294
logistic,K,3,5,0.05,3.7,1.000e-02,325,-2.212385,0.143311,0.843417,0.854239
logistic,K,3,5,0.05,3.7,1.000e-02,326,-2.072889,0.206787,0.829475,0.803952
logistic,K,3,5,0.05,3.7,1.000e-02,327,-2.222938,0.143127,0.843227,0.856068
logistic,K,3,5,0.05,3.7,1.000e-02,328,-2.085789,0.195312,0.831051,0.811891
logistic,K,3,5,0.05,3.7,1.000e-02,329,-2.227263,0.138550,0.844138,0.861299
logistic,K,3,5,0.05,3.7,1.000e-02,330,-2.075770,0.205139,0.827050,0.811171
logistic,K,3,5,0.05,3.7,1.000e-02,331,-2.217375,0.140198,0.844631,0.857233
logistic,K,3,5,0.05,3.7,1.000e-02,332,-2.072718,0.199463,0.832275,0.806304
logistic,K,3,5,0.05,3.7,1.000e-02,333,-2.220650,0.144775,0.844696,0.854387
logistic,K,3,5,0.05,3.7,1.000e-02,334,-2.069674,0.201172,0.831671,0.806721
logistic,K,3,5,0.05,3.7,1.000e-02,335,-2.216033,0.147766,0.840452,0.852586
logistic,K,3,5,0.05,3.7,1.000e-02,336,-2.081078,0.196045,0.831486,0.810927
logistic,K,3,5,0.05,3.7,1.000e-02,337,-2.219648,0.142883,0.841988,0.856829
logistic,K,3,5,0.05,3.7,1.000e-02,338,-2.079331,0.197449,0.833218,0.808408
logistic,K,3,5,0.05,3.7,1.000e-02,339,-2.214931,0.146667,0.839473,0.857261
logistic,K,3,5,0.05,3.7,1.000e-02,340,-2.070524,0.201965,0.828116,0.807242
logistic,K,3,5,0.05,3.7,1.000e-02,341,-2.220389,0.141663,0.840836,0.859090
logistic,K,3,5,0.05,3.7,1.000e-02,342,-2.075762,0.201721,0.832516,0.807332
logistic,K,3,5,0.05,3.7,1.000e-02,343,-2.219339,0.143372,0.841826,0.859832
logistic,K,3,5,0.05,3.7,1.000e-02,344,-2.073074,0.203308,0.830706,0.806098
logistic,K,3,5,0.05,3.7,1.000e-02,345,-2.213565,0.142395,0.843815,0.856734
logistic,K,3,5,0.05,3.7,1.000e-02,346,-2.072969,0.205200,0.830699,0.804273
logistic,K,3,5,0.05,3.7,1.000e-02,347,-2.230382,0.142456,0.846646,0.857745
logistic,K,3,5,0.05,3.7,1.000e-02,348,-2.083113,0.195862,0.832772,0.810633
logistic,K,3,5,0.05,3.7,1.000e-02,349,-2.226606,0.141724,0.843626,0.857309
logistic,K,3,5,0.05,3.7,1.000e-02,350,-2.085628,0.197998,0.832803,0.810286
logistic,K,3,5,0.05,3.7,1.000e-02,351,-2.224234,0.140137,0.848372,0.857661
logistic,K,3,5,0.05,3.7,1.000e-02,352,-2.072315,0.199768,0.834374,0.805300
logistic,K,3,5,0.05,3.7,1.000e-02,353,-2.213894,0.145630,0.841077,0.859167
logistic,K,3,5,0.05,3.7,1.000e-02,354,-2.069885,0.205444,0.828033,0.804533
logistic,K,3,5,0.05,3.7,1.000e-02,355,-2.219476,0.143005,0.844502,0.854840
logistic,K,3,5,0.05,3.7,1.000e-02,356,-2.077872,0.202698,0.831112,0.805739
logistic,K,3,5,0.05,3.7,1.000e-02,357,-2.218331,0.141541,0.844708,0.855798
logistic,K,3,5,0.05,3.7,1.000e-02,358,-2.075188,0.200684,0.828992,0.806482
logistic,K,3,5,0.05,3.7,1.000e-02,359,-2.215379,0.149170,0.842900,0.853598
logistic,K,3,5,0.05,3.7,1.000e-02,360,-2.080310,0.201843,0.833024,0.805709
logistic,K,3,5,0.05,3.7,1.000e-02,361,-2.221439,0.142944,0.844221,0.856601
logistic,K,3,5,0.05,3.7,1.000e-02,362,-2.072475,0.205139,0.830597,0.806645
logistic,K,3,5,0.05,3.7,1.000e-02,363,-2.215818,0.142273,0.842223,0.857120
logistic,K,3,5,0.05,3.7,1.000e-02,364,-2.071211,0.202271,0.828920,0.809192
logistic,K,3,5,0.05,3.7,1.000e-02,365,-2.214401,0.143799,0.840376,0.857972
logistic,K,3,5,0.05,3.7,1.000e-02,366,-2.072076,0.206665,0.828944,0.806491
logistic,K,3,5,0.05,3.7,1.000e-02,367,-2.217549,0.142395,0.840322,0.857281
logistic,K,3,5,0.05,3.7,1.000e-02,368,-2.072362,0.202087,0.830509,0.805524
logistic,K,3,5,0.05,3.7,1.000e-02,369,-2.217049,0.142334,0.840582,0.856707
logistic,K,3,5,0.05,3.7,1.000e-02,370,-2.071267,0.203125,0.828300,0.808231
logistic,K,3,5,0.05,3.7,1.000e-02,371,-2.219609,0.145264,0.839739,0.858872
logistic,K,3,5,0.05,3.7,1.000e-02,372,-2.080478,0.197876,0.828163,0.810471
logistic,K,3,5,0.05,3.7,1.000e-02,373,-2.223138,0.143311,0.839815,0.858367
logistic,K,3,5,0.05,3.7,1.000e-02,374,-2.078984,0.196045,0.830715,0.809571
logistic,K,3,5,0.05,3.7,1.000e-02,375,-2.220019,0.140442,0.844377,0.857311
logistic,K,3,5,0.05,3.7,1.000e-02,376,-2.071917,0.202148,0.830036,0.809331
logistic,K,3,5,0.05,3.7,1.000e-02,377,-2.212540,0.146545,0.840257,0.856505
logistic,K,3,5,0.05,3.7,1.000e-02,378,-2.071543,0.201660,0.830963,0.803821
logistic,K,3,5,0.05,3.7,1.000e-02,379,-2.210714,0.145752,0.840015,0.856058
logistic,K,3,5,0.05,3.7,1.000e-02,380,-2.066042,0.201172,0.832063,0.804431
logistic,K,3,5,0.05,3.7,1.000e-02,381,-2.202854,0.144836,0.841741,0.854477
logistic,K,3,5,0.05,3.7,1.000e-02,382,-2.059592,0.207764,0.826932,0.802205
logistic,K,3,5,0.05,3.7,1.000e-02,383,-2.209086,0.146912,0.839194,0.855385
logistic,K,3,5,0.05,3.7,1.000e-02,384,-2.071578,0.202942,0.829290,0.804357
logistic,K,3,5,0.05,3.7,1.000e-02,385,-2.214626,0.142212,0.842201,0.858450
logistic,K,3,5,0.05,3.7,1.000e-02,386,-2.071316,0.202637,0.830474,0.804598
logistic,K,3,5,0.05,3.7,1.000e-02,387,-2.221712,0.140686,0.842723,0.856986
logistic,K,3,5,0.05,3.7,1.000e-02,388,-2.077384,0.202515,0.829795,0.809789
logistic,K,3,5,0.05,3.7,1.000e-02,389,-2.225337,0.142761,0.842080,0.861315
logistic,K,3,5,0.05,3.7,1.000e-02,390,-2.075873,0.200623,0.831628,0.807962
logistic,K,3,5,0.05,3.7,1.000e-02,391,-2.220311,0.146301,0.842075,0.856797
logistic,K,3,5,0.05,3.7,1.000e-02,392,-2.078080,0.202026,0.830212,0.808389
logistic,K,3,5,0.05,3.7,1.000e-02,393,-2.226079,0.142090,0.844714,0.857427
logistic,K,3,5,0.05,3.7,1.000e-02,394,-2.078820,0.202454,0.831215,0.808881
logistic,K,3,5,0.05,3.7,1.000e-02,395,-2.229748,0.140076,0.846003,0.858536
logistic,K,3,5,0.05,3.7,1.000e-02,396,-2.079294,0.196655,0.829115,0.815258
logistic,K,3,5,0.05,3.7,1.000e-02,397,-2.225436,0.141846,0.844930,0.860183
logistic,K,3,5,0.05,3.7,1.000e-02,398,-2.073992,0.200378,0.830717,0.807019
logistic,K,3,5,0.05,3.7,1.000e-02,399,-2.214052,0.145874,0.840012,0.855951
logistic,K,3,5,0.05,3.7,1.000e-02,400,-2.079423,0.201294,0.831093,0.808150
