family,mode,p,q,K,param,delta,t,mean_ln_d,frac_d_gt_scale,r_x1,r_x2
henon,K,3,5,0.01,1.28,1.000e-12,1,-27.720440,0.000000,1.000000,1.000000
henon,K,3,5,0.01,1.28,1.000e-12,2,-27.165399,0.000000,1.000000,1.000000
henon,K,3,5,0.01,1.28,1.000e-12,3,-26.680539,0.000000,1.000000,1.000000
henon,K,3,5,0.01,1.28,1.000e-12,4,-26.282826,0.000000,1.000000,1.000000
henon,K,3,5,0.01,1.28,1.000e-12,5,-25.997731,0.000000,1.000000,1.000000
henon,K,3,5,0.01,1.28,1.000e-12,6,-25.697257,0.000000,1.000000,1.000000
henon,K,3,5,0.01,1.28,1.000e-12,7,-25.350730,0.000000,1.000000,1.000000
henon,K,3,5,0.01,1.28,1.000e-12,8,-25.066163,0.000000,1.000000,1.000000
henon,K,3,5,0.01,1.28,1.000e-12,9,-24.777398,0.000000,1.000000,1.000000
henon,K,3,5,0.01,1.28,1.000e-12,10,-24.479770,0.000000,1.000000,1.000000
henon,K,3,5,0.01,1.28,1.000e-12,11,-24.188005,0.000000,1.000000,1.000000
henon,K,3,5,0.01,1.28,1.000e-12,12,-23.906549,0.000000,1.000000,1.000000
henon,K,3,5,0.01,1.28,1.000e-12,13,-23.626024,0.000000,1.000000,1.000000
henon,K,3,5,0.01,1.28,1.000e-12,14,-23.326926,0.000000,1.000000,1.000000
henon,K,3,5,0.01,1.28,1.000e-12,15,-23.053507,0.000000,1.000000,1.000000
henon,K,3,5,0.01,1.28,1.000e-12,16,-22.759490,0.000000,1.000000,1.000000
henon,K,3,5,0.01,1.28,1.000e-12,17,-22.474401,0.000000,1.000000,1.000000
henon,K,3,5,0.01,1.28,1.000e-12,18,-22.195642,0.000000,1.000000,1.000000
henon,K,3,5,0.01,1.28,1.000e-12,19,-21.918921,0.000000,1.000000,1.000000
henon,K,3,5,0.01,1.28,1.000e-12,20,-21.633824,0.000000,1.000000,1.000000
henon,K,3,5,0.01,1.28,1.000e-12,21,-21.343124,0.000000,1.000000,1.000000
henon,K,3,5,0.01,1.28,1.000e-12,22,-21.070754,0.000000,1.000000,1.000000
henon,K,3,5,0.01,1.28,1.000e-12,23,-20.789926,0.000000,1.000000,1.000000
henon,K,3,5,0.01,1.28,1.000e-12,24,-20.507016,0.000000,1.000000,1.000000
henon,K,3,5,0.01,1.28,1.000e-12,25,-20.225962,0.000000,1.000000,1.000000
henon,K,3,5,0.01,1.28,1.000e-12,26,-19.950232,0.000000,1.000000,1.000000
henon,K,3,5,0.01,1.28,1.000e-12,27,-19.666038,0.000000,1.000000,1.000000
henon,K,3,5,0.01,1.28,1.000e-12,28,-19.383860,0.000000,1.000000,1.000000
henon,K,3,5,0.01,1.28,1.000e-12,29,-19.099370,0.000000,1.000000,1.000000
henon,K,3,5,0.01,1.28,1.000e-12,30,-18.819728,0.000000,1.000000,1.000000
henon,K,3,5,0.01,1.28,1.000e-12,31,-18.537702,0.000000,1.000000,1.000000
henon,K,3,5,0.01,1.28,1.000e-12,32,-18.251593,0.000000,1.000000,1.000000
henon,K,3,5,0.01,1.28,1.000e-12,33,-17.970540,0.000000,1.000000,1.000000
henon,K,3,5,0.01,1.28,1.000e-12,34,-17.694941,0.000000,1.000000,1.000000
henon,K,3,5,0.01,1.28,1.000e-12,35,-17.408417,0.000000,1.000000,1.000000
henon,K,3,5,0.01,1.28,1.000e-12,36,-17.131809,0.000000,1.000000,1.000000
henon,K,3,5,0.01,1.28,1.000e-12,37,-16.849107,0.000000,1.000000,1.000000
henon,K,3,5,0.01,1.28,1.000e-12,38,-16.568315,0.000000,1.000000,1.000000
henon,K,3,5,0.01,1.28,1.000e-12,39,-16.275524,0.000000,1.000000,1.000000
henon,K,3,5,0.01,1.28,1.000e-12,40,-16.001577,0.000000,1.000000,1.000000
henon,K,3,5,0.01,1.28,1.000e-12,41,-15.721845,0.000000,1.000000,1.000000
henon,K,3,5,0.01,1.28,1.000e-12,42,-15.431343,0.000000,1.000000,1.000000
henon,K,3,5,0.01,1.28,1.000e-12,43,-15.148789,0.000000,1.000000,1.000000
henon,K,3,5,0.01,1.28,1.000e-12,44,-14.872343,0.000000,1.000000,1.000000
henon,K,3,5,0.01,1.28,1.000e-12,45,-14.592733,0.000000,1.000000,1.000000
henon,K,3,5,0.01,1.28,1.000e-12,46,-14.308812,0.000000,1.000000,1.000000
henon,K,3,5,0.01,1.28,1.000e-12,47,-14.032481,0.000000,1.000000,1.000000
henon,K,3,5,0.01,1.28,1.000e-12,48,-13.751306,0.000000,1.000000,1.000000
henon,K,3,5,0.01,1.28,1.000e-12,49,-13.465107,0.000000,0.999999,1.000000
henon,K,3,5,0.01,1.28,1.000e-12,50,-13.189447,0.000000,0.999996,0.999999
henon,K,3,5,0.01,1.28,1.000e-12,51,-12.911288,0.000000,0.999998,0.999999
henon,K,3,5,0.01,1.28,1.000e-12,52,-12.636556,0.000000,0.999993,0.999996
henon,K,3,5,0.01,1.28,1.000e-12,53,-12.355693,0.000000,0.999986,0.999990
henon,K,3,5,0.01,1.28,1.000e-12,54,-12.082440,0.000000,0.999974,0.999977
henon,K,3,5,0.01,1.28,1.000e-12,55,-11.805312,0.000000,0.999940,0.999953
henon,K,3,5,0.01,1.28,1.000e-12,56,-11.521189,0.000000,0.999870,0.999893
henon,K,3,5,0.01,1.28,1.000e-12,57,-11.243996,0.000061,0.999742,0.999690
henon,K,3,5,0.01,1.28,1.000e-12,58,-10.955001,0.000244,0.999241,0.999255
henon,K,3,5,0.01,1.28,1.000e-12,59,-10.677729,0.000549,0.998862,0.998434
henon,K,3,5,0.01,1.28,1.000e-12,60,-10.396856,0.000610,0.998175,0.998131
henon,K,3,5,0.01,1.28,1.000e-12,61,-10.122145,0.002319,0.996719,0.995612
henon,K,3,5,0.01,1.28,1.000e-12,62,-9.837947,0.003418,0.993776,0.994429
henon,K,3,5,0.01,1.28,1.000e-12,63,-9.564514,0.005249,0.992296,0.991718
henon,K,3,5,0.01,1.28,1.000e-12,64,-9.284849,0.006287,0.989655,0.989760
henon,K,3,5,0.01,1.28,1.000e-12,65,-8.999836,0.008667,0.985889,0.988362
henon,K,3,5,0.01,1.28,1.000e-12,66,-8.727361,0.010498,0.984848,0.985021
henon,K,3,5,0.01,1.28,1.000e-12,67,-8.449492,0.013123,0.978866,0.976672
henon,K,3,5,0.01,1.28,1.000e-12,68,-8.186132,0.017029,0.972966,0.975562
henon,K,3,5,0.01,1.28,1.000e-12,69,-7.911926,0.020691,0.968243,0.969638
henon,K,3,5,0.01,1.28,1.000e-12,70,-7.639898,0.025085,0.960088,0.961699
henon,K,3,5,0.01,1.28,1.000e-12,71,-7.373711,0.031311,0.950549,0.952559
henon,K,3,5,0.01,1.28,1.000e-12,72,-7.109523,0.035828,0.947632,0.942499
henon,K,3,5,0.01,1.28,1.000e-12,73,-6.855492,0.042908,0.940102,0.934169
henon,K,3,5,0.01,1.28,1.000e-12,74,-6.601788,0.045959,0.931680,0.930178
henon,K,3,5,0.01,1.28,1.000e-12,75,-6.346979,0.054321,0.917550,0.912428
henon,K,3,5,0.01,1.28,1.000e-12,76,-6.108476,0.061646,0.907614,0.903970
henon,K,3,5,0.01,1.28,1.000e-12,77,-5.867542,0.071655,0.897626,0.890998
henon,K,3,5,0.01,1.28,1.000e-12,78,-5.627900,0.080200,0.881789,0.872711
henon,K,3,5,0.01,1.28,1.000e-12,79,-5.393341,0.092102,0.866157,0.861045
henon,K,3,5,0.01,1.28,1.000e-12,80,-5.170182,0.096619,0.858928,0.847259
henon,K,3,5,0.01,1.28,1.000e-12,81,-4.940946,0.107544,0.844746,0.830511
henon,K,3,5,0.01,1.28,1.000e-12,82,-4.730854,0.114563,0.827940,0.819082
henon,K,3,5,0.01,1.28,1.000e-12,83,-4.517333,0.131348,0.805728,0.799303
henon,K,3,5,0.01,1.28,1.000e-12,84,-4.305204,0.139404,0.792676,0.792631
henon,K,3,5,0.01,1.28,1.000e-12,85,-4.103252,0.149841,0.772881,0.763749
henon,K,3,5,0.01,1.28,1.000e-12,86,-3.923920,0.162659,0.759742,0.754792
henon,K,3,5,0.01,1.28,1.000e-12,87,-3.731477,0.175659,0.742882,0.746352
henon,K,3,5,0.01,1.28,1.000e-12,88,-3.544173,0.188232,0.719514,0.718279
henon,K,3,5,0.01,1.28,1.000e-12,89,-3.380004,0.195374,0.708963,0.701251
henon,K,3,5,0.01,1.28,1.000e-12,90,-3.208476,0.209534,0.695524,0.675719
henon,K,3,5,0.01,1.28,1.000e-12,91,-3.038728,0.222473,0.673040,0.651271
henon,K,3,5,0.01,1.28,1.000e-12,92,-2.875158,0.235657,0.650244,0.630429
henon,K,3,5,0.01,1.28,1.000e-12,93,-2.729229,0.248352,0.622651,0.614621
henon,K,3,5,0.01,1.28,1.000e-12,94,-2.579266,0.264893,0.606001,0.603564
henon,K,3,5,0.01,1.28,1.000e-12,95,-2.434207,0.272522,0.588792,0.584317
henon,K,3,5,0.01,1.28,1.000e-12,96,-2.306305,0.283325,0.570657,0.564721
henon,K,3,5,0.01,1.28,1.000e-12,97,-2.170987,0.302307,0.557329,0.542208
henon,K,3,5,0.01,1.28,1.000e-12,98,-2.041360,0.314575,0.532746,0.516976
henon,K,3,5,0.01,1.28,1.000e-12,99,-1.926368,0.321167,0.513073,0.497868
henon,K,3,5,0.01,1.28,1.000e-12,100,-1.818579,0.332642,0.488138,0.487317
henon,K,3,5,0.01,1.28,1.000e-12,101,-1.706882,0.346375,0.486853,0.470797
henon,K,3,5,0.01,1.28,1.000e-12,102,-1.608473,0.351440,0.470959,0.459217
henon,K,3,5,0.01,1.28,1.000e-12,103,-1.507678,0.366699,0.442817,0.433610
henon,K,3,5,0.01,1.28,1.000e-12,104,-1.420453,0.382507,0.432067,0.429884
henon,K,3,5,0.01,1.28,1.000e-12,105,-1.324340,0.393494,0.406063,0.396374
henon,K,3,5,0.01,1.28,1.000e-12,106,-1.246772,0.400391,0.398343,0.373228
henon,K,3,5,0.01,1.28,1.000e-12,107,-1.167497,0.415466,0.365187,0.376935
henon,K,3,5,0.01,1.28,1.000e-12,108,-1.098840,0.419250,0.376890,0.354575
henon,K,3,5,0.01,1.28,1.000e-12,109,-1.021084,0.436096,0.354954,0.331471
henon,K,3,5,0.01,1.28,1.000e-12,110,-0.951861,0.445740,0.317659,0.324707
henon,K,3,5,0.01,1.28,1.000e-12,111,-0.890420,0.455566,0.317063,0.297491
henon,K,3,5,0.01,1.28,1.000e-12,112,-0.832612,0.457458,0.304055,0.295619
henon,K,3,5,0.01,1.28,1.000e-12,113,-0.775188,0.460632,0.294602,0.271175
henon,K,3,5,0.01,1.28,1.000e-12,114,-0.726410,0.474731,0.275968,0.277799
henon,K,3,5,0.01,1.28,1.000e-12,115,-0.675819,0.480652,0.277100,0.260782
henon,K,3,5,0.01,1.28,1.000e-12,116,-0.622728,0.494141,0.254941,0.239756
henon,K,3,5,0.01,1.28,1.000e-12,117,-0.579935,0.502380,0.231336,0.235751
henon,K,3,5,0.01,1.28,1.000e-12,118,-0.544078,0.504700,0.230754,0.218149
henon,K,3,5,0.01,1.28,1.000e-12,119,-0.504912,0.510315,0.218341,0.212465
henon,K,3,5,0.01,1.28,1.000e-12,120,-0.468895,0.514832,0.200155,0.208896
henon,K,3,5,0.01,1.28,1.000e-12,121,-0.436296,0.521912,0.196565,0.201779
henon,K,3,5,0.01,1.28,1.000e-12,122,-0.406589,0.520935,0.190984,0.194421
henon,K,3,5,0.01,1.28,1.000e-12,123,-0.370186,0.534668,0.177970,0.173282
henon,K,3,5,0.01,1.28,1.000e-12,124,-0.337979,0.543823,0.166021,0.170899
henon,K,3,5,0.01,1.28,1.000e-12,125,-0.307441,0.545227,0.153834,0.168798
henon,K,3,5,0.01,1.28,1.000e-12,126,-0.289495,0.551575,0.157696,0.150666
henon,K,3,5,0.01,1.28,1.000e-12,127,-0.267748,0.557251,0.149829,0.145454
henon,K,3,5,0.01,1.28,1.000e-12,128,-0.251206,0.556335,0.138799,0.146062
henon,K,3,5,0.01,1.28,1.000e-12,129,-0.223767,0.564209,0.126243,0.125556
henon,K,3,5,0.01,1.28,1.000e-12,130,-0.201563,0.570679,0.120561,0.118786
henon,K,3,5,0.01,1.28,1.000e-12,131,-0.181322,0.574524,0.129686,0.117610
henon,K,3,5,0.01,1.28,1.000e-12,132,-0.158946,0.580200,0.109128,0.105068
henon,K,3,5,0.01,1.28,1.000e-12,133,-0.145049,0.577637,0.113637,0.109560
henon,K,3,5,0.01,1.28,1.000e-12,134,-0.133993,0.577087,0.118429,0.108539
henon,K,3,5,0.01,1.28,1.000e-12,135,-0.121342,0.581909,0.099547,0.102881
henon,K,3,5,0.01,1.28,1.000e-12,136,-0.104781,0.587830,0.094649,0.090618
henon,K,3,5,0.01,1.28,1.000e-12,137,-0.093775,0.588501,0.090228,0.079858
henon,K,3,5,0.01,1.28,1.000e-12,138,-0.078723,0.594055,0.092984,0.071940
henon,K,3,5,0.01,1.28,1.000e-12,139,-0.066888,0.595032,0.092926,0.082225
henon,K,3,5,0.01,1.28,1.000e-12,140,-0.056213,0.597229,0.078097,0.085637
henon,K,3,5,0.01,1.28,1.000e-12,141,-0.044529,0.601868,0.072181,0.083250
henon,K,3,5,0.01,1.28,1.000e-12,142,-0.034221,0.608154,0.071043,0.058405
henon,K,3,5,0.01,1.28,1.000e-12,143,-0.023230,0.604492,0.060054,0.058293
henon,K,3,5,0.01,1.28,1.000e-12,144,-0.018808,0.605164,0.062312,0.069648
henon,K,3,5,0.01,1.28,1.000e-12,145,-0.012838,0.603638,0.065518,0.057613
henon,K,3,5,0.01,1.28,1.000e-12,146,-0.005782,0.605774,0.060546,0.057519
henon,K,3,5,0.01,1.28,1.000e-12,147,0.003219,0.615173,0.063321,0.057743
henon,K,3,5,0.01,1.28,1.000e-12,148,0.018232,0.616394,0.051879,0.053712
henon,K,3,5,0.01,1.28,1.000e-12,149,0.020831,0.615356,0.046883,0.052024
henon,K,3,5,0.01,1.28,1.000e-12,150,0.021495,0.613525,0.052723,0.042019
henon,K,3,5,0.01,1.28,1.000e-12,151,0.032078,0.619141,0.044931,0.040592
henon,K,3,5,0.01,1.28,1.000e-12,152,0.042050,0.620239,0.035592,0.040211
henon,K,3,5,0.01,1.28,1.000e-12,153,0.041782,0.619263,0.042370,0.041906
henon,K,3,5,0.01,1.28,1.000e-12,154,0.046457,0.623413,0.040084,0.039113
henon,K,3,5,0.01,1.28,1.000e-12,155,0.051964,0.622681,0.040204,0.043421
henon,K,3,5,0.01,1.28,1.000e-12,156,0.058225,0.623718,0.035982,0.032171
henon,K,3,5,0.01,1.28,1.000e-12,157,0.055378,0.617676,0.046423,0.021661
henon,K,3,5,0.01,1.28,1.000e-12,158,0.060288,0.621094,0.041823,0.020411
henon,K,3,5,0.01,1.28,1.000e-12,159,0.071842,0.622559,0.025905,0.019164
henon,K,3,5,0.01,1.28,1.000e-12,160,0.075104,0.630737,0.031007,0.036782
henon,K,3,5,0.01,1.28,1.000e-12,161,0.077526,0.627991,0.030967,0.034695
henon,K,3,5,0.01,1.28,1.000e-12,162,0.081969,0.628967,0.022020,0.032259
henon,K,3,5,0.01,1.28,1.000e-12,163,0.083858,0.629639,0.022314,0.021351
henon,K,3,5,0.01,1.28,1.000e-12,164,0.081485,0.626953,0.027588,0.015200
henon,K,3,5,0.01,1.28,1.000e-12,165,0.084529,0.630188,0.033482,0.022356
henon,K,3,5,0.01,1.28,1.000e-12,166,0.100070,0.634460,0.020293,0.002337
henon,K,3,5,0.01,1.28,1.000e-12,167,0.103706,0.640686,0.023220,0.012922
henon,K,3,5,0.01,1.28,1.000e-12,168,0.096610,0.633484,0.018910,0.030416
henon,K,3,5,0.01,1.28,1.000e-12,169,0.104991,0.635986,0.015820,0.015401
henon,K,3,5,0.01,1.28,1.000e-12,170,0.104460,0.638672,0.025640,0.009284
henon,K,3,5,0.01,1.28,1.000e-12,171,0.099652,0.635315,0.021883,0.013706
henon,K,3,5,0.01,1.28,1.000e-12,172,0.107689,0.638794,0.021227,-0.002563
henon,K,3,5,0.01,1.28,1.000e-12,173,0.112901,0.640381,0.021550,-0.008804
henon,K,3,5,0.01,1.28,1.000e-12,174,0.116214,0.637390,0.016652,0.009001
henon,K,3,5,0.01,1.28,1.000e-12,175,0.115019,0.638672,0.006519,0.026871
henon,K,3,5,0.01,1.28,1.000e-12,176,0.117785,0.639648,0.016363,0.013474
henon,K,3,5,0.01,1.28,1.000e-12,177,0.118476,0.638611,0.002755,0.006587
henon,K,3,5,0.01,1.28,1.000e-12,178,0.111325,0.637878,0.006278,0.022570
henon,K,3,5,0.01,1.28,1.000e-12,179,0.109571,0.635742,0.017751,0.016579
henon,K,3,5,0.01,1.28,1.000e-12,180,0.116608,0.638123,0.014290,0.007897
henon,K,3,5,0.01,1.28,1.000e-12,181,0.122629,0.642273,0.012615,0.009304
henon,K,3,5,0.01,1.28,1.000e-12,182,0.124523,0.642212,0.006908,0.011668
henon,K,3,5,0.01,1.28,1.000e-12,183,0.127824,0.646484,0.017771,-0.003360
henon,K,3,5,0.01,1.28,1.000e-12,184,0.125738,0.639526,0.007107,0.000054
henon,K,3,5,0.01,1.28,1.000e-12,185,0.127282,0.643494,-0.000458,0.012039
henon,K,3,5,0.01,1.28,1.000e-12,186,0.121017,0.638123,0.014886,0.009242
henon,K,3,5,0.01,1.28,1.000e-12,187,0.123667,0.639160,-0.000137,-0.003205
henon,K,3,5,0.01,1.28,1.000e-12,188,0.125128,0.644714,0.000767,0.007172
henon,K,3,5,0.01,1.28,1.000e-12,189,0.124831,0.645447,0.011309,0.013731
henon,K,3,5,0.01,1.28,1.000e-12,190,0.131816,0.649353,0.010057,-0.002753
henon,K,3,5,0.01,1.28,1.000e-12,191,0.129991,0.641663,-0.002156,-0.002448
henon,K,3,5,0.01,1.28,1.000e-12,192,0.130936,0.646057,-0.011675,0.008805
henon,K,3,5,0.01,1.28,1.000e-12,193,0.125508,0.641663,0.003787,0.025430
henon,K,3,5,0.01,1.28,1.000e-12,194,0.130184,0.642700,-0.016139,0.012032
henon,K,3,5,0.01,1.28,1.000e-12,195,0.135431,0.648499,-0.005018,0.010556
henon,K,3,5,0.01,1.28,1.000e-12,196,0.131084,0.644226,0.000264,0.009658
henon,K,3,5,0.01,1.28,1.000e-12,197,0.134202,0.646484,0.000923,-0.003523
henon,K,3,5,0.01,1.28,1.000e-12,198,0.134547,0.646790,-0.003629,-0.009091
henon,K,3,5,0.01,1.28,1.000e-12,199,0.128643,0.642944,-0.000469,0.012399
henon,K,3,5,0.01,1.28,1.000e-12,200,0.123300,0.637817,0.003744,0.010578
henon,K,3,5,0.01,1.28,1.000e-12,201,0.129025,0.639465,0.001003,0.008192
henon,K,3,5,0.01,1.28,1.000e-12,202,0.134587,0.645874,0.002166,0.013271
henon,K,3,5,0.01,1.28,1.000e-12,203,0.128976,0.639954,0.002527,0.018544
henon,K,3,5,0.01,1.28,1.000e-12,204,0.135045,0.644287,0.001271,0.003175
henon,K,3,5,0.01,1.28,1.000e-12,205,0.136163,0.647278,-0.013692,0.003123
henon,K,3,5,0.01,1.28,1.000e-12,206,0.126756,0.642578,-0.004346,0.018491
henon,K,3,5,0.01,1.28,1.000e-12,207,0.124740,0.646729,0.009385,-0.003208
henon,K,3,5,0.01,1.28,1.000e-12,208,0.130098,0.644165,0.002168,-0.013440
henon,K,3,5,0.01,1.28,1.000e-12,209,0.129863,0.643372,-0.000278,0.013334
henon,K,3,5,0.01,1.28,1.000e-12,210,0.131336,0.649231,0.006419,0.002430
henon,K,3,5,0.01,1.28,1.000e-12,211,0.129715,0.650269,0.004037,0.007245
henon,K,3,5,0.01,1.28,1.000e-12,212,0.129663,0.645447,0.003956,0.003947
henon,K,3,5,0.01,1.28,1.000e-12,213,0.127953,0.643066,-0.002685,0.009211
henon,K,3,5,0.01,1.28,1.000e-12,214,0.124020,0.638245,0.011950,-0.003161
henon,K,3,5,0.01,1.28,1.000e-12,215,0.124531,0.640991,0.008540,0.004795
henon,K,3,5,0.01,1.28,1.000e-12,216,0.127895,0.639771,-0.004543,0.012178
henon,K,3,5,0.01,1.28,1.000e-12,217,0.133532,0.644165,0.009954,0.003028
henon,K,3,5,0.01,1.28,1.000e-12,218,0.126020,0.641785,0.009393,0.007767
henon,K,3,5,0.01,1.28,1.000e-12,219,0.135820,0.649536,-0.013728,0.004778
henon,K,3,5,0.01,1.28,1.000e-12,220,0.126110,0.639343,0.006646,0.002475
henon,K,3,5,0.01,1.28,1.000e-12,221,0.124271,0.641479,0.005588,0.007796
henon,K,3,5,0.01,1.28,1.000e-12,222,0.127117,0.643127,0.005790,0.001265
henon,K,3,5,0.01,1.28,1.000e-12,223,0.129746,0.643433,-0.011937,0.006142
henon,K,3,5,0.01,1.28,1.000e-12,224,0.130416,0.640015,0.005190,0.014747
henon,K,3,5,0.01,1.28,1.000e-12,225,0.132009,0.643921,0.016505,0.000790
henon,K,3,5,0.01,1.28,1.000e-12,226,0.133465,0.642639,-0.006299,0.004850
henon,K,3,5,0.01,1.28,1.000e-12,227,0.126916,0.638184,0.002222,0.020371
henon,K,3,5,0.01,1.28,1.000e-12,228,0.127520,0.635254,0.008657,0.010569
henon,K,3,5,0.01,1.28,1.000e-12,229,0.130087,0.639099,0.009965,-0.002841
henon,K,3,5,0.01,1.28,1.000e-12,230,0.131549,0.645020,0.008745,0.008961
henon,K,3,5,0.01,1.28,1.000e-12,231,0.140135,0.652527,-0.006393,0.014467
henon,K,3,5,0.01,1.28,1.000e-12,232,0.138389,0.647644,0.006856,0.007233
henon,K,3,5,0.01,1.28,1.000e-12,233,0.140874,0.646240,-0.003381,-0.007181
henon,K,3,5,0.01,1.28,1.000e-12,234,0.133159,0.642151,0.006194,0.011920
henon,K,3,5,0.01,1.28,1.000e-12,235,0.133718,0.643799,0.006580,0.003511
henon,K,3,5,0.01,1.28,1.000e-12,236,0.134609,0.643860,0.003444,-0.002233
henon,K,3,5,0.01,1.28,1.000e-12,237,0.137918,0.645752,-0.001056,-0.000882
henon,K,3,5,0.01,1.28,1.000e-12,238,0.140912,0.648071,-0.011708,0.010104
henon,K,3,5,0.01,1.28,1.000e-12,239,0.140278,0.648804,0.001395,0.003939
henon,K,3,5,0.01,1.28,1.000e-12,240,0.143076,0.651917,-0.006759,-0.007766
henon,K,3,5,0.01,1.28,1.000e-12,241,0.136143,0.645081,-0.000121,0.004821
henon,K,3,5,0.01,1.28,1.000e-12,242,0.134890,0.643188,0.006612,0.001072
henon,K,3,5,0.01,1.28,1.000e-12,243,0.134278,0.643799,0.002966,0.000466
henon,K,3,5,0.01,1.28,1.000e-12,244,0.143442,0.648682,-0.007102,-0.024523
henon,K,3,5,0.01,1.28,1.000e-12,245,0.134530,0.645142,-0.002664,0.004057
henon,K,3,5,0.01,1.28,1.000e-12,246,0.137013,0.646423,-0.001286,0.007226
henon,K,3,5,0.01,1.28,1.000e-12,247,0.135560,0.644897,-0.007738,0.006432
henon,K,3,5,0.01,1.28,1.000e-12,248,0.135550,0.644958,0.011270,0.006995
henon,K,3,5,0.01,1.28,1.000e-12,249,0.135244,0.642151,-0.003299,0.003498
henon,K,3,5,0.01,1.28,1.000e-12,250,0.134419,0.643066,-0.000923,0.003872
henon,K,3,5,0.01,1.28,1.000e-12,251,0.136480,0.639648,0.003345,-0.013737
henon,K,3,5,0.01,1.28,1.000e-12,252,0.140091,0.646362,0.003023,-0.006514
henon,K,3,5,0.01,1.28,1.000e-12,253,0.141676,0.645935,0.006860,-0.009353
henon,K,3,5,0.01,1.28,1.000e-12,254,0.139405,0.644470,-0.000334,0.003756
henon,K,3,5,0.01,1.28,1.000e-12,255,0.142435,0.651855,-0.000464,-0.000569
henon,K,3,5,0.01,1.28,1.000e-12,256,0.141591,0.650879,0.002648,-0.002192
henon,K,3,5,0.01,1.28,1.000e-12,257,0.137946,0.644226,0.000323,-0.005693
henon,K,3,5,0.01,1.28,1.000e-12,258,0.137892,0.642395,-0.012053,-0.006188
henon,K,3,5,0.01,1.28,1.000e-12,259,0.130881,0.644226,0.003572,0.010046
henon,K,3,5,0.01,1.28,1.000e-12,260,0.132874,0.644958,-0.005605,0.007898
henon,K,3,5,0.01,1.28,1.000e-12,261,0.134613,0.649719,-0.005528,0.005293
henon,K,3,5,0.01,1.28,1.000e-12,262,0.134847,0.644470,0.012321,0.000022
henon,K,3,5,0.01,1.28,1.000e-12,263,0.131758,0.640198,-0.000302,0.010081
henon,K,3,5,0.01,1.28,1.000e-12,264,0.130824,0.645203,0.006291,0.009331
henon,K,3,5,0.01,1.28,1.000e-12,265,0.131168,0.638184,-0.003787,0.002529
henon,K,3,5,0.01,1.28,1.000e-12,266,0.127649,0.638672,0.017801,0.003060
henon,K,3,5,0.01,1.28,1.000e-12,267,0.133738,0.644531,-0.000238,-0.010734
henon,K,3,5,0.01,1.28,1.000e-12,268,0.136685,0.645508,0.003848,-0.008601
henon,K,3,5,0.01,1.28,1.000e-12,269,0.138261,0.646118,0.003250,-0.006255
henon,K,3,5,0.01,1.28,1.000e-12,270,0.136930,0.643433,0.004069,-0.004356
henon,K,3,5,0.01,1.28,1.000e-12,271,0.130626,0.642334,0.013130,0.008214
henon,K,3,5,0.01,1.28,1.000e-12,272,0.129077,0.641479,-0.005563,0.005031
henon,K,3,5,0.01,1.28,1.000e-12,273,0.128954,0.641357,0.006801,0.011296
henon,K,3,5,0.01,1.28,1.000e-12,274,0.132830,0.642456,-0.002200,-0.004767
henon,K,3,5,0.01,1.28,1.000e-12,275,0.139127,0.649963,0.001058,-0.010518
henon,K,3,5,0.01,1.28,1.000e-12,276,0.138219,0.645020,-0.009999,-0.006076
henon,K,3,5,0.01,1.28,1.000e-12,277,0.135951,0.648621,-0.004374,0.005334
henon,K,3,5,0.01,1.28,1.000e-12,278,0.131747,0.641602,0.019422,0.000306
henon,K,3,5,0.01,1.28,1.000e-12,279,0.133562,0.644043,0.005656,-0.002015
henon,K,3,5,0.01,1.28,1.000e-12,280,0.133748,0.643555,0.001550,-0.005833
henon,K,3,5,0.01,1.28,1.000e-12,281,0.133670,0.645447,0.001685,-0.010310
henon,K,3,5,0.01,1.28,1.000e-12,282,0.137694,0.648254,-0.007384,-0.012915
henon,K,3,5,0.01,1.28,1.000e-12,283,0.136881,0.646606,-0.002860,-0.010423
henon,K,3,5,0.01,1.28,1.000e-12,284,0.135906,0.648132,-0.001122,0.003097
henon,K,3,5,0.01,1.28,1.000e-12,285,0.135319,0.645752,0.000087,-0.001084
henon,K,3,5,0.01,1.28,1.000e-12,286,0.132296,0.641418,0.015694,-0.011583
henon,K,3,5,0.01,1.28,1.000e-12,287,0.129638,0.641968,-0.005488,0.017373
henon,K,3,5,0.01,1.28,1.000e-12,288,0.127961,0.640015,-0.004038,0.006830
henon,K,3,5,0.01,1.28,1.000e-12,289,0.139425,0.655945,-0.003345,-0.007222
henon,K,3,5,0.01,1.28,1.000e-12,290,0.141044,0.651672,-0.009088,-0.007536
henon,K,3,5,0.01,1.28,1.000e-12,291,0.139358,0.651184,-0.009977,-0.008411
henon,K,3,5,0.01,1.28,1.000e-12,292,0.135053,0.646484,-0.004016,0.011887
henon,K,3,5,0.01,1.28,1.000e-12,293,0.129098,0.633606,0.003385,0.003208
henon,K,3,5,0.01,1.28,1.000e-12,294,0.128142,0.641785,-0.011615,0.013808
henon,K,3,5,0.01,1.28,1.000e-12,295,0.126698,0.639832,-0.000793,0.001541
henon,K,3,5,0.01,1.28,1.000e-12,296,0.136816,0.651367,-0.005056,-0.010328
henon,K,3,5,0.01,1.28,1.000e-12,297,0.134966,0.651489,0.002662,0.002502
henon,K,3,5,0.01,1.28,1.000e-12,298,0.134046,0.641418,0.000791,-0.004194
henon,K,3,5,0.01,1.28,1.000e-12,299,0.132529,0.645935,0.009034,0.002494
henon,K,3,5,0.01,1.28,1.000e-12,300,0.126907,0.636047,0.015643,0.012466
henon,K,3,5,0.01,1.28,1.000e-12,301,0.126387,0.640381,-0.008904,0.017607
henon,K,3,5,0.01,1.28,1.000e-12,302,0.122300,0.630615,0.006842,0.007518
henon,K,3,5,0.01,1.28,1.000e-12,303,0.128093,0.647034,0.000400,0.011039
henon,K,3,5,0.01,1.28,1.000e-12,304,0.129084,0.645325,-0.002038,0.022482
henon,K,3,5,0.01,1.28,1.000e-12,305,0.136003,0.647156,-0.009606,0.011114
henon,K,3,5,0.01,1.28,1.000e-12,306,0.137958,0.647583,0.004253,0.001928
henon,K,3,5,0.01,1.28,1.000e-12,307,0.137291,0.646606,-0.008400,-0.004908
henon,K,3,5,0.01,1.28,1.000e-12,308,0.134281,0.645447,-0.013418,0.018603
henon,K,3,5,0.01,1.28,1.000e-12,309,0.134756,0.645996,-0.003824,-0.002581
henon,K,3,5,0.01,1.28,1.000e-12,310,0.140660,0.647217,-0.008435,-0.013739
henon,K,3,5,0.01,1.28,1.000e-12,311,0.142588,0.651245,-0.008309,-0.009078
henon,K,3,5,0.01,1.28,1.000e-12,312,0.135754,0.642761,-0.009175,0.004867
henon,K,3,5,0.01,1.28,1.000e-12,313,0.139699,0.648010,0.002852,-0.006457
henon,K,3,5,0.01,1.28,1.000e-12,314,0.141328,0.644348,-0.010510,-0.002445
henon,K,3,5,0.01,1.28,1.000e-12,315,0.139467,0.644348,-0.001184,0.015957
henon,K,3,5,0.01,1.28,1.000e-12,316,0.136425,0.648010,0.005359,-0.014654
henon,K,3,5,0.01,1.28,1.000e-12,317,0.136866,0.649536,-0.001648,-0.006322
henon,K,3,5,0.01,1.28,1.000e-12,318,0.135076,0.639771,-0.000345,0.002652
henon,K,3,5,0.01,1.28,1.000e-12,319,0.136448,0.643921,-0.005029,-0.007507
henon,K,3,5,0.01,1.28,1.000e-12,320,0.132612,0.642517,0.013859,-0.002074
henon,K,3,5,0.01,1.28,1.000e-12,321,0.134586,0.643921,0.008529,0.004506
henon,K,3,5,0.01,1.28,1.000e-12,322,0.141745,0.645203,-0.003557,0.012534
henon,K,3,5,0.01,1.28,1.000e-12,323,0.138990,0.649841,-0.003139,-0.005731
henon,K,3,5,0.01,1.28,1.000e-12,324,0.140430,0.645935,-0.009484,0.001443
henon,K,3,5,0.01,1.28,1.000e-12,325,0.141364,0.644104,-0.002767,-0.013630
henon,K,3,5,0.01,1.28,1.000e-12,326,0.134706,0.644409,-0.001672,0.006279
henon,K,3,5,0.01,1.28,1.000e-12,327,0.137251,0.647278,0.000493,-0.006271
henon,K,3,5,0.01,1.28,1.000e-12,328,0.140506,0.643433,-0.004973,-0.004484
henon,K,3,5,0.01,1.28,1.000e-12,329,0.136731,0.645874,-0.006304,0.016331
henon,K,3,5,0.01,1.28,1.000e-12,330,0.139648,0.648682,-0.002838,-0.007699
henon,K,3,5,0.01,1.28,1.000e-12,331,0.140565,0.646912,-0.002049,-0.011063
henon,K,3,5,0.01,1.28,1.000e-12,332,0.135400,0.644348,0.010322,-0.008144
henon,K,3,5,0.01,1.28,1.000e-12,333,0.129703,0.638794,0.011155,0.011211
henon,K,3,5,0.01,1.28,1.000e-12,334,0.132774,0.641296,-0.000191,0.003611
henon,K,3,5,0.01,1.28,1.000e-12,335,0.135639,0.646790,-0.003418,0.011420
henon,K,3,5,0.01,1.28,1.000e-12,336,0.134978,0.643188,-0.000477,0.021620
henon,K,3,5,0.01,1.28,1.000e-12,337,0.138302,0.647583,-0.001298,-0.002578
henon,K,3,5,0.01,1.28,1.000e-12,338,0.138566,0.648926,0.001739,-0.006353
henon,K,3,5,0.01,1.28,1.000e-12,339,0.137280,0.645142,0.007095,-0.018510
henon,K,3,5,0.01,1.28,1.000e-12,340,0.132036,0.640930,0.008274,-0.002044
henon,K,3,5,0.01,1.28,1.000e-12,341,0.138868,0.645264,-0.014726,-0.002949
henon,K,3,5,0.01,1.28,1.000e-12,342,0.138289,0.651794,-0.010094,-0.001814
henon,K,3,5,0.01,1.28,1.000e-12,343,0.136110,0.644165,-0.002216,0.005216
henon,K,3,5,0.01,1.28,1.000e-12,344,0.141984,0.646240,-0.001646,-0.017596
henon,K,3,5,0.01,1.28,1.000e-12,345,0.145074,0.651672,-0.006489,-0.008827
henon,K,3,5,0.01,1.28,1.000e-12,346,0.142092,0.648987,-0.002682,-0.011708
henon,K,3,5,0.01,1.28,1.000e-12,347,0.135137,0.642151,-0.000343,0.003266
henon,K,3,5,0.01,1.28,1.000e-12,348,0.136585,0.638916,-0.020623,-0.000587
henon,K,3,5,0.01,1.28,1.000e-12,349,0.138245,0.646667,-0.001868,-0.003429
henon,K,3,5,0.01,1.28,1.000e-12,350,0.140750,0.650269,-0.004817,0.008209
henon,K,3,5,0.01,1.28,1.000e-12,351,0.137444,0.644958,0.003225,0.000409
henon,K,3,5,0.01,1.28,1.000e-12,352,0.136331,0.642151,-0.000904,0.003336
henon,K,3,5,0.01,1.28,1.000e-12,353,0.138300,0.647522,0.006444,-0.000131
henon,K,3,5,0.01,1.28,1.000e-12,354,0.136968,0.647644,0.003770,-0.010861
henon,K,3,5,0.01,1.28,1.000e-12,355,0.135978,0.644836,-0.004769,-0.010461
henon,K,3,5,0.01,1.28,1.000e-12,356,0.134567,0.642883,-0.001786,0.005556
henon,K,3,5,0.01,1.28,1.000e-12,357,0.134365,0.642456,0.013857,0.001307
henon,K,3,5,0.01,1.28,1.000e-12,358,0.137789,0.643555,-0.011962,0.001227
henon,K,3,5,0.01,1.28,1.000e-12,359,0.143235,0.648987,-0.011311,0.001560
henon,K,3,5,0.01,1.28,1.000e-12,360,0.139582,0.647156,0.008521,0.000190
henon,K,3,5,0.01,1.28,1.000e-12,361,0.139191,0.645996,-0.006812,-0.005373
henon,K,3,5,0.01,1.28,1.000e-12,362,0.139531,0.645874,-0.000726,-0.000471
henon,K,3,5,0.01,1.28,1.000e-12,363,0.144013,0.651550,-0.004590,-0.002498
henon,K,3,5,0.01,1.28,1.000e-12,364,0.145581,0.651917,0.002183,-0.012378
henon,K,3,5,0.01,1.28,1.000e-12,365,0.142559,0.647278,0.001439,0.003545
henon,K,3,5,0.01,1.28,1.000e-12,366,0.140642,0.645874,-0.003138,-0.000162
henon,K,3,5,0.01,1.28,1.000e-12,367,0.132663,0.642151,0.011513,0.010254
henon,K,3,5,0.01,1.28,1.000e-12,368,0.136392,0.645813,0.000936,0.005036
henon,K,3,5,0.01,1.28,1.000e-12,369,0.143475,0.650269,0.002408,-0.003644
henon,K,3,5,0.01,1.28,1.000e-12,370,0.149192,0.655334,-0.006006,-0.007828
henon,K,3,5,0.01,1.28,1.000e-12,371,0.147458,0.651550,-0.010705,-0.008847
henon,K,3,5,0.01,1.28,1.000e-12,372,0.139238,0.647766,-0.003960,-0.005200
henon,K,3,5,0.01,1.28,1.000e-12,373,0.127876,0.638489,0.008050,0.004787
henon,K,3,5,0.01,1.28,1.000e-12,374,0.124088,0.638245,0.008093,0.016035
henon,K,3,5,0.01,1.28,1.000e-12,375,0.125111,0.640869,0.013821,-0.003604
henon,K,3,5,0.01,1.28,1.000e-12,376,0.128870,0.643860,0.004938,0.014381
henon,K,3,5,0.01,1.28,1.000e-12,377,0.133488,0.641174,0.000867,0.009711
henon,K,3,5,0.01,1.28,1.000e-12,378,0.137494,0.651367,0.001155,-0.005733
henon,K,3,5,0.01,1.28,1.000e-12,379,0.133091,0.641846,0.006202,0.007481
henon,K,3,5,0.01,1.28,1.000e-12,380,0.128009,0.636475,0.008295,0.007856
henon,K,3,5,0.01,1.28,1.000e-12,381,0.122320,0.640137,0.018812,0.015673
henon,K,3,5,0.01,1.28,1.000e-12,382,0.123087,0.633972,0.002846,0.005604
henon,K,3,5,0.01,1.28,1.000e-12,383,0.123949,0.642029,0.007346,0.014763
henon,K,3,5,0.01,1.28,1.000e-12,384,0.130066,0.641541,0.000613,0.013417
henon,K,3,5,0.01,1.28,1.000e-12,385,0.135748,0.644104,0.003377,0.000558
henon,K,3,5,0.01,1.28,1.000e-12,386,0.137725,0.645630,0.002344,0.009957
henon,K,3,5,0.01,1.28,1.000e-12,387,0.138217,0.641846,0.002194,-0.000189
henon,K,3,5,0.01,1.28,1.000e-12,388,0.137858,0.644958,0.006824,-0.004482
henon,K,3,5,0.01,1.28,1.000e-12,389,0.137971,0.643860,-0.002968,-0.010072
henon,K,3,5,0.01,1.28,1.000e-12,390,0.131320,0.639954,0.006368,0.005731
henon,K,3,5,0.01,1.28,1.000e-12,391,0.137934,0.648193,0.003245,-0.004028
henon,K,3,5,0.01,1.28,1.000e-12,392,0.144896,0.651611,0.012235,-0.008144
henon,K,3,5,0.01,1.28,1.000e-12,393,0.148258,0.655518,-0.007058,-0.005917
henon,K,3,5,0.01,1.28,1.000e-12,394,0.142068,0.649414,-0.008888,0.006329
henon,K,3,5,0.01,1.28,1.000e-12,395,0.138620,0.642883,0.009703,-0.007117
henon,K,3,5,0.01,1.28,1.000e-12,396,0.134957,0.642883,-0.004724,-0.002160
henon,K,3,5,0.01,1.28,1.000e-12,397,0.137462,0.644897,-0.008625,-0.000230
henon,K,3,5,0.01,1.28,1.000e-12,398,0.138129,0.645508,0.004798,-0.013174
henon,K,3,5,0.01,1.28,1.000e-12,399,0.141106,0.651428,-0.003993,0.005073
henon,K,3,5,0.01,1.28,1.000e-12,400,0.146149,0.647644,-0.006182,-0.009035
henon,K,3,5,0.01,1.28,1.000e-10,1,-23.115272,0.000000,1.000000,1.000000
henon,K,3,5,0.01,1.28,1.000e-10,2,-22.560230,0.000000,1.000000,1.000000
henon,K,3,5,0.01,1.28,1.000e-10,3,-22.075370,0.000000,1.000000,1.000000
henon,K,3,5,0.01,1.28,1.000e-10,4,-21.677658,0.000000,1.000000,1.000000
henon,K,3,5,0.01,1.28,1.000e-10,5,-21.392563,0.000000,1.000000,1.000000
henon,K,3,5,0.01,1.28,1.000e-10,6,-21.092090,0.000000,1.000000,1.000000
henon,K,3,5,0.01,1.28,1.000e-10,7,-20.745562,0.000000,1.000000,1.000000
henon,K,3,5,0.01,1.28,1.000e-10,8,-20.460995,0.000000,1.000000,1.000000
henon,K,3,5,0.01,1.28,1.000e-10,9,-20.172232,0.000000,1.000000,1.000000
henon,K,3,5,0.01,1.28,1.000e-10,10,-19.874601,0.000000,1.000000,1.000000
henon,K,3,5,0.01,1.28,1.000e-10,11,-19.582837,0.000000,1.000000,1.000000
henon,K,3,5,0.01,1.28,1.000e-10,12,-19.301381,0.000000,1.000000,1.000000
henon,K,3,5,0.01,1.28,1.000e-10,13,-19.020860,0.000000,1.000000,1.000000
henon,K,3,5,0.01,1.28,1.000e-10,14,-18.721756,0.000000,1.000000,1.000000
henon,K,3,5,0.01,1.28,1.000e-10,15,-18.448340,0.000000,1.000000,1.000000
henon,K,3,5,0.01,1.28,1.000e-10,16,-18.154327,0.000000,1.000000,1.000000
henon,K,3,5,0.01,1.28,1.000e-10,17,-17.869229,0.000000,1.000000,1.000000
henon,K,3,5,0.01,1.28,1.000e-10,18,-17.590476,0.000000,1.000000,1.000000
henon,K,3,5,0.01,1.28,1.000e-10,19,-17.313755,0.000000,1.000000,1.000000
henon,K,3,5,0.01,1.28,1.000e-10,20,-17.028655,0.000000,1.000000,1.000000
henon,K,3,5,0.01,1.28,1.000e-10,21,-16.737971,0.000000,1.000000,1.000000
henon,K,3,5,0.01,1.28,1.000e-10,22,-16.465600,0.000000,1.000000,1.000000
henon,K,3,5,0.01,1.28,1.000e-10,23,-16.184755,0.000000,1.000000,1.000000
henon,K,3,5,0.01,1.28,1.000e-10,24,-15.901845,0.000000,1.000000,1.000000
henon,K,3,5,0.01,1.28,1.000e-10,25,-15.620795,0.000000,1.000000,1.000000
henon,K,3,5,0.01,1.28,1.000e-10,26,-15.345078,0.000000,1.000000,1.000000
henon,K,3,5,0.01,1.28,1.000e-10,27,-15.060876,0.000000,1.000000,1.000000
henon,K,3,5,0.01,1.28,1.000e-10,28,-14.778681,0.000000,1.000000,1.000000
henon,K,3,5,0.01,1.28,1.000e-10,29,-14.494205,0.000000,1.000000,1.000000
henon,K,3,5,0.01,1.28,1.000e-10,30,-14.214559,0.000000,1.000000,1.000000
henon,K,3,5,0.01,1.28,1.000e-10,31,-13.932532,0.000000,1.000000,1.000000
henon,K,3,5,0.01,1.28,1.000e-10,32,-13.646429,0.000000,1.000000,1.000000
henon,K,3,5,0.01,1.28,1.000e-10,33,-13.365392,0.000000,1.000000,1.000000
henon,K,3,5,0.01,1.28,1.000e-10,34,-13.089799,0.000000,1.000000,1.000000
henon,K,3,5,0.01,1.28,1.000e-10,35,-12.803252,0.000000,1.000000,1.000000
henon,K,3,5,0.01,1.28,1.000e-10,36,-12.526583,0.000000,1.000000,1.000000
henon,K,3,5,0.01,1.28,1.000e-10,37,-12.243921,0.000000,1.000000,1.000000
henon,K,3,5,0.01,1.28,1.000e-10,38,-11.963112,0.000000,1.000000,1.000000
henon,K,3,5,0.01,1.28,1.000e-10,39,-11.670330,0.000000,0.999999,0.999999
henon,K,3,5,0.01,1.28,1.000e-10,40,-11.396342,0.000000,0.999998,0.999998
henon,K,3,5,0.01,1.28,1.000e-10,41,-11.116631,0.000000,0.999995,0.999996
henon,K,3,5,0.01,1.28,1.000e-10,42,-10.826155,0.000000,0.999986,0.999991
henon,K,3,5,0.01,1.28,1.000e-10,43,-10.543836,0.000000,0.999964,0.999982
henon,K,3,5,0.01,1.28,1.000e-10,44,-10.267256,0.000000,0.999892,0.999957
henon,K,3,5,0.01,1.28,1.000e-10,45,-9.987719,0.000000,0.999790,0.999893
henon,K,3,5,0.01,1.28,1.000e-10,46,-9.703741,0.000061,0.999409,0.999748
henon,K,3,5,0.01,1.28,1.000e-10,47,-9.428181,0.000061,0.999240,0.999530
henon,K,3,5,0.01,1.28,1.000e-10,48,-9.147368,0.000244,0.998544,0.998845
henon,K,3,5,0.01,1.28,1.000e-10,49,-8.861437,0.001343,0.996757,0.997811
henon,K,3,5,0.01,1.28,1.000e-10,50,-8.586607,0.002197,0.994497,0.996157
henon,K,3,5,0.01,1.28,1.000e-10,51,-8.310154,0.004517,0.990419,0.993344
henon,K,3,5,0.01,1.28,1.000e-10,52,-8.037886,0.007751,0.986760,0.988907
henon,K,3,5,0.01,1.28,1.000e-10,53,-7.763950,0.010559,0.983882,0.982096
henon,K,3,5,0.01,1.28,1.000e-10,54,-7.498780,0.014404,0.977472,0.976085
henon,K,3,5,0.01,1.28,1.000e-10,55,-7.230066,0.018005,0.971709,0.971737
henon,K,3,5,0.01,1.28,1.000e-10,56,-6.958885,0.022339,0.966440,0.964441
henon,K,3,5,0.01,1.28,1.000e-10,57,-6.700154,0.029541,0.956558,0.953726
henon,K,3,5,0.01,1.28,1.000e-10,58,-6.435314,0.031982,0.948961,0.952940
henon,K,3,5,0.01,1.28,1.000e-10,59,-6.181718,0.037720,0.945722,0.941541
henon,K,3,5,0.01,1.28,1.000e-10,60,-5.922326,0.046936,0.931464,0.922481
henon,K,3,5,0.01,1.28,1.000e-10,61,-5.680121,0.055847,0.917173,0.916309
henon,K,3,5,0.01,1.28,1.000e-10,62,-5.428976,0.064209,0.905499,0.903125
henon,K,3,5,0.01,1.28,1.000e-10,63,-5.191931,0.072876,0.887886,0.886039
henon,K,3,5,0.01,1.28,1.000e-10,64,-4.953014,0.086670,0.875436,0.864194
henon,K,3,5,0.01,1.28,1.000e-10,65,-4.724363,0.091431,0.863010,0.857178
henon,K,3,5,0.01,1.28,1.000e-10,66,-4.501408,0.104858,0.848468,0.845118
henon,K,3,5,0.01,1.28,1.000e-10,67,-4.276695,0.119568,0.824521,0.811232
henon,K,3,5,0.01,1.28,1.000e-10,68,-4.074809,0.131470,0.809060,0.804008
henon,K,3,5,0.01,1.28,1.000e-10,69,-3.867813,0.142273,0.789574,0.784835
henon,K,3,5,0.01,1.28,1.000e-10,70,-3.664080,0.157288,0.759670,0.757784
henon,K,3,5,0.01,1.28,1.000e-10,71,-3.473632,0.171387,0.749370,0.738967
henon,K,3,5,0.01,1.28,1.000e-10,72,-3.291835,0.179810,0.733013,0.725620
henon,K,3,5,0.01,1.28,1.000e-10,73,-3.110519,0.195435,0.710630,0.702213
henon,K,3,5,0.01,1.28,1.000e-10,74,-2.940256,0.208862,0.692000,0.690319
henon,K,3,5,0.01,1.28,1.000e-10,75,-2.779615,0.219727,0.664463,0.672667
henon,K,3,5,0.01,1.28,1.000e-10,76,-2.620514,0.236877,0.643668,0.634380
henon,K,3,5,0.01,1.28,1.000e-10,77,-2.468825,0.251587,0.627810,0.611781
henon,K,3,5,0.01,1.28,1.000e-10,78,-2.324221,0.263306,0.604577,0.595179
henon,K,3,5,0.01,1.28,1.000e-10,79,-2.187391,0.279114,0.586820,0.573622
henon,K,3,5,0.01,1.28,1.000e-10,80,-2.061388,0.283752,0.583136,0.560842
henon,K,3,5,0.01,1.28,1.000e-10,81,-1.937448,0.297363,0.554555,0.546590
henon,K,3,5,0.01,1.28,1.000e-10,82,-1.821632,0.307007,0.529024,0.532723
henon,K,3,5,0.01,1.28,1.000e-10,83,-1.701790,0.325317,0.517907,0.504821
henon,K,3,5,0.01,1.28,1.000e-10,84,-1.588068,0.346069,0.487259,0.473441
henon,K,3,5,0.01,1.28,1.000e-10,85,-1.482820,0.353516,0.473982,0.456610
henon,K,3,5,0.01,1.28,1.000e-10,86,-1.394498,0.364319,0.450759,0.440900
henon,K,3,5,0.01,1.28,1.000e-10,87,-1.303877,0.372925,0.445216,0.434009
henon,K,3,5,0.01,1.28,1.000e-10,88,-1.214731,0.382324,0.425709,0.418850
henon,K,3,5,0.01,1.28,1.000e-10,89,-1.135486,0.392700,0.399972,0.402786
henon,K,3,5,0.01,1.28,1.000e-10,90,-1.050295,0.414734,0.383361,0.371815
henon,K,3,5,0.01,1.28,1.000e-10,91,-0.973623,0.428650,0.347383,0.345805
henon,K,3,5,0.01,1.28,1.000e-10,92,-0.912509,0.431152,0.344113,0.337097
henon,K,3,5,0.01,1.28,1.000e-10,93,-0.851172,0.440796,0.329962,0.319185
henon,K,3,5,0.01,1.28,1.000e-10,94,-0.795413,0.449341,0.327793,0.317953
henon,K,3,5,0.01,1.28,1.000e-10,95,-0.733267,0.458191,0.291382,0.306220
henon,K,3,5,0.01,1.28,1.000e-10,96,-0.678021,0.465576,0.279162,0.280720
henon,K,3,5,0.01,1.28,1.000e-10,97,-0.624010,0.476685,0.278575,0.278584
henon,K,3,5,0.01,1.28,1.000e-10,98,-0.577489,0.486389,0.260830,0.252068
henon,K,3,5,0.01,1.28,1.000e-10,99,-0.540764,0.491028,0.259601,0.244210
henon,K,3,5,0.01,1.28,1.000e-10,100,-0.502088,0.497925,0.235041,0.225094
henon,K,3,5,0.01,1.28,1.000e-10,101,-0.466453,0.503967,0.233363,0.233405
henon,K,3,5,0.01,1.28,1.000e-10,102,-0.432644,0.507385,0.228203,0.222154
henon,K,3,5,0.01,1.28,1.000e-10,103,-0.392054,0.519409,0.202603,0.208368
henon,K,3,5,0.01,1.28,1.000e-10,104,-0.364389,0.525635,0.207784,0.210410
henon,K,3,5,0.01,1.28,1.000e-10,105,-0.327183,0.532959,0.189186,0.174806
henon,K,3,5,0.01,1.28,1.000e-10,106,-0.299668,0.539124,0.178308,0.170001
henon,K,3,5,0.01,1.28,1.000e-10,107,-0.272167,0.541870,0.161126,0.159771
henon,K,3,5,0.01,1.28,1.000e-10,108,-0.257290,0.549377,0.159579,0.164871
henon,K,3,5,0.01,1.28,1.000e-10,109,-0.229869,0.553467,0.147825,0.164160
henon,K,3,5,0.01,1.28,1.000e-10,110,-0.208329,0.558167,0.130868,0.140829
henon,K,3,5,0.01,1.28,1.000e-10,111,-0.183773,0.567322,0.122218,0.139819
henon,K,3,5,0.01,1.28,1.000e-10,112,-0.161924,0.571777,0.123237,0.118548
henon,K,3,5,0.01,1.28,1.000e-10,113,-0.144454,0.574341,0.115939,0.127695
henon,K,3,5,0.01,1.28,1.000e-10,114,-0.128015,0.578247,0.099128,0.108397
henon,K,3,5,0.01,1.28,1.000e-10,115,-0.121098,0.578308,0.099353,0.125114
henon,K,3,5,0.01,1.28,1.000e-10,116,-0.108473,0.579651,0.106034,0.119307
henon,K,3,5,0.01,1.28,1.000e-10,117,-0.093715,0.580627,0.094878,0.093235
henon,K,3,5,0.01,1.28,1.000e-10,118,-0.079940,0.588318,0.095275,0.100904
henon,K,3,5,0.01,1.28,1.000e-10,119,-0.064229,0.594543,0.097442,0.081355
henon,K,3,5,0.01,1.28,1.000e-10,120,-0.050034,0.596863,0.088037,0.080466
henon,K,3,5,0.01,1.28,1.000e-10,121,-0.041800,0.598206,0.067352,0.090223
henon,K,3,5,0.01,1.28,1.000e-10,122,-0.037151,0.594482,0.078047,0.080050
henon,K,3,5,0.01,1.28,1.000e-10,123,-0.029184,0.597900,0.076075,0.083309
henon,K,3,5,0.01,1.28,1.000e-10,124,-0.018484,0.602783,0.059976,0.068563
henon,K,3,5,0.01,1.28,1.000e-10,125,-0.009408,0.604614,0.072453,0.056225
henon,K,3,5,0.01,1.28,1.000e-10,126,-0.001112,0.606873,0.062794,0.064155
henon,K,3,5,0.01,1.28,1.000e-10,127,0.004867,0.611755,0.058260,0.065485
henon,K,3,5,0.01,1.28,1.000e-10,128,0.013627,0.614197,0.049325,0.057010
henon,K,3,5,0.01,1.28,1.000e-10,129,0.017964,0.610168,0.041328,0.054272
henon,K,3,5,0.01,1.28,1.000e-10,130,0.025896,0.617859,0.047058,0.047769
henon,K,3,5,0.01,1.28,1.000e-10,131,0.033042,0.617065,0.041696,0.040796
henon,K,3,5,0.01,1.28,1.000e-10,132,0.039179,0.622314,0.048041,0.050117
henon,K,3,5,0.01,1.28,1.000e-10,133,0.041814,0.616760,0.059268,0.041175
henon,K,3,5,0.01,1.28,1.000e-10,134,0.054004,0.624390,0.036889,0.031306
henon,K,3,5,0.01,1.28,1.000e-10,135,0.053507,0.618408,0.030580,0.051183
henon,K,3,5,0.01,1.28,1.000e-10,136,0.055730,0.620056,0.036334,0.048034
henon,K,3,5,0.01,1.28,1.000e-10,137,0.060534,0.624634,0.027399,0.030894
henon,K,3,5,0.01,1.28,1.000e-10,138,0.068720,0.626343,0.025715,0.028735
henon,K,3,5,0.01,1.28,1.000e-10,139,0.069972,0.624084,0.037826,0.030790
henon,K,3,5,0.01,1.28,1.000e-10,140,0.072826,0.626648,0.029164,0.034866
henon,K,3,5,0.01,1.28,1.000e-10,141,0.075676,0.627991,0.033081,0.027859
henon,K,3,5,0.01,1.28,1.000e-10,142,0.080239,0.628174,0.030613,0.020222
henon,K,3,5,0.01,1.28,1.000e-10,143,0.077365,0.623718,0.026611,0.037363
henon,K,3,5,0.01,1.28,1.000e-10,144,0.080440,0.628052,0.033225,0.029312
henon,K,3,5,0.01,1.28,1.000e-10,145,0.083206,0.626953,0.045062,0.018362
henon,K,3,5,0.01,1.28,1.000e-10,146,0.086728,0.628540,0.028933,0.021562
henon,K,3,5,0.01,1.28,1.000e-10,147,0.088916,0.632629,0.038671,0.019870
henon,K,3,5,0.01,1.28,1.000e-10,148,0.093775,0.637939,0.031952,0.022631
henon,K,3,5,0.01,1.28,1.000e-10,149,0.097343,0.638184,0.021533,0.022037
henon,K,3,5,0.01,1.28,1.000e-10,150,0.097247,0.629822,0.013293,0.024323
henon,K,3,5,0.01,1.28,1.000e-10,151,0.092655,0.627380,0.022793,0.016091
henon,K,3,5,0.01,1.28,1.000e-10,152,0.099169,0.632324,0.016514,0.021760
henon,K,3,5,0.01,1.28,1.000e-10,153,0.095237,0.625427,0.021150,0.029373
henon,K,3,5,0.01,1.28,1.000e-10,154,0.097489,0.627197,0.030097,0.020403
henon,K,3,5,0.01,1.28,1.000e-10,155,0.099423,0.632385,0.017826,0.034323
henon,K,3,5,0.01,1.28,1.000e-10,156,0.105363,0.638245,0.022330,0.030491
henon,K,3,5,0.01,1.28,1.000e-10,157,0.106913,0.632446,0.014638,0.011365
henon,K,3,5,0.01,1.28,1.000e-10,158,0.105772,0.632996,0.020031,0.005797
henon,K,3,5,0.01,1.28,1.000e-10,159,0.110557,0.633728,0.014558,0.015055
henon,K,3,5,0.01,1.28,1.000e-10,160,0.113962,0.638428,0.025190,0.021888
henon,K,3,5,0.01,1.28,1.000e-10,161,0.115925,0.637695,0.020194,0.005714
henon,K,3,5,0.01,1.28,1.000e-10,162,0.118154,0.641663,0.005795,0.017893
henon,K,3,5,0.01,1.28,1.000e-10,163,0.114313,0.634827,0.022212,0.017817
henon,K,3,5,0.01,1.28,1.000e-10,164,0.115160,0.634644,0.003779,0.019737
henon,K,3,5,0.01,1.28,1.000e-10,165,0.115057,0.637146,0.002126,0.013060
henon,K,3,5,0.01,1.28,1.000e-10,166,0.123706,0.643250,0.008724,0.011188
henon,K,3,5,0.01,1.28,1.000e-10,167,0.122782,0.637817,0.013902,0.013444
henon,K,3,5,0.01,1.28,1.000e-10,168,0.124611,0.641602,0.008173,0.003677
henon,K,3,5,0.01,1.28,1.000e-10,169,0.123230,0.640503,0.007878,0.005017
henon,K,3,5,0.01,1.28,1.000e-10,170,0.124899,0.641357,0.022056,0.005734
henon,K,3,5,0.01,1.28,1.000e-10,171,0.123945,0.635864,0.003120,0.002717
henon,K,3,5,0.01,1.28,1.000e-10,172,0.124676,0.640076,-0.003890,0.002998
henon,K,3,5,0.01,1.28,1.000e-10,173,0.123482,0.638855,0.003866,0.007173
henon,K,3,5,0.01,1.28,1.000e-10,174,0.125603,0.637573,0.011837,0.005065
henon,K,3,5,0.01,1.28,1.000e-10,175,0.125533,0.640564,0.012940,0.003703
henon,K,3,5,0.01,1.28,1.000e-10,176,0.125591,0.640198,0.004516,0.013503
henon,K,3,5,0.01,1.28,1.000e-10,177,0.128743,0.644043,0.019392,0.011590
henon,K,3,5,0.01,1.28,1.000e-10,178,0.126482,0.637146,0.003366,0.007878
henon,K,3,5,0.01,1.28,1.000e-10,179,0.129370,0.645264,-0.011136,0.011217
henon,K,3,5,0.01,1.28,1.000e-10,180,0.138633,0.651245,-0.003515,-0.010021
henon,K,3,5,0.01,1.28,1.000e-10,181,0.131989,0.640686,0.003079,0.005281
henon,K,3,5,0.01,1.28,1.000e-10,182,0.130694,0.644226,-0.000325,0.001704
henon,K,3,5,0.01,1.28,1.000e-10,183,0.134077,0.646606,-0.014709,0.000447
henon,K,3,5,0.01,1.28,1.000e-10,184,0.133089,0.645020,0.009429,0.003718
henon,K,3,5,0.01,1.28,1.000e-10,185,0.140841,0.651672,-0.007071,-0.016597
henon,K,3,5,0.01,1.28,1.000e-10,186,0.131685,0.646179,-0.017529,0.001987
henon,K,3,5,0.01,1.28,1.000e-10,187,0.131015,0.644043,-0.005871,0.002132
henon,K,3,5,0.01,1.28,1.000e-10,188,0.133046,0.640198,0.001952,0.016321
henon,K,3,5,0.01,1.28,1.000e-10,189,0.134785,0.647339,0.001540,0.007252
henon,K,3,5,0.01,1.28,1.000e-10,190,0.138944,0.646790,-0.012269,-0.008120
henon,K,3,5,0.01,1.28,1.000e-10,191,0.137360,0.643921,-0.003206,0.006107
henon,K,3,5,0.01,1.28,1.000e-10,192,0.136265,0.644531,0.004035,0.000762
henon,K,3,5,0.01,1.28,1.000e-10,193,0.137514,0.646423,0.001539,-0.007569
henon,K,3,5,0.01,1.28,1.000e-10,194,0.140342,0.651917,-0.007205,-0.004103
henon,K,3,5,0.01,1.28,1.000e-10,195,0.138830,0.645752,-0.006551,0.006627
henon,K,3,5,0.01,1.28,1.000e-10,196,0.137667,0.647583,-0.002622,-0.001731
henon,K,3,5,0.01,1.28,1.000e-10,197,0.138093,0.650635,-0.009396,-0.018251
henon,K,3,5,0.01,1.28,1.000e-10,198,0.132346,0.641968,-0.011026,0.005918
henon,K,3,5,0.01,1.28,1.000e-10,199,0.131540,0.639709,0.009589,-0.002187
henon,K,3,5,0.01,1.28,1.000e-10,200,0.136122,0.644653,0.001131,0.001963
henon,K,3,5,0.01,1.28,1.000e-10,201,0.133898,0.644287,-0.004101,0.002425
henon,K,3,5,0.01,1.28,1.000e-10,202,0.135643,0.646423,-0.003363,0.012023
henon,K,3,5,0.01,1.28,1.000e-10,203,0.135273,0.643433,-0.007100,0.007667
henon,K,3,5,0.01,1.28,1.000e-10,204,0.136793,0.645630,-0.004758,-0.004678
henon,K,3,5,0.01,1.28,1.000e-10,205,0.133290,0.643677,0.009541,0.010021
henon,K,3,5,0.01,1.28,1.000e-10,206,0.135101,0.643982,0.008130,-0.005157
henon,K,3,5,0.01,1.28,1.000e-10,207,0.136109,0.644897,-0.003409,0.003137
henon,K,3,5,0.01,1.28,1.000e-10,208,0.146028,0.650024,-0.010977,-0.009372
henon,K,3,5,0.01,1.28,1.000e-10,209,0.144744,0.651123,-0.004286,-0.008735
henon,K,3,5,0.01,1.28,1.000e-10,210,0.135941,0.645386,-0.007052,0.002105
henon,K,3,5,0.01,1.28,1.000e-10,211,0.131103,0.641785,-0.000409,0.002538
henon,K,3,5,0.01,1.28,1.000e-10,212,0.131965,0.642090,0.008263,0.008301
henon,K,3,5,0.01,1.28,1.000e-10,213,0.131832,0.643738,-0.003894,0.009523
henon,K,3,5,0.01,1.28,1.000e-10,214,0.136287,0.644287,-0.011650,0.013613
henon,K,3,5,0.01,1.28,1.000e-10,215,0.142662,0.649475,-0.000287,-0.009024
henon,K,3,5,0.01,1.28,1.000e-10,216,0.140085,0.648926,-0.000554,-0.002979
henon,K,3,5,0.01,1.28,1.000e-10,217,0.138978,0.646179,-0.000377,-0.001593
henon,K,3,5,0.01,1.28,1.000e-10,218,0.131576,0.644531,0.002792,0.002720
henon,K,3,5,0.01,1.28,1.000e-10,219,0.125421,0.638977,0.009596,0.016233
henon,K,3,5,0.01,1.28,1.000e-10,220,0.127908,0.641174,0.005467,-0.000798
henon,K,3,5,0.01,1.28,1.000e-10,221,0.134484,0.642822,-0.002041,0.011708
henon,K,3,5,0.01,1.28,1.000e-10,222,0.139447,0.647156,-0.002962,-0.005522
henon,K,3,5,0.01,1.28,1.000e-10,223,0.142486,0.652222,-0.011098,-0.007115
henon,K,3,5,0.01,1.28,1.000e-10,224,0.139029,0.646362,-0.003727,-0.006100
henon,K,3,5,0.01,1.28,1.000e-10,225,0.127486,0.639893,0.012353,0.007073
henon,K,3,5,0.01,1.28,1.000e-10,226,0.128247,0.637268,-0.005607,0.017131
henon,K,3,5,0.01,1.28,1.000e-10,227,0.132290,0.643677,0.001641,0.004244
henon,K,3,5,0.01,1.28,1.000e-10,228,0.135555,0.644470,0.002883,-0.002234
henon,K,3,5,0.01,1.28,1.000e-10,229,0.133439,0.643921,0.004926,0.000536
henon,K,3,5,0.01,1.28,1.000e-10,230,0.135939,0.646973,-0.004766,-0.008343
henon,K,3,5,0.01,1.28,1.000e-10,231,0.135157,0.646240,-0.002797,0.005610
henon,K,3,5,0.01,1.28,1.000e-10,232,0.129052,0.639160,0.009470,0.011443
henon,K,3,5,0.01,1.28,1.000e-10,233,0.131849,0.640747,0.002778,0.014381
henon,K,3,5,0.01,1.28,1.000e-10,234,0.128548,0.641418,0.011654,0.009668
henon,K,3,5,0.01,1.28,1.000e-10,235,0.138191,0.650452,0.000323,0.010887
henon,K,3,5,0.01,1.28,1.000e-10,236,0.136141,0.642761,-0.002179,-0.001151
henon,K,3,5,0.01,1.28,1.000e-10,237,0.133456,0.646423,0.002702,-0.010125
henon,K,3,5,0.01,1.28,1.000e-10,238,0.128603,0.643738,-0.001247,0.011022
henon,K,3,5,0.01,1.28,1.000e-10,239,0.126358,0.632507,0.008410,0.010563
henon,K,3,5,0.01,1.28,1.000e-10,240,0.129344,0.647400,0.011451,0.007138
henon,K,3,5,0.01,1.28,1.000e-10,241,0.133364,0.639160,-0.007534,-0.003770
henon,K,3,5,0.01,1.28,1.000e-10,242,0.137739,0.644775,-0.006942,0.016244
henon,K,3,5,0.01,1.28,1.000e-10,243,0.130603,0.641357,0.011542,0.006477
henon,K,3,5,0.01,1.28,1.000e-10,244,0.138962,0.649475,-0.011378,-0.009518
henon,K,3,5,0.01,1.28,1.000e-10,245,0.135069,0.643616,-0.007700,0.020161
henon,K,3,5,0.01,1.28,1.000e-10,246,0.134710,0.642395,0.004519,-0.004014
henon,K,3,5,0.01,1.28,1.000e-10,247,0.136826,0.643921,0.004537,-0.008268
henon,K,3,5,0.01,1.28,1.000e-10,248,0.137756,0.646729,0.000804,-0.000637
henon,K,3,5,0.01,1.28,1.000e-10,249,0.139343,0.646118,0.010429,-0.008388
henon,K,3,5,0.01,1.28,1.000e-10,250,0.136543,0.647766,-0.002298,0.007854
henon,K,3,5,0.01,1.28,1.000e-10,251,0.143581,0.644226,-0.011762,-0.013287
henon,K,3,5,0.01,1.28,1.000e-10,252,0.133213,0.642090,0.009670,0.008391
henon,K,3,5,0.01,1.28,1.000e-10,253,0.132888,0.641602,0.004912,-0.002159
henon,K,3,5,0.01,1.28,1.000e-10,254,0.134238,0.648071,-0.003333,-0.011460
henon,K,3,5,0.01,1.28,1.000e-10,255,0.132726,0.640808,-0.009579,0.009827
henon,K,3,5,0.01,1.28,1.000e-10,256,0.138041,0.649658,0.001041,0.006757
henon,K,3,5,0.01,1.28,1.000e-10,257,0.132001,0.644165,0.004329,0.002960
henon,K,3,5,0.01,1.28,1.000e-10,258,0.136408,0.646179,-0.010879,0.007207
henon,K,3,5,0.01,1.28,1.000e-10,259,0.135006,0.642273,-0.004230,0.009562
henon,K,3,5,0.01,1.28,1.000e-10,260,0.139915,0.647949,-0.005570,-0.004588
henon,K,3,5,0.01,1.28,1.000e-10,261,0.140444,0.648560,-0.014462,-0.004123
henon,K,3,5,0.01,1.28,1.000e-10,262,0.139303,0.650085,0.002826,-0.007306
henon,K,3,5,0.01,1.28,1.000e-10,263,0.140664,0.648193,0.005611,-0.008613
henon,K,3,5,0.01,1.28,1.000e-10,264,0.138331,0.645752,-0.007663,0.001093
henon,K,3,5,0.01,1.28,1.000e-10,265,0.138835,0.647400,-0.005405,-0.009351
henon,K,3,5,0.01,1.28,1.000e-10,266,0.137777,0.645935,-0.008501,0.001717
henon,K,3,5,0.01,1.28,1.000e-10,267,0.136857,0.648193,-0.004537,-0.015650
henon,K,3,5,0.01,1.28,1.000e-10,268,0.132927,0.642456,0.002337,-0.006191
henon,K,3,5,0.01,1.28,1.000e-10,269,0.134574,0.643860,0.000551,-0.006584
henon,K,3,5,0.01,1.28,1.000e-10,270,0.137661,0.647095,0.007268,-0.002512
henon,K,3,5,0.01,1.28,1.000e-10,271,0.135374,0.642883,-0.004781,0.001373
henon,K,3,5,0.01,1.28,1.000e-10,272,0.138436,0.649231,-0.009727,0.002269
henon,K,3,5,0.01,1.28,1.000e-10,273,0.143794,0.652649,-0.013076,0.000811
henon,K,3,5,0.01,1.28,1.000e-10,274,0.136408,0.643799,-0.011403,-0.007306
henon,K,3,5,0.01,1.28,1.000e-10,275,0.130255,0.637634,-0.003225,0.003171
henon,K,3,5,0.01,1.28,1.000e-10,276,0.135080,0.643311,-0.006781,0.006666
henon,K,3,5,0.01,1.28,1.000e-10,277,0.136787,0.646973,0.006112,-0.002751
henon,K,3,5,0.01,1.28,1.000e-10,278,0.136710,0.646118,-0.013813,-0.000540
henon,K,3,5,0.01,1.28,1.000e-10,279,0.142744,0.655396,-0.007920,-0.014854
henon,K,3,5,0.01,1.28,1.000e-10,280,0.137852,0.646729,0.015860,-0.000537
henon,K,3,5,0.01,1.28,1.000e-10,281,0.139691,0.644775,-0.007070,-0.011725
henon,K,3,5,0.01,1.28,1.000e-10,282,0.137050,0.645508,0.002137,-0.005551
henon,K,3,5,0.01,1.28,1.000e-10,283,0.139779,0.646606,-0.003167,0.004763
henon,K,3,5,0.01,1.28,1.000e-10,284,0.138067,0.648254,-0.001061,0.000377
henon,K,3,5,0.01,1.28,1.000e-10,285,0.138332,0.647644,-0.007429,-0.003122
henon,K,3,5,0.01,1.28,1.000e-10,286,0.140856,0.652039,-0.007572,-0.004796
henon,K,3,5,0.01,1.28,1.000e-10,287,0.135098,0.645996,0.002043,-0.004606
henon,K,3,5,0.01,1.28,1.000e-10,288,0.138538,0.646362,-0.004583,-0.012922
henon,K,3,5,0.01,1.28,1.000e-10,289,0.138671,0.646729,-0.006170,0.000812
henon,K,3,5,0.01,1.28,1.000e-10,290,0.136877,0.642700,-0.014491,0.013294
henon,K,3,5,0.01,1.28,1.000e-10,291,0.134375,0.641724,-0.000962,0.001582
henon,K,3,5,0.01,1.28,1.000e-10,292,0.136131,0.645630,0.004647,0.006678
henon,K,3,5,0.01,1.28,1.000e-10,293,0.135842,0.647400,-0.004300,0.006285
henon,K,3,5,0.01,1.28,1.000e-10,294,0.134976,0.649048,-0.000305,-0.005535
henon,K,3,5,0.01,1.28,1.000e-10,295,0.133463,0.644165,-0.004338,0.001271
henon,K,3,5,0.01,1.28,1.000e-10,296,0.134426,0.641052,0.003546,0.004856
henon,K,3,5,0.01,1.28,1.000e-10,297,0.132632,0.641846,-0.005077,0.013620
henon,K,3,5,0.01,1.28,1.000e-10,298,0.128098,0.636963,0.010027,0.011532
henon,K,3,5,0.01,1.28,1.000e-10,299,0.127982,0.641479,0.019116,0.005672
henon,K,3,5,0.01,1.28,1.000e-10,300,0.137914,0.651367,-0.002768,0.000406
henon,K,3,5,0.01,1.28,1.000e-10,301,0.132627,0.647095,0.005981,-0.010563
henon,K,3,5,0.01,1.28,1.000e-10,302,0.130988,0.640503,-0.003561,0.000525
henon,K,3,5,0.01,1.28,1.000e-10,303,0.138945,0.645935,-0.009518,0.000267
henon,K,3,5,0.01,1.28,1.000e-10,304,0.137861,0.649048,-0.006422,0.003801
henon,K,3,5,0.01,1.28,1.000e-10,305,0.131765,0.642517,-0.007616,0.002949
henon,K,3,5,0.01,1.28,1.000e-10,306,0.130669,0.642029,-0.000524,0.000140
henon,K,3,5,0.01,1.28,1.000e-10,307,0.131647,0.646423,0.004303,0.005341
henon,K,3,5,0.01,1.28,1.000e-10,308,0.126042,0.638489,0.018823,0.000749
henon,K,3,5,0.01,1.28,1.000e-10,309,0.134399,0.645325,-0.004922,0.009107
henon,K,3,5,0.01,1.28,1.000e-10,310,0.137695,0.644348,-0.007486,0.004064
henon,K,3,5,0.01,1.28,1.000e-10,311,0.141663,0.650085,-0.006375,-0.004965
henon,K,3,5,0.01,1.28,1.000e-10,312,0.136865,0.644470,-0.008866,0.000196
henon,K,3,5,0.01,1.28,1.000e-10,313,0.136701,0.646667,-0.000923,0.010167
henon,K,3,5,0.01,1.28,1.000e-10,314,0.137537,0.644714,-0.008510,0.003713
henon,K,3,5,0.01,1.28,1.000e-10,315,0.136880,0.645569,0.004076,0.001572
henon,K,3,5,0.01,1.28,1.000e-10,316,0.135948,0.645264,0.004543,-0.003674
henon,K,3,5,0.01,1.28,1.000e-10,317,0.133736,0.643860,-0.003522,0.001854
henon,K,3,5,0.01,1.28,1.000e-10,318,0.137205,0.644897,-0.002117,-0.009511
henon,K,3,5,0.01,1.28,1.000e-10,319,0.134488,0.644714,0.003516,-0.007286
henon,K,3,5,0.01,1.28,1.000e-10,320,0.139447,0.649841,-0.004954,-0.008425
henon,K,3,5,0.01,1.28,1.000e-10,321,0.139454,0.642944,-0.012621,0.010549
henon,K,3,5,0.01,1.28,1.000e-10,322,0.141722,0.653259,-0.007316,0.008546
henon,K,3,5,0.01,1.28,1.000e-10,323,0.134150,0.640747,-0.005257,0.004869
henon,K,3,5,0.01,1.28,1.000e-10,324,0.129722,0.646973,0.003938,0.012554
henon,K,3,5,0.01,1.28,1.000e-10,325,0.129404,0.639404,-0.013443,-0.001651
henon,K,3,5,0.01,1.28,1.000e-10,326,0.122852,0.640259,0.022234,-0.004889
henon,K,3,5,0.01,1.28,1.000e-10,327,0.131170,0.644470,0.008526,-0.007795
henon,K,3,5,0.01,1.28,1.000e-10,328,0.133094,0.642395,0.001425,0.012088
henon,K,3,5,0.01,1.28,1.000e-10,329,0.135572,0.649536,0.006763,0.002188
henon,K,3,5,0.01,1.28,1.000e-10,330,0.137385,0.644775,-0.003669,-0.003758
henon,K,3,5,0.01,1.28,1.000e-10,331,0.136750,0.644592,0.004816,-0.003533
henon,K,3,5,0.01,1.28,1.000e-10,332,0.142719,0.646851,-0.019656,-0.004368
henon,K,3,5,0.01,1.28,1.000e-10,333,0.131461,0.639526,0.000638,0.013191
henon,K,3,5,0.01,1.28,1.000e-10,334,0.138253,0.647705,0.002194,-0.006673
henon,K,3,5,0.01,1.28,1.000e-10,335,0.139313,0.645691,-0.003695,0.011144
henon,K,3,5,0.01,1.28,1.000e-10,336,0.142064,0.647888,0.003177,0.014557
henon,K,3,5,0.01,1.28,1.000e-10,337,0.143826,0.649170,-0.004296,-0.009255
henon,K,3,5,0.01,1.28,1.000e-10,338,0.147216,0.652405,-0.009898,-0.007962
henon,K,3,5,0.01,1.28,1.000e-10,339,0.144093,0.646362,-0.019877,-0.000016
henon,K,3,5,0.01,1.28,1.000e-10,340,0.132651,0.641113,-0.004744,0.008540
henon,K,3,5,0.01,1.28,1.000e-10,341,0.130011,0.635803,0.011000,0.005391
henon,K,3,5,0.01,1.28,1.000e-10,342,0.133162,0.641541,0.016856,0.014561
henon,K,3,5,0.01,1.28,1.000e-10,343,0.138663,0.645935,0.004852,0.020167
henon,K,3,5,0.01,1.28,1.000e-10,344,0.144911,0.649658,-0.008875,0.001044
henon,K,3,5,0.01,1.28,1.000e-10,345,0.143993,0.654053,-0.013241,-0.010612
henon,K,3,5,0.01,1.28,1.000e-10,346,0.138119,0.643066,-0.008859,-0.003005
henon,K,3,5,0.01,1.28,1.000e-10,347,0.133512,0.638306,0.000641,0.003464
henon,K,3,5,0.01,1.28,1.000e-10,348,0.138408,0.650574,0.007661,-0.009596
henon,K,3,5,0.01,1.28,1.000e-10,349,0.137073,0.643311,0.021287,0.001336
henon,K,3,5,0.01,1.28,1.000e-10,350,0.143155,0.647400,0.010046,0.007085
henon,K,3,5,0.01,1.28,1.000e-10,351,0.141082,0.648560,-0.008686,0.001644
henon,K,3,5,0.01,1.28,1.000e-10,352,0.141415,0.646606,-0.005363,-0.009858
henon,K,3,5,0.01,1.28,1.000e-10,353,0.140233,0.641113,-0.012307,-0.000688
henon,K,3,5,0.01,1.28,1.000e-10,354,0.135646,0.643188,-0.000176,0.003604
henon,K,3,5,0.01,1.28,1.000e-10,355,0.133959,0.642761,0.010201,-0.010942
henon,K,3,5,0.01,1.28,1.000e-10,356,0.132869,0.645020,0.018251,-0.008936
henon,K,3,5,0.01,1.28,1.000e-10,357,0.132926,0.641235,0.013287,0.010507
henon,K,3,5,0.01,1.28,1.000e-10,358,0.139064,0.651367,0.002647,-0.010869
henon,K,3,5,0.01,1.28,1.000e-10,359,0.133641,0.647461,0.006052,-0.010921
henon,K,3,5,0.01,1.28,1.000e-10,360,0.132946,0.642334,-0.002366,0.009600
henon,K,3,5,0.01,1.28,1.000e-10,361,0.138072,0.645813,-0.013062,-0.003228
henon,K,3,5,0.01,1.28,1.000e-10,362,0.135687,0.646851,0.009495,-0.017155
henon,K,3,5,0.01,1.28,1.000e-10,363,0.131183,0.642151,0.010822,-0.001391
henon,K,3,5,0.01,1.28,1.000e-10,364,0.139142,0.650940,0.000203,0.010282
henon,K,3,5,0.01,1.28,1.000e-10,365,0.139314,0.650208,0.003512,-0.005516
henon,K,3,5,0.01,1.28,1.000e-10,366,0.128717,0.645081,0.007052,0.001382
henon,K,3,5,0.01,1.28,1.000e-10,367,0.131759,0.642883,-0.012911,0.005011
henon,K,3,5,0.01,1.28,1.000e-10,368,0.135504,0.646606,-0.009942,0.003378
henon,K,3,5,0.01,1.28,1.000e-10,369,0.133275,0.645142,0.013584,-0.007869
henon,K,3,5,0.01,1.28,1.000e-10,370,0.143210,0.652771,-0.009470,-0.000842
henon,K,3,5,0.01,1.28,1.000e-10,371,0.144007,0.652466,-0.003687,0.006040
henon,K,3,5,0.01,1.28,1.000e-10,372,0.142780,0.649048,0.001170,-0.008334
henon,K,3,5,0.01,1.28,1.000e-10,373,0.135364,0.648071,0.008658,-0.007703
henon,K,3,5,0.01,1.28,1.000e-10,374,0.130070,0.638245,-0.002527,0.000952
henon,K,3,5,0.01,1.28,1.000e-10,375,0.138172,0.646484,-0.008281,-0.012237
henon,K,3,5,0.01,1.28,1.000e-10,376,0.134776,0.645752,0.012894,-0.012444
henon,K,3,5,0.01,1.28,1.000e-10,377,0.139255,0.649231,-0.000783,-0.004765
henon,K,3,5,0.01,1.28,1.000e-10,378,0.141085,0.650391,-0.002008,0.006056
henon,K,3,5,0.01,1.28,1.000e-10,379,0.135825,0.645264,0.008205,-0.007953
henon,K,3,5,0.01,1.28,1.000e-10,380,0.134676,0.644287,-0.000177,-0.007695
henon,K,3,5,0.01,1.28,1.000e-10,381,0.128625,0.639282,-0.008555,0.006725
henon,K,3,5,0.01,1.28,1.000e-10,382,0.131557,0.640625,0.000334,-0.004342
henon,K,3,5,0.01,1.28,1.000e-10,383,0.128609,0.646301,0.007857,-0.002127
henon,K,3,5,0.01,1.28,1.000e-10,384,0.137152,0.647522,-0.002553,0.001062
henon,K,3,5,0.01,1.28,1.000e-10,385,0.137581,0.649048,0.004448,0.002441
henon,K,3,5,0.01,1.28,1.000e-10,386,0.136542,0.646484,0.003240,-0.002298
henon,K,3,5,0.01,1.28,1.000e-10,387,0.132937,0.646423,-0.003444,-0.004702
henon,K,3,5,0.01,1.28,1.000e-10,388,0.123100,0.638367,0.009489,0.006147
henon,K,3,5,0.01,1.28,1.000e-10,389,0.131559,0.641479,0.009012,-0.003130
henon,K,3,5,0.01,1.28,1.000e-10,390,0.131886,0.645752,0.012654,0.001825
henon,K,3,5,0.01,1.28,1.000e-10,391,0.135507,0.644653,-0.003584,0.004947
henon,K,3,5,0.01,1.28,1.000e-10,392,0.132876,0.642090,0.012003,0.010004
henon,K,3,5,0.01,1.28,1.000e-10,393,0.130973,0.642029,0.011380,0.007443
henon,K,3,5,0.01,1.28,1.000e-10,394,0.128728,0.643555,0.006333,-0.002232
henon,K,3,5,0.01,1.28,1.000e-10,395,0.124771,0.640869,0.014434,-0.005341
henon,K,3,5,0.01,1.28,1.000e-10,396,0.127609,0.642700,-0.002238,-0.001905
henon,K,3,5,0.01,1.28,1.000e-10,397,0.128430,0.644653,0.001664,-0.007717
henon,K,3,5,0.01,1.28,1.000e-10,398,0.129026,0.639954,0.009491,0.013758
henon,K,3,5,0.01,1.28,1.000e-10,399,0.140441,0.652710,-0.002847,-0.002615
henon,K,3,5,0.01,1.28,1.000e-10,400,0.136455,0.646790,0.000917,0.009038
henon,K,3,5,0.01,1.28,1.000e-08,1,-18.510102,0.000000,1.000000,1.000000
henon,K,3,5,0.01,1.28,1.000e-08,2,-17.955060,0.000000,1.000000,1.000000
henon,K,3,5,0.01,1.28,1.000e-08,3,-17.470200,0.000000,1.000000,1.000000
henon,K,3,5,0.01,1.28,1.000e-08,4,-17.072488,0.000000,1.000000,1.000000
henon,K,3,5,0.01,1.28,1.000e-08,5,-16.787393,0.000000,1.000000,1.000000
henon,K,3,5,0.01,1.28,1.000e-08,6,-16.486920,0.000000,1.000000,1.000000
henon,K,3,5,0.01,1.28,1.000e-08,7,-16.140391,0.000000,1.000000,1.000000
henon,K,3,5,0.01,1.28,1.000e-08,8,-15.855825,0.000000,1.000000,1.000000
henon,K,3,5,0.01,1.28,1.000e-08,9,-15.567061,0.000000,1.000000,1.000000
henon,K,3,5,0.01,1.28,1.000e-08,10,-15.269431,0.000000,1.000000,1.000000
henon,K,3,5,0.01,1.28,1.000e-08,11,-14.977667,0.000000,1.000000,1.000000
henon,K,3,5,0.01,1.28,1.000e-08,12,-14.696211,0.000000,1.000000,1.000000
henon,K,3,5,0.01,1.28,1.000e-08,13,-14.415690,0.000000,1.000000,1.000000
henon,K,3,5,0.01,1.28,1.000e-08,14,-14.116586,0.000000,1.000000,1.000000
henon,K,3,5,0.01,1.28,1.000e-08,15,-13.843169,0.000000,1.000000,1.000000
henon,K,3,5,0.01,1.28,1.000e-08,16,-13.549157,0.000000,1.000000,1.000000
henon,K,3,5,0.01,1.28,1.000e-08,17,-13.264058,0.000000,1.000000,1.000000
henon,K,3,5,0.01,1.28,1.000e-08,18,-12.985306,0.000000,1.000000,1.000000
henon,K,3,5,0.01,1.28,1.000e-08,19,-12.708584,0.000000,1.000000,1.000000
henon,K,3,5,0.01,1.28,1.000e-08,20,-12.423486,0.000000,1.000000,1.000000
henon,K,3,5,0.01,1.28,1.000e-08,21,-12.132804,0.000000,1.000000,1.000000
henon,K,3,5,0.01,1.28,1.000e-08,22,-11.860432,0.000000,1.000000,1.000000
henon,K,3,5,0.01,1.28,1.000e-08,23,-11.579584,0.000000,1.000000,1.000000
henon,K,3,5,0.01,1.28,1.000e-08,24,-11.296678,0.000000,1.000000,1.000000
henon,K,3,5,0.01,1.28,1.000e-08,25,-11.015626,0.000000,1.000000,1.000000
henon,K,3,5,0.01,1.28,1.000e-08,26,-10.739903,0.000000,1.000000,1.000000
henon,K,3,5,0.01,1.28,1.000e-08,27,-10.455676,0.000000,1.000000,1.000000
henon,K,3,5,0.01,1.28,1.000e-08,28,-10.173483,0.000000,0.999999,0.999999
henon,K,3,5,0.01,1.28,1.000e-08,29,-9.889044,0.000000,0.999998,0.999999
henon,K,3,5,0.01,1.28,1.000e-08,30,-9.609418,0.000000,0.999997,0.999996
henon,K,3,5,0.01,1.28,1.000e-08,31,-9.327335,0.000000,0.999992,0.999992
henon,K,3,5,0.01,1.28,1.000e-08,32,-9.041194,0.000000,0.999981,0.999981
henon,K,3,5,0.01,1.28,1.000e-08,33,-8.760340,0.000000,0.999953,0.999954
henon,K,3,5,0.01,1.28,1.000e-08,34,-8.484892,0.000000,0.999907,0.999895
henon,K,3,5,0.01,1.28,1.000e-08,35,-8.197655,0.000000,0.999767,0.999760
henon,K,3,5,0.01,1.28,1.000e-08,36,-7.920986,0.000061,0.999488,0.999394
henon,K,3,5,0.01,1.28,1.000e-08,37,-7.638512,0.000122,0.998883,0.998755
henon,K,3,5,0.01,1.28,1.000e-08,38,-7.357994,0.000671,0.997025,0.997444
henon,K,3,5,0.01,1.28,1.000e-08,39,-7.067240,0.001282,0.994378,0.995095
henon,K,3,5,0.01,1.28,1.000e-08,40,-6.794857,0.005188,0.988392,0.990131
henon,K,3,5,0.01,1.28,1.000e-08,41,-6.519639,0.010803,0.980428,0.984080
henon,K,3,5,0.01,1.28,1.000e-08,42,-6.237617,0.019165,0.971166,0.971542
henon,K,3,5,0.01,1.28,1.000e-08,43,-5.968146,0.023987,0.964613,0.963357
henon,K,3,5,0.01,1.28,1.000e-08,44,-5.705969,0.029785,0.953095,0.955827
henon,K,3,5,0.01,1.28,1.000e-08,45,-5.452816,0.039307,0.944836,0.944061
henon,K,3,5,0.01,1.28,1.000e-08,46,-5.196801,0.045959,0.932022,0.926415
henon,K,3,5,0.01,1.28,1.000e-08,47,-4.952412,0.053772,0.921519,0.913792
henon,K,3,5,0.01,1.28,1.000e-08,48,-4.708402,0.064941,0.903104,0.902074
henon,K,3,5,0.01,1.28,1.000e-08,49,-4.469494,0.073669,0.888049,0.885220
henon,K,3,5,0.01,1.28,1.000e-08,50,-4.245036,0.088928,0.879006,0.863989
henon,K,3,5,0.01,1.28,1.000e-08,51,-4.023545,0.098511,0.859438,0.850193
henon,K,3,5,0.01,1.28,1.000e-08,52,-3.804724,0.112549,0.838814,0.825795
henon,K,3,5,0.01,1.28,1.000e-08,53,-3.594395,0.126770,0.809128,0.806825
henon,K,3,5,0.01,1.28,1.000e-08,54,-3.404178,0.137268,0.796865,0.789069
henon,K,3,5,0.01,1.28,1.000e-08,55,-3.207464,0.155090,0.770223,0.764416
henon,K,3,5,0.01,1.28,1.000e-08,56,-3.016049,0.170105,0.749946,0.737730
henon,K,3,5,0.01,1.28,1.000e-08,57,-2.845428,0.178955,0.734768,0.728799
henon,K,3,5,0.01,1.28,1.000e-08,58,-2.665290,0.198181,0.706986,0.703777
henon,K,3,5,0.01,1.28,1.000e-08,59,-2.500599,0.214172,0.684973,0.676488
henon,K,3,5,0.01,1.28,1.000e-08,60,-2.335404,0.231506,0.653789,0.644516
henon,K,3,5,0.01,1.28,1.000e-08,61,-2.194738,0.244324,0.634185,0.623842
henon,K,3,5,0.01,1.28,1.000e-08,62,-2.048938,0.258179,0.608863,0.602731
henon,K,3,5,0.01,1.28,1.000e-08,63,-1.917090,0.277527,0.582953,0.585729
henon,K,3,5,0.01,1.28,1.000e-08,64,-1.785292,0.293152,0.566036,0.556696
henon,K,3,5,0.01,1.28,1.000e-08,65,-1.663178,0.304749,0.545370,0.532180
henon,K,3,5,0.01,1.28,1.000e-08,66,-1.550318,0.315735,0.538972,0.506755
henon,K,3,5,0.01,1.28,1.000e-08,67,-1.433886,0.330933,0.509384,0.482744
henon,K,3,5,0.01,1.28,1.000e-08,68,-1.334594,0.349060,0.473324,0.462969
henon,K,3,5,0.01,1.28,1.000e-08,69,-1.239903,0.358948,0.452964,0.448195
henon,K,3,5,0.01,1.28,1.000e-08,70,-1.150790,0.372437,0.429886,0.434366
henon,K,3,5,0.01,1.28,1.000e-08,71,-1.062043,0.395081,0.408209,0.414217
henon,K,3,5,0.01,1.28,1.000e-08,72,-0.981046,0.399231,0.393585,0.393201
henon,K,3,5,0.01,1.28,1.000e-08,73,-0.913232,0.414917,0.394428,0.368066
henon,K,3,5,0.01,1.28,1.000e-08,74,-0.838740,0.425293,0.361127,0.355171
henon,K,3,5,0.01,1.28,1.000e-08,75,-0.779807,0.434082,0.346726,0.321950
henon,K,3,5,0.01,1.28,1.000e-08,76,-0.725820,0.441223,0.327809,0.320541
henon,K,3,5,0.01,1.28,1.000e-08,77,-0.669473,0.449707,0.320260,0.306000
henon,K,3,5,0.01,1.28,1.000e-08,78,-0.612330,0.461731,0.303679,0.300114
henon,K,3,5,0.01,1.28,1.000e-08,79,-0.557879,0.473022,0.290691,0.274155
henon,K,3,5,0.01,1.28,1.000e-08,80,-0.514151,0.482971,0.282474,0.259432
henon,K,3,5,0.01,1.28,1.000e-08,81,-0.469388,0.488953,0.250153,0.258674
henon,K,3,5,0.01,1.28,1.000e-08,82,-0.432504,0.495728,0.237517,0.224301
henon,K,3,5,0.01,1.28,1.000e-08,83,-0.390277,0.508545,0.211205,0.226718
henon,K,3,5,0.01,1.28,1.000e-08,84,-0.352088,0.522400,0.194786,0.211097
henon,K,3,5,0.01,1.28,1.000e-08,85,-0.317073,0.527100,0.190615,0.207273
henon,K,3,5,0.01,1.28,1.000e-08,86,-0.286236,0.530884,0.171904,0.194064
henon,K,3,5,0.01,1.28,1.000e-08,87,-0.267622,0.537109,0.187796,0.185562
henon,K,3,5,0.01,1.28,1.000e-08,88,-0.244130,0.539124,0.183315,0.175291
henon,K,3,5,0.01,1.28,1.000e-08,89,-0.219635,0.546692,0.170001,0.148428
henon,K,3,5,0.01,1.28,1.000e-08,90,-0.194102,0.553223,0.152501,0.156165
henon,K,3,5,0.01,1.28,1.000e-08,91,-0.173688,0.557190,0.138880,0.144485
henon,K,3,5,0.01,1.28,1.000e-08,92,-0.150554,0.563904,0.128568,0.134146
henon,K,3,5,0.01,1.28,1.000e-08,93,-0.137343,0.567200,0.124254,0.136586
henon,K,3,5,0.01,1.28,1.000e-08,94,-0.122512,0.569702,0.129503,0.129005
henon,K,3,5,0.01,1.28,1.000e-08,95,-0.105417,0.573853,0.118750,0.114479
henon,K,3,5,0.01,1.28,1.000e-08,96,-0.088403,0.583191,0.114474,0.100833
henon,K,3,5,0.01,1.28,1.000e-08,97,-0.067998,0.588074,0.105979,0.085573
henon,K,3,5,0.01,1.28,1.000e-08,98,-0.051393,0.594299,0.092138,0.081058
henon,K,3,5,0.01,1.28,1.000e-08,99,-0.043912,0.596313,0.103497,0.071747
henon,K,3,5,0.01,1.28,1.000e-08,100,-0.036741,0.589355,0.087992,0.075417
henon,K,3,5,0.01,1.28,1.000e-08,101,-0.031112,0.596741,0.083583,0.085780
henon,K,3,5,0.01,1.28,1.000e-08,102,-0.027730,0.592041,0.102177,0.076150
henon,K,3,5,0.01,1.28,1.000e-08,103,-0.018403,0.598633,0.066825,0.075402
henon,K,3,5,0.01,1.28,1.000e-08,104,-0.009749,0.600708,0.069423,0.076800
henon,K,3,5,0.01,1.28,1.000e-08,105,0.001132,0.602356,0.075622,0.062258
henon,K,3,5,0.01,1.28,1.000e-08,106,0.008461,0.608093,0.070943,0.059071
henon,K,3,5,0.01,1.28,1.000e-08,107,0.021218,0.614990,0.060103,0.048875
henon,K,3,5,0.01,1.28,1.000e-08,108,0.026240,0.615601,0.051927,0.050593
henon,K,3,5,0.01,1.28,1.000e-08,109,0.030017,0.616394,0.062548,0.048795
henon,K,3,5,0.01,1.28,1.000e-08,110,0.026850,0.607117,0.060057,0.039846
henon,K,3,5,0.01,1.28,1.000e-08,111,0.033292,0.611206,0.054324,0.050469
henon,K,3,5,0.01,1.28,1.000e-08,112,0.044589,0.615784,0.048758,0.040900
henon,K,3,5,0.01,1.28,1.000e-08,113,0.053477,0.617065,0.035138,0.045686
henon,K,3,5,0.01,1.28,1.000e-08,114,0.061467,0.625854,0.031856,0.039800
henon,K,3,5,0.01,1.28,1.000e-08,115,0.069276,0.631958,0.028562,0.029853
henon,K,3,5,0.01,1.28,1.000e-08,116,0.070910,0.626465,0.038100,0.020753
henon,K,3,5,0.01,1.28,1.000e-08,117,0.072238,0.627197,0.031177,0.022591
henon,K,3,5,0.01,1.28,1.000e-08,118,0.074298,0.628357,0.037649,0.028259
henon,K,3,5,0.01,1.28,1.000e-08,119,0.078904,0.623596,0.037996,0.021915
henon,K,3,5,0.01,1.28,1.000e-08,120,0.081498,0.626160,0.028516,0.020927
henon,K,3,5,0.01,1.28,1.000e-08,121,0.091727,0.636353,0.021488,0.027171
henon,K,3,5,0.01,1.28,1.000e-08,122,0.100235,0.638672,0.015300,0.008431
henon,K,3,5,0.01,1.28,1.000e-08,123,0.092004,0.632507,0.017991,0.020959
henon,K,3,5,0.01,1.28,1.000e-08,124,0.084315,0.625488,0.029838,0.036683
henon,K,3,5,0.01,1.28,1.000e-08,125,0.089917,0.629333,0.025592,0.022017
henon,K,3,5,0.01,1.28,1.000e-08,126,0.089808,0.626038,0.028232,0.026546
henon,K,3,5,0.01,1.28,1.000e-08,127,0.093513,0.629700,0.024794,0.009758
henon,K,3,5,0.01,1.28,1.000e-08,128,0.097931,0.632141,0.025327,0.015840
henon,K,3,5,0.01,1.28,1.000e-08,129,0.106026,0.637634,0.013195,0.014064
henon,K,3,5,0.01,1.28,1.000e-08,130,0.108467,0.638550,0.021604,0.017748
henon,K,3,5,0.01,1.28,1.000e-08,131,0.107377,0.640442,0.013972,0.013117
henon,K,3,5,0.01,1.28,1.000e-08,132,0.104392,0.632141,0.019472,0.020768
henon,K,3,5,0.01,1.28,1.000e-08,133,0.103320,0.627869,0.019706,0.021737
henon,K,3,5,0.01,1.28,1.000e-08,134,0.103475,0.633728,0.021099,0.016368
henon,K,3,5,0.01,1.28,1.000e-08,135,0.106745,0.638062,0.016414,0.009222
henon,K,3,5,0.01,1.28,1.000e-08,136,0.111195,0.639221,0.010925,0.014626
henon,K,3,5,0.01,1.28,1.000e-08,137,0.113050,0.638306,0.016237,0.012234
henon,K,3,5,0.01,1.28,1.000e-08,138,0.117385,0.641602,0.011857,0.011184
henon,K,3,5,0.01,1.28,1.000e-08,139,0.116081,0.636414,0.016307,0.009833
henon,K,3,5,0.01,1.28,1.000e-08,140,0.116354,0.635315,0.018842,0.010067
henon,K,3,5,0.01,1.28,1.000e-08,141,0.113175,0.637695,0.013079,0.016908
henon,K,3,5,0.01,1.28,1.000e-08,142,0.112810,0.631775,0.004419,0.010955
henon,K,3,5,0.01,1.28,1.000e-08,143,0.118761,0.639282,0.016560,0.006548
henon,K,3,5,0.01,1.28,1.000e-08,144,0.122841,0.643311,0.002153,0.010729
henon,K,3,5,0.01,1.28,1.000e-08,145,0.122194,0.641724,-0.002776,0.009552
henon,K,3,5,0.01,1.28,1.000e-08,146,0.117470,0.634583,0.005672,0.020897
henon,K,3,5,0.01,1.28,1.000e-08,147,0.117541,0.634949,0.011338,0.028483
henon,K,3,5,0.01,1.28,1.000e-08,148,0.114105,0.638550,-0.001047,0.023054
henon,K,3,5,0.01,1.28,1.000e-08,149,0.117000,0.639099,-0.001707,0.013276
henon,K,3,5,0.01,1.28,1.000e-08,150,0.124435,0.645569,-0.006749,0.016615
henon,K,3,5,0.01,1.28,1.000e-08,151,0.124920,0.642029,-0.005524,0.020711
henon,K,3,5,0.01,1.28,1.000e-08,152,0.126246,0.642212,0.009820,0.008920
henon,K,3,5,0.01,1.28,1.000e-08,153,0.122370,0.636719,0.005947,0.006965
henon,K,3,5,0.01,1.28,1.000e-08,154,0.120159,0.638794,0.018825,0.003919
henon,K,3,5,0.01,1.28,1.000e-08,155,0.116472,0.638245,0.010198,0.018628
henon,K,3,5,0.01,1.28,1.000e-08,156,0.121643,0.640015,-0.003340,0.009568
henon,K,3,5,0.01,1.28,1.000e-08,157,0.120623,0.639587,0.007896,0.005882
henon,K,3,5,0.01,1.28,1.000e-08,158,0.122211,0.639648,0.013130,0.015674
henon,K,3,5,0.01,1.28,1.000e-08,159,0.120927,0.636047,0.008114,0.005106
henon,K,3,5,0.01,1.28,1.000e-08,160,0.127538,0.644104,0.009685,0.013057
henon,K,3,5,0.01,1.28,1.000e-08,161,0.130350,0.640686,0.015698,0.002032
henon,K,3,5,0.01,1.28,1.000e-08,162,0.131171,0.648499,-0.007543,0.006458
henon,K,3,5,0.01,1.28,1.000e-08,163,0.135255,0.645630,-0.020290,0.006369
henon,K,3,5,0.01,1.28,1.000e-08,164,0.129348,0.642151,0.000473,0.015775
henon,K,3,5,0.01,1.28,1.000e-08,165,0.131701,0.643433,-0.005518,0.002935
henon,K,3,5,0.01,1.28,1.000e-08,166,0.134181,0.642273,-0.013725,-0.001656
henon,K,3,5,0.01,1.28,1.000e-08,167,0.126517,0.641663,0.017372,0.005027
henon,K,3,5,0.01,1.28,1.000e-08,168,0.130982,0.644592,0.009039,0.001516
henon,K,3,5,0.01,1.28,1.000e-08,169,0.131473,0.641541,-0.019058,0.012202
henon,K,3,5,0.01,1.28,1.000e-08,170,0.144512,0.654053,-0.028296,-0.003817
henon,K,3,5,0.01,1.28,1.000e-08,171,0.136730,0.646851,-0.000560,-0.003104
henon,K,3,5,0.01,1.28,1.000e-08,172,0.129896,0.640015,-0.001274,0.006254
henon,K,3,5,0.01,1.28,1.000e-08,173,0.128638,0.640442,-0.000455,-0.005176
henon,K,3,5,0.01,1.28,1.000e-08,174,0.128785,0.639343,0.012006,0.000209
henon,K,3,5,0.01,1.28,1.000e-08,175,0.127783,0.642700,0.023199,-0.000953
henon,K,3,5,0.01,1.28,1.000e-08,176,0.139057,0.645508,-0.008250,0.003865
henon,K,3,5,0.01,1.28,1.000e-08,177,0.140589,0.648743,0.001308,-0.007925
henon,K,3,5,0.01,1.28,1.000e-08,178,0.136114,0.644714,0.000771,0.003518
henon,K,3,5,0.01,1.28,1.000e-08,179,0.135643,0.643860,-0.007271,-0.002381
henon,K,3,5,0.01,1.28,1.000e-08,180,0.132386,0.640442,0.010276,-0.018053
henon,K,3,5,0.01,1.28,1.000e-08,181,0.124652,0.637817,0.018368,0.011393
henon,K,3,5,0.01,1.28,1.000e-08,182,0.130045,0.644653,0.017649,-0.005837
henon,K,3,5,0.01,1.28,1.000e-08,183,0.134461,0.643860,-0.005666,0.005385
henon,K,3,5,0.01,1.28,1.000e-08,184,0.134532,0.645264,0.003338,0.011078
henon,K,3,5,0.01,1.28,1.000e-08,185,0.134811,0.643921,0.007101,-0.000901
henon,K,3,5,0.01,1.28,1.000e-08,186,0.132872,0.643616,0.002847,0.001844
henon,K,3,5,0.01,1.28,1.000e-08,187,0.129717,0.640442,0.012290,-0.006043
henon,K,3,5,0.01,1.28,1.000e-08,188,0.131965,0.645203,0.001542,-0.000505
henon,K,3,5,0.01,1.28,1.000e-08,189,0.132267,0.640747,0.007411,-0.005533
henon,K,3,5,0.01,1.28,1.000e-08,190,0.134594,0.645874,-0.005907,0.004446
henon,K,3,5,0.01,1.28,1.000e-08,191,0.134694,0.646729,0.000739,0.006048
henon,K,3,5,0.01,1.28,1.000e-08,192,0.132812,0.646057,-0.003695,0.010450
henon,K,3,5,0.01,1.28,1.000e-08,193,0.132558,0.644409,0.006441,0.011068
henon,K,3,5,0.01,1.28,1.000e-08,194,0.139489,0.645569,-0.003357,-0.010314
henon,K,3,5,0.01,1.28,1.000e-08,195,0.134744,0.647034,-0.005590,0.006534
henon,K,3,5,0.01,1.28,1.000e-08,196,0.132759,0.643982,0.003172,-0.004986
henon,K,3,5,0.01,1.28,1.000e-08,197,0.134456,0.641907,-0.012402,-0.000754
henon,K,3,5,0.01,1.28,1.000e-08,198,0.135374,0.645752,-0.001734,-0.003931
henon,K,3,5,0.01,1.28,1.000e-08,199,0.137425,0.647095,-0.001731,0.003017
henon,K,3,5,0.01,1.28,1.000e-08,200,0.133380,0.642212,0.007616,-0.006168
henon,K,3,5,0.01,1.28,1.000e-08,201,0.135645,0.643799,0.013618,-0.007200
henon,K,3,5,0.01,1.28,1.000e-08,202,0.139399,0.646729,-0.002221,0.000793
henon,K,3,5,0.01,1.28,1.000e-08,203,0.138991,0.647278,-0.008435,-0.003840
henon,K,3,5,0.01,1.28,1.000e-08,204,0.141374,0.647339,-0.006141,-0.004403
henon,K,3,5,0.01,1.28,1.000e-08,205,0.138017,0.645752,-0.005853,-0.002229
henon,K,3,5,0.01,1.28,1.000e-08,206,0.137507,0.646545,-0.001415,0.005901
henon,K,3,5,0.01,1.28,1.000e-08,207,0.135521,0.641785,0.002885,0.002842
henon,K,3,5,0.01,1.28,1.000e-08,208,0.141864,0.648071,0.011472,-0.015151
henon,K,3,5,0.01,1.28,1.000e-08,209,0.139662,0.646729,-0.005329,0.006209
henon,K,3,5,0.01,1.28,1.000e-08,210,0.136147,0.645264,0.004027,0.004284
henon,K,3,5,0.01,1.28,1.000e-08,211,0.134600,0.642334,-0.002313,0.014023
henon,K,3,5,0.01,1.28,1.000e-08,212,0.140244,0.649536,-0.000285,0.000791
henon,K,3,5,0.01,1.28,1.000e-08,213,0.144975,0.652954,-0.006016,-0.000197
henon,K,3,5,0.01,1.28,1.000e-08,214,0.141345,0.647156,0.004911,-0.016085
henon,K,3,5,0.01,1.28,1.000e-08,215,0.144311,0.649475,-0.004369,-0.008056
henon,K,3,5,0.01,1.28,1.000e-08,216,0.143078,0.650085,-0.009221,-0.000305
henon,K,3,5,0.01,1.28,1.000e-08,217,0.145846,0.655579,-0.002411,-0.018751
henon,K,3,5,0.01,1.28,1.000e-08,218,0.143224,0.647888,-0.016500,-0.013999
henon,K,3,5,0.01,1.28,1.000e-08,219,0.142672,0.648132,-0.002202,-0.014397
henon,K,3,5,0.01,1.28,1.000e-08,220,0.138318,0.648010,0.006617,-0.002438
henon,K,3,5,0.01,1.28,1.000e-08,221,0.139776,0.644165,-0.004890,-0.013731
henon,K,3,5,0.01,1.28,1.000e-08,222,0.133349,0.641602,0.009464,-0.017211
henon,K,3,5,0.01,1.28,1.000e-08,223,0.127369,0.640747,0.019302,0.000726
henon,K,3,5,0.01,1.28,1.000e-08,224,0.136945,0.651245,-0.005294,-0.001149
henon,K,3,5,0.01,1.28,1.000e-08,225,0.139932,0.648682,-0.008397,-0.006162
henon,K,3,5,0.01,1.28,1.000e-08,226,0.139586,0.646606,0.003783,-0.008392
henon,K,3,5,0.01,1.28,1.000e-08,227,0.138473,0.645569,-0.008900,0.005114
henon,K,3,5,0.01,1.28,1.000e-08,228,0.133860,0.640564,-0.015023,0.006392
henon,K,3,5,0.01,1.28,1.000e-08,229,0.125180,0.638367,0.005033,0.010994
henon,K,3,5,0.01,1.28,1.000e-08,230,0.127580,0.640625,0.010506,0.000817
henon,K,3,5,0.01,1.28,1.000e-08,231,0.135841,0.648071,0.004432,0.000402
henon,K,3,5,0.01,1.28,1.000e-08,232,0.140658,0.653198,-0.007719,-0.010809
henon,K,3,5,0.01,1.28,1.000e-08,233,0.138966,0.650330,-0.011926,-0.003669
henon,K,3,5,0.01,1.28,1.000e-08,234,0.138006,0.648193,-0.000798,-0.007134
henon,K,3,5,0.01,1.28,1.000e-08,235,0.136642,0.649902,0.009884,-0.005141
henon,K,3,5,0.01,1.28,1.000e-08,236,0.133802,0.644836,-0.002241,-0.006127
henon,K,3,5,0.01,1.28,1.000e-08,237,0.134865,0.644897,-0.000731,-0.007030
henon,K,3,5,0.01,1.28,1.000e-08,238,0.136636,0.644531,-0.003939,-0.001713
henon,K,3,5,0.01,1.28,1.000e-08,239,0.137059,0.647522,-0.000334,-0.006736
henon,K,3,5,0.01,1.28,1.000e-08,240,0.136114,0.647705,0.001646,-0.006204
henon,K,3,5,0.01,1.28,1.000e-08,241,0.133924,0.644226,0.008770,0.003261
henon,K,3,5,0.01,1.28,1.000e-08,242,0.139651,0.650085,0.003081,-0.004806
henon,K,3,5,0.01,1.28,1.000e-08,243,0.139350,0.650269,-0.019739,-0.004883
henon,K,3,5,0.01,1.28,1.000e-08,244,0.140396,0.651489,-0.001146,-0.005225
henon,K,3,5,0.01,1.28,1.000e-08,245,0.144765,0.648804,-0.011253,-0.014722
henon,K,3,5,0.01,1.28,1.000e-08,246,0.140153,0.649658,-0.002521,-0.009613
henon,K,3,5,0.01,1.28,1.000e-08,247,0.131444,0.640930,-0.000013,0.004634
henon,K,3,5,0.01,1.28,1.000e-08,248,0.136922,0.645203,-0.004402,0.007347
henon,K,3,5,0.01,1.28,1.000e-08,249,0.137448,0.649475,0.006706,0.001080
henon,K,3,5,0.01,1.28,1.000e-08,250,0.136760,0.647888,-0.015800,-0.007940
henon,K,3,5,0.01,1.28,1.000e-08,251,0.135308,0.644287,-0.016441,0.005913
henon,K,3,5,0.01,1.28,1.000e-08,252,0.137237,0.646179,-0.005056,-0.007988
henon,K,3,5,0.01,1.28,1.000e-08,253,0.137448,0.648254,-0.007195,-0.000122
henon,K,3,5,0.01,1.28,1.000e-08,254,0.134331,0.640747,-0.010115,0.005434
henon,K,3,5,0.01,1.28,1.000e-08,255,0.140576,0.648621,-0.004537,-0.011450
henon,K,3,5,0.01,1.28,1.000e-08,256,0.140299,0.653015,0.008485,-0.014076
henon,K,3,5,0.01,1.28,1.000e-08,257,0.134513,0.646851,-0.015915,0.006550
henon,K,3,5,0.01,1.28,1.000e-08,258,0.132513,0.647278,-0.001698,0.007359
henon,K,3,5,0.01,1.28,1.000e-08,259,0.137059,0.644104,-0.008174,-0.006570
henon,K,3,5,0.01,1.28,1.000e-08,260,0.129804,0.638977,0.001441,0.004246
henon,K,3,5,0.01,1.28,1.000e-08,261,0.136005,0.645996,0.001983,0.003664
henon,K,3,5,0.01,1.28,1.000e-08,262,0.148402,0.654724,-0.008095,-0.023548
henon,K,3,5,0.01,1.28,1.000e-08,263,0.144378,0.655090,0.011342,-0.018411
henon,K,3,5,0.01,1.28,1.000e-08,264,0.140093,0.647034,-0.005421,-0.011790
henon,K,3,5,0.01,1.28,1.000e-08,265,0.135039,0.643677,-0.001962,-0.005895
henon,K,3,5,0.01,1.28,1.000e-08,266,0.139021,0.648193,-0.005273,0.004218
henon,K,3,5,0.01,1.28,1.000e-08,267,0.132417,0.640991,-0.002567,0.001540
henon,K,3,5,0.01,1.28,1.000e-08,268,0.134529,0.643799,-0.014010,0.009931
henon,K,3,5,0.01,1.28,1.000e-08,269,0.135849,0.647095,-0.001388,-0.006729
henon,K,3,5,0.01,1.28,1.000e-08,270,0.141327,0.653198,0.009880,-0.006096
henon,K,3,5,0.01,1.28,1.000e-08,271,0.132176,0.639954,0.003150,-0.006238
henon,K,3,5,0.01,1.28,1.000e-08,272,0.134806,0.640381,0.007162,-0.000488
henon,K,3,5,0.01,1.28,1.000e-08,273,0.140620,0.652527,0.003312,-0.005397
henon,K,3,5,0.01,1.28,1.000e-08,274,0.138934,0.645203,-0.004609,-0.002151
henon,K,3,5,0.01,1.28,1.000e-08,275,0.138820,0.646606,-0.008465,-0.001582
henon,K,3,5,0.01,1.28,1.000e-08,276,0.141608,0.647339,-0.003409,-0.014260
henon,K,3,5,0.01,1.28,1.000e-08,277,0.141013,0.650452,0.003208,-0.006588
henon,K,3,5,0.01,1.28,1.000e-08,278,0.130775,0.641724,-0.003054,0.005244
henon,K,3,5,0.01,1.28,1.000e-08,279,0.128398,0.637512,0.013134,0.001394
henon,K,3,5,0.01,1.28,1.000e-08,280,0.135322,0.647522,0.002362,-0.004733
henon,K,3,5,0.01,1.28,1.000e-08,281,0.135147,0.646423,-0.001332,0.000680
henon,K,3,5,0.01,1.28,1.000e-08,282,0.142448,0.650696,-0.008408,-0.000724
henon,K,3,5,0.01,1.28,1.000e-08,283,0.144447,0.654297,-0.010779,-0.004336
henon,K,3,5,0.01,1.28,1.000e-08,284,0.135007,0.643188,0.005863,0.001562
henon,K,3,5,0.01,1.28,1.000e-08,285,0.134919,0.641479,-0.002037,-0.010366
henon,K,3,5,0.01,1.28,1.000e-08,286,0.136436,0.645508,-0.002384,-0.006369
henon,K,3,5,0.01,1.28,1.000e-08,287,0.133116,0.645813,0.010322,0.000423
henon,K,3,5,0.01,1.28,1.000e-08,288,0.141555,0.651367,-0.010711,-0.004511
henon,K,3,5,0.01,1.28,1.000e-08,289,0.140421,0.649353,-0.003568,0.000782
henon,K,3,5,0.01,1.28,1.000e-08,290,0.130677,0.645630,-0.001261,0.005828
henon,K,3,5,0.01,1.28,1.000e-08,291,0.128701,0.639343,0.005377,0.002408
henon,K,3,5,0.01,1.28,1.000e-08,292,0.125886,0.640564,0.017048,0.005893
henon,K,3,5,0.01,1.28,1.000e-08,293,0.124702,0.639648,0.011103,0.011820
henon,K,3,5,0.01,1.28,1.000e-08,294,0.128905,0.642151,0.000209,0.013592
henon,K,3,5,0.01,1.28,1.000e-08,295,0.136737,0.645020,-0.004217,0.012205
henon,K,3,5,0.01,1.28,1.000e-08,296,0.140748,0.651733,-0.000285,0.000835
henon,K,3,5,0.01,1.28,1.000e-08,297,0.136591,0.652527,-0.005409,0.002440
henon,K,3,5,0.01,1.28,1.000e-08,298,0.134741,0.644043,-0.007884,0.004633
henon,K,3,5,0.01,1.28,1.000e-08,299,0.130037,0.643616,0.001035,-0.002007
henon,K,3,5,0.01,1.28,1.000e-08,300,0.128540,0.644470,0.003828,0.011419
henon,K,3,5,0.01,1.28,1.000e-08,301,0.131627,0.644836,0.008249,-0.007655
henon,K,3,5,0.01,1.28,1.000e-08,302,0.134085,0.643250,-0.000550,0.006553
henon,K,3,5,0.01,1.28,1.000e-08,303,0.136917,0.647156,0.006046,0.010318
henon,K,3,5,0.01,1.28,1.000e-08,304,0.140027,0.646301,-0.001089,-0.006602
henon,K,3,5,0.01,1.28,1.000e-08,305,0.132455,0.639587,-0.002432,-0.003278
henon,K,3,5,0.01,1.28,1.000e-08,306,0.132461,0.644592,0.000184,0.008615
henon,K,3,5,0.01,1.28,1.000e-08,307,0.139051,0.649414,-0.004418,0.012399
henon,K,3,5,0.01,1.28,1.000e-08,308,0.135375,0.645996,0.010407,0.000202
henon,K,3,5,0.01,1.28,1.000e-08,309,0.139333,0.647644,-0.004835,0.002564
henon,K,3,5,0.01,1.28,1.000e-08,310,0.142714,0.648132,-0.005727,-0.005712
henon,K,3,5,0.01,1.28,1.000e-08,311,0.136218,0.645264,0.000179,-0.003079
henon,K,3,5,0.01,1.28,1.000e-08,312,0.134097,0.643799,0.001043,-0.004660
henon,K,3,5,0.01,1.28,1.000e-08,313,0.136109,0.641602,-0.002226,0.002542
henon,K,3,5,0.01,1.28,1.000e-08,314,0.136898,0.646973,-0.001357,0.004357
henon,K,3,5,0.01,1.28,1.000e-08,315,0.136059,0.644897,0.009086,0.003036
henon,K,3,5,0.01,1.28,1.000e-08,316,0.136985,0.646484,-0.002205,0.005966
henon,K,3,5,0.01,1.28,1.000e-08,317,0.134042,0.643127,0.002773,0.004174
henon,K,3,5,0.01,1.28,1.000e-08,318,0.134974,0.645386,-0.011430,0.008015
henon,K,3,5,0.01,1.28,1.000e-08,319,0.128680,0.643311,0.000461,-0.003528
henon,K,3,5,0.01,1.28,1.000e-08,320,0.128480,0.644043,0.007778,0.007660
henon,K,3,5,0.01,1.28,1.000e-08,321,0.137988,0.648621,0.010334,-0.014735
henon,K,3,5,0.01,1.28,1.000e-08,322,0.137529,0.647156,0.012834,-0.001989
henon,K,3,5,0.01,1.28,1.000e-08,323,0.130293,0.641357,0.006804,0.008452
henon,K,3,5,0.01,1.28,1.000e-08,324,0.133139,0.645081,0.003753,-0.000099
henon,K,3,5,0.01,1.28,1.000e-08,325,0.137512,0.651978,-0.004984,0.003254
henon,K,3,5,0.01,1.28,1.000e-08,326,0.138550,0.648926,-0.003439,-0.016973
henon,K,3,5,0.01,1.28,1.000e-08,327,0.132010,0.645691,0.004043,-0.007902
henon,K,3,5,0.01,1.28,1.000e-08,328,0.137441,0.646423,0.005282,-0.003992
henon,K,3,5,0.01,1.28,1.000e-08,329,0.134832,0.648682,0.016689,-0.007213
henon,K,3,5,0.01,1.28,1.000e-08,330,0.136675,0.645081,0.001216,-0.005085
henon,K,3,5,0.01,1.28,1.000e-08,331,0.134855,0.640320,0.007024,-0.006669
henon,K,3,5,0.01,1.28,1.000e-08,332,0.139087,0.647339,0.000961,-0.006677
henon,K,3,5,0.01,1.28,1.000e-08,333,0.136467,0.644226,0.006470,-0.011942
henon,K,3,5,0.01,1.28,1.000e-08,334,0.135952,0.644897,-0.005502,-0.003052
henon,K,3,5,0.01,1.28,1.000e-08,335,0.140871,0.650085,-0.000146,-0.010158
henon,K,3,5,0.01,1.28,1.000e-08,336,0.130335,0.641541,0.012824,-0.005325
henon,K,3,5,0.01,1.28,1.000e-08,337,0.133531,0.642273,0.009895,0.001061
henon,K,3,5,0.01,1.28,1.000e-08,338,0.136594,0.644653,0.004404,0.004944
henon,K,3,5,0.01,1.28,1.000e-08,339,0.137825,0.644226,0.002102,-0.003451
henon,K,3,5,0.01,1.28,1.000e-08,340,0.137762,0.645996,-0.007608,-0.005695
henon,K,3,5,0.01,1.28,1.000e-08,341,0.136933,0.644836,0.003356,-0.003223
henon,K,3,5,0.01,1.28,1.000e-08,342,0.141375,0.650452,0.002453,-0.001870
henon,K,3,5,0.01,1.28,1.000e-08,343,0.138674,0.642273,0.000335,-0.008384
henon,K,3,5,0.01,1.28,1.000e-08,344,0.135885,0.644409,0.008491,-0.003314
henon,K,3,5,0.01,1.28,1.000e-08,345,0.136712,0.638733,0.007914,0.005436
henon,K,3,5,0.01,1.28,1.000e-08,346,0.144212,0.652222,-0.000225,-0.005174
henon,K,3,5,0.01,1.28,1.000e-08,347,0.138788,0.648132,-0.006396,-0.009265
henon,K,3,5,0.01,1.28,1.000e-08,348,0.133933,0.647339,-0.003646,0.003772
henon,K,3,5,0.01,1.28,1.000e-08,349,0.143973,0.650574,-0.010356,-0.007761
henon,K,3,5,0.01,1.28,1.000e-08,350,0.144769,0.653442,0.003471,-0.012729
henon,K,3,5,0.01,1.28,1.000e-08,351,0.138040,0.644470,0.006921,-0.006946
henon,K,3,5,0.01,1.28,1.000e-08,352,0.135607,0.645935,0.002281,0.008191
henon,K,3,5,0.01,1.28,1.000e-08,353,0.140074,0.647644,-0.010167,-0.011983
henon,K,3,5,0.01,1.28,1.000e-08,354,0.137404,0.647705,0.003790,-0.010600
henon,K,3,5,0.01,1.28,1.000e-08,355,0.136979,0.643311,-0.000143,-0.003152
henon,K,3,5,0.01,1.28,1.000e-08,356,0.147272,0.654480,-0.021072,-0.008032
henon,K,3,5,0.01,1.28,1.000e-08,357,0.141256,0.648499,0.005264,-0.007555
henon,K,3,5,0.01,1.28,1.000e-08,358,0.136177,0.641174,0.003838,-0.008673
henon,K,3,5,0.01,1.28,1.000e-08,359,0.135080,0.642639,-0.002381,0.008311
henon,K,3,5,0.01,1.28,1.000e-08,360,0.134313,0.640503,-0.001896,0.009706
henon,K,3,5,0.01,1.28,1.000e-08,361,0.138674,0.649048,0.001298,-0.001133
henon,K,3,5,0.01,1.28,1.000e-08,362,0.142183,0.647522,0.000104,-0.011396
henon,K,3,5,0.01,1.28,1.000e-08,363,0.136750,0.642029,0.002598,-0.008543
henon,K,3,5,0.01,1.28,1.000e-08,364,0.133638,0.642090,-0.006178,0.017203
henon,K,3,5,0.01,1.28,1.000e-08,365,0.141700,0.647095,-0.002853,0.000589
henon,K,3,5,0.01,1.28,1.000e-08,366,0.144120,0.649658,-0.012938,0.001891
henon,K,3,5,0.01,1.28,1.000e-08,367,0.142702,0.650269,-0.006317,-0.005653
henon,K,3,5,0.01,1.28,1.000e-08,368,0.141147,0.649841,-0.001426,-0.011879
henon,K,3,5,0.01,1.28,1.000e-08,369,0.144287,0.650024,-0.013946,-0.001351
henon,K,3,5,0.01,1.28,1.000e-08,370,0.135169,0.644409,-0.001778,0.000509
henon,K,3,5,0.01,1.28,1.000e-08,371,0.135388,0.649231,0.002058,0.010645
henon,K,3,5,0.01,1.28,1.000e-08,372,0.140649,0.647522,-0.002886,0.000807
henon,K,3,5,0.01,1.28,1.000e-08,373,0.137393,0.644287,0.002797,0.005045
henon,K,3,5,0.01,1.28,1.000e-08,374,0.136975,0.647583,-0.006715,-0.010047
henon,K,3,5,0.01,1.28,1.000e-08,375,0.141148,0.649963,-0.000165,-0.007297
henon,K,3,5,0.01,1.28,1.000e-08,376,0.148481,0.652710,-0.005491,-0.005591
henon,K,3,5,0.01,1.28,1.000e-08,377,0.148786,0.654602,-0.010749,-0.006351
henon,K,3,5,0.01,1.28,1.000e-08,378,0.142490,0.647644,-0.011505,0.002186
henon,K,3,5,0.01,1.28,1.000e-08,379,0.144633,0.647339,-0.016108,-0.007477
henon,K,3,5,0.01,1.28,1.000e-08,380,0.139188,0.647949,0.003976,0.008221
henon,K,3,5,0.01,1.28,1.000e-08,381,0.145043,0.649597,-0.014994,-0.024725
henon,K,3,5,0.01,1.28,1.000e-08,382,0.144187,0.649902,-0.015735,-0.007388
henon,K,3,5,0.01,1.28,1.000e-08,383,0.143763,0.648621,-0.011011,0.004952
henon,K,3,5,0.01,1.28,1.000e-08,384,0.141031,0.649780,0.003806,-0.005532
henon,K,3,5,0.01,1.28,1.000e-08,385,0.135986,0.647949,0.008162,-0.001785
henon,K,3,5,0.01,1.28,1.000e-08,386,0.133256,0.639893,-0.003047,-0.001963
henon,K,3,5,0.01,1.28,1.000e-08,387,0.129033,0.642944,0.002988,0.010464
henon,K,3,5,0.01,1.28,1.000e-08,388,0.134175,0.645874,-0.002393,-0.008010
henon,K,3,5,0.01,1.28,1.000e-08,389,0.136327,0.639526,-0.001432,-0.017507
henon,K,3,5,0.01,1.28,1.000e-08,390,0.138344,0.645081,-0.008963,-0.000383
henon,K,3,5,0.01,1.28,1.000e-08,391,0.132232,0.645691,0.002583,0.009888
henon,K,3,5,0.01,1.28,1.000e-08,392,0.136058,0.645691,0.004095,-0.002019
henon,K,3,5,0.01,1.28,1.000e-08,393,0.133691,0.644531,0.010025,0.002463
henon,K,3,5,0.01,1.28,1.000e-08,394,0.132484,0.644775,0.008057,0.017556
henon,K,3,5,0.01,1.28,1.000e-08,395,0.134427,0.641724,-0.011346,0.000593
henon,K,3,5,0.01,1.28,1.000e-08,396,0.134811,0.645691,0.007653,-0.016512
henon,K,3,5,0.01,1.28,1.000e-08,397,0.136231,0.645447,0.000543,-0.004952
henon,K,3,5,0.01,1.28,1.000e-08,398,0.139987,0.650513,0.007337,-0.002781
henon,K,3,5,0.01,1.28,1.000e-08,399,0.143739,0.649902,-0.008542,-0.005638
henon,K,3,5,0.01,1.28,1.000e-08,400,0.134378,0.645630,0.015042,0.002087
henon,K,3,5,0.01,1.28,1.000e-06,1,-13.904932,0.000000,1.000000,1.000000
henon,K,3,5,0.01,1.28,1.000e-06,2,-13.349890,0.000000,1.000000,1.000000
henon,K,3,5,0.01,1.28,1.000e-06,3,-12.865030,0.000000,1.000000,1.000000
henon,K,3,5,0.01,1.28,1.000e-06,4,-12.467317,0.000000,1.000000,1.000000
henon,K,3,5,0.01,1.28,1.000e-06,5,-12.182221,0.000000,1.000000,1.000000
henon,K,3,5,0.01,1.28,1.000e-06,6,-11.881747,0.000000,1.000000,1.000000
henon,K,3,5,0.01,1.28,1.000e-06,7,-11.535218,0.000000,1.000000,1.000000
henon,K,3,5,0.01,1.28,1.000e-06,8,-11.250648,0.000000,1.000000,1.000000
henon,K,3,5,0.01,1.28,1.000e-06,9,-10.961883,0.000000,1.000000,1.000000
henon,K,3,5,0.01,1.28,1.000e-06,10,-10.664253,0.000000,1.000000,1.000000
henon,K,3,5,0.01,1.28,1.000e-06,11,-10.372489,0.000000,1.000000,1.000000
henon,K,3,5,0.01,1.28,1.000e-06,12,-10.091029,0.000000,1.000000,1.000000
henon,K,3,5,0.01,1.28,1.000e-06,13,-9.810511,0.000000,1.000000,1.000000
henon,K,3,5,0.01,1.28,1.000e-06,14,-9.511410,0.000000,1.000000,1.000000
henon,K,3,5,0.01,1.28,1.000e-06,15,-9.237974,0.000000,1.000000,1.000000
henon,K,3,5,0.01,1.28,1.000e-06,16,-8.943953,0.000000,1.000000,1.000000
henon,K,3,5,0.01,1.28,1.000e-06,17,-8.658890,0.000000,0.999999,0.999999
henon,K,3,5,0.01,1.28,1.000e-06,18,-8.380140,0.000000,0.999999,0.999999
henon,K,3,5,0.01,1.28,1.000e-06,19,-8.103354,0.000000,0.999997,0.999997
henon,K,3,5,0.01,1.28,1.000e-06,20,-7.818408,0.000000,0.999993,0.999992
henon,K,3,5,0.01,1.28,1.000e-06,21,-7.527573,0.000000,0.999983,0.999984
henon,K,3,5,0.01,1.28,1.000e-06,22,-7.255233,0.000000,0.999961,0.999961
henon,K,3,5,0.01,1.28,1.000e-06,23,-6.974117,0.000000,0.999900,0.999908
henon,K,3,5,0.01,1.28,1.000e-06,24,-6.690856,0.000000,0.999783,0.999778
henon,K,3,5,0.01,1.28,1.000e-06,25,-6.409155,0.000000,0.999508,0.999521
henon,K,3,5,0.01,1.28,1.000e-06,26,-6.133023,0.000000,0.998841,0.998774
henon,K,3,5,0.01,1.28,1.000e-06,27,-5.849081,0.000183,0.997417,0.997516
henon,K,3,5,0.01,1.28,1.000e-06,28,-5.569307,0.001038,0.994440,0.993813
henon,K,3,5,0.01,1.28,1.000e-06,29,-5.288966,0.004333,0.987460,0.988428
henon,K,3,5,0.01,1.28,1.000e-06,30,-5.013705,0.011536,0.978450,0.975810
henon,K,3,5,0.01,1.28,1.000e-06,31,-4.741586,0.023132,0.960569,0.963165
henon,K,3,5,0.01,1.28,1.000e-06,32,-4.470862,0.037109,0.943986,0.941188
henon,K,3,5,0.01,1.28,1.000e-06,33,-4.221078,0.049927,0.924995,0.922784
henon,K,3,5,0.01,1.28,1.000e-06,34,-3.979563,0.061401,0.908259,0.904617
henon,K,3,5,0.01,1.28,1.000e-06,35,-3.734782,0.077454,0.884436,0.885149
henon,K,3,5,0.01,1.28,1.000e-06,36,-3.506441,0.093079,0.864871,0.862914
henon,K,3,5,0.01,1.28,1.000e-06,37,-3.290881,0.102844,0.850116,0.841855
henon,K,3,5,0.01,1.28,1.000e-06,38,-3.080445,0.119324,0.824440,0.824800
henon,K,3,5,0.01,1.28,1.000e-06,39,-2.870469,0.136597,0.801340,0.792266
henon,K,3,5,0.01,1.28,1.000e-06,40,-2.683292,0.153870,0.772768,0.761277
henon,K,3,5,0.01,1.28,1.000e-06,41,-2.497200,0.171692,0.746866,0.734850
henon,K,3,5,0.01,1.28,1.000e-06,42,-2.316711,0.191223,0.721001,0.707903
henon,K,3,5,0.01,1.28,1.000e-06,43,-2.152460,0.208679,0.693611,0.686750
henon,K,3,5,0.01,1.28,1.000e-06,44,-2.003682,0.224731,0.667458,0.663109
henon,K,3,5,0.01,1.28,1.000e-06,45,-1.860837,0.242798,0.649165,0.632825
henon,K,3,5,0.01,1.28,1.000e-06,46,-1.719745,0.259094,0.618502,0.606585
henon,K,3,5,0.01,1.28,1.000e-06,47,-1.585223,0.280762,0.576568,0.577564
henon,K,3,5,0.01,1.28,1.000e-06,48,-1.459252,0.299377,0.541245,0.553273
henon,K,3,5,0.01,1.28,1.000e-06,49,-1.349827,0.314575,0.524103,0.522098
henon,K,3,5,0.01,1.28,1.000e-06,50,-1.247238,0.328674,0.516607,0.496559
henon,K,3,5,0.01,1.28,1.000e-06,51,-1.152358,0.341309,0.481245,0.493298
henon,K,3,5,0.01,1.28,1.000e-06,52,-1.058304,0.358337,0.468799,0.454000
henon,K,3,5,0.01,1.28,1.000e-06,53,-0.972252,0.369934,0.437791,0.428514
henon,K,3,5,0.01,1.28,1.000e-06,54,-0.892397,0.388306,0.410473,0.421434
henon,K,3,5,0.01,1.28,1.000e-06,55,-0.810038,0.407776,0.388769,0.389606
henon,K,3,5,0.01,1.28,1.000e-06,56,-0.742368,0.415588,0.367766,0.362687
henon,K,3,5,0.01,1.28,1.000e-06,57,-0.679306,0.427795,0.346010,0.350614
henon,K,3,5,0.01,1.28,1.000e-06,58,-0.618337,0.441467,0.335759,0.333983
henon,K,3,5,0.01,1.28,1.000e-06,59,-0.566249,0.451599,0.326715,0.308686
henon,K,3,5,0.01,1.28,1.000e-06,60,-0.510548,0.463928,0.293257,0.283897
henon,K,3,5,0.01,1.28,1.000e-06,61,-0.472745,0.471497,0.280030,0.273009
henon,K,3,5,0.01,1.28,1.000e-06,62,-0.421593,0.487488,0.258132,0.260620
henon,K,3,5,0.01,1.28,1.000e-06,63,-0.388294,0.496704,0.254536,0.238494
henon,K,3,5,0.01,1.28,1.000e-06,64,-0.352624,0.499695,0.241644,0.234638
henon,K,3,5,0.01,1.28,1.000e-06,65,-0.319575,0.507874,0.233760,0.222222
henon,K,3,5,0.01,1.28,1.000e-06,66,-0.291039,0.516907,0.223504,0.207522
henon,K,3,5,0.01,1.28,1.000e-06,67,-0.267472,0.520447,0.206879,0.201145
henon,K,3,5,0.01,1.28,1.000e-06,68,-0.236674,0.531128,0.198112,0.179450
henon,K,3,5,0.01,1.28,1.000e-06,69,-0.207843,0.543396,0.178422,0.166238
henon,K,3,5,0.01,1.28,1.000e-06,70,-0.190347,0.540955,0.172021,0.159354
henon,K,3,5,0.01,1.28,1.000e-06,71,-0.169553,0.549011,0.168659,0.151059
henon,K,3,5,0.01,1.28,1.000e-06,72,-0.148947,0.552917,0.150108,0.152679
henon,K,3,5,0.01,1.28,1.000e-06,73,-0.124382,0.560425,0.135969,0.144014
henon,K,3,5,0.01,1.28,1.000e-06,74,-0.106582,0.568848,0.130203,0.137800
henon,K,3,5,0.01,1.28,1.000e-06,75,-0.088661,0.573425,0.117351,0.122350
henon,K,3,5,0.01,1.28,1.000e-06,76,-0.070434,0.581726,0.096848,0.107497
henon,K,3,5,0.01,1.28,1.000e-06,77,-0.065815,0.575806,0.110115,0.103666
henon,K,3,5,0.01,1.28,1.000e-06,78,-0.052714,0.579834,0.119828,0.097755
henon,K,3,5,0.01,1.28,1.000e-06,79,-0.036020,0.592102,0.097484,0.083187
henon,K,3,5,0.01,1.28,1.000e-06,80,-0.031053,0.588684,0.094517,0.082635
henon,K,3,5,0.01,1.28,1.000e-06,81,-0.026698,0.588440,0.095447,0.091736
henon,K,3,5,0.01,1.28,1.000e-06,82,-0.017526,0.590820,0.087284,0.077320
henon,K,3,5,0.01,1.28,1.000e-06,83,-0.000083,0.598999,0.074351,0.079570
henon,K,3,5,0.01,1.28,1.000e-06,84,0.003011,0.599854,0.082624,0.077398
henon,K,3,5,0.01,1.28,1.000e-06,85,0.012449,0.599731,0.087365,0.060531
henon,K,3,5,0.01,1.28,1.000e-06,86,0.026461,0.611084,0.077097,0.045677
henon,K,3,5,0.01,1.28,1.000e-06,87,0.034835,0.612549,0.068061,0.036090
henon,K,3,5,0.01,1.28,1.000e-06,88,0.033075,0.605591,0.070237,0.046106
henon,K,3,5,0.01,1.28,1.000e-06,89,0.032449,0.602844,0.064769,0.054020
henon,K,3,5,0.01,1.28,1.000e-06,90,0.047774,0.618225,0.045867,0.055244
henon,K,3,5,0.01,1.28,1.000e-06,91,0.049004,0.608398,0.042019,0.061590
henon,K,3,5,0.01,1.28,1.000e-06,92,0.055380,0.615417,0.057819,0.047826
henon,K,3,5,0.01,1.28,1.000e-06,93,0.066085,0.622253,0.042582,0.036021
henon,K,3,5,0.01,1.28,1.000e-06,94,0.067586,0.621521,0.043674,0.030425
henon,K,3,5,0.01,1.28,1.000e-06,95,0.063842,0.620667,0.052120,0.031652
henon,K,3,5,0.01,1.28,1.000e-06,96,0.069149,0.616577,0.037849,0.024423
henon,K,3,5,0.01,1.28,1.000e-06,97,0.073486,0.621521,0.039047,0.038776
henon,K,3,5,0.01,1.28,1.000e-06,98,0.085882,0.627747,0.022213,0.022499
henon,K,3,5,0.01,1.28,1.000e-06,99,0.086293,0.629517,0.039689,0.035747
henon,K,3,5,0.01,1.28,1.000e-06,100,0.091986,0.627014,0.023664,0.035085
henon,K,3,5,0.01,1.28,1.000e-06,101,0.096685,0.628235,0.021205,0.020824
henon,K,3,5,0.01,1.28,1.000e-06,102,0.081458,0.623962,0.038808,0.029869
henon,K,3,5,0.01,1.28,1.000e-06,103,0.085674,0.625305,0.031716,0.009830
henon,K,3,5,0.01,1.28,1.000e-06,104,0.092938,0.627258,0.018805,0.025019
henon,K,3,5,0.01,1.28,1.000e-06,105,0.103865,0.635376,0.011187,0.021986
henon,K,3,5,0.01,1.28,1.000e-06,106,0.101255,0.628113,0.026245,0.025817
henon,K,3,5,0.01,1.28,1.000e-06,107,0.101428,0.634583,0.026064,0.030525
henon,K,3,5,0.01,1.28,1.000e-06,108,0.106147,0.633118,0.018840,0.006393
henon,K,3,5,0.01,1.28,1.000e-06,109,0.103026,0.632996,0.028127,0.015152
henon,K,3,5,0.01,1.28,1.000e-06,110,0.103473,0.628296,0.013207,0.008480
henon,K,3,5,0.01,1.28,1.000e-06,111,0.107294,0.636047,0.012952,0.007979
henon,K,3,5,0.01,1.28,1.000e-06,112,0.113883,0.641724,0.021611,0.005683
henon,K,3,5,0.01,1.28,1.000e-06,113,0.111977,0.638123,0.021671,0.012518
henon,K,3,5,0.01,1.28,1.000e-06,114,0.116388,0.642334,0.020608,0.009248
henon,K,3,5,0.01,1.28,1.000e-06,115,0.117196,0.640625,0.008658,0.010756
henon,K,3,5,0.01,1.28,1.000e-06,116,0.117674,0.640869,0.011768,-0.000585
henon,K,3,5,0.01,1.28,1.000e-06,117,0.117673,0.639099,0.003642,-0.008191
henon,K,3,5,0.01,1.28,1.000e-06,118,0.117747,0.640747,0.006244,0.007932
henon,K,3,5,0.01,1.28,1.000e-06,119,0.119686,0.642639,0.018138,0.006464
henon,K,3,5,0.01,1.28,1.000e-06,120,0.125357,0.641479,-0.005487,0.015637
henon,K,3,5,0.01,1.28,1.000e-06,121,0.118647,0.635132,0.024490,0.010879
henon,K,3,5,0.01,1.28,1.000e-06,122,0.119300,0.639526,0.019791,0.006364
henon,K,3,5,0.01,1.28,1.000e-06,123,0.120973,0.639648,-0.004237,0.001237
henon,K,3,5,0.01,1.28,1.000e-06,124,0.123301,0.635803,0.001815,0.009381
henon,K,3,5,0.01,1.28,1.000e-06,125,0.125939,0.642090,0.003561,0.005465
henon,K,3,5,0.01,1.28,1.000e-06,126,0.125149,0.642151,0.012420,-0.000777
henon,K,3,5,0.01,1.28,1.000e-06,127,0.128195,0.642822,0.002969,0.005687
henon,K,3,5,0.01,1.28,1.000e-06,128,0.125435,0.643860,0.021427,0.004077
henon,K,3,5,0.01,1.28,1.000e-06,129,0.122074,0.642151,0.010561,0.010662
henon,K,3,5,0.01,1.28,1.000e-06,130,0.123244,0.642334,-0.002625,-0.005306
henon,K,3,5,0.01,1.28,1.000e-06,131,0.122084,0.638550,0.011550,-0.001913
henon,K,3,5,0.01,1.28,1.000e-06,132,0.124949,0.640137,0.007722,0.001568
henon,K,3,5,0.01,1.28,1.000e-06,133,0.125122,0.640503,0.010878,0.010880
henon,K,3,5,0.01,1.28,1.000e-06,134,0.125925,0.643799,0.015133,0.015337
henon,K,3,5,0.01,1.28,1.000e-06,135,0.125245,0.642639,0.012276,0.008286
henon,K,3,5,0.01,1.28,1.000e-06,136,0.128193,0.644409,0.006451,0.007471
henon,K,3,5,0.01,1.28,1.000e-06,137,0.128815,0.640564,0.000890,-0.008714
henon,K,3,5,0.01,1.28,1.000e-06,138,0.133731,0.643433,-0.003391,0.002055
henon,K,3,5,0.01,1.28,1.000e-06,139,0.136195,0.648987,-0.002484,0.003093
henon,K,3,5,0.01,1.28,1.000e-06,140,0.129299,0.643250,0.006602,0.004258
henon,K,3,5,0.01,1.28,1.000e-06,141,0.130548,0.642822,0.014356,-0.004449
henon,K,3,5,0.01,1.28,1.000e-06,142,0.129764,0.644470,0.005785,-0.003305
henon,K,3,5,0.01,1.28,1.000e-06,143,0.132747,0.643127,0.002551,0.001719
henon,K,3,5,0.01,1.28,1.000e-06,144,0.133909,0.641418,-0.003970,-0.018330
henon,K,3,5,0.01,1.28,1.000e-06,145,0.127159,0.641541,0.006922,0.007193
henon,K,3,5,0.01,1.28,1.000e-06,146,0.131548,0.643188,-0.004329,-0.001903
henon,K,3,5,0.01,1.28,1.000e-06,147,0.133452,0.644836,0.006937,-0.003349
henon,K,3,5,0.01,1.28,1.000e-06,148,0.130379,0.638245,0.009412,0.001350
henon,K,3,5,0.01,1.28,1.000e-06,149,0.126113,0.641968,0.002003,0.012037
henon,K,3,5,0.01,1.28,1.000e-06,150,0.132307,0.644836,0.004275,0.003430
henon,K,3,5,0.01,1.28,1.000e-06,151,0.127265,0.644226,0.006883,0.004357
henon,K,3,5,0.01,1.28,1.000e-06,152,0.128635,0.646057,0.018531,0.007578
henon,K,3,5,0.01,1.28,1.000e-06,153,0.130236,0.644531,0.009679,-0.012496
henon,K,3,5,0.01,1.28,1.000e-06,154,0.129941,0.646362,0.008223,-0.003109
henon,K,3,5,0.01,1.28,1.000e-06,155,0.132141,0.636658,0.003449,0.000132
henon,K,3,5,0.01,1.28,1.000e-06,156,0.131572,0.643555,0.002715,0.006526
henon,K,3,5,0.01,1.28,1.000e-06,157,0.131662,0.641907,-0.002678,0.001037
henon,K,3,5,0.01,1.28,1.000e-06,158,0.129568,0.642456,0.002529,0.014004
henon,K,3,5,0.01,1.28,1.000e-06,159,0.125677,0.639160,0.011385,0.007340
henon,K,3,5,0.01,1.28,1.000e-06,160,0.136200,0.645386,-0.006822,-0.000538
henon,K,3,5,0.01,1.28,1.000e-06,161,0.135579,0.643433,-0.001874,0.004049
henon,K,3,5,0.01,1.28,1.000e-06,162,0.140368,0.648865,-0.000650,-0.000283
henon,K,3,5,0.01,1.28,1.000e-06,163,0.133994,0.648376,0.003570,0.008294
henon,K,3,5,0.01,1.28,1.000e-06,164,0.133500,0.645752,-0.006186,0.007715
henon,K,3,5,0.01,1.28,1.000e-06,165,0.132941,0.644287,-0.000799,-0.001842
henon,K,3,5,0.01,1.28,1.000e-06,166,0.133947,0.645203,0.000380,0.000415
henon,K,3,5,0.01,1.28,1.000e-06,167,0.140795,0.649170,-0.011072,-0.003053
henon,K,3,5,0.01,1.28,1.000e-06,168,0.134235,0.646423,0.006744,0.004312
henon,K,3,5,0.01,1.28,1.000e-06,169,0.137999,0.642883,-0.002165,-0.003400
henon,K,3,5,0.01,1.28,1.000e-06,170,0.135205,0.647217,0.012613,-0.000351
henon,K,3,5,0.01,1.28,1.000e-06,171,0.131073,0.644287,-0.009332,0.010828
henon,K,3,5,0.01,1.28,1.000e-06,172,0.134344,0.644958,-0.008923,0.009504
henon,K,3,5,0.01,1.28,1.000e-06,173,0.129888,0.643005,-0.002583,-0.000695
henon,K,3,5,0.01,1.28,1.000e-06,174,0.126009,0.640076,0.012425,0.003320
henon,K,3,5,0.01,1.28,1.000e-06,175,0.131932,0.643494,0.009840,-0.010005
henon,K,3,5,0.01,1.28,1.000e-06,176,0.134758,0.644470,0.004763,-0.004657
henon,K,3,5,0.01,1.28,1.000e-06,177,0.134459,0.644836,0.002520,0.013095
henon,K,3,5,0.01,1.28,1.000e-06,178,0.132665,0.646057,0.002797,0.001317
henon,K,3,5,0.01,1.28,1.000e-06,179,0.132599,0.646667,-0.001321,0.007298
henon,K,3,5,0.01,1.28,1.000e-06,180,0.132299,0.645386,-0.004335,0.000825
henon,K,3,5,0.01,1.28,1.000e-06,181,0.137175,0.644104,0.000238,-0.003581
henon,K,3,5,0.01,1.28,1.000e-06,182,0.132008,0.640930,0.000962,-0.002489
henon,K,3,5,0.01,1.28,1.000e-06,183,0.137494,0.649170,-0.011523,0.000636
henon,K,3,5,0.01,1.28,1.000e-06,184,0.129950,0.645325,0.016859,0.003827
henon,K,3,5,0.01,1.28,1.000e-06,185,0.134890,0.648193,0.008833,-0.008750
henon,K,3,5,0.01,1.28,1.000e-06,186,0.132610,0.642639,-0.002903,-0.001270
henon,K,3,5,0.01,1.28,1.000e-06,187,0.130762,0.645996,-0.011739,0.003553
henon,K,3,5,0.01,1.28,1.000e-06,188,0.132708,0.647339,0.007584,0.003765
henon,K,3,5,0.01,1.28,1.000e-06,189,0.131590,0.641418,-0.006738,0.005633
henon,K,3,5,0.01,1.28,1.000e-06,190,0.128038,0.640259,0.000017,0.005947
henon,K,3,5,0.01,1.28,1.000e-06,191,0.125015,0.641785,0.010683,0.013063
henon,K,3,5,0.01,1.28,1.000e-06,192,0.126628,0.643738,0.004728,-0.011622
henon,K,3,5,0.01,1.28,1.000e-06,193,0.123720,0.642883,0.002104,0.001683
henon,K,3,5,0.01,1.28,1.000e-06,194,0.130205,0.644470,-0.002495,0.004681
henon,K,3,5,0.01,1.28,1.000e-06,195,0.135290,0.647400,-0.001182,-0.004282
henon,K,3,5,0.01,1.28,1.000e-06,196,0.131673,0.643738,-0.007823,0.004616
henon,K,3,5,0.01,1.28,1.000e-06,197,0.128308,0.642334,0.001408,-0.000886
henon,K,3,5,0.01,1.28,1.000e-06,198,0.123978,0.638123,0.009140,0.001513
henon,K,3,5,0.01,1.28,1.000e-06,199,0.125384,0.643250,0.016973,-0.005695
henon,K,3,5,0.01,1.28,1.000e-06,200,0.128781,0.640808,0.001243,0.006803
henon,K,3,5,0.01,1.28,1.000e-06,201,0.134159,0.645325,-0.001490,-0.007948
henon,K,3,5,0.01,1.28,1.000e-06,202,0.132845,0.647095,0.014583,0.000177
henon,K,3,5,0.01,1.28,1.000e-06,203,0.133535,0.645203,-0.009181,-0.002054
henon,K,3,5,0.01,1.28,1.000e-06,204,0.132748,0.641541,0.003207,-0.004948
henon,K,3,5,0.01,1.28,1.000e-06,205,0.132325,0.644470,0.018339,-0.005773
henon,K,3,5,0.01,1.28,1.000e-06,206,0.128136,0.639465,0.010393,-0.003048
henon,K,3,5,0.01,1.28,1.000e-06,207,0.133451,0.641968,0.003288,-0.014779
henon,K,3,5,0.01,1.28,1.000e-06,208,0.135452,0.643188,0.002165,0.002992
henon,K,3,5,0.01,1.28,1.000e-06,209,0.135770,0.648315,0.001557,0.001879
henon,K,3,5,0.01,1.28,1.000e-06,210,0.135796,0.645996,0.006589,-0.008562
henon,K,3,5,0.01,1.28,1.000e-06,211,0.137540,0.647095,0.001420,0.003010
henon,K,3,5,0.01,1.28,1.000e-06,212,0.134719,0.644897,0.012161,-0.008182
henon,K,3,5,0.01,1.28,1.000e-06,213,0.131855,0.645325,0.020042,-0.011106
henon,K,3,5,0.01,1.28,1.000e-06,214,0.132407,0.640869,-0.000448,-0.012175
henon,K,3,5,0.01,1.28,1.000e-06,215,0.137672,0.651733,-0.003468,-0.001840
henon,K,3,5,0.01,1.28,1.000e-06,216,0.134124,0.648254,0.007311,0.000695
henon,K,3,5,0.01,1.28,1.000e-06,217,0.141234,0.645691,-0.001463,-0.016901
henon,K,3,5,0.01,1.28,1.000e-06,218,0.134548,0.644653,-0.003459,-0.005344
henon,K,3,5,0.01,1.28,1.000e-06,219,0.134007,0.641968,0.017491,-0.009298
henon,K,3,5,0.01,1.28,1.000e-06,220,0.137182,0.643066,-0.003925,-0.013531
henon,K,3,5,0.01,1.28,1.000e-06,221,0.138179,0.643127,0.000010,-0.008216
henon,K,3,5,0.01,1.28,1.000e-06,222,0.136781,0.650879,0.012404,-0.000498
henon,K,3,5,0.01,1.28,1.000e-06,223,0.142416,0.652893,-0.001729,-0.003670
henon,K,3,5,0.01,1.28,1.000e-06,224,0.143852,0.650024,-0.002052,-0.017579
henon,K,3,5,0.01,1.28,1.000e-06,225,0.133152,0.637573,-0.001571,0.000405
henon,K,3,5,0.01,1.28,1.000e-06,226,0.131873,0.641846,0.008319,0.003912
henon,K,3,5,0.01,1.28,1.000e-06,227,0.139479,0.648193,-0.004932,-0.008672
henon,K,3,5,0.01,1.28,1.000e-06,228,0.140985,0.652527,-0.000887,-0.011841
henon,K,3,5,0.01,1.28,1.000e-06,229,0.139256,0.649414,-0.012648,-0.002457
henon,K,3,5,0.01,1.28,1.000e-06,230,0.130051,0.640137,0.009603,0.008533
henon,K,3,5,0.01,1.28,1.000e-06,231,0.134475,0.651489,0.019137,-0.011876
henon,K,3,5,0.01,1.28,1.000e-06,232,0.132686,0.649109,0.000449,0.003180
henon,K,3,5,0.01,1.28,1.000e-06,233,0.131547,0.643860,0.010215,-0.014721
henon,K,3,5,0.01,1.28,1.000e-06,234,0.131936,0.640808,0.006587,-0.015316
henon,K,3,5,0.01,1.28,1.000e-06,235,0.130808,0.643494,0.002241,0.001644
henon,K,3,5,0.01,1.28,1.000e-06,236,0.127871,0.642395,0.005646,0.004720
henon,K,3,5,0.01,1.28,1.000e-06,237,0.129761,0.642700,0.003213,0.007883
henon,K,3,5,0.01,1.28,1.000e-06,238,0.134799,0.648621,0.011246,0.000329
henon,K,3,5,0.01,1.28,1.000e-06,239,0.134568,0.645996,-0.004312,0.011889
henon,K,3,5,0.01,1.28,1.000e-06,240,0.136767,0.647522,0.007121,-0.008697
henon,K,3,5,0.01,1.28,1.000e-06,241,0.134987,0.645874,0.003363,-0.012534
henon,K,3,5,0.01,1.28,1.000e-06,242,0.137023,0.648254,-0.009244,0.000591
henon,K,3,5,0.01,1.28,1.000e-06,243,0.132836,0.639893,-0.010067,0.004297
henon,K,3,5,0.01,1.28,1.000e-06,244,0.135472,0.645935,0.004433,-0.001392
henon,K,3,5,0.01,1.28,1.000e-06,245,0.133830,0.643921,0.004746,0.001476
henon,K,3,5,0.01,1.28,1.000e-06,246,0.136790,0.650940,-0.001643,0.003228
henon,K,3,5,0.01,1.28,1.000e-06,247,0.136205,0.642700,-0.000246,-0.006923
henon,K,3,5,0.01,1.28,1.000e-06,248,0.138136,0.644958,0.001334,0.000137
henon,K,3,5,0.01,1.28,1.000e-06,249,0.137005,0.642456,-0.011433,-0.001531
henon,K,3,5,0.01,1.28,1.000e-06,250,0.135700,0.644043,-0.006649,0.003472
henon,K,3,5,0.01,1.28,1.000e-06,251,0.132492,0.641113,-0.001927,0.000333
henon,K,3,5,0.01,1.28,1.000e-06,252,0.127922,0.640869,-0.002599,0.010675
henon,K,3,5,0.01,1.28,1.000e-06,253,0.133994,0.644592,-0.010126,0.021578
henon,K,3,5,0.01,1.28,1.000e-06,254,0.136793,0.642639,0.002701,-0.001695
henon,K,3,5,0.01,1.28,1.000e-06,255,0.143605,0.651245,0.001707,-0.008803
henon,K,3,5,0.01,1.28,1.000e-06,256,0.139669,0.642395,-0.003258,-0.007938
henon,K,3,5,0.01,1.28,1.000e-06,257,0.131412,0.643005,0.002798,0.007342
henon,K,3,5,0.01,1.28,1.000e-06,258,0.131831,0.642456,-0.004551,-0.001840
henon,K,3,5,0.01,1.28,1.000e-06,259,0.129198,0.637878,-0.012202,0.030659
henon,K,3,5,0.01,1.28,1.000e-06,260,0.137220,0.653931,-0.005147,0.019573
henon,K,3,5,0.01,1.28,1.000e-06,261,0.140678,0.648560,-0.008488,-0.003544
henon,K,3,5,0.01,1.28,1.000e-06,262,0.129651,0.641296,0.004839,0.015610
henon,K,3,5,0.01,1.28,1.000e-06,263,0.134214,0.646118,0.001730,0.004376
henon,K,3,5,0.01,1.28,1.000e-06,264,0.128175,0.641846,-0.000771,0.009448
henon,K,3,5,0.01,1.28,1.000e-06,265,0.126669,0.636414,-0.006917,0.006245
henon,K,3,5,0.01,1.28,1.000e-06,266,0.137858,0.648193,-0.012448,0.021432
henon,K,3,5,0.01,1.28,1.000e-06,267,0.139967,0.653564,-0.006839,0.004586
henon,K,3,5,0.01,1.28,1.000e-06,268,0.143306,0.650818,-0.002907,-0.012253
henon,K,3,5,0.01,1.28,1.000e-06,269,0.142998,0.650818,-0.007284,-0.004358
henon,K,3,5,0.01,1.28,1.000e-06,270,0.144357,0.653198,-0.004218,-0.014031
henon,K,3,5,0.01,1.28,1.000e-06,271,0.136766,0.645508,-0.005104,0.002751
henon,K,3,5,0.01,1.28,1.000e-06,272,0.136063,0.641479,-0.006398,-0.001405
henon,K,3,5,0.01,1.28,1.000e-06,273,0.135576,0.642151,-0.018033,0.014362
henon,K,3,5,0.01,1.28,1.000e-06,274,0.134938,0.647888,-0.007827,0.011946
henon,K,3,5,0.01,1.28,1.000e-06,275,0.139213,0.646606,-0.001877,-0.010513
henon,K,3,5,0.01,1.28,1.000e-06,276,0.140243,0.648621,-0.011608,0.011261
henon,K,3,5,0.01,1.28,1.000e-06,277,0.134595,0.647461,-0.001646,-0.000422
henon,K,3,5,0.01,1.28,1.000e-06,278,0.132142,0.642212,-0.010182,0.005360
henon,K,3,5,0.01,1.28,1.000e-06,279,0.126440,0.635925,0.003063,-0.000237
henon,K,3,5,0.01,1.28,1.000e-06,280,0.125466,0.637512,-0.000215,0.017629
henon,K,3,5,0.01,1.28,1.000e-06,281,0.130017,0.639893,-0.003933,0.023320
henon,K,3,5,0.01,1.28,1.000e-06,282,0.140687,0.648865,0.006974,0.004286
henon,K,3,5,0.01,1.28,1.000e-06,283,0.143939,0.655090,-0.007600,0.006110
henon,K,3,5,0.01,1.28,1.000e-06,284,0.139130,0.647278,-0.010893,-0.000620
henon,K,3,5,0.01,1.28,1.000e-06,285,0.131935,0.640930,0.001000,-0.001621
henon,K,3,5,0.01,1.28,1.000e-06,286,0.129714,0.638367,0.005339,0.006224
henon,K,3,5,0.01,1.28,1.000e-06,287,0.134798,0.640991,-0.008552,0.009829
henon,K,3,5,0.01,1.28,1.000e-06,288,0.133480,0.642212,0.006302,0.007710
henon,K,3,5,0.01,1.28,1.000e-06,289,0.143612,0.653809,-0.005380,0.002550
henon,K,3,5,0.01,1.28,1.000e-06,290,0.143301,0.649719,-0.014923,0.004843
henon,K,3,5,0.01,1.28,1.000e-06,291,0.132074,0.642395,0.001630,0.001775
henon,K,3,5,0.01,1.28,1.000e-06,292,0.132443,0.642456,0.002023,0.002367
henon,K,3,5,0.01,1.28,1.000e-06,293,0.125648,0.641541,0.006182,0.011041
henon,K,3,5,0.01,1.28,1.000e-06,294,0.129346,0.639221,0.001821,0.004423
henon,K,3,5,0.01,1.28,1.000e-06,295,0.128011,0.639221,-0.002312,0.015514
henon,K,3,5,0.01,1.28,1.000e-06,296,0.134252,0.638123,0.012040,0.017603
henon,K,3,5,0.01,1.28,1.000e-06,297,0.138921,0.649902,-0.001444,-0.002336
henon,K,3,5,0.01,1.28,1.000e-06,298,0.137969,0.645203,-0.004276,0.000570
henon,K,3,5,0.01,1.28,1.000e-06,299,0.133363,0.638611,0.008944,-0.002734
henon,K,3,5,0.01,1.28,1.000e-06,300,0.129834,0.644531,0.001917,0.006641
henon,K,3,5,0.01,1.28,1.000e-06,301,0.130446,0.645264,-0.008350,-0.002765
henon,K,3,5,0.01,1.28,1.000e-06,302,0.121780,0.632812,0.007423,0.009367
henon,K,3,5,0.01,1.28,1.000e-06,303,0.137196,0.643250,0.008052,-0.003670
henon,K,3,5,0.01,1.28,1.000e-06,304,0.138686,0.648804,0.000643,0.001681
henon,K,3,5,0.01,1.28,1.000e-06,305,0.134813,0.643982,-0.000690,0.000072
henon,K,3,5,0.01,1.28,1.000e-06,306,0.131761,0.639038,0.002051,0.004281
henon,K,3,5,0.01,1.28,1.000e-06,307,0.132971,0.646851,0.013566,0.004639
henon,K,3,5,0.01,1.28,1.000e-06,308,0.133530,0.640442,-0.011876,-0.007632
henon,K,3,5,0.01,1.28,1.000e-06,309,0.127197,0.639648,0.000630,0.011061
henon,K,3,5,0.01,1.28,1.000e-06,310,0.135524,0.643188,0.007055,-0.005074
henon,K,3,5,0.01,1.28,1.000e-06,311,0.138508,0.645264,-0.003411,0.001745
henon,K,3,5,0.01,1.28,1.000e-06,312,0.138774,0.646057,0.007657,-0.001817
henon,K,3,5,0.01,1.28,1.000e-06,313,0.138202,0.647461,-0.006282,0.003079
henon,K,3,5,0.01,1.28,1.000e-06,314,0.138433,0.645142,0.001438,0.002155
henon,K,3,5,0.01,1.28,1.000e-06,315,0.136935,0.641846,-0.002663,-0.004311
henon,K,3,5,0.01,1.28,1.000e-06,316,0.131449,0.643372,-0.012688,0.018553
henon,K,3,5,0.01,1.28,1.000e-06,317,0.135198,0.639099,-0.008717,0.008415
henon,K,3,5,0.01,1.28,1.000e-06,318,0.134972,0.642029,0.000196,0.001992
henon,K,3,5,0.01,1.28,1.000e-06,319,0.127565,0.635559,0.008126,0.012241
henon,K,3,5,0.01,1.28,1.000e-06,320,0.131456,0.641663,0.004037,0.008329
henon,K,3,5,0.01,1.28,1.000e-06,321,0.135353,0.644348,0.003878,-0.002891
henon,K,3,5,0.01,1.28,1.000e-06,322,0.131066,0.640686,-0.004861,0.023841
henon,K,3,5,0.01,1.28,1.000e-06,323,0.134936,0.640686,-0.000351,0.009750
henon,K,3,5,0.01,1.28,1.000e-06,324,0.142488,0.647583,-0.002504,-0.012246
henon,K,3,5,0.01,1.28,1.000e-06,325,0.137920,0.645874,-0.000585,0.004581
henon,K,3,5,0.01,1.28,1.000e-06,326,0.129348,0.645935,0.014167,-0.009140
henon,K,3,5,0.01,1.28,1.000e-06,327,0.134442,0.642578,0.002785,0.002359
henon,K,3,5,0.01,1.28,1.000e-06,328,0.131311,0.642578,0.007323,0.001350
henon,K,3,5,0.01,1.28,1.000e-06,329,0.130419,0.639404,-0.001650,0.011566
henon,K,3,5,0.01,1.28,1.000e-06,330,0.132856,0.641357,0.001226,0.007342
henon,K,3,5,0.01,1.28,1.000e-06,331,0.133574,0.643311,0.006517,-0.001546
henon,K,3,5,0.01,1.28,1.000e-06,332,0.132964,0.641907,0.001526,0.004484
henon,K,3,5,0.01,1.28,1.000e-06,333,0.130751,0.641357,0.005666,0.002062
henon,K,3,5,0.01,1.28,1.000e-06,334,0.133890,0.644836,0.000788,-0.003577
henon,K,3,5,0.01,1.28,1.000e-06,335,0.133342,0.642273,0.009110,-0.008060
henon,K,3,5,0.01,1.28,1.000e-06,336,0.139435,0.649719,-0.006728,-0.002488
henon,K,3,5,0.01,1.28,1.000e-06,337,0.139101,0.647400,-0.008979,0.010653
henon,K,3,5,0.01,1.28,1.000e-06,338,0.137937,0.644653,-0.008706,0.002626
henon,K,3,5,0.01,1.28,1.000e-06,339,0.135929,0.644165,-0.003389,0.008998
henon,K,3,5,0.01,1.28,1.000e-06,340,0.135803,0.644531,0.000498,-0.009270
henon,K,3,5,0.01,1.28,1.000e-06,341,0.131901,0.641479,0.006602,0.004008
henon,K,3,5,0.01,1.28,1.000e-06,342,0.135463,0.643005,-0.003718,-0.006127
henon,K,3,5,0.01,1.28,1.000e-06,343,0.135343,0.644470,0.003776,0.006306
henon,K,3,5,0.01,1.28,1.000e-06,344,0.136385,0.648499,-0.000529,0.004822
henon,K,3,5,0.01,1.28,1.000e-06,345,0.135431,0.645142,-0.003265,-0.004628
henon,K,3,5,0.01,1.28,1.000e-06,346,0.137461,0.642029,-0.001501,0.007363
henon,K,3,5,0.01,1.28,1.000e-06,347,0.137530,0.641357,-0.003625,-0.010365
henon,K,3,5,0.01,1.28,1.000e-06,348,0.130109,0.642822,0.013457,0.006043
henon,K,3,5,0.01,1.28,1.000e-06,349,0.135663,0.641357,-0.002593,0.001206
henon,K,3,5,0.01,1.28,1.000e-06,350,0.140438,0.650757,-0.004849,0.000101
henon,K,3,5,0.01,1.28,1.000e-06,351,0.137290,0.647461,-0.006031,0.002191
henon,K,3,5,0.01,1.28,1.000e-06,352,0.138251,0.646362,-0.015380,-0.000536
henon,K,3,5,0.01,1.28,1.000e-06,353,0.134277,0.644104,-0.003949,0.007770
henon,K,3,5,0.01,1.28,1.000e-06,354,0.127314,0.641907,-0.002952,0.006693
henon,K,3,5,0.01,1.28,1.000e-06,355,0.126710,0.642639,0.008837,0.007100
henon,K,3,5,0.01,1.28,1.000e-06,356,0.134682,0.640442,-0.003993,0.003346
henon,K,3,5,0.01,1.28,1.000e-06,357,0.138679,0.649719,0.005859,0.002476
henon,K,3,5,0.01,1.28,1.000e-06,358,0.137367,0.649597,-0.001662,0.000527
henon,K,3,5,0.01,1.28,1.000e-06,359,0.139281,0.649536,-0.012960,-0.012412
henon,K,3,5,0.01,1.28,1.000e-06,360,0.144477,0.646484,-0.007475,-0.004219
henon,K,3,5,0.01,1.28,1.000e-06,361,0.138035,0.643127,-0.008169,0.003208
henon,K,3,5,0.01,1.28,1.000e-06,362,0.133943,0.643372,0.002462,0.000783
henon,K,3,5,0.01,1.28,1.000e-06,363,0.136763,0.646606,-0.005608,-0.000192
henon,K,3,5,0.01,1.28,1.000e-06,364,0.140020,0.644287,-0.002096,0.002072
henon,K,3,5,0.01,1.28,1.000e-06,365,0.137909,0.646301,-0.000698,-0.002081
henon,K,3,5,0.01,1.28,1.000e-06,366,0.134473,0.643982,0.002124,-0.005824
henon,K,3,5,0.01,1.28,1.000e-06,367,0.129998,0.638000,0.009786,0.015718
henon,K,3,5,0.01,1.28,1.000e-06,368,0.135595,0.643738,-0.000279,0.009224
henon,K,3,5,0.01,1.28,1.000e-06,369,0.135254,0.647278,0.004892,-0.002669
henon,K,3,5,0.01,1.28,1.000e-06,370,0.130323,0.641052,0.007415,0.009115
henon,K,3,5,0.01,1.28,1.000e-06,371,0.133054,0.640381,0.004881,0.010701
henon,K,3,5,0.01,1.28,1.000e-06,372,0.137604,0.648804,-0.002708,-0.002255
henon,K,3,5,0.01,1.28,1.000e-06,373,0.136151,0.646729,0.000688,-0.008764
henon,K,3,5,0.01,1.28,1.000e-06,374,0.133042,0.642883,-0.009012,0.011766
henon,K,3,5,0.01,1.28,1.000e-06,375,0.136999,0.645264,-0.008898,0.011171
henon,K,3,5,0.01,1.28,1.000e-06,376,0.136888,0.645142,0.016851,-0.000235
henon,K,3,5,0.01,1.28,1.000e-06,377,0.136774,0.642883,-0.003493,0.003383
henon,K,3,5,0.01,1.28,1.000e-06,378,0.136761,0.648743,-0.005875,0.008127
henon,K,3,5,0.01,1.28,1.000e-06,379,0.139167,0.646729,-0.012114,-0.006150
henon,K,3,5,0.01,1.28,1.000e-06,380,0.135789,0.643677,-0.001273,-0.013813
henon,K,3,5,0.01,1.28,1.000e-06,381,0.127507,0.636414,0.007773,0.010123
henon,K,3,5,0.01,1.28,1.000e-06,382,0.135611,0.645081,-0.004984,0.012015
henon,K,3,5,0.01,1.28,1.000e-06,383,0.140027,0.650208,0.009042,-0.008238
henon,K,3,5,0.01,1.28,1.000e-06,384,0.146439,0.651123,-0.016097,-0.006945
henon,K,3,5,0.01,1.28,1.000e-06,385,0.140733,0.646851,-0.003482,0.006306
henon,K,3,5,0.01,1.28,1.000e-06,386,0.143637,0.649231,-0.009494,-0.007067
henon,K,3,5,0.01,1.28,1.000e-06,387,0.141416,0.652649,-0.007547,-0.017319
henon,K,3,5,0.01,1.28,1.000e-06,388,0.133191,0.640564,0.002044,0.006463
henon,K,3,5,0.01,1.28,1.000e-06,389,0.135359,0.646606,-0.005384,0.014306
henon,K,3,5,0.01,1.28,1.000e-06,390,0.142114,0.644531,0.005864,-0.006871
henon,K,3,5,0.01,1.28,1.000e-06,391,0.142562,0.650208,-0.010588,0.008014
henon,K,3,5,0.01,1.28,1.000e-06,392,0.144418,0.654846,-0.008961,0.000239
henon,K,3,5,0.01,1.28,1.000e-06,393,0.146360,0.651489,-0.011568,-0.004685
henon,K,3,5,0.01,1.28,1.000e-06,394,0.137176,0.646118,-0.008847,-0.006469
henon,K,3,5,0.01,1.28,1.000e-06,395,0.127294,0.638916,0.009285,0.018351
henon,K,3,5,0.01,1.28,1.000e-06,396,0.129038,0.641113,0.003792,0.012090
henon,K,3,5,0.01,1.28,1.000e-06,397,0.132693,0.642639,-0.004496,0.008049
henon,K,3,5,0.01,1.28,1.000e-06,398,0.133136,0.643311,0.000237,0.009702
henon,K,3,5,0.01,1.28,1.000e-06,399,0.140290,0.652283,0.010885,-0.003640
henon,K,3,5,0.01,1.28,1.000e-06,400,0.140881,0.649048,-0.002397,-0.007349
henon,K,3,5,0.01,1.28,1.000e-04,1,-9.299764,0.000000,1.000000,1.000000
henon,K,3,5,0.01,1.28,1.000e-04,2,-8.744730,0.000000,1.000000,1.000000
henon,K,3,5,0.01,1.28,1.000e-04,3,-8.259857,0.000000,1.000000,1.000000
henon,K,3,5,0.01,1.28,1.000e-04,4,-7.862104,0.000000,1.000000,1.000000
henon,K,3,5,0.01,1.28,1.000e-04,5,-7.576928,0.000000,1.000000,1.000000
henon,K,3,5,0.01,1.28,1.000e-04,6,-7.276320,0.000000,0.999999,0.999999
henon,K,3,5,0.01,1.28,1.000e-04,7,-6.929700,0.000000,0.999999,0.999999
henon,K,3,5,0.01,1.28,1.000e-04,8,-6.644819,0.000000,0.999997,0.999997
henon,K,3,5,0.01,1.28,1.000e-04,9,-6.355893,0.000000,0.999993,0.999993
henon,K,3,5,0.01,1.28,1.000e-04,10,-6.058322,0.000000,0.999985,0.999985
henon,K,3,5,0.01,1.28,1.000e-04,11,-5.766557,0.000000,0.999968,0.999967
henon,K,3,5,0.01,1.28,1.000e-04,12,-5.484713,0.000000,0.999918,0.999914
henon,K,3,5,0.01,1.28,1.000e-04,13,-5.204356,0.000000,0.999817,0.999801
henon,K,3,5,0.01,1.28,1.000e-04,14,-4.905619,0.000000,0.999574,0.999527
henon,K,3,5,0.01,1.28,1.000e-04,15,-4.630618,0.000000,0.998999,0.998997
henon,K,3,5,0.01,1.28,1.000e-04,16,-4.336805,0.000000,0.997647,0.997568
henon,K,3,5,0.01,1.28,1.000e-04,17,-4.054196,0.000183,0.994609,0.994780
henon,K,3,5,0.01,1.28,1.000e-04,18,-3.774668,0.001587,0.988257,0.988042
henon,K,3,5,0.01,1.28,1.000e-04,19,-3.496814,0.006836,0.975179,0.975228
henon,K,3,5,0.01,1.28,1.000e-04,20,-3.220828,0.027222,0.949443,0.947070
henon,K,3,5,0.01,1.28,1.000e-04,21,-2.948537,0.057556,0.912362,0.911019
henon,K,3,5,0.01,1.28,1.000e-04,22,-2.710175,0.090088,0.871124,0.863338
henon,K,3,5,0.01,1.28,1.000e-04,23,-2.484582,0.112610,0.835357,0.832333
henon,K,3,5,0.01,1.28,1.000e-04,24,-2.290042,0.130188,0.802395,0.811506
henon,K,3,5,0.01,1.28,1.000e-04,25,-2.102051,0.156982,0.769700,0.772270
henon,K,3,5,0.01,1.28,1.000e-04,26,-1.931370,0.179993,0.736559,0.729227
henon,K,3,5,0.01,1.28,1.000e-04,27,-1.763256,0.197021,0.707844,0.701777
henon,K,3,5,0.01,1.28,1.000e-04,28,-1.610049,0.221375,0.671905,0.666588
henon,K,3,5,0.01,1.28,1.000e-04,29,-1.467298,0.245850,0.646288,0.637398
henon,K,3,5,0.01,1.28,1.000e-04,30,-1.334446,0.261841,0.618408,0.600222
henon,K,3,5,0.01,1.28,1.000e-04,31,-1.214888,0.289124,0.581104,0.579494
henon,K,3,5,0.01,1.28,1.000e-04,32,-1.098071,0.303345,0.550795,0.540650
henon,K,3,5,0.01,1.28,1.000e-04,33,-0.999540,0.323181,0.511665,0.519278
henon,K,3,5,0.01,1.28,1.000e-04,34,-0.905235,0.339661,0.488248,0.477175
henon,K,3,5,0.01,1.28,1.000e-04,35,-0.812495,0.365234,0.452730,0.451153
henon,K,3,5,0.01,1.28,1.000e-04,36,-0.738394,0.379089,0.439501,0.434260
henon,K,3,5,0.01,1.28,1.000e-04,37,-0.663292,0.396118,0.411970,0.396974
henon,K,3,5,0.01,1.28,1.000e-04,38,-0.600334,0.417786,0.380362,0.384625
henon,K,3,5,0.01,1.28,1.000e-04,39,-0.536616,0.427551,0.366216,0.352258
henon,K,3,5,0.01,1.28,1.000e-04,40,-0.478653,0.440247,0.335606,0.319250
henon,K,3,5,0.01,1.28,1.000e-04,41,-0.433182,0.448669,0.314748,0.308612
henon,K,3,5,0.01,1.28,1.000e-04,42,-0.388813,0.464966,0.299431,0.286350
henon,K,3,5,0.01,1.28,1.000e-04,43,-0.343828,0.477661,0.272398,0.279568
henon,K,3,5,0.01,1.28,1.000e-04,44,-0.299325,0.490417,0.262844,0.251885
henon,K,3,5,0.01,1.28,1.000e-04,45,-0.266135,0.503784,0.241589,0.241956
henon,K,3,5,0.01,1.28,1.000e-04,46,-0.237648,0.514282,0.226209,0.220534
henon,K,3,5,0.01,1.28,1.000e-04,47,-0.218845,0.513123,0.211293,0.204444
henon,K,3,5,0.01,1.28,1.000e-04,48,-0.193423,0.523499,0.193491,0.189317
henon,K,3,5,0.01,1.28,1.000e-04,49,-0.172062,0.533630,0.189962,0.181288
henon,K,3,5,0.01,1.28,1.000e-04,50,-0.155544,0.536011,0.186588,0.179185
henon,K,3,5,0.01,1.28,1.000e-04,51,-0.129597,0.546387,0.170949,0.163920
henon,K,3,5,0.01,1.28,1.000e-04,52,-0.110377,0.557495,0.157320,0.164297
henon,K,3,5,0.01,1.28,1.000e-04,53,-0.093962,0.557373,0.163112,0.131359
henon,K,3,5,0.01,1.28,1.000e-04,54,-0.082264,0.563293,0.130931,0.131709
henon,K,3,5,0.01,1.28,1.000e-04,55,-0.056105,0.574097,0.120217,0.106073
henon,K,3,5,0.01,1.28,1.000e-04,56,-0.049404,0.575623,0.124538,0.110591
henon,K,3,5,0.01,1.28,1.000e-04,57,-0.045039,0.573425,0.116497,0.117629
henon,K,3,5,0.01,1.28,1.000e-04,58,-0.032944,0.581787,0.106795,0.100740
henon,K,3,5,0.01,1.28,1.000e-04,59,-0.028600,0.578186,0.099107,0.115115
henon,K,3,5,0.01,1.28,1.000e-04,60,-0.019608,0.585938,0.113438,0.105221
henon,K,3,5,0.01,1.28,1.000e-04,61,-0.003534,0.590515,0.074533,0.089313
henon,K,3,5,0.01,1.28,1.000e-04,62,0.007966,0.597290,0.080065,0.076826
henon,K,3,5,0.01,1.28,1.000e-04,63,0.010211,0.592529,0.082331,0.080917
henon,K,3,5,0.01,1.28,1.000e-04,64,0.023815,0.604492,0.063336,0.089299
henon,K,3,5,0.01,1.28,1.000e-04,65,0.028854,0.602966,0.076891,0.067408
henon,K,3,5,0.01,1.28,1.000e-04,66,0.033330,0.603149,0.075252,0.058226
henon,K,3,5,0.01,1.28,1.000e-04,67,0.040042,0.607727,0.077213,0.054683
henon,K,3,5,0.01,1.28,1.000e-04,68,0.046884,0.608521,0.053515,0.052255
henon,K,3,5,0.01,1.28,1.000e-04,69,0.052532,0.611511,0.053077,0.045806
henon,K,3,5,0.01,1.28,1.000e-04,70,0.052103,0.608154,0.052061,0.044416
henon,K,3,5,0.01,1.28,1.000e-04,71,0.065027,0.617554,0.031552,0.058816
henon,K,3,5,0.01,1.28,1.000e-04,72,0.066549,0.615906,0.047239,0.047744
henon,K,3,5,0.01,1.28,1.000e-04,73,0.074348,0.618652,0.041100,0.045630
henon,K,3,5,0.01,1.28,1.000e-04,74,0.081544,0.623352,0.031189,0.042512
henon,K,3,5,0.01,1.28,1.000e-04,75,0.083234,0.625732,0.035768,0.028334
henon,K,3,5,0.01,1.28,1.000e-04,76,0.078926,0.619812,0.041942,0.039689
henon,K,3,5,0.01,1.28,1.000e-04,77,0.082019,0.621826,0.040011,0.036155
henon,K,3,5,0.01,1.28,1.000e-04,78,0.083561,0.624084,0.035383,0.047523
henon,K,3,5,0.01,1.28,1.000e-04,79,0.088104,0.621643,0.037675,0.036022
henon,K,3,5,0.01,1.28,1.000e-04,80,0.088812,0.624084,0.032431,0.037194
henon,K,3,5,0.01,1.28,1.000e-04,81,0.091197,0.629700,0.029582,0.034823
henon,K,3,5,0.01,1.28,1.000e-04,82,0.094738,0.630920,0.024849,0.022269
henon,K,3,5,0.01,1.28,1.000e-04,83,0.102723,0.629456,0.019001,0.026187
henon,K,3,5,0.01,1.28,1.000e-04,84,0.105250,0.628113,0.021149,0.006212
henon,K,3,5,0.01,1.28,1.000e-04,85,0.100008,0.629333,0.030422,0.037871
henon,K,3,5,0.01,1.28,1.000e-04,86,0.106940,0.634338,0.020090,0.011520
henon,K,3,5,0.01,1.28,1.000e-04,87,0.116175,0.642151,0.015639,0.006829
henon,K,3,5,0.01,1.28,1.000e-04,88,0.110979,0.632080,0.017515,0.020772
henon,K,3,5,0.01,1.28,1.000e-04,89,0.110448,0.631348,0.020947,0.025896
henon,K,3,5,0.01,1.28,1.000e-04,90,0.123995,0.641785,0.006848,0.010992
henon,K,3,5,0.01,1.28,1.000e-04,91,0.118632,0.637634,0.007341,0.001304
henon,K,3,5,0.01,1.28,1.000e-04,92,0.113994,0.637146,0.009843,0.014763
henon,K,3,5,0.01,1.28,1.000e-04,93,0.118311,0.635315,0.013050,0.007559
henon,K,3,5,0.01,1.28,1.000e-04,94,0.121055,0.639893,0.003567,0.010908
henon,K,3,5,0.01,1.28,1.000e-04,95,0.112194,0.634766,0.022072,0.019381
henon,K,3,5,0.01,1.28,1.000e-04,96,0.116218,0.633423,0.015958,0.012981
henon,K,3,5,0.01,1.28,1.000e-04,97,0.126070,0.640259,0.017856,0.003192
henon,K,3,5,0.01,1.28,1.000e-04,98,0.124260,0.638916,0.003985,0.007876
henon,K,3,5,0.01,1.28,1.000e-04,99,0.118122,0.636719,0.017407,0.013819
henon,K,3,5,0.01,1.28,1.000e-04,100,0.125552,0.640442,0.007680,-0.007333
henon,K,3,5,0.01,1.28,1.000e-04,101,0.129811,0.645081,0.009831,0.001852
henon,K,3,5,0.01,1.28,1.000e-04,102,0.122143,0.636353,0.014588,0.008168
henon,K,3,5,0.01,1.28,1.000e-04,103,0.128640,0.639954,0.003230,-0.007456
henon,K,3,5,0.01,1.28,1.000e-04,104,0.119907,0.639526,0.022509,0.012905
henon,K,3,5,0.01,1.28,1.000e-04,105,0.122142,0.637756,0.009324,0.001632
henon,K,3,5,0.01,1.28,1.000e-04,106,0.119992,0.642639,0.013258,0.021030
henon,K,3,5,0.01,1.28,1.000e-04,107,0.126667,0.642944,-0.001836,-0.001789
henon,K,3,5,0.01,1.28,1.000e-04,108,0.125874,0.639587,0.007864,-0.003492
henon,K,3,5,0.01,1.28,1.000e-04,109,0.127000,0.643860,0.009171,0.001422
henon,K,3,5,0.01,1.28,1.000e-04,110,0.124156,0.639404,0.008761,-0.003010
henon,K,3,5,0.01,1.28,1.000e-04,111,0.120375,0.639648,0.020846,0.011358
henon,K,3,5,0.01,1.28,1.000e-04,112,0.128710,0.645386,0.000391,-0.004046
henon,K,3,5,0.01,1.28,1.000e-04,113,0.130214,0.648560,-0.000061,0.010573
henon,K,3,5,0.01,1.28,1.000e-04,114,0.136210,0.650696,-0.005814,-0.012151
henon,K,3,5,0.01,1.28,1.000e-04,115,0.132124,0.644653,-0.010408,-0.010956
henon,K,3,5,0.01,1.28,1.000e-04,116,0.122861,0.642761,0.009353,0.002218
henon,K,3,5,0.01,1.28,1.000e-04,117,0.128705,0.639221,0.009718,-0.017670
henon,K,3,5,0.01,1.28,1.000e-04,118,0.127085,0.642090,0.013725,-0.010942
henon,K,3,5,0.01,1.28,1.000e-04,119,0.129953,0.643372,0.010112,0.010270
henon,K,3,5,0.01,1.28,1.000e-04,120,0.133615,0.648926,0.007356,0.002469
henon,K,3,5,0.01,1.28,1.000e-04,121,0.138499,0.650269,-0.004316,-0.002156
henon,K,3,5,0.01,1.28,1.000e-04,122,0.136869,0.648682,0.000518,-0.007680
henon,K,3,5,0.01,1.28,1.000e-04,123,0.129499,0.646118,0.003380,0.002012
henon,K,3,5,0.01,1.28,1.000e-04,124,0.133334,0.641907,0.008128,-0.007232
henon,K,3,5,0.01,1.28,1.000e-04,125,0.128565,0.642883,0.007796,-0.012897
henon,K,3,5,0.01,1.28,1.000e-04,126,0.127889,0.646606,0.004820,0.001184
henon,K,3,5,0.01,1.28,1.000e-04,127,0.131526,0.643921,0.014990,0.004862
henon,K,3,5,0.01,1.28,1.000e-04,128,0.137841,0.651062,0.000191,-0.012337
henon,K,3,5,0.01,1.28,1.000e-04,129,0.137586,0.648071,0.001589,-0.006419
henon,K,3,5,0.01,1.28,1.000e-04,130,0.128611,0.638611,0.017052,-0.010565
henon,K,3,5,0.01,1.28,1.000e-04,131,0.126328,0.639526,0.005473,0.003355
henon,K,3,5,0.01,1.28,1.000e-04,132,0.131133,0.641541,0.008204,-0.002440
henon,K,3,5,0.01,1.28,1.000e-04,133,0.133922,0.645325,-0.001110,-0.012766
henon,K,3,5,0.01,1.28,1.000e-04,134,0.142162,0.652588,-0.002383,0.004910
henon,K,3,5,0.01,1.28,1.000e-04,135,0.140456,0.651611,0.006217,-0.006045
henon,K,3,5,0.01,1.28,1.000e-04,136,0.134196,0.648376,-0.001789,0.000123
henon,K,3,5,0.01,1.28,1.000e-04,137,0.131554,0.646912,0.006536,-0.011551
henon,K,3,5,0.01,1.28,1.000e-04,138,0.135074,0.642944,-0.002811,0.000287
henon,K,3,5,0.01,1.28,1.000e-04,139,0.139024,0.646729,0.001389,-0.015363
henon,K,3,5,0.01,1.28,1.000e-04,140,0.132318,0.641296,-0.006709,0.005396
henon,K,3,5,0.01,1.28,1.000e-04,141,0.136305,0.644714,-0.001763,0.003954
henon,K,3,5,0.01,1.28,1.000e-04,142,0.139918,0.649597,-0.006542,0.000850
henon,K,3,5,0.01,1.28,1.000e-04,143,0.135866,0.644409,-0.010682,0.009275
henon,K,3,5,0.01,1.28,1.000e-04,144,0.132245,0.642639,-0.003710,-0.000084
henon,K,3,5,0.01,1.28,1.000e-04,145,0.137816,0.646851,-0.009879,0.008822
henon,K,3,5,0.01,1.28,1.000e-04,146,0.139113,0.647461,-0.002332,-0.001857
henon,K,3,5,0.01,1.28,1.000e-04,147,0.138219,0.643311,-0.004524,-0.004529
henon,K,3,5,0.01,1.28,1.000e-04,148,0.139615,0.647949,-0.009971,-0.000088
henon,K,3,5,0.01,1.28,1.000e-04,149,0.137258,0.647461,0.001898,0.007641
henon,K,3,5,0.01,1.28,1.000e-04,150,0.135189,0.646851,-0.015544,0.016940
henon,K,3,5,0.01,1.28,1.000e-04,151,0.129442,0.641968,0.005421,0.005524
henon,K,3,5,0.01,1.28,1.000e-04,152,0.137811,0.645386,-0.003449,0.010112
henon,K,3,5,0.01,1.28,1.000e-04,153,0.137765,0.644897,-0.005752,0.005237
henon,K,3,5,0.01,1.28,1.000e-04,154,0.135129,0.645691,-0.002333,-0.005811
henon,K,3,5,0.01,1.28,1.000e-04,155,0.136605,0.644470,-0.004082,-0.018155
henon,K,3,5,0.01,1.28,1.000e-04,156,0.135417,0.648010,0.007579,-0.002008
henon,K,3,5,0.01,1.28,1.000e-04,157,0.136399,0.643433,-0.003050,-0.002106
henon,K,3,5,0.01,1.28,1.000e-04,158,0.131227,0.642700,-0.004444,-0.001936
henon,K,3,5,0.01,1.28,1.000e-04,159,0.134512,0.644409,0.001389,0.005054
henon,K,3,5,0.01,1.28,1.000e-04,160,0.137179,0.644592,-0.006521,0.001189
henon,K,3,5,0.01,1.28,1.000e-04,161,0.138478,0.646301,-0.004931,-0.004748
henon,K,3,5,0.01,1.28,1.000e-04,162,0.133305,0.641785,-0.001929,0.009376
henon,K,3,5,0.01,1.28,1.000e-04,163,0.130189,0.643127,-0.001492,0.013676
henon,K,3,5,0.01,1.28,1.000e-04,164,0.128105,0.640137,-0.001921,0.005907
henon,K,3,5,0.01,1.28,1.000e-04,165,0.127332,0.639709,0.009552,0.004668
henon,K,3,5,0.01,1.28,1.000e-04,166,0.133989,0.644409,-0.009819,0.010636
henon,K,3,5,0.01,1.28,1.000e-04,167,0.130549,0.642883,0.005376,0.001829
henon,K,3,5,0.01,1.28,1.000e-04,168,0.135333,0.650146,-0.005305,-0.001543
henon,K,3,5,0.01,1.28,1.000e-04,169,0.138627,0.646667,-0.003881,-0.011720
henon,K,3,5,0.01,1.28,1.000e-04,170,0.134795,0.647156,0.011115,0.002305
henon,K,3,5,0.01,1.28,1.000e-04,171,0.132472,0.641968,-0.000235,0.001207
henon,K,3,5,0.01,1.28,1.000e-04,172,0.137047,0.646912,-0.006270,-0.002139
henon,K,3,5,0.01,1.28,1.000e-04,173,0.127061,0.640015,0.000597,0.009722
henon,K,3,5,0.01,1.28,1.000e-04,174,0.123121,0.633057,0.013339,0.004704
henon,K,3,5,0.01,1.28,1.000e-04,175,0.125687,0.638733,0.000774,0.007782
henon,K,3,5,0.01,1.28,1.000e-04,176,0.132689,0.644714,0.001121,0.010326
henon,K,3,5,0.01,1.28,1.000e-04,177,0.132182,0.646362,0.007685,0.010698
henon,K,3,5,0.01,1.28,1.000e-04,178,0.132319,0.645874,0.000474,0.000729
henon,K,3,5,0.01,1.28,1.000e-04,179,0.130615,0.645020,0.010557,-0.003560
henon,K,3,5,0.01,1.28,1.000e-04,180,0.128353,0.640503,0.002276,0.004082
henon,K,3,5,0.01,1.28,1.000e-04,181,0.131888,0.646606,0.003812,-0.003630
henon,K,3,5,0.01,1.28,1.000e-04,182,0.124940,0.639954,0.008766,0.009212
henon,K,3,5,0.01,1.28,1.000e-04,183,0.132032,0.644714,0.011927,-0.005366
henon,K,3,5,0.01,1.28,1.000e-04,184,0.133771,0.642090,0.012174,-0.006142
henon,K,3,5,0.01,1.28,1.000e-04,185,0.134674,0.644226,0.000313,0.006719
henon,K,3,5,0.01,1.28,1.000e-04,186,0.127915,0.638611,0.012324,0.005564
henon,K,3,5,0.01,1.28,1.000e-04,187,0.132132,0.643066,0.003784,0.007633
henon,K,3,5,0.01,1.28,1.000e-04,188,0.129918,0.642090,0.008429,0.006035
henon,K,3,5,0.01,1.28,1.000e-04,189,0.128113,0.642090,0.019457,0.009569
henon,K,3,5,0.01,1.28,1.000e-04,190,0.136900,0.644836,0.000308,-0.003806
henon,K,3,5,0.01,1.28,1.000e-04,191,0.137332,0.649048,0.002440,0.000181
henon,K,3,5,0.01,1.28,1.000e-04,192,0.135282,0.644104,0.000524,0.003447
henon,K,3,5,0.01,1.28,1.000e-04,193,0.132316,0.638672,0.003528,0.010956
henon,K,3,5,0.01,1.28,1.000e-04,194,0.135062,0.646057,-0.004622,0.003334
henon,K,3,5,0.01,1.28,1.000e-04,195,0.137303,0.647827,-0.005626,-0.001793
henon,K,3,5,0.01,1.28,1.000e-04,196,0.134279,0.645752,0.004372,0.005686
henon,K,3,5,0.01,1.28,1.000e-04,197,0.133808,0.643311,0.006130,-0.005696
henon,K,3,5,0.01,1.28,1.000e-04,198,0.140528,0.649414,-0.004228,-0.007413
henon,K,3,5,0.01,1.28,1.000e-04,199,0.135938,0.647644,0.001694,-0.000432
henon,K,3,5,0.01,1.28,1.000e-04,200,0.132772,0.642517,0.008526,0.002871
henon,K,3,5,0.01,1.28,1.000e-04,201,0.137015,0.644775,-0.007196,0.007334
henon,K,3,5,0.01,1.28,1.000e-04,202,0.142402,0.650085,-0.004474,-0.004527
henon,K,3,5,0.01,1.28,1.000e-04,203,0.140154,0.648254,0.003756,0.004913
henon,K,3,5,0.01,1.28,1.000e-04,204,0.140422,0.644958,-0.009622,-0.011474
henon,K,3,5,0.01,1.28,1.000e-04,205,0.136224,0.645752,-0.000812,0.010462
henon,K,3,5,0.01,1.28,1.000e-04,206,0.128948,0.640320,0.014868,0.001604
henon,K,3,5,0.01,1.28,1.000e-04,207,0.133978,0.645935,0.014510,-0.006845
henon,K,3,5,0.01,1.28,1.000e-04,208,0.140093,0.648376,-0.012262,0.007917
henon,K,3,5,0.01,1.28,1.000e-04,209,0.137681,0.647827,-0.003575,-0.005283
henon,K,3,5,0.01,1.28,1.000e-04,210,0.142428,0.650513,0.000114,-0.009553
henon,K,3,5,0.01,1.28,1.000e-04,211,0.138151,0.645325,-0.005535,0.001839
henon,K,3,5,0.01,1.28,1.000e-04,212,0.137833,0.644836,-0.002823,0.003687
henon,K,3,5,0.01,1.28,1.000e-04,213,0.138582,0.645935,0.016029,-0.006334
henon,K,3,5,0.01,1.28,1.000e-04,214,0.137496,0.643127,0.006754,0.000656
henon,K,3,5,0.01,1.28,1.000e-04,215,0.144237,0.651978,-0.006577,0.005935
henon,K,3,5,0.01,1.28,1.000e-04,216,0.141312,0.643860,-0.013730,-0.002747
henon,K,3,5,0.01,1.28,1.000e-04,217,0.145720,0.649597,-0.002401,-0.011840
henon,K,3,5,0.01,1.28,1.000e-04,218,0.136829,0.643188,-0.000208,-0.002918
henon,K,3,5,0.01,1.28,1.000e-04,219,0.138989,0.647583,-0.007237,0.007747
henon,K,3,5,0.01,1.28,1.000e-04,220,0.144730,0.647278,-0.001020,-0.019504
henon,K,3,5,0.01,1.28,1.000e-04,221,0.144859,0.654175,0.004099,-0.003721
henon,K,3,5,0.01,1.28,1.000e-04,222,0.139253,0.648987,-0.005966,0.000692
henon,K,3,5,0.01,1.28,1.000e-04,223,0.132512,0.643372,0.008778,-0.008548
henon,K,3,5,0.01,1.28,1.000e-04,224,0.136233,0.645996,0.011963,-0.001341
henon,K,3,5,0.01,1.28,1.000e-04,225,0.137574,0.643433,-0.007318,-0.002410
henon,K,3,5,0.01,1.28,1.000e-04,226,0.136636,0.645630,-0.006543,0.004745
henon,K,3,5,0.01,1.28,1.000e-04,227,0.141192,0.646362,-0.007440,-0.005753
henon,K,3,5,0.01,1.28,1.000e-04,228,0.140483,0.649292,-0.006049,-0.000513
henon,K,3,5,0.01,1.28,1.000e-04,229,0.134121,0.641541,-0.003796,-0.002634
henon,K,3,5,0.01,1.28,1.000e-04,230,0.129711,0.641846,0.010731,-0.006170
henon,K,3,5,0.01,1.28,1.000e-04,231,0.138644,0.648621,0.010435,-0.008716
henon,K,3,5,0.01,1.28,1.000e-04,232,0.139554,0.650635,-0.001568,-0.000947
henon,K,3,5,0.01,1.28,1.000e-04,233,0.135710,0.646057,-0.005827,-0.004218
henon,K,3,5,0.01,1.28,1.000e-04,234,0.135170,0.644897,-0.005308,0.001051
henon,K,3,5,0.01,1.28,1.000e-04,235,0.135448,0.646423,0.007532,-0.001020
henon,K,3,5,0.01,1.28,1.000e-04,236,0.131797,0.641113,-0.009263,0.006896
henon,K,3,5,0.01,1.28,1.000e-04,237,0.126673,0.639587,0.005960,0.011706
henon,K,3,5,0.01,1.28,1.000e-04,238,0.132141,0.645569,0.012070,0.005297
henon,K,3,5,0.01,1.28,1.000e-04,239,0.134512,0.640259,0.009964,0.006571
henon,K,3,5,0.01,1.28,1.000e-04,240,0.135071,0.648499,0.012256,-0.004982
henon,K,3,5,0.01,1.28,1.000e-04,241,0.133529,0.642151,-0.001675,-0.000277
henon,K,3,5,0.01,1.28,1.000e-04,242,0.138192,0.647827,0.007694,-0.000964
henon,K,3,5,0.01,1.28,1.000e-04,243,0.135535,0.643127,-0.012779,0.005967
henon,K,3,5,0.01,1.28,1.000e-04,244,0.137757,0.646790,0.014354,0.002052
henon,K,3,5,0.01,1.28,1.000e-04,245,0.143339,0.648315,-0.001150,-0.011323
henon,K,3,5,0.01,1.28,1.000e-04,246,0.146706,0.650696,-0.012536,-0.003906
henon,K,3,5,0.01,1.28,1.000e-04,247,0.139346,0.646118,-0.006222,-0.000976
henon,K,3,5,0.01,1.28,1.000e-04,248,0.142791,0.645935,-0.007111,-0.005553
henon,K,3,5,0.01,1.28,1.000e-04,249,0.134822,0.644409,0.000235,0.005315
henon,K,3,5,0.01,1.28,1.000e-04,250,0.130090,0.640686,-0.007957,0.016907
henon,K,3,5,0.01,1.28,1.000e-04,251,0.130915,0.639954,0.000762,0.010062
henon,K,3,5,0.01,1.28,1.000e-04,252,0.134095,0.647339,0.005007,0.010383
henon,K,3,5,0.01,1.28,1.000e-04,253,0.137915,0.644287,-0.007362,0.007525
henon,K,3,5,0.01,1.28,1.000e-04,254,0.139742,0.647888,-0.006178,0.002792
henon,K,3,5,0.01,1.28,1.000e-04,255,0.143891,0.647949,-0.000885,-0.007253
henon,K,3,5,0.01,1.28,1.000e-04,256,0.140186,0.651855,-0.000805,-0.007163
henon,K,3,5,0.01,1.28,1.000e-04,257,0.134102,0.646667,-0.000465,-0.000250
henon,K,3,5,0.01,1.28,1.000e-04,258,0.130298,0.640198,0.005493,0.000366
henon,K,3,5,0.01,1.28,1.000e-04,259,0.134123,0.643250,-0.005662,0.012217
henon,K,3,5,0.01,1.28,1.000e-04,260,0.138974,0.650269,0.002959,-0.001075
henon,K,3,5,0.01,1.28,1.000e-04,261,0.136849,0.645264,0.010100,0.001351
henon,K,3,5,0.01,1.28,1.000e-04,262,0.145970,0.655396,-0.002886,-0.004302
henon,K,3,5,0.01,1.28,1.000e-04,263,0.132362,0.643433,0.016193,-0.005788
henon,K,3,5,0.01,1.28,1.000e-04,264,0.133195,0.646057,-0.009260,-0.002548
henon,K,3,5,0.01,1.28,1.000e-04,265,0.130690,0.639221,-0.001311,0.001513
henon,K,3,5,0.01,1.28,1.000e-04,266,0.136084,0.650513,-0.007615,0.012261
henon,K,3,5,0.01,1.28,1.000e-04,267,0.130236,0.639832,-0.002002,0.018884
henon,K,3,5,0.01,1.28,1.000e-04,268,0.131445,0.643188,0.001330,0.008088
henon,K,3,5,0.01,1.28,1.000e-04,269,0.138028,0.649109,-0.003049,-0.005398
henon,K,3,5,0.01,1.28,1.000e-04,270,0.134940,0.646912,0.006074,0.007449
henon,K,3,5,0.01,1.28,1.000e-04,271,0.136445,0.646240,-0.008696,-0.011359
henon,K,3,5,0.01,1.28,1.000e-04,272,0.134027,0.643372,0.003487,-0.004365
henon,K,3,5,0.01,1.28,1.000e-04,273,0.134295,0.643616,0.002406,0.015467
henon,K,3,5,0.01,1.28,1.000e-04,274,0.137072,0.645325,-0.007796,0.003686
henon,K,3,5,0.01,1.28,1.000e-04,275,0.134815,0.644470,-0.008138,0.020635
henon,K,3,5,0.01,1.28,1.000e-04,276,0.142314,0.647705,-0.016638,0.001018
henon,K,3,5,0.01,1.28,1.000e-04,277,0.141373,0.650208,-0.012690,0.001296
henon,K,3,5,0.01,1.28,1.000e-04,278,0.134102,0.645691,-0.006899,-0.004729
henon,K,3,5,0.01,1.28,1.000e-04,279,0.132218,0.641724,0.002476,-0.001458
henon,K,3,5,0.01,1.28,1.000e-04,280,0.132300,0.645386,0.002438,0.016601
henon,K,3,5,0.01,1.28,1.000e-04,281,0.138706,0.645264,-0.010105,0.005794
henon,K,3,5,0.01,1.28,1.000e-04,282,0.140193,0.649658,-0.015122,0.010496
henon,K,3,5,0.01,1.28,1.000e-04,283,0.134911,0.645325,-0.001270,0.001266
henon,K,3,5,0.01,1.28,1.000e-04,284,0.134253,0.644531,-0.004837,-0.001442
henon,K,3,5,0.01,1.28,1.000e-04,285,0.130588,0.643982,-0.000702,-0.000510
henon,K,3,5,0.01,1.28,1.000e-04,286,0.129893,0.647705,0.008720,-0.002132
henon,K,3,5,0.01,1.28,1.000e-04,287,0.136722,0.643555,-0.004567,-0.002668
henon,K,3,5,0.01,1.28,1.000e-04,288,0.132911,0.644409,-0.006192,0.011026
henon,K,3,5,0.01,1.28,1.000e-04,289,0.129386,0.642822,0.006788,0.017391
henon,K,3,5,0.01,1.28,1.000e-04,290,0.130843,0.639221,-0.005221,-0.003097
henon,K,3,5,0.01,1.28,1.000e-04,291,0.123633,0.638672,0.009953,0.025293
henon,K,3,5,0.01,1.28,1.000e-04,292,0.124735,0.635071,0.013262,0.011609
henon,K,3,5,0.01,1.28,1.000e-04,293,0.127799,0.640381,0.010953,0.004481
henon,K,3,5,0.01,1.28,1.000e-04,294,0.134850,0.645752,-0.003092,0.003830
henon,K,3,5,0.01,1.28,1.000e-04,295,0.136435,0.647522,-0.006329,-0.003560
henon,K,3,5,0.01,1.28,1.000e-04,296,0.143248,0.648560,0.001746,-0.007042
henon,K,3,5,0.01,1.28,1.000e-04,297,0.137335,0.648132,-0.004227,-0.007233
henon,K,3,5,0.01,1.28,1.000e-04,298,0.126122,0.637573,0.004691,0.018585
henon,K,3,5,0.01,1.28,1.000e-04,299,0.128945,0.639832,0.000067,-0.004975
henon,K,3,5,0.01,1.28,1.000e-04,300,0.127245,0.640503,0.015246,0.012574
henon,K,3,5,0.01,1.28,1.000e-04,301,0.131186,0.645569,0.001841,0.010286
henon,K,3,5,0.01,1.28,1.000e-04,302,0.131879,0.641479,-0.000080,-0.003797
henon,K,3,5,0.01,1.28,1.000e-04,303,0.143885,0.647766,-0.008272,-0.012853
henon,K,3,5,0.01,1.28,1.000e-04,304,0.135570,0.645874,0.012610,-0.000133
henon,K,3,5,0.01,1.28,1.000e-04,305,0.132733,0.641113,0.002218,0.000744
henon,K,3,5,0.01,1.28,1.000e-04,306,0.137172,0.643860,0.003522,-0.009710
henon,K,3,5,0.01,1.28,1.000e-04,307,0.131753,0.642029,0.014434,0.004491
henon,K,3,5,0.01,1.28,1.000e-04,308,0.132731,0.640991,-0.001360,-0.005455
henon,K,3,5,0.01,1.28,1.000e-04,309,0.131744,0.644226,0.005324,0.004788
henon,K,3,5,0.01,1.28,1.000e-04,310,0.138512,0.643616,0.005839,-0.007198
henon,K,3,5,0.01,1.28,1.000e-04,311,0.137293,0.647949,0.006894,-0.008025
henon,K,3,5,0.01,1.28,1.000e-04,312,0.136777,0.642639,-0.010416,-0.002179
henon,K,3,5,0.01,1.28,1.000e-04,313,0.136194,0.642212,0.004023,-0.004326
henon,K,3,5,0.01,1.28,1.000e-04,314,0.134472,0.644287,0.005019,0.016241
henon,K,3,5,0.01,1.28,1.000e-04,315,0.137199,0.648743,0.001619,0.004904
henon,K,3,5,0.01,1.28,1.000e-04,316,0.134880,0.645020,0.002317,0.001523
henon,K,3,5,0.01,1.28,1.000e-04,317,0.139131,0.643738,0.003615,-0.010029
henon,K,3,5,0.01,1.28,1.000e-04,318,0.138063,0.649414,0.005418,-0.001720
henon,K,3,5,0.01,1.28,1.000e-04,319,0.135051,0.645447,-0.007403,0.002550
henon,K,3,5,0.01,1.28,1.000e-04,320,0.135146,0.643250,-0.004395,-0.004039
henon,K,3,5,0.01,1.28,1.000e-04,321,0.137777,0.648315,-0.002025,0.000922
henon,K,3,5,0.01,1.28,1.000e-04,322,0.137612,0.643982,0.006097,0.007295
henon,K,3,5,0.01,1.28,1.000e-04,323,0.137897,0.644775,0.003556,0.007800
henon,K,3,5,0.01,1.28,1.000e-04,324,0.142353,0.646729,-0.013948,-0.000446
henon,K,3,5,0.01,1.28,1.000e-04,325,0.142997,0.649414,-0.013944,-0.004896
henon,K,3,5,0.01,1.28,1.000e-04,326,0.138142,0.643799,-0.005916,-0.001841
henon,K,3,5,0.01,1.28,1.000e-04,327,0.138612,0.641785,-0.006884,-0.002218
henon,K,3,5,0.01,1.28,1.000e-04,328,0.138096,0.645264,0.002671,0.008274
henon,K,3,5,0.01,1.28,1.000e-04,329,0.139267,0.645264,0.009960,-0.002927
henon,K,3,5,0.01,1.28,1.000e-04,330,0.132949,0.643250,0.005618,0.009153
henon,K,3,5,0.01,1.28,1.000e-04,331,0.133847,0.642090,-0.001352,0.005356
henon,K,3,5,0.01,1.28,1.000e-04,332,0.138538,0.645691,0.006911,-0.004973
henon,K,3,5,0.01,1.28,1.000e-04,333,0.129204,0.641479,0.013447,0.005457
henon,K,3,5,0.01,1.28,1.000e-04,334,0.130875,0.639099,-0.005693,-0.003798
henon,K,3,5,0.01,1.28,1.000e-04,335,0.128375,0.639221,0.018553,0.007818
henon,K,3,5,0.01,1.28,1.000e-04,336,0.135140,0.642822,0.015078,0.000944
henon,K,3,5,0.01,1.28,1.000e-04,337,0.132647,0.643677,0.000957,0.003693
henon,K,3,5,0.01,1.28,1.000e-04,338,0.131599,0.643127,0.005596,0.004326
henon,K,3,5,0.01,1.28,1.000e-04,339,0.137501,0.645813,0.007803,-0.002899
henon,K,3,5,0.01,1.28,1.000e-04,340,0.129231,0.639709,0.014461,-0.004760
henon,K,3,5,0.01,1.28,1.000e-04,341,0.128709,0.642761,0.004484,-0.003647
henon,K,3,5,0.01,1.28,1.000e-04,342,0.135211,0.648804,0.013236,-0.003172
henon,K,3,5,0.01,1.28,1.000e-04,343,0.140751,0.646179,-0.001076,-0.007649
henon,K,3,5,0.01,1.28,1.000e-04,344,0.140015,0.649719,-0.000638,-0.008282
henon,K,3,5,0.01,1.28,1.000e-04,345,0.135834,0.644775,0.002872,0.000733
henon,K,3,5,0.01,1.28,1.000e-04,346,0.132729,0.643311,0.014131,-0.005749
henon,K,3,5,0.01,1.28,1.000e-04,347,0.132422,0.640442,0.007721,-0.008007
henon,K,3,5,0.01,1.28,1.000e-04,348,0.129339,0.643250,0.002846,0.003349
henon,K,3,5,0.01,1.28,1.000e-04,349,0.127740,0.639832,0.016304,0.011853
henon,K,3,5,0.01,1.28,1.000e-04,350,0.140378,0.646729,0.002169,-0.007937
henon,K,3,5,0.01,1.28,1.000e-04,351,0.138396,0.647705,0.000160,0.001971
henon,K,3,5,0.01,1.28,1.000e-04,352,0.129103,0.640808,0.006578,0.008839
henon,K,3,5,0.01,1.28,1.000e-04,353,0.135261,0.646301,-0.000746,-0.004734
henon,K,3,5,0.01,1.28,1.000e-04,354,0.131098,0.644409,0.009218,-0.004993
henon,K,3,5,0.01,1.28,1.000e-04,355,0.129410,0.642578,-0.002089,-0.010225
henon,K,3,5,0.01,1.28,1.000e-04,356,0.130860,0.643799,0.008610,0.005127
henon,K,3,5,0.01,1.28,1.000e-04,357,0.134398,0.643127,0.008006,-0.002440
henon,K,3,5,0.01,1.28,1.000e-04,358,0.132635,0.646179,0.008238,0.001801
henon,K,3,5,0.01,1.28,1.000e-04,359,0.130268,0.641479,0.003405,0.008580
henon,K,3,5,0.01,1.28,1.000e-04,360,0.138173,0.646973,-0.003116,-0.004121
henon,K,3,5,0.01,1.28,1.000e-04,361,0.133233,0.638367,0.004718,-0.005269
henon,K,3,5,0.01,1.28,1.000e-04,362,0.133649,0.641174,0.003697,-0.000323
henon,K,3,5,0.01,1.28,1.000e-04,363,0.135713,0.643799,0.003049,0.010112
henon,K,3,5,0.01,1.28,1.000e-04,364,0.137287,0.642578,0.010395,-0.001761
henon,K,3,5,0.01,1.28,1.000e-04,365,0.142056,0.650208,0.011545,-0.002939
henon,K,3,5,0.01,1.28,1.000e-04,366,0.140257,0.649597,-0.008230,-0.008377
henon,K,3,5,0.01,1.28,1.000e-04,367,0.139322,0.645935,-0.012897,-0.000331
henon,K,3,5,0.01,1.28,1.000e-04,368,0.130293,0.638733,0.015044,-0.000211
henon,K,3,5,0.01,1.28,1.000e-04,369,0.135407,0.645386,0.011163,-0.005065
henon,K,3,5,0.01,1.28,1.000e-04,370,0.132408,0.641357,0.017466,0.006633
henon,K,3,5,0.01,1.28,1.000e-04,371,0.137548,0.642090,0.019687,-0.010250
henon,K,3,5,0.01,1.28,1.000e-04,372,0.139758,0.648010,0.006852,-0.000134
henon,K,3,5,0.01,1.28,1.000e-04,373,0.142452,0.646240,-0.002186,-0.007144
henon,K,3,5,0.01,1.28,1.000e-04,374,0.143655,0.650208,0.004995,-0.011516
henon,K,3,5,0.01,1.28,1.000e-04,375,0.148800,0.648743,-0.007533,-0.012912
henon,K,3,5,0.01,1.28,1.000e-04,376,0.144049,0.646545,-0.003827,-0.008710
henon,K,3,5,0.01,1.28,1.000e-04,377,0.137740,0.644226,0.008799,-0.007387
henon,K,3,5,0.01,1.28,1.000e-04,378,0.141325,0.647156,0.017462,-0.020582
henon,K,3,5,0.01,1.28,1.000e-04,379,0.143625,0.648987,-0.009736,-0.005234
henon,K,3,5,0.01,1.28,1.000e-04,380,0.144775,0.648315,-0.009467,-0.014359
henon,K,3,5,0.01,1.28,1.000e-04,381,0.138511,0.645020,0.008229,-0.010483
henon,K,3,5,0.01,1.28,1.000e-04,382,0.137052,0.643188,-0.006879,-0.004109
henon,K,3,5,0.01,1.28,1.000e-04,383,0.137978,0.642456,0.000788,-0.001531
henon,K,3,5,0.01,1.28,1.000e-04,384,0.135505,0.645142,0.008521,-0.001177
henon,K,3,5,0.01,1.28,1.000e-04,385,0.139440,0.648621,0.007724,-0.019486
henon,K,3,5,0.01,1.28,1.000e-04,386,0.139411,0.646973,-0.008208,0.002569
henon,K,3,5,0.01,1.28,1.000e-04,387,0.139488,0.640869,-0.008015,-0.010836
henon,K,3,5,0.01,1.28,1.000e-04,388,0.133426,0.643799,0.006984,0.004342
henon,K,3,5,0.01,1.28,1.000e-04,389,0.136808,0.646912,0.001605,-0.005324
henon,K,3,5,0.01,1.28,1.000e-04,390,0.133075,0.646057,0.003513,-0.004995
henon,K,3,5,0.01,1.28,1.000e-04,391,0.136374,0.645752,-0.000742,0.014609
henon,K,3,5,0.01,1.28,1.000e-04,392,0.136835,0.652588,0.006615,0.000102
henon,K,3,5,0.01,1.28,1.000e-04,393,0.141625,0.650879,-0.005270,-0.004392
henon,K,3,5,0.01,1.28,1.000e-04,394,0.139531,0.646423,-0.008057,-0.011240
henon,K,3,5,0.01,1.28,1.000e-04,395,0.138772,0.646545,-0.001381,0.005984
henon,K,3,5,0.01,1.28,1.000e-04,396,0.139606,0.646790,-0.013669,-0.010307
henon,K,3,5,0.01,1.28,1.000e-04,397,0.132116,0.646057,-0.012000,0.003644
henon,K,3,5,0.01,1.28,1.000e-04,398,0.130608,0.641113,-0.000989,0.009568
henon,K,3,5,0.01,1.28,1.000e-04,399,0.136350,0.648315,-0.002427,-0.000695
henon,K,3,5,0.01,1.28,1.000e-04,400,0.139386,0.651550,0.003224,0.000173
henon,K,3,5,0.01,1.28,1.000e-03,1,-6.997204,0.000000,0.999999,0.999999
henon,K,3,5,0.01,1.28,1.000e-03,2,-6.442245,0.000000,0.999998,0.999998
henon,K,3,5,0.01,1.28,1.000e-03,3,-5.957242,0.000000,0.999993,0.999993
henon,K,3,5,0.01,1.28,1.000e-03,4,-5.559126,0.000000,0.999987,0.999987
henon,K,3,5,0.01,1.28,1.000e-03,5,-5.273202,0.000000,0.999977,0.999976
henon,K,3,5,0.01,1.28,1.000e-03,6,-4.971375,0.000000,0.999948,0.999947
henon,K,3,5,0.01,1.28,1.000e-03,7,-4.623669,0.000000,0.999870,0.999869
henon,K,3,5,0.01,1.28,1.000e-03,8,-4.336332,0.000000,0.999715,0.999722
henon,K,3,5,0.01,1.28,1.000e-03,9,-4.045698,0.000000,0.999340,0.999327
henon,K,3,5,0.01,1.28,1.000e-03,10,-3.747766,0.000000,0.998521,0.998479
henon,K,3,5,0.01,1.28,1.000e-03,11,-3.456526,0.000000,0.996697,0.996638
henon,K,3,5,0.01,1.28,1.000e-03,12,-3.172918,0.000122,0.991852,0.991317
henon,K,3,5,0.01,1.28,1.000e-03,13,-2.892613,0.002136,0.982291,0.980546
henon,K,3,5,0.01,1.28,1.000e-03,14,-2.600550,0.011414,0.961417,0.959453
henon,K,3,5,0.01,1.28,1.000e-03,15,-2.333529,0.041260,0.923396,0.924178
henon,K,3,5,0.01,1.28,1.000e-03,16,-2.064486,0.093567,0.859185,0.863374
henon,K,3,5,0.01,1.28,1.000e-03,17,-1.833223,0.133728,0.803350,0.806686
henon,K,3,5,0.01,1.28,1.000e-03,18,-1.638454,0.171021,0.753063,0.754762
henon,K,3,5,0.01,1.28,1.000e-03,19,-1.477962,0.195496,0.704123,0.708473
henon,K,3,5,0.01,1.28,1.000e-03,20,-1.326087,0.225403,0.663123,0.664239
henon,K,3,5,0.01,1.28,1.000e-03,21,-1.175459,0.261169,0.622145,0.615047
henon,K,3,5,0.01,1.28,1.000e-03,22,-1.060937,0.280212,0.579089,0.579661
henon,K,3,5,0.01,1.28,1.000e-03,23,-0.958461,0.294434,0.556880,0.550275
henon,K,3,5,0.01,1.28,1.000e-03,24,-0.856797,0.319275,0.531563,0.528319
henon,K,3,5,0.01,1.28,1.000e-03,25,-0.761688,0.344116,0.506384,0.480047
henon,K,3,5,0.01,1.28,1.000e-03,26,-0.675321,0.365723,0.459700,0.437531
henon,K,3,5,0.01,1.28,1.000e-03,27,-0.599805,0.389587,0.421635,0.406884
henon,K,3,5,0.01,1.28,1.000e-03,28,-0.536898,0.408508,0.383055,0.387161
henon,K,3,5,0.01,1.28,1.000e-03,29,-0.476778,0.427429,0.367936,0.356081
henon,K,3,5,0.01,1.28,1.000e-03,30,-0.432837,0.437073,0.344875,0.329569
henon,K,3,5,0.01,1.28,1.000e-03,31,-0.390879,0.454529,0.327221,0.319496
henon,K,3,5,0.01,1.28,1.000e-03,32,-0.344720,0.466919,0.298607,0.292269
henon,K,3,5,0.01,1.28,1.000e-03,33,-0.306170,0.475708,0.267463,0.283077
henon,K,3,5,0.01,1.28,1.000e-03,34,-0.267318,0.491089,0.245447,0.242696
henon,K,3,5,0.01,1.28,1.000e-03,35,-0.232841,0.502625,0.226531,0.232153
henon,K,3,5,0.01,1.28,1.000e-03,36,-0.205811,0.512817,0.213108,0.215988
henon,K,3,5,0.01,1.28,1.000e-03,37,-0.176313,0.521118,0.208163,0.206280
henon,K,3,5,0.01,1.28,1.000e-03,38,-0.160044,0.525146,0.200371,0.202688
henon,K,3,5,0.01,1.28,1.000e-03,39,-0.136741,0.537781,0.179380,0.182572
henon,K,3,5,0.01,1.28,1.000e-03,40,-0.121251,0.536865,0.169634,0.176823
henon,K,3,5,0.01,1.28,1.000e-03,41,-0.091935,0.553711,0.150147,0.141168
henon,K,3,5,0.01,1.28,1.000e-03,42,-0.082765,0.557739,0.135265,0.149824
henon,K,3,5,0.01,1.28,1.000e-03,43,-0.062768,0.562561,0.134095,0.138164
henon,K,3,5,0.01,1.28,1.000e-03,44,-0.047748,0.565979,0.132954,0.124069
henon,K,3,5,0.01,1.28,1.000e-03,45,-0.039593,0.572510,0.125021,0.131093
henon,K,3,5,0.01,1.28,1.000e-03,46,-0.023726,0.579651,0.104301,0.111505
henon,K,3,5,0.01,1.28,1.000e-03,47,-0.017475,0.579651,0.094903,0.111751
henon,K,3,5,0.01,1.28,1.000e-03,48,-0.003497,0.586304,0.096837,0.092806
henon,K,3,5,0.01,1.28,1.000e-03,49,0.010100,0.592468,0.074660,0.091046
henon,K,3,5,0.01,1.28,1.000e-03,50,0.015283,0.592529,0.078148,0.099795
henon,K,3,5,0.01,1.28,1.000e-03,51,0.023395,0.594849,0.095131,0.072811
henon,K,3,5,0.01,1.28,1.000e-03,52,0.026460,0.597717,0.091347,0.064232
henon,K,3,5,0.01,1.28,1.000e-03,53,0.026123,0.596436,0.074704,0.080764
henon,K,3,5,0.01,1.28,1.000e-03,54,0.032006,0.598083,0.065960,0.077998
henon,K,3,5,0.01,1.28,1.000e-03,55,0.050995,0.609436,0.074243,0.049042
henon,K,3,5,0.01,1.28,1.000e-03,56,0.051064,0.607910,0.063602,0.046959
henon,K,3,5,0.01,1.28,1.000e-03,57,0.055923,0.611755,0.060805,0.055357
henon,K,3,5,0.01,1.28,1.000e-03,58,0.059283,0.608276,0.068690,0.048647
henon,K,3,5,0.01,1.28,1.000e-03,59,0.064245,0.611267,0.060309,0.047727
henon,K,3,5,0.01,1.28,1.000e-03,60,0.065992,0.616211,0.048754,0.061417
henon,K,3,5,0.01,1.28,1.000e-03,61,0.072846,0.612854,0.036655,0.040891
henon,K,3,5,0.01,1.28,1.000e-03,62,0.081148,0.621399,0.032612,0.042828
henon,K,3,5,0.01,1.28,1.000e-03,63,0.079411,0.616455,0.042374,0.043083
henon,K,3,5,0.01,1.28,1.000e-03,64,0.088663,0.627014,0.040898,0.029799
henon,K,3,5,0.01,1.28,1.000e-03,65,0.092170,0.628113,0.035621,0.033760
henon,K,3,5,0.01,1.28,1.000e-03,66,0.092848,0.626831,0.038555,0.027614
henon,K,3,5,0.01,1.28,1.000e-03,67,0.087567,0.623901,0.035982,0.045376
henon,K,3,5,0.01,1.28,1.000e-03,68,0.092775,0.626221,0.028875,0.028341
henon,K,3,5,0.01,1.28,1.000e-03,69,0.097370,0.629333,0.031598,0.026933
henon,K,3,5,0.01,1.28,1.000e-03,70,0.102740,0.628113,0.028620,0.017309
henon,K,3,5,0.01,1.28,1.000e-03,71,0.107432,0.635559,0.026243,0.014258
henon,K,3,5,0.01,1.28,1.000e-03,72,0.108264,0.633301,0.018313,0.008069
henon,K,3,5,0.01,1.28,1.000e-03,73,0.115802,0.639893,0.021631,-0.002123
henon,K,3,5,0.01,1.28,1.000e-03,74,0.113486,0.637573,0.019196,0.018948
henon,K,3,5,0.01,1.28,1.000e-03,75,0.111242,0.636475,0.021564,0.005950
henon,K,3,5,0.01,1.28,1.000e-03,76,0.109316,0.634460,0.014889,0.009580
henon,K,3,5,0.01,1.28,1.000e-03,77,0.114865,0.635010,0.008367,0.019236
henon,K,3,5,0.01,1.28,1.000e-03,78,0.120035,0.637634,0.010532,0.012341
henon,K,3,5,0.01,1.28,1.000e-03,79,0.124027,0.645630,0.011603,0.010739
henon,K,3,5,0.01,1.28,1.000e-03,80,0.124110,0.638245,0.006687,0.015702
henon,K,3,5,0.01,1.28,1.000e-03,81,0.118243,0.640930,0.013068,0.012223
henon,K,3,5,0.01,1.28,1.000e-03,82,0.118994,0.637817,0.011438,0.004910
henon,K,3,5,0.01,1.28,1.000e-03,83,0.118983,0.634521,0.007886,0.003085
henon,K,3,5,0.01,1.28,1.000e-03,84,0.119461,0.638489,0.010524,0.018019
henon,K,3,5,0.01,1.28,1.000e-03,85,0.118418,0.638672,0.003910,0.008049
henon,K,3,5,0.01,1.28,1.000e-03,86,0.121294,0.638550,0.006172,0.012304
henon,K,3,5,0.01,1.28,1.000e-03,87,0.124546,0.641663,0.011250,0.023524
henon,K,3,5,0.01,1.28,1.000e-03,88,0.124320,0.641479,0.016979,0.010707
henon,K,3,5,0.01,1.28,1.000e-03,89,0.119736,0.636841,0.013478,0.017246
henon,K,3,5,0.01,1.28,1.000e-03,90,0.127955,0.637634,-0.002741,0.015784
henon,K,3,5,0.01,1.28,1.000e-03,91,0.129189,0.643372,0.008500,-0.000768
henon,K,3,5,0.01,1.28,1.000e-03,92,0.123763,0.643616,0.009595,0.003903
henon,K,3,5,0.01,1.28,1.000e-03,93,0.127588,0.637390,-0.002556,0.000519
henon,K,3,5,0.01,1.28,1.000e-03,94,0.133206,0.642212,0.000051,0.005608
henon,K,3,5,0.01,1.28,1.000e-03,95,0.133353,0.647522,-0.012351,0.011397
henon,K,3,5,0.01,1.28,1.000e-03,96,0.129181,0.642944,0.009209,0.008145
henon,K,3,5,0.01,1.28,1.000e-03,97,0.135062,0.644348,0.004706,0.000459
henon,K,3,5,0.01,1.28,1.000e-03,98,0.141547,0.644287,-0.010426,-0.003642
henon,K,3,5,0.01,1.28,1.000e-03,99,0.134071,0.639160,-0.006207,0.003270
henon,K,3,5,0.01,1.28,1.000e-03,100,0.132570,0.641785,-0.000346,0.004962
henon,K,3,5,0.01,1.28,1.000e-03,101,0.133938,0.644958,-0.005137,0.001348
henon,K,3,5,0.01,1.28,1.000e-03,102,0.133453,0.645203,0.001236,-0.006097
henon,K,3,5,0.01,1.28,1.000e-03,103,0.132916,0.643188,-0.001352,0.005364
henon,K,3,5,0.01,1.28,1.000e-03,104,0.135121,0.645996,0.003247,-0.002313
henon,K,3,5,0.01,1.28,1.000e-03,105,0.139630,0.651245,0.006139,-0.016658
henon,K,3,5,0.01,1.28,1.000e-03,106,0.128680,0.640808,0.003111,0.000902
henon,K,3,5,0.01,1.28,1.000e-03,107,0.125780,0.640808,0.015646,0.005814
henon,K,3,5,0.01,1.28,1.000e-03,108,0.127757,0.642700,0.001949,0.011806
henon,K,3,5,0.01,1.28,1.000e-03,109,0.132696,0.648804,0.003885,-0.003570
henon,K,3,5,0.01,1.28,1.000e-03,110,0.129276,0.638245,-0.003152,-0.002425
henon,K,3,5,0.01,1.28,1.000e-03,111,0.129844,0.644165,0.013388,0.006644
henon,K,3,5,0.01,1.28,1.000e-03,112,0.135203,0.642151,0.003250,-0.008960
henon,K,3,5,0.01,1.28,1.000e-03,113,0.135793,0.645325,0.004550,-0.001080
henon,K,3,5,0.01,1.28,1.000e-03,114,0.135584,0.647217,0.014872,-0.016096
henon,K,3,5,0.01,1.28,1.000e-03,115,0.133544,0.642395,0.014438,-0.008863
henon,K,3,5,0.01,1.28,1.000e-03,116,0.137580,0.644226,0.000985,-0.000069
henon,K,3,5,0.01,1.28,1.000e-03,117,0.140424,0.646790,-0.001543,-0.010389
henon,K,3,5,0.01,1.28,1.000e-03,118,0.135978,0.647888,0.003630,0.005081
henon,K,3,5,0.01,1.28,1.000e-03,119,0.141255,0.651550,-0.008949,-0.007992
henon,K,3,5,0.01,1.28,1.000e-03,120,0.145525,0.650879,-0.006754,-0.020488
henon,K,3,5,0.01,1.28,1.000e-03,121,0.139477,0.647278,0.011534,-0.017498
henon,K,3,5,0.01,1.28,1.000e-03,122,0.137688,0.644043,0.000367,-0.003427
henon,K,3,5,0.01,1.28,1.000e-03,123,0.137388,0.643982,-0.004868,-0.002281
henon,K,3,5,0.01,1.28,1.000e-03,124,0.138615,0.647522,0.008707,-0.011392
henon,K,3,5,0.01,1.28,1.000e-03,125,0.133619,0.644897,0.010862,0.005253
henon,K,3,5,0.01,1.28,1.000e-03,126,0.136061,0.645264,-0.003657,-0.003760
henon,K,3,5,0.01,1.28,1.000e-03,127,0.143053,0.648926,0.006630,-0.007591
henon,K,3,5,0.01,1.28,1.000e-03,128,0.146291,0.651245,-0.001925,-0.009023
henon,K,3,5,0.01,1.28,1.000e-03,129,0.146561,0.653748,0.002312,-0.020170
henon,K,3,5,0.01,1.28,1.000e-03,130,0.139956,0.646606,-0.010308,-0.005701
henon,K,3,5,0.01,1.28,1.000e-03,131,0.138273,0.643555,0.000895,-0.012352
henon,K,3,5,0.01,1.28,1.000e-03,132,0.133958,0.642029,0.010088,-0.005861
henon,K,3,5,0.01,1.28,1.000e-03,133,0.134092,0.645508,0.003994,0.004905
henon,K,3,5,0.01,1.28,1.000e-03,134,0.142001,0.649170,0.006934,-0.005969
henon,K,3,5,0.01,1.28,1.000e-03,135,0.139987,0.643982,0.006277,-0.002913
henon,K,3,5,0.01,1.28,1.000e-03,136,0.133310,0.640991,0.015042,0.003206
henon,K,3,5,0.01,1.28,1.000e-03,137,0.140039,0.649658,-0.000097,-0.018492
henon,K,3,5,0.01,1.28,1.000e-03,138,0.143072,0.649414,-0.012651,-0.001352
henon,K,3,5,0.01,1.28,1.000e-03,139,0.141233,0.647827,-0.003566,-0.002787
henon,K,3,5,0.01,1.28,1.000e-03,140,0.135916,0.650208,-0.007465,-0.004140
henon,K,3,5,0.01,1.28,1.000e-03,141,0.141111,0.650330,0.002773,-0.015287
henon,K,3,5,0.01,1.28,1.000e-03,142,0.137349,0.646118,0.010065,-0.008459
henon,K,3,5,0.01,1.28,1.000e-03,143,0.134411,0.645447,0.004143,0.001607
henon,K,3,5,0.01,1.28,1.000e-03,144,0.133954,0.644531,-0.000552,-0.008539
henon,K,3,5,0.01,1.28,1.000e-03,145,0.135537,0.644287,-0.004272,0.000834
henon,K,3,5,0.01,1.28,1.000e-03,146,0.130641,0.644226,0.014695,-0.001839
henon,K,3,5,0.01,1.28,1.000e-03,147,0.131837,0.644470,0.006261,0.005523
henon,K,3,5,0.01,1.28,1.000e-03,148,0.137264,0.644531,0.014039,-0.011455
henon,K,3,5,0.01,1.28,1.000e-03,149,0.138264,0.647400,0.011611,0.004121
henon,K,3,5,0.01,1.28,1.000e-03,150,0.134838,0.641663,-0.001046,0.003711
henon,K,3,5,0.01,1.28,1.000e-03,151,0.130601,0.638428,0.009127,0.004370
henon,K,3,5,0.01,1.28,1.000e-03,152,0.143500,0.650574,-0.010834,-0.012131
henon,K,3,5,0.01,1.28,1.000e-03,153,0.131306,0.640625,0.002720,0.002078
henon,K,3,5,0.01,1.28,1.000e-03,154,0.130222,0.637512,0.004723,0.004411
henon,K,3,5,0.01,1.28,1.000e-03,155,0.133043,0.645142,0.009141,0.004316
henon,K,3,5,0.01,1.28,1.000e-03,156,0.141665,0.649841,0.000364,0.009229
henon,K,3,5,0.01,1.28,1.000e-03,157,0.133128,0.641602,-0.003909,0.003794
henon,K,3,5,0.01,1.28,1.000e-03,158,0.131692,0.640076,0.003224,-0.001002
henon,K,3,5,0.01,1.28,1.000e-03,159,0.133553,0.641968,-0.000434,0.009248
henon,K,3,5,0.01,1.28,1.000e-03,160,0.133786,0.644226,0.004003,-0.006402
henon,K,3,5,0.01,1.28,1.000e-03,161,0.132121,0.641235,-0.004393,0.002782
henon,K,3,5,0.01,1.28,1.000e-03,162,0.139092,0.648254,0.006959,-0.000715
henon,K,3,5,0.01,1.28,1.000e-03,163,0.145660,0.649841,-0.001939,-0.005570
henon,K,3,5,0.01,1.28,1.000e-03,164,0.129692,0.639648,0.018384,0.009893
henon,K,3,5,0.01,1.28,1.000e-03,165,0.133748,0.640381,-0.001475,-0.001233
henon,K,3,5,0.01,1.28,1.000e-03,166,0.137862,0.645996,-0.010128,0.011709
henon,K,3,5,0.01,1.28,1.000e-03,167,0.131493,0.644226,-0.004732,0.008723
henon,K,3,5,0.01,1.28,1.000e-03,168,0.135512,0.645386,-0.012035,0.000810
henon,K,3,5,0.01,1.28,1.000e-03,169,0.139120,0.650391,-0.004043,-0.001472
henon,K,3,5,0.01,1.28,1.000e-03,170,0.145684,0.654358,-0.012505,0.007011
henon,K,3,5,0.01,1.28,1.000e-03,171,0.132453,0.643738,0.002867,0.006021
henon,K,3,5,0.01,1.28,1.000e-03,172,0.135729,0.646301,-0.013523,0.003295
henon,K,3,5,0.01,1.28,1.000e-03,173,0.129770,0.640686,0.004700,0.015152
henon,K,3,5,0.01,1.28,1.000e-03,174,0.136136,0.644470,0.000297,0.006085
henon,K,3,5,0.01,1.28,1.000e-03,175,0.137830,0.645813,-0.014658,-0.001615
henon,K,3,5,0.01,1.28,1.000e-03,176,0.140727,0.648254,-0.000050,-0.003884
henon,K,3,5,0.01,1.28,1.000e-03,177,0.147043,0.655151,0.002343,-0.005775
henon,K,3,5,0.01,1.28,1.000e-03,178,0.139995,0.652283,-0.012096,0.001951
henon,K,3,5,0.01,1.28,1.000e-03,179,0.140911,0.650452,-0.025754,-0.006067
henon,K,3,5,0.01,1.28,1.000e-03,180,0.135915,0.643738,-0.006584,0.008466
henon,K,3,5,0.01,1.28,1.000e-03,181,0.138781,0.646057,-0.003903,-0.007225
henon,K,3,5,0.01,1.28,1.000e-03,182,0.138500,0.648376,-0.014922,-0.007229
henon,K,3,5,0.01,1.28,1.000e-03,183,0.132277,0.644470,-0.000589,0.002485
henon,K,3,5,0.01,1.28,1.000e-03,184,0.140158,0.647278,-0.012089,-0.004513
henon,K,3,5,0.01,1.28,1.000e-03,185,0.135651,0.647034,-0.000757,0.010289
henon,K,3,5,0.01,1.28,1.000e-03,186,0.131439,0.641113,-0.005311,0.011167
henon,K,3,5,0.01,1.28,1.000e-03,187,0.135248,0.641663,-0.013508,0.007577
henon,K,3,5,0.01,1.28,1.000e-03,188,0.128526,0.641113,-0.003114,0.011214
henon,K,3,5,0.01,1.28,1.000e-03,189,0.129788,0.640564,-0.002632,0.010306
henon,K,3,5,0.01,1.28,1.000e-03,190,0.133479,0.642700,0.007766,0.006350
henon,K,3,5,0.01,1.28,1.000e-03,191,0.142398,0.649292,-0.001473,-0.009835
henon,K,3,5,0.01,1.28,1.000e-03,192,0.132406,0.643127,-0.009851,0.009487
henon,K,3,5,0.01,1.28,1.000e-03,193,0.131173,0.639709,-0.004154,0.015126
henon,K,3,5,0.01,1.28,1.000e-03,194,0.135233,0.644958,-0.003734,0.008338
henon,K,3,5,0.01,1.28,1.000e-03,195,0.129657,0.638977,0.006061,0.013892
henon,K,3,5,0.01,1.28,1.000e-03,196,0.135817,0.644409,-0.009730,-0.000362
henon,K,3,5,0.01,1.28,1.000e-03,197,0.132757,0.646057,-0.006341,0.013827
henon,K,3,5,0.01,1.28,1.000e-03,198,0.138147,0.645691,-0.000614,-0.005934
henon,K,3,5,0.01,1.28,1.000e-03,199,0.133668,0.641724,-0.015880,0.007272
henon,K,3,5,0.01,1.28,1.000e-03,200,0.131403,0.645935,0.000423,0.011980
henon,K,3,5,0.01,1.28,1.000e-03,201,0.134466,0.646179,-0.000063,0.011589
henon,K,3,5,0.01,1.28,1.000e-03,202,0.136874,0.647278,-0.004716,-0.001710
henon,K,3,5,0.01,1.28,1.000e-03,203,0.139066,0.650146,-0.007142,-0.011912
henon,K,3,5,0.01,1.28,1.000e-03,204,0.134789,0.647034,-0.007045,0.011031
henon,K,3,5,0.01,1.28,1.000e-03,205,0.137783,0.648560,0.003879,-0.014925
henon,K,3,5,0.01,1.28,1.000e-03,206,0.133868,0.642029,-0.005923,-0.008735
henon,K,3,5,0.01,1.28,1.000e-03,207,0.131132,0.644958,0.002661,0.009003
henon,K,3,5,0.01,1.28,1.000e-03,208,0.138323,0.649414,0.002822,0.004838
henon,K,3,5,0.01,1.28,1.000e-03,209,0.137608,0.647400,-0.019714,0.012064
henon,K,3,5,0.01,1.28,1.000e-03,210,0.136121,0.645264,-0.010793,0.004369
henon,K,3,5,0.01,1.28,1.000e-03,211,0.136674,0.649719,-0.009202,0.004750
henon,K,3,5,0.01,1.28,1.000e-03,212,0.137865,0.646057,-0.005342,0.009207
henon,K,3,5,0.01,1.28,1.000e-03,213,0.139312,0.646667,-0.013649,-0.014480
henon,K,3,5,0.01,1.28,1.000e-03,214,0.132183,0.644592,0.005222,0.004009
henon,K,3,5,0.01,1.28,1.000e-03,215,0.138385,0.647217,0.009242,-0.016032
henon,K,3,5,0.01,1.28,1.000e-03,216,0.137497,0.647278,-0.010600,-0.002316
henon,K,3,5,0.01,1.28,1.000e-03,217,0.136288,0.648376,0.003049,-0.008263
henon,K,3,5,0.01,1.28,1.000e-03,218,0.126796,0.639221,0.010010,0.003398
henon,K,3,5,0.01,1.28,1.000e-03,219,0.132303,0.643799,0.008592,-0.001508
henon,K,3,5,0.01,1.28,1.000e-03,220,0.133613,0.644287,0.001527,-0.010524
henon,K,3,5,0.01,1.28,1.000e-03,221,0.137751,0.648682,-0.009237,0.007556
henon,K,3,5,0.01,1.28,1.000e-03,222,0.138474,0.644653,-0.006300,-0.006028
henon,K,3,5,0.01,1.28,1.000e-03,223,0.133928,0.645020,-0.005626,0.006447
henon,K,3,5,0.01,1.28,1.000e-03,224,0.135497,0.644836,-0.003982,-0.004977
henon,K,3,5,0.01,1.28,1.000e-03,225,0.126236,0.639404,0.021665,0.010660
henon,K,3,5,0.01,1.28,1.000e-03,226,0.134752,0.645630,0.013708,-0.013612
henon,K,3,5,0.01,1.28,1.000e-03,227,0.135399,0.645508,0.000389,-0.008486
henon,K,3,5,0.01,1.28,1.000e-03,228,0.133025,0.645508,0.006108,0.008133
henon,K,3,5,0.01,1.28,1.000e-03,229,0.135862,0.645874,-0.001853,-0.006026
henon,K,3,5,0.01,1.28,1.000e-03,230,0.130654,0.642578,0.007401,0.002443
henon,K,3,5,0.01,1.28,1.000e-03,231,0.136920,0.646362,0.002073,-0.013703
henon,K,3,5,0.01,1.28,1.000e-03,232,0.124785,0.640869,0.020469,0.012487
henon,K,3,5,0.01,1.28,1.000e-03,233,0.133925,0.641113,0.013153,-0.008463
henon,K,3,5,0.01,1.28,1.000e-03,234,0.138290,0.648926,-0.002776,-0.011752
henon,K,3,5,0.01,1.28,1.000e-03,235,0.137124,0.644226,0.007270,0.006594
henon,K,3,5,0.01,1.28,1.000e-03,236,0.135789,0.640564,0.000679,0.002089
henon,K,3,5,0.01,1.28,1.000e-03,237,0.134634,0.645691,-0.016943,0.012453
henon,K,3,5,0.01,1.28,1.000e-03,238,0.131440,0.639099,-0.005147,-0.004461
henon,K,3,5,0.01,1.28,1.000e-03,239,0.127619,0.640808,0.019806,0.011293
henon,K,3,5,0.01,1.28,1.000e-03,240,0.136423,0.647766,-0.007722,0.004239
henon,K,3,5,0.01,1.28,1.000e-03,241,0.137076,0.646912,0.001402,-0.007045
henon,K,3,5,0.01,1.28,1.000e-03,242,0.134287,0.644348,0.006707,0.003629
henon,K,3,5,0.01,1.28,1.000e-03,243,0.130588,0.640991,0.000643,0.002998
henon,K,3,5,0.01,1.28,1.000e-03,244,0.129573,0.640625,0.005605,0.011592
henon,K,3,5,0.01,1.28,1.000e-03,245,0.126632,0.638611,-0.002871,0.004520
henon,K,3,5,0.01,1.28,1.000e-03,246,0.128695,0.644348,0.000926,-0.000941
henon,K,3,5,0.01,1.28,1.000e-03,247,0.128279,0.639709,0.001626,0.013495
henon,K,3,5,0.01,1.28,1.000e-03,248,0.133991,0.646606,0.012179,-0.005645
henon,K,3,5,0.01,1.28,1.000e-03,249,0.130200,0.640747,0.024707,-0.004527
henon,K,3,5,0.01,1.28,1.000e-03,250,0.129284,0.639648,0.005732,0.012248
henon,K,3,5,0.01,1.28,1.000e-03,251,0.128591,0.639282,0.005421,0.006455
henon,K,3,5,0.01,1.28,1.000e-03,252,0.126355,0.643250,-0.001028,0.010686
henon,K,3,5,0.01,1.28,1.000e-03,253,0.128365,0.639038,0.012151,-0.010035
henon,K,3,5,0.01,1.28,1.000e-03,254,0.126826,0.638550,-0.001024,0.015474
henon,K,3,5,0.01,1.28,1.000e-03,255,0.137176,0.642639,0.012196,-0.007105
henon,K,3,5,0.01,1.28,1.000e-03,256,0.140534,0.648254,0.011971,0.000599
henon,K,3,5,0.01,1.28,1.000e-03,257,0.136201,0.648987,-0.007306,0.012158
henon,K,3,5,0.01,1.28,1.000e-03,258,0.128823,0.643311,-0.006414,0.008053
henon,K,3,5,0.01,1.28,1.000e-03,259,0.127232,0.638306,-0.008040,0.008534
henon,K,3,5,0.01,1.28,1.000e-03,260,0.128322,0.646118,0.008507,-0.000362
henon,K,3,5,0.01,1.28,1.000e-03,261,0.132228,0.647034,-0.005889,0.015887
henon,K,3,5,0.01,1.28,1.000e-03,262,0.140402,0.650818,-0.004865,-0.011171
henon,K,3,5,0.01,1.28,1.000e-03,263,0.137878,0.646545,0.003545,-0.002606
henon,K,3,5,0.01,1.28,1.000e-03,264,0.130190,0.645630,0.002836,0.016469
henon,K,3,5,0.01,1.28,1.000e-03,265,0.126337,0.638245,-0.005334,-0.004191
henon,K,3,5,0.01,1.28,1.000e-03,266,0.129715,0.642578,-0.000138,-0.002023
henon,K,3,5,0.01,1.28,1.000e-03,267,0.127223,0.638184,-0.000241,0.000274
henon,K,3,5,0.01,1.28,1.000e-03,268,0.124711,0.641174,0.004485,0.011235
henon,K,3,5,0.01,1.28,1.000e-03,269,0.130809,0.643860,0.011185,0.005982
henon,K,3,5,0.01,1.28,1.000e-03,270,0.140712,0.654419,0.009619,-0.010744
henon,K,3,5,0.01,1.28,1.000e-03,271,0.123946,0.639648,0.007398,0.018550
henon,K,3,5,0.01,1.28,1.000e-03,272,0.128018,0.639954,0.002920,-0.000061
henon,K,3,5,0.01,1.28,1.000e-03,273,0.126674,0.641357,0.004522,0.001536
henon,K,3,5,0.01,1.28,1.000e-03,274,0.130851,0.642334,-0.006199,-0.002191
henon,K,3,5,0.01,1.28,1.000e-03,275,0.129071,0.643066,-0.001018,0.010608
henon,K,3,5,0.01,1.28,1.000e-03,276,0.134835,0.648865,0.002177,0.022710
henon,K,3,5,0.01,1.28,1.000e-03,277,0.139824,0.652954,-0.003510,-0.004434
henon,K,3,5,0.01,1.28,1.000e-03,278,0.129748,0.642944,-0.006158,0.007939
henon,K,3,5,0.01,1.28,1.000e-03,279,0.128037,0.635193,-0.013336,-0.002100
henon,K,3,5,0.01,1.28,1.000e-03,280,0.130656,0.640198,0.011736,0.004892
henon,K,3,5,0.01,1.28,1.000e-03,281,0.129233,0.643555,-0.005521,0.017381
henon,K,3,5,0.01,1.28,1.000e-03,282,0.131457,0.646729,-0.008045,0.016058
henon,K,3,5,0.01,1.28,1.000e-03,283,0.136626,0.650452,-0.001727,0.012084
henon,K,3,5,0.01,1.28,1.000e-03,284,0.136196,0.646606,-0.003634,0.010598
henon,K,3,5,0.01,1.28,1.000e-03,285,0.124842,0.638672,0.003951,0.023547
henon,K,3,5,0.01,1.28,1.000e-03,286,0.127809,0.640503,-0.008950,0.004879
henon,K,3,5,0.01,1.28,1.000e-03,287,0.129260,0.637573,0.009513,0.006253
henon,K,3,5,0.01,1.28,1.000e-03,288,0.129298,0.644775,0.011090,0.010147
henon,K,3,5,0.01,1.28,1.000e-03,289,0.129286,0.640259,0.003421,0.015212
henon,K,3,5,0.01,1.28,1.000e-03,290,0.131912,0.643005,0.007276,0.011559
henon,K,3,5,0.01,1.28,1.000e-03,291,0.134559,0.646545,0.004065,0.014108
henon,K,3,5,0.01,1.28,1.000e-03,292,0.135234,0.646301,-0.003315,0.006325
henon,K,3,5,0.01,1.28,1.000e-03,293,0.136171,0.649414,-0.011559,-0.002845
henon,K,3,5,0.01,1.28,1.000e-03,294,0.136107,0.646545,-0.000633,-0.005133
henon,K,3,5,0.01,1.28,1.000e-03,295,0.134167,0.643860,0.000634,-0.000021
henon,K,3,5,0.01,1.28,1.000e-03,296,0.136348,0.647522,-0.003494,0.004414
henon,K,3,5,0.01,1.28,1.000e-03,297,0.132516,0.641357,0.007522,-0.007229
henon,K,3,5,0.01,1.28,1.000e-03,298,0.132583,0.641907,0.004912,0.013788
henon,K,3,5,0.01,1.28,1.000e-03,299,0.131433,0.644226,0.002051,0.005138
henon,K,3,5,0.01,1.28,1.000e-03,300,0.132321,0.641174,-0.009758,0.004286
henon,K,3,5,0.01,1.28,1.000e-03,301,0.136094,0.644287,0.010978,-0.006227
henon,K,3,5,0.01,1.28,1.000e-03,302,0.134554,0.643005,0.010471,-0.009515
henon,K,3,5,0.01,1.28,1.000e-03,303,0.133035,0.644104,-0.010105,0.009416
henon,K,3,5,0.01,1.28,1.000e-03,304,0.127380,0.634766,0.012883,0.005726
henon,K,3,5,0.01,1.28,1.000e-03,305,0.133246,0.642395,0.004323,0.000251
henon,K,3,5,0.01,1.28,1.000e-03,306,0.132934,0.642090,0.002123,-0.000777
henon,K,3,5,0.01,1.28,1.000e-03,307,0.131790,0.643005,-0.000553,0.000604
henon,K,3,5,0.01,1.28,1.000e-03,308,0.139503,0.648071,0.001256,-0.007620
henon,K,3,5,0.01,1.28,1.000e-03,309,0.141957,0.650452,0.001571,-0.010009
henon,K,3,5,0.01,1.28,1.000e-03,310,0.136550,0.643799,-0.004201,-0.004362
henon,K,3,5,0.01,1.28,1.000e-03,311,0.131416,0.642151,0.007007,0.007479
henon,K,3,5,0.01,1.28,1.000e-03,312,0.130772,0.639771,0.007775,0.014181
henon,K,3,5,0.01,1.28,1.000e-03,313,0.136644,0.646057,-0.001329,-0.004766
henon,K,3,5,0.01,1.28,1.000e-03,314,0.134751,0.645630,-0.003377,0.003796
henon,K,3,5,0.01,1.28,1.000e-03,315,0.138041,0.647217,0.007613,0.004324
henon,K,3,5,0.01,1.28,1.000e-03,316,0.136385,0.644714,0.002408,0.000069
henon,K,3,5,0.01,1.28,1.000e-03,317,0.137452,0.648987,-0.004837,-0.007397
henon,K,3,5,0.01,1.28,1.000e-03,318,0.142487,0.653198,-0.015613,-0.019206
henon,K,3,5,0.01,1.28,1.000e-03,319,0.136642,0.646362,-0.003713,0.003572
henon,K,3,5,0.01,1.28,1.000e-03,320,0.136754,0.644653,-0.001417,-0.014231
henon,K,3,5,0.01,1.28,1.000e-03,321,0.134919,0.647400,-0.000654,0.005975
henon,K,3,5,0.01,1.28,1.000e-03,322,0.136479,0.646606,0.006072,-0.008106
henon,K,3,5,0.01,1.28,1.000e-03,323,0.138100,0.647827,0.003508,-0.006593
henon,K,3,5,0.01,1.28,1.000e-03,324,0.131592,0.641785,0.001676,0.003843
henon,K,3,5,0.01,1.28,1.000e-03,325,0.131088,0.646301,-0.002209,-0.007145
henon,K,3,5,0.01,1.28,1.000e-03,326,0.134215,0.646667,-0.002405,-0.001614
henon,K,3,5,0.01,1.28,1.000e-03,327,0.135661,0.645752,-0.002901,-0.008180
henon,K,3,5,0.01,1.28,1.000e-03,328,0.130704,0.643311,0.002108,0.007673
henon,K,3,5,0.01,1.28,1.000e-03,329,0.136852,0.647461,0.014516,-0.016460
henon,K,3,5,0.01,1.28,1.000e-03,330,0.132854,0.645142,0.005411,-0.001545
henon,K,3,5,0.01,1.28,1.000e-03,331,0.133546,0.644470,-0.006181,0.006788
henon,K,3,5,0.01,1.28,1.000e-03,332,0.136664,0.647461,0.000138,-0.005996
henon,K,3,5,0.01,1.28,1.000e-03,333,0.134258,0.643372,0.003233,-0.001218
henon,K,3,5,0.01,1.28,1.000e-03,334,0.136687,0.644470,-0.001945,-0.011647
henon,K,3,5,0.01,1.28,1.000e-03,335,0.139040,0.646240,0.003894,-0.001456
henon,K,3,5,0.01,1.28,1.000e-03,336,0.138727,0.646240,0.010836,-0.012793
henon,K,3,5,0.01,1.28,1.000e-03,337,0.136495,0.645630,-0.005950,0.000867
henon,K,3,5,0.01,1.28,1.000e-03,338,0.133599,0.645447,-0.005118,0.003293
henon,K,3,5,0.01,1.28,1.000e-03,339,0.136068,0.644470,-0.006776,0.003579
henon,K,3,5,0.01,1.28,1.000e-03,340,0.134459,0.644470,-0.006496,0.002289
henon,K,3,5,0.01,1.28,1.000e-03,341,0.127894,0.642334,0.004887,0.010391
henon,K,3,5,0.01,1.28,1.000e-03,342,0.131425,0.639648,0.012375,0.015619
henon,K,3,5,0.01,1.28,1.000e-03,343,0.142442,0.647034,0.001930,-0.019352
henon,K,3,5,0.01,1.28,1.000e-03,344,0.140697,0.647095,-0.002148,0.011093
henon,K,3,5,0.01,1.28,1.000e-03,345,0.138789,0.646484,-0.006260,0.005463
henon,K,3,5,0.01,1.28,1.000e-03,346,0.137816,0.647644,0.005482,-0.011153
henon,K,3,5,0.01,1.28,1.000e-03,347,0.139399,0.647888,-0.025773,-0.004397
henon,K,3,5,0.01,1.28,1.000e-03,348,0.133825,0.642029,-0.003334,-0.003975
henon,K,3,5,0.01,1.28,1.000e-03,349,0.140977,0.645813,0.007103,-0.011215
henon,K,3,5,0.01,1.28,1.000e-03,350,0.143165,0.651062,0.005987,-0.012431
henon,K,3,5,0.01,1.28,1.000e-03,351,0.141140,0.650330,-0.000597,-0.004928
henon,K,3,5,0.01,1.28,1.000e-03,352,0.143806,0.651184,-0.007736,-0.003420
henon,K,3,5,0.01,1.28,1.000e-03,353,0.143419,0.648987,-0.006530,0.002190
henon,K,3,5,0.01,1.28,1.000e-03,354,0.140218,0.643127,-0.013251,-0.014677
henon,K,3,5,0.01,1.28,1.000e-03,355,0.135150,0.642883,-0.014120,0.013128
henon,K,3,5,0.01,1.28,1.000e-03,356,0.140869,0.648621,0.006355,-0.002691
henon,K,3,5,0.01,1.28,1.000e-03,357,0.145503,0.651917,-0.004203,-0.012333
henon,K,3,5,0.01,1.28,1.000e-03,358,0.141615,0.648376,-0.013584,0.011133
henon,K,3,5,0.01,1.28,1.000e-03,359,0.139794,0.648804,-0.007350,0.000238
henon,K,3,5,0.01,1.28,1.000e-03,360,0.145301,0.652649,-0.010361,-0.001858
henon,K,3,5,0.01,1.28,1.000e-03,361,0.135355,0.640320,-0.005705,0.006292
henon,K,3,5,0.01,1.28,1.000e-03,362,0.130668,0.642395,-0.007352,0.012998
henon,K,3,5,0.01,1.28,1.000e-03,363,0.136387,0.645935,0.005147,-0.006885
henon,K,3,5,0.01,1.28,1.000e-03,364,0.143003,0.653687,-0.002401,-0.011003
henon,K,3,5,0.01,1.28,1.000e-03,365,0.145708,0.649902,-0.013494,-0.007037
henon,K,3,5,0.01,1.28,1.000e-03,366,0.140942,0.649780,-0.016992,0.000632
henon,K,3,5,0.01,1.28,1.000e-03,367,0.137533,0.647400,0.008676,-0.009414
henon,K,3,5,0.01,1.28,1.000e-03,368,0.132672,0.639709,-0.003776,-0.010891
henon,K,3,5,0.01,1.28,1.000e-03,369,0.131090,0.639343,-0.009977,0.010113
henon,K,3,5,0.01,1.28,1.000e-03,370,0.133568,0.643005,0.008754,-0.011391
henon,K,3,5,0.01,1.28,1.000e-03,371,0.134916,0.649902,0.011103,-0.004845
henon,K,3,5,0.01,1.28,1.000e-03,372,0.140356,0.652283,0.002896,-0.010317
henon,K,3,5,0.01,1.28,1.000e-03,373,0.138908,0.646301,-0.003497,-0.011267
henon,K,3,5,0.01,1.28,1.000e-03,374,0.132688,0.643372,0.019186,-0.004345
henon,K,3,5,0.01,1.28,1.000e-03,375,0.136321,0.643860,-0.004025,0.000762
henon,K,3,5,0.01,1.28,1.000e-03,376,0.135766,0.641968,-0.009509,0.000649
henon,K,3,5,0.01,1.28,1.000e-03,377,0.137062,0.648621,0.008886,-0.015611
henon,K,3,5,0.01,1.28,1.000e-03,378,0.140482,0.653503,0.002029,-0.024626
henon,K,3,5,0.01,1.28,1.000e-03,379,0.135596,0.644531,0.009025,-0.010451
henon,K,3,5,0.01,1.28,1.000e-03,380,0.134340,0.641846,-0.003649,0.003479
henon,K,3,5,0.01,1.28,1.000e-03,381,0.132840,0.640686,0.009436,0.000645
henon,K,3,5,0.01,1.28,1.000e-03,382,0.135864,0.645081,0.006209,-0.005824
henon,K,3,5,0.01,1.28,1.000e-03,383,0.135462,0.642273,-0.005730,-0.003370
henon,K,3,5,0.01,1.28,1.000e-03,384,0.144991,0.649658,-0.014504,-0.009106
henon,K,3,5,0.01,1.28,1.000e-03,385,0.142320,0.646423,0.006079,-0.015516
henon,K,3,5,0.01,1.28,1.000e-03,386,0.137081,0.647888,0.006958,-0.004648
henon,K,3,5,0.01,1.28,1.000e-03,387,0.143251,0.648987,-0.007604,-0.006583
henon,K,3,5,0.01,1.28,1.000e-03,388,0.133355,0.640198,0.010700,-0.005137
henon,K,3,5,0.01,1.28,1.000e-03,389,0.128066,0.637756,0.008489,0.000681
henon,K,3,5,0.01,1.28,1.000e-03,390,0.135202,0.648743,-0.004257,0.004535
henon,K,3,5,0.01,1.28,1.000e-03,391,0.134279,0.642700,-0.004124,0.002234
henon,K,3,5,0.01,1.28,1.000e-03,392,0.134535,0.641113,0.002076,-0.009457
henon,K,3,5,0.01,1.28,1.000e-03,393,0.134250,0.644958,0.017570,-0.003557
henon,K,3,5,0.01,1.28,1.000e-03,394,0.139467,0.646057,-0.000475,-0.008064
henon,K,3,5,0.01,1.28,1.000e-03,395,0.136646,0.640137,0.002151,-0.005183
henon,K,3,5,0.01,1.28,1.000e-03,396,0.128757,0.636902,0.009264,0.004214
henon,K,3,5,0.01,1.28,1.000e-03,397,0.133611,0.642883,-0.001870,-0.000578
henon,K,3,5,0.01,1.28,1.000e-03,398,0.135881,0.647400,-0.004540,-0.002848
henon,K,3,5,0.01,1.28,1.000e-03,399,0.141203,0.650879,-0.001424,-0.015265
henon,K,3,5,0.01,1.28,1.000e-03,400,0.138261,0.653625,0.013158,-0.010064
