family,mode,p,q,K,param,delta,t,mean_ln_d,frac_d_gt_scale,r_x1,r_x2
henon,param,3,5,0.01,1.3,1.000e-12,1,-27.943367,0.000000,1.000000,1.000000
henon,param,3,5,0.01,1.3,1.000e-12,2,-27.397761,0.000000,1.000000,1.000000
henon,param,3,5,0.01,1.3,1.000e-12,3,-26.809999,0.000000,1.000000,1.000000
henon,param,3,5,0.01,1.3,1.000e-12,4,-26.545199,0.000000,1.000000,1.000000
henon,param,3,5,0.01,1.3,1.000e-12,5,-26.104534,0.000000,1.000000,1.000000
henon,param,3,5,0.01,1.3,1.000e-12,6,-25.739362,0.000000,1.000000,1.000000
henon,param,3,5,0.01,1.3,1.000e-12,7,-25.378390,0.000000,1.000000,1.000000
henon,param,3,5,0.01,1.3,1.000e-12,8,-25.025429,0.000000,1.000000,1.000000
henon,param,3,5,0.01,1.3,1.000e-12,9,-24.626571,0.000000,1.000000,1.000000
henon,param,3,5,0.01,1.3,1.000e-12,10,-24.267501,0.000000,1.000000,1.000000
henon,param,3,5,0.01,1.3,1.000e-12,11,-23.936038,0.000000,1.000000,1.000000
henon,param,3,5,0.01,1.3,1.000e-12,12,-23.575576,0.000000,1.000000,1.000000
henon,param,3,5,0.01,1.3,1.000e-12,13,-23.222508,0.000000,1.000000,1.000000
henon,param,3,5,0.01,1.3,1.000e-12,14,-22.872048,0.000000,1.000000,1.000000
henon,param,3,5,0.01,1.3,1.000e-12,15,-22.526542,0.000000,1.000000,1.000000
henon,param,3,5,0.01,1.3,1.000e-12,16,-22.167950,0.000000,1.000000,1.000000
henon,param,3,5,0.01,1.3,1.000e-12,17,-21.827577,0.000000,1.000000,1.000000
henon,param,3,5,0.01,1.3,1.000e-12,18,-21.494239,0.000000,1.000000,1.000000
henon,param,3,5,0.01,1.3,1.000e-12,19,-21.141064,0.000000,1.000000,1.000000
henon,param,3,5,0.01,1.3,1.000e-12,20,-20.803109,0.000000,1.000000,1.000000
henon,param,3,5,0.01,1.3,1.000e-12,21,-20.457708,0.000000,1.000000,1.000000
henon,param,3,5,0.01,1.3,1.000e-12,22,-20.115438,0.000000,1.000000,1.000000
henon,param,3,5,0.01,1.3,1.000e-12,23,-19.766687,0.000000,1.000000,1.000000
henon,param,3,5,0.01,1.3,1.000e-12,24,-19.439674,0.000000,1.000000,1.000000
henon,param,3,5,0.01,1.3,1.000e-12,25,-19.100679,0.000000,1.000000,1.000000
henon,param,3,5,0.01,1.3,1.000e-12,26,-18.760884,0.000000,1.000000,1.000000
henon,param,3,5,0.01,1.3,1.000e-12,27,-18.425939,0.000000,1.000000,1.000000
henon,param,3,5,0.01,1.3,1.000e-12,28,-18.086410,0.000000,1.000000,1.000000
henon,param,3,5,0.01,1.3,1.000e-12,29,-17.746327,0.000000,1.000000,1.000000
henon,param,3,5,0.01,1.3,1.000e-12,30,-17.406797,0.000000,1.000000,1.000000
henon,param,3,5,0.01,1.3,1.000e-12,31,-17.074142,0.000000,1.000000,1.000000
henon,param,3,5,0.01,1.3,1.000e-12,32,-16.725319,0.000000,1.000000,1.000000
henon,param,3,5,0.01,1.3,1.000e-12,33,-16.391228,0.000000,1.000000,1.000000
henon,param,3,5,0.01,1.3,1.000e-12,34,-16.047549,0.000000,1.000000,1.000000
henon,param,3,5,0.01,1.3,1.000e-12,35,-15.701982,0.000000,1.000000,1.000000
henon,param,3,5,0.01,1.3,1.000e-12,36,-15.357941,0.000000,1.000000,1.000000
henon,param,3,5,0.01,1.3,1.000e-12,37,-15.019571,0.000000,1.000000,1.000000
henon,param,3,5,0.01,1.3,1.000e-12,38,-14.676015,0.000000,1.000000,1.000000
henon,param,3,5,0.01,1.3,1.000e-12,39,-14.336137,0.000000,1.000000,1.000000
henon,param,3,5,0.01,1.3,1.000e-12,40,-13.997713,0.000000,1.000000,1.000000
henon,param,3,5,0.01,1.3,1.000e-12,41,-13.650345,0.000000,1.000000,1.000000
henon,param,3,5,0.01,1.3,1.000e-12,42,-13.321092,0.000000,1.000000,1.000000
henon,param,3,5,0.01,1.3,1.000e-12,43,-12.990871,0.000000,1.000000,1.000000
henon,param,3,5,0.01,1.3,1.000e-12,44,-12.646558,0.000000,1.000000,1.000000
henon,param,3,5,0.01,1.3,1.000e-12,45,-12.301621,0.000000,1.000000,1.000000
henon,param,3,5,0.01,1.3,1.000e-12,46,-11.967963,0.000000,1.000000,1.000000
henon,param,3,5,0.01,1.3,1.000e-12,47,-11.628866,0.000000,1.000000,1.000000
henon,param,3,5,0.01,1.3,1.000e-12,48,-11.281182,0.000000,0.999999,0.999999
henon,param,3,5,0.01,1.3,1.000e-12,49,-10.944867,0.000000,0.999998,0.999998
henon,param,3,5,0.01,1.3,1.000e-12,50,-10.610891,0.000000,0.999997,0.999997
henon,param,3,5,0.01,1.3,1.000e-12,51,-10.266644,0.000000,0.999992,0.999991
henon,param,3,5,0.01,1.3,1.000e-12,52,-9.922939,0.000000,0.999979,0.999974
henon,param,3,5,0.01,1.3,1.000e-12,53,-9.586652,0.000000,0.999951,0.999961
henon,param,3,5,0.01,1.3,1.000e-12,54,-9.255195,0.000000,0.999918,0.999898
henon,param,3,5,0.01,1.3,1.000e-12,55,-8.907227,0.000061,0.999712,0.999743
henon,param,3,5,0.01,1.3,1.000e-12,56,-8.578313,0.000122,0.999290,0.999630
henon,param,3,5,0.01,1.3,1.000e-12,57,-8.238734,0.000610,0.998471,0.998986
henon,param,3,5,0.01,1.3,1.000e-12,58,-7.902633,0.000916,0.997534,0.997995
henon,param,3,5,0.01,1.3,1.000e-12,59,-7.559933,0.001709,0.996470,0.997092
henon,param,3,5,0.01,1.3,1.000e-12,60,-7.226444,0.003052,0.994750,0.993638
henon,param,3,5,0.01,1.3,1.000e-12,61,-6.884494,0.005920,0.991122,0.989675
henon,param,3,5,0.01,1.3,1.000e-12,62,-6.541049,0.008057,0.987762,0.985799
henon,param,3,5,0.01,1.3,1.000e-12,63,-6.203824,0.011230,0.982642,0.977850
henon,param,3,5,0.01,1.3,1.000e-12,64,-5.876675,0.015259,0.975395,0.973968
henon,param,3,5,0.01,1.3,1.000e-12,65,-5.549960,0.019958,0.968706,0.965491
henon,param,3,5,0.01,1.3,1.000e-12,66,-5.217494,0.027161,0.959851,0.951651
henon,param,3,5,0.01,1.3,1.000e-12,67,-4.905368,0.035583,0.945252,0.939973
henon,param,3,5,0.01,1.3,1.000e-12,68,-4.590451,0.044678,0.929729,0.923371
henon,param,3,5,0.01,1.3,1.000e-12,69,-4.285823,0.057129,0.919074,0.899617
henon,param,3,5,0.01,1.3,1.000e-12,70,-3.981671,0.069763,0.895254,0.883260
henon,param,3,5,0.01,1.3,1.000e-12,71,-3.695699,0.084045,0.869865,0.863168
henon,param,3,5,0.01,1.3,1.000e-12,72,-3.404062,0.101196,0.848710,0.836894
henon,param,3,5,0.01,1.3,1.000e-12,73,-3.131739,0.118530,0.821868,0.805149
henon,param,3,5,0.01,1.3,1.000e-12,74,-2.877804,0.137390,0.793480,0.777793
henon,param,3,5,0.01,1.3,1.000e-12,75,-2.620270,0.160034,0.758773,0.736555
henon,param,3,5,0.01,1.3,1.000e-12,76,-2.384786,0.181641,0.725429,0.712480
henon,param,3,5,0.01,1.3,1.000e-12,77,-2.163377,0.204224,0.692381,0.676596
henon,param,3,5,0.01,1.3,1.000e-12,78,-1.951356,0.225037,0.657916,0.645240
henon,param,3,5,0.01,1.3,1.000e-12,79,-1.758358,0.242065,0.635654,0.609713
henon,param,3,5,0.01,1.3,1.000e-12,80,-1.569679,0.264709,0.588436,0.575682
henon,param,3,5,0.01,1.3,1.000e-12,81,-1.399110,0.294556,0.551909,0.537159
henon,param,3,5,0.01,1.3,1.000e-12,82,-1.235402,0.315063,0.514629,0.496618
henon,param,3,5,0.01,1.3,1.000e-12,83,-1.084418,0.344177,0.475823,0.447878
henon,param,3,5,0.01,1.3,1.000e-12,84,-0.955874,0.362915,0.437505,0.433768
henon,param,3,5,0.01,1.3,1.000e-12,85,-0.828630,0.385559,0.406974,0.392488
henon,param,3,5,0.01,1.3,1.000e-12,86,-0.705726,0.414429,0.368134,0.350688
henon,param,3,5,0.01,1.3,1.000e-12,87,-0.608754,0.428772,0.331270,0.322151
henon,param,3,5,0.01,1.3,1.000e-12,88,-0.522208,0.450195,0.297472,0.284238
henon,param,3,5,0.01,1.3,1.000e-12,89,-0.442000,0.465454,0.276868,0.249406
henon,param,3,5,0.01,1.3,1.000e-12,90,-0.370181,0.482300,0.240513,0.226205
henon,param,3,5,0.01,1.3,1.000e-12,91,-0.301776,0.504822,0.217231,0.217411
henon,param,3,5,0.01,1.3,1.000e-12,92,-0.244971,0.516235,0.198639,0.199921
henon,param,3,5,0.01,1.3,1.000e-12,93,-0.195172,0.529907,0.185748,0.161992
henon,param,3,5,0.01,1.3,1.000e-12,94,-0.148542,0.543091,0.153008,0.156177
henon,param,3,5,0.01,1.3,1.000e-12,95,-0.112819,0.551758,0.127778,0.134461
henon,param,3,5,0.01,1.3,1.000e-12,96,-0.080321,0.561707,0.114656,0.111427
henon,param,3,5,0.01,1.3,1.000e-12,97,-0.060327,0.559875,0.109101,0.105486
henon,param,3,5,0.01,1.3,1.000e-12,98,-0.032814,0.573914,0.101665,0.084599
henon,param,3,5,0.01,1.3,1.000e-12,99,-0.014353,0.577393,0.086667,0.082029
henon,param,3,5,0.01,1.3,1.000e-12,100,0.010552,0.585510,0.076087,0.079812
henon,param,3,5,0.01,1.3,1.000e-12,101,0.036202,0.601135,0.059555,0.056604
henon,param,3,5,0.01,1.3,1.000e-12,102,0.047364,0.602234,0.047878,0.051479
henon,param,3,5,0.01,1.3,1.000e-12,103,0.051069,0.598511,0.054785,0.050699
henon,param,3,5,0.01,1.3,1.000e-12,104,0.056866,0.601685,0.038517,0.034045
henon,param,3,5,0.01,1.3,1.000e-12,105,0.068291,0.608093,0.044484,0.036993
henon,param,3,5,0.01,1.3,1.000e-12,106,0.074860,0.608459,0.037429,0.029431
henon,param,3,5,0.01,1.3,1.000e-12,107,0.083831,0.615295,0.021017,0.029705
henon,param,3,5,0.01,1.3,1.000e-12,108,0.090202,0.615662,0.030153,0.029334
henon,param,3,5,0.01,1.3,1.000e-12,109,0.093359,0.617981,0.026392,0.029915
henon,param,3,5,0.01,1.3,1.000e-12,110,0.094025,0.616455,0.025833,0.017343
henon,param,3,5,0.01,1.3,1.000e-12,111,0.100997,0.619324,0.020302,0.006092
henon,param,3,5,0.01,1.3,1.000e-12,112,0.105511,0.622864,0.011816,0.007195
henon,param,3,5,0.01,1.3,1.000e-12,113,0.111219,0.626343,0.008483,0.005996
henon,param,3,5,0.01,1.3,1.000e-12,114,0.117047,0.631775,0.001296,-0.003667
henon,param,3,5,0.01,1.3,1.000e-12,115,0.115655,0.628662,0.002500,-0.002123
henon,param,3,5,0.01,1.3,1.000e-12,116,0.112839,0.628113,0.008692,0.004814
henon,param,3,5,0.01,1.3,1.000e-12,117,0.113012,0.627991,0.022294,-0.000541
henon,param,3,5,0.01,1.3,1.000e-12,118,0.120353,0.631714,-0.001400,-0.006170
henon,param,3,5,0.01,1.3,1.000e-12,119,0.121166,0.633667,0.000719,-0.003656
henon,param,3,5,0.01,1.3,1.000e-12,120,0.119723,0.631653,0.003625,-0.006971
henon,param,3,5,0.01,1.3,1.000e-12,121,0.120468,0.630676,-0.005573,-0.001269
henon,param,3,5,0.01,1.3,1.000e-12,122,0.120431,0.632507,0.004671,-0.010283
henon,param,3,5,0.01,1.3,1.000e-12,123,0.122682,0.637268,-0.007378,0.000062
henon,param,3,5,0.01,1.3,1.000e-12,124,0.120949,0.636414,-0.006833,0.000120
henon,param,3,5,0.01,1.3,1.000e-12,125,0.119200,0.630432,-0.001673,-0.006061
henon,param,3,5,0.01,1.3,1.000e-12,126,0.119184,0.630249,-0.006895,-0.001438
henon,param,3,5,0.01,1.3,1.000e-12,127,0.116142,0.626648,-0.001900,0.006757
henon,param,3,5,0.01,1.3,1.000e-12,128,0.119302,0.631775,-0.004175,-0.002726
henon,param,3,5,0.01,1.3,1.000e-12,129,0.121606,0.634827,-0.007639,-0.007617
henon,param,3,5,0.01,1.3,1.000e-12,130,0.118391,0.629395,-0.012453,0.010377
henon,param,3,5,0.01,1.3,1.000e-12,131,0.116095,0.629822,0.021087,0.002985
henon,param,3,5,0.01,1.3,1.000e-12,132,0.120289,0.634155,0.000636,0.000486
henon,param,3,5,0.01,1.3,1.000e-12,133,0.113490,0.630737,0.001549,-0.003330
henon,param,3,5,0.01,1.3,1.000e-12,134,0.110167,0.626160,0.005508,-0.006587
henon,param,3,5,0.01,1.3,1.000e-12,135,0.109612,0.627441,0.004120,0.005795
henon,param,3,5,0.01,1.3,1.000e-12,136,0.115312,0.626465,0.011195,-0.006637
henon,param,3,5,0.01,1.3,1.000e-12,137,0.118352,0.632324,0.001189,-0.001691
henon,param,3,5,0.01,1.3,1.000e-12,138,0.113979,0.630493,0.008880,0.006712
henon,param,3,5,0.01,1.3,1.000e-12,139,0.117629,0.625732,0.005131,-0.003587
henon,param,3,5,0.01,1.3,1.000e-12,140,0.117569,0.628906,0.000122,0.002126
henon,param,3,5,0.01,1.3,1.000e-12,141,0.121330,0.632202,0.007162,-0.006840
henon,param,3,5,0.01,1.3,1.000e-12,142,0.113741,0.622437,0.013444,0.005486
henon,param,3,5,0.01,1.3,1.000e-12,143,0.116923,0.630371,0.003982,-0.005841
henon,param,3,5,0.01,1.3,1.000e-12,144,0.118818,0.629578,-0.014335,0.004274
henon,param,3,5,0.01,1.3,1.000e-12,145,0.119169,0.631409,-0.001268,-0.000462
henon,param,3,5,0.01,1.3,1.000e-12,146,0.127288,0.637146,-0.010552,-0.007344
henon,param,3,5,0.01,1.3,1.000e-12,147,0.125801,0.635315,-0.003507,-0.003375
henon,param,3,5,0.01,1.3,1.000e-12,148,0.121338,0.632446,0.007599,-0.001373
henon,param,3,5,0.01,1.3,1.000e-12,149,0.118071,0.630371,0.007634,-0.013920
henon,param,3,5,0.01,1.3,1.000e-12,150,0.115988,0.628174,0.015570,-0.002664
henon,param,3,5,0.01,1.3,1.000e-12,151,0.119895,0.630188,-0.007791,0.007209
henon,param,3,5,0.01,1.3,1.000e-12,152,0.116308,0.631714,0.005495,0.010797
henon,param,3,5,0.01,1.3,1.000e-12,153,0.123299,0.635925,-0.011265,-0.002222
henon,param,3,5,0.01,1.3,1.000e-12,154,0.124188,0.634033,-0.009295,0.002257
henon,param,3,5,0.01,1.3,1.000e-12,155,0.118657,0.634216,-0.001090,-0.001255
henon,param,3,5,0.01,1.3,1.000e-12,156,0.115008,0.630188,-0.002282,0.010167
henon,param,3,5,0.01,1.3,1.000e-12,157,0.111717,0.628235,-0.001302,0.004547
henon,param,3,5,0.01,1.3,1.000e-12,158,0.115666,0.627625,-0.000873,0.012090
henon,param,3,5,0.01,1.3,1.000e-12,159,0.112757,0.629883,-0.000295,0.011508
henon,param,3,5,0.01,1.3,1.000e-12,160,0.121248,0.633789,-0.007936,-0.002860
henon,param,3,5,0.01,1.3,1.000e-12,161,0.122434,0.634155,-0.005911,-0.002776
henon,param,3,5,0.01,1.3,1.000e-12,162,0.120246,0.631348,-0.004240,0.006647
henon,param,3,5,0.01,1.3,1.000e-12,163,0.117287,0.632812,0.004637,0.003951
henon,param,3,5,0.01,1.3,1.000e-12,164,0.117739,0.624695,0.004846,0.004387
henon,param,3,5,0.01,1.3,1.000e-12,165,0.116311,0.629822,-0.007208,-0.000635
henon,param,3,5,0.01,1.3,1.000e-12,166,0.113863,0.624084,-0.003969,0.010780
henon,param,3,5,0.01,1.3,1.000e-12,167,0.118234,0.634583,0.001380,0.005638
henon,param,3,5,0.01,1.3,1.000e-12,168,0.119254,0.632751,-0.003916,0.007350
henon,param,3,5,0.01,1.3,1.000e-12,169,0.121115,0.632812,-0.001746,-0.004965
henon,param,3,5,0.01,1.3,1.000e-12,170,0.121220,0.634094,0.009996,-0.012448
henon,param,3,5,0.01,1.3,1.000e-12,171,0.122410,0.630371,-0.019565,-0.018869
henon,param,3,5,0.01,1.3,1.000e-12,172,0.115194,0.631042,0.006615,-0.014746
henon,param,3,5,0.01,1.3,1.000e-12,173,0.120027,0.626770,0.004459,-0.016028
henon,param,3,5,0.01,1.3,1.000e-12,174,0.119580,0.633179,-0.006573,0.009153
henon,param,3,5,0.01,1.3,1.000e-12,175,0.118428,0.634583,-0.007798,0.022777
henon,param,3,5,0.01,1.3,1.000e-12,176,0.123552,0.630066,-0.005060,0.006297
henon,param,3,5,0.01,1.3,1.000e-12,177,0.119139,0.633667,-0.010722,0.013528
henon,param,3,5,0.01,1.3,1.000e-12,178,0.118456,0.631897,-0.001379,0.001766
henon,param,3,5,0.01,1.3,1.000e-12,179,0.118189,0.631775,-0.010589,0.002157
henon,param,3,5,0.01,1.3,1.000e-12,180,0.118287,0.629456,-0.000152,0.000518
henon,param,3,5,0.01,1.3,1.000e-12,181,0.124444,0.636292,-0.011697,0.005018
henon,param,3,5,0.01,1.3,1.000e-12,182,0.119329,0.628723,0.002598,0.005637
henon,param,3,5,0.01,1.3,1.000e-12,183,0.121883,0.634827,-0.000535,-0.007126
henon,param,3,5,0.01,1.3,1.000e-12,184,0.117045,0.630798,-0.005240,0.001361
henon,param,3,5,0.01,1.3,1.000e-12,185,0.118425,0.634888,0.001685,-0.000570
henon,param,3,5,0.01,1.3,1.000e-12,186,0.116205,0.628723,0.001351,-0.007362
henon,param,3,5,0.01,1.3,1.000e-12,187,0.110561,0.626099,-0.009964,0.009848
henon,param,3,5,0.01,1.3,1.000e-12,188,0.116152,0.628174,-0.008724,0.003417
henon,param,3,5,0.01,1.3,1.000e-12,189,0.116576,0.635010,0.007441,0.000045
henon,param,3,5,0.01,1.3,1.000e-12,190,0.119446,0.631348,0.000237,-0.001941
henon,param,3,5,0.01,1.3,1.000e-12,191,0.123544,0.631470,-0.008735,0.002350
henon,param,3,5,0.01,1.3,1.000e-12,192,0.118364,0.629578,0.012428,0.002799
henon,param,3,5,0.01,1.3,1.000e-12,193,0.119704,0.630981,-0.000164,-0.006066
henon,param,3,5,0.01,1.3,1.000e-12,194,0.110904,0.628906,0.010537,0.003680
henon,param,3,5,0.01,1.3,1.000e-12,195,0.115958,0.624329,-0.002108,-0.000081
henon,param,3,5,0.01,1.3,1.000e-12,196,0.119784,0.628540,0.000066,-0.001905
henon,param,3,5,0.01,1.3,1.000e-12,197,0.122099,0.633972,0.011510,-0.003900
henon,param,3,5,0.01,1.3,1.000e-12,198,0.127116,0.634705,-0.011853,-0.009074
henon,param,3,5,0.01,1.3,1.000e-12,199,0.128399,0.636292,-0.006221,-0.006438
henon,param,3,5,0.01,1.3,1.000e-12,200,0.126353,0.639526,-0.013638,-0.008218
henon,param,3,5,0.01,1.3,1.000e-12,201,0.116782,0.627258,-0.001588,-0.004690
henon,param,3,5,0.01,1.3,1.000e-12,202,0.114711,0.626953,0.010124,0.012716
henon,param,3,5,0.01,1.3,1.000e-12,203,0.119477,0.634399,-0.006738,0.004978
henon,param,3,5,0.01,1.3,1.000e-12,204,0.118404,0.631287,0.006396,0.003762
henon,param,3,5,0.01,1.3,1.000e-12,205,0.126352,0.633911,-0.001500,-0.010572
henon,param,3,5,0.01,1.3,1.000e-12,206,0.121074,0.630981,-0.000448,0.000900
henon,param,3,5,0.01,1.3,1.000e-12,207,0.118826,0.630798,-0.002299,-0.002103
henon,param,3,5,0.01,1.3,1.000e-12,208,0.113517,0.629578,0.004836,0.019884
henon,param,3,5,0.01,1.3,1.000e-12,209,0.115582,0.626404,0.009433,0.011599
henon,param,3,5,0.01,1.3,1.000e-12,210,0.116478,0.630127,-0.004587,0.003149
henon,param,3,5,0.01,1.3,1.000e-12,211,0.116171,0.629150,-0.013502,0.018250
henon,param,3,5,0.01,1.3,1.000e-12,212,0.119284,0.632507,-0.016258,0.002132
henon,param,3,5,0.01,1.3,1.000e-12,213,0.113005,0.628845,0.010449,0.008316
henon,param,3,5,0.01,1.3,1.000e-12,214,0.115303,0.630432,-0.000533,0.001167
henon,param,3,5,0.01,1.3,1.000e-12,215,0.118482,0.632385,0.004775,0.001796
henon,param,3,5,0.01,1.3,1.000e-12,216,0.115112,0.630432,0.005644,0.006599
henon,param,3,5,0.01,1.3,1.000e-12,217,0.115929,0.628967,0.002915,0.006088
henon,param,3,5,0.01,1.3,1.000e-12,218,0.117296,0.631958,0.001012,-0.003798
henon,param,3,5,0.01,1.3,1.000e-12,219,0.117202,0.628113,-0.012802,0.008481
henon,param,3,5,0.01,1.3,1.000e-12,220,0.119684,0.631409,-0.002049,0.001375
henon,param,3,5,0.01,1.3,1.000e-12,221,0.128273,0.637390,-0.013401,-0.005306
henon,param,3,5,0.01,1.3,1.000e-12,222,0.122203,0.632690,-0.006848,-0.005636
henon,param,3,5,0.01,1.3,1.000e-12,223,0.119743,0.630005,0.000014,-0.004553
henon,param,3,5,0.01,1.3,1.000e-12,224,0.120249,0.630005,0.003248,-0.005978
henon,param,3,5,0.01,1.3,1.000e-12,225,0.119944,0.631165,-0.007981,0.003340
henon,param,3,5,0.01,1.3,1.000e-12,226,0.114472,0.628540,-0.003966,0.014148
henon,param,3,5,0.01,1.3,1.000e-12,227,0.123684,0.634827,-0.005224,-0.005433
henon,param,3,5,0.01,1.3,1.000e-12,228,0.124298,0.632751,0.001956,-0.005809
henon,param,3,5,0.01,1.3,1.000e-12,229,0.118807,0.631287,0.001411,-0.002073
henon,param,3,5,0.01,1.3,1.000e-12,230,0.115058,0.627747,0.003043,0.008352
henon,param,3,5,0.01,1.3,1.000e-12,231,0.118442,0.632141,0.002228,-0.004450
henon,param,3,5,0.01,1.3,1.000e-12,232,0.112098,0.628113,0.008646,0.006348
henon,param,3,5,0.01,1.3,1.000e-12,233,0.116389,0.629944,-0.005958,0.009569
henon,param,3,5,0.01,1.3,1.000e-12,234,0.119771,0.632080,-0.008963,-0.003047
henon,param,3,5,0.01,1.3,1.000e-12,235,0.116274,0.630920,-0.009708,0.013261
henon,param,3,5,0.01,1.3,1.000e-12,236,0.112511,0.625000,0.003166,0.001723
henon,param,3,5,0.01,1.3,1.000e-12,237,0.120269,0.634583,-0.005404,0.005582
henon,param,3,5,0.01,1.3,1.000e-12,238,0.115483,0.627930,-0.004097,0.011263
henon,param,3,5,0.01,1.3,1.000e-12,239,0.117300,0.634460,0.008007,0.006325
henon,param,3,5,0.01,1.3,1.000e-12,240,0.115987,0.628906,-0.002258,0.008659
henon,param,3,5,0.01,1.3,1.000e-12,241,0.121497,0.630859,0.008816,-0.014354
henon,param,3,5,0.01,1.3,1.000e-12,242,0.120075,0.634094,0.008789,0.001082
henon,param,3,5,0.01,1.3,1.000e-12,243,0.120006,0.635071,0.001330,-0.008009
henon,param,3,5,0.01,1.3,1.000e-12,244,0.124500,0.635376,-0.015340,-0.011261
henon,param,3,5,0.01,1.3,1.000e-12,245,0.117518,0.631042,0.005568,-0.000639
henon,param,3,5,0.01,1.3,1.000e-12,246,0.113070,0.627930,0.005302,0.005329
henon,param,3,5,0.01,1.3,1.000e-12,247,0.116142,0.634277,-0.003680,0.010341
henon,param,3,5,0.01,1.3,1.000e-12,248,0.120954,0.632324,-0.000619,0.000007
henon,param,3,5,0.01,1.3,1.000e-12,249,0.115501,0.628845,0.001514,0.000937
henon,param,3,5,0.01,1.3,1.000e-12,250,0.115509,0.633118,0.009944,-0.002035
henon,param,3,5,0.01,1.3,1.000e-12,251,0.120141,0.633667,-0.002617,-0.003847
henon,param,3,5,0.01,1.3,1.000e-12,252,0.114386,0.629700,0.008205,-0.005980
henon,param,3,5,0.01,1.3,1.000e-12,253,0.113729,0.625122,0.000012,0.008165
henon,param,3,5,0.01,1.3,1.000e-12,254,0.113032,0.627502,0.009933,0.003815
henon,param,3,5,0.01,1.3,1.000e-12,255,0.114307,0.627991,-0.000600,0.009577
henon,param,3,5,0.01,1.3,1.000e-12,256,0.115720,0.627258,-0.004377,0.012230
henon,param,3,5,0.01,1.3,1.000e-12,257,0.122592,0.633362,0.006308,-0.004632
henon,param,3,5,0.01,1.3,1.000e-12,258,0.121606,0.632568,-0.001893,0.002023
henon,param,3,5,0.01,1.3,1.000e-12,259,0.117727,0.630798,0.002649,0.006615
henon,param,3,5,0.01,1.3,1.000e-12,260,0.119345,0.627014,-0.000290,0.003956
henon,param,3,5,0.01,1.3,1.000e-12,261,0.116793,0.625610,-0.006203,-0.012859
henon,param,3,5,0.01,1.3,1.000e-12,262,0.115055,0.630005,0.006631,0.009621
henon,param,3,5,0.01,1.3,1.000e-12,263,0.116707,0.628723,0.003882,0.005361
henon,param,3,5,0.01,1.3,1.000e-12,264,0.119034,0.635376,-0.001931,-0.007405
henon,param,3,5,0.01,1.3,1.000e-12,265,0.116187,0.627441,0.005007,0.007540
henon,param,3,5,0.01,1.3,1.000e-12,266,0.119622,0.631714,0.006492,0.003560
henon,param,3,5,0.01,1.3,1.000e-12,267,0.124642,0.635925,-0.000186,-0.002918
henon,param,3,5,0.01,1.3,1.000e-12,268,0.123659,0.633789,-0.007997,-0.012966
henon,param,3,5,0.01,1.3,1.000e-12,269,0.123178,0.637634,0.000679,0.001935
henon,param,3,5,0.01,1.3,1.000e-12,270,0.126423,0.634277,0.002212,-0.019082
henon,param,3,5,0.01,1.3,1.000e-12,271,0.131119,0.636597,-0.007371,-0.009252
henon,param,3,5,0.01,1.3,1.000e-12,272,0.131543,0.638184,-0.006809,-0.011355
henon,param,3,5,0.01,1.3,1.000e-12,273,0.124004,0.629456,-0.008528,-0.010844
henon,param,3,5,0.01,1.3,1.000e-12,274,0.115050,0.625061,-0.001954,0.000126
henon,param,3,5,0.01,1.3,1.000e-12,275,0.117105,0.631287,0.006332,0.001139
henon,param,3,5,0.01,1.3,1.000e-12,276,0.122503,0.630554,-0.008812,0.000811
henon,param,3,5,0.01,1.3,1.000e-12,277,0.122846,0.635193,-0.005640,0.008975
henon,param,3,5,0.01,1.3,1.000e-12,278,0.120109,0.635376,-0.004356,0.017837
henon,param,3,5,0.01,1.3,1.000e-12,279,0.122341,0.630798,-0.009355,-0.000824
henon,param,3,5,0.01,1.3,1.000e-12,280,0.114664,0.628784,0.016817,0.006994
henon,param,3,5,0.01,1.3,1.000e-12,281,0.111439,0.622437,0.012789,0.010581
henon,param,3,5,0.01,1.3,1.000e-12,282,0.120324,0.633728,0.004182,-0.005191
henon,param,3,5,0.01,1.3,1.000e-12,283,0.123949,0.636719,-0.003573,-0.007148
henon,param,3,5,0.01,1.3,1.000e-12,284,0.128222,0.638062,-0.008459,-0.016762
henon,param,3,5,0.01,1.3,1.000e-12,285,0.130282,0.639099,-0.011401,-0.006470
henon,param,3,5,0.01,1.3,1.000e-12,286,0.119699,0.629944,-0.007222,0.004186
henon,param,3,5,0.01,1.3,1.000e-12,287,0.121780,0.632080,-0.009586,-0.000258
henon,param,3,5,0.01,1.3,1.000e-12,288,0.117728,0.634888,0.004247,0.014250
henon,param,3,5,0.01,1.3,1.000e-12,289,0.117368,0.632568,0.006084,0.001344
henon,param,3,5,0.01,1.3,1.000e-12,290,0.125131,0.636963,-0.000551,-0.002652
henon,param,3,5,0.01,1.3,1.000e-12,291,0.126702,0.636780,-0.011691,-0.003633
henon,param,3,5,0.01,1.3,1.000e-12,292,0.115777,0.627441,0.002997,-0.003273
henon,param,3,5,0.01,1.3,1.000e-12,293,0.114626,0.628784,0.013788,-0.000341
henon,param,3,5,0.01,1.3,1.000e-12,294,0.115814,0.626770,-0.001056,0.001167
henon,param,3,5,0.01,1.3,1.000e-12,295,0.114752,0.628174,0.002462,0.017066
henon,param,3,5,0.01,1.3,1.000e-12,296,0.117741,0.628784,-0.001043,0.008505
henon,param,3,5,0.01,1.3,1.000e-12,297,0.122188,0.634949,0.000035,-0.001590
henon,param,3,5,0.01,1.3,1.000e-12,298,0.120479,0.632751,-0.000850,-0.004713
henon,param,3,5,0.01,1.3,1.000e-12,299,0.112285,0.622314,0.012578,-0.004765
henon,param,3,5,0.01,1.3,1.000e-12,300,0.116886,0.626587,0.015012,-0.003551
henon,param,3,5,0.01,1.3,1.000e-12,301,0.121467,0.632690,-0.006849,0.003785
henon,param,3,5,0.01,1.3,1.000e-12,302,0.120836,0.632935,-0.009770,0.006920
henon,param,3,5,0.01,1.3,1.000e-12,303,0.125403,0.637146,0.005561,-0.024159
henon,param,3,5,0.01,1.3,1.000e-12,304,0.119691,0.631775,0.004055,0.008566
henon,param,3,5,0.01,1.3,1.000e-12,305,0.116098,0.628540,-0.003605,0.005044
henon,param,3,5,0.01,1.3,1.000e-12,306,0.112426,0.623352,0.015704,0.006438
henon,param,3,5,0.01,1.3,1.000e-12,307,0.122162,0.632996,0.008128,0.001659
henon,param,3,5,0.01,1.3,1.000e-12,308,0.122356,0.636414,-0.019144,0.007693
henon,param,3,5,0.01,1.3,1.000e-12,309,0.114390,0.632324,-0.002809,0.008446
henon,param,3,5,0.01,1.3,1.000e-12,310,0.109895,0.624695,0.018474,-0.001567
henon,param,3,5,0.01,1.3,1.000e-12,311,0.113926,0.628113,0.008469,0.008990
henon,param,3,5,0.01,1.3,1.000e-12,312,0.112174,0.626892,-0.002979,0.008516
henon,param,3,5,0.01,1.3,1.000e-12,313,0.117045,0.630432,-0.000942,0.020681
henon,param,3,5,0.01,1.3,1.000e-12,314,0.121294,0.632507,0.001526,-0.003882
henon,param,3,5,0.01,1.3,1.000e-12,315,0.121765,0.634644,-0.002492,0.013324
henon,param,3,5,0.01,1.3,1.000e-12,316,0.122685,0.634705,-0.003298,0.000819
henon,param,3,5,0.01,1.3,1.000e-12,317,0.119546,0.631470,-0.010053,0.003295
henon,param,3,5,0.01,1.3,1.000e-12,318,0.117303,0.628906,-0.003831,0.003084
henon,param,3,5,0.01,1.3,1.000e-12,319,0.112548,0.625671,-0.005537,0.010541
henon,param,3,5,0.01,1.3,1.000e-12,320,0.114162,0.627686,0.004734,0.008449
henon,param,3,5,0.01,1.3,1.000e-12,321,0.119797,0.632263,-0.001170,0.008322
henon,param,3,5,0.01,1.3,1.000e-12,322,0.122999,0.634033,-0.006469,0.002745
henon,param,3,5,0.01,1.3,1.000e-12,323,0.119920,0.628723,0.000114,0.001974
henon,param,3,5,0.01,1.3,1.000e-12,324,0.119025,0.632568,-0.006376,-0.001985
henon,param,3,5,0.01,1.3,1.000e-12,325,0.114544,0.626221,0.002606,-0.001178
henon,param,3,5,0.01,1.3,1.000e-12,326,0.112837,0.625183,-0.001864,-0.008141
henon,param,3,5,0.01,1.3,1.000e-12,327,0.115191,0.632751,-0.002514,0.006569
henon,param,3,5,0.01,1.3,1.000e-12,328,0.121343,0.632568,0.002921,0.003357
henon,param,3,5,0.01,1.3,1.000e-12,329,0.120774,0.634277,-0.007629,-0.001679
henon,param,3,5,0.01,1.3,1.000e-12,330,0.113720,0.628601,-0.007273,0.008868
henon,param,3,5,0.01,1.3,1.000e-12,331,0.111263,0.628601,0.009746,-0.006729
henon,param,3,5,0.01,1.3,1.000e-12,332,0.116837,0.632019,-0.005504,0.007620
henon,param,3,5,0.01,1.3,1.000e-12,333,0.119258,0.630859,-0.003945,-0.006502
henon,param,3,5,0.01,1.3,1.000e-12,334,0.118689,0.630066,-0.001001,0.012643
henon,param,3,5,0.01,1.3,1.000e-12,335,0.124347,0.633240,-0.002813,0.007999
henon,param,3,5,0.01,1.3,1.000e-12,336,0.125300,0.634338,-0.017666,0.005312
henon,param,3,5,0.01,1.3,1.000e-12,337,0.118237,0.633179,-0.003729,0.002179
henon,param,3,5,0.01,1.3,1.000e-12,338,0.118107,0.633118,-0.001022,-0.008907
henon,param,3,5,0.01,1.3,1.000e-12,339,0.118132,0.632629,-0.013043,-0.004143
henon,param,3,5,0.01,1.3,1.000e-12,340,0.113926,0.627930,0.005397,-0.001776
henon,param,3,5,0.01,1.3,1.000e-12,341,0.117689,0.628967,0.015019,0.002510
henon,param,3,5,0.01,1.3,1.000e-12,342,0.116649,0.630737,0.001237,0.015691
henon,param,3,5,0.01,1.3,1.000e-12,343,0.119273,0.630920,-0.010740,0.003026
henon,param,3,5,0.01,1.3,1.000e-12,344,0.121937,0.632812,-0.002501,0.009613
henon,param,3,5,0.01,1.3,1.000e-12,345,0.118246,0.630188,-0.008927,0.000170
henon,param,3,5,0.01,1.3,1.000e-12,346,0.119073,0.628540,-0.000060,-0.007359
henon,param,3,5,0.01,1.3,1.000e-12,347,0.120242,0.632263,0.003335,0.005684
henon,param,3,5,0.01,1.3,1.000e-12,348,0.131779,0.638184,-0.020212,-0.009058
henon,param,3,5,0.01,1.3,1.000e-12,349,0.124523,0.634277,-0.005760,-0.006209
henon,param,3,5,0.01,1.3,1.000e-12,350,0.126872,0.635803,-0.015022,-0.002448
henon,param,3,5,0.01,1.3,1.000e-12,351,0.127432,0.634399,-0.006691,-0.003435
henon,param,3,5,0.01,1.3,1.000e-12,352,0.117599,0.629272,0.000873,0.007589
henon,param,3,5,0.01,1.3,1.000e-12,353,0.115481,0.632507,0.000243,0.005645
henon,param,3,5,0.01,1.3,1.000e-12,354,0.115907,0.628906,0.012248,0.005513
henon,param,3,5,0.01,1.3,1.000e-12,355,0.120689,0.630859,-0.000652,-0.004809
henon,param,3,5,0.01,1.3,1.000e-12,356,0.117077,0.630005,0.011684,-0.009543
henon,param,3,5,0.01,1.3,1.000e-12,357,0.119637,0.631714,-0.002885,0.001215
henon,param,3,5,0.01,1.3,1.000e-12,358,0.118689,0.632507,0.008335,0.000126
henon,param,3,5,0.01,1.3,1.000e-12,359,0.117923,0.634338,-0.002680,0.017855
henon,param,3,5,0.01,1.3,1.000e-12,360,0.117101,0.632507,-0.000170,-0.005336
henon,param,3,5,0.01,1.3,1.000e-12,361,0.117780,0.628479,0.001391,-0.003098
henon,param,3,5,0.01,1.3,1.000e-12,362,0.117306,0.626831,0.002854,-0.002542
henon,param,3,5,0.01,1.3,1.000e-12,363,0.117358,0.631470,0.007872,-0.003268
henon,param,3,5,0.01,1.3,1.000e-12,364,0.117656,0.634277,-0.004291,0.000223
henon,param,3,5,0.01,1.3,1.000e-12,365,0.120681,0.629456,-0.001532,-0.001585
henon,param,3,5,0.01,1.3,1.000e-12,366,0.119130,0.633911,-0.001615,0.005517
henon,param,3,5,0.01,1.3,1.000e-12,367,0.107782,0.622498,0.005365,0.016777
henon,param,3,5,0.01,1.3,1.000e-12,368,0.110874,0.629761,0.004595,0.005910
henon,param,3,5,0.01,1.3,1.000e-12,369,0.114222,0.634338,0.005566,0.004496
henon,param,3,5,0.01,1.3,1.000e-12,370,0.114814,0.632202,0.021359,-0.011789
henon,param,3,5,0.01,1.3,1.000e-12,371,0.112751,0.630981,-0.004547,0.007100
henon,param,3,5,0.01,1.3,1.000e-12,372,0.114504,0.630127,0.003589,0.007302
henon,param,3,5,0.01,1.3,1.000e-12,373,0.114427,0.628540,0.009870,0.006146
henon,param,3,5,0.01,1.3,1.000e-12,374,0.112204,0.625549,0.000545,0.005989
henon,param,3,5,0.01,1.3,1.000e-12,375,0.112120,0.631287,0.001928,0.009231
henon,param,3,5,0.01,1.3,1.000e-12,376,0.114837,0.628967,0.015735,0.008661
henon,param,3,5,0.01,1.3,1.000e-12,377,0.117710,0.633362,-0.004660,-0.008938
henon,param,3,5,0.01,1.3,1.000e-12,378,0.113560,0.625610,0.005701,-0.008920
henon,param,3,5,0.01,1.3,1.000e-12,379,0.113385,0.632690,0.006078,0.007473
henon,param,3,5,0.01,1.3,1.000e-12,380,0.116523,0.627869,0.000443,-0.012863
henon,param,3,5,0.01,1.3,1.000e-12,381,0.113789,0.628540,0.001918,0.000003
henon,param,3,5,0.01,1.3,1.000e-12,382,0.115004,0.628540,-0.000973,0.016154
henon,param,3,5,0.01,1.3,1.000e-12,383,0.112063,0.626770,0.020052,0.010745
henon,param,3,5,0.01,1.3,1.000e-12,384,0.107090,0.623413,0.008235,0.009225
henon,param,3,5,0.01,1.3,1.000e-12,385,0.109286,0.620483,0.014401,-0.005432
henon,param,3,5,0.01,1.3,1.000e-12,386,0.115144,0.632080,0.012617,-0.010844
henon,param,3,5,0.01,1.3,1.000e-12,387,0.116385,0.626770,0.011162,-0.004303
henon,param,3,5,0.01,1.3,1.000e-12,388,0.119006,0.629150,0.012807,-0.010908
henon,param,3,5,0.01,1.3,1.000e-12,389,0.109485,0.624146,0.011906,0.026582
henon,param,3,5,0.01,1.3,1.000e-12,390,0.114472,0.630310,0.016265,0.000287
henon,param,3,5,0.01,1.3,1.000e-12,391,0.114567,0.628601,-0.000814,0.002213
henon,param,3,5,0.01,1.3,1.000e-12,392,0.113183,0.628967,-0.002685,0.002543
henon,param,3,5,0.01,1.3,1.000e-12,393,0.117786,0.631653,0.002168,-0.001827
henon,param,3,5,0.01,1.3,1.000e-12,394,0.123887,0.632812,-0.008426,-0.000925
henon,param,3,5,0.01,1.3,1.000e-12,395,0.122229,0.631531,-0.008365,-0.009865
henon,param,3,5,0.01,1.3,1.000e-12,396,0.121402,0.632385,-0.009556,0.018447
henon,param,3,5,0.01,1.3,1.000e-12,397,0.126232,0.635193,-0.003863,-0.000828
henon,param,3,5,0.01,1.3,1.000e-12,398,0.120098,0.623169,-0.016420,-0.001759
henon,param,3,5,0.01,1.3,1.000e-12,399,0.110793,0.625671,-0.010564,0.021586
henon,param,3,5,0.01,1.3,1.000e-12,400,0.116063,0.626160,-0.017318,0.009008
henon,param,3,5,0.01,1.3,1.000e-10,1,-23.339471,0.000000,1.000000,1.000000
henon,param,3,5,0.01,1.3,1.000e-10,2,-22.792684,0.000000,1.000000,1.000000
henon,param,3,5,0.01,1.3,1.000e-10,3,-22.204920,0.000000,1.000000,1.000000
henon,param,3,5,0.01,1.3,1.000e-10,4,-21.940122,0.000000,1.000000,1.000000
henon,param,3,5,0.01,1.3,1.000e-10,5,-21.499456,0.000000,1.000000,1.000000
henon,param,3,5,0.01,1.3,1.000e-10,6,-21.134289,0.000000,1.000000,1.000000
henon,param,3,5,0.01,1.3,1.000e-10,7,-20.773310,0.000000,1.000000,1.000000
henon,param,3,5,0.01,1.3,1.000e-10,8,-20.420353,0.000000,1.000000,1.000000
henon,param,3,5,0.01,1.3,1.000e-10,9,-20.021492,0.000000,1.000000,1.000000
henon,param,3,5,0.01,1.3,1.000e-10,10,-19.662417,0.000000,1.000000,1.000000
henon,param,3,5,0.01,1.3,1.000e-10,11,-19.330958,0.000000,1.000000,1.000000
henon,param,3,5,0.01,1.3,1.000e-10,12,-18.970502,0.000000,1.000000,1.000000
henon,param,3,5,0.01,1.3,1.000e-10,13,-18.617431,0.000000,1.000000,1.000000
henon,param,3,5,0.01,1.3,1.000e-10,14,-18.266965,0.000000,1.000000,1.000000
henon,param,3,5,0.01,1.3,1.000e-10,15,-17.921462,0.000000,1.000000,1.000000
henon,param,3,5,0.01,1.3,1.000e-10,16,-17.562870,0.000000,1.000000,1.000000
henon,param,3,5,0.01,1.3,1.000e-10,17,-17.222497,0.000000,1.000000,1.000000
henon,param,3,5,0.01,1.3,1.000e-10,18,-16.889161,0.000000,1.000000,1.000000
henon,param,3,5,0.01,1.3,1.000e-10,19,-16.535992,0.000000,1.000000,1.000000
henon,param,3,5,0.01,1.3,1.000e-10,20,-16.198033,0.000000,1.000000,1.000000
henon,param,3,5,0.01,1.3,1.000e-10,21,-15.852635,0.000000,1.000000,1.000000
henon,param,3,5,0.01,1.3,1.000e-10,22,-15.510367,0.000000,1.000000,1.000000
henon,param,3,5,0.01,1.3,1.000e-10,23,-15.161616,0.000000,1.000000,1.000000
henon,param,3,5,0.01,1.3,1.000e-10,24,-14.834606,0.000000,1.000000,1.000000
henon,param,3,5,0.01,1.3,1.000e-10,25,-14.495614,0.000000,1.000000,1.000000
henon,param,3,5,0.01,1.3,1.000e-10,26,-14.155815,0.000000,1.000000,1.000000
henon,param,3,5,0.01,1.3,1.000e-10,27,-13.820869,0.000000,1.000000,1.000000
henon,param,3,5,0.01,1.3,1.000e-10,28,-13.481335,0.000000,1.000000,1.000000
henon,param,3,5,0.01,1.3,1.000e-10,29,-13.141254,0.000000,1.000000,1.000000
henon,param,3,5,0.01,1.3,1.000e-10,30,-12.801721,0.000000,1.000000,1.000000
henon,param,3,5,0.01,1.3,1.000e-10,31,-12.469061,0.000000,1.000000,1.000000
henon,param,3,5,0.01,1.3,1.000e-10,32,-12.120238,0.000000,1.000000,1.000000
henon,param,3,5,0.01,1.3,1.000e-10,33,-11.786156,0.000000,1.000000,1.000000
henon,param,3,5,0.01,1.3,1.000e-10,34,-11.442484,0.000000,1.000000,1.000000
henon,param,3,5,0.01,1.3,1.000e-10,35,-11.096922,0.000000,1.000000,1.000000
henon,param,3,5,0.01,1.3,1.000e-10,36,-10.752903,0.000000,1.000000,1.000000
henon,param,3,5,0.01,1.3,1.000e-10,37,-10.414569,0.000000,1.000000,1.000000
henon,param,3,5,0.01,1.3,1.000e-10,38,-10.071024,0.000000,0.999999,0.999999
henon,param,3,5,0.01,1.3,1.000e-10,39,-9.731196,0.000000,0.999998,0.999998
henon,param,3,5,0.01,1.3,1.000e-10,40,-9.392753,0.000000,0.999994,0.999994
henon,param,3,5,0.01,1.3,1.000e-10,41,-9.045262,0.000000,0.999987,0.999987
henon,param,3,5,0.01,1.3,1.000e-10,42,-8.716278,0.000000,0.999958,0.999958
henon,param,3,5,0.01,1.3,1.000e-10,43,-8.385902,0.000000,0.999927,0.999919
henon,param,3,5,0.01,1.3,1.000e-10,44,-8.041350,0.000000,0.999809,0.999797
henon,param,3,5,0.01,1.3,1.000e-10,45,-7.696836,0.000000,0.999569,0.999554
henon,param,3,5,0.01,1.3,1.000e-10,46,-7.362623,0.000183,0.998943,0.998904
henon,param,3,5,0.01,1.3,1.000e-10,47,-7.023778,0.000916,0.997841,0.997704
henon,param,3,5,0.01,1.3,1.000e-10,48,-6.676787,0.002014,0.996179,0.995209
henon,param,3,5,0.01,1.3,1.000e-10,49,-6.341497,0.004028,0.991974,0.992389
henon,param,3,5,0.01,1.3,1.000e-10,50,-6.007844,0.006531,0.986484,0.987657
henon,param,3,5,0.01,1.3,1.000e-10,51,-5.670125,0.010925,0.981381,0.982554
henon,param,3,5,0.01,1.3,1.000e-10,52,-5.338572,0.014465,0.975234,0.974323
henon,param,3,5,0.01,1.3,1.000e-10,53,-5.014246,0.019775,0.964103,0.967564
henon,param,3,5,0.01,1.3,1.000e-10,54,-4.698620,0.027222,0.957632,0.953543
henon,param,3,5,0.01,1.3,1.000e-10,55,-4.373670,0.036743,0.940736,0.939631
henon,param,3,5,0.01,1.3,1.000e-10,56,-4.072628,0.048462,0.922508,0.922305
henon,param,3,5,0.01,1.3,1.000e-10,57,-3.761867,0.063904,0.894944,0.895343
henon,param,3,5,0.01,1.3,1.000e-10,58,-3.468873,0.078979,0.879043,0.870723
henon,param,3,5,0.01,1.3,1.000e-10,59,-3.180124,0.099854,0.846079,0.837805
henon,param,3,5,0.01,1.3,1.000e-10,60,-2.913348,0.114380,0.815828,0.815653
henon,param,3,5,0.01,1.3,1.000e-10,61,-2.648327,0.133789,0.796002,0.775465
henon,param,3,5,0.01,1.3,1.000e-10,62,-2.394482,0.159119,0.754424,0.738921
henon,param,3,5,0.01,1.3,1.000e-10,63,-2.161807,0.179565,0.728940,0.707290
henon,param,3,5,0.01,1.3,1.000e-10,64,-1.942364,0.205750,0.690685,0.663738
henon,param,3,5,0.01,1.3,1.000e-10,65,-1.733065,0.233093,0.647701,0.628582
henon,param,3,5,0.01,1.3,1.000e-10,66,-1.535941,0.257446,0.604476,0.590604
henon,param,3,5,0.01,1.3,1.000e-10,67,-1.356611,0.281860,0.561945,0.546690
henon,param,3,5,0.01,1.3,1.000e-10,68,-1.193585,0.306274,0.527051,0.518633
henon,param,3,5,0.01,1.3,1.000e-10,69,-1.044103,0.328735,0.483049,0.483548
henon,param,3,5,0.01,1.3,1.000e-10,70,-0.895984,0.363525,0.451754,0.426571
henon,param,3,5,0.01,1.3,1.000e-10,71,-0.776004,0.384949,0.409216,0.399369
henon,param,3,5,0.01,1.3,1.000e-10,72,-0.656181,0.409058,0.357773,0.347846
henon,param,3,5,0.01,1.3,1.000e-10,73,-0.566049,0.422974,0.326473,0.334505
henon,param,3,5,0.01,1.3,1.000e-10,74,-0.473844,0.448792,0.300348,0.288411
henon,param,3,5,0.01,1.3,1.000e-10,75,-0.384460,0.469849,0.261069,0.253025
henon,param,3,5,0.01,1.3,1.000e-10,76,-0.319391,0.485596,0.241031,0.228539
henon,param,3,5,0.01,1.3,1.000e-10,77,-0.259797,0.504028,0.224868,0.210611
henon,param,3,5,0.01,1.3,1.000e-10,78,-0.196068,0.523193,0.181219,0.172772
henon,param,3,5,0.01,1.3,1.000e-10,79,-0.148787,0.538940,0.162632,0.146371
henon,param,3,5,0.01,1.3,1.000e-10,80,-0.118710,0.541138,0.140310,0.148562
henon,param,3,5,0.01,1.3,1.000e-10,81,-0.086403,0.549561,0.139757,0.122944
henon,param,3,5,0.01,1.3,1.000e-10,82,-0.052597,0.563293,0.115993,0.101470
henon,param,3,5,0.01,1.3,1.000e-10,83,-0.032648,0.574097,0.102456,0.091512
henon,param,3,5,0.01,1.3,1.000e-10,84,-0.007516,0.576599,0.088093,0.095229
henon,param,3,5,0.01,1.3,1.000e-10,85,0.021564,0.589905,0.051613,0.075310
henon,param,3,5,0.01,1.3,1.000e-10,86,0.039555,0.601440,0.063331,0.064549
henon,param,3,5,0.01,1.3,1.000e-10,87,0.046432,0.598083,0.057640,0.042184
henon,param,3,5,0.01,1.3,1.000e-10,88,0.057928,0.600342,0.041137,0.033021
henon,param,3,5,0.01,1.3,1.000e-10,89,0.064372,0.601257,0.042158,0.031675
henon,param,3,5,0.01,1.3,1.000e-10,90,0.075967,0.609009,0.032930,0.031405
henon,param,3,5,0.01,1.3,1.000e-10,91,0.089661,0.616089,0.026928,0.022116
henon,param,3,5,0.01,1.3,1.000e-10,92,0.099391,0.623413,0.005326,0.024152
henon,param,3,5,0.01,1.3,1.000e-10,93,0.097674,0.619324,0.027521,0.017499
henon,param,3,5,0.01,1.3,1.000e-10,94,0.099299,0.621826,0.026733,0.009069
henon,param,3,5,0.01,1.3,1.000e-10,95,0.096303,0.619202,0.004095,0.019835
henon,param,3,5,0.01,1.3,1.000e-10,96,0.092112,0.621460,0.019938,0.029862
henon,param,3,5,0.01,1.3,1.000e-10,97,0.097507,0.622375,0.008730,0.016809
henon,param,3,5,0.01,1.3,1.000e-10,98,0.111316,0.629456,0.006077,-0.000795
henon,param,3,5,0.01,1.3,1.000e-10,99,0.114241,0.627563,-0.004399,0.012257
henon,param,3,5,0.01,1.3,1.000e-10,100,0.116164,0.630005,0.008750,0.007515
henon,param,3,5,0.01,1.3,1.000e-10,101,0.119519,0.630676,0.010046,-0.009256
henon,param,3,5,0.01,1.3,1.000e-10,102,0.111840,0.627869,0.005176,0.005662
henon,param,3,5,0.01,1.3,1.000e-10,103,0.114012,0.628845,0.004433,0.005532
henon,param,3,5,0.01,1.3,1.000e-10,104,0.110525,0.627930,0.007515,0.010448
henon,param,3,5,0.01,1.3,1.000e-10,105,0.118452,0.633179,-0.006148,0.003387
henon,param,3,5,0.01,1.3,1.000e-10,106,0.118142,0.630554,-0.008916,-0.001667
henon,param,3,5,0.01,1.3,1.000e-10,107,0.111988,0.626587,0.011264,0.006884
henon,param,3,5,0.01,1.3,1.000e-10,108,0.116735,0.630798,0.005726,-0.000893
henon,param,3,5,0.01,1.3,1.000e-10,109,0.110777,0.625671,-0.006111,0.016496
henon,param,3,5,0.01,1.3,1.000e-10,110,0.111855,0.627136,0.017013,-0.002178
henon,param,3,5,0.01,1.3,1.000e-10,111,0.117747,0.630676,-0.005441,-0.000736
henon,param,3,5,0.01,1.3,1.000e-10,112,0.116586,0.632446,-0.010193,0.002127
henon,param,3,5,0.01,1.3,1.000e-10,113,0.121245,0.630554,-0.010569,0.008209
henon,param,3,5,0.01,1.3,1.000e-10,114,0.115325,0.629211,0.009271,0.003318
henon,param,3,5,0.01,1.3,1.000e-10,115,0.112230,0.626892,0.011103,0.008254
henon,param,3,5,0.01,1.3,1.000e-10,116,0.111702,0.628967,0.006204,0.009721
henon,param,3,5,0.01,1.3,1.000e-10,117,0.111830,0.626160,0.007483,-0.001805
henon,param,3,5,0.01,1.3,1.000e-10,118,0.115329,0.629089,-0.004278,0.014988
henon,param,3,5,0.01,1.3,1.000e-10,119,0.116903,0.632385,0.005028,-0.005822
henon,param,3,5,0.01,1.3,1.000e-10,120,0.122226,0.634827,0.003725,-0.008224
henon,param,3,5,0.01,1.3,1.000e-10,121,0.112628,0.630676,0.002519,0.017719
henon,param,3,5,0.01,1.3,1.000e-10,122,0.115566,0.630005,0.005936,0.011615
henon,param,3,5,0.01,1.3,1.000e-10,123,0.116917,0.628601,0.005289,0.001501
henon,param,3,5,0.01,1.3,1.000e-10,124,0.123593,0.631165,-0.002057,-0.001216
henon,param,3,5,0.01,1.3,1.000e-10,125,0.122854,0.635376,0.000083,-0.006670
henon,param,3,5,0.01,1.3,1.000e-10,126,0.123147,0.635132,-0.000064,-0.008863
henon,param,3,5,0.01,1.3,1.000e-10,127,0.118364,0.626587,-0.002047,0.001301
henon,param,3,5,0.01,1.3,1.000e-10,128,0.118905,0.629639,-0.004976,0.011214
henon,param,3,5,0.01,1.3,1.000e-10,129,0.117845,0.630920,-0.004944,0.004494
henon,param,3,5,0.01,1.3,1.000e-10,130,0.119883,0.634338,0.004891,-0.007387
henon,param,3,5,0.01,1.3,1.000e-10,131,0.121797,0.634583,0.004409,-0.009038
henon,param,3,5,0.01,1.3,1.000e-10,132,0.118572,0.630432,-0.001362,0.002464
henon,param,3,5,0.01,1.3,1.000e-10,133,0.123207,0.632446,0.002339,-0.009092
henon,param,3,5,0.01,1.3,1.000e-10,134,0.119780,0.628906,-0.003000,-0.004664
henon,param,3,5,0.01,1.3,1.000e-10,135,0.121297,0.633606,-0.016137,-0.003483
henon,param,3,5,0.01,1.3,1.000e-10,136,0.121246,0.627441,-0.003929,-0.007239
henon,param,3,5,0.01,1.3,1.000e-10,137,0.124915,0.636108,-0.010288,-0.003155
henon,param,3,5,0.01,1.3,1.000e-10,138,0.121463,0.630005,-0.008808,-0.002864
henon,param,3,5,0.01,1.3,1.000e-10,139,0.121661,0.631470,-0.001744,0.004208
henon,param,3,5,0.01,1.3,1.000e-10,140,0.124022,0.639465,-0.000826,-0.019581
henon,param,3,5,0.01,1.3,1.000e-10,141,0.119924,0.631775,0.000121,-0.013666
henon,param,3,5,0.01,1.3,1.000e-10,142,0.121476,0.630493,-0.014024,-0.012560
henon,param,3,5,0.01,1.3,1.000e-10,143,0.120316,0.631714,-0.003779,-0.006635
henon,param,3,5,0.01,1.3,1.000e-10,144,0.120775,0.630371,-0.002339,0.003183
henon,param,3,5,0.01,1.3,1.000e-10,145,0.121849,0.631409,-0.003059,-0.019145
henon,param,3,5,0.01,1.3,1.000e-10,146,0.123049,0.633179,0.003187,-0.003881
henon,param,3,5,0.01,1.3,1.000e-10,147,0.120500,0.630310,0.008554,-0.010492
henon,param,3,5,0.01,1.3,1.000e-10,148,0.119534,0.632568,0.001668,0.003501
henon,param,3,5,0.01,1.3,1.000e-10,149,0.114932,0.631226,-0.004798,0.013007
henon,param,3,5,0.01,1.3,1.000e-10,150,0.116896,0.628845,0.001493,-0.000122
henon,param,3,5,0.01,1.3,1.000e-10,151,0.118426,0.628723,-0.001350,-0.002360
henon,param,3,5,0.01,1.3,1.000e-10,152,0.115021,0.628967,0.000075,0.008887
henon,param,3,5,0.01,1.3,1.000e-10,153,0.113737,0.625671,0.015825,-0.001369
henon,param,3,5,0.01,1.3,1.000e-10,154,0.124427,0.633484,-0.011979,-0.017915
henon,param,3,5,0.01,1.3,1.000e-10,155,0.119952,0.629578,-0.001197,-0.003724
henon,param,3,5,0.01,1.3,1.000e-10,156,0.117656,0.631287,0.003591,0.002997
henon,param,3,5,0.01,1.3,1.000e-10,157,0.125573,0.636108,-0.011512,-0.013797
henon,param,3,5,0.01,1.3,1.000e-10,158,0.119728,0.629822,0.001987,-0.007514
henon,param,3,5,0.01,1.3,1.000e-10,159,0.112001,0.625549,0.002436,-0.000264
henon,param,3,5,0.01,1.3,1.000e-10,160,0.113534,0.629761,0.005701,-0.009164
henon,param,3,5,0.01,1.3,1.000e-10,161,0.121955,0.634216,-0.014491,-0.000274
henon,param,3,5,0.01,1.3,1.000e-10,162,0.119295,0.635132,-0.002983,0.002204
henon,param,3,5,0.01,1.3,1.000e-10,163,0.120337,0.631653,-0.000514,-0.006029
henon,param,3,5,0.01,1.3,1.000e-10,164,0.125432,0.634033,-0.015461,0.003648
henon,param,3,5,0.01,1.3,1.000e-10,165,0.121117,0.632019,0.013830,0.002300
henon,param,3,5,0.01,1.3,1.000e-10,166,0.119733,0.627991,0.004974,-0.007846
henon,param,3,5,0.01,1.3,1.000e-10,167,0.125457,0.635986,-0.013261,-0.010372
henon,param,3,5,0.01,1.3,1.000e-10,168,0.118292,0.632019,-0.008240,-0.003135
henon,param,3,5,0.01,1.3,1.000e-10,169,0.120884,0.636475,-0.017539,0.003507
henon,param,3,5,0.01,1.3,1.000e-10,170,0.117368,0.632690,0.002411,-0.000845
henon,param,3,5,0.01,1.3,1.000e-10,171,0.119864,0.628296,-0.008995,0.010259
henon,param,3,5,0.01,1.3,1.000e-10,172,0.120962,0.631409,0.004118,-0.000798
henon,param,3,5,0.01,1.3,1.000e-10,173,0.120314,0.634277,0.007840,-0.002910
henon,param,3,5,0.01,1.3,1.000e-10,174,0.122400,0.632751,-0.013240,-0.010411
henon,param,3,5,0.01,1.3,1.000e-10,175,0.120541,0.630981,-0.006221,-0.004310
henon,param,3,5,0.01,1.3,1.000e-10,176,0.121411,0.628418,0.004632,-0.006846
henon,param,3,5,0.01,1.3,1.000e-10,177,0.116716,0.626587,0.001768,-0.000529
henon,param,3,5,0.01,1.3,1.000e-10,178,0.117200,0.632996,0.008586,0.012941
henon,param,3,5,0.01,1.3,1.000e-10,179,0.119962,0.630493,-0.005192,0.005952
henon,param,3,5,0.01,1.3,1.000e-10,180,0.123116,0.632629,-0.017027,-0.003314
henon,param,3,5,0.01,1.3,1.000e-10,181,0.121414,0.630737,-0.009372,0.011518
henon,param,3,5,0.01,1.3,1.000e-10,182,0.120625,0.627686,0.008468,-0.006686
henon,param,3,5,0.01,1.3,1.000e-10,183,0.121188,0.633789,-0.006722,0.003101
henon,param,3,5,0.01,1.3,1.000e-10,184,0.119674,0.631897,0.004418,0.010505
henon,param,3,5,0.01,1.3,1.000e-10,185,0.120190,0.631775,-0.004114,-0.002300
henon,param,3,5,0.01,1.3,1.000e-10,186,0.121040,0.632629,-0.000639,-0.010488
henon,param,3,5,0.01,1.3,1.000e-10,187,0.119756,0.627014,-0.001226,-0.014042
henon,param,3,5,0.01,1.3,1.000e-10,188,0.119911,0.633972,-0.011295,0.007235
henon,param,3,5,0.01,1.3,1.000e-10,189,0.120811,0.632263,-0.001008,-0.003566
henon,param,3,5,0.01,1.3,1.000e-10,190,0.114605,0.627869,-0.004135,0.000569
henon,param,3,5,0.01,1.3,1.000e-10,191,0.113734,0.628052,-0.005836,0.012084
henon,param,3,5,0.01,1.3,1.000e-10,192,0.119291,0.630798,-0.002857,0.012709
henon,param,3,5,0.01,1.3,1.000e-10,193,0.111103,0.625610,0.005030,0.020140
henon,param,3,5,0.01,1.3,1.000e-10,194,0.114562,0.626343,0.005332,0.001705
henon,param,3,5,0.01,1.3,1.000e-10,195,0.112821,0.627258,0.013757,0.008059
henon,param,3,5,0.01,1.3,1.000e-10,196,0.115151,0.629395,0.004096,0.005942
henon,param,3,5,0.01,1.3,1.000e-10,197,0.117362,0.629639,0.003230,-0.000453
henon,param,3,5,0.01,1.3,1.000e-10,198,0.122600,0.629578,0.004242,-0.009545
henon,param,3,5,0.01,1.3,1.000e-10,199,0.124645,0.633789,-0.009762,-0.006735
henon,param,3,5,0.01,1.3,1.000e-10,200,0.112015,0.628357,0.003774,0.012341
henon,param,3,5,0.01,1.3,1.000e-10,201,0.112774,0.627563,0.007757,0.002794
henon,param,3,5,0.01,1.3,1.000e-10,202,0.120459,0.634460,0.012986,-0.013323
henon,param,3,5,0.01,1.3,1.000e-10,203,0.123391,0.634827,-0.001434,-0.014758
henon,param,3,5,0.01,1.3,1.000e-10,204,0.123648,0.636292,-0.016229,-0.010181
henon,param,3,5,0.01,1.3,1.000e-10,205,0.120695,0.630920,-0.004227,-0.001944
henon,param,3,5,0.01,1.3,1.000e-10,206,0.120122,0.632935,-0.012167,0.000416
henon,param,3,5,0.01,1.3,1.000e-10,207,0.124351,0.635071,0.003126,-0.005866
henon,param,3,5,0.01,1.3,1.000e-10,208,0.116815,0.630066,-0.001758,-0.003488
henon,param,3,5,0.01,1.3,1.000e-10,209,0.116019,0.623779,0.010639,-0.007904
henon,param,3,5,0.01,1.3,1.000e-10,210,0.118744,0.628723,-0.010163,0.005000
henon,param,3,5,0.01,1.3,1.000e-10,211,0.113478,0.627808,0.001125,0.012592
henon,param,3,5,0.01,1.3,1.000e-10,212,0.118419,0.628540,0.001718,-0.006709
henon,param,3,5,0.01,1.3,1.000e-10,213,0.117561,0.632996,-0.005666,0.011639
henon,param,3,5,0.01,1.3,1.000e-10,214,0.121285,0.631958,-0.011624,0.005789
henon,param,3,5,0.01,1.3,1.000e-10,215,0.117212,0.635132,-0.004122,0.002484
henon,param,3,5,0.01,1.3,1.000e-10,216,0.112948,0.626038,0.008958,-0.003093
henon,param,3,5,0.01,1.3,1.000e-10,217,0.112633,0.627869,0.005926,-0.000123
henon,param,3,5,0.01,1.3,1.000e-10,218,0.117072,0.630615,-0.004203,0.014968
henon,param,3,5,0.01,1.3,1.000e-10,219,0.117300,0.631592,0.004672,0.014926
henon,param,3,5,0.01,1.3,1.000e-10,220,0.127701,0.640015,-0.004072,-0.005581
henon,param,3,5,0.01,1.3,1.000e-10,221,0.125268,0.639343,-0.000276,-0.004485
henon,param,3,5,0.01,1.3,1.000e-10,222,0.118992,0.633789,0.002063,0.002102
henon,param,3,5,0.01,1.3,1.000e-10,223,0.111797,0.626953,-0.009149,0.001553
henon,param,3,5,0.01,1.3,1.000e-10,224,0.109910,0.623535,-0.000418,0.008979
henon,param,3,5,0.01,1.3,1.000e-10,225,0.115578,0.632690,0.006795,0.012037
henon,param,3,5,0.01,1.3,1.000e-10,226,0.118113,0.629761,-0.001553,-0.006161
henon,param,3,5,0.01,1.3,1.000e-10,227,0.120396,0.637085,0.003832,-0.002990
henon,param,3,5,0.01,1.3,1.000e-10,228,0.121700,0.630737,-0.005634,0.005715
henon,param,3,5,0.01,1.3,1.000e-10,229,0.122362,0.635132,-0.009494,0.016040
henon,param,3,5,0.01,1.3,1.000e-10,230,0.118111,0.633301,-0.008475,0.007147
henon,param,3,5,0.01,1.3,1.000e-10,231,0.112987,0.628723,-0.004897,-0.004374
henon,param,3,5,0.01,1.3,1.000e-10,232,0.112094,0.625916,0.001605,0.010210
henon,param,3,5,0.01,1.3,1.000e-10,233,0.123110,0.638916,-0.011178,-0.006189
henon,param,3,5,0.01,1.3,1.000e-10,234,0.126044,0.640015,0.000535,-0.017845
henon,param,3,5,0.01,1.3,1.000e-10,235,0.122614,0.632385,-0.008923,-0.002916
henon,param,3,5,0.01,1.3,1.000e-10,236,0.119931,0.636719,0.000340,0.009515
henon,param,3,5,0.01,1.3,1.000e-10,237,0.116812,0.630249,0.009131,0.006587
henon,param,3,5,0.01,1.3,1.000e-10,238,0.115163,0.626648,-0.005113,-0.000732
henon,param,3,5,0.01,1.3,1.000e-10,239,0.119351,0.633484,-0.000915,-0.002560
henon,param,3,5,0.01,1.3,1.000e-10,240,0.120196,0.633301,-0.005455,-0.001385
henon,param,3,5,0.01,1.3,1.000e-10,241,0.122448,0.630066,-0.007395,-0.003170
henon,param,3,5,0.01,1.3,1.000e-10,242,0.121229,0.634033,0.002734,-0.012346
henon,param,3,5,0.01,1.3,1.000e-10,243,0.123515,0.634277,-0.003102,-0.004502
henon,param,3,5,0.01,1.3,1.000e-10,244,0.119483,0.631836,-0.016224,0.003883
henon,param,3,5,0.01,1.3,1.000e-10,245,0.117119,0.629150,0.000020,-0.010563
henon,param,3,5,0.01,1.3,1.000e-10,246,0.118326,0.632751,0.001542,-0.003869
henon,param,3,5,0.01,1.3,1.000e-10,247,0.118159,0.630859,0.003854,-0.000405
henon,param,3,5,0.01,1.3,1.000e-10,248,0.117077,0.628052,0.009493,-0.003297
henon,param,3,5,0.01,1.3,1.000e-10,249,0.115874,0.625061,0.012102,-0.001025
henon,param,3,5,0.01,1.3,1.000e-10,250,0.116787,0.627869,0.001404,-0.000357
henon,param,3,5,0.01,1.3,1.000e-10,251,0.116473,0.633728,0.005625,0.000474
henon,param,3,5,0.01,1.3,1.000e-10,252,0.117660,0.633240,0.018692,-0.010884
henon,param,3,5,0.01,1.3,1.000e-10,253,0.117638,0.629333,0.000782,-0.006331
henon,param,3,5,0.01,1.3,1.000e-10,254,0.114689,0.630066,-0.000303,0.007760
henon,param,3,5,0.01,1.3,1.000e-10,255,0.112852,0.621948,0.004582,0.000257
henon,param,3,5,0.01,1.3,1.000e-10,256,0.118840,0.631592,-0.000743,0.002821
henon,param,3,5,0.01,1.3,1.000e-10,257,0.124514,0.634949,-0.000862,0.003722
henon,param,3,5,0.01,1.3,1.000e-10,258,0.122356,0.636536,-0.008130,0.000175
henon,param,3,5,0.01,1.3,1.000e-10,259,0.117481,0.630005,0.006767,-0.002364
henon,param,3,5,0.01,1.3,1.000e-10,260,0.123478,0.636597,-0.011464,-0.007627
henon,param,3,5,0.01,1.3,1.000e-10,261,0.114824,0.627808,-0.007241,0.010620
henon,param,3,5,0.01,1.3,1.000e-10,262,0.113118,0.627563,0.012910,-0.000461
henon,param,3,5,0.01,1.3,1.000e-10,263,0.112934,0.627563,0.002484,0.005734
henon,param,3,5,0.01,1.3,1.000e-10,264,0.118195,0.632324,0.002530,0.001195
henon,param,3,5,0.01,1.3,1.000e-10,265,0.118992,0.630920,-0.012482,0.004833
henon,param,3,5,0.01,1.3,1.000e-10,266,0.120397,0.634644,-0.005641,-0.005162
henon,param,3,5,0.01,1.3,1.000e-10,267,0.122370,0.633423,-0.005498,-0.004973
henon,param,3,5,0.01,1.3,1.000e-10,268,0.113077,0.628174,0.007952,0.003849
henon,param,3,5,0.01,1.3,1.000e-10,269,0.112790,0.624878,0.012745,0.004315
henon,param,3,5,0.01,1.3,1.000e-10,270,0.113389,0.625488,0.004441,0.003307
henon,param,3,5,0.01,1.3,1.000e-10,271,0.114514,0.632507,0.007513,0.013982
henon,param,3,5,0.01,1.3,1.000e-10,272,0.123248,0.633972,-0.006133,-0.003323
henon,param,3,5,0.01,1.3,1.000e-10,273,0.120784,0.634888,-0.001606,0.010866
henon,param,3,5,0.01,1.3,1.000e-10,274,0.125619,0.634888,-0.001381,-0.002273
henon,param,3,5,0.01,1.3,1.000e-10,275,0.128910,0.637329,-0.003623,-0.006001
henon,param,3,5,0.01,1.3,1.000e-10,276,0.118667,0.630798,0.010677,-0.006276
henon,param,3,5,0.01,1.3,1.000e-10,277,0.115046,0.624023,0.000937,-0.001457
henon,param,3,5,0.01,1.3,1.000e-10,278,0.114659,0.628235,0.002333,0.001316
henon,param,3,5,0.01,1.3,1.000e-10,279,0.115662,0.631653,0.000381,-0.010924
henon,param,3,5,0.01,1.3,1.000e-10,280,0.115101,0.631836,-0.001586,0.003122
henon,param,3,5,0.01,1.3,1.000e-10,281,0.118977,0.626099,0.005081,-0.008780
henon,param,3,5,0.01,1.3,1.000e-10,282,0.124436,0.635864,0.000104,0.001336
henon,param,3,5,0.01,1.3,1.000e-10,283,0.117962,0.629211,0.006673,-0.003940
henon,param,3,5,0.01,1.3,1.000e-10,284,0.122824,0.633972,-0.010090,-0.008602
henon,param,3,5,0.01,1.3,1.000e-10,285,0.118479,0.630005,0.002549,-0.005079
henon,param,3,5,0.01,1.3,1.000e-10,286,0.119909,0.626526,-0.008682,-0.001405
henon,param,3,5,0.01,1.3,1.000e-10,287,0.114037,0.628174,-0.004776,0.013375
henon,param,3,5,0.01,1.3,1.000e-10,288,0.115129,0.626465,-0.001349,0.003233
henon,param,3,5,0.01,1.3,1.000e-10,289,0.120410,0.631409,-0.007549,0.003992
henon,param,3,5,0.01,1.3,1.000e-10,290,0.116925,0.630981,0.005179,0.010572
henon,param,3,5,0.01,1.3,1.000e-10,291,0.118688,0.626709,-0.002686,0.004205
henon,param,3,5,0.01,1.3,1.000e-10,292,0.119342,0.635376,-0.011272,0.011506
henon,param,3,5,0.01,1.3,1.000e-10,293,0.114401,0.625244,-0.002017,-0.001606
henon,param,3,5,0.01,1.3,1.000e-10,294,0.113840,0.627625,0.009317,0.005804
henon,param,3,5,0.01,1.3,1.000e-10,295,0.120405,0.632935,0.002157,-0.002004
henon,param,3,5,0.01,1.3,1.000e-10,296,0.120891,0.632935,-0.002167,-0.007857
henon,param,3,5,0.01,1.3,1.000e-10,297,0.120848,0.632690,-0.000820,0.000573
henon,param,3,5,0.01,1.3,1.000e-10,298,0.122265,0.633606,-0.007391,0.001677
henon,param,3,5,0.01,1.3,1.000e-10,299,0.118505,0.631897,-0.004069,-0.002457
henon,param,3,5,0.01,1.3,1.000e-10,300,0.116029,0.630066,0.005913,0.000191
henon,param,3,5,0.01,1.3,1.000e-10,301,0.115179,0.628662,0.008601,-0.002104
henon,param,3,5,0.01,1.3,1.000e-10,302,0.114040,0.628052,0.013857,0.007458
henon,param,3,5,0.01,1.3,1.000e-10,303,0.121848,0.633118,-0.007361,0.002593
henon,param,3,5,0.01,1.3,1.000e-10,304,0.126322,0.638367,-0.012946,-0.005052
henon,param,3,5,0.01,1.3,1.000e-10,305,0.123563,0.632935,-0.008806,-0.001199
henon,param,3,5,0.01,1.3,1.000e-10,306,0.123229,0.636230,-0.005827,-0.003005
henon,param,3,5,0.01,1.3,1.000e-10,307,0.121023,0.634644,-0.006837,0.001555
henon,param,3,5,0.01,1.3,1.000e-10,308,0.117282,0.629395,-0.012222,0.000825
henon,param,3,5,0.01,1.3,1.000e-10,309,0.118047,0.630371,0.013205,-0.012735
henon,param,3,5,0.01,1.3,1.000e-10,310,0.122016,0.633850,-0.003603,-0.000023
henon,param,3,5,0.01,1.3,1.000e-10,311,0.125173,0.637329,-0.017809,-0.001034
henon,param,3,5,0.01,1.3,1.000e-10,312,0.121486,0.633789,0.000146,-0.001977
henon,param,3,5,0.01,1.3,1.000e-10,313,0.118501,0.631714,0.008368,-0.007240
henon,param,3,5,0.01,1.3,1.000e-10,314,0.113137,0.629150,-0.004880,0.001513
henon,param,3,5,0.01,1.3,1.000e-10,315,0.103849,0.622864,0.018447,0.003373
henon,param,3,5,0.01,1.3,1.000e-10,316,0.106077,0.618896,0.006400,0.013744
henon,param,3,5,0.01,1.3,1.000e-10,317,0.115915,0.630859,0.004058,0.004332
henon,param,3,5,0.01,1.3,1.000e-10,318,0.115997,0.630615,0.016019,0.008055
henon,param,3,5,0.01,1.3,1.000e-10,319,0.122194,0.634094,0.001734,-0.007180
henon,param,3,5,0.01,1.3,1.000e-10,320,0.121166,0.633789,0.002031,-0.004319
henon,param,3,5,0.01,1.3,1.000e-10,321,0.119107,0.630005,-0.002460,-0.002135
henon,param,3,5,0.01,1.3,1.000e-10,322,0.107723,0.621033,0.011826,-0.002162
henon,param,3,5,0.01,1.3,1.000e-10,323,0.107620,0.626282,0.007629,0.013617
henon,param,3,5,0.01,1.3,1.000e-10,324,0.116356,0.629150,0.001910,-0.000704
henon,param,3,5,0.01,1.3,1.000e-10,325,0.114391,0.629211,-0.002546,0.006522
henon,param,3,5,0.01,1.3,1.000e-10,326,0.115391,0.628662,0.010119,-0.008874
henon,param,3,5,0.01,1.3,1.000e-10,327,0.119625,0.635559,0.004204,0.005374
henon,param,3,5,0.01,1.3,1.000e-10,328,0.116446,0.631714,0.004516,0.003468
henon,param,3,5,0.01,1.3,1.000e-10,329,0.115477,0.633728,0.018621,-0.006946
henon,param,3,5,0.01,1.3,1.000e-10,330,0.112713,0.625732,0.013123,-0.007471
henon,param,3,5,0.01,1.3,1.000e-10,331,0.111482,0.626038,0.006412,0.008817
henon,param,3,5,0.01,1.3,1.000e-10,332,0.114120,0.626282,0.000209,0.009771
henon,param,3,5,0.01,1.3,1.000e-10,333,0.118864,0.633850,-0.004978,0.014614
henon,param,3,5,0.01,1.3,1.000e-10,334,0.122801,0.632202,-0.001091,0.007541
henon,param,3,5,0.01,1.3,1.000e-10,335,0.124123,0.636169,0.007044,-0.006771
henon,param,3,5,0.01,1.3,1.000e-10,336,0.121785,0.630249,0.002712,0.001502
henon,param,3,5,0.01,1.3,1.000e-10,337,0.116041,0.626587,-0.000316,-0.003858
henon,param,3,5,0.01,1.3,1.000e-10,338,0.115518,0.628662,0.006414,-0.010085
henon,param,3,5,0.01,1.3,1.000e-10,339,0.119086,0.630310,-0.005238,-0.007879
henon,param,3,5,0.01,1.3,1.000e-10,340,0.121163,0.632080,-0.002916,-0.004129
henon,param,3,5,0.01,1.3,1.000e-10,341,0.126636,0.637756,-0.003003,0.005528
henon,param,3,5,0.01,1.3,1.000e-10,342,0.126356,0.639221,-0.008241,-0.003052
henon,param,3,5,0.01,1.3,1.000e-10,343,0.126436,0.635010,-0.011842,-0.014237
henon,param,3,5,0.01,1.3,1.000e-10,344,0.122320,0.632263,0.010605,-0.004642
henon,param,3,5,0.01,1.3,1.000e-10,345,0.121120,0.630432,-0.002337,0.004503
henon,param,3,5,0.01,1.3,1.000e-10,346,0.114521,0.624573,0.000621,-0.000861
henon,param,3,5,0.01,1.3,1.000e-10,347,0.114821,0.627869,0.005143,0.008619
henon,param,3,5,0.01,1.3,1.000e-10,348,0.124430,0.634460,-0.014086,0.001160
henon,param,3,5,0.01,1.3,1.000e-10,349,0.122555,0.634399,0.008290,0.001207
henon,param,3,5,0.01,1.3,1.000e-10,350,0.125093,0.630493,-0.004937,-0.007251
henon,param,3,5,0.01,1.3,1.000e-10,351,0.125851,0.632202,-0.005379,-0.001004
henon,param,3,5,0.01,1.3,1.000e-10,352,0.120251,0.634338,-0.007273,-0.003617
henon,param,3,5,0.01,1.3,1.000e-10,353,0.121044,0.634766,-0.002456,-0.013475
henon,param,3,5,0.01,1.3,1.000e-10,354,0.123018,0.635620,-0.019830,0.002002
henon,param,3,5,0.01,1.3,1.000e-10,355,0.117853,0.629883,-0.001006,-0.003672
henon,param,3,5,0.01,1.3,1.000e-10,356,0.119545,0.635132,-0.005208,0.006167
henon,param,3,5,0.01,1.3,1.000e-10,357,0.118254,0.627075,0.001905,0.003268
henon,param,3,5,0.01,1.3,1.000e-10,358,0.117402,0.629822,0.008895,0.003434
henon,param,3,5,0.01,1.3,1.000e-10,359,0.117893,0.630249,-0.013755,0.000543
henon,param,3,5,0.01,1.3,1.000e-10,360,0.108293,0.621887,0.012372,0.004098
henon,param,3,5,0.01,1.3,1.000e-10,361,0.114992,0.626892,-0.001318,0.003952
henon,param,3,5,0.01,1.3,1.000e-10,362,0.120315,0.632874,0.010201,-0.003853
henon,param,3,5,0.01,1.3,1.000e-10,363,0.113523,0.628357,0.006896,0.013808
henon,param,3,5,0.01,1.3,1.000e-10,364,0.115718,0.628418,0.002073,0.005851
henon,param,3,5,0.01,1.3,1.000e-10,365,0.116691,0.627258,0.007290,-0.002506
henon,param,3,5,0.01,1.3,1.000e-10,366,0.116773,0.632629,-0.001833,0.013308
henon,param,3,5,0.01,1.3,1.000e-10,367,0.112525,0.625671,-0.002311,0.004053
henon,param,3,5,0.01,1.3,1.000e-10,368,0.119542,0.632263,-0.011138,-0.004625
henon,param,3,5,0.01,1.3,1.000e-10,369,0.121732,0.632996,-0.004449,-0.004524
henon,param,3,5,0.01,1.3,1.000e-10,370,0.125091,0.633240,-0.001187,0.013722
henon,param,3,5,0.01,1.3,1.000e-10,371,0.124190,0.636169,-0.008419,0.001646
henon,param,3,5,0.01,1.3,1.000e-10,372,0.122451,0.634949,0.006746,-0.008690
henon,param,3,5,0.01,1.3,1.000e-10,373,0.113006,0.625977,0.008370,0.004069
henon,param,3,5,0.01,1.3,1.000e-10,374,0.110508,0.622803,0.008488,0.003768
henon,param,3,5,0.01,1.3,1.000e-10,375,0.118178,0.629456,0.001786,-0.001918
henon,param,3,5,0.01,1.3,1.000e-10,376,0.121690,0.634094,-0.000674,-0.008781
henon,param,3,5,0.01,1.3,1.000e-10,377,0.117577,0.628052,0.005876,0.008362
henon,param,3,5,0.01,1.3,1.000e-10,378,0.125260,0.633667,0.005438,-0.001397
henon,param,3,5,0.01,1.3,1.000e-10,379,0.123126,0.632019,0.003547,-0.005750
henon,param,3,5,0.01,1.3,1.000e-10,380,0.115098,0.629028,-0.005174,0.008217
henon,param,3,5,0.01,1.3,1.000e-10,381,0.116912,0.628601,-0.000849,-0.010763
henon,param,3,5,0.01,1.3,1.000e-10,382,0.116941,0.627319,0.002295,0.001343
henon,param,3,5,0.01,1.3,1.000e-10,383,0.124223,0.635803,-0.016581,0.011326
henon,param,3,5,0.01,1.3,1.000e-10,384,0.118156,0.630249,-0.004693,-0.004360
henon,param,3,5,0.01,1.3,1.000e-10,385,0.119404,0.631714,0.002267,-0.004141
henon,param,3,5,0.01,1.3,1.000e-10,386,0.118550,0.634766,-0.011962,-0.003746
henon,param,3,5,0.01,1.3,1.000e-10,387,0.121628,0.635010,-0.012208,0.006890
henon,param,3,5,0.01,1.3,1.000e-10,388,0.125515,0.636230,-0.004904,-0.003512
henon,param,3,5,0.01,1.3,1.000e-10,389,0.123812,0.632080,-0.011069,-0.007634
henon,param,3,5,0.01,1.3,1.000e-10,390,0.118139,0.631897,-0.002063,-0.003183
henon,param,3,5,0.01,1.3,1.000e-10,391,0.115487,0.624207,-0.011224,0.004146
henon,param,3,5,0.01,1.3,1.000e-10,392,0.117401,0.629639,0.007574,0.015191
henon,param,3,5,0.01,1.3,1.000e-10,393,0.120982,0.635498,0.003560,-0.007373
henon,param,3,5,0.01,1.3,1.000e-10,394,0.123502,0.634338,-0.000209,-0.011020
henon,param,3,5,0.01,1.3,1.000e-10,395,0.118377,0.630188,0.014617,-0.003846
henon,param,3,5,0.01,1.3,1.000e-10,396,0.121385,0.627808,0.005376,-0.010024
henon,param,3,5,0.01,1.3,1.000e-10,397,0.116252,0.627808,0.004944,0.005232
henon,param,3,5,0.01,1.3,1.000e-10,398,0.115705,0.625854,0.007664,0.007466
henon,param,3,5,0.01,1.3,1.000e-10,399,0.123060,0.636414,-0.001798,-0.000735
henon,param,3,5,0.01,1.3,1.000e-10,400,0.118142,0.627441,-0.004905,-0.003618
henon,param,3,5,0.01,1.3,1.000e-08,1,-18.734289,0.000000,1.000000,1.000000
henon,param,3,5,0.01,1.3,1.000e-08,2,-18.187514,0.000000,1.000000,1.000000
henon,param,3,5,0.01,1.3,1.000e-08,3,-17.599750,0.000000,1.000000,1.000000
henon,param,3,5,0.01,1.3,1.000e-08,4,-17.334952,0.000000,1.000000,1.000000
henon,param,3,5,0.01,1.3,1.000e-08,5,-16.894286,0.000000,1.000000,1.000000
henon,param,3,5,0.01,1.3,1.000e-08,6,-16.529119,0.000000,1.000000,1.000000
henon,param,3,5,0.01,1.3,1.000e-08,7,-16.168140,0.000000,1.000000,1.000000
henon,param,3,5,0.01,1.3,1.000e-08,8,-15.815183,0.000000,1.000000,1.000000
henon,param,3,5,0.01,1.3,1.000e-08,9,-15.416322,0.000000,1.000000,1.000000
henon,param,3,5,0.01,1.3,1.000e-08,10,-15.057247,0.000000,1.000000,1.000000
henon,param,3,5,0.01,1.3,1.000e-08,11,-14.725788,0.000000,1.000000,1.000000
henon,param,3,5,0.01,1.3,1.000e-08,12,-14.365332,0.000000,1.000000,1.000000
henon,param,3,5,0.01,1.3,1.000e-08,13,-14.012262,0.000000,1.000000,1.000000
henon,param,3,5,0.01,1.3,1.000e-08,14,-13.661795,0.000000,1.000000,1.000000
henon,param,3,5,0.01,1.3,1.000e-08,15,-13.316292,0.000000,1.000000,1.000000
henon,param,3,5,0.01,1.3,1.000e-08,16,-12.957700,0.000000,1.000000,1.000000
henon,param,3,5,0.01,1.3,1.000e-08,17,-12.617328,0.000000,1.000000,1.000000
henon,param,3,5,0.01,1.3,1.000e-08,18,-12.283992,0.000000,1.000000,1.000000
henon,param,3,5,0.01,1.3,1.000e-08,19,-11.930825,0.000000,1.000000,1.000000
henon,param,3,5,0.01,1.3,1.000e-08,20,-11.592864,0.000000,1.000000,1.000000
henon,param,3,5,0.01,1.3,1.000e-08,21,-11.247461,0.000000,1.000000,1.000000
henon,param,3,5,0.01,1.3,1.000e-08,22,-10.905196,0.000000,1.000000,1.000000
henon,param,3,5,0.01,1.3,1.000e-08,23,-10.556452,0.000000,1.000000,1.000000
henon,param,3,5,0.01,1.3,1.000e-08,24,-10.229444,0.000000,1.000000,1.000000
henon,param,3,5,0.01,1.3,1.000e-08,25,-9.890447,0.000000,1.000000,1.000000
henon,param,3,5,0.01,1.3,1.000e-08,26,-9.550636,0.000000,1.000000,1.000000
henon,param,3,5,0.01,1.3,1.000e-08,27,-9.215697,0.000000,0.999999,0.999999
henon,param,3,5,0.01,1.3,1.000e-08,28,-8.876188,0.000000,0.999998,0.999998
henon,param,3,5,0.01,1.3,1.000e-08,29,-8.536042,0.000000,0.999996,0.999996
henon,param,3,5,0.01,1.3,1.000e-08,30,-8.196537,0.000000,0.999991,0.999990
henon,param,3,5,0.01,1.3,1.000e-08,31,-7.863815,0.000000,0.999978,0.999976
henon,param,3,5,0.01,1.3,1.000e-08,32,-7.514874,0.000000,0.999944,0.999948
henon,param,3,5,0.01,1.3,1.000e-08,33,-7.180842,0.000000,0.999881,0.999870
henon,param,3,5,0.01,1.3,1.000e-08,34,-6.837649,0.000000,0.999726,0.999650
henon,param,3,5,0.01,1.3,1.000e-08,35,-6.491725,0.000000,0.999314,0.999269
henon,param,3,5,0.01,1.3,1.000e-08,36,-6.147665,0.000122,0.998456,0.998145
henon,param,3,5,0.01,1.3,1.000e-08,37,-5.809727,0.000977,0.996231,0.996265
henon,param,3,5,0.01,1.3,1.000e-08,38,-5.467140,0.003174,0.992655,0.992376
henon,param,3,5,0.01,1.3,1.000e-08,39,-5.130251,0.006714,0.985537,0.987063
henon,param,3,5,0.01,1.3,1.000e-08,40,-4.801907,0.012024,0.976951,0.978817
henon,param,3,5,0.01,1.3,1.000e-08,41,-4.466522,0.019104,0.964183,0.969162
henon,param,3,5,0.01,1.3,1.000e-08,42,-4.150198,0.028381,0.950968,0.952760
henon,param,3,5,0.01,1.3,1.000e-08,43,-3.843618,0.037659,0.937477,0.937676
henon,param,3,5,0.01,1.3,1.000e-08,44,-3.527726,0.054443,0.915505,0.912405
henon,param,3,5,0.01,1.3,1.000e-08,45,-3.222990,0.067627,0.890031,0.892057
henon,param,3,5,0.01,1.3,1.000e-08,46,-2.940729,0.088684,0.860936,0.859406
henon,param,3,5,0.01,1.3,1.000e-08,47,-2.667619,0.106812,0.834723,0.826444
henon,param,3,5,0.01,1.3,1.000e-08,48,-2.396701,0.129456,0.800811,0.786493
henon,param,3,5,0.01,1.3,1.000e-08,49,-2.150982,0.157837,0.758507,0.746727
henon,param,3,5,0.01,1.3,1.000e-08,50,-1.920596,0.182556,0.718265,0.708147
henon,param,3,5,0.01,1.3,1.000e-08,51,-1.697440,0.213257,0.671570,0.660269
henon,param,3,5,0.01,1.3,1.000e-08,52,-1.494645,0.241516,0.620553,0.623065
henon,param,3,5,0.01,1.3,1.000e-08,53,-1.317136,0.268250,0.590137,0.577489
henon,param,3,5,0.01,1.3,1.000e-08,54,-1.141463,0.296997,0.537370,0.532248
henon,param,3,5,0.01,1.3,1.000e-08,55,-0.982652,0.329834,0.497956,0.492221
henon,param,3,5,0.01,1.3,1.000e-08,56,-0.845869,0.353577,0.453934,0.448366
henon,param,3,5,0.01,1.3,1.000e-08,57,-0.717020,0.382629,0.408157,0.409627
henon,param,3,5,0.01,1.3,1.000e-08,58,-0.606017,0.399963,0.382075,0.363681
henon,param,3,5,0.01,1.3,1.000e-08,59,-0.497684,0.427856,0.335841,0.313403
henon,param,3,5,0.01,1.3,1.000e-08,60,-0.409058,0.448059,0.297438,0.283870
henon,param,3,5,0.01,1.3,1.000e-08,61,-0.323265,0.478821,0.252025,0.248539
henon,param,3,5,0.01,1.3,1.000e-08,62,-0.260197,0.495056,0.228248,0.225835
henon,param,3,5,0.01,1.3,1.000e-08,63,-0.210335,0.507324,0.210292,0.203537
henon,param,3,5,0.01,1.3,1.000e-08,64,-0.159605,0.522583,0.174369,0.185595
henon,param,3,5,0.01,1.3,1.000e-08,65,-0.114612,0.538391,0.162891,0.146902
henon,param,3,5,0.01,1.3,1.000e-08,66,-0.074314,0.553711,0.151398,0.126305
henon,param,3,5,0.01,1.3,1.000e-08,67,-0.045254,0.559875,0.123035,0.117206
henon,param,3,5,0.01,1.3,1.000e-08,68,-0.009568,0.579163,0.098032,0.079691
henon,param,3,5,0.01,1.3,1.000e-08,69,0.007048,0.584534,0.088717,0.081952
henon,param,3,5,0.01,1.3,1.000e-08,70,0.025812,0.587646,0.067011,0.068299
henon,param,3,5,0.01,1.3,1.000e-08,71,0.035986,0.592224,0.061136,0.069820
henon,param,3,5,0.01,1.3,1.000e-08,72,0.054194,0.602051,0.047607,0.048976
henon,param,3,5,0.01,1.3,1.000e-08,73,0.061968,0.603516,0.051152,0.042181
henon,param,3,5,0.01,1.3,1.000e-08,74,0.072748,0.612244,0.041348,0.033155
henon,param,3,5,0.01,1.3,1.000e-08,75,0.087165,0.615356,0.032724,0.016434
henon,param,3,5,0.01,1.3,1.000e-08,76,0.089943,0.617126,0.013804,0.024224
henon,param,3,5,0.01,1.3,1.000e-08,77,0.087245,0.615967,0.031157,0.038536
henon,param,3,5,0.01,1.3,1.000e-08,78,0.093441,0.619995,0.022924,0.029823
henon,param,3,5,0.01,1.3,1.000e-08,79,0.101427,0.624634,0.013174,0.014939
henon,param,3,5,0.01,1.3,1.000e-08,80,0.101872,0.621338,0.014085,0.017838
henon,param,3,5,0.01,1.3,1.000e-08,81,0.105473,0.626221,0.016586,-0.001068
henon,param,3,5,0.01,1.3,1.000e-08,82,0.106631,0.622070,0.023562,-0.006089
henon,param,3,5,0.01,1.3,1.000e-08,83,0.106269,0.620422,0.010711,0.015530
henon,param,3,5,0.01,1.3,1.000e-08,84,0.101211,0.620178,0.020194,0.011458
henon,param,3,5,0.01,1.3,1.000e-08,85,0.106157,0.629089,0.022194,0.030081
henon,param,3,5,0.01,1.3,1.000e-08,86,0.121545,0.632874,-0.007841,0.004770
henon,param,3,5,0.01,1.3,1.000e-08,87,0.113113,0.628723,-0.008265,0.015384
henon,param,3,5,0.01,1.3,1.000e-08,88,0.106721,0.620728,0.001397,0.019383
henon,param,3,5,0.01,1.3,1.000e-08,89,0.111084,0.623169,0.015572,-0.003706
henon,param,3,5,0.01,1.3,1.000e-08,90,0.112973,0.629517,-0.002041,0.013502
henon,param,3,5,0.01,1.3,1.000e-08,91,0.116786,0.628357,0.001091,0.023078
henon,param,3,5,0.01,1.3,1.000e-08,92,0.117729,0.629883,0.006561,-0.000811
henon,param,3,5,0.01,1.3,1.000e-08,93,0.124442,0.630920,-0.005145,-0.003661
henon,param,3,5,0.01,1.3,1.000e-08,94,0.120961,0.635193,0.003162,0.008193
henon,param,3,5,0.01,1.3,1.000e-08,95,0.120927,0.634583,0.011127,-0.012721
henon,param,3,5,0.01,1.3,1.000e-08,96,0.121745,0.630432,-0.007162,-0.014568
henon,param,3,5,0.01,1.3,1.000e-08,97,0.117222,0.628601,-0.005546,0.000954
henon,param,3,5,0.01,1.3,1.000e-08,98,0.119526,0.629456,0.002058,0.001285
henon,param,3,5,0.01,1.3,1.000e-08,99,0.114315,0.628784,0.002065,0.011129
henon,param,3,5,0.01,1.3,1.000e-08,100,0.118355,0.631958,-0.007146,0.012575
henon,param,3,5,0.01,1.3,1.000e-08,101,0.126072,0.638916,-0.006668,0.002552
henon,param,3,5,0.01,1.3,1.000e-08,102,0.115754,0.631409,0.006545,0.007716
henon,param,3,5,0.01,1.3,1.000e-08,103,0.115457,0.630188,0.000210,-0.007602
henon,param,3,5,0.01,1.3,1.000e-08,104,0.120960,0.634460,-0.007191,-0.001360
henon,param,3,5,0.01,1.3,1.000e-08,105,0.123194,0.636536,0.005221,-0.004416
henon,param,3,5,0.01,1.3,1.000e-08,106,0.119704,0.630737,-0.002905,-0.006086
henon,param,3,5,0.01,1.3,1.000e-08,107,0.119276,0.627075,0.013996,-0.013598
henon,param,3,5,0.01,1.3,1.000e-08,108,0.118175,0.631531,0.010944,0.006627
henon,param,3,5,0.01,1.3,1.000e-08,109,0.116204,0.631470,0.001206,0.009546
henon,param,3,5,0.01,1.3,1.000e-08,110,0.116484,0.629211,-0.010102,-0.000588
henon,param,3,5,0.01,1.3,1.000e-08,111,0.117123,0.629578,-0.006517,0.000156
henon,param,3,5,0.01,1.3,1.000e-08,112,0.118196,0.630432,-0.013447,0.008620
henon,param,3,5,0.01,1.3,1.000e-08,113,0.118989,0.632019,-0.007589,0.011105
henon,param,3,5,0.01,1.3,1.000e-08,114,0.118816,0.633362,0.008364,0.005769
henon,param,3,5,0.01,1.3,1.000e-08,115,0.119396,0.632507,-0.000874,-0.002409
henon,param,3,5,0.01,1.3,1.000e-08,116,0.122506,0.631470,0.005435,-0.011381
henon,param,3,5,0.01,1.3,1.000e-08,117,0.119431,0.633545,-0.002753,0.003278
henon,param,3,5,0.01,1.3,1.000e-08,118,0.120822,0.629517,0.003280,-0.009624
henon,param,3,5,0.01,1.3,1.000e-08,119,0.124962,0.633240,-0.008286,-0.007087
henon,param,3,5,0.01,1.3,1.000e-08,120,0.117924,0.633606,-0.004125,-0.000450
henon,param,3,5,0.01,1.3,1.000e-08,121,0.116747,0.628418,0.007838,0.003591
henon,param,3,5,0.01,1.3,1.000e-08,122,0.119846,0.630066,0.000200,-0.006064
henon,param,3,5,0.01,1.3,1.000e-08,123,0.123514,0.639648,0.006883,-0.017245
henon,param,3,5,0.01,1.3,1.000e-08,124,0.117353,0.633057,0.011701,0.003369
henon,param,3,5,0.01,1.3,1.000e-08,125,0.116163,0.627075,0.019423,-0.002791
henon,param,3,5,0.01,1.3,1.000e-08,126,0.122438,0.636963,-0.001235,-0.012941
henon,param,3,5,0.01,1.3,1.000e-08,127,0.112550,0.625000,0.006194,0.014954
henon,param,3,5,0.01,1.3,1.000e-08,128,0.114575,0.629211,0.013909,-0.003975
henon,param,3,5,0.01,1.3,1.000e-08,129,0.116678,0.630249,0.002242,-0.004825
henon,param,3,5,0.01,1.3,1.000e-08,130,0.123973,0.633911,0.000309,-0.004432
henon,param,3,5,0.01,1.3,1.000e-08,131,0.124373,0.637573,-0.000605,-0.015068
henon,param,3,5,0.01,1.3,1.000e-08,132,0.124057,0.634277,0.006948,-0.007072
henon,param,3,5,0.01,1.3,1.000e-08,133,0.125402,0.632385,-0.000664,-0.000775
henon,param,3,5,0.01,1.3,1.000e-08,134,0.117677,0.628723,-0.007097,0.007867
henon,param,3,5,0.01,1.3,1.000e-08,135,0.117462,0.629822,-0.011164,0.007833
henon,param,3,5,0.01,1.3,1.000e-08,136,0.115338,0.625183,-0.005813,0.006437
henon,param,3,5,0.01,1.3,1.000e-08,137,0.118784,0.630615,-0.004716,-0.005078
henon,param,3,5,0.01,1.3,1.000e-08,138,0.118819,0.628906,-0.004788,-0.008526
henon,param,3,5,0.01,1.3,1.000e-08,139,0.120941,0.631042,-0.003720,-0.004691
henon,param,3,5,0.01,1.3,1.000e-08,140,0.118902,0.628540,0.007025,0.001703
henon,param,3,5,0.01,1.3,1.000e-08,141,0.107953,0.625000,0.003243,0.012697
henon,param,3,5,0.01,1.3,1.000e-08,142,0.096354,0.614380,0.016088,0.026310
henon,param,3,5,0.01,1.3,1.000e-08,143,0.106656,0.625122,0.013260,0.001223
henon,param,3,5,0.01,1.3,1.000e-08,144,0.118223,0.632996,-0.005888,-0.013009
henon,param,3,5,0.01,1.3,1.000e-08,145,0.111860,0.629578,0.002098,0.013550
henon,param,3,5,0.01,1.3,1.000e-08,146,0.123195,0.630920,0.008328,-0.004455
henon,param,3,5,0.01,1.3,1.000e-08,147,0.130032,0.637207,0.001790,-0.004502
henon,param,3,5,0.01,1.3,1.000e-08,148,0.119608,0.628784,-0.005299,-0.006328
henon,param,3,5,0.01,1.3,1.000e-08,149,0.117903,0.630981,-0.011089,0.001078
henon,param,3,5,0.01,1.3,1.000e-08,150,0.117427,0.626465,-0.006119,-0.010428
henon,param,3,5,0.01,1.3,1.000e-08,151,0.118360,0.625732,-0.011728,0.012333
henon,param,3,5,0.01,1.3,1.000e-08,152,0.117548,0.630310,-0.009123,0.008858
henon,param,3,5,0.01,1.3,1.000e-08,153,0.122969,0.635254,0.003545,-0.007161
henon,param,3,5,0.01,1.3,1.000e-08,154,0.118086,0.627502,0.000886,-0.001059
henon,param,3,5,0.01,1.3,1.000e-08,155,0.117973,0.631836,0.003690,-0.000656
henon,param,3,5,0.01,1.3,1.000e-08,156,0.113963,0.630310,0.005191,0.006292
henon,param,3,5,0.01,1.3,1.000e-08,157,0.119365,0.633179,-0.005049,0.000795
henon,param,3,5,0.01,1.3,1.000e-08,158,0.117237,0.627136,0.003984,-0.003894
henon,param,3,5,0.01,1.3,1.000e-08,159,0.118077,0.629578,-0.013076,0.006442
henon,param,3,5,0.01,1.3,1.000e-08,160,0.117157,0.631287,-0.001198,-0.002017
henon,param,3,5,0.01,1.3,1.000e-08,161,0.127786,0.638672,-0.017980,-0.005688
henon,param,3,5,0.01,1.3,1.000e-08,162,0.128290,0.636536,-0.021287,-0.000490
henon,param,3,5,0.01,1.3,1.000e-08,163,0.121601,0.630920,-0.015393,0.002211
henon,param,3,5,0.01,1.3,1.000e-08,164,0.122748,0.635864,-0.013849,-0.000420
henon,param,3,5,0.01,1.3,1.000e-08,165,0.119210,0.635132,0.003658,-0.007051
henon,param,3,5,0.01,1.3,1.000e-08,166,0.118929,0.632324,-0.011254,0.000335
henon,param,3,5,0.01,1.3,1.000e-08,167,0.116264,0.630127,0.004048,0.007559
henon,param,3,5,0.01,1.3,1.000e-08,168,0.125259,0.637695,-0.009956,-0.016248
henon,param,3,5,0.01,1.3,1.000e-08,169,0.123401,0.636475,-0.006818,0.001061
henon,param,3,5,0.01,1.3,1.000e-08,170,0.121549,0.634888,0.008386,-0.000382
henon,param,3,5,0.01,1.3,1.000e-08,171,0.121901,0.633179,-0.011987,-0.001588
henon,param,3,5,0.01,1.3,1.000e-08,172,0.116579,0.628967,-0.006977,0.003829
henon,param,3,5,0.01,1.3,1.000e-08,173,0.114553,0.625610,-0.010711,0.000389
henon,param,3,5,0.01,1.3,1.000e-08,174,0.111446,0.624451,0.010964,0.014378
henon,param,3,5,0.01,1.3,1.000e-08,175,0.114612,0.630798,0.002456,0.001735
henon,param,3,5,0.01,1.3,1.000e-08,176,0.114082,0.628113,0.013007,0.014200
henon,param,3,5,0.01,1.3,1.000e-08,177,0.118109,0.634460,0.001773,0.006396
henon,param,3,5,0.01,1.3,1.000e-08,178,0.116831,0.632202,0.001657,0.000040
henon,param,3,5,0.01,1.3,1.000e-08,179,0.111990,0.627625,0.006555,0.003761
henon,param,3,5,0.01,1.3,1.000e-08,180,0.109714,0.622864,0.014188,-0.006762
henon,param,3,5,0.01,1.3,1.000e-08,181,0.116163,0.628601,0.011976,0.006406
henon,param,3,5,0.01,1.3,1.000e-08,182,0.121115,0.632507,0.006309,-0.008168
henon,param,3,5,0.01,1.3,1.000e-08,183,0.120108,0.632263,-0.001535,0.002491
henon,param,3,5,0.01,1.3,1.000e-08,184,0.117740,0.629761,-0.002150,0.006764
henon,param,3,5,0.01,1.3,1.000e-08,185,0.120821,0.632080,0.005464,-0.002750
henon,param,3,5,0.01,1.3,1.000e-08,186,0.116845,0.629333,-0.004554,0.004137
henon,param,3,5,0.01,1.3,1.000e-08,187,0.114361,0.626587,-0.003052,0.003113
henon,param,3,5,0.01,1.3,1.000e-08,188,0.115527,0.632324,-0.011177,0.002018
henon,param,3,5,0.01,1.3,1.000e-08,189,0.114864,0.631348,0.009315,0.000180
henon,param,3,5,0.01,1.3,1.000e-08,190,0.120636,0.632690,0.004041,0.001788
henon,param,3,5,0.01,1.3,1.000e-08,191,0.126209,0.636902,0.000229,0.003704
henon,param,3,5,0.01,1.3,1.000e-08,192,0.126251,0.633911,0.007148,0.003655
henon,param,3,5,0.01,1.3,1.000e-08,193,0.121760,0.632324,-0.002618,-0.004852
henon,param,3,5,0.01,1.3,1.000e-08,194,0.116066,0.627747,0.002869,-0.015383
henon,param,3,5,0.01,1.3,1.000e-08,195,0.120740,0.633240,-0.009593,0.001865
henon,param,3,5,0.01,1.3,1.000e-08,196,0.121923,0.633545,-0.016263,-0.001452
henon,param,3,5,0.01,1.3,1.000e-08,197,0.126638,0.636414,0.000287,-0.008134
henon,param,3,5,0.01,1.3,1.000e-08,198,0.119096,0.634216,-0.002511,0.009357
henon,param,3,5,0.01,1.3,1.000e-08,199,0.121670,0.632812,0.008772,0.005877
henon,param,3,5,0.01,1.3,1.000e-08,200,0.116176,0.632507,0.012965,-0.004566
henon,param,3,5,0.01,1.3,1.000e-08,201,0.112346,0.628479,0.000134,-0.011211
henon,param,3,5,0.01,1.3,1.000e-08,202,0.114299,0.627502,-0.004094,0.006923
henon,param,3,5,0.01,1.3,1.000e-08,203,0.112279,0.625000,0.002187,0.015400
henon,param,3,5,0.01,1.3,1.000e-08,204,0.115940,0.627319,-0.001963,0.007108
henon,param,3,5,0.01,1.3,1.000e-08,205,0.122636,0.636230,-0.001538,0.003405
henon,param,3,5,0.01,1.3,1.000e-08,206,0.121711,0.634033,0.008492,0.004363
henon,param,3,5,0.01,1.3,1.000e-08,207,0.131797,0.638428,-0.014809,-0.002730
henon,param,3,5,0.01,1.3,1.000e-08,208,0.119408,0.634338,0.006095,-0.000250
henon,param,3,5,0.01,1.3,1.000e-08,209,0.118701,0.628662,-0.013483,0.001551
henon,param,3,5,0.01,1.3,1.000e-08,210,0.116381,0.628174,0.002337,0.006725
henon,param,3,5,0.01,1.3,1.000e-08,211,0.118127,0.631836,-0.005336,0.007833
henon,param,3,5,0.01,1.3,1.000e-08,212,0.126448,0.634216,-0.006677,-0.002708
henon,param,3,5,0.01,1.3,1.000e-08,213,0.126945,0.636536,-0.011118,-0.012724
henon,param,3,5,0.01,1.3,1.000e-08,214,0.125222,0.636230,-0.010855,0.004274
henon,param,3,5,0.01,1.3,1.000e-08,215,0.119472,0.630249,-0.006214,0.009760
henon,param,3,5,0.01,1.3,1.000e-08,216,0.118706,0.630066,-0.007530,0.004938
henon,param,3,5,0.01,1.3,1.000e-08,217,0.118612,0.628845,-0.012137,0.003573
henon,param,3,5,0.01,1.3,1.000e-08,218,0.117103,0.626038,-0.001307,0.004295
henon,param,3,5,0.01,1.3,1.000e-08,219,0.120472,0.632080,-0.009792,0.005102
henon,param,3,5,0.01,1.3,1.000e-08,220,0.120670,0.631348,-0.003786,0.004354
henon,param,3,5,0.01,1.3,1.000e-08,221,0.123626,0.634094,-0.006906,-0.004517
henon,param,3,5,0.01,1.3,1.000e-08,222,0.112741,0.628113,-0.000583,0.014697
henon,param,3,5,0.01,1.3,1.000e-08,223,0.107167,0.625488,0.005747,0.013293
henon,param,3,5,0.01,1.3,1.000e-08,224,0.112363,0.623230,0.005692,-0.008382
henon,param,3,5,0.01,1.3,1.000e-08,225,0.112554,0.630310,-0.004265,0.018024
henon,param,3,5,0.01,1.3,1.000e-08,226,0.111170,0.622803,-0.000047,0.017393
henon,param,3,5,0.01,1.3,1.000e-08,227,0.118333,0.631287,-0.002724,0.008149
henon,param,3,5,0.01,1.3,1.000e-08,228,0.117003,0.626953,-0.013123,0.015484
henon,param,3,5,0.01,1.3,1.000e-08,229,0.113520,0.626038,-0.001962,0.015327
henon,param,3,5,0.01,1.3,1.000e-08,230,0.114089,0.625305,-0.000807,0.003216
henon,param,3,5,0.01,1.3,1.000e-08,231,0.118322,0.628906,0.007171,-0.012637
henon,param,3,5,0.01,1.3,1.000e-08,232,0.118657,0.627136,-0.000502,-0.004192
henon,param,3,5,0.01,1.3,1.000e-08,233,0.121495,0.631958,-0.003131,-0.001679
henon,param,3,5,0.01,1.3,1.000e-08,234,0.121772,0.631531,0.003763,-0.001033
henon,param,3,5,0.01,1.3,1.000e-08,235,0.125456,0.638977,-0.002344,-0.001723
henon,param,3,5,0.01,1.3,1.000e-08,236,0.127848,0.635010,-0.004703,-0.015441
henon,param,3,5,0.01,1.3,1.000e-08,237,0.124024,0.632568,0.003895,-0.006444
henon,param,3,5,0.01,1.3,1.000e-08,238,0.122842,0.629456,-0.007697,-0.005223
henon,param,3,5,0.01,1.3,1.000e-08,239,0.124094,0.635010,-0.015682,-0.014876
henon,param,3,5,0.01,1.3,1.000e-08,240,0.117572,0.633789,0.003166,0.003511
henon,param,3,5,0.01,1.3,1.000e-08,241,0.115697,0.625427,0.001767,-0.000324
henon,param,3,5,0.01,1.3,1.000e-08,242,0.115990,0.629089,0.000663,0.019030
henon,param,3,5,0.01,1.3,1.000e-08,243,0.124167,0.633728,-0.009872,0.000524
henon,param,3,5,0.01,1.3,1.000e-08,244,0.118882,0.631470,-0.000603,0.006291
henon,param,3,5,0.01,1.3,1.000e-08,245,0.116294,0.627747,-0.013302,0.002793
henon,param,3,5,0.01,1.3,1.000e-08,246,0.115722,0.633301,0.001984,-0.005196
henon,param,3,5,0.01,1.3,1.000e-08,247,0.114761,0.630493,0.006241,0.004749
henon,param,3,5,0.01,1.3,1.000e-08,248,0.119972,0.629944,-0.003855,-0.000602
henon,param,3,5,0.01,1.3,1.000e-08,249,0.124478,0.635742,0.000989,-0.015659
henon,param,3,5,0.01,1.3,1.000e-08,250,0.123222,0.632446,0.002221,-0.009092
henon,param,3,5,0.01,1.3,1.000e-08,251,0.116588,0.629211,0.008340,-0.003326
henon,param,3,5,0.01,1.3,1.000e-08,252,0.116359,0.627075,-0.000015,0.006982
henon,param,3,5,0.01,1.3,1.000e-08,253,0.121803,0.635803,-0.001997,-0.005066
henon,param,3,5,0.01,1.3,1.000e-08,254,0.118278,0.630615,-0.010313,0.001303
henon,param,3,5,0.01,1.3,1.000e-08,255,0.114495,0.628662,0.007237,0.007794
henon,param,3,5,0.01,1.3,1.000e-08,256,0.119484,0.633728,0.005060,0.002253
henon,param,3,5,0.01,1.3,1.000e-08,257,0.126864,0.638794,-0.008055,-0.007507
henon,param,3,5,0.01,1.3,1.000e-08,258,0.118567,0.630249,0.008784,0.000264
henon,param,3,5,0.01,1.3,1.000e-08,259,0.124361,0.633545,-0.000328,-0.002743
henon,param,3,5,0.01,1.3,1.000e-08,260,0.123745,0.635010,0.001723,-0.006877
henon,param,3,5,0.01,1.3,1.000e-08,261,0.119076,0.631348,0.005495,-0.004426
henon,param,3,5,0.01,1.3,1.000e-08,262,0.120820,0.631348,-0.007302,0.002716
henon,param,3,5,0.01,1.3,1.000e-08,263,0.125935,0.637146,-0.015586,0.002053
henon,param,3,5,0.01,1.3,1.000e-08,264,0.128266,0.637268,-0.008675,-0.008667
henon,param,3,5,0.01,1.3,1.000e-08,265,0.123588,0.633240,-0.021507,0.013760
henon,param,3,5,0.01,1.3,1.000e-08,266,0.118693,0.631287,-0.008860,-0.003650
henon,param,3,5,0.01,1.3,1.000e-08,267,0.120495,0.632263,0.004604,-0.003973
henon,param,3,5,0.01,1.3,1.000e-08,268,0.123019,0.630920,-0.000300,0.001632
henon,param,3,5,0.01,1.3,1.000e-08,269,0.122314,0.632446,0.000043,-0.000268
henon,param,3,5,0.01,1.3,1.000e-08,270,0.123734,0.633728,-0.000060,-0.001700
henon,param,3,5,0.01,1.3,1.000e-08,271,0.130822,0.634338,-0.014429,0.000089
henon,param,3,5,0.01,1.3,1.000e-08,272,0.125778,0.638489,-0.009460,-0.003861
henon,param,3,5,0.01,1.3,1.000e-08,273,0.118539,0.628601,-0.004715,-0.005086
henon,param,3,5,0.01,1.3,1.000e-08,274,0.115942,0.629883,-0.006711,0.000088
henon,param,3,5,0.01,1.3,1.000e-08,275,0.121065,0.632568,-0.006030,-0.004023
henon,param,3,5,0.01,1.3,1.000e-08,276,0.115561,0.631470,0.002254,0.011328
henon,param,3,5,0.01,1.3,1.000e-08,277,0.119858,0.629333,0.010127,-0.009180
henon,param,3,5,0.01,1.3,1.000e-08,278,0.124600,0.634399,-0.012298,-0.007517
henon,param,3,5,0.01,1.3,1.000e-08,279,0.114850,0.630859,0.001327,0.015444
henon,param,3,5,0.01,1.3,1.000e-08,280,0.115876,0.631470,0.009082,-0.007460
henon,param,3,5,0.01,1.3,1.000e-08,281,0.111932,0.625061,0.001258,0.002875
henon,param,3,5,0.01,1.3,1.000e-08,282,0.115225,0.626282,-0.000270,0.000951
henon,param,3,5,0.01,1.3,1.000e-08,283,0.110258,0.623901,0.004682,0.024945
henon,param,3,5,0.01,1.3,1.000e-08,284,0.119278,0.632935,-0.000667,-0.004015
henon,param,3,5,0.01,1.3,1.000e-08,285,0.119443,0.629761,-0.008013,0.007359
henon,param,3,5,0.01,1.3,1.000e-08,286,0.118948,0.630737,0.008561,0.000127
henon,param,3,5,0.01,1.3,1.000e-08,287,0.118801,0.630310,-0.000347,0.000046
henon,param,3,5,0.01,1.3,1.000e-08,288,0.114127,0.625183,0.002319,0.007296
henon,param,3,5,0.01,1.3,1.000e-08,289,0.121017,0.631897,0.000275,-0.006935
henon,param,3,5,0.01,1.3,1.000e-08,290,0.119175,0.631836,0.003794,0.001555
henon,param,3,5,0.01,1.3,1.000e-08,291,0.118233,0.628174,0.010959,0.001284
henon,param,3,5,0.01,1.3,1.000e-08,292,0.120078,0.635620,-0.006659,-0.006084
henon,param,3,5,0.01,1.3,1.000e-08,293,0.119706,0.635132,-0.005104,0.006115
henon,param,3,5,0.01,1.3,1.000e-08,294,0.122120,0.632751,-0.000288,-0.006900
henon,param,3,5,0.01,1.3,1.000e-08,295,0.124207,0.634949,-0.013405,-0.005861
henon,param,3,5,0.01,1.3,1.000e-08,296,0.122941,0.634155,0.004375,-0.001452
henon,param,3,5,0.01,1.3,1.000e-08,297,0.116463,0.627075,0.003699,0.000838
henon,param,3,5,0.01,1.3,1.000e-08,298,0.123453,0.629211,-0.010415,-0.002893
henon,param,3,5,0.01,1.3,1.000e-08,299,0.120378,0.631104,-0.001260,0.001657
henon,param,3,5,0.01,1.3,1.000e-08,300,0.114777,0.630554,0.001926,0.007626
henon,param,3,5,0.01,1.3,1.000e-08,301,0.118291,0.632507,-0.008663,-0.003508
henon,param,3,5,0.01,1.3,1.000e-08,302,0.118168,0.630920,0.005746,-0.008308
henon,param,3,5,0.01,1.3,1.000e-08,303,0.120706,0.633362,0.004528,0.004983
henon,param,3,5,0.01,1.3,1.000e-08,304,0.123273,0.633667,-0.001202,0.001217
henon,param,3,5,0.01,1.3,1.000e-08,305,0.123461,0.634583,-0.007561,0.005079
henon,param,3,5,0.01,1.3,1.000e-08,306,0.122298,0.633850,-0.014297,-0.002490
henon,param,3,5,0.01,1.3,1.000e-08,307,0.120717,0.631653,-0.005726,-0.009096
henon,param,3,5,0.01,1.3,1.000e-08,308,0.114813,0.629761,0.010210,-0.002861
henon,param,3,5,0.01,1.3,1.000e-08,309,0.115537,0.631836,0.006651,-0.005536
henon,param,3,5,0.01,1.3,1.000e-08,310,0.115682,0.629639,0.013938,-0.005848
henon,param,3,5,0.01,1.3,1.000e-08,311,0.118942,0.632751,-0.003544,0.007208
henon,param,3,5,0.01,1.3,1.000e-08,312,0.117663,0.630005,-0.003787,0.000635
henon,param,3,5,0.01,1.3,1.000e-08,313,0.123822,0.635986,-0.007827,-0.011350
henon,param,3,5,0.01,1.3,1.000e-08,314,0.122448,0.635437,-0.003612,-0.008474
henon,param,3,5,0.01,1.3,1.000e-08,315,0.125234,0.636475,-0.007740,-0.011399
henon,param,3,5,0.01,1.3,1.000e-08,316,0.115744,0.629150,-0.000799,-0.007563
henon,param,3,5,0.01,1.3,1.000e-08,317,0.111399,0.624939,0.005898,0.015038
henon,param,3,5,0.01,1.3,1.000e-08,318,0.117850,0.635803,0.007816,-0.011450
henon,param,3,5,0.01,1.3,1.000e-08,319,0.111417,0.629028,-0.003941,-0.001741
henon,param,3,5,0.01,1.3,1.000e-08,320,0.107016,0.623169,0.014478,0.017810
henon,param,3,5,0.01,1.3,1.000e-08,321,0.111032,0.628113,-0.008011,0.013301
henon,param,3,5,0.01,1.3,1.000e-08,322,0.107452,0.627625,0.007180,0.004508
henon,param,3,5,0.01,1.3,1.000e-08,323,0.111248,0.628052,0.009752,0.014567
henon,param,3,5,0.01,1.3,1.000e-08,324,0.120130,0.631775,-0.011197,-0.002113
henon,param,3,5,0.01,1.3,1.000e-08,325,0.118545,0.630493,-0.000558,0.000235
henon,param,3,5,0.01,1.3,1.000e-08,326,0.120323,0.630432,-0.008326,0.011439
henon,param,3,5,0.01,1.3,1.000e-08,327,0.127167,0.641907,-0.001250,-0.005135
henon,param,3,5,0.01,1.3,1.000e-08,328,0.127435,0.635803,-0.006485,-0.025588
henon,param,3,5,0.01,1.3,1.000e-08,329,0.113277,0.627686,0.007180,-0.000502
henon,param,3,5,0.01,1.3,1.000e-08,330,0.111831,0.623047,0.010897,-0.003668
henon,param,3,5,0.01,1.3,1.000e-08,331,0.112853,0.629822,0.000404,0.006443
henon,param,3,5,0.01,1.3,1.000e-08,332,0.113905,0.627991,-0.000249,-0.000214
henon,param,3,5,0.01,1.3,1.000e-08,333,0.115725,0.629517,0.011568,0.017092
henon,param,3,5,0.01,1.3,1.000e-08,334,0.114664,0.629578,0.001279,0.008497
henon,param,3,5,0.01,1.3,1.000e-08,335,0.118434,0.627197,0.001280,-0.000446
henon,param,3,5,0.01,1.3,1.000e-08,336,0.113451,0.625793,0.009678,0.009714
henon,param,3,5,0.01,1.3,1.000e-08,337,0.117166,0.636230,-0.007224,-0.007596
henon,param,3,5,0.01,1.3,1.000e-08,338,0.115131,0.625671,-0.005712,-0.007672
henon,param,3,5,0.01,1.3,1.000e-08,339,0.111326,0.624634,-0.000134,0.006461
henon,param,3,5,0.01,1.3,1.000e-08,340,0.116123,0.626038,0.007042,0.001674
henon,param,3,5,0.01,1.3,1.000e-08,341,0.120922,0.630432,0.012173,0.006481
henon,param,3,5,0.01,1.3,1.000e-08,342,0.122702,0.635559,0.009232,-0.003336
henon,param,3,5,0.01,1.3,1.000e-08,343,0.121686,0.632263,0.005621,0.004212
henon,param,3,5,0.01,1.3,1.000e-08,344,0.127770,0.638428,0.001824,-0.011227
henon,param,3,5,0.01,1.3,1.000e-08,345,0.122138,0.628906,0.004074,-0.007033
henon,param,3,5,0.01,1.3,1.000e-08,346,0.116682,0.624084,0.005466,-0.000640
henon,param,3,5,0.01,1.3,1.000e-08,347,0.113605,0.624878,-0.000302,0.005334
henon,param,3,5,0.01,1.3,1.000e-08,348,0.111320,0.624939,0.013582,0.001322
henon,param,3,5,0.01,1.3,1.000e-08,349,0.112321,0.629456,0.007844,0.001908
henon,param,3,5,0.01,1.3,1.000e-08,350,0.119270,0.632202,-0.003650,0.007078
henon,param,3,5,0.01,1.3,1.000e-08,351,0.125291,0.638062,0.012337,-0.009377
henon,param,3,5,0.01,1.3,1.000e-08,352,0.123573,0.632263,-0.003957,-0.007217
henon,param,3,5,0.01,1.3,1.000e-08,353,0.117667,0.627808,0.012066,-0.009041
henon,param,3,5,0.01,1.3,1.000e-08,354,0.113697,0.626160,0.005686,-0.001982
henon,param,3,5,0.01,1.3,1.000e-08,355,0.107778,0.621216,0.003827,0.008719
henon,param,3,5,0.01,1.3,1.000e-08,356,0.110066,0.626465,-0.002031,0.010637
henon,param,3,5,0.01,1.3,1.000e-08,357,0.117040,0.628967,-0.004033,0.006403
henon,param,3,5,0.01,1.3,1.000e-08,358,0.115609,0.633179,-0.000012,0.011104
henon,param,3,5,0.01,1.3,1.000e-08,359,0.115719,0.629395,0.003081,0.004459
henon,param,3,5,0.01,1.3,1.000e-08,360,0.119325,0.633362,0.004890,-0.013912
henon,param,3,5,0.01,1.3,1.000e-08,361,0.110846,0.624634,-0.000460,0.009298
henon,param,3,5,0.01,1.3,1.000e-08,362,0.110761,0.628662,0.011207,0.014733
henon,param,3,5,0.01,1.3,1.000e-08,363,0.112718,0.629517,0.009331,-0.013743
henon,param,3,5,0.01,1.3,1.000e-08,364,0.114748,0.629089,0.007539,0.008458
henon,param,3,5,0.01,1.3,1.000e-08,365,0.117719,0.629578,0.003821,0.011050
henon,param,3,5,0.01,1.3,1.000e-08,366,0.118750,0.629639,0.009176,-0.012257
henon,param,3,5,0.01,1.3,1.000e-08,367,0.114050,0.633179,0.008024,0.017864
henon,param,3,5,0.01,1.3,1.000e-08,368,0.115425,0.631348,-0.002420,0.006226
henon,param,3,5,0.01,1.3,1.000e-08,369,0.123222,0.631531,-0.005360,-0.003091
henon,param,3,5,0.01,1.3,1.000e-08,370,0.118896,0.630249,0.014182,-0.009349
henon,param,3,5,0.01,1.3,1.000e-08,371,0.119137,0.625183,0.018902,0.005108
henon,param,3,5,0.01,1.3,1.000e-08,372,0.127404,0.637085,-0.013156,0.006708
henon,param,3,5,0.01,1.3,1.000e-08,373,0.125665,0.630798,-0.021764,-0.001856
henon,param,3,5,0.01,1.3,1.000e-08,374,0.115902,0.630676,0.006531,0.003256
henon,param,3,5,0.01,1.3,1.000e-08,375,0.115928,0.630493,-0.001435,-0.001109
henon,param,3,5,0.01,1.3,1.000e-08,376,0.119484,0.630066,-0.006667,-0.002373
henon,param,3,5,0.01,1.3,1.000e-08,377,0.114052,0.625305,0.002689,0.014046
henon,param,3,5,0.01,1.3,1.000e-08,378,0.119520,0.628967,-0.005325,0.002055
henon,param,3,5,0.01,1.3,1.000e-08,379,0.121344,0.633301,-0.015417,-0.008179
henon,param,3,5,0.01,1.3,1.000e-08,380,0.114204,0.626770,-0.007470,0.003134
henon,param,3,5,0.01,1.3,1.000e-08,381,0.110977,0.625916,0.012843,0.005756
henon,param,3,5,0.01,1.3,1.000e-08,382,0.111903,0.625488,0.016245,0.005878
henon,param,3,5,0.01,1.3,1.000e-08,383,0.116371,0.630615,0.004395,0.005876
henon,param,3,5,0.01,1.3,1.000e-08,384,0.110947,0.627014,0.008747,0.022040
henon,param,3,5,0.01,1.3,1.000e-08,385,0.110852,0.628601,0.002065,0.012331
henon,param,3,5,0.01,1.3,1.000e-08,386,0.114249,0.630432,-0.015773,0.014788
henon,param,3,5,0.01,1.3,1.000e-08,387,0.108854,0.623962,0.007752,0.020086
henon,param,3,5,0.01,1.3,1.000e-08,388,0.115665,0.632141,0.005960,0.010713
henon,param,3,5,0.01,1.3,1.000e-08,389,0.114399,0.627258,0.000858,0.013612
henon,param,3,5,0.01,1.3,1.000e-08,390,0.115954,0.628052,0.007291,-0.008285
henon,param,3,5,0.01,1.3,1.000e-08,391,0.119136,0.635193,-0.008282,0.004122
henon,param,3,5,0.01,1.3,1.000e-08,392,0.112623,0.621887,0.007630,0.002695
henon,param,3,5,0.01,1.3,1.000e-08,393,0.124037,0.635803,-0.011267,-0.008584
henon,param,3,5,0.01,1.3,1.000e-08,394,0.124038,0.638000,-0.008807,0.006310
henon,param,3,5,0.01,1.3,1.000e-08,395,0.124728,0.634033,0.003311,0.004267
henon,param,3,5,0.01,1.3,1.000e-08,396,0.125549,0.634949,-0.009321,-0.008603
henon,param,3,5,0.01,1.3,1.000e-08,397,0.124483,0.636963,-0.005716,-0.004166
henon,param,3,5,0.01,1.3,1.000e-08,398,0.117579,0.627502,0.004462,-0.005166
henon,param,3,5,0.01,1.3,1.000e-08,399,0.124750,0.636780,-0.011005,-0.006062
henon,param,3,5,0.01,1.3,1.000e-08,400,0.125012,0.637756,-0.008720,-0.008585
henon,param,3,5,0.01,1.3,1.000e-06,1,-14.129119,0.000000,1.000000,1.000000
henon,param,3,5,0.01,1.3,1.000e-06,2,-13.582345,0.000000,1.000000,1.000000
henon,param,3,5,0.01,1.3,1.000e-06,3,-12.994581,0.000000,1.000000,1.000000
henon,param,3,5,0.01,1.3,1.000e-06,4,-12.729784,0.000000,1.000000,1.000000
henon,param,3,5,0.01,1.3,1.000e-06,5,-12.289118,0.000000,1.000000,1.000000
henon,param,3,5,0.01,1.3,1.000e-06,6,-11.923952,0.000000,1.000000,1.000000
henon,param,3,5,0.01,1.3,1.000e-06,7,-11.562974,0.000000,1.000000,1.000000
henon,param,3,5,0.01,1.3,1.000e-06,8,-11.210018,0.000000,1.000000,1.000000
henon,param,3,5,0.01,1.3,1.000e-06,9,-10.811159,0.000000,1.000000,1.000000
henon,param,3,5,0.01,1.3,1.000e-06,10,-10.452086,0.000000,1.000000,1.000000
henon,param,3,5,0.01,1.3,1.000e-06,11,-10.120627,0.000000,1.000000,1.000000
henon,param,3,5,0.01,1.3,1.000e-06,12,-9.760172,0.000000,1.000000,1.000000
henon,param,3,5,0.01,1.3,1.000e-06,13,-9.407105,0.000000,1.000000,1.000000
henon,param,3,5,0.01,1.3,1.000e-06,14,-9.056640,0.000000,1.000000,1.000000
henon,param,3,5,0.01,1.3,1.000e-06,15,-8.711124,0.000000,1.000000,1.000000
henon,param,3,5,0.01,1.3,1.000e-06,16,-8.352553,0.000000,0.999999,1.000000
henon,param,3,5,0.01,1.3,1.000e-06,17,-8.012218,0.000000,0.999999,0.999999
henon,param,3,5,0.01,1.3,1.000e-06,18,-7.678900,0.000000,0.999997,0.999997
henon,param,3,5,0.01,1.3,1.000e-06,19,-7.325844,0.000000,0.999993,0.999993
henon,param,3,5,0.01,1.3,1.000e-06,20,-6.987811,0.000000,0.999983,0.999984
henon,param,3,5,0.01,1.3,1.000e-06,21,-6.642016,0.000000,0.999962,0.999962
henon,param,3,5,0.01,1.3,1.000e-06,22,-6.299851,0.000000,0.999899,0.999909
henon,param,3,5,0.01,1.3,1.000e-06,23,-5.951902,0.000000,0.999787,0.999771
henon,param,3,5,0.01,1.3,1.000e-06,24,-5.624764,0.000000,0.999487,0.999473
henon,param,3,5,0.01,1.3,1.000e-06,25,-5.285236,0.000000,0.998729,0.998822
henon,param,3,5,0.01,1.3,1.000e-06,26,-4.946001,0.000366,0.996969,0.997078
henon,param,3,5,0.01,1.3,1.000e-06,27,-4.612774,0.001282,0.993654,0.993570
henon,param,3,5,0.01,1.3,1.000e-06,28,-4.275209,0.003479,0.987286,0.986623
henon,param,3,5,0.01,1.3,1.000e-06,29,-3.939539,0.012573,0.973685,0.973195
henon,param,3,5,0.01,1.3,1.000e-06,30,-3.610267,0.025452,0.954739,0.952975
henon,param,3,5,0.01,1.3,1.000e-06,31,-3.295732,0.043884,0.931483,0.927833
henon,param,3,5,0.01,1.3,1.000e-06,32,-2.977049,0.059814,0.900725,0.901876
henon,param,3,5,0.01,1.3,1.000e-06,33,-2.686983,0.079773,0.870781,0.871123
henon,param,3,5,0.01,1.3,1.000e-06,34,-2.407305,0.101440,0.843086,0.838303
henon,param,3,5,0.01,1.3,1.000e-06,35,-2.136341,0.124695,0.805911,0.799302
henon,param,3,5,0.01,1.3,1.000e-06,36,-1.882687,0.152832,0.756885,0.760956
henon,param,3,5,0.01,1.3,1.000e-06,37,-1.644452,0.188599,0.702311,0.700983
henon,param,3,5,0.01,1.3,1.000e-06,38,-1.424077,0.223450,0.663784,0.657192
henon,param,3,5,0.01,1.3,1.000e-06,39,-1.219123,0.255920,0.600451,0.593320
henon,param,3,5,0.01,1.3,1.000e-06,40,-1.048732,0.287903,0.561630,0.545726
henon,param,3,5,0.01,1.3,1.000e-06,41,-0.891034,0.317627,0.508873,0.510974
henon,param,3,5,0.01,1.3,1.000e-06,42,-0.754071,0.347412,0.465534,0.454562
henon,param,3,5,0.01,1.3,1.000e-06,43,-0.623959,0.378906,0.415091,0.404377
henon,param,3,5,0.01,1.3,1.000e-06,44,-0.515912,0.407410,0.367640,0.365095
henon,param,3,5,0.01,1.3,1.000e-06,45,-0.417016,0.438660,0.341681,0.305847
henon,param,3,5,0.01,1.3,1.000e-06,46,-0.335829,0.456543,0.284673,0.276318
henon,param,3,5,0.01,1.3,1.000e-06,47,-0.266034,0.479858,0.261195,0.242544
henon,param,3,5,0.01,1.3,1.000e-06,48,-0.207830,0.496277,0.231171,0.208225
henon,param,3,5,0.01,1.3,1.000e-06,49,-0.159553,0.511414,0.204355,0.199793
henon,param,3,5,0.01,1.3,1.000e-06,50,-0.111828,0.527100,0.170569,0.162940
henon,param,3,5,0.01,1.3,1.000e-06,51,-0.075715,0.544189,0.148349,0.151711
henon,param,3,5,0.01,1.3,1.000e-06,52,-0.041333,0.554932,0.129351,0.120857
henon,param,3,5,0.01,1.3,1.000e-06,53,-0.012887,0.569336,0.109654,0.108216
henon,param,3,5,0.01,1.3,1.000e-06,54,0.011747,0.581116,0.090324,0.085425
henon,param,3,5,0.01,1.3,1.000e-06,55,0.032591,0.588501,0.075097,0.065270
henon,param,3,5,0.01,1.3,1.000e-06,56,0.044114,0.593994,0.075300,0.076773
henon,param,3,5,0.01,1.3,1.000e-06,57,0.054568,0.599060,0.057214,0.048104
henon,param,3,5,0.01,1.3,1.000e-06,58,0.061555,0.601807,0.051223,0.044575
henon,param,3,5,0.01,1.3,1.000e-06,59,0.071185,0.605530,0.043129,0.025801
henon,param,3,5,0.01,1.3,1.000e-06,60,0.078220,0.607178,0.040670,0.038275
henon,param,3,5,0.01,1.3,1.000e-06,61,0.084486,0.614197,0.043196,0.026670
henon,param,3,5,0.01,1.3,1.000e-06,62,0.096479,0.616943,0.018805,0.010767
henon,param,3,5,0.01,1.3,1.000e-06,63,0.097317,0.619934,0.035969,0.002764
henon,param,3,5,0.01,1.3,1.000e-06,64,0.098544,0.617249,0.022377,0.004892
henon,param,3,5,0.01,1.3,1.000e-06,65,0.110890,0.626282,0.018404,0.004443
henon,param,3,5,0.01,1.3,1.000e-06,66,0.110250,0.629517,0.022648,0.000568
henon,param,3,5,0.01,1.3,1.000e-06,67,0.108651,0.624207,0.016930,0.012041
henon,param,3,5,0.01,1.3,1.000e-06,68,0.114777,0.630615,0.008935,0.010765
henon,param,3,5,0.01,1.3,1.000e-06,69,0.116182,0.627563,0.005456,-0.001773
henon,param,3,5,0.01,1.3,1.000e-06,70,0.112175,0.630676,0.001828,-0.000241
henon,param,3,5,0.01,1.3,1.000e-06,71,0.113639,0.624695,-0.009642,0.000234
henon,param,3,5,0.01,1.3,1.000e-06,72,0.114346,0.634766,0.008837,0.004904
henon,param,3,5,0.01,1.3,1.000e-06,73,0.112852,0.628723,0.000730,0.003949
henon,param,3,5,0.01,1.3,1.000e-06,74,0.109889,0.628052,0.014326,0.009231
henon,param,3,5,0.01,1.3,1.000e-06,75,0.115651,0.630798,0.013257,0.002032
henon,param,3,5,0.01,1.3,1.000e-06,76,0.118813,0.631836,-0.002273,0.006318
henon,param,3,5,0.01,1.3,1.000e-06,77,0.113729,0.626038,0.013015,0.005341
henon,param,3,5,0.01,1.3,1.000e-06,78,0.116149,0.628601,-0.002491,0.001585
henon,param,3,5,0.01,1.3,1.000e-06,79,0.118164,0.633972,0.008417,-0.005478
henon,param,3,5,0.01,1.3,1.000e-06,80,0.114040,0.629395,0.018863,-0.001417
henon,param,3,5,0.01,1.3,1.000e-06,81,0.118270,0.629639,0.022191,-0.007157
henon,param,3,5,0.01,1.3,1.000e-06,82,0.120573,0.633484,0.000647,-0.003915
henon,param,3,5,0.01,1.3,1.000e-06,83,0.120628,0.633118,0.001661,-0.005419
henon,param,3,5,0.01,1.3,1.000e-06,84,0.115807,0.626465,0.015009,0.004811
henon,param,3,5,0.01,1.3,1.000e-06,85,0.116397,0.631836,0.001182,0.006267
henon,param,3,5,0.01,1.3,1.000e-06,86,0.119044,0.631592,0.012411,-0.007402
henon,param,3,5,0.01,1.3,1.000e-06,87,0.125218,0.636536,-0.014448,-0.008000
henon,param,3,5,0.01,1.3,1.000e-06,88,0.118651,0.631531,-0.005891,-0.005562
henon,param,3,5,0.01,1.3,1.000e-06,89,0.112698,0.624268,-0.001126,-0.003313
henon,param,3,5,0.01,1.3,1.000e-06,90,0.113646,0.629395,0.005809,-0.008166
henon,param,3,5,0.01,1.3,1.000e-06,91,0.116926,0.628723,0.008632,-0.011875
henon,param,3,5,0.01,1.3,1.000e-06,92,0.113637,0.626221,0.011847,0.000397
henon,param,3,5,0.01,1.3,1.000e-06,93,0.115405,0.625610,0.011287,0.003486
henon,param,3,5,0.01,1.3,1.000e-06,94,0.124925,0.637268,0.002101,-0.005627
henon,param,3,5,0.01,1.3,1.000e-06,95,0.120025,0.632385,0.001531,0.007992
henon,param,3,5,0.01,1.3,1.000e-06,96,0.122071,0.628113,-0.010234,-0.014842
henon,param,3,5,0.01,1.3,1.000e-06,97,0.116845,0.626221,-0.007377,-0.000917
henon,param,3,5,0.01,1.3,1.000e-06,98,0.114415,0.625122,-0.005408,0.010298
henon,param,3,5,0.01,1.3,1.000e-06,99,0.113610,0.629639,-0.004146,0.005881
henon,param,3,5,0.01,1.3,1.000e-06,100,0.117663,0.632690,0.001501,-0.004806
henon,param,3,5,0.01,1.3,1.000e-06,101,0.123946,0.634277,-0.000741,0.000914
henon,param,3,5,0.01,1.3,1.000e-06,102,0.123003,0.627808,-0.011224,-0.000291
henon,param,3,5,0.01,1.3,1.000e-06,103,0.119358,0.631348,0.001421,-0.005005
henon,param,3,5,0.01,1.3,1.000e-06,104,0.115940,0.627930,0.008952,-0.001660
henon,param,3,5,0.01,1.3,1.000e-06,105,0.120732,0.629333,-0.000700,-0.002202
henon,param,3,5,0.01,1.3,1.000e-06,106,0.112705,0.624451,0.000204,0.011756
henon,param,3,5,0.01,1.3,1.000e-06,107,0.118985,0.630066,-0.003519,0.009893
henon,param,3,5,0.01,1.3,1.000e-06,108,0.120993,0.635498,0.005748,0.010661
henon,param,3,5,0.01,1.3,1.000e-06,109,0.116381,0.628662,0.010752,-0.003469
henon,param,3,5,0.01,1.3,1.000e-06,110,0.115095,0.627380,0.011679,-0.013656
henon,param,3,5,0.01,1.3,1.000e-06,111,0.116622,0.629822,0.009477,-0.008220
henon,param,3,5,0.01,1.3,1.000e-06,112,0.116310,0.626892,-0.003545,0.015550
henon,param,3,5,0.01,1.3,1.000e-06,113,0.121703,0.629211,-0.001311,0.010811
henon,param,3,5,0.01,1.3,1.000e-06,114,0.128653,0.636841,-0.009927,0.001612
henon,param,3,5,0.01,1.3,1.000e-06,115,0.116427,0.627625,0.012300,0.012447
henon,param,3,5,0.01,1.3,1.000e-06,116,0.116255,0.630676,-0.011909,0.003796
henon,param,3,5,0.01,1.3,1.000e-06,117,0.111170,0.626282,0.006586,-0.011605
henon,param,3,5,0.01,1.3,1.000e-06,118,0.111267,0.626099,0.019288,-0.006019
henon,param,3,5,0.01,1.3,1.000e-06,119,0.115374,0.626221,-0.002176,0.011672
henon,param,3,5,0.01,1.3,1.000e-06,120,0.119769,0.634338,-0.005455,0.007173
henon,param,3,5,0.01,1.3,1.000e-06,121,0.125287,0.635010,-0.003417,-0.006029
henon,param,3,5,0.01,1.3,1.000e-06,122,0.125767,0.635681,-0.000413,-0.018100
henon,param,3,5,0.01,1.3,1.000e-06,123,0.122116,0.632751,-0.005423,-0.008800
henon,param,3,5,0.01,1.3,1.000e-06,124,0.115932,0.628906,0.016735,-0.007440
henon,param,3,5,0.01,1.3,1.000e-06,125,0.113467,0.624939,0.006160,0.010070
henon,param,3,5,0.01,1.3,1.000e-06,126,0.115846,0.627319,0.004468,0.004422
henon,param,3,5,0.01,1.3,1.000e-06,127,0.120512,0.633728,0.004174,0.003356
henon,param,3,5,0.01,1.3,1.000e-06,128,0.119498,0.633240,-0.008999,-0.003968
henon,param,3,5,0.01,1.3,1.000e-06,129,0.114984,0.628784,0.010113,-0.012857
henon,param,3,5,0.01,1.3,1.000e-06,130,0.117952,0.633728,0.001022,-0.002631
henon,param,3,5,0.01,1.3,1.000e-06,131,0.117494,0.630493,-0.002255,0.002745
henon,param,3,5,0.01,1.3,1.000e-06,132,0.118584,0.626770,0.000157,-0.006576
henon,param,3,5,0.01,1.3,1.000e-06,133,0.117101,0.628174,0.007297,0.001142
henon,param,3,5,0.01,1.3,1.000e-06,134,0.122528,0.626282,-0.002882,-0.006057
henon,param,3,5,0.01,1.3,1.000e-06,135,0.122991,0.634644,-0.013248,0.000162
henon,param,3,5,0.01,1.3,1.000e-06,136,0.121352,0.632690,0.000155,-0.015553
henon,param,3,5,0.01,1.3,1.000e-06,137,0.121296,0.630920,-0.002093,0.003509
henon,param,3,5,0.01,1.3,1.000e-06,138,0.122136,0.635010,0.000842,-0.011345
henon,param,3,5,0.01,1.3,1.000e-06,139,0.114269,0.629700,-0.003316,-0.001702
henon,param,3,5,0.01,1.3,1.000e-06,140,0.114612,0.625305,0.007545,-0.011158
henon,param,3,5,0.01,1.3,1.000e-06,141,0.120437,0.629333,-0.007006,-0.005304
henon,param,3,5,0.01,1.3,1.000e-06,142,0.113709,0.623596,0.003176,0.004512
henon,param,3,5,0.01,1.3,1.000e-06,143,0.120486,0.631775,0.005664,-0.002587
henon,param,3,5,0.01,1.3,1.000e-06,144,0.121679,0.630676,0.003638,-0.011274
henon,param,3,5,0.01,1.3,1.000e-06,145,0.122189,0.635925,0.002735,-0.004544
henon,param,3,5,0.01,1.3,1.000e-06,146,0.124791,0.635742,0.003791,-0.004287
henon,param,3,5,0.01,1.3,1.000e-06,147,0.124701,0.631836,-0.013752,-0.007858
henon,param,3,5,0.01,1.3,1.000e-06,148,0.115231,0.627441,0.007529,-0.000079
henon,param,3,5,0.01,1.3,1.000e-06,149,0.111901,0.626587,0.016858,0.001739
henon,param,3,5,0.01,1.3,1.000e-06,150,0.118344,0.631531,0.004777,-0.000913
henon,param,3,5,0.01,1.3,1.000e-06,151,0.119728,0.631653,-0.006014,0.001276
henon,param,3,5,0.01,1.3,1.000e-06,152,0.119151,0.630737,0.010775,-0.020900
henon,param,3,5,0.01,1.3,1.000e-06,153,0.120709,0.632507,-0.003745,-0.004442
henon,param,3,5,0.01,1.3,1.000e-06,154,0.119658,0.629333,-0.007459,0.005644
henon,param,3,5,0.01,1.3,1.000e-06,155,0.120488,0.633606,-0.003182,-0.014646
henon,param,3,5,0.01,1.3,1.000e-06,156,0.116896,0.632690,0.010951,-0.003785
henon,param,3,5,0.01,1.3,1.000e-06,157,0.117163,0.632507,-0.000827,0.011005
henon,param,3,5,0.01,1.3,1.000e-06,158,0.122275,0.631958,-0.001416,0.003163
henon,param,3,5,0.01,1.3,1.000e-06,159,0.119639,0.632446,-0.004853,0.003463
henon,param,3,5,0.01,1.3,1.000e-06,160,0.115266,0.629028,0.002000,0.004348
henon,param,3,5,0.01,1.3,1.000e-06,161,0.116559,0.625916,0.007643,-0.007168
henon,param,3,5,0.01,1.3,1.000e-06,162,0.120986,0.628967,0.004914,-0.005136
henon,param,3,5,0.01,1.3,1.000e-06,163,0.119471,0.633972,0.002533,0.001501
henon,param,3,5,0.01,1.3,1.000e-06,164,0.123046,0.634460,0.000403,-0.010138
henon,param,3,5,0.01,1.3,1.000e-06,165,0.121924,0.635498,-0.007591,0.002237
henon,param,3,5,0.01,1.3,1.000e-06,166,0.118040,0.628906,-0.003888,0.006811
henon,param,3,5,0.01,1.3,1.000e-06,167,0.118325,0.629578,-0.003331,-0.005815
henon,param,3,5,0.01,1.3,1.000e-06,168,0.118720,0.630798,-0.008155,0.004174
henon,param,3,5,0.01,1.3,1.000e-06,169,0.120450,0.631348,-0.002520,0.003365
henon,param,3,5,0.01,1.3,1.000e-06,170,0.119408,0.630371,-0.001522,-0.004667
henon,param,3,5,0.01,1.3,1.000e-06,171,0.121931,0.634888,-0.009137,0.002461
henon,param,3,5,0.01,1.3,1.000e-06,172,0.130285,0.638062,-0.011917,-0.004367
henon,param,3,5,0.01,1.3,1.000e-06,173,0.125812,0.637939,0.008256,-0.005970
henon,param,3,5,0.01,1.3,1.000e-06,174,0.119741,0.625793,-0.003257,0.005116
henon,param,3,5,0.01,1.3,1.000e-06,175,0.120098,0.631104,-0.005844,0.000993
henon,param,3,5,0.01,1.3,1.000e-06,176,0.122206,0.632568,-0.003704,-0.001144
henon,param,3,5,0.01,1.3,1.000e-06,177,0.117115,0.631287,-0.008337,-0.006825
henon,param,3,5,0.01,1.3,1.000e-06,178,0.122762,0.632507,-0.007287,-0.002666
henon,param,3,5,0.01,1.3,1.000e-06,179,0.122968,0.631653,0.011190,-0.008472
henon,param,3,5,0.01,1.3,1.000e-06,180,0.123598,0.636536,0.011913,-0.017041
henon,param,3,5,0.01,1.3,1.000e-06,181,0.120834,0.632385,0.001348,-0.004527
henon,param,3,5,0.01,1.3,1.000e-06,182,0.121210,0.631348,0.000766,-0.001089
henon,param,3,5,0.01,1.3,1.000e-06,183,0.118167,0.627808,0.001850,-0.000693
henon,param,3,5,0.01,1.3,1.000e-06,184,0.118541,0.629211,0.006033,0.002550
henon,param,3,5,0.01,1.3,1.000e-06,185,0.124295,0.634277,-0.002435,-0.009953
henon,param,3,5,0.01,1.3,1.000e-06,186,0.115342,0.630066,0.026397,-0.015242
henon,param,3,5,0.01,1.3,1.000e-06,187,0.111103,0.626587,0.013389,0.011260
henon,param,3,5,0.01,1.3,1.000e-06,188,0.115786,0.628174,0.001362,-0.009979
henon,param,3,5,0.01,1.3,1.000e-06,189,0.116209,0.625244,-0.003880,-0.011507
henon,param,3,5,0.01,1.3,1.000e-06,190,0.112787,0.626099,0.005498,0.000008
henon,param,3,5,0.01,1.3,1.000e-06,191,0.123708,0.636780,0.001346,-0.009756
henon,param,3,5,0.01,1.3,1.000e-06,192,0.129940,0.639587,-0.009384,-0.011917
henon,param,3,5,0.01,1.3,1.000e-06,193,0.121199,0.629578,0.013831,-0.006926
henon,param,3,5,0.01,1.3,1.000e-06,194,0.116212,0.629089,0.000152,0.004279
henon,param,3,5,0.01,1.3,1.000e-06,195,0.111275,0.623474,0.007894,0.000823
henon,param,3,5,0.01,1.3,1.000e-06,196,0.117280,0.627563,0.003053,-0.006159
henon,param,3,5,0.01,1.3,1.000e-06,197,0.114098,0.626282,0.014002,0.003815
henon,param,3,5,0.01,1.3,1.000e-06,198,0.119416,0.628723,0.018447,-0.005376
henon,param,3,5,0.01,1.3,1.000e-06,199,0.125259,0.628845,0.009439,-0.014083
henon,param,3,5,0.01,1.3,1.000e-06,200,0.120012,0.627197,0.017352,0.005611
henon,param,3,5,0.01,1.3,1.000e-06,201,0.120813,0.632751,-0.013812,-0.007702
henon,param,3,5,0.01,1.3,1.000e-06,202,0.113903,0.630310,0.003514,0.007637
henon,param,3,5,0.01,1.3,1.000e-06,203,0.109744,0.623047,-0.001778,0.002755
henon,param,3,5,0.01,1.3,1.000e-06,204,0.117793,0.629578,-0.011391,-0.004790
henon,param,3,5,0.01,1.3,1.000e-06,205,0.124183,0.634338,0.008500,-0.010932
henon,param,3,5,0.01,1.3,1.000e-06,206,0.120141,0.630554,0.002593,-0.006650
henon,param,3,5,0.01,1.3,1.000e-06,207,0.118006,0.631470,0.002531,0.017437
henon,param,3,5,0.01,1.3,1.000e-06,208,0.118375,0.629456,-0.020292,0.011955
henon,param,3,5,0.01,1.3,1.000e-06,209,0.121070,0.634583,-0.010899,0.002965
henon,param,3,5,0.01,1.3,1.000e-06,210,0.118480,0.632812,-0.004714,-0.001377
henon,param,3,5,0.01,1.3,1.000e-06,211,0.116959,0.630615,-0.013095,0.003633
henon,param,3,5,0.01,1.3,1.000e-06,212,0.120913,0.628662,0.009878,-0.010275
henon,param,3,5,0.01,1.3,1.000e-06,213,0.120486,0.630249,-0.003560,0.002777
henon,param,3,5,0.01,1.3,1.000e-06,214,0.122367,0.635681,-0.001140,0.005264
henon,param,3,5,0.01,1.3,1.000e-06,215,0.113034,0.625671,-0.005324,0.025534
henon,param,3,5,0.01,1.3,1.000e-06,216,0.109501,0.622192,-0.002767,0.019904
henon,param,3,5,0.01,1.3,1.000e-06,217,0.111964,0.629761,-0.001810,0.007843
henon,param,3,5,0.01,1.3,1.000e-06,218,0.115716,0.627747,-0.009567,0.004736
henon,param,3,5,0.01,1.3,1.000e-06,219,0.115823,0.628784,-0.002466,-0.001825
henon,param,3,5,0.01,1.3,1.000e-06,220,0.117032,0.632141,0.007804,0.003709
henon,param,3,5,0.01,1.3,1.000e-06,221,0.124434,0.634521,0.002171,-0.011789
henon,param,3,5,0.01,1.3,1.000e-06,222,0.119999,0.632507,-0.002628,0.007694
henon,param,3,5,0.01,1.3,1.000e-06,223,0.120653,0.630981,-0.005510,0.004773
henon,param,3,5,0.01,1.3,1.000e-06,224,0.120151,0.633789,-0.004606,-0.007304
henon,param,3,5,0.01,1.3,1.000e-06,225,0.122361,0.636414,-0.009571,0.006642
henon,param,3,5,0.01,1.3,1.000e-06,226,0.113941,0.624756,0.012624,0.002896
henon,param,3,5,0.01,1.3,1.000e-06,227,0.117684,0.630188,0.006222,0.007575
henon,param,3,5,0.01,1.3,1.000e-06,228,0.120221,0.633728,0.001261,-0.010526
henon,param,3,5,0.01,1.3,1.000e-06,229,0.114433,0.625916,0.005832,-0.003522
henon,param,3,5,0.01,1.3,1.000e-06,230,0.108513,0.621521,0.007155,0.013536
henon,param,3,5,0.01,1.3,1.000e-06,231,0.116709,0.626343,0.000384,-0.001054
henon,param,3,5,0.01,1.3,1.000e-06,232,0.109955,0.627197,0.008647,0.014733
henon,param,3,5,0.01,1.3,1.000e-06,233,0.114956,0.627258,0.008950,-0.000801
henon,param,3,5,0.01,1.3,1.000e-06,234,0.113380,0.627502,0.000659,-0.001078
henon,param,3,5,0.01,1.3,1.000e-06,235,0.112890,0.629211,0.008881,0.011922
henon,param,3,5,0.01,1.3,1.000e-06,236,0.114211,0.628296,-0.010909,0.005725
henon,param,3,5,0.01,1.3,1.000e-06,237,0.110841,0.627197,0.003296,0.011867
henon,param,3,5,0.01,1.3,1.000e-06,238,0.113786,0.628784,-0.002597,-0.001184
henon,param,3,5,0.01,1.3,1.000e-06,239,0.112323,0.623901,0.012998,0.004897
henon,param,3,5,0.01,1.3,1.000e-06,240,0.113449,0.625854,-0.007942,0.016772
henon,param,3,5,0.01,1.3,1.000e-06,241,0.115528,0.628418,-0.007048,0.015280
henon,param,3,5,0.01,1.3,1.000e-06,242,0.109124,0.625305,0.010068,0.008982
henon,param,3,5,0.01,1.3,1.000e-06,243,0.112413,0.625427,-0.001043,0.010474
henon,param,3,5,0.01,1.3,1.000e-06,244,0.120305,0.628296,0.009008,-0.002669
henon,param,3,5,0.01,1.3,1.000e-06,245,0.121494,0.630798,0.000081,-0.007910
henon,param,3,5,0.01,1.3,1.000e-06,246,0.119009,0.628418,0.009414,0.008260
henon,param,3,5,0.01,1.3,1.000e-06,247,0.119015,0.634827,0.006458,0.002473
henon,param,3,5,0.01,1.3,1.000e-06,248,0.120680,0.634094,-0.009682,-0.003125
henon,param,3,5,0.01,1.3,1.000e-06,249,0.113811,0.625916,0.009419,-0.004800
henon,param,3,5,0.01,1.3,1.000e-06,250,0.111850,0.626892,-0.000537,0.011573
henon,param,3,5,0.01,1.3,1.000e-06,251,0.115306,0.629639,0.007772,-0.002380
henon,param,3,5,0.01,1.3,1.000e-06,252,0.122488,0.628296,0.007085,-0.016680
henon,param,3,5,0.01,1.3,1.000e-06,253,0.118606,0.630371,0.012660,-0.001509
henon,param,3,5,0.01,1.3,1.000e-06,254,0.116308,0.626221,0.007289,-0.007588
henon,param,3,5,0.01,1.3,1.000e-06,255,0.117997,0.631958,-0.004204,0.009765
henon,param,3,5,0.01,1.3,1.000e-06,256,0.115869,0.628052,0.013290,-0.004496
henon,param,3,5,0.01,1.3,1.000e-06,257,0.120165,0.630981,-0.001748,0.000364
henon,param,3,5,0.01,1.3,1.000e-06,258,0.121552,0.634399,0.001771,-0.000036
henon,param,3,5,0.01,1.3,1.000e-06,259,0.125591,0.634766,-0.012106,-0.003347
henon,param,3,5,0.01,1.3,1.000e-06,260,0.127608,0.638428,-0.011730,0.008605
henon,param,3,5,0.01,1.3,1.000e-06,261,0.125854,0.638611,0.002061,-0.009386
henon,param,3,5,0.01,1.3,1.000e-06,262,0.123025,0.632202,-0.012165,0.006091
henon,param,3,5,0.01,1.3,1.000e-06,263,0.118951,0.630798,0.002703,-0.010883
henon,param,3,5,0.01,1.3,1.000e-06,264,0.118885,0.628540,-0.004973,-0.007763
henon,param,3,5,0.01,1.3,1.000e-06,265,0.119689,0.628906,-0.003188,0.021256
henon,param,3,5,0.01,1.3,1.000e-06,266,0.127148,0.636780,-0.008086,-0.003355
henon,param,3,5,0.01,1.3,1.000e-06,267,0.127646,0.638428,-0.005891,-0.006584
henon,param,3,5,0.01,1.3,1.000e-06,268,0.124040,0.634521,-0.019110,-0.001853
henon,param,3,5,0.01,1.3,1.000e-06,269,0.125706,0.633850,-0.013639,-0.004335
henon,param,3,5,0.01,1.3,1.000e-06,270,0.119898,0.627258,-0.006563,-0.001550
henon,param,3,5,0.01,1.3,1.000e-06,271,0.119315,0.629517,-0.000732,-0.004245
henon,param,3,5,0.01,1.3,1.000e-06,272,0.120468,0.629150,-0.003333,0.009351
henon,param,3,5,0.01,1.3,1.000e-06,273,0.122325,0.631958,-0.001140,0.009096
henon,param,3,5,0.01,1.3,1.000e-06,274,0.120396,0.635132,-0.010444,0.004908
henon,param,3,5,0.01,1.3,1.000e-06,275,0.122466,0.641296,-0.012495,0.010020
henon,param,3,5,0.01,1.3,1.000e-06,276,0.119487,0.635010,-0.004124,0.005712
henon,param,3,5,0.01,1.3,1.000e-06,277,0.118525,0.633789,0.000501,-0.000253
henon,param,3,5,0.01,1.3,1.000e-06,278,0.114276,0.626892,-0.004471,0.008769
henon,param,3,5,0.01,1.3,1.000e-06,279,0.121164,0.631836,-0.010289,-0.002962
henon,param,3,5,0.01,1.3,1.000e-06,280,0.120477,0.632263,-0.009530,0.003968
henon,param,3,5,0.01,1.3,1.000e-06,281,0.118365,0.633606,0.007240,0.000098
henon,param,3,5,0.01,1.3,1.000e-06,282,0.116559,0.626892,0.006414,0.000777
henon,param,3,5,0.01,1.3,1.000e-06,283,0.115725,0.627319,-0.002571,0.003035
henon,param,3,5,0.01,1.3,1.000e-06,284,0.114565,0.627625,0.012055,0.007129
henon,param,3,5,0.01,1.3,1.000e-06,285,0.114745,0.630127,0.017230,-0.000959
henon,param,3,5,0.01,1.3,1.000e-06,286,0.126313,0.634521,-0.014015,-0.003827
henon,param,3,5,0.01,1.3,1.000e-06,287,0.128014,0.630066,-0.019150,0.001759
henon,param,3,5,0.01,1.3,1.000e-06,288,0.124942,0.634521,-0.008294,0.002973
henon,param,3,5,0.01,1.3,1.000e-06,289,0.124112,0.637512,0.004268,-0.016163
henon,param,3,5,0.01,1.3,1.000e-06,290,0.125379,0.635315,-0.005547,-0.006950
henon,param,3,5,0.01,1.3,1.000e-06,291,0.119212,0.630981,-0.005154,0.003044
henon,param,3,5,0.01,1.3,1.000e-06,292,0.113799,0.629395,0.010866,0.001266
henon,param,3,5,0.01,1.3,1.000e-06,293,0.121611,0.630920,-0.013700,-0.005777
henon,param,3,5,0.01,1.3,1.000e-06,294,0.117014,0.630798,-0.003847,0.002723
henon,param,3,5,0.01,1.3,1.000e-06,295,0.121960,0.629761,-0.000145,-0.008596
henon,param,3,5,0.01,1.3,1.000e-06,296,0.126585,0.634949,-0.010554,-0.013642
henon,param,3,5,0.01,1.3,1.000e-06,297,0.121771,0.632324,0.012046,-0.001126
henon,param,3,5,0.01,1.3,1.000e-06,298,0.123316,0.633118,-0.003525,-0.006243
henon,param,3,5,0.01,1.3,1.000e-06,299,0.119253,0.631531,0.004976,0.003775
henon,param,3,5,0.01,1.3,1.000e-06,300,0.119460,0.630493,0.009349,-0.003894
henon,param,3,5,0.01,1.3,1.000e-06,301,0.115923,0.631287,0.005168,0.004231
henon,param,3,5,0.01,1.3,1.000e-06,302,0.121115,0.636169,0.005118,-0.004135
henon,param,3,5,0.01,1.3,1.000e-06,303,0.122454,0.631042,-0.005473,0.010907
henon,param,3,5,0.01,1.3,1.000e-06,304,0.120305,0.629944,-0.004041,0.000484
henon,param,3,5,0.01,1.3,1.000e-06,305,0.122634,0.633179,0.009826,-0.005940
henon,param,3,5,0.01,1.3,1.000e-06,306,0.124202,0.632935,0.002948,0.003990
henon,param,3,5,0.01,1.3,1.000e-06,307,0.122533,0.632568,0.000635,-0.004422
henon,param,3,5,0.01,1.3,1.000e-06,308,0.120726,0.633057,-0.004403,-0.001029
henon,param,3,5,0.01,1.3,1.000e-06,309,0.122886,0.631775,0.002178,0.004371
henon,param,3,5,0.01,1.3,1.000e-06,310,0.124780,0.636719,-0.003748,0.001102
henon,param,3,5,0.01,1.3,1.000e-06,311,0.119504,0.632263,0.005444,-0.001352
henon,param,3,5,0.01,1.3,1.000e-06,312,0.120264,0.628235,-0.006603,-0.005062
henon,param,3,5,0.01,1.3,1.000e-06,313,0.120922,0.632629,-0.007712,0.000746
henon,param,3,5,0.01,1.3,1.000e-06,314,0.117915,0.635437,-0.000803,0.005800
henon,param,3,5,0.01,1.3,1.000e-06,315,0.123230,0.633057,-0.009482,-0.013028
henon,param,3,5,0.01,1.3,1.000e-06,316,0.121204,0.634521,-0.008329,0.010184
henon,param,3,5,0.01,1.3,1.000e-06,317,0.113166,0.626221,0.009550,0.008505
henon,param,3,5,0.01,1.3,1.000e-06,318,0.118470,0.625977,-0.009734,-0.007435
henon,param,3,5,0.01,1.3,1.000e-06,319,0.119039,0.635193,-0.005347,0.006411
henon,param,3,5,0.01,1.3,1.000e-06,320,0.121708,0.633545,-0.000038,0.008337
henon,param,3,5,0.01,1.3,1.000e-06,321,0.121242,0.634827,-0.006829,-0.002676
henon,param,3,5,0.01,1.3,1.000e-06,322,0.119515,0.632629,-0.011112,-0.005592
henon,param,3,5,0.01,1.3,1.000e-06,323,0.123100,0.633850,-0.003810,0.000828
henon,param,3,5,0.01,1.3,1.000e-06,324,0.125167,0.633301,-0.000209,-0.008494
henon,param,3,5,0.01,1.3,1.000e-06,325,0.121516,0.631104,0.001938,-0.011457
henon,param,3,5,0.01,1.3,1.000e-06,326,0.122635,0.630249,-0.006137,-0.007352
henon,param,3,5,0.01,1.3,1.000e-06,327,0.121355,0.635193,0.000232,0.011666
henon,param,3,5,0.01,1.3,1.000e-06,328,0.121829,0.633667,-0.008338,0.012786
henon,param,3,5,0.01,1.3,1.000e-06,329,0.125907,0.634949,-0.009567,-0.008942
henon,param,3,5,0.01,1.3,1.000e-06,330,0.119235,0.628784,-0.010597,0.000239
henon,param,3,5,0.01,1.3,1.000e-06,331,0.115823,0.624268,-0.002109,0.004131
henon,param,3,5,0.01,1.3,1.000e-06,332,0.113163,0.627136,0.007245,-0.000270
henon,param,3,5,0.01,1.3,1.000e-06,333,0.123728,0.633423,0.004966,-0.013974
henon,param,3,5,0.01,1.3,1.000e-06,334,0.124077,0.634033,0.005740,-0.000677
henon,param,3,5,0.01,1.3,1.000e-06,335,0.131046,0.641113,-0.009631,-0.007100
henon,param,3,5,0.01,1.3,1.000e-06,336,0.121448,0.632751,0.005081,-0.004852
henon,param,3,5,0.01,1.3,1.000e-06,337,0.106806,0.621277,0.005784,0.004549
henon,param,3,5,0.01,1.3,1.000e-06,338,0.105780,0.618286,0.009846,0.007327
henon,param,3,5,0.01,1.3,1.000e-06,339,0.110107,0.626465,0.018464,0.001909
henon,param,3,5,0.01,1.3,1.000e-06,340,0.118042,0.633728,0.002266,0.002892
henon,param,3,5,0.01,1.3,1.000e-06,341,0.125274,0.638062,0.003088,0.006168
henon,param,3,5,0.01,1.3,1.000e-06,342,0.126286,0.632812,0.000511,-0.009344
henon,param,3,5,0.01,1.3,1.000e-06,343,0.122224,0.628052,0.007296,-0.005651
henon,param,3,5,0.01,1.3,1.000e-06,344,0.121907,0.632202,0.013839,-0.016560
henon,param,3,5,0.01,1.3,1.000e-06,345,0.113564,0.628174,0.006325,-0.000944
henon,param,3,5,0.01,1.3,1.000e-06,346,0.112472,0.627991,-0.002130,0.003163
henon,param,3,5,0.01,1.3,1.000e-06,347,0.110357,0.626221,0.006727,0.001175
henon,param,3,5,0.01,1.3,1.000e-06,348,0.117256,0.633423,0.006060,-0.007851
henon,param,3,5,0.01,1.3,1.000e-06,349,0.119854,0.628967,-0.000236,0.001257
henon,param,3,5,0.01,1.3,1.000e-06,350,0.116885,0.628357,-0.002992,0.010895
henon,param,3,5,0.01,1.3,1.000e-06,351,0.123173,0.635315,0.000941,-0.000036
henon,param,3,5,0.01,1.3,1.000e-06,352,0.116326,0.630676,0.008121,-0.000878
henon,param,3,5,0.01,1.3,1.000e-06,353,0.116668,0.627502,0.007654,-0.010737
henon,param,3,5,0.01,1.3,1.000e-06,354,0.119527,0.630005,-0.012126,0.009220
henon,param,3,5,0.01,1.3,1.000e-06,355,0.120099,0.634338,-0.001758,-0.004217
henon,param,3,5,0.01,1.3,1.000e-06,356,0.128050,0.640442,-0.021121,-0.009203
henon,param,3,5,0.01,1.3,1.000e-06,357,0.118216,0.630615,0.001097,0.001754
henon,param,3,5,0.01,1.3,1.000e-06,358,0.117051,0.627991,0.006535,0.005758
henon,param,3,5,0.01,1.3,1.000e-06,359,0.111721,0.626892,-0.000834,0.009772
henon,param,3,5,0.01,1.3,1.000e-06,360,0.118034,0.630310,-0.010875,-0.003837
henon,param,3,5,0.01,1.3,1.000e-06,361,0.116178,0.626831,0.010274,-0.006689
henon,param,3,5,0.01,1.3,1.000e-06,362,0.118150,0.632629,0.011792,-0.005232
henon,param,3,5,0.01,1.3,1.000e-06,363,0.117306,0.628967,0.001968,0.000526
henon,param,3,5,0.01,1.3,1.000e-06,364,0.119584,0.631348,0.002730,-0.005490
henon,param,3,5,0.01,1.3,1.000e-06,365,0.123605,0.632751,-0.000768,0.000707
henon,param,3,5,0.01,1.3,1.000e-06,366,0.120713,0.635010,-0.000324,0.005193
henon,param,3,5,0.01,1.3,1.000e-06,367,0.116268,0.629456,-0.000028,-0.003787
henon,param,3,5,0.01,1.3,1.000e-06,368,0.116912,0.630005,-0.004683,0.005696
henon,param,3,5,0.01,1.3,1.000e-06,369,0.121816,0.635437,-0.012541,0.007517
henon,param,3,5,0.01,1.3,1.000e-06,370,0.119015,0.634338,0.007417,-0.000701
henon,param,3,5,0.01,1.3,1.000e-06,371,0.120123,0.632385,-0.001267,-0.004465
henon,param,3,5,0.01,1.3,1.000e-06,372,0.120620,0.634033,-0.007372,0.002138
henon,param,3,5,0.01,1.3,1.000e-06,373,0.120035,0.628479,-0.008975,0.004089
henon,param,3,5,0.01,1.3,1.000e-06,374,0.114055,0.622437,0.007428,0.001269
henon,param,3,5,0.01,1.3,1.000e-06,375,0.115266,0.627991,0.002042,0.007312
henon,param,3,5,0.01,1.3,1.000e-06,376,0.116583,0.631104,0.004736,0.001730
henon,param,3,5,0.01,1.3,1.000e-06,377,0.120206,0.634705,-0.007200,0.001156
henon,param,3,5,0.01,1.3,1.000e-06,378,0.117059,0.633179,-0.002938,-0.000389
henon,param,3,5,0.01,1.3,1.000e-06,379,0.117607,0.628418,-0.010067,0.005014
henon,param,3,5,0.01,1.3,1.000e-06,380,0.119504,0.631775,-0.006781,0.001269
henon,param,3,5,0.01,1.3,1.000e-06,381,0.117959,0.626404,0.013073,-0.002376
henon,param,3,5,0.01,1.3,1.000e-06,382,0.119949,0.635132,0.007565,-0.001693
henon,param,3,5,0.01,1.3,1.000e-06,383,0.123667,0.637329,-0.001529,-0.010618
henon,param,3,5,0.01,1.3,1.000e-06,384,0.118180,0.632019,-0.008112,0.004638
henon,param,3,5,0.01,1.3,1.000e-06,385,0.119823,0.634766,-0.004882,-0.001092
henon,param,3,5,0.01,1.3,1.000e-06,386,0.118053,0.630615,-0.012821,-0.001680
henon,param,3,5,0.01,1.3,1.000e-06,387,0.118043,0.629517,-0.011992,0.005264
henon,param,3,5,0.01,1.3,1.000e-06,388,0.116875,0.628967,0.009710,0.003007
henon,param,3,5,0.01,1.3,1.000e-06,389,0.118727,0.628845,0.011151,-0.001626
henon,param,3,5,0.01,1.3,1.000e-06,390,0.118911,0.631470,-0.000624,-0.006786
henon,param,3,5,0.01,1.3,1.000e-06,391,0.116487,0.628967,-0.000574,0.006962
henon,param,3,5,0.01,1.3,1.000e-06,392,0.121315,0.631226,-0.009367,0.011778
henon,param,3,5,0.01,1.3,1.000e-06,393,0.124663,0.635071,-0.010929,-0.007863
henon,param,3,5,0.01,1.3,1.000e-06,394,0.125695,0.637939,-0.009061,-0.004784
henon,param,3,5,0.01,1.3,1.000e-06,395,0.118898,0.630005,0.003711,-0.009399
henon,param,3,5,0.01,1.3,1.000e-06,396,0.120696,0.635315,0.005484,-0.006376
henon,param,3,5,0.01,1.3,1.000e-06,397,0.124416,0.634827,-0.002547,-0.007092
henon,param,3,5,0.01,1.3,1.000e-06,398,0.122239,0.634644,-0.016575,0.006018
henon,param,3,5,0.01,1.3,1.000e-06,399,0.127250,0.635315,-0.009005,-0.014038
henon,param,3,5,0.01,1.3,1.000e-06,400,0.121193,0.629761,-0.000036,-0.004144
henon,param,3,5,0.01,1.3,1.000e-04,1,-9.523948,0.000000,1.000000,1.000000
henon,param,3,5,0.01,1.3,1.000e-04,2,-8.977232,0.000000,1.000000,1.000000
henon,param,3,5,0.01,1.3,1.000e-04,3,-8.389543,0.000000,1.000000,1.000000
henon,param,3,5,0.01,1.3,1.000e-04,4,-8.124781,0.000000,1.000000,1.000000
henon,param,3,5,0.01,1.3,1.000e-04,5,-7.684161,0.000000,1.000000,1.000000
henon,param,3,5,0.01,1.3,1.000e-04,6,-7.319055,0.000000,0.999999,0.999999
henon,param,3,5,0.01,1.3,1.000e-04,7,-6.958203,0.000000,0.999999,0.999999
henon,param,3,5,0.01,1.3,1.000e-04,8,-6.605362,0.000000,0.999996,0.999996
henon,param,3,5,0.01,1.3,1.000e-04,9,-6.206618,0.000000,0.999990,0.999990
henon,param,3,5,0.01,1.3,1.000e-04,10,-5.847829,0.000000,0.999975,0.999974
henon,param,3,5,0.01,1.3,1.000e-04,11,-5.516494,0.000000,0.999937,0.999937
henon,param,3,5,0.01,1.3,1.000e-04,12,-5.156076,0.000000,0.999846,0.999848
henon,param,3,5,0.01,1.3,1.000e-04,13,-4.803269,0.000000,0.999641,0.999637
henon,param,3,5,0.01,1.3,1.000e-04,14,-4.453120,0.000000,0.999163,0.999147
henon,param,3,5,0.01,1.3,1.000e-04,15,-4.107267,0.000000,0.997906,0.997949
henon,param,3,5,0.01,1.3,1.000e-04,16,-3.749454,0.000183,0.995088,0.995247
henon,param,3,5,0.01,1.3,1.000e-04,17,-3.409775,0.000732,0.989311,0.989297
henon,param,3,5,0.01,1.3,1.000e-04,18,-3.080503,0.007019,0.975989,0.975983
henon,param,3,5,0.01,1.3,1.000e-04,19,-2.737238,0.022888,0.948761,0.950195
henon,param,3,5,0.01,1.3,1.000e-04,20,-2.422308,0.049072,0.910711,0.910067
henon,param,3,5,0.01,1.3,1.000e-04,21,-2.117072,0.087036,0.856911,0.867548
henon,param,3,5,0.01,1.3,1.000e-04,22,-1.834603,0.123230,0.801082,0.809863
henon,param,3,5,0.01,1.3,1.000e-04,23,-1.571435,0.164124,0.741351,0.748907
henon,param,3,5,0.01,1.3,1.000e-04,24,-1.350893,0.193054,0.689006,0.698313
henon,param,3,5,0.01,1.3,1.000e-04,25,-1.144481,0.237244,0.640712,0.635437
henon,param,3,5,0.01,1.3,1.000e-04,26,-0.965943,0.269714,0.577744,0.579285
henon,param,3,5,0.01,1.3,1.000e-04,27,-0.797114,0.310852,0.521017,0.513673
henon,param,3,5,0.01,1.3,1.000e-04,28,-0.651729,0.347168,0.471200,0.458265
henon,param,3,5,0.01,1.3,1.000e-04,29,-0.529316,0.375122,0.418277,0.409341
henon,param,3,5,0.01,1.3,1.000e-04,30,-0.420894,0.416504,0.369803,0.339073
henon,param,3,5,0.01,1.3,1.000e-04,31,-0.329615,0.448669,0.322881,0.289723
henon,param,3,5,0.01,1.3,1.000e-04,32,-0.257396,0.466125,0.272755,0.268011
henon,param,3,5,0.01,1.3,1.000e-04,33,-0.197420,0.490540,0.232553,0.228038
henon,param,3,5,0.01,1.3,1.000e-04,34,-0.143410,0.510864,0.206950,0.200959
henon,param,3,5,0.01,1.3,1.000e-04,35,-0.100917,0.527588,0.180086,0.180387
henon,param,3,5,0.01,1.3,1.000e-04,36,-0.058897,0.543030,0.151416,0.136487
henon,param,3,5,0.01,1.3,1.000e-04,37,-0.030723,0.557495,0.120076,0.118890
henon,param,3,5,0.01,1.3,1.000e-04,38,-0.006644,0.569214,0.115118,0.094571
henon,param,3,5,0.01,1.3,1.000e-04,39,0.012777,0.577026,0.082480,0.087315
henon,param,3,5,0.01,1.3,1.000e-04,40,0.033092,0.586365,0.077939,0.073439
henon,param,3,5,0.01,1.3,1.000e-04,41,0.046577,0.593933,0.061006,0.057675
henon,param,3,5,0.01,1.3,1.000e-04,42,0.051307,0.594421,0.060310,0.065331
henon,param,3,5,0.01,1.3,1.000e-04,43,0.071594,0.604553,0.048920,0.042421
henon,param,3,5,0.01,1.3,1.000e-04,44,0.082669,0.609741,0.043155,0.027809
henon,param,3,5,0.01,1.3,1.000e-04,45,0.082989,0.610901,0.036366,0.031066
henon,param,3,5,0.01,1.3,1.000e-04,46,0.085363,0.611450,0.022164,0.037969
henon,param,3,5,0.01,1.3,1.000e-04,47,0.097804,0.622192,0.021357,0.012658
henon,param,3,5,0.01,1.3,1.000e-04,48,0.100171,0.625000,0.018104,0.016313
henon,param,3,5,0.01,1.3,1.000e-04,49,0.098806,0.620300,0.023484,0.021044
henon,param,3,5,0.01,1.3,1.000e-04,50,0.105089,0.627502,0.005983,0.003852
henon,param,3,5,0.01,1.3,1.000e-04,51,0.103827,0.623596,0.018578,0.012807
henon,param,3,5,0.01,1.3,1.000e-04,52,0.105877,0.624207,0.007380,0.010279
henon,param,3,5,0.01,1.3,1.000e-04,53,0.108422,0.627563,0.005377,0.004255
henon,param,3,5,0.01,1.3,1.000e-04,54,0.114216,0.634033,0.013182,0.004237
henon,param,3,5,0.01,1.3,1.000e-04,55,0.115297,0.624756,-0.001980,0.013292
henon,param,3,5,0.01,1.3,1.000e-04,56,0.116622,0.630066,-0.002413,0.005724
henon,param,3,5,0.01,1.3,1.000e-04,57,0.112755,0.628174,0.010350,0.002506
henon,param,3,5,0.01,1.3,1.000e-04,58,0.110455,0.625610,0.016137,-0.001840
henon,param,3,5,0.01,1.3,1.000e-04,59,0.113039,0.625122,0.001908,-0.012201
henon,param,3,5,0.01,1.3,1.000e-04,60,0.108859,0.622437,0.010493,-0.001580
henon,param,3,5,0.01,1.3,1.000e-04,61,0.112540,0.623962,0.002721,0.003221
henon,param,3,5,0.01,1.3,1.000e-04,62,0.110811,0.627869,-0.000527,0.023511
henon,param,3,5,0.01,1.3,1.000e-04,63,0.111072,0.625122,0.011845,0.010583
henon,param,3,5,0.01,1.3,1.000e-04,64,0.114481,0.624878,0.000516,0.008353
henon,param,3,5,0.01,1.3,1.000e-04,65,0.118108,0.632812,0.002074,0.010702
henon,param,3,5,0.01,1.3,1.000e-04,66,0.116488,0.627380,-0.002335,-0.001343
henon,param,3,5,0.01,1.3,1.000e-04,67,0.120618,0.627686,0.005075,-0.007174
henon,param,3,5,0.01,1.3,1.000e-04,68,0.118927,0.626892,0.006226,-0.000424
henon,param,3,5,0.01,1.3,1.000e-04,69,0.111137,0.625488,0.010482,0.010709
henon,param,3,5,0.01,1.3,1.000e-04,70,0.115571,0.629272,0.011264,0.002984
henon,param,3,5,0.01,1.3,1.000e-04,71,0.120243,0.628357,-0.003810,-0.001909
henon,param,3,5,0.01,1.3,1.000e-04,72,0.124206,0.635254,-0.010306,0.009622
henon,param,3,5,0.01,1.3,1.000e-04,73,0.120386,0.632935,-0.019614,-0.000272
henon,param,3,5,0.01,1.3,1.000e-04,74,0.120641,0.632019,-0.011026,-0.014543
henon,param,3,5,0.01,1.3,1.000e-04,75,0.116130,0.625916,0.005698,0.014557
henon,param,3,5,0.01,1.3,1.000e-04,76,0.125034,0.635559,-0.012637,0.000672
henon,param,3,5,0.01,1.3,1.000e-04,77,0.116585,0.628845,0.003630,0.000991
henon,param,3,5,0.01,1.3,1.000e-04,78,0.119040,0.629456,-0.011882,0.011152
henon,param,3,5,0.01,1.3,1.000e-04,79,0.118630,0.632629,-0.009008,0.018057
henon,param,3,5,0.01,1.3,1.000e-04,80,0.124449,0.635986,-0.005259,-0.012762
henon,param,3,5,0.01,1.3,1.000e-04,81,0.125153,0.631470,-0.014590,-0.004842
henon,param,3,5,0.01,1.3,1.000e-04,82,0.118173,0.631409,0.010676,0.005711
henon,param,3,5,0.01,1.3,1.000e-04,83,0.116735,0.629211,0.003777,-0.004108
henon,param,3,5,0.01,1.3,1.000e-04,84,0.118885,0.632080,0.013845,-0.004283
henon,param,3,5,0.01,1.3,1.000e-04,85,0.123747,0.634888,0.000570,0.006335
henon,param,3,5,0.01,1.3,1.000e-04,86,0.127400,0.635498,-0.011078,-0.009101
henon,param,3,5,0.01,1.3,1.000e-04,87,0.122135,0.633179,-0.011642,-0.003503
henon,param,3,5,0.01,1.3,1.000e-04,88,0.119392,0.629700,0.001313,-0.005027
henon,param,3,5,0.01,1.3,1.000e-04,89,0.122491,0.632080,-0.015516,-0.017099
henon,param,3,5,0.01,1.3,1.000e-04,90,0.114886,0.629944,0.005143,0.004290
henon,param,3,5,0.01,1.3,1.000e-04,91,0.118326,0.631592,0.000725,-0.003396
henon,param,3,5,0.01,1.3,1.000e-04,92,0.121540,0.634521,0.001229,0.001690
henon,param,3,5,0.01,1.3,1.000e-04,93,0.122818,0.633118,-0.005152,0.004265
henon,param,3,5,0.01,1.3,1.000e-04,94,0.125822,0.635498,-0.009684,0.000569
henon,param,3,5,0.01,1.3,1.000e-04,95,0.120710,0.632507,0.003126,0.000384
henon,param,3,5,0.01,1.3,1.000e-04,96,0.116385,0.631836,0.005592,0.005373
henon,param,3,5,0.01,1.3,1.000e-04,97,0.118206,0.631104,0.002008,-0.003325
henon,param,3,5,0.01,1.3,1.000e-04,98,0.115416,0.627686,0.002837,-0.007198
henon,param,3,5,0.01,1.3,1.000e-04,99,0.111348,0.626709,0.012155,0.005361
henon,param,3,5,0.01,1.3,1.000e-04,100,0.111848,0.627625,0.001496,0.009864
henon,param,3,5,0.01,1.3,1.000e-04,101,0.123180,0.634521,-0.009843,0.010131
henon,param,3,5,0.01,1.3,1.000e-04,102,0.123442,0.634155,-0.004221,0.003690
henon,param,3,5,0.01,1.3,1.000e-04,103,0.115974,0.630249,0.010996,-0.004564
henon,param,3,5,0.01,1.3,1.000e-04,104,0.118796,0.632690,0.006322,0.006089
henon,param,3,5,0.01,1.3,1.000e-04,105,0.125879,0.634033,-0.007845,-0.005108
henon,param,3,5,0.01,1.3,1.000e-04,106,0.121705,0.627258,-0.002116,-0.005225
henon,param,3,5,0.01,1.3,1.000e-04,107,0.117166,0.628723,-0.005377,-0.005291
henon,param,3,5,0.01,1.3,1.000e-04,108,0.115583,0.629578,0.010650,-0.004612
henon,param,3,5,0.01,1.3,1.000e-04,109,0.117727,0.636475,0.004919,-0.000629
henon,param,3,5,0.01,1.3,1.000e-04,110,0.117481,0.630798,-0.014147,-0.004806
henon,param,3,5,0.01,1.3,1.000e-04,111,0.116493,0.628357,-0.005766,0.004348
henon,param,3,5,0.01,1.3,1.000e-04,112,0.116089,0.628296,-0.003101,0.001240
henon,param,3,5,0.01,1.3,1.000e-04,113,0.113479,0.623291,0.010701,0.005688
henon,param,3,5,0.01,1.3,1.000e-04,114,0.118731,0.629211,0.009571,0.005385
henon,param,3,5,0.01,1.3,1.000e-04,115,0.123784,0.637268,0.002299,-0.013365
henon,param,3,5,0.01,1.3,1.000e-04,116,0.124103,0.634277,0.003487,-0.009148
henon,param,3,5,0.01,1.3,1.000e-04,117,0.121286,0.630127,-0.006204,-0.001602
henon,param,3,5,0.01,1.3,1.000e-04,118,0.119132,0.633362,-0.000279,0.001095
henon,param,3,5,0.01,1.3,1.000e-04,119,0.122335,0.636108,0.008594,-0.013654
henon,param,3,5,0.01,1.3,1.000e-04,120,0.117099,0.627319,0.000204,-0.008924
henon,param,3,5,0.01,1.3,1.000e-04,121,0.117998,0.628418,0.006637,-0.007010
henon,param,3,5,0.01,1.3,1.000e-04,122,0.121354,0.635010,-0.002358,-0.004574
henon,param,3,5,0.01,1.3,1.000e-04,123,0.119423,0.630005,-0.006806,0.002765
henon,param,3,5,0.01,1.3,1.000e-04,124,0.120518,0.637085,0.001744,0.006531
henon,param,3,5,0.01,1.3,1.000e-04,125,0.119938,0.631958,-0.012248,0.004621
henon,param,3,5,0.01,1.3,1.000e-04,126,0.118884,0.630737,-0.000277,-0.017169
henon,param,3,5,0.01,1.3,1.000e-04,127,0.108270,0.621216,0.007917,0.006827
henon,param,3,5,0.01,1.3,1.000e-04,128,0.110642,0.627686,0.015492,0.003214
henon,param,3,5,0.01,1.3,1.000e-04,129,0.115230,0.629395,0.013634,-0.003168
henon,param,3,5,0.01,1.3,1.000e-04,130,0.127841,0.638062,-0.016561,-0.003874
henon,param,3,5,0.01,1.3,1.000e-04,131,0.120083,0.629456,0.001621,0.003690
henon,param,3,5,0.01,1.3,1.000e-04,132,0.119942,0.632019,-0.000721,0.007576
henon,param,3,5,0.01,1.3,1.000e-04,133,0.118201,0.628784,-0.012014,0.001206
henon,param,3,5,0.01,1.3,1.000e-04,134,0.111025,0.624756,0.006517,0.019489
henon,param,3,5,0.01,1.3,1.000e-04,135,0.120927,0.631775,0.001518,-0.008842
henon,param,3,5,0.01,1.3,1.000e-04,136,0.118409,0.632202,0.004504,0.009308
henon,param,3,5,0.01,1.3,1.000e-04,137,0.123313,0.632385,-0.000663,0.006115
henon,param,3,5,0.01,1.3,1.000e-04,138,0.120999,0.635620,0.001676,0.005158
henon,param,3,5,0.01,1.3,1.000e-04,139,0.118326,0.629028,0.009444,0.000352
henon,param,3,5,0.01,1.3,1.000e-04,140,0.116341,0.630920,-0.000414,-0.007656
henon,param,3,5,0.01,1.3,1.000e-04,141,0.112961,0.626404,0.010211,0.009109
henon,param,3,5,0.01,1.3,1.000e-04,142,0.114009,0.628479,0.017515,-0.003192
henon,param,3,5,0.01,1.3,1.000e-04,143,0.121825,0.636719,-0.003483,0.003658
henon,param,3,5,0.01,1.3,1.000e-04,144,0.120782,0.631958,-0.012420,0.006146
henon,param,3,5,0.01,1.3,1.000e-04,145,0.117546,0.625427,-0.002721,0.001210
henon,param,3,5,0.01,1.3,1.000e-04,146,0.121859,0.631348,-0.000870,-0.012443
henon,param,3,5,0.01,1.3,1.000e-04,147,0.117825,0.630676,0.013188,-0.011067
henon,param,3,5,0.01,1.3,1.000e-04,148,0.124738,0.634949,0.011250,-0.002909
henon,param,3,5,0.01,1.3,1.000e-04,149,0.120298,0.632080,0.021549,-0.015080
henon,param,3,5,0.01,1.3,1.000e-04,150,0.119182,0.630920,-0.006398,0.004604
henon,param,3,5,0.01,1.3,1.000e-04,151,0.116322,0.626648,0.004793,0.004826
henon,param,3,5,0.01,1.3,1.000e-04,152,0.112987,0.623596,0.004005,0.006315
henon,param,3,5,0.01,1.3,1.000e-04,153,0.116468,0.630432,0.000358,0.002486
henon,param,3,5,0.01,1.3,1.000e-04,154,0.113388,0.627075,0.003071,0.015936
henon,param,3,5,0.01,1.3,1.000e-04,155,0.124316,0.631348,-0.006294,0.008695
henon,param,3,5,0.01,1.3,1.000e-04,156,0.127322,0.632629,0.001200,-0.007380
henon,param,3,5,0.01,1.3,1.000e-04,157,0.129332,0.637939,0.003877,-0.007213
henon,param,3,5,0.01,1.3,1.000e-04,158,0.125270,0.634888,0.004071,-0.006187
henon,param,3,5,0.01,1.3,1.000e-04,159,0.120026,0.630859,-0.008423,-0.009410
henon,param,3,5,0.01,1.3,1.000e-04,160,0.111930,0.628052,-0.005946,-0.003576
henon,param,3,5,0.01,1.3,1.000e-04,161,0.108646,0.622620,-0.004645,0.019009
henon,param,3,5,0.01,1.3,1.000e-04,162,0.119147,0.633423,0.005619,-0.009190
henon,param,3,5,0.01,1.3,1.000e-04,163,0.119647,0.630005,0.010724,0.002901
henon,param,3,5,0.01,1.3,1.000e-04,164,0.121662,0.637634,0.003508,-0.000674
henon,param,3,5,0.01,1.3,1.000e-04,165,0.122464,0.632202,-0.000481,-0.006699
henon,param,3,5,0.01,1.3,1.000e-04,166,0.117084,0.627991,-0.018348,0.002335
henon,param,3,5,0.01,1.3,1.000e-04,167,0.115439,0.631653,0.007362,-0.000522
henon,param,3,5,0.01,1.3,1.000e-04,168,0.119555,0.633606,0.004246,-0.004027
henon,param,3,5,0.01,1.3,1.000e-04,169,0.123353,0.630737,0.004280,-0.015700
henon,param,3,5,0.01,1.3,1.000e-04,170,0.118235,0.629150,0.013728,-0.007389
henon,param,3,5,0.01,1.3,1.000e-04,171,0.123489,0.633240,0.003053,-0.020362
henon,param,3,5,0.01,1.3,1.000e-04,172,0.112816,0.626343,0.011613,-0.001542
henon,param,3,5,0.01,1.3,1.000e-04,173,0.107724,0.620911,0.003336,-0.000874
henon,param,3,5,0.01,1.3,1.000e-04,174,0.109326,0.625183,0.017317,0.009994
henon,param,3,5,0.01,1.3,1.000e-04,175,0.114317,0.628601,-0.000342,0.013230
henon,param,3,5,0.01,1.3,1.000e-04,176,0.124864,0.634888,-0.002255,-0.010706
henon,param,3,5,0.01,1.3,1.000e-04,177,0.119432,0.632324,0.006910,-0.002594
henon,param,3,5,0.01,1.3,1.000e-04,178,0.112394,0.620544,0.021456,0.012150
henon,param,3,5,0.01,1.3,1.000e-04,179,0.111373,0.622681,0.007626,0.009992
henon,param,3,5,0.01,1.3,1.000e-04,180,0.116357,0.631226,-0.008499,0.003328
henon,param,3,5,0.01,1.3,1.000e-04,181,0.115858,0.631104,0.003896,0.010016
henon,param,3,5,0.01,1.3,1.000e-04,182,0.121417,0.630188,-0.004005,-0.009475
henon,param,3,5,0.01,1.3,1.000e-04,183,0.123460,0.636780,-0.005539,-0.004573
henon,param,3,5,0.01,1.3,1.000e-04,184,0.116370,0.631042,0.003741,0.005231
henon,param,3,5,0.01,1.3,1.000e-04,185,0.122471,0.633118,-0.008491,-0.010585
henon,param,3,5,0.01,1.3,1.000e-04,186,0.116150,0.625549,0.011485,-0.000484
henon,param,3,5,0.01,1.3,1.000e-04,187,0.112183,0.624023,0.017178,-0.004396
henon,param,3,5,0.01,1.3,1.000e-04,188,0.112225,0.629333,0.004338,0.004744
henon,param,3,5,0.01,1.3,1.000e-04,189,0.116456,0.632690,0.003092,0.004437
henon,param,3,5,0.01,1.3,1.000e-04,190,0.119981,0.630249,-0.005511,0.009558
henon,param,3,5,0.01,1.3,1.000e-04,191,0.131532,0.643066,-0.015047,-0.003251
henon,param,3,5,0.01,1.3,1.000e-04,192,0.129893,0.634949,-0.013925,-0.009482
henon,param,3,5,0.01,1.3,1.000e-04,193,0.120911,0.629333,-0.001624,-0.004063
henon,param,3,5,0.01,1.3,1.000e-04,194,0.112827,0.625244,0.002059,-0.000953
henon,param,3,5,0.01,1.3,1.000e-04,195,0.115203,0.628296,-0.008349,0.001789
henon,param,3,5,0.01,1.3,1.000e-04,196,0.119024,0.631470,-0.002952,-0.003386
henon,param,3,5,0.01,1.3,1.000e-04,197,0.118365,0.631897,-0.007262,0.000090
henon,param,3,5,0.01,1.3,1.000e-04,198,0.119029,0.629456,0.003535,0.008171
henon,param,3,5,0.01,1.3,1.000e-04,199,0.124451,0.636597,0.004481,-0.001617
henon,param,3,5,0.01,1.3,1.000e-04,200,0.117763,0.628235,0.014693,-0.001013
henon,param,3,5,0.01,1.3,1.000e-04,201,0.114300,0.624207,0.008701,-0.001999
henon,param,3,5,0.01,1.3,1.000e-04,202,0.114588,0.629700,-0.000059,-0.000999
henon,param,3,5,0.01,1.3,1.000e-04,203,0.115101,0.627869,0.008664,0.003818
henon,param,3,5,0.01,1.3,1.000e-04,204,0.116009,0.627502,-0.006609,0.001548
henon,param,3,5,0.01,1.3,1.000e-04,205,0.127063,0.635559,-0.017009,0.004017
henon,param,3,5,0.01,1.3,1.000e-04,206,0.127092,0.640015,-0.007614,-0.003764
henon,param,3,5,0.01,1.3,1.000e-04,207,0.125152,0.634338,0.008145,-0.009764
henon,param,3,5,0.01,1.3,1.000e-04,208,0.128155,0.633240,-0.010518,-0.020282
henon,param,3,5,0.01,1.3,1.000e-04,209,0.121342,0.630981,0.003480,-0.009149
henon,param,3,5,0.01,1.3,1.000e-04,210,0.115902,0.631348,0.011423,0.001444
henon,param,3,5,0.01,1.3,1.000e-04,211,0.113486,0.624329,0.002532,0.006478
henon,param,3,5,0.01,1.3,1.000e-04,212,0.124816,0.634583,-0.011431,-0.003827
henon,param,3,5,0.01,1.3,1.000e-04,213,0.117876,0.629639,0.009535,-0.005944
henon,param,3,5,0.01,1.3,1.000e-04,214,0.121451,0.634949,0.001777,0.007740
henon,param,3,5,0.01,1.3,1.000e-04,215,0.120740,0.629395,0.007693,-0.004816
henon,param,3,5,0.01,1.3,1.000e-04,216,0.116539,0.627747,0.011114,-0.005070
henon,param,3,5,0.01,1.3,1.000e-04,217,0.116505,0.625427,-0.002462,-0.003220
henon,param,3,5,0.01,1.3,1.000e-04,218,0.118536,0.633789,-0.001636,-0.000401
henon,param,3,5,0.01,1.3,1.000e-04,219,0.129027,0.638428,-0.014502,-0.003271
henon,param,3,5,0.01,1.3,1.000e-04,220,0.132065,0.637085,-0.009087,-0.009874
henon,param,3,5,0.01,1.3,1.000e-04,221,0.132827,0.639648,-0.010492,-0.012850
henon,param,3,5,0.01,1.3,1.000e-04,222,0.123869,0.633423,0.005103,-0.010701
henon,param,3,5,0.01,1.3,1.000e-04,223,0.122399,0.632385,-0.007281,-0.009063
henon,param,3,5,0.01,1.3,1.000e-04,224,0.123912,0.632507,-0.008483,-0.017241
henon,param,3,5,0.01,1.3,1.000e-04,225,0.122597,0.631165,-0.010465,-0.003522
henon,param,3,5,0.01,1.3,1.000e-04,226,0.122834,0.633667,-0.011916,-0.001246
henon,param,3,5,0.01,1.3,1.000e-04,227,0.125170,0.638794,-0.001488,-0.003078
henon,param,3,5,0.01,1.3,1.000e-04,228,0.120108,0.631226,-0.009545,-0.001293
henon,param,3,5,0.01,1.3,1.000e-04,229,0.117262,0.631409,0.008061,0.000117
henon,param,3,5,0.01,1.3,1.000e-04,230,0.111893,0.624084,-0.011349,0.015496
henon,param,3,5,0.01,1.3,1.000e-04,231,0.112018,0.630371,-0.011009,0.003747
henon,param,3,5,0.01,1.3,1.000e-04,232,0.113424,0.624451,0.008532,0.003999
henon,param,3,5,0.01,1.3,1.000e-04,233,0.121889,0.634094,-0.004220,-0.005211
henon,param,3,5,0.01,1.3,1.000e-04,234,0.118710,0.631287,-0.001195,-0.001487
henon,param,3,5,0.01,1.3,1.000e-04,235,0.122573,0.639648,-0.003436,0.008445
henon,param,3,5,0.01,1.3,1.000e-04,236,0.124845,0.634155,-0.006480,-0.008349
henon,param,3,5,0.01,1.3,1.000e-04,237,0.121802,0.634644,-0.025817,0.005544
henon,param,3,5,0.01,1.3,1.000e-04,238,0.114093,0.628418,-0.004563,0.005241
henon,param,3,5,0.01,1.3,1.000e-04,239,0.120710,0.631104,-0.006504,-0.011825
henon,param,3,5,0.01,1.3,1.000e-04,240,0.126711,0.637939,-0.008284,-0.014793
henon,param,3,5,0.01,1.3,1.000e-04,241,0.126624,0.640869,-0.015840,-0.007193
henon,param,3,5,0.01,1.3,1.000e-04,242,0.121754,0.633362,-0.002702,0.004096
henon,param,3,5,0.01,1.3,1.000e-04,243,0.121958,0.632446,-0.005210,-0.000664
henon,param,3,5,0.01,1.3,1.000e-04,244,0.117467,0.630249,-0.013408,0.005811
henon,param,3,5,0.01,1.3,1.000e-04,245,0.118201,0.627380,0.003081,0.005673
henon,param,3,5,0.01,1.3,1.000e-04,246,0.119335,0.631592,0.009657,0.004283
henon,param,3,5,0.01,1.3,1.000e-04,247,0.122595,0.634094,-0.000904,0.000685
henon,param,3,5,0.01,1.3,1.000e-04,248,0.120193,0.627747,0.004496,-0.008787
henon,param,3,5,0.01,1.3,1.000e-04,249,0.119415,0.632751,0.006741,0.006940
henon,param,3,5,0.01,1.3,1.000e-04,250,0.116103,0.630127,0.014792,-0.009368
henon,param,3,5,0.01,1.3,1.000e-04,251,0.121408,0.633850,-0.003208,-0.007596
henon,param,3,5,0.01,1.3,1.000e-04,252,0.121746,0.632874,-0.014059,-0.002871
henon,param,3,5,0.01,1.3,1.000e-04,253,0.124877,0.635315,-0.012548,0.003365
henon,param,3,5,0.01,1.3,1.000e-04,254,0.122828,0.636169,-0.002029,-0.000594
henon,param,3,5,0.01,1.3,1.000e-04,255,0.123572,0.633240,-0.012210,-0.001807
henon,param,3,5,0.01,1.3,1.000e-04,256,0.115504,0.627502,0.013763,-0.020550
henon,param,3,5,0.01,1.3,1.000e-04,257,0.123964,0.638489,-0.002097,-0.006706
henon,param,3,5,0.01,1.3,1.000e-04,258,0.121603,0.630798,-0.001361,0.010256
henon,param,3,5,0.01,1.3,1.000e-04,259,0.124098,0.635193,-0.005950,-0.006768
henon,param,3,5,0.01,1.3,1.000e-04,260,0.122761,0.634705,-0.010584,-0.003342
henon,param,3,5,0.01,1.3,1.000e-04,261,0.115280,0.631836,0.004115,0.004598
henon,param,3,5,0.01,1.3,1.000e-04,262,0.115100,0.629333,-0.012460,0.013561
henon,param,3,5,0.01,1.3,1.000e-04,263,0.111441,0.625000,-0.005397,0.001658
henon,param,3,5,0.01,1.3,1.000e-04,264,0.110133,0.621399,0.008349,0.011492
henon,param,3,5,0.01,1.3,1.000e-04,265,0.116908,0.632446,-0.002479,0.009000
henon,param,3,5,0.01,1.3,1.000e-04,266,0.117969,0.632080,0.006216,-0.004777
henon,param,3,5,0.01,1.3,1.000e-04,267,0.122773,0.631958,-0.002907,0.003955
henon,param,3,5,0.01,1.3,1.000e-04,268,0.124008,0.633850,0.000320,-0.008653
henon,param,3,5,0.01,1.3,1.000e-04,269,0.122711,0.636597,-0.000508,-0.005964
henon,param,3,5,0.01,1.3,1.000e-04,270,0.114939,0.629761,-0.012739,0.006616
henon,param,3,5,0.01,1.3,1.000e-04,271,0.110324,0.627625,-0.001384,0.013783
henon,param,3,5,0.01,1.3,1.000e-04,272,0.110220,0.623474,0.000006,0.014342
henon,param,3,5,0.01,1.3,1.000e-04,273,0.111566,0.629761,0.007825,0.014432
henon,param,3,5,0.01,1.3,1.000e-04,274,0.108977,0.624451,0.006327,0.004652
henon,param,3,5,0.01,1.3,1.000e-04,275,0.111606,0.629395,0.003319,-0.000782
henon,param,3,5,0.01,1.3,1.000e-04,276,0.119653,0.631714,0.006559,-0.004706
henon,param,3,5,0.01,1.3,1.000e-04,277,0.121556,0.633545,-0.000433,-0.002385
henon,param,3,5,0.01,1.3,1.000e-04,278,0.117828,0.632080,0.004568,0.004537
henon,param,3,5,0.01,1.3,1.000e-04,279,0.114164,0.627869,0.002704,0.005620
henon,param,3,5,0.01,1.3,1.000e-04,280,0.118544,0.631592,-0.002756,0.005883
henon,param,3,5,0.01,1.3,1.000e-04,281,0.116574,0.631531,0.001344,-0.007004
henon,param,3,5,0.01,1.3,1.000e-04,282,0.114109,0.626709,0.006858,0.013164
henon,param,3,5,0.01,1.3,1.000e-04,283,0.118848,0.627686,-0.018548,0.008767
henon,param,3,5,0.01,1.3,1.000e-04,284,0.119197,0.632629,-0.008205,0.001756
henon,param,3,5,0.01,1.3,1.000e-04,285,0.117873,0.629700,-0.001823,0.005167
henon,param,3,5,0.01,1.3,1.000e-04,286,0.114779,0.628784,0.003175,0.006763
henon,param,3,5,0.01,1.3,1.000e-04,287,0.116755,0.632263,-0.008383,0.006394
henon,param,3,5,0.01,1.3,1.000e-04,288,0.116128,0.630493,-0.002743,-0.006799
henon,param,3,5,0.01,1.3,1.000e-04,289,0.118178,0.632874,-0.010220,0.005772
henon,param,3,5,0.01,1.3,1.000e-04,290,0.118977,0.634888,0.006165,0.006762
henon,param,3,5,0.01,1.3,1.000e-04,291,0.122163,0.636658,0.000339,-0.001777
henon,param,3,5,0.01,1.3,1.000e-04,292,0.111560,0.625488,0.004164,0.010762
henon,param,3,5,0.01,1.3,1.000e-04,293,0.108738,0.626221,0.019917,-0.004161
henon,param,3,5,0.01,1.3,1.000e-04,294,0.109944,0.625977,0.008425,0.008840
henon,param,3,5,0.01,1.3,1.000e-04,295,0.115220,0.628357,-0.002059,-0.008244
henon,param,3,5,0.01,1.3,1.000e-04,296,0.119055,0.631531,-0.002030,0.006926
henon,param,3,5,0.01,1.3,1.000e-04,297,0.118389,0.634155,0.007248,-0.001241
henon,param,3,5,0.01,1.3,1.000e-04,298,0.121286,0.636536,-0.004626,0.002623
henon,param,3,5,0.01,1.3,1.000e-04,299,0.115460,0.630798,0.007918,-0.004440
henon,param,3,5,0.01,1.3,1.000e-04,300,0.116680,0.631104,0.007689,0.003000
henon,param,3,5,0.01,1.3,1.000e-04,301,0.114331,0.629822,-0.001667,0.009607
henon,param,3,5,0.01,1.3,1.000e-04,302,0.121308,0.635864,-0.009400,-0.002000
henon,param,3,5,0.01,1.3,1.000e-04,303,0.117838,0.629333,-0.004971,0.003444
henon,param,3,5,0.01,1.3,1.000e-04,304,0.115495,0.627686,-0.006572,0.012683
henon,param,3,5,0.01,1.3,1.000e-04,305,0.121389,0.632568,0.001454,-0.005932
henon,param,3,5,0.01,1.3,1.000e-04,306,0.115265,0.625977,0.011712,-0.000772
henon,param,3,5,0.01,1.3,1.000e-04,307,0.118463,0.631653,-0.007351,0.004281
henon,param,3,5,0.01,1.3,1.000e-04,308,0.110660,0.623840,0.005138,-0.006417
henon,param,3,5,0.01,1.3,1.000e-04,309,0.113492,0.628357,0.007819,0.011448
henon,param,3,5,0.01,1.3,1.000e-04,310,0.119846,0.633606,0.003687,0.006352
henon,param,3,5,0.01,1.3,1.000e-04,311,0.121236,0.633240,-0.000471,0.000295
henon,param,3,5,0.01,1.3,1.000e-04,312,0.119762,0.633362,0.003521,-0.008883
henon,param,3,5,0.01,1.3,1.000e-04,313,0.118269,0.630432,0.009653,0.005551
henon,param,3,5,0.01,1.3,1.000e-04,314,0.116522,0.630615,0.008688,-0.004730
henon,param,3,5,0.01,1.3,1.000e-04,315,0.117196,0.630188,-0.009319,-0.011614
henon,param,3,5,0.01,1.3,1.000e-04,316,0.113727,0.628113,0.002258,0.010173
henon,param,3,5,0.01,1.3,1.000e-04,317,0.113316,0.629822,0.014018,0.007008
henon,param,3,5,0.01,1.3,1.000e-04,318,0.115234,0.629211,-0.001279,0.005239
henon,param,3,5,0.01,1.3,1.000e-04,319,0.111976,0.626343,0.006641,-0.000260
henon,param,3,5,0.01,1.3,1.000e-04,320,0.117955,0.631592,0.001683,-0.014199
henon,param,3,5,0.01,1.3,1.000e-04,321,0.112405,0.625549,0.002257,0.008864
henon,param,3,5,0.01,1.3,1.000e-04,322,0.110072,0.624695,0.007500,0.001354
henon,param,3,5,0.01,1.3,1.000e-04,323,0.113378,0.630371,0.007053,0.000619
henon,param,3,5,0.01,1.3,1.000e-04,324,0.117804,0.634949,0.016870,-0.004533
henon,param,3,5,0.01,1.3,1.000e-04,325,0.115872,0.626831,0.008849,0.005804
henon,param,3,5,0.01,1.3,1.000e-04,326,0.117785,0.631775,-0.001952,0.002521
henon,param,3,5,0.01,1.3,1.000e-04,327,0.113780,0.624878,0.017862,0.000245
henon,param,3,5,0.01,1.3,1.000e-04,328,0.112341,0.623596,0.003113,-0.000504
henon,param,3,5,0.01,1.3,1.000e-04,329,0.117773,0.629700,-0.007243,-0.000197
henon,param,3,5,0.01,1.3,1.000e-04,330,0.122734,0.630676,-0.002655,-0.005976
henon,param,3,5,0.01,1.3,1.000e-04,331,0.119599,0.629761,0.000713,0.003664
henon,param,3,5,0.01,1.3,1.000e-04,332,0.120640,0.628296,-0.000853,-0.000503
henon,param,3,5,0.01,1.3,1.000e-04,333,0.127635,0.636169,0.000125,-0.011584
henon,param,3,5,0.01,1.3,1.000e-04,334,0.125618,0.632263,0.008249,-0.007100
henon,param,3,5,0.01,1.3,1.000e-04,335,0.123885,0.635132,0.002707,0.006930
henon,param,3,5,0.01,1.3,1.000e-04,336,0.123682,0.633789,-0.002481,-0.009956
henon,param,3,5,0.01,1.3,1.000e-04,337,0.113652,0.629395,-0.003640,-0.009229
henon,param,3,5,0.01,1.3,1.000e-04,338,0.110926,0.621277,-0.008136,0.004732
henon,param,3,5,0.01,1.3,1.000e-04,339,0.116105,0.628479,0.009929,0.005603
henon,param,3,5,0.01,1.3,1.000e-04,340,0.127080,0.634460,-0.005252,-0.001586
henon,param,3,5,0.01,1.3,1.000e-04,341,0.123992,0.633301,0.000498,0.003458
henon,param,3,5,0.01,1.3,1.000e-04,342,0.119996,0.628906,-0.005410,0.011264
henon,param,3,5,0.01,1.3,1.000e-04,343,0.118455,0.634583,0.009273,0.002606
henon,param,3,5,0.01,1.3,1.000e-04,344,0.117285,0.628784,0.003968,0.002428
henon,param,3,5,0.01,1.3,1.000e-04,345,0.116559,0.626282,-0.015829,0.004281
henon,param,3,5,0.01,1.3,1.000e-04,346,0.115798,0.630676,-0.008028,0.008266
henon,param,3,5,0.01,1.3,1.000e-04,347,0.119424,0.629822,-0.000898,0.013283
henon,param,3,5,0.01,1.3,1.000e-04,348,0.124511,0.635376,-0.003999,0.000982
henon,param,3,5,0.01,1.3,1.000e-04,349,0.124603,0.636536,-0.006975,-0.001297
henon,param,3,5,0.01,1.3,1.000e-04,350,0.118359,0.628052,0.003799,0.011313
henon,param,3,5,0.01,1.3,1.000e-04,351,0.125209,0.632935,0.002092,-0.005927
henon,param,3,5,0.01,1.3,1.000e-04,352,0.119922,0.626221,-0.006879,0.003335
henon,param,3,5,0.01,1.3,1.000e-04,353,0.121848,0.632751,-0.001983,-0.004783
henon,param,3,5,0.01,1.3,1.000e-04,354,0.120493,0.633423,0.010715,-0.008092
henon,param,3,5,0.01,1.3,1.000e-04,355,0.123308,0.630615,-0.007315,-0.001092
henon,param,3,5,0.01,1.3,1.000e-04,356,0.124148,0.635315,-0.002053,-0.009034
henon,param,3,5,0.01,1.3,1.000e-04,357,0.119218,0.628174,0.007527,0.003913
henon,param,3,5,0.01,1.3,1.000e-04,358,0.118950,0.629883,0.006661,-0.002329
henon,param,3,5,0.01,1.3,1.000e-04,359,0.120056,0.632568,-0.011961,0.014294
henon,param,3,5,0.01,1.3,1.000e-04,360,0.119582,0.632019,0.003451,-0.000201
henon,param,3,5,0.01,1.3,1.000e-04,361,0.118033,0.632080,0.002404,-0.004413
henon,param,3,5,0.01,1.3,1.000e-04,362,0.119890,0.632629,-0.019871,0.001576
henon,param,3,5,0.01,1.3,1.000e-04,363,0.119965,0.630188,-0.000922,-0.003122
henon,param,3,5,0.01,1.3,1.000e-04,364,0.118466,0.631836,0.005918,0.002299
henon,param,3,5,0.01,1.3,1.000e-04,365,0.122226,0.634460,-0.005765,0.003122
henon,param,3,5,0.01,1.3,1.000e-04,366,0.121658,0.633057,-0.010911,-0.003257
henon,param,3,5,0.01,1.3,1.000e-04,367,0.116195,0.629089,0.004602,-0.007903
henon,param,3,5,0.01,1.3,1.000e-04,368,0.118031,0.635193,-0.006166,0.014142
henon,param,3,5,0.01,1.3,1.000e-04,369,0.125530,0.633484,-0.010392,0.006077
henon,param,3,5,0.01,1.3,1.000e-04,370,0.127533,0.633423,-0.000319,-0.001314
henon,param,3,5,0.01,1.3,1.000e-04,371,0.125089,0.635864,-0.003568,0.003544
henon,param,3,5,0.01,1.3,1.000e-04,372,0.123645,0.633789,-0.009825,0.003056
henon,param,3,5,0.01,1.3,1.000e-04,373,0.119708,0.630676,-0.014891,-0.000522
henon,param,3,5,0.01,1.3,1.000e-04,374,0.114074,0.622314,0.006911,-0.005931
henon,param,3,5,0.01,1.3,1.000e-04,375,0.111084,0.627991,0.015476,-0.005301
henon,param,3,5,0.01,1.3,1.000e-04,376,0.117713,0.630188,-0.005305,0.010809
henon,param,3,5,0.01,1.3,1.000e-04,377,0.125493,0.639465,-0.000370,-0.006076
henon,param,3,5,0.01,1.3,1.000e-04,378,0.124353,0.636658,0.011047,-0.008259
henon,param,3,5,0.01,1.3,1.000e-04,379,0.119120,0.633545,-0.001199,0.002434
henon,param,3,5,0.01,1.3,1.000e-04,380,0.116886,0.630737,-0.006389,0.000608
henon,param,3,5,0.01,1.3,1.000e-04,381,0.119467,0.632324,-0.006459,-0.008654
henon,param,3,5,0.01,1.3,1.000e-04,382,0.112358,0.629028,0.003840,0.000256
henon,param,3,5,0.01,1.3,1.000e-04,383,0.118693,0.631592,-0.001711,0.007157
henon,param,3,5,0.01,1.3,1.000e-04,384,0.121808,0.636353,-0.004026,-0.002754
henon,param,3,5,0.01,1.3,1.000e-04,385,0.115761,0.631775,-0.005092,0.000995
henon,param,3,5,0.01,1.3,1.000e-04,386,0.114093,0.630127,0.018110,0.000184
henon,param,3,5,0.01,1.3,1.000e-04,387,0.123608,0.635864,-0.006578,-0.003511
henon,param,3,5,0.01,1.3,1.000e-04,388,0.124715,0.634399,-0.007345,-0.012287
henon,param,3,5,0.01,1.3,1.000e-04,389,0.117617,0.629028,0.006456,-0.015789
henon,param,3,5,0.01,1.3,1.000e-04,390,0.122664,0.633911,0.001421,0.000143
henon,param,3,5,0.01,1.3,1.000e-04,391,0.126051,0.635010,-0.007706,-0.012111
henon,param,3,5,0.01,1.3,1.000e-04,392,0.120732,0.631104,-0.003432,-0.001464
henon,param,3,5,0.01,1.3,1.000e-04,393,0.124215,0.631958,-0.005858,-0.010674
henon,param,3,5,0.01,1.3,1.000e-04,394,0.128382,0.632751,-0.006359,-0.005585
henon,param,3,5,0.01,1.3,1.000e-04,395,0.128948,0.636597,-0.010360,0.002328
henon,param,3,5,0.01,1.3,1.000e-04,396,0.129459,0.635681,-0.019589,-0.010461
henon,param,3,5,0.01,1.3,1.000e-04,397,0.125316,0.636597,-0.007848,-0.014205
henon,param,3,5,0.01,1.3,1.000e-04,398,0.115005,0.628479,-0.000859,0.000805
henon,param,3,5,0.01,1.3,1.000e-04,399,0.120452,0.631714,-0.001555,-0.005540
henon,param,3,5,0.01,1.3,1.000e-04,400,0.121967,0.635864,0.002736,-0.004606
henon,param,3,5,0.01,1.3,1.000e-03,1,-7.221363,0.000000,1.000000,1.000000
henon,param,3,5,0.01,1.3,1.000e-03,2,-6.675166,0.000000,0.999997,0.999997
henon,param,3,5,0.01,1.3,1.000e-03,3,-6.088153,0.000000,0.999995,0.999995
henon,param,3,5,0.01,1.3,1.000e-03,4,-5.823723,0.000000,0.999992,0.999992
henon,param,3,5,0.01,1.3,1.000e-03,5,-5.383524,0.000000,0.999979,0.999979
henon,param,3,5,0.01,1.3,1.000e-03,6,-5.018996,0.000000,0.999943,0.999945
henon,param,3,5,0.01,1.3,1.000e-03,7,-4.659223,0.000000,0.999863,0.999869
henon,param,3,5,0.01,1.3,1.000e-03,8,-4.307635,0.000000,0.999617,0.999629
henon,param,3,5,0.01,1.3,1.000e-03,9,-3.910191,0.000000,0.998995,0.999035
henon,param,3,5,0.01,1.3,1.000e-03,10,-3.553312,0.000000,0.997544,0.997421
henon,param,3,5,0.01,1.3,1.000e-03,11,-3.223006,0.000000,0.993859,0.993857
henon,param,3,5,0.01,1.3,1.000e-03,12,-2.866191,0.000854,0.985232,0.985582
henon,param,3,5,0.01,1.3,1.000e-03,13,-2.520244,0.007812,0.967844,0.967191
henon,param,3,5,0.01,1.3,1.000e-03,14,-2.182251,0.033447,0.932858,0.932816
henon,param,3,5,0.01,1.3,1.000e-03,15,-1.861946,0.071716,0.876997,0.877438
henon,param,3,5,0.01,1.3,1.000e-03,16,-1.549286,0.120056,0.807716,0.806461
henon,param,3,5,0.01,1.3,1.000e-03,17,-1.289143,0.177002,0.720709,0.720354
henon,param,3,5,0.01,1.3,1.000e-03,18,-1.085528,0.227966,0.660517,0.663178
henon,param,3,5,0.01,1.3,1.000e-03,19,-0.886979,0.272766,0.569283,0.585103
henon,param,3,5,0.01,1.3,1.000e-03,20,-0.731204,0.308044,0.517188,0.519971
henon,param,3,5,0.01,1.3,1.000e-03,21,-0.587407,0.344543,0.452256,0.469793
henon,param,3,5,0.01,1.3,1.000e-03,22,-0.469337,0.383179,0.395393,0.405296
henon,param,3,5,0.01,1.3,1.000e-03,23,-0.358811,0.425415,0.340588,0.340473
henon,param,3,5,0.01,1.3,1.000e-03,24,-0.278269,0.448425,0.309063,0.300884
henon,param,3,5,0.01,1.3,1.000e-03,25,-0.210744,0.476196,0.265839,0.274624
henon,param,3,5,0.01,1.3,1.000e-03,26,-0.151472,0.501648,0.220759,0.225770
henon,param,3,5,0.01,1.3,1.000e-03,27,-0.103492,0.523010,0.193604,0.173276
henon,param,3,5,0.01,1.3,1.000e-03,28,-0.067060,0.539246,0.160189,0.163503
henon,param,3,5,0.01,1.3,1.000e-03,29,-0.029795,0.557861,0.125829,0.113792
henon,param,3,5,0.01,1.3,1.000e-03,30,-0.007079,0.560669,0.114031,0.106836
henon,param,3,5,0.01,1.3,1.000e-03,31,0.016656,0.576538,0.097737,0.097174
henon,param,3,5,0.01,1.3,1.000e-03,32,0.034838,0.586792,0.083714,0.083435
henon,param,3,5,0.01,1.3,1.000e-03,33,0.046736,0.587891,0.070642,0.057988
henon,param,3,5,0.01,1.3,1.000e-03,34,0.060560,0.598694,0.054821,0.057515
henon,param,3,5,0.01,1.3,1.000e-03,35,0.067223,0.602295,0.048896,0.045486
henon,param,3,5,0.01,1.3,1.000e-03,36,0.075730,0.605591,0.031060,0.028304
henon,param,3,5,0.01,1.3,1.000e-03,37,0.078600,0.608337,0.035915,0.042684
henon,param,3,5,0.01,1.3,1.000e-03,38,0.087656,0.615845,0.027013,0.025780
henon,param,3,5,0.01,1.3,1.000e-03,39,0.090170,0.614624,0.024236,0.022927
henon,param,3,5,0.01,1.3,1.000e-03,40,0.098494,0.621582,0.012307,0.024227
henon,param,3,5,0.01,1.3,1.000e-03,41,0.100006,0.621460,0.014313,0.022030
henon,param,3,5,0.01,1.3,1.000e-03,42,0.102252,0.619019,0.010183,0.014052
henon,param,3,5,0.01,1.3,1.000e-03,43,0.106705,0.624329,0.009391,0.008482
henon,param,3,5,0.01,1.3,1.000e-03,44,0.105954,0.621094,0.022941,0.002979
henon,param,3,5,0.01,1.3,1.000e-03,45,0.108008,0.627625,0.008795,0.009839
henon,param,3,5,0.01,1.3,1.000e-03,46,0.103897,0.622620,0.010388,0.023220
henon,param,3,5,0.01,1.3,1.000e-03,47,0.114885,0.626648,0.004245,0.015121
henon,param,3,5,0.01,1.3,1.000e-03,48,0.117342,0.630615,-0.000987,0.001926
henon,param,3,5,0.01,1.3,1.000e-03,49,0.112368,0.626587,0.005997,0.003186
henon,param,3,5,0.01,1.3,1.000e-03,50,0.114765,0.628357,0.015160,-0.002562
henon,param,3,5,0.01,1.3,1.000e-03,51,0.114427,0.628235,0.016254,-0.006934
henon,param,3,5,0.01,1.3,1.000e-03,52,0.113073,0.626221,0.008903,-0.005411
henon,param,3,5,0.01,1.3,1.000e-03,53,0.111808,0.629517,0.003556,0.000194
henon,param,3,5,0.01,1.3,1.000e-03,54,0.120424,0.632996,0.001599,-0.007542
henon,param,3,5,0.01,1.3,1.000e-03,55,0.117007,0.631531,0.003484,0.008979
henon,param,3,5,0.01,1.3,1.000e-03,56,0.116878,0.630127,-0.004197,0.016537
henon,param,3,5,0.01,1.3,1.000e-03,57,0.115417,0.626221,0.003884,0.010092
henon,param,3,5,0.01,1.3,1.000e-03,58,0.112030,0.627441,0.012058,0.004992
henon,param,3,5,0.01,1.3,1.000e-03,59,0.116525,0.629272,-0.007983,0.001921
henon,param,3,5,0.01,1.3,1.000e-03,60,0.114668,0.628479,-0.007093,0.000848
henon,param,3,5,0.01,1.3,1.000e-03,61,0.124485,0.632812,-0.010980,-0.003304
henon,param,3,5,0.01,1.3,1.000e-03,62,0.128865,0.638977,-0.010259,-0.000753
henon,param,3,5,0.01,1.3,1.000e-03,63,0.120281,0.630005,-0.007282,0.001873
henon,param,3,5,0.01,1.3,1.000e-03,64,0.112711,0.624207,-0.001718,0.004854
henon,param,3,5,0.01,1.3,1.000e-03,65,0.115987,0.628357,0.010567,-0.003741
henon,param,3,5,0.01,1.3,1.000e-03,66,0.118435,0.630188,-0.001646,0.001013
henon,param,3,5,0.01,1.3,1.000e-03,67,0.119575,0.630554,-0.000469,-0.005163
henon,param,3,5,0.01,1.3,1.000e-03,68,0.118684,0.628296,0.006500,0.003605
henon,param,3,5,0.01,1.3,1.000e-03,69,0.115467,0.626404,0.009622,0.010896
henon,param,3,5,0.01,1.3,1.000e-03,70,0.115514,0.628357,-0.000693,0.015383
henon,param,3,5,0.01,1.3,1.000e-03,71,0.118358,0.628967,-0.001002,0.001943
henon,param,3,5,0.01,1.3,1.000e-03,72,0.117903,0.630554,0.004747,-0.002533
henon,param,3,5,0.01,1.3,1.000e-03,73,0.108196,0.626526,0.013073,0.010467
henon,param,3,5,0.01,1.3,1.000e-03,74,0.110159,0.624390,-0.005358,0.002629
henon,param,3,5,0.01,1.3,1.000e-03,75,0.116876,0.630859,-0.001099,0.008021
henon,param,3,5,0.01,1.3,1.000e-03,76,0.120923,0.632385,-0.005351,0.016498
henon,param,3,5,0.01,1.3,1.000e-03,77,0.120960,0.635315,-0.005928,0.007161
henon,param,3,5,0.01,1.3,1.000e-03,78,0.119611,0.631226,-0.005555,0.003437
henon,param,3,5,0.01,1.3,1.000e-03,79,0.117597,0.628723,-0.010558,0.013401
henon,param,3,5,0.01,1.3,1.000e-03,80,0.117560,0.628967,-0.013395,0.004385
henon,param,3,5,0.01,1.3,1.000e-03,81,0.118609,0.629150,0.004322,-0.005842
henon,param,3,5,0.01,1.3,1.000e-03,82,0.119545,0.628357,0.007158,0.005296
henon,param,3,5,0.01,1.3,1.000e-03,83,0.124420,0.632629,-0.011419,0.006508
henon,param,3,5,0.01,1.3,1.000e-03,84,0.122816,0.633118,-0.002756,0.009073
henon,param,3,5,0.01,1.3,1.000e-03,85,0.120888,0.629517,-0.001420,0.010866
henon,param,3,5,0.01,1.3,1.000e-03,86,0.119469,0.631958,-0.005921,0.003423
henon,param,3,5,0.01,1.3,1.000e-03,87,0.116336,0.629272,0.006731,0.003533
henon,param,3,5,0.01,1.3,1.000e-03,88,0.117560,0.630981,-0.000559,-0.009041
henon,param,3,5,0.01,1.3,1.000e-03,89,0.119206,0.636108,0.006383,-0.002556
henon,param,3,5,0.01,1.3,1.000e-03,90,0.124269,0.631592,-0.003039,0.015885
henon,param,3,5,0.01,1.3,1.000e-03,91,0.129514,0.634399,-0.008100,-0.008832
henon,param,3,5,0.01,1.3,1.000e-03,92,0.124606,0.633240,-0.001156,-0.014908
henon,param,3,5,0.01,1.3,1.000e-03,93,0.113972,0.627625,0.007811,0.007207
henon,param,3,5,0.01,1.3,1.000e-03,94,0.123231,0.637817,0.007371,-0.008230
henon,param,3,5,0.01,1.3,1.000e-03,95,0.121748,0.631775,0.000899,-0.012936
henon,param,3,5,0.01,1.3,1.000e-03,96,0.118825,0.630798,-0.009230,-0.000064
henon,param,3,5,0.01,1.3,1.000e-03,97,0.115390,0.629395,0.010088,-0.002310
henon,param,3,5,0.01,1.3,1.000e-03,98,0.117373,0.626160,0.004548,-0.005961
henon,param,3,5,0.01,1.3,1.000e-03,99,0.119133,0.628845,0.013063,-0.014167
henon,param,3,5,0.01,1.3,1.000e-03,100,0.112494,0.629089,0.005849,0.009930
henon,param,3,5,0.01,1.3,1.000e-03,101,0.123254,0.632263,-0.003964,-0.002648
henon,param,3,5,0.01,1.3,1.000e-03,102,0.122573,0.629700,0.002815,0.000359
henon,param,3,5,0.01,1.3,1.000e-03,103,0.122837,0.629761,-0.006400,0.011725
henon,param,3,5,0.01,1.3,1.000e-03,104,0.123056,0.631714,-0.017608,0.010345
henon,param,3,5,0.01,1.3,1.000e-03,105,0.117215,0.625061,-0.011814,0.011040
henon,param,3,5,0.01,1.3,1.000e-03,106,0.113985,0.627014,-0.000200,0.014053
henon,param,3,5,0.01,1.3,1.000e-03,107,0.119875,0.632751,-0.006941,0.004636
henon,param,3,5,0.01,1.3,1.000e-03,108,0.121116,0.628357,-0.010630,0.001186
henon,param,3,5,0.01,1.3,1.000e-03,109,0.117715,0.629150,0.005201,0.008147
henon,param,3,5,0.01,1.3,1.000e-03,110,0.120436,0.633850,0.013353,0.000000
henon,param,3,5,0.01,1.3,1.000e-03,111,0.119874,0.629211,-0.006324,-0.000318
henon,param,3,5,0.01,1.3,1.000e-03,112,0.114931,0.627747,-0.003759,0.007273
henon,param,3,5,0.01,1.3,1.000e-03,113,0.116543,0.628052,-0.002050,-0.002774
henon,param,3,5,0.01,1.3,1.000e-03,114,0.117775,0.630981,0.005696,0.009592
henon,param,3,5,0.01,1.3,1.000e-03,115,0.116976,0.631042,-0.005736,0.002458
henon,param,3,5,0.01,1.3,1.000e-03,116,0.115231,0.629822,0.004974,0.010316
henon,param,3,5,0.01,1.3,1.000e-03,117,0.118561,0.633545,0.006411,-0.005342
henon,param,3,5,0.01,1.3,1.000e-03,118,0.116440,0.628662,0.004197,0.014006
henon,param,3,5,0.01,1.3,1.000e-03,119,0.118734,0.633606,-0.005351,0.007653
henon,param,3,5,0.01,1.3,1.000e-03,120,0.118718,0.635071,0.008515,0.000611
henon,param,3,5,0.01,1.3,1.000e-03,121,0.110999,0.625000,-0.000766,0.015420
henon,param,3,5,0.01,1.3,1.000e-03,122,0.115251,0.630066,-0.003254,-0.004432
henon,param,3,5,0.01,1.3,1.000e-03,123,0.122309,0.634033,-0.014088,-0.003472
henon,param,3,5,0.01,1.3,1.000e-03,124,0.122960,0.631531,-0.010262,-0.004424
henon,param,3,5,0.01,1.3,1.000e-03,125,0.118370,0.630859,-0.011985,0.016824
henon,param,3,5,0.01,1.3,1.000e-03,126,0.117843,0.631775,-0.001480,0.012226
henon,param,3,5,0.01,1.3,1.000e-03,127,0.119246,0.633057,0.020134,-0.017778
henon,param,3,5,0.01,1.3,1.000e-03,128,0.119383,0.629028,-0.010631,0.011942
henon,param,3,5,0.01,1.3,1.000e-03,129,0.116449,0.631836,0.003782,0.013445
henon,param,3,5,0.01,1.3,1.000e-03,130,0.119974,0.629517,0.011068,-0.011680
henon,param,3,5,0.01,1.3,1.000e-03,131,0.123350,0.627136,-0.007832,-0.010906
henon,param,3,5,0.01,1.3,1.000e-03,132,0.120029,0.631470,-0.001738,0.006471
henon,param,3,5,0.01,1.3,1.000e-03,133,0.115286,0.628967,-0.002283,0.002425
henon,param,3,5,0.01,1.3,1.000e-03,134,0.116746,0.629150,0.005186,-0.007574
henon,param,3,5,0.01,1.3,1.000e-03,135,0.117195,0.632080,0.000808,-0.006608
henon,param,3,5,0.01,1.3,1.000e-03,136,0.120383,0.629883,0.008036,-0.002620
henon,param,3,5,0.01,1.3,1.000e-03,137,0.119920,0.630737,0.006328,-0.000437
henon,param,3,5,0.01,1.3,1.000e-03,138,0.119960,0.629395,-0.004139,0.000566
henon,param,3,5,0.01,1.3,1.000e-03,139,0.119446,0.626770,-0.009304,-0.004176
henon,param,3,5,0.01,1.3,1.000e-03,140,0.117714,0.631958,-0.001153,0.007152
henon,param,3,5,0.01,1.3,1.000e-03,141,0.118332,0.630554,-0.004471,-0.000507
henon,param,3,5,0.01,1.3,1.000e-03,142,0.115045,0.628540,-0.008332,-0.003137
henon,param,3,5,0.01,1.3,1.000e-03,143,0.110753,0.625366,0.005483,0.017077
henon,param,3,5,0.01,1.3,1.000e-03,144,0.115905,0.632080,0.004415,0.011823
henon,param,3,5,0.01,1.3,1.000e-03,145,0.118822,0.628540,-0.002159,-0.000382
henon,param,3,5,0.01,1.3,1.000e-03,146,0.121901,0.635193,0.006284,-0.001745
henon,param,3,5,0.01,1.3,1.000e-03,147,0.121075,0.629333,0.013918,-0.001477
henon,param,3,5,0.01,1.3,1.000e-03,148,0.124060,0.631592,-0.003529,-0.010434
henon,param,3,5,0.01,1.3,1.000e-03,149,0.123571,0.635254,-0.010256,-0.004877
henon,param,3,5,0.01,1.3,1.000e-03,150,0.117971,0.629944,-0.004524,0.007015
henon,param,3,5,0.01,1.3,1.000e-03,151,0.115976,0.624207,0.000308,0.000979
henon,param,3,5,0.01,1.3,1.000e-03,152,0.114912,0.629883,0.011810,0.013981
henon,param,3,5,0.01,1.3,1.000e-03,153,0.120786,0.632874,-0.001804,-0.005892
henon,param,3,5,0.01,1.3,1.000e-03,154,0.121556,0.631042,-0.008894,-0.003442
henon,param,3,5,0.01,1.3,1.000e-03,155,0.118501,0.629333,0.005230,-0.003171
henon,param,3,5,0.01,1.3,1.000e-03,156,0.121508,0.635132,0.001861,0.003431
henon,param,3,5,0.01,1.3,1.000e-03,157,0.117767,0.629700,-0.005162,0.015460
henon,param,3,5,0.01,1.3,1.000e-03,158,0.116792,0.627625,0.001790,0.012144
henon,param,3,5,0.01,1.3,1.000e-03,159,0.116806,0.628906,0.005778,0.003552
henon,param,3,5,0.01,1.3,1.000e-03,160,0.118680,0.632446,0.005550,0.003741
henon,param,3,5,0.01,1.3,1.000e-03,161,0.121596,0.626648,-0.005279,0.010154
henon,param,3,5,0.01,1.3,1.000e-03,162,0.121863,0.636963,0.004181,-0.004122
henon,param,3,5,0.01,1.3,1.000e-03,163,0.127017,0.635498,-0.012026,-0.006147
henon,param,3,5,0.01,1.3,1.000e-03,164,0.121210,0.630859,0.004604,0.010128
henon,param,3,5,0.01,1.3,1.000e-03,165,0.118580,0.632019,-0.002032,-0.000570
henon,param,3,5,0.01,1.3,1.000e-03,166,0.115320,0.628784,0.002229,0.009068
henon,param,3,5,0.01,1.3,1.000e-03,167,0.121276,0.636108,-0.012040,0.001078
henon,param,3,5,0.01,1.3,1.000e-03,168,0.121033,0.634705,0.001011,-0.008470
henon,param,3,5,0.01,1.3,1.000e-03,169,0.120765,0.639709,-0.010965,-0.007168
henon,param,3,5,0.01,1.3,1.000e-03,170,0.120489,0.631470,-0.013103,-0.009637
henon,param,3,5,0.01,1.3,1.000e-03,171,0.114337,0.631165,-0.004424,0.016450
henon,param,3,5,0.01,1.3,1.000e-03,172,0.118786,0.625854,0.008352,-0.000423
henon,param,3,5,0.01,1.3,1.000e-03,173,0.119173,0.626953,0.008356,-0.007090
henon,param,3,5,0.01,1.3,1.000e-03,174,0.118703,0.630615,-0.001612,0.009899
henon,param,3,5,0.01,1.3,1.000e-03,175,0.113410,0.625427,0.003782,0.001307
henon,param,3,5,0.01,1.3,1.000e-03,176,0.115883,0.629272,-0.002530,0.001540
henon,param,3,5,0.01,1.3,1.000e-03,177,0.113998,0.631042,-0.001832,0.005656
henon,param,3,5,0.01,1.3,1.000e-03,178,0.117829,0.628418,-0.007512,0.008267
henon,param,3,5,0.01,1.3,1.000e-03,179,0.120853,0.636169,0.003468,-0.001750
henon,param,3,5,0.01,1.3,1.000e-03,180,0.122759,0.635132,-0.002983,-0.003978
henon,param,3,5,0.01,1.3,1.000e-03,181,0.117275,0.628540,-0.003575,0.006480
henon,param,3,5,0.01,1.3,1.000e-03,182,0.123316,0.632080,-0.003287,0.005154
henon,param,3,5,0.01,1.3,1.000e-03,183,0.129917,0.639526,-0.011206,-0.009237
henon,param,3,5,0.01,1.3,1.000e-03,184,0.123754,0.633667,-0.011383,-0.002536
henon,param,3,5,0.01,1.3,1.000e-03,185,0.123833,0.635437,-0.008743,0.005290
henon,param,3,5,0.01,1.3,1.000e-03,186,0.120169,0.635376,-0.000779,-0.008478
henon,param,3,5,0.01,1.3,1.000e-03,187,0.116461,0.625671,-0.002710,-0.002218
henon,param,3,5,0.01,1.3,1.000e-03,188,0.113561,0.623169,-0.009633,-0.005955
henon,param,3,5,0.01,1.3,1.000e-03,189,0.114607,0.628540,0.006498,0.000718
henon,param,3,5,0.01,1.3,1.000e-03,190,0.113243,0.626282,0.009915,0.001425
henon,param,3,5,0.01,1.3,1.000e-03,191,0.119360,0.629272,-0.005363,-0.000159
henon,param,3,5,0.01,1.3,1.000e-03,192,0.118251,0.631287,-0.002443,0.013525
henon,param,3,5,0.01,1.3,1.000e-03,193,0.122849,0.639404,0.002685,-0.004059
henon,param,3,5,0.01,1.3,1.000e-03,194,0.119311,0.628235,0.002474,-0.002586
henon,param,3,5,0.01,1.3,1.000e-03,195,0.115886,0.625488,-0.000942,0.003003
henon,param,3,5,0.01,1.3,1.000e-03,196,0.117842,0.633240,0.012493,0.001681
henon,param,3,5,0.01,1.3,1.000e-03,197,0.121233,0.637146,-0.012445,-0.002291
henon,param,3,5,0.01,1.3,1.000e-03,198,0.119561,0.626587,-0.009711,-0.009464
henon,param,3,5,0.01,1.3,1.000e-03,199,0.114921,0.627502,0.012173,0.005020
henon,param,3,5,0.01,1.3,1.000e-03,200,0.112453,0.625854,0.005343,0.005869
henon,param,3,5,0.01,1.3,1.000e-03,201,0.114548,0.631409,-0.003614,0.005834
henon,param,3,5,0.01,1.3,1.000e-03,202,0.112950,0.627502,0.002261,0.007925
henon,param,3,5,0.01,1.3,1.000e-03,203,0.120331,0.635681,0.008271,-0.007148
henon,param,3,5,0.01,1.3,1.000e-03,204,0.119291,0.632568,-0.001003,-0.001416
henon,param,3,5,0.01,1.3,1.000e-03,205,0.119349,0.631714,-0.010566,-0.002254
henon,param,3,5,0.01,1.3,1.000e-03,206,0.112589,0.626526,0.003104,0.017746
henon,param,3,5,0.01,1.3,1.000e-03,207,0.116522,0.626526,0.015478,0.000719
henon,param,3,5,0.01,1.3,1.000e-03,208,0.117518,0.629761,0.005553,-0.009756
henon,param,3,5,0.01,1.3,1.000e-03,209,0.115151,0.631042,-0.001674,0.003074
henon,param,3,5,0.01,1.3,1.000e-03,210,0.116401,0.629517,0.012737,-0.003358
henon,param,3,5,0.01,1.3,1.000e-03,211,0.123015,0.634155,-0.003676,-0.007942
henon,param,3,5,0.01,1.3,1.000e-03,212,0.125416,0.638184,-0.008910,-0.006480
henon,param,3,5,0.01,1.3,1.000e-03,213,0.115923,0.626404,0.009521,-0.000600
henon,param,3,5,0.01,1.3,1.000e-03,214,0.113380,0.626648,0.015128,0.001139
henon,param,3,5,0.01,1.3,1.000e-03,215,0.114919,0.626465,0.009233,0.001822
henon,param,3,5,0.01,1.3,1.000e-03,216,0.108344,0.625061,-0.002649,0.013873
henon,param,3,5,0.01,1.3,1.000e-03,217,0.115281,0.631409,0.012828,-0.016035
henon,param,3,5,0.01,1.3,1.000e-03,218,0.119697,0.637390,0.007097,-0.019445
henon,param,3,5,0.01,1.3,1.000e-03,219,0.122148,0.636414,-0.001642,-0.004733
henon,param,3,5,0.01,1.3,1.000e-03,220,0.121701,0.635376,0.015673,-0.011327
henon,param,3,5,0.01,1.3,1.000e-03,221,0.115268,0.632874,-0.001984,-0.005451
henon,param,3,5,0.01,1.3,1.000e-03,222,0.113171,0.626282,0.005508,0.005797
henon,param,3,5,0.01,1.3,1.000e-03,223,0.112365,0.624939,0.003654,0.001898
henon,param,3,5,0.01,1.3,1.000e-03,224,0.119727,0.630249,-0.009866,-0.001411
henon,param,3,5,0.01,1.3,1.000e-03,225,0.121243,0.630920,-0.007753,-0.011069
henon,param,3,5,0.01,1.3,1.000e-03,226,0.111685,0.623718,0.006492,0.019722
henon,param,3,5,0.01,1.3,1.000e-03,227,0.122370,0.631409,-0.006285,0.014150
henon,param,3,5,0.01,1.3,1.000e-03,228,0.124084,0.635254,-0.006557,0.001313
henon,param,3,5,0.01,1.3,1.000e-03,229,0.122386,0.632751,0.004806,-0.002013
henon,param,3,5,0.01,1.3,1.000e-03,230,0.110896,0.623108,0.016377,-0.000531
henon,param,3,5,0.01,1.3,1.000e-03,231,0.111788,0.625122,0.013741,-0.000538
henon,param,3,5,0.01,1.3,1.000e-03,232,0.107208,0.624268,0.008316,0.001286
henon,param,3,5,0.01,1.3,1.000e-03,233,0.112274,0.626465,0.006037,0.004828
henon,param,3,5,0.01,1.3,1.000e-03,234,0.115737,0.627625,-0.007516,0.008037
henon,param,3,5,0.01,1.3,1.000e-03,235,0.119407,0.638550,-0.014236,0.000790
henon,param,3,5,0.01,1.3,1.000e-03,236,0.113606,0.628540,0.003699,0.019222
henon,param,3,5,0.01,1.3,1.000e-03,237,0.112675,0.626892,0.009569,0.003177
henon,param,3,5,0.01,1.3,1.000e-03,238,0.114872,0.627930,-0.003713,0.003150
henon,param,3,5,0.01,1.3,1.000e-03,239,0.110780,0.625671,0.004920,0.009382
henon,param,3,5,0.01,1.3,1.000e-03,240,0.118242,0.630127,0.003892,-0.005371
henon,param,3,5,0.01,1.3,1.000e-03,241,0.122234,0.633972,-0.006057,0.001397
henon,param,3,5,0.01,1.3,1.000e-03,242,0.114750,0.626160,-0.007120,0.000247
henon,param,3,5,0.01,1.3,1.000e-03,243,0.116273,0.633179,0.007289,-0.001463
henon,param,3,5,0.01,1.3,1.000e-03,244,0.120649,0.635315,-0.001361,-0.004621
henon,param,3,5,0.01,1.3,1.000e-03,245,0.119510,0.630798,-0.005416,0.007917
henon,param,3,5,0.01,1.3,1.000e-03,246,0.113903,0.625122,0.000992,-0.000543
henon,param,3,5,0.01,1.3,1.000e-03,247,0.114317,0.627502,0.001711,0.013030
henon,param,3,5,0.01,1.3,1.000e-03,248,0.121293,0.632507,0.001899,0.001937
henon,param,3,5,0.01,1.3,1.000e-03,249,0.118140,0.631836,0.001013,-0.011122
henon,param,3,5,0.01,1.3,1.000e-03,250,0.114767,0.627930,0.006395,-0.001340
henon,param,3,5,0.01,1.3,1.000e-03,251,0.120979,0.635376,-0.006507,-0.003916
henon,param,3,5,0.01,1.3,1.000e-03,252,0.123375,0.636108,-0.006350,-0.004088
henon,param,3,5,0.01,1.3,1.000e-03,253,0.116994,0.629761,0.012061,-0.004081
henon,param,3,5,0.01,1.3,1.000e-03,254,0.116887,0.629211,-0.007534,0.016799
henon,param,3,5,0.01,1.3,1.000e-03,255,0.122927,0.633301,-0.008228,-0.004506
henon,param,3,5,0.01,1.3,1.000e-03,256,0.117725,0.631592,0.002674,-0.000617
henon,param,3,5,0.01,1.3,1.000e-03,257,0.121362,0.637085,-0.005788,0.004092
henon,param,3,5,0.01,1.3,1.000e-03,258,0.124877,0.633423,-0.010985,-0.015245
henon,param,3,5,0.01,1.3,1.000e-03,259,0.118338,0.631592,0.002574,0.006183
henon,param,3,5,0.01,1.3,1.000e-03,260,0.118708,0.628906,0.000377,-0.011249
henon,param,3,5,0.01,1.3,1.000e-03,261,0.112448,0.630310,0.010344,0.003159
henon,param,3,5,0.01,1.3,1.000e-03,262,0.107897,0.624329,0.006935,0.004697
henon,param,3,5,0.01,1.3,1.000e-03,263,0.108990,0.627808,0.013968,-0.001375
henon,param,3,5,0.01,1.3,1.000e-03,264,0.116039,0.631165,-0.004021,-0.004701
henon,param,3,5,0.01,1.3,1.000e-03,265,0.118025,0.632874,-0.001354,0.005220
henon,param,3,5,0.01,1.3,1.000e-03,266,0.119404,0.631592,0.001573,-0.000348
henon,param,3,5,0.01,1.3,1.000e-03,267,0.116768,0.631714,0.009844,0.000057
henon,param,3,5,0.01,1.3,1.000e-03,268,0.119755,0.631592,-0.000166,-0.005521
henon,param,3,5,0.01,1.3,1.000e-03,269,0.116406,0.629822,0.012471,-0.001513
henon,param,3,5,0.01,1.3,1.000e-03,270,0.112537,0.626038,-0.006067,0.010251
henon,param,3,5,0.01,1.3,1.000e-03,271,0.127189,0.636658,-0.012072,-0.008962
henon,param,3,5,0.01,1.3,1.000e-03,272,0.123279,0.634583,0.011742,0.000929
henon,param,3,5,0.01,1.3,1.000e-03,273,0.120532,0.629700,-0.009138,0.006367
henon,param,3,5,0.01,1.3,1.000e-03,274,0.115097,0.626648,0.006342,0.003306
henon,param,3,5,0.01,1.3,1.000e-03,275,0.116400,0.626038,0.013313,0.006040
henon,param,3,5,0.01,1.3,1.000e-03,276,0.110924,0.621948,0.002898,0.012683
henon,param,3,5,0.01,1.3,1.000e-03,277,0.112793,0.627075,-0.005889,0.029563
henon,param,3,5,0.01,1.3,1.000e-03,278,0.118796,0.632324,-0.009265,-0.004154
henon,param,3,5,0.01,1.3,1.000e-03,279,0.119764,0.636353,0.006783,-0.008486
henon,param,3,5,0.01,1.3,1.000e-03,280,0.112671,0.630066,0.000910,0.007648
henon,param,3,5,0.01,1.3,1.000e-03,281,0.116745,0.630737,-0.003644,0.000030
henon,param,3,5,0.01,1.3,1.000e-03,282,0.110501,0.626831,0.009189,0.009287
henon,param,3,5,0.01,1.3,1.000e-03,283,0.111943,0.625488,0.000856,0.001905
henon,param,3,5,0.01,1.3,1.000e-03,284,0.117566,0.635620,-0.009510,0.004844
henon,param,3,5,0.01,1.3,1.000e-03,285,0.119094,0.629150,0.000147,0.000847
henon,param,3,5,0.01,1.3,1.000e-03,286,0.118878,0.626465,0.004447,-0.011345
henon,param,3,5,0.01,1.3,1.000e-03,287,0.120052,0.631104,0.002452,0.005748
henon,param,3,5,0.01,1.3,1.000e-03,288,0.123258,0.634949,-0.000671,-0.009256
henon,param,3,5,0.01,1.3,1.000e-03,289,0.115228,0.629211,0.010186,-0.000218
henon,param,3,5,0.01,1.3,1.000e-03,290,0.121471,0.630188,-0.006287,-0.004691
henon,param,3,5,0.01,1.3,1.000e-03,291,0.119472,0.633301,0.007460,-0.000495
henon,param,3,5,0.01,1.3,1.000e-03,292,0.115157,0.627136,0.016986,-0.007509
henon,param,3,5,0.01,1.3,1.000e-03,293,0.118579,0.632141,0.004236,-0.004847
henon,param,3,5,0.01,1.3,1.000e-03,294,0.120457,0.634155,-0.004249,-0.004945
henon,param,3,5,0.01,1.3,1.000e-03,295,0.118921,0.631226,0.005998,-0.001212
henon,param,3,5,0.01,1.3,1.000e-03,296,0.116981,0.630432,0.019379,-0.012406
henon,param,3,5,0.01,1.3,1.000e-03,297,0.117083,0.633057,-0.013539,0.011889
henon,param,3,5,0.01,1.3,1.000e-03,298,0.119158,0.630310,-0.017246,0.005499
henon,param,3,5,0.01,1.3,1.000e-03,299,0.114688,0.626648,0.017095,-0.002452
henon,param,3,5,0.01,1.3,1.000e-03,300,0.115880,0.631165,-0.003551,-0.000557
henon,param,3,5,0.01,1.3,1.000e-03,301,0.117505,0.626038,-0.013146,0.005397
henon,param,3,5,0.01,1.3,1.000e-03,302,0.120886,0.631104,-0.007386,0.002138
henon,param,3,5,0.01,1.3,1.000e-03,303,0.124363,0.633667,-0.003878,-0.004486
henon,param,3,5,0.01,1.3,1.000e-03,304,0.122149,0.633850,-0.010354,0.010371
henon,param,3,5,0.01,1.3,1.000e-03,305,0.119916,0.630798,-0.008719,0.004751
henon,param,3,5,0.01,1.3,1.000e-03,306,0.120038,0.632324,0.000097,-0.006611
henon,param,3,5,0.01,1.3,1.000e-03,307,0.120393,0.630310,-0.000128,0.003787
henon,param,3,5,0.01,1.3,1.000e-03,308,0.116680,0.627930,-0.011484,0.003048
henon,param,3,5,0.01,1.3,1.000e-03,309,0.117684,0.632874,0.005048,-0.008091
henon,param,3,5,0.01,1.3,1.000e-03,310,0.118389,0.633301,0.013942,-0.012464
henon,param,3,5,0.01,1.3,1.000e-03,311,0.116163,0.629517,-0.001699,0.002086
henon,param,3,5,0.01,1.3,1.000e-03,312,0.113017,0.627869,-0.002223,0.008105
henon,param,3,5,0.01,1.3,1.000e-03,313,0.113096,0.625610,0.004342,0.003302
henon,param,3,5,0.01,1.3,1.000e-03,314,0.117951,0.629089,-0.005565,-0.001670
henon,param,3,5,0.01,1.3,1.000e-03,315,0.117531,0.628906,-0.003846,0.002679
henon,param,3,5,0.01,1.3,1.000e-03,316,0.122471,0.632690,-0.015969,-0.002618
henon,param,3,5,0.01,1.3,1.000e-03,317,0.114130,0.623901,0.012641,0.000604
henon,param,3,5,0.01,1.3,1.000e-03,318,0.113847,0.624756,0.017143,0.009247
henon,param,3,5,0.01,1.3,1.000e-03,319,0.118106,0.634033,-0.000591,0.003458
henon,param,3,5,0.01,1.3,1.000e-03,320,0.119729,0.635010,-0.009699,0.003144
henon,param,3,5,0.01,1.3,1.000e-03,321,0.120185,0.631836,-0.003592,-0.009769
henon,param,3,5,0.01,1.3,1.000e-03,322,0.113276,0.630127,0.007869,0.001984
henon,param,3,5,0.01,1.3,1.000e-03,323,0.117826,0.628296,-0.001343,-0.000916
henon,param,3,5,0.01,1.3,1.000e-03,324,0.116463,0.630310,0.001227,0.008187
henon,param,3,5,0.01,1.3,1.000e-03,325,0.116122,0.627014,-0.007407,0.000571
henon,param,3,5,0.01,1.3,1.000e-03,326,0.113660,0.625000,0.002237,0.004233
henon,param,3,5,0.01,1.3,1.000e-03,327,0.119725,0.635498,0.010161,0.006817
henon,param,3,5,0.01,1.3,1.000e-03,328,0.119138,0.632263,-0.008398,0.003836
henon,param,3,5,0.01,1.3,1.000e-03,329,0.113978,0.627502,0.009862,0.013291
henon,param,3,5,0.01,1.3,1.000e-03,330,0.115415,0.629700,0.010153,-0.003249
henon,param,3,5,0.01,1.3,1.000e-03,331,0.117431,0.627686,-0.009514,-0.010037
henon,param,3,5,0.01,1.3,1.000e-03,332,0.115937,0.628845,0.003152,-0.005476
henon,param,3,5,0.01,1.3,1.000e-03,333,0.118392,0.629761,0.000534,-0.001357
henon,param,3,5,0.01,1.3,1.000e-03,334,0.120487,0.635559,-0.000543,0.007887
henon,param,3,5,0.01,1.3,1.000e-03,335,0.121098,0.627747,-0.002648,-0.001376
henon,param,3,5,0.01,1.3,1.000e-03,336,0.119690,0.632080,0.014427,0.002179
henon,param,3,5,0.01,1.3,1.000e-03,337,0.114382,0.626770,0.017125,-0.013596
henon,param,3,5,0.01,1.3,1.000e-03,338,0.115137,0.625610,0.001785,-0.011308
henon,param,3,5,0.01,1.3,1.000e-03,339,0.115040,0.628967,-0.006175,-0.001074
henon,param,3,5,0.01,1.3,1.000e-03,340,0.117425,0.633362,-0.004880,-0.007720
henon,param,3,5,0.01,1.3,1.000e-03,341,0.115160,0.627380,-0.001815,0.022603
henon,param,3,5,0.01,1.3,1.000e-03,342,0.115384,0.623779,0.011488,0.011996
henon,param,3,5,0.01,1.3,1.000e-03,343,0.121499,0.629150,0.002062,0.003836
henon,param,3,5,0.01,1.3,1.000e-03,344,0.122167,0.632202,0.004928,-0.006257
henon,param,3,5,0.01,1.3,1.000e-03,345,0.120772,0.633118,0.020726,-0.004542
henon,param,3,5,0.01,1.3,1.000e-03,346,0.126125,0.632263,-0.007987,-0.018579
henon,param,3,5,0.01,1.3,1.000e-03,347,0.121988,0.629944,-0.001903,-0.007211
henon,param,3,5,0.01,1.3,1.000e-03,348,0.119160,0.628479,0.000360,0.007001
henon,param,3,5,0.01,1.3,1.000e-03,349,0.120937,0.634399,-0.006372,-0.000179
henon,param,3,5,0.01,1.3,1.000e-03,350,0.126477,0.638977,-0.008866,-0.003289
henon,param,3,5,0.01,1.3,1.000e-03,351,0.124480,0.634094,0.001878,-0.003170
henon,param,3,5,0.01,1.3,1.000e-03,352,0.118261,0.630066,0.004684,0.000573
henon,param,3,5,0.01,1.3,1.000e-03,353,0.113430,0.628906,-0.004577,0.008037
henon,param,3,5,0.01,1.3,1.000e-03,354,0.116146,0.629150,0.002642,0.001087
henon,param,3,5,0.01,1.3,1.000e-03,355,0.114693,0.630737,-0.003007,0.000135
henon,param,3,5,0.01,1.3,1.000e-03,356,0.110443,0.624207,0.006369,0.010882
henon,param,3,5,0.01,1.3,1.000e-03,357,0.111989,0.629578,0.001664,0.001894
henon,param,3,5,0.01,1.3,1.000e-03,358,0.115293,0.627869,-0.001141,-0.000297
henon,param,3,5,0.01,1.3,1.000e-03,359,0.113135,0.631165,0.013327,0.004897
henon,param,3,5,0.01,1.3,1.000e-03,360,0.109358,0.625183,0.024694,-0.005712
henon,param,3,5,0.01,1.3,1.000e-03,361,0.111560,0.626587,0.001904,-0.006370
henon,param,3,5,0.01,1.3,1.000e-03,362,0.117860,0.631653,-0.009098,-0.012158
henon,param,3,5,0.01,1.3,1.000e-03,363,0.116865,0.632568,0.003108,-0.011850
henon,param,3,5,0.01,1.3,1.000e-03,364,0.117218,0.631958,-0.005221,-0.015779
henon,param,3,5,0.01,1.3,1.000e-03,365,0.120468,0.636475,0.004444,-0.009014
henon,param,3,5,0.01,1.3,1.000e-03,366,0.112840,0.627808,0.016965,0.011988
henon,param,3,5,0.01,1.3,1.000e-03,367,0.110172,0.623413,0.019280,-0.001703
henon,param,3,5,0.01,1.3,1.000e-03,368,0.112720,0.627625,0.004773,0.003394
henon,param,3,5,0.01,1.3,1.000e-03,369,0.116060,0.626953,-0.005004,0.000964
henon,param,3,5,0.01,1.3,1.000e-03,370,0.118782,0.636475,0.001244,0.004164
henon,param,3,5,0.01,1.3,1.000e-03,371,0.116063,0.628113,0.007771,-0.009377
henon,param,3,5,0.01,1.3,1.000e-03,372,0.120797,0.633606,-0.002168,-0.010804
henon,param,3,5,0.01,1.3,1.000e-03,373,0.120996,0.634949,-0.009142,-0.002444
henon,param,3,5,0.01,1.3,1.000e-03,374,0.118747,0.631714,-0.000648,-0.000144
henon,param,3,5,0.01,1.3,1.000e-03,375,0.115294,0.628906,0.005262,-0.008764
henon,param,3,5,0.01,1.3,1.000e-03,376,0.117599,0.632812,-0.013169,0.002641
henon,param,3,5,0.01,1.3,1.000e-03,377,0.115966,0.627808,-0.001010,0.014631
henon,param,3,5,0.01,1.3,1.000e-03,378,0.116876,0.630920,0.017461,-0.010382
henon,param,3,5,0.01,1.3,1.000e-03,379,0.119633,0.631348,0.005211,0.001923
henon,param,3,5,0.01,1.3,1.000e-03,380,0.116109,0.626892,-0.001550,0.005075
henon,param,3,5,0.01,1.3,1.000e-03,381,0.121946,0.633179,-0.008123,0.005650
henon,param,3,5,0.01,1.3,1.000e-03,382,0.116314,0.627930,0.005489,-0.008222
henon,param,3,5,0.01,1.3,1.000e-03,383,0.115315,0.628357,0.004390,-0.002823
henon,param,3,5,0.01,1.3,1.000e-03,384,0.111733,0.627625,0.004434,0.012275
henon,param,3,5,0.01,1.3,1.000e-03,385,0.115035,0.623047,0.003670,0.000881
henon,param,3,5,0.01,1.3,1.000e-03,386,0.112866,0.624695,0.009492,0.002257
henon,param,3,5,0.01,1.3,1.000e-03,387,0.116470,0.628723,-0.005841,0.022886
henon,param,3,5,0.01,1.3,1.000e-03,388,0.118628,0.632263,-0.003484,0.015989
henon,param,3,5,0.01,1.3,1.000e-03,389,0.116078,0.628662,-0.000426,-0.002258
henon,param,3,5,0.01,1.3,1.000e-03,390,0.116521,0.629517,-0.004760,0.004621
henon,param,3,5,0.01,1.3,1.000e-03,391,0.116710,0.628845,0.000740,-0.001111
henon,param,3,5,0.01,1.3,1.000e-03,392,0.114607,0.629089,0.001402,0.005433
henon,param,3,5,0.01,1.3,1.000e-03,393,0.118080,0.629517,-0.000418,0.001329
henon,param,3,5,0.01,1.3,1.000e-03,394,0.122252,0.632324,-0.013015,-0.013717
henon,param,3,5,0.01,1.3,1.000e-03,395,0.115559,0.628845,0.014431,0.004868
henon,param,3,5,0.01,1.3,1.000e-03,396,0.120093,0.632263,-0.005731,-0.007902
henon,param,3,5,0.01,1.3,1.000e-03,397,0.121876,0.633850,-0.007799,0.002709
henon,param,3,5,0.01,1.3,1.000e-03,398,0.115684,0.627502,0.024823,-0.005733
henon,param,3,5,0.01,1.3,1.000e-03,399,0.120693,0.632935,-0.002086,-0.000628
henon,param,3,5,0.01,1.3,1.000e-03,400,0.122953,0.632812,0.000723,-0.007476
henon,param,3,5,0.01,1.3,1.000e-02,1,-4.918773,0.000000,0.999998,0.999997
henon,param,3,5,0.01,1.3,1.000e-02,2,-4.377759,0.000000,0.999741,0.999750
henon,param,3,5,0.01,1.3,1.000e-02,3,-3.797211,0.000000,0.999516,0.999523
henon,param,3,5,0.01,1.3,1.000e-02,4,-3.536605,0.000000,0.999207,0.999223
henon,param,3,5,0.01,1.3,1.000e-02,5,-3.100949,0.000000,0.997986,0.998030
henon,param,3,5,0.01,1.3,1.000e-02,6,-2.744798,0.000000,0.994690,0.994823
henon,param,3,5,0.01,1.3,1.000e-02,7,-2.396294,0.000000,0.987659,0.988140
henon,param,3,5,0.01,1.3,1.000e-02,8,-2.059421,0.000244,0.966653,0.967688
henon,param,3,5,0.01,1.3,1.000e-02,9,-1.682101,0.024475,0.919203,0.921670
henon,param,3,5,0.01,1.3,1.000e-02,10,-1.365580,0.090698,0.837180,0.833789
henon,param,3,5,0.01,1.3,1.000e-02,11,-1.098797,0.180115,0.734296,0.733871
henon,param,3,5,0.01,1.3,1.000e-02,12,-0.863875,0.234314,0.646403,0.644671
henon,param,3,5,0.01,1.3,1.000e-02,13,-0.654579,0.324036,0.514729,0.510343
henon,param,3,5,0.01,1.3,1.000e-02,14,-0.546827,0.333557,0.494683,0.493202
henon,param,3,5,0.01,1.3,1.000e-02,15,-0.413685,0.394897,0.366489,0.388023
henon,param,3,5,0.01,1.3,1.000e-02,16,-0.306240,0.447632,0.309647,0.316635
henon,param,3,5,0.01,1.3,1.000e-02,17,-0.255984,0.458313,0.302003,0.316977
henon,param,3,5,0.01,1.3,1.000e-02,18,-0.191529,0.482971,0.247785,0.255914
henon,param,3,5,0.01,1.3,1.000e-02,19,-0.151486,0.499573,0.233089,0.230036
henon,param,3,5,0.01,1.3,1.000e-02,20,-0.114844,0.507202,0.201957,0.196393
henon,param,3,5,0.01,1.3,1.000e-02,21,-0.071890,0.534912,0.161528,0.182847
henon,param,3,5,0.01,1.3,1.000e-02,22,-0.033142,0.555176,0.121492,0.127765
henon,param,3,5,0.01,1.3,1.000e-02,23,-0.002282,0.567566,0.101669,0.114352
henon,param,3,5,0.01,1.3,1.000e-02,24,0.000046,0.570068,0.122549,0.129646
henon,param,3,5,0.01,1.3,1.000e-02,25,0.022779,0.577393,0.093460,0.106306
henon,param,3,5,0.01,1.3,1.000e-02,26,0.032599,0.583740,0.089202,0.076191
henon,param,3,5,0.01,1.3,1.000e-02,27,0.047729,0.595764,0.078108,0.070103
henon,param,3,5,0.01,1.3,1.000e-02,28,0.061424,0.598572,0.070075,0.058342
henon,param,3,5,0.01,1.3,1.000e-02,29,0.075690,0.613586,0.039987,0.052013
henon,param,3,5,0.01,1.3,1.000e-02,30,0.079715,0.611755,0.042120,0.030485
henon,param,3,5,0.01,1.3,1.000e-02,31,0.083484,0.616577,0.038212,0.050107
henon,param,3,5,0.01,1.3,1.000e-02,32,0.094169,0.620972,0.011070,0.034720
henon,param,3,5,0.01,1.3,1.000e-02,33,0.090297,0.612549,0.037031,0.030208
henon,param,3,5,0.01,1.3,1.000e-02,34,0.097097,0.620728,0.028910,0.028782
henon,param,3,5,0.01,1.3,1.000e-02,35,0.099934,0.621887,0.030017,0.012645
henon,param,3,5,0.01,1.3,1.000e-02,36,0.107436,0.627747,0.024857,0.011887
henon,param,3,5,0.01,1.3,1.000e-02,37,0.112032,0.627075,0.017436,-0.004649
henon,param,3,5,0.01,1.3,1.000e-02,38,0.115478,0.632935,0.022617,-0.000692
henon,param,3,5,0.01,1.3,1.000e-02,39,0.112819,0.621277,0.017868,0.004041
henon,param,3,5,0.01,1.3,1.000e-02,40,0.119410,0.634705,0.009681,0.004610
henon,param,3,5,0.01,1.3,1.000e-02,41,0.114924,0.627014,0.007843,0.009860
henon,param,3,5,0.01,1.3,1.000e-02,42,0.120915,0.629395,-0.001758,0.000677
henon,param,3,5,0.01,1.3,1.000e-02,43,0.125952,0.635254,0.001011,0.007634
henon,param,3,5,0.01,1.3,1.000e-02,44,0.127222,0.634583,0.002483,0.008914
henon,param,3,5,0.01,1.3,1.000e-02,45,0.118802,0.632141,0.011965,0.014678
henon,param,3,5,0.01,1.3,1.000e-02,46,0.119271,0.630127,0.001389,-0.000306
henon,param,3,5,0.01,1.3,1.000e-02,47,0.121038,0.632568,0.003935,0.009542
henon,param,3,5,0.01,1.3,1.000e-02,48,0.121503,0.636475,-0.002849,-0.001034
henon,param,3,5,0.01,1.3,1.000e-02,49,0.123683,0.633850,-0.009471,-0.006620
henon,param,3,5,0.01,1.3,1.000e-02,50,0.121693,0.633118,-0.002808,0.004199
henon,param,3,5,0.01,1.3,1.000e-02,51,0.122792,0.631958,0.003883,0.008247
henon,param,3,5,0.01,1.3,1.000e-02,52,0.114582,0.629395,0.007973,0.014074
henon,param,3,5,0.01,1.3,1.000e-02,53,0.114421,0.627075,-0.007260,0.008941
henon,param,3,5,0.01,1.3,1.000e-02,54,0.119980,0.632874,0.010819,0.010113
henon,param,3,5,0.01,1.3,1.000e-02,55,0.123253,0.635254,-0.000160,-0.007058
henon,param,3,5,0.01,1.3,1.000e-02,56,0.123560,0.638062,-0.005291,-0.003976
henon,param,3,5,0.01,1.3,1.000e-02,57,0.124907,0.633179,-0.011243,0.006090
henon,param,3,5,0.01,1.3,1.000e-02,58,0.116861,0.624756,0.003147,0.004275
henon,param,3,5,0.01,1.3,1.000e-02,59,0.115750,0.628662,0.003507,0.005397
henon,param,3,5,0.01,1.3,1.000e-02,60,0.112962,0.628052,0.006160,0.010792
henon,param,3,5,0.01,1.3,1.000e-02,61,0.119250,0.633667,-0.000694,0.004470
henon,param,3,5,0.01,1.3,1.000e-02,62,0.123016,0.630432,0.009257,0.002728
henon,param,3,5,0.01,1.3,1.000e-02,63,0.124868,0.633911,0.005530,-0.012859
henon,param,3,5,0.01,1.3,1.000e-02,64,0.126300,0.630981,-0.001012,-0.001796
henon,param,3,5,0.01,1.3,1.000e-02,65,0.127502,0.634094,0.009693,-0.005705
henon,param,3,5,0.01,1.3,1.000e-02,66,0.121947,0.632202,0.006577,0.007119
henon,param,3,5,0.01,1.3,1.000e-02,67,0.121594,0.633423,0.004870,-0.000722
henon,param,3,5,0.01,1.3,1.000e-02,68,0.125511,0.636230,-0.009832,0.008312
henon,param,3,5,0.01,1.3,1.000e-02,69,0.127662,0.636230,0.000630,-0.003040
henon,param,3,5,0.01,1.3,1.000e-02,70,0.127759,0.640015,-0.009884,0.000622
henon,param,3,5,0.01,1.3,1.000e-02,71,0.128657,0.637390,-0.008287,-0.013737
henon,param,3,5,0.01,1.3,1.000e-02,72,0.128357,0.637573,0.005650,-0.003691
henon,param,3,5,0.01,1.3,1.000e-02,73,0.124987,0.633911,-0.000376,-0.015551
henon,param,3,5,0.01,1.3,1.000e-02,74,0.122072,0.634460,0.007269,0.003517
henon,param,3,5,0.01,1.3,1.000e-02,75,0.122917,0.633301,0.006152,-0.002772
henon,param,3,5,0.01,1.3,1.000e-02,76,0.122023,0.635010,0.003089,-0.009110
henon,param,3,5,0.01,1.3,1.000e-02,77,0.120357,0.631958,0.006514,0.007450
henon,param,3,5,0.01,1.3,1.000e-02,78,0.127681,0.637451,-0.005454,-0.012699
henon,param,3,5,0.01,1.3,1.000e-02,79,0.122124,0.636536,0.017641,-0.002324
henon,param,3,5,0.01,1.3,1.000e-02,80,0.127031,0.637390,0.000832,-0.013154
henon,param,3,5,0.01,1.3,1.000e-02,81,0.123617,0.633972,-0.006581,0.004373
henon,param,3,5,0.01,1.3,1.000e-02,82,0.122435,0.631653,0.009815,-0.004297
henon,param,3,5,0.01,1.3,1.000e-02,83,0.118156,0.627808,0.000519,-0.000022
henon,param,3,5,0.01,1.3,1.000e-02,84,0.121119,0.634399,-0.007856,0.013763
henon,param,3,5,0.01,1.3,1.000e-02,85,0.131103,0.638916,-0.003203,-0.004224
henon,param,3,5,0.01,1.3,1.000e-02,86,0.131242,0.643311,0.002238,-0.008298
henon,param,3,5,0.01,1.3,1.000e-02,87,0.129967,0.639282,-0.011997,-0.009616
henon,param,3,5,0.01,1.3,1.000e-02,88,0.118423,0.628174,0.003944,0.006130
henon,param,3,5,0.01,1.3,1.000e-02,89,0.117827,0.632751,0.000915,0.003151
henon,param,3,5,0.01,1.3,1.000e-02,90,0.113912,0.630981,0.000655,0.008835
henon,param,3,5,0.01,1.3,1.000e-02,91,0.121360,0.632935,-0.006346,0.004544
henon,param,3,5,0.01,1.3,1.000e-02,92,0.126545,0.632935,-0.009023,0.008631
henon,param,3,5,0.01,1.3,1.000e-02,93,0.129994,0.639038,0.000485,-0.006337
henon,param,3,5,0.01,1.3,1.000e-02,94,0.129883,0.639587,-0.006177,-0.000319
henon,param,3,5,0.01,1.3,1.000e-02,95,0.128182,0.634766,-0.009020,0.012604
henon,param,3,5,0.01,1.3,1.000e-02,96,0.125213,0.633911,-0.015557,0.008874
henon,param,3,5,0.01,1.3,1.000e-02,97,0.112367,0.624146,0.002202,0.012192
henon,param,3,5,0.01,1.3,1.000e-02,98,0.120119,0.631531,-0.001082,0.001099
henon,param,3,5,0.01,1.3,1.000e-02,99,0.126259,0.639160,-0.010189,0.006028
henon,param,3,5,0.01,1.3,1.000e-02,100,0.125798,0.638550,0.009067,-0.007431
henon,param,3,5,0.01,1.3,1.000e-02,101,0.127167,0.633667,0.007620,-0.000702
henon,param,3,5,0.01,1.3,1.000e-02,102,0.128839,0.640320,-0.003353,0.011381
henon,param,3,5,0.01,1.3,1.000e-02,103,0.115596,0.629089,-0.005816,0.020913
henon,param,3,5,0.01,1.3,1.000e-02,104,0.104241,0.619812,0.003587,0.009852
henon,param,3,5,0.01,1.3,1.000e-02,105,0.123932,0.634460,-0.009916,0.001125
henon,param,3,5,0.01,1.3,1.000e-02,106,0.124805,0.634155,-0.009623,0.019474
henon,param,3,5,0.01,1.3,1.000e-02,107,0.135327,0.644653,-0.009293,-0.004640
henon,param,3,5,0.01,1.3,1.000e-02,108,0.129724,0.638489,-0.003724,0.004716
henon,param,3,5,0.01,1.3,1.000e-02,109,0.128115,0.636353,-0.001804,0.000594
henon,param,3,5,0.01,1.3,1.000e-02,110,0.123471,0.635010,-0.007393,0.009802
henon,param,3,5,0.01,1.3,1.000e-02,111,0.120919,0.629944,0.002467,0.009776
henon,param,3,5,0.01,1.3,1.000e-02,112,0.125785,0.635559,-0.009635,0.005596
henon,param,3,5,0.01,1.3,1.000e-02,113,0.124114,0.631409,-0.000845,0.012199
henon,param,3,5,0.01,1.3,1.000e-02,114,0.126222,0.636902,-0.015297,0.001424
henon,param,3,5,0.01,1.3,1.000e-02,115,0.119638,0.632141,-0.005824,0.016558
henon,param,3,5,0.01,1.3,1.000e-02,116,0.125775,0.633667,-0.004064,0.002335
henon,param,3,5,0.01,1.3,1.000e-02,117,0.124366,0.637207,-0.002613,0.003738
henon,param,3,5,0.01,1.3,1.000e-02,118,0.124045,0.639648,0.003328,-0.001396
henon,param,3,5,0.01,1.3,1.000e-02,119,0.127025,0.637817,-0.003885,0.000346
henon,param,3,5,0.01,1.3,1.000e-02,120,0.122868,0.633057,0.000477,-0.001513
henon,param,3,5,0.01,1.3,1.000e-02,121,0.116664,0.631775,0.013153,0.000047
henon,param,3,5,0.01,1.3,1.000e-02,122,0.120003,0.630676,-0.002896,0.009837
henon,param,3,5,0.01,1.3,1.000e-02,123,0.127012,0.635071,-0.004296,-0.005885
henon,param,3,5,0.01,1.3,1.000e-02,124,0.124066,0.637146,0.003416,0.000536
henon,param,3,5,0.01,1.3,1.000e-02,125,0.122493,0.634277,0.000673,-0.006328
henon,param,3,5,0.01,1.3,1.000e-02,126,0.126013,0.638123,-0.011083,-0.006707
henon,param,3,5,0.01,1.3,1.000e-02,127,0.120709,0.632690,-0.002518,0.004913
henon,param,3,5,0.01,1.3,1.000e-02,128,0.114859,0.627930,0.008876,-0.005637
henon,param,3,5,0.01,1.3,1.000e-02,129,0.112818,0.627686,-0.009041,0.004844
henon,param,3,5,0.01,1.3,1.000e-02,130,0.120155,0.635010,0.012287,0.000476
henon,param,3,5,0.01,1.3,1.000e-02,131,0.119988,0.633545,0.003962,0.006718
henon,param,3,5,0.01,1.3,1.000e-02,132,0.123845,0.636414,0.008660,-0.001360
henon,param,3,5,0.01,1.3,1.000e-02,133,0.127490,0.637817,-0.009581,-0.012297
henon,param,3,5,0.01,1.3,1.000e-02,134,0.122217,0.639832,-0.001939,0.006908
henon,param,3,5,0.01,1.3,1.000e-02,135,0.123767,0.633972,-0.001593,-0.018650
henon,param,3,5,0.01,1.3,1.000e-02,136,0.121354,0.633240,0.009542,-0.006001
henon,param,3,5,0.01,1.3,1.000e-02,137,0.126625,0.637634,-0.003806,0.001359
henon,param,3,5,0.01,1.3,1.000e-02,138,0.126931,0.637329,-0.002035,0.000491
henon,param,3,5,0.01,1.3,1.000e-02,139,0.127685,0.638367,-0.000033,0.002118
henon,param,3,5,0.01,1.3,1.000e-02,140,0.127722,0.634583,-0.007204,-0.014040
henon,param,3,5,0.01,1.3,1.000e-02,141,0.123208,0.635254,-0.002527,0.003261
henon,param,3,5,0.01,1.3,1.000e-02,142,0.118915,0.627258,-0.006679,-0.003287
henon,param,3,5,0.01,1.3,1.000e-02,143,0.121125,0.635803,-0.007794,-0.007508
henon,param,3,5,0.01,1.3,1.000e-02,144,0.120564,0.635559,0.000389,0.002504
henon,param,3,5,0.01,1.3,1.000e-02,145,0.120501,0.631470,0.012902,0.004011
henon,param,3,5,0.01,1.3,1.000e-02,146,0.124271,0.634094,0.008367,-0.003984
henon,param,3,5,0.01,1.3,1.000e-02,147,0.121928,0.631714,0.011377,-0.007094
henon,param,3,5,0.01,1.3,1.000e-02,148,0.117369,0.629272,0.020056,0.005662
henon,param,3,5,0.01,1.3,1.000e-02,149,0.113664,0.630554,0.000618,0.006154
henon,param,3,5,0.01,1.3,1.000e-02,150,0.116850,0.630920,-0.005245,0.012358
henon,param,3,5,0.01,1.3,1.000e-02,151,0.117607,0.628052,0.006077,0.004664
henon,param,3,5,0.01,1.3,1.000e-02,152,0.111849,0.629883,0.018336,0.012900
henon,param,3,5,0.01,1.3,1.000e-02,153,0.117413,0.633301,0.011376,0.011460
henon,param,3,5,0.01,1.3,1.000e-02,154,0.121624,0.636047,0.003889,-0.010402
henon,param,3,5,0.01,1.3,1.000e-02,155,0.115205,0.627563,0.011666,0.014688
henon,param,3,5,0.01,1.3,1.000e-02,156,0.121404,0.631897,-0.004634,0.007153
henon,param,3,5,0.01,1.3,1.000e-02,157,0.124883,0.638489,0.001275,-0.000698
henon,param,3,5,0.01,1.3,1.000e-02,158,0.122233,0.632996,-0.002843,-0.004325
henon,param,3,5,0.01,1.3,1.000e-02,159,0.119081,0.634888,-0.001891,0.002671
henon,param,3,5,0.01,1.3,1.000e-02,160,0.120028,0.629883,-0.000324,0.003929
henon,param,3,5,0.01,1.3,1.000e-02,161,0.124535,0.635498,-0.005889,-0.000193
henon,param,3,5,0.01,1.3,1.000e-02,162,0.122086,0.635620,0.012065,-0.009765
henon,param,3,5,0.01,1.3,1.000e-02,163,0.128734,0.636902,-0.009286,0.000391
henon,param,3,5,0.01,1.3,1.000e-02,164,0.126713,0.637390,0.004741,-0.000331
henon,param,3,5,0.01,1.3,1.000e-02,165,0.123499,0.634583,0.006183,-0.003020
henon,param,3,5,0.01,1.3,1.000e-02,166,0.125383,0.635132,-0.004283,0.001965
henon,param,3,5,0.01,1.3,1.000e-02,167,0.129336,0.642151,0.007208,-0.008219
henon,param,3,5,0.01,1.3,1.000e-02,168,0.127435,0.638428,-0.002409,-0.012502
henon,param,3,5,0.01,1.3,1.000e-02,169,0.123608,0.631958,-0.003154,-0.001311
henon,param,3,5,0.01,1.3,1.000e-02,170,0.123201,0.631226,0.000951,0.009810
henon,param,3,5,0.01,1.3,1.000e-02,171,0.126161,0.634644,-0.009354,0.004033
henon,param,3,5,0.01,1.3,1.000e-02,172,0.124237,0.636230,-0.001929,-0.003398
henon,param,3,5,0.01,1.3,1.000e-02,173,0.131061,0.635315,-0.003610,-0.011778
henon,param,3,5,0.01,1.3,1.000e-02,174,0.134389,0.640869,-0.003550,-0.011291
henon,param,3,5,0.01,1.3,1.000e-02,175,0.129755,0.639038,-0.004873,-0.010650
henon,param,3,5,0.01,1.3,1.000e-02,176,0.127472,0.632263,-0.011853,0.003526
henon,param,3,5,0.01,1.3,1.000e-02,177,0.123130,0.635376,-0.007754,0.004871
henon,param,3,5,0.01,1.3,1.000e-02,178,0.127545,0.632629,0.007162,-0.006917
henon,param,3,5,0.01,1.3,1.000e-02,179,0.127474,0.639465,0.004771,-0.002419
henon,param,3,5,0.01,1.3,1.000e-02,180,0.132994,0.643188,-0.006508,0.002486
henon,param,3,5,0.01,1.3,1.000e-02,181,0.138107,0.644836,-0.000702,-0.017064
henon,param,3,5,0.01,1.3,1.000e-02,182,0.129719,0.640625,-0.008370,-0.007422
henon,param,3,5,0.01,1.3,1.000e-02,183,0.130322,0.639099,-0.010940,-0.015186
henon,param,3,5,0.01,1.3,1.000e-02,184,0.119806,0.631165,0.000948,0.010960
henon,param,3,5,0.01,1.3,1.000e-02,185,0.127821,0.635681,-0.001387,-0.009148
henon,param,3,5,0.01,1.3,1.000e-02,186,0.122620,0.632324,0.015370,-0.012214
henon,param,3,5,0.01,1.3,1.000e-02,187,0.123118,0.633667,0.002960,0.006301
henon,param,3,5,0.01,1.3,1.000e-02,188,0.128118,0.639587,0.012146,-0.013627
henon,param,3,5,0.01,1.3,1.000e-02,189,0.126909,0.635559,-0.005247,-0.005990
henon,param,3,5,0.01,1.3,1.000e-02,190,0.124444,0.629272,0.004376,-0.004411
henon,param,3,5,0.01,1.3,1.000e-02,191,0.123200,0.636841,0.007489,0.006157
henon,param,3,5,0.01,1.3,1.000e-02,192,0.121128,0.634460,-0.010439,0.005635
henon,param,3,5,0.01,1.3,1.000e-02,193,0.121662,0.638428,-0.007622,0.005454
henon,param,3,5,0.01,1.3,1.000e-02,194,0.114255,0.622986,0.012648,0.008998
henon,param,3,5,0.01,1.3,1.000e-02,195,0.118183,0.630432,0.013151,0.006600
henon,param,3,5,0.01,1.3,1.000e-02,196,0.128958,0.637817,-0.005674,-0.010087
henon,param,3,5,0.01,1.3,1.000e-02,197,0.126231,0.641357,0.000084,-0.012487
henon,param,3,5,0.01,1.3,1.000e-02,198,0.129563,0.634216,0.006473,-0.002464
henon,param,3,5,0.01,1.3,1.000e-02,199,0.126922,0.635193,-0.010508,0.000875
henon,param,3,5,0.01,1.3,1.000e-02,200,0.125760,0.636780,-0.006662,0.007167
henon,param,3,5,0.01,1.3,1.000e-02,201,0.121255,0.633118,0.004238,0.001527
henon,param,3,5,0.01,1.3,1.000e-02,202,0.122109,0.635559,0.004442,0.009461
henon,param,3,5,0.01,1.3,1.000e-02,203,0.126466,0.636902,-0.010518,-0.003841
henon,param,3,5,0.01,1.3,1.000e-02,204,0.126104,0.633362,0.004103,-0.005509
henon,param,3,5,0.01,1.3,1.000e-02,205,0.129136,0.639099,0.000164,0.005295
henon,param,3,5,0.01,1.3,1.000e-02,206,0.125822,0.635559,-0.012506,0.006337
henon,param,3,5,0.01,1.3,1.000e-02,207,0.126430,0.638733,-0.015191,0.006454
henon,param,3,5,0.01,1.3,1.000e-02,208,0.121329,0.627197,-0.003897,0.003679
henon,param,3,5,0.01,1.3,1.000e-02,209,0.120908,0.633606,0.000113,0.007529
henon,param,3,5,0.01,1.3,1.000e-02,210,0.123784,0.631653,0.012261,-0.008303
henon,param,3,5,0.01,1.3,1.000e-02,211,0.127735,0.638245,0.002421,-0.010789
henon,param,3,5,0.01,1.3,1.000e-02,212,0.133037,0.643311,-0.003914,-0.001533
henon,param,3,5,0.01,1.3,1.000e-02,213,0.126762,0.635071,-0.003764,0.003375
henon,param,3,5,0.01,1.3,1.000e-02,214,0.128523,0.636292,-0.005495,-0.007293
henon,param,3,5,0.01,1.3,1.000e-02,215,0.124146,0.632385,-0.010599,-0.000865
henon,param,3,5,0.01,1.3,1.000e-02,216,0.118631,0.630371,0.004409,0.005510
henon,param,3,5,0.01,1.3,1.000e-02,217,0.120631,0.632019,0.003837,-0.001975
henon,param,3,5,0.01,1.3,1.000e-02,218,0.126037,0.638123,0.000313,-0.012274
henon,param,3,5,0.01,1.3,1.000e-02,219,0.129410,0.636780,-0.000971,-0.000464
henon,param,3,5,0.01,1.3,1.000e-02,220,0.128878,0.634399,-0.002501,-0.008726
henon,param,3,5,0.01,1.3,1.000e-02,221,0.128919,0.638184,-0.004794,-0.000536
henon,param,3,5,0.01,1.3,1.000e-02,222,0.124359,0.633118,0.001789,-0.001108
henon,param,3,5,0.01,1.3,1.000e-02,223,0.124297,0.633057,0.009068,-0.012321
henon,param,3,5,0.01,1.3,1.000e-02,224,0.126199,0.632568,-0.013433,0.000645
henon,param,3,5,0.01,1.3,1.000e-02,225,0.128226,0.638916,0.000322,-0.013124
henon,param,3,5,0.01,1.3,1.000e-02,226,0.124834,0.634949,0.010942,-0.013906
henon,param,3,5,0.01,1.3,1.000e-02,227,0.126024,0.635437,-0.011571,0.011319
henon,param,3,5,0.01,1.3,1.000e-02,228,0.131004,0.635620,-0.015564,-0.014651
henon,param,3,5,0.01,1.3,1.000e-02,229,0.127255,0.636902,0.001946,0.002758
henon,param,3,5,0.01,1.3,1.000e-02,230,0.123006,0.629517,0.010201,-0.011386
henon,param,3,5,0.01,1.3,1.000e-02,231,0.125521,0.635803,-0.002132,-0.007058
henon,param,3,5,0.01,1.3,1.000e-02,232,0.122334,0.630859,0.000257,-0.000066
henon,param,3,5,0.01,1.3,1.000e-02,233,0.118162,0.630432,0.008165,0.002441
henon,param,3,5,0.01,1.3,1.000e-02,234,0.121748,0.632568,-0.001967,0.007889
henon,param,3,5,0.01,1.3,1.000e-02,235,0.123045,0.633545,-0.006643,0.002206
henon,param,3,5,0.01,1.3,1.000e-02,236,0.132942,0.641113,-0.001944,0.001094
henon,param,3,5,0.01,1.3,1.000e-02,237,0.128390,0.638977,0.003878,-0.011016
henon,param,3,5,0.01,1.3,1.000e-02,238,0.125006,0.634094,0.000912,-0.009325
henon,param,3,5,0.01,1.3,1.000e-02,239,0.129826,0.639771,-0.004024,-0.001106
henon,param,3,5,0.01,1.3,1.000e-02,240,0.129433,0.639648,-0.002351,-0.014225
henon,param,3,5,0.01,1.3,1.000e-02,241,0.125619,0.635620,-0.008588,-0.000125
henon,param,3,5,0.01,1.3,1.000e-02,242,0.123320,0.634277,0.004987,-0.003306
henon,param,3,5,0.01,1.3,1.000e-02,243,0.128960,0.641235,-0.008277,-0.009421
henon,param,3,5,0.01,1.3,1.000e-02,244,0.126371,0.633606,0.002462,-0.018438
henon,param,3,5,0.01,1.3,1.000e-02,245,0.127630,0.634521,-0.001548,-0.004796
henon,param,3,5,0.01,1.3,1.000e-02,246,0.127594,0.636047,-0.002711,0.010976
henon,param,3,5,0.01,1.3,1.000e-02,247,0.132017,0.641663,-0.003944,-0.003284
henon,param,3,5,0.01,1.3,1.000e-02,248,0.130006,0.638123,-0.005599,-0.010151
henon,param,3,5,0.01,1.3,1.000e-02,249,0.122362,0.637268,-0.007058,0.008571
henon,param,3,5,0.01,1.3,1.000e-02,250,0.122962,0.634888,0.006859,0.000292
henon,param,3,5,0.01,1.3,1.000e-02,251,0.119422,0.636047,-0.005357,-0.001625
henon,param,3,5,0.01,1.3,1.000e-02,252,0.129315,0.636902,-0.017282,-0.005274
henon,param,3,5,0.01,1.3,1.000e-02,253,0.125494,0.636536,-0.004171,0.007429
henon,param,3,5,0.01,1.3,1.000e-02,254,0.122185,0.633545,0.000086,0.016726
henon,param,3,5,0.01,1.3,1.000e-02,255,0.120871,0.629028,0.003301,-0.004155
henon,param,3,5,0.01,1.3,1.000e-02,256,0.124740,0.635986,-0.008353,0.012696
henon,param,3,5,0.01,1.3,1.000e-02,257,0.128467,0.639038,-0.002350,0.002093
henon,param,3,5,0.01,1.3,1.000e-02,258,0.120839,0.631958,-0.001090,0.004345
henon,param,3,5,0.01,1.3,1.000e-02,259,0.118659,0.635742,-0.012241,0.003890
henon,param,3,5,0.01,1.3,1.000e-02,260,0.116915,0.633423,-0.000129,0.010044
henon,param,3,5,0.01,1.3,1.000e-02,261,0.122784,0.631104,-0.003833,0.011799
henon,param,3,5,0.01,1.3,1.000e-02,262,0.122624,0.634460,0.006686,-0.004102
henon,param,3,5,0.01,1.3,1.000e-02,263,0.120689,0.631470,0.007568,-0.003351
henon,param,3,5,0.01,1.3,1.000e-02,264,0.125664,0.634521,-0.007349,-0.010993
henon,param,3,5,0.01,1.3,1.000e-02,265,0.125755,0.636841,0.003879,0.001895
henon,param,3,5,0.01,1.3,1.000e-02,266,0.126587,0.638794,-0.013641,0.005384
henon,param,3,5,0.01,1.3,1.000e-02,267,0.129625,0.639465,-0.009453,-0.002279
henon,param,3,5,0.01,1.3,1.000e-02,268,0.128702,0.634460,-0.011879,-0.008424
henon,param,3,5,0.01,1.3,1.000e-02,269,0.126747,0.636047,0.005454,-0.005451
henon,param,3,5,0.01,1.3,1.000e-02,270,0.124433,0.635071,0.007601,0.010364
henon,param,3,5,0.01,1.3,1.000e-02,271,0.133455,0.642517,-0.015008,0.003252
henon,param,3,5,0.01,1.3,1.000e-02,272,0.129026,0.636353,-0.011543,-0.004301
henon,param,3,5,0.01,1.3,1.000e-02,273,0.127124,0.635254,-0.001855,0.003665
henon,param,3,5,0.01,1.3,1.000e-02,274,0.127499,0.638367,-0.004882,0.004122
henon,param,3,5,0.01,1.3,1.000e-02,275,0.133006,0.639832,-0.018391,-0.003493
henon,param,3,5,0.01,1.3,1.000e-02,276,0.128191,0.634033,-0.006990,0.007485
henon,param,3,5,0.01,1.3,1.000e-02,277,0.128798,0.635864,-0.001455,0.004011
henon,param,3,5,0.01,1.3,1.000e-02,278,0.123403,0.633484,-0.010868,-0.008848
henon,param,3,5,0.01,1.3,1.000e-02,279,0.123248,0.632629,-0.001654,-0.000658
henon,param,3,5,0.01,1.3,1.000e-02,280,0.122095,0.630371,0.000969,0.003978
henon,param,3,5,0.01,1.3,1.000e-02,281,0.124967,0.636475,-0.007122,0.008345
henon,param,3,5,0.01,1.3,1.000e-02,282,0.123385,0.637695,-0.006815,0.015228
henon,param,3,5,0.01,1.3,1.000e-02,283,0.126688,0.635864,-0.006454,0.006471
henon,param,3,5,0.01,1.3,1.000e-02,284,0.126808,0.636963,-0.003874,-0.001427
henon,param,3,5,0.01,1.3,1.000e-02,285,0.130633,0.639771,-0.007292,-0.003262
henon,param,3,5,0.01,1.3,1.000e-02,286,0.126604,0.635437,-0.008594,-0.002394
henon,param,3,5,0.01,1.3,1.000e-02,287,0.127693,0.638123,0.001269,0.002658
henon,param,3,5,0.01,1.3,1.000e-02,288,0.122915,0.631531,0.013648,-0.012569
henon,param,3,5,0.01,1.3,1.000e-02,289,0.125539,0.636658,0.013983,-0.001581
henon,param,3,5,0.01,1.3,1.000e-02,290,0.124359,0.634766,0.012010,-0.002945
henon,param,3,5,0.01,1.3,1.000e-02,291,0.121801,0.633301,0.009966,0.006443
henon,param,3,5,0.01,1.3,1.000e-02,292,0.120055,0.632690,-0.002852,0.007520
henon,param,3,5,0.01,1.3,1.000e-02,293,0.121724,0.635559,-0.003356,-0.006231
henon,param,3,5,0.01,1.3,1.000e-02,294,0.117274,0.631470,-0.006835,-0.005824
henon,param,3,5,0.01,1.3,1.000e-02,295,0.119647,0.633057,-0.007761,0.000435
henon,param,3,5,0.01,1.3,1.000e-02,296,0.124350,0.635620,-0.001108,0.006114
henon,param,3,5,0.01,1.3,1.000e-02,297,0.128607,0.638245,-0.005204,0.000058
henon,param,3,5,0.01,1.3,1.000e-02,298,0.125354,0.636902,0.002626,0.013621
henon,param,3,5,0.01,1.3,1.000e-02,299,0.122522,0.634521,-0.001304,-0.002319
henon,param,3,5,0.01,1.3,1.000e-02,300,0.118658,0.632324,0.021786,-0.001425
henon,param,3,5,0.01,1.3,1.000e-02,301,0.119142,0.630249,0.000384,0.000678
henon,param,3,5,0.01,1.3,1.000e-02,302,0.123609,0.634033,-0.002828,-0.002321
henon,param,3,5,0.01,1.3,1.000e-02,303,0.125151,0.633728,-0.002100,-0.002642
henon,param,3,5,0.01,1.3,1.000e-02,304,0.125123,0.635315,-0.004858,0.000494
henon,param,3,5,0.01,1.3,1.000e-02,305,0.127300,0.636230,0.010633,-0.014343
henon,param,3,5,0.01,1.3,1.000e-02,306,0.125486,0.634216,-0.008148,0.004103
henon,param,3,5,0.01,1.3,1.000e-02,307,0.127762,0.640381,0.009310,0.002862
henon,param,3,5,0.01,1.3,1.000e-02,308,0.121080,0.632080,0.001155,-0.000769
henon,param,3,5,0.01,1.3,1.000e-02,309,0.117840,0.631470,0.003364,0.012939
henon,param,3,5,0.01,1.3,1.000e-02,310,0.126663,0.635071,-0.002226,-0.009562
henon,param,3,5,0.01,1.3,1.000e-02,311,0.125869,0.636292,0.000630,0.008677
henon,param,3,5,0.01,1.3,1.000e-02,312,0.125674,0.638977,-0.004509,0.010070
henon,param,3,5,0.01,1.3,1.000e-02,313,0.133143,0.640015,-0.011386,-0.010456
henon,param,3,5,0.01,1.3,1.000e-02,314,0.126325,0.630676,-0.008397,0.006426
henon,param,3,5,0.01,1.3,1.000e-02,315,0.124009,0.636963,0.006039,0.001148
henon,param,3,5,0.01,1.3,1.000e-02,316,0.126643,0.636963,-0.013070,0.000962
henon,param,3,5,0.01,1.3,1.000e-02,317,0.126943,0.638306,-0.005938,-0.003508
henon,param,3,5,0.01,1.3,1.000e-02,318,0.127372,0.635925,-0.003063,-0.001097
henon,param,3,5,0.01,1.3,1.000e-02,319,0.127524,0.636047,0.009371,-0.016592
henon,param,3,5,0.01,1.3,1.000e-02,320,0.126677,0.635620,0.017495,-0.017527
henon,param,3,5,0.01,1.3,1.000e-02,321,0.124013,0.634521,-0.000844,0.008249
henon,param,3,5,0.01,1.3,1.000e-02,322,0.121855,0.627380,0.005649,0.001228
henon,param,3,5,0.01,1.3,1.000e-02,323,0.123736,0.633545,0.016348,-0.007350
henon,param,3,5,0.01,1.3,1.000e-02,324,0.127697,0.633240,-0.004190,-0.002681
henon,param,3,5,0.01,1.3,1.000e-02,325,0.121683,0.632263,-0.002580,0.008676
henon,param,3,5,0.01,1.3,1.000e-02,326,0.128397,0.636658,-0.004194,-0.004070
henon,param,3,5,0.01,1.3,1.000e-02,327,0.133947,0.641113,0.004063,-0.018537
henon,param,3,5,0.01,1.3,1.000e-02,328,0.129554,0.638733,0.002026,-0.006807
henon,param,3,5,0.01,1.3,1.000e-02,329,0.122897,0.630188,-0.008398,0.005943
henon,param,3,5,0.01,1.3,1.000e-02,330,0.120642,0.631531,-0.008227,-0.001911
henon,param,3,5,0.01,1.3,1.000e-02,331,0.121524,0.632629,-0.002592,0.009156
henon,param,3,5,0.01,1.3,1.000e-02,332,0.120845,0.635742,0.001481,0.004518
henon,param,3,5,0.01,1.3,1.000e-02,333,0.125816,0.633972,-0.003585,0.004382
henon,param,3,5,0.01,1.3,1.000e-02,334,0.127191,0.630615,0.014923,-0.005076
henon,param,3,5,0.01,1.3,1.000e-02,335,0.130096,0.642395,-0.004429,0.013319
henon,param,3,5,0.01,1.3,1.000e-02,336,0.125858,0.636780,-0.006326,0.001667
henon,param,3,5,0.01,1.3,1.000e-02,337,0.117154,0.625610,-0.003551,-0.006075
henon,param,3,5,0.01,1.3,1.000e-02,338,0.113794,0.625732,0.004399,0.009726
henon,param,3,5,0.01,1.3,1.000e-02,339,0.120108,0.630798,-0.002979,0.009645
henon,param,3,5,0.01,1.3,1.000e-02,340,0.122393,0.631348,-0.000684,0.009866
henon,param,3,5,0.01,1.3,1.000e-02,341,0.132332,0.641724,0.007815,-0.007618
henon,param,3,5,0.01,1.3,1.000e-02,342,0.127751,0.637756,0.001851,-0.001719
henon,param,3,5,0.01,1.3,1.000e-02,343,0.123630,0.631531,0.001323,-0.000689
henon,param,3,5,0.01,1.3,1.000e-02,344,0.121731,0.635681,-0.010565,0.014393
henon,param,3,5,0.01,1.3,1.000e-02,345,0.129189,0.640198,-0.015189,-0.002357
henon,param,3,5,0.01,1.3,1.000e-02,346,0.124320,0.634216,-0.002565,0.001684
henon,param,3,5,0.01,1.3,1.000e-02,347,0.130576,0.638367,-0.015009,0.005795
henon,param,3,5,0.01,1.3,1.000e-02,348,0.129723,0.640625,0.002194,-0.012148
henon,param,3,5,0.01,1.3,1.000e-02,349,0.125464,0.635071,-0.005281,-0.003430
henon,param,3,5,0.01,1.3,1.000e-02,350,0.120060,0.629333,0.000122,0.011328
henon,param,3,5,0.01,1.3,1.000e-02,351,0.125716,0.634949,-0.012336,0.005123
henon,param,3,5,0.01,1.3,1.000e-02,352,0.118386,0.627747,-0.004199,0.004490
henon,param,3,5,0.01,1.3,1.000e-02,353,0.116628,0.628296,0.013360,0.007564
henon,param,3,5,0.01,1.3,1.000e-02,354,0.119287,0.633240,0.004188,0.002429
henon,param,3,5,0.01,1.3,1.000e-02,355,0.120081,0.631958,0.009677,-0.008790
henon,param,3,5,0.01,1.3,1.000e-02,356,0.116372,0.630493,0.019512,0.003504
henon,param,3,5,0.01,1.3,1.000e-02,357,0.118254,0.632812,0.003965,0.009355
henon,param,3,5,0.01,1.3,1.000e-02,358,0.123850,0.633667,-0.013152,-0.004734
henon,param,3,5,0.01,1.3,1.000e-02,359,0.121202,0.632385,-0.000972,0.009009
henon,param,3,5,0.01,1.3,1.000e-02,360,0.118483,0.629700,0.005687,-0.001266
henon,param,3,5,0.01,1.3,1.000e-02,361,0.119019,0.625854,0.005974,0.006622
henon,param,3,5,0.01,1.3,1.000e-02,362,0.119546,0.630615,0.010817,-0.002307
henon,param,3,5,0.01,1.3,1.000e-02,363,0.114336,0.633179,0.015332,0.003001
henon,param,3,5,0.01,1.3,1.000e-02,364,0.119778,0.634705,-0.000704,0.001739
henon,param,3,5,0.01,1.3,1.000e-02,365,0.124014,0.637817,0.005601,-0.013163
henon,param,3,5,0.01,1.3,1.000e-02,366,0.117523,0.633972,0.003684,0.008647
henon,param,3,5,0.01,1.3,1.000e-02,367,0.114144,0.628113,-0.005483,0.014236
henon,param,3,5,0.01,1.3,1.000e-02,368,0.115942,0.627075,0.010655,0.010137
henon,param,3,5,0.01,1.3,1.000e-02,369,0.118567,0.631958,0.005246,0.018127
henon,param,3,5,0.01,1.3,1.000e-02,370,0.124047,0.630676,0.005040,0.007936
henon,param,3,5,0.01,1.3,1.000e-02,371,0.126002,0.636169,0.002391,-0.006587
henon,param,3,5,0.01,1.3,1.000e-02,372,0.126594,0.638245,0.005124,-0.000646
henon,param,3,5,0.01,1.3,1.000e-02,373,0.118277,0.626282,-0.003575,0.003364
henon,param,3,5,0.01,1.3,1.000e-02,374,0.123965,0.630676,0.002341,0.003821
henon,param,3,5,0.01,1.3,1.000e-02,375,0.125711,0.631775,0.006491,0.002417
henon,param,3,5,0.01,1.3,1.000e-02,376,0.123582,0.631653,0.012459,0.001259
henon,param,3,5,0.01,1.3,1.000e-02,377,0.117982,0.628418,0.017753,-0.001130
henon,param,3,5,0.01,1.3,1.000e-02,378,0.124436,0.634277,0.008571,-0.004379
henon,param,3,5,0.01,1.3,1.000e-02,379,0.128523,0.634155,0.000874,-0.009323
henon,param,3,5,0.01,1.3,1.000e-02,380,0.125294,0.632874,-0.010566,-0.010998
henon,param,3,5,0.01,1.3,1.000e-02,381,0.124496,0.631653,-0.008245,0.004037
henon,param,3,5,0.01,1.3,1.000e-02,382,0.128822,0.635864,0.006716,0.011996
henon,param,3,5,0.01,1.3,1.000e-02,383,0.129590,0.639526,0.007590,-0.007173
henon,param,3,5,0.01,1.3,1.000e-02,384,0.122539,0.632751,-0.001172,0.005546
henon,param,3,5,0.01,1.3,1.000e-02,385,0.122760,0.635681,-0.000797,-0.001851
henon,param,3,5,0.01,1.3,1.000e-02,386,0.119436,0.627502,-0.000731,0.003787
henon,param,3,5,0.01,1.3,1.000e-02,387,0.128878,0.638428,-0.005599,-0.004331
henon,param,3,5,0.01,1.3,1.000e-02,388,0.123604,0.633606,-0.009541,0.009812
henon,param,3,5,0.01,1.3,1.000e-02,389,0.118616,0.628174,0.009773,0.006875
henon,param,3,5,0.01,1.3,1.000e-02,390,0.120741,0.630920,0.006540,0.007678
henon,param,3,5,0.01,1.3,1.000e-02,391,0.121117,0.630676,-0.007235,0.017754
henon,param,3,5,0.01,1.3,1.000e-02,392,0.121941,0.633850,-0.002202,0.000902
henon,param,3,5,0.01,1.3,1.000e-02,393,0.122552,0.638428,-0.008373,0.002922
henon,param,3,5,0.01,1.3,1.000e-02,394,0.123917,0.634460,-0.001225,-0.001045
henon,param,3,5,0.01,1.3,1.000e-02,395,0.123630,0.638306,0.001454,-0.002295
henon,param,3,5,0.01,1.3,1.000e-02,396,0.120168,0.634155,-0.004071,0.003381
henon,param,3,5,0.01,1.3,1.000e-02,397,0.124030,0.630371,-0.000427,0.009069
henon,param,3,5,0.01,1.3,1.000e-02,398,0.123161,0.632324,-0.003624,0.006427
henon,param,3,5,0.01,1.3,1.000e-02,399,0.124236,0.640503,-0.005442,0.006888
henon,param,3,5,0.01,1.3,1.000e-02,400,0.120052,0.627441,-0.000264,0.001605
