family,mode,p,q,K,param,delta,t,mean_ln_d,frac_d_gt_scale,r_x1,r_x2
henon,param,3,5,0.01,1.4,1.000e-12,1,-27.951038,0.000000,1.000000,1.000000
henon,param,3,5,0.01,1.4,1.000e-12,2,-27.261996,0.000000,1.000000,1.000000
henon,param,3,5,0.01,1.4,1.000e-12,3,-26.573943,0.000000,1.000000,1.000000
henon,param,3,5,0.01,1.4,1.000e-12,4,-26.202583,0.000000,1.000000,1.000000
henon,param,3,5,0.01,1.4,1.000e-12,5,-25.718750,0.000000,1.000000,1.000000
henon,param,3,5,0.01,1.4,1.000e-12,6,-25.273646,0.000000,1.000000,1.000000
henon,param,3,5,0.01,1.4,1.000e-12,7,-24.828274,0.000000,1.000000,1.000000
henon,param,3,5,0.01,1.4,1.000e-12,8,-24.383264,0.000000,1.000000,1.000000
henon,param,3,5,0.01,1.4,1.000e-12,9,-23.921985,0.000000,1.000000,1.000000
henon,param,3,5,0.01,1.4,1.000e-12,10,-23.472613,0.000000,1.000000,1.000000
henon,param,3,5,0.01,1.4,1.000e-12,11,-23.045672,0.000000,1.000000,1.000000
henon,param,3,5,0.01,1.4,1.000e-12,12,-22.611951,0.000000,1.000000,1.000000
henon,param,3,5,0.01,1.4,1.000e-12,13,-22.179714,0.000000,1.000000,1.000000
henon,param,3,5,0.01,1.4,1.000e-12,14,-21.741601,0.000000,1.000000,1.000000
henon,param,3,5,0.01,1.4,1.000e-12,15,-21.310679,0.000000,1.000000,1.000000
henon,param,3,5,0.01,1.4,1.000e-12,16,-20.874462,0.000000,1.000000,1.000000
henon,param,3,5,0.01,1.4,1.000e-12,17,-20.441677,0.000000,1.000000,1.000000
henon,param,3,5,0.01,1.4,1.000e-12,18,-19.999596,0.000000,1.000000,1.000000
henon,param,3,5,0.01,1.4,1.000e-12,19,-19.570917,0.000000,1.000000,1.000000
henon,param,3,5,0.01,1.4,1.000e-12,20,-19.148275,0.000000,1.000000,1.000000
henon,param,3,5,0.01,1.4,1.000e-12,21,-18.708288,0.000000,1.000000,1.000000
henon,param,3,5,0.01,1.4,1.000e-12,22,-18.275092,0.000000,1.000000,1.000000
henon,param,3,5,0.01,1.4,1.000e-12,23,-17.842734,0.000000,1.000000,1.000000
henon,param,3,5,0.01,1.4,1.000e-12,24,-17.412616,0.000000,1.000000,1.000000
henon,param,3,5,0.01,1.4,1.000e-12,25,-16.985125,0.000000,1.000000,1.000000
henon,param,3,5,0.01,1.4,1.000e-12,26,-16.555232,0.000000,1.000000,1.000000
henon,param,3,5,0.01,1.4,1.000e-12,27,-16.123409,0.000000,1.000000,1.000000
henon,param,3,5,0.01,1.4,1.000e-12,28,-15.690639,0.000000,1.000000,1.000000
henon,param,3,5,0.01,1.4,1.000e-12,29,-15.261875,0.000000,1.000000,1.000000
henon,param,3,5,0.01,1.4,1.000e-12,30,-14.826744,0.000000,1.000000,1.000000
henon,param,3,5,0.01,1.4,1.000e-12,31,-14.400288,0.000000,1.000000,1.000000
henon,param,3,5,0.01,1.4,1.000e-12,32,-13.973364,0.000000,1.000000,1.000000
henon,param,3,5,0.01,1.4,1.000e-12,33,-13.538512,0.000000,1.000000,1.000000
henon,param,3,5,0.01,1.4,1.000e-12,34,-13.107783,0.000000,1.000000,1.000000
henon,param,3,5,0.01,1.4,1.000e-12,35,-12.673580,0.000000,1.000000,1.000000
henon,param,3,5,0.01,1.4,1.000e-12,36,-12.248721,0.000000,1.000000,1.000000
henon,param,3,5,0.01,1.4,1.000e-12,37,-11.824489,0.000000,1.000000,1.000000
henon,param,3,5,0.01,1.4,1.000e-12,38,-11.399141,0.000000,1.000000,1.000000
henon,param,3,5,0.01,1.4,1.000e-12,39,-10.960620,0.000000,1.000000,1.000000
henon,param,3,5,0.01,1.4,1.000e-12,40,-10.533358,0.000000,1.000000,1.000000
henon,param,3,5,0.01,1.4,1.000e-12,41,-10.108731,0.000000,1.000000,1.000000
henon,param,3,5,0.01,1.4,1.000e-12,42,-9.680843,0.000000,0.999999,1.000000
henon,param,3,5,0.01,1.4,1.000e-12,43,-9.241507,0.000000,0.999999,0.999999
henon,param,3,5,0.01,1.4,1.000e-12,44,-8.815517,0.000000,0.999996,0.999997
henon,param,3,5,0.01,1.4,1.000e-12,45,-8.386885,0.000000,0.999990,0.999992
henon,param,3,5,0.01,1.4,1.000e-12,46,-7.950751,0.000000,0.999970,0.999974
henon,param,3,5,0.01,1.4,1.000e-12,47,-7.526272,0.000000,0.999938,0.999929
henon,param,3,5,0.01,1.4,1.000e-12,48,-7.091712,0.000000,0.999830,0.999839
henon,param,3,5,0.01,1.4,1.000e-12,49,-6.667454,0.000244,0.999575,0.999496
henon,param,3,5,0.01,1.4,1.000e-12,50,-6.234220,0.000427,0.998999,0.998896
henon,param,3,5,0.01,1.4,1.000e-12,51,-5.800668,0.000916,0.997825,0.997999
henon,param,3,5,0.01,1.4,1.000e-12,52,-5.379295,0.001526,0.995546,0.995276
henon,param,3,5,0.01,1.4,1.000e-12,53,-4.947666,0.003662,0.991854,0.990973
henon,param,3,5,0.01,1.4,1.000e-12,54,-4.521437,0.009155,0.983169,0.981220
henon,param,3,5,0.01,1.4,1.000e-12,55,-4.097967,0.016541,0.972767,0.968443
henon,param,3,5,0.01,1.4,1.000e-12,56,-3.681434,0.030334,0.952404,0.950168
henon,param,3,5,0.01,1.4,1.000e-12,57,-3.282828,0.046875,0.930952,0.922742
henon,param,3,5,0.01,1.4,1.000e-12,58,-2.890635,0.068848,0.901970,0.887308
henon,param,3,5,0.01,1.4,1.000e-12,59,-2.513723,0.095825,0.861203,0.849489
henon,param,3,5,0.01,1.4,1.000e-12,60,-2.155211,0.134766,0.809275,0.803209
henon,param,3,5,0.01,1.4,1.000e-12,61,-1.831699,0.173645,0.759386,0.743647
henon,param,3,5,0.01,1.4,1.000e-12,62,-1.527295,0.217224,0.697077,0.677956
henon,param,3,5,0.01,1.4,1.000e-12,63,-1.247019,0.264282,0.631605,0.608954
henon,param,3,5,0.01,1.4,1.000e-12,64,-1.000897,0.313293,0.553085,0.530140
henon,param,3,5,0.01,1.4,1.000e-12,65,-0.801003,0.361755,0.490237,0.465109
henon,param,3,5,0.01,1.4,1.000e-12,66,-0.626982,0.398071,0.429349,0.415782
henon,param,3,5,0.01,1.4,1.000e-12,67,-0.465870,0.448303,0.360131,0.358394
henon,param,3,5,0.01,1.4,1.000e-12,68,-0.326902,0.485962,0.303221,0.279061
henon,param,3,5,0.01,1.4,1.000e-12,69,-0.222041,0.522766,0.249307,0.230995
henon,param,3,5,0.01,1.4,1.000e-12,70,-0.134339,0.551086,0.212976,0.200742
henon,param,3,5,0.01,1.4,1.000e-12,71,-0.062294,0.572266,0.176292,0.158106
henon,param,3,5,0.01,1.4,1.000e-12,72,0.001054,0.600708,0.126658,0.132081
henon,param,3,5,0.01,1.4,1.000e-12,73,0.047324,0.615723,0.097196,0.098778
henon,param,3,5,0.01,1.4,1.000e-12,74,0.083726,0.633301,0.077134,0.068903
henon,param,3,5,0.01,1.4,1.000e-12,75,0.106309,0.640747,0.063665,0.060637
henon,param,3,5,0.01,1.4,1.000e-12,76,0.124713,0.650024,0.038744,0.053652
henon,param,3,5,0.01,1.4,1.000e-12,77,0.143781,0.660461,0.037047,0.035312
henon,param,3,5,0.01,1.4,1.000e-12,78,0.158833,0.663940,0.022477,0.014076
henon,param,3,5,0.01,1.4,1.000e-12,79,0.162485,0.670044,0.017243,0.035989
henon,param,3,5,0.01,1.4,1.000e-12,80,0.174927,0.676758,0.014764,0.009726
henon,param,3,5,0.01,1.4,1.000e-12,81,0.178921,0.677917,0.003537,-0.004765
henon,param,3,5,0.01,1.4,1.000e-12,82,0.183839,0.677856,-0.002293,0.007151
henon,param,3,5,0.01,1.4,1.000e-12,83,0.186863,0.680786,0.015109,0.004892
henon,param,3,5,0.01,1.4,1.000e-12,84,0.192731,0.683838,0.009161,-0.003996
henon,param,3,5,0.01,1.4,1.000e-12,85,0.193471,0.686401,-0.007790,0.010128
henon,param,3,5,0.01,1.4,1.000e-12,86,0.184062,0.673889,-0.005432,0.001351
henon,param,3,5,0.01,1.4,1.000e-12,87,0.182383,0.678772,0.017218,0.006847
henon,param,3,5,0.01,1.4,1.000e-12,88,0.186306,0.677979,-0.001442,0.017755
henon,param,3,5,0.01,1.4,1.000e-12,89,0.190216,0.684204,0.000054,0.003549
henon,param,3,5,0.01,1.4,1.000e-12,90,0.188938,0.683899,-0.005729,0.006632
henon,param,3,5,0.01,1.4,1.000e-12,91,0.192876,0.686707,-0.008481,0.019546
henon,param,3,5,0.01,1.4,1.000e-12,92,0.192594,0.681641,0.001402,-0.008450
henon,param,3,5,0.01,1.4,1.000e-12,93,0.187062,0.681885,-0.011443,0.015678
henon,param,3,5,0.01,1.4,1.000e-12,94,0.189816,0.682861,-0.000300,0.001316
henon,param,3,5,0.01,1.4,1.000e-12,95,0.188733,0.680420,0.000095,-0.014099
henon,param,3,5,0.01,1.4,1.000e-12,96,0.188923,0.681030,0.003500,-0.005782
henon,param,3,5,0.01,1.4,1.000e-12,97,0.186181,0.681763,0.013693,0.006994
henon,param,3,5,0.01,1.4,1.000e-12,98,0.197172,0.688416,-0.005614,-0.002038
henon,param,3,5,0.01,1.4,1.000e-12,99,0.192360,0.679626,-0.007320,0.002356
henon,param,3,5,0.01,1.4,1.000e-12,100,0.189005,0.682312,0.000255,0.012481
henon,param,3,5,0.01,1.4,1.000e-12,101,0.189533,0.678711,-0.005657,-0.000571
henon,param,3,5,0.01,1.4,1.000e-12,102,0.186559,0.681641,0.006385,0.006602
henon,param,3,5,0.01,1.4,1.000e-12,103,0.184801,0.675720,0.003531,-0.004664
henon,param,3,5,0.01,1.4,1.000e-12,104,0.192872,0.686829,-0.004963,0.011397
henon,param,3,5,0.01,1.4,1.000e-12,105,0.188602,0.678711,0.008091,0.006048
henon,param,3,5,0.01,1.4,1.000e-12,106,0.192069,0.682983,-0.001591,-0.012663
henon,param,3,5,0.01,1.4,1.000e-12,107,0.191750,0.685730,0.005271,-0.002182
henon,param,3,5,0.01,1.4,1.000e-12,108,0.192844,0.684021,0.003240,-0.006828
henon,param,3,5,0.01,1.4,1.000e-12,109,0.186335,0.678467,0.007235,-0.001124
henon,param,3,5,0.01,1.4,1.000e-12,110,0.184628,0.674255,-0.010727,0.004266
henon,param,3,5,0.01,1.4,1.000e-12,111,0.187975,0.682678,0.000743,-0.003764
henon,param,3,5,0.01,1.4,1.000e-12,112,0.194955,0.684021,-0.014117,0.005968
henon,param,3,5,0.01,1.4,1.000e-12,113,0.194539,0.687439,0.004027,0.008227
henon,param,3,5,0.01,1.4,1.000e-12,114,0.198358,0.689697,-0.009399,-0.000762
henon,param,3,5,0.01,1.4,1.000e-12,115,0.201928,0.692932,-0.021510,-0.001240
henon,param,3,5,0.01,1.4,1.000e-12,116,0.194837,0.687744,-0.007663,0.005558
henon,param,3,5,0.01,1.4,1.000e-12,117,0.191272,0.685303,0.003341,-0.003591
henon,param,3,5,0.01,1.4,1.000e-12,118,0.192832,0.682251,0.005967,0.007093
henon,param,3,5,0.01,1.4,1.000e-12,119,0.198396,0.688354,-0.012865,-0.003772
henon,param,3,5,0.01,1.4,1.000e-12,120,0.190586,0.681396,0.004499,0.006235
henon,param,3,5,0.01,1.4,1.000e-12,121,0.190261,0.678223,0.004517,-0.004485
henon,param,3,5,0.01,1.4,1.000e-12,122,0.188742,0.680786,0.003908,-0.008011
henon,param,3,5,0.01,1.4,1.000e-12,123,0.186583,0.680542,-0.006173,0.005435
henon,param,3,5,0.01,1.4,1.000e-12,124,0.188117,0.680176,0.000821,0.003640
henon,param,3,5,0.01,1.4,1.000e-12,125,0.190400,0.683289,0.007825,-0.005170
henon,param,3,5,0.01,1.4,1.000e-12,126,0.193810,0.684082,-0.000496,-0.006415
henon,param,3,5,0.01,1.4,1.000e-12,127,0.191398,0.686340,0.007031,0.002378
henon,param,3,5,0.01,1.4,1.000e-12,128,0.194384,0.683533,-0.005964,0.001075
henon,param,3,5,0.01,1.4,1.000e-12,129,0.194671,0.686157,-0.005942,-0.015460
henon,param,3,5,0.01,1.4,1.000e-12,130,0.189356,0.681641,-0.006759,0.004240
henon,param,3,5,0.01,1.4,1.000e-12,131,0.190607,0.685547,-0.004505,0.002462
henon,param,3,5,0.01,1.4,1.000e-12,132,0.188256,0.681274,0.013214,-0.004314
henon,param,3,5,0.01,1.4,1.000e-12,133,0.185152,0.677307,-0.007671,-0.000951
henon,param,3,5,0.01,1.4,1.000e-12,134,0.186553,0.683105,0.003767,0.006635
henon,param,3,5,0.01,1.4,1.000e-12,135,0.188215,0.684143,0.008405,0.004336
henon,param,3,5,0.01,1.4,1.000e-12,136,0.196665,0.684509,0.006060,-0.017077
henon,param,3,5,0.01,1.4,1.000e-12,137,0.186342,0.677307,0.005929,0.011012
henon,param,3,5,0.01,1.4,1.000e-12,138,0.185987,0.683228,0.009929,-0.000507
henon,param,3,5,0.01,1.4,1.000e-12,139,0.186683,0.683411,0.003602,-0.005106
henon,param,3,5,0.01,1.4,1.000e-12,140,0.186331,0.678101,-0.012526,0.012596
henon,param,3,5,0.01,1.4,1.000e-12,141,0.190221,0.679504,0.013621,-0.015634
henon,param,3,5,0.01,1.4,1.000e-12,142,0.194197,0.688293,0.002686,-0.011390
henon,param,3,5,0.01,1.4,1.000e-12,143,0.193021,0.685608,-0.007875,-0.002955
henon,param,3,5,0.01,1.4,1.000e-12,144,0.192911,0.683472,-0.015712,-0.001160
henon,param,3,5,0.01,1.4,1.000e-12,145,0.186174,0.677795,0.013134,0.008483
henon,param,3,5,0.01,1.4,1.000e-12,146,0.192934,0.688049,-0.009694,0.002717
henon,param,3,5,0.01,1.4,1.000e-12,147,0.187996,0.679749,-0.009140,0.008009
henon,param,3,5,0.01,1.4,1.000e-12,148,0.189623,0.685547,0.008888,0.010346
henon,param,3,5,0.01,1.4,1.000e-12,149,0.191817,0.683533,-0.002108,0.001065
henon,param,3,5,0.01,1.4,1.000e-12,150,0.188066,0.679016,-0.007107,0.003335
henon,param,3,5,0.01,1.4,1.000e-12,151,0.181901,0.679443,0.008963,0.010509
henon,param,3,5,0.01,1.4,1.000e-12,152,0.184329,0.675537,0.004396,0.006562
henon,param,3,5,0.01,1.4,1.000e-12,153,0.193143,0.683044,0.001875,-0.001000
henon,param,3,5,0.01,1.4,1.000e-12,154,0.193597,0.687500,-0.009528,-0.004897
henon,param,3,5,0.01,1.4,1.000e-12,155,0.187343,0.676270,-0.004981,0.008797
henon,param,3,5,0.01,1.4,1.000e-12,156,0.189937,0.680603,-0.006631,-0.004024
henon,param,3,5,0.01,1.4,1.000e-12,157,0.191524,0.685852,-0.005818,0.000051
henon,param,3,5,0.01,1.4,1.000e-12,158,0.193106,0.683960,-0.009035,-0.001945
henon,param,3,5,0.01,1.4,1.000e-12,159,0.189707,0.679321,0.006004,0.002020
henon,param,3,5,0.01,1.4,1.000e-12,160,0.195029,0.686829,0.011239,-0.004707
henon,param,3,5,0.01,1.4,1.000e-12,161,0.190802,0.679932,0.011232,-0.011099
henon,param,3,5,0.01,1.4,1.000e-12,162,0.198775,0.694519,-0.009818,-0.003250
henon,param,3,5,0.01,1.4,1.000e-12,163,0.188902,0.681763,-0.008494,0.008319
henon,param,3,5,0.01,1.4,1.000e-12,164,0.195349,0.686401,-0.013173,-0.009879
henon,param,3,5,0.01,1.4,1.000e-12,165,0.192435,0.687134,-0.009519,-0.001079
henon,param,3,5,0.01,1.4,1.000e-12,166,0.194640,0.686523,-0.011540,-0.007423
henon,param,3,5,0.01,1.4,1.000e-12,167,0.202156,0.688110,-0.014296,-0.000064
henon,param,3,5,0.01,1.4,1.000e-12,168,0.200137,0.689880,-0.018530,-0.007017
henon,param,3,5,0.01,1.4,1.000e-12,169,0.193700,0.685608,0.002559,-0.006540
henon,param,3,5,0.01,1.4,1.000e-12,170,0.187694,0.680176,-0.001670,-0.003094
henon,param,3,5,0.01,1.4,1.000e-12,171,0.183162,0.676147,-0.002712,0.008054
henon,param,3,5,0.01,1.4,1.000e-12,172,0.180120,0.672607,0.007556,0.010760
henon,param,3,5,0.01,1.4,1.000e-12,173,0.191625,0.683105,-0.005690,0.009590
henon,param,3,5,0.01,1.4,1.000e-12,174,0.188632,0.682190,0.000708,0.020139
henon,param,3,5,0.01,1.4,1.000e-12,175,0.188304,0.681458,-0.000839,0.004815
henon,param,3,5,0.01,1.4,1.000e-12,176,0.187663,0.679260,0.000258,-0.002730
henon,param,3,5,0.01,1.4,1.000e-12,177,0.188861,0.683105,-0.000526,-0.002218
henon,param,3,5,0.01,1.4,1.000e-12,178,0.187360,0.683411,-0.004612,0.005407
henon,param,3,5,0.01,1.4,1.000e-12,179,0.186634,0.684143,0.005255,-0.007677
henon,param,3,5,0.01,1.4,1.000e-12,180,0.192312,0.680054,0.003400,-0.006184
henon,param,3,5,0.01,1.4,1.000e-12,181,0.192836,0.684753,0.008496,-0.001322
henon,param,3,5,0.01,1.4,1.000e-12,182,0.191902,0.685059,-0.004637,0.003437
henon,param,3,5,0.01,1.4,1.000e-12,183,0.193590,0.683716,-0.007424,-0.005879
henon,param,3,5,0.01,1.4,1.000e-12,184,0.187537,0.681213,0.008784,0.001092
henon,param,3,5,0.01,1.4,1.000e-12,185,0.190488,0.684753,-0.008854,-0.007780
henon,param,3,5,0.01,1.4,1.000e-12,186,0.190296,0.684509,0.005837,-0.000288
henon,param,3,5,0.01,1.4,1.000e-12,187,0.189317,0.682373,0.014215,-0.019671
henon,param,3,5,0.01,1.4,1.000e-12,188,0.188439,0.679688,0.002130,0.009386
henon,param,3,5,0.01,1.4,1.000e-12,189,0.191542,0.682678,0.003377,0.000283
henon,param,3,5,0.01,1.4,1.000e-12,190,0.189679,0.680298,0.000224,0.001686
henon,param,3,5,0.01,1.4,1.000e-12,191,0.190192,0.679565,-0.010709,0.001638
henon,param,3,5,0.01,1.4,1.000e-12,192,0.192763,0.685486,-0.002050,0.006635
henon,param,3,5,0.01,1.4,1.000e-12,193,0.195492,0.688049,0.000553,-0.009304
henon,param,3,5,0.01,1.4,1.000e-12,194,0.192722,0.685913,0.001843,-0.006434
henon,param,3,5,0.01,1.4,1.000e-12,195,0.198892,0.684204,-0.009349,-0.003168
henon,param,3,5,0.01,1.4,1.000e-12,196,0.196564,0.688965,-0.004175,0.000246
henon,param,3,5,0.01,1.4,1.000e-12,197,0.195076,0.687378,-0.000142,-0.009101
henon,param,3,5,0.01,1.4,1.000e-12,198,0.183046,0.679871,0.004223,0.016019
henon,param,3,5,0.01,1.4,1.000e-12,199,0.185906,0.680115,0.000464,0.007422
henon,param,3,5,0.01,1.4,1.000e-12,200,0.186675,0.679565,0.011683,-0.001945
henon,param,3,5,0.01,1.4,1.000e-12,201,0.188995,0.680237,-0.003738,-0.000038
henon,param,3,5,0.01,1.4,1.000e-12,202,0.190598,0.684387,-0.004539,0.009148
henon,param,3,5,0.01,1.4,1.000e-12,203,0.180735,0.675781,0.015556,0.013101
henon,param,3,5,0.01,1.4,1.000e-12,204,0.189629,0.679749,0.005941,-0.006348
henon,param,3,5,0.01,1.4,1.000e-12,205,0.189096,0.681030,-0.006750,0.009205
henon,param,3,5,0.01,1.4,1.000e-12,206,0.187843,0.682129,-0.004844,0.003458
henon,param,3,5,0.01,1.4,1.000e-12,207,0.192986,0.682800,-0.004336,-0.000246
henon,param,3,5,0.01,1.4,1.000e-12,208,0.189764,0.685059,-0.004675,0.010821
henon,param,3,5,0.01,1.4,1.000e-12,209,0.187960,0.680237,0.000737,0.013529
henon,param,3,5,0.01,1.4,1.000e-12,210,0.192977,0.682556,-0.016676,0.000179
henon,param,3,5,0.01,1.4,1.000e-12,211,0.190520,0.686462,0.009608,0.002909
henon,param,3,5,0.01,1.4,1.000e-12,212,0.188701,0.679443,-0.002792,0.005841
henon,param,3,5,0.01,1.4,1.000e-12,213,0.192686,0.682434,-0.009042,0.009165
henon,param,3,5,0.01,1.4,1.000e-12,214,0.194780,0.686523,-0.005232,-0.001162
henon,param,3,5,0.01,1.4,1.000e-12,215,0.193653,0.678711,-0.011980,0.004946
henon,param,3,5,0.01,1.4,1.000e-12,216,0.193264,0.684021,0.009773,0.006458
henon,param,3,5,0.01,1.4,1.000e-12,217,0.191116,0.683044,-0.006253,0.000765
henon,param,3,5,0.01,1.4,1.000e-12,218,0.192880,0.682800,0.002641,0.002350
henon,param,3,5,0.01,1.4,1.000e-12,219,0.185747,0.679443,-0.009377,-0.002305
henon,param,3,5,0.01,1.4,1.000e-12,220,0.184669,0.676147,-0.002784,0.004241
henon,param,3,5,0.01,1.4,1.000e-12,221,0.188026,0.679565,0.003658,-0.000278
henon,param,3,5,0.01,1.4,1.000e-12,222,0.190275,0.685059,0.011797,-0.006208
henon,param,3,5,0.01,1.4,1.000e-12,223,0.186729,0.681885,0.002899,0.007356
henon,param,3,5,0.01,1.4,1.000e-12,224,0.190234,0.683716,-0.001759,0.000947
henon,param,3,5,0.01,1.4,1.000e-12,225,0.190436,0.683655,0.002128,-0.000750
henon,param,3,5,0.01,1.4,1.000e-12,226,0.193511,0.684387,-0.013681,0.005682
henon,param,3,5,0.01,1.4,1.000e-12,227,0.191817,0.679626,-0.007891,-0.007035
henon,param,3,5,0.01,1.4,1.000e-12,228,0.190913,0.679504,-0.000153,0.008828
henon,param,3,5,0.01,1.4,1.000e-12,229,0.194156,0.683289,0.006888,-0.004660
henon,param,3,5,0.01,1.4,1.000e-12,230,0.195966,0.687439,0.005535,-0.013619
henon,param,3,5,0.01,1.4,1.000e-12,231,0.193643,0.683167,0.002310,0.001250
henon,param,3,5,0.01,1.4,1.000e-12,232,0.191199,0.684204,-0.003415,0.003759
henon,param,3,5,0.01,1.4,1.000e-12,233,0.189251,0.681580,-0.013879,0.000036
henon,param,3,5,0.01,1.4,1.000e-12,234,0.178782,0.675659,0.006206,0.015898
henon,param,3,5,0.01,1.4,1.000e-12,235,0.181382,0.679871,0.004447,0.005575
henon,param,3,5,0.01,1.4,1.000e-12,236,0.182299,0.672852,-0.001473,0.007494
henon,param,3,5,0.01,1.4,1.000e-12,237,0.188296,0.681030,0.009316,-0.000887
henon,param,3,5,0.01,1.4,1.000e-12,238,0.194746,0.684631,0.006556,-0.004512
henon,param,3,5,0.01,1.4,1.000e-12,239,0.198846,0.690979,-0.010070,-0.003606
henon,param,3,5,0.01,1.4,1.000e-12,240,0.189370,0.684021,0.001264,0.000638
henon,param,3,5,0.01,1.4,1.000e-12,241,0.180020,0.674316,0.022133,0.005043
henon,param,3,5,0.01,1.4,1.000e-12,242,0.185494,0.680603,-0.004332,-0.001580
henon,param,3,5,0.01,1.4,1.000e-12,243,0.187059,0.686584,0.002200,0.002071
henon,param,3,5,0.01,1.4,1.000e-12,244,0.190819,0.682312,0.001080,-0.007732
henon,param,3,5,0.01,1.4,1.000e-12,245,0.196852,0.689270,-0.001795,-0.015746
henon,param,3,5,0.01,1.4,1.000e-12,246,0.195661,0.683228,-0.005692,0.000319
henon,param,3,5,0.01,1.4,1.000e-12,247,0.189325,0.682007,0.011532,-0.009890
henon,param,3,5,0.01,1.4,1.000e-12,248,0.187575,0.679932,0.008840,0.003510
henon,param,3,5,0.01,1.4,1.000e-12,249,0.191849,0.687195,-0.009639,0.005168
henon,param,3,5,0.01,1.4,1.000e-12,250,0.192689,0.682800,-0.004039,-0.016112
henon,param,3,5,0.01,1.4,1.000e-12,251,0.190623,0.680603,0.001820,-0.000255
henon,param,3,5,0.01,1.4,1.000e-12,252,0.196180,0.683228,-0.014070,-0.013588
henon,param,3,5,0.01,1.4,1.000e-12,253,0.193704,0.684204,-0.010194,0.007896
henon,param,3,5,0.01,1.4,1.000e-12,254,0.186946,0.678223,0.000553,-0.002717
henon,param,3,5,0.01,1.4,1.000e-12,255,0.193217,0.683105,-0.004060,0.005805
henon,param,3,5,0.01,1.4,1.000e-12,256,0.188700,0.681396,-0.002117,0.003034
henon,param,3,5,0.01,1.4,1.000e-12,257,0.196190,0.684204,0.003732,-0.006979
henon,param,3,5,0.01,1.4,1.000e-12,258,0.195438,0.685913,-0.004285,0.000740
henon,param,3,5,0.01,1.4,1.000e-12,259,0.196327,0.687805,-0.002956,-0.006769
henon,param,3,5,0.01,1.4,1.000e-12,260,0.189054,0.679016,0.000878,0.001411
henon,param,3,5,0.01,1.4,1.000e-12,261,0.187487,0.680359,-0.000434,0.001802
henon,param,3,5,0.01,1.4,1.000e-12,262,0.186709,0.682190,0.002451,0.008116
henon,param,3,5,0.01,1.4,1.000e-12,263,0.195686,0.683655,-0.025187,0.001448
henon,param,3,5,0.01,1.4,1.000e-12,264,0.198405,0.685364,-0.013097,0.002762
henon,param,3,5,0.01,1.4,1.000e-12,265,0.195300,0.685913,0.006467,-0.006965
henon,param,3,5,0.01,1.4,1.000e-12,266,0.204703,0.692688,-0.015469,-0.015703
henon,param,3,5,0.01,1.4,1.000e-12,267,0.197724,0.685303,-0.020873,-0.001365
henon,param,3,5,0.01,1.4,1.000e-12,268,0.196373,0.689148,-0.004676,-0.004601
henon,param,3,5,0.01,1.4,1.000e-12,269,0.190523,0.682800,-0.003994,-0.005886
henon,param,3,5,0.01,1.4,1.000e-12,270,0.193358,0.685059,0.007337,-0.011140
henon,param,3,5,0.01,1.4,1.000e-12,271,0.191542,0.680908,0.001834,0.000548
henon,param,3,5,0.01,1.4,1.000e-12,272,0.190370,0.683899,-0.005764,0.012735
henon,param,3,5,0.01,1.4,1.000e-12,273,0.195115,0.683777,0.002037,-0.008285
henon,param,3,5,0.01,1.4,1.000e-12,274,0.192557,0.685120,0.002538,-0.001449
henon,param,3,5,0.01,1.4,1.000e-12,275,0.190366,0.683228,0.001827,0.005288
henon,param,3,5,0.01,1.4,1.000e-12,276,0.193860,0.688416,-0.009593,0.003186
henon,param,3,5,0.01,1.4,1.000e-12,277,0.194922,0.687195,-0.002272,-0.000246
henon,param,3,5,0.01,1.4,1.000e-12,278,0.191596,0.683228,-0.009691,0.005660
henon,param,3,5,0.01,1.4,1.000e-12,279,0.188307,0.678406,-0.010843,0.005151
henon,param,3,5,0.01,1.4,1.000e-12,280,0.190588,0.678894,-0.013339,-0.002740
henon,param,3,5,0.01,1.4,1.000e-12,281,0.192713,0.681641,-0.002739,-0.007845
henon,param,3,5,0.01,1.4,1.000e-12,282,0.193875,0.686462,0.003587,0.003961
henon,param,3,5,0.01,1.4,1.000e-12,283,0.200904,0.689453,-0.011999,-0.009562
henon,param,3,5,0.01,1.4,1.000e-12,284,0.193136,0.686096,0.005349,-0.017090
henon,param,3,5,0.01,1.4,1.000e-12,285,0.183922,0.678955,0.007471,0.003268
henon,param,3,5,0.01,1.4,1.000e-12,286,0.183325,0.677246,0.002648,0.002534
henon,param,3,5,0.01,1.4,1.000e-12,287,0.189080,0.682861,0.008467,-0.008978
henon,param,3,5,0.01,1.4,1.000e-12,288,0.189701,0.679810,0.001799,0.003714
henon,param,3,5,0.01,1.4,1.000e-12,289,0.192986,0.684387,0.001364,-0.001306
henon,param,3,5,0.01,1.4,1.000e-12,290,0.194302,0.682068,-0.007349,-0.002964
henon,param,3,5,0.01,1.4,1.000e-12,291,0.191561,0.680908,0.004615,0.000326
henon,param,3,5,0.01,1.4,1.000e-12,292,0.184896,0.679382,0.002746,0.008228
henon,param,3,5,0.01,1.4,1.000e-12,293,0.185302,0.680176,-0.006964,0.006380
henon,param,3,5,0.01,1.4,1.000e-12,294,0.188397,0.683167,0.004139,0.007611
henon,param,3,5,0.01,1.4,1.000e-12,295,0.188012,0.682007,-0.001084,0.005327
henon,param,3,5,0.01,1.4,1.000e-12,296,0.196649,0.688049,-0.000941,-0.006525
henon,param,3,5,0.01,1.4,1.000e-12,297,0.196589,0.686829,0.003793,-0.009749
henon,param,3,5,0.01,1.4,1.000e-12,298,0.193511,0.681152,-0.011537,0.004434
henon,param,3,5,0.01,1.4,1.000e-12,299,0.190675,0.681702,0.002441,0.009738
henon,param,3,5,0.01,1.4,1.000e-12,300,0.193057,0.685242,-0.002822,0.007054
henon,param,3,5,0.01,1.4,1.000e-12,301,0.193569,0.686340,-0.009552,0.004398
henon,param,3,5,0.01,1.4,1.000e-12,302,0.180574,0.674255,0.021076,-0.004139
henon,param,3,5,0.01,1.4,1.000e-12,303,0.184316,0.677490,-0.000984,0.011246
henon,param,3,5,0.01,1.4,1.000e-12,304,0.191716,0.682129,-0.015763,0.009049
henon,param,3,5,0.01,1.4,1.000e-12,305,0.190803,0.678772,-0.001372,0.011406
henon,param,3,5,0.01,1.4,1.000e-12,306,0.192099,0.681824,0.006770,-0.004848
henon,param,3,5,0.01,1.4,1.000e-12,307,0.191446,0.682434,-0.002655,0.011602
henon,param,3,5,0.01,1.4,1.000e-12,308,0.186144,0.679199,0.002236,0.002553
henon,param,3,5,0.01,1.4,1.000e-12,309,0.181403,0.675354,0.017856,0.006364
henon,param,3,5,0.01,1.4,1.000e-12,310,0.189985,0.683777,-0.001459,0.006061
henon,param,3,5,0.01,1.4,1.000e-12,311,0.191873,0.686768,-0.002204,0.005228
henon,param,3,5,0.01,1.4,1.000e-12,312,0.194106,0.681335,0.000230,-0.006868
henon,param,3,5,0.01,1.4,1.000e-12,313,0.186939,0.682373,0.009407,0.001751
henon,param,3,5,0.01,1.4,1.000e-12,314,0.188669,0.679321,0.001896,-0.013241
henon,param,3,5,0.01,1.4,1.000e-12,315,0.187956,0.679321,0.004544,-0.005662
henon,param,3,5,0.01,1.4,1.000e-12,316,0.194358,0.682129,0.003644,-0.009231
henon,param,3,5,0.01,1.4,1.000e-12,317,0.189003,0.682922,0.007142,0.004439
henon,param,3,5,0.01,1.4,1.000e-12,318,0.190072,0.682251,0.000785,0.004844
henon,param,3,5,0.01,1.4,1.000e-12,319,0.191348,0.680298,0.000114,0.002150
henon,param,3,5,0.01,1.4,1.000e-12,320,0.193408,0.684814,-0.002852,-0.001445
henon,param,3,5,0.01,1.4,1.000e-12,321,0.190937,0.688110,-0.002946,-0.003677
henon,param,3,5,0.01,1.4,1.000e-12,322,0.191147,0.682983,0.006424,0.006494
henon,param,3,5,0.01,1.4,1.000e-12,323,0.193061,0.685364,-0.013364,0.009074
henon,param,3,5,0.01,1.4,1.000e-12,324,0.194161,0.686157,-0.009571,-0.005493
henon,param,3,5,0.01,1.4,1.000e-12,325,0.189893,0.681030,0.001118,-0.005854
henon,param,3,5,0.01,1.4,1.000e-12,326,0.191307,0.679260,-0.009948,0.006887
henon,param,3,5,0.01,1.4,1.000e-12,327,0.194470,0.689697,-0.008675,-0.003597
henon,param,3,5,0.01,1.4,1.000e-12,328,0.191579,0.680054,0.010064,-0.007356
henon,param,3,5,0.01,1.4,1.000e-12,329,0.190524,0.680603,0.006877,0.000573
henon,param,3,5,0.01,1.4,1.000e-12,330,0.192220,0.686462,-0.002495,-0.011076
henon,param,3,5,0.01,1.4,1.000e-12,331,0.184629,0.675903,0.007435,0.003049
henon,param,3,5,0.01,1.4,1.000e-12,332,0.194069,0.684631,-0.005563,-0.008159
henon,param,3,5,0.01,1.4,1.000e-12,333,0.186853,0.679932,-0.000704,0.001840
henon,param,3,5,0.01,1.4,1.000e-12,334,0.189249,0.681335,-0.000578,0.000806
henon,param,3,5,0.01,1.4,1.000e-12,335,0.190877,0.687134,0.008694,-0.004448
henon,param,3,5,0.01,1.4,1.000e-12,336,0.189461,0.679932,0.001910,-0.000339
henon,param,3,5,0.01,1.4,1.000e-12,337,0.189915,0.679932,-0.006934,0.003068
henon,param,3,5,0.01,1.4,1.000e-12,338,0.185998,0.674255,0.008375,-0.004626
henon,param,3,5,0.01,1.4,1.000e-12,339,0.185999,0.680969,0.006742,0.004280
henon,param,3,5,0.01,1.4,1.000e-12,340,0.187244,0.678955,0.001696,-0.004602
henon,param,3,5,0.01,1.4,1.000e-12,341,0.191389,0.687134,0.003470,-0.007530
henon,param,3,5,0.01,1.4,1.000e-12,342,0.183402,0.674072,0.002421,0.003495
henon,param,3,5,0.01,1.4,1.000e-12,343,0.190493,0.683960,0.004681,0.006133
henon,param,3,5,0.01,1.4,1.000e-12,344,0.195976,0.689270,0.000921,-0.006882
henon,param,3,5,0.01,1.4,1.000e-12,345,0.196128,0.682190,-0.010441,-0.008606
henon,param,3,5,0.01,1.4,1.000e-12,346,0.191961,0.681274,0.009625,-0.001528
henon,param,3,5,0.01,1.4,1.000e-12,347,0.197499,0.690186,-0.016614,-0.000700
henon,param,3,5,0.01,1.4,1.000e-12,348,0.189893,0.680603,-0.005444,-0.007989
henon,param,3,5,0.01,1.4,1.000e-12,349,0.182994,0.673401,0.005247,0.011405
henon,param,3,5,0.01,1.4,1.000e-12,350,0.187317,0.680603,-0.001066,0.013579
henon,param,3,5,0.01,1.4,1.000e-12,351,0.197871,0.686829,-0.009086,-0.016295
henon,param,3,5,0.01,1.4,1.000e-12,352,0.192923,0.683777,-0.000490,-0.010237
henon,param,3,5,0.01,1.4,1.000e-12,353,0.189783,0.679993,-0.004466,-0.006584
henon,param,3,5,0.01,1.4,1.000e-12,354,0.189023,0.683472,-0.006305,-0.001851
henon,param,3,5,0.01,1.4,1.000e-12,355,0.186679,0.678955,0.010021,0.000493
henon,param,3,5,0.01,1.4,1.000e-12,356,0.191952,0.684692,0.007084,-0.001003
henon,param,3,5,0.01,1.4,1.000e-12,357,0.192741,0.686218,0.004444,-0.002726
henon,param,3,5,0.01,1.4,1.000e-12,358,0.191972,0.683411,-0.005045,0.004032
henon,param,3,5,0.01,1.4,1.000e-12,359,0.187453,0.677490,0.010799,-0.000238
henon,param,3,5,0.01,1.4,1.000e-12,360,0.189201,0.682251,-0.014064,-0.000053
henon,param,3,5,0.01,1.4,1.000e-12,361,0.185110,0.679749,-0.001194,0.024588
henon,param,3,5,0.01,1.4,1.000e-12,362,0.186032,0.680054,0.005361,-0.000423
henon,param,3,5,0.01,1.4,1.000e-12,363,0.187050,0.683411,0.000895,0.004169
henon,param,3,5,0.01,1.4,1.000e-12,364,0.183496,0.679504,0.000497,0.012509
henon,param,3,5,0.01,1.4,1.000e-12,365,0.188425,0.679260,0.001342,-0.001166
henon,param,3,5,0.01,1.4,1.000e-12,366,0.189019,0.684143,0.005903,-0.008698
henon,param,3,5,0.01,1.4,1.000e-12,367,0.183295,0.676331,0.006526,0.009045
henon,param,3,5,0.01,1.4,1.000e-12,368,0.188550,0.683472,-0.002056,0.004378
henon,param,3,5,0.01,1.4,1.000e-12,369,0.184186,0.675476,-0.000202,0.012884
henon,param,3,5,0.01,1.4,1.000e-12,370,0.189029,0.677551,-0.000561,0.007467
henon,param,3,5,0.01,1.4,1.000e-12,371,0.186795,0.682800,0.017564,0.014555
henon,param,3,5,0.01,1.4,1.000e-12,372,0.196363,0.685974,-0.000649,0.001260
henon,param,3,5,0.01,1.4,1.000e-12,373,0.188250,0.688232,0.004671,0.014007
henon,param,3,5,0.01,1.4,1.000e-12,374,0.183569,0.678223,0.003282,0.009967
henon,param,3,5,0.01,1.4,1.000e-12,375,0.181350,0.677551,0.002118,0.001661
henon,param,3,5,0.01,1.4,1.000e-12,376,0.183191,0.677917,0.007873,0.002784
henon,param,3,5,0.01,1.4,1.000e-12,377,0.186531,0.678467,0.005903,0.000372
henon,param,3,5,0.01,1.4,1.000e-12,378,0.191270,0.685913,-0.011952,0.006002
henon,param,3,5,0.01,1.4,1.000e-12,379,0.193148,0.685547,0.001274,0.002025
henon,param,3,5,0.01,1.4,1.000e-12,380,0.194332,0.684692,0.004361,-0.002038
henon,param,3,5,0.01,1.4,1.000e-12,381,0.195153,0.683228,0.003077,-0.017598
henon,param,3,5,0.01,1.4,1.000e-12,382,0.183601,0.679932,0.004101,0.011636
henon,param,3,5,0.01,1.4,1.000e-12,383,0.180751,0.677979,0.007670,0.018047
henon,param,3,5,0.01,1.4,1.000e-12,384,0.188141,0.681763,-0.004592,0.003632
henon,param,3,5,0.01,1.4,1.000e-12,385,0.192893,0.684937,-0.007550,0.009019
henon,param,3,5,0.01,1.4,1.000e-12,386,0.191419,0.681458,0.001622,-0.000878
henon,param,3,5,0.01,1.4,1.000e-12,387,0.190793,0.682434,0.014615,-0.005819
henon,param,3,5,0.01,1.4,1.000e-12,388,0.191725,0.683411,0.004720,-0.002880
henon,param,3,5,0.01,1.4,1.000e-12,389,0.196457,0.690308,-0.008464,-0.011375
henon,param,3,5,0.01,1.4,1.000e-12,390,0.190230,0.680725,0.004705,-0.003099
henon,param,3,5,0.01,1.4,1.000e-12,391,0.195593,0.685730,-0.000783,-0.010303
henon,param,3,5,0.01,1.4,1.000e-12,392,0.192276,0.682312,0.005700,-0.006314
henon,param,3,5,0.01,1.4,1.000e-12,393,0.190770,0.680359,-0.000816,-0.007440
henon,param,3,5,0.01,1.4,1.000e-12,394,0.193302,0.685425,-0.003323,-0.001598
henon,param,3,5,0.01,1.4,1.000e-12,395,0.189921,0.680725,-0.007096,0.015798
henon,param,3,5,0.01,1.4,1.000e-12,396,0.186594,0.678101,0.002230,0.006216
henon,param,3,5,0.01,1.4,1.000e-12,397,0.186345,0.680603,0.008176,0.011219
henon,param,3,5,0.01,1.4,1.000e-12,398,0.184642,0.675293,0.008404,0.002771
henon,param,3,5,0.01,1.4,1.000e-12,399,0.185312,0.679810,-0.003007,-0.002912
henon,param,3,5,0.01,1.4,1.000e-12,400,0.186533,0.683411,-0.000022,-0.001468
henon,param,3,5,0.01,1.4,1.000e-10,1,-23.345949,0.000000,1.000000,1.000000
henon,param,3,5,0.01,1.4,1.000e-10,2,-22.656913,0.000000,1.000000,1.000000
henon,param,3,5,0.01,1.4,1.000e-10,3,-21.968861,0.000000,1.000000,1.000000
henon,param,3,5,0.01,1.4,1.000e-10,4,-21.597499,0.000000,1.000000,1.000000
henon,param,3,5,0.01,1.4,1.000e-10,5,-21.113670,0.000000,1.000000,1.000000
henon,param,3,5,0.01,1.4,1.000e-10,6,-20.668567,0.000000,1.000000,1.000000
henon,param,3,5,0.01,1.4,1.000e-10,7,-20.223191,0.000000,1.000000,1.000000
henon,param,3,5,0.01,1.4,1.000e-10,8,-19.778182,0.000000,1.000000,1.000000
henon,param,3,5,0.01,1.4,1.000e-10,9,-19.316902,0.000000,1.000000,1.000000
henon,param,3,5,0.01,1.4,1.000e-10,10,-18.867532,0.000000,1.000000,1.000000
henon,param,3,5,0.01,1.4,1.000e-10,11,-18.440591,0.000000,1.000000,1.000000
henon,param,3,5,0.01,1.4,1.000e-10,12,-18.006865,0.000000,1.000000,1.000000
henon,param,3,5,0.01,1.4,1.000e-10,13,-17.574631,0.000000,1.000000,1.000000
henon,param,3,5,0.01,1.4,1.000e-10,14,-17.136515,0.000000,1.000000,1.000000
henon,param,3,5,0.01,1.4,1.000e-10,15,-16.705594,0.000000,1.000000,1.000000
henon,param,3,5,0.01,1.4,1.000e-10,16,-16.269378,0.000000,1.000000,1.000000
henon,param,3,5,0.01,1.4,1.000e-10,17,-15.836584,0.000000,1.000000,1.000000
henon,param,3,5,0.01,1.4,1.000e-10,18,-15.394511,0.000000,1.000000,1.000000
henon,param,3,5,0.01,1.4,1.000e-10,19,-14.965833,0.000000,1.000000,1.000000
henon,param,3,5,0.01,1.4,1.000e-10,20,-14.543195,0.000000,1.000000,1.000000
henon,param,3,5,0.01,1.4,1.000e-10,21,-14.103197,0.000000,1.000000,1.000000
henon,param,3,5,0.01,1.4,1.000e-10,22,-13.669995,0.000000,1.000000,1.000000
henon,param,3,5,0.01,1.4,1.000e-10,23,-13.237641,0.000000,1.000000,1.000000
henon,param,3,5,0.01,1.4,1.000e-10,24,-12.807522,0.000000,1.000000,1.000000
henon,param,3,5,0.01,1.4,1.000e-10,25,-12.380032,0.000000,1.000000,1.000000
henon,param,3,5,0.01,1.4,1.000e-10,26,-11.950136,0.000000,1.000000,1.000000
henon,param,3,5,0.01,1.4,1.000e-10,27,-11.518317,0.000000,1.000000,1.000000
henon,param,3,5,0.01,1.4,1.000e-10,28,-11.085545,0.000000,1.000000,1.000000
henon,param,3,5,0.01,1.4,1.000e-10,29,-10.656778,0.000000,1.000000,1.000000
henon,param,3,5,0.01,1.4,1.000e-10,30,-10.221657,0.000000,1.000000,1.000000
henon,param,3,5,0.01,1.4,1.000e-10,31,-9.795209,0.000000,1.000000,1.000000
henon,param,3,5,0.01,1.4,1.000e-10,32,-9.368279,0.000000,1.000000,1.000000
henon,param,3,5,0.01,1.4,1.000e-10,33,-8.933440,0.000000,0.999999,0.999999
henon,param,3,5,0.01,1.4,1.000e-10,34,-8.502660,0.000000,0.999998,0.999998
henon,param,3,5,0.01,1.4,1.000e-10,35,-8.068486,0.000000,0.999995,0.999995
henon,param,3,5,0.01,1.4,1.000e-10,36,-7.643620,0.000000,0.999986,0.999986
henon,param,3,5,0.01,1.4,1.000e-10,37,-7.219507,0.000000,0.999968,0.999967
henon,param,3,5,0.01,1.4,1.000e-10,38,-6.794588,0.000000,0.999895,0.999931
henon,param,3,5,0.01,1.4,1.000e-10,39,-6.356329,0.000000,0.999795,0.999757
henon,param,3,5,0.01,1.4,1.000e-10,40,-5.929063,0.000061,0.999296,0.999420
henon,param,3,5,0.01,1.4,1.000e-10,41,-5.504683,0.000305,0.998289,0.998555
henon,param,3,5,0.01,1.4,1.000e-10,42,-5.077469,0.001221,0.996371,0.996418
henon,param,3,5,0.01,1.4,1.000e-10,43,-4.640291,0.002930,0.991728,0.992481
henon,param,3,5,0.01,1.4,1.000e-10,44,-4.217057,0.007568,0.984106,0.986208
henon,param,3,5,0.01,1.4,1.000e-10,45,-3.796554,0.015320,0.974277,0.970835
henon,param,3,5,0.01,1.4,1.000e-10,46,-3.378236,0.027344,0.952743,0.953520
henon,param,3,5,0.01,1.4,1.000e-10,47,-2.974811,0.049133,0.923887,0.921197
henon,param,3,5,0.01,1.4,1.000e-10,48,-2.584383,0.071106,0.892494,0.881300
henon,param,3,5,0.01,1.4,1.000e-10,49,-2.220101,0.105286,0.846954,0.837520
henon,param,3,5,0.01,1.4,1.000e-10,50,-1.869560,0.148621,0.795338,0.779768
henon,param,3,5,0.01,1.4,1.000e-10,51,-1.543081,0.193726,0.723279,0.710853
henon,param,3,5,0.01,1.4,1.000e-10,52,-1.262376,0.241333,0.647694,0.635767
henon,param,3,5,0.01,1.4,1.000e-10,53,-1.005050,0.296814,0.583913,0.570279
henon,param,3,5,0.01,1.4,1.000e-10,54,-0.778847,0.351379,0.503592,0.482561
henon,param,3,5,0.01,1.4,1.000e-10,55,-0.586189,0.399536,0.434198,0.424637
henon,param,3,5,0.01,1.4,1.000e-10,56,-0.432149,0.444824,0.379662,0.348767
henon,param,3,5,0.01,1.4,1.000e-10,57,-0.299061,0.489075,0.310222,0.286183
henon,param,3,5,0.01,1.4,1.000e-10,58,-0.190097,0.520630,0.256573,0.222688
henon,param,3,5,0.01,1.4,1.000e-10,59,-0.104279,0.556519,0.189833,0.194240
henon,param,3,5,0.01,1.4,1.000e-10,60,-0.031369,0.579834,0.158057,0.157308
henon,param,3,5,0.01,1.4,1.000e-10,61,0.022275,0.608276,0.133826,0.122860
henon,param,3,5,0.01,1.4,1.000e-10,62,0.065891,0.622864,0.103131,0.092513
henon,param,3,5,0.01,1.4,1.000e-10,63,0.097534,0.636292,0.074898,0.062226
henon,param,3,5,0.01,1.4,1.000e-10,64,0.117191,0.640442,0.055494,0.059369
henon,param,3,5,0.01,1.4,1.000e-10,65,0.134501,0.653625,0.055351,0.045606
henon,param,3,5,0.01,1.4,1.000e-10,66,0.158391,0.662354,0.016335,0.019125
henon,param,3,5,0.01,1.4,1.000e-10,67,0.166000,0.668335,0.027818,0.013515
henon,param,3,5,0.01,1.4,1.000e-10,68,0.163418,0.662170,0.030321,0.021178
henon,param,3,5,0.01,1.4,1.000e-10,69,0.174841,0.678101,0.023646,0.006853
henon,param,3,5,0.01,1.4,1.000e-10,70,0.184311,0.680969,-0.001399,0.017933
henon,param,3,5,0.01,1.4,1.000e-10,71,0.182424,0.679626,0.012654,0.001084
henon,param,3,5,0.01,1.4,1.000e-10,72,0.182478,0.680115,0.005291,0.005079
henon,param,3,5,0.01,1.4,1.000e-10,73,0.189558,0.683777,-0.009505,0.008395
henon,param,3,5,0.01,1.4,1.000e-10,74,0.187325,0.680176,-0.002832,-0.004189
henon,param,3,5,0.01,1.4,1.000e-10,75,0.186498,0.684631,0.008737,0.003100
henon,param,3,5,0.01,1.4,1.000e-10,76,0.192110,0.687195,-0.011820,0.003969
henon,param,3,5,0.01,1.4,1.000e-10,77,0.196066,0.687073,-0.006270,-0.004616
henon,param,3,5,0.01,1.4,1.000e-10,78,0.194514,0.683167,-0.016007,0.000287
henon,param,3,5,0.01,1.4,1.000e-10,79,0.194909,0.682678,-0.016146,-0.001800
henon,param,3,5,0.01,1.4,1.000e-10,80,0.191810,0.685242,0.007289,-0.005987
henon,param,3,5,0.01,1.4,1.000e-10,81,0.193937,0.685913,0.006026,-0.013815
henon,param,3,5,0.01,1.4,1.000e-10,82,0.196067,0.687622,-0.006084,-0.007500
henon,param,3,5,0.01,1.4,1.000e-10,83,0.201158,0.690186,-0.004748,-0.016120
henon,param,3,5,0.01,1.4,1.000e-10,84,0.198811,0.688843,0.008217,-0.012501
henon,param,3,5,0.01,1.4,1.000e-10,85,0.189104,0.681519,-0.009362,0.004561
henon,param,3,5,0.01,1.4,1.000e-10,86,0.187069,0.680176,-0.014643,0.015531
henon,param,3,5,0.01,1.4,1.000e-10,87,0.191507,0.682983,0.001494,-0.001307
henon,param,3,5,0.01,1.4,1.000e-10,88,0.192650,0.685791,0.005115,-0.006624
henon,param,3,5,0.01,1.4,1.000e-10,89,0.195587,0.685120,-0.002870,-0.018950
henon,param,3,5,0.01,1.4,1.000e-10,90,0.188535,0.683777,-0.000496,-0.009921
henon,param,3,5,0.01,1.4,1.000e-10,91,0.193309,0.682190,-0.003031,0.014956
henon,param,3,5,0.01,1.4,1.000e-10,92,0.194627,0.684570,-0.005570,0.006914
henon,param,3,5,0.01,1.4,1.000e-10,93,0.190097,0.683411,-0.002264,-0.003647
henon,param,3,5,0.01,1.4,1.000e-10,94,0.188983,0.682129,-0.007188,0.004199
henon,param,3,5,0.01,1.4,1.000e-10,95,0.191431,0.681396,-0.007448,0.000475
henon,param,3,5,0.01,1.4,1.000e-10,96,0.187651,0.683167,0.000505,-0.008389
henon,param,3,5,0.01,1.4,1.000e-10,97,0.188808,0.683105,0.001888,0.002663
henon,param,3,5,0.01,1.4,1.000e-10,98,0.194395,0.686707,-0.003652,-0.015979
henon,param,3,5,0.01,1.4,1.000e-10,99,0.192421,0.683472,-0.002020,0.008772
henon,param,3,5,0.01,1.4,1.000e-10,100,0.190408,0.680176,0.010661,0.005765
henon,param,3,5,0.01,1.4,1.000e-10,101,0.195006,0.688110,-0.012966,0.000766
henon,param,3,5,0.01,1.4,1.000e-10,102,0.190609,0.685425,-0.011132,0.003582
henon,param,3,5,0.01,1.4,1.000e-10,103,0.182545,0.676758,0.007192,0.004345
henon,param,3,5,0.01,1.4,1.000e-10,104,0.180187,0.677246,0.000667,0.022703
henon,param,3,5,0.01,1.4,1.000e-10,105,0.178176,0.676147,0.008569,0.015606
henon,param,3,5,0.01,1.4,1.000e-10,106,0.177856,0.674927,0.018867,0.010728
henon,param,3,5,0.01,1.4,1.000e-10,107,0.188579,0.683838,0.003899,0.000786
henon,param,3,5,0.01,1.4,1.000e-10,108,0.192864,0.684814,-0.007954,-0.002055
henon,param,3,5,0.01,1.4,1.000e-10,109,0.190089,0.682129,0.012302,-0.004216
henon,param,3,5,0.01,1.4,1.000e-10,110,0.193610,0.686707,-0.000414,-0.002092
henon,param,3,5,0.01,1.4,1.000e-10,111,0.196666,0.684875,-0.010562,-0.014939
henon,param,3,5,0.01,1.4,1.000e-10,112,0.186451,0.679932,-0.001243,-0.001142
henon,param,3,5,0.01,1.4,1.000e-10,113,0.185720,0.678040,0.011455,-0.002755
henon,param,3,5,0.01,1.4,1.000e-10,114,0.186973,0.680786,0.002111,0.010007
henon,param,3,5,0.01,1.4,1.000e-10,115,0.184586,0.678040,0.003055,0.013207
henon,param,3,5,0.01,1.4,1.000e-10,116,0.188534,0.681091,0.000662,0.013051
henon,param,3,5,0.01,1.4,1.000e-10,117,0.190753,0.685852,-0.000010,0.016664
henon,param,3,5,0.01,1.4,1.000e-10,118,0.189802,0.683960,-0.002114,0.006161
henon,param,3,5,0.01,1.4,1.000e-10,119,0.194074,0.685364,0.000974,0.000086
henon,param,3,5,0.01,1.4,1.000e-10,120,0.196121,0.683350,-0.001740,0.006447
henon,param,3,5,0.01,1.4,1.000e-10,121,0.190892,0.682373,-0.011179,0.013331
henon,param,3,5,0.01,1.4,1.000e-10,122,0.186602,0.678711,0.002179,-0.007496
henon,param,3,5,0.01,1.4,1.000e-10,123,0.192218,0.684753,-0.015953,-0.006539
henon,param,3,5,0.01,1.4,1.000e-10,124,0.188584,0.677734,0.015395,-0.000385
henon,param,3,5,0.01,1.4,1.000e-10,125,0.196983,0.689331,-0.019714,-0.004539
henon,param,3,5,0.01,1.4,1.000e-10,126,0.194558,0.684814,0.000042,-0.006948
henon,param,3,5,0.01,1.4,1.000e-10,127,0.192940,0.684387,0.004747,-0.004138
henon,param,3,5,0.01,1.4,1.000e-10,128,0.191586,0.685486,-0.006822,0.006181
henon,param,3,5,0.01,1.4,1.000e-10,129,0.191048,0.682312,0.000393,-0.001863
henon,param,3,5,0.01,1.4,1.000e-10,130,0.190062,0.681885,0.008162,-0.017575
henon,param,3,5,0.01,1.4,1.000e-10,131,0.190006,0.684814,0.000813,-0.000391
henon,param,3,5,0.01,1.4,1.000e-10,132,0.192328,0.686768,-0.002382,-0.010902
henon,param,3,5,0.01,1.4,1.000e-10,133,0.193105,0.682983,-0.004280,-0.007229
henon,param,3,5,0.01,1.4,1.000e-10,134,0.191042,0.685486,-0.002310,0.015121
henon,param,3,5,0.01,1.4,1.000e-10,135,0.199881,0.690125,-0.013375,-0.011927
henon,param,3,5,0.01,1.4,1.000e-10,136,0.195965,0.682617,-0.000588,-0.011334
henon,param,3,5,0.01,1.4,1.000e-10,137,0.190443,0.683044,-0.004930,0.002418
henon,param,3,5,0.01,1.4,1.000e-10,138,0.195967,0.686096,-0.008225,-0.001212
henon,param,3,5,0.01,1.4,1.000e-10,139,0.187973,0.682861,-0.008525,0.003775
henon,param,3,5,0.01,1.4,1.000e-10,140,0.189087,0.681519,-0.007149,0.004018
henon,param,3,5,0.01,1.4,1.000e-10,141,0.192046,0.680908,-0.009321,-0.006797
henon,param,3,5,0.01,1.4,1.000e-10,142,0.188536,0.677368,0.007956,0.006326
henon,param,3,5,0.01,1.4,1.000e-10,143,0.192300,0.681335,0.008680,0.008732
henon,param,3,5,0.01,1.4,1.000e-10,144,0.194418,0.685059,-0.006798,0.004097
henon,param,3,5,0.01,1.4,1.000e-10,145,0.192378,0.680298,-0.002783,-0.002900
henon,param,3,5,0.01,1.4,1.000e-10,146,0.187216,0.682861,0.005080,0.001612
henon,param,3,5,0.01,1.4,1.000e-10,147,0.188510,0.678711,-0.002731,0.001734
henon,param,3,5,0.01,1.4,1.000e-10,148,0.193929,0.683594,-0.008601,0.002346
henon,param,3,5,0.01,1.4,1.000e-10,149,0.195614,0.686462,-0.009837,0.002047
henon,param,3,5,0.01,1.4,1.000e-10,150,0.199287,0.690674,-0.011284,0.001813
henon,param,3,5,0.01,1.4,1.000e-10,151,0.192138,0.679382,-0.012857,0.001040
henon,param,3,5,0.01,1.4,1.000e-10,152,0.184913,0.679260,0.005997,0.003510
henon,param,3,5,0.01,1.4,1.000e-10,153,0.189239,0.684814,0.007252,0.000561
henon,param,3,5,0.01,1.4,1.000e-10,154,0.195460,0.685791,-0.013936,-0.009457
henon,param,3,5,0.01,1.4,1.000e-10,155,0.189177,0.683533,0.004744,0.005184
henon,param,3,5,0.01,1.4,1.000e-10,156,0.192264,0.679016,-0.002189,0.000493
henon,param,3,5,0.01,1.4,1.000e-10,157,0.192357,0.682373,0.003543,0.011151
henon,param,3,5,0.01,1.4,1.000e-10,158,0.194111,0.684570,-0.006445,0.005643
henon,param,3,5,0.01,1.4,1.000e-10,159,0.191725,0.686279,-0.001430,-0.003848
henon,param,3,5,0.01,1.4,1.000e-10,160,0.189807,0.677979,-0.007207,-0.010669
henon,param,3,5,0.01,1.4,1.000e-10,161,0.190905,0.684509,0.001301,-0.001986
henon,param,3,5,0.01,1.4,1.000e-10,162,0.189963,0.680969,-0.001563,0.009324
henon,param,3,5,0.01,1.4,1.000e-10,163,0.189771,0.680847,0.007133,-0.014806
henon,param,3,5,0.01,1.4,1.000e-10,164,0.193527,0.684814,-0.000076,-0.006854
henon,param,3,5,0.01,1.4,1.000e-10,165,0.195610,0.686218,-0.000209,-0.006059
henon,param,3,5,0.01,1.4,1.000e-10,166,0.189325,0.681763,0.010689,-0.012261
henon,param,3,5,0.01,1.4,1.000e-10,167,0.189949,0.682007,-0.003252,-0.002697
henon,param,3,5,0.01,1.4,1.000e-10,168,0.186203,0.677551,0.003950,0.007147
henon,param,3,5,0.01,1.4,1.000e-10,169,0.187782,0.682678,0.012205,0.004201
henon,param,3,5,0.01,1.4,1.000e-10,170,0.191763,0.680054,0.008169,-0.006245
henon,param,3,5,0.01,1.4,1.000e-10,171,0.196182,0.686279,0.004899,-0.004946
henon,param,3,5,0.01,1.4,1.000e-10,172,0.196982,0.690186,-0.007703,-0.007648
henon,param,3,5,0.01,1.4,1.000e-10,173,0.189887,0.678284,-0.005278,-0.001477
henon,param,3,5,0.01,1.4,1.000e-10,174,0.192282,0.689941,0.009250,-0.009319
henon,param,3,5,0.01,1.4,1.000e-10,175,0.195281,0.687683,-0.005090,-0.012999
henon,param,3,5,0.01,1.4,1.000e-10,176,0.196278,0.686035,-0.008581,-0.016464
henon,param,3,5,0.01,1.4,1.000e-10,177,0.188815,0.678772,0.004573,0.003627
henon,param,3,5,0.01,1.4,1.000e-10,178,0.196348,0.683838,-0.004256,-0.013216
henon,param,3,5,0.01,1.4,1.000e-10,179,0.193020,0.688171,-0.002819,0.000599
henon,param,3,5,0.01,1.4,1.000e-10,180,0.195956,0.687805,-0.004451,-0.007189
henon,param,3,5,0.01,1.4,1.000e-10,181,0.199261,0.689331,0.000255,-0.012952
henon,param,3,5,0.01,1.4,1.000e-10,182,0.193758,0.684143,-0.007918,0.002063
henon,param,3,5,0.01,1.4,1.000e-10,183,0.190469,0.681885,-0.004481,0.003974
henon,param,3,5,0.01,1.4,1.000e-10,184,0.184937,0.682007,0.010585,0.007513
henon,param,3,5,0.01,1.4,1.000e-10,185,0.183831,0.675720,-0.012550,0.004018
henon,param,3,5,0.01,1.4,1.000e-10,186,0.185211,0.676941,0.005136,-0.002757
henon,param,3,5,0.01,1.4,1.000e-10,187,0.187641,0.678894,0.006115,0.008331
henon,param,3,5,0.01,1.4,1.000e-10,188,0.195751,0.684753,-0.001855,-0.005089
henon,param,3,5,0.01,1.4,1.000e-10,189,0.191475,0.681885,-0.004110,0.010896
henon,param,3,5,0.01,1.4,1.000e-10,190,0.188036,0.679688,0.001637,0.010223
henon,param,3,5,0.01,1.4,1.000e-10,191,0.190404,0.684570,-0.015205,-0.002837
henon,param,3,5,0.01,1.4,1.000e-10,192,0.182893,0.675903,0.002431,0.012519
henon,param,3,5,0.01,1.4,1.000e-10,193,0.193604,0.685791,-0.006390,-0.008239
henon,param,3,5,0.01,1.4,1.000e-10,194,0.193108,0.683655,-0.001310,-0.002058
henon,param,3,5,0.01,1.4,1.000e-10,195,0.195310,0.684082,-0.002448,0.000186
henon,param,3,5,0.01,1.4,1.000e-10,196,0.194433,0.683044,0.005190,-0.004134
henon,param,3,5,0.01,1.4,1.000e-10,197,0.191107,0.682800,0.011328,-0.004422
henon,param,3,5,0.01,1.4,1.000e-10,198,0.184990,0.674622,-0.000743,0.012152
henon,param,3,5,0.01,1.4,1.000e-10,199,0.183155,0.679993,0.020133,-0.001197
henon,param,3,5,0.01,1.4,1.000e-10,200,0.188406,0.679688,-0.001747,0.005222
henon,param,3,5,0.01,1.4,1.000e-10,201,0.193784,0.682922,0.003426,-0.003649
henon,param,3,5,0.01,1.4,1.000e-10,202,0.189837,0.680725,0.007777,-0.000604
henon,param,3,5,0.01,1.4,1.000e-10,203,0.187433,0.681885,0.008389,0.009813
henon,param,3,5,0.01,1.4,1.000e-10,204,0.187619,0.679260,0.012899,-0.002327
henon,param,3,5,0.01,1.4,1.000e-10,205,0.190659,0.680176,-0.001611,-0.007000
henon,param,3,5,0.01,1.4,1.000e-10,206,0.186021,0.678894,0.011877,0.008034
henon,param,3,5,0.01,1.4,1.000e-10,207,0.189454,0.681885,0.000347,0.002822
henon,param,3,5,0.01,1.4,1.000e-10,208,0.188500,0.682922,-0.003077,-0.001283
henon,param,3,5,0.01,1.4,1.000e-10,209,0.187849,0.677734,0.011453,-0.007664
henon,param,3,5,0.01,1.4,1.000e-10,210,0.190398,0.681519,0.000347,-0.003507
henon,param,3,5,0.01,1.4,1.000e-10,211,0.193426,0.684204,0.001592,0.001947
henon,param,3,5,0.01,1.4,1.000e-10,212,0.191597,0.683228,0.012144,-0.007910
henon,param,3,5,0.01,1.4,1.000e-10,213,0.187200,0.677185,0.007110,-0.000457
henon,param,3,5,0.01,1.4,1.000e-10,214,0.180715,0.677063,0.005249,0.019097
henon,param,3,5,0.01,1.4,1.000e-10,215,0.183669,0.678528,0.014765,0.006038
henon,param,3,5,0.01,1.4,1.000e-10,216,0.193160,0.685364,-0.002803,0.002143
henon,param,3,5,0.01,1.4,1.000e-10,217,0.194242,0.685181,-0.001854,-0.011258
henon,param,3,5,0.01,1.4,1.000e-10,218,0.195365,0.687805,0.003233,-0.010102
henon,param,3,5,0.01,1.4,1.000e-10,219,0.185705,0.678345,0.004096,0.009405
henon,param,3,5,0.01,1.4,1.000e-10,220,0.185277,0.676453,0.007881,-0.001871
henon,param,3,5,0.01,1.4,1.000e-10,221,0.184379,0.677856,0.004918,0.014561
henon,param,3,5,0.01,1.4,1.000e-10,222,0.186685,0.679077,0.007423,0.005144
henon,param,3,5,0.01,1.4,1.000e-10,223,0.193959,0.686218,0.000253,-0.010266
henon,param,3,5,0.01,1.4,1.000e-10,224,0.190325,0.683472,-0.005142,0.011040
henon,param,3,5,0.01,1.4,1.000e-10,225,0.190742,0.684631,0.000190,-0.006372
henon,param,3,5,0.01,1.4,1.000e-10,226,0.187900,0.680298,0.010506,0.003094
henon,param,3,5,0.01,1.4,1.000e-10,227,0.185869,0.677917,0.000123,0.012102
henon,param,3,5,0.01,1.4,1.000e-10,228,0.189917,0.682617,0.002362,-0.003738
henon,param,3,5,0.01,1.4,1.000e-10,229,0.190282,0.682617,0.010746,-0.001532
henon,param,3,5,0.01,1.4,1.000e-10,230,0.189471,0.680603,-0.005933,0.007947
henon,param,3,5,0.01,1.4,1.000e-10,231,0.191301,0.687866,0.000093,0.004774
henon,param,3,5,0.01,1.4,1.000e-10,232,0.192074,0.685669,-0.006901,0.000261
henon,param,3,5,0.01,1.4,1.000e-10,233,0.196303,0.686035,-0.005663,-0.002390
henon,param,3,5,0.01,1.4,1.000e-10,234,0.185743,0.678955,0.001765,0.003587
henon,param,3,5,0.01,1.4,1.000e-10,235,0.187880,0.677612,0.003442,0.016722
henon,param,3,5,0.01,1.4,1.000e-10,236,0.194191,0.682922,-0.007014,0.001336
henon,param,3,5,0.01,1.4,1.000e-10,237,0.201522,0.690063,-0.009067,-0.008945
henon,param,3,5,0.01,1.4,1.000e-10,238,0.200033,0.690674,-0.003324,-0.013280
henon,param,3,5,0.01,1.4,1.000e-10,239,0.191098,0.679321,0.010526,0.013775
henon,param,3,5,0.01,1.4,1.000e-10,240,0.185407,0.679932,0.005542,0.002680
henon,param,3,5,0.01,1.4,1.000e-10,241,0.183505,0.678528,-0.001630,0.002079
henon,param,3,5,0.01,1.4,1.000e-10,242,0.183549,0.675659,0.020709,-0.004679
henon,param,3,5,0.01,1.4,1.000e-10,243,0.187991,0.678406,-0.000956,0.008761
henon,param,3,5,0.01,1.4,1.000e-10,244,0.191559,0.685364,0.004031,-0.009995
henon,param,3,5,0.01,1.4,1.000e-10,245,0.193943,0.685425,0.002490,-0.003183
henon,param,3,5,0.01,1.4,1.000e-10,246,0.189121,0.681885,-0.021352,0.013432
henon,param,3,5,0.01,1.4,1.000e-10,247,0.179229,0.678162,0.003843,0.003774
henon,param,3,5,0.01,1.4,1.000e-10,248,0.180621,0.678284,0.000327,0.007376
henon,param,3,5,0.01,1.4,1.000e-10,249,0.187743,0.682190,-0.009729,0.002809
henon,param,3,5,0.01,1.4,1.000e-10,250,0.185716,0.677856,0.008660,-0.001034
henon,param,3,5,0.01,1.4,1.000e-10,251,0.186438,0.680542,0.001557,0.010492
henon,param,3,5,0.01,1.4,1.000e-10,252,0.186350,0.678223,0.002323,0.005422
henon,param,3,5,0.01,1.4,1.000e-10,253,0.190180,0.683777,0.000278,-0.002312
henon,param,3,5,0.01,1.4,1.000e-10,254,0.187480,0.679321,-0.005462,0.006577
henon,param,3,5,0.01,1.4,1.000e-10,255,0.190541,0.682678,-0.008565,-0.001934
henon,param,3,5,0.01,1.4,1.000e-10,256,0.181353,0.675903,0.011126,0.004206
henon,param,3,5,0.01,1.4,1.000e-10,257,0.188302,0.679138,0.012368,-0.001731
henon,param,3,5,0.01,1.4,1.000e-10,258,0.194393,0.688110,-0.001923,-0.000370
henon,param,3,5,0.01,1.4,1.000e-10,259,0.194573,0.687744,-0.008879,-0.009525
henon,param,3,5,0.01,1.4,1.000e-10,260,0.188407,0.679871,-0.009456,0.003080
henon,param,3,5,0.01,1.4,1.000e-10,261,0.179569,0.676147,0.012955,0.010829
henon,param,3,5,0.01,1.4,1.000e-10,262,0.178697,0.678223,0.008448,0.008088
henon,param,3,5,0.01,1.4,1.000e-10,263,0.188049,0.680115,-0.018540,-0.005264
henon,param,3,5,0.01,1.4,1.000e-10,264,0.194429,0.686646,-0.012425,0.001989
henon,param,3,5,0.01,1.4,1.000e-10,265,0.191436,0.681274,-0.006632,0.007837
henon,param,3,5,0.01,1.4,1.000e-10,266,0.190003,0.683716,-0.000584,0.003003
henon,param,3,5,0.01,1.4,1.000e-10,267,0.189930,0.683289,-0.008929,-0.003203
henon,param,3,5,0.01,1.4,1.000e-10,268,0.183472,0.676880,0.009024,0.008661
henon,param,3,5,0.01,1.4,1.000e-10,269,0.185255,0.679504,0.005343,0.002300
henon,param,3,5,0.01,1.4,1.000e-10,270,0.191508,0.683350,-0.001118,-0.000485
henon,param,3,5,0.01,1.4,1.000e-10,271,0.190822,0.681763,-0.005435,0.003962
henon,param,3,5,0.01,1.4,1.000e-10,272,0.189390,0.683655,0.001357,-0.002436
henon,param,3,5,0.01,1.4,1.000e-10,273,0.190771,0.679565,0.010991,-0.006751
henon,param,3,5,0.01,1.4,1.000e-10,274,0.193958,0.686584,-0.006940,-0.006227
henon,param,3,5,0.01,1.4,1.000e-10,275,0.195823,0.686218,-0.005842,0.001058
henon,param,3,5,0.01,1.4,1.000e-10,276,0.194738,0.685608,0.004323,0.000339
henon,param,3,5,0.01,1.4,1.000e-10,277,0.194753,0.683105,0.007040,-0.001749
henon,param,3,5,0.01,1.4,1.000e-10,278,0.190533,0.680420,-0.001556,-0.006214
henon,param,3,5,0.01,1.4,1.000e-10,279,0.192637,0.686584,-0.012022,0.004756
henon,param,3,5,0.01,1.4,1.000e-10,280,0.192113,0.683411,-0.006600,-0.004871
henon,param,3,5,0.01,1.4,1.000e-10,281,0.194362,0.684570,-0.010649,0.000562
henon,param,3,5,0.01,1.4,1.000e-10,282,0.201434,0.685547,-0.010407,-0.004467
henon,param,3,5,0.01,1.4,1.000e-10,283,0.202499,0.694519,-0.004956,-0.008527
henon,param,3,5,0.01,1.4,1.000e-10,284,0.196303,0.689087,-0.010585,0.000331
henon,param,3,5,0.01,1.4,1.000e-10,285,0.189582,0.681702,-0.005782,-0.006114
henon,param,3,5,0.01,1.4,1.000e-10,286,0.191628,0.681519,-0.012669,-0.011105
henon,param,3,5,0.01,1.4,1.000e-10,287,0.187680,0.676758,-0.000637,0.013545
henon,param,3,5,0.01,1.4,1.000e-10,288,0.192021,0.681152,-0.006835,-0.001839
henon,param,3,5,0.01,1.4,1.000e-10,289,0.187734,0.679382,0.002266,0.007968
henon,param,3,5,0.01,1.4,1.000e-10,290,0.194812,0.682678,-0.017840,0.004472
henon,param,3,5,0.01,1.4,1.000e-10,291,0.189121,0.676514,0.005719,0.006258
henon,param,3,5,0.01,1.4,1.000e-10,292,0.186616,0.683899,-0.000189,0.018154
henon,param,3,5,0.01,1.4,1.000e-10,293,0.192183,0.686218,-0.013030,0.003217
henon,param,3,5,0.01,1.4,1.000e-10,294,0.191151,0.685364,0.001627,-0.008003
henon,param,3,5,0.01,1.4,1.000e-10,295,0.185294,0.679688,-0.007891,0.010243
henon,param,3,5,0.01,1.4,1.000e-10,296,0.183239,0.676086,-0.007107,0.012020
henon,param,3,5,0.01,1.4,1.000e-10,297,0.180984,0.676636,0.006829,0.020676
henon,param,3,5,0.01,1.4,1.000e-10,298,0.185533,0.679443,-0.002524,0.006794
henon,param,3,5,0.01,1.4,1.000e-10,299,0.181192,0.676453,0.011359,0.021835
henon,param,3,5,0.01,1.4,1.000e-10,300,0.184126,0.679626,0.001349,0.006343
henon,param,3,5,0.01,1.4,1.000e-10,301,0.185942,0.681152,0.006624,0.012603
henon,param,3,5,0.01,1.4,1.000e-10,302,0.186001,0.680420,0.010024,0.010673
henon,param,3,5,0.01,1.4,1.000e-10,303,0.194147,0.685974,-0.005001,-0.005533
henon,param,3,5,0.01,1.4,1.000e-10,304,0.191601,0.679626,-0.000171,-0.012858
henon,param,3,5,0.01,1.4,1.000e-10,305,0.189662,0.681824,0.007891,0.001174
henon,param,3,5,0.01,1.4,1.000e-10,306,0.187510,0.679016,0.010295,0.004700
henon,param,3,5,0.01,1.4,1.000e-10,307,0.189288,0.677490,0.005309,0.000244
henon,param,3,5,0.01,1.4,1.000e-10,308,0.187814,0.679443,0.011701,-0.002219
henon,param,3,5,0.01,1.4,1.000e-10,309,0.191140,0.684448,0.008292,-0.005139
henon,param,3,5,0.01,1.4,1.000e-10,310,0.193080,0.685974,0.002926,-0.014952
henon,param,3,5,0.01,1.4,1.000e-10,311,0.191317,0.682007,0.002721,0.006856
henon,param,3,5,0.01,1.4,1.000e-10,312,0.191397,0.679138,-0.000794,0.004101
henon,param,3,5,0.01,1.4,1.000e-10,313,0.189136,0.682068,0.006887,0.002191
henon,param,3,5,0.01,1.4,1.000e-10,314,0.191984,0.682800,0.000784,-0.003136
henon,param,3,5,0.01,1.4,1.000e-10,315,0.193034,0.682129,-0.002853,-0.003725
henon,param,3,5,0.01,1.4,1.000e-10,316,0.195178,0.684937,-0.000402,-0.004987
henon,param,3,5,0.01,1.4,1.000e-10,317,0.193050,0.684143,0.003104,0.003591
henon,param,3,5,0.01,1.4,1.000e-10,318,0.193291,0.683228,-0.000514,-0.007636
henon,param,3,5,0.01,1.4,1.000e-10,319,0.185213,0.677307,0.005429,0.001911
henon,param,3,5,0.01,1.4,1.000e-10,320,0.191750,0.684570,-0.000218,0.008256
henon,param,3,5,0.01,1.4,1.000e-10,321,0.191763,0.687439,-0.000363,-0.010072
henon,param,3,5,0.01,1.4,1.000e-10,322,0.189362,0.679077,0.007111,0.003279
henon,param,3,5,0.01,1.4,1.000e-10,323,0.188593,0.679138,0.004327,0.005742
henon,param,3,5,0.01,1.4,1.000e-10,324,0.186676,0.680115,0.000972,0.006489
henon,param,3,5,0.01,1.4,1.000e-10,325,0.184614,0.679443,0.000976,0.008901
henon,param,3,5,0.01,1.4,1.000e-10,326,0.185827,0.680725,0.011619,0.001783
henon,param,3,5,0.01,1.4,1.000e-10,327,0.190924,0.682312,-0.001791,0.006271
henon,param,3,5,0.01,1.4,1.000e-10,328,0.186505,0.679871,-0.004301,0.009706
henon,param,3,5,0.01,1.4,1.000e-10,329,0.185198,0.678650,0.012694,-0.000281
henon,param,3,5,0.01,1.4,1.000e-10,330,0.191286,0.681213,-0.003923,0.007964
henon,param,3,5,0.01,1.4,1.000e-10,331,0.194113,0.684814,0.000605,0.000106
henon,param,3,5,0.01,1.4,1.000e-10,332,0.186599,0.683167,0.006354,0.015312
henon,param,3,5,0.01,1.4,1.000e-10,333,0.183958,0.675171,0.002632,-0.001565
henon,param,3,5,0.01,1.4,1.000e-10,334,0.188777,0.678345,-0.002321,-0.002664
henon,param,3,5,0.01,1.4,1.000e-10,335,0.189314,0.681580,-0.003299,0.012152
henon,param,3,5,0.01,1.4,1.000e-10,336,0.191427,0.682922,0.008544,0.003620
henon,param,3,5,0.01,1.4,1.000e-10,337,0.196351,0.683411,-0.009933,-0.004950
henon,param,3,5,0.01,1.4,1.000e-10,338,0.188222,0.682617,0.009117,0.007365
henon,param,3,5,0.01,1.4,1.000e-10,339,0.188693,0.678040,-0.001841,-0.001349
henon,param,3,5,0.01,1.4,1.000e-10,340,0.185946,0.679932,-0.004517,0.011700
henon,param,3,5,0.01,1.4,1.000e-10,341,0.183881,0.678223,0.006320,0.006413
henon,param,3,5,0.01,1.4,1.000e-10,342,0.185139,0.680725,0.004883,0.007968
henon,param,3,5,0.01,1.4,1.000e-10,343,0.186117,0.684265,0.008028,-0.010960
henon,param,3,5,0.01,1.4,1.000e-10,344,0.191363,0.682617,-0.000156,-0.005089
henon,param,3,5,0.01,1.4,1.000e-10,345,0.193593,0.684265,0.002483,-0.015777
henon,param,3,5,0.01,1.4,1.000e-10,346,0.199839,0.687012,-0.000580,-0.012582
henon,param,3,5,0.01,1.4,1.000e-10,347,0.196149,0.685974,-0.001622,-0.009256
henon,param,3,5,0.01,1.4,1.000e-10,348,0.191290,0.682129,-0.003457,-0.004191
henon,param,3,5,0.01,1.4,1.000e-10,349,0.184108,0.675110,-0.002236,0.008218
henon,param,3,5,0.01,1.4,1.000e-10,350,0.191520,0.683594,-0.012129,-0.008247
henon,param,3,5,0.01,1.4,1.000e-10,351,0.194184,0.681396,-0.004548,-0.000163
henon,param,3,5,0.01,1.4,1.000e-10,352,0.189758,0.680847,0.000337,0.005557
henon,param,3,5,0.01,1.4,1.000e-10,353,0.192521,0.678955,0.004879,0.005594
henon,param,3,5,0.01,1.4,1.000e-10,354,0.198676,0.686340,-0.000465,-0.009069
henon,param,3,5,0.01,1.4,1.000e-10,355,0.194934,0.685974,0.006840,0.001931
henon,param,3,5,0.01,1.4,1.000e-10,356,0.195843,0.692383,-0.011022,0.002182
henon,param,3,5,0.01,1.4,1.000e-10,357,0.189988,0.680786,-0.012635,-0.000240
henon,param,3,5,0.01,1.4,1.000e-10,358,0.193017,0.684814,-0.002722,-0.006795
henon,param,3,5,0.01,1.4,1.000e-10,359,0.191598,0.686829,-0.010509,0.002127
henon,param,3,5,0.01,1.4,1.000e-10,360,0.195001,0.684875,-0.020154,0.001577
henon,param,3,5,0.01,1.4,1.000e-10,361,0.196735,0.686462,-0.004902,-0.001705
henon,param,3,5,0.01,1.4,1.000e-10,362,0.198821,0.684570,-0.005515,-0.003884
henon,param,3,5,0.01,1.4,1.000e-10,363,0.193087,0.687378,0.002410,0.008215
henon,param,3,5,0.01,1.4,1.000e-10,364,0.192585,0.682068,0.007145,-0.013699
henon,param,3,5,0.01,1.4,1.000e-10,365,0.190346,0.684753,0.013021,-0.000885
henon,param,3,5,0.01,1.4,1.000e-10,366,0.189833,0.685913,0.006176,0.002410
henon,param,3,5,0.01,1.4,1.000e-10,367,0.195990,0.685181,0.002328,-0.016802
henon,param,3,5,0.01,1.4,1.000e-10,368,0.195731,0.686584,0.002053,-0.004984
henon,param,3,5,0.01,1.4,1.000e-10,369,0.189861,0.678467,0.002514,-0.008536
henon,param,3,5,0.01,1.4,1.000e-10,370,0.190272,0.679382,0.003659,-0.008735
henon,param,3,5,0.01,1.4,1.000e-10,371,0.195444,0.689453,0.009399,-0.011620
henon,param,3,5,0.01,1.4,1.000e-10,372,0.197387,0.687012,0.015036,-0.010729
henon,param,3,5,0.01,1.4,1.000e-10,373,0.200565,0.689514,-0.008176,-0.013486
henon,param,3,5,0.01,1.4,1.000e-10,374,0.196176,0.688904,0.004304,-0.019547
henon,param,3,5,0.01,1.4,1.000e-10,375,0.189212,0.680420,0.009826,-0.000916
henon,param,3,5,0.01,1.4,1.000e-10,376,0.195190,0.688293,0.007459,-0.015199
henon,param,3,5,0.01,1.4,1.000e-10,377,0.194063,0.682312,-0.004507,-0.005609
henon,param,3,5,0.01,1.4,1.000e-10,378,0.189850,0.683655,-0.001442,0.000113
henon,param,3,5,0.01,1.4,1.000e-10,379,0.193951,0.684570,-0.002369,-0.007994
henon,param,3,5,0.01,1.4,1.000e-10,380,0.200164,0.688416,-0.012353,-0.017939
henon,param,3,5,0.01,1.4,1.000e-10,381,0.196180,0.689148,0.006475,-0.001952
henon,param,3,5,0.01,1.4,1.000e-10,382,0.189484,0.681458,-0.000249,0.001335
henon,param,3,5,0.01,1.4,1.000e-10,383,0.188617,0.681641,-0.005304,-0.002581
henon,param,3,5,0.01,1.4,1.000e-10,384,0.191659,0.684082,0.005606,-0.011211
henon,param,3,5,0.01,1.4,1.000e-10,385,0.189082,0.678406,0.003616,0.001415
henon,param,3,5,0.01,1.4,1.000e-10,386,0.189839,0.679993,-0.001912,-0.004366
henon,param,3,5,0.01,1.4,1.000e-10,387,0.185891,0.679382,0.003440,0.000177
henon,param,3,5,0.01,1.4,1.000e-10,388,0.181230,0.675720,0.024044,-0.003482
henon,param,3,5,0.01,1.4,1.000e-10,389,0.189558,0.681702,-0.005815,0.001391
henon,param,3,5,0.01,1.4,1.000e-10,390,0.183560,0.675842,0.000076,0.023068
henon,param,3,5,0.01,1.4,1.000e-10,391,0.188965,0.682495,0.009017,-0.000563
henon,param,3,5,0.01,1.4,1.000e-10,392,0.191215,0.682434,0.005485,-0.013042
henon,param,3,5,0.01,1.4,1.000e-10,393,0.194184,0.684753,-0.010384,0.003858
henon,param,3,5,0.01,1.4,1.000e-10,394,0.194782,0.684082,-0.001030,-0.014353
henon,param,3,5,0.01,1.4,1.000e-10,395,0.193923,0.683472,-0.002681,-0.000877
henon,param,3,5,0.01,1.4,1.000e-10,396,0.198574,0.690735,-0.002356,-0.011411
henon,param,3,5,0.01,1.4,1.000e-10,397,0.196543,0.688110,0.005461,-0.015209
henon,param,3,5,0.01,1.4,1.000e-10,398,0.188719,0.681335,0.010309,0.007841
henon,param,3,5,0.01,1.4,1.000e-10,399,0.189077,0.682007,0.016083,-0.011614
henon,param,3,5,0.01,1.4,1.000e-10,400,0.186955,0.675598,0.005858,-0.009301
henon,param,3,5,0.01,1.4,1.000e-08,1,-18.740779,0.000000,1.000000,1.000000
henon,param,3,5,0.01,1.4,1.000e-08,2,-18.051743,0.000000,1.000000,1.000000
henon,param,3,5,0.01,1.4,1.000e-08,3,-17.363691,0.000000,1.000000,1.000000
henon,param,3,5,0.01,1.4,1.000e-08,4,-16.992329,0.000000,1.000000,1.000000
henon,param,3,5,0.01,1.4,1.000e-08,5,-16.508500,0.000000,1.000000,1.000000
henon,param,3,5,0.01,1.4,1.000e-08,6,-16.063397,0.000000,1.000000,1.000000
henon,param,3,5,0.01,1.4,1.000e-08,7,-15.618021,0.000000,1.000000,1.000000
henon,param,3,5,0.01,1.4,1.000e-08,8,-15.173012,0.000000,1.000000,1.000000
henon,param,3,5,0.01,1.4,1.000e-08,9,-14.711732,0.000000,1.000000,1.000000
henon,param,3,5,0.01,1.4,1.000e-08,10,-14.262362,0.000000,1.000000,1.000000
henon,param,3,5,0.01,1.4,1.000e-08,11,-13.835421,0.000000,1.000000,1.000000
henon,param,3,5,0.01,1.4,1.000e-08,12,-13.401695,0.000000,1.000000,1.000000
henon,param,3,5,0.01,1.4,1.000e-08,13,-12.969460,0.000000,1.000000,1.000000
henon,param,3,5,0.01,1.4,1.000e-08,14,-12.531345,0.000000,1.000000,1.000000
henon,param,3,5,0.01,1.4,1.000e-08,15,-12.100424,0.000000,1.000000,1.000000
henon,param,3,5,0.01,1.4,1.000e-08,16,-11.664208,0.000000,1.000000,1.000000
henon,param,3,5,0.01,1.4,1.000e-08,17,-11.231413,0.000000,1.000000,1.000000
henon,param,3,5,0.01,1.4,1.000e-08,18,-10.789342,0.000000,1.000000,1.000000
henon,param,3,5,0.01,1.4,1.000e-08,19,-10.360667,0.000000,1.000000,1.000000
henon,param,3,5,0.01,1.4,1.000e-08,20,-9.938030,0.000000,1.000000,1.000000
henon,param,3,5,0.01,1.4,1.000e-08,21,-9.498029,0.000000,1.000000,1.000000
henon,param,3,5,0.01,1.4,1.000e-08,22,-9.064827,0.000000,1.000000,1.000000
henon,param,3,5,0.01,1.4,1.000e-08,23,-8.632469,0.000000,1.000000,1.000000
henon,param,3,5,0.01,1.4,1.000e-08,24,-8.202378,0.000000,0.999999,0.999999
henon,param,3,5,0.01,1.4,1.000e-08,25,-7.774868,0.000000,0.999998,0.999997
henon,param,3,5,0.01,1.4,1.000e-08,26,-7.344974,0.000000,0.999993,0.999992
henon,param,3,5,0.01,1.4,1.000e-08,27,-6.913140,0.000000,0.999981,0.999980
henon,param,3,5,0.01,1.4,1.000e-08,28,-6.480449,0.000000,0.999951,0.999940
henon,param,3,5,0.01,1.4,1.000e-08,29,-6.051618,0.000000,0.999879,0.999860
henon,param,3,5,0.01,1.4,1.000e-08,30,-5.616862,0.000000,0.999658,0.999604
henon,param,3,5,0.01,1.4,1.000e-08,31,-5.190447,0.000061,0.999084,0.998908
henon,param,3,5,0.01,1.4,1.000e-08,32,-4.762665,0.000427,0.998042,0.997337
henon,param,3,5,0.01,1.4,1.000e-08,33,-4.328444,0.002258,0.994257,0.993818
henon,param,3,5,0.01,1.4,1.000e-08,34,-3.899786,0.005676,0.986591,0.986651
henon,param,3,5,0.01,1.4,1.000e-08,35,-3.472343,0.012573,0.975465,0.974127
henon,param,3,5,0.01,1.4,1.000e-08,36,-3.059694,0.023376,0.957410,0.954824
henon,param,3,5,0.01,1.4,1.000e-08,37,-2.657698,0.047180,0.924814,0.920459
henon,param,3,5,0.01,1.4,1.000e-08,38,-2.274550,0.078247,0.885990,0.872716
henon,param,3,5,0.01,1.4,1.000e-08,39,-1.900426,0.119812,0.823540,0.815660
henon,param,3,5,0.01,1.4,1.000e-08,40,-1.569180,0.166077,0.764359,0.751098
henon,param,3,5,0.01,1.4,1.000e-08,41,-1.266198,0.219238,0.692148,0.681166
henon,param,3,5,0.01,1.4,1.000e-08,42,-0.993951,0.276489,0.598711,0.599793
henon,param,3,5,0.01,1.4,1.000e-08,43,-0.757261,0.338989,0.523870,0.509961
henon,param,3,5,0.01,1.4,1.000e-08,44,-0.563084,0.391479,0.449522,0.423586
henon,param,3,5,0.01,1.4,1.000e-08,45,-0.401951,0.438660,0.371957,0.358447
henon,param,3,5,0.01,1.4,1.000e-08,46,-0.266072,0.486816,0.306255,0.295352
henon,param,3,5,0.01,1.4,1.000e-08,47,-0.160430,0.521729,0.247709,0.229743
henon,param,3,5,0.01,1.4,1.000e-08,48,-0.074366,0.557922,0.200142,0.186496
henon,param,3,5,0.01,1.4,1.000e-08,49,-0.008273,0.586792,0.154060,0.138197
henon,param,3,5,0.01,1.4,1.000e-08,50,0.046467,0.608398,0.115135,0.106664
henon,param,3,5,0.01,1.4,1.000e-08,51,0.080864,0.625671,0.094696,0.088496
henon,param,3,5,0.01,1.4,1.000e-08,52,0.108850,0.639465,0.078663,0.054741
henon,param,3,5,0.01,1.4,1.000e-08,53,0.129029,0.651245,0.060674,0.037248
henon,param,3,5,0.01,1.4,1.000e-08,54,0.146077,0.660034,0.039355,0.037729
henon,param,3,5,0.01,1.4,1.000e-08,55,0.164524,0.670349,0.020654,0.022432
henon,param,3,5,0.01,1.4,1.000e-08,56,0.172869,0.674194,0.012312,0.025611
henon,param,3,5,0.01,1.4,1.000e-08,57,0.176076,0.672424,0.011612,0.016714
henon,param,3,5,0.01,1.4,1.000e-08,58,0.181732,0.675354,0.015660,0.004916
henon,param,3,5,0.01,1.4,1.000e-08,59,0.184699,0.681702,-0.005439,0.016491
henon,param,3,5,0.01,1.4,1.000e-08,60,0.184865,0.680359,0.008040,0.000005
henon,param,3,5,0.01,1.4,1.000e-08,61,0.191361,0.683899,-0.003349,-0.000798
henon,param,3,5,0.01,1.4,1.000e-08,62,0.196912,0.686951,-0.009234,-0.003354
henon,param,3,5,0.01,1.4,1.000e-08,63,0.198628,0.688293,0.000549,-0.010085
henon,param,3,5,0.01,1.4,1.000e-08,64,0.193476,0.685974,0.001451,-0.001155
henon,param,3,5,0.01,1.4,1.000e-08,65,0.195175,0.685974,-0.010188,-0.008418
henon,param,3,5,0.01,1.4,1.000e-08,66,0.195558,0.684082,-0.005785,-0.006653
henon,param,3,5,0.01,1.4,1.000e-08,67,0.189805,0.676636,0.008047,0.000037
henon,param,3,5,0.01,1.4,1.000e-08,68,0.188963,0.681396,0.004052,-0.000646
henon,param,3,5,0.01,1.4,1.000e-08,69,0.188262,0.681091,-0.020074,0.013327
henon,param,3,5,0.01,1.4,1.000e-08,70,0.184504,0.678528,0.002287,0.012335
henon,param,3,5,0.01,1.4,1.000e-08,71,0.185301,0.683960,0.008327,0.004110
henon,param,3,5,0.01,1.4,1.000e-08,72,0.185952,0.680359,-0.002216,-0.002194
henon,param,3,5,0.01,1.4,1.000e-08,73,0.184392,0.680359,0.005465,0.012948
henon,param,3,5,0.01,1.4,1.000e-08,74,0.188986,0.680115,-0.001138,0.005313
henon,param,3,5,0.01,1.4,1.000e-08,75,0.192959,0.681335,-0.007662,0.002515
henon,param,3,5,0.01,1.4,1.000e-08,76,0.188472,0.682190,-0.001344,0.011530
henon,param,3,5,0.01,1.4,1.000e-08,77,0.191134,0.686462,-0.003695,-0.010067
henon,param,3,5,0.01,1.4,1.000e-08,78,0.187437,0.679993,0.010806,-0.005230
henon,param,3,5,0.01,1.4,1.000e-08,79,0.184951,0.678162,-0.003265,-0.005779
henon,param,3,5,0.01,1.4,1.000e-08,80,0.185161,0.679688,0.022853,-0.003095
henon,param,3,5,0.01,1.4,1.000e-08,81,0.186848,0.680237,0.011299,-0.004034
henon,param,3,5,0.01,1.4,1.000e-08,82,0.187124,0.686890,-0.001662,0.002483
henon,param,3,5,0.01,1.4,1.000e-08,83,0.191063,0.681458,0.008334,-0.007038
henon,param,3,5,0.01,1.4,1.000e-08,84,0.193479,0.688293,0.009041,-0.013979
henon,param,3,5,0.01,1.4,1.000e-08,85,0.189685,0.682617,0.002884,-0.000213
henon,param,3,5,0.01,1.4,1.000e-08,86,0.192183,0.683533,0.006678,-0.001672
henon,param,3,5,0.01,1.4,1.000e-08,87,0.195834,0.689636,-0.004707,-0.010431
henon,param,3,5,0.01,1.4,1.000e-08,88,0.187205,0.679077,0.019010,0.001416
henon,param,3,5,0.01,1.4,1.000e-08,89,0.189791,0.680847,0.003483,-0.007675
henon,param,3,5,0.01,1.4,1.000e-08,90,0.186506,0.679260,0.013389,0.006076
henon,param,3,5,0.01,1.4,1.000e-08,91,0.192608,0.685303,-0.010861,0.010715
henon,param,3,5,0.01,1.4,1.000e-08,92,0.195614,0.688049,0.002599,-0.012099
henon,param,3,5,0.01,1.4,1.000e-08,93,0.193951,0.684998,0.000040,-0.009215
henon,param,3,5,0.01,1.4,1.000e-08,94,0.192579,0.684814,-0.009732,0.007724
henon,param,3,5,0.01,1.4,1.000e-08,95,0.192576,0.682922,-0.010157,-0.006507
henon,param,3,5,0.01,1.4,1.000e-08,96,0.186045,0.677673,-0.002438,0.001918
henon,param,3,5,0.01,1.4,1.000e-08,97,0.187146,0.677307,0.004258,0.000271
henon,param,3,5,0.01,1.4,1.000e-08,98,0.189444,0.680054,0.008566,-0.005629
henon,param,3,5,0.01,1.4,1.000e-08,99,0.191979,0.684692,-0.002393,0.002221
henon,param,3,5,0.01,1.4,1.000e-08,100,0.191062,0.679138,0.001288,0.006107
henon,param,3,5,0.01,1.4,1.000e-08,101,0.195141,0.687744,0.006873,-0.018830
henon,param,3,5,0.01,1.4,1.000e-08,102,0.190344,0.677979,0.007942,-0.005258
henon,param,3,5,0.01,1.4,1.000e-08,103,0.189658,0.681946,0.006440,0.002962
henon,param,3,5,0.01,1.4,1.000e-08,104,0.191420,0.684265,-0.003054,0.009993
henon,param,3,5,0.01,1.4,1.000e-08,105,0.189077,0.680054,-0.008044,-0.003503
henon,param,3,5,0.01,1.4,1.000e-08,106,0.185383,0.681030,0.001393,0.001009
henon,param,3,5,0.01,1.4,1.000e-08,107,0.184656,0.675842,0.007237,-0.000979
henon,param,3,5,0.01,1.4,1.000e-08,108,0.187205,0.678162,0.001803,0.015225
henon,param,3,5,0.01,1.4,1.000e-08,109,0.188630,0.681519,0.004177,0.005432
henon,param,3,5,0.01,1.4,1.000e-08,110,0.187234,0.679077,-0.010171,0.007811
henon,param,3,5,0.01,1.4,1.000e-08,111,0.181992,0.672485,0.008608,0.010791
henon,param,3,5,0.01,1.4,1.000e-08,112,0.179715,0.672791,0.014825,0.007418
henon,param,3,5,0.01,1.4,1.000e-08,113,0.192710,0.688416,0.003193,-0.009436
henon,param,3,5,0.01,1.4,1.000e-08,114,0.192768,0.684875,0.002051,-0.005802
henon,param,3,5,0.01,1.4,1.000e-08,115,0.199095,0.686523,-0.010582,-0.011384
henon,param,3,5,0.01,1.4,1.000e-08,116,0.197656,0.688171,-0.007216,-0.002374
henon,param,3,5,0.01,1.4,1.000e-08,117,0.187616,0.680603,0.010564,-0.001036
henon,param,3,5,0.01,1.4,1.000e-08,118,0.183421,0.676270,0.007446,0.011656
henon,param,3,5,0.01,1.4,1.000e-08,119,0.183464,0.678284,0.007927,0.004937
henon,param,3,5,0.01,1.4,1.000e-08,120,0.185606,0.675903,0.008948,0.016398
henon,param,3,5,0.01,1.4,1.000e-08,121,0.187866,0.685120,0.007870,-0.001012
henon,param,3,5,0.01,1.4,1.000e-08,122,0.184016,0.674072,-0.000207,-0.000692
henon,param,3,5,0.01,1.4,1.000e-08,123,0.178507,0.677917,0.013710,0.002474
henon,param,3,5,0.01,1.4,1.000e-08,124,0.179711,0.675415,0.012120,0.008479
henon,param,3,5,0.01,1.4,1.000e-08,125,0.191250,0.682861,-0.008366,0.001294
henon,param,3,5,0.01,1.4,1.000e-08,126,0.192596,0.689148,0.003236,-0.015764
henon,param,3,5,0.01,1.4,1.000e-08,127,0.194201,0.684021,-0.000512,-0.007263
henon,param,3,5,0.01,1.4,1.000e-08,128,0.192398,0.688904,0.006599,-0.005510
henon,param,3,5,0.01,1.4,1.000e-08,129,0.189584,0.680298,0.002332,-0.000709
henon,param,3,5,0.01,1.4,1.000e-08,130,0.186612,0.679199,0.006404,0.005658
henon,param,3,5,0.01,1.4,1.000e-08,131,0.188000,0.680298,0.007184,0.004023
henon,param,3,5,0.01,1.4,1.000e-08,132,0.190476,0.685242,-0.004736,0.004726
henon,param,3,5,0.01,1.4,1.000e-08,133,0.194262,0.682861,-0.020354,0.009412
henon,param,3,5,0.01,1.4,1.000e-08,134,0.189916,0.684875,0.000644,0.004954
henon,param,3,5,0.01,1.4,1.000e-08,135,0.190385,0.681152,-0.000776,-0.007480
henon,param,3,5,0.01,1.4,1.000e-08,136,0.187814,0.679138,-0.010773,-0.000680
henon,param,3,5,0.01,1.4,1.000e-08,137,0.188032,0.676453,-0.005931,0.011844
henon,param,3,5,0.01,1.4,1.000e-08,138,0.194877,0.688232,-0.011059,0.007055
henon,param,3,5,0.01,1.4,1.000e-08,139,0.188924,0.682251,-0.004837,0.010757
henon,param,3,5,0.01,1.4,1.000e-08,140,0.193668,0.684265,-0.003086,-0.015258
henon,param,3,5,0.01,1.4,1.000e-08,141,0.190559,0.681580,0.000698,-0.000475
henon,param,3,5,0.01,1.4,1.000e-08,142,0.192030,0.680664,-0.006346,-0.005812
henon,param,3,5,0.01,1.4,1.000e-08,143,0.194428,0.684082,0.000717,-0.007680
henon,param,3,5,0.01,1.4,1.000e-08,144,0.191623,0.682068,-0.000631,-0.007572
henon,param,3,5,0.01,1.4,1.000e-08,145,0.193836,0.683350,0.006790,-0.005812
henon,param,3,5,0.01,1.4,1.000e-08,146,0.193763,0.683960,0.007766,-0.009854
henon,param,3,5,0.01,1.4,1.000e-08,147,0.194167,0.682922,-0.004701,-0.001351
henon,param,3,5,0.01,1.4,1.000e-08,148,0.195523,0.685730,0.000536,-0.005497
henon,param,3,5,0.01,1.4,1.000e-08,149,0.195174,0.684814,-0.005965,-0.008762
henon,param,3,5,0.01,1.4,1.000e-08,150,0.194130,0.682312,-0.010064,0.006661
henon,param,3,5,0.01,1.4,1.000e-08,151,0.185692,0.674438,0.010072,0.013227
henon,param,3,5,0.01,1.4,1.000e-08,152,0.194068,0.688171,0.001092,-0.009096
henon,param,3,5,0.01,1.4,1.000e-08,153,0.196169,0.685852,0.001643,-0.003128
henon,param,3,5,0.01,1.4,1.000e-08,154,0.191507,0.684814,0.006735,-0.003730
henon,param,3,5,0.01,1.4,1.000e-08,155,0.185969,0.678528,0.005399,0.001276
henon,param,3,5,0.01,1.4,1.000e-08,156,0.191296,0.682861,-0.013715,-0.001597
henon,param,3,5,0.01,1.4,1.000e-08,157,0.191439,0.686768,-0.005817,0.001556
henon,param,3,5,0.01,1.4,1.000e-08,158,0.193410,0.683167,-0.003781,-0.017736
henon,param,3,5,0.01,1.4,1.000e-08,159,0.197130,0.685730,-0.018532,-0.005828
henon,param,3,5,0.01,1.4,1.000e-08,160,0.190963,0.679321,0.012977,-0.008162
henon,param,3,5,0.01,1.4,1.000e-08,161,0.189536,0.683533,-0.000450,0.001303
henon,param,3,5,0.01,1.4,1.000e-08,162,0.187785,0.681091,-0.000248,0.008559
henon,param,3,5,0.01,1.4,1.000e-08,163,0.188300,0.682495,-0.002849,0.008036
henon,param,3,5,0.01,1.4,1.000e-08,164,0.192068,0.684326,0.002273,-0.010113
henon,param,3,5,0.01,1.4,1.000e-08,165,0.191259,0.686829,-0.001252,-0.003982
henon,param,3,5,0.01,1.4,1.000e-08,166,0.188821,0.681396,-0.003763,0.001823
henon,param,3,5,0.01,1.4,1.000e-08,167,0.191742,0.684570,0.005287,-0.000557
henon,param,3,5,0.01,1.4,1.000e-08,168,0.188866,0.683350,0.005287,-0.000453
henon,param,3,5,0.01,1.4,1.000e-08,169,0.190574,0.679810,-0.008808,0.000785
henon,param,3,5,0.01,1.4,1.000e-08,170,0.188703,0.682434,0.009160,-0.002739
henon,param,3,5,0.01,1.4,1.000e-08,171,0.191093,0.682800,-0.005217,0.006406
henon,param,3,5,0.01,1.4,1.000e-08,172,0.193267,0.685181,0.000107,-0.001768
henon,param,3,5,0.01,1.4,1.000e-08,173,0.199897,0.685974,-0.010051,-0.007685
henon,param,3,5,0.01,1.4,1.000e-08,174,0.196368,0.684937,-0.008679,0.002682
henon,param,3,5,0.01,1.4,1.000e-08,175,0.198920,0.690247,-0.006668,-0.008071
henon,param,3,5,0.01,1.4,1.000e-08,176,0.194601,0.688354,-0.009448,-0.001818
henon,param,3,5,0.01,1.4,1.000e-08,177,0.185914,0.677490,-0.000353,0.010300
henon,param,3,5,0.01,1.4,1.000e-08,178,0.189137,0.680603,0.007012,-0.000693
henon,param,3,5,0.01,1.4,1.000e-08,179,0.193539,0.685059,-0.000606,-0.001232
henon,param,3,5,0.01,1.4,1.000e-08,180,0.196477,0.687073,-0.002729,0.000594
henon,param,3,5,0.01,1.4,1.000e-08,181,0.203059,0.692749,-0.006080,-0.013449
henon,param,3,5,0.01,1.4,1.000e-08,182,0.195974,0.683105,-0.015327,0.003452
henon,param,3,5,0.01,1.4,1.000e-08,183,0.186710,0.678284,0.012985,-0.004541
henon,param,3,5,0.01,1.4,1.000e-08,184,0.182783,0.674988,0.010696,0.004832
henon,param,3,5,0.01,1.4,1.000e-08,185,0.184349,0.676575,0.003913,-0.007223
henon,param,3,5,0.01,1.4,1.000e-08,186,0.190302,0.682251,0.000605,-0.010947
henon,param,3,5,0.01,1.4,1.000e-08,187,0.192744,0.680359,-0.006704,-0.012344
henon,param,3,5,0.01,1.4,1.000e-08,188,0.184457,0.682556,0.026130,-0.003796
henon,param,3,5,0.01,1.4,1.000e-08,189,0.192331,0.684204,-0.008904,0.002960
henon,param,3,5,0.01,1.4,1.000e-08,190,0.193017,0.681519,-0.005112,-0.008627
henon,param,3,5,0.01,1.4,1.000e-08,191,0.190205,0.681152,0.004067,0.003875
henon,param,3,5,0.01,1.4,1.000e-08,192,0.184580,0.677979,0.011204,0.004679
henon,param,3,5,0.01,1.4,1.000e-08,193,0.187473,0.680725,0.004696,0.001945
henon,param,3,5,0.01,1.4,1.000e-08,194,0.187900,0.681702,0.019020,-0.010231
henon,param,3,5,0.01,1.4,1.000e-08,195,0.189872,0.680176,0.001447,0.000857
henon,param,3,5,0.01,1.4,1.000e-08,196,0.196354,0.687256,0.002206,-0.005649
henon,param,3,5,0.01,1.4,1.000e-08,197,0.196986,0.690308,-0.003332,-0.003042
henon,param,3,5,0.01,1.4,1.000e-08,198,0.186597,0.679688,0.005146,0.005793
henon,param,3,5,0.01,1.4,1.000e-08,199,0.186756,0.681152,-0.016747,0.012707
henon,param,3,5,0.01,1.4,1.000e-08,200,0.184957,0.674805,0.001308,0.007217
henon,param,3,5,0.01,1.4,1.000e-08,201,0.191732,0.682068,-0.003863,0.002764
henon,param,3,5,0.01,1.4,1.000e-08,202,0.197342,0.690002,-0.012561,0.007116
henon,param,3,5,0.01,1.4,1.000e-08,203,0.196027,0.687134,-0.015020,0.002253
henon,param,3,5,0.01,1.4,1.000e-08,204,0.194989,0.681763,-0.004382,-0.008275
henon,param,3,5,0.01,1.4,1.000e-08,205,0.189380,0.684082,-0.005906,0.017576
henon,param,3,5,0.01,1.4,1.000e-08,206,0.190194,0.682007,-0.011336,0.006326
henon,param,3,5,0.01,1.4,1.000e-08,207,0.191623,0.681274,0.005103,-0.001830
henon,param,3,5,0.01,1.4,1.000e-08,208,0.194560,0.688293,-0.008939,-0.002371
henon,param,3,5,0.01,1.4,1.000e-08,209,0.188835,0.681946,0.011917,-0.002826
henon,param,3,5,0.01,1.4,1.000e-08,210,0.192362,0.685547,-0.004536,-0.000806
henon,param,3,5,0.01,1.4,1.000e-08,211,0.184980,0.675781,0.014750,0.001743
henon,param,3,5,0.01,1.4,1.000e-08,212,0.186521,0.676880,-0.005274,0.001611
henon,param,3,5,0.01,1.4,1.000e-08,213,0.185338,0.680481,0.007482,0.011787
henon,param,3,5,0.01,1.4,1.000e-08,214,0.190048,0.682312,0.006326,-0.006193
henon,param,3,5,0.01,1.4,1.000e-08,215,0.195023,0.686951,-0.006777,-0.003197
henon,param,3,5,0.01,1.4,1.000e-08,216,0.190159,0.685364,0.005382,-0.004138
henon,param,3,5,0.01,1.4,1.000e-08,217,0.183983,0.675415,0.005937,0.006311
henon,param,3,5,0.01,1.4,1.000e-08,218,0.190715,0.684753,0.002967,-0.004122
henon,param,3,5,0.01,1.4,1.000e-08,219,0.187232,0.679565,-0.008092,0.000943
henon,param,3,5,0.01,1.4,1.000e-08,220,0.181111,0.677979,0.019516,0.004700
henon,param,3,5,0.01,1.4,1.000e-08,221,0.188000,0.682129,-0.017779,0.007493
henon,param,3,5,0.01,1.4,1.000e-08,222,0.184609,0.678528,0.009900,0.008306
henon,param,3,5,0.01,1.4,1.000e-08,223,0.183160,0.676392,0.018444,-0.000939
henon,param,3,5,0.01,1.4,1.000e-08,224,0.195232,0.686401,-0.005917,0.001364
henon,param,3,5,0.01,1.4,1.000e-08,225,0.195108,0.688721,-0.004878,-0.000507
henon,param,3,5,0.01,1.4,1.000e-08,226,0.195081,0.683533,-0.003180,-0.013731
henon,param,3,5,0.01,1.4,1.000e-08,227,0.192432,0.682800,0.000949,-0.004295
henon,param,3,5,0.01,1.4,1.000e-08,228,0.194616,0.686462,-0.009591,-0.006087
henon,param,3,5,0.01,1.4,1.000e-08,229,0.190517,0.685425,0.016321,-0.007695
henon,param,3,5,0.01,1.4,1.000e-08,230,0.197595,0.687927,-0.005953,-0.010188
henon,param,3,5,0.01,1.4,1.000e-08,231,0.197659,0.689087,-0.015284,0.000108
henon,param,3,5,0.01,1.4,1.000e-08,232,0.190201,0.680664,-0.000753,-0.002359
henon,param,3,5,0.01,1.4,1.000e-08,233,0.181608,0.679138,0.017296,0.009538
henon,param,3,5,0.01,1.4,1.000e-08,234,0.187152,0.676514,0.011313,-0.005824
henon,param,3,5,0.01,1.4,1.000e-08,235,0.189902,0.684082,-0.002051,0.000130
henon,param,3,5,0.01,1.4,1.000e-08,236,0.190580,0.684204,-0.007830,0.005496
henon,param,3,5,0.01,1.4,1.000e-08,237,0.190803,0.681702,-0.006886,-0.004799
henon,param,3,5,0.01,1.4,1.000e-08,238,0.189419,0.684265,-0.004102,0.003656
henon,param,3,5,0.01,1.4,1.000e-08,239,0.191616,0.679565,0.014110,-0.009030
henon,param,3,5,0.01,1.4,1.000e-08,240,0.192214,0.685913,0.016087,0.001996
henon,param,3,5,0.01,1.4,1.000e-08,241,0.194756,0.683350,-0.021117,0.004269
henon,param,3,5,0.01,1.4,1.000e-08,242,0.188930,0.684204,0.007139,-0.002942
henon,param,3,5,0.01,1.4,1.000e-08,243,0.186867,0.678345,0.008716,0.008105
henon,param,3,5,0.01,1.4,1.000e-08,244,0.189775,0.679932,-0.004267,-0.004969
henon,param,3,5,0.01,1.4,1.000e-08,245,0.188240,0.677673,0.001595,0.000472
henon,param,3,5,0.01,1.4,1.000e-08,246,0.192820,0.684143,-0.002938,-0.003061
henon,param,3,5,0.01,1.4,1.000e-08,247,0.185091,0.675293,-0.001063,0.002932
henon,param,3,5,0.01,1.4,1.000e-08,248,0.190016,0.679443,0.005012,0.009831
henon,param,3,5,0.01,1.4,1.000e-08,249,0.186269,0.679138,0.012584,-0.005297
henon,param,3,5,0.01,1.4,1.000e-08,250,0.188969,0.679321,-0.005421,0.002730
henon,param,3,5,0.01,1.4,1.000e-08,251,0.188880,0.677124,-0.003807,0.005516
henon,param,3,5,0.01,1.4,1.000e-08,252,0.188695,0.682312,-0.001906,0.011897
henon,param,3,5,0.01,1.4,1.000e-08,253,0.197887,0.686707,-0.012949,-0.006455
henon,param,3,5,0.01,1.4,1.000e-08,254,0.195501,0.685547,0.001181,-0.011463
henon,param,3,5,0.01,1.4,1.000e-08,255,0.192791,0.683044,-0.003800,-0.001712
henon,param,3,5,0.01,1.4,1.000e-08,256,0.190421,0.685608,-0.001438,-0.006881
henon,param,3,5,0.01,1.4,1.000e-08,257,0.181824,0.678040,0.015941,0.006918
henon,param,3,5,0.01,1.4,1.000e-08,258,0.188925,0.683716,0.009022,-0.007224
henon,param,3,5,0.01,1.4,1.000e-08,259,0.181511,0.678101,0.003598,0.015702
henon,param,3,5,0.01,1.4,1.000e-08,260,0.189675,0.682251,0.000777,0.001393
henon,param,3,5,0.01,1.4,1.000e-08,261,0.192199,0.684326,-0.010355,-0.001804
henon,param,3,5,0.01,1.4,1.000e-08,262,0.186101,0.679932,-0.011538,0.008474
henon,param,3,5,0.01,1.4,1.000e-08,263,0.188319,0.678467,0.008878,-0.013898
henon,param,3,5,0.01,1.4,1.000e-08,264,0.191854,0.683350,-0.015426,0.003032
henon,param,3,5,0.01,1.4,1.000e-08,265,0.190438,0.678833,0.009408,-0.003176
henon,param,3,5,0.01,1.4,1.000e-08,266,0.191205,0.683228,0.004001,0.005735
henon,param,3,5,0.01,1.4,1.000e-08,267,0.197296,0.689209,-0.003643,-0.000425
henon,param,3,5,0.01,1.4,1.000e-08,268,0.191181,0.682495,0.010748,-0.009522
henon,param,3,5,0.01,1.4,1.000e-08,269,0.190136,0.681091,-0.002811,-0.007741
henon,param,3,5,0.01,1.4,1.000e-08,270,0.188630,0.681458,0.004172,0.002030
henon,param,3,5,0.01,1.4,1.000e-08,271,0.191591,0.685547,-0.004633,0.004855
henon,param,3,5,0.01,1.4,1.000e-08,272,0.189822,0.682556,0.002822,-0.000854
henon,param,3,5,0.01,1.4,1.000e-08,273,0.187302,0.681519,0.007253,-0.001410
henon,param,3,5,0.01,1.4,1.000e-08,274,0.183381,0.678650,0.008071,0.010139
henon,param,3,5,0.01,1.4,1.000e-08,275,0.191382,0.684265,-0.004886,-0.002800
henon,param,3,5,0.01,1.4,1.000e-08,276,0.189920,0.682800,-0.001139,0.010510
henon,param,3,5,0.01,1.4,1.000e-08,277,0.191759,0.686951,-0.001536,0.010949
henon,param,3,5,0.01,1.4,1.000e-08,278,0.194684,0.681274,-0.009436,-0.008878
henon,param,3,5,0.01,1.4,1.000e-08,279,0.191094,0.684509,0.009556,0.002780
henon,param,3,5,0.01,1.4,1.000e-08,280,0.189920,0.679504,-0.009773,-0.001122
henon,param,3,5,0.01,1.4,1.000e-08,281,0.188894,0.682251,0.004982,-0.003224
henon,param,3,5,0.01,1.4,1.000e-08,282,0.194140,0.686279,0.001849,0.000996
henon,param,3,5,0.01,1.4,1.000e-08,283,0.199600,0.688843,0.000883,-0.007546
henon,param,3,5,0.01,1.4,1.000e-08,284,0.199451,0.685547,-0.004011,-0.007914
henon,param,3,5,0.01,1.4,1.000e-08,285,0.199105,0.690735,-0.002578,-0.010803
henon,param,3,5,0.01,1.4,1.000e-08,286,0.194315,0.686890,-0.002082,-0.007490
henon,param,3,5,0.01,1.4,1.000e-08,287,0.189398,0.679565,-0.000113,-0.007460
henon,param,3,5,0.01,1.4,1.000e-08,288,0.189463,0.685913,0.001417,0.002858
henon,param,3,5,0.01,1.4,1.000e-08,289,0.193454,0.685913,-0.004117,-0.015767
henon,param,3,5,0.01,1.4,1.000e-08,290,0.190448,0.681458,0.001801,-0.003640
henon,param,3,5,0.01,1.4,1.000e-08,291,0.189541,0.681763,0.006431,-0.002729
henon,param,3,5,0.01,1.4,1.000e-08,292,0.198693,0.687561,0.002145,-0.014534
henon,param,3,5,0.01,1.4,1.000e-08,293,0.199001,0.682434,-0.003063,-0.007039
henon,param,3,5,0.01,1.4,1.000e-08,294,0.191468,0.684570,0.002760,0.002805
henon,param,3,5,0.01,1.4,1.000e-08,295,0.191763,0.679565,0.005869,-0.014952
henon,param,3,5,0.01,1.4,1.000e-08,296,0.197321,0.686218,-0.010799,-0.016754
henon,param,3,5,0.01,1.4,1.000e-08,297,0.191878,0.684204,-0.006165,0.011985
henon,param,3,5,0.01,1.4,1.000e-08,298,0.194286,0.682373,-0.005057,-0.006308
henon,param,3,5,0.01,1.4,1.000e-08,299,0.193667,0.688660,0.009271,0.005268
henon,param,3,5,0.01,1.4,1.000e-08,300,0.197434,0.687561,-0.008502,-0.005909
henon,param,3,5,0.01,1.4,1.000e-08,301,0.193738,0.683105,-0.011198,-0.004576
henon,param,3,5,0.01,1.4,1.000e-08,302,0.191601,0.681763,0.004141,-0.001302
henon,param,3,5,0.01,1.4,1.000e-08,303,0.195152,0.687622,-0.017735,0.002939
henon,param,3,5,0.01,1.4,1.000e-08,304,0.194997,0.687195,-0.010513,0.003086
henon,param,3,5,0.01,1.4,1.000e-08,305,0.190621,0.682373,0.001483,0.004450
henon,param,3,5,0.01,1.4,1.000e-08,306,0.190667,0.679260,-0.004469,-0.000335
henon,param,3,5,0.01,1.4,1.000e-08,307,0.187097,0.680969,0.002508,0.000586
henon,param,3,5,0.01,1.4,1.000e-08,308,0.186767,0.679932,0.012457,0.000060
henon,param,3,5,0.01,1.4,1.000e-08,309,0.181043,0.674683,0.009247,0.003420
henon,param,3,5,0.01,1.4,1.000e-08,310,0.186192,0.679077,0.007463,0.005946
henon,param,3,5,0.01,1.4,1.000e-08,311,0.194726,0.687805,-0.004456,0.007376
henon,param,3,5,0.01,1.4,1.000e-08,312,0.196329,0.687195,-0.011549,-0.003011
henon,param,3,5,0.01,1.4,1.000e-08,313,0.188968,0.679382,-0.009134,0.013654
henon,param,3,5,0.01,1.4,1.000e-08,314,0.187785,0.682312,0.000273,-0.003392
henon,param,3,5,0.01,1.4,1.000e-08,315,0.182563,0.679199,0.005350,0.003595
henon,param,3,5,0.01,1.4,1.000e-08,316,0.184308,0.680542,0.001316,0.002423
henon,param,3,5,0.01,1.4,1.000e-08,317,0.192655,0.681396,-0.003879,-0.009162
henon,param,3,5,0.01,1.4,1.000e-08,318,0.188951,0.680664,0.006892,0.009104
henon,param,3,5,0.01,1.4,1.000e-08,319,0.193731,0.685059,0.000044,0.001752
henon,param,3,5,0.01,1.4,1.000e-08,320,0.194526,0.684509,0.018852,-0.008435
henon,param,3,5,0.01,1.4,1.000e-08,321,0.189780,0.678406,-0.009295,0.000503
henon,param,3,5,0.01,1.4,1.000e-08,322,0.186662,0.679260,0.001519,0.000745
henon,param,3,5,0.01,1.4,1.000e-08,323,0.183624,0.676636,0.007109,0.000139
henon,param,3,5,0.01,1.4,1.000e-08,324,0.178972,0.676636,0.007087,0.003978
henon,param,3,5,0.01,1.4,1.000e-08,325,0.182303,0.679382,0.007550,-0.000186
henon,param,3,5,0.01,1.4,1.000e-08,326,0.187943,0.684204,-0.005653,0.007805
henon,param,3,5,0.01,1.4,1.000e-08,327,0.193526,0.683594,0.012503,-0.012779
henon,param,3,5,0.01,1.4,1.000e-08,328,0.189084,0.677856,-0.000204,0.007631
henon,param,3,5,0.01,1.4,1.000e-08,329,0.191519,0.682434,-0.001593,-0.002359
henon,param,3,5,0.01,1.4,1.000e-08,330,0.195656,0.686951,0.000189,-0.005015
henon,param,3,5,0.01,1.4,1.000e-08,331,0.195162,0.684448,-0.015818,0.003617
henon,param,3,5,0.01,1.4,1.000e-08,332,0.196535,0.689880,-0.014913,0.006831
henon,param,3,5,0.01,1.4,1.000e-08,333,0.190754,0.683533,0.000251,-0.003643
henon,param,3,5,0.01,1.4,1.000e-08,334,0.188123,0.678284,-0.004632,0.003823
henon,param,3,5,0.01,1.4,1.000e-08,335,0.191438,0.684509,-0.001900,0.005114
henon,param,3,5,0.01,1.4,1.000e-08,336,0.194784,0.685974,-0.009194,0.010072
henon,param,3,5,0.01,1.4,1.000e-08,337,0.195105,0.685669,-0.012926,-0.010578
henon,param,3,5,0.01,1.4,1.000e-08,338,0.194635,0.687012,-0.000652,-0.013737
henon,param,3,5,0.01,1.4,1.000e-08,339,0.186813,0.678833,-0.011202,0.015923
henon,param,3,5,0.01,1.4,1.000e-08,340,0.185916,0.678955,0.000102,0.003474
henon,param,3,5,0.01,1.4,1.000e-08,341,0.187123,0.679871,-0.012057,0.010762
henon,param,3,5,0.01,1.4,1.000e-08,342,0.183544,0.681030,-0.004000,0.018601
henon,param,3,5,0.01,1.4,1.000e-08,343,0.184224,0.679504,0.006431,0.000078
henon,param,3,5,0.01,1.4,1.000e-08,344,0.192172,0.682922,-0.005456,-0.004204
henon,param,3,5,0.01,1.4,1.000e-08,345,0.193890,0.685242,-0.007970,-0.004962
henon,param,3,5,0.01,1.4,1.000e-08,346,0.186464,0.676086,0.000834,0.006489
henon,param,3,5,0.01,1.4,1.000e-08,347,0.183660,0.677124,0.014324,0.001085
henon,param,3,5,0.01,1.4,1.000e-08,348,0.189883,0.680054,-0.000401,-0.006768
henon,param,3,5,0.01,1.4,1.000e-08,349,0.187240,0.679565,-0.002748,0.013320
henon,param,3,5,0.01,1.4,1.000e-08,350,0.187858,0.682739,-0.003290,-0.001539
henon,param,3,5,0.01,1.4,1.000e-08,351,0.186222,0.683289,0.005392,0.002885
henon,param,3,5,0.01,1.4,1.000e-08,352,0.186195,0.678528,0.004367,0.007927
henon,param,3,5,0.01,1.4,1.000e-08,353,0.192811,0.686462,0.005128,-0.008320
henon,param,3,5,0.01,1.4,1.000e-08,354,0.187488,0.683472,-0.013321,0.022568
henon,param,3,5,0.01,1.4,1.000e-08,355,0.184593,0.676147,0.000193,0.001868
henon,param,3,5,0.01,1.4,1.000e-08,356,0.193735,0.686279,-0.001047,-0.007619
henon,param,3,5,0.01,1.4,1.000e-08,357,0.188916,0.684692,0.001804,-0.006699
henon,param,3,5,0.01,1.4,1.000e-08,358,0.185231,0.678589,0.007181,0.002682
henon,param,3,5,0.01,1.4,1.000e-08,359,0.188992,0.679443,-0.000257,0.003440
henon,param,3,5,0.01,1.4,1.000e-08,360,0.194189,0.682983,0.005322,-0.011680
henon,param,3,5,0.01,1.4,1.000e-08,361,0.195347,0.684265,-0.006146,-0.005841
henon,param,3,5,0.01,1.4,1.000e-08,362,0.198422,0.684448,-0.013512,0.000309
henon,param,3,5,0.01,1.4,1.000e-08,363,0.195489,0.687561,-0.000684,-0.002145
henon,param,3,5,0.01,1.4,1.000e-08,364,0.190237,0.680969,-0.002965,0.010086
henon,param,3,5,0.01,1.4,1.000e-08,365,0.190214,0.682190,-0.013792,0.010974
henon,param,3,5,0.01,1.4,1.000e-08,366,0.188347,0.682617,-0.003157,0.004583
henon,param,3,5,0.01,1.4,1.000e-08,367,0.186274,0.679932,-0.005844,0.011126
henon,param,3,5,0.01,1.4,1.000e-08,368,0.188024,0.680481,-0.000733,0.008487
henon,param,3,5,0.01,1.4,1.000e-08,369,0.188009,0.681519,-0.005585,-0.003995
henon,param,3,5,0.01,1.4,1.000e-08,370,0.178738,0.673889,0.013294,0.010641
henon,param,3,5,0.01,1.4,1.000e-08,371,0.190687,0.681824,0.000065,-0.000740
henon,param,3,5,0.01,1.4,1.000e-08,372,0.200369,0.687378,-0.018248,-0.009041
henon,param,3,5,0.01,1.4,1.000e-08,373,0.190209,0.680298,0.012414,-0.003446
henon,param,3,5,0.01,1.4,1.000e-08,374,0.192341,0.682861,-0.011111,-0.002803
henon,param,3,5,0.01,1.4,1.000e-08,375,0.195623,0.686157,-0.000731,-0.012471
henon,param,3,5,0.01,1.4,1.000e-08,376,0.187613,0.681519,0.007585,0.000174
henon,param,3,5,0.01,1.4,1.000e-08,377,0.187614,0.679260,-0.002349,-0.001737
henon,param,3,5,0.01,1.4,1.000e-08,378,0.191188,0.679932,-0.010764,0.000732
henon,param,3,5,0.01,1.4,1.000e-08,379,0.190322,0.681641,-0.010415,-0.003495
henon,param,3,5,0.01,1.4,1.000e-08,380,0.194066,0.685364,-0.014167,0.007657
henon,param,3,5,0.01,1.4,1.000e-08,381,0.194502,0.687317,0.000314,0.007686
henon,param,3,5,0.01,1.4,1.000e-08,382,0.194971,0.682678,-0.009698,-0.000531
henon,param,3,5,0.01,1.4,1.000e-08,383,0.193178,0.685425,-0.013923,0.007075
henon,param,3,5,0.01,1.4,1.000e-08,384,0.191476,0.683228,-0.005419,0.008137
henon,param,3,5,0.01,1.4,1.000e-08,385,0.195646,0.682800,-0.010830,-0.000916
henon,param,3,5,0.01,1.4,1.000e-08,386,0.192297,0.682373,-0.001473,-0.007756
henon,param,3,5,0.01,1.4,1.000e-08,387,0.186215,0.679443,-0.000520,0.004297
henon,param,3,5,0.01,1.4,1.000e-08,388,0.190321,0.682007,0.008877,-0.000677
henon,param,3,5,0.01,1.4,1.000e-08,389,0.192863,0.687866,-0.000595,0.002291
henon,param,3,5,0.01,1.4,1.000e-08,390,0.190132,0.680481,-0.005809,0.001244
henon,param,3,5,0.01,1.4,1.000e-08,391,0.192554,0.681396,0.004453,-0.011646
henon,param,3,5,0.01,1.4,1.000e-08,392,0.188700,0.678162,-0.000174,-0.003190
henon,param,3,5,0.01,1.4,1.000e-08,393,0.183279,0.675842,0.010941,-0.002549
henon,param,3,5,0.01,1.4,1.000e-08,394,0.179355,0.676270,0.017426,0.009491
henon,param,3,5,0.01,1.4,1.000e-08,395,0.183433,0.675110,0.004955,0.016701
henon,param,3,5,0.01,1.4,1.000e-08,396,0.187416,0.682373,0.000557,0.002031
henon,param,3,5,0.01,1.4,1.000e-08,397,0.184659,0.677490,0.007926,0.002405
henon,param,3,5,0.01,1.4,1.000e-08,398,0.180254,0.676331,0.021382,0.016914
henon,param,3,5,0.01,1.4,1.000e-08,399,0.182550,0.681213,0.013694,-0.000056
henon,param,3,5,0.01,1.4,1.000e-08,400,0.176290,0.674377,0.015782,0.003394
henon,param,3,5,0.01,1.4,1.000e-06,1,-14.135609,0.000000,1.000000,1.000000
henon,param,3,5,0.01,1.4,1.000e-06,2,-13.446574,0.000000,1.000000,1.000000
henon,param,3,5,0.01,1.4,1.000e-06,3,-12.758523,0.000000,1.000000,1.000000
henon,param,3,5,0.01,1.4,1.000e-06,4,-12.387162,0.000000,1.000000,1.000000
henon,param,3,5,0.01,1.4,1.000e-06,5,-11.903333,0.000000,1.000000,1.000000
henon,param,3,5,0.01,1.4,1.000e-06,6,-11.458231,0.000000,1.000000,1.000000
henon,param,3,5,0.01,1.4,1.000e-06,7,-11.012855,0.000000,1.000000,1.000000
henon,param,3,5,0.01,1.4,1.000e-06,8,-10.567846,0.000000,1.000000,1.000000
henon,param,3,5,0.01,1.4,1.000e-06,9,-10.106567,0.000000,1.000000,1.000000
henon,param,3,5,0.01,1.4,1.000e-06,10,-9.657200,0.000000,1.000000,1.000000
henon,param,3,5,0.01,1.4,1.000e-06,11,-9.230260,0.000000,1.000000,1.000000
henon,param,3,5,0.01,1.4,1.000e-06,12,-8.796531,0.000000,1.000000,1.000000
henon,param,3,5,0.01,1.4,1.000e-06,13,-8.364288,0.000000,1.000000,1.000000
henon,param,3,5,0.01,1.4,1.000e-06,14,-7.926166,0.000000,1.000000,0.999999
henon,param,3,5,0.01,1.4,1.000e-06,15,-7.495248,0.000000,0.999999,0.999999
henon,param,3,5,0.01,1.4,1.000e-06,16,-7.059030,0.000000,0.999997,0.999997
henon,param,3,5,0.01,1.4,1.000e-06,17,-6.626162,0.000000,0.999991,0.999990
henon,param,3,5,0.01,1.4,1.000e-06,18,-6.184221,0.000000,0.999974,0.999973
henon,param,3,5,0.01,1.4,1.000e-06,19,-5.755892,0.000000,0.999934,0.999926
henon,param,3,5,0.01,1.4,1.000e-06,20,-5.333350,0.000000,0.999809,0.999798
henon,param,3,5,0.01,1.4,1.000e-06,21,-4.893295,0.000000,0.999532,0.999477
henon,param,3,5,0.01,1.4,1.000e-06,22,-4.460148,0.000061,0.998755,0.998730
henon,param,3,5,0.01,1.4,1.000e-06,23,-4.029204,0.000183,0.996672,0.996852
henon,param,3,5,0.01,1.4,1.000e-06,24,-3.602494,0.001892,0.991856,0.991693
henon,param,3,5,0.01,1.4,1.000e-06,25,-3.177715,0.007507,0.980770,0.981093
henon,param,3,5,0.01,1.4,1.000e-06,26,-2.758421,0.019409,0.959064,0.960884
henon,param,3,5,0.01,1.4,1.000e-06,27,-2.347654,0.044128,0.924728,0.923744
henon,param,3,5,0.01,1.4,1.000e-06,28,-1.956253,0.075745,0.878299,0.877206
henon,param,3,5,0.01,1.4,1.000e-06,29,-1.585472,0.130493,0.809295,0.801236
henon,param,3,5,0.01,1.4,1.000e-06,30,-1.248018,0.192139,0.726844,0.706771
henon,param,3,5,0.01,1.4,1.000e-06,31,-0.968239,0.257507,0.646353,0.617652
henon,param,3,5,0.01,1.4,1.000e-06,32,-0.727016,0.321533,0.563843,0.536478
henon,param,3,5,0.01,1.4,1.000e-06,33,-0.513336,0.389038,0.444461,0.446210
henon,param,3,5,0.01,1.4,1.000e-06,34,-0.349556,0.440369,0.380382,0.353279
henon,param,3,5,0.01,1.4,1.000e-06,35,-0.218473,0.492981,0.318129,0.286374
henon,param,3,5,0.01,1.4,1.000e-06,36,-0.118042,0.532654,0.255146,0.222963
henon,param,3,5,0.01,1.4,1.000e-06,37,-0.035125,0.568604,0.183348,0.162038
henon,param,3,5,0.01,1.4,1.000e-06,38,0.023092,0.597534,0.134022,0.140988
henon,param,3,5,0.01,1.4,1.000e-06,39,0.071113,0.619385,0.090444,0.096407
henon,param,3,5,0.01,1.4,1.000e-06,40,0.101829,0.635925,0.082452,0.076097
henon,param,3,5,0.01,1.4,1.000e-06,41,0.128642,0.647339,0.055325,0.052495
henon,param,3,5,0.01,1.4,1.000e-06,42,0.140094,0.655334,0.046702,0.041993
henon,param,3,5,0.01,1.4,1.000e-06,43,0.149770,0.661621,0.039164,0.040442
henon,param,3,5,0.01,1.4,1.000e-06,44,0.161612,0.659912,0.024510,0.025622
henon,param,3,5,0.01,1.4,1.000e-06,45,0.169214,0.667664,0.012036,0.026300
henon,param,3,5,0.01,1.4,1.000e-06,46,0.175391,0.670288,0.018165,0.010412
henon,param,3,5,0.01,1.4,1.000e-06,47,0.179959,0.679504,0.005021,0.020504
henon,param,3,5,0.01,1.4,1.000e-06,48,0.183548,0.677246,-0.008133,0.017838
henon,param,3,5,0.01,1.4,1.000e-06,49,0.185034,0.677673,0.011124,0.017266
henon,param,3,5,0.01,1.4,1.000e-06,50,0.194353,0.685669,-0.005338,-0.004171
henon,param,3,5,0.01,1.4,1.000e-06,51,0.193232,0.684875,-0.001022,0.000442
henon,param,3,5,0.01,1.4,1.000e-06,52,0.192820,0.683105,-0.005153,-0.012785
henon,param,3,5,0.01,1.4,1.000e-06,53,0.187098,0.679565,-0.005050,-0.005597
henon,param,3,5,0.01,1.4,1.000e-06,54,0.182088,0.675598,-0.006104,0.015843
henon,param,3,5,0.01,1.4,1.000e-06,55,0.184758,0.676880,0.015848,0.006004
henon,param,3,5,0.01,1.4,1.000e-06,56,0.192317,0.683350,0.012920,0.008050
henon,param,3,5,0.01,1.4,1.000e-06,57,0.193441,0.683960,-0.008264,-0.000588
henon,param,3,5,0.01,1.4,1.000e-06,58,0.186931,0.678894,0.017834,-0.004902
henon,param,3,5,0.01,1.4,1.000e-06,59,0.189540,0.684753,-0.003720,-0.000020
henon,param,3,5,0.01,1.4,1.000e-06,60,0.189023,0.680298,0.002929,-0.004737
henon,param,3,5,0.01,1.4,1.000e-06,61,0.188158,0.681702,0.008334,0.004680
henon,param,3,5,0.01,1.4,1.000e-06,62,0.191806,0.687439,-0.011919,0.013572
henon,param,3,5,0.01,1.4,1.000e-06,63,0.195615,0.688416,-0.001689,-0.005474
henon,param,3,5,0.01,1.4,1.000e-06,64,0.196000,0.684875,-0.010817,-0.001294
henon,param,3,5,0.01,1.4,1.000e-06,65,0.193761,0.682251,0.004127,-0.002238
henon,param,3,5,0.01,1.4,1.000e-06,66,0.190655,0.684937,0.001904,0.004423
henon,param,3,5,0.01,1.4,1.000e-06,67,0.192950,0.684753,0.005410,-0.020291
henon,param,3,5,0.01,1.4,1.000e-06,68,0.192377,0.683289,-0.002158,-0.004104
henon,param,3,5,0.01,1.4,1.000e-06,69,0.188363,0.678894,-0.002199,0.014165
henon,param,3,5,0.01,1.4,1.000e-06,70,0.192987,0.683838,0.006437,-0.007722
henon,param,3,5,0.01,1.4,1.000e-06,71,0.191473,0.684570,-0.001437,-0.003631
henon,param,3,5,0.01,1.4,1.000e-06,72,0.192862,0.684875,-0.002843,-0.009718
henon,param,3,5,0.01,1.4,1.000e-06,73,0.193727,0.688293,0.007979,-0.006293
henon,param,3,5,0.01,1.4,1.000e-06,74,0.197758,0.688477,-0.004716,-0.009002
henon,param,3,5,0.01,1.4,1.000e-06,75,0.194212,0.682739,0.003429,-0.006939
henon,param,3,5,0.01,1.4,1.000e-06,76,0.194355,0.685181,-0.007255,-0.007301
henon,param,3,5,0.01,1.4,1.000e-06,77,0.196661,0.686523,-0.001211,-0.018042
henon,param,3,5,0.01,1.4,1.000e-06,78,0.193151,0.684631,-0.009857,-0.006726
henon,param,3,5,0.01,1.4,1.000e-06,79,0.190120,0.682800,0.003997,-0.002755
henon,param,3,5,0.01,1.4,1.000e-06,80,0.191473,0.680542,0.003168,-0.012092
henon,param,3,5,0.01,1.4,1.000e-06,81,0.192756,0.684875,-0.008628,0.006803
henon,param,3,5,0.01,1.4,1.000e-06,82,0.193760,0.686707,0.004663,-0.005409
henon,param,3,5,0.01,1.4,1.000e-06,83,0.199663,0.689209,0.003864,-0.013151
henon,param,3,5,0.01,1.4,1.000e-06,84,0.197699,0.689331,-0.012194,-0.003443
henon,param,3,5,0.01,1.4,1.000e-06,85,0.195338,0.682495,-0.008018,-0.005680
henon,param,3,5,0.01,1.4,1.000e-06,86,0.194700,0.684692,-0.000876,0.002750
henon,param,3,5,0.01,1.4,1.000e-06,87,0.199955,0.691528,-0.003818,-0.004892
henon,param,3,5,0.01,1.4,1.000e-06,88,0.193731,0.681213,-0.001768,-0.000616
henon,param,3,5,0.01,1.4,1.000e-06,89,0.187414,0.683167,0.000364,0.001607
henon,param,3,5,0.01,1.4,1.000e-06,90,0.188818,0.679321,-0.000910,-0.004532
henon,param,3,5,0.01,1.4,1.000e-06,91,0.187649,0.681396,0.006284,0.002525
henon,param,3,5,0.01,1.4,1.000e-06,92,0.195649,0.688477,0.003174,-0.007133
henon,param,3,5,0.01,1.4,1.000e-06,93,0.194660,0.686157,-0.008551,-0.005563
henon,param,3,5,0.01,1.4,1.000e-06,94,0.189357,0.684509,0.006268,0.003292
henon,param,3,5,0.01,1.4,1.000e-06,95,0.194255,0.686401,-0.004932,-0.013732
henon,param,3,5,0.01,1.4,1.000e-06,96,0.191868,0.681091,-0.005066,-0.004373
henon,param,3,5,0.01,1.4,1.000e-06,97,0.194297,0.686157,-0.006409,0.002004
henon,param,3,5,0.01,1.4,1.000e-06,98,0.193641,0.683228,0.004205,-0.013101
henon,param,3,5,0.01,1.4,1.000e-06,99,0.192347,0.684875,0.005016,-0.003740
henon,param,3,5,0.01,1.4,1.000e-06,100,0.187735,0.679199,-0.000667,0.009760
henon,param,3,5,0.01,1.4,1.000e-06,101,0.185400,0.679138,0.014748,-0.001431
henon,param,3,5,0.01,1.4,1.000e-06,102,0.189799,0.686768,0.001751,-0.011828
henon,param,3,5,0.01,1.4,1.000e-06,103,0.184333,0.677551,0.006181,-0.007394
henon,param,3,5,0.01,1.4,1.000e-06,104,0.192400,0.683533,-0.005698,0.007612
henon,param,3,5,0.01,1.4,1.000e-06,105,0.199031,0.687317,-0.005264,-0.003814
henon,param,3,5,0.01,1.4,1.000e-06,106,0.197948,0.687927,-0.008228,-0.003163
henon,param,3,5,0.01,1.4,1.000e-06,107,0.198484,0.687622,-0.009101,0.000718
henon,param,3,5,0.01,1.4,1.000e-06,108,0.190500,0.681580,-0.006187,0.005795
henon,param,3,5,0.01,1.4,1.000e-06,109,0.186406,0.681702,0.000184,0.000230
henon,param,3,5,0.01,1.4,1.000e-06,110,0.186897,0.676575,0.008002,0.000190
henon,param,3,5,0.01,1.4,1.000e-06,111,0.191075,0.681519,-0.014879,0.013008
henon,param,3,5,0.01,1.4,1.000e-06,112,0.188658,0.679382,-0.002573,-0.001416
henon,param,3,5,0.01,1.4,1.000e-06,113,0.188028,0.683472,0.000094,0.003391
henon,param,3,5,0.01,1.4,1.000e-06,114,0.190032,0.687195,0.005456,-0.000655
henon,param,3,5,0.01,1.4,1.000e-06,115,0.189208,0.680847,-0.000834,0.009367
henon,param,3,5,0.01,1.4,1.000e-06,116,0.187931,0.678833,0.009797,-0.000913
henon,param,3,5,0.01,1.4,1.000e-06,117,0.196625,0.686584,0.005765,-0.005564
henon,param,3,5,0.01,1.4,1.000e-06,118,0.200183,0.691162,0.001609,-0.002786
henon,param,3,5,0.01,1.4,1.000e-06,119,0.199239,0.688904,-0.008716,-0.020537
henon,param,3,5,0.01,1.4,1.000e-06,120,0.191784,0.682373,0.008958,0.001296
henon,param,3,5,0.01,1.4,1.000e-06,121,0.192928,0.686157,-0.003937,-0.003331
henon,param,3,5,0.01,1.4,1.000e-06,122,0.187986,0.679688,0.002039,0.001092
henon,param,3,5,0.01,1.4,1.000e-06,123,0.190384,0.681641,-0.010268,0.004640
henon,param,3,5,0.01,1.4,1.000e-06,124,0.189658,0.678101,-0.006831,0.015182
henon,param,3,5,0.01,1.4,1.000e-06,125,0.185560,0.678589,0.006236,0.001602
henon,param,3,5,0.01,1.4,1.000e-06,126,0.191944,0.689331,-0.007368,0.015440
henon,param,3,5,0.01,1.4,1.000e-06,127,0.196787,0.685120,-0.008903,-0.000984
henon,param,3,5,0.01,1.4,1.000e-06,128,0.193255,0.685974,0.002209,-0.015705
henon,param,3,5,0.01,1.4,1.000e-06,129,0.182774,0.678345,0.007839,0.012498
henon,param,3,5,0.01,1.4,1.000e-06,130,0.181415,0.677063,0.013403,0.005606
henon,param,3,5,0.01,1.4,1.000e-06,131,0.186797,0.680786,0.003935,0.004685
henon,param,3,5,0.01,1.4,1.000e-06,132,0.190329,0.681335,0.001580,-0.003442
henon,param,3,5,0.01,1.4,1.000e-06,133,0.193535,0.677856,-0.001981,-0.005264
henon,param,3,5,0.01,1.4,1.000e-06,134,0.193418,0.681763,-0.003206,0.003673
henon,param,3,5,0.01,1.4,1.000e-06,135,0.186327,0.680176,0.009750,0.003536
henon,param,3,5,0.01,1.4,1.000e-06,136,0.191306,0.681030,-0.006644,-0.013031
henon,param,3,5,0.01,1.4,1.000e-06,137,0.190788,0.683044,0.000770,-0.008997
henon,param,3,5,0.01,1.4,1.000e-06,138,0.191937,0.685181,0.007745,0.001700
henon,param,3,5,0.01,1.4,1.000e-06,139,0.188553,0.677063,-0.001535,0.004209
henon,param,3,5,0.01,1.4,1.000e-06,140,0.190249,0.679626,-0.025479,0.013574
henon,param,3,5,0.01,1.4,1.000e-06,141,0.186036,0.680481,0.002419,0.003440
henon,param,3,5,0.01,1.4,1.000e-06,142,0.195437,0.686584,-0.014891,0.004358
henon,param,3,5,0.01,1.4,1.000e-06,143,0.200636,0.688110,-0.018528,0.002631
henon,param,3,5,0.01,1.4,1.000e-06,144,0.196583,0.686829,-0.011309,0.006657
henon,param,3,5,0.01,1.4,1.000e-06,145,0.192770,0.682861,-0.008562,-0.000858
henon,param,3,5,0.01,1.4,1.000e-06,146,0.184297,0.676331,0.007962,0.001779
henon,param,3,5,0.01,1.4,1.000e-06,147,0.183840,0.680298,0.012511,0.009357
henon,param,3,5,0.01,1.4,1.000e-06,148,0.186439,0.680847,0.004343,0.000250
henon,param,3,5,0.01,1.4,1.000e-06,149,0.188442,0.680847,-0.010384,0.003056
henon,param,3,5,0.01,1.4,1.000e-06,150,0.189052,0.684631,0.006364,0.002648
henon,param,3,5,0.01,1.4,1.000e-06,151,0.185981,0.680115,0.012628,-0.001635
henon,param,3,5,0.01,1.4,1.000e-06,152,0.184818,0.677917,0.003903,0.004451
henon,param,3,5,0.01,1.4,1.000e-06,153,0.183098,0.678467,0.005748,0.013790
henon,param,3,5,0.01,1.4,1.000e-06,154,0.185454,0.681152,0.004547,0.005590
henon,param,3,5,0.01,1.4,1.000e-06,155,0.182577,0.674500,0.001525,-0.003018
henon,param,3,5,0.01,1.4,1.000e-06,156,0.187738,0.680115,0.006834,-0.004878
henon,param,3,5,0.01,1.4,1.000e-06,157,0.187892,0.681580,0.006089,0.002052
henon,param,3,5,0.01,1.4,1.000e-06,158,0.187626,0.677917,-0.002060,-0.006293
henon,param,3,5,0.01,1.4,1.000e-06,159,0.188492,0.681702,0.012723,0.001086
henon,param,3,5,0.01,1.4,1.000e-06,160,0.189171,0.676147,-0.008347,0.018141
henon,param,3,5,0.01,1.4,1.000e-06,161,0.200495,0.688660,-0.013343,-0.007763
henon,param,3,5,0.01,1.4,1.000e-06,162,0.200061,0.693176,-0.008535,-0.005323
henon,param,3,5,0.01,1.4,1.000e-06,163,0.193564,0.685242,0.000123,-0.008098
henon,param,3,5,0.01,1.4,1.000e-06,164,0.194111,0.683411,-0.006791,0.003284
henon,param,3,5,0.01,1.4,1.000e-06,165,0.193738,0.687988,0.002821,-0.012657
henon,param,3,5,0.01,1.4,1.000e-06,166,0.191799,0.680908,-0.006394,-0.003625
henon,param,3,5,0.01,1.4,1.000e-06,167,0.190227,0.681213,0.010147,-0.012036
henon,param,3,5,0.01,1.4,1.000e-06,168,0.189675,0.682983,0.005246,0.007109
henon,param,3,5,0.01,1.4,1.000e-06,169,0.194906,0.680786,-0.016503,0.005123
henon,param,3,5,0.01,1.4,1.000e-06,170,0.193680,0.681702,-0.002505,0.001524
henon,param,3,5,0.01,1.4,1.000e-06,171,0.193985,0.684692,-0.003841,0.003231
henon,param,3,5,0.01,1.4,1.000e-06,172,0.188005,0.679810,0.004447,-0.009655
henon,param,3,5,0.01,1.4,1.000e-06,173,0.190062,0.682861,0.006012,-0.006474
henon,param,3,5,0.01,1.4,1.000e-06,174,0.190111,0.680420,-0.001790,0.001822
henon,param,3,5,0.01,1.4,1.000e-06,175,0.186110,0.680664,0.008266,0.002070
henon,param,3,5,0.01,1.4,1.000e-06,176,0.185350,0.678101,0.011024,0.000476
henon,param,3,5,0.01,1.4,1.000e-06,177,0.184997,0.680908,0.008190,0.003720
henon,param,3,5,0.01,1.4,1.000e-06,178,0.183585,0.678467,0.005951,0.011357
henon,param,3,5,0.01,1.4,1.000e-06,179,0.189578,0.682068,-0.007831,-0.004333
henon,param,3,5,0.01,1.4,1.000e-06,180,0.186907,0.679138,0.003381,0.007416
henon,param,3,5,0.01,1.4,1.000e-06,181,0.193373,0.681274,0.010611,0.007708
henon,param,3,5,0.01,1.4,1.000e-06,182,0.195820,0.687683,-0.004031,-0.014100
henon,param,3,5,0.01,1.4,1.000e-06,183,0.194469,0.683411,-0.012355,-0.007664
henon,param,3,5,0.01,1.4,1.000e-06,184,0.191622,0.681702,0.008976,-0.010852
henon,param,3,5,0.01,1.4,1.000e-06,185,0.190849,0.684631,0.012581,-0.001866
henon,param,3,5,0.01,1.4,1.000e-06,186,0.194380,0.683594,-0.005464,-0.006392
henon,param,3,5,0.01,1.4,1.000e-06,187,0.188544,0.678650,0.005197,-0.003287
henon,param,3,5,0.01,1.4,1.000e-06,188,0.187379,0.676331,-0.001770,0.001573
henon,param,3,5,0.01,1.4,1.000e-06,189,0.186641,0.679749,-0.005385,0.011986
henon,param,3,5,0.01,1.4,1.000e-06,190,0.186386,0.681091,0.003341,0.008527
henon,param,3,5,0.01,1.4,1.000e-06,191,0.189111,0.681396,0.010660,0.008407
henon,param,3,5,0.01,1.4,1.000e-06,192,0.190246,0.682556,-0.005836,-0.007165
henon,param,3,5,0.01,1.4,1.000e-06,193,0.187240,0.679993,0.001672,-0.003267
henon,param,3,5,0.01,1.4,1.000e-06,194,0.183002,0.677124,0.016061,0.007772
henon,param,3,5,0.01,1.4,1.000e-06,195,0.188990,0.679504,0.005065,0.002839
henon,param,3,5,0.01,1.4,1.000e-06,196,0.194848,0.685547,-0.003503,0.001559
henon,param,3,5,0.01,1.4,1.000e-06,197,0.194070,0.688599,-0.000175,0.001100
henon,param,3,5,0.01,1.4,1.000e-06,198,0.186808,0.678467,-0.002347,-0.012246
henon,param,3,5,0.01,1.4,1.000e-06,199,0.181764,0.679443,0.000759,0.009619
henon,param,3,5,0.01,1.4,1.000e-06,200,0.182900,0.677612,0.008852,0.012130
henon,param,3,5,0.01,1.4,1.000e-06,201,0.193544,0.685425,0.001721,-0.003584
henon,param,3,5,0.01,1.4,1.000e-06,202,0.197717,0.689514,-0.002685,-0.005401
henon,param,3,5,0.01,1.4,1.000e-06,203,0.196878,0.685730,0.003182,-0.014017
henon,param,3,5,0.01,1.4,1.000e-06,204,0.191388,0.682007,0.004080,0.012999
henon,param,3,5,0.01,1.4,1.000e-06,205,0.195840,0.687256,0.005928,-0.027766
henon,param,3,5,0.01,1.4,1.000e-06,206,0.192964,0.683105,-0.005609,-0.005013
henon,param,3,5,0.01,1.4,1.000e-06,207,0.191792,0.677917,0.006661,-0.000778
henon,param,3,5,0.01,1.4,1.000e-06,208,0.195761,0.684143,0.009406,-0.009934
henon,param,3,5,0.01,1.4,1.000e-06,209,0.197868,0.689636,-0.008362,-0.013240
henon,param,3,5,0.01,1.4,1.000e-06,210,0.193485,0.683044,-0.000519,-0.010158
henon,param,3,5,0.01,1.4,1.000e-06,211,0.193463,0.685242,-0.003691,-0.004558
henon,param,3,5,0.01,1.4,1.000e-06,212,0.197422,0.687256,-0.008454,-0.012238
henon,param,3,5,0.01,1.4,1.000e-06,213,0.197873,0.686279,-0.015268,0.001735
henon,param,3,5,0.01,1.4,1.000e-06,214,0.199698,0.687744,-0.007934,-0.005862
henon,param,3,5,0.01,1.4,1.000e-06,215,0.195098,0.684448,-0.005104,-0.003066
henon,param,3,5,0.01,1.4,1.000e-06,216,0.190248,0.685852,0.006390,0.004611
henon,param,3,5,0.01,1.4,1.000e-06,217,0.193244,0.681885,-0.006582,-0.010356
henon,param,3,5,0.01,1.4,1.000e-06,218,0.184687,0.676941,0.004001,0.001764
henon,param,3,5,0.01,1.4,1.000e-06,219,0.186012,0.680481,0.002621,0.000171
henon,param,3,5,0.01,1.4,1.000e-06,220,0.196123,0.684448,-0.002814,-0.013411
henon,param,3,5,0.01,1.4,1.000e-06,221,0.196609,0.685242,-0.011992,-0.001154
henon,param,3,5,0.01,1.4,1.000e-06,222,0.192536,0.681702,-0.000796,0.004916
henon,param,3,5,0.01,1.4,1.000e-06,223,0.194117,0.688965,0.003309,-0.001908
henon,param,3,5,0.01,1.4,1.000e-06,224,0.196140,0.683350,-0.010642,-0.016013
henon,param,3,5,0.01,1.4,1.000e-06,225,0.184866,0.685059,0.002090,0.012665
henon,param,3,5,0.01,1.4,1.000e-06,226,0.190515,0.682739,0.007256,-0.006249
henon,param,3,5,0.01,1.4,1.000e-06,227,0.192429,0.686951,-0.000336,0.006617
henon,param,3,5,0.01,1.4,1.000e-06,228,0.190286,0.683594,0.008765,-0.003654
henon,param,3,5,0.01,1.4,1.000e-06,229,0.189487,0.678345,0.008284,-0.000472
henon,param,3,5,0.01,1.4,1.000e-06,230,0.188899,0.681152,0.004244,0.002098
henon,param,3,5,0.01,1.4,1.000e-06,231,0.188705,0.683594,-0.006332,0.006597
henon,param,3,5,0.01,1.4,1.000e-06,232,0.186359,0.680664,0.011064,-0.009629
henon,param,3,5,0.01,1.4,1.000e-06,233,0.184691,0.677612,0.001792,0.015972
henon,param,3,5,0.01,1.4,1.000e-06,234,0.183156,0.675049,0.009906,0.009650
henon,param,3,5,0.01,1.4,1.000e-06,235,0.190826,0.685059,0.007036,0.000987
henon,param,3,5,0.01,1.4,1.000e-06,236,0.187043,0.680969,0.000927,-0.005967
henon,param,3,5,0.01,1.4,1.000e-06,237,0.188003,0.682312,-0.006018,0.000740
henon,param,3,5,0.01,1.4,1.000e-06,238,0.185037,0.680176,0.009376,0.008181
henon,param,3,5,0.01,1.4,1.000e-06,239,0.187532,0.681030,0.006129,0.007328
henon,param,3,5,0.01,1.4,1.000e-06,240,0.185219,0.679749,0.005738,0.004963
henon,param,3,5,0.01,1.4,1.000e-06,241,0.188502,0.682129,-0.007047,0.007159
henon,param,3,5,0.01,1.4,1.000e-06,242,0.188005,0.681152,-0.000790,0.002319
henon,param,3,5,0.01,1.4,1.000e-06,243,0.184562,0.679810,0.005772,0.005041
henon,param,3,5,0.01,1.4,1.000e-06,244,0.190389,0.677368,0.002097,-0.008449
henon,param,3,5,0.01,1.4,1.000e-06,245,0.195815,0.682495,-0.007638,0.004246
henon,param,3,5,0.01,1.4,1.000e-06,246,0.189192,0.682373,0.000052,0.017953
henon,param,3,5,0.01,1.4,1.000e-06,247,0.187371,0.682312,0.000917,-0.001361
henon,param,3,5,0.01,1.4,1.000e-06,248,0.184749,0.679993,0.003733,0.000770
henon,param,3,5,0.01,1.4,1.000e-06,249,0.182780,0.679565,0.008702,0.007835
henon,param,3,5,0.01,1.4,1.000e-06,250,0.185633,0.680115,0.002457,-0.006175
henon,param,3,5,0.01,1.4,1.000e-06,251,0.183156,0.674805,0.004560,0.008032
henon,param,3,5,0.01,1.4,1.000e-06,252,0.181187,0.671509,0.014404,0.007063
henon,param,3,5,0.01,1.4,1.000e-06,253,0.192267,0.685059,0.015945,-0.004133
henon,param,3,5,0.01,1.4,1.000e-06,254,0.193787,0.687317,-0.002556,-0.000077
henon,param,3,5,0.01,1.4,1.000e-06,255,0.195151,0.684387,-0.008407,-0.007984
henon,param,3,5,0.01,1.4,1.000e-06,256,0.187765,0.680603,-0.010752,0.002298
henon,param,3,5,0.01,1.4,1.000e-06,257,0.186739,0.680176,0.006101,0.004180
henon,param,3,5,0.01,1.4,1.000e-06,258,0.188805,0.682617,0.013492,-0.007226
henon,param,3,5,0.01,1.4,1.000e-06,259,0.191055,0.682068,-0.005227,0.004827
henon,param,3,5,0.01,1.4,1.000e-06,260,0.188235,0.680359,0.003603,-0.004614
henon,param,3,5,0.01,1.4,1.000e-06,261,0.186720,0.680603,0.018956,-0.007155
henon,param,3,5,0.01,1.4,1.000e-06,262,0.184247,0.675293,0.009699,0.008235
henon,param,3,5,0.01,1.4,1.000e-06,263,0.193467,0.684265,0.000842,-0.004641
henon,param,3,5,0.01,1.4,1.000e-06,264,0.201569,0.690186,-0.013900,-0.011776
henon,param,3,5,0.01,1.4,1.000e-06,265,0.196359,0.683777,-0.011223,-0.000169
henon,param,3,5,0.01,1.4,1.000e-06,266,0.199501,0.691284,-0.018148,0.001593
henon,param,3,5,0.01,1.4,1.000e-06,267,0.193451,0.677185,-0.007931,0.008915
henon,param,3,5,0.01,1.4,1.000e-06,268,0.192271,0.681274,-0.000919,-0.013693
henon,param,3,5,0.01,1.4,1.000e-06,269,0.187295,0.682739,0.005209,-0.001885
henon,param,3,5,0.01,1.4,1.000e-06,270,0.194987,0.687500,-0.005716,-0.017985
henon,param,3,5,0.01,1.4,1.000e-06,271,0.195186,0.685730,-0.012921,-0.003902
henon,param,3,5,0.01,1.4,1.000e-06,272,0.188125,0.682495,-0.013723,0.009265
henon,param,3,5,0.01,1.4,1.000e-06,273,0.189607,0.680420,0.003101,0.001506
henon,param,3,5,0.01,1.4,1.000e-06,274,0.196261,0.690063,-0.000873,-0.000000
henon,param,3,5,0.01,1.4,1.000e-06,275,0.193449,0.683289,-0.009414,0.001609
henon,param,3,5,0.01,1.4,1.000e-06,276,0.191382,0.683228,0.001157,-0.004610
henon,param,3,5,0.01,1.4,1.000e-06,277,0.192801,0.685364,0.003095,0.006170
henon,param,3,5,0.01,1.4,1.000e-06,278,0.197266,0.684387,-0.010705,-0.006977
henon,param,3,5,0.01,1.4,1.000e-06,279,0.192206,0.681824,-0.002635,-0.001462
henon,param,3,5,0.01,1.4,1.000e-06,280,0.192029,0.683594,-0.000380,-0.004671
henon,param,3,5,0.01,1.4,1.000e-06,281,0.194782,0.685120,0.000604,0.003821
henon,param,3,5,0.01,1.4,1.000e-06,282,0.197655,0.688965,0.007345,-0.001727
henon,param,3,5,0.01,1.4,1.000e-06,283,0.201989,0.691956,-0.008148,-0.006447
henon,param,3,5,0.01,1.4,1.000e-06,284,0.194418,0.682983,-0.013360,0.018931
henon,param,3,5,0.01,1.4,1.000e-06,285,0.191661,0.677307,0.003498,-0.007127
henon,param,3,5,0.01,1.4,1.000e-06,286,0.189231,0.681030,-0.003017,0.000105
henon,param,3,5,0.01,1.4,1.000e-06,287,0.183999,0.678528,-0.002329,0.016196
henon,param,3,5,0.01,1.4,1.000e-06,288,0.186277,0.682129,0.005378,0.003525
henon,param,3,5,0.01,1.4,1.000e-06,289,0.183608,0.676208,-0.000281,0.013334
henon,param,3,5,0.01,1.4,1.000e-06,290,0.184015,0.678101,0.011011,-0.002942
henon,param,3,5,0.01,1.4,1.000e-06,291,0.182795,0.678894,0.013371,0.012846
henon,param,3,5,0.01,1.4,1.000e-06,292,0.188360,0.676392,0.000512,0.006683
henon,param,3,5,0.01,1.4,1.000e-06,293,0.193681,0.684998,0.003855,-0.002627
henon,param,3,5,0.01,1.4,1.000e-06,294,0.195744,0.692444,-0.003958,0.000902
henon,param,3,5,0.01,1.4,1.000e-06,295,0.194868,0.684082,-0.003971,-0.019909
henon,param,3,5,0.01,1.4,1.000e-06,296,0.192039,0.682617,0.001120,-0.005433
henon,param,3,5,0.01,1.4,1.000e-06,297,0.193331,0.684387,-0.003355,-0.005656
henon,param,3,5,0.01,1.4,1.000e-06,298,0.190056,0.683472,-0.008341,0.003676
henon,param,3,5,0.01,1.4,1.000e-06,299,0.193293,0.688538,-0.005566,-0.014377
henon,param,3,5,0.01,1.4,1.000e-06,300,0.184285,0.675415,0.000054,0.002200
henon,param,3,5,0.01,1.4,1.000e-06,301,0.182514,0.677917,0.012398,0.005792
henon,param,3,5,0.01,1.4,1.000e-06,302,0.180215,0.676758,0.008978,0.014197
henon,param,3,5,0.01,1.4,1.000e-06,303,0.189180,0.682678,-0.001468,-0.006498
henon,param,3,5,0.01,1.4,1.000e-06,304,0.190467,0.680786,0.003705,-0.005997
henon,param,3,5,0.01,1.4,1.000e-06,305,0.197616,0.689453,-0.002453,0.000124
henon,param,3,5,0.01,1.4,1.000e-06,306,0.200362,0.689331,-0.000814,-0.006583
henon,param,3,5,0.01,1.4,1.000e-06,307,0.194687,0.686401,-0.005115,-0.001077
henon,param,3,5,0.01,1.4,1.000e-06,308,0.184208,0.678833,0.010476,0.003951
henon,param,3,5,0.01,1.4,1.000e-06,309,0.185726,0.681274,-0.001771,-0.003376
henon,param,3,5,0.01,1.4,1.000e-06,310,0.181221,0.674377,0.011196,0.013863
henon,param,3,5,0.01,1.4,1.000e-06,311,0.188212,0.677673,0.001636,0.012509
henon,param,3,5,0.01,1.4,1.000e-06,312,0.192192,0.687561,0.008474,0.004534
henon,param,3,5,0.01,1.4,1.000e-06,313,0.193543,0.681824,0.009080,-0.013614
henon,param,3,5,0.01,1.4,1.000e-06,314,0.191621,0.685669,-0.003122,0.002261
henon,param,3,5,0.01,1.4,1.000e-06,315,0.187256,0.682922,-0.015458,-0.000732
henon,param,3,5,0.01,1.4,1.000e-06,316,0.184604,0.677185,0.006576,0.009393
henon,param,3,5,0.01,1.4,1.000e-06,317,0.192570,0.685913,-0.004167,-0.002571
henon,param,3,5,0.01,1.4,1.000e-06,318,0.194093,0.685059,0.001159,0.001857
henon,param,3,5,0.01,1.4,1.000e-06,319,0.188944,0.679871,0.004925,-0.000407
henon,param,3,5,0.01,1.4,1.000e-06,320,0.185788,0.681335,0.009081,0.008299
henon,param,3,5,0.01,1.4,1.000e-06,321,0.185422,0.683228,0.006793,0.002312
henon,param,3,5,0.01,1.4,1.000e-06,322,0.189890,0.682434,0.002501,0.003393
henon,param,3,5,0.01,1.4,1.000e-06,323,0.196575,0.690063,0.003910,-0.005955
henon,param,3,5,0.01,1.4,1.000e-06,324,0.190356,0.682190,-0.004222,0.004548
henon,param,3,5,0.01,1.4,1.000e-06,325,0.191779,0.685303,-0.005590,-0.010052
henon,param,3,5,0.01,1.4,1.000e-06,326,0.194820,0.687683,-0.004584,-0.005332
henon,param,3,5,0.01,1.4,1.000e-06,327,0.191790,0.681335,-0.004693,-0.005803
henon,param,3,5,0.01,1.4,1.000e-06,328,0.189130,0.678162,-0.003948,0.004027
henon,param,3,5,0.01,1.4,1.000e-06,329,0.184724,0.682068,0.000534,0.009374
henon,param,3,5,0.01,1.4,1.000e-06,330,0.189229,0.679810,-0.006376,0.002880
henon,param,3,5,0.01,1.4,1.000e-06,331,0.192369,0.682678,0.006492,0.002345
henon,param,3,5,0.01,1.4,1.000e-06,332,0.191817,0.686279,0.000836,-0.005549
henon,param,3,5,0.01,1.4,1.000e-06,333,0.190913,0.683167,-0.010290,-0.000204
henon,param,3,5,0.01,1.4,1.000e-06,334,0.193160,0.689697,-0.004635,-0.007763
henon,param,3,5,0.01,1.4,1.000e-06,335,0.194874,0.682556,-0.007256,-0.006404
henon,param,3,5,0.01,1.4,1.000e-06,336,0.188117,0.680847,0.000528,-0.002767
henon,param,3,5,0.01,1.4,1.000e-06,337,0.190820,0.680603,-0.002835,-0.006416
henon,param,3,5,0.01,1.4,1.000e-06,338,0.191764,0.681946,0.000954,-0.002761
henon,param,3,5,0.01,1.4,1.000e-06,339,0.190887,0.682251,0.012206,-0.012063
henon,param,3,5,0.01,1.4,1.000e-06,340,0.189277,0.683167,0.012518,0.002506
henon,param,3,5,0.01,1.4,1.000e-06,341,0.196296,0.684631,-0.007620,-0.013113
henon,param,3,5,0.01,1.4,1.000e-06,342,0.184637,0.680969,0.007484,0.004169
henon,param,3,5,0.01,1.4,1.000e-06,343,0.186179,0.676208,0.000375,-0.000369
henon,param,3,5,0.01,1.4,1.000e-06,344,0.195334,0.685547,-0.009553,0.002264
henon,param,3,5,0.01,1.4,1.000e-06,345,0.191262,0.683655,0.010165,-0.005259
henon,param,3,5,0.01,1.4,1.000e-06,346,0.192764,0.683777,-0.010071,0.001881
henon,param,3,5,0.01,1.4,1.000e-06,347,0.186858,0.678040,-0.001493,0.008465
henon,param,3,5,0.01,1.4,1.000e-06,348,0.191711,0.684448,-0.000897,-0.003610
henon,param,3,5,0.01,1.4,1.000e-06,349,0.188101,0.680298,-0.006004,0.005410
henon,param,3,5,0.01,1.4,1.000e-06,350,0.184829,0.681335,0.005613,-0.004691
henon,param,3,5,0.01,1.4,1.000e-06,351,0.182847,0.678772,0.022140,0.007654
henon,param,3,5,0.01,1.4,1.000e-06,352,0.192413,0.683594,0.008927,0.004138
henon,param,3,5,0.01,1.4,1.000e-06,353,0.201015,0.689819,-0.015515,-0.000377
henon,param,3,5,0.01,1.4,1.000e-06,354,0.196386,0.688843,0.008260,-0.003521
henon,param,3,5,0.01,1.4,1.000e-06,355,0.193358,0.685242,-0.007318,-0.010958
henon,param,3,5,0.01,1.4,1.000e-06,356,0.190864,0.682312,-0.015433,0.008584
henon,param,3,5,0.01,1.4,1.000e-06,357,0.192005,0.687622,-0.002473,-0.007978
henon,param,3,5,0.01,1.4,1.000e-06,358,0.195269,0.687988,-0.020915,-0.002448
henon,param,3,5,0.01,1.4,1.000e-06,359,0.187606,0.678101,0.004376,0.006325
henon,param,3,5,0.01,1.4,1.000e-06,360,0.188062,0.677979,0.004710,0.004764
henon,param,3,5,0.01,1.4,1.000e-06,361,0.195595,0.688232,-0.007285,0.007630
henon,param,3,5,0.01,1.4,1.000e-06,362,0.198836,0.692627,-0.002924,-0.010241
henon,param,3,5,0.01,1.4,1.000e-06,363,0.191942,0.683350,-0.015779,0.003349
henon,param,3,5,0.01,1.4,1.000e-06,364,0.189018,0.681335,0.001194,0.011946
henon,param,3,5,0.01,1.4,1.000e-06,365,0.191765,0.686707,-0.001328,-0.004743
henon,param,3,5,0.01,1.4,1.000e-06,366,0.189680,0.684753,0.016011,-0.011084
henon,param,3,5,0.01,1.4,1.000e-06,367,0.192609,0.680786,-0.009922,-0.000179
henon,param,3,5,0.01,1.4,1.000e-06,368,0.194783,0.684631,-0.005258,-0.006298
henon,param,3,5,0.01,1.4,1.000e-06,369,0.187093,0.678162,0.000409,-0.000781
henon,param,3,5,0.01,1.4,1.000e-06,370,0.186504,0.682068,-0.000001,0.001566
henon,param,3,5,0.01,1.4,1.000e-06,371,0.196316,0.688477,-0.005506,-0.003203
henon,param,3,5,0.01,1.4,1.000e-06,372,0.196023,0.685852,-0.002840,-0.007456
henon,param,3,5,0.01,1.4,1.000e-06,373,0.195522,0.685608,-0.003028,-0.009021
henon,param,3,5,0.01,1.4,1.000e-06,374,0.189320,0.680786,0.006921,-0.004125
henon,param,3,5,0.01,1.4,1.000e-06,375,0.188723,0.680420,-0.002477,0.002333
henon,param,3,5,0.01,1.4,1.000e-06,376,0.186501,0.679810,0.015154,-0.009124
henon,param,3,5,0.01,1.4,1.000e-06,377,0.192404,0.685486,-0.004734,-0.002233
henon,param,3,5,0.01,1.4,1.000e-06,378,0.187732,0.683472,0.001637,0.011778
henon,param,3,5,0.01,1.4,1.000e-06,379,0.189013,0.681824,0.001912,-0.011010
henon,param,3,5,0.01,1.4,1.000e-06,380,0.191594,0.682495,-0.016656,0.002259
henon,param,3,5,0.01,1.4,1.000e-06,381,0.184466,0.678101,0.008827,0.017137
henon,param,3,5,0.01,1.4,1.000e-06,382,0.193449,0.683655,0.004456,-0.010517
henon,param,3,5,0.01,1.4,1.000e-06,383,0.187456,0.681702,0.007052,0.012678
henon,param,3,5,0.01,1.4,1.000e-06,384,0.185318,0.676575,0.001936,0.001542
henon,param,3,5,0.01,1.4,1.000e-06,385,0.188665,0.683533,0.010576,0.010433
henon,param,3,5,0.01,1.4,1.000e-06,386,0.188599,0.681580,0.005311,-0.001452
henon,param,3,5,0.01,1.4,1.000e-06,387,0.178293,0.669861,0.014016,0.005255
henon,param,3,5,0.01,1.4,1.000e-06,388,0.183176,0.676941,0.006204,0.012110
henon,param,3,5,0.01,1.4,1.000e-06,389,0.192077,0.684448,-0.012032,-0.003237
henon,param,3,5,0.01,1.4,1.000e-06,390,0.193708,0.685303,0.010825,-0.011807
henon,param,3,5,0.01,1.4,1.000e-06,391,0.195397,0.688049,-0.004165,0.005955
henon,param,3,5,0.01,1.4,1.000e-06,392,0.192560,0.684448,-0.000033,-0.005357
henon,param,3,5,0.01,1.4,1.000e-06,393,0.187112,0.687134,0.001468,0.001522
henon,param,3,5,0.01,1.4,1.000e-06,394,0.184836,0.678711,0.008982,-0.003220
henon,param,3,5,0.01,1.4,1.000e-06,395,0.190796,0.682434,0.002974,-0.005304
henon,param,3,5,0.01,1.4,1.000e-06,396,0.185296,0.678711,-0.001135,0.020699
henon,param,3,5,0.01,1.4,1.000e-06,397,0.187374,0.684387,0.000387,0.013969
henon,param,3,5,0.01,1.4,1.000e-06,398,0.195326,0.687134,-0.001088,-0.000628
henon,param,3,5,0.01,1.4,1.000e-06,399,0.190320,0.683716,0.000910,0.002064
henon,param,3,5,0.01,1.4,1.000e-06,400,0.192313,0.683716,-0.001391,-0.004646
henon,param,3,5,0.01,1.4,1.000e-04,1,-9.530439,0.000000,1.000000,1.000000
henon,param,3,5,0.01,1.4,1.000e-04,2,-8.841464,0.000000,1.000000,1.000000
henon,param,3,5,0.01,1.4,1.000e-04,3,-8.153515,0.000000,1.000000,1.000000
henon,param,3,5,0.01,1.4,1.000e-04,4,-7.782271,0.000000,1.000000,1.000000
henon,param,3,5,0.01,1.4,1.000e-04,5,-7.298511,0.000000,0.999999,0.999999
henon,param,3,5,0.01,1.4,1.000e-04,6,-6.853494,0.000000,0.999999,0.999999
henon,param,3,5,0.01,1.4,1.000e-04,7,-6.408132,0.000000,0.999996,0.999996
henon,param,3,5,0.01,1.4,1.000e-04,8,-5.963154,0.000000,0.999989,0.999989
henon,param,3,5,0.01,1.4,1.000e-04,9,-5.501917,0.000000,0.999968,0.999967
henon,param,3,5,0.01,1.4,1.000e-04,10,-5.052629,0.000000,0.999907,0.999899
henon,param,3,5,0.01,1.4,1.000e-04,11,-4.626085,0.000000,0.999737,0.999718
henon,param,3,5,0.01,1.4,1.000e-04,12,-4.192687,0.000000,0.999302,0.999295
henon,param,3,5,0.01,1.4,1.000e-04,13,-3.760899,0.000000,0.998188,0.998032
henon,param,3,5,0.01,1.4,1.000e-04,14,-3.322759,0.000427,0.995128,0.995064
henon,param,3,5,0.01,1.4,1.000e-04,15,-2.894534,0.002014,0.988562,0.987655
henon,param,3,5,0.01,1.4,1.000e-04,16,-2.460740,0.008301,0.973196,0.969065
henon,param,3,5,0.01,1.4,1.000e-04,17,-2.040756,0.030518,0.937193,0.934724
henon,param,3,5,0.01,1.4,1.000e-04,18,-1.626055,0.074158,0.879779,0.867475
henon,param,3,5,0.01,1.4,1.000e-04,19,-1.255026,0.144226,0.788365,0.776966
henon,param,3,5,0.01,1.4,1.000e-04,20,-0.930279,0.222046,0.679934,0.675556
henon,param,3,5,0.01,1.4,1.000e-04,21,-0.652679,0.313843,0.566884,0.537385
henon,param,3,5,0.01,1.4,1.000e-04,22,-0.432772,0.393982,0.452606,0.432077
henon,param,3,5,0.01,1.4,1.000e-04,23,-0.270336,0.459778,0.356770,0.342267
henon,param,3,5,0.01,1.4,1.000e-04,24,-0.146910,0.510315,0.274818,0.254452
henon,param,3,5,0.01,1.4,1.000e-04,25,-0.056402,0.551575,0.212810,0.190565
henon,param,3,5,0.01,1.4,1.000e-04,26,0.019770,0.590149,0.162411,0.143441
henon,param,3,5,0.01,1.4,1.000e-04,27,0.064086,0.612366,0.126236,0.106071
henon,param,3,5,0.01,1.4,1.000e-04,28,0.101162,0.629333,0.082267,0.081577
henon,param,3,5,0.01,1.4,1.000e-04,29,0.124051,0.648987,0.079601,0.047137
henon,param,3,5,0.01,1.4,1.000e-04,30,0.137837,0.649963,0.044687,0.045951
henon,param,3,5,0.01,1.4,1.000e-04,31,0.152161,0.658752,0.043688,0.039065
henon,param,3,5,0.01,1.4,1.000e-04,32,0.167700,0.667542,0.038942,0.021338
henon,param,3,5,0.01,1.4,1.000e-04,33,0.179454,0.675232,0.012196,0.010753
henon,param,3,5,0.01,1.4,1.000e-04,34,0.179496,0.676697,0.014719,0.026863
henon,param,3,5,0.01,1.4,1.000e-04,35,0.181692,0.676514,0.006196,0.013063
henon,param,3,5,0.01,1.4,1.000e-04,36,0.180607,0.678406,0.017500,0.012618
henon,param,3,5,0.01,1.4,1.000e-04,37,0.186179,0.680054,-0.004386,0.004319
henon,param,3,5,0.01,1.4,1.000e-04,38,0.181517,0.670959,0.005166,0.012581
henon,param,3,5,0.01,1.4,1.000e-04,39,0.182773,0.679993,-0.004145,0.015125
henon,param,3,5,0.01,1.4,1.000e-04,40,0.187202,0.680359,-0.012379,0.019314
henon,param,3,5,0.01,1.4,1.000e-04,41,0.193076,0.682983,0.003454,-0.011393
henon,param,3,5,0.01,1.4,1.000e-04,42,0.188558,0.683594,0.008842,-0.006337
henon,param,3,5,0.01,1.4,1.000e-04,43,0.182789,0.677185,0.005977,0.010944
henon,param,3,5,0.01,1.4,1.000e-04,44,0.180740,0.676025,0.009915,0.005964
henon,param,3,5,0.01,1.4,1.000e-04,45,0.190081,0.682007,0.000389,0.003992
henon,param,3,5,0.01,1.4,1.000e-04,46,0.192239,0.684082,-0.008883,0.010541
henon,param,3,5,0.01,1.4,1.000e-04,47,0.189227,0.682983,-0.014237,0.009914
henon,param,3,5,0.01,1.4,1.000e-04,48,0.190087,0.684326,-0.001005,0.001675
henon,param,3,5,0.01,1.4,1.000e-04,49,0.189083,0.679016,0.004249,0.007158
henon,param,3,5,0.01,1.4,1.000e-04,50,0.185417,0.679016,-0.001321,0.008639
henon,param,3,5,0.01,1.4,1.000e-04,51,0.189109,0.682312,-0.004807,0.003218
henon,param,3,5,0.01,1.4,1.000e-04,52,0.189351,0.680603,-0.006594,-0.002104
henon,param,3,5,0.01,1.4,1.000e-04,53,0.183524,0.676025,0.001409,0.014163
henon,param,3,5,0.01,1.4,1.000e-04,54,0.189963,0.684631,-0.012256,0.003597
henon,param,3,5,0.01,1.4,1.000e-04,55,0.194282,0.685608,-0.009268,0.001570
henon,param,3,5,0.01,1.4,1.000e-04,56,0.191406,0.685120,0.001301,0.006325
henon,param,3,5,0.01,1.4,1.000e-04,57,0.192518,0.682251,-0.012416,0.001071
henon,param,3,5,0.01,1.4,1.000e-04,58,0.192013,0.684326,-0.003155,0.010048
henon,param,3,5,0.01,1.4,1.000e-04,59,0.197206,0.690369,-0.013276,-0.010870
henon,param,3,5,0.01,1.4,1.000e-04,60,0.190167,0.681030,0.008791,-0.000487
henon,param,3,5,0.01,1.4,1.000e-04,61,0.189764,0.683655,0.001185,0.001295
henon,param,3,5,0.01,1.4,1.000e-04,62,0.193255,0.685547,-0.004564,0.002029
henon,param,3,5,0.01,1.4,1.000e-04,63,0.193335,0.685791,-0.008301,0.013676
henon,param,3,5,0.01,1.4,1.000e-04,64,0.193165,0.682983,-0.008662,0.006289
henon,param,3,5,0.01,1.4,1.000e-04,65,0.189124,0.681396,-0.010399,0.015968
henon,param,3,5,0.01,1.4,1.000e-04,66,0.190098,0.680298,-0.002194,0.003426
henon,param,3,5,0.01,1.4,1.000e-04,67,0.191469,0.684937,-0.003696,-0.006765
henon,param,3,5,0.01,1.4,1.000e-04,68,0.191710,0.679565,0.008265,-0.013162
henon,param,3,5,0.01,1.4,1.000e-04,69,0.193961,0.684937,-0.001270,-0.008618
henon,param,3,5,0.01,1.4,1.000e-04,70,0.192425,0.679077,-0.001555,-0.003201
henon,param,3,5,0.01,1.4,1.000e-04,71,0.193493,0.681641,0.009455,-0.004107
henon,param,3,5,0.01,1.4,1.000e-04,72,0.196385,0.689148,-0.003827,-0.005793
henon,param,3,5,0.01,1.4,1.000e-04,73,0.184964,0.676697,-0.004973,0.000423
henon,param,3,5,0.01,1.4,1.000e-04,74,0.184143,0.679932,0.008681,-0.000391
henon,param,3,5,0.01,1.4,1.000e-04,75,0.182897,0.676941,0.008121,-0.000831
henon,param,3,5,0.01,1.4,1.000e-04,76,0.183676,0.675964,0.001206,-0.000631
henon,param,3,5,0.01,1.4,1.000e-04,77,0.180496,0.676575,0.006917,0.010234
henon,param,3,5,0.01,1.4,1.000e-04,78,0.194568,0.685486,-0.012817,0.005373
henon,param,3,5,0.01,1.4,1.000e-04,79,0.190795,0.684570,0.008233,-0.002328
henon,param,3,5,0.01,1.4,1.000e-04,80,0.187721,0.682983,0.001153,0.005089
henon,param,3,5,0.01,1.4,1.000e-04,81,0.185928,0.679565,0.004849,0.005631
henon,param,3,5,0.01,1.4,1.000e-04,82,0.183472,0.672302,0.012705,-0.005379
henon,param,3,5,0.01,1.4,1.000e-04,83,0.184930,0.675720,0.008305,-0.005720
henon,param,3,5,0.01,1.4,1.000e-04,84,0.187781,0.677307,0.009490,0.014855
henon,param,3,5,0.01,1.4,1.000e-04,85,0.193720,0.685120,-0.015024,0.006939
henon,param,3,5,0.01,1.4,1.000e-04,86,0.187555,0.680298,0.006177,0.009138
henon,param,3,5,0.01,1.4,1.000e-04,87,0.184671,0.681763,0.004834,0.006918
henon,param,3,5,0.01,1.4,1.000e-04,88,0.184872,0.677673,0.010426,-0.012373
henon,param,3,5,0.01,1.4,1.000e-04,89,0.187134,0.685059,-0.010883,0.007711
henon,param,3,5,0.01,1.4,1.000e-04,90,0.182512,0.679810,0.000591,0.008242
henon,param,3,5,0.01,1.4,1.000e-04,91,0.182459,0.677795,0.001490,0.011963
henon,param,3,5,0.01,1.4,1.000e-04,92,0.188002,0.676697,-0.004071,0.012239
henon,param,3,5,0.01,1.4,1.000e-04,93,0.188301,0.681519,0.002403,0.004203
henon,param,3,5,0.01,1.4,1.000e-04,94,0.191277,0.682434,-0.010198,0.007658
henon,param,3,5,0.01,1.4,1.000e-04,95,0.188451,0.678162,0.005694,0.005202
henon,param,3,5,0.01,1.4,1.000e-04,96,0.187464,0.684814,-0.003955,-0.000207
henon,param,3,5,0.01,1.4,1.000e-04,97,0.188038,0.680420,-0.008097,-0.004029
henon,param,3,5,0.01,1.4,1.000e-04,98,0.186901,0.680481,0.003436,0.012046
henon,param,3,5,0.01,1.4,1.000e-04,99,0.200606,0.690186,-0.000012,-0.013426
henon,param,3,5,0.01,1.4,1.000e-04,100,0.196295,0.681213,-0.006684,-0.001094
henon,param,3,5,0.01,1.4,1.000e-04,101,0.198610,0.686218,-0.017976,0.004329
henon,param,3,5,0.01,1.4,1.000e-04,102,0.201289,0.692932,-0.009379,-0.015242
henon,param,3,5,0.01,1.4,1.000e-04,103,0.195305,0.689331,-0.001985,-0.011005
henon,param,3,5,0.01,1.4,1.000e-04,104,0.187814,0.678284,-0.008485,0.008809
henon,param,3,5,0.01,1.4,1.000e-04,105,0.185753,0.682129,0.007907,-0.000449
henon,param,3,5,0.01,1.4,1.000e-04,106,0.187861,0.681213,0.004449,0.000457
henon,param,3,5,0.01,1.4,1.000e-04,107,0.192602,0.682678,0.005576,0.010700
henon,param,3,5,0.01,1.4,1.000e-04,108,0.192677,0.682739,-0.004953,0.006884
henon,param,3,5,0.01,1.4,1.000e-04,109,0.188290,0.678528,0.012255,-0.007672
henon,param,3,5,0.01,1.4,1.000e-04,110,0.185770,0.682007,0.002220,0.005825
henon,param,3,5,0.01,1.4,1.000e-04,111,0.192187,0.684204,-0.000723,-0.001522
henon,param,3,5,0.01,1.4,1.000e-04,112,0.192938,0.683655,0.000867,-0.004347
henon,param,3,5,0.01,1.4,1.000e-04,113,0.191035,0.681702,-0.010378,0.000402
henon,param,3,5,0.01,1.4,1.000e-04,114,0.188596,0.678711,0.006086,0.004844
henon,param,3,5,0.01,1.4,1.000e-04,115,0.192017,0.682068,0.006826,-0.000270
henon,param,3,5,0.01,1.4,1.000e-04,116,0.192912,0.683228,-0.001473,0.009112
henon,param,3,5,0.01,1.4,1.000e-04,117,0.191547,0.683411,-0.002661,0.008502
henon,param,3,5,0.01,1.4,1.000e-04,118,0.190398,0.685181,0.008746,0.000966
henon,param,3,5,0.01,1.4,1.000e-04,119,0.193657,0.686584,0.004350,-0.013965
henon,param,3,5,0.01,1.4,1.000e-04,120,0.186272,0.679199,0.008125,0.017335
henon,param,3,5,0.01,1.4,1.000e-04,121,0.184758,0.681274,-0.001326,0.002117
henon,param,3,5,0.01,1.4,1.000e-04,122,0.179607,0.676086,0.003225,0.007608
henon,param,3,5,0.01,1.4,1.000e-04,123,0.183274,0.677246,0.003726,0.007695
henon,param,3,5,0.01,1.4,1.000e-04,124,0.189250,0.685608,0.000194,0.001582
henon,param,3,5,0.01,1.4,1.000e-04,125,0.191545,0.684509,0.002962,-0.009834
henon,param,3,5,0.01,1.4,1.000e-04,126,0.189895,0.679260,-0.006890,-0.001834
henon,param,3,5,0.01,1.4,1.000e-04,127,0.190261,0.682800,0.010029,0.001314
henon,param,3,5,0.01,1.4,1.000e-04,128,0.192480,0.684082,-0.000298,0.007327
henon,param,3,5,0.01,1.4,1.000e-04,129,0.185819,0.679321,0.003194,0.011625
henon,param,3,5,0.01,1.4,1.000e-04,130,0.192448,0.687561,0.006359,-0.012270
henon,param,3,5,0.01,1.4,1.000e-04,131,0.188456,0.682739,0.000422,-0.008837
henon,param,3,5,0.01,1.4,1.000e-04,132,0.184670,0.676697,-0.007506,0.001015
henon,param,3,5,0.01,1.4,1.000e-04,133,0.186724,0.677979,0.013484,-0.004083
henon,param,3,5,0.01,1.4,1.000e-04,134,0.195263,0.686035,-0.004899,-0.003360
henon,param,3,5,0.01,1.4,1.000e-04,135,0.190281,0.681885,0.007382,-0.005687
henon,param,3,5,0.01,1.4,1.000e-04,136,0.192590,0.682800,-0.012364,0.004598
henon,param,3,5,0.01,1.4,1.000e-04,137,0.195717,0.682983,-0.000541,-0.008018
henon,param,3,5,0.01,1.4,1.000e-04,138,0.196048,0.685425,-0.020015,-0.000310
henon,param,3,5,0.01,1.4,1.000e-04,139,0.184525,0.680725,0.001582,-0.001604
henon,param,3,5,0.01,1.4,1.000e-04,140,0.190393,0.681641,-0.001386,0.001754
henon,param,3,5,0.01,1.4,1.000e-04,141,0.194694,0.684631,-0.011978,-0.007314
henon,param,3,5,0.01,1.4,1.000e-04,142,0.188805,0.680969,0.000489,0.006360
henon,param,3,5,0.01,1.4,1.000e-04,143,0.190257,0.681458,0.000965,0.006950
henon,param,3,5,0.01,1.4,1.000e-04,144,0.195015,0.689819,-0.007257,-0.000705
henon,param,3,5,0.01,1.4,1.000e-04,145,0.192010,0.683228,-0.007110,0.004405
henon,param,3,5,0.01,1.4,1.000e-04,146,0.189312,0.678589,0.011956,-0.008381
henon,param,3,5,0.01,1.4,1.000e-04,147,0.192264,0.682373,0.012415,-0.008628
henon,param,3,5,0.01,1.4,1.000e-04,148,0.193071,0.686768,0.000541,0.000741
henon,param,3,5,0.01,1.4,1.000e-04,149,0.191454,0.681763,-0.007143,-0.007314
henon,param,3,5,0.01,1.4,1.000e-04,150,0.187930,0.680969,-0.001511,0.000067
henon,param,3,5,0.01,1.4,1.000e-04,151,0.185247,0.682190,0.009490,0.009158
henon,param,3,5,0.01,1.4,1.000e-04,152,0.182555,0.674683,0.005858,0.017108
henon,param,3,5,0.01,1.4,1.000e-04,153,0.184523,0.676575,0.009658,0.005172
henon,param,3,5,0.01,1.4,1.000e-04,154,0.183720,0.678223,0.008493,0.015300
henon,param,3,5,0.01,1.4,1.000e-04,155,0.186631,0.682312,0.008671,0.003723
henon,param,3,5,0.01,1.4,1.000e-04,156,0.193470,0.686157,0.004123,-0.004829
henon,param,3,5,0.01,1.4,1.000e-04,157,0.189294,0.681519,0.004707,0.006281
henon,param,3,5,0.01,1.4,1.000e-04,158,0.187173,0.678955,-0.003500,-0.001006
henon,param,3,5,0.01,1.4,1.000e-04,159,0.184704,0.677612,0.005493,-0.001228
henon,param,3,5,0.01,1.4,1.000e-04,160,0.186485,0.678833,0.001025,0.008255
henon,param,3,5,0.01,1.4,1.000e-04,161,0.185099,0.678223,0.012554,0.005229
henon,param,3,5,0.01,1.4,1.000e-04,162,0.179775,0.673645,0.004847,0.006095
henon,param,3,5,0.01,1.4,1.000e-04,163,0.182204,0.677002,-0.006430,0.007617
henon,param,3,5,0.01,1.4,1.000e-04,164,0.188079,0.680908,0.000616,0.019917
henon,param,3,5,0.01,1.4,1.000e-04,165,0.191683,0.683044,0.003543,0.004042
henon,param,3,5,0.01,1.4,1.000e-04,166,0.194111,0.690430,0.007111,-0.012055
henon,param,3,5,0.01,1.4,1.000e-04,167,0.195311,0.686829,0.001631,-0.012794
henon,param,3,5,0.01,1.4,1.000e-04,168,0.194029,0.681580,-0.003099,-0.008312
henon,param,3,5,0.01,1.4,1.000e-04,169,0.195547,0.687866,-0.007727,0.001455
henon,param,3,5,0.01,1.4,1.000e-04,170,0.191299,0.683594,-0.001603,0.002928
henon,param,3,5,0.01,1.4,1.000e-04,171,0.199242,0.691101,-0.005665,-0.017635
henon,param,3,5,0.01,1.4,1.000e-04,172,0.195023,0.686157,-0.009396,-0.009796
henon,param,3,5,0.01,1.4,1.000e-04,173,0.191728,0.685608,-0.009215,0.017468
henon,param,3,5,0.01,1.4,1.000e-04,174,0.198673,0.685120,-0.019055,-0.011132
henon,param,3,5,0.01,1.4,1.000e-04,175,0.188113,0.682800,-0.003915,0.006453
henon,param,3,5,0.01,1.4,1.000e-04,176,0.182665,0.676453,-0.009864,0.005389
henon,param,3,5,0.01,1.4,1.000e-04,177,0.189025,0.686951,-0.006751,-0.004310
henon,param,3,5,0.01,1.4,1.000e-04,178,0.192020,0.687866,0.006046,0.004783
henon,param,3,5,0.01,1.4,1.000e-04,179,0.189757,0.680969,-0.015444,0.006520
henon,param,3,5,0.01,1.4,1.000e-04,180,0.185579,0.680298,-0.000108,0.002973
henon,param,3,5,0.01,1.4,1.000e-04,181,0.189332,0.680481,-0.004684,0.003663
henon,param,3,5,0.01,1.4,1.000e-04,182,0.188318,0.683289,0.004709,0.000900
henon,param,3,5,0.01,1.4,1.000e-04,183,0.183261,0.675781,0.012419,0.009530
henon,param,3,5,0.01,1.4,1.000e-04,184,0.188392,0.681213,-0.004893,-0.000021
henon,param,3,5,0.01,1.4,1.000e-04,185,0.182474,0.673706,0.002512,0.021740
henon,param,3,5,0.01,1.4,1.000e-04,186,0.192110,0.681519,-0.006190,0.004728
henon,param,3,5,0.01,1.4,1.000e-04,187,0.191882,0.687012,-0.004391,0.003205
henon,param,3,5,0.01,1.4,1.000e-04,188,0.185663,0.679688,-0.003817,0.001199
henon,param,3,5,0.01,1.4,1.000e-04,189,0.177508,0.674438,0.020902,0.014604
henon,param,3,5,0.01,1.4,1.000e-04,190,0.187024,0.684143,0.007768,-0.002200
henon,param,3,5,0.01,1.4,1.000e-04,191,0.189699,0.681458,-0.006141,0.000174
henon,param,3,5,0.01,1.4,1.000e-04,192,0.184394,0.676636,0.005126,0.002148
henon,param,3,5,0.01,1.4,1.000e-04,193,0.184021,0.680969,0.014194,0.005288
henon,param,3,5,0.01,1.4,1.000e-04,194,0.179193,0.674683,0.006550,-0.001780
henon,param,3,5,0.01,1.4,1.000e-04,195,0.177760,0.668152,0.008859,0.023460
henon,param,3,5,0.01,1.4,1.000e-04,196,0.183002,0.679077,0.010770,0.017520
henon,param,3,5,0.01,1.4,1.000e-04,197,0.183604,0.680359,0.012002,0.004677
henon,param,3,5,0.01,1.4,1.000e-04,198,0.183508,0.682983,0.003354,0.004133
henon,param,3,5,0.01,1.4,1.000e-04,199,0.182799,0.677246,0.000312,0.004325
henon,param,3,5,0.01,1.4,1.000e-04,200,0.181378,0.677246,0.017070,0.018450
henon,param,3,5,0.01,1.4,1.000e-04,201,0.192846,0.685852,-0.005143,0.005118
henon,param,3,5,0.01,1.4,1.000e-04,202,0.191058,0.682556,0.002481,0.011452
henon,param,3,5,0.01,1.4,1.000e-04,203,0.194471,0.684631,-0.003742,0.000919
henon,param,3,5,0.01,1.4,1.000e-04,204,0.191575,0.679688,-0.005683,0.002486
henon,param,3,5,0.01,1.4,1.000e-04,205,0.189645,0.683289,0.000626,0.001870
henon,param,3,5,0.01,1.4,1.000e-04,206,0.191948,0.684265,0.001698,-0.010413
henon,param,3,5,0.01,1.4,1.000e-04,207,0.193892,0.683899,0.007158,-0.001346
henon,param,3,5,0.01,1.4,1.000e-04,208,0.192997,0.684753,0.001165,0.001690
henon,param,3,5,0.01,1.4,1.000e-04,209,0.193991,0.685913,-0.010927,-0.002518
henon,param,3,5,0.01,1.4,1.000e-04,210,0.183501,0.675964,-0.000826,0.006054
henon,param,3,5,0.01,1.4,1.000e-04,211,0.186976,0.676941,-0.003901,0.004316
henon,param,3,5,0.01,1.4,1.000e-04,212,0.187788,0.680420,-0.005107,0.007136
henon,param,3,5,0.01,1.4,1.000e-04,213,0.189848,0.682007,0.000651,-0.000322
henon,param,3,5,0.01,1.4,1.000e-04,214,0.183536,0.677124,0.016258,-0.004094
henon,param,3,5,0.01,1.4,1.000e-04,215,0.186788,0.678040,0.002394,0.000390
henon,param,3,5,0.01,1.4,1.000e-04,216,0.186816,0.682068,0.000415,0.006375
henon,param,3,5,0.01,1.4,1.000e-04,217,0.187452,0.680908,0.006802,0.006831
henon,param,3,5,0.01,1.4,1.000e-04,218,0.194666,0.686584,0.004817,-0.002237
henon,param,3,5,0.01,1.4,1.000e-04,219,0.194807,0.686279,-0.012432,-0.002268
henon,param,3,5,0.01,1.4,1.000e-04,220,0.193117,0.686035,-0.008332,0.007957
henon,param,3,5,0.01,1.4,1.000e-04,221,0.183675,0.679749,0.014654,0.003737
henon,param,3,5,0.01,1.4,1.000e-04,222,0.193236,0.687378,-0.007447,-0.002354
henon,param,3,5,0.01,1.4,1.000e-04,223,0.191017,0.681824,-0.004401,0.001339
henon,param,3,5,0.01,1.4,1.000e-04,224,0.190453,0.682617,0.012373,-0.006850
henon,param,3,5,0.01,1.4,1.000e-04,225,0.186114,0.678284,0.000416,0.005951
henon,param,3,5,0.01,1.4,1.000e-04,226,0.187855,0.676819,0.014411,-0.011299
henon,param,3,5,0.01,1.4,1.000e-04,227,0.190442,0.680725,0.001819,0.004306
henon,param,3,5,0.01,1.4,1.000e-04,228,0.194384,0.684387,0.004743,-0.010053
henon,param,3,5,0.01,1.4,1.000e-04,229,0.198306,0.688293,-0.007828,-0.013857
henon,param,3,5,0.01,1.4,1.000e-04,230,0.191807,0.679871,0.009973,0.001540
henon,param,3,5,0.01,1.4,1.000e-04,231,0.190309,0.682007,0.003223,-0.006340
henon,param,3,5,0.01,1.4,1.000e-04,232,0.191346,0.684937,-0.003135,0.001566
henon,param,3,5,0.01,1.4,1.000e-04,233,0.185348,0.675354,-0.001094,-0.003278
henon,param,3,5,0.01,1.4,1.000e-04,234,0.185795,0.679565,0.007388,0.000120
henon,param,3,5,0.01,1.4,1.000e-04,235,0.190641,0.677917,0.007101,0.003121
henon,param,3,5,0.01,1.4,1.000e-04,236,0.187687,0.679626,0.006487,0.002966
henon,param,3,5,0.01,1.4,1.000e-04,237,0.184984,0.680359,0.010926,-0.004915
henon,param,3,5,0.01,1.4,1.000e-04,238,0.184234,0.679138,0.015676,0.000351
henon,param,3,5,0.01,1.4,1.000e-04,239,0.184091,0.677917,0.014960,-0.000702
henon,param,3,5,0.01,1.4,1.000e-04,240,0.181813,0.674377,0.001591,0.013584
henon,param,3,5,0.01,1.4,1.000e-04,241,0.189236,0.685547,-0.001226,0.006874
henon,param,3,5,0.01,1.4,1.000e-04,242,0.195089,0.683228,-0.005924,-0.004726
henon,param,3,5,0.01,1.4,1.000e-04,243,0.193183,0.681091,0.001641,-0.009418
henon,param,3,5,0.01,1.4,1.000e-04,244,0.193805,0.684082,0.005534,-0.010023
henon,param,3,5,0.01,1.4,1.000e-04,245,0.193245,0.682556,-0.001166,0.016355
henon,param,3,5,0.01,1.4,1.000e-04,246,0.188770,0.680176,0.009433,-0.009133
henon,param,3,5,0.01,1.4,1.000e-04,247,0.181179,0.679993,-0.003581,0.009976
henon,param,3,5,0.01,1.4,1.000e-04,248,0.187325,0.679810,0.002796,0.001521
henon,param,3,5,0.01,1.4,1.000e-04,249,0.186845,0.678101,-0.002424,0.008079
henon,param,3,5,0.01,1.4,1.000e-04,250,0.186279,0.679993,0.003384,0.013328
henon,param,3,5,0.01,1.4,1.000e-04,251,0.195002,0.683777,-0.002522,-0.007536
henon,param,3,5,0.01,1.4,1.000e-04,252,0.193043,0.685608,0.008135,-0.008968
henon,param,3,5,0.01,1.4,1.000e-04,253,0.194718,0.683411,0.003224,-0.009338
henon,param,3,5,0.01,1.4,1.000e-04,254,0.193803,0.683105,-0.002755,-0.016439
henon,param,3,5,0.01,1.4,1.000e-04,255,0.197502,0.686401,-0.013575,-0.024956
henon,param,3,5,0.01,1.4,1.000e-04,256,0.189507,0.679688,0.001655,-0.007970
henon,param,3,5,0.01,1.4,1.000e-04,257,0.187042,0.680481,0.005230,0.007537
henon,param,3,5,0.01,1.4,1.000e-04,258,0.190286,0.682129,0.004159,0.007300
henon,param,3,5,0.01,1.4,1.000e-04,259,0.193661,0.682922,-0.001055,0.005208
henon,param,3,5,0.01,1.4,1.000e-04,260,0.194200,0.686096,-0.002489,0.001241
henon,param,3,5,0.01,1.4,1.000e-04,261,0.192118,0.681213,-0.010504,0.004969
henon,param,3,5,0.01,1.4,1.000e-04,262,0.193261,0.688110,-0.005406,-0.006178
henon,param,3,5,0.01,1.4,1.000e-04,263,0.193213,0.685181,-0.019320,-0.012924
henon,param,3,5,0.01,1.4,1.000e-04,264,0.193892,0.686584,0.008115,-0.008484
henon,param,3,5,0.01,1.4,1.000e-04,265,0.192647,0.680847,-0.003386,0.000408
henon,param,3,5,0.01,1.4,1.000e-04,266,0.196035,0.687317,0.000743,0.001612
henon,param,3,5,0.01,1.4,1.000e-04,267,0.200004,0.689331,-0.002292,0.003705
henon,param,3,5,0.01,1.4,1.000e-04,268,0.199953,0.687622,-0.010351,-0.022091
henon,param,3,5,0.01,1.4,1.000e-04,269,0.186406,0.677124,0.004108,0.009122
henon,param,3,5,0.01,1.4,1.000e-04,270,0.185787,0.681396,-0.003392,0.009808
henon,param,3,5,0.01,1.4,1.000e-04,271,0.186319,0.680908,-0.003605,-0.000035
henon,param,3,5,0.01,1.4,1.000e-04,272,0.185957,0.685547,0.009813,-0.001268
henon,param,3,5,0.01,1.4,1.000e-04,273,0.186906,0.678223,0.004307,0.006076
henon,param,3,5,0.01,1.4,1.000e-04,274,0.196270,0.686951,-0.007731,0.008370
henon,param,3,5,0.01,1.4,1.000e-04,275,0.196063,0.685974,-0.006400,-0.006890
henon,param,3,5,0.01,1.4,1.000e-04,276,0.195809,0.685791,-0.008344,0.004606
henon,param,3,5,0.01,1.4,1.000e-04,277,0.198451,0.688110,-0.009881,-0.014304
henon,param,3,5,0.01,1.4,1.000e-04,278,0.196235,0.688171,0.002362,-0.007243
henon,param,3,5,0.01,1.4,1.000e-04,279,0.195901,0.685181,-0.018833,-0.000581
henon,param,3,5,0.01,1.4,1.000e-04,280,0.191068,0.682190,0.006486,-0.006536
henon,param,3,5,0.01,1.4,1.000e-04,281,0.189311,0.678955,0.006901,-0.001471
henon,param,3,5,0.01,1.4,1.000e-04,282,0.189807,0.682861,0.012548,0.002563
henon,param,3,5,0.01,1.4,1.000e-04,283,0.195656,0.688171,0.003456,-0.006972
henon,param,3,5,0.01,1.4,1.000e-04,284,0.195953,0.685913,0.002469,-0.005052
henon,param,3,5,0.01,1.4,1.000e-04,285,0.192444,0.680908,0.005848,-0.004027
henon,param,3,5,0.01,1.4,1.000e-04,286,0.189244,0.681519,0.003216,-0.006478
henon,param,3,5,0.01,1.4,1.000e-04,287,0.185257,0.676941,0.012135,0.007532
henon,param,3,5,0.01,1.4,1.000e-04,288,0.191239,0.680481,-0.011168,-0.006635
henon,param,3,5,0.01,1.4,1.000e-04,289,0.189162,0.680664,-0.005167,0.005490
henon,param,3,5,0.01,1.4,1.000e-04,290,0.189237,0.682556,0.006095,-0.002169
henon,param,3,5,0.01,1.4,1.000e-04,291,0.188114,0.676636,-0.003965,0.011414
henon,param,3,5,0.01,1.4,1.000e-04,292,0.194195,0.685181,0.007253,-0.003111
henon,param,3,5,0.01,1.4,1.000e-04,293,0.199686,0.690063,0.003841,-0.013644
henon,param,3,5,0.01,1.4,1.000e-04,294,0.203031,0.693726,-0.021351,-0.007387
henon,param,3,5,0.01,1.4,1.000e-04,295,0.189471,0.683411,0.007599,-0.004690
henon,param,3,5,0.01,1.4,1.000e-04,296,0.190897,0.684143,0.002064,-0.004895
henon,param,3,5,0.01,1.4,1.000e-04,297,0.182635,0.672546,0.020590,-0.001363
henon,param,3,5,0.01,1.4,1.000e-04,298,0.186927,0.677734,0.001264,-0.001172
henon,param,3,5,0.01,1.4,1.000e-04,299,0.190135,0.684204,0.005627,-0.009368
henon,param,3,5,0.01,1.4,1.000e-04,300,0.189030,0.680298,0.011876,-0.007981
henon,param,3,5,0.01,1.4,1.000e-04,301,0.190552,0.681641,0.001209,-0.002595
henon,param,3,5,0.01,1.4,1.000e-04,302,0.191943,0.682922,0.009403,-0.007389
henon,param,3,5,0.01,1.4,1.000e-04,303,0.187471,0.682129,0.017630,-0.001061
henon,param,3,5,0.01,1.4,1.000e-04,304,0.192792,0.685974,-0.017942,-0.009385
henon,param,3,5,0.01,1.4,1.000e-04,305,0.190070,0.685181,0.006415,-0.007153
henon,param,3,5,0.01,1.4,1.000e-04,306,0.194547,0.686340,0.006293,-0.005389
henon,param,3,5,0.01,1.4,1.000e-04,307,0.193141,0.686829,-0.002669,0.006160
henon,param,3,5,0.01,1.4,1.000e-04,308,0.185635,0.678955,-0.005289,0.013186
henon,param,3,5,0.01,1.4,1.000e-04,309,0.187522,0.682190,0.011018,-0.001953
henon,param,3,5,0.01,1.4,1.000e-04,310,0.189193,0.682800,0.012225,0.009064
henon,param,3,5,0.01,1.4,1.000e-04,311,0.189068,0.681946,-0.003276,0.010375
henon,param,3,5,0.01,1.4,1.000e-04,312,0.182766,0.670654,0.008962,0.006231
henon,param,3,5,0.01,1.4,1.000e-04,313,0.186227,0.673401,0.006235,0.009116
henon,param,3,5,0.01,1.4,1.000e-04,314,0.188244,0.677002,-0.008211,0.000320
henon,param,3,5,0.01,1.4,1.000e-04,315,0.191566,0.684509,0.001743,0.005483
henon,param,3,5,0.01,1.4,1.000e-04,316,0.194529,0.687439,0.004003,0.010513
henon,param,3,5,0.01,1.4,1.000e-04,317,0.201459,0.690552,-0.005926,-0.027149
henon,param,3,5,0.01,1.4,1.000e-04,318,0.195943,0.689331,-0.010779,-0.002836
henon,param,3,5,0.01,1.4,1.000e-04,319,0.188205,0.684082,-0.005276,-0.000248
henon,param,3,5,0.01,1.4,1.000e-04,320,0.195870,0.685059,-0.001122,0.005401
henon,param,3,5,0.01,1.4,1.000e-04,321,0.194612,0.686523,-0.010097,-0.001957
henon,param,3,5,0.01,1.4,1.000e-04,322,0.196375,0.687256,-0.000260,-0.002733
henon,param,3,5,0.01,1.4,1.000e-04,323,0.192226,0.683228,0.003237,-0.001148
henon,param,3,5,0.01,1.4,1.000e-04,324,0.189281,0.687134,0.008951,0.002578
henon,param,3,5,0.01,1.4,1.000e-04,325,0.187150,0.676147,0.004816,0.003486
henon,param,3,5,0.01,1.4,1.000e-04,326,0.194790,0.684937,-0.008181,-0.008073
henon,param,3,5,0.01,1.4,1.000e-04,327,0.187663,0.678589,0.002438,0.008020
henon,param,3,5,0.01,1.4,1.000e-04,328,0.189352,0.677368,0.002209,0.004033
henon,param,3,5,0.01,1.4,1.000e-04,329,0.187081,0.679565,0.000834,0.007057
henon,param,3,5,0.01,1.4,1.000e-04,330,0.188464,0.680786,-0.000628,-0.002745
henon,param,3,5,0.01,1.4,1.000e-04,331,0.191591,0.683228,-0.009334,0.002433
henon,param,3,5,0.01,1.4,1.000e-04,332,0.194908,0.687561,-0.001514,0.005311
henon,param,3,5,0.01,1.4,1.000e-04,333,0.190534,0.683838,-0.004952,-0.010729
henon,param,3,5,0.01,1.4,1.000e-04,334,0.187042,0.678955,0.000223,0.009079
henon,param,3,5,0.01,1.4,1.000e-04,335,0.191788,0.682068,-0.003917,-0.002998
henon,param,3,5,0.01,1.4,1.000e-04,336,0.190052,0.679688,0.001211,-0.003674
henon,param,3,5,0.01,1.4,1.000e-04,337,0.191455,0.684265,-0.015696,0.005376
henon,param,3,5,0.01,1.4,1.000e-04,338,0.196030,0.683044,-0.009181,-0.002417
henon,param,3,5,0.01,1.4,1.000e-04,339,0.194518,0.685059,-0.006006,-0.003968
henon,param,3,5,0.01,1.4,1.000e-04,340,0.191702,0.683289,-0.005542,0.012516
henon,param,3,5,0.01,1.4,1.000e-04,341,0.188845,0.678894,0.006703,0.000961
henon,param,3,5,0.01,1.4,1.000e-04,342,0.189744,0.680481,0.002909,-0.004311
henon,param,3,5,0.01,1.4,1.000e-04,343,0.192131,0.684265,-0.005856,-0.000109
henon,param,3,5,0.01,1.4,1.000e-04,344,0.190791,0.680542,0.008268,0.001473
henon,param,3,5,0.01,1.4,1.000e-04,345,0.189111,0.678955,0.011919,-0.000441
henon,param,3,5,0.01,1.4,1.000e-04,346,0.197670,0.689880,-0.021894,-0.013113
henon,param,3,5,0.01,1.4,1.000e-04,347,0.184729,0.674133,0.005581,0.004953
henon,param,3,5,0.01,1.4,1.000e-04,348,0.190473,0.684326,0.003615,-0.004163
henon,param,3,5,0.01,1.4,1.000e-04,349,0.191091,0.684937,-0.004193,0.004397
henon,param,3,5,0.01,1.4,1.000e-04,350,0.194672,0.684753,0.001025,-0.015311
henon,param,3,5,0.01,1.4,1.000e-04,351,0.194319,0.686523,-0.006542,0.007332
henon,param,3,5,0.01,1.4,1.000e-04,352,0.196577,0.689880,-0.011625,-0.002805
henon,param,3,5,0.01,1.4,1.000e-04,353,0.197678,0.687866,-0.000041,-0.011152
henon,param,3,5,0.01,1.4,1.000e-04,354,0.189101,0.682495,-0.008985,0.014784
henon,param,3,5,0.01,1.4,1.000e-04,355,0.189033,0.680969,0.000089,-0.013867
henon,param,3,5,0.01,1.4,1.000e-04,356,0.188910,0.681152,0.010444,-0.005914
henon,param,3,5,0.01,1.4,1.000e-04,357,0.189133,0.681702,0.005923,0.005957
henon,param,3,5,0.01,1.4,1.000e-04,358,0.191291,0.682617,0.006486,-0.007245
henon,param,3,5,0.01,1.4,1.000e-04,359,0.190459,0.682495,0.000406,-0.005999
henon,param,3,5,0.01,1.4,1.000e-04,360,0.188141,0.681763,0.003758,-0.006149
henon,param,3,5,0.01,1.4,1.000e-04,361,0.191771,0.681091,-0.004573,0.005168
henon,param,3,5,0.01,1.4,1.000e-04,362,0.195306,0.684143,-0.011044,0.007219
henon,param,3,5,0.01,1.4,1.000e-04,363,0.200615,0.692871,-0.018993,0.004274
henon,param,3,5,0.01,1.4,1.000e-04,364,0.197209,0.688232,-0.009712,-0.009615
henon,param,3,5,0.01,1.4,1.000e-04,365,0.191023,0.681946,0.005359,-0.007775
henon,param,3,5,0.01,1.4,1.000e-04,366,0.189081,0.679993,0.001845,0.005339
henon,param,3,5,0.01,1.4,1.000e-04,367,0.190225,0.683289,-0.000026,-0.000631
henon,param,3,5,0.01,1.4,1.000e-04,368,0.198763,0.687683,-0.013165,-0.007079
henon,param,3,5,0.01,1.4,1.000e-04,369,0.195525,0.680176,-0.009348,-0.006066
henon,param,3,5,0.01,1.4,1.000e-04,370,0.194441,0.680908,-0.005762,0.002114
henon,param,3,5,0.01,1.4,1.000e-04,371,0.192177,0.683350,0.004010,0.001491
henon,param,3,5,0.01,1.4,1.000e-04,372,0.197656,0.688171,-0.006583,-0.000759
henon,param,3,5,0.01,1.4,1.000e-04,373,0.196943,0.684998,-0.005059,0.004737
henon,param,3,5,0.01,1.4,1.000e-04,374,0.193118,0.682068,-0.004844,-0.006789
henon,param,3,5,0.01,1.4,1.000e-04,375,0.193119,0.684021,-0.005125,0.002964
henon,param,3,5,0.01,1.4,1.000e-04,376,0.195243,0.686096,-0.012806,-0.007257
henon,param,3,5,0.01,1.4,1.000e-04,377,0.192424,0.683411,-0.003297,0.000922
henon,param,3,5,0.01,1.4,1.000e-04,378,0.191324,0.683777,-0.003492,-0.008281
henon,param,3,5,0.01,1.4,1.000e-04,379,0.190698,0.684631,-0.013364,0.003407
henon,param,3,5,0.01,1.4,1.000e-04,380,0.190333,0.681152,-0.017455,0.010139
henon,param,3,5,0.01,1.4,1.000e-04,381,0.191491,0.682678,-0.001850,-0.001351
henon,param,3,5,0.01,1.4,1.000e-04,382,0.190403,0.683838,-0.003561,0.014358
henon,param,3,5,0.01,1.4,1.000e-04,383,0.186660,0.676147,0.006523,-0.002670
henon,param,3,5,0.01,1.4,1.000e-04,384,0.188699,0.680420,0.008256,0.007534
henon,param,3,5,0.01,1.4,1.000e-04,385,0.193456,0.680603,0.003387,-0.004290
henon,param,3,5,0.01,1.4,1.000e-04,386,0.182456,0.675964,0.007134,0.009644
henon,param,3,5,0.01,1.4,1.000e-04,387,0.181041,0.677124,0.015245,-0.005921
henon,param,3,5,0.01,1.4,1.000e-04,388,0.187395,0.680786,0.006527,-0.009918
henon,param,3,5,0.01,1.4,1.000e-04,389,0.186599,0.678406,0.016705,-0.006967
henon,param,3,5,0.01,1.4,1.000e-04,390,0.196390,0.688965,0.002756,-0.009576
henon,param,3,5,0.01,1.4,1.000e-04,391,0.202690,0.689697,-0.007358,-0.011025
henon,param,3,5,0.01,1.4,1.000e-04,392,0.197436,0.686707,-0.004351,-0.015182
henon,param,3,5,0.01,1.4,1.000e-04,393,0.188717,0.679138,0.005351,0.004731
henon,param,3,5,0.01,1.4,1.000e-04,394,0.193347,0.687622,-0.002730,0.004711
henon,param,3,5,0.01,1.4,1.000e-04,395,0.198101,0.683472,0.000057,-0.009501
henon,param,3,5,0.01,1.4,1.000e-04,396,0.193889,0.683777,0.008756,-0.000554
henon,param,3,5,0.01,1.4,1.000e-04,397,0.193265,0.685120,0.009892,-0.004127
henon,param,3,5,0.01,1.4,1.000e-04,398,0.187975,0.680359,0.007467,-0.002723
henon,param,3,5,0.01,1.4,1.000e-04,399,0.184357,0.675720,-0.003923,0.006764
henon,param,3,5,0.01,1.4,1.000e-04,400,0.189913,0.681396,-0.005787,0.003205
henon,param,3,5,0.01,1.4,1.000e-03,1,-7.227853,0.000000,1.000000,1.000000
henon,param,3,5,0.01,1.4,1.000e-03,2,-6.539433,0.000000,0.999997,0.999997
henon,param,3,5,0.01,1.4,1.000e-03,3,-5.852409,0.000000,0.999987,0.999987
henon,param,3,5,0.01,1.4,1.000e-03,4,-5.482226,0.000000,0.999968,0.999968
henon,param,3,5,0.01,1.4,1.000e-03,5,-4.999070,0.000000,0.999940,0.999941
henon,param,3,5,0.01,1.4,1.000e-03,6,-4.554724,0.000000,0.999869,0.999866
henon,param,3,5,0.01,1.4,1.000e-03,7,-4.109535,0.000000,0.999629,0.999621
henon,param,3,5,0.01,1.4,1.000e-03,8,-3.665034,0.000000,0.998894,0.998891
henon,param,3,5,0.01,1.4,1.000e-03,9,-3.204198,0.000000,0.996810,0.996721
henon,param,3,5,0.01,1.4,1.000e-03,10,-2.755908,0.000427,0.990878,0.990371
henon,param,3,5,0.01,1.4,1.000e-03,11,-2.334849,0.005371,0.975512,0.974929
henon,param,3,5,0.01,1.4,1.000e-03,12,-1.913739,0.023560,0.943384,0.943187
henon,param,3,5,0.01,1.4,1.000e-03,13,-1.506945,0.058716,0.892093,0.882487
henon,param,3,5,0.01,1.4,1.000e-03,14,-1.118283,0.130310,0.802110,0.790034
henon,param,3,5,0.01,1.4,1.000e-03,15,-0.772451,0.240173,0.650803,0.649315
henon,param,3,5,0.01,1.4,1.000e-03,16,-0.491170,0.350159,0.499445,0.497512
henon,param,3,5,0.01,1.4,1.000e-03,17,-0.295565,0.429626,0.395991,0.371598
henon,param,3,5,0.01,1.4,1.000e-03,18,-0.146208,0.500854,0.285312,0.285702
henon,param,3,5,0.01,1.4,1.000e-03,19,-0.045389,0.552612,0.206907,0.207658
henon,param,3,5,0.01,1.4,1.000e-03,20,0.033827,0.593140,0.142665,0.140356
henon,param,3,5,0.01,1.4,1.000e-03,21,0.079955,0.622131,0.102695,0.106685
henon,param,3,5,0.01,1.4,1.000e-03,22,0.111258,0.634521,0.070560,0.067958
henon,param,3,5,0.01,1.4,1.000e-03,23,0.132991,0.647827,0.039409,0.059067
henon,param,3,5,0.01,1.4,1.000e-03,24,0.149934,0.658630,0.031412,0.042688
henon,param,3,5,0.01,1.4,1.000e-03,25,0.165975,0.667908,0.019939,0.033196
henon,param,3,5,0.01,1.4,1.000e-03,26,0.179796,0.670654,0.023226,0.011663
henon,param,3,5,0.01,1.4,1.000e-03,27,0.179597,0.674561,0.013874,0.010418
henon,param,3,5,0.01,1.4,1.000e-03,28,0.180949,0.674866,0.002824,0.010542
henon,param,3,5,0.01,1.4,1.000e-03,29,0.185877,0.680603,-0.004641,0.008891
henon,param,3,5,0.01,1.4,1.000e-03,30,0.186137,0.682739,0.000230,0.001623
henon,param,3,5,0.01,1.4,1.000e-03,31,0.193391,0.681458,-0.004709,0.001312
henon,param,3,5,0.01,1.4,1.000e-03,32,0.195811,0.685303,-0.006119,0.012609
henon,param,3,5,0.01,1.4,1.000e-03,33,0.198295,0.685608,-0.004424,-0.001652
henon,param,3,5,0.01,1.4,1.000e-03,34,0.202908,0.689697,-0.011864,-0.019461
henon,param,3,5,0.01,1.4,1.000e-03,35,0.197074,0.687744,-0.008666,-0.006929
henon,param,3,5,0.01,1.4,1.000e-03,36,0.197969,0.688049,-0.012544,-0.019207
henon,param,3,5,0.01,1.4,1.000e-03,37,0.195747,0.686951,-0.013037,-0.001616
henon,param,3,5,0.01,1.4,1.000e-03,38,0.193288,0.684998,-0.021459,0.018652
henon,param,3,5,0.01,1.4,1.000e-03,39,0.188328,0.679260,0.002676,0.002411
henon,param,3,5,0.01,1.4,1.000e-03,40,0.186922,0.680359,0.006771,0.005321
henon,param,3,5,0.01,1.4,1.000e-03,41,0.192152,0.677185,-0.010535,0.000562
henon,param,3,5,0.01,1.4,1.000e-03,42,0.190935,0.685852,-0.011501,0.005528
henon,param,3,5,0.01,1.4,1.000e-03,43,0.195803,0.683533,-0.011279,-0.010749
henon,param,3,5,0.01,1.4,1.000e-03,44,0.190319,0.681030,0.006473,0.004200
henon,param,3,5,0.01,1.4,1.000e-03,45,0.192418,0.682190,0.003367,-0.004118
henon,param,3,5,0.01,1.4,1.000e-03,46,0.189514,0.682312,-0.002235,-0.004039
henon,param,3,5,0.01,1.4,1.000e-03,47,0.184231,0.676880,0.022924,-0.004828
henon,param,3,5,0.01,1.4,1.000e-03,48,0.187223,0.680908,-0.009314,0.017891
henon,param,3,5,0.01,1.4,1.000e-03,49,0.192566,0.688293,-0.004823,-0.004657
henon,param,3,5,0.01,1.4,1.000e-03,50,0.197783,0.683411,-0.000132,0.001365
henon,param,3,5,0.01,1.4,1.000e-03,51,0.195216,0.687988,0.001991,-0.005956
henon,param,3,5,0.01,1.4,1.000e-03,52,0.192554,0.684387,0.001802,-0.020883
henon,param,3,5,0.01,1.4,1.000e-03,53,0.188236,0.683655,-0.006203,-0.001475
henon,param,3,5,0.01,1.4,1.000e-03,54,0.190457,0.683228,0.008169,-0.024131
henon,param,3,5,0.01,1.4,1.000e-03,55,0.192134,0.685486,-0.001294,-0.011678
henon,param,3,5,0.01,1.4,1.000e-03,56,0.187390,0.676208,-0.002679,0.006059
henon,param,3,5,0.01,1.4,1.000e-03,57,0.188221,0.679932,0.008230,-0.004612
henon,param,3,5,0.01,1.4,1.000e-03,58,0.194057,0.683533,-0.006433,-0.014225
henon,param,3,5,0.01,1.4,1.000e-03,59,0.188155,0.680542,0.008535,0.004912
henon,param,3,5,0.01,1.4,1.000e-03,60,0.191775,0.681458,-0.004626,-0.005816
henon,param,3,5,0.01,1.4,1.000e-03,61,0.186624,0.680908,0.015613,0.001794
henon,param,3,5,0.01,1.4,1.000e-03,62,0.186365,0.680359,0.007136,0.005398
henon,param,3,5,0.01,1.4,1.000e-03,63,0.193276,0.685242,0.002735,-0.011075
henon,param,3,5,0.01,1.4,1.000e-03,64,0.190831,0.682495,-0.000091,0.010146
henon,param,3,5,0.01,1.4,1.000e-03,65,0.195228,0.684875,-0.011220,-0.006304
henon,param,3,5,0.01,1.4,1.000e-03,66,0.198532,0.687256,-0.010992,-0.000835
henon,param,3,5,0.01,1.4,1.000e-03,67,0.194009,0.684814,-0.010376,-0.006957
henon,param,3,5,0.01,1.4,1.000e-03,68,0.190629,0.683960,-0.003753,0.003519
henon,param,3,5,0.01,1.4,1.000e-03,69,0.189895,0.679504,-0.010851,-0.001954
henon,param,3,5,0.01,1.4,1.000e-03,70,0.189424,0.684021,-0.007141,0.000314
henon,param,3,5,0.01,1.4,1.000e-03,71,0.187677,0.676697,-0.001339,0.010501
henon,param,3,5,0.01,1.4,1.000e-03,72,0.190607,0.683960,-0.000042,0.000565
henon,param,3,5,0.01,1.4,1.000e-03,73,0.192282,0.682190,-0.002412,0.009621
henon,param,3,5,0.01,1.4,1.000e-03,74,0.192305,0.683167,-0.010641,0.001819
henon,param,3,5,0.01,1.4,1.000e-03,75,0.192731,0.688416,0.002576,0.001536
henon,param,3,5,0.01,1.4,1.000e-03,76,0.192651,0.683533,-0.004095,-0.006189
henon,param,3,5,0.01,1.4,1.000e-03,77,0.184324,0.679932,0.002584,0.011026
henon,param,3,5,0.01,1.4,1.000e-03,78,0.188630,0.681274,-0.002386,-0.004365
henon,param,3,5,0.01,1.4,1.000e-03,79,0.183190,0.676025,0.009823,-0.003809
henon,param,3,5,0.01,1.4,1.000e-03,80,0.182253,0.676025,0.016473,0.002944
henon,param,3,5,0.01,1.4,1.000e-03,81,0.186575,0.682495,-0.000740,0.011034
henon,param,3,5,0.01,1.4,1.000e-03,82,0.185408,0.677246,-0.005167,0.004723
henon,param,3,5,0.01,1.4,1.000e-03,83,0.192428,0.683533,-0.001423,-0.007735
henon,param,3,5,0.01,1.4,1.000e-03,84,0.193460,0.686401,0.001626,0.010876
henon,param,3,5,0.01,1.4,1.000e-03,85,0.198385,0.686646,-0.022423,-0.007778
henon,param,3,5,0.01,1.4,1.000e-03,86,0.196058,0.686340,-0.003665,-0.020524
henon,param,3,5,0.01,1.4,1.000e-03,87,0.190558,0.681824,0.009065,0.000884
henon,param,3,5,0.01,1.4,1.000e-03,88,0.192093,0.680298,-0.007879,0.002607
henon,param,3,5,0.01,1.4,1.000e-03,89,0.193144,0.684875,0.007581,-0.007651
henon,param,3,5,0.01,1.4,1.000e-03,90,0.193839,0.685852,-0.003542,-0.004055
henon,param,3,5,0.01,1.4,1.000e-03,91,0.192336,0.682556,-0.002536,-0.004739
henon,param,3,5,0.01,1.4,1.000e-03,92,0.194137,0.683044,-0.004152,0.001948
henon,param,3,5,0.01,1.4,1.000e-03,93,0.188790,0.677368,-0.001600,0.007873
henon,param,3,5,0.01,1.4,1.000e-03,94,0.194373,0.686035,-0.008886,-0.004023
henon,param,3,5,0.01,1.4,1.000e-03,95,0.193221,0.682129,-0.009629,0.014936
henon,param,3,5,0.01,1.4,1.000e-03,96,0.195525,0.689331,-0.007729,-0.006489
henon,param,3,5,0.01,1.4,1.000e-03,97,0.192004,0.683655,0.004307,-0.000503
henon,param,3,5,0.01,1.4,1.000e-03,98,0.194659,0.681580,-0.016783,-0.006358
henon,param,3,5,0.01,1.4,1.000e-03,99,0.190853,0.683105,0.001112,0.003035
henon,param,3,5,0.01,1.4,1.000e-03,100,0.188638,0.681335,-0.001402,0.007701
henon,param,3,5,0.01,1.4,1.000e-03,101,0.195346,0.683044,-0.015321,0.006565
henon,param,3,5,0.01,1.4,1.000e-03,102,0.185763,0.678894,0.003634,0.003842
henon,param,3,5,0.01,1.4,1.000e-03,103,0.189318,0.681335,-0.001723,0.002319
henon,param,3,5,0.01,1.4,1.000e-03,104,0.196817,0.686829,-0.015220,-0.001438
henon,param,3,5,0.01,1.4,1.000e-03,105,0.191705,0.682678,0.010348,-0.004740
henon,param,3,5,0.01,1.4,1.000e-03,106,0.193117,0.682007,-0.005501,0.003376
henon,param,3,5,0.01,1.4,1.000e-03,107,0.195607,0.688660,-0.008234,0.010130
henon,param,3,5,0.01,1.4,1.000e-03,108,0.203627,0.691772,-0.013643,-0.012609
henon,param,3,5,0.01,1.4,1.000e-03,109,0.193265,0.682800,-0.010251,0.000043
henon,param,3,5,0.01,1.4,1.000e-03,110,0.182321,0.677002,0.003648,0.008999
henon,param,3,5,0.01,1.4,1.000e-03,111,0.189058,0.684448,0.000237,-0.000016
henon,param,3,5,0.01,1.4,1.000e-03,112,0.187991,0.683777,-0.011078,-0.002356
henon,param,3,5,0.01,1.4,1.000e-03,113,0.185914,0.679504,0.002253,0.014245
henon,param,3,5,0.01,1.4,1.000e-03,114,0.195670,0.684631,-0.007409,-0.000603
henon,param,3,5,0.01,1.4,1.000e-03,115,0.195510,0.689819,-0.004639,0.016562
henon,param,3,5,0.01,1.4,1.000e-03,116,0.194030,0.685242,0.006539,-0.019685
henon,param,3,5,0.01,1.4,1.000e-03,117,0.184603,0.676270,0.013590,0.000054
henon,param,3,5,0.01,1.4,1.000e-03,118,0.180198,0.675476,0.011801,0.007148
henon,param,3,5,0.01,1.4,1.000e-03,119,0.191674,0.684448,-0.010049,-0.003159
henon,param,3,5,0.01,1.4,1.000e-03,120,0.197471,0.686218,0.000617,-0.004997
henon,param,3,5,0.01,1.4,1.000e-03,121,0.194499,0.687012,-0.007143,-0.001055
henon,param,3,5,0.01,1.4,1.000e-03,122,0.190641,0.683289,-0.017000,0.004368
henon,param,3,5,0.01,1.4,1.000e-03,123,0.183295,0.679932,0.005478,0.008800
henon,param,3,5,0.01,1.4,1.000e-03,124,0.186645,0.680481,-0.005670,-0.000104
henon,param,3,5,0.01,1.4,1.000e-03,125,0.187767,0.683655,-0.010390,0.010363
henon,param,3,5,0.01,1.4,1.000e-03,126,0.190059,0.682739,-0.015828,-0.001534
henon,param,3,5,0.01,1.4,1.000e-03,127,0.190752,0.684631,-0.010676,0.009859
henon,param,3,5,0.01,1.4,1.000e-03,128,0.186367,0.678406,0.011225,-0.001702
henon,param,3,5,0.01,1.4,1.000e-03,129,0.188841,0.680908,0.004158,0.010787
henon,param,3,5,0.01,1.4,1.000e-03,130,0.196876,0.686035,-0.001533,-0.009145
henon,param,3,5,0.01,1.4,1.000e-03,131,0.190788,0.684326,-0.002240,0.006124
henon,param,3,5,0.01,1.4,1.000e-03,132,0.192181,0.686218,-0.006077,0.002764
henon,param,3,5,0.01,1.4,1.000e-03,133,0.192454,0.685852,-0.001234,0.011176
henon,param,3,5,0.01,1.4,1.000e-03,134,0.191659,0.684082,0.000962,0.001914
henon,param,3,5,0.01,1.4,1.000e-03,135,0.190503,0.680237,0.002137,-0.007907
henon,param,3,5,0.01,1.4,1.000e-03,136,0.192907,0.683044,-0.003820,-0.001579
henon,param,3,5,0.01,1.4,1.000e-03,137,0.195662,0.686401,-0.004508,-0.001843
henon,param,3,5,0.01,1.4,1.000e-03,138,0.190024,0.682922,0.004700,-0.002359
henon,param,3,5,0.01,1.4,1.000e-03,139,0.186108,0.683777,-0.006787,0.006559
henon,param,3,5,0.01,1.4,1.000e-03,140,0.181497,0.675842,0.007447,0.006095
henon,param,3,5,0.01,1.4,1.000e-03,141,0.188728,0.680237,-0.006581,-0.005681
henon,param,3,5,0.01,1.4,1.000e-03,142,0.188590,0.683105,-0.004775,0.007396
henon,param,3,5,0.01,1.4,1.000e-03,143,0.180551,0.676758,0.016336,0.009094
henon,param,3,5,0.01,1.4,1.000e-03,144,0.188481,0.684448,0.014404,-0.007794
henon,param,3,5,0.01,1.4,1.000e-03,145,0.188794,0.683350,0.003520,-0.002842
henon,param,3,5,0.01,1.4,1.000e-03,146,0.182353,0.682251,0.019915,0.001777
henon,param,3,5,0.01,1.4,1.000e-03,147,0.188182,0.680054,0.005158,-0.007040
henon,param,3,5,0.01,1.4,1.000e-03,148,0.189130,0.680054,0.016374,0.007052
henon,param,3,5,0.01,1.4,1.000e-03,149,0.193801,0.682983,0.005939,-0.006140
henon,param,3,5,0.01,1.4,1.000e-03,150,0.198464,0.685913,-0.006717,-0.002088
henon,param,3,5,0.01,1.4,1.000e-03,151,0.191521,0.679993,-0.001855,0.002113
henon,param,3,5,0.01,1.4,1.000e-03,152,0.189957,0.683167,-0.007996,0.009576
henon,param,3,5,0.01,1.4,1.000e-03,153,0.188459,0.678894,0.009449,-0.013319
henon,param,3,5,0.01,1.4,1.000e-03,154,0.186163,0.677368,0.008314,0.000720
henon,param,3,5,0.01,1.4,1.000e-03,155,0.184995,0.682983,-0.000920,0.016048
henon,param,3,5,0.01,1.4,1.000e-03,156,0.187277,0.675720,-0.007298,0.006615
henon,param,3,5,0.01,1.4,1.000e-03,157,0.188822,0.682007,0.011416,-0.001371
henon,param,3,5,0.01,1.4,1.000e-03,158,0.193223,0.685364,-0.000540,-0.002289
henon,param,3,5,0.01,1.4,1.000e-03,159,0.189780,0.681519,0.001694,0.004210
henon,param,3,5,0.01,1.4,1.000e-03,160,0.186334,0.677185,0.005997,-0.003242
henon,param,3,5,0.01,1.4,1.000e-03,161,0.187359,0.683411,0.004227,-0.002383
henon,param,3,5,0.01,1.4,1.000e-03,162,0.191955,0.684631,0.005930,-0.003742
henon,param,3,5,0.01,1.4,1.000e-03,163,0.192011,0.679810,0.005612,-0.006260
henon,param,3,5,0.01,1.4,1.000e-03,164,0.197005,0.684326,-0.000684,-0.003709
henon,param,3,5,0.01,1.4,1.000e-03,165,0.193303,0.686951,-0.010743,0.003061
henon,param,3,5,0.01,1.4,1.000e-03,166,0.183948,0.679260,0.010375,0.003433
henon,param,3,5,0.01,1.4,1.000e-03,167,0.192585,0.683044,-0.007735,-0.001264
henon,param,3,5,0.01,1.4,1.000e-03,168,0.195466,0.686829,-0.014075,-0.006257
henon,param,3,5,0.01,1.4,1.000e-03,169,0.187373,0.678650,0.011224,-0.001928
henon,param,3,5,0.01,1.4,1.000e-03,170,0.184739,0.676025,0.004627,0.006990
henon,param,3,5,0.01,1.4,1.000e-03,171,0.187794,0.681702,-0.008046,0.002687
henon,param,3,5,0.01,1.4,1.000e-03,172,0.186515,0.682068,-0.005115,0.007392
henon,param,3,5,0.01,1.4,1.000e-03,173,0.196524,0.686890,-0.003046,-0.009888
henon,param,3,5,0.01,1.4,1.000e-03,174,0.201344,0.687988,-0.004866,-0.006301
henon,param,3,5,0.01,1.4,1.000e-03,175,0.199728,0.687134,0.002378,-0.014489
henon,param,3,5,0.01,1.4,1.000e-03,176,0.197166,0.685181,0.000545,-0.016027
henon,param,3,5,0.01,1.4,1.000e-03,177,0.195732,0.685730,-0.005461,-0.012100
henon,param,3,5,0.01,1.4,1.000e-03,178,0.186715,0.680359,-0.000873,0.004266
henon,param,3,5,0.01,1.4,1.000e-03,179,0.189355,0.679626,-0.006027,0.005077
henon,param,3,5,0.01,1.4,1.000e-03,180,0.188060,0.679199,0.001444,0.002000
henon,param,3,5,0.01,1.4,1.000e-03,181,0.193644,0.683044,0.006301,-0.007006
henon,param,3,5,0.01,1.4,1.000e-03,182,0.194705,0.682434,-0.001556,-0.004290
henon,param,3,5,0.01,1.4,1.000e-03,183,0.181505,0.675598,0.015207,0.014398
henon,param,3,5,0.01,1.4,1.000e-03,184,0.189199,0.681641,-0.004408,0.003185
henon,param,3,5,0.01,1.4,1.000e-03,185,0.187944,0.680786,-0.006258,0.004690
henon,param,3,5,0.01,1.4,1.000e-03,186,0.190545,0.681030,0.011666,-0.003239
henon,param,3,5,0.01,1.4,1.000e-03,187,0.190688,0.683533,0.007781,0.000217
henon,param,3,5,0.01,1.4,1.000e-03,188,0.188888,0.678650,-0.001102,0.000502
henon,param,3,5,0.01,1.4,1.000e-03,189,0.187647,0.680542,0.007854,0.006639
henon,param,3,5,0.01,1.4,1.000e-03,190,0.193051,0.684998,0.001985,-0.001785
henon,param,3,5,0.01,1.4,1.000e-03,191,0.191011,0.680359,0.007300,0.007020
henon,param,3,5,0.01,1.4,1.000e-03,192,0.187228,0.676941,0.015899,-0.002827
henon,param,3,5,0.01,1.4,1.000e-03,193,0.189569,0.684937,0.018556,-0.013667
henon,param,3,5,0.01,1.4,1.000e-03,194,0.182076,0.675049,0.003497,-0.008645
henon,param,3,5,0.01,1.4,1.000e-03,195,0.184430,0.679138,0.015315,-0.000106
henon,param,3,5,0.01,1.4,1.000e-03,196,0.188198,0.682251,0.008671,0.006976
henon,param,3,5,0.01,1.4,1.000e-03,197,0.187958,0.677551,0.002615,0.000513
henon,param,3,5,0.01,1.4,1.000e-03,198,0.196335,0.686523,-0.024701,-0.006131
henon,param,3,5,0.01,1.4,1.000e-03,199,0.192099,0.681641,0.005927,-0.002438
henon,param,3,5,0.01,1.4,1.000e-03,200,0.192228,0.681213,-0.008293,-0.007066
henon,param,3,5,0.01,1.4,1.000e-03,201,0.194526,0.686707,-0.003091,-0.004507
henon,param,3,5,0.01,1.4,1.000e-03,202,0.195125,0.686035,-0.008882,-0.007790
henon,param,3,5,0.01,1.4,1.000e-03,203,0.192044,0.689392,0.004465,-0.006878
henon,param,3,5,0.01,1.4,1.000e-03,204,0.198424,0.687683,-0.001973,-0.015035
henon,param,3,5,0.01,1.4,1.000e-03,205,0.191161,0.683472,0.003288,0.000755
henon,param,3,5,0.01,1.4,1.000e-03,206,0.184398,0.677063,0.018606,-0.007339
henon,param,3,5,0.01,1.4,1.000e-03,207,0.184490,0.676697,0.008619,0.000624
henon,param,3,5,0.01,1.4,1.000e-03,208,0.185008,0.679321,0.004101,0.011627
henon,param,3,5,0.01,1.4,1.000e-03,209,0.189123,0.681519,0.007419,-0.001054
henon,param,3,5,0.01,1.4,1.000e-03,210,0.189824,0.679810,-0.004663,-0.005873
henon,param,3,5,0.01,1.4,1.000e-03,211,0.189253,0.684143,0.007533,-0.006290
henon,param,3,5,0.01,1.4,1.000e-03,212,0.189176,0.681396,-0.008152,0.002547
henon,param,3,5,0.01,1.4,1.000e-03,213,0.188631,0.683044,-0.006568,0.000278
henon,param,3,5,0.01,1.4,1.000e-03,214,0.189232,0.681763,0.006677,-0.002628
henon,param,3,5,0.01,1.4,1.000e-03,215,0.188181,0.681091,0.010269,0.004497
henon,param,3,5,0.01,1.4,1.000e-03,216,0.196430,0.690063,0.003568,-0.018778
henon,param,3,5,0.01,1.4,1.000e-03,217,0.192903,0.687012,-0.001171,0.008634
henon,param,3,5,0.01,1.4,1.000e-03,218,0.193507,0.683044,-0.001419,-0.000046
henon,param,3,5,0.01,1.4,1.000e-03,219,0.194682,0.684875,-0.013841,-0.000566
henon,param,3,5,0.01,1.4,1.000e-03,220,0.190321,0.684448,-0.004814,0.003499
henon,param,3,5,0.01,1.4,1.000e-03,221,0.195291,0.685913,-0.010827,-0.010703
henon,param,3,5,0.01,1.4,1.000e-03,222,0.194313,0.680908,-0.008818,0.006110
henon,param,3,5,0.01,1.4,1.000e-03,223,0.191494,0.683533,0.000736,0.000458
henon,param,3,5,0.01,1.4,1.000e-03,224,0.194119,0.683777,-0.004095,-0.002911
henon,param,3,5,0.01,1.4,1.000e-03,225,0.191311,0.680969,0.006289,0.001331
henon,param,3,5,0.01,1.4,1.000e-03,226,0.189282,0.682251,-0.000474,0.008942
henon,param,3,5,0.01,1.4,1.000e-03,227,0.181801,0.679077,0.014254,0.008761
henon,param,3,5,0.01,1.4,1.000e-03,228,0.189598,0.681519,-0.006525,0.005097
henon,param,3,5,0.01,1.4,1.000e-03,229,0.194177,0.686768,-0.011502,-0.005650
henon,param,3,5,0.01,1.4,1.000e-03,230,0.196031,0.685852,-0.002905,-0.005174
henon,param,3,5,0.01,1.4,1.000e-03,231,0.196253,0.687622,0.002810,-0.003848
henon,param,3,5,0.01,1.4,1.000e-03,232,0.201412,0.688721,-0.015374,-0.015130
henon,param,3,5,0.01,1.4,1.000e-03,233,0.198427,0.687134,-0.009978,-0.001244
henon,param,3,5,0.01,1.4,1.000e-03,234,0.194780,0.686829,-0.003155,-0.009319
henon,param,3,5,0.01,1.4,1.000e-03,235,0.194213,0.683228,-0.003601,-0.012349
henon,param,3,5,0.01,1.4,1.000e-03,236,0.189283,0.679443,0.009830,-0.003326
henon,param,3,5,0.01,1.4,1.000e-03,237,0.194586,0.682556,-0.003033,-0.017928
henon,param,3,5,0.01,1.4,1.000e-03,238,0.189877,0.682861,0.008432,0.008305
henon,param,3,5,0.01,1.4,1.000e-03,239,0.196970,0.690613,-0.007480,-0.007056
henon,param,3,5,0.01,1.4,1.000e-03,240,0.187499,0.680298,0.012292,-0.002966
henon,param,3,5,0.01,1.4,1.000e-03,241,0.185301,0.681824,0.002237,0.011894
henon,param,3,5,0.01,1.4,1.000e-03,242,0.181624,0.674866,-0.005002,0.010440
henon,param,3,5,0.01,1.4,1.000e-03,243,0.184190,0.678833,-0.009437,0.011137
henon,param,3,5,0.01,1.4,1.000e-03,244,0.189234,0.681763,0.000967,0.003297
henon,param,3,5,0.01,1.4,1.000e-03,245,0.193242,0.685669,-0.002981,0.001594
henon,param,3,5,0.01,1.4,1.000e-03,246,0.194989,0.685059,0.003488,-0.009345
henon,param,3,5,0.01,1.4,1.000e-03,247,0.191039,0.680847,-0.004609,-0.013180
henon,param,3,5,0.01,1.4,1.000e-03,248,0.184602,0.677612,-0.001740,0.011382
henon,param,3,5,0.01,1.4,1.000e-03,249,0.189759,0.685486,-0.005902,0.002817
henon,param,3,5,0.01,1.4,1.000e-03,250,0.189148,0.682434,-0.006605,-0.003158
henon,param,3,5,0.01,1.4,1.000e-03,251,0.187235,0.679932,0.012042,-0.004067
henon,param,3,5,0.01,1.4,1.000e-03,252,0.189104,0.676819,-0.003593,0.015623
henon,param,3,5,0.01,1.4,1.000e-03,253,0.191289,0.682495,-0.000464,-0.001687
henon,param,3,5,0.01,1.4,1.000e-03,254,0.191515,0.682556,0.001941,0.000710
henon,param,3,5,0.01,1.4,1.000e-03,255,0.195602,0.684082,-0.010656,0.003748
henon,param,3,5,0.01,1.4,1.000e-03,256,0.190170,0.685913,-0.001107,0.005757
henon,param,3,5,0.01,1.4,1.000e-03,257,0.190727,0.682678,0.009541,-0.002707
henon,param,3,5,0.01,1.4,1.000e-03,258,0.188279,0.680542,0.010375,-0.009925
henon,param,3,5,0.01,1.4,1.000e-03,259,0.188945,0.681885,0.000492,-0.004747
henon,param,3,5,0.01,1.4,1.000e-03,260,0.185733,0.679199,0.002331,0.010362
henon,param,3,5,0.01,1.4,1.000e-03,261,0.186708,0.680725,0.011904,0.004853
henon,param,3,5,0.01,1.4,1.000e-03,262,0.186280,0.680115,0.010706,-0.024168
henon,param,3,5,0.01,1.4,1.000e-03,263,0.184438,0.677429,0.010779,-0.008391
henon,param,3,5,0.01,1.4,1.000e-03,264,0.185779,0.680298,-0.000721,0.008595
henon,param,3,5,0.01,1.4,1.000e-03,265,0.190901,0.679749,0.007320,-0.009514
henon,param,3,5,0.01,1.4,1.000e-03,266,0.195228,0.685730,0.004621,0.004204
henon,param,3,5,0.01,1.4,1.000e-03,267,0.196512,0.686035,-0.003142,-0.003226
henon,param,3,5,0.01,1.4,1.000e-03,268,0.194264,0.684753,-0.001324,-0.004846
henon,param,3,5,0.01,1.4,1.000e-03,269,0.186182,0.677856,0.002232,0.007312
henon,param,3,5,0.01,1.4,1.000e-03,270,0.183409,0.672791,-0.002708,0.003629
henon,param,3,5,0.01,1.4,1.000e-03,271,0.188429,0.679993,0.003050,-0.006081
henon,param,3,5,0.01,1.4,1.000e-03,272,0.189368,0.682617,0.006303,0.006765
henon,param,3,5,0.01,1.4,1.000e-03,273,0.192211,0.684937,0.007260,-0.009065
henon,param,3,5,0.01,1.4,1.000e-03,274,0.188913,0.682434,0.003365,-0.005006
henon,param,3,5,0.01,1.4,1.000e-03,275,0.188732,0.683411,-0.009347,-0.003220
henon,param,3,5,0.01,1.4,1.000e-03,276,0.194536,0.683044,-0.006396,-0.009496
henon,param,3,5,0.01,1.4,1.000e-03,277,0.191603,0.682251,0.000990,-0.008429
henon,param,3,5,0.01,1.4,1.000e-03,278,0.190079,0.679932,-0.009353,0.004090
henon,param,3,5,0.01,1.4,1.000e-03,279,0.192654,0.684570,-0.000754,-0.006977
henon,param,3,5,0.01,1.4,1.000e-03,280,0.185997,0.678284,0.007493,0.002242
henon,param,3,5,0.01,1.4,1.000e-03,281,0.188150,0.678467,0.002019,-0.002470
henon,param,3,5,0.01,1.4,1.000e-03,282,0.191873,0.685364,0.003463,-0.007621
henon,param,3,5,0.01,1.4,1.000e-03,283,0.192889,0.686584,0.006793,0.001101
henon,param,3,5,0.01,1.4,1.000e-03,284,0.192951,0.689514,0.001550,-0.014032
henon,param,3,5,0.01,1.4,1.000e-03,285,0.189390,0.680603,0.000786,0.002138
henon,param,3,5,0.01,1.4,1.000e-03,286,0.189602,0.681641,0.002717,-0.001024
henon,param,3,5,0.01,1.4,1.000e-03,287,0.193159,0.685425,0.004121,-0.013996
henon,param,3,5,0.01,1.4,1.000e-03,288,0.191607,0.683350,0.003890,-0.009123
henon,param,3,5,0.01,1.4,1.000e-03,289,0.189907,0.679932,0.001941,0.001835
henon,param,3,5,0.01,1.4,1.000e-03,290,0.191057,0.679993,0.007597,-0.003540
henon,param,3,5,0.01,1.4,1.000e-03,291,0.188919,0.682739,0.002400,-0.005107
henon,param,3,5,0.01,1.4,1.000e-03,292,0.187153,0.678894,-0.002984,0.004890
henon,param,3,5,0.01,1.4,1.000e-03,293,0.184683,0.676880,0.014419,-0.000148
henon,param,3,5,0.01,1.4,1.000e-03,294,0.183983,0.678772,0.003677,0.010274
henon,param,3,5,0.01,1.4,1.000e-03,295,0.186365,0.680603,0.007026,-0.007993
henon,param,3,5,0.01,1.4,1.000e-03,296,0.194393,0.680542,0.000901,-0.006904
henon,param,3,5,0.01,1.4,1.000e-03,297,0.188692,0.681091,-0.001801,0.012215
henon,param,3,5,0.01,1.4,1.000e-03,298,0.191640,0.685120,-0.002270,-0.006896
henon,param,3,5,0.01,1.4,1.000e-03,299,0.188018,0.682678,0.001770,0.007914
henon,param,3,5,0.01,1.4,1.000e-03,300,0.196462,0.685791,0.001057,-0.006126
henon,param,3,5,0.01,1.4,1.000e-03,301,0.195942,0.684753,-0.004901,-0.010935
henon,param,3,5,0.01,1.4,1.000e-03,302,0.190622,0.683594,-0.005857,0.000990
henon,param,3,5,0.01,1.4,1.000e-03,303,0.190732,0.681458,0.001514,-0.003368
henon,param,3,5,0.01,1.4,1.000e-03,304,0.194497,0.686401,0.003394,-0.008562
henon,param,3,5,0.01,1.4,1.000e-03,305,0.192847,0.686890,0.000971,-0.005715
henon,param,3,5,0.01,1.4,1.000e-03,306,0.197610,0.691162,-0.001008,-0.004433
henon,param,3,5,0.01,1.4,1.000e-03,307,0.200344,0.686462,-0.009997,-0.012764
henon,param,3,5,0.01,1.4,1.000e-03,308,0.195678,0.685791,-0.002795,-0.010087
henon,param,3,5,0.01,1.4,1.000e-03,309,0.187884,0.677734,-0.003074,-0.001645
henon,param,3,5,0.01,1.4,1.000e-03,310,0.186090,0.678833,-0.004196,0.012886
henon,param,3,5,0.01,1.4,1.000e-03,311,0.189851,0.680542,-0.000007,-0.006528
henon,param,3,5,0.01,1.4,1.000e-03,312,0.187424,0.679932,0.005961,0.001136
henon,param,3,5,0.01,1.4,1.000e-03,313,0.191571,0.681519,0.005001,0.001737
henon,param,3,5,0.01,1.4,1.000e-03,314,0.191054,0.684387,-0.002496,0.002164
henon,param,3,5,0.01,1.4,1.000e-03,315,0.190398,0.681152,0.009712,-0.005312
henon,param,3,5,0.01,1.4,1.000e-03,316,0.191839,0.685852,-0.002073,0.011586
henon,param,3,5,0.01,1.4,1.000e-03,317,0.193604,0.685913,-0.002363,0.002096
henon,param,3,5,0.01,1.4,1.000e-03,318,0.194550,0.684875,-0.001074,-0.004208
henon,param,3,5,0.01,1.4,1.000e-03,319,0.192006,0.683289,0.006511,-0.006506
henon,param,3,5,0.01,1.4,1.000e-03,320,0.189964,0.679871,0.006334,0.000727
henon,param,3,5,0.01,1.4,1.000e-03,321,0.182554,0.676392,0.003488,0.009251
henon,param,3,5,0.01,1.4,1.000e-03,322,0.187313,0.678772,0.009031,-0.000256
henon,param,3,5,0.01,1.4,1.000e-03,323,0.187518,0.677612,-0.000059,0.008859
henon,param,3,5,0.01,1.4,1.000e-03,324,0.186458,0.682068,-0.000478,0.006985
henon,param,3,5,0.01,1.4,1.000e-03,325,0.188667,0.682373,0.010609,-0.007103
henon,param,3,5,0.01,1.4,1.000e-03,326,0.197083,0.686218,-0.012347,-0.004068
henon,param,3,5,0.01,1.4,1.000e-03,327,0.199498,0.684631,-0.006148,-0.011661
henon,param,3,5,0.01,1.4,1.000e-03,328,0.195955,0.684265,0.000701,-0.006761
henon,param,3,5,0.01,1.4,1.000e-03,329,0.196405,0.686829,-0.013874,-0.005741
henon,param,3,5,0.01,1.4,1.000e-03,330,0.191796,0.686035,0.006285,-0.009074
henon,param,3,5,0.01,1.4,1.000e-03,331,0.190477,0.678955,0.014201,-0.014693
henon,param,3,5,0.01,1.4,1.000e-03,332,0.192029,0.682983,-0.000716,-0.010621
henon,param,3,5,0.01,1.4,1.000e-03,333,0.192514,0.680542,-0.002435,0.000716
henon,param,3,5,0.01,1.4,1.000e-03,334,0.190231,0.683044,0.001099,0.000072
henon,param,3,5,0.01,1.4,1.000e-03,335,0.195140,0.688232,-0.014605,-0.002700
henon,param,3,5,0.01,1.4,1.000e-03,336,0.193077,0.684326,0.000091,-0.010283
henon,param,3,5,0.01,1.4,1.000e-03,337,0.194309,0.684570,-0.013339,0.002889
henon,param,3,5,0.01,1.4,1.000e-03,338,0.192178,0.682373,-0.006505,-0.003415
henon,param,3,5,0.01,1.4,1.000e-03,339,0.188235,0.684143,0.004397,0.001251
henon,param,3,5,0.01,1.4,1.000e-03,340,0.191520,0.683655,0.001495,-0.005690
henon,param,3,5,0.01,1.4,1.000e-03,341,0.188059,0.685425,0.007092,-0.006678
henon,param,3,5,0.01,1.4,1.000e-03,342,0.182323,0.676086,0.002336,-0.000609
henon,param,3,5,0.01,1.4,1.000e-03,343,0.187747,0.685303,-0.007692,-0.004262
henon,param,3,5,0.01,1.4,1.000e-03,344,0.189695,0.680054,0.010441,-0.010684
henon,param,3,5,0.01,1.4,1.000e-03,345,0.189061,0.680847,0.016715,-0.005621
henon,param,3,5,0.01,1.4,1.000e-03,346,0.184705,0.678955,0.007467,0.019277
henon,param,3,5,0.01,1.4,1.000e-03,347,0.185686,0.678223,0.014093,-0.001256
henon,param,3,5,0.01,1.4,1.000e-03,348,0.185218,0.679260,0.000590,0.005850
henon,param,3,5,0.01,1.4,1.000e-03,349,0.184929,0.677856,-0.002881,0.012146
henon,param,3,5,0.01,1.4,1.000e-03,350,0.183198,0.678040,0.009022,-0.001086
henon,param,3,5,0.01,1.4,1.000e-03,351,0.187612,0.677979,-0.003267,0.006738
henon,param,3,5,0.01,1.4,1.000e-03,352,0.191236,0.680969,0.005252,-0.000285
henon,param,3,5,0.01,1.4,1.000e-03,353,0.188853,0.683228,0.018762,0.003467
henon,param,3,5,0.01,1.4,1.000e-03,354,0.190524,0.682251,-0.001859,-0.001581
henon,param,3,5,0.01,1.4,1.000e-03,355,0.192146,0.679077,0.000173,0.003594
henon,param,3,5,0.01,1.4,1.000e-03,356,0.193381,0.677979,0.001837,-0.003782
henon,param,3,5,0.01,1.4,1.000e-03,357,0.188630,0.678528,0.017994,-0.011888
henon,param,3,5,0.01,1.4,1.000e-03,358,0.187670,0.679016,0.000800,0.002728
henon,param,3,5,0.01,1.4,1.000e-03,359,0.189340,0.679016,0.000183,-0.010921
henon,param,3,5,0.01,1.4,1.000e-03,360,0.185473,0.681152,0.014957,0.000338
henon,param,3,5,0.01,1.4,1.000e-03,361,0.185388,0.678833,0.004110,0.006053
henon,param,3,5,0.01,1.4,1.000e-03,362,0.189740,0.683960,0.001625,0.004955
henon,param,3,5,0.01,1.4,1.000e-03,363,0.192824,0.686401,-0.005166,-0.001523
henon,param,3,5,0.01,1.4,1.000e-03,364,0.191659,0.684753,-0.006161,-0.001294
henon,param,3,5,0.01,1.4,1.000e-03,365,0.193969,0.684753,-0.006559,0.002321
henon,param,3,5,0.01,1.4,1.000e-03,366,0.187246,0.681519,0.011396,0.003456
henon,param,3,5,0.01,1.4,1.000e-03,367,0.192700,0.686218,-0.000262,-0.004800
henon,param,3,5,0.01,1.4,1.000e-03,368,0.192621,0.683411,-0.000236,-0.010037
henon,param,3,5,0.01,1.4,1.000e-03,369,0.188958,0.682190,0.005789,-0.001280
henon,param,3,5,0.01,1.4,1.000e-03,370,0.194211,0.682739,-0.005229,-0.012367
henon,param,3,5,0.01,1.4,1.000e-03,371,0.193626,0.680908,-0.010134,-0.002708
henon,param,3,5,0.01,1.4,1.000e-03,372,0.194114,0.683960,0.002662,0.013578
henon,param,3,5,0.01,1.4,1.000e-03,373,0.194543,0.682434,0.000399,-0.007060
henon,param,3,5,0.01,1.4,1.000e-03,374,0.189882,0.682312,0.006590,-0.004679
henon,param,3,5,0.01,1.4,1.000e-03,375,0.189649,0.677917,0.000196,-0.000227
henon,param,3,5,0.01,1.4,1.000e-03,376,0.191988,0.681519,-0.004577,-0.001694
henon,param,3,5,0.01,1.4,1.000e-03,377,0.190064,0.684448,0.003777,0.001046
henon,param,3,5,0.01,1.4,1.000e-03,378,0.192938,0.683411,-0.009489,-0.014172
henon,param,3,5,0.01,1.4,1.000e-03,379,0.189839,0.681580,-0.008364,0.014209
henon,param,3,5,0.01,1.4,1.000e-03,380,0.191794,0.682190,-0.000474,-0.010067
henon,param,3,5,0.01,1.4,1.000e-03,381,0.196077,0.682129,0.004980,-0.013294
henon,param,3,5,0.01,1.4,1.000e-03,382,0.195000,0.685669,-0.002101,-0.001019
henon,param,3,5,0.01,1.4,1.000e-03,383,0.194390,0.688110,-0.000067,0.005871
henon,param,3,5,0.01,1.4,1.000e-03,384,0.198473,0.689392,-0.011448,-0.010730
henon,param,3,5,0.01,1.4,1.000e-03,385,0.191071,0.681274,0.005568,0.010150
henon,param,3,5,0.01,1.4,1.000e-03,386,0.187444,0.676147,0.001851,0.008669
henon,param,3,5,0.01,1.4,1.000e-03,387,0.185901,0.679749,-0.003402,0.002198
henon,param,3,5,0.01,1.4,1.000e-03,388,0.186977,0.680359,0.004989,0.000492
henon,param,3,5,0.01,1.4,1.000e-03,389,0.182537,0.672302,0.000122,0.031847
henon,param,3,5,0.01,1.4,1.000e-03,390,0.188109,0.679932,0.004755,-0.000277
henon,param,3,5,0.01,1.4,1.000e-03,391,0.196184,0.687927,-0.001338,-0.020663
henon,param,3,5,0.01,1.4,1.000e-03,392,0.188057,0.678833,-0.002096,0.002299
henon,param,3,5,0.01,1.4,1.000e-03,393,0.187724,0.681152,0.001073,0.008723
henon,param,3,5,0.01,1.4,1.000e-03,394,0.191458,0.682861,-0.011770,0.006139
henon,param,3,5,0.01,1.4,1.000e-03,395,0.192385,0.683777,0.010213,-0.006239
henon,param,3,5,0.01,1.4,1.000e-03,396,0.188476,0.680847,0.008329,0.003618
henon,param,3,5,0.01,1.4,1.000e-03,397,0.191811,0.680359,0.011105,-0.005045
henon,param,3,5,0.01,1.4,1.000e-03,398,0.188864,0.682495,0.014901,0.000930
henon,param,3,5,0.01,1.4,1.000e-03,399,0.185362,0.680603,0.003215,0.005107
henon,param,3,5,0.01,1.4,1.000e-03,400,0.183796,0.680664,-0.006206,0.005757
henon,param,3,5,0.01,1.4,1.000e-02,1,-4.925264,0.000000,0.999998,0.999998
henon,param,3,5,0.01,1.4,1.000e-02,2,-4.242382,0.000000,0.999737,0.999734
henon,param,3,5,0.01,1.4,1.000e-02,3,-3.564518,0.000000,0.998796,0.998796
henon,param,3,5,0.01,1.4,1.000e-02,4,-3.204646,0.000000,0.997355,0.997424
henon,param,3,5,0.01,1.4,1.000e-02,5,-2.726973,0.000000,0.995066,0.995088
henon,param,3,5,0.01,1.4,1.000e-02,6,-2.287676,0.000000,0.988746,0.988449
henon,param,3,5,0.01,1.4,1.000e-02,7,-1.849393,0.005737,0.967389,0.966492
henon,param,3,5,0.01,1.4,1.000e-02,8,-1.419812,0.033325,0.913937,0.910117
henon,param,3,5,0.01,1.4,1.000e-02,9,-0.987561,0.129517,0.783665,0.779954
henon,param,3,5,0.01,1.4,1.000e-02,10,-0.623651,0.255127,0.627160,0.621848
henon,param,3,5,0.01,1.4,1.000e-02,11,-0.383657,0.367004,0.489432,0.483663
henon,param,3,5,0.01,1.4,1.000e-02,12,-0.201027,0.459900,0.379449,0.367219
henon,param,3,5,0.01,1.4,1.000e-02,13,-0.039298,0.547607,0.193081,0.211918
henon,param,3,5,0.01,1.4,1.000e-02,14,0.056727,0.606262,0.121058,0.111245
henon,param,3,5,0.01,1.4,1.000e-02,15,0.092831,0.620789,0.091385,0.095545
henon,param,3,5,0.01,1.4,1.000e-02,16,0.123827,0.643555,0.050018,0.057943
henon,param,3,5,0.01,1.4,1.000e-02,17,0.144656,0.660217,0.032292,0.038106
henon,param,3,5,0.01,1.4,1.000e-02,18,0.150271,0.655212,0.026830,0.039794
henon,param,3,5,0.01,1.4,1.000e-02,19,0.154409,0.656189,0.035248,0.038001
henon,param,3,5,0.01,1.4,1.000e-02,20,0.167010,0.665466,0.021162,0.020354
henon,param,3,5,0.01,1.4,1.000e-02,21,0.168704,0.670227,0.014163,0.027532
henon,param,3,5,0.01,1.4,1.000e-02,22,0.173127,0.673889,0.009540,0.017397
henon,param,3,5,0.01,1.4,1.000e-02,23,0.178630,0.674927,0.011516,0.011865
henon,param,3,5,0.01,1.4,1.000e-02,24,0.175100,0.675232,0.019239,0.008719
henon,param,3,5,0.01,1.4,1.000e-02,25,0.182612,0.673035,0.012405,-0.003917
henon,param,3,5,0.01,1.4,1.000e-02,26,0.183399,0.679749,-0.006203,0.009949
henon,param,3,5,0.01,1.4,1.000e-02,27,0.183433,0.676025,-0.010256,0.014960
henon,param,3,5,0.01,1.4,1.000e-02,28,0.181530,0.677002,0.000679,-0.001145
henon,param,3,5,0.01,1.4,1.000e-02,29,0.178135,0.672852,0.000833,-0.000522
henon,param,3,5,0.01,1.4,1.000e-02,30,0.179236,0.676331,-0.002629,0.012951
henon,param,3,5,0.01,1.4,1.000e-02,31,0.183994,0.677124,0.007918,0.004146
henon,param,3,5,0.01,1.4,1.000e-02,32,0.190191,0.679993,-0.002732,-0.006724
henon,param,3,5,0.01,1.4,1.000e-02,33,0.188515,0.681396,-0.004477,0.000471
henon,param,3,5,0.01,1.4,1.000e-02,34,0.187600,0.678101,-0.004953,0.000127
henon,param,3,5,0.01,1.4,1.000e-02,35,0.188043,0.684509,-0.001725,0.000651
henon,param,3,5,0.01,1.4,1.000e-02,36,0.183560,0.677734,0.002951,0.007110
henon,param,3,5,0.01,1.4,1.000e-02,37,0.184427,0.678162,-0.008969,0.013107
henon,param,3,5,0.01,1.4,1.000e-02,38,0.193803,0.683594,-0.023970,-0.004075
henon,param,3,5,0.01,1.4,1.000e-02,39,0.190646,0.684143,-0.004458,-0.012175
henon,param,3,5,0.01,1.4,1.000e-02,40,0.185965,0.679199,0.001686,-0.006467
henon,param,3,5,0.01,1.4,1.000e-02,41,0.199137,0.685913,-0.014728,-0.013451
henon,param,3,5,0.01,1.4,1.000e-02,42,0.192177,0.683777,-0.004952,0.003607
henon,param,3,5,0.01,1.4,1.000e-02,43,0.183167,0.678162,0.003702,-0.008325
henon,param,3,5,0.01,1.4,1.000e-02,44,0.183430,0.677246,0.004064,0.000797
henon,param,3,5,0.01,1.4,1.000e-02,45,0.185057,0.682739,0.004323,0.006443
henon,param,3,5,0.01,1.4,1.000e-02,46,0.187035,0.681580,-0.005125,0.004101
henon,param,3,5,0.01,1.4,1.000e-02,47,0.189137,0.682190,-0.014661,-0.000948
henon,param,3,5,0.01,1.4,1.000e-02,48,0.189886,0.682373,-0.007426,-0.007013
henon,param,3,5,0.01,1.4,1.000e-02,49,0.188890,0.682251,-0.013580,-0.001295
henon,param,3,5,0.01,1.4,1.000e-02,50,0.187633,0.682434,-0.006415,0.004783
henon,param,3,5,0.01,1.4,1.000e-02,51,0.187750,0.679138,-0.009242,-0.007033
henon,param,3,5,0.01,1.4,1.000e-02,52,0.179266,0.673340,0.014845,0.000078
henon,param,3,5,0.01,1.4,1.000e-02,53,0.175590,0.671570,0.012689,0.008386
henon,param,3,5,0.01,1.4,1.000e-02,54,0.183007,0.676392,-0.013736,0.001464
henon,param,3,5,0.01,1.4,1.000e-02,55,0.182037,0.674561,0.016655,-0.009111
henon,param,3,5,0.01,1.4,1.000e-02,56,0.181391,0.674988,0.011710,0.009830
henon,param,3,5,0.01,1.4,1.000e-02,57,0.186358,0.678955,0.004202,-0.002414
henon,param,3,5,0.01,1.4,1.000e-02,58,0.190427,0.684631,0.004421,-0.009467
henon,param,3,5,0.01,1.4,1.000e-02,59,0.188267,0.682922,-0.004188,-0.009521
henon,param,3,5,0.01,1.4,1.000e-02,60,0.187100,0.682861,0.003704,-0.014931
henon,param,3,5,0.01,1.4,1.000e-02,61,0.191128,0.681152,-0.012538,-0.008099
henon,param,3,5,0.01,1.4,1.000e-02,62,0.188676,0.681824,0.002860,-0.008030
henon,param,3,5,0.01,1.4,1.000e-02,63,0.190120,0.683472,-0.000196,-0.004066
henon,param,3,5,0.01,1.4,1.000e-02,64,0.192888,0.681396,-0.013512,-0.004711
henon,param,3,5,0.01,1.4,1.000e-02,65,0.187808,0.680786,0.000726,-0.002217
henon,param,3,5,0.01,1.4,1.000e-02,66,0.186799,0.677795,-0.006072,0.000585
henon,param,3,5,0.01,1.4,1.000e-02,67,0.182203,0.677551,-0.003417,0.008633
henon,param,3,5,0.01,1.4,1.000e-02,68,0.187868,0.679932,0.003833,-0.002422
henon,param,3,5,0.01,1.4,1.000e-02,69,0.187763,0.683105,-0.003024,-0.013828
henon,param,3,5,0.01,1.4,1.000e-02,70,0.180339,0.672913,-0.000262,0.000558
henon,param,3,5,0.01,1.4,1.000e-02,71,0.179777,0.676636,0.022597,-0.002180
henon,param,3,5,0.01,1.4,1.000e-02,72,0.184234,0.675903,0.000018,-0.003259
henon,param,3,5,0.01,1.4,1.000e-02,73,0.181343,0.676514,0.004746,0.008160
henon,param,3,5,0.01,1.4,1.000e-02,74,0.190823,0.684082,-0.001542,-0.004135
henon,param,3,5,0.01,1.4,1.000e-02,75,0.190913,0.682434,-0.003475,-0.011829
henon,param,3,5,0.01,1.4,1.000e-02,76,0.190805,0.683411,-0.000450,-0.018531
henon,param,3,5,0.01,1.4,1.000e-02,77,0.188891,0.683899,-0.004534,-0.006430
henon,param,3,5,0.01,1.4,1.000e-02,78,0.188583,0.678650,-0.009218,-0.001591
henon,param,3,5,0.01,1.4,1.000e-02,79,0.188080,0.680725,0.001419,-0.009636
henon,param,3,5,0.01,1.4,1.000e-02,80,0.185214,0.680542,-0.005342,-0.002387
henon,param,3,5,0.01,1.4,1.000e-02,81,0.185321,0.679382,-0.016094,0.009383
henon,param,3,5,0.01,1.4,1.000e-02,82,0.181210,0.676636,0.008331,0.000395
henon,param,3,5,0.01,1.4,1.000e-02,83,0.185360,0.677124,-0.000055,0.002190
henon,param,3,5,0.01,1.4,1.000e-02,84,0.190554,0.683777,-0.017494,0.001249
henon,param,3,5,0.01,1.4,1.000e-02,85,0.180936,0.673279,0.003961,0.005316
henon,param,3,5,0.01,1.4,1.000e-02,86,0.182709,0.675232,0.007166,-0.003466
henon,param,3,5,0.01,1.4,1.000e-02,87,0.185311,0.677673,-0.005481,0.005435
henon,param,3,5,0.01,1.4,1.000e-02,88,0.186304,0.681335,0.006196,0.002945
henon,param,3,5,0.01,1.4,1.000e-02,89,0.182646,0.674988,0.011992,0.008902
henon,param,3,5,0.01,1.4,1.000e-02,90,0.180841,0.676514,0.012113,0.001584
henon,param,3,5,0.01,1.4,1.000e-02,91,0.182627,0.680176,0.012745,0.003114
henon,param,3,5,0.01,1.4,1.000e-02,92,0.182824,0.674438,0.007098,-0.005676
henon,param,3,5,0.01,1.4,1.000e-02,93,0.180875,0.676147,0.011340,0.001207
henon,param,3,5,0.01,1.4,1.000e-02,94,0.182221,0.673096,0.006719,0.008522
henon,param,3,5,0.01,1.4,1.000e-02,95,0.188701,0.683228,-0.010466,-0.003808
henon,param,3,5,0.01,1.4,1.000e-02,96,0.181364,0.671631,0.006750,0.007379
henon,param,3,5,0.01,1.4,1.000e-02,97,0.181915,0.675110,0.001593,0.016896
henon,param,3,5,0.01,1.4,1.000e-02,98,0.187114,0.680481,-0.006834,0.006541
henon,param,3,5,0.01,1.4,1.000e-02,99,0.191979,0.681213,-0.012140,-0.009307
henon,param,3,5,0.01,1.4,1.000e-02,100,0.180496,0.678467,0.016348,0.001448
henon,param,3,5,0.01,1.4,1.000e-02,101,0.179961,0.675110,0.006998,-0.004780
henon,param,3,5,0.01,1.4,1.000e-02,102,0.185122,0.678528,0.002245,-0.010679
henon,param,3,5,0.01,1.4,1.000e-02,103,0.188187,0.681885,0.008380,0.000031
henon,param,3,5,0.01,1.4,1.000e-02,104,0.188721,0.683655,0.002031,-0.001386
henon,param,3,5,0.01,1.4,1.000e-02,105,0.195820,0.685059,-0.005177,-0.020789
henon,param,3,5,0.01,1.4,1.000e-02,106,0.184730,0.674866,0.002197,0.007655
henon,param,3,5,0.01,1.4,1.000e-02,107,0.187966,0.681335,0.001053,0.000958
henon,param,3,5,0.01,1.4,1.000e-02,108,0.187833,0.682922,-0.006325,-0.000870
henon,param,3,5,0.01,1.4,1.000e-02,109,0.180215,0.671448,0.014513,-0.003403
henon,param,3,5,0.01,1.4,1.000e-02,110,0.181769,0.678406,0.000807,0.002636
henon,param,3,5,0.01,1.4,1.000e-02,111,0.184132,0.676514,0.009866,-0.011133
henon,param,3,5,0.01,1.4,1.000e-02,112,0.184774,0.680298,0.008898,-0.001194
henon,param,3,5,0.01,1.4,1.000e-02,113,0.190505,0.680359,0.004711,-0.014484
henon,param,3,5,0.01,1.4,1.000e-02,114,0.195470,0.683228,-0.011528,-0.008424
henon,param,3,5,0.01,1.4,1.000e-02,115,0.188320,0.684021,0.003488,0.000803
henon,param,3,5,0.01,1.4,1.000e-02,116,0.184112,0.680542,-0.002061,-0.004414
henon,param,3,5,0.01,1.4,1.000e-02,117,0.189158,0.684082,-0.008682,-0.002678
henon,param,3,5,0.01,1.4,1.000e-02,118,0.187155,0.680786,-0.002372,0.002968
henon,param,3,5,0.01,1.4,1.000e-02,119,0.185691,0.679138,0.012162,-0.008465
henon,param,3,5,0.01,1.4,1.000e-02,120,0.185969,0.682434,0.003140,-0.003138
henon,param,3,5,0.01,1.4,1.000e-02,121,0.183314,0.679260,-0.002292,-0.010069
henon,param,3,5,0.01,1.4,1.000e-02,122,0.178255,0.677429,0.000939,0.010163
henon,param,3,5,0.01,1.4,1.000e-02,123,0.182833,0.680420,-0.008178,0.002066
henon,param,3,5,0.01,1.4,1.000e-02,124,0.186062,0.682190,0.001641,-0.009308
henon,param,3,5,0.01,1.4,1.000e-02,125,0.187880,0.681030,-0.000462,0.004305
henon,param,3,5,0.01,1.4,1.000e-02,126,0.190906,0.681702,-0.000504,0.002435
henon,param,3,5,0.01,1.4,1.000e-02,127,0.193407,0.680237,-0.005763,-0.011246
henon,param,3,5,0.01,1.4,1.000e-02,128,0.184821,0.679810,0.011898,-0.008127
henon,param,3,5,0.01,1.4,1.000e-02,129,0.181425,0.672729,0.000862,0.008928
henon,param,3,5,0.01,1.4,1.000e-02,130,0.181518,0.677246,0.003013,0.009394
henon,param,3,5,0.01,1.4,1.000e-02,131,0.185533,0.678711,-0.005282,0.001155
henon,param,3,5,0.01,1.4,1.000e-02,132,0.185710,0.680359,0.001443,0.007370
henon,param,3,5,0.01,1.4,1.000e-02,133,0.184965,0.678955,-0.004292,0.004017
henon,param,3,5,0.01,1.4,1.000e-02,134,0.185885,0.682434,0.002084,-0.003213
henon,param,3,5,0.01,1.4,1.000e-02,135,0.184064,0.681274,0.002893,0.004887
henon,param,3,5,0.01,1.4,1.000e-02,136,0.182751,0.677246,-0.000731,0.001736
henon,param,3,5,0.01,1.4,1.000e-02,137,0.187725,0.680481,-0.013270,-0.004137
henon,param,3,5,0.01,1.4,1.000e-02,138,0.183265,0.676331,-0.000313,0.007565
henon,param,3,5,0.01,1.4,1.000e-02,139,0.182202,0.676636,0.008681,0.010244
henon,param,3,5,0.01,1.4,1.000e-02,140,0.188948,0.680664,-0.017154,-0.004410
henon,param,3,5,0.01,1.4,1.000e-02,141,0.182562,0.675110,0.009009,-0.012274
henon,param,3,5,0.01,1.4,1.000e-02,142,0.179770,0.681091,0.006051,0.013888
henon,param,3,5,0.01,1.4,1.000e-02,143,0.187259,0.679749,-0.008237,0.022461
henon,param,3,5,0.01,1.4,1.000e-02,144,0.186191,0.680847,0.002034,-0.002936
henon,param,3,5,0.01,1.4,1.000e-02,145,0.184487,0.679443,0.001620,0.001844
henon,param,3,5,0.01,1.4,1.000e-02,146,0.186564,0.680481,-0.010260,-0.003008
henon,param,3,5,0.01,1.4,1.000e-02,147,0.186020,0.681213,-0.005244,0.012088
henon,param,3,5,0.01,1.4,1.000e-02,148,0.187356,0.682129,-0.004007,0.011684
henon,param,3,5,0.01,1.4,1.000e-02,149,0.190535,0.682800,-0.018748,-0.007037
henon,param,3,5,0.01,1.4,1.000e-02,150,0.193239,0.683228,-0.012866,-0.017499
henon,param,3,5,0.01,1.4,1.000e-02,151,0.185982,0.681885,-0.003940,0.009727
henon,param,3,5,0.01,1.4,1.000e-02,152,0.182035,0.676270,0.001836,0.001480
henon,param,3,5,0.01,1.4,1.000e-02,153,0.182663,0.676025,0.000566,0.001466
henon,param,3,5,0.01,1.4,1.000e-02,154,0.182052,0.672546,0.005059,0.001270
henon,param,3,5,0.01,1.4,1.000e-02,155,0.183917,0.677734,0.006461,-0.000344
henon,param,3,5,0.01,1.4,1.000e-02,156,0.184617,0.671997,-0.000233,-0.004334
henon,param,3,5,0.01,1.4,1.000e-02,157,0.184883,0.679260,-0.007413,0.003878
henon,param,3,5,0.01,1.4,1.000e-02,158,0.190279,0.681396,-0.008957,-0.002941
henon,param,3,5,0.01,1.4,1.000e-02,159,0.187923,0.681580,-0.011017,0.012060
henon,param,3,5,0.01,1.4,1.000e-02,160,0.188681,0.679077,-0.009021,-0.007888
henon,param,3,5,0.01,1.4,1.000e-02,161,0.188519,0.680420,-0.004767,-0.008499
henon,param,3,5,0.01,1.4,1.000e-02,162,0.188593,0.678711,-0.003409,0.006541
henon,param,3,5,0.01,1.4,1.000e-02,163,0.189008,0.681213,-0.007458,0.001416
henon,param,3,5,0.01,1.4,1.000e-02,164,0.192735,0.682983,-0.016527,-0.008822
henon,param,3,5,0.01,1.4,1.000e-02,165,0.183582,0.677307,-0.005604,0.014654
henon,param,3,5,0.01,1.4,1.000e-02,166,0.186650,0.681091,-0.004570,-0.001034
henon,param,3,5,0.01,1.4,1.000e-02,167,0.195396,0.682678,-0.010056,-0.014310
henon,param,3,5,0.01,1.4,1.000e-02,168,0.186449,0.676514,-0.003333,0.006004
henon,param,3,5,0.01,1.4,1.000e-02,169,0.188582,0.681519,0.002514,-0.009987
henon,param,3,5,0.01,1.4,1.000e-02,170,0.189534,0.679626,-0.003366,0.002674
henon,param,3,5,0.01,1.4,1.000e-02,171,0.185657,0.677734,-0.001096,-0.003001
henon,param,3,5,0.01,1.4,1.000e-02,172,0.182744,0.674316,0.003554,-0.006117
henon,param,3,5,0.01,1.4,1.000e-02,173,0.187897,0.679688,-0.003272,0.003708
henon,param,3,5,0.01,1.4,1.000e-02,174,0.186977,0.677795,0.003448,-0.003371
henon,param,3,5,0.01,1.4,1.000e-02,175,0.185756,0.679016,0.015630,-0.011584
henon,param,3,5,0.01,1.4,1.000e-02,176,0.183106,0.675842,0.004290,0.006436
henon,param,3,5,0.01,1.4,1.000e-02,177,0.179166,0.674194,0.000941,-0.000439
henon,param,3,5,0.01,1.4,1.000e-02,178,0.181300,0.671997,0.004924,0.004814
henon,param,3,5,0.01,1.4,1.000e-02,179,0.186339,0.678040,-0.000171,0.005709
henon,param,3,5,0.01,1.4,1.000e-02,180,0.187552,0.680969,-0.008032,0.002464
henon,param,3,5,0.01,1.4,1.000e-02,181,0.188183,0.681885,-0.006813,0.007396
henon,param,3,5,0.01,1.4,1.000e-02,182,0.186713,0.682861,-0.007012,0.001500
henon,param,3,5,0.01,1.4,1.000e-02,183,0.186106,0.678101,-0.006081,-0.001865
henon,param,3,5,0.01,1.4,1.000e-02,184,0.184738,0.681274,0.002924,-0.001706
henon,param,3,5,0.01,1.4,1.000e-02,185,0.181216,0.675171,-0.006461,0.005422
henon,param,3,5,0.01,1.4,1.000e-02,186,0.185862,0.681946,-0.014522,0.008807
henon,param,3,5,0.01,1.4,1.000e-02,187,0.188350,0.679260,-0.009814,-0.005924
henon,param,3,5,0.01,1.4,1.000e-02,188,0.186842,0.677368,0.003904,0.002167
henon,param,3,5,0.01,1.4,1.000e-02,189,0.187689,0.680786,0.002373,-0.004571
henon,param,3,5,0.01,1.4,1.000e-02,190,0.185018,0.675232,-0.000322,0.000033
henon,param,3,5,0.01,1.4,1.000e-02,191,0.186574,0.677612,0.002577,0.012053
henon,param,3,5,0.01,1.4,1.000e-02,192,0.189380,0.682007,0.003259,-0.011112
henon,param,3,5,0.01,1.4,1.000e-02,193,0.186244,0.680054,-0.001035,-0.001475
henon,param,3,5,0.01,1.4,1.000e-02,194,0.182629,0.679932,-0.010450,0.005548
henon,param,3,5,0.01,1.4,1.000e-02,195,0.185243,0.676575,-0.002055,0.007244
henon,param,3,5,0.01,1.4,1.000e-02,196,0.195102,0.688721,-0.011241,-0.000456
henon,param,3,5,0.01,1.4,1.000e-02,197,0.192765,0.688782,-0.004572,-0.010260
henon,param,3,5,0.01,1.4,1.000e-02,198,0.181884,0.679321,-0.000831,0.004382
henon,param,3,5,0.01,1.4,1.000e-02,199,0.184746,0.678955,-0.017285,-0.001856
henon,param,3,5,0.01,1.4,1.000e-02,200,0.182405,0.677124,-0.000300,0.010285
henon,param,3,5,0.01,1.4,1.000e-02,201,0.189068,0.682129,-0.008294,-0.000822
henon,param,3,5,0.01,1.4,1.000e-02,202,0.196460,0.685547,-0.012235,-0.009197
henon,param,3,5,0.01,1.4,1.000e-02,203,0.193078,0.685303,-0.006651,-0.002386
henon,param,3,5,0.01,1.4,1.000e-02,204,0.188464,0.678528,0.001252,-0.009672
henon,param,3,5,0.01,1.4,1.000e-02,205,0.187538,0.676819,0.005542,-0.010061
henon,param,3,5,0.01,1.4,1.000e-02,206,0.184622,0.675720,0.003090,0.003690
henon,param,3,5,0.01,1.4,1.000e-02,207,0.184757,0.679688,0.000873,0.011667
henon,param,3,5,0.01,1.4,1.000e-02,208,0.182258,0.679260,-0.000314,0.002353
henon,param,3,5,0.01,1.4,1.000e-02,209,0.183154,0.678223,-0.004777,0.005259
henon,param,3,5,0.01,1.4,1.000e-02,210,0.182289,0.675110,0.004066,0.004267
henon,param,3,5,0.01,1.4,1.000e-02,211,0.183438,0.676208,-0.003472,0.000885
henon,param,3,5,0.01,1.4,1.000e-02,212,0.185799,0.682495,-0.001043,0.008172
henon,param,3,5,0.01,1.4,1.000e-02,213,0.181601,0.674133,0.007505,0.004705
henon,param,3,5,0.01,1.4,1.000e-02,214,0.177761,0.673462,0.008948,0.008385
henon,param,3,5,0.01,1.4,1.000e-02,215,0.184490,0.675537,0.002854,0.007725
henon,param,3,5,0.01,1.4,1.000e-02,216,0.191517,0.685303,-0.000754,0.003342
henon,param,3,5,0.01,1.4,1.000e-02,217,0.189803,0.682434,-0.005435,-0.002329
henon,param,3,5,0.01,1.4,1.000e-02,218,0.191064,0.682556,-0.004496,0.001631
henon,param,3,5,0.01,1.4,1.000e-02,219,0.182439,0.677490,0.004599,0.001447
henon,param,3,5,0.01,1.4,1.000e-02,220,0.180897,0.675659,0.003921,0.014639
henon,param,3,5,0.01,1.4,1.000e-02,221,0.182398,0.676453,-0.008990,0.000588
henon,param,3,5,0.01,1.4,1.000e-02,222,0.183469,0.679199,-0.001809,0.017068
henon,param,3,5,0.01,1.4,1.000e-02,223,0.184964,0.677979,-0.001791,-0.000016
henon,param,3,5,0.01,1.4,1.000e-02,224,0.187866,0.681702,-0.002246,-0.001210
henon,param,3,5,0.01,1.4,1.000e-02,225,0.191148,0.683044,-0.004459,0.010975
henon,param,3,5,0.01,1.4,1.000e-02,226,0.190495,0.680542,-0.015743,-0.004287
henon,param,3,5,0.01,1.4,1.000e-02,227,0.183358,0.681396,0.006448,-0.004364
henon,param,3,5,0.01,1.4,1.000e-02,228,0.190214,0.681824,-0.006304,-0.005635
henon,param,3,5,0.01,1.4,1.000e-02,229,0.189932,0.680847,-0.002877,-0.011327
henon,param,3,5,0.01,1.4,1.000e-02,230,0.186860,0.679321,0.004898,-0.001190
henon,param,3,5,0.01,1.4,1.000e-02,231,0.186117,0.675171,0.004962,-0.005216
henon,param,3,5,0.01,1.4,1.000e-02,232,0.189120,0.680664,-0.006523,0.005105
henon,param,3,5,0.01,1.4,1.000e-02,233,0.192476,0.681641,-0.007351,-0.003707
henon,param,3,5,0.01,1.4,1.000e-02,234,0.193557,0.687439,-0.003400,-0.004968
henon,param,3,5,0.01,1.4,1.000e-02,235,0.196275,0.684875,-0.007668,-0.013473
henon,param,3,5,0.01,1.4,1.000e-02,236,0.195557,0.684326,-0.015803,-0.014290
henon,param,3,5,0.01,1.4,1.000e-02,237,0.185626,0.679321,0.001738,0.003234
henon,param,3,5,0.01,1.4,1.000e-02,238,0.192640,0.680359,-0.010418,-0.000632
henon,param,3,5,0.01,1.4,1.000e-02,239,0.191516,0.685791,-0.002284,-0.001027
henon,param,3,5,0.01,1.4,1.000e-02,240,0.189627,0.684448,0.004511,-0.005369
henon,param,3,5,0.01,1.4,1.000e-02,241,0.183932,0.677063,0.001508,-0.010717
henon,param,3,5,0.01,1.4,1.000e-02,242,0.179311,0.675415,-0.010742,0.009411
henon,param,3,5,0.01,1.4,1.000e-02,243,0.174007,0.670776,0.007279,0.009292
henon,param,3,5,0.01,1.4,1.000e-02,244,0.183994,0.678101,0.012535,-0.002307
henon,param,3,5,0.01,1.4,1.000e-02,245,0.187405,0.684204,-0.001120,0.009308
henon,param,3,5,0.01,1.4,1.000e-02,246,0.182796,0.682434,-0.000105,0.010288
henon,param,3,5,0.01,1.4,1.000e-02,247,0.178663,0.676086,0.006957,0.005934
henon,param,3,5,0.01,1.4,1.000e-02,248,0.177710,0.677185,-0.001369,0.030098
henon,param,3,5,0.01,1.4,1.000e-02,249,0.184413,0.679382,-0.008872,-0.006935
henon,param,3,5,0.01,1.4,1.000e-02,250,0.180838,0.677795,-0.003486,0.005059
henon,param,3,5,0.01,1.4,1.000e-02,251,0.183233,0.675049,0.003190,0.001673
henon,param,3,5,0.01,1.4,1.000e-02,252,0.186528,0.679138,-0.002727,-0.013039
henon,param,3,5,0.01,1.4,1.000e-02,253,0.182317,0.675354,0.006040,0.011923
henon,param,3,5,0.01,1.4,1.000e-02,254,0.188072,0.679626,-0.004025,-0.013576
henon,param,3,5,0.01,1.4,1.000e-02,255,0.182612,0.677612,-0.003058,0.013319
henon,param,3,5,0.01,1.4,1.000e-02,256,0.183439,0.676941,0.003070,0.015734
henon,param,3,5,0.01,1.4,1.000e-02,257,0.188134,0.680603,-0.004959,0.008741
henon,param,3,5,0.01,1.4,1.000e-02,258,0.187042,0.680420,0.013277,0.001257
henon,param,3,5,0.01,1.4,1.000e-02,259,0.186649,0.678406,-0.004466,-0.010296
henon,param,3,5,0.01,1.4,1.000e-02,260,0.181416,0.676025,0.006181,0.009835
henon,param,3,5,0.01,1.4,1.000e-02,261,0.181661,0.675171,-0.011750,0.012131
henon,param,3,5,0.01,1.4,1.000e-02,262,0.183258,0.680542,-0.002689,-0.012714
henon,param,3,5,0.01,1.4,1.000e-02,263,0.179624,0.675171,0.005557,-0.001061
henon,param,3,5,0.01,1.4,1.000e-02,264,0.184143,0.674683,0.000261,0.000201
henon,param,3,5,0.01,1.4,1.000e-02,265,0.184427,0.679443,0.002799,0.007019
henon,param,3,5,0.01,1.4,1.000e-02,266,0.186642,0.679382,0.002785,0.007935
henon,param,3,5,0.01,1.4,1.000e-02,267,0.187547,0.683228,0.006725,-0.002363
henon,param,3,5,0.01,1.4,1.000e-02,268,0.186566,0.680420,0.004340,0.001118
henon,param,3,5,0.01,1.4,1.000e-02,269,0.183541,0.677002,-0.003722,0.001736
henon,param,3,5,0.01,1.4,1.000e-02,270,0.180500,0.674194,0.017190,-0.005177
henon,param,3,5,0.01,1.4,1.000e-02,271,0.183403,0.679138,-0.002803,0.005570
henon,param,3,5,0.01,1.4,1.000e-02,272,0.185415,0.676270,-0.004819,-0.003618
henon,param,3,5,0.01,1.4,1.000e-02,273,0.188972,0.683044,0.007832,-0.008699
henon,param,3,5,0.01,1.4,1.000e-02,274,0.187418,0.679626,0.000784,-0.004496
henon,param,3,5,0.01,1.4,1.000e-02,275,0.190887,0.680420,-0.009973,-0.000796
henon,param,3,5,0.01,1.4,1.000e-02,276,0.187399,0.679504,0.009250,0.004045
henon,param,3,5,0.01,1.4,1.000e-02,277,0.184362,0.679016,0.006244,0.001583
henon,param,3,5,0.01,1.4,1.000e-02,278,0.184916,0.678528,-0.018486,0.002460
henon,param,3,5,0.01,1.4,1.000e-02,279,0.180175,0.674072,0.002671,0.002784
henon,param,3,5,0.01,1.4,1.000e-02,280,0.184828,0.682312,0.002302,0.002901
henon,param,3,5,0.01,1.4,1.000e-02,281,0.193107,0.686768,-0.002826,-0.000454
henon,param,3,5,0.01,1.4,1.000e-02,282,0.194698,0.686768,-0.009219,-0.008214
henon,param,3,5,0.01,1.4,1.000e-02,283,0.189459,0.685669,0.010989,-0.004187
henon,param,3,5,0.01,1.4,1.000e-02,284,0.184271,0.677612,-0.002653,0.007734
henon,param,3,5,0.01,1.4,1.000e-02,285,0.178400,0.671631,0.001049,0.009323
henon,param,3,5,0.01,1.4,1.000e-02,286,0.178618,0.674988,0.021587,0.000596
henon,param,3,5,0.01,1.4,1.000e-02,287,0.184159,0.677490,0.003367,0.000834
henon,param,3,5,0.01,1.4,1.000e-02,288,0.179856,0.676941,0.009272,-0.000103
henon,param,3,5,0.01,1.4,1.000e-02,289,0.180926,0.679260,0.011200,0.007535
henon,param,3,5,0.01,1.4,1.000e-02,290,0.182501,0.678406,0.004321,0.001698
henon,param,3,5,0.01,1.4,1.000e-02,291,0.178578,0.678040,0.014066,0.011781
henon,param,3,5,0.01,1.4,1.000e-02,292,0.186776,0.680359,-0.006811,-0.002956
henon,param,3,5,0.01,1.4,1.000e-02,293,0.183501,0.675720,0.001791,0.005506
henon,param,3,5,0.01,1.4,1.000e-02,294,0.177546,0.676147,0.013798,0.014348
henon,param,3,5,0.01,1.4,1.000e-02,295,0.180648,0.677368,0.004761,-0.005359
henon,param,3,5,0.01,1.4,1.000e-02,296,0.182651,0.676147,0.001700,0.010272
henon,param,3,5,0.01,1.4,1.000e-02,297,0.180405,0.677429,0.015637,0.009778
henon,param,3,5,0.01,1.4,1.000e-02,298,0.186290,0.678284,-0.012033,0.006114
henon,param,3,5,0.01,1.4,1.000e-02,299,0.181836,0.680298,0.006823,0.002952
henon,param,3,5,0.01,1.4,1.000e-02,300,0.181853,0.675964,0.005852,-0.017623
henon,param,3,5,0.01,1.4,1.000e-02,301,0.181362,0.675781,0.011468,0.010012
henon,param,3,5,0.01,1.4,1.000e-02,302,0.177471,0.677307,0.019650,-0.007833
henon,param,3,5,0.01,1.4,1.000e-02,303,0.176790,0.672913,0.014647,0.001309
henon,param,3,5,0.01,1.4,1.000e-02,304,0.179489,0.675232,-0.002362,0.012219
henon,param,3,5,0.01,1.4,1.000e-02,305,0.184366,0.683594,0.000762,0.012521
henon,param,3,5,0.01,1.4,1.000e-02,306,0.185430,0.680115,0.002929,0.001756
henon,param,3,5,0.01,1.4,1.000e-02,307,0.185961,0.678223,-0.001805,0.008119
henon,param,3,5,0.01,1.4,1.000e-02,308,0.176882,0.671448,0.022420,0.007573
henon,param,3,5,0.01,1.4,1.000e-02,309,0.177435,0.677307,0.011474,-0.003379
henon,param,3,5,0.01,1.4,1.000e-02,310,0.182180,0.676331,0.000785,-0.010651
henon,param,3,5,0.01,1.4,1.000e-02,311,0.184578,0.678345,0.010235,-0.003900
henon,param,3,5,0.01,1.4,1.000e-02,312,0.183347,0.676880,0.014872,-0.007446
henon,param,3,5,0.01,1.4,1.000e-02,313,0.184818,0.678589,0.011394,0.002087
henon,param,3,5,0.01,1.4,1.000e-02,314,0.184052,0.675659,0.014803,-0.001595
henon,param,3,5,0.01,1.4,1.000e-02,315,0.184335,0.678955,0.005864,0.001342
henon,param,3,5,0.01,1.4,1.000e-02,316,0.188914,0.683472,-0.006385,-0.005550
henon,param,3,5,0.01,1.4,1.000e-02,317,0.187673,0.683044,0.000565,-0.013129
henon,param,3,5,0.01,1.4,1.000e-02,318,0.184592,0.678528,0.007599,-0.001813
henon,param,3,5,0.01,1.4,1.000e-02,319,0.186597,0.680725,-0.008294,-0.008094
henon,param,3,5,0.01,1.4,1.000e-02,320,0.192922,0.685364,-0.008937,0.001895
henon,param,3,5,0.01,1.4,1.000e-02,321,0.192344,0.686218,-0.014536,-0.003332
henon,param,3,5,0.01,1.4,1.000e-02,322,0.188399,0.680237,-0.007489,-0.003394
henon,param,3,5,0.01,1.4,1.000e-02,323,0.177531,0.671570,0.007988,0.005389
henon,param,3,5,0.01,1.4,1.000e-02,324,0.182444,0.680359,0.003296,0.007509
henon,param,3,5,0.01,1.4,1.000e-02,325,0.183662,0.682373,-0.007637,0.007096
henon,param,3,5,0.01,1.4,1.000e-02,326,0.183123,0.678345,-0.002297,0.001311
henon,param,3,5,0.01,1.4,1.000e-02,327,0.185423,0.678040,-0.004025,0.006417
henon,param,3,5,0.01,1.4,1.000e-02,328,0.188919,0.679504,-0.012617,0.001194
henon,param,3,5,0.01,1.4,1.000e-02,329,0.179886,0.675903,0.005568,0.001286
henon,param,3,5,0.01,1.4,1.000e-02,330,0.182950,0.678528,0.007517,0.000250
henon,param,3,5,0.01,1.4,1.000e-02,331,0.190229,0.684021,-0.000251,-0.009574
henon,param,3,5,0.01,1.4,1.000e-02,332,0.187070,0.683228,0.005884,-0.006686
henon,param,3,5,0.01,1.4,1.000e-02,333,0.182254,0.674805,0.000278,0.010955
henon,param,3,5,0.01,1.4,1.000e-02,334,0.188216,0.682617,-0.001576,-0.009334
henon,param,3,5,0.01,1.4,1.000e-02,335,0.191466,0.683594,0.003699,-0.019482
henon,param,3,5,0.01,1.4,1.000e-02,336,0.188940,0.682068,0.003681,-0.007783
henon,param,3,5,0.01,1.4,1.000e-02,337,0.189858,0.684998,0.002140,-0.012092
henon,param,3,5,0.01,1.4,1.000e-02,338,0.183377,0.676392,0.010623,0.005652
henon,param,3,5,0.01,1.4,1.000e-02,339,0.184679,0.678528,0.005365,-0.000874
henon,param,3,5,0.01,1.4,1.000e-02,340,0.186052,0.680115,0.008308,-0.000852
henon,param,3,5,0.01,1.4,1.000e-02,341,0.189647,0.682312,-0.009842,0.000872
henon,param,3,5,0.01,1.4,1.000e-02,342,0.185069,0.677063,0.004481,-0.002051
henon,param,3,5,0.01,1.4,1.000e-02,343,0.193136,0.684570,-0.003336,-0.007460
henon,param,3,5,0.01,1.4,1.000e-02,344,0.195455,0.685608,-0.007683,-0.005855
henon,param,3,5,0.01,1.4,1.000e-02,345,0.193396,0.687988,-0.000071,-0.009728
henon,param,3,5,0.01,1.4,1.000e-02,346,0.191099,0.685242,-0.017807,-0.005455
henon,param,3,5,0.01,1.4,1.000e-02,347,0.192948,0.682495,-0.003022,-0.022209
henon,param,3,5,0.01,1.4,1.000e-02,348,0.186780,0.679199,0.004196,-0.000710
henon,param,3,5,0.01,1.4,1.000e-02,349,0.186601,0.677429,-0.005497,-0.006646
henon,param,3,5,0.01,1.4,1.000e-02,350,0.183348,0.678650,-0.001047,0.000605
henon,param,3,5,0.01,1.4,1.000e-02,351,0.188919,0.682556,-0.011450,0.010619
henon,param,3,5,0.01,1.4,1.000e-02,352,0.196807,0.685242,-0.008311,0.003652
henon,param,3,5,0.01,1.4,1.000e-02,353,0.191751,0.684998,0.001225,0.003269
henon,param,3,5,0.01,1.4,1.000e-02,354,0.188074,0.682861,-0.002817,0.006720
henon,param,3,5,0.01,1.4,1.000e-02,355,0.183124,0.677124,-0.006198,0.001516
henon,param,3,5,0.01,1.4,1.000e-02,356,0.182842,0.677979,0.005715,-0.000204
henon,param,3,5,0.01,1.4,1.000e-02,357,0.178695,0.674133,0.002384,-0.001673
henon,param,3,5,0.01,1.4,1.000e-02,358,0.180163,0.677917,0.007461,0.010323
henon,param,3,5,0.01,1.4,1.000e-02,359,0.181840,0.678589,0.002578,0.006371
henon,param,3,5,0.01,1.4,1.000e-02,360,0.179265,0.674011,0.007466,-0.005071
henon,param,3,5,0.01,1.4,1.000e-02,361,0.180943,0.675659,0.006210,0.004765
henon,param,3,5,0.01,1.4,1.000e-02,362,0.184094,0.676819,-0.000581,0.005215
henon,param,3,5,0.01,1.4,1.000e-02,363,0.184689,0.678772,0.010047,0.004185
henon,param,3,5,0.01,1.4,1.000e-02,364,0.183052,0.678040,0.003112,0.003097
henon,param,3,5,0.01,1.4,1.000e-02,365,0.182284,0.675232,0.001626,0.002895
henon,param,3,5,0.01,1.4,1.000e-02,366,0.184058,0.683655,0.011246,0.003462
henon,param,3,5,0.01,1.4,1.000e-02,367,0.187249,0.679443,-0.000245,-0.008208
henon,param,3,5,0.01,1.4,1.000e-02,368,0.187835,0.684082,-0.000677,0.002947
henon,param,3,5,0.01,1.4,1.000e-02,369,0.180937,0.673706,0.009358,0.003814
henon,param,3,5,0.01,1.4,1.000e-02,370,0.184340,0.677246,0.003879,-0.006886
henon,param,3,5,0.01,1.4,1.000e-02,371,0.186972,0.680603,0.002001,-0.004453
henon,param,3,5,0.01,1.4,1.000e-02,372,0.187738,0.680725,0.005953,-0.008931
henon,param,3,5,0.01,1.4,1.000e-02,373,0.183446,0.679871,0.009168,0.014739
henon,param,3,5,0.01,1.4,1.000e-02,374,0.184132,0.678345,0.009722,0.010255
henon,param,3,5,0.01,1.4,1.000e-02,375,0.186986,0.681274,0.012945,-0.010385
henon,param,3,5,0.01,1.4,1.000e-02,376,0.184745,0.681213,0.006895,0.005226
henon,param,3,5,0.01,1.4,1.000e-02,377,0.186753,0.682434,-0.009799,-0.009362
henon,param,3,5,0.01,1.4,1.000e-02,378,0.185240,0.677856,0.011939,-0.002184
henon,param,3,5,0.01,1.4,1.000e-02,379,0.184654,0.682861,-0.000226,-0.006664
henon,param,3,5,0.01,1.4,1.000e-02,380,0.187997,0.681274,-0.004311,-0.000036
henon,param,3,5,0.01,1.4,1.000e-02,381,0.188179,0.679443,-0.001619,0.004511
henon,param,3,5,0.01,1.4,1.000e-02,382,0.183511,0.679688,0.004475,0.001642
henon,param,3,5,0.01,1.4,1.000e-02,383,0.186970,0.681519,-0.005425,-0.001961
henon,param,3,5,0.01,1.4,1.000e-02,384,0.190581,0.683411,-0.000234,-0.015605
henon,param,3,5,0.01,1.4,1.000e-02,385,0.190695,0.683350,0.005985,-0.012772
henon,param,3,5,0.01,1.4,1.000e-02,386,0.186210,0.678589,0.007944,0.013959
henon,param,3,5,0.01,1.4,1.000e-02,387,0.184075,0.680298,0.005078,0.001230
henon,param,3,5,0.01,1.4,1.000e-02,388,0.188012,0.683167,-0.001706,-0.016592
henon,param,3,5,0.01,1.4,1.000e-02,389,0.187572,0.681335,-0.003666,-0.010120
henon,param,3,5,0.01,1.4,1.000e-02,390,0.185858,0.677429,0.003335,0.003780
henon,param,3,5,0.01,1.4,1.000e-02,391,0.191631,0.684326,-0.008080,-0.007611
henon,param,3,5,0.01,1.4,1.000e-02,392,0.193856,0.687561,-0.004371,-0.010043
henon,param,3,5,0.01,1.4,1.000e-02,393,0.189813,0.682922,0.005513,-0.001828
henon,param,3,5,0.01,1.4,1.000e-02,394,0.190242,0.683472,0.005048,-0.012137
henon,param,3,5,0.01,1.4,1.000e-02,395,0.193964,0.680481,-0.007382,-0.020501
henon,param,3,5,0.01,1.4,1.000e-02,396,0.187548,0.675903,-0.004521,0.005980
henon,param,3,5,0.01,1.4,1.000e-02,397,0.185987,0.675903,0.005135,0.005457
henon,param,3,5,0.01,1.4,1.000e-02,398,0.187001,0.676575,0.005427,-0.011618
henon,param,3,5,0.01,1.4,1.000e-02,399,0.188057,0.678833,0.004586,-0.008650
henon,param,3,5,0.01,1.4,1.000e-02,400,0.187117,0.680359,-0.011786,0.007666
