family,mode,p,q,K,param,delta,t,mean_ln_d,frac_d_gt_scale,r_x1,r_x2
logistic,K,3,5,0.05,4,1.000e-12,1,-27.702250,0.000000,1.000000,1.000000
logistic,K,3,5,0.05,4,1.000e-12,2,-26.924159,0.000000,1.000000,1.000000
logistic,K,3,5,0.05,4,1.000e-12,3,-26.310970,0.000000,1.000000,1.000000
logistic,K,3,5,0.05,4,1.000e-12,4,-25.722844,0.000000,1.000000,1.000000
logistic,K,3,5,0.05,4,1.000e-12,5,-25.147272,0.000000,1.000000,1.000000
logistic,K,3,5,0.05,4,1.000e-12,6,-24.593259,0.000000,1.000000,1.000000
logistic,K,3,5,0.05,4,1.000e-12,7,-24.033547,0.000000,1.000000,1.000000
logistic,K,3,5,0.05,4,1.000e-12,8,-23.479610,0.000000,1.000000,1.000000
logistic,K,3,5,0.05,4,1.000e-12,9,-22.923875,0.000000,1.000000,1.000000
logistic,K,3,5,0.05,4,1.000e-12,10,-22.370234,0.000000,1.000000,1.000000
logistic,K,3,5,0.05,4,1.000e-12,11,-21.810840,0.000000,1.000000,1.000000
logistic,K,3,5,0.05,4,1.000e-12,12,-21.255743,0.000000,1.000000,1.000000
logistic,K,3,5,0.05,4,1.000e-12,13,-20.698212,0.000000,1.000000,1.000000
logistic,K,3,5,0.05,4,1.000e-12,14,-20.151792,0.000000,1.000000,1.000000
logistic,K,3,5,0.05,4,1.000e-12,15,-19.590399,0.000000,1.000000,1.000000
logistic,K,3,5,0.05,4,1.000e-12,16,-19.044024,0.000000,1.000000,1.000000
logistic,K,3,5,0.05,4,1.000e-12,17,-18.487613,0.000000,1.000000,1.000000
logistic,K,3,5,0.05,4,1.000e-12,18,-17.935400,0.000000,1.000000,1.000000
logistic,K,3,5,0.05,4,1.000e-12,19,-17.383323,0.000000,1.000000,1.000000
logistic,K,3,5,0.05,4,1.000e-12,20,-16.830619,0.000000,1.000000,1.000000
logistic,K,3,5,0.05,4,1.000e-12,21,-16.279326,0.000000,1.000000,1.000000
logistic,K,3,5,0.05,4,1.000e-12,22,-15.718851,0.000000,1.000000,1.000000
logistic,K,3,5,0.05,4,1.000e-12,23,-15.169674,0.000000,1.000000,1.000000
logistic,K,3,5,0.05,4,1.000e-12,24,-14.612367,0.000000,1.000000,1.000000
logistic,K,3,5,0.05,4,1.000e-12,25,-14.059716,0.000000,1.000000,1.000000
logistic,K,3,5,0.05,4,1.000e-12,26,-13.502595,0.000000,1.000000,1.000000
logistic,K,3,5,0.05,4,1.000e-12,27,-12.949841,0.000000,1.000000,1.000000
logistic,K,3,5,0.05,4,1.000e-12,28,-12.399761,0.000000,1.000000,1.000000
logistic,K,3,5,0.05,4,1.000e-12,29,-11.839328,0.000000,1.000000,1.000000
logistic,K,3,5,0.05,4,1.000e-12,30,-11.295675,0.000000,1.000000,1.000000
logistic,K,3,5,0.05,4,1.000e-12,31,-10.737756,0.000061,1.000000,0.999678
logistic,K,3,5,0.05,4,1.000e-12,32,-10.179862,0.000061,0.999671,0.999997
logistic,K,3,5,0.05,4,1.000e-12,33,-9.617351,0.000122,0.999990,0.999340
logistic,K,3,5,0.05,4,1.000e-12,34,-9.072278,0.000305,0.999642,0.999320
logistic,K,3,5,0.05,4,1.000e-12,35,-8.514106,0.000549,0.999579,0.998027
logistic,K,3,5,0.05,4,1.000e-12,36,-7.955089,0.000977,0.997511,0.998052
logistic,K,3,5,0.05,4,1.000e-12,37,-7.403711,0.001526,0.997141,0.995929
logistic,K,3,5,0.05,4,1.000e-12,38,-6.845985,0.002258,0.995991,0.994839
logistic,K,3,5,0.05,4,1.000e-12,39,-6.278908,0.004150,0.992260,0.990950
logistic,K,3,5,0.05,4,1.000e-12,40,-5.712565,0.007690,0.984072,0.984105
logistic,K,3,5,0.05,4,1.000e-12,41,-5.155525,0.015015,0.977699,0.966831
logistic,K,3,5,0.05,4,1.000e-12,42,-4.578817,0.033264,0.948836,0.941445
logistic,K,3,5,0.05,4,1.000e-12,43,-4.020416,0.066345,0.928224,0.901776
logistic,K,3,5,0.05,4,1.000e-12,44,-3.462148,0.127075,0.873451,0.832451
logistic,K,3,5,0.05,4,1.000e-12,45,-2.951767,0.206116,0.797003,0.756586
logistic,K,3,5,0.05,4,1.000e-12,46,-2.473327,0.307068,0.707059,0.659120
logistic,K,3,5,0.05,4,1.000e-12,47,-2.061986,0.416077,0.588208,0.547347
logistic,K,3,5,0.05,4,1.000e-12,48,-1.707069,0.516846,0.467928,0.405427
logistic,K,3,5,0.05,4,1.000e-12,49,-1.431853,0.602295,0.366483,0.310010
logistic,K,3,5,0.05,4,1.000e-12,50,-1.225835,0.676086,0.260441,0.233995
logistic,K,3,5,0.05,4,1.000e-12,51,-1.071158,0.728516,0.191776,0.151022
logistic,K,3,5,0.05,4,1.000e-12,52,-0.961325,0.766296,0.114697,0.108442
logistic,K,3,5,0.05,4,1.000e-12,53,-0.897956,0.793823,0.079049,0.071896
logistic,K,3,5,0.05,4,1.000e-12,54,-0.848471,0.811401,0.070266,0.054224
logistic,K,3,5,0.05,4,1.000e-12,55,-0.810239,0.828186,0.031202,0.044461
logistic,K,3,5,0.05,4,1.000e-12,56,-0.793958,0.832825,0.026352,0.013460
logistic,K,3,5,0.05,4,1.000e-12,57,-0.770922,0.842041,0.015192,-0.006001
logistic,K,3,5,0.05,4,1.000e-12,58,-0.766946,0.843994,0.001341,0.011482
logistic,K,3,5,0.05,4,1.000e-12,59,-0.768621,0.841187,0.010613,0.003023
logistic,K,3,5,0.05,4,1.000e-12,60,-0.769077,0.842651,0.005430,0.005079
logistic,K,3,5,0.05,4,1.000e-12,61,-0.768136,0.843262,-0.000706,0.011387
logistic,K,3,5,0.05,4,1.000e-12,62,-0.770252,0.839783,0.013143,0.004669
logistic,K,3,5,0.05,4,1.000e-12,63,-0.766901,0.841614,0.013346,0.003919
logistic,K,3,5,0.05,4,1.000e-12,64,-0.761542,0.847595,0.009718,-0.004435
logistic,K,3,5,0.05,4,1.000e-12,65,-0.762151,0.842224,0.002061,-0.006672
logistic,K,3,5,0.05,4,1.000e-12,66,-0.760501,0.846375,-0.001255,0.005757
logistic,K,3,5,0.05,4,1.000e-12,67,-0.766711,0.847229,0.002962,0.008566
logistic,K,3,5,0.05,4,1.000e-12,68,-0.762423,0.842590,-0.000093,-0.002911
logistic,K,3,5,0.05,4,1.000e-12,69,-0.765421,0.842041,0.002825,-0.000764
logistic,K,3,5,0.05,4,1.000e-12,70,-0.765395,0.843384,0.005805,-0.001917
logistic,K,3,5,0.05,4,1.000e-12,71,-0.767515,0.841248,0.011558,0.007693
logistic,K,3,5,0.05,4,1.000e-12,72,-0.764597,0.845581,0.005332,0.007829
logistic,K,3,5,0.05,4,1.000e-12,73,-0.762505,0.848755,0.005479,0.006844
logistic,K,3,5,0.05,4,1.000e-12,74,-0.760181,0.843689,0.003251,-0.000028
logistic,K,3,5,0.05,4,1.000e-12,75,-0.764512,0.847168,0.016622,-0.006112
logistic,K,3,5,0.05,4,1.000e-12,76,-0.756722,0.848022,-0.010448,0.003121
logistic,K,3,5,0.05,4,1.000e-12,77,-0.760580,0.846130,-0.003450,0.011097
logistic,K,3,5,0.05,4,1.000e-12,78,-0.762942,0.843323,0.009994,0.002508
logistic,K,3,5,0.05,4,1.000e-12,79,-0.759446,0.847961,0.012089,0.005208
logistic,K,3,5,0.05,4,1.000e-12,80,-0.756370,0.846375,0.003605,-0.012784
logistic,K,3,5,0.05,4,1.000e-12,81,-0.761788,0.843689,-0.000532,0.004818
logistic,K,3,5,0.05,4,1.000e-12,82,-0.764691,0.843872,-0.011416,0.019877
logistic,K,3,5,0.05,4,1.000e-12,83,-0.755357,0.850159,-0.009887,0.002614
logistic,K,3,5,0.05,4,1.000e-12,84,-0.756863,0.845642,-0.005684,-0.007854
logistic,K,3,5,0.05,4,1.000e-12,85,-0.764389,0.842224,-0.002423,0.000016
logistic,K,3,5,0.05,4,1.000e-12,86,-0.764878,0.845215,0.001244,0.000593
logistic,K,3,5,0.05,4,1.000e-12,87,-0.761336,0.843201,-0.005920,0.002176
logistic,K,3,5,0.05,4,1.000e-12,88,-0.762567,0.844788,-0.005591,0.013406
logistic,K,3,5,0.05,4,1.000e-12,89,-0.753970,0.847961,-0.002714,-0.002269
logistic,K,3,5,0.05,4,1.000e-12,90,-0.754832,0.849548,-0.008235,-0.015572
logistic,K,3,5,0.05,4,1.000e-12,91,-0.757193,0.848389,0.002138,-0.009786
logistic,K,3,5,0.05,4,1.000e-12,92,-0.751540,0.846619,-0.008172,-0.006137
logistic,K,3,5,0.05,4,1.000e-12,93,-0.760259,0.844055,0.002986,-0.000137
logistic,K,3,5,0.05,4,1.000e-12,94,-0.759186,0.846619,-0.004454,0.008233
logistic,K,3,5,0.05,4,1.000e-12,95,-0.758371,0.844177,0.001157,0.000939
logistic,K,3,5,0.05,4,1.000e-12,96,-0.767740,0.841003,0.004601,0.004637
logistic,K,3,5,0.05,4,1.000e-12,97,-0.763077,0.841370,-0.005031,0.001988
logistic,K,3,5,0.05,4,1.000e-12,98,-0.769393,0.839905,0.001483,0.015317
logistic,K,3,5,0.05,4,1.000e-12,99,-0.761138,0.844360,-0.000615,0.002254
logistic,K,3,5,0.05,4,1.000e-12,100,-0.766366,0.841370,-0.004878,0.012996
logistic,K,3,5,0.05,4,1.000e-12,101,-0.767770,0.842468,0.005439,0.006840
logistic,K,3,5,0.05,4,1.000e-12,102,-0.769609,0.839600,0.005605,0.013343
logistic,K,3,5,0.05,4,1.000e-12,103,-0.763505,0.845886,-0.000906,-0.000136
logistic,K,3,5,0.05,4,1.000e-12,104,-0.768967,0.843811,0.006671,0.008841
logistic,K,3,5,0.05,4,1.000e-12,105,-0.761186,0.841919,0.006639,0.002114
logistic,K,3,5,0.05,4,1.000e-12,106,-0.754070,0.848450,-0.005044,0.000375
logistic,K,3,5,0.05,4,1.000e-12,107,-0.758870,0.848145,-0.004519,-0.006302
logistic,K,3,5,0.05,4,1.000e-12,108,-0.760298,0.846130,0.004073,-0.007002
logistic,K,3,5,0.05,4,1.000e-12,109,-0.760175,0.842346,-0.000592,-0.003481
logistic,K,3,5,0.05,4,1.000e-12,110,-0.765101,0.843445,-0.001835,0.004004
logistic,K,3,5,0.05,4,1.000e-12,111,-0.767001,0.842896,0.007076,0.016188
logistic,K,3,5,0.05,4,1.000e-12,112,-0.762612,0.841675,-0.006632,-0.001659
logistic,K,3,5,0.05,4,1.000e-12,113,-0.758277,0.849487,0.004114,-0.003870
logistic,K,3,5,0.05,4,1.000e-12,114,-0.755739,0.847778,0.002042,-0.006739
logistic,K,3,5,0.05,4,1.000e-12,115,-0.754827,0.846497,0.000304,-0.013757
logistic,K,3,5,0.05,4,1.000e-12,116,-0.759352,0.845459,-0.007771,0.012136
logistic,K,3,5,0.05,4,1.000e-12,117,-0.760474,0.849609,0.004279,0.004346
logistic,K,3,5,0.05,4,1.000e-12,118,-0.766003,0.843750,0.008451,0.005367
logistic,K,3,5,0.05,4,1.000e-12,119,-0.756193,0.848938,-0.010363,0.006530
logistic,K,3,5,0.05,4,1.000e-12,120,-0.763187,0.846802,0.015042,-0.002918
logistic,K,3,5,0.05,4,1.000e-12,121,-0.759476,0.845398,-0.000041,-0.001956
logistic,K,3,5,0.05,4,1.000e-12,122,-0.754600,0.846924,-0.003682,0.005085
logistic,K,3,5,0.05,4,1.000e-12,123,-0.764220,0.845581,-0.001256,0.009582
logistic,K,3,5,0.05,4,1.000e-12,124,-0.768500,0.842041,-0.003521,0.006900
logistic,K,3,5,0.05,4,1.000e-12,125,-0.764050,0.840454,-0.003704,0.006698
logistic,K,3,5,0.05,4,1.000e-12,126,-0.756253,0.846680,-0.000913,-0.010336
logistic,K,3,5,0.05,4,1.000e-12,127,-0.758618,0.848450,-0.014496,0.010297
logistic,K,3,5,0.05,4,1.000e-12,128,-0.766472,0.845215,0.001176,0.008528
logistic,K,3,5,0.05,4,1.000e-12,129,-0.756225,0.847290,-0.010355,0.004138
logistic,K,3,5,0.05,4,1.000e-12,130,-0.766430,0.840881,0.007266,-0.007707
logistic,K,3,5,0.05,4,1.000e-12,131,-0.762303,0.843323,0.010448,-0.004338
logistic,K,3,5,0.05,4,1.000e-12,132,-0.764113,0.842041,-0.001691,0.003685
logistic,K,3,5,0.05,4,1.000e-12,133,-0.763041,0.844971,0.008793,-0.002016
logistic,K,3,5,0.05,4,1.000e-12,134,-0.757905,0.844666,-0.001855,0.004759
logistic,K,3,5,0.05,4,1.000e-12,135,-0.763310,0.843140,-0.004090,0.006127
logistic,K,3,5,0.05,4,1.000e-12,136,-0.764184,0.845459,0.010443,0.004679
logistic,K,3,5,0.05,4,1.000e-12,137,-0.756136,0.847595,0.003539,-0.001023
logistic,K,3,5,0.05,4,1.000e-12,138,-0.762281,0.844788,-0.001382,-0.001953
logistic,K,3,5,0.05,4,1.000e-12,139,-0.760666,0.847778,-0.006050,0.001456
logistic,K,3,5,0.05,4,1.000e-12,140,-0.763140,0.842163,-0.004751,0.003130
logistic,K,3,5,0.05,4,1.000e-12,141,-0.766932,0.840576,0.013646,0.000517
logistic,K,3,5,0.05,4,1.000e-12,142,-0.764077,0.844055,0.003795,0.000487
logistic,K,3,5,0.05,4,1.000e-12,143,-0.766725,0.843445,-0.000856,0.010723
logistic,K,3,5,0.05,4,1.000e-12,144,-0.758164,0.848816,-0.010625,0.004792
logistic,K,3,5,0.05,4,1.000e-12,145,-0.756123,0.848755,0.004963,0.002218
logistic,K,3,5,0.05,4,1.000e-12,146,-0.750841,0.850891,0.001416,-0.014816
logistic,K,3,5,0.05,4,1.000e-12,147,-0.754804,0.845642,0.000719,-0.011400
logistic,K,3,5,0.05,4,1.000e-12,148,-0.760188,0.846436,0.000405,0.003154
logistic,K,3,5,0.05,4,1.000e-12,149,-0.757453,0.847473,-0.010808,0.004499
logistic,K,3,5,0.05,4,1.000e-12,150,-0.761825,0.846802,-0.000036,0.002646
logistic,K,3,5,0.05,4,1.000e-12,151,-0.763193,0.842102,0.008077,-0.012265
logistic,K,3,5,0.05,4,1.000e-12,152,-0.758714,0.847229,0.004390,0.006097
logistic,K,3,5,0.05,4,1.000e-12,153,-0.763092,0.843933,0.003981,0.011381
logistic,K,3,5,0.05,4,1.000e-12,154,-0.753112,0.849365,0.003930,-0.002500
logistic,K,3,5,0.05,4,1.000e-12,155,-0.750808,0.845032,-0.005985,-0.013457
logistic,K,3,5,0.05,4,1.000e-12,156,-0.771021,0.841431,0.006417,0.007452
logistic,K,3,5,0.05,4,1.000e-12,157,-0.768475,0.841003,0.014189,0.007132
logistic,K,3,5,0.05,4,1.000e-12,158,-0.760018,0.848633,-0.001893,-0.004490
logistic,K,3,5,0.05,4,1.000e-12,159,-0.768389,0.840393,0.004045,0.006133
logistic,K,3,5,0.05,4,1.000e-12,160,-0.769882,0.840698,0.010433,0.000270
logistic,K,3,5,0.05,4,1.000e-12,161,-0.755548,0.843872,-0.008514,-0.004283
logistic,K,3,5,0.05,4,1.000e-12,162,-0.759841,0.844849,0.001038,-0.004188
logistic,K,3,5,0.05,4,1.000e-12,163,-0.756909,0.848633,0.006517,0.005815
logistic,K,3,5,0.05,4,1.000e-12,164,-0.761681,0.849609,-0.001037,0.001285
logistic,K,3,5,0.05,4,1.000e-12,165,-0.755621,0.847046,-0.007690,-0.010899
logistic,K,3,5,0.05,4,1.000e-12,166,-0.758329,0.844971,0.006909,0.000758
logistic,K,3,5,0.05,4,1.000e-12,167,-0.757617,0.845520,-0.006770,0.005208
logistic,K,3,5,0.05,4,1.000e-12,168,-0.766495,0.842896,0.011414,0.002386
logistic,K,3,5,0.05,4,1.000e-12,169,-0.761231,0.844971,0.002234,0.001500
logistic,K,3,5,0.05,4,1.000e-12,170,-0.757208,0.847961,0.010921,0.001741
logistic,K,3,5,0.05,4,1.000e-12,171,-0.754806,0.847229,-0.005723,0.003131
logistic,K,3,5,0.05,4,1.000e-12,172,-0.757205,0.847595,0.002826,-0.008135
logistic,K,3,5,0.05,4,1.000e-12,173,-0.765855,0.843262,0.005732,0.001343
logistic,K,3,5,0.05,4,1.000e-12,174,-0.759614,0.846497,0.004734,-0.002768
logistic,K,3,5,0.05,4,1.000e-12,175,-0.756272,0.849304,-0.004740,0.007183
logistic,K,3,5,0.05,4,1.000e-12,176,-0.758803,0.845703,-0.004155,-0.003414
logistic,K,3,5,0.05,4,1.000e-12,177,-0.763653,0.840759,-0.008920,0.001061
logistic,K,3,5,0.05,4,1.000e-12,178,-0.766790,0.841431,0.002532,0.010775
logistic,K,3,5,0.05,4,1.000e-12,179,-0.754161,0.849060,-0.012150,0.000796
logistic,K,3,5,0.05,4,1.000e-12,180,-0.756234,0.846924,0.005179,-0.002080
logistic,K,3,5,0.05,4,1.000e-12,181,-0.752039,0.849060,-0.009324,-0.011359
logistic,K,3,5,0.05,4,1.000e-12,182,-0.748950,0.852844,-0.000433,-0.012658
logistic,K,3,5,0.05,4,1.000e-12,183,-0.757456,0.846863,-0.004070,-0.000164
logistic,K,3,5,0.05,4,1.000e-12,184,-0.764371,0.847046,0.005289,0.004317
logistic,K,3,5,0.05,4,1.000e-12,185,-0.757538,0.846924,-0.002114,-0.002398
logistic,K,3,5,0.05,4,1.000e-12,186,-0.753044,0.848267,0.000491,-0.013513
logistic,K,3,5,0.05,4,1.000e-12,187,-0.762633,0.844971,0.000133,0.014820
logistic,K,3,5,0.05,4,1.000e-12,188,-0.756490,0.847595,-0.013867,0.002379
logistic,K,3,5,0.05,4,1.000e-12,189,-0.760501,0.843872,0.013091,-0.007625
logistic,K,3,5,0.05,4,1.000e-12,190,-0.745443,0.852600,-0.023059,0.000267
logistic,K,3,5,0.05,4,1.000e-12,191,-0.758449,0.849060,-0.001396,0.009891
logistic,K,3,5,0.05,4,1.000e-12,192,-0.757639,0.846619,-0.005971,-0.009003
logistic,K,3,5,0.05,4,1.000e-12,193,-0.763325,0.842834,0.000891,0.003458
logistic,K,3,5,0.05,4,1.000e-12,194,-0.766196,0.842285,0.002826,0.014333
logistic,K,3,5,0.05,4,1.000e-12,195,-0.757968,0.846619,0.004847,-0.006654
logistic,K,3,5,0.05,4,1.000e-12,196,-0.752400,0.851501,-0.005756,-0.009938
logistic,K,3,5,0.05,4,1.000e-12,197,-0.757542,0.845642,-0.017636,0.002854
logistic,K,3,5,0.05,4,1.000e-12,198,-0.764489,0.845520,0.005508,0.004177
logistic,K,3,5,0.05,4,1.000e-12,199,-0.752545,0.845825,-0.002390,-0.013078
logistic,K,3,5,0.05,4,1.000e-12,200,-0.760521,0.844666,-0.003346,0.006234
logistic,K,3,5,0.05,4,1.000e-12,201,-0.763411,0.846130,-0.001334,0.007008
logistic,K,3,5,0.05,4,1.000e-12,202,-0.753630,0.849304,-0.007587,-0.000359
logistic,K,3,5,0.05,4,1.000e-12,203,-0.763790,0.841370,0.001350,-0.000965
logistic,K,3,5,0.05,4,1.000e-12,204,-0.756119,0.845154,0.002526,-0.008470
logistic,K,3,5,0.05,4,1.000e-12,205,-0.755049,0.846497,0.003242,-0.008029
logistic,K,3,5,0.05,4,1.000e-12,206,-0.754380,0.850403,-0.003678,-0.004005
logistic,K,3,5,0.05,4,1.000e-12,207,-0.756776,0.847717,-0.007226,0.007555
logistic,K,3,5,0.05,4,1.000e-12,208,-0.756877,0.846436,0.000182,-0.005174
logistic,K,3,5,0.05,4,1.000e-12,209,-0.758700,0.849487,-0.005317,0.002799
logistic,K,3,5,0.05,4,1.000e-12,210,-0.754941,0.846619,-0.010623,-0.006212
logistic,K,3,5,0.05,4,1.000e-12,211,-0.763753,0.846802,0.008723,0.000543
logistic,K,3,5,0.05,4,1.000e-12,212,-0.761820,0.846863,-0.014505,0.009043
logistic,K,3,5,0.05,4,1.000e-12,213,-0.760156,0.844177,-0.003962,-0.009426
logistic,K,3,5,0.05,4,1.000e-12,214,-0.765152,0.841064,0.004204,-0.002181
logistic,K,3,5,0.05,4,1.000e-12,215,-0.762834,0.846436,0.009027,-0.000153
logistic,K,3,5,0.05,4,1.000e-12,216,-0.763609,0.843018,0.005595,-0.003658
logistic,K,3,5,0.05,4,1.000e-12,217,-0.761847,0.846863,0.007295,0.012837
logistic,K,3,5,0.05,4,1.000e-12,218,-0.760591,0.844604,-0.004194,-0.005538
logistic,K,3,5,0.05,4,1.000e-12,219,-0.762957,0.844482,0.003805,0.002007
logistic,K,3,5,0.05,4,1.000e-12,220,-0.760828,0.845276,0.006789,0.008256
logistic,K,3,5,0.05,4,1.000e-12,221,-0.754711,0.849854,-0.018687,0.000627
logistic,K,3,5,0.05,4,1.000e-12,222,-0.763709,0.844177,0.001394,-0.008048
logistic,K,3,5,0.05,4,1.000e-12,223,-0.760808,0.847290,0.003921,-0.002963
logistic,K,3,5,0.05,4,1.000e-12,224,-0.758876,0.846619,0.003452,-0.001361
logistic,K,3,5,0.05,4,1.000e-12,225,-0.757122,0.847656,-0.014283,-0.000847
logistic,K,3,5,0.05,4,1.000e-12,226,-0.761985,0.846802,-0.000809,0.009464
logistic,K,3,5,0.05,4,1.000e-12,227,-0.758610,0.843567,0.000081,-0.003474
logistic,K,3,5,0.05,4,1.000e-12,228,-0.754818,0.848572,0.007271,-0.011408
logistic,K,3,5,0.05,4,1.000e-12,229,-0.760429,0.844116,0.005857,-0.001938
logistic,K,3,5,0.05,4,1.000e-12,230,-0.763237,0.846924,0.010650,0.013536
logistic,K,3,5,0.05,4,1.000e-12,231,-0.760254,0.845520,0.004269,-0.006515
logistic,K,3,5,0.05,4,1.000e-12,232,-0.756694,0.847168,0.001030,-0.007208
logistic,K,3,5,0.05,4,1.000e-12,233,-0.762784,0.842712,0.005227,0.001360
logistic,K,3,5,0.05,4,1.000e-12,234,-0.766263,0.842102,0.011157,0.009908
logistic,K,3,5,0.05,4,1.000e-12,235,-0.761809,0.846436,0.003214,0.014548
logistic,K,3,5,0.05,4,1.000e-12,236,-0.762429,0.848572,0.003064,0.003330
logistic,K,3,5,0.05,4,1.000e-12,237,-0.754173,0.849976,-0.005129,0.015787
logistic,K,3,5,0.05,4,1.000e-12,238,-0.745859,0.851562,-0.009717,-0.010135
logistic,K,3,5,0.05,4,1.000e-12,239,-0.760816,0.844238,-0.009190,0.000576
logistic,K,3,5,0.05,4,1.000e-12,240,-0.766094,0.841675,0.003950,0.004912
logistic,K,3,5,0.05,4,1.000e-12,241,-0.768008,0.843506,0.018178,0.000425
logistic,K,3,5,0.05,4,1.000e-12,242,-0.756413,0.847290,-0.009577,0.003365
logistic,K,3,5,0.05,4,1.000e-12,243,-0.756527,0.848145,-0.000396,0.009718
logistic,K,3,5,0.05,4,1.000e-12,244,-0.750089,0.848816,-0.011059,-0.010116
logistic,K,3,5,0.05,4,1.000e-12,245,-0.763004,0.846497,-0.004118,-0.002103
logistic,K,3,5,0.05,4,1.000e-12,246,-0.766577,0.841492,0.010082,-0.000101
logistic,K,3,5,0.05,4,1.000e-12,247,-0.760431,0.846558,0.004418,0.001186
logistic,K,3,5,0.05,4,1.000e-12,248,-0.762848,0.844299,-0.002066,0.008443
logistic,K,3,5,0.05,4,1.000e-12,249,-0.759809,0.845703,0.000955,-0.001135
logistic,K,3,5,0.05,4,1.000e-12,250,-0.756885,0.844543,-0.005313,-0.001994
logistic,K,3,5,0.05,4,1.000e-12,251,-0.766135,0.841003,0.009721,0.003346
logistic,K,3,5,0.05,4,1.000e-12,252,-0.755303,0.847717,-0.006376,-0.011750
logistic,K,3,5,0.05,4,1.000e-12,253,-0.757734,0.844482,-0.013006,-0.001956
logistic,K,3,5,0.05,4,1.000e-12,254,-0.767011,0.841980,0.013404,0.007297
logistic,K,3,5,0.05,4,1.000e-12,255,-0.758444,0.844421,0.004363,-0.002179
logistic,K,3,5,0.05,4,1.000e-12,256,-0.756635,0.846741,-0.004327,0.002080
logistic,K,3,5,0.05,4,1.000e-12,257,-0.763140,0.845642,0.001803,0.005105
logistic,K,3,5,0.05,4,1.000e-12,258,-0.758102,0.847412,-0.006869,0.022017
logistic,K,3,5,0.05,4,1.000e-12,259,-0.759065,0.845703,0.005986,0.000591
logistic,K,3,5,0.05,4,1.000e-12,260,-0.759906,0.842529,-0.006491,-0.002111
logistic,K,3,5,0.05,4,1.000e-12,261,-0.760795,0.847168,-0.011099,0.003413
logistic,K,3,5,0.05,4,1.000e-12,262,-0.759956,0.846497,0.011131,0.007654
logistic,K,3,5,0.05,4,1.000e-12,263,-0.757880,0.845703,-0.003393,-0.006610
logistic,K,3,5,0.05,4,1.000e-12,264,-0.757871,0.847778,0.009281,-0.000364
logistic,K,3,5,0.05,4,1.000e-12,265,-0.757748,0.844238,0.000908,-0.003423
logistic,K,3,5,0.05,4,1.000e-12,266,-0.766825,0.843445,0.015762,0.003501
logistic,K,3,5,0.05,4,1.000e-12,267,-0.752584,0.851807,0.015409,-0.017366
logistic,K,3,5,0.05,4,1.000e-12,268,-0.750380,0.847107,-0.008707,-0.006392
logistic,K,3,5,0.05,4,1.000e-12,269,-0.760314,0.841553,-0.006857,0.006883
logistic,K,3,5,0.05,4,1.000e-12,270,-0.759746,0.847900,0.000500,0.001860
logistic,K,3,5,0.05,4,1.000e-12,271,-0.759987,0.846619,-0.000884,0.004590
logistic,K,3,5,0.05,4,1.000e-12,272,-0.759594,0.846375,-0.010946,-0.001842
logistic,K,3,5,0.05,4,1.000e-12,273,-0.761927,0.843262,-0.001820,0.008006
logistic,K,3,5,0.05,4,1.000e-12,274,-0.759185,0.845398,0.000300,0.001424
logistic,K,3,5,0.05,4,1.000e-12,275,-0.766827,0.843750,0.001099,0.013496
logistic,K,3,5,0.05,4,1.000e-12,276,-0.765503,0.844360,0.006243,0.003404
logistic,K,3,5,0.05,4,1.000e-12,277,-0.762710,0.843994,0.006498,-0.005485
logistic,K,3,5,0.05,4,1.000e-12,278,-0.769703,0.840088,0.016277,-0.010551
logistic,K,3,5,0.05,4,1.000e-12,279,-0.769769,0.839844,0.015278,0.007479
logistic,K,3,5,0.05,4,1.000e-12,280,-0.760202,0.848389,-0.002334,0.005632
logistic,K,3,5,0.05,4,1.000e-12,281,-0.756948,0.846741,-0.002531,0.006204
logistic,K,3,5,0.05,4,1.000e-12,282,-0.757455,0.847290,0.000743,0.000544
logistic,K,3,5,0.05,4,1.000e-12,283,-0.762464,0.842529,-0.002135,0.001446
logistic,K,3,5,0.05,4,1.000e-12,284,-0.763051,0.843994,0.010110,0.002641
logistic,K,3,5,0.05,4,1.000e-12,285,-0.765116,0.842407,0.003596,0.010963
logistic,K,3,5,0.05,4,1.000e-12,286,-0.755929,0.849426,-0.009643,0.000161
logistic,K,3,5,0.05,4,1.000e-12,287,-0.761071,0.846313,-0.006509,0.007634
logistic,K,3,5,0.05,4,1.000e-12,288,-0.764809,0.843933,0.005464,0.000170
logistic,K,3,5,0.05,4,1.000e-12,289,-0.766973,0.843140,0.006470,0.008310
logistic,K,3,5,0.05,4,1.000e-12,290,-0.761687,0.843384,0.000656,0.001713
logistic,K,3,5,0.05,4,1.000e-12,291,-0.751642,0.849121,-0.011731,-0.001983
logistic,K,3,5,0.05,4,1.000e-12,292,-0.753142,0.850891,0.011247,-0.005868
logistic,K,3,5,0.05,4,1.000e-12,293,-0.743837,0.851807,-0.010459,-0.007407
logistic,K,3,5,0.05,4,1.000e-12,294,-0.739551,0.856445,-0.011528,-0.014730
logistic,K,3,5,0.05,4,1.000e-12,295,-0.760999,0.847961,0.012272,0.001644
logistic,K,3,5,0.05,4,1.000e-12,296,-0.755501,0.845154,-0.014524,0.005163
logistic,K,3,5,0.05,4,1.000e-12,297,-0.755309,0.848755,-0.004995,0.008597
logistic,K,3,5,0.05,4,1.000e-12,298,-0.756816,0.849243,-0.000346,0.008816
logistic,K,3,5,0.05,4,1.000e-12,299,-0.753491,0.845703,-0.015417,0.003608
logistic,K,3,5,0.05,4,1.000e-12,300,-0.764142,0.842468,0.000371,0.000395
logistic,K,3,5,0.05,4,1.000e-12,301,-0.761756,0.846680,-0.001807,0.002860
logistic,K,3,5,0.05,4,1.000e-12,302,-0.754947,0.847107,-0.007947,-0.003453
logistic,K,3,5,0.05,4,1.000e-12,303,-0.748945,0.849365,-0.001894,-0.008835
logistic,K,3,5,0.05,4,1.000e-12,304,-0.761581,0.844788,0.003056,-0.009636
logistic,K,3,5,0.05,4,1.000e-12,305,-0.754787,0.848267,-0.003453,-0.012566
logistic,K,3,5,0.05,4,1.000e-12,306,-0.757673,0.845581,-0.008646,0.001363
logistic,K,3,5,0.05,4,1.000e-12,307,-0.752928,0.849609,-0.009624,-0.000515
logistic,K,3,5,0.05,4,1.000e-12,308,-0.755185,0.848022,-0.010551,-0.003137
logistic,K,3,5,0.05,4,1.000e-12,309,-0.762050,0.844055,0.002846,0.001804
logistic,K,3,5,0.05,4,1.000e-12,310,-0.766382,0.841492,0.001057,0.011154
logistic,K,3,5,0.05,4,1.000e-12,311,-0.762406,0.846558,0.007447,0.002297
logistic,K,3,5,0.05,4,1.000e-12,312,-0.760629,0.844421,0.001646,0.011790
logistic,K,3,5,0.05,4,1.000e-12,313,-0.745134,0.851440,-0.001504,-0.014827
logistic,K,3,5,0.05,4,1.000e-12,314,-0.755605,0.848633,0.013500,-0.004192
logistic,K,3,5,0.05,4,1.000e-12,315,-0.755148,0.847107,-0.005534,-0.003505
logistic,K,3,5,0.05,4,1.000e-12,316,-0.764413,0.844421,0.013488,0.004717
logistic,K,3,5,0.05,4,1.000e-12,317,-0.758815,0.846497,-0.009428,-0.004645
logistic,K,3,5,0.05,4,1.000e-12,318,-0.762441,0.843201,-0.000452,0.010213
logistic,K,3,5,0.05,4,1.000e-12,319,-0.762412,0.846558,-0.001069,0.006210
logistic,K,3,5,0.05,4,1.000e-12,320,-0.760662,0.845093,0.003439,0.000094
logistic,K,3,5,0.05,4,1.000e-12,321,-0.756793,0.846802,-0.003485,0.004883
logistic,K,3,5,0.05,4,1.000e-12,322,-0.753419,0.847961,-0.003714,-0.007305
logistic,K,3,5,0.05,4,1.000e-12,323,-0.764254,0.843811,-0.000041,0.004807
logistic,K,3,5,0.05,4,1.000e-12,324,-0.762207,0.841675,0.002848,0.007653
logistic,K,3,5,0.05,4,1.000e-12,325,-0.755730,0.849731,0.006761,0.005565
logistic,K,3,5,0.05,4,1.000e-12,326,-0.757529,0.842834,-0.002175,-0.002368
logistic,K,3,5,0.05,4,1.000e-12,327,-0.755979,0.845459,-0.005388,-0.002035
logistic,K,3,5,0.05,4,1.000e-12,328,-0.758202,0.848999,0.001790,0.001612
logistic,K,3,5,0.05,4,1.000e-12,329,-0.754114,0.845032,-0.010676,-0.004184
logistic,K,3,5,0.05,4,1.000e-12,330,-0.757070,0.849060,-0.009295,0.004804
logistic,K,3,5,0.05,4,1.000e-12,331,-0.759727,0.846863,0.003471,0.004760
logistic,K,3,5,0.05,4,1.000e-12,332,-0.758513,0.847534,0.002285,-0.001065
logistic,K,3,5,0.05,4,1.000e-12,333,-0.759345,0.844421,-0.002005,-0.012925
logistic,K,3,5,0.05,4,1.000e-12,334,-0.761115,0.846802,0.004963,-0.010418
logistic,K,3,5,0.05,4,1.000e-12,335,-0.758488,0.845886,-0.004016,-0.001971
logistic,K,3,5,0.05,4,1.000e-12,336,-0.757795,0.844788,-0.008105,-0.007169
logistic,K,3,5,0.05,4,1.000e-12,337,-0.764078,0.846313,0.002060,0.002721
logistic,K,3,5,0.05,4,1.000e-12,338,-0.763639,0.842346,0.002994,-0.004784
logistic,K,3,5,0.05,4,1.000e-12,339,-0.767809,0.840759,0.000989,0.012944
logistic,K,3,5,0.05,4,1.000e-12,340,-0.763788,0.845154,-0.008288,0.017390
logistic,K,3,5,0.05,4,1.000e-12,341,-0.760010,0.844910,-0.000412,0.004802
logistic,K,3,5,0.05,4,1.000e-12,342,-0.757188,0.846375,-0.000752,-0.001615
logistic,K,3,5,0.05,4,1.000e-12,343,-0.758495,0.847656,0.002862,0.000195
logistic,K,3,5,0.05,4,1.000e-12,344,-0.757324,0.845886,-0.004578,-0.004646
logistic,K,3,5,0.05,4,1.000e-12,345,-0.759481,0.847046,-0.011963,0.004393
logistic,K,3,5,0.05,4,1.000e-12,346,-0.762072,0.845215,-0.001077,0.000454
logistic,K,3,5,0.05,4,1.000e-12,347,-0.754700,0.844849,-0.013210,0.004626
logistic,K,3,5,0.05,4,1.000e-12,348,-0.760902,0.843750,-0.013383,0.009468
logistic,K,3,5,0.05,4,1.000e-12,349,-0.763006,0.846313,0.008794,0.010420
logistic,K,3,5,0.05,4,1.000e-12,350,-0.759551,0.843262,-0.001919,0.003735
logistic,K,3,5,0.05,4,1.000e-12,351,-0.759885,0.844238,0.004302,0.005833
logistic,K,3,5,0.05,4,1.000e-12,352,-0.758102,0.847473,0.014214,-0.005658
logistic,K,3,5,0.05,4,1.000e-12,353,-0.755981,0.850708,0.013453,-0.012373
logistic,K,3,5,0.05,4,1.000e-12,354,-0.757541,0.848450,-0.004377,-0.007322
logistic,K,3,5,0.05,4,1.000e-12,355,-0.753743,0.849243,-0.010098,0.008365
logistic,K,3,5,0.05,4,1.000e-12,356,-0.755462,0.849609,-0.002510,-0.003450
logistic,K,3,5,0.05,4,1.000e-12,357,-0.756722,0.849365,-0.002299,-0.003083
logistic,K,3,5,0.05,4,1.000e-12,358,-0.763770,0.844055,0.002293,0.006046
logistic,K,3,5,0.05,4,1.000e-12,359,-0.752966,0.844238,-0.001752,-0.012788
logistic,K,3,5,0.05,4,1.000e-12,360,-0.757278,0.848816,0.002826,0.004554
logistic,K,3,5,0.05,4,1.000e-12,361,-0.749760,0.848450,-0.014944,-0.012750
logistic,K,3,5,0.05,4,1.000e-12,362,-0.757932,0.845093,-0.007865,-0.006601
logistic,K,3,5,0.05,4,1.000e-12,363,-0.762208,0.845947,0.008234,-0.015000
logistic,K,3,5,0.05,4,1.000e-12,364,-0.762716,0.845215,0.001379,-0.003156
logistic,K,3,5,0.05,4,1.000e-12,365,-0.761821,0.844177,0.005325,0.008738
logistic,K,3,5,0.05,4,1.000e-12,366,-0.764501,0.844055,-0.008557,0.009842
logistic,K,3,5,0.05,4,1.000e-12,367,-0.765005,0.842957,-0.000305,0.003905
logistic,K,3,5,0.05,4,1.000e-12,368,-0.756283,0.846008,0.004399,-0.007598
logistic,K,3,5,0.05,4,1.000e-12,369,-0.758821,0.846741,0.005891,0.001157
logistic,K,3,5,0.05,4,1.000e-12,370,-0.752747,0.848938,-0.008435,-0.005531
logistic,K,3,5,0.05,4,1.000e-12,371,-0.762190,0.844360,0.000877,0.016804
logistic,K,3,5,0.05,4,1.000e-12,372,-0.752576,0.849915,-0.006728,0.003854
logistic,K,3,5,0.05,4,1.000e-12,373,-0.757772,0.847656,-0.002216,0.004558
logistic,K,3,5,0.05,4,1.000e-12,374,-0.753516,0.845276,-0.003393,-0.004012
logistic,K,3,5,0.05,4,1.000e-12,375,-0.757273,0.844727,-0.000818,-0.008369
logistic,K,3,5,0.05,4,1.000e-12,376,-0.753931,0.846069,0.009452,-0.009904
logistic,K,3,5,0.05,4,1.000e-12,377,-0.756303,0.849365,0.001404,0.009821
logistic,K,3,5,0.05,4,1.000e-12,378,-0.753194,0.848694,-0.003651,-0.004768
logistic,K,3,5,0.05,4,1.000e-12,379,-0.759592,0.845764,-0.010502,0.006271
logistic,K,3,5,0.05,4,1.000e-12,380,-0.763139,0.843933,-0.000179,0.006458
logistic,K,3,5,0.05,4,1.000e-12,381,-0.759095,0.848083,-0.008488,-0.002276
logistic,K,3,5,0.05,4,1.000e-12,382,-0.756040,0.850403,-0.005184,-0.004746
logistic,K,3,5,0.05,4,1.000e-12,383,-0.768034,0.842651,-0.005781,0.027509
logistic,K,3,5,0.05,4,1.000e-12,384,-0.755005,0.844666,-0.004427,0.004327
logistic,K,3,5,0.05,4,1.000e-12,385,-0.767018,0.841675,0.007231,0.004537
logistic,K,3,5,0.05,4,1.000e-12,386,-0.757410,0.845459,-0.007201,-0.015328
logistic,K,3,5,0.05,4,1.000e-12,387,-0.755783,0.848938,-0.003899,-0.016094
logistic,K,3,5,0.05,4,1.000e-12,388,-0.760379,0.845032,0.000716,0.004544
logistic,K,3,5,0.05,4,1.000e-12,389,-0.751653,0.849243,-0.007106,-0.007340
logistic,K,3,5,0.05,4,1.000e-12,390,-0.755128,0.848877,-0.001860,0.001350
logistic,K,3,5,0.05,4,1.000e-12,391,-0.752753,0.844604,-0.018213,-0.011728
logistic,K,3,5,0.05,4,1.000e-12,392,-0.765230,0.844849,-0.003944,0.000645
logistic,K,3,5,0.05,4,1.000e-12,393,-0.765859,0.842468,0.008904,0.008351
logistic,K,3,5,0.05,4,1.000e-12,394,-0.748182,0.848755,-0.001086,-0.019419
logistic,K,3,5,0.05,4,1.000e-12,395,-0.761839,0.845398,0.004606,-0.000146
logistic,K,3,5,0.05,4,1.000e-12,396,-0.759797,0.847229,-0.005686,0.002723
logistic,K,3,5,0.05,4,1.000e-12,397,-0.745403,0.852478,-0.007268,-0.019282
logistic,K,3,5,0.05,4,1.000e-12,398,-0.758262,0.845154,-0.008698,-0.001247
logistic,K,3,5,0.05,4,1.000e-12,399,-0.768759,0.840454,0.000395,-0.004014
logistic,K,3,5,0.05,4,1.000e-12,400,-0.757739,0.847351,0.000991,-0.002854
logistic,K,3,5,0.05,4,1.000e-10,1,-23.097079,0.000000,1.000000,1.000000
logistic,K,3,5,0.05,4,1.000e-10,2,-22.318988,0.000000,1.000000,1.000000
logistic,K,3,5,0.05,4,1.000e-10,3,-21.705799,0.000000,1.000000,1.000000
logistic,K,3,5,0.05,4,1.000e-10,4,-21.117672,0.000000,1.000000,1.000000
logistic,K,3,5,0.05,4,1.000e-10,5,-20.542102,0.000000,1.000000,1.000000
logistic,K,3,5,0.05,4,1.000e-10,6,-19.988088,0.000000,1.000000,1.000000
logistic,K,3,5,0.05,4,1.000e-10,7,-19.428377,0.000000,1.000000,1.000000
logistic,K,3,5,0.05,4,1.000e-10,8,-18.874440,0.000000,1.000000,1.000000
logistic,K,3,5,0.05,4,1.000e-10,9,-18.318704,0.000000,1.000000,1.000000
logistic,K,3,5,0.05,4,1.000e-10,10,-17.765065,0.000000,1.000000,1.000000
logistic,K,3,5,0.05,4,1.000e-10,11,-17.205671,0.000000,1.000000,1.000000
logistic,K,3,5,0.05,4,1.000e-10,12,-16.650576,0.000000,1.000000,1.000000
logistic,K,3,5,0.05,4,1.000e-10,13,-16.093044,0.000000,1.000000,1.000000
logistic,K,3,5,0.05,4,1.000e-10,14,-15.546626,0.000000,1.000000,1.000000
logistic,K,3,5,0.05,4,1.000e-10,15,-14.985230,0.000000,1.000000,1.000000
logistic,K,3,5,0.05,4,1.000e-10,16,-14.438857,0.000000,1.000000,1.000000
logistic,K,3,5,0.05,4,1.000e-10,17,-13.882448,0.000000,1.000000,1.000000
logistic,K,3,5,0.05,4,1.000e-10,18,-13.330237,0.000000,1.000000,1.000000
logistic,K,3,5,0.05,4,1.000e-10,19,-12.778158,0.000000,1.000000,1.000000
logistic,K,3,5,0.05,4,1.000e-10,20,-12.225452,0.000000,1.000000,1.000000
logistic,K,3,5,0.05,4,1.000e-10,21,-11.674158,0.000000,1.000000,1.000000
logistic,K,3,5,0.05,4,1.000e-10,22,-11.113679,0.000000,1.000000,1.000000
logistic,K,3,5,0.05,4,1.000e-10,23,-10.564499,0.000000,1.000000,1.000000
logistic,K,3,5,0.05,4,1.000e-10,24,-10.006680,0.000061,0.999676,0.999997
logistic,K,3,5,0.05,4,1.000e-10,25,-9.452512,0.000244,0.999348,0.999651
logistic,K,3,5,0.05,4,1.000e-10,26,-8.895133,0.000183,0.999672,0.999645
logistic,K,3,5,0.05,4,1.000e-10,27,-8.342111,0.000183,0.999981,0.999304
logistic,K,3,5,0.05,4,1.000e-10,28,-7.790180,0.000549,0.999616,0.998609
logistic,K,3,5,0.05,4,1.000e-10,29,-7.227265,0.000854,0.998827,0.997436
logistic,K,3,5,0.05,4,1.000e-10,30,-6.676162,0.002136,0.994630,0.995730
logistic,K,3,5,0.05,4,1.000e-10,31,-6.109433,0.003723,0.991681,0.990536
logistic,K,3,5,0.05,4,1.000e-10,32,-5.539637,0.006714,0.988201,0.981691
logistic,K,3,5,0.05,4,1.000e-10,33,-4.961294,0.012695,0.972630,0.971781
logistic,K,3,5,0.05,4,1.000e-10,34,-4.398758,0.027283,0.957919,0.949308
logistic,K,3,5,0.05,4,1.000e-10,35,-3.824097,0.061768,0.918963,0.908208
logistic,K,3,5,0.05,4,1.000e-10,36,-3.266379,0.128052,0.862598,0.843542
logistic,K,3,5,0.05,4,1.000e-10,37,-2.742715,0.226135,0.777269,0.751385
logistic,K,3,5,0.05,4,1.000e-10,38,-2.266192,0.339600,0.672467,0.629055
logistic,K,3,5,0.05,4,1.000e-10,39,-1.869174,0.452271,0.556407,0.503726
logistic,K,3,5,0.05,4,1.000e-10,40,-1.543571,0.557922,0.428402,0.373061
logistic,K,3,5,0.05,4,1.000e-10,41,-1.289155,0.646729,0.319039,0.249866
logistic,K,3,5,0.05,4,1.000e-10,42,-1.101999,0.712769,0.211226,0.176440
logistic,K,3,5,0.05,4,1.000e-10,43,-0.985046,0.756409,0.153661,0.132136
logistic,K,3,5,0.05,4,1.000e-10,44,-0.892395,0.791626,0.100895,0.071756
logistic,K,3,5,0.05,4,1.000e-10,45,-0.837954,0.810974,0.054754,0.044794
logistic,K,3,5,0.05,4,1.000e-10,46,-0.804327,0.829041,0.028164,0.041139
logistic,K,3,5,0.05,4,1.000e-10,47,-0.789565,0.835266,0.027332,0.018448
logistic,K,3,5,0.05,4,1.000e-10,48,-0.774107,0.836304,0.003381,0.010004
logistic,K,3,5,0.05,4,1.000e-10,49,-0.770337,0.840881,0.008640,0.006852
logistic,K,3,5,0.05,4,1.000e-10,50,-0.764562,0.844666,-0.000751,0.023193
logistic,K,3,5,0.05,4,1.000e-10,51,-0.753680,0.848633,-0.002512,-0.004535
logistic,K,3,5,0.05,4,1.000e-10,52,-0.757338,0.848999,0.000259,-0.001852
logistic,K,3,5,0.05,4,1.000e-10,53,-0.763558,0.841064,-0.004012,-0.006136
logistic,K,3,5,0.05,4,1.000e-10,54,-0.766699,0.843811,0.015108,-0.005463
logistic,K,3,5,0.05,4,1.000e-10,55,-0.771523,0.842773,0.022748,0.002341
logistic,K,3,5,0.05,4,1.000e-10,56,-0.756396,0.845032,-0.015693,0.000099
logistic,K,3,5,0.05,4,1.000e-10,57,-0.759358,0.847473,0.001024,0.000453
logistic,K,3,5,0.05,4,1.000e-10,58,-0.757902,0.846130,0.002104,-0.006919
logistic,K,3,5,0.05,4,1.000e-10,59,-0.751504,0.851318,-0.007065,-0.009446
logistic,K,3,5,0.05,4,1.000e-10,60,-0.756717,0.847046,0.001679,-0.013741
logistic,K,3,5,0.05,4,1.000e-10,61,-0.758406,0.845581,0.001135,-0.008947
logistic,K,3,5,0.05,4,1.000e-10,62,-0.762525,0.843750,0.014870,-0.002795
logistic,K,3,5,0.05,4,1.000e-10,63,-0.759618,0.846558,0.001145,-0.002558
logistic,K,3,5,0.05,4,1.000e-10,64,-0.757893,0.847168,-0.004481,0.005086
logistic,K,3,5,0.05,4,1.000e-10,65,-0.756929,0.846924,0.015146,-0.022295
logistic,K,3,5,0.05,4,1.000e-10,66,-0.764687,0.846313,0.009058,0.007385
logistic,K,3,5,0.05,4,1.000e-10,67,-0.755793,0.844849,-0.007817,-0.007765
logistic,K,3,5,0.05,4,1.000e-10,68,-0.757163,0.845581,-0.002477,0.007175
logistic,K,3,5,0.05,4,1.000e-10,69,-0.758241,0.845093,-0.009634,0.005041
logistic,K,3,5,0.05,4,1.000e-10,70,-0.765930,0.843079,-0.005959,0.014451
logistic,K,3,5,0.05,4,1.000e-10,71,-0.755753,0.847168,0.002616,-0.006973
logistic,K,3,5,0.05,4,1.000e-10,72,-0.749962,0.852539,0.000039,-0.018965
logistic,K,3,5,0.05,4,1.000e-10,73,-0.762328,0.846558,-0.001286,0.004562
logistic,K,3,5,0.05,4,1.000e-10,74,-0.751568,0.845703,-0.002930,-0.018054
logistic,K,3,5,0.05,4,1.000e-10,75,-0.762128,0.841248,0.000348,0.005120
logistic,K,3,5,0.05,4,1.000e-10,76,-0.760274,0.848206,-0.002506,0.005704
logistic,K,3,5,0.05,4,1.000e-10,77,-0.759510,0.844604,0.000484,-0.001086
logistic,K,3,5,0.05,4,1.000e-10,78,-0.764450,0.843872,-0.000632,0.003173
logistic,K,3,5,0.05,4,1.000e-10,79,-0.754914,0.846863,-0.010939,-0.001532
logistic,K,3,5,0.05,4,1.000e-10,80,-0.762521,0.847717,0.003821,0.012009
logistic,K,3,5,0.05,4,1.000e-10,81,-0.755848,0.848022,-0.002017,0.002351
logistic,K,3,5,0.05,4,1.000e-10,82,-0.752780,0.846680,-0.007390,-0.000648
logistic,K,3,5,0.05,4,1.000e-10,83,-0.760370,0.848999,-0.000942,-0.003758
logistic,K,3,5,0.05,4,1.000e-10,84,-0.766889,0.843811,0.001161,0.010616
logistic,K,3,5,0.05,4,1.000e-10,85,-0.769972,0.840027,0.003988,-0.001475
logistic,K,3,5,0.05,4,1.000e-10,86,-0.771701,0.838867,0.001253,0.004809
logistic,K,3,5,0.05,4,1.000e-10,87,-0.775042,0.838379,0.015016,0.014607
logistic,K,3,5,0.05,4,1.000e-10,88,-0.762533,0.844543,0.012166,-0.002006
logistic,K,3,5,0.05,4,1.000e-10,89,-0.756517,0.842651,-0.012364,0.000598
logistic,K,3,5,0.05,4,1.000e-10,90,-0.767947,0.847473,0.005140,0.005643
logistic,K,3,5,0.05,4,1.000e-10,91,-0.767012,0.840332,0.006757,0.008258
logistic,K,3,5,0.05,4,1.000e-10,92,-0.760132,0.846375,0.007629,-0.008145
logistic,K,3,5,0.05,4,1.000e-10,93,-0.765329,0.844849,0.004145,0.006105
logistic,K,3,5,0.05,4,1.000e-10,94,-0.762601,0.845398,0.025109,-0.017960
logistic,K,3,5,0.05,4,1.000e-10,95,-0.761890,0.844360,0.006511,-0.004378
logistic,K,3,5,0.05,4,1.000e-10,96,-0.767882,0.842407,0.018468,0.002068
logistic,K,3,5,0.05,4,1.000e-10,97,-0.761435,0.848328,0.004782,0.002374
logistic,K,3,5,0.05,4,1.000e-10,98,-0.758485,0.847839,-0.001543,0.000024
logistic,K,3,5,0.05,4,1.000e-10,99,-0.759112,0.841675,0.006034,0.003259
logistic,K,3,5,0.05,4,1.000e-10,100,-0.754150,0.847534,0.003551,-0.015605
logistic,K,3,5,0.05,4,1.000e-10,101,-0.758748,0.848206,0.001540,0.006645
logistic,K,3,5,0.05,4,1.000e-10,102,-0.749467,0.851013,-0.002806,-0.006369
logistic,K,3,5,0.05,4,1.000e-10,103,-0.755145,0.847839,-0.016991,-0.003928
logistic,K,3,5,0.05,4,1.000e-10,104,-0.752900,0.849060,-0.014678,0.002364
logistic,K,3,5,0.05,4,1.000e-10,105,-0.755185,0.846069,-0.006015,-0.001008
logistic,K,3,5,0.05,4,1.000e-10,106,-0.760133,0.850220,0.000980,0.007572
logistic,K,3,5,0.05,4,1.000e-10,107,-0.759752,0.846252,0.004330,-0.000843
logistic,K,3,5,0.05,4,1.000e-10,108,-0.763211,0.843994,0.003439,0.004097
logistic,K,3,5,0.05,4,1.000e-10,109,-0.758846,0.845276,0.015428,-0.007735
logistic,K,3,5,0.05,4,1.000e-10,110,-0.766193,0.844727,0.003721,0.002966
logistic,K,3,5,0.05,4,1.000e-10,111,-0.759550,0.846863,-0.008604,0.012665
logistic,K,3,5,0.05,4,1.000e-10,112,-0.750818,0.848450,0.002425,-0.009602
logistic,K,3,5,0.05,4,1.000e-10,113,-0.766533,0.843628,-0.008182,0.007673
logistic,K,3,5,0.05,4,1.000e-10,114,-0.768869,0.838501,-0.000364,0.009584
logistic,K,3,5,0.05,4,1.000e-10,115,-0.757866,0.847595,0.007920,-0.006244
logistic,K,3,5,0.05,4,1.000e-10,116,-0.766279,0.844177,0.010752,0.018753
logistic,K,3,5,0.05,4,1.000e-10,117,-0.753702,0.847961,-0.016011,-0.006586
logistic,K,3,5,0.05,4,1.000e-10,118,-0.757261,0.845886,-0.001610,-0.001495
logistic,K,3,5,0.05,4,1.000e-10,119,-0.758726,0.848206,0.001031,0.003324
logistic,K,3,5,0.05,4,1.000e-10,120,-0.757236,0.846130,-0.003248,-0.004801
logistic,K,3,5,0.05,4,1.000e-10,121,-0.761355,0.847412,-0.000782,0.015258
logistic,K,3,5,0.05,4,1.000e-10,122,-0.758179,0.845520,-0.007801,0.001366
logistic,K,3,5,0.05,4,1.000e-10,123,-0.762742,0.843018,-0.002921,0.008029
logistic,K,3,5,0.05,4,1.000e-10,124,-0.758282,0.848816,-0.001055,0.005696
logistic,K,3,5,0.05,4,1.000e-10,125,-0.757653,0.851135,0.001977,0.009593
logistic,K,3,5,0.05,4,1.000e-10,126,-0.750670,0.846008,0.003178,-0.010416
logistic,K,3,5,0.05,4,1.000e-10,127,-0.760330,0.845581,-0.003989,0.001844
logistic,K,3,5,0.05,4,1.000e-10,128,-0.763542,0.845032,0.003342,0.005434
logistic,K,3,5,0.05,4,1.000e-10,129,-0.756495,0.846680,0.000011,-0.006741
logistic,K,3,5,0.05,4,1.000e-10,130,-0.752117,0.846252,-0.017396,0.011470
logistic,K,3,5,0.05,4,1.000e-10,131,-0.766979,0.844299,0.009683,0.013224
logistic,K,3,5,0.05,4,1.000e-10,132,-0.760781,0.843262,-0.003005,0.002207
logistic,K,3,5,0.05,4,1.000e-10,133,-0.752452,0.847717,0.000447,-0.006859
logistic,K,3,5,0.05,4,1.000e-10,134,-0.757141,0.847351,-0.006827,0.011687
logistic,K,3,5,0.05,4,1.000e-10,135,-0.754880,0.851746,0.005286,-0.010031
logistic,K,3,5,0.05,4,1.000e-10,136,-0.763027,0.842651,0.010221,-0.000906
logistic,K,3,5,0.05,4,1.000e-10,137,-0.759605,0.847839,-0.001087,0.010888
logistic,K,3,5,0.05,4,1.000e-10,138,-0.758924,0.846924,-0.000079,-0.005745
logistic,K,3,5,0.05,4,1.000e-10,139,-0.759418,0.846497,0.004511,-0.000104
logistic,K,3,5,0.05,4,1.000e-10,140,-0.763908,0.843811,0.009658,-0.004966
logistic,K,3,5,0.05,4,1.000e-10,141,-0.765594,0.842346,0.012602,-0.007800
logistic,K,3,5,0.05,4,1.000e-10,142,-0.760480,0.846069,0.002077,0.003494
logistic,K,3,5,0.05,4,1.000e-10,143,-0.758332,0.843323,-0.004554,-0.000620
logistic,K,3,5,0.05,4,1.000e-10,144,-0.768451,0.836609,-0.012726,0.017190
logistic,K,3,5,0.05,4,1.000e-10,145,-0.758852,0.844727,-0.006450,0.004761
logistic,K,3,5,0.05,4,1.000e-10,146,-0.753210,0.848328,-0.007094,0.002163
logistic,K,3,5,0.05,4,1.000e-10,147,-0.746623,0.852112,-0.003754,-0.004501
logistic,K,3,5,0.05,4,1.000e-10,148,-0.743732,0.854980,-0.011718,-0.019649
logistic,K,3,5,0.05,4,1.000e-10,149,-0.748601,0.848511,-0.012568,-0.009512
logistic,K,3,5,0.05,4,1.000e-10,150,-0.756027,0.845032,-0.003197,-0.007890
logistic,K,3,5,0.05,4,1.000e-10,151,-0.762914,0.844482,0.003278,0.012379
logistic,K,3,5,0.05,4,1.000e-10,152,-0.763986,0.847900,0.010412,-0.004446
logistic,K,3,5,0.05,4,1.000e-10,153,-0.767583,0.842163,0.022576,0.001803
logistic,K,3,5,0.05,4,1.000e-10,154,-0.764831,0.840820,0.001874,0.000248
logistic,K,3,5,0.05,4,1.000e-10,155,-0.760216,0.845886,-0.000673,-0.000149
logistic,K,3,5,0.05,4,1.000e-10,156,-0.771865,0.838806,0.003398,0.015775
logistic,K,3,5,0.05,4,1.000e-10,157,-0.769899,0.844604,0.010051,0.005861
logistic,K,3,5,0.05,4,1.000e-10,158,-0.763293,0.845276,0.002706,0.004092
logistic,K,3,5,0.05,4,1.000e-10,159,-0.758747,0.844238,-0.012792,0.005289
logistic,K,3,5,0.05,4,1.000e-10,160,-0.756010,0.848572,-0.006700,-0.000952
logistic,K,3,5,0.05,4,1.000e-10,161,-0.755431,0.848328,0.002238,-0.005324
logistic,K,3,5,0.05,4,1.000e-10,162,-0.754154,0.848755,-0.004012,-0.007745
logistic,K,3,5,0.05,4,1.000e-10,163,-0.758494,0.844666,0.002681,-0.002486
logistic,K,3,5,0.05,4,1.000e-10,164,-0.761335,0.848999,-0.001504,0.003031
logistic,K,3,5,0.05,4,1.000e-10,165,-0.758974,0.843506,-0.005546,0.003074
logistic,K,3,5,0.05,4,1.000e-10,166,-0.754752,0.846619,0.006156,0.001963
logistic,K,3,5,0.05,4,1.000e-10,167,-0.746970,0.851990,0.001791,-0.017379
logistic,K,3,5,0.05,4,1.000e-10,168,-0.760424,0.844788,-0.004140,0.001558
logistic,K,3,5,0.05,4,1.000e-10,169,-0.753933,0.850830,0.006313,-0.006063
logistic,K,3,5,0.05,4,1.000e-10,170,-0.755360,0.844055,-0.004852,0.001010
logistic,K,3,5,0.05,4,1.000e-10,171,-0.763796,0.847168,0.013935,0.006555
logistic,K,3,5,0.05,4,1.000e-10,172,-0.755866,0.847290,0.001188,-0.001559
logistic,K,3,5,0.05,4,1.000e-10,173,-0.752936,0.849182,-0.008956,-0.003474
logistic,K,3,5,0.05,4,1.000e-10,174,-0.758338,0.847778,-0.011225,0.004655
logistic,K,3,5,0.05,4,1.000e-10,175,-0.760645,0.844604,0.002233,-0.002218
logistic,K,3,5,0.05,4,1.000e-10,176,-0.758513,0.848572,-0.010841,0.007970
logistic,K,3,5,0.05,4,1.000e-10,177,-0.765458,0.843445,-0.004719,0.014866
logistic,K,3,5,0.05,4,1.000e-10,178,-0.762159,0.846802,-0.001222,0.007088
logistic,K,3,5,0.05,4,1.000e-10,179,-0.750790,0.848633,-0.020963,-0.008745
logistic,K,3,5,0.05,4,1.000e-10,180,-0.762447,0.842529,-0.001357,0.009399
logistic,K,3,5,0.05,4,1.000e-10,181,-0.766016,0.843384,0.004586,0.003716
logistic,K,3,5,0.05,4,1.000e-10,182,-0.772338,0.839172,0.009908,0.012827
logistic,K,3,5,0.05,4,1.000e-10,183,-0.762817,0.844849,0.007706,0.004222
logistic,K,3,5,0.05,4,1.000e-10,184,-0.757525,0.844666,-0.000911,0.003644
logistic,K,3,5,0.05,4,1.000e-10,185,-0.759370,0.843323,-0.006256,0.002325
logistic,K,3,5,0.05,4,1.000e-10,186,-0.762748,0.844910,0.001237,0.011083
logistic,K,3,5,0.05,4,1.000e-10,187,-0.754043,0.846558,-0.012871,-0.000920
logistic,K,3,5,0.05,4,1.000e-10,188,-0.759436,0.843262,-0.000155,0.004804
logistic,K,3,5,0.05,4,1.000e-10,189,-0.767540,0.845154,-0.000551,0.014695
logistic,K,3,5,0.05,4,1.000e-10,190,-0.762449,0.844788,0.008512,-0.001684
logistic,K,3,5,0.05,4,1.000e-10,191,-0.762598,0.845215,0.001991,0.006278
logistic,K,3,5,0.05,4,1.000e-10,192,-0.760827,0.846252,0.000452,-0.000516
logistic,K,3,5,0.05,4,1.000e-10,193,-0.759105,0.848938,-0.002509,0.004230
logistic,K,3,5,0.05,4,1.000e-10,194,-0.754907,0.848450,-0.006368,-0.015285
logistic,K,3,5,0.05,4,1.000e-10,195,-0.758639,0.843933,-0.005409,0.002191
logistic,K,3,5,0.05,4,1.000e-10,196,-0.753532,0.848633,0.000204,-0.004021
logistic,K,3,5,0.05,4,1.000e-10,197,-0.757154,0.848022,0.005409,0.002093
logistic,K,3,5,0.05,4,1.000e-10,198,-0.757573,0.847717,-0.000863,-0.000665
logistic,K,3,5,0.05,4,1.000e-10,199,-0.755984,0.846985,0.001498,-0.007079
logistic,K,3,5,0.05,4,1.000e-10,200,-0.758479,0.848633,0.001519,-0.003597
logistic,K,3,5,0.05,4,1.000e-10,201,-0.760253,0.845276,0.002793,0.002850
logistic,K,3,5,0.05,4,1.000e-10,202,-0.759381,0.846741,-0.001566,0.006234
logistic,K,3,5,0.05,4,1.000e-10,203,-0.762153,0.845154,0.004740,-0.002114
logistic,K,3,5,0.05,4,1.000e-10,204,-0.754026,0.848206,0.002600,-0.008522
logistic,K,3,5,0.05,4,1.000e-10,205,-0.750409,0.851135,-0.002439,-0.004216
logistic,K,3,5,0.05,4,1.000e-10,206,-0.762247,0.845459,-0.004719,0.007296
logistic,K,3,5,0.05,4,1.000e-10,207,-0.765335,0.848511,0.009762,0.000299
logistic,K,3,5,0.05,4,1.000e-10,208,-0.756398,0.846680,-0.010025,0.003784
logistic,K,3,5,0.05,4,1.000e-10,209,-0.764097,0.841187,-0.008045,0.001475
logistic,K,3,5,0.05,4,1.000e-10,210,-0.756866,0.848511,-0.000177,-0.006046
logistic,K,3,5,0.05,4,1.000e-10,211,-0.761045,0.845276,-0.001723,0.005500
logistic,K,3,5,0.05,4,1.000e-10,212,-0.765538,0.843323,-0.003274,0.010924
logistic,K,3,5,0.05,4,1.000e-10,213,-0.757774,0.846558,-0.011822,0.014208
logistic,K,3,5,0.05,4,1.000e-10,214,-0.756149,0.847900,-0.009441,-0.009922
logistic,K,3,5,0.05,4,1.000e-10,215,-0.762375,0.845093,0.008909,0.000758
logistic,K,3,5,0.05,4,1.000e-10,216,-0.763713,0.844055,0.000794,0.004702
logistic,K,3,5,0.05,4,1.000e-10,217,-0.761986,0.844543,-0.001919,0.001577
logistic,K,3,5,0.05,4,1.000e-10,218,-0.761751,0.844299,-0.009498,0.011563
logistic,K,3,5,0.05,4,1.000e-10,219,-0.763339,0.843140,0.000326,0.011879
logistic,K,3,5,0.05,4,1.000e-10,220,-0.758013,0.846863,0.014974,-0.006379
logistic,K,3,5,0.05,4,1.000e-10,221,-0.756453,0.850464,-0.008273,0.002060
logistic,K,3,5,0.05,4,1.000e-10,222,-0.756955,0.846802,-0.004840,-0.001789
logistic,K,3,5,0.05,4,1.000e-10,223,-0.766365,0.842773,-0.000995,0.000396
logistic,K,3,5,0.05,4,1.000e-10,224,-0.763812,0.841675,0.006079,-0.001661
logistic,K,3,5,0.05,4,1.000e-10,225,-0.765263,0.844421,-0.001538,0.008641
logistic,K,3,5,0.05,4,1.000e-10,226,-0.753003,0.850098,-0.004758,-0.003361
logistic,K,3,5,0.05,4,1.000e-10,227,-0.750259,0.851624,-0.014594,-0.002545
logistic,K,3,5,0.05,4,1.000e-10,228,-0.756999,0.847778,-0.004654,-0.003789
logistic,K,3,5,0.05,4,1.000e-10,229,-0.762763,0.842651,-0.001289,0.007477
logistic,K,3,5,0.05,4,1.000e-10,230,-0.762350,0.845459,0.003715,0.001962
logistic,K,3,5,0.05,4,1.000e-10,231,-0.758774,0.847412,0.002211,-0.006660
logistic,K,3,5,0.05,4,1.000e-10,232,-0.756424,0.846924,-0.017662,0.001588
logistic,K,3,5,0.05,4,1.000e-10,233,-0.759743,0.846130,0.008905,-0.002698
logistic,K,3,5,0.05,4,1.000e-10,234,-0.757428,0.848328,-0.004723,-0.003388
logistic,K,3,5,0.05,4,1.000e-10,235,-0.765045,0.844482,0.002356,0.010793
logistic,K,3,5,0.05,4,1.000e-10,236,-0.762077,0.845337,-0.003822,0.008392
logistic,K,3,5,0.05,4,1.000e-10,237,-0.750973,0.849915,0.002355,-0.012546
logistic,K,3,5,0.05,4,1.000e-10,238,-0.760246,0.844910,0.001528,-0.000372
logistic,K,3,5,0.05,4,1.000e-10,239,-0.766777,0.845459,0.005363,0.009487
logistic,K,3,5,0.05,4,1.000e-10,240,-0.761131,0.845215,0.003866,0.001970
logistic,K,3,5,0.05,4,1.000e-10,241,-0.751325,0.847656,-0.006326,-0.009448
logistic,K,3,5,0.05,4,1.000e-10,242,-0.754373,0.850769,0.001886,-0.001676
logistic,K,3,5,0.05,4,1.000e-10,243,-0.758260,0.845398,-0.005492,-0.001266
logistic,K,3,5,0.05,4,1.000e-10,244,-0.752067,0.846069,-0.016535,-0.000105
logistic,K,3,5,0.05,4,1.000e-10,245,-0.765173,0.839722,0.007444,0.009234
logistic,K,3,5,0.05,4,1.000e-10,246,-0.764721,0.841797,0.006903,0.007273
logistic,K,3,5,0.05,4,1.000e-10,247,-0.760622,0.843323,-0.001268,-0.003875
logistic,K,3,5,0.05,4,1.000e-10,248,-0.755506,0.847717,-0.002028,0.003212
logistic,K,3,5,0.05,4,1.000e-10,249,-0.753033,0.849060,0.001262,-0.012334
logistic,K,3,5,0.05,4,1.000e-10,250,-0.754298,0.845276,-0.005767,-0.005212
logistic,K,3,5,0.05,4,1.000e-10,251,-0.759210,0.845703,0.000440,0.003692
logistic,K,3,5,0.05,4,1.000e-10,252,-0.758158,0.846375,-0.010170,0.002070
logistic,K,3,5,0.05,4,1.000e-10,253,-0.761471,0.843018,-0.004981,0.002118
logistic,K,3,5,0.05,4,1.000e-10,254,-0.762358,0.843079,0.002152,0.003639
logistic,K,3,5,0.05,4,1.000e-10,255,-0.761253,0.846741,0.008890,0.000335
logistic,K,3,5,0.05,4,1.000e-10,256,-0.753058,0.851196,-0.016699,-0.001249
logistic,K,3,5,0.05,4,1.000e-10,257,-0.764938,0.843872,0.005453,0.000029
logistic,K,3,5,0.05,4,1.000e-10,258,-0.761210,0.845459,0.003798,-0.010672
logistic,K,3,5,0.05,4,1.000e-10,259,-0.768105,0.844116,0.001350,0.017614
logistic,K,3,5,0.05,4,1.000e-10,260,-0.756498,0.845886,0.001271,-0.009869
logistic,K,3,5,0.05,4,1.000e-10,261,-0.765191,0.845154,-0.005937,0.008533
logistic,K,3,5,0.05,4,1.000e-10,262,-0.770973,0.841492,0.014840,0.001062
logistic,K,3,5,0.05,4,1.000e-10,263,-0.760757,0.847473,0.015835,-0.000276
logistic,K,3,5,0.05,4,1.000e-10,264,-0.750510,0.848206,-0.010035,0.004726
logistic,K,3,5,0.05,4,1.000e-10,265,-0.761556,0.847656,0.007665,-0.005226
logistic,K,3,5,0.05,4,1.000e-10,266,-0.764234,0.841370,0.005544,-0.004184
logistic,K,3,5,0.05,4,1.000e-10,267,-0.757904,0.845581,-0.011027,-0.004273
logistic,K,3,5,0.05,4,1.000e-10,268,-0.765203,0.844849,-0.002090,0.018908
logistic,K,3,5,0.05,4,1.000e-10,269,-0.762967,0.844177,0.009427,0.003907
logistic,K,3,5,0.05,4,1.000e-10,270,-0.766292,0.844055,0.007246,0.002320
logistic,K,3,5,0.05,4,1.000e-10,271,-0.760944,0.845886,0.001721,0.008640
logistic,K,3,5,0.05,4,1.000e-10,272,-0.759801,0.847473,0.004446,-0.005586
logistic,K,3,5,0.05,4,1.000e-10,273,-0.755067,0.850891,0.009350,-0.005880
logistic,K,3,5,0.05,4,1.000e-10,274,-0.759961,0.844604,-0.003575,-0.004035
logistic,K,3,5,0.05,4,1.000e-10,275,-0.768461,0.842285,0.008547,0.003245
logistic,K,3,5,0.05,4,1.000e-10,276,-0.762697,0.841919,0.006623,0.003070
logistic,K,3,5,0.05,4,1.000e-10,277,-0.758026,0.847473,0.003163,-0.002877
logistic,K,3,5,0.05,4,1.000e-10,278,-0.760160,0.842041,-0.008224,0.007289
logistic,K,3,5,0.05,4,1.000e-10,279,-0.767090,0.841858,0.001735,0.000372
logistic,K,3,5,0.05,4,1.000e-10,280,-0.762444,0.846191,0.008315,0.008926
logistic,K,3,5,0.05,4,1.000e-10,281,-0.757200,0.845703,0.008245,-0.009083
logistic,K,3,5,0.05,4,1.000e-10,282,-0.757777,0.846191,-0.005414,0.001707
logistic,K,3,5,0.05,4,1.000e-10,283,-0.759894,0.845642,-0.001065,0.006821
logistic,K,3,5,0.05,4,1.000e-10,284,-0.762215,0.843018,-0.003056,0.005231
logistic,K,3,5,0.05,4,1.000e-10,285,-0.762738,0.845215,0.000780,0.005827
logistic,K,3,5,0.05,4,1.000e-10,286,-0.770903,0.841187,0.009104,0.008533
logistic,K,3,5,0.05,4,1.000e-10,287,-0.760798,0.845642,-0.001009,0.002289
logistic,K,3,5,0.05,4,1.000e-10,288,-0.756232,0.845459,0.000394,-0.008144
logistic,K,3,5,0.05,4,1.000e-10,289,-0.757379,0.844604,-0.004595,-0.005096
logistic,K,3,5,0.05,4,1.000e-10,290,-0.761776,0.846619,0.009927,-0.002961
logistic,K,3,5,0.05,4,1.000e-10,291,-0.764669,0.845215,0.001527,0.006253
logistic,K,3,5,0.05,4,1.000e-10,292,-0.760826,0.843445,-0.007413,0.003382
logistic,K,3,5,0.05,4,1.000e-10,293,-0.759960,0.843384,0.002807,0.009702
logistic,K,3,5,0.05,4,1.000e-10,294,-0.752586,0.848389,-0.005351,-0.007872
logistic,K,3,5,0.05,4,1.000e-10,295,-0.759488,0.844604,-0.002052,-0.003025
logistic,K,3,5,0.05,4,1.000e-10,296,-0.765361,0.843872,0.013468,-0.002742
logistic,K,3,5,0.05,4,1.000e-10,297,-0.761175,0.842407,-0.009242,0.002983
logistic,K,3,5,0.05,4,1.000e-10,298,-0.753983,0.850098,-0.014615,-0.000690
logistic,K,3,5,0.05,4,1.000e-10,299,-0.767150,0.840820,0.003759,0.012060
logistic,K,3,5,0.05,4,1.000e-10,300,-0.757163,0.846313,-0.002174,0.010039
logistic,K,3,5,0.05,4,1.000e-10,301,-0.761371,0.843994,-0.003715,0.009783
logistic,K,3,5,0.05,4,1.000e-10,302,-0.759538,0.844971,-0.006521,0.000931
logistic,K,3,5,0.05,4,1.000e-10,303,-0.756615,0.847168,0.000122,-0.005804
logistic,K,3,5,0.05,4,1.000e-10,304,-0.761918,0.846008,0.013125,-0.002641
logistic,K,3,5,0.05,4,1.000e-10,305,-0.754869,0.847229,-0.008910,-0.002714
logistic,K,3,5,0.05,4,1.000e-10,306,-0.753811,0.850891,0.004454,-0.007387
logistic,K,3,5,0.05,4,1.000e-10,307,-0.756221,0.844360,0.000796,-0.007374
logistic,K,3,5,0.05,4,1.000e-10,308,-0.760712,0.845093,0.004735,0.012396
logistic,K,3,5,0.05,4,1.000e-10,309,-0.757802,0.845276,0.011057,-0.003878
logistic,K,3,5,0.05,4,1.000e-10,310,-0.750596,0.845093,-0.009606,-0.010136
logistic,K,3,5,0.05,4,1.000e-10,311,-0.764434,0.841187,0.011434,-0.002008
logistic,K,3,5,0.05,4,1.000e-10,312,-0.760308,0.845825,0.010295,-0.004444
logistic,K,3,5,0.05,4,1.000e-10,313,-0.760120,0.844666,0.003406,0.001912
logistic,K,3,5,0.05,4,1.000e-10,314,-0.754059,0.848572,-0.008652,-0.000795
logistic,K,3,5,0.05,4,1.000e-10,315,-0.757055,0.845032,-0.008480,0.005986
logistic,K,3,5,0.05,4,1.000e-10,316,-0.754989,0.849487,0.001228,-0.000849
logistic,K,3,5,0.05,4,1.000e-10,317,-0.756357,0.846741,-0.011024,-0.004402
logistic,K,3,5,0.05,4,1.000e-10,318,-0.762030,0.840210,-0.006996,0.005761
logistic,K,3,5,0.05,4,1.000e-10,319,-0.760574,0.849121,-0.000843,0.008055
logistic,K,3,5,0.05,4,1.000e-10,320,-0.759857,0.843750,0.011941,-0.000910
logistic,K,3,5,0.05,4,1.000e-10,321,-0.747493,0.851624,-0.013133,-0.005414
logistic,K,3,5,0.05,4,1.000e-10,322,-0.756915,0.847717,-0.001701,0.005131
logistic,K,3,5,0.05,4,1.000e-10,323,-0.751453,0.849060,-0.002048,-0.007210
logistic,K,3,5,0.05,4,1.000e-10,324,-0.752308,0.849182,-0.013768,-0.007858
logistic,K,3,5,0.05,4,1.000e-10,325,-0.755505,0.846252,-0.011793,-0.003091
logistic,K,3,5,0.05,4,1.000e-10,326,-0.758343,0.846191,0.007345,-0.009070
logistic,K,3,5,0.05,4,1.000e-10,327,-0.766509,0.841492,0.005419,0.013232
logistic,K,3,5,0.05,4,1.000e-10,328,-0.764470,0.844177,-0.001189,0.008631
logistic,K,3,5,0.05,4,1.000e-10,329,-0.761831,0.845886,-0.006420,0.005728
logistic,K,3,5,0.05,4,1.000e-10,330,-0.758305,0.844910,0.001842,-0.003363
logistic,K,3,5,0.05,4,1.000e-10,331,-0.762929,0.844177,0.000230,0.007618
logistic,K,3,5,0.05,4,1.000e-10,332,-0.764033,0.843811,0.013958,0.002292
logistic,K,3,5,0.05,4,1.000e-10,333,-0.759761,0.847839,0.008457,-0.000887
logistic,K,3,5,0.05,4,1.000e-10,334,-0.754033,0.850159,-0.006213,0.002161
logistic,K,3,5,0.05,4,1.000e-10,335,-0.758279,0.844177,-0.004918,0.003075
logistic,K,3,5,0.05,4,1.000e-10,336,-0.763217,0.845398,-0.009687,0.017351
logistic,K,3,5,0.05,4,1.000e-10,337,-0.761370,0.844238,-0.003418,-0.000525
logistic,K,3,5,0.05,4,1.000e-10,338,-0.759726,0.847473,-0.007873,0.004416
logistic,K,3,5,0.05,4,1.000e-10,339,-0.774556,0.840454,0.016401,0.012770
logistic,K,3,5,0.05,4,1.000e-10,340,-0.761551,0.845520,0.004619,-0.007457
logistic,K,3,5,0.05,4,1.000e-10,341,-0.757253,0.846985,-0.000636,-0.000310
logistic,K,3,5,0.05,4,1.000e-10,342,-0.763277,0.844910,0.015725,0.003460
logistic,K,3,5,0.05,4,1.000e-10,343,-0.765173,0.843628,0.009851,0.001898
logistic,K,3,5,0.05,4,1.000e-10,344,-0.761614,0.843994,-0.002311,0.001360
logistic,K,3,5,0.05,4,1.000e-10,345,-0.759995,0.843445,0.005197,0.006921
logistic,K,3,5,0.05,4,1.000e-10,346,-0.757446,0.847961,0.007499,0.000231
logistic,K,3,5,0.05,4,1.000e-10,347,-0.749572,0.850281,0.000467,-0.018727
logistic,K,3,5,0.05,4,1.000e-10,348,-0.755158,0.846252,0.003018,-0.006484
logistic,K,3,5,0.05,4,1.000e-10,349,-0.757928,0.846619,0.006487,0.001297
logistic,K,3,5,0.05,4,1.000e-10,350,-0.756602,0.844849,0.005750,-0.004087
logistic,K,3,5,0.05,4,1.000e-10,351,-0.756716,0.847717,-0.011162,0.013556
logistic,K,3,5,0.05,4,1.000e-10,352,-0.756112,0.848572,-0.002887,0.002299
logistic,K,3,5,0.05,4,1.000e-10,353,-0.764804,0.844055,0.011967,-0.003483
logistic,K,3,5,0.05,4,1.000e-10,354,-0.767412,0.841797,-0.006060,0.016407
logistic,K,3,5,0.05,4,1.000e-10,355,-0.756246,0.846191,0.009519,0.001412
logistic,K,3,5,0.05,4,1.000e-10,356,-0.757221,0.843933,-0.004322,0.002842
logistic,K,3,5,0.05,4,1.000e-10,357,-0.755849,0.851013,0.004241,-0.013266
logistic,K,3,5,0.05,4,1.000e-10,358,-0.765391,0.842407,0.002333,0.009743
logistic,K,3,5,0.05,4,1.000e-10,359,-0.752701,0.849121,-0.013741,-0.014034
logistic,K,3,5,0.05,4,1.000e-10,360,-0.757757,0.848206,-0.003204,0.005150
logistic,K,3,5,0.05,4,1.000e-10,361,-0.755400,0.844543,0.000419,-0.006324
logistic,K,3,5,0.05,4,1.000e-10,362,-0.758777,0.844177,-0.002306,0.003864
logistic,K,3,5,0.05,4,1.000e-10,363,-0.751117,0.849304,-0.001618,-0.002662
logistic,K,3,5,0.05,4,1.000e-10,364,-0.753333,0.848694,0.003136,-0.009371
logistic,K,3,5,0.05,4,1.000e-10,365,-0.757596,0.845337,0.000785,-0.005492
logistic,K,3,5,0.05,4,1.000e-10,366,-0.758941,0.848999,-0.009968,0.005892
logistic,K,3,5,0.05,4,1.000e-10,367,-0.759556,0.849182,0.007167,-0.001035
logistic,K,3,5,0.05,4,1.000e-10,368,-0.759007,0.846069,0.000018,-0.005844
logistic,K,3,5,0.05,4,1.000e-10,369,-0.768953,0.839905,-0.004861,0.013379
logistic,K,3,5,0.05,4,1.000e-10,370,-0.767059,0.843872,0.005985,-0.004779
logistic,K,3,5,0.05,4,1.000e-10,371,-0.768808,0.840271,0.024533,0.001692
logistic,K,3,5,0.05,4,1.000e-10,372,-0.762692,0.847595,-0.001203,0.003707
logistic,K,3,5,0.05,4,1.000e-10,373,-0.762040,0.843689,0.013027,-0.001982
logistic,K,3,5,0.05,4,1.000e-10,374,-0.758244,0.843384,-0.006683,-0.011910
logistic,K,3,5,0.05,4,1.000e-10,375,-0.763608,0.844360,0.009762,0.000277
logistic,K,3,5,0.05,4,1.000e-10,376,-0.749298,0.852478,-0.005741,-0.005542
logistic,K,3,5,0.05,4,1.000e-10,377,-0.745158,0.852234,0.002173,-0.006166
logistic,K,3,5,0.05,4,1.000e-10,378,-0.757450,0.843506,-0.000125,-0.002062
logistic,K,3,5,0.05,4,1.000e-10,379,-0.762304,0.844116,-0.005914,0.010561
logistic,K,3,5,0.05,4,1.000e-10,380,-0.761832,0.848083,0.002021,-0.000324
logistic,K,3,5,0.05,4,1.000e-10,381,-0.758284,0.847229,0.001535,-0.004062
logistic,K,3,5,0.05,4,1.000e-10,382,-0.753937,0.846924,-0.002742,-0.019566
logistic,K,3,5,0.05,4,1.000e-10,383,-0.764354,0.842224,0.007087,0.005291
logistic,K,3,5,0.05,4,1.000e-10,384,-0.758799,0.848999,-0.005817,0.004498
logistic,K,3,5,0.05,4,1.000e-10,385,-0.764367,0.845154,0.001990,-0.000338
logistic,K,3,5,0.05,4,1.000e-10,386,-0.761330,0.841309,-0.003053,0.005213
logistic,K,3,5,0.05,4,1.000e-10,387,-0.759274,0.846130,0.006853,0.001888
logistic,K,3,5,0.05,4,1.000e-10,388,-0.751795,0.850952,0.003172,-0.008678
logistic,K,3,5,0.05,4,1.000e-10,389,-0.752760,0.845581,-0.009074,-0.004498
logistic,K,3,5,0.05,4,1.000e-10,390,-0.755546,0.847168,-0.003833,-0.011983
logistic,K,3,5,0.05,4,1.000e-10,391,-0.767073,0.843201,0.013489,-0.004370
logistic,K,3,5,0.05,4,1.000e-10,392,-0.759752,0.846497,-0.011050,0.008414
logistic,K,3,5,0.05,4,1.000e-10,393,-0.755686,0.849548,0.003504,-0.002296
logistic,K,3,5,0.05,4,1.000e-10,394,-0.760764,0.843750,-0.001438,-0.003469
logistic,K,3,5,0.05,4,1.000e-10,395,-0.758141,0.846802,0.000620,-0.003584
logistic,K,3,5,0.05,4,1.000e-10,396,-0.761467,0.843262,-0.011646,0.004816
logistic,K,3,5,0.05,4,1.000e-10,397,-0.760674,0.846863,0.000381,0.012700
logistic,K,3,5,0.05,4,1.000e-10,398,-0.757182,0.845154,0.016394,-0.003521
logistic,K,3,5,0.05,4,1.000e-10,399,-0.756991,0.847168,-0.001713,0.002665
logistic,K,3,5,0.05,4,1.000e-10,400,-0.758165,0.846558,-0.006359,-0.001068
logistic,K,3,5,0.05,4,1.000e-08,1,-18.491909,0.000000,1.000000,1.000000
logistic,K,3,5,0.05,4,1.000e-08,2,-17.713817,0.000000,1.000000,1.000000
logistic,K,3,5,0.05,4,1.000e-08,3,-17.100629,0.000000,1.000000,1.000000
logistic,K,3,5,0.05,4,1.000e-08,4,-16.512502,0.000000,1.000000,1.000000
logistic,K,3,5,0.05,4,1.000e-08,5,-15.936932,0.000000,1.000000,1.000000
logistic,K,3,5,0.05,4,1.000e-08,6,-15.382918,0.000000,1.000000,1.000000
logistic,K,3,5,0.05,4,1.000e-08,7,-14.823207,0.000000,1.000000,1.000000
logistic,K,3,5,0.05,4,1.000e-08,8,-14.269270,0.000000,1.000000,1.000000
logistic,K,3,5,0.05,4,1.000e-08,9,-13.713535,0.000000,1.000000,1.000000
logistic,K,3,5,0.05,4,1.000e-08,10,-13.159895,0.000000,1.000000,1.000000
logistic,K,3,5,0.05,4,1.000e-08,11,-12.600501,0.000000,1.000000,1.000000
logistic,K,3,5,0.05,4,1.000e-08,12,-12.045406,0.000000,1.000000,1.000000
logistic,K,3,5,0.05,4,1.000e-08,13,-11.487876,0.000000,1.000000,1.000000
logistic,K,3,5,0.05,4,1.000e-08,14,-10.941456,0.000000,1.000000,1.000000
logistic,K,3,5,0.05,4,1.000e-08,15,-10.380058,0.000000,1.000000,1.000000
logistic,K,3,5,0.05,4,1.000e-08,16,-9.833675,0.000000,1.000000,1.000000
logistic,K,3,5,0.05,4,1.000e-08,17,-9.276793,0.000061,1.000000,0.999678
logistic,K,3,5,0.05,4,1.000e-08,18,-8.723244,0.000183,0.999997,0.999030
logistic,K,3,5,0.05,4,1.000e-08,19,-8.168805,0.000366,0.999022,0.999015
logistic,K,3,5,0.05,4,1.000e-08,20,-7.613548,0.000671,0.998678,0.998318
logistic,K,3,5,0.05,4,1.000e-08,21,-7.060591,0.000854,0.998283,0.998282
logistic,K,3,5,0.05,4,1.000e-08,22,-6.494630,0.001770,0.996821,0.995205
logistic,K,3,5,0.05,4,1.000e-08,23,-5.938183,0.003174,0.992884,0.993696
logistic,K,3,5,0.05,4,1.000e-08,24,-5.366884,0.006226,0.986906,0.985251
logistic,K,3,5,0.05,4,1.000e-08,25,-4.791259,0.012451,0.975495,0.968158
logistic,K,3,5,0.05,4,1.000e-08,26,-4.215506,0.023804,0.951590,0.951018
logistic,K,3,5,0.05,4,1.000e-08,27,-3.645647,0.050842,0.929297,0.910880
logistic,K,3,5,0.05,4,1.000e-08,28,-3.081264,0.123535,0.860100,0.844251
logistic,K,3,5,0.05,4,1.000e-08,29,-2.548925,0.230896,0.780089,0.740972
logistic,K,3,5,0.05,4,1.000e-08,30,-2.075868,0.370605,0.659040,0.600646
logistic,K,3,5,0.05,4,1.000e-08,31,-1.685650,0.493225,0.524142,0.454958
logistic,K,3,5,0.05,4,1.000e-08,32,-1.379840,0.603821,0.384907,0.317752
logistic,K,3,5,0.05,4,1.000e-08,33,-1.162651,0.684143,0.274951,0.217364
logistic,K,3,5,0.05,4,1.000e-08,34,-1.012507,0.744812,0.187320,0.136234
logistic,K,3,5,0.05,4,1.000e-08,35,-0.907239,0.783936,0.110795,0.090153
logistic,K,3,5,0.05,4,1.000e-08,36,-0.854012,0.803589,0.070193,0.051442
logistic,K,3,5,0.05,4,1.000e-08,37,-0.810960,0.823120,0.043476,0.032150
logistic,K,3,5,0.05,4,1.000e-08,38,-0.786391,0.835510,0.030215,0.019121
logistic,K,3,5,0.05,4,1.000e-08,39,-0.772098,0.839172,0.012877,-0.000234
logistic,K,3,5,0.05,4,1.000e-08,40,-0.765554,0.845093,0.009268,0.002998
logistic,K,3,5,0.05,4,1.000e-08,41,-0.758501,0.846863,0.011433,-0.002370
logistic,K,3,5,0.05,4,1.000e-08,42,-0.755060,0.846497,0.002658,-0.005296
logistic,K,3,5,0.05,4,1.000e-08,43,-0.760611,0.845398,0.008469,-0.009291
logistic,K,3,5,0.05,4,1.000e-08,44,-0.769715,0.842590,-0.002975,0.005973
logistic,K,3,5,0.05,4,1.000e-08,45,-0.773309,0.840210,0.005719,0.019911
logistic,K,3,5,0.05,4,1.000e-08,46,-0.769977,0.841553,0.001027,0.017177
logistic,K,3,5,0.05,4,1.000e-08,47,-0.767186,0.842590,-0.003863,0.010252
logistic,K,3,5,0.05,4,1.000e-08,48,-0.768823,0.842468,0.009756,0.007646
logistic,K,3,5,0.05,4,1.000e-08,49,-0.755869,0.847595,-0.003979,-0.002456
logistic,K,3,5,0.05,4,1.000e-08,50,-0.759881,0.846802,0.003698,-0.005363
logistic,K,3,5,0.05,4,1.000e-08,51,-0.763643,0.844299,0.006190,0.005928
logistic,K,3,5,0.05,4,1.000e-08,52,-0.763590,0.843384,0.007519,0.000450
logistic,K,3,5,0.05,4,1.000e-08,53,-0.761375,0.844788,0.001218,0.001976
logistic,K,3,5,0.05,4,1.000e-08,54,-0.763873,0.840881,0.003196,0.004232
logistic,K,3,5,0.05,4,1.000e-08,55,-0.759737,0.845947,-0.000560,-0.002084
logistic,K,3,5,0.05,4,1.000e-08,56,-0.760080,0.844543,0.001617,0.011625
logistic,K,3,5,0.05,4,1.000e-08,57,-0.750333,0.849731,-0.007400,0.001781
logistic,K,3,5,0.05,4,1.000e-08,58,-0.760274,0.843323,-0.001477,0.001940
logistic,K,3,5,0.05,4,1.000e-08,59,-0.761331,0.844604,0.002853,-0.001379
logistic,K,3,5,0.05,4,1.000e-08,60,-0.757172,0.847839,-0.008588,0.002979
logistic,K,3,5,0.05,4,1.000e-08,61,-0.756412,0.846558,-0.007646,-0.017845
logistic,K,3,5,0.05,4,1.000e-08,62,-0.763376,0.845703,0.010517,-0.002049
logistic,K,3,5,0.05,4,1.000e-08,63,-0.762387,0.843933,0.005178,-0.002802
logistic,K,3,5,0.05,4,1.000e-08,64,-0.760645,0.848572,-0.001173,-0.000330
logistic,K,3,5,0.05,4,1.000e-08,65,-0.764706,0.843384,-0.010265,0.012556
logistic,K,3,5,0.05,4,1.000e-08,66,-0.762519,0.846619,0.002703,0.015254
logistic,K,3,5,0.05,4,1.000e-08,67,-0.758536,0.846619,-0.002946,0.002389
logistic,K,3,5,0.05,4,1.000e-08,68,-0.761848,0.844360,0.006088,-0.000330
logistic,K,3,5,0.05,4,1.000e-08,69,-0.767203,0.841125,0.009845,0.002614
logistic,K,3,5,0.05,4,1.000e-08,70,-0.761259,0.843994,0.000045,-0.006807
logistic,K,3,5,0.05,4,1.000e-08,71,-0.755195,0.850159,-0.004299,-0.004899
logistic,K,3,5,0.05,4,1.000e-08,72,-0.745652,0.853455,-0.009025,-0.011873
logistic,K,3,5,0.05,4,1.000e-08,73,-0.762440,0.842712,-0.006497,0.013684
logistic,K,3,5,0.05,4,1.000e-08,74,-0.762580,0.845032,0.005895,0.012551
logistic,K,3,5,0.05,4,1.000e-08,75,-0.768654,0.842712,-0.003428,0.014178
logistic,K,3,5,0.05,4,1.000e-08,76,-0.759558,0.844604,-0.003209,-0.006283
logistic,K,3,5,0.05,4,1.000e-08,77,-0.757822,0.847473,-0.001112,0.001077
logistic,K,3,5,0.05,4,1.000e-08,78,-0.761173,0.849426,0.000983,0.004088
logistic,K,3,5,0.05,4,1.000e-08,79,-0.770763,0.839661,0.006182,0.000024
logistic,K,3,5,0.05,4,1.000e-08,80,-0.769066,0.842590,0.002948,0.006751
logistic,K,3,5,0.05,4,1.000e-08,81,-0.760086,0.843994,-0.006392,0.002715
logistic,K,3,5,0.05,4,1.000e-08,82,-0.762099,0.845947,-0.004039,0.004030
logistic,K,3,5,0.05,4,1.000e-08,83,-0.756684,0.847168,-0.005094,-0.005335
logistic,K,3,5,0.05,4,1.000e-08,84,-0.764802,0.843262,-0.006237,0.014889
logistic,K,3,5,0.05,4,1.000e-08,85,-0.764000,0.844421,0.010719,-0.001667
logistic,K,3,5,0.05,4,1.000e-08,86,-0.766927,0.839233,0.005085,-0.001333
logistic,K,3,5,0.05,4,1.000e-08,87,-0.761252,0.844543,0.006030,0.006509
logistic,K,3,5,0.05,4,1.000e-08,88,-0.759463,0.847107,0.009577,0.002471
logistic,K,3,5,0.05,4,1.000e-08,89,-0.751013,0.849609,0.000465,-0.010169
logistic,K,3,5,0.05,4,1.000e-08,90,-0.758024,0.846436,-0.001165,0.000725
logistic,K,3,5,0.05,4,1.000e-08,91,-0.760950,0.844849,0.002943,0.000033
logistic,K,3,5,0.05,4,1.000e-08,92,-0.767106,0.842163,0.015189,0.003430
logistic,K,3,5,0.05,4,1.000e-08,93,-0.762573,0.845764,-0.004734,0.007683
logistic,K,3,5,0.05,4,1.000e-08,94,-0.764200,0.843018,0.003881,0.004776
logistic,K,3,5,0.05,4,1.000e-08,95,-0.755975,0.847412,-0.003180,-0.004580
logistic,K,3,5,0.05,4,1.000e-08,96,-0.760129,0.846558,0.003966,-0.011371
logistic,K,3,5,0.05,4,1.000e-08,97,-0.758301,0.851440,-0.001066,-0.006709
logistic,K,3,5,0.05,4,1.000e-08,98,-0.762187,0.845520,0.005425,-0.002167
logistic,K,3,5,0.05,4,1.000e-08,99,-0.761837,0.844360,0.003861,0.001931
logistic,K,3,5,0.05,4,1.000e-08,100,-0.768676,0.839539,-0.003936,0.014285
logistic,K,3,5,0.05,4,1.000e-08,101,-0.764998,0.843079,0.002377,0.012945
logistic,K,3,5,0.05,4,1.000e-08,102,-0.755561,0.848999,-0.001207,0.003667
logistic,K,3,5,0.05,4,1.000e-08,103,-0.751308,0.851868,-0.010941,-0.014052
logistic,K,3,5,0.05,4,1.000e-08,104,-0.762242,0.843323,0.012053,-0.004020
logistic,K,3,5,0.05,4,1.000e-08,105,-0.763370,0.843750,-0.004091,0.020683
logistic,K,3,5,0.05,4,1.000e-08,106,-0.758713,0.848267,0.001794,0.004579
logistic,K,3,5,0.05,4,1.000e-08,107,-0.760623,0.843628,0.010097,-0.014934
logistic,K,3,5,0.05,4,1.000e-08,108,-0.756162,0.844666,-0.006734,-0.000092
logistic,K,3,5,0.05,4,1.000e-08,109,-0.753733,0.847900,-0.008195,0.005380
logistic,K,3,5,0.05,4,1.000e-08,110,-0.749580,0.853516,-0.008660,0.002783
logistic,K,3,5,0.05,4,1.000e-08,111,-0.748863,0.851746,-0.005953,-0.005454
logistic,K,3,5,0.05,4,1.000e-08,112,-0.758579,0.845032,-0.010439,0.010300
logistic,K,3,5,0.05,4,1.000e-08,113,-0.757692,0.848022,0.002530,-0.009208
logistic,K,3,5,0.05,4,1.000e-08,114,-0.757132,0.847046,-0.008378,0.004561
logistic,K,3,5,0.05,4,1.000e-08,115,-0.751817,0.846436,-0.008485,-0.018779
logistic,K,3,5,0.05,4,1.000e-08,116,-0.764762,0.846741,0.013106,0.004795
logistic,K,3,5,0.05,4,1.000e-08,117,-0.758576,0.848022,-0.002556,-0.003285
logistic,K,3,5,0.05,4,1.000e-08,118,-0.765987,0.844666,0.007849,0.020338
logistic,K,3,5,0.05,4,1.000e-08,119,-0.756989,0.846436,-0.003223,-0.004538
logistic,K,3,5,0.05,4,1.000e-08,120,-0.760278,0.845886,-0.005694,0.005334
logistic,K,3,5,0.05,4,1.000e-08,121,-0.759675,0.845154,0.002514,-0.004773
logistic,K,3,5,0.05,4,1.000e-08,122,-0.761551,0.845337,0.007764,0.003085
logistic,K,3,5,0.05,4,1.000e-08,123,-0.756912,0.847961,0.004323,-0.001540
logistic,K,3,5,0.05,4,1.000e-08,124,-0.754780,0.847595,0.002535,-0.005723
logistic,K,3,5,0.05,4,1.000e-08,125,-0.750066,0.849304,-0.009003,-0.012663
logistic,K,3,5,0.05,4,1.000e-08,126,-0.757099,0.847961,-0.004984,-0.008165
logistic,K,3,5,0.05,4,1.000e-08,127,-0.765181,0.847351,0.000853,-0.000508
logistic,K,3,5,0.05,4,1.000e-08,128,-0.768910,0.841919,0.009754,0.002170
logistic,K,3,5,0.05,4,1.000e-08,129,-0.758255,0.844788,0.003161,-0.010906
logistic,K,3,5,0.05,4,1.000e-08,130,-0.759020,0.848633,0.012327,-0.009317
logistic,K,3,5,0.05,4,1.000e-08,131,-0.753780,0.847961,-0.005200,-0.007158
logistic,K,3,5,0.05,4,1.000e-08,132,-0.753090,0.849609,-0.002538,-0.004342
logistic,K,3,5,0.05,4,1.000e-08,133,-0.745842,0.849670,-0.024775,0.002086
logistic,K,3,5,0.05,4,1.000e-08,134,-0.747733,0.856445,-0.002014,-0.005662
logistic,K,3,5,0.05,4,1.000e-08,135,-0.755521,0.849731,0.006136,-0.009995
logistic,K,3,5,0.05,4,1.000e-08,136,-0.751750,0.848572,-0.006167,-0.007936
logistic,K,3,5,0.05,4,1.000e-08,137,-0.757621,0.844604,-0.007490,-0.002951
logistic,K,3,5,0.05,4,1.000e-08,138,-0.770084,0.838928,0.001470,0.022244
logistic,K,3,5,0.05,4,1.000e-08,139,-0.762866,0.843933,0.004844,0.002301
logistic,K,3,5,0.05,4,1.000e-08,140,-0.756292,0.848450,0.003682,-0.004153
logistic,K,3,5,0.05,4,1.000e-08,141,-0.756247,0.849060,0.004020,-0.016141
logistic,K,3,5,0.05,4,1.000e-08,142,-0.759212,0.848450,-0.005177,0.006688
logistic,K,3,5,0.05,4,1.000e-08,143,-0.762021,0.846619,-0.001834,0.008407
logistic,K,3,5,0.05,4,1.000e-08,144,-0.766080,0.843079,0.017682,-0.006051
logistic,K,3,5,0.05,4,1.000e-08,145,-0.760053,0.845886,0.008255,-0.013382
logistic,K,3,5,0.05,4,1.000e-08,146,-0.757030,0.844177,-0.008663,0.002709
logistic,K,3,5,0.05,4,1.000e-08,147,-0.765553,0.843994,0.010683,0.012121
logistic,K,3,5,0.05,4,1.000e-08,148,-0.765107,0.843018,0.005079,0.005659
logistic,K,3,5,0.05,4,1.000e-08,149,-0.765845,0.843140,0.003463,0.006505
logistic,K,3,5,0.05,4,1.000e-08,150,-0.758414,0.846130,-0.006855,0.004697
logistic,K,3,5,0.05,4,1.000e-08,151,-0.758900,0.847107,0.006645,0.001172
logistic,K,3,5,0.05,4,1.000e-08,152,-0.764596,0.846436,0.001817,0.010256
logistic,K,3,5,0.05,4,1.000e-08,153,-0.753711,0.845764,-0.001374,-0.010478
logistic,K,3,5,0.05,4,1.000e-08,154,-0.755280,0.849548,0.012612,-0.007528
logistic,K,3,5,0.05,4,1.000e-08,155,-0.763231,0.843445,-0.001228,0.013747
logistic,K,3,5,0.05,4,1.000e-08,156,-0.755808,0.848267,0.009773,-0.005997
logistic,K,3,5,0.05,4,1.000e-08,157,-0.760561,0.842957,0.009875,-0.002891
logistic,K,3,5,0.05,4,1.000e-08,158,-0.758084,0.844116,-0.003942,-0.006331
logistic,K,3,5,0.05,4,1.000e-08,159,-0.760564,0.844604,0.001911,0.000131
logistic,K,3,5,0.05,4,1.000e-08,160,-0.761749,0.845154,-0.005314,-0.002562
logistic,K,3,5,0.05,4,1.000e-08,161,-0.758821,0.844849,-0.007221,-0.010013
logistic,K,3,5,0.05,4,1.000e-08,162,-0.767485,0.842468,0.010430,-0.000417
logistic,K,3,5,0.05,4,1.000e-08,163,-0.769381,0.842896,0.013927,0.001966
logistic,K,3,5,0.05,4,1.000e-08,164,-0.764542,0.844971,0.007880,-0.003388
logistic,K,3,5,0.05,4,1.000e-08,165,-0.764423,0.849854,0.006480,0.016409
logistic,K,3,5,0.05,4,1.000e-08,166,-0.747310,0.850708,-0.004365,-0.013474
logistic,K,3,5,0.05,4,1.000e-08,167,-0.748462,0.850220,-0.007929,-0.012633
logistic,K,3,5,0.05,4,1.000e-08,168,-0.758738,0.846558,-0.006729,-0.001323
logistic,K,3,5,0.05,4,1.000e-08,169,-0.766891,0.839966,0.006835,0.004040
logistic,K,3,5,0.05,4,1.000e-08,170,-0.759942,0.844177,0.000871,0.001840
logistic,K,3,5,0.05,4,1.000e-08,171,-0.757893,0.842712,-0.001505,-0.018178
logistic,K,3,5,0.05,4,1.000e-08,172,-0.764527,0.843994,0.000817,0.021618
logistic,K,3,5,0.05,4,1.000e-08,173,-0.762393,0.841675,0.002376,-0.000497
logistic,K,3,5,0.05,4,1.000e-08,174,-0.752061,0.849609,-0.000981,-0.005924
logistic,K,3,5,0.05,4,1.000e-08,175,-0.758645,0.846008,-0.000184,0.007390
logistic,K,3,5,0.05,4,1.000e-08,176,-0.760940,0.846802,-0.000367,0.003979
logistic,K,3,5,0.05,4,1.000e-08,177,-0.765820,0.845520,0.007761,0.005972
logistic,K,3,5,0.05,4,1.000e-08,178,-0.754941,0.847290,-0.010236,-0.005690
logistic,K,3,5,0.05,4,1.000e-08,179,-0.754708,0.848267,-0.004990,-0.002465
logistic,K,3,5,0.05,4,1.000e-08,180,-0.755439,0.847717,-0.003075,-0.012599
logistic,K,3,5,0.05,4,1.000e-08,181,-0.754982,0.849731,0.001829,0.002608
logistic,K,3,5,0.05,4,1.000e-08,182,-0.765298,0.843262,0.010709,0.008012
logistic,K,3,5,0.05,4,1.000e-08,183,-0.763666,0.845154,0.003124,0.001230
logistic,K,3,5,0.05,4,1.000e-08,184,-0.761684,0.846436,-0.001547,0.005503
logistic,K,3,5,0.05,4,1.000e-08,185,-0.754103,0.845520,-0.009707,-0.001111
logistic,K,3,5,0.05,4,1.000e-08,186,-0.755665,0.846863,-0.017306,-0.001203
logistic,K,3,5,0.05,4,1.000e-08,187,-0.763771,0.843506,0.004128,0.007286
logistic,K,3,5,0.05,4,1.000e-08,188,-0.756182,0.846252,-0.001202,-0.012690
logistic,K,3,5,0.05,4,1.000e-08,189,-0.768036,0.842651,0.001321,0.010957
logistic,K,3,5,0.05,4,1.000e-08,190,-0.769085,0.841797,0.008095,0.009859
logistic,K,3,5,0.05,4,1.000e-08,191,-0.767865,0.840759,0.006735,0.005496
logistic,K,3,5,0.05,4,1.000e-08,192,-0.772095,0.839844,0.017323,0.003036
logistic,K,3,5,0.05,4,1.000e-08,193,-0.768198,0.840210,0.010626,0.012192
logistic,K,3,5,0.05,4,1.000e-08,194,-0.766413,0.843140,-0.001133,0.004658
logistic,K,3,5,0.05,4,1.000e-08,195,-0.770869,0.841858,-0.002626,0.014081
logistic,K,3,5,0.05,4,1.000e-08,196,-0.760922,0.843994,-0.000827,0.002451
logistic,K,3,5,0.05,4,1.000e-08,197,-0.763251,0.844238,0.004479,0.004912
logistic,K,3,5,0.05,4,1.000e-08,198,-0.764452,0.841370,0.015864,-0.007952
logistic,K,3,5,0.05,4,1.000e-08,199,-0.756469,0.849792,0.000956,-0.007769
logistic,K,3,5,0.05,4,1.000e-08,200,-0.758605,0.845520,0.000457,0.005103
logistic,K,3,5,0.05,4,1.000e-08,201,-0.753289,0.849365,0.002182,-0.013965
logistic,K,3,5,0.05,4,1.000e-08,202,-0.759392,0.846619,0.006670,-0.009878
logistic,K,3,5,0.05,4,1.000e-08,203,-0.753423,0.848999,-0.010464,0.000543
logistic,K,3,5,0.05,4,1.000e-08,204,-0.755626,0.847107,-0.001500,-0.004344
logistic,K,3,5,0.05,4,1.000e-08,205,-0.756000,0.843201,-0.007800,0.004936
logistic,K,3,5,0.05,4,1.000e-08,206,-0.757306,0.847778,-0.002396,0.002894
logistic,K,3,5,0.05,4,1.000e-08,207,-0.757128,0.846008,-0.004023,-0.000839
logistic,K,3,5,0.05,4,1.000e-08,208,-0.754303,0.845276,-0.006179,-0.007455
logistic,K,3,5,0.05,4,1.000e-08,209,-0.765526,0.843994,0.010802,0.009009
logistic,K,3,5,0.05,4,1.000e-08,210,-0.754042,0.848572,-0.009886,-0.006572
logistic,K,3,5,0.05,4,1.000e-08,211,-0.752965,0.850464,-0.016734,-0.001007
logistic,K,3,5,0.05,4,1.000e-08,212,-0.759222,0.847473,0.006936,-0.000481
logistic,K,3,5,0.05,4,1.000e-08,213,-0.756227,0.848572,-0.005499,0.000160
logistic,K,3,5,0.05,4,1.000e-08,214,-0.759064,0.846313,-0.002514,-0.000498
logistic,K,3,5,0.05,4,1.000e-08,215,-0.756470,0.849731,0.010022,0.002915
logistic,K,3,5,0.05,4,1.000e-08,216,-0.753966,0.847473,-0.009879,0.002298
logistic,K,3,5,0.05,4,1.000e-08,217,-0.750124,0.849304,0.001721,-0.029802
logistic,K,3,5,0.05,4,1.000e-08,218,-0.754432,0.848328,0.003620,-0.002598
logistic,K,3,5,0.05,4,1.000e-08,219,-0.748785,0.853516,-0.013990,0.002286
logistic,K,3,5,0.05,4,1.000e-08,220,-0.756186,0.844727,-0.006145,-0.002563
logistic,K,3,5,0.05,4,1.000e-08,221,-0.755927,0.845276,-0.006745,-0.001244
logistic,K,3,5,0.05,4,1.000e-08,222,-0.756645,0.848450,0.008681,-0.003565
logistic,K,3,5,0.05,4,1.000e-08,223,-0.755634,0.848999,0.010560,-0.005379
logistic,K,3,5,0.05,4,1.000e-08,224,-0.760570,0.845154,-0.001238,-0.004117
logistic,K,3,5,0.05,4,1.000e-08,225,-0.768383,0.844604,0.001117,0.005743
logistic,K,3,5,0.05,4,1.000e-08,226,-0.765291,0.840271,0.008668,-0.004780
logistic,K,3,5,0.05,4,1.000e-08,227,-0.764054,0.842041,-0.001366,0.011975
logistic,K,3,5,0.05,4,1.000e-08,228,-0.768422,0.842163,0.009250,0.009026
logistic,K,3,5,0.05,4,1.000e-08,229,-0.764292,0.842163,0.008231,-0.003794
logistic,K,3,5,0.05,4,1.000e-08,230,-0.757618,0.842957,-0.003842,-0.008550
logistic,K,3,5,0.05,4,1.000e-08,231,-0.770007,0.842712,0.012071,0.011070
logistic,K,3,5,0.05,4,1.000e-08,232,-0.754540,0.848328,-0.000802,0.001816
logistic,K,3,5,0.05,4,1.000e-08,233,-0.747093,0.850464,-0.020948,-0.005708
logistic,K,3,5,0.05,4,1.000e-08,234,-0.751828,0.850891,-0.008101,-0.008292
logistic,K,3,5,0.05,4,1.000e-08,235,-0.761459,0.846252,-0.005892,0.011339
logistic,K,3,5,0.05,4,1.000e-08,236,-0.760247,0.845947,-0.002754,0.008828
logistic,K,3,5,0.05,4,1.000e-08,237,-0.764856,0.841309,0.010997,0.005467
logistic,K,3,5,0.05,4,1.000e-08,238,-0.760177,0.843872,0.007738,-0.007423
logistic,K,3,5,0.05,4,1.000e-08,239,-0.767825,0.842102,0.018592,-0.000551
logistic,K,3,5,0.05,4,1.000e-08,240,-0.758169,0.844604,0.001214,-0.002037
logistic,K,3,5,0.05,4,1.000e-08,241,-0.750932,0.848694,-0.009638,-0.006350
logistic,K,3,5,0.05,4,1.000e-08,242,-0.757107,0.844666,-0.010243,-0.003197
logistic,K,3,5,0.05,4,1.000e-08,243,-0.760106,0.847107,-0.003451,0.003062
logistic,K,3,5,0.05,4,1.000e-08,244,-0.759114,0.847534,-0.017489,-0.000631
logistic,K,3,5,0.05,4,1.000e-08,245,-0.757193,0.846985,-0.005899,0.011183
logistic,K,3,5,0.05,4,1.000e-08,246,-0.765394,0.838928,0.006750,-0.001193
logistic,K,3,5,0.05,4,1.000e-08,247,-0.765481,0.842896,-0.006495,0.012216
logistic,K,3,5,0.05,4,1.000e-08,248,-0.760817,0.849487,0.008426,0.012279
logistic,K,3,5,0.05,4,1.000e-08,249,-0.754511,0.845825,-0.008994,-0.000991
logistic,K,3,5,0.05,4,1.000e-08,250,-0.756378,0.846252,-0.004100,-0.003841
logistic,K,3,5,0.05,4,1.000e-08,251,-0.751012,0.847351,-0.011518,-0.005478
logistic,K,3,5,0.05,4,1.000e-08,252,-0.752760,0.850586,-0.011683,-0.005773
logistic,K,3,5,0.05,4,1.000e-08,253,-0.768216,0.841980,0.004811,0.007466
logistic,K,3,5,0.05,4,1.000e-08,254,-0.767044,0.843628,0.004817,-0.000887
logistic,K,3,5,0.05,4,1.000e-08,255,-0.757378,0.847412,0.002189,-0.003950
logistic,K,3,5,0.05,4,1.000e-08,256,-0.748475,0.852783,-0.015191,-0.002599
logistic,K,3,5,0.05,4,1.000e-08,257,-0.756987,0.848633,-0.009778,0.004809
logistic,K,3,5,0.05,4,1.000e-08,258,-0.758830,0.844543,-0.004388,-0.001488
logistic,K,3,5,0.05,4,1.000e-08,259,-0.757791,0.847046,-0.011046,0.004945
logistic,K,3,5,0.05,4,1.000e-08,260,-0.767583,0.840942,0.003497,0.009093
logistic,K,3,5,0.05,4,1.000e-08,261,-0.764415,0.842041,0.004224,0.006796
logistic,K,3,5,0.05,4,1.000e-08,262,-0.757546,0.845764,0.007620,-0.000917
logistic,K,3,5,0.05,4,1.000e-08,263,-0.754746,0.846802,-0.001688,0.002525
logistic,K,3,5,0.05,4,1.000e-08,264,-0.749007,0.851501,-0.012482,-0.002121
logistic,K,3,5,0.05,4,1.000e-08,265,-0.759436,0.845276,0.001550,0.001966
logistic,K,3,5,0.05,4,1.000e-08,266,-0.761476,0.846863,0.001376,-0.003451
logistic,K,3,5,0.05,4,1.000e-08,267,-0.761864,0.845215,0.000323,0.010579
logistic,K,3,5,0.05,4,1.000e-08,268,-0.762879,0.846130,0.006266,0.004436
logistic,K,3,5,0.05,4,1.000e-08,269,-0.758045,0.845032,0.002690,0.000479
logistic,K,3,5,0.05,4,1.000e-08,270,-0.761052,0.845825,-0.008562,0.006059
logistic,K,3,5,0.05,4,1.000e-08,271,-0.760603,0.843933,-0.004800,0.002014
logistic,K,3,5,0.05,4,1.000e-08,272,-0.768619,0.845703,0.003954,0.011072
logistic,K,3,5,0.05,4,1.000e-08,273,-0.762951,0.844666,-0.010434,0.003358
logistic,K,3,5,0.05,4,1.000e-08,274,-0.764323,0.842773,0.000538,0.002989
logistic,K,3,5,0.05,4,1.000e-08,275,-0.765277,0.843140,0.009858,0.001154
logistic,K,3,5,0.05,4,1.000e-08,276,-0.756226,0.846558,-0.000468,-0.002598
logistic,K,3,5,0.05,4,1.000e-08,277,-0.755379,0.851257,0.005652,0.008371
logistic,K,3,5,0.05,4,1.000e-08,278,-0.760827,0.847595,0.003083,0.006979
logistic,K,3,5,0.05,4,1.000e-08,279,-0.756969,0.846741,0.000234,-0.004465
logistic,K,3,5,0.05,4,1.000e-08,280,-0.755043,0.846619,-0.002758,-0.019352
logistic,K,3,5,0.05,4,1.000e-08,281,-0.758356,0.846497,-0.006449,0.008974
logistic,K,3,5,0.05,4,1.000e-08,282,-0.757090,0.848755,-0.001243,-0.000930
logistic,K,3,5,0.05,4,1.000e-08,283,-0.752766,0.845215,-0.009003,-0.010650
logistic,K,3,5,0.05,4,1.000e-08,284,-0.752619,0.848511,-0.002055,-0.005850
logistic,K,3,5,0.05,4,1.000e-08,285,-0.754904,0.847717,0.002095,-0.014382
logistic,K,3,5,0.05,4,1.000e-08,286,-0.754377,0.845947,-0.007873,-0.006297
logistic,K,3,5,0.05,4,1.000e-08,287,-0.761718,0.845093,0.000936,0.002803
logistic,K,3,5,0.05,4,1.000e-08,288,-0.760531,0.845032,0.003673,-0.002710
logistic,K,3,5,0.05,4,1.000e-08,289,-0.762122,0.844543,0.001624,0.009573
logistic,K,3,5,0.05,4,1.000e-08,290,-0.761917,0.846741,0.004799,-0.000835
logistic,K,3,5,0.05,4,1.000e-08,291,-0.756872,0.847839,0.004725,-0.020230
logistic,K,3,5,0.05,4,1.000e-08,292,-0.758540,0.848999,0.000710,0.005114
logistic,K,3,5,0.05,4,1.000e-08,293,-0.760006,0.846008,-0.010516,0.015583
logistic,K,3,5,0.05,4,1.000e-08,294,-0.755994,0.849426,-0.017286,0.007305
logistic,K,3,5,0.05,4,1.000e-08,295,-0.760790,0.845581,-0.007655,0.011391
logistic,K,3,5,0.05,4,1.000e-08,296,-0.756821,0.846619,0.003247,-0.008330
logistic,K,3,5,0.05,4,1.000e-08,297,-0.754937,0.848083,-0.004970,-0.005312
logistic,K,3,5,0.05,4,1.000e-08,298,-0.762863,0.844482,0.000875,0.001957
logistic,K,3,5,0.05,4,1.000e-08,299,-0.759588,0.846375,-0.002803,-0.003440
logistic,K,3,5,0.05,4,1.000e-08,300,-0.756769,0.848755,-0.006069,-0.004629
logistic,K,3,5,0.05,4,1.000e-08,301,-0.760557,0.847778,-0.013559,0.006469
logistic,K,3,5,0.05,4,1.000e-08,302,-0.758537,0.846436,0.005714,-0.006631
logistic,K,3,5,0.05,4,1.000e-08,303,-0.758500,0.842468,0.003493,-0.001505
logistic,K,3,5,0.05,4,1.000e-08,304,-0.759693,0.843567,-0.010039,0.008686
logistic,K,3,5,0.05,4,1.000e-08,305,-0.758086,0.845764,-0.009150,0.003538
logistic,K,3,5,0.05,4,1.000e-08,306,-0.761644,0.846130,0.004308,0.002609
logistic,K,3,5,0.05,4,1.000e-08,307,-0.760214,0.844604,-0.013047,0.006036
logistic,K,3,5,0.05,4,1.000e-08,308,-0.761066,0.846558,0.003735,-0.004146
logistic,K,3,5,0.05,4,1.000e-08,309,-0.770529,0.843262,0.018598,0.003588
logistic,K,3,5,0.05,4,1.000e-08,310,-0.773089,0.838806,0.012100,0.008250
logistic,K,3,5,0.05,4,1.000e-08,311,-0.764549,0.841125,0.001319,0.003526
logistic,K,3,5,0.05,4,1.000e-08,312,-0.762925,0.841675,0.002249,0.005640
logistic,K,3,5,0.05,4,1.000e-08,313,-0.759382,0.846191,-0.002833,0.016075
logistic,K,3,5,0.05,4,1.000e-08,314,-0.757521,0.844299,0.011239,-0.007614
logistic,K,3,5,0.05,4,1.000e-08,315,-0.750929,0.848083,-0.000580,-0.005046
logistic,K,3,5,0.05,4,1.000e-08,316,-0.761162,0.844055,-0.001899,-0.003484
logistic,K,3,5,0.05,4,1.000e-08,317,-0.754166,0.846130,-0.008986,-0.009533
logistic,K,3,5,0.05,4,1.000e-08,318,-0.764804,0.844360,0.015326,0.000762
logistic,K,3,5,0.05,4,1.000e-08,319,-0.758280,0.847290,-0.000876,-0.000486
logistic,K,3,5,0.05,4,1.000e-08,320,-0.761307,0.845398,0.001956,0.001869
logistic,K,3,5,0.05,4,1.000e-08,321,-0.762127,0.846375,0.008572,-0.003473
logistic,K,3,5,0.05,4,1.000e-08,322,-0.763513,0.845398,0.003481,0.004933
logistic,K,3,5,0.05,4,1.000e-08,323,-0.757692,0.844238,0.011793,-0.008010
logistic,K,3,5,0.05,4,1.000e-08,324,-0.756959,0.847290,0.000646,0.007154
logistic,K,3,5,0.05,4,1.000e-08,325,-0.756523,0.847656,0.003930,-0.001604
logistic,K,3,5,0.05,4,1.000e-08,326,-0.754417,0.847839,-0.000217,-0.007523
logistic,K,3,5,0.05,4,1.000e-08,327,-0.756182,0.846741,-0.002435,-0.011203
logistic,K,3,5,0.05,4,1.000e-08,328,-0.759869,0.846252,0.017412,-0.004357
logistic,K,3,5,0.05,4,1.000e-08,329,-0.758641,0.848206,0.006768,0.005177
logistic,K,3,5,0.05,4,1.000e-08,330,-0.761560,0.843872,-0.004939,0.012322
logistic,K,3,5,0.05,4,1.000e-08,331,-0.751055,0.848877,-0.014009,-0.004580
logistic,K,3,5,0.05,4,1.000e-08,332,-0.764781,0.846191,0.002970,0.006759
logistic,K,3,5,0.05,4,1.000e-08,333,-0.759809,0.844482,0.002840,-0.004535
logistic,K,3,5,0.05,4,1.000e-08,334,-0.762044,0.846191,0.010017,-0.010530
logistic,K,3,5,0.05,4,1.000e-08,335,-0.761338,0.844299,0.009644,-0.008729
logistic,K,3,5,0.05,4,1.000e-08,336,-0.754922,0.850830,-0.006197,0.002311
logistic,K,3,5,0.05,4,1.000e-08,337,-0.748838,0.852539,-0.010675,-0.010634
logistic,K,3,5,0.05,4,1.000e-08,338,-0.758192,0.845825,0.001544,-0.002581
logistic,K,3,5,0.05,4,1.000e-08,339,-0.754130,0.847534,-0.002024,-0.002087
logistic,K,3,5,0.05,4,1.000e-08,340,-0.766137,0.843872,0.009945,-0.000334
logistic,K,3,5,0.05,4,1.000e-08,341,-0.760412,0.843933,-0.006285,0.011901
logistic,K,3,5,0.05,4,1.000e-08,342,-0.746507,0.852600,-0.001581,-0.018550
logistic,K,3,5,0.05,4,1.000e-08,343,-0.757472,0.846619,0.003653,-0.006328
logistic,K,3,5,0.05,4,1.000e-08,344,-0.763611,0.843384,0.002023,0.002458
logistic,K,3,5,0.05,4,1.000e-08,345,-0.763375,0.842773,-0.006527,0.005634
logistic,K,3,5,0.05,4,1.000e-08,346,-0.770622,0.840393,0.011455,0.011667
logistic,K,3,5,0.05,4,1.000e-08,347,-0.753727,0.850281,-0.004936,0.002521
logistic,K,3,5,0.05,4,1.000e-08,348,-0.757353,0.848328,0.007883,-0.009644
logistic,K,3,5,0.05,4,1.000e-08,349,-0.755811,0.845642,-0.003386,-0.006537
logistic,K,3,5,0.05,4,1.000e-08,350,-0.757712,0.845032,-0.013962,0.006975
logistic,K,3,5,0.05,4,1.000e-08,351,-0.760490,0.849304,-0.007365,0.008239
logistic,K,3,5,0.05,4,1.000e-08,352,-0.761984,0.846680,0.021853,-0.002502
logistic,K,3,5,0.05,4,1.000e-08,353,-0.755259,0.847778,-0.000703,-0.009694
logistic,K,3,5,0.05,4,1.000e-08,354,-0.761156,0.850891,0.003909,-0.002137
logistic,K,3,5,0.05,4,1.000e-08,355,-0.754479,0.848938,-0.017733,-0.001188
logistic,K,3,5,0.05,4,1.000e-08,356,-0.757308,0.849060,0.000291,0.005312
logistic,K,3,5,0.05,4,1.000e-08,357,-0.758763,0.842651,0.002259,-0.009649
logistic,K,3,5,0.05,4,1.000e-08,358,-0.759407,0.845459,-0.001133,0.002224
logistic,K,3,5,0.05,4,1.000e-08,359,-0.757257,0.848267,0.000554,0.005999
logistic,K,3,5,0.05,4,1.000e-08,360,-0.752316,0.845093,-0.006608,-0.002379
logistic,K,3,5,0.05,4,1.000e-08,361,-0.751048,0.849060,-0.016552,0.001525
logistic,K,3,5,0.05,4,1.000e-08,362,-0.761601,0.843689,0.008909,0.009386
logistic,K,3,5,0.05,4,1.000e-08,363,-0.757046,0.847290,-0.003944,-0.004208
logistic,K,3,5,0.05,4,1.000e-08,364,-0.754175,0.847534,-0.003117,-0.007968
logistic,K,3,5,0.05,4,1.000e-08,365,-0.758581,0.849060,0.002260,0.001875
logistic,K,3,5,0.05,4,1.000e-08,366,-0.757737,0.847534,-0.009770,0.003018
logistic,K,3,5,0.05,4,1.000e-08,367,-0.763314,0.844238,-0.007076,0.005074
logistic,K,3,5,0.05,4,1.000e-08,368,-0.759062,0.844177,0.004200,-0.002595
logistic,K,3,5,0.05,4,1.000e-08,369,-0.758149,0.844788,0.008034,-0.006654
logistic,K,3,5,0.05,4,1.000e-08,370,-0.764773,0.847839,-0.002989,0.008665
logistic,K,3,5,0.05,4,1.000e-08,371,-0.758699,0.846191,-0.004974,0.006988
logistic,K,3,5,0.05,4,1.000e-08,372,-0.760000,0.845154,-0.009484,0.000309
logistic,K,3,5,0.05,4,1.000e-08,373,-0.768540,0.838989,0.009500,0.002237
logistic,K,3,5,0.05,4,1.000e-08,374,-0.766923,0.844238,0.010821,0.006374
logistic,K,3,5,0.05,4,1.000e-08,375,-0.763760,0.846069,0.018627,-0.001992
logistic,K,3,5,0.05,4,1.000e-08,376,-0.745301,0.848999,-0.010401,-0.005363
logistic,K,3,5,0.05,4,1.000e-08,377,-0.756911,0.845947,0.003074,0.001539
logistic,K,3,5,0.05,4,1.000e-08,378,-0.762962,0.839233,-0.001334,0.004788
logistic,K,3,5,0.05,4,1.000e-08,379,-0.761114,0.846130,-0.003498,0.001193
logistic,K,3,5,0.05,4,1.000e-08,380,-0.763971,0.846313,-0.004146,0.016949
logistic,K,3,5,0.05,4,1.000e-08,381,-0.765835,0.844299,0.006384,0.004081
logistic,K,3,5,0.05,4,1.000e-08,382,-0.756628,0.846252,-0.000519,0.003318
logistic,K,3,5,0.05,4,1.000e-08,383,-0.763206,0.844238,-0.004810,0.006231
logistic,K,3,5,0.05,4,1.000e-08,384,-0.758817,0.844116,0.000805,-0.004047
logistic,K,3,5,0.05,4,1.000e-08,385,-0.762408,0.845154,-0.017428,0.004749
logistic,K,3,5,0.05,4,1.000e-08,386,-0.769425,0.840210,0.014137,-0.008477
logistic,K,3,5,0.05,4,1.000e-08,387,-0.761269,0.844299,0.003273,0.004005
logistic,K,3,5,0.05,4,1.000e-08,388,-0.749441,0.851257,-0.011616,-0.006962
logistic,K,3,5,0.05,4,1.000e-08,389,-0.750736,0.850342,0.001481,-0.011318
logistic,K,3,5,0.05,4,1.000e-08,390,-0.757863,0.845703,0.001906,-0.007833
logistic,K,3,5,0.05,4,1.000e-08,391,-0.761902,0.843262,0.000822,0.000787
logistic,K,3,5,0.05,4,1.000e-08,392,-0.763056,0.842712,0.009990,-0.002155
logistic,K,3,5,0.05,4,1.000e-08,393,-0.761316,0.843201,-0.007308,0.002312
logistic,K,3,5,0.05,4,1.000e-08,394,-0.768268,0.841919,0.010810,0.013485
logistic,K,3,5,0.05,4,1.000e-08,395,-0.760166,0.844543,0.000796,0.001834
logistic,K,3,5,0.05,4,1.000e-08,396,-0.753016,0.848083,-0.023592,0.003641
logistic,K,3,5,0.05,4,1.000e-08,397,-0.751873,0.851746,0.005643,-0.014102
logistic,K,3,5,0.05,4,1.000e-08,398,-0.755588,0.848389,0.004274,-0.001589
logistic,K,3,5,0.05,4,1.000e-08,399,-0.763136,0.844299,0.003366,0.000050
logistic,K,3,5,0.05,4,1.000e-08,400,-0.761354,0.843811,-0.000450,0.001162
logistic,K,3,5,0.05,4,1.000e-06,1,-13.886739,0.000000,1.000000,1.000000
logistic,K,3,5,0.05,4,1.000e-06,2,-13.108648,0.000000,1.000000,1.000000
logistic,K,3,5,0.05,4,1.000e-06,3,-12.495461,0.000000,1.000000,1.000000
logistic,K,3,5,0.05,4,1.000e-06,4,-11.907336,0.000000,1.000000,1.000000
logistic,K,3,5,0.05,4,1.000e-06,5,-11.331767,0.000000,1.000000,1.000000
logistic,K,3,5,0.05,4,1.000e-06,6,-10.777757,0.000000,1.000000,1.000000
logistic,K,3,5,0.05,4,1.000e-06,7,-10.218049,0.000000,1.000000,1.000000
logistic,K,3,5,0.05,4,1.000e-06,8,-9.664119,0.000000,1.000000,1.000000
logistic,K,3,5,0.05,4,1.000e-06,9,-9.106783,0.000183,0.999354,0.999672
logistic,K,3,5,0.05,4,1.000e-06,10,-8.553041,0.000122,0.999672,0.999965
logistic,K,3,5,0.05,4,1.000e-06,11,-7.992714,0.000244,0.999349,0.999639
logistic,K,3,5,0.05,4,1.000e-06,12,-7.434323,0.000671,0.999009,0.998209
logistic,K,3,5,0.05,4,1.000e-06,13,-6.873968,0.000916,0.997985,0.998216
logistic,K,3,5,0.05,4,1.000e-06,14,-6.321893,0.001526,0.996560,0.996214
logistic,K,3,5,0.05,4,1.000e-06,15,-5.750989,0.003662,0.993050,0.992484
logistic,K,3,5,0.05,4,1.000e-06,16,-5.193595,0.005066,0.990435,0.987064
logistic,K,3,5,0.05,4,1.000e-06,17,-4.611307,0.011780,0.976375,0.970675
logistic,K,3,5,0.05,4,1.000e-06,18,-4.033911,0.020630,0.958151,0.947477
logistic,K,3,5,0.05,4,1.000e-06,19,-3.448935,0.043640,0.926629,0.902188
logistic,K,3,5,0.05,4,1.000e-06,20,-2.874916,0.111755,0.859800,0.841782
logistic,K,3,5,0.05,4,1.000e-06,21,-2.350761,0.236572,0.779696,0.741996
logistic,K,3,5,0.05,4,1.000e-06,22,-1.861489,0.402100,0.635669,0.579199
logistic,K,3,5,0.05,4,1.000e-06,23,-1.492705,0.549133,0.486175,0.426532
logistic,K,3,5,0.05,4,1.000e-06,24,-1.207416,0.658325,0.326804,0.269566
logistic,K,3,5,0.05,4,1.000e-06,25,-1.020732,0.735168,0.201242,0.160133
logistic,K,3,5,0.05,4,1.000e-06,26,-0.911309,0.780640,0.122011,0.093077
logistic,K,3,5,0.05,4,1.000e-06,27,-0.853733,0.804565,0.082849,0.062097
logistic,K,3,5,0.05,4,1.000e-06,28,-0.799863,0.827881,0.040592,0.014858
logistic,K,3,5,0.05,4,1.000e-06,29,-0.783621,0.836792,0.021799,0.016953
logistic,K,3,5,0.05,4,1.000e-06,30,-0.766731,0.844604,0.017746,0.007633
logistic,K,3,5,0.05,4,1.000e-06,31,-0.766007,0.841309,-0.005854,0.011586
logistic,K,3,5,0.05,4,1.000e-06,32,-0.765034,0.844116,0.002527,0.013246
logistic,K,3,5,0.05,4,1.000e-06,33,-0.760829,0.847778,0.002971,0.002017
logistic,K,3,5,0.05,4,1.000e-06,34,-0.766793,0.841125,-0.005003,0.004849
logistic,K,3,5,0.05,4,1.000e-06,35,-0.758336,0.846130,0.007891,0.010572
logistic,K,3,5,0.05,4,1.000e-06,36,-0.758368,0.847412,0.002381,-0.007373
logistic,K,3,5,0.05,4,1.000e-06,37,-0.764230,0.844788,0.005841,-0.010207
logistic,K,3,5,0.05,4,1.000e-06,38,-0.758032,0.843262,-0.007382,0.006816
logistic,K,3,5,0.05,4,1.000e-06,39,-0.763972,0.844788,-0.001477,0.006442
logistic,K,3,5,0.05,4,1.000e-06,40,-0.767677,0.842346,-0.001794,0.007149
logistic,K,3,5,0.05,4,1.000e-06,41,-0.761354,0.846252,0.002458,-0.000286
logistic,K,3,5,0.05,4,1.000e-06,42,-0.762419,0.845581,0.005548,0.011279
logistic,K,3,5,0.05,4,1.000e-06,43,-0.750708,0.849060,-0.000922,-0.012960
logistic,K,3,5,0.05,4,1.000e-06,44,-0.757918,0.849670,0.011351,-0.016424
logistic,K,3,5,0.05,4,1.000e-06,45,-0.759131,0.843628,0.001389,0.009081
logistic,K,3,5,0.05,4,1.000e-06,46,-0.749771,0.850037,-0.003515,-0.008421
logistic,K,3,5,0.05,4,1.000e-06,47,-0.753965,0.846375,-0.003380,-0.013361
logistic,K,3,5,0.05,4,1.000e-06,48,-0.755806,0.846069,-0.005281,-0.001365
logistic,K,3,5,0.05,4,1.000e-06,49,-0.761885,0.843872,0.004333,0.001389
logistic,K,3,5,0.05,4,1.000e-06,50,-0.764041,0.846436,0.015257,0.009909
logistic,K,3,5,0.05,4,1.000e-06,51,-0.754761,0.845581,-0.007503,0.002774
logistic,K,3,5,0.05,4,1.000e-06,52,-0.761130,0.845032,0.000608,0.008428
logistic,K,3,5,0.05,4,1.000e-06,53,-0.754778,0.848206,-0.002256,-0.004123
logistic,K,3,5,0.05,4,1.000e-06,54,-0.764749,0.842651,0.002830,0.013227
logistic,K,3,5,0.05,4,1.000e-06,55,-0.768671,0.842468,0.006401,0.004387
logistic,K,3,5,0.05,4,1.000e-06,56,-0.765667,0.841797,-0.003321,0.005529
logistic,K,3,5,0.05,4,1.000e-06,57,-0.767032,0.842285,0.012349,0.017548
logistic,K,3,5,0.05,4,1.000e-06,58,-0.761798,0.843689,0.008857,0.005266
logistic,K,3,5,0.05,4,1.000e-06,59,-0.758387,0.847656,0.009685,0.000921
logistic,K,3,5,0.05,4,1.000e-06,60,-0.751225,0.849854,-0.000776,-0.013365
logistic,K,3,5,0.05,4,1.000e-06,61,-0.756535,0.846252,-0.005055,-0.006756
logistic,K,3,5,0.05,4,1.000e-06,62,-0.759804,0.849854,-0.000694,0.017458
logistic,K,3,5,0.05,4,1.000e-06,63,-0.751981,0.845947,-0.002097,-0.005934
logistic,K,3,5,0.05,4,1.000e-06,64,-0.749707,0.853271,-0.001846,-0.020233
logistic,K,3,5,0.05,4,1.000e-06,65,-0.763928,0.844055,0.004314,-0.003006
logistic,K,3,5,0.05,4,1.000e-06,66,-0.762420,0.843506,0.019470,-0.002405
logistic,K,3,5,0.05,4,1.000e-06,67,-0.756608,0.849731,0.000683,-0.005641
logistic,K,3,5,0.05,4,1.000e-06,68,-0.748605,0.849609,-0.004123,-0.016228
logistic,K,3,5,0.05,4,1.000e-06,69,-0.758458,0.846375,-0.004258,0.008881
logistic,K,3,5,0.05,4,1.000e-06,70,-0.759008,0.845825,0.001385,0.006009
logistic,K,3,5,0.05,4,1.000e-06,71,-0.759889,0.848450,0.012670,-0.001858
logistic,K,3,5,0.05,4,1.000e-06,72,-0.755849,0.846191,0.003886,-0.010546
logistic,K,3,5,0.05,4,1.000e-06,73,-0.757443,0.847229,-0.002525,-0.000625
logistic,K,3,5,0.05,4,1.000e-06,74,-0.756860,0.846924,-0.005992,-0.002288
logistic,K,3,5,0.05,4,1.000e-06,75,-0.766629,0.842590,0.002398,0.005131
logistic,K,3,5,0.05,4,1.000e-06,76,-0.766308,0.844482,0.008141,0.011050
logistic,K,3,5,0.05,4,1.000e-06,77,-0.756400,0.848755,-0.000031,-0.004242
logistic,K,3,5,0.05,4,1.000e-06,78,-0.756268,0.847168,-0.002478,-0.005088
logistic,K,3,5,0.05,4,1.000e-06,79,-0.757200,0.847900,-0.003524,0.004427
logistic,K,3,5,0.05,4,1.000e-06,80,-0.752861,0.849365,-0.007632,0.001496
logistic,K,3,5,0.05,4,1.000e-06,81,-0.751325,0.846924,-0.002830,-0.018152
logistic,K,3,5,0.05,4,1.000e-06,82,-0.765512,0.840759,0.005124,-0.004592
logistic,K,3,5,0.05,4,1.000e-06,83,-0.757172,0.844421,0.001506,0.003195
logistic,K,3,5,0.05,4,1.000e-06,84,-0.757519,0.844849,-0.001513,-0.003964
logistic,K,3,5,0.05,4,1.000e-06,85,-0.764664,0.842712,-0.001909,0.003699
logistic,K,3,5,0.05,4,1.000e-06,86,-0.775700,0.838257,0.015727,0.014047
logistic,K,3,5,0.05,4,1.000e-06,87,-0.755971,0.843872,-0.005517,-0.018349
logistic,K,3,5,0.05,4,1.000e-06,88,-0.758251,0.846252,-0.012022,0.007851
logistic,K,3,5,0.05,4,1.000e-06,89,-0.763938,0.843506,0.001265,0.017070
logistic,K,3,5,0.05,4,1.000e-06,90,-0.761996,0.841125,-0.004626,0.000351
logistic,K,3,5,0.05,4,1.000e-06,91,-0.759993,0.845642,0.002668,-0.003272
logistic,K,3,5,0.05,4,1.000e-06,92,-0.764176,0.841919,-0.000653,0.008461
logistic,K,3,5,0.05,4,1.000e-06,93,-0.763891,0.845154,0.007516,0.014496
logistic,K,3,5,0.05,4,1.000e-06,94,-0.755544,0.848267,-0.013391,-0.004348
logistic,K,3,5,0.05,4,1.000e-06,95,-0.764423,0.843567,0.006337,0.009228
logistic,K,3,5,0.05,4,1.000e-06,96,-0.758309,0.847351,-0.003076,0.015903
logistic,K,3,5,0.05,4,1.000e-06,97,-0.754702,0.850037,0.007938,-0.006792
logistic,K,3,5,0.05,4,1.000e-06,98,-0.762448,0.846741,0.011077,-0.000512
logistic,K,3,5,0.05,4,1.000e-06,99,-0.758223,0.846008,-0.000079,-0.007479
logistic,K,3,5,0.05,4,1.000e-06,100,-0.773814,0.840393,0.003938,0.015663
logistic,K,3,5,0.05,4,1.000e-06,101,-0.771802,0.839111,0.004925,0.016665
logistic,K,3,5,0.05,4,1.000e-06,102,-0.768105,0.843140,0.003947,0.010312
logistic,K,3,5,0.05,4,1.000e-06,103,-0.767392,0.844849,0.009716,0.011756
logistic,K,3,5,0.05,4,1.000e-06,104,-0.766639,0.841553,0.011995,-0.001624
logistic,K,3,5,0.05,4,1.000e-06,105,-0.765826,0.843506,0.008252,0.014576
logistic,K,3,5,0.05,4,1.000e-06,106,-0.749458,0.849243,-0.005924,-0.002636
logistic,K,3,5,0.05,4,1.000e-06,107,-0.752550,0.849670,-0.005130,-0.013002
logistic,K,3,5,0.05,4,1.000e-06,108,-0.758109,0.846863,0.003495,0.001486
logistic,K,3,5,0.05,4,1.000e-06,109,-0.755829,0.848083,-0.007465,-0.003709
logistic,K,3,5,0.05,4,1.000e-06,110,-0.758502,0.845337,0.001782,-0.000832
logistic,K,3,5,0.05,4,1.000e-06,111,-0.757628,0.843445,0.003531,-0.012388
logistic,K,3,5,0.05,4,1.000e-06,112,-0.757490,0.847778,0.001029,0.000423
logistic,K,3,5,0.05,4,1.000e-06,113,-0.756111,0.848022,0.002834,-0.013590
logistic,K,3,5,0.05,4,1.000e-06,114,-0.764899,0.844238,-0.001029,0.005194
logistic,K,3,5,0.05,4,1.000e-06,115,-0.756500,0.848022,-0.001878,-0.005565
logistic,K,3,5,0.05,4,1.000e-06,116,-0.754036,0.849121,-0.001105,0.004337
logistic,K,3,5,0.05,4,1.000e-06,117,-0.753884,0.851746,-0.008560,-0.002325
logistic,K,3,5,0.05,4,1.000e-06,118,-0.756895,0.849487,0.002526,-0.003425
logistic,K,3,5,0.05,4,1.000e-06,119,-0.749918,0.851624,-0.008620,-0.016041
logistic,K,3,5,0.05,4,1.000e-06,120,-0.755740,0.847290,0.001048,-0.013462
logistic,K,3,5,0.05,4,1.000e-06,121,-0.757996,0.844971,-0.005681,-0.004073
logistic,K,3,5,0.05,4,1.000e-06,122,-0.758932,0.846619,0.005045,-0.004906
logistic,K,3,5,0.05,4,1.000e-06,123,-0.758196,0.846924,0.003966,-0.010347
logistic,K,3,5,0.05,4,1.000e-06,124,-0.762203,0.844177,-0.006223,-0.002315
logistic,K,3,5,0.05,4,1.000e-06,125,-0.763372,0.843018,0.002735,0.005822
logistic,K,3,5,0.05,4,1.000e-06,126,-0.765425,0.843811,0.015649,0.003166
logistic,K,3,5,0.05,4,1.000e-06,127,-0.758078,0.848206,-0.007349,-0.004701
logistic,K,3,5,0.05,4,1.000e-06,128,-0.753355,0.846924,-0.025922,0.009605
logistic,K,3,5,0.05,4,1.000e-06,129,-0.754474,0.849548,0.004648,-0.008193
logistic,K,3,5,0.05,4,1.000e-06,130,-0.758359,0.845337,-0.004273,-0.003213
logistic,K,3,5,0.05,4,1.000e-06,131,-0.762431,0.841675,-0.000157,-0.017100
logistic,K,3,5,0.05,4,1.000e-06,132,-0.767162,0.840576,-0.000026,0.008180
logistic,K,3,5,0.05,4,1.000e-06,133,-0.764482,0.843018,0.011661,0.002427
logistic,K,3,5,0.05,4,1.000e-06,134,-0.757513,0.847107,-0.000317,0.001998
logistic,K,3,5,0.05,4,1.000e-06,135,-0.751618,0.850159,-0.014162,-0.002585
logistic,K,3,5,0.05,4,1.000e-06,136,-0.749487,0.853455,-0.003983,0.004110
logistic,K,3,5,0.05,4,1.000e-06,137,-0.757905,0.846375,-0.012692,0.004234
logistic,K,3,5,0.05,4,1.000e-06,138,-0.761622,0.846375,-0.002679,-0.008800
logistic,K,3,5,0.05,4,1.000e-06,139,-0.750566,0.847168,0.001673,-0.020184
logistic,K,3,5,0.05,4,1.000e-06,140,-0.758131,0.846497,-0.003010,0.008082
logistic,K,3,5,0.05,4,1.000e-06,141,-0.751885,0.851257,-0.004853,0.007307
logistic,K,3,5,0.05,4,1.000e-06,142,-0.760662,0.846252,0.012955,-0.005970
logistic,K,3,5,0.05,4,1.000e-06,143,-0.754170,0.845520,-0.010332,-0.007858
logistic,K,3,5,0.05,4,1.000e-06,144,-0.757382,0.847534,0.000548,0.009496
logistic,K,3,5,0.05,4,1.000e-06,145,-0.756707,0.850708,0.004995,0.002617
logistic,K,3,5,0.05,4,1.000e-06,146,-0.758215,0.843506,-0.010725,-0.000067
logistic,K,3,5,0.05,4,1.000e-06,147,-0.761432,0.841370,0.005215,-0.007546
logistic,K,3,5,0.05,4,1.000e-06,148,-0.767405,0.841125,0.007711,0.011122
logistic,K,3,5,0.05,4,1.000e-06,149,-0.765372,0.842834,0.008450,0.013812
logistic,K,3,5,0.05,4,1.000e-06,150,-0.755261,0.846985,-0.003080,-0.013195
logistic,K,3,5,0.05,4,1.000e-06,151,-0.758464,0.846558,-0.005143,0.000513
logistic,K,3,5,0.05,4,1.000e-06,152,-0.766434,0.843872,0.007721,-0.004099
logistic,K,3,5,0.05,4,1.000e-06,153,-0.761421,0.843079,0.004872,-0.002923
logistic,K,3,5,0.05,4,1.000e-06,154,-0.755931,0.850098,-0.001032,-0.010032
logistic,K,3,5,0.05,4,1.000e-06,155,-0.759785,0.846619,0.002150,-0.003115
logistic,K,3,5,0.05,4,1.000e-06,156,-0.753388,0.849243,0.003491,-0.021481
logistic,K,3,5,0.05,4,1.000e-06,157,-0.757221,0.848083,-0.006910,0.003347
logistic,K,3,5,0.05,4,1.000e-06,158,-0.758385,0.843750,0.004612,-0.009606
logistic,K,3,5,0.05,4,1.000e-06,159,-0.762624,0.843323,-0.003069,0.002444
logistic,K,3,5,0.05,4,1.000e-06,160,-0.766327,0.844849,0.013290,-0.000942
logistic,K,3,5,0.05,4,1.000e-06,161,-0.757200,0.847656,0.000795,-0.006126
logistic,K,3,5,0.05,4,1.000e-06,162,-0.769988,0.836731,0.000094,0.006583
logistic,K,3,5,0.05,4,1.000e-06,163,-0.762391,0.844360,-0.002483,0.000686
logistic,K,3,5,0.05,4,1.000e-06,164,-0.755964,0.847900,-0.002607,-0.002029
logistic,K,3,5,0.05,4,1.000e-06,165,-0.747045,0.850281,-0.004420,-0.005503
logistic,K,3,5,0.05,4,1.000e-06,166,-0.760496,0.841309,-0.008624,0.007174
logistic,K,3,5,0.05,4,1.000e-06,167,-0.754575,0.847290,-0.005425,0.003331
logistic,K,3,5,0.05,4,1.000e-06,168,-0.756140,0.845337,0.001714,-0.009227
logistic,K,3,5,0.05,4,1.000e-06,169,-0.764584,0.845459,0.007810,0.011879
logistic,K,3,5,0.05,4,1.000e-06,170,-0.751113,0.851624,-0.007839,0.000053
logistic,K,3,5,0.05,4,1.000e-06,171,-0.754655,0.848389,0.003792,-0.016771
logistic,K,3,5,0.05,4,1.000e-06,172,-0.764803,0.841248,0.004829,0.004533
logistic,K,3,5,0.05,4,1.000e-06,173,-0.762701,0.847168,0.010228,-0.003353
logistic,K,3,5,0.05,4,1.000e-06,174,-0.754655,0.847046,-0.016292,-0.010130
logistic,K,3,5,0.05,4,1.000e-06,175,-0.762918,0.843628,0.011604,-0.001365
logistic,K,3,5,0.05,4,1.000e-06,176,-0.749667,0.853333,0.005297,-0.005832
logistic,K,3,5,0.05,4,1.000e-06,177,-0.756963,0.847290,0.010129,-0.007116
logistic,K,3,5,0.05,4,1.000e-06,178,-0.758976,0.844666,-0.001021,-0.000292
logistic,K,3,5,0.05,4,1.000e-06,179,-0.752546,0.844604,-0.006120,-0.000375
logistic,K,3,5,0.05,4,1.000e-06,180,-0.751041,0.851257,0.003628,-0.014295
logistic,K,3,5,0.05,4,1.000e-06,181,-0.760144,0.849426,0.016800,-0.007033
logistic,K,3,5,0.05,4,1.000e-06,182,-0.753660,0.848877,-0.013229,-0.001489
logistic,K,3,5,0.05,4,1.000e-06,183,-0.761283,0.846069,0.008705,0.007380
logistic,K,3,5,0.05,4,1.000e-06,184,-0.754471,0.845581,-0.018127,0.002332
logistic,K,3,5,0.05,4,1.000e-06,185,-0.759631,0.846985,0.000189,0.008945
logistic,K,3,5,0.05,4,1.000e-06,186,-0.764344,0.837158,-0.006273,-0.005272
logistic,K,3,5,0.05,4,1.000e-06,187,-0.764645,0.844116,0.007378,0.009245
logistic,K,3,5,0.05,4,1.000e-06,188,-0.766237,0.843384,0.026112,0.003303
logistic,K,3,5,0.05,4,1.000e-06,189,-0.750355,0.851868,-0.005361,-0.013782
logistic,K,3,5,0.05,4,1.000e-06,190,-0.756333,0.848267,-0.002703,-0.005404
logistic,K,3,5,0.05,4,1.000e-06,191,-0.758285,0.848511,-0.008202,0.001751
logistic,K,3,5,0.05,4,1.000e-06,192,-0.759504,0.846985,-0.010699,0.000848
logistic,K,3,5,0.05,4,1.000e-06,193,-0.759161,0.846436,-0.003252,-0.006033
logistic,K,3,5,0.05,4,1.000e-06,194,-0.760834,0.843689,-0.002415,-0.003997
logistic,K,3,5,0.05,4,1.000e-06,195,-0.762609,0.845642,0.010821,-0.000085
logistic,K,3,5,0.05,4,1.000e-06,196,-0.755689,0.847473,0.003193,-0.014460
logistic,K,3,5,0.05,4,1.000e-06,197,-0.759698,0.845581,0.003133,0.001458
logistic,K,3,5,0.05,4,1.000e-06,198,-0.761395,0.844482,0.001543,0.007584
logistic,K,3,5,0.05,4,1.000e-06,199,-0.766105,0.843323,0.005000,0.001032
logistic,K,3,5,0.05,4,1.000e-06,200,-0.763773,0.842773,-0.001981,0.004076
logistic,K,3,5,0.05,4,1.000e-06,201,-0.755685,0.845703,-0.006069,0.000076
logistic,K,3,5,0.05,4,1.000e-06,202,-0.757973,0.845642,-0.005274,-0.005848
logistic,K,3,5,0.05,4,1.000e-06,203,-0.761042,0.842529,-0.002530,-0.002668
logistic,K,3,5,0.05,4,1.000e-06,204,-0.758511,0.845459,-0.004228,0.002097
logistic,K,3,5,0.05,4,1.000e-06,205,-0.751915,0.848083,-0.009631,-0.001246
logistic,K,3,5,0.05,4,1.000e-06,206,-0.754068,0.846130,0.000729,-0.001065
logistic,K,3,5,0.05,4,1.000e-06,207,-0.753941,0.846252,0.000501,-0.017778
logistic,K,3,5,0.05,4,1.000e-06,208,-0.764178,0.840515,0.007714,0.000725
logistic,K,3,5,0.05,4,1.000e-06,209,-0.757549,0.844788,0.000378,-0.013896
logistic,K,3,5,0.05,4,1.000e-06,210,-0.756880,0.850098,0.001027,0.001695
logistic,K,3,5,0.05,4,1.000e-06,211,-0.750179,0.850830,-0.011712,-0.005489
logistic,K,3,5,0.05,4,1.000e-06,212,-0.762037,0.842041,-0.001438,-0.000522
logistic,K,3,5,0.05,4,1.000e-06,213,-0.763993,0.843933,-0.001284,0.003620
logistic,K,3,5,0.05,4,1.000e-06,214,-0.768350,0.840759,0.009419,0.000230
logistic,K,3,5,0.05,4,1.000e-06,215,-0.765212,0.845154,0.001839,0.014125
logistic,K,3,5,0.05,4,1.000e-06,216,-0.760023,0.846252,0.009388,0.001033
logistic,K,3,5,0.05,4,1.000e-06,217,-0.754811,0.849670,-0.003752,-0.001478
logistic,K,3,5,0.05,4,1.000e-06,218,-0.760182,0.843811,0.004583,0.000693
logistic,K,3,5,0.05,4,1.000e-06,219,-0.751225,0.849426,-0.015963,0.006801
logistic,K,3,5,0.05,4,1.000e-06,220,-0.756793,0.849060,0.013793,0.001085
logistic,K,3,5,0.05,4,1.000e-06,221,-0.755485,0.846985,0.000509,-0.005367
logistic,K,3,5,0.05,4,1.000e-06,222,-0.749423,0.848938,-0.015079,-0.008549
logistic,K,3,5,0.05,4,1.000e-06,223,-0.762517,0.847900,0.007361,0.006165
logistic,K,3,5,0.05,4,1.000e-06,224,-0.762505,0.843994,-0.000034,0.006932
logistic,K,3,5,0.05,4,1.000e-06,225,-0.763701,0.843628,0.006087,0.013603
logistic,K,3,5,0.05,4,1.000e-06,226,-0.762000,0.845154,0.003934,0.001807
logistic,K,3,5,0.05,4,1.000e-06,227,-0.764502,0.843201,0.019996,-0.008262
logistic,K,3,5,0.05,4,1.000e-06,228,-0.762958,0.842468,-0.005655,-0.001126
logistic,K,3,5,0.05,4,1.000e-06,229,-0.761029,0.842834,-0.000917,-0.003598
logistic,K,3,5,0.05,4,1.000e-06,230,-0.767660,0.838867,0.009029,0.004190
logistic,K,3,5,0.05,4,1.000e-06,231,-0.774193,0.839600,0.004717,0.007288
logistic,K,3,5,0.05,4,1.000e-06,232,-0.761056,0.844727,-0.000653,-0.001327
logistic,K,3,5,0.05,4,1.000e-06,233,-0.754291,0.846863,0.003682,-0.007666
logistic,K,3,5,0.05,4,1.000e-06,234,-0.757935,0.845398,0.007711,0.009190
logistic,K,3,5,0.05,4,1.000e-06,235,-0.757865,0.844910,-0.002324,-0.006771
logistic,K,3,5,0.05,4,1.000e-06,236,-0.761400,0.847046,0.011293,0.004359
logistic,K,3,5,0.05,4,1.000e-06,237,-0.761661,0.846985,0.000551,0.002147
logistic,K,3,5,0.05,4,1.000e-06,238,-0.757737,0.848877,0.001282,0.001537
logistic,K,3,5,0.05,4,1.000e-06,239,-0.765813,0.842773,0.000614,0.009731
logistic,K,3,5,0.05,4,1.000e-06,240,-0.764349,0.842529,0.002435,-0.004519
logistic,K,3,5,0.05,4,1.000e-06,241,-0.769495,0.843384,0.017423,0.002356
logistic,K,3,5,0.05,4,1.000e-06,242,-0.768254,0.838379,0.009072,0.000415
logistic,K,3,5,0.05,4,1.000e-06,243,-0.755768,0.849304,0.009538,-0.007816
logistic,K,3,5,0.05,4,1.000e-06,244,-0.757508,0.849182,-0.003553,0.010997
logistic,K,3,5,0.05,4,1.000e-06,245,-0.754460,0.847839,-0.001714,0.002774
logistic,K,3,5,0.05,4,1.000e-06,246,-0.745613,0.849915,-0.008169,-0.017652
logistic,K,3,5,0.05,4,1.000e-06,247,-0.762546,0.844177,0.004311,0.003741
logistic,K,3,5,0.05,4,1.000e-06,248,-0.753370,0.847473,-0.002142,-0.016725
logistic,K,3,5,0.05,4,1.000e-06,249,-0.755508,0.845947,-0.011901,-0.007720
logistic,K,3,5,0.05,4,1.000e-06,250,-0.758642,0.845520,-0.011979,0.001735
logistic,K,3,5,0.05,4,1.000e-06,251,-0.764567,0.842834,-0.005533,0.002852
logistic,K,3,5,0.05,4,1.000e-06,252,-0.755565,0.847961,-0.009513,0.003744
logistic,K,3,5,0.05,4,1.000e-06,253,-0.753311,0.846130,-0.005979,-0.013588
logistic,K,3,5,0.05,4,1.000e-06,254,-0.765353,0.841003,0.005786,0.005668
logistic,K,3,5,0.05,4,1.000e-06,255,-0.760551,0.845764,0.002015,0.001969
logistic,K,3,5,0.05,4,1.000e-06,256,-0.763348,0.845154,0.000847,0.009449
logistic,K,3,5,0.05,4,1.000e-06,257,-0.761524,0.846436,-0.000061,0.001790
logistic,K,3,5,0.05,4,1.000e-06,258,-0.757637,0.846802,-0.001008,-0.004276
logistic,K,3,5,0.05,4,1.000e-06,259,-0.763880,0.841003,0.002084,0.005424
logistic,K,3,5,0.05,4,1.000e-06,260,-0.761859,0.843506,0.004959,-0.004026
logistic,K,3,5,0.05,4,1.000e-06,261,-0.759068,0.843811,-0.000008,-0.010914
logistic,K,3,5,0.05,4,1.000e-06,262,-0.762201,0.841797,-0.003070,0.011071
logistic,K,3,5,0.05,4,1.000e-06,263,-0.754182,0.848145,0.000058,-0.009844
logistic,K,3,5,0.05,4,1.000e-06,264,-0.759643,0.847229,0.013487,-0.006282
logistic,K,3,5,0.05,4,1.000e-06,265,-0.750434,0.848328,-0.014617,-0.011260
logistic,K,3,5,0.05,4,1.000e-06,266,-0.761309,0.842407,-0.002864,0.001744
logistic,K,3,5,0.05,4,1.000e-06,267,-0.761398,0.844360,-0.002882,0.006224
logistic,K,3,5,0.05,4,1.000e-06,268,-0.766596,0.843140,0.005184,0.004983
logistic,K,3,5,0.05,4,1.000e-06,269,-0.763973,0.843140,0.008641,0.007952
logistic,K,3,5,0.05,4,1.000e-06,270,-0.766846,0.844421,0.010118,0.015033
logistic,K,3,5,0.05,4,1.000e-06,271,-0.756754,0.843872,-0.019180,0.000916
logistic,K,3,5,0.05,4,1.000e-06,272,-0.760895,0.846008,0.008438,0.000763
logistic,K,3,5,0.05,4,1.000e-06,273,-0.757184,0.842773,-0.002948,-0.011550
logistic,K,3,5,0.05,4,1.000e-06,274,-0.756484,0.846985,-0.002965,-0.004570
logistic,K,3,5,0.05,4,1.000e-06,275,-0.767860,0.840698,0.010483,-0.002144
logistic,K,3,5,0.05,4,1.000e-06,276,-0.759455,0.845947,-0.003479,0.003205
logistic,K,3,5,0.05,4,1.000e-06,277,-0.762152,0.848694,0.013652,0.010963
logistic,K,3,5,0.05,4,1.000e-06,278,-0.756642,0.845337,-0.001383,-0.000784
logistic,K,3,5,0.05,4,1.000e-06,279,-0.754670,0.845581,-0.002932,-0.009714
logistic,K,3,5,0.05,4,1.000e-06,280,-0.760154,0.846680,0.000904,0.002545
logistic,K,3,5,0.05,4,1.000e-06,281,-0.754210,0.851440,-0.004516,0.008628
logistic,K,3,5,0.05,4,1.000e-06,282,-0.755599,0.847229,0.008358,-0.007774
logistic,K,3,5,0.05,4,1.000e-06,283,-0.750604,0.850159,-0.003676,-0.008973
logistic,K,3,5,0.05,4,1.000e-06,284,-0.751642,0.847168,-0.003205,-0.006062
logistic,K,3,5,0.05,4,1.000e-06,285,-0.747103,0.850159,-0.021904,-0.004429
logistic,K,3,5,0.05,4,1.000e-06,286,-0.759699,0.847107,0.001192,-0.000285
logistic,K,3,5,0.05,4,1.000e-06,287,-0.757004,0.844727,-0.002659,-0.011559
logistic,K,3,5,0.05,4,1.000e-06,288,-0.764884,0.841675,0.011078,-0.000575
logistic,K,3,5,0.05,4,1.000e-06,289,-0.765949,0.842773,-0.002758,0.001991
logistic,K,3,5,0.05,4,1.000e-06,290,-0.763712,0.841187,0.003404,0.005741
logistic,K,3,5,0.05,4,1.000e-06,291,-0.752986,0.845276,-0.016144,-0.003570
logistic,K,3,5,0.05,4,1.000e-06,292,-0.758413,0.846619,-0.012138,0.004240
logistic,K,3,5,0.05,4,1.000e-06,293,-0.766071,0.844299,0.007491,0.002687
logistic,K,3,5,0.05,4,1.000e-06,294,-0.760875,0.842529,0.005277,0.001850
logistic,K,3,5,0.05,4,1.000e-06,295,-0.756787,0.849731,-0.000611,0.000610
logistic,K,3,5,0.05,4,1.000e-06,296,-0.756948,0.849792,0.002413,-0.001042
logistic,K,3,5,0.05,4,1.000e-06,297,-0.752119,0.849426,-0.007732,-0.008513
logistic,K,3,5,0.05,4,1.000e-06,298,-0.754448,0.847778,-0.004905,-0.000873
logistic,K,3,5,0.05,4,1.000e-06,299,-0.755522,0.846497,-0.011293,-0.002928
logistic,K,3,5,0.05,4,1.000e-06,300,-0.764462,0.845154,0.016442,-0.012176
logistic,K,3,5,0.05,4,1.000e-06,301,-0.753837,0.851440,0.011699,-0.015403
logistic,K,3,5,0.05,4,1.000e-06,302,-0.756925,0.846924,-0.005046,-0.004790
logistic,K,3,5,0.05,4,1.000e-06,303,-0.754971,0.846619,0.001069,-0.005626
logistic,K,3,5,0.05,4,1.000e-06,304,-0.760880,0.843933,-0.001809,0.001640
logistic,K,3,5,0.05,4,1.000e-06,305,-0.760652,0.847717,-0.002285,-0.003820
logistic,K,3,5,0.05,4,1.000e-06,306,-0.758580,0.844849,-0.001470,0.006654
logistic,K,3,5,0.05,4,1.000e-06,307,-0.757790,0.848389,-0.005254,-0.000387
logistic,K,3,5,0.05,4,1.000e-06,308,-0.762441,0.846497,0.007494,0.008279
logistic,K,3,5,0.05,4,1.000e-06,309,-0.753433,0.847046,0.001619,-0.017083
logistic,K,3,5,0.05,4,1.000e-06,310,-0.757368,0.843933,-0.011131,-0.003496
logistic,K,3,5,0.05,4,1.000e-06,311,-0.763523,0.844910,0.002779,-0.000232
logistic,K,3,5,0.05,4,1.000e-06,312,-0.761478,0.847290,0.004604,-0.002677
logistic,K,3,5,0.05,4,1.000e-06,313,-0.761963,0.844788,0.004821,0.008849
logistic,K,3,5,0.05,4,1.000e-06,314,-0.752693,0.846741,-0.009980,-0.002609
logistic,K,3,5,0.05,4,1.000e-06,315,-0.754996,0.845764,-0.004337,-0.010616
logistic,K,3,5,0.05,4,1.000e-06,316,-0.754139,0.851685,0.000470,0.000840
logistic,K,3,5,0.05,4,1.000e-06,317,-0.769577,0.842712,0.010005,0.007684
logistic,K,3,5,0.05,4,1.000e-06,318,-0.757245,0.843689,-0.002523,-0.000290
logistic,K,3,5,0.05,4,1.000e-06,319,-0.762026,0.847717,0.016067,0.001647
logistic,K,3,5,0.05,4,1.000e-06,320,-0.751288,0.849854,0.002129,-0.000774
logistic,K,3,5,0.05,4,1.000e-06,321,-0.749376,0.849182,-0.011900,-0.010548
logistic,K,3,5,0.05,4,1.000e-06,322,-0.754802,0.847839,-0.005797,-0.000127
logistic,K,3,5,0.05,4,1.000e-06,323,-0.756226,0.848694,-0.017577,0.005755
logistic,K,3,5,0.05,4,1.000e-06,324,-0.761821,0.845520,-0.007301,0.014057
logistic,K,3,5,0.05,4,1.000e-06,325,-0.764532,0.846619,0.011704,0.000120
logistic,K,3,5,0.05,4,1.000e-06,326,-0.758873,0.845947,-0.008517,-0.000288
logistic,K,3,5,0.05,4,1.000e-06,327,-0.759122,0.845032,0.005082,0.003482
logistic,K,3,5,0.05,4,1.000e-06,328,-0.757686,0.848328,-0.002422,-0.004893
logistic,K,3,5,0.05,4,1.000e-06,329,-0.764014,0.843994,0.005460,-0.010261
logistic,K,3,5,0.05,4,1.000e-06,330,-0.761440,0.842651,-0.000040,0.009304
logistic,K,3,5,0.05,4,1.000e-06,331,-0.755473,0.848816,0.002949,-0.006467
logistic,K,3,5,0.05,4,1.000e-06,332,-0.749184,0.848511,-0.002433,-0.019323
logistic,K,3,5,0.05,4,1.000e-06,333,-0.768440,0.840881,0.002372,0.006433
logistic,K,3,5,0.05,4,1.000e-06,334,-0.760379,0.845520,-0.011851,0.004404
logistic,K,3,5,0.05,4,1.000e-06,335,-0.758686,0.844116,0.005634,-0.005471
logistic,K,3,5,0.05,4,1.000e-06,336,-0.753362,0.847229,-0.009454,0.003409
logistic,K,3,5,0.05,4,1.000e-06,337,-0.759951,0.846252,0.001281,0.004412
logistic,K,3,5,0.05,4,1.000e-06,338,-0.754489,0.844910,0.002307,-0.007397
logistic,K,3,5,0.05,4,1.000e-06,339,-0.761863,0.842529,0.011973,-0.000507
logistic,K,3,5,0.05,4,1.000e-06,340,-0.764166,0.844543,0.002940,0.013343
logistic,K,3,5,0.05,4,1.000e-06,341,-0.756161,0.845886,-0.008454,-0.019550
logistic,K,3,5,0.05,4,1.000e-06,342,-0.752116,0.846741,-0.003875,-0.007007
logistic,K,3,5,0.05,4,1.000e-06,343,-0.761754,0.846985,0.016994,0.006460
logistic,K,3,5,0.05,4,1.000e-06,344,-0.761662,0.843628,-0.001725,0.005252
logistic,K,3,5,0.05,4,1.000e-06,345,-0.759974,0.845154,0.001720,0.009103
logistic,K,3,5,0.05,4,1.000e-06,346,-0.758584,0.847168,0.009585,-0.002571
logistic,K,3,5,0.05,4,1.000e-06,347,-0.760273,0.846252,0.001602,0.004882
logistic,K,3,5,0.05,4,1.000e-06,348,-0.759721,0.846924,0.007318,-0.010815
logistic,K,3,5,0.05,4,1.000e-06,349,-0.754734,0.847961,-0.002593,-0.007866
logistic,K,3,5,0.05,4,1.000e-06,350,-0.759230,0.844666,0.005137,0.004266
logistic,K,3,5,0.05,4,1.000e-06,351,-0.755382,0.850586,-0.001231,-0.000640
logistic,K,3,5,0.05,4,1.000e-06,352,-0.755658,0.845642,0.001590,0.002204
logistic,K,3,5,0.05,4,1.000e-06,353,-0.760514,0.846924,0.003255,0.005950
logistic,K,3,5,0.05,4,1.000e-06,354,-0.760359,0.845825,-0.007538,0.005155
logistic,K,3,5,0.05,4,1.000e-06,355,-0.759184,0.842041,-0.002279,-0.002840
logistic,K,3,5,0.05,4,1.000e-06,356,-0.756538,0.847290,-0.006767,0.007854
logistic,K,3,5,0.05,4,1.000e-06,357,-0.761695,0.845154,0.002558,-0.002259
logistic,K,3,5,0.05,4,1.000e-06,358,-0.756299,0.846558,-0.006146,-0.009720
logistic,K,3,5,0.05,4,1.000e-06,359,-0.761467,0.844055,-0.001250,0.005518
logistic,K,3,5,0.05,4,1.000e-06,360,-0.758091,0.846558,-0.002100,-0.006563
logistic,K,3,5,0.05,4,1.000e-06,361,-0.760762,0.843323,-0.008818,0.004861
logistic,K,3,5,0.05,4,1.000e-06,362,-0.757545,0.847717,-0.006483,-0.000340
logistic,K,3,5,0.05,4,1.000e-06,363,-0.762801,0.846008,0.001344,0.001325
logistic,K,3,5,0.05,4,1.000e-06,364,-0.761943,0.846436,0.004179,-0.003945
logistic,K,3,5,0.05,4,1.000e-06,365,-0.759659,0.848633,-0.009154,0.007802
logistic,K,3,5,0.05,4,1.000e-06,366,-0.763487,0.840881,0.005022,0.004451
logistic,K,3,5,0.05,4,1.000e-06,367,-0.757521,0.848328,-0.002554,0.003643
logistic,K,3,5,0.05,4,1.000e-06,368,-0.751994,0.848938,-0.006618,-0.003618
logistic,K,3,5,0.05,4,1.000e-06,369,-0.755503,0.850525,0.000255,-0.000942
logistic,K,3,5,0.05,4,1.000e-06,370,-0.756373,0.849365,-0.000350,0.001899
logistic,K,3,5,0.05,4,1.000e-06,371,-0.751618,0.847107,-0.009400,-0.008184
logistic,K,3,5,0.05,4,1.000e-06,372,-0.756495,0.846619,-0.002895,-0.004328
logistic,K,3,5,0.05,4,1.000e-06,373,-0.757623,0.844666,0.006551,-0.004240
logistic,K,3,5,0.05,4,1.000e-06,374,-0.763705,0.844849,-0.003250,-0.002081
logistic,K,3,5,0.05,4,1.000e-06,375,-0.764245,0.847717,0.005940,0.001880
logistic,K,3,5,0.05,4,1.000e-06,376,-0.763885,0.842590,0.009968,0.004543
logistic,K,3,5,0.05,4,1.000e-06,377,-0.752729,0.846619,-0.001014,0.000533
logistic,K,3,5,0.05,4,1.000e-06,378,-0.751926,0.845886,-0.015417,-0.000384
logistic,K,3,5,0.05,4,1.000e-06,379,-0.757981,0.847656,-0.007339,0.007986
logistic,K,3,5,0.05,4,1.000e-06,380,-0.764677,0.845154,-0.006333,0.005883
logistic,K,3,5,0.05,4,1.000e-06,381,-0.760368,0.847534,-0.003499,-0.003593
logistic,K,3,5,0.05,4,1.000e-06,382,-0.758848,0.844543,-0.000931,-0.006687
logistic,K,3,5,0.05,4,1.000e-06,383,-0.750641,0.849121,-0.015087,0.001442
logistic,K,3,5,0.05,4,1.000e-06,384,-0.754360,0.847778,-0.008724,-0.004695
logistic,K,3,5,0.05,4,1.000e-06,385,-0.758905,0.845215,-0.000023,-0.011463
logistic,K,3,5,0.05,4,1.000e-06,386,-0.758058,0.848145,-0.008145,0.002930
logistic,K,3,5,0.05,4,1.000e-06,387,-0.757692,0.847717,-0.003647,0.004779
logistic,K,3,5,0.05,4,1.000e-06,388,-0.756523,0.845520,-0.009690,-0.006469
logistic,K,3,5,0.05,4,1.000e-06,389,-0.751314,0.847717,-0.010578,-0.005668
logistic,K,3,5,0.05,4,1.000e-06,390,-0.763262,0.841919,0.007741,0.006895
logistic,K,3,5,0.05,4,1.000e-06,391,-0.753006,0.851685,-0.008668,0.003553
logistic,K,3,5,0.05,4,1.000e-06,392,-0.749390,0.849854,-0.003953,-0.015169
logistic,K,3,5,0.05,4,1.000e-06,393,-0.761800,0.843689,0.000809,0.003351
logistic,K,3,5,0.05,4,1.000e-06,394,-0.760831,0.845276,-0.002668,0.004640
logistic,K,3,5,0.05,4,1.000e-06,395,-0.760431,0.848450,-0.004745,0.006413
logistic,K,3,5,0.05,4,1.000e-06,396,-0.758180,0.846436,0.002101,-0.017343
logistic,K,3,5,0.05,4,1.000e-06,397,-0.765477,0.842712,-0.005981,0.006738
logistic,K,3,5,0.05,4,1.000e-06,398,-0.762423,0.841125,0.004215,0.007625
logistic,K,3,5,0.05,4,1.000e-06,399,-0.763319,0.845459,0.006108,-0.001746
logistic,K,3,5,0.05,4,1.000e-06,400,-0.763276,0.846252,-0.002010,-0.000735
logistic,K,3,5,0.05,4,1.000e-04,1,-9.281016,0.000061,1.000000,0.999679
logistic,K,3,5,0.05,4,1.000e-04,2,-8.503207,0.000000,0.999997,1.000000
logistic,K,3,5,0.05,4,1.000e-04,3,-7.888267,0.000244,0.998691,0.999987
logistic,K,3,5,0.05,4,1.000e-04,4,-7.297158,0.000549,0.998032,0.999317
logistic,K,3,5,0.05,4,1.000e-04,5,-6.718681,0.000854,0.998592,0.997608
logistic,K,3,5,0.05,4,1.000e-04,6,-6.159201,0.001709,0.996453,0.996149
logistic,K,3,5,0.05,4,1.000e-04,7,-5.589507,0.003296,0.992768,0.992347
logistic,K,3,5,0.05,4,1.000e-04,8,-5.016915,0.006775,0.985242,0.983496
logistic,K,3,5,0.05,4,1.000e-04,9,-4.442823,0.010742,0.977305,0.973851
logistic,K,3,5,0.05,4,1.000e-04,10,-3.854084,0.021973,0.956214,0.945790
logistic,K,3,5,0.05,4,1.000e-04,11,-3.264306,0.037903,0.922048,0.909155
logistic,K,3,5,0.05,4,1.000e-04,12,-2.685968,0.090576,0.864803,0.844490
logistic,K,3,5,0.05,4,1.000e-04,13,-2.137031,0.238831,0.765934,0.738383
logistic,K,3,5,0.05,4,1.000e-04,14,-1.663699,0.442749,0.620428,0.579609
logistic,K,3,5,0.05,4,1.000e-04,15,-1.288679,0.617493,0.411891,0.382369
logistic,K,3,5,0.05,4,1.000e-04,16,-1.041759,0.722778,0.236446,0.200121
logistic,K,3,5,0.05,4,1.000e-04,17,-0.910916,0.780212,0.126424,0.099791
logistic,K,3,5,0.05,4,1.000e-04,18,-0.839309,0.808899,0.080418,0.046295
logistic,K,3,5,0.05,4,1.000e-04,19,-0.804130,0.824280,0.046554,0.026235
logistic,K,3,5,0.05,4,1.000e-04,20,-0.780941,0.834534,0.022552,0.013090
logistic,K,3,5,0.05,4,1.000e-04,21,-0.763963,0.846069,0.010064,0.007809
logistic,K,3,5,0.05,4,1.000e-04,22,-0.749857,0.851746,-0.011483,0.000634
logistic,K,3,5,0.05,4,1.000e-04,23,-0.751580,0.847778,-0.012401,-0.007388
logistic,K,3,5,0.05,4,1.000e-04,24,-0.760273,0.849121,-0.006491,0.015509
logistic,K,3,5,0.05,4,1.000e-04,25,-0.758710,0.846313,0.001557,0.006341
logistic,K,3,5,0.05,4,1.000e-04,26,-0.753694,0.848755,-0.000141,-0.000496
logistic,K,3,5,0.05,4,1.000e-04,27,-0.762146,0.844971,0.001353,-0.009589
logistic,K,3,5,0.05,4,1.000e-04,28,-0.758632,0.849854,0.002781,0.005306
logistic,K,3,5,0.05,4,1.000e-04,29,-0.757646,0.845337,-0.005082,-0.002000
logistic,K,3,5,0.05,4,1.000e-04,30,-0.764840,0.843811,-0.005462,0.017466
logistic,K,3,5,0.05,4,1.000e-04,31,-0.762812,0.843994,0.005145,0.005294
logistic,K,3,5,0.05,4,1.000e-04,32,-0.764571,0.838562,-0.009322,0.015617
logistic,K,3,5,0.05,4,1.000e-04,33,-0.755402,0.847229,-0.001993,-0.005183
logistic,K,3,5,0.05,4,1.000e-04,34,-0.759204,0.845825,-0.008931,-0.000226
logistic,K,3,5,0.05,4,1.000e-04,35,-0.770591,0.841858,0.015525,0.009695
logistic,K,3,5,0.05,4,1.000e-04,36,-0.760848,0.843323,0.005226,-0.006086
logistic,K,3,5,0.05,4,1.000e-04,37,-0.765119,0.841614,0.006730,0.008097
logistic,K,3,5,0.05,4,1.000e-04,38,-0.751750,0.851074,0.002627,-0.011178
logistic,K,3,5,0.05,4,1.000e-04,39,-0.759459,0.841675,-0.004444,-0.004571
logistic,K,3,5,0.05,4,1.000e-04,40,-0.763832,0.846680,0.001702,0.003539
logistic,K,3,5,0.05,4,1.000e-04,41,-0.764637,0.842896,-0.005255,0.004265
logistic,K,3,5,0.05,4,1.000e-04,42,-0.766079,0.841980,0.009100,0.004401
logistic,K,3,5,0.05,4,1.000e-04,43,-0.758385,0.842957,0.004598,-0.013753
logistic,K,3,5,0.05,4,1.000e-04,44,-0.760409,0.846497,0.009187,0.013799
logistic,K,3,5,0.05,4,1.000e-04,45,-0.749030,0.850952,-0.010281,-0.009042
logistic,K,3,5,0.05,4,1.000e-04,46,-0.757727,0.846497,-0.000636,0.004139
logistic,K,3,5,0.05,4,1.000e-04,47,-0.755691,0.846558,0.011099,-0.011202
logistic,K,3,5,0.05,4,1.000e-04,48,-0.756965,0.847046,-0.007075,0.001915
logistic,K,3,5,0.05,4,1.000e-04,49,-0.755785,0.848267,0.000446,-0.000068
logistic,K,3,5,0.05,4,1.000e-04,50,-0.755829,0.846130,0.001173,-0.002610
logistic,K,3,5,0.05,4,1.000e-04,51,-0.761602,0.846008,0.013382,-0.004611
logistic,K,3,5,0.05,4,1.000e-04,52,-0.761837,0.842529,0.004348,0.005722
logistic,K,3,5,0.05,4,1.000e-04,53,-0.749888,0.850403,-0.022992,0.000043
logistic,K,3,5,0.05,4,1.000e-04,54,-0.752419,0.849792,0.001469,-0.002869
logistic,K,3,5,0.05,4,1.000e-04,55,-0.758781,0.847656,0.008451,-0.008564
logistic,K,3,5,0.05,4,1.000e-04,56,-0.760123,0.844421,-0.008454,0.000951
logistic,K,3,5,0.05,4,1.000e-04,57,-0.759559,0.844727,-0.011686,0.010934
logistic,K,3,5,0.05,4,1.000e-04,58,-0.759322,0.846558,0.007057,-0.012121
logistic,K,3,5,0.05,4,1.000e-04,59,-0.762665,0.846619,0.008550,0.001780
logistic,K,3,5,0.05,4,1.000e-04,60,-0.762255,0.846741,0.005814,0.006769
logistic,K,3,5,0.05,4,1.000e-04,61,-0.755708,0.850708,0.003853,-0.003360
logistic,K,3,5,0.05,4,1.000e-04,62,-0.760160,0.842590,-0.009497,0.001446
logistic,K,3,5,0.05,4,1.000e-04,63,-0.760407,0.844666,0.006677,0.000068
logistic,K,3,5,0.05,4,1.000e-04,64,-0.759013,0.845215,-0.013470,0.007128
logistic,K,3,5,0.05,4,1.000e-04,65,-0.767914,0.845398,0.005677,0.010720
logistic,K,3,5,0.05,4,1.000e-04,66,-0.762396,0.845276,0.000238,0.012151
logistic,K,3,5,0.05,4,1.000e-04,67,-0.761588,0.846802,0.002199,-0.000741
logistic,K,3,5,0.05,4,1.000e-04,68,-0.762699,0.843567,0.000631,0.011677
logistic,K,3,5,0.05,4,1.000e-04,69,-0.761085,0.842102,0.001888,0.007490
logistic,K,3,5,0.05,4,1.000e-04,70,-0.758833,0.847961,-0.003851,0.001547
logistic,K,3,5,0.05,4,1.000e-04,71,-0.757912,0.846741,0.001709,-0.008781
logistic,K,3,5,0.05,4,1.000e-04,72,-0.756909,0.846497,-0.005182,-0.010323
logistic,K,3,5,0.05,4,1.000e-04,73,-0.761267,0.843689,0.008741,-0.010306
logistic,K,3,5,0.05,4,1.000e-04,74,-0.757845,0.847961,0.007917,-0.000064
logistic,K,3,5,0.05,4,1.000e-04,75,-0.764556,0.844421,0.001711,0.000755
logistic,K,3,5,0.05,4,1.000e-04,76,-0.760118,0.845154,0.003485,-0.006749
logistic,K,3,5,0.05,4,1.000e-04,77,-0.749561,0.850403,-0.005832,-0.006975
logistic,K,3,5,0.05,4,1.000e-04,78,-0.753373,0.842529,-0.022551,0.001018
logistic,K,3,5,0.05,4,1.000e-04,79,-0.756154,0.849060,-0.007957,0.014677
logistic,K,3,5,0.05,4,1.000e-04,80,-0.751147,0.851868,-0.012904,0.006495
logistic,K,3,5,0.05,4,1.000e-04,81,-0.757026,0.848022,-0.012528,0.008604
logistic,K,3,5,0.05,4,1.000e-04,82,-0.756138,0.847290,-0.006507,-0.006488
logistic,K,3,5,0.05,4,1.000e-04,83,-0.764937,0.843201,-0.005076,0.006086
logistic,K,3,5,0.05,4,1.000e-04,84,-0.764977,0.843445,-0.007791,0.008089
logistic,K,3,5,0.05,4,1.000e-04,85,-0.773382,0.839600,0.000495,0.007927
logistic,K,3,5,0.05,4,1.000e-04,86,-0.768152,0.838989,0.007966,0.004359
logistic,K,3,5,0.05,4,1.000e-04,87,-0.764185,0.842896,0.010951,-0.000658
logistic,K,3,5,0.05,4,1.000e-04,88,-0.760606,0.847351,0.012185,-0.002114
logistic,K,3,5,0.05,4,1.000e-04,89,-0.757057,0.845398,0.005052,-0.003333
logistic,K,3,5,0.05,4,1.000e-04,90,-0.756831,0.846313,-0.009583,-0.003428
logistic,K,3,5,0.05,4,1.000e-04,91,-0.758207,0.848267,-0.005559,0.005852
logistic,K,3,5,0.05,4,1.000e-04,92,-0.757804,0.844177,0.002500,0.007939
logistic,K,3,5,0.05,4,1.000e-04,93,-0.757250,0.849426,-0.000366,0.005273
logistic,K,3,5,0.05,4,1.000e-04,94,-0.764008,0.844177,0.003988,0.014708
logistic,K,3,5,0.05,4,1.000e-04,95,-0.754491,0.849304,-0.005246,0.001090
logistic,K,3,5,0.05,4,1.000e-04,96,-0.756229,0.847351,-0.006583,0.002136
logistic,K,3,5,0.05,4,1.000e-04,97,-0.760888,0.845459,-0.004538,0.005007
logistic,K,3,5,0.05,4,1.000e-04,98,-0.762777,0.846008,-0.005643,0.008606
logistic,K,3,5,0.05,4,1.000e-04,99,-0.754938,0.848267,-0.000970,0.002503
logistic,K,3,5,0.05,4,1.000e-04,100,-0.763446,0.845093,-0.004110,0.006120
logistic,K,3,5,0.05,4,1.000e-04,101,-0.756379,0.850159,-0.004437,0.000442
logistic,K,3,5,0.05,4,1.000e-04,102,-0.761217,0.843750,-0.010634,0.007724
logistic,K,3,5,0.05,4,1.000e-04,103,-0.758866,0.846497,0.014302,0.000505
logistic,K,3,5,0.05,4,1.000e-04,104,-0.756896,0.849243,-0.006175,-0.001735
logistic,K,3,5,0.05,4,1.000e-04,105,-0.754533,0.849487,0.001317,-0.006047
logistic,K,3,5,0.05,4,1.000e-04,106,-0.755312,0.847900,-0.004050,-0.004924
logistic,K,3,5,0.05,4,1.000e-04,107,-0.757868,0.848267,-0.004832,-0.004667
logistic,K,3,5,0.05,4,1.000e-04,108,-0.764533,0.842407,0.005570,0.002966
logistic,K,3,5,0.05,4,1.000e-04,109,-0.750061,0.850403,0.000240,-0.006063
logistic,K,3,5,0.05,4,1.000e-04,110,-0.758731,0.844299,0.002382,0.000833
logistic,K,3,5,0.05,4,1.000e-04,111,-0.756252,0.847412,0.006486,0.001822
logistic,K,3,5,0.05,4,1.000e-04,112,-0.749438,0.849915,-0.004263,-0.005859
logistic,K,3,5,0.05,4,1.000e-04,113,-0.757171,0.849731,0.013707,-0.004472
logistic,K,3,5,0.05,4,1.000e-04,114,-0.752442,0.849731,-0.004672,-0.005350
logistic,K,3,5,0.05,4,1.000e-04,115,-0.759167,0.847351,0.001232,0.003871
logistic,K,3,5,0.05,4,1.000e-04,116,-0.760907,0.844971,0.011990,-0.002484
logistic,K,3,5,0.05,4,1.000e-04,117,-0.752539,0.848450,-0.007447,-0.012334
logistic,K,3,5,0.05,4,1.000e-04,118,-0.763925,0.843994,0.008266,0.004037
logistic,K,3,5,0.05,4,1.000e-04,119,-0.756258,0.842896,0.009256,-0.011362
logistic,K,3,5,0.05,4,1.000e-04,120,-0.754206,0.846008,0.006525,-0.005251
logistic,K,3,5,0.05,4,1.000e-04,121,-0.756378,0.847351,-0.008912,0.003131
logistic,K,3,5,0.05,4,1.000e-04,122,-0.751920,0.848816,-0.006424,-0.002111
logistic,K,3,5,0.05,4,1.000e-04,123,-0.753529,0.847229,-0.006889,-0.007600
logistic,K,3,5,0.05,4,1.000e-04,124,-0.766469,0.842590,0.004370,0.010345
logistic,K,3,5,0.05,4,1.000e-04,125,-0.752567,0.846497,-0.008668,-0.011128
logistic,K,3,5,0.05,4,1.000e-04,126,-0.764467,0.843994,0.002057,0.007660
logistic,K,3,5,0.05,4,1.000e-04,127,-0.762131,0.843384,-0.009316,0.005806
logistic,K,3,5,0.05,4,1.000e-04,128,-0.762257,0.841858,0.000835,0.000098
logistic,K,3,5,0.05,4,1.000e-04,129,-0.757729,0.846497,0.006453,-0.006164
logistic,K,3,5,0.05,4,1.000e-04,130,-0.760084,0.847229,-0.007452,0.012273
logistic,K,3,5,0.05,4,1.000e-04,131,-0.753018,0.848145,-0.020010,-0.001068
logistic,K,3,5,0.05,4,1.000e-04,132,-0.763648,0.845032,-0.012065,0.009195
logistic,K,3,5,0.05,4,1.000e-04,133,-0.757166,0.848206,0.005177,0.005821
logistic,K,3,5,0.05,4,1.000e-04,134,-0.758173,0.848694,0.013070,-0.003695
logistic,K,3,5,0.05,4,1.000e-04,135,-0.755945,0.849304,-0.016252,-0.005548
logistic,K,3,5,0.05,4,1.000e-04,136,-0.758805,0.844666,-0.006900,0.009040
logistic,K,3,5,0.05,4,1.000e-04,137,-0.759648,0.845581,-0.001714,-0.001785
logistic,K,3,5,0.05,4,1.000e-04,138,-0.767493,0.845215,0.007711,0.005706
logistic,K,3,5,0.05,4,1.000e-04,139,-0.758947,0.842346,0.001174,-0.002268
logistic,K,3,5,0.05,4,1.000e-04,140,-0.758129,0.845398,-0.000739,0.001079
logistic,K,3,5,0.05,4,1.000e-04,141,-0.763509,0.844971,0.007369,0.011441
logistic,K,3,5,0.05,4,1.000e-04,142,-0.753459,0.847778,-0.011310,0.005893
logistic,K,3,5,0.05,4,1.000e-04,143,-0.759111,0.848083,-0.007114,0.001943
logistic,K,3,5,0.05,4,1.000e-04,144,-0.764595,0.843262,0.002534,0.004236
logistic,K,3,5,0.05,4,1.000e-04,145,-0.765720,0.843811,0.020542,-0.006280
logistic,K,3,5,0.05,4,1.000e-04,146,-0.763232,0.842102,0.000129,-0.007326
logistic,K,3,5,0.05,4,1.000e-04,147,-0.760918,0.846802,0.010792,-0.004161
logistic,K,3,5,0.05,4,1.000e-04,148,-0.771870,0.842407,0.021821,-0.004427
logistic,K,3,5,0.05,4,1.000e-04,149,-0.769978,0.839294,0.018399,-0.002815
logistic,K,3,5,0.05,4,1.000e-04,150,-0.776227,0.840393,0.014985,0.002263
logistic,K,3,5,0.05,4,1.000e-04,151,-0.766680,0.843079,0.012745,0.001049
logistic,K,3,5,0.05,4,1.000e-04,152,-0.768842,0.840942,0.011977,-0.002049
logistic,K,3,5,0.05,4,1.000e-04,153,-0.774919,0.841187,0.007811,0.008640
logistic,K,3,5,0.05,4,1.000e-04,154,-0.761552,0.843933,0.007075,0.003326
logistic,K,3,5,0.05,4,1.000e-04,155,-0.763103,0.843445,-0.008476,0.008223
logistic,K,3,5,0.05,4,1.000e-04,156,-0.761456,0.844238,-0.003748,-0.007255
logistic,K,3,5,0.05,4,1.000e-04,157,-0.763162,0.841736,-0.000385,-0.006782
logistic,K,3,5,0.05,4,1.000e-04,158,-0.757084,0.844299,0.001392,-0.008880
logistic,K,3,5,0.05,4,1.000e-04,159,-0.760005,0.841980,0.004463,-0.001473
logistic,K,3,5,0.05,4,1.000e-04,160,-0.756688,0.849365,0.004208,-0.005916
logistic,K,3,5,0.05,4,1.000e-04,161,-0.757345,0.843994,-0.005469,0.006084
logistic,K,3,5,0.05,4,1.000e-04,162,-0.753010,0.851501,-0.019301,0.001416
logistic,K,3,5,0.05,4,1.000e-04,163,-0.758105,0.846313,-0.009133,0.000460
logistic,K,3,5,0.05,4,1.000e-04,164,-0.763497,0.844788,-0.001851,0.011919
logistic,K,3,5,0.05,4,1.000e-04,165,-0.757405,0.850403,-0.003443,0.002925
logistic,K,3,5,0.05,4,1.000e-04,166,-0.749818,0.850952,-0.010926,0.003088
logistic,K,3,5,0.05,4,1.000e-04,167,-0.760428,0.843506,0.003503,-0.002923
logistic,K,3,5,0.05,4,1.000e-04,168,-0.766233,0.843079,-0.005321,0.014673
logistic,K,3,5,0.05,4,1.000e-04,169,-0.761608,0.843445,0.010242,-0.008935
logistic,K,3,5,0.05,4,1.000e-04,170,-0.756393,0.845703,0.004021,-0.006885
logistic,K,3,5,0.05,4,1.000e-04,171,-0.757203,0.845520,0.007692,-0.010440
logistic,K,3,5,0.05,4,1.000e-04,172,-0.760434,0.847900,0.004976,-0.010379
logistic,K,3,5,0.05,4,1.000e-04,173,-0.758912,0.850037,-0.007032,-0.006520
logistic,K,3,5,0.05,4,1.000e-04,174,-0.762831,0.844299,-0.003057,0.005755
logistic,K,3,5,0.05,4,1.000e-04,175,-0.762627,0.841858,0.001531,0.003842
logistic,K,3,5,0.05,4,1.000e-04,176,-0.769065,0.843689,0.012591,0.024327
logistic,K,3,5,0.05,4,1.000e-04,177,-0.759436,0.845581,-0.002702,-0.003665
logistic,K,3,5,0.05,4,1.000e-04,178,-0.760308,0.845032,-0.010690,0.003617
logistic,K,3,5,0.05,4,1.000e-04,179,-0.761122,0.845154,-0.001262,-0.005606
logistic,K,3,5,0.05,4,1.000e-04,180,-0.763118,0.844177,-0.009671,0.017397
logistic,K,3,5,0.05,4,1.000e-04,181,-0.755093,0.848877,-0.005357,0.001294
logistic,K,3,5,0.05,4,1.000e-04,182,-0.764379,0.839966,0.005017,-0.009025
logistic,K,3,5,0.05,4,1.000e-04,183,-0.764757,0.842346,0.000316,-0.004164
logistic,K,3,5,0.05,4,1.000e-04,184,-0.761017,0.845093,0.005040,-0.004863
logistic,K,3,5,0.05,4,1.000e-04,185,-0.759123,0.846130,0.005423,-0.006313
logistic,K,3,5,0.05,4,1.000e-04,186,-0.753856,0.849854,-0.008456,0.000086
logistic,K,3,5,0.05,4,1.000e-04,187,-0.754443,0.847351,-0.003424,0.000183
logistic,K,3,5,0.05,4,1.000e-04,188,-0.759103,0.846008,-0.001985,0.002104
logistic,K,3,5,0.05,4,1.000e-04,189,-0.766862,0.844971,0.006580,0.007363
logistic,K,3,5,0.05,4,1.000e-04,190,-0.763572,0.844971,-0.000548,0.006497
logistic,K,3,5,0.05,4,1.000e-04,191,-0.751655,0.849243,-0.004674,-0.007221
logistic,K,3,5,0.05,4,1.000e-04,192,-0.761582,0.845947,0.014920,-0.003913
logistic,K,3,5,0.05,4,1.000e-04,193,-0.759068,0.843384,0.001170,-0.007751
logistic,K,3,5,0.05,4,1.000e-04,194,-0.762289,0.844177,0.006691,-0.005922
logistic,K,3,5,0.05,4,1.000e-04,195,-0.759655,0.846619,0.002250,0.001415
logistic,K,3,5,0.05,4,1.000e-04,196,-0.757932,0.846130,0.011036,-0.009227
logistic,K,3,5,0.05,4,1.000e-04,197,-0.760448,0.844238,-0.001689,0.005736
logistic,K,3,5,0.05,4,1.000e-04,198,-0.764911,0.843994,-0.000331,0.014610
logistic,K,3,5,0.05,4,1.000e-04,199,-0.770206,0.840576,0.013736,0.007134
logistic,K,3,5,0.05,4,1.000e-04,200,-0.764497,0.843018,0.001136,-0.008008
logistic,K,3,5,0.05,4,1.000e-04,201,-0.755374,0.846497,-0.004470,-0.001018
logistic,K,3,5,0.05,4,1.000e-04,202,-0.753760,0.849609,0.009029,-0.009113
logistic,K,3,5,0.05,4,1.000e-04,203,-0.757524,0.848572,0.003309,-0.005839
logistic,K,3,5,0.05,4,1.000e-04,204,-0.754876,0.848816,-0.004536,-0.003924
logistic,K,3,5,0.05,4,1.000e-04,205,-0.754811,0.849609,-0.001459,-0.006066
logistic,K,3,5,0.05,4,1.000e-04,206,-0.764154,0.843262,0.003769,0.002158
logistic,K,3,5,0.05,4,1.000e-04,207,-0.767187,0.842957,0.007089,0.015695
logistic,K,3,5,0.05,4,1.000e-04,208,-0.760051,0.847961,0.008733,-0.001328
logistic,K,3,5,0.05,4,1.000e-04,209,-0.748365,0.847351,0.000737,-0.020317
logistic,K,3,5,0.05,4,1.000e-04,210,-0.764419,0.843689,-0.003962,0.005874
logistic,K,3,5,0.05,4,1.000e-04,211,-0.766679,0.842346,0.007936,0.007537
logistic,K,3,5,0.05,4,1.000e-04,212,-0.762963,0.841675,0.000323,0.006049
logistic,K,3,5,0.05,4,1.000e-04,213,-0.750062,0.846497,-0.005456,-0.017750
logistic,K,3,5,0.05,4,1.000e-04,214,-0.764722,0.842712,0.011843,0.008718
logistic,K,3,5,0.05,4,1.000e-04,215,-0.762493,0.842224,-0.005722,0.013871
logistic,K,3,5,0.05,4,1.000e-04,216,-0.768665,0.843140,0.012877,-0.002403
logistic,K,3,5,0.05,4,1.000e-04,217,-0.767972,0.841125,0.012554,0.001723
logistic,K,3,5,0.05,4,1.000e-04,218,-0.770148,0.840088,0.007437,0.004805
logistic,K,3,5,0.05,4,1.000e-04,219,-0.766890,0.844910,0.006733,0.008764
logistic,K,3,5,0.05,4,1.000e-04,220,-0.759380,0.845398,-0.006445,-0.001689
logistic,K,3,5,0.05,4,1.000e-04,221,-0.762204,0.844727,0.002661,-0.006359
logistic,K,3,5,0.05,4,1.000e-04,222,-0.762553,0.848267,-0.003429,0.013136
logistic,K,3,5,0.05,4,1.000e-04,223,-0.759289,0.846130,-0.001390,0.010159
logistic,K,3,5,0.05,4,1.000e-04,224,-0.753275,0.849182,-0.004371,-0.013033
logistic,K,3,5,0.05,4,1.000e-04,225,-0.759405,0.846436,-0.014913,-0.001742
logistic,K,3,5,0.05,4,1.000e-04,226,-0.760904,0.843445,0.011745,0.000531
logistic,K,3,5,0.05,4,1.000e-04,227,-0.750081,0.851074,-0.009662,-0.002940
logistic,K,3,5,0.05,4,1.000e-04,228,-0.762094,0.846375,-0.001820,0.015930
logistic,K,3,5,0.05,4,1.000e-04,229,-0.761771,0.841248,0.000322,-0.007279
logistic,K,3,5,0.05,4,1.000e-04,230,-0.760049,0.846680,0.005233,0.005920
logistic,K,3,5,0.05,4,1.000e-04,231,-0.754626,0.848022,-0.006173,-0.004193
logistic,K,3,5,0.05,4,1.000e-04,232,-0.749879,0.852173,-0.009237,0.003529
logistic,K,3,5,0.05,4,1.000e-04,233,-0.753795,0.849426,0.002181,-0.007097
logistic,K,3,5,0.05,4,1.000e-04,234,-0.754187,0.849060,-0.011104,-0.007025
logistic,K,3,5,0.05,4,1.000e-04,235,-0.764259,0.843262,-0.006860,-0.000071
logistic,K,3,5,0.05,4,1.000e-04,236,-0.763700,0.844299,-0.006362,0.004732
logistic,K,3,5,0.05,4,1.000e-04,237,-0.765043,0.843323,0.000335,0.013821
logistic,K,3,5,0.05,4,1.000e-04,238,-0.766682,0.842407,0.001210,0.005736
logistic,K,3,5,0.05,4,1.000e-04,239,-0.766249,0.842285,0.012171,-0.006768
logistic,K,3,5,0.05,4,1.000e-04,240,-0.756210,0.846497,0.006523,-0.011720
logistic,K,3,5,0.05,4,1.000e-04,241,-0.751393,0.852173,-0.007033,-0.004195
logistic,K,3,5,0.05,4,1.000e-04,242,-0.753164,0.852112,-0.001652,-0.002189
logistic,K,3,5,0.05,4,1.000e-04,243,-0.756606,0.848877,0.002360,0.005280
logistic,K,3,5,0.05,4,1.000e-04,244,-0.753115,0.847290,-0.002072,-0.007067
logistic,K,3,5,0.05,4,1.000e-04,245,-0.754683,0.847839,-0.000944,-0.009459
logistic,K,3,5,0.05,4,1.000e-04,246,-0.763176,0.844788,0.008170,0.001185
logistic,K,3,5,0.05,4,1.000e-04,247,-0.756905,0.846619,-0.000459,-0.003517
logistic,K,3,5,0.05,4,1.000e-04,248,-0.754068,0.846985,-0.008778,-0.004894
logistic,K,3,5,0.05,4,1.000e-04,249,-0.757855,0.846741,-0.001824,0.011633
logistic,K,3,5,0.05,4,1.000e-04,250,-0.766396,0.846130,0.003673,0.004125
logistic,K,3,5,0.05,4,1.000e-04,251,-0.768318,0.842773,0.003761,0.006183
logistic,K,3,5,0.05,4,1.000e-04,252,-0.776623,0.839661,0.020357,0.007025
logistic,K,3,5,0.05,4,1.000e-04,253,-0.762643,0.843994,-0.002863,0.012289
logistic,K,3,5,0.05,4,1.000e-04,254,-0.760925,0.845581,-0.000866,0.003496
logistic,K,3,5,0.05,4,1.000e-04,255,-0.765334,0.842407,-0.001831,-0.001078
logistic,K,3,5,0.05,4,1.000e-04,256,-0.759609,0.845276,-0.008160,0.003859
logistic,K,3,5,0.05,4,1.000e-04,257,-0.761249,0.842896,0.004941,0.000311
logistic,K,3,5,0.05,4,1.000e-04,258,-0.763575,0.842468,0.001212,0.002862
logistic,K,3,5,0.05,4,1.000e-04,259,-0.756364,0.846680,-0.002730,-0.005737
logistic,K,3,5,0.05,4,1.000e-04,260,-0.764732,0.838684,0.014487,0.001488
logistic,K,3,5,0.05,4,1.000e-04,261,-0.755937,0.845703,0.001817,-0.001575
logistic,K,3,5,0.05,4,1.000e-04,262,-0.762400,0.843018,0.008263,-0.004809
logistic,K,3,5,0.05,4,1.000e-04,263,-0.757738,0.850403,-0.007567,0.018877
logistic,K,3,5,0.05,4,1.000e-04,264,-0.753319,0.848022,-0.009305,-0.003411
logistic,K,3,5,0.05,4,1.000e-04,265,-0.752829,0.848267,-0.006073,-0.009329
logistic,K,3,5,0.05,4,1.000e-04,266,-0.757099,0.851318,-0.006848,-0.006957
logistic,K,3,5,0.05,4,1.000e-04,267,-0.765464,0.844238,-0.001073,0.012189
logistic,K,3,5,0.05,4,1.000e-04,268,-0.757808,0.846985,-0.009021,-0.002580
logistic,K,3,5,0.05,4,1.000e-04,269,-0.756007,0.846802,0.001640,-0.006710
logistic,K,3,5,0.05,4,1.000e-04,270,-0.757434,0.849609,-0.003415,-0.009935
logistic,K,3,5,0.05,4,1.000e-04,271,-0.768912,0.841675,0.008477,0.017459
logistic,K,3,5,0.05,4,1.000e-04,272,-0.758489,0.845764,0.003660,0.000056
logistic,K,3,5,0.05,4,1.000e-04,273,-0.747592,0.849426,-0.014535,-0.006050
logistic,K,3,5,0.05,4,1.000e-04,274,-0.756104,0.847229,-0.005849,-0.003024
logistic,K,3,5,0.05,4,1.000e-04,275,-0.759072,0.844788,-0.003082,-0.003759
logistic,K,3,5,0.05,4,1.000e-04,276,-0.765324,0.844543,0.007919,0.006942
logistic,K,3,5,0.05,4,1.000e-04,277,-0.760663,0.845825,0.003138,0.002985
logistic,K,3,5,0.05,4,1.000e-04,278,-0.755966,0.845398,-0.008536,-0.004783
logistic,K,3,5,0.05,4,1.000e-04,279,-0.759528,0.843872,0.003682,-0.012250
logistic,K,3,5,0.05,4,1.000e-04,280,-0.757924,0.847595,-0.001167,-0.001509
logistic,K,3,5,0.05,4,1.000e-04,281,-0.750210,0.846985,-0.015440,0.001488
logistic,K,3,5,0.05,4,1.000e-04,282,-0.762019,0.841736,0.006789,-0.001556
logistic,K,3,5,0.05,4,1.000e-04,283,-0.761343,0.846252,0.015421,-0.009287
logistic,K,3,5,0.05,4,1.000e-04,284,-0.757367,0.850952,-0.004806,0.001278
logistic,K,3,5,0.05,4,1.000e-04,285,-0.750453,0.847961,-0.007166,-0.012944
logistic,K,3,5,0.05,4,1.000e-04,286,-0.752980,0.849487,-0.014462,-0.005208
logistic,K,3,5,0.05,4,1.000e-04,287,-0.759661,0.843018,0.000069,-0.005534
logistic,K,3,5,0.05,4,1.000e-04,288,-0.763796,0.844971,-0.002893,-0.002240
logistic,K,3,5,0.05,4,1.000e-04,289,-0.775898,0.839355,0.010812,0.011680
logistic,K,3,5,0.05,4,1.000e-04,290,-0.762256,0.846069,-0.004795,0.008026
logistic,K,3,5,0.05,4,1.000e-04,291,-0.762317,0.840942,0.004144,0.003154
logistic,K,3,5,0.05,4,1.000e-04,292,-0.749732,0.852661,-0.006630,-0.008331
logistic,K,3,5,0.05,4,1.000e-04,293,-0.758472,0.847290,0.001567,0.004174
logistic,K,3,5,0.05,4,1.000e-04,294,-0.753221,0.848022,-0.008996,-0.006442
logistic,K,3,5,0.05,4,1.000e-04,295,-0.763353,0.845642,0.009262,0.006622
logistic,K,3,5,0.05,4,1.000e-04,296,-0.752700,0.848694,0.001490,-0.007940
logistic,K,3,5,0.05,4,1.000e-04,297,-0.764714,0.842651,-0.002847,0.008014
logistic,K,3,5,0.05,4,1.000e-04,298,-0.762447,0.843933,0.012553,-0.004701
logistic,K,3,5,0.05,4,1.000e-04,299,-0.762930,0.846069,0.003754,0.005489
logistic,K,3,5,0.05,4,1.000e-04,300,-0.757610,0.842285,-0.006316,0.002510
logistic,K,3,5,0.05,4,1.000e-04,301,-0.766880,0.837524,0.013310,-0.003582
logistic,K,3,5,0.05,4,1.000e-04,302,-0.771712,0.840210,0.009349,0.014866
logistic,K,3,5,0.05,4,1.000e-04,303,-0.769717,0.841919,0.001726,0.019168
logistic,K,3,5,0.05,4,1.000e-04,304,-0.760507,0.844910,-0.001710,0.002471
logistic,K,3,5,0.05,4,1.000e-04,305,-0.761398,0.844666,0.005592,0.002086
logistic,K,3,5,0.05,4,1.000e-04,306,-0.757378,0.849304,-0.007916,0.008152
logistic,K,3,5,0.05,4,1.000e-04,307,-0.751820,0.849731,-0.003882,-0.001853
logistic,K,3,5,0.05,4,1.000e-04,308,-0.753642,0.847839,-0.012927,0.003815
logistic,K,3,5,0.05,4,1.000e-04,309,-0.747384,0.852051,-0.018097,-0.010355
logistic,K,3,5,0.05,4,1.000e-04,310,-0.761265,0.842896,-0.002793,0.008337
logistic,K,3,5,0.05,4,1.000e-04,311,-0.762672,0.846497,0.001147,0.002058
logistic,K,3,5,0.05,4,1.000e-04,312,-0.763003,0.845520,0.010300,-0.002969
logistic,K,3,5,0.05,4,1.000e-04,313,-0.750290,0.849976,-0.011676,-0.008676
logistic,K,3,5,0.05,4,1.000e-04,314,-0.756977,0.850098,-0.003152,-0.004751
logistic,K,3,5,0.05,4,1.000e-04,315,-0.752481,0.847107,-0.003954,-0.005629
logistic,K,3,5,0.05,4,1.000e-04,316,-0.750607,0.849304,0.001276,-0.001708
logistic,K,3,5,0.05,4,1.000e-04,317,-0.753314,0.847778,-0.007682,-0.008420
logistic,K,3,5,0.05,4,1.000e-04,318,-0.762092,0.847168,-0.004469,0.014887
logistic,K,3,5,0.05,4,1.000e-04,319,-0.761755,0.845093,0.007057,0.003229
logistic,K,3,5,0.05,4,1.000e-04,320,-0.758740,0.844666,0.003103,0.002756
logistic,K,3,5,0.05,4,1.000e-04,321,-0.756045,0.848511,0.011027,-0.012747
logistic,K,3,5,0.05,4,1.000e-04,322,-0.767140,0.842224,0.006158,0.005839
logistic,K,3,5,0.05,4,1.000e-04,323,-0.763394,0.842590,0.011811,-0.003417
logistic,K,3,5,0.05,4,1.000e-04,324,-0.755423,0.844971,-0.005645,-0.001533
logistic,K,3,5,0.05,4,1.000e-04,325,-0.765947,0.846375,0.004947,0.013983
logistic,K,3,5,0.05,4,1.000e-04,326,-0.756589,0.847290,-0.003514,0.011441
logistic,K,3,5,0.05,4,1.000e-04,327,-0.750646,0.850098,-0.007931,-0.000603
logistic,K,3,5,0.05,4,1.000e-04,328,-0.752250,0.849731,0.000559,-0.004602
logistic,K,3,5,0.05,4,1.000e-04,329,-0.746586,0.854126,-0.001919,-0.012305
logistic,K,3,5,0.05,4,1.000e-04,330,-0.758176,0.845825,0.006837,-0.014552
logistic,K,3,5,0.05,4,1.000e-04,331,-0.756976,0.849121,-0.004043,-0.007838
logistic,K,3,5,0.05,4,1.000e-04,332,-0.762491,0.846130,0.005048,-0.001801
logistic,K,3,5,0.05,4,1.000e-04,333,-0.772178,0.839966,0.007607,0.005259
logistic,K,3,5,0.05,4,1.000e-04,334,-0.769772,0.842041,0.002060,0.013045
logistic,K,3,5,0.05,4,1.000e-04,335,-0.770038,0.843201,0.018125,0.002211
logistic,K,3,5,0.05,4,1.000e-04,336,-0.761444,0.846436,0.012985,-0.012387
logistic,K,3,5,0.05,4,1.000e-04,337,-0.756689,0.847168,0.003321,-0.003722
logistic,K,3,5,0.05,4,1.000e-04,338,-0.754039,0.850159,0.003626,-0.004447
logistic,K,3,5,0.05,4,1.000e-04,339,-0.759684,0.847412,0.003511,0.001833
logistic,K,3,5,0.05,4,1.000e-04,340,-0.751162,0.848694,-0.002069,-0.004114
logistic,K,3,5,0.05,4,1.000e-04,341,-0.762253,0.845093,0.001014,-0.002196
logistic,K,3,5,0.05,4,1.000e-04,342,-0.755105,0.849976,-0.004225,-0.007128
logistic,K,3,5,0.05,4,1.000e-04,343,-0.753703,0.848938,0.000924,-0.008813
logistic,K,3,5,0.05,4,1.000e-04,344,-0.752847,0.848816,-0.016488,-0.006658
logistic,K,3,5,0.05,4,1.000e-04,345,-0.764515,0.844666,-0.009211,0.015196
logistic,K,3,5,0.05,4,1.000e-04,346,-0.759219,0.846375,-0.004942,0.003361
logistic,K,3,5,0.05,4,1.000e-04,347,-0.749355,0.848450,-0.008791,0.000054
logistic,K,3,5,0.05,4,1.000e-04,348,-0.754764,0.849060,-0.003442,-0.004008
logistic,K,3,5,0.05,4,1.000e-04,349,-0.754807,0.847107,-0.005733,-0.016063
logistic,K,3,5,0.05,4,1.000e-04,350,-0.762080,0.844971,0.004690,-0.000542
logistic,K,3,5,0.05,4,1.000e-04,351,-0.760670,0.846741,-0.005769,0.009305
logistic,K,3,5,0.05,4,1.000e-04,352,-0.759691,0.845215,0.001929,0.008696
logistic,K,3,5,0.05,4,1.000e-04,353,-0.756302,0.850647,0.007825,-0.007348
logistic,K,3,5,0.05,4,1.000e-04,354,-0.759343,0.848694,-0.011612,0.007793
logistic,K,3,5,0.05,4,1.000e-04,355,-0.759533,0.843140,-0.006341,0.002439
logistic,K,3,5,0.05,4,1.000e-04,356,-0.753283,0.849854,-0.010767,0.001775
logistic,K,3,5,0.05,4,1.000e-04,357,-0.758978,0.846741,0.001872,-0.001145
logistic,K,3,5,0.05,4,1.000e-04,358,-0.758731,0.846497,-0.010065,0.001949
logistic,K,3,5,0.05,4,1.000e-04,359,-0.764194,0.840637,-0.003375,-0.000228
logistic,K,3,5,0.05,4,1.000e-04,360,-0.763736,0.845276,-0.001184,-0.002672
logistic,K,3,5,0.05,4,1.000e-04,361,-0.769913,0.842407,0.006940,0.017251
logistic,K,3,5,0.05,4,1.000e-04,362,-0.763268,0.845703,0.002170,0.008421
logistic,K,3,5,0.05,4,1.000e-04,363,-0.759246,0.846680,-0.004557,0.007844
logistic,K,3,5,0.05,4,1.000e-04,364,-0.765660,0.841248,0.009451,-0.004911
logistic,K,3,5,0.05,4,1.000e-04,365,-0.766621,0.843811,0.013980,-0.003443
logistic,K,3,5,0.05,4,1.000e-04,366,-0.764758,0.842163,-0.010539,0.014819
logistic,K,3,5,0.05,4,1.000e-04,367,-0.753337,0.849182,0.000036,-0.001241
logistic,K,3,5,0.05,4,1.000e-04,368,-0.759800,0.844910,0.001002,-0.004466
logistic,K,3,5,0.05,4,1.000e-04,369,-0.766315,0.844543,0.003996,0.006490
logistic,K,3,5,0.05,4,1.000e-04,370,-0.767452,0.843018,0.009199,0.010149
logistic,K,3,5,0.05,4,1.000e-04,371,-0.763691,0.844543,0.005469,0.009313
logistic,K,3,5,0.05,4,1.000e-04,372,-0.757675,0.845825,-0.006203,0.001751
logistic,K,3,5,0.05,4,1.000e-04,373,-0.755285,0.849426,0.000909,-0.009478
logistic,K,3,5,0.05,4,1.000e-04,374,-0.751822,0.849487,-0.014430,-0.002116
logistic,K,3,5,0.05,4,1.000e-04,375,-0.751577,0.846558,-0.011196,-0.009103
logistic,K,3,5,0.05,4,1.000e-04,376,-0.755764,0.847595,-0.013107,0.013970
logistic,K,3,5,0.05,4,1.000e-04,377,-0.751937,0.850403,-0.003934,0.002920
logistic,K,3,5,0.05,4,1.000e-04,378,-0.753646,0.848755,0.001175,-0.013863
logistic,K,3,5,0.05,4,1.000e-04,379,-0.756214,0.848145,0.014085,-0.008896
logistic,K,3,5,0.05,4,1.000e-04,380,-0.751985,0.852051,0.000162,0.000057
logistic,K,3,5,0.05,4,1.000e-04,381,-0.759678,0.844177,-0.005266,0.006998
logistic,K,3,5,0.05,4,1.000e-04,382,-0.755459,0.846069,-0.001389,-0.004218
logistic,K,3,5,0.05,4,1.000e-04,383,-0.753316,0.850098,-0.001840,0.004255
logistic,K,3,5,0.05,4,1.000e-04,384,-0.750078,0.850159,-0.008099,-0.014590
logistic,K,3,5,0.05,4,1.000e-04,385,-0.760434,0.844543,0.003224,-0.009499
logistic,K,3,5,0.05,4,1.000e-04,386,-0.757695,0.844360,-0.001197,-0.006903
logistic,K,3,5,0.05,4,1.000e-04,387,-0.753525,0.847229,-0.003438,-0.002731
logistic,K,3,5,0.05,4,1.000e-04,388,-0.760148,0.846924,0.002361,-0.002618
logistic,K,3,5,0.05,4,1.000e-04,389,-0.764528,0.843872,0.005749,0.000417
logistic,K,3,5,0.05,4,1.000e-04,390,-0.756501,0.848389,0.003102,-0.004261
logistic,K,3,5,0.05,4,1.000e-04,391,-0.757508,0.847656,-0.006877,0.003057
logistic,K,3,5,0.05,4,1.000e-04,392,-0.759792,0.845398,0.000829,-0.007096
logistic,K,3,5,0.05,4,1.000e-04,393,-0.764748,0.841125,0.012287,-0.005023
logistic,K,3,5,0.05,4,1.000e-04,394,-0.764414,0.844727,0.022097,0.004605
logistic,K,3,5,0.05,4,1.000e-04,395,-0.756167,0.847473,-0.001752,-0.011598
logistic,K,3,5,0.05,4,1.000e-04,396,-0.766978,0.844788,-0.000740,0.014603
logistic,K,3,5,0.05,4,1.000e-04,397,-0.758878,0.842224,0.002975,-0.002462
logistic,K,3,5,0.05,4,1.000e-04,398,-0.750985,0.847656,0.001155,-0.006986
logistic,K,3,5,0.05,4,1.000e-04,399,-0.751431,0.850769,-0.004056,-0.007921
logistic,K,3,5,0.05,4,1.000e-04,400,-0.756084,0.848022,-0.001845,0.003820
logistic,K,3,5,0.05,4,1.000e-03,1,-6.974408,0.000671,0.998384,0.998058
logistic,K,3,5,0.05,4,1.000e-03,2,-6.195628,0.000549,0.998986,0.997981
logistic,K,3,5,0.05,4,1.000e-03,3,-5.572891,0.002502,0.991724,0.995841
logistic,K,3,5,0.05,4,1.000e-03,4,-4.967274,0.005371,0.987718,0.985375
logistic,K,3,5,0.05,4,1.000e-03,5,-4.379381,0.008301,0.984029,0.977771
logistic,K,3,5,0.05,4,1.000e-03,6,-3.799686,0.016357,0.962723,0.961202
logistic,K,3,5,0.05,4,1.000e-03,7,-3.204902,0.030151,0.929647,0.925958
logistic,K,3,5,0.05,4,1.000e-03,8,-2.605595,0.070862,0.863780,0.843909
logistic,K,3,5,0.05,4,1.000e-03,9,-2.059940,0.217163,0.764613,0.753906
logistic,K,3,5,0.05,4,1.000e-03,10,-1.574524,0.465393,0.619337,0.579080
logistic,K,3,5,0.05,4,1.000e-03,11,-1.192597,0.656372,0.392941,0.348943
logistic,K,3,5,0.05,4,1.000e-03,12,-0.955332,0.760925,0.190908,0.160148
logistic,K,3,5,0.05,4,1.000e-03,13,-0.847808,0.805725,0.076741,0.064659
logistic,K,3,5,0.05,4,1.000e-03,14,-0.802803,0.824402,0.040795,0.024196
logistic,K,3,5,0.05,4,1.000e-03,15,-0.782030,0.835632,0.012264,0.021563
logistic,K,3,5,0.05,4,1.000e-03,16,-0.772907,0.840027,0.002589,0.013271
logistic,K,3,5,0.05,4,1.000e-03,17,-0.766348,0.842346,-0.003471,0.006533
logistic,K,3,5,0.05,4,1.000e-03,18,-0.765460,0.842896,0.009553,-0.000173
logistic,K,3,5,0.05,4,1.000e-03,19,-0.770961,0.842896,0.009217,0.008659
logistic,K,3,5,0.05,4,1.000e-03,20,-0.764603,0.843445,-0.006094,0.012254
logistic,K,3,5,0.05,4,1.000e-03,21,-0.761288,0.842957,0.000869,0.007504
logistic,K,3,5,0.05,4,1.000e-03,22,-0.759805,0.847717,0.002099,0.008533
logistic,K,3,5,0.05,4,1.000e-03,23,-0.761257,0.844910,0.004130,-0.000562
logistic,K,3,5,0.05,4,1.000e-03,24,-0.754594,0.853149,-0.003745,0.006174
logistic,K,3,5,0.05,4,1.000e-03,25,-0.755863,0.848938,-0.005633,-0.003963
logistic,K,3,5,0.05,4,1.000e-03,26,-0.757503,0.846985,0.000186,-0.007002
logistic,K,3,5,0.05,4,1.000e-03,27,-0.757548,0.846008,-0.005056,-0.010625
logistic,K,3,5,0.05,4,1.000e-03,28,-0.758430,0.846985,-0.010263,0.011798
logistic,K,3,5,0.05,4,1.000e-03,29,-0.756417,0.848389,0.002304,0.000241
logistic,K,3,5,0.05,4,1.000e-03,30,-0.754939,0.845581,-0.006249,-0.006566
logistic,K,3,5,0.05,4,1.000e-03,31,-0.752067,0.847656,-0.009106,-0.000005
logistic,K,3,5,0.05,4,1.000e-03,32,-0.759091,0.847351,-0.001680,-0.011051
logistic,K,3,5,0.05,4,1.000e-03,33,-0.762408,0.845093,-0.002098,-0.005212
logistic,K,3,5,0.05,4,1.000e-03,34,-0.752641,0.843506,-0.010802,-0.013686
logistic,K,3,5,0.05,4,1.000e-03,35,-0.757791,0.849121,0.013891,-0.001524
logistic,K,3,5,0.05,4,1.000e-03,36,-0.758570,0.844849,0.000304,-0.007662
logistic,K,3,5,0.05,4,1.000e-03,37,-0.758639,0.846436,-0.017685,0.006167
logistic,K,3,5,0.05,4,1.000e-03,38,-0.761451,0.849854,-0.002678,0.013157
logistic,K,3,5,0.05,4,1.000e-03,39,-0.756500,0.845215,-0.009065,-0.003058
logistic,K,3,5,0.05,4,1.000e-03,40,-0.762100,0.846741,-0.000822,0.002461
logistic,K,3,5,0.05,4,1.000e-03,41,-0.762328,0.846802,0.012109,-0.003179
logistic,K,3,5,0.05,4,1.000e-03,42,-0.765676,0.842590,-0.009071,-0.001449
logistic,K,3,5,0.05,4,1.000e-03,43,-0.765261,0.845276,0.001539,0.000233
logistic,K,3,5,0.05,4,1.000e-03,44,-0.762649,0.845398,0.001241,-0.001582
logistic,K,3,5,0.05,4,1.000e-03,45,-0.753438,0.847473,-0.001295,-0.000105
logistic,K,3,5,0.05,4,1.000e-03,46,-0.757301,0.846680,0.000184,-0.007010
logistic,K,3,5,0.05,4,1.000e-03,47,-0.758668,0.846497,-0.006825,0.005579
logistic,K,3,5,0.05,4,1.000e-03,48,-0.757632,0.847778,0.013112,-0.005906
logistic,K,3,5,0.05,4,1.000e-03,49,-0.756934,0.849243,-0.001503,-0.004875
logistic,K,3,5,0.05,4,1.000e-03,50,-0.769070,0.841370,0.007539,0.004193
logistic,K,3,5,0.05,4,1.000e-03,51,-0.767061,0.846375,-0.002307,0.015027
logistic,K,3,5,0.05,4,1.000e-03,52,-0.766052,0.840393,0.002187,0.001511
logistic,K,3,5,0.05,4,1.000e-03,53,-0.758862,0.846619,-0.005241,0.000697
logistic,K,3,5,0.05,4,1.000e-03,54,-0.762904,0.845703,0.008647,0.004769
logistic,K,3,5,0.05,4,1.000e-03,55,-0.755467,0.846741,0.000177,-0.011587
logistic,K,3,5,0.05,4,1.000e-03,56,-0.755290,0.850342,0.001551,-0.003558
logistic,K,3,5,0.05,4,1.000e-03,57,-0.756023,0.844849,-0.000633,-0.000700
logistic,K,3,5,0.05,4,1.000e-03,58,-0.750440,0.850891,-0.006071,-0.005286
logistic,K,3,5,0.05,4,1.000e-03,59,-0.756339,0.846680,-0.002784,-0.006117
logistic,K,3,5,0.05,4,1.000e-03,60,-0.750013,0.847473,0.001018,-0.010697
logistic,K,3,5,0.05,4,1.000e-03,61,-0.749914,0.853394,-0.005626,-0.010660
logistic,K,3,5,0.05,4,1.000e-03,62,-0.756985,0.851013,-0.012514,0.007021
logistic,K,3,5,0.05,4,1.000e-03,63,-0.760109,0.842834,-0.000591,0.001730
logistic,K,3,5,0.05,4,1.000e-03,64,-0.763375,0.845947,0.014814,-0.009470
logistic,K,3,5,0.05,4,1.000e-03,65,-0.759552,0.847168,-0.005903,0.004377
logistic,K,3,5,0.05,4,1.000e-03,66,-0.753248,0.849182,-0.004315,-0.001813
logistic,K,3,5,0.05,4,1.000e-03,67,-0.750591,0.848511,-0.017054,-0.002639
logistic,K,3,5,0.05,4,1.000e-03,68,-0.753772,0.852112,0.002384,-0.005445
logistic,K,3,5,0.05,4,1.000e-03,69,-0.752744,0.851013,-0.015577,-0.006467
logistic,K,3,5,0.05,4,1.000e-03,70,-0.762160,0.845947,0.004656,-0.007205
logistic,K,3,5,0.05,4,1.000e-03,71,-0.762618,0.840759,0.004484,-0.002808
logistic,K,3,5,0.05,4,1.000e-03,72,-0.765685,0.842346,0.003795,0.008510
logistic,K,3,5,0.05,4,1.000e-03,73,-0.764788,0.845093,0.001697,0.001431
logistic,K,3,5,0.05,4,1.000e-03,74,-0.749390,0.851074,-0.002809,-0.011687
logistic,K,3,5,0.05,4,1.000e-03,75,-0.765249,0.843750,-0.007079,0.005203
logistic,K,3,5,0.05,4,1.000e-03,76,-0.765257,0.844971,-0.011709,0.005067
logistic,K,3,5,0.05,4,1.000e-03,77,-0.752268,0.847168,-0.020695,-0.005284
logistic,K,3,5,0.05,4,1.000e-03,78,-0.761874,0.844666,0.004459,0.009824
logistic,K,3,5,0.05,4,1.000e-03,79,-0.761370,0.846191,0.002153,0.013669
logistic,K,3,5,0.05,4,1.000e-03,80,-0.751396,0.847290,-0.015017,-0.010424
logistic,K,3,5,0.05,4,1.000e-03,81,-0.757748,0.845642,-0.002798,0.004894
logistic,K,3,5,0.05,4,1.000e-03,82,-0.756789,0.847107,-0.002882,0.003227
logistic,K,3,5,0.05,4,1.000e-03,83,-0.752250,0.850952,-0.004146,0.000688
logistic,K,3,5,0.05,4,1.000e-03,84,-0.752459,0.847839,-0.007783,-0.009738
logistic,K,3,5,0.05,4,1.000e-03,85,-0.764186,0.843140,-0.000375,0.003552
logistic,K,3,5,0.05,4,1.000e-03,86,-0.762254,0.844910,-0.000606,-0.001992
logistic,K,3,5,0.05,4,1.000e-03,87,-0.761573,0.845032,0.005834,0.002458
logistic,K,3,5,0.05,4,1.000e-03,88,-0.758992,0.847412,-0.013918,-0.002779
logistic,K,3,5,0.05,4,1.000e-03,89,-0.763575,0.841858,-0.001222,0.009298
logistic,K,3,5,0.05,4,1.000e-03,90,-0.759374,0.847107,-0.002713,-0.005491
logistic,K,3,5,0.05,4,1.000e-03,91,-0.756231,0.849976,-0.006033,0.008126
logistic,K,3,5,0.05,4,1.000e-03,92,-0.756182,0.849854,-0.006164,0.003486
logistic,K,3,5,0.05,4,1.000e-03,93,-0.756846,0.849060,0.000174,-0.009300
logistic,K,3,5,0.05,4,1.000e-03,94,-0.755575,0.847412,-0.004562,-0.000784
logistic,K,3,5,0.05,4,1.000e-03,95,-0.760905,0.844299,0.001577,0.005707
logistic,K,3,5,0.05,4,1.000e-03,96,-0.761526,0.845642,0.002345,-0.005367
logistic,K,3,5,0.05,4,1.000e-03,97,-0.756105,0.849304,-0.009910,0.002436
logistic,K,3,5,0.05,4,1.000e-03,98,-0.764624,0.845825,0.001875,0.006363
logistic,K,3,5,0.05,4,1.000e-03,99,-0.754852,0.847290,-0.001160,-0.005149
logistic,K,3,5,0.05,4,1.000e-03,100,-0.751221,0.852722,0.005232,-0.012350
logistic,K,3,5,0.05,4,1.000e-03,101,-0.766695,0.843323,0.005539,0.017328
logistic,K,3,5,0.05,4,1.000e-03,102,-0.761880,0.849121,0.002626,0.003750
logistic,K,3,5,0.05,4,1.000e-03,103,-0.761150,0.844238,-0.003029,-0.012104
logistic,K,3,5,0.05,4,1.000e-03,104,-0.763090,0.846985,0.009304,0.001900
logistic,K,3,5,0.05,4,1.000e-03,105,-0.755065,0.847412,-0.003317,-0.006836
logistic,K,3,5,0.05,4,1.000e-03,106,-0.755180,0.847229,0.005522,-0.006969
logistic,K,3,5,0.05,4,1.000e-03,107,-0.757704,0.845032,-0.011053,0.010542
logistic,K,3,5,0.05,4,1.000e-03,108,-0.764991,0.845459,-0.003534,0.008239
logistic,K,3,5,0.05,4,1.000e-03,109,-0.764150,0.844788,0.012113,0.002350
logistic,K,3,5,0.05,4,1.000e-03,110,-0.758067,0.847778,-0.008131,0.008457
logistic,K,3,5,0.05,4,1.000e-03,111,-0.755736,0.847900,-0.001449,-0.003947
logistic,K,3,5,0.05,4,1.000e-03,112,-0.759523,0.844849,-0.002771,0.011134
logistic,K,3,5,0.05,4,1.000e-03,113,-0.758015,0.843872,0.000271,-0.012460
logistic,K,3,5,0.05,4,1.000e-03,114,-0.767037,0.844849,-0.000997,0.008921
logistic,K,3,5,0.05,4,1.000e-03,115,-0.755346,0.846741,0.000483,-0.002837
logistic,K,3,5,0.05,4,1.000e-03,116,-0.753784,0.848694,-0.018459,-0.004665
logistic,K,3,5,0.05,4,1.000e-03,117,-0.769478,0.841980,0.018822,0.012915
logistic,K,3,5,0.05,4,1.000e-03,118,-0.758194,0.848633,0.007576,-0.014536
logistic,K,3,5,0.05,4,1.000e-03,119,-0.761573,0.845764,0.013742,-0.003239
logistic,K,3,5,0.05,4,1.000e-03,120,-0.760261,0.843933,-0.002916,0.009487
logistic,K,3,5,0.05,4,1.000e-03,121,-0.750293,0.849609,-0.013392,-0.007069
logistic,K,3,5,0.05,4,1.000e-03,122,-0.751399,0.851135,0.006374,-0.013006
logistic,K,3,5,0.05,4,1.000e-03,123,-0.753922,0.844299,-0.007324,-0.004593
logistic,K,3,5,0.05,4,1.000e-03,124,-0.765907,0.844971,0.004552,0.000031
logistic,K,3,5,0.05,4,1.000e-03,125,-0.761539,0.842346,-0.006810,0.005721
logistic,K,3,5,0.05,4,1.000e-03,126,-0.753263,0.851318,-0.014043,-0.006365
logistic,K,3,5,0.05,4,1.000e-03,127,-0.764768,0.843079,0.002778,-0.002640
logistic,K,3,5,0.05,4,1.000e-03,128,-0.757695,0.845215,0.002300,-0.006039
logistic,K,3,5,0.05,4,1.000e-03,129,-0.758179,0.848877,-0.002774,0.004295
logistic,K,3,5,0.05,4,1.000e-03,130,-0.752842,0.851562,-0.015860,-0.002422
logistic,K,3,5,0.05,4,1.000e-03,131,-0.763917,0.844971,0.002906,0.005256
logistic,K,3,5,0.05,4,1.000e-03,132,-0.766949,0.839905,0.001359,-0.005088
logistic,K,3,5,0.05,4,1.000e-03,133,-0.761992,0.844299,0.011618,0.001680
logistic,K,3,5,0.05,4,1.000e-03,134,-0.759256,0.844971,0.008816,-0.005245
logistic,K,3,5,0.05,4,1.000e-03,135,-0.756596,0.845398,-0.003591,-0.001232
logistic,K,3,5,0.05,4,1.000e-03,136,-0.747731,0.854736,-0.008031,-0.000747
logistic,K,3,5,0.05,4,1.000e-03,137,-0.753921,0.845215,-0.018570,0.001153
logistic,K,3,5,0.05,4,1.000e-03,138,-0.764068,0.844421,0.002775,0.004788
logistic,K,3,5,0.05,4,1.000e-03,139,-0.766634,0.844055,-0.003829,0.004400
logistic,K,3,5,0.05,4,1.000e-03,140,-0.761156,0.842651,0.001575,-0.004840
logistic,K,3,5,0.05,4,1.000e-03,141,-0.763927,0.845581,0.001499,0.013709
logistic,K,3,5,0.05,4,1.000e-03,142,-0.759291,0.847961,-0.001657,0.004298
logistic,K,3,5,0.05,4,1.000e-03,143,-0.765437,0.841431,-0.014499,0.012359
logistic,K,3,5,0.05,4,1.000e-03,144,-0.766744,0.845093,0.009498,-0.000126
logistic,K,3,5,0.05,4,1.000e-03,145,-0.769673,0.841125,0.005713,0.000754
logistic,K,3,5,0.05,4,1.000e-03,146,-0.763173,0.844482,-0.005838,0.009094
logistic,K,3,5,0.05,4,1.000e-03,147,-0.757390,0.847229,-0.007533,0.008683
logistic,K,3,5,0.05,4,1.000e-03,148,-0.765637,0.843201,-0.014411,0.009810
logistic,K,3,5,0.05,4,1.000e-03,149,-0.765440,0.840881,-0.004290,0.010222
logistic,K,3,5,0.05,4,1.000e-03,150,-0.761210,0.845825,-0.002135,-0.004531
logistic,K,3,5,0.05,4,1.000e-03,151,-0.757605,0.847168,0.010505,-0.003580
logistic,K,3,5,0.05,4,1.000e-03,152,-0.750555,0.851135,-0.006883,-0.016813
logistic,K,3,5,0.05,4,1.000e-03,153,-0.748297,0.850464,-0.023388,-0.001484
logistic,K,3,5,0.05,4,1.000e-03,154,-0.752151,0.846924,0.001073,-0.012016
logistic,K,3,5,0.05,4,1.000e-03,155,-0.758632,0.843445,-0.016306,-0.001334
logistic,K,3,5,0.05,4,1.000e-03,156,-0.770822,0.839050,0.018033,0.005867
logistic,K,3,5,0.05,4,1.000e-03,157,-0.757621,0.850342,0.004985,0.008704
logistic,K,3,5,0.05,4,1.000e-03,158,-0.761709,0.846313,-0.002322,0.012755
logistic,K,3,5,0.05,4,1.000e-03,159,-0.759355,0.843384,-0.010743,-0.000152
logistic,K,3,5,0.05,4,1.000e-03,160,-0.758486,0.842590,-0.004487,-0.009229
logistic,K,3,5,0.05,4,1.000e-03,161,-0.761572,0.846252,0.011249,0.004427
logistic,K,3,5,0.05,4,1.000e-03,162,-0.765031,0.840271,0.006450,-0.004726
logistic,K,3,5,0.05,4,1.000e-03,163,-0.770660,0.838501,0.004879,0.006035
logistic,K,3,5,0.05,4,1.000e-03,164,-0.765529,0.842041,0.005191,0.003100
logistic,K,3,5,0.05,4,1.000e-03,165,-0.765990,0.843933,0.014055,-0.000568
logistic,K,3,5,0.05,4,1.000e-03,166,-0.763501,0.843689,-0.002182,0.002700
logistic,K,3,5,0.05,4,1.000e-03,167,-0.767575,0.843628,-0.000854,0.013714
logistic,K,3,5,0.05,4,1.000e-03,168,-0.770288,0.837952,0.017180,0.001619
logistic,K,3,5,0.05,4,1.000e-03,169,-0.760055,0.845032,0.006590,0.004353
logistic,K,3,5,0.05,4,1.000e-03,170,-0.764474,0.842529,-0.000733,0.005494
logistic,K,3,5,0.05,4,1.000e-03,171,-0.763174,0.846008,0.002396,0.008928
logistic,K,3,5,0.05,4,1.000e-03,172,-0.756634,0.848877,0.001073,-0.006274
logistic,K,3,5,0.05,4,1.000e-03,173,-0.761053,0.843689,-0.005132,0.003051
logistic,K,3,5,0.05,4,1.000e-03,174,-0.748373,0.849854,-0.007145,-0.003643
logistic,K,3,5,0.05,4,1.000e-03,175,-0.750055,0.852844,0.008319,-0.010728
logistic,K,3,5,0.05,4,1.000e-03,176,-0.754449,0.847595,-0.005060,-0.016462
logistic,K,3,5,0.05,4,1.000e-03,177,-0.760055,0.845459,-0.002589,-0.003030
logistic,K,3,5,0.05,4,1.000e-03,178,-0.765995,0.844849,-0.000056,0.009019
logistic,K,3,5,0.05,4,1.000e-03,179,-0.769917,0.838501,0.001170,0.012758
logistic,K,3,5,0.05,4,1.000e-03,180,-0.759101,0.849609,0.001915,0.009030
logistic,K,3,5,0.05,4,1.000e-03,181,-0.764277,0.847595,-0.000366,0.012186
logistic,K,3,5,0.05,4,1.000e-03,182,-0.771029,0.841064,0.006459,0.011012
logistic,K,3,5,0.05,4,1.000e-03,183,-0.768289,0.842957,0.005944,0.012639
logistic,K,3,5,0.05,4,1.000e-03,184,-0.762355,0.845337,0.003493,0.000273
logistic,K,3,5,0.05,4,1.000e-03,185,-0.759004,0.845642,-0.009424,0.004706
logistic,K,3,5,0.05,4,1.000e-03,186,-0.768403,0.840881,-0.007003,0.021508
logistic,K,3,5,0.05,4,1.000e-03,187,-0.758582,0.848389,-0.013538,-0.005189
logistic,K,3,5,0.05,4,1.000e-03,188,-0.770760,0.841492,0.008221,0.016177
logistic,K,3,5,0.05,4,1.000e-03,189,-0.759787,0.846619,0.002635,-0.006806
logistic,K,3,5,0.05,4,1.000e-03,190,-0.759028,0.849609,0.001464,0.004627
logistic,K,3,5,0.05,4,1.000e-03,191,-0.765704,0.843506,0.006506,0.005854
logistic,K,3,5,0.05,4,1.000e-03,192,-0.767331,0.844604,0.000226,0.013364
logistic,K,3,5,0.05,4,1.000e-03,193,-0.759149,0.844299,-0.002353,-0.003050
logistic,K,3,5,0.05,4,1.000e-03,194,-0.761284,0.841797,-0.003925,0.003201
logistic,K,3,5,0.05,4,1.000e-03,195,-0.757985,0.845215,-0.003395,-0.009226
logistic,K,3,5,0.05,4,1.000e-03,196,-0.759206,0.846741,0.012189,-0.012239
logistic,K,3,5,0.05,4,1.000e-03,197,-0.748451,0.853210,-0.001187,-0.017227
logistic,K,3,5,0.05,4,1.000e-03,198,-0.756515,0.846924,-0.000422,-0.002628
logistic,K,3,5,0.05,4,1.000e-03,199,-0.751644,0.850342,-0.014012,-0.009201
logistic,K,3,5,0.05,4,1.000e-03,200,-0.757623,0.844482,-0.017361,0.012695
logistic,K,3,5,0.05,4,1.000e-03,201,-0.756095,0.847595,-0.006858,-0.009737
logistic,K,3,5,0.05,4,1.000e-03,202,-0.756653,0.846802,0.003447,-0.003163
logistic,K,3,5,0.05,4,1.000e-03,203,-0.759042,0.848206,-0.014617,0.010375
logistic,K,3,5,0.05,4,1.000e-03,204,-0.760022,0.845337,-0.009573,0.005652
logistic,K,3,5,0.05,4,1.000e-03,205,-0.764959,0.843201,0.012115,0.008605
logistic,K,3,5,0.05,4,1.000e-03,206,-0.760731,0.849487,-0.003787,0.005765
logistic,K,3,5,0.05,4,1.000e-03,207,-0.759318,0.843933,-0.002659,-0.007766
logistic,K,3,5,0.05,4,1.000e-03,208,-0.764378,0.844116,0.002762,0.003012
logistic,K,3,5,0.05,4,1.000e-03,209,-0.763041,0.844727,0.006033,0.000648
logistic,K,3,5,0.05,4,1.000e-03,210,-0.763244,0.842163,0.002402,-0.000267
logistic,K,3,5,0.05,4,1.000e-03,211,-0.757279,0.844971,0.007394,-0.009421
logistic,K,3,5,0.05,4,1.000e-03,212,-0.763774,0.844360,0.005503,0.000726
logistic,K,3,5,0.05,4,1.000e-03,213,-0.768179,0.841309,0.005902,0.011624
logistic,K,3,5,0.05,4,1.000e-03,214,-0.761200,0.844421,-0.000685,0.004609
logistic,K,3,5,0.05,4,1.000e-03,215,-0.752359,0.849548,-0.005431,0.009894
logistic,K,3,5,0.05,4,1.000e-03,216,-0.752080,0.852234,-0.011438,-0.013031
logistic,K,3,5,0.05,4,1.000e-03,217,-0.763344,0.845825,0.003057,0.003810
logistic,K,3,5,0.05,4,1.000e-03,218,-0.760184,0.845154,0.000290,-0.006677
logistic,K,3,5,0.05,4,1.000e-03,219,-0.763951,0.843018,0.008916,0.011757
logistic,K,3,5,0.05,4,1.000e-03,220,-0.757374,0.846863,0.005569,0.003212
logistic,K,3,5,0.05,4,1.000e-03,221,-0.756332,0.846924,-0.007605,-0.007856
logistic,K,3,5,0.05,4,1.000e-03,222,-0.755740,0.850891,0.000301,-0.009420
logistic,K,3,5,0.05,4,1.000e-03,223,-0.757015,0.844482,-0.008505,-0.002867
logistic,K,3,5,0.05,4,1.000e-03,224,-0.749916,0.852417,-0.010812,-0.001329
logistic,K,3,5,0.05,4,1.000e-03,225,-0.757174,0.848999,0.009727,0.006049
logistic,K,3,5,0.05,4,1.000e-03,226,-0.760371,0.849304,-0.005127,0.003544
logistic,K,3,5,0.05,4,1.000e-03,227,-0.756728,0.845459,-0.002155,-0.007694
logistic,K,3,5,0.05,4,1.000e-03,228,-0.763616,0.842896,0.000704,-0.002646
logistic,K,3,5,0.05,4,1.000e-03,229,-0.768380,0.841003,0.002366,0.004463
logistic,K,3,5,0.05,4,1.000e-03,230,-0.766142,0.841919,0.007302,0.011943
logistic,K,3,5,0.05,4,1.000e-03,231,-0.763602,0.845764,-0.004915,0.006831
logistic,K,3,5,0.05,4,1.000e-03,232,-0.761860,0.844238,0.002291,-0.013737
logistic,K,3,5,0.05,4,1.000e-03,233,-0.756200,0.850220,-0.002652,-0.000724
logistic,K,3,5,0.05,4,1.000e-03,234,-0.763204,0.841125,-0.017430,0.005794
logistic,K,3,5,0.05,4,1.000e-03,235,-0.765432,0.842468,0.004789,-0.006807
logistic,K,3,5,0.05,4,1.000e-03,236,-0.763823,0.841553,0.005928,0.001489
logistic,K,3,5,0.05,4,1.000e-03,237,-0.763761,0.844910,0.002926,-0.000088
logistic,K,3,5,0.05,4,1.000e-03,238,-0.769477,0.843079,0.001370,0.007303
logistic,K,3,5,0.05,4,1.000e-03,239,-0.772586,0.838745,0.001603,0.007199
logistic,K,3,5,0.05,4,1.000e-03,240,-0.761124,0.845215,0.005750,0.005454
logistic,K,3,5,0.05,4,1.000e-03,241,-0.758669,0.847107,0.002835,-0.002201
logistic,K,3,5,0.05,4,1.000e-03,242,-0.758176,0.846069,0.001586,-0.006579
logistic,K,3,5,0.05,4,1.000e-03,243,-0.753370,0.846313,-0.006915,-0.009561
logistic,K,3,5,0.05,4,1.000e-03,244,-0.759671,0.848633,0.009515,0.001561
logistic,K,3,5,0.05,4,1.000e-03,245,-0.755888,0.844482,-0.000499,-0.002022
logistic,K,3,5,0.05,4,1.000e-03,246,-0.767181,0.841248,0.004869,0.006902
logistic,K,3,5,0.05,4,1.000e-03,247,-0.767507,0.844910,0.003417,0.000865
logistic,K,3,5,0.05,4,1.000e-03,248,-0.753138,0.849976,-0.016379,0.009751
logistic,K,3,5,0.05,4,1.000e-03,249,-0.754642,0.848999,-0.005769,-0.012924
logistic,K,3,5,0.05,4,1.000e-03,250,-0.768567,0.840637,-0.004397,0.007949
logistic,K,3,5,0.05,4,1.000e-03,251,-0.767669,0.845032,0.006610,0.006406
logistic,K,3,5,0.05,4,1.000e-03,252,-0.763438,0.844421,0.003251,0.003166
logistic,K,3,5,0.05,4,1.000e-03,253,-0.762148,0.847290,0.003497,0.012905
logistic,K,3,5,0.05,4,1.000e-03,254,-0.755443,0.848755,-0.007678,-0.002582
logistic,K,3,5,0.05,4,1.000e-03,255,-0.762250,0.843262,-0.007145,-0.001527
logistic,K,3,5,0.05,4,1.000e-03,256,-0.763487,0.848022,0.001580,0.008593
logistic,K,3,5,0.05,4,1.000e-03,257,-0.752991,0.850037,-0.017519,-0.002022
logistic,K,3,5,0.05,4,1.000e-03,258,-0.754729,0.848328,-0.016205,0.010519
logistic,K,3,5,0.05,4,1.000e-03,259,-0.755679,0.845520,-0.001901,-0.002341
logistic,K,3,5,0.05,4,1.000e-03,260,-0.753886,0.849365,-0.001243,-0.007372
logistic,K,3,5,0.05,4,1.000e-03,261,-0.767244,0.842896,0.008696,0.010276
logistic,K,3,5,0.05,4,1.000e-03,262,-0.762133,0.846985,-0.001967,0.004472
logistic,K,3,5,0.05,4,1.000e-03,263,-0.759410,0.843872,0.002091,-0.007221
logistic,K,3,5,0.05,4,1.000e-03,264,-0.761307,0.845886,-0.003799,0.008193
logistic,K,3,5,0.05,4,1.000e-03,265,-0.758366,0.842896,-0.002196,-0.001858
logistic,K,3,5,0.05,4,1.000e-03,266,-0.758295,0.843689,-0.012818,0.005466
logistic,K,3,5,0.05,4,1.000e-03,267,-0.759599,0.846130,-0.000644,0.002075
logistic,K,3,5,0.05,4,1.000e-03,268,-0.757547,0.850403,0.004323,0.003420
logistic,K,3,5,0.05,4,1.000e-03,269,-0.748566,0.851868,-0.008779,-0.013194
logistic,K,3,5,0.05,4,1.000e-03,270,-0.759943,0.845825,0.009895,-0.003008
logistic,K,3,5,0.05,4,1.000e-03,271,-0.759555,0.846863,0.015311,-0.010967
logistic,K,3,5,0.05,4,1.000e-03,272,-0.755402,0.845886,0.004335,-0.005424
logistic,K,3,5,0.05,4,1.000e-03,273,-0.751002,0.850586,-0.001693,-0.003696
logistic,K,3,5,0.05,4,1.000e-03,274,-0.753763,0.850403,-0.002742,0.007585
logistic,K,3,5,0.05,4,1.000e-03,275,-0.756595,0.846436,0.000204,-0.011573
logistic,K,3,5,0.05,4,1.000e-03,276,-0.762509,0.843018,0.004615,-0.006551
logistic,K,3,5,0.05,4,1.000e-03,277,-0.768748,0.841309,0.009805,0.008628
logistic,K,3,5,0.05,4,1.000e-03,278,-0.763417,0.848694,-0.000097,0.007535
logistic,K,3,5,0.05,4,1.000e-03,279,-0.769496,0.842285,0.001381,0.012864
logistic,K,3,5,0.05,4,1.000e-03,280,-0.769969,0.843140,0.017123,0.003065
logistic,K,3,5,0.05,4,1.000e-03,281,-0.760979,0.841858,-0.004472,-0.002469
logistic,K,3,5,0.05,4,1.000e-03,282,-0.763280,0.844849,0.004291,0.006217
logistic,K,3,5,0.05,4,1.000e-03,283,-0.767079,0.844055,0.006573,0.010548
logistic,K,3,5,0.05,4,1.000e-03,284,-0.765183,0.845154,0.000368,0.010740
logistic,K,3,5,0.05,4,1.000e-03,285,-0.763242,0.840332,-0.001483,0.000701
logistic,K,3,5,0.05,4,1.000e-03,286,-0.757880,0.844299,-0.000700,-0.004025
logistic,K,3,5,0.05,4,1.000e-03,287,-0.759449,0.848877,0.002194,0.010334
logistic,K,3,5,0.05,4,1.000e-03,288,-0.744837,0.853760,-0.010271,-0.015305
logistic,K,3,5,0.05,4,1.000e-03,289,-0.752445,0.851074,-0.017946,0.003177
logistic,K,3,5,0.05,4,1.000e-03,290,-0.757938,0.846558,-0.006088,-0.000553
logistic,K,3,5,0.05,4,1.000e-03,291,-0.759648,0.846191,0.002464,0.001877
logistic,K,3,5,0.05,4,1.000e-03,292,-0.757182,0.847229,-0.005631,0.008302
logistic,K,3,5,0.05,4,1.000e-03,293,-0.748060,0.850159,-0.012275,-0.014753
logistic,K,3,5,0.05,4,1.000e-03,294,-0.760646,0.844971,-0.000648,-0.008014
logistic,K,3,5,0.05,4,1.000e-03,295,-0.763758,0.847412,0.004430,0.001837
logistic,K,3,5,0.05,4,1.000e-03,296,-0.759503,0.847351,-0.001415,-0.013703
logistic,K,3,5,0.05,4,1.000e-03,297,-0.758460,0.846985,0.005822,-0.009617
logistic,K,3,5,0.05,4,1.000e-03,298,-0.769721,0.841125,-0.003320,0.010527
logistic,K,3,5,0.05,4,1.000e-03,299,-0.772208,0.841675,0.004487,0.016648
logistic,K,3,5,0.05,4,1.000e-03,300,-0.775268,0.840454,0.008622,0.015515
logistic,K,3,5,0.05,4,1.000e-03,301,-0.765085,0.845032,-0.000511,0.001239
logistic,K,3,5,0.05,4,1.000e-03,302,-0.759830,0.846497,0.008019,0.002737
logistic,K,3,5,0.05,4,1.000e-03,303,-0.756989,0.849060,-0.009217,-0.000927
logistic,K,3,5,0.05,4,1.000e-03,304,-0.764720,0.844543,-0.003501,-0.001618
logistic,K,3,5,0.05,4,1.000e-03,305,-0.755389,0.847961,0.007652,-0.018038
logistic,K,3,5,0.05,4,1.000e-03,306,-0.757504,0.849792,-0.001509,-0.004491
logistic,K,3,5,0.05,4,1.000e-03,307,-0.756128,0.844421,-0.002834,-0.009644
logistic,K,3,5,0.05,4,1.000e-03,308,-0.765430,0.843750,0.005846,-0.004500
logistic,K,3,5,0.05,4,1.000e-03,309,-0.769439,0.842224,0.011680,0.003628
logistic,K,3,5,0.05,4,1.000e-03,310,-0.766292,0.839172,0.005510,0.006710
logistic,K,3,5,0.05,4,1.000e-03,311,-0.763542,0.841797,0.001121,-0.000395
logistic,K,3,5,0.05,4,1.000e-03,312,-0.764152,0.841980,0.009385,-0.000840
logistic,K,3,5,0.05,4,1.000e-03,313,-0.759879,0.846436,0.009017,0.000684
logistic,K,3,5,0.05,4,1.000e-03,314,-0.753308,0.850403,-0.010827,-0.001872
logistic,K,3,5,0.05,4,1.000e-03,315,-0.755437,0.846252,0.002068,-0.000829
logistic,K,3,5,0.05,4,1.000e-03,316,-0.756889,0.845093,-0.001363,-0.002053
logistic,K,3,5,0.05,4,1.000e-03,317,-0.754211,0.849121,-0.003990,0.006960
logistic,K,3,5,0.05,4,1.000e-03,318,-0.749284,0.850464,-0.006538,-0.014091
logistic,K,3,5,0.05,4,1.000e-03,319,-0.758299,0.847229,0.004382,-0.000964
logistic,K,3,5,0.05,4,1.000e-03,320,-0.756715,0.850281,0.003581,-0.001416
logistic,K,3,5,0.05,4,1.000e-03,321,-0.755522,0.848572,-0.000921,0.002005
logistic,K,3,5,0.05,4,1.000e-03,322,-0.755989,0.848755,-0.011576,0.004019
logistic,K,3,5,0.05,4,1.000e-03,323,-0.758329,0.846130,-0.001663,-0.016752
logistic,K,3,5,0.05,4,1.000e-03,324,-0.771398,0.841492,0.016675,0.014452
logistic,K,3,5,0.05,4,1.000e-03,325,-0.761169,0.844666,0.006436,-0.007877
logistic,K,3,5,0.05,4,1.000e-03,326,-0.758108,0.842712,0.001952,0.002215
logistic,K,3,5,0.05,4,1.000e-03,327,-0.758642,0.844482,-0.005598,-0.004972
logistic,K,3,5,0.05,4,1.000e-03,328,-0.761816,0.846558,0.000949,0.005489
logistic,K,3,5,0.05,4,1.000e-03,329,-0.763841,0.843018,-0.000711,-0.006176
logistic,K,3,5,0.05,4,1.000e-03,330,-0.767805,0.842651,0.006070,0.005919
logistic,K,3,5,0.05,4,1.000e-03,331,-0.759648,0.842163,-0.009691,0.001676
logistic,K,3,5,0.05,4,1.000e-03,332,-0.758150,0.847412,-0.002323,-0.005281
logistic,K,3,5,0.05,4,1.000e-03,333,-0.769889,0.841431,0.014233,-0.000878
logistic,K,3,5,0.05,4,1.000e-03,334,-0.768598,0.841431,0.013858,0.000807
logistic,K,3,5,0.05,4,1.000e-03,335,-0.759965,0.848267,0.016167,-0.016227
logistic,K,3,5,0.05,4,1.000e-03,336,-0.757808,0.844238,-0.007835,-0.008100
logistic,K,3,5,0.05,4,1.000e-03,337,-0.762603,0.844055,-0.000919,0.005149
logistic,K,3,5,0.05,4,1.000e-03,338,-0.755944,0.844666,-0.005797,-0.008437
logistic,K,3,5,0.05,4,1.000e-03,339,-0.765303,0.843872,0.017282,-0.005160
logistic,K,3,5,0.05,4,1.000e-03,340,-0.766645,0.841675,0.008002,-0.000482
logistic,K,3,5,0.05,4,1.000e-03,341,-0.758341,0.847107,0.001810,0.005007
logistic,K,3,5,0.05,4,1.000e-03,342,-0.747325,0.851929,0.010035,-0.014598
logistic,K,3,5,0.05,4,1.000e-03,343,-0.756190,0.843811,-0.004051,0.000726
logistic,K,3,5,0.05,4,1.000e-03,344,-0.759767,0.847534,0.001143,0.003820
logistic,K,3,5,0.05,4,1.000e-03,345,-0.754920,0.844666,0.003809,-0.004415
logistic,K,3,5,0.05,4,1.000e-03,346,-0.755078,0.848694,-0.005534,-0.002147
logistic,K,3,5,0.05,4,1.000e-03,347,-0.758524,0.847229,-0.011551,0.005404
logistic,K,3,5,0.05,4,1.000e-03,348,-0.760964,0.845032,0.001621,0.008090
logistic,K,3,5,0.05,4,1.000e-03,349,-0.756819,0.846680,-0.007810,0.007061
logistic,K,3,5,0.05,4,1.000e-03,350,-0.759275,0.844910,0.006277,-0.007463
logistic,K,3,5,0.05,4,1.000e-03,351,-0.761109,0.845337,0.006011,-0.004190
logistic,K,3,5,0.05,4,1.000e-03,352,-0.751458,0.850708,0.007449,-0.016032
logistic,K,3,5,0.05,4,1.000e-03,353,-0.755441,0.849182,-0.007060,-0.001287
logistic,K,3,5,0.05,4,1.000e-03,354,-0.764135,0.842468,-0.002736,0.000264
logistic,K,3,5,0.05,4,1.000e-03,355,-0.764903,0.843933,0.009661,0.003782
logistic,K,3,5,0.05,4,1.000e-03,356,-0.765986,0.847351,0.016174,0.013830
logistic,K,3,5,0.05,4,1.000e-03,357,-0.756119,0.847961,-0.000955,-0.009869
logistic,K,3,5,0.05,4,1.000e-03,358,-0.760305,0.846558,0.003308,0.002509
logistic,K,3,5,0.05,4,1.000e-03,359,-0.755267,0.845459,-0.005233,-0.006180
logistic,K,3,5,0.05,4,1.000e-03,360,-0.767947,0.841064,0.005569,-0.003436
logistic,K,3,5,0.05,4,1.000e-03,361,-0.763903,0.844788,0.005425,-0.004428
logistic,K,3,5,0.05,4,1.000e-03,362,-0.757275,0.846558,-0.001937,-0.004839
logistic,K,3,5,0.05,4,1.000e-03,363,-0.761598,0.844177,-0.000879,0.000257
logistic,K,3,5,0.05,4,1.000e-03,364,-0.758465,0.842468,-0.008912,-0.002629
logistic,K,3,5,0.05,4,1.000e-03,365,-0.765409,0.844604,0.014325,-0.000570
logistic,K,3,5,0.05,4,1.000e-03,366,-0.759704,0.848083,0.001533,0.010858
logistic,K,3,5,0.05,4,1.000e-03,367,-0.760421,0.844482,-0.000218,0.003456
logistic,K,3,5,0.05,4,1.000e-03,368,-0.763369,0.843689,0.017894,-0.007441
logistic,K,3,5,0.05,4,1.000e-03,369,-0.761024,0.847412,0.011827,-0.001199
logistic,K,3,5,0.05,4,1.000e-03,370,-0.756882,0.846558,0.004417,-0.001300
logistic,K,3,5,0.05,4,1.000e-03,371,-0.754619,0.848328,-0.016204,0.000441
logistic,K,3,5,0.05,4,1.000e-03,372,-0.765051,0.845276,0.007873,0.002143
logistic,K,3,5,0.05,4,1.000e-03,373,-0.758896,0.848206,-0.001016,-0.007611
logistic,K,3,5,0.05,4,1.000e-03,374,-0.757555,0.848328,0.005633,-0.009021
logistic,K,3,5,0.05,4,1.000e-03,375,-0.750681,0.851074,-0.015010,0.005697
logistic,K,3,5,0.05,4,1.000e-03,376,-0.753781,0.850769,0.010714,-0.007227
logistic,K,3,5,0.05,4,1.000e-03,377,-0.757731,0.845703,-0.004078,-0.000138
logistic,K,3,5,0.05,4,1.000e-03,378,-0.751998,0.848572,-0.015839,-0.007920
logistic,K,3,5,0.05,4,1.000e-03,379,-0.756563,0.851074,-0.004538,0.005754
logistic,K,3,5,0.05,4,1.000e-03,380,-0.757624,0.850403,-0.003495,0.005560
logistic,K,3,5,0.05,4,1.000e-03,381,-0.761615,0.843750,-0.004621,0.005399
logistic,K,3,5,0.05,4,1.000e-03,382,-0.760327,0.845276,-0.000995,-0.001304
logistic,K,3,5,0.05,4,1.000e-03,383,-0.758250,0.844238,0.001083,-0.003913
logistic,K,3,5,0.05,4,1.000e-03,384,-0.761659,0.845459,0.005013,-0.000244
logistic,K,3,5,0.05,4,1.000e-03,385,-0.769699,0.843506,0.000529,0.016123
logistic,K,3,5,0.05,4,1.000e-03,386,-0.767256,0.840027,-0.002356,0.000995
logistic,K,3,5,0.05,4,1.000e-03,387,-0.757389,0.844604,-0.008668,-0.004610
logistic,K,3,5,0.05,4,1.000e-03,388,-0.765836,0.846130,0.015127,-0.000328
logistic,K,3,5,0.05,4,1.000e-03,389,-0.757979,0.849609,-0.003598,0.009956
logistic,K,3,5,0.05,4,1.000e-03,390,-0.756210,0.848206,-0.003696,0.004059
logistic,K,3,5,0.05,4,1.000e-03,391,-0.756903,0.846680,-0.015138,-0.008394
logistic,K,3,5,0.05,4,1.000e-03,392,-0.760593,0.843140,0.001556,0.003401
logistic,K,3,5,0.05,4,1.000e-03,393,-0.759229,0.848633,0.007179,0.005344
logistic,K,3,5,0.05,4,1.000e-03,394,-0.763984,0.843384,-0.001905,0.012430
logistic,K,3,5,0.05,4,1.000e-03,395,-0.767769,0.842529,0.013644,-0.002967
logistic,K,3,5,0.05,4,1.000e-03,396,-0.760656,0.846436,0.000635,-0.004549
logistic,K,3,5,0.05,4,1.000e-03,397,-0.765619,0.843628,0.001420,0.007398
logistic,K,3,5,0.05,4,1.000e-03,398,-0.757023,0.843689,-0.009918,-0.006065
logistic,K,3,5,0.05,4,1.000e-03,399,-0.760792,0.846863,-0.003898,-0.003373
logistic,K,3,5,0.05,4,1.000e-03,400,-0.758872,0.849304,0.010986,-0.003892
logistic,K,3,5,0.05,4,1.000e-02,1,-4.644379,0.006958,0.979607,0.983228
logistic,K,3,5,0.05,4,1.000e-02,2,-3.849573,0.010681,0.969383,0.969666
logistic,K,3,5,0.05,4,1.000e-02,3,-3.194944,0.029419,0.924333,0.925703
logistic,K,3,5,0.05,4,1.000e-02,4,-2.589904,0.049988,0.881253,0.872452
logistic,K,3,5,0.05,4,1.000e-02,5,-2.008675,0.181824,0.786952,0.751708
logistic,K,3,5,0.05,4,1.000e-02,6,-1.530655,0.457642,0.644952,0.603487
logistic,K,3,5,0.05,4,1.000e-02,7,-1.137891,0.686707,0.399826,0.357393
logistic,K,3,5,0.05,4,1.000e-02,8,-0.891507,0.790649,0.157658,0.115765
logistic,K,3,5,0.05,4,1.000e-02,9,-0.792208,0.832092,0.025448,0.025791
logistic,K,3,5,0.05,4,1.000e-02,10,-0.777794,0.840149,0.014360,0.015386
logistic,K,3,5,0.05,4,1.000e-02,11,-0.773082,0.841125,0.009162,0.014819
logistic,K,3,5,0.05,4,1.000e-02,12,-0.762778,0.844971,-0.007086,-0.004455
logistic,K,3,5,0.05,4,1.000e-02,13,-0.767614,0.842834,0.002982,-0.004715
logistic,K,3,5,0.05,4,1.000e-02,14,-0.767199,0.843445,0.010577,0.000928
logistic,K,3,5,0.05,4,1.000e-02,15,-0.762861,0.847595,-0.000233,-0.007489
logistic,K,3,5,0.05,4,1.000e-02,16,-0.763533,0.844604,-0.011687,-0.004782
logistic,K,3,5,0.05,4,1.000e-02,17,-0.759433,0.844299,0.004326,-0.014452
logistic,K,3,5,0.05,4,1.000e-02,18,-0.767631,0.841064,-0.004846,0.005699
logistic,K,3,5,0.05,4,1.000e-02,19,-0.767720,0.844543,-0.005706,0.006973
logistic,K,3,5,0.05,4,1.000e-02,20,-0.767820,0.844788,-0.004183,0.018111
logistic,K,3,5,0.05,4,1.000e-02,21,-0.748639,0.853210,-0.007937,-0.006733
logistic,K,3,5,0.05,4,1.000e-02,22,-0.756043,0.847778,-0.007008,-0.007660
logistic,K,3,5,0.05,4,1.000e-02,23,-0.757854,0.848083,-0.008832,-0.004249
logistic,K,3,5,0.05,4,1.000e-02,24,-0.768499,0.838318,0.003392,0.004061
logistic,K,3,5,0.05,4,1.000e-02,25,-0.767497,0.840759,-0.003483,-0.008291
logistic,K,3,5,0.05,4,1.000e-02,26,-0.770274,0.844543,0.007267,-0.001414
logistic,K,3,5,0.05,4,1.000e-02,27,-0.767475,0.843506,0.011876,-0.006844
logistic,K,3,5,0.05,4,1.000e-02,28,-0.764354,0.845703,0.011257,-0.000523
logistic,K,3,5,0.05,4,1.000e-02,29,-0.760453,0.852356,0.008207,-0.009926
logistic,K,3,5,0.05,4,1.000e-02,30,-0.758918,0.843811,-0.007396,-0.008385
logistic,K,3,5,0.05,4,1.000e-02,31,-0.756725,0.845764,-0.015186,0.000634
logistic,K,3,5,0.05,4,1.000e-02,32,-0.758120,0.845154,-0.017992,0.013220
logistic,K,3,5,0.05,4,1.000e-02,33,-0.765851,0.844604,-0.010661,0.007442
logistic,K,3,5,0.05,4,1.000e-02,34,-0.759818,0.846313,-0.002832,-0.001949
logistic,K,3,5,0.05,4,1.000e-02,35,-0.756866,0.844482,0.008848,-0.012465
logistic,K,3,5,0.05,4,1.000e-02,36,-0.767521,0.842834,0.010125,0.001385
logistic,K,3,5,0.05,4,1.000e-02,37,-0.764437,0.842834,-0.004247,-0.007327
logistic,K,3,5,0.05,4,1.000e-02,38,-0.766047,0.846252,0.003779,0.009175
logistic,K,3,5,0.05,4,1.000e-02,39,-0.759866,0.847412,0.000666,-0.010000
logistic,K,3,5,0.05,4,1.000e-02,40,-0.760636,0.846008,-0.002501,-0.013767
logistic,K,3,5,0.05,4,1.000e-02,41,-0.769017,0.845703,0.001004,0.003123
logistic,K,3,5,0.05,4,1.000e-02,42,-0.769347,0.842102,0.000590,-0.003441
logistic,K,3,5,0.05,4,1.000e-02,43,-0.761282,0.845947,-0.016211,-0.016145
logistic,K,3,5,0.05,4,1.000e-02,44,-0.782444,0.836975,0.015217,0.008721
logistic,K,3,5,0.05,4,1.000e-02,45,-0.774492,0.836731,0.001824,0.001290
logistic,K,3,5,0.05,4,1.000e-02,46,-0.775694,0.840149,0.002904,0.010019
logistic,K,3,5,0.05,4,1.000e-02,47,-0.779597,0.839661,-0.003605,0.017748
logistic,K,3,5,0.05,4,1.000e-02,48,-0.772651,0.843262,0.007567,0.000025
logistic,K,3,5,0.05,4,1.000e-02,49,-0.768447,0.841248,-0.010839,0.006453
logistic,K,3,5,0.05,4,1.000e-02,50,-0.772227,0.839478,0.001348,0.005430
logistic,K,3,5,0.05,4,1.000e-02,51,-0.770309,0.841492,0.001822,-0.001388
logistic,K,3,5,0.05,4,1.000e-02,52,-0.769366,0.845581,-0.001128,0.012294
logistic,K,3,5,0.05,4,1.000e-02,53,-0.758059,0.846985,-0.005300,-0.008001
logistic,K,3,5,0.05,4,1.000e-02,54,-0.759031,0.844666,-0.006845,-0.008945
logistic,K,3,5,0.05,4,1.000e-02,55,-0.765944,0.842529,0.004617,-0.021866
logistic,K,3,5,0.05,4,1.000e-02,56,-0.764391,0.843750,0.006802,-0.009614
logistic,K,3,5,0.05,4,1.000e-02,57,-0.766173,0.841064,-0.003595,-0.006810
logistic,K,3,5,0.05,4,1.000e-02,58,-0.776229,0.839233,0.011884,0.008189
logistic,K,3,5,0.05,4,1.000e-02,59,-0.757242,0.850159,-0.005647,-0.003164
logistic,K,3,5,0.05,4,1.000e-02,60,-0.759254,0.848145,-0.009875,0.004478
logistic,K,3,5,0.05,4,1.000e-02,61,-0.771493,0.844604,-0.001022,0.002548
logistic,K,3,5,0.05,4,1.000e-02,62,-0.765546,0.844727,0.007100,-0.004081
logistic,K,3,5,0.05,4,1.000e-02,63,-0.762414,0.847168,-0.002914,-0.002549
logistic,K,3,5,0.05,4,1.000e-02,64,-0.767009,0.841309,-0.001100,-0.003995
logistic,K,3,5,0.05,4,1.000e-02,65,-0.766714,0.841858,-0.001407,-0.002450
logistic,K,3,5,0.05,4,1.000e-02,66,-0.763483,0.845398,-0.010091,0.009360
logistic,K,3,5,0.05,4,1.000e-02,67,-0.761968,0.845154,-0.004349,-0.004578
logistic,K,3,5,0.05,4,1.000e-02,68,-0.764698,0.841675,-0.006161,-0.009351
logistic,K,3,5,0.05,4,1.000e-02,69,-0.773567,0.840454,0.009589,0.005496
logistic,K,3,5,0.05,4,1.000e-02,70,-0.771432,0.840393,0.001234,0.003626
logistic,K,3,5,0.05,4,1.000e-02,71,-0.763030,0.844299,-0.001416,0.003466
logistic,K,3,5,0.05,4,1.000e-02,72,-0.769906,0.844360,0.004248,0.009392
logistic,K,3,5,0.05,4,1.000e-02,73,-0.774288,0.838135,0.004725,0.009641
logistic,K,3,5,0.05,4,1.000e-02,74,-0.771314,0.840515,-0.000479,0.006956
logistic,K,3,5,0.05,4,1.000e-02,75,-0.769689,0.844604,0.000221,0.008999
logistic,K,3,5,0.05,4,1.000e-02,76,-0.771119,0.838562,0.003889,-0.010917
logistic,K,3,5,0.05,4,1.000e-02,77,-0.780711,0.840149,0.019523,0.013587
logistic,K,3,5,0.05,4,1.000e-02,78,-0.774050,0.843628,0.010221,0.005656
logistic,K,3,5,0.05,4,1.000e-02,79,-0.765749,0.840027,-0.008320,-0.001048
logistic,K,3,5,0.05,4,1.000e-02,80,-0.771381,0.842102,0.004681,0.006248
logistic,K,3,5,0.05,4,1.000e-02,81,-0.773508,0.844055,0.007828,0.017249
logistic,K,3,5,0.05,4,1.000e-02,82,-0.765403,0.846313,-0.003970,0.003215
logistic,K,3,5,0.05,4,1.000e-02,83,-0.760928,0.847168,0.002550,-0.017172
logistic,K,3,5,0.05,4,1.000e-02,84,-0.756220,0.848389,-0.003332,-0.001460
logistic,K,3,5,0.05,4,1.000e-02,85,-0.757505,0.849426,-0.005050,-0.016182
logistic,K,3,5,0.05,4,1.000e-02,86,-0.755966,0.844299,-0.022240,-0.001947
logistic,K,3,5,0.05,4,1.000e-02,87,-0.764753,0.844482,-0.000413,0.010262
logistic,K,3,5,0.05,4,1.000e-02,88,-0.753894,0.845093,-0.009265,-0.009360
logistic,K,3,5,0.05,4,1.000e-02,89,-0.764722,0.845764,0.007046,-0.015612
logistic,K,3,5,0.05,4,1.000e-02,90,-0.772588,0.842773,0.007067,-0.000310
logistic,K,3,5,0.05,4,1.000e-02,91,-0.773294,0.844116,0.000342,0.005774
logistic,K,3,5,0.05,4,1.000e-02,92,-0.759813,0.846985,-0.003920,-0.003915
logistic,K,3,5,0.05,4,1.000e-02,93,-0.769426,0.842651,-0.003796,0.003575
logistic,K,3,5,0.05,4,1.000e-02,94,-0.765078,0.842834,-0.004686,-0.004931
logistic,K,3,5,0.05,4,1.000e-02,95,-0.761447,0.848267,-0.002583,0.005257
logistic,K,3,5,0.05,4,1.000e-02,96,-0.762481,0.844421,0.009627,-0.008219
logistic,K,3,5,0.05,4,1.000e-02,97,-0.760466,0.849426,-0.001385,-0.003239
logistic,K,3,5,0.05,4,1.000e-02,98,-0.757923,0.847717,-0.015308,-0.003779
logistic,K,3,5,0.05,4,1.000e-02,99,-0.762997,0.846313,-0.002193,-0.003667
logistic,K,3,5,0.05,4,1.000e-02,100,-0.763754,0.842712,-0.001577,-0.001992
logistic,K,3,5,0.05,4,1.000e-02,101,-0.765857,0.844910,0.000179,0.003911
logistic,K,3,5,0.05,4,1.000e-02,102,-0.759883,0.847717,-0.006568,0.004394
logistic,K,3,5,0.05,4,1.000e-02,103,-0.761730,0.847839,0.001173,-0.002174
logistic,K,3,5,0.05,4,1.000e-02,104,-0.759429,0.846069,-0.008887,-0.000617
logistic,K,3,5,0.05,4,1.000e-02,105,-0.760129,0.845093,0.001837,-0.005199
logistic,K,3,5,0.05,4,1.000e-02,106,-0.763924,0.844360,0.000705,0.002477
logistic,K,3,5,0.05,4,1.000e-02,107,-0.766278,0.844177,0.000784,0.000291
logistic,K,3,5,0.05,4,1.000e-02,108,-0.758121,0.844604,-0.012516,-0.009287
logistic,K,3,5,0.05,4,1.000e-02,109,-0.763649,0.844604,-0.001545,-0.003749
logistic,K,3,5,0.05,4,1.000e-02,110,-0.763296,0.845825,-0.000021,-0.012873
logistic,K,3,5,0.05,4,1.000e-02,111,-0.768581,0.842224,0.008234,-0.010231
logistic,K,3,5,0.05,4,1.000e-02,112,-0.762686,0.845154,0.005670,-0.006683
logistic,K,3,5,0.05,4,1.000e-02,113,-0.764632,0.843567,0.003766,-0.009576
logistic,K,3,5,0.05,4,1.000e-02,114,-0.763787,0.843018,0.002852,-0.007850
logistic,K,3,5,0.05,4,1.000e-02,115,-0.758556,0.846680,-0.007638,-0.004400
logistic,K,3,5,0.05,4,1.000e-02,116,-0.763315,0.842896,-0.003854,-0.000544
logistic,K,3,5,0.05,4,1.000e-02,117,-0.769444,0.842957,-0.001965,0.002394
logistic,K,3,5,0.05,4,1.000e-02,118,-0.762754,0.845947,-0.016310,0.005675
logistic,K,3,5,0.05,4,1.000e-02,119,-0.770992,0.842163,0.003699,0.008159
logistic,K,3,5,0.05,4,1.000e-02,120,-0.769095,0.842773,-0.002027,-0.010313
logistic,K,3,5,0.05,4,1.000e-02,121,-0.762847,0.845825,0.001084,-0.016791
logistic,K,3,5,0.05,4,1.000e-02,122,-0.770537,0.840149,0.012975,0.005442
logistic,K,3,5,0.05,4,1.000e-02,123,-0.768967,0.842590,0.006940,-0.004832
logistic,K,3,5,0.05,4,1.000e-02,124,-0.770101,0.842346,0.002700,0.011406
logistic,K,3,5,0.05,4,1.000e-02,125,-0.764400,0.843872,-0.007019,-0.004530
logistic,K,3,5,0.05,4,1.000e-02,126,-0.765021,0.842957,0.001414,-0.003400
logistic,K,3,5,0.05,4,1.000e-02,127,-0.774967,0.840942,0.000162,0.014031
logistic,K,3,5,0.05,4,1.000e-02,128,-0.770042,0.842529,-0.004241,0.012031
logistic,K,3,5,0.05,4,1.000e-02,129,-0.769308,0.840515,-0.003936,0.007220
logistic,K,3,5,0.05,4,1.000e-02,130,-0.775358,0.839539,0.004220,0.012058
logistic,K,3,5,0.05,4,1.000e-02,131,-0.770411,0.840515,0.009084,0.002764
logistic,K,3,5,0.05,4,1.000e-02,132,-0.774025,0.841736,0.015304,0.003546
logistic,K,3,5,0.05,4,1.000e-02,133,-0.762253,0.844421,-0.010570,0.006265
logistic,K,3,5,0.05,4,1.000e-02,134,-0.758155,0.848694,0.000292,-0.004680
logistic,K,3,5,0.05,4,1.000e-02,135,-0.762141,0.846619,-0.014353,0.011006
logistic,K,3,5,0.05,4,1.000e-02,136,-0.763527,0.843933,0.008590,-0.008543
logistic,K,3,5,0.05,4,1.000e-02,137,-0.761528,0.846069,-0.013758,0.003725
logistic,K,3,5,0.05,4,1.000e-02,138,-0.768518,0.841980,-0.003820,-0.003703
logistic,K,3,5,0.05,4,1.000e-02,139,-0.770208,0.846130,0.008235,0.000549
logistic,K,3,5,0.05,4,1.000e-02,140,-0.768362,0.840088,-0.011069,0.002445
logistic,K,3,5,0.05,4,1.000e-02,141,-0.766029,0.844482,-0.008652,0.012226
logistic,K,3,5,0.05,4,1.000e-02,142,-0.769987,0.844116,0.007013,0.006749
logistic,K,3,5,0.05,4,1.000e-02,143,-0.761685,0.846252,0.007760,-0.022183
logistic,K,3,5,0.05,4,1.000e-02,144,-0.771074,0.842285,-0.003884,0.000592
logistic,K,3,5,0.05,4,1.000e-02,145,-0.771054,0.841797,-0.005235,-0.005293
logistic,K,3,5,0.05,4,1.000e-02,146,-0.770437,0.844421,0.011492,-0.005681
logistic,K,3,5,0.05,4,1.000e-02,147,-0.766520,0.844604,0.002187,-0.002246
logistic,K,3,5,0.05,4,1.000e-02,148,-0.779288,0.836426,0.005919,0.011414
logistic,K,3,5,0.05,4,1.000e-02,149,-0.763297,0.846069,-0.001975,-0.004337
logistic,K,3,5,0.05,4,1.000e-02,150,-0.771926,0.841614,0.007498,0.004574
logistic,K,3,5,0.05,4,1.000e-02,151,-0.765595,0.841919,-0.000494,0.001506
logistic,K,3,5,0.05,4,1.000e-02,152,-0.761941,0.845093,0.008012,-0.017871
logistic,K,3,5,0.05,4,1.000e-02,153,-0.770011,0.841125,-0.005845,0.006175
logistic,K,3,5,0.05,4,1.000e-02,154,-0.764644,0.844421,-0.002309,0.001066
logistic,K,3,5,0.05,4,1.000e-02,155,-0.767406,0.841064,0.002343,0.004831
logistic,K,3,5,0.05,4,1.000e-02,156,-0.769140,0.839844,0.007075,-0.010321
logistic,K,3,5,0.05,4,1.000e-02,157,-0.755668,0.848389,-0.005199,-0.004418
logistic,K,3,5,0.05,4,1.000e-02,158,-0.759247,0.846252,-0.003469,0.002448
logistic,K,3,5,0.05,4,1.000e-02,159,-0.770164,0.843384,0.003202,0.006917
logistic,K,3,5,0.05,4,1.000e-02,160,-0.753751,0.848999,-0.019856,-0.009250
logistic,K,3,5,0.05,4,1.000e-02,161,-0.763711,0.844971,-0.000644,0.002265
logistic,K,3,5,0.05,4,1.000e-02,162,-0.772061,0.841248,-0.000741,-0.002382
logistic,K,3,5,0.05,4,1.000e-02,163,-0.776157,0.838806,0.007113,-0.002144
logistic,K,3,5,0.05,4,1.000e-02,164,-0.767852,0.840576,0.008851,-0.008650
logistic,K,3,5,0.05,4,1.000e-02,165,-0.770200,0.842773,-0.002428,0.012624
logistic,K,3,5,0.05,4,1.000e-02,166,-0.771207,0.841492,0.002697,-0.003606
logistic,K,3,5,0.05,4,1.000e-02,167,-0.767332,0.845825,0.000778,0.003566
logistic,K,3,5,0.05,4,1.000e-02,168,-0.764457,0.844543,-0.000620,-0.003188
logistic,K,3,5,0.05,4,1.000e-02,169,-0.768313,0.843689,0.000299,0.001519
logistic,K,3,5,0.05,4,1.000e-02,170,-0.761012,0.841492,-0.003238,-0.004251
logistic,K,3,5,0.05,4,1.000e-02,171,-0.765455,0.845032,0.005394,0.001680
logistic,K,3,5,0.05,4,1.000e-02,172,-0.767442,0.843872,-0.002449,0.016688
logistic,K,3,5,0.05,4,1.000e-02,173,-0.756001,0.850342,-0.013060,-0.015741
logistic,K,3,5,0.05,4,1.000e-02,174,-0.775293,0.841797,0.021701,0.011383
logistic,K,3,5,0.05,4,1.000e-02,175,-0.762851,0.843445,0.001911,0.001201
logistic,K,3,5,0.05,4,1.000e-02,176,-0.767359,0.842346,0.008758,-0.002826
logistic,K,3,5,0.05,4,1.000e-02,177,-0.766782,0.845703,-0.004545,0.008561
logistic,K,3,5,0.05,4,1.000e-02,178,-0.761310,0.845764,-0.008487,0.000154
logistic,K,3,5,0.05,4,1.000e-02,179,-0.763088,0.845520,-0.009544,0.011080
logistic,K,3,5,0.05,4,1.000e-02,180,-0.766180,0.840759,-0.003722,-0.001358
logistic,K,3,5,0.05,4,1.000e-02,181,-0.769356,0.842041,-0.001299,0.001015
logistic,K,3,5,0.05,4,1.000e-02,182,-0.774021,0.841064,0.013998,-0.002625
logistic,K,3,5,0.05,4,1.000e-02,183,-0.766720,0.843689,-0.001698,-0.004508
logistic,K,3,5,0.05,4,1.000e-02,184,-0.770257,0.841614,0.007591,0.008508
logistic,K,3,5,0.05,4,1.000e-02,185,-0.770881,0.842407,0.003152,0.001492
logistic,K,3,5,0.05,4,1.000e-02,186,-0.778743,0.837830,0.007658,0.020077
logistic,K,3,5,0.05,4,1.000e-02,187,-0.773444,0.840271,0.007387,0.006417
logistic,K,3,5,0.05,4,1.000e-02,188,-0.767359,0.842102,-0.006548,-0.002060
logistic,K,3,5,0.05,4,1.000e-02,189,-0.773923,0.840027,0.007756,-0.006574
logistic,K,3,5,0.05,4,1.000e-02,190,-0.762414,0.844543,-0.007007,0.001183
logistic,K,3,5,0.05,4,1.000e-02,191,-0.761471,0.845337,-0.005344,0.004221
logistic,K,3,5,0.05,4,1.000e-02,192,-0.763641,0.845154,-0.000189,0.000651
logistic,K,3,5,0.05,4,1.000e-02,193,-0.753628,0.847351,-0.008171,-0.018362
logistic,K,3,5,0.05,4,1.000e-02,194,-0.765249,0.843872,-0.009252,0.000488
logistic,K,3,5,0.05,4,1.000e-02,195,-0.769992,0.842468,-0.001492,-0.004941
logistic,K,3,5,0.05,4,1.000e-02,196,-0.770212,0.843079,0.002620,0.009331
logistic,K,3,5,0.05,4,1.000e-02,197,-0.765256,0.846741,-0.005668,0.006636
logistic,K,3,5,0.05,4,1.000e-02,198,-0.770010,0.841736,0.009133,0.002665
logistic,K,3,5,0.05,4,1.000e-02,199,-0.770420,0.845032,-0.009305,0.017850
logistic,K,3,5,0.05,4,1.000e-02,200,-0.772961,0.841003,0.011226,-0.003287
logistic,K,3,5,0.05,4,1.000e-02,201,-0.763218,0.846924,0.002292,-0.007080
logistic,K,3,5,0.05,4,1.000e-02,202,-0.758507,0.848694,0.003983,-0.010668
logistic,K,3,5,0.05,4,1.000e-02,203,-0.755957,0.849731,-0.020063,-0.008967
logistic,K,3,5,0.05,4,1.000e-02,204,-0.764204,0.843079,0.001364,-0.010680
logistic,K,3,5,0.05,4,1.000e-02,205,-0.764421,0.845276,-0.007061,0.004373
logistic,K,3,5,0.05,4,1.000e-02,206,-0.767823,0.844055,0.007013,-0.011149
logistic,K,3,5,0.05,4,1.000e-02,207,-0.770859,0.841187,0.002926,0.006085
logistic,K,3,5,0.05,4,1.000e-02,208,-0.769075,0.842102,0.005578,0.000305
logistic,K,3,5,0.05,4,1.000e-02,209,-0.760908,0.846497,-0.001546,-0.000185
logistic,K,3,5,0.05,4,1.000e-02,210,-0.767559,0.843262,-0.002739,0.007585
logistic,K,3,5,0.05,4,1.000e-02,211,-0.765327,0.842773,-0.001141,-0.004142
logistic,K,3,5,0.05,4,1.000e-02,212,-0.761685,0.844849,-0.001923,-0.009250
logistic,K,3,5,0.05,4,1.000e-02,213,-0.767344,0.844360,0.004500,-0.000225
logistic,K,3,5,0.05,4,1.000e-02,214,-0.761129,0.846313,-0.000031,-0.006783
logistic,K,3,5,0.05,4,1.000e-02,215,-0.753369,0.849182,-0.017023,-0.005198
logistic,K,3,5,0.05,4,1.000e-02,216,-0.761495,0.847351,-0.008819,-0.003580
logistic,K,3,5,0.05,4,1.000e-02,217,-0.768761,0.845215,0.009285,0.000681
logistic,K,3,5,0.05,4,1.000e-02,218,-0.756969,0.846191,-0.003572,-0.018894
logistic,K,3,5,0.05,4,1.000e-02,219,-0.760148,0.845276,0.003537,-0.009281
logistic,K,3,5,0.05,4,1.000e-02,220,-0.770016,0.843567,-0.001546,0.002360
logistic,K,3,5,0.05,4,1.000e-02,221,-0.768687,0.842102,-0.003334,0.005681
logistic,K,3,5,0.05,4,1.000e-02,222,-0.767393,0.840027,0.009841,-0.002439
logistic,K,3,5,0.05,4,1.000e-02,223,-0.761883,0.844604,-0.008514,-0.002396
logistic,K,3,5,0.05,4,1.000e-02,224,-0.767208,0.842896,0.006044,-0.003210
logistic,K,3,5,0.05,4,1.000e-02,225,-0.764440,0.846252,-0.005764,0.000845
logistic,K,3,5,0.05,4,1.000e-02,226,-0.766534,0.842102,-0.003851,0.000016
logistic,K,3,5,0.05,4,1.000e-02,227,-0.762402,0.845398,0.003187,-0.004315
logistic,K,3,5,0.05,4,1.000e-02,228,-0.761912,0.847412,-0.005788,-0.000775
logistic,K,3,5,0.05,4,1.000e-02,229,-0.769566,0.841431,0.003116,0.003138
logistic,K,3,5,0.05,4,1.000e-02,230,-0.762312,0.845337,0.006622,-0.006710
logistic,K,3,5,0.05,4,1.000e-02,231,-0.768073,0.845459,-0.005153,-0.001668
logistic,K,3,5,0.05,4,1.000e-02,232,-0.767157,0.842834,-0.000033,-0.002084
logistic,K,3,5,0.05,4,1.000e-02,233,-0.763722,0.844788,-0.007331,0.000371
logistic,K,3,5,0.05,4,1.000e-02,234,-0.767607,0.843201,0.006391,-0.008365
logistic,K,3,5,0.05,4,1.000e-02,235,-0.762869,0.845764,0.010011,-0.001268
logistic,K,3,5,0.05,4,1.000e-02,236,-0.762465,0.846863,-0.014296,0.010961
logistic,K,3,5,0.05,4,1.000e-02,237,-0.759724,0.845825,-0.010948,-0.009337
logistic,K,3,5,0.05,4,1.000e-02,238,-0.759153,0.847900,-0.001801,-0.007268
logistic,K,3,5,0.05,4,1.000e-02,239,-0.772128,0.842712,-0.003640,0.004822
logistic,K,3,5,0.05,4,1.000e-02,240,-0.762405,0.844360,-0.006098,-0.008231
logistic,K,3,5,0.05,4,1.000e-02,241,-0.765242,0.846619,-0.000449,0.007141
logistic,K,3,5,0.05,4,1.000e-02,242,-0.766576,0.842163,0.016737,-0.016817
logistic,K,3,5,0.05,4,1.000e-02,243,-0.770507,0.841736,-0.000875,0.014524
logistic,K,3,5,0.05,4,1.000e-02,244,-0.762502,0.844116,-0.010661,-0.001475
logistic,K,3,5,0.05,4,1.000e-02,245,-0.758756,0.847229,-0.008438,0.007822
logistic,K,3,5,0.05,4,1.000e-02,246,-0.771169,0.844055,0.007298,0.004446
logistic,K,3,5,0.05,4,1.000e-02,247,-0.769887,0.840637,-0.001311,-0.000221
logistic,K,3,5,0.05,4,1.000e-02,248,-0.770258,0.842957,0.004501,0.002910
logistic,K,3,5,0.05,4,1.000e-02,249,-0.767029,0.841553,-0.000829,0.000037
logistic,K,3,5,0.05,4,1.000e-02,250,-0.775407,0.839905,0.001854,0.011408
logistic,K,3,5,0.05,4,1.000e-02,251,-0.770455,0.844177,-0.000606,0.013242
logistic,K,3,5,0.05,4,1.000e-02,252,-0.768613,0.841675,-0.003334,-0.001302
logistic,K,3,5,0.05,4,1.000e-02,253,-0.763987,0.841858,-0.004077,-0.004256
logistic,K,3,5,0.05,4,1.000e-02,254,-0.771295,0.841370,-0.002875,0.006235
logistic,K,3,5,0.05,4,1.000e-02,255,-0.772502,0.841614,0.015439,-0.003950
logistic,K,3,5,0.05,4,1.000e-02,256,-0.763829,0.845520,0.003964,-0.003542
logistic,K,3,5,0.05,4,1.000e-02,257,-0.759572,0.850830,-0.000743,-0.012669
logistic,K,3,5,0.05,4,1.000e-02,258,-0.759765,0.846252,-0.017774,-0.000733
logistic,K,3,5,0.05,4,1.000e-02,259,-0.766443,0.843689,-0.002287,-0.003188
logistic,K,3,5,0.05,4,1.000e-02,260,-0.762518,0.842407,-0.006368,-0.015883
logistic,K,3,5,0.05,4,1.000e-02,261,-0.766583,0.843323,-0.006944,0.003585
logistic,K,3,5,0.05,4,1.000e-02,262,-0.774585,0.837158,0.014722,-0.002493
logistic,K,3,5,0.05,4,1.000e-02,263,-0.770799,0.841736,0.002681,0.005147
logistic,K,3,5,0.05,4,1.000e-02,264,-0.766802,0.844727,0.012829,0.002964
logistic,K,3,5,0.05,4,1.000e-02,265,-0.769264,0.844238,0.009020,0.006984
logistic,K,3,5,0.05,4,1.000e-02,266,-0.767843,0.841797,-0.002291,-0.008642
logistic,K,3,5,0.05,4,1.000e-02,267,-0.768848,0.843506,-0.000246,0.007419
logistic,K,3,5,0.05,4,1.000e-02,268,-0.765384,0.843201,0.001902,0.006040
logistic,K,3,5,0.05,4,1.000e-02,269,-0.767200,0.843201,0.001481,0.002942
logistic,K,3,5,0.05,4,1.000e-02,270,-0.764558,0.846985,-0.002614,-0.002868
logistic,K,3,5,0.05,4,1.000e-02,271,-0.765653,0.844727,-0.006667,0.011191
logistic,K,3,5,0.05,4,1.000e-02,272,-0.765697,0.845337,-0.002276,0.002109
logistic,K,3,5,0.05,4,1.000e-02,273,-0.762298,0.842957,-0.007064,0.005635
logistic,K,3,5,0.05,4,1.000e-02,274,-0.762387,0.843689,-0.010320,-0.001008
logistic,K,3,5,0.05,4,1.000e-02,275,-0.767810,0.845642,-0.017315,0.017876
logistic,K,3,5,0.05,4,1.000e-02,276,-0.773002,0.838440,0.004494,0.010803
logistic,K,3,5,0.05,4,1.000e-02,277,-0.756739,0.849426,-0.005219,-0.004537
logistic,K,3,5,0.05,4,1.000e-02,278,-0.763377,0.843933,-0.012163,0.004370
logistic,K,3,5,0.05,4,1.000e-02,279,-0.774334,0.837463,0.000219,0.006878
logistic,K,3,5,0.05,4,1.000e-02,280,-0.778021,0.837158,0.003562,0.008471
logistic,K,3,5,0.05,4,1.000e-02,281,-0.770623,0.840698,0.003241,0.005594
logistic,K,3,5,0.05,4,1.000e-02,282,-0.762062,0.848022,0.007098,0.000839
logistic,K,3,5,0.05,4,1.000e-02,283,-0.762063,0.848511,0.004243,-0.014310
logistic,K,3,5,0.05,4,1.000e-02,284,-0.772788,0.839172,0.005035,0.000210
logistic,K,3,5,0.05,4,1.000e-02,285,-0.773609,0.840515,0.010868,-0.000307
logistic,K,3,5,0.05,4,1.000e-02,286,-0.768742,0.843445,-0.001328,0.006234
logistic,K,3,5,0.05,4,1.000e-02,287,-0.768294,0.842041,-0.003836,0.002132
logistic,K,3,5,0.05,4,1.000e-02,288,-0.770898,0.843384,0.001622,0.002762
logistic,K,3,5,0.05,4,1.000e-02,289,-0.768065,0.843994,-0.004517,-0.006838
logistic,K,3,5,0.05,4,1.000e-02,290,-0.771849,0.840820,0.018918,-0.012946
logistic,K,3,5,0.05,4,1.000e-02,291,-0.775764,0.839661,0.017041,0.004670
logistic,K,3,5,0.05,4,1.000e-02,292,-0.769418,0.844421,0.014440,-0.002212
logistic,K,3,5,0.05,4,1.000e-02,293,-0.773399,0.838623,0.012709,-0.001542
logistic,K,3,5,0.05,4,1.000e-02,294,-0.765738,0.843018,0.002730,-0.004587
logistic,K,3,5,0.05,4,1.000e-02,295,-0.769716,0.842651,0.007402,0.015151
logistic,K,3,5,0.05,4,1.000e-02,296,-0.772876,0.843445,0.004706,0.004050
logistic,K,3,5,0.05,4,1.000e-02,297,-0.763652,0.845581,-0.000430,-0.004371
logistic,K,3,5,0.05,4,1.000e-02,298,-0.756149,0.850769,-0.003006,-0.008395
logistic,K,3,5,0.05,4,1.000e-02,299,-0.766942,0.842712,0.004885,-0.001517
logistic,K,3,5,0.05,4,1.000e-02,300,-0.764097,0.845581,0.001883,-0.001009
logistic,K,3,5,0.05,4,1.000e-02,301,-0.766680,0.843201,-0.006875,0.002055
logistic,K,3,5,0.05,4,1.000e-02,302,-0.769518,0.842041,0.006533,0.000410
logistic,K,3,5,0.05,4,1.000e-02,303,-0.762186,0.846741,0.004212,-0.006070
logistic,K,3,5,0.05,4,1.000e-02,304,-0.763759,0.843811,-0.000652,-0.004422
logistic,K,3,5,0.05,4,1.000e-02,305,-0.759525,0.846863,0.006507,-0.015049
logistic,K,3,5,0.05,4,1.000e-02,306,-0.772083,0.843506,0.020161,-0.009118
logistic,K,3,5,0.05,4,1.000e-02,307,-0.760068,0.845032,-0.005020,-0.012987
logistic,K,3,5,0.05,4,1.000e-02,308,-0.768016,0.842834,-0.004876,0.003960
logistic,K,3,5,0.05,4,1.000e-02,309,-0.767347,0.842102,0.014939,-0.002264
logistic,K,3,5,0.05,4,1.000e-02,310,-0.766355,0.844849,0.004944,-0.006561
logistic,K,3,5,0.05,4,1.000e-02,311,-0.764010,0.845154,0.005802,-0.020415
logistic,K,3,5,0.05,4,1.000e-02,312,-0.771223,0.839417,0.001345,0.002622
logistic,K,3,5,0.05,4,1.000e-02,313,-0.767546,0.843079,-0.001766,0.002157
logistic,K,3,5,0.05,4,1.000e-02,314,-0.774451,0.840576,-0.000535,0.007044
logistic,K,3,5,0.05,4,1.000e-02,315,-0.773707,0.836731,0.002290,0.012089
logistic,K,3,5,0.05,4,1.000e-02,316,-0.775639,0.838745,0.017665,0.014618
logistic,K,3,5,0.05,4,1.000e-02,317,-0.763813,0.843567,-0.011252,0.003178
logistic,K,3,5,0.05,4,1.000e-02,318,-0.761177,0.847229,0.005215,-0.006657
logistic,K,3,5,0.05,4,1.000e-02,319,-0.764059,0.843262,0.003047,-0.003879
logistic,K,3,5,0.05,4,1.000e-02,320,-0.763044,0.844299,0.003442,-0.007281
logistic,K,3,5,0.05,4,1.000e-02,321,-0.765241,0.843506,0.004113,-0.004407
logistic,K,3,5,0.05,4,1.000e-02,322,-0.768842,0.844971,0.012102,0.006840
logistic,K,3,5,0.05,4,1.000e-02,323,-0.756070,0.847717,-0.012371,-0.015169
logistic,K,3,5,0.05,4,1.000e-02,324,-0.761590,0.846252,0.004227,-0.007118
logistic,K,3,5,0.05,4,1.000e-02,325,-0.771651,0.842773,0.004824,0.004985
logistic,K,3,5,0.05,4,1.000e-02,326,-0.770340,0.839600,-0.000380,-0.001802
logistic,K,3,5,0.05,4,1.000e-02,327,-0.767436,0.843384,-0.000744,-0.003123
logistic,K,3,5,0.05,4,1.000e-02,328,-0.769468,0.840393,0.006737,-0.002239
logistic,K,3,5,0.05,4,1.000e-02,329,-0.772508,0.840515,0.001156,0.004997
logistic,K,3,5,0.05,4,1.000e-02,330,-0.763661,0.842896,0.010134,-0.004999
logistic,K,3,5,0.05,4,1.000e-02,331,-0.766187,0.843262,-0.013934,0.008481
logistic,K,3,5,0.05,4,1.000e-02,332,-0.763061,0.843628,-0.004683,0.000854
logistic,K,3,5,0.05,4,1.000e-02,333,-0.757378,0.846375,-0.008583,-0.005555
logistic,K,3,5,0.05,4,1.000e-02,334,-0.765761,0.843628,0.002706,-0.005467
logistic,K,3,5,0.05,4,1.000e-02,335,-0.762650,0.846313,0.004216,-0.001870
logistic,K,3,5,0.05,4,1.000e-02,336,-0.766330,0.844727,0.002432,-0.006007
logistic,K,3,5,0.05,4,1.000e-02,337,-0.771736,0.841003,0.014609,-0.012084
logistic,K,3,5,0.05,4,1.000e-02,338,-0.764989,0.848145,0.002699,-0.000242
logistic,K,3,5,0.05,4,1.000e-02,339,-0.769336,0.840271,-0.002345,-0.009358
logistic,K,3,5,0.05,4,1.000e-02,340,-0.776086,0.839111,0.002199,0.017742
logistic,K,3,5,0.05,4,1.000e-02,341,-0.764909,0.842957,0.007423,-0.004264
logistic,K,3,5,0.05,4,1.000e-02,342,-0.753546,0.849304,-0.019554,-0.006965
logistic,K,3,5,0.05,4,1.000e-02,343,-0.761181,0.845520,-0.006800,-0.003788
logistic,K,3,5,0.05,4,1.000e-02,344,-0.757891,0.850891,-0.019209,0.009707
logistic,K,3,5,0.05,4,1.000e-02,345,-0.756856,0.849548,-0.015337,-0.001160
logistic,K,3,5,0.05,4,1.000e-02,346,-0.768080,0.840759,0.005142,-0.011621
logistic,K,3,5,0.05,4,1.000e-02,347,-0.772428,0.840576,0.008589,-0.004905
logistic,K,3,5,0.05,4,1.000e-02,348,-0.773316,0.839417,-0.000147,0.010331
logistic,K,3,5,0.05,4,1.000e-02,349,-0.773887,0.843140,0.011523,0.009163
logistic,K,3,5,0.05,4,1.000e-02,350,-0.766053,0.843201,0.006302,-0.009975
logistic,K,3,5,0.05,4,1.000e-02,351,-0.773259,0.841736,-0.001898,0.019386
logistic,K,3,5,0.05,4,1.000e-02,352,-0.770112,0.839478,0.003177,0.000174
logistic,K,3,5,0.05,4,1.000e-02,353,-0.763792,0.844727,-0.000843,-0.003655
logistic,K,3,5,0.05,4,1.000e-02,354,-0.766767,0.843506,-0.002839,-0.007254
logistic,K,3,5,0.05,4,1.000e-02,355,-0.765626,0.845764,0.002902,-0.002514
logistic,K,3,5,0.05,4,1.000e-02,356,-0.762959,0.841736,-0.011074,0.002127
logistic,K,3,5,0.05,4,1.000e-02,357,-0.771585,0.841553,-0.001249,0.001064
logistic,K,3,5,0.05,4,1.000e-02,358,-0.767900,0.841919,-0.004609,-0.004501
logistic,K,3,5,0.05,4,1.000e-02,359,-0.765249,0.845520,-0.003074,-0.000066
logistic,K,3,5,0.05,4,1.000e-02,360,-0.770544,0.843445,-0.001117,0.002446
logistic,K,3,5,0.05,4,1.000e-02,361,-0.771602,0.842224,0.007302,-0.002473
logistic,K,3,5,0.05,4,1.000e-02,362,-0.770122,0.840942,-0.001706,-0.000190
logistic,K,3,5,0.05,4,1.000e-02,363,-0.766934,0.839844,-0.010742,-0.008535
logistic,K,3,5,0.05,4,1.000e-02,364,-0.771293,0.842834,-0.004071,0.018007
logistic,K,3,5,0.05,4,1.000e-02,365,-0.763220,0.846924,-0.008554,-0.001706
logistic,K,3,5,0.05,4,1.000e-02,366,-0.762506,0.846924,-0.013106,0.004317
logistic,K,3,5,0.05,4,1.000e-02,367,-0.759994,0.844971,-0.005646,-0.017876
logistic,K,3,5,0.05,4,1.000e-02,368,-0.768526,0.838867,0.004739,-0.002017
logistic,K,3,5,0.05,4,1.000e-02,369,-0.769503,0.846375,0.018889,-0.001365
logistic,K,3,5,0.05,4,1.000e-02,370,-0.766988,0.844604,0.007779,-0.000993
logistic,K,3,5,0.05,4,1.000e-02,371,-0.760185,0.845215,-0.008968,-0.002684
logistic,K,3,5,0.05,4,1.000e-02,372,-0.771483,0.845093,0.015371,0.004025
logistic,K,3,5,0.05,4,1.000e-02,373,-0.765765,0.844055,-0.012235,0.015168
logistic,K,3,5,0.05,4,1.000e-02,374,-0.762559,0.846375,0.003235,-0.001082
logistic,K,3,5,0.05,4,1.000e-02,375,-0.765807,0.842346,0.009636,-0.003433
logistic,K,3,5,0.05,4,1.000e-02,376,-0.753128,0.849243,-0.016412,-0.003213
logistic,K,3,5,0.05,4,1.000e-02,377,-0.763873,0.845154,0.005972,-0.011474
logistic,K,3,5,0.05,4,1.000e-02,378,-0.774831,0.836060,0.009699,0.004594
logistic,K,3,5,0.05,4,1.000e-02,379,-0.773826,0.838196,0.015079,-0.005861
logistic,K,3,5,0.05,4,1.000e-02,380,-0.780697,0.842468,0.012625,0.014313
logistic,K,3,5,0.05,4,1.000e-02,381,-0.776148,0.837769,0.013229,0.008097
logistic,K,3,5,0.05,4,1.000e-02,382,-0.770656,0.842529,0.008382,0.014971
logistic,K,3,5,0.05,4,1.000e-02,383,-0.762936,0.844849,0.001985,-0.005068
logistic,K,3,5,0.05,4,1.000e-02,384,-0.761269,0.846252,-0.007709,0.002248
logistic,K,3,5,0.05,4,1.000e-02,385,-0.766366,0.846863,-0.005438,0.009028
logistic,K,3,5,0.05,4,1.000e-02,386,-0.774284,0.841370,-0.001934,0.010948
logistic,K,3,5,0.05,4,1.000e-02,387,-0.767850,0.842041,0.012431,-0.014009
logistic,K,3,5,0.05,4,1.000e-02,388,-0.762250,0.847107,-0.000334,0.004007
logistic,K,3,5,0.05,4,1.000e-02,389,-0.764380,0.843689,-0.001868,-0.016688
logistic,K,3,5,0.05,4,1.000e-02,390,-0.769644,0.842285,0.005443,0.000665
logistic,K,3,5,0.05,4,1.000e-02,391,-0.780796,0.837952,0.009174,0.016221
logistic,K,3,5,0.05,4,1.000e-02,392,-0.770584,0.839905,0.002950,-0.005003
logistic,K,3,5,0.05,4,1.000e-02,393,-0.771800,0.842041,0.008518,0.008886
logistic,K,3,5,0.05,4,1.000e-02,394,-0.765438,0.846436,0.007911,0.002236
logistic,K,3,5,0.05,4,1.000e-02,395,-0.759995,0.844482,-0.013768,-0.003923
logistic,K,3,5,0.05,4,1.000e-02,396,-0.763852,0.843018,-0.014377,0.005255
logistic,K,3,5,0.05,4,1.000e-02,397,-0.767608,0.843201,-0.008297,0.004493
logistic,K,3,5,0.05,4,1.000e-02,398,-0.767208,0.842896,0.006351,-0.006979
logistic,K,3,5,0.05,4,1.000e-02,399,-0.778191,0.837158,0.007159,-0.001357
logistic,K,3,5,0.05,4,1.000e-02,400,-0.774753,0.841370,0.014286,0.004832
