family,mode,p,q,K,param,delta,t,mean_ln_d,frac_d_gt_scale,r_x1,r_x2
henon,K,3,5,0.01,1.3,1.000e-12,1,-27.740735,0.000000,1.000000,1.000000
henon,K,3,5,0.01,1.3,1.000e-12,2,-27.157302,0.000000,1.000000,1.000000
henon,K,3,5,0.01,1.3,1.000e-12,3,-26.649604,0.000000,1.000000,1.000000
henon,K,3,5,0.01,1.3,1.000e-12,4,-26.242867,0.000000,1.000000,1.000000
henon,K,3,5,0.01,1.3,1.000e-12,5,-25.891705,0.000000,1.000000,1.000000
henon,K,3,5,0.01,1.3,1.000e-12,6,-25.513690,0.000000,1.000000,1.000000
henon,K,3,5,0.01,1.3,1.000e-12,7,-25.112043,0.000000,1.000000,1.000000
henon,K,3,5,0.01,1.3,1.000e-12,8,-24.758249,0.000000,1.000000,1.000000
henon,K,3,5,0.01,1.3,1.000e-12,9,-24.402411,0.000000,1.000000,1.000000
henon,K,3,5,0.01,1.3,1.000e-12,10,-24.024305,0.000000,1.000000,1.000000
henon,K,3,5,0.01,1.3,1.000e-12,11,-23.663976,0.000000,1.000000,1.000000
henon,K,3,5,0.01,1.3,1.000e-12,12,-23.313251,0.000000,1.000000,1.000000
henon,K,3,5,0.01,1.3,1.000e-12,13,-22.965091,0.000000,1.000000,1.000000
henon,K,3,5,0.01,1.3,1.000e-12,14,-22.596088,0.000000,1.000000,1.000000
henon,K,3,5,0.01,1.3,1.000e-12,15,-22.250452,0.000000,1.000000,1.000000
henon,K,3,5,0.01,1.3,1.000e-12,16,-21.905846,0.000000,1.000000,1.000000
henon,K,3,5,0.01,1.3,1.000e-12,17,-21.553493,0.000000,1.000000,1.000000
henon,K,3,5,0.01,1.3,1.000e-12,18,-21.207176,0.000000,1.000000,1.000000
henon,K,3,5,0.01,1.3,1.000e-12,19,-20.857525,0.000000,1.000000,1.000000
henon,K,3,5,0.01,1.3,1.000e-12,20,-20.522512,0.000000,1.000000,1.000000
henon,K,3,5,0.01,1.3,1.000e-12,21,-20.175514,0.000000,1.000000,1.000000
henon,K,3,5,0.01,1.3,1.000e-12,22,-19.832109,0.000000,1.000000,1.000000
henon,K,3,5,0.01,1.3,1.000e-12,23,-19.485704,0.000000,1.000000,1.000000
henon,K,3,5,0.01,1.3,1.000e-12,24,-19.154064,0.000000,1.000000,1.000000
henon,K,3,5,0.01,1.3,1.000e-12,25,-18.810894,0.000000,1.000000,1.000000
henon,K,3,5,0.01,1.3,1.000e-12,26,-18.473063,0.000000,1.000000,1.000000
henon,K,3,5,0.01,1.3,1.000e-12,27,-18.134881,0.000000,1.000000,1.000000
henon,K,3,5,0.01,1.3,1.000e-12,28,-17.793325,0.000000,1.000000,1.000000
henon,K,3,5,0.01,1.3,1.000e-12,29,-17.453966,0.000000,1.000000,1.000000
henon,K,3,5,0.01,1.3,1.000e-12,30,-17.115944,0.000000,1.000000,1.000000
henon,K,3,5,0.01,1.3,1.000e-12,31,-16.781497,0.000000,1.000000,1.000000
henon,K,3,5,0.01,1.3,1.000e-12,32,-16.433620,0.000000,1.000000,1.000000
henon,K,3,5,0.01,1.3,1.000e-12,33,-16.099507,0.000000,1.000000,1.000000
henon,K,3,5,0.01,1.3,1.000e-12,34,-15.756666,0.000000,1.000000,1.000000
henon,K,3,5,0.01,1.3,1.000e-12,35,-15.412698,0.000000,1.000000,1.000000
henon,K,3,5,0.01,1.3,1.000e-12,36,-15.067371,0.000000,1.000000,1.000000
henon,K,3,5,0.01,1.3,1.000e-12,37,-14.729006,0.000000,1.000000,1.000000
henon,K,3,5,0.01,1.3,1.000e-12,38,-14.384713,0.000000,1.000000,1.000000
henon,K,3,5,0.01,1.3,1.000e-12,39,-14.045545,0.000000,1.000000,1.000000
henon,K,3,5,0.01,1.3,1.000e-12,40,-13.709149,0.000000,1.000000,1.000000
henon,K,3,5,0.01,1.3,1.000e-12,41,-13.361897,0.000000,1.000000,1.000000
henon,K,3,5,0.01,1.3,1.000e-12,42,-13.030386,0.000000,1.000000,1.000000
henon,K,3,5,0.01,1.3,1.000e-12,43,-12.699412,0.000000,1.000000,1.000000
henon,K,3,5,0.01,1.3,1.000e-12,44,-12.357789,0.000000,1.000000,1.000000
henon,K,3,5,0.01,1.3,1.000e-12,45,-12.011944,0.000000,1.000000,1.000000
henon,K,3,5,0.01,1.3,1.000e-12,46,-11.677123,0.000000,1.000000,1.000000
henon,K,3,5,0.01,1.3,1.000e-12,47,-11.339696,0.000000,1.000000,1.000000
henon,K,3,5,0.01,1.3,1.000e-12,48,-10.993805,0.000000,0.999999,0.999999
henon,K,3,5,0.01,1.3,1.000e-12,49,-10.654011,0.000000,0.999999,0.999998
henon,K,3,5,0.01,1.3,1.000e-12,50,-10.319086,0.000000,0.999997,0.999996
henon,K,3,5,0.01,1.3,1.000e-12,51,-9.975716,0.000000,0.999992,0.999987
henon,K,3,5,0.01,1.3,1.000e-12,52,-9.631608,0.000000,0.999979,0.999963
henon,K,3,5,0.01,1.3,1.000e-12,53,-9.296742,0.000000,0.999957,0.999934
henon,K,3,5,0.01,1.3,1.000e-12,54,-8.964052,0.000000,0.999904,0.999831
henon,K,3,5,0.01,1.3,1.000e-12,55,-8.616982,0.000061,0.999757,0.999541
henon,K,3,5,0.01,1.3,1.000e-12,56,-8.286299,0.000183,0.999568,0.999283
henon,K,3,5,0.01,1.3,1.000e-12,57,-7.945813,0.000732,0.998878,0.998275
henon,K,3,5,0.01,1.3,1.000e-12,58,-7.609969,0.001038,0.997188,0.997510
henon,K,3,5,0.01,1.3,1.000e-12,59,-7.267643,0.002319,0.995401,0.995736
henon,K,3,5,0.01,1.3,1.000e-12,60,-6.935228,0.003235,0.992100,0.994809
henon,K,3,5,0.01,1.3,1.000e-12,61,-6.594710,0.006653,0.987585,0.990413
henon,K,3,5,0.01,1.3,1.000e-12,62,-6.250291,0.008972,0.984019,0.984754
henon,K,3,5,0.01,1.3,1.000e-12,63,-5.915291,0.012207,0.978217,0.977758
henon,K,3,5,0.01,1.3,1.000e-12,64,-5.587175,0.017456,0.970593,0.969713
henon,K,3,5,0.01,1.3,1.000e-12,65,-5.263105,0.022705,0.962941,0.961774
henon,K,3,5,0.01,1.3,1.000e-12,66,-4.940298,0.027710,0.952318,0.948745
henon,K,3,5,0.01,1.3,1.000e-12,67,-4.623918,0.042969,0.932854,0.932653
henon,K,3,5,0.01,1.3,1.000e-12,68,-4.310821,0.055481,0.915551,0.912261
henon,K,3,5,0.01,1.3,1.000e-12,69,-4.014494,0.067322,0.897298,0.887680
henon,K,3,5,0.01,1.3,1.000e-12,70,-3.717767,0.081482,0.876074,0.864395
henon,K,3,5,0.01,1.3,1.000e-12,71,-3.444810,0.095642,0.854700,0.843214
henon,K,3,5,0.01,1.3,1.000e-12,72,-3.159779,0.114990,0.830958,0.816763
henon,K,3,5,0.01,1.3,1.000e-12,73,-2.891039,0.132141,0.792004,0.787108
henon,K,3,5,0.01,1.3,1.000e-12,74,-2.643062,0.152649,0.764933,0.759649
henon,K,3,5,0.01,1.3,1.000e-12,75,-2.398741,0.176208,0.739321,0.714623
henon,K,3,5,0.01,1.3,1.000e-12,76,-2.168671,0.197693,0.698153,0.684760
henon,K,3,5,0.01,1.3,1.000e-12,77,-1.954848,0.219604,0.655389,0.657847
henon,K,3,5,0.01,1.3,1.000e-12,78,-1.753982,0.244385,0.626938,0.618517
henon,K,3,5,0.01,1.3,1.000e-12,79,-1.570031,0.263672,0.593163,0.579558
henon,K,3,5,0.01,1.3,1.000e-12,80,-1.394420,0.292236,0.536722,0.545886
henon,K,3,5,0.01,1.3,1.000e-12,81,-1.238534,0.314575,0.515128,0.504289
henon,K,3,5,0.01,1.3,1.000e-12,82,-1.090729,0.340332,0.477502,0.463318
henon,K,3,5,0.01,1.3,1.000e-12,83,-0.946295,0.367615,0.418308,0.422293
henon,K,3,5,0.01,1.3,1.000e-12,84,-0.826611,0.385864,0.403652,0.397387
henon,K,3,5,0.01,1.3,1.000e-12,85,-0.719927,0.401489,0.374333,0.376371
henon,K,3,5,0.01,1.3,1.000e-12,86,-0.616816,0.421631,0.339656,0.339596
henon,K,3,5,0.01,1.3,1.000e-12,87,-0.521833,0.444031,0.303246,0.298900
henon,K,3,5,0.01,1.3,1.000e-12,88,-0.450845,0.459778,0.280494,0.286631
henon,K,3,5,0.01,1.3,1.000e-12,89,-0.376850,0.477478,0.247285,0.252056
henon,K,3,5,0.01,1.3,1.000e-12,90,-0.303778,0.495117,0.211402,0.215692
henon,K,3,5,0.01,1.3,1.000e-12,91,-0.245288,0.513428,0.203635,0.202078
henon,K,3,5,0.01,1.3,1.000e-12,92,-0.201044,0.520508,0.178554,0.174638
henon,K,3,5,0.01,1.3,1.000e-12,93,-0.159261,0.532043,0.156402,0.161124
henon,K,3,5,0.01,1.3,1.000e-12,94,-0.118446,0.546509,0.138270,0.145291
henon,K,3,5,0.01,1.3,1.000e-12,95,-0.086222,0.557617,0.126180,0.136049
henon,K,3,5,0.01,1.3,1.000e-12,96,-0.055384,0.570801,0.104778,0.097100
henon,K,3,5,0.01,1.3,1.000e-12,97,-0.028826,0.578125,0.081849,0.085974
henon,K,3,5,0.01,1.3,1.000e-12,98,-0.009045,0.582947,0.088046,0.075348
henon,K,3,5,0.01,1.3,1.000e-12,99,0.015978,0.592468,0.062000,0.057567
henon,K,3,5,0.01,1.3,1.000e-12,100,0.021918,0.590759,0.080379,0.058879
henon,K,3,5,0.01,1.3,1.000e-12,101,0.042205,0.598816,0.053226,0.066612
henon,K,3,5,0.01,1.3,1.000e-12,102,0.055435,0.605225,0.041220,0.050498
henon,K,3,5,0.01,1.3,1.000e-12,103,0.060093,0.607544,0.042885,0.032177
henon,K,3,5,0.01,1.3,1.000e-12,104,0.067556,0.608643,0.023084,0.039366
henon,K,3,5,0.01,1.3,1.000e-12,105,0.082631,0.622314,0.025051,0.028835
henon,K,3,5,0.01,1.3,1.000e-12,106,0.089577,0.617798,0.014229,0.019076
henon,K,3,5,0.01,1.3,1.000e-12,107,0.090895,0.619019,0.024515,0.014984
henon,K,3,5,0.01,1.3,1.000e-12,108,0.094955,0.619751,0.019022,0.027196
henon,K,3,5,0.01,1.3,1.000e-12,109,0.094672,0.623291,0.016772,0.021965
henon,K,3,5,0.01,1.3,1.000e-12,110,0.094669,0.621277,0.021842,0.003677
henon,K,3,5,0.01,1.3,1.000e-12,111,0.101735,0.624634,0.001897,0.000154
henon,K,3,5,0.01,1.3,1.000e-12,112,0.105121,0.623047,0.015172,0.010265
henon,K,3,5,0.01,1.3,1.000e-12,113,0.105616,0.618530,0.019636,0.010809
henon,K,3,5,0.01,1.3,1.000e-12,114,0.108879,0.626587,0.019011,0.012863
henon,K,3,5,0.01,1.3,1.000e-12,115,0.111571,0.628052,0.014451,0.018744
henon,K,3,5,0.01,1.3,1.000e-12,116,0.114588,0.629211,-0.004659,0.004261
henon,K,3,5,0.01,1.3,1.000e-12,117,0.108860,0.623474,0.009910,-0.001714
henon,K,3,5,0.01,1.3,1.000e-12,118,0.117365,0.631409,0.012855,0.007983
henon,K,3,5,0.01,1.3,1.000e-12,119,0.128839,0.639404,-0.016583,0.001044
henon,K,3,5,0.01,1.3,1.000e-12,120,0.122718,0.635864,-0.011837,0.007856
henon,K,3,5,0.01,1.3,1.000e-12,121,0.112807,0.623657,-0.000348,0.013392
henon,K,3,5,0.01,1.3,1.000e-12,122,0.112421,0.626282,0.002934,0.016656
henon,K,3,5,0.01,1.3,1.000e-12,123,0.112509,0.626770,-0.009205,0.016487
henon,K,3,5,0.01,1.3,1.000e-12,124,0.112662,0.626465,-0.010718,0.011947
henon,K,3,5,0.01,1.3,1.000e-12,125,0.104655,0.626404,0.020655,0.012316
henon,K,3,5,0.01,1.3,1.000e-12,126,0.115440,0.632690,0.002492,0.004695
henon,K,3,5,0.01,1.3,1.000e-12,127,0.117107,0.629944,0.009561,-0.012072
henon,K,3,5,0.01,1.3,1.000e-12,128,0.117922,0.627502,-0.003508,0.007602
henon,K,3,5,0.01,1.3,1.000e-12,129,0.120504,0.632751,0.007033,0.014491
henon,K,3,5,0.01,1.3,1.000e-12,130,0.117806,0.624695,-0.003556,0.006910
henon,K,3,5,0.01,1.3,1.000e-12,131,0.117984,0.626343,0.002253,0.001761
henon,K,3,5,0.01,1.3,1.000e-12,132,0.123480,0.633606,0.001739,-0.004712
henon,K,3,5,0.01,1.3,1.000e-12,133,0.118386,0.628601,-0.004179,-0.001997
henon,K,3,5,0.01,1.3,1.000e-12,134,0.119137,0.631531,-0.000004,0.002565
henon,K,3,5,0.01,1.3,1.000e-12,135,0.120125,0.630981,-0.006530,0.004274
henon,K,3,5,0.01,1.3,1.000e-12,136,0.119750,0.630615,0.000367,0.001376
henon,K,3,5,0.01,1.3,1.000e-12,137,0.118809,0.630371,-0.009875,-0.004341
henon,K,3,5,0.01,1.3,1.000e-12,138,0.110821,0.625854,0.004704,0.018534
henon,K,3,5,0.01,1.3,1.000e-12,139,0.115970,0.625610,0.006386,-0.004211
henon,K,3,5,0.01,1.3,1.000e-12,140,0.113138,0.627930,0.007393,0.010642
henon,K,3,5,0.01,1.3,1.000e-12,141,0.117406,0.624756,0.002136,0.001177
henon,K,3,5,0.01,1.3,1.000e-12,142,0.117720,0.630310,-0.007674,0.013324
henon,K,3,5,0.01,1.3,1.000e-12,143,0.117787,0.628723,0.011879,-0.001238
henon,K,3,5,0.01,1.3,1.000e-12,144,0.117185,0.627625,0.001875,-0.003295
henon,K,3,5,0.01,1.3,1.000e-12,145,0.116874,0.627808,0.008610,-0.000497
henon,K,3,5,0.01,1.3,1.000e-12,146,0.117585,0.630127,-0.001365,0.002327
henon,K,3,5,0.01,1.3,1.000e-12,147,0.111638,0.629028,0.009871,-0.000963
henon,K,3,5,0.01,1.3,1.000e-12,148,0.110428,0.629700,0.013731,-0.000162
henon,K,3,5,0.01,1.3,1.000e-12,149,0.113333,0.628235,-0.021534,0.006031
henon,K,3,5,0.01,1.3,1.000e-12,150,0.112657,0.625916,0.005822,0.003240
henon,K,3,5,0.01,1.3,1.000e-12,151,0.116678,0.627258,0.014683,-0.006307
henon,K,3,5,0.01,1.3,1.000e-12,152,0.116576,0.630432,0.002263,0.015992
henon,K,3,5,0.01,1.3,1.000e-12,153,0.116747,0.626587,0.003937,0.003131
henon,K,3,5,0.01,1.3,1.000e-12,154,0.110095,0.626160,0.006759,0.005177
henon,K,3,5,0.01,1.3,1.000e-12,155,0.109007,0.623352,0.003336,0.018758
henon,K,3,5,0.01,1.3,1.000e-12,156,0.113708,0.626953,-0.012132,0.018919
henon,K,3,5,0.01,1.3,1.000e-12,157,0.115486,0.627563,0.009709,0.011366
henon,K,3,5,0.01,1.3,1.000e-12,158,0.122415,0.631226,-0.010838,-0.008181
henon,K,3,5,0.01,1.3,1.000e-12,159,0.120516,0.634094,0.000810,0.002451
henon,K,3,5,0.01,1.3,1.000e-12,160,0.119988,0.632751,0.010255,-0.007222
henon,K,3,5,0.01,1.3,1.000e-12,161,0.125617,0.638550,-0.007454,-0.009295
henon,K,3,5,0.01,1.3,1.000e-12,162,0.122873,0.630310,0.000254,0.002514
henon,K,3,5,0.01,1.3,1.000e-12,163,0.122384,0.634338,-0.009332,0.011308
henon,K,3,5,0.01,1.3,1.000e-12,164,0.117817,0.629211,-0.000653,0.012149
henon,K,3,5,0.01,1.3,1.000e-12,165,0.123518,0.637085,-0.007561,-0.004253
henon,K,3,5,0.01,1.3,1.000e-12,166,0.118643,0.631592,-0.006585,0.002484
henon,K,3,5,0.01,1.3,1.000e-12,167,0.119099,0.631287,0.002578,0.001213
henon,K,3,5,0.01,1.3,1.000e-12,168,0.116885,0.629883,-0.005020,-0.002180
henon,K,3,5,0.01,1.3,1.000e-12,169,0.120069,0.631348,0.002107,-0.001042
henon,K,3,5,0.01,1.3,1.000e-12,170,0.116968,0.630615,-0.002347,0.011532
henon,K,3,5,0.01,1.3,1.000e-12,171,0.120273,0.630493,0.008057,-0.008996
henon,K,3,5,0.01,1.3,1.000e-12,172,0.121978,0.631226,-0.006732,-0.000060
henon,K,3,5,0.01,1.3,1.000e-12,173,0.119825,0.633484,-0.002378,0.006170
henon,K,3,5,0.01,1.3,1.000e-12,174,0.123641,0.634277,-0.007199,-0.003197
henon,K,3,5,0.01,1.3,1.000e-12,175,0.115452,0.630127,-0.017099,0.012620
henon,K,3,5,0.01,1.3,1.000e-12,176,0.116086,0.628540,-0.011105,0.014788
henon,K,3,5,0.01,1.3,1.000e-12,177,0.115599,0.633179,-0.012977,-0.004071
henon,K,3,5,0.01,1.3,1.000e-12,178,0.120280,0.631104,-0.015104,-0.003022
henon,K,3,5,0.01,1.3,1.000e-12,179,0.118614,0.631348,0.013599,-0.000285
henon,K,3,5,0.01,1.3,1.000e-12,180,0.121354,0.635559,-0.009921,-0.004511
henon,K,3,5,0.01,1.3,1.000e-12,181,0.119909,0.632446,-0.011518,0.006245
henon,K,3,5,0.01,1.3,1.000e-12,182,0.118295,0.632324,-0.006400,0.006600
henon,K,3,5,0.01,1.3,1.000e-12,183,0.122020,0.638000,-0.010434,-0.000097
henon,K,3,5,0.01,1.3,1.000e-12,184,0.116914,0.635925,-0.014827,-0.009142
henon,K,3,5,0.01,1.3,1.000e-12,185,0.119538,0.629456,-0.001594,-0.009791
henon,K,3,5,0.01,1.3,1.000e-12,186,0.119863,0.630188,-0.000028,0.002645
henon,K,3,5,0.01,1.3,1.000e-12,187,0.113117,0.624817,0.001964,0.011894
henon,K,3,5,0.01,1.3,1.000e-12,188,0.118176,0.630493,0.000925,-0.001968
henon,K,3,5,0.01,1.3,1.000e-12,189,0.116163,0.626221,0.005860,0.004150
henon,K,3,5,0.01,1.3,1.000e-12,190,0.122452,0.632812,-0.005131,-0.003078
henon,K,3,5,0.01,1.3,1.000e-12,191,0.122511,0.637329,0.001237,-0.000326
henon,K,3,5,0.01,1.3,1.000e-12,192,0.125620,0.632324,-0.000058,-0.005169
henon,K,3,5,0.01,1.3,1.000e-12,193,0.124776,0.635742,-0.015400,-0.002621
henon,K,3,5,0.01,1.3,1.000e-12,194,0.115957,0.626831,-0.002514,0.001192
henon,K,3,5,0.01,1.3,1.000e-12,195,0.116108,0.631042,-0.004272,0.007692
henon,K,3,5,0.01,1.3,1.000e-12,196,0.111848,0.625305,0.015030,0.010630
henon,K,3,5,0.01,1.3,1.000e-12,197,0.115645,0.628906,0.010209,0.000645
henon,K,3,5,0.01,1.3,1.000e-12,198,0.122050,0.634521,-0.001104,0.003548
henon,K,3,5,0.01,1.3,1.000e-12,199,0.122022,0.637207,-0.001297,0.007157
henon,K,3,5,0.01,1.3,1.000e-12,200,0.119802,0.632263,-0.004707,0.001519
henon,K,3,5,0.01,1.3,1.000e-12,201,0.121809,0.632812,-0.014562,-0.006465
henon,K,3,5,0.01,1.3,1.000e-12,202,0.121264,0.630249,-0.003660,0.000735
henon,K,3,5,0.01,1.3,1.000e-12,203,0.120545,0.632812,-0.001908,0.001857
henon,K,3,5,0.01,1.3,1.000e-12,204,0.119717,0.630066,-0.000227,-0.005838
henon,K,3,5,0.01,1.3,1.000e-12,205,0.131582,0.639709,-0.017678,-0.018453
henon,K,3,5,0.01,1.3,1.000e-12,206,0.122874,0.636169,0.005111,-0.010508
henon,K,3,5,0.01,1.3,1.000e-12,207,0.123365,0.632019,-0.002170,-0.004290
henon,K,3,5,0.01,1.3,1.000e-12,208,0.120467,0.634033,0.004791,-0.004336
henon,K,3,5,0.01,1.3,1.000e-12,209,0.123096,0.631836,-0.006940,0.010355
henon,K,3,5,0.01,1.3,1.000e-12,210,0.119113,0.630005,-0.008345,-0.000526
henon,K,3,5,0.01,1.3,1.000e-12,211,0.120023,0.632996,-0.006445,0.001528
henon,K,3,5,0.01,1.3,1.000e-12,212,0.127496,0.636658,-0.003889,-0.009875
henon,K,3,5,0.01,1.3,1.000e-12,213,0.128904,0.635742,0.001622,-0.027497
henon,K,3,5,0.01,1.3,1.000e-12,214,0.121737,0.634460,0.000888,-0.005925
henon,K,3,5,0.01,1.3,1.000e-12,215,0.120434,0.630127,-0.000360,-0.006520
henon,K,3,5,0.01,1.3,1.000e-12,216,0.121710,0.633667,-0.002466,0.003153
henon,K,3,5,0.01,1.3,1.000e-12,217,0.117336,0.629944,-0.003273,0.002421
henon,K,3,5,0.01,1.3,1.000e-12,218,0.114261,0.628296,0.001049,0.003788
henon,K,3,5,0.01,1.3,1.000e-12,219,0.122477,0.637268,-0.006335,0.009145
henon,K,3,5,0.01,1.3,1.000e-12,220,0.132794,0.639465,-0.013160,-0.001047
henon,K,3,5,0.01,1.3,1.000e-12,221,0.125632,0.635803,-0.005545,-0.011440
henon,K,3,5,0.01,1.3,1.000e-12,222,0.126968,0.636475,0.004979,-0.017226
henon,K,3,5,0.01,1.3,1.000e-12,223,0.127383,0.635498,0.000121,-0.015655
henon,K,3,5,0.01,1.3,1.000e-12,224,0.123008,0.630737,0.006134,-0.005979
henon,K,3,5,0.01,1.3,1.000e-12,225,0.118430,0.628906,-0.004362,-0.002485
henon,K,3,5,0.01,1.3,1.000e-12,226,0.116401,0.628906,-0.001726,0.008136
henon,K,3,5,0.01,1.3,1.000e-12,227,0.124591,0.636780,-0.001508,-0.008618
henon,K,3,5,0.01,1.3,1.000e-12,228,0.117795,0.628967,-0.005684,-0.007839
henon,K,3,5,0.01,1.3,1.000e-12,229,0.117789,0.630798,-0.003731,0.005893
henon,K,3,5,0.01,1.3,1.000e-12,230,0.115177,0.630066,0.002010,0.003883
henon,K,3,5,0.01,1.3,1.000e-12,231,0.122105,0.635925,-0.011332,-0.003180
henon,K,3,5,0.01,1.3,1.000e-12,232,0.117561,0.631226,-0.007435,0.009877
henon,K,3,5,0.01,1.3,1.000e-12,233,0.118192,0.628540,0.007684,-0.008209
henon,K,3,5,0.01,1.3,1.000e-12,234,0.116519,0.630188,-0.006880,-0.002755
henon,K,3,5,0.01,1.3,1.000e-12,235,0.111551,0.623901,0.004895,0.009625
henon,K,3,5,0.01,1.3,1.000e-12,236,0.113374,0.629272,-0.000356,0.010953
henon,K,3,5,0.01,1.3,1.000e-12,237,0.116131,0.632751,0.006422,0.009054
henon,K,3,5,0.01,1.3,1.000e-12,238,0.114332,0.626404,0.006647,0.007762
henon,K,3,5,0.01,1.3,1.000e-12,239,0.119185,0.630066,-0.005707,0.003135
henon,K,3,5,0.01,1.3,1.000e-12,240,0.122131,0.631165,-0.010463,-0.007543
henon,K,3,5,0.01,1.3,1.000e-12,241,0.115975,0.631897,-0.001116,0.006085
henon,K,3,5,0.01,1.3,1.000e-12,242,0.113686,0.623474,-0.001661,0.011838
henon,K,3,5,0.01,1.3,1.000e-12,243,0.117273,0.631042,0.001189,0.011908
henon,K,3,5,0.01,1.3,1.000e-12,244,0.119095,0.632996,0.002110,0.000631
henon,K,3,5,0.01,1.3,1.000e-12,245,0.123058,0.631897,-0.004985,-0.011677
henon,K,3,5,0.01,1.3,1.000e-12,246,0.121712,0.630981,0.001099,-0.003363
henon,K,3,5,0.01,1.3,1.000e-12,247,0.121971,0.633240,0.006179,-0.011743
henon,K,3,5,0.01,1.3,1.000e-12,248,0.120965,0.629395,0.001150,-0.003820
henon,K,3,5,0.01,1.3,1.000e-12,249,0.117988,0.630188,0.012712,0.000502
henon,K,3,5,0.01,1.3,1.000e-12,250,0.120923,0.634583,-0.002351,-0.000734
henon,K,3,5,0.01,1.3,1.000e-12,251,0.121857,0.639648,0.002520,-0.005928
henon,K,3,5,0.01,1.3,1.000e-12,252,0.125904,0.636536,-0.011411,-0.003788
henon,K,3,5,0.01,1.3,1.000e-12,253,0.126991,0.634949,-0.005780,0.000073
henon,K,3,5,0.01,1.3,1.000e-12,254,0.124365,0.635559,-0.006667,-0.004115
henon,K,3,5,0.01,1.3,1.000e-12,255,0.121470,0.631470,-0.000186,-0.003886
henon,K,3,5,0.01,1.3,1.000e-12,256,0.118118,0.625549,0.008192,-0.009818
henon,K,3,5,0.01,1.3,1.000e-12,257,0.120562,0.631165,-0.004450,0.004797
henon,K,3,5,0.01,1.3,1.000e-12,258,0.119850,0.633667,-0.002888,0.000249
henon,K,3,5,0.01,1.3,1.000e-12,259,0.125534,0.638367,0.001250,-0.019099
henon,K,3,5,0.01,1.3,1.000e-12,260,0.128304,0.637024,-0.007687,-0.005743
henon,K,3,5,0.01,1.3,1.000e-12,261,0.125713,0.634827,-0.005598,-0.009309
henon,K,3,5,0.01,1.3,1.000e-12,262,0.125795,0.639343,-0.003014,-0.012677
henon,K,3,5,0.01,1.3,1.000e-12,263,0.124387,0.632141,0.001833,-0.014936
henon,K,3,5,0.01,1.3,1.000e-12,264,0.121931,0.629517,0.003481,-0.005257
henon,K,3,5,0.01,1.3,1.000e-12,265,0.119032,0.630066,0.003455,-0.002848
henon,K,3,5,0.01,1.3,1.000e-12,266,0.119058,0.625977,0.006343,-0.016424
henon,K,3,5,0.01,1.3,1.000e-12,267,0.125347,0.637512,-0.007613,0.000993
henon,K,3,5,0.01,1.3,1.000e-12,268,0.124067,0.632935,-0.003964,-0.002267
henon,K,3,5,0.01,1.3,1.000e-12,269,0.123221,0.634155,-0.006210,0.010580
henon,K,3,5,0.01,1.3,1.000e-12,270,0.119314,0.630981,-0.005153,-0.000310
henon,K,3,5,0.01,1.3,1.000e-12,271,0.118542,0.631653,-0.005454,0.003827
henon,K,3,5,0.01,1.3,1.000e-12,272,0.116772,0.629333,0.011543,0.003394
henon,K,3,5,0.01,1.3,1.000e-12,273,0.127886,0.635132,0.001212,-0.006412
henon,K,3,5,0.01,1.3,1.000e-12,274,0.132936,0.641113,-0.005486,-0.021541
henon,K,3,5,0.01,1.3,1.000e-12,275,0.129312,0.641968,0.004758,-0.017960
henon,K,3,5,0.01,1.3,1.000e-12,276,0.123552,0.627441,-0.002388,-0.008214
henon,K,3,5,0.01,1.3,1.000e-12,277,0.119897,0.631042,-0.006442,0.013489
henon,K,3,5,0.01,1.3,1.000e-12,278,0.125677,0.638000,-0.021642,0.002731
henon,K,3,5,0.01,1.3,1.000e-12,279,0.123435,0.633972,-0.004215,0.001408
henon,K,3,5,0.01,1.3,1.000e-12,280,0.119973,0.631287,-0.004257,0.009832
henon,K,3,5,0.01,1.3,1.000e-12,281,0.119858,0.633057,0.000815,-0.002021
henon,K,3,5,0.01,1.3,1.000e-12,282,0.114900,0.627991,0.011194,0.000788
henon,K,3,5,0.01,1.3,1.000e-12,283,0.115406,0.630127,-0.007672,0.008348
henon,K,3,5,0.01,1.3,1.000e-12,284,0.117683,0.630432,0.002815,-0.007254
henon,K,3,5,0.01,1.3,1.000e-12,285,0.120053,0.630127,0.008977,-0.003122
henon,K,3,5,0.01,1.3,1.000e-12,286,0.121734,0.631470,0.002745,-0.001464
henon,K,3,5,0.01,1.3,1.000e-12,287,0.115398,0.631226,0.009955,0.002183
henon,K,3,5,0.01,1.3,1.000e-12,288,0.114204,0.628906,0.008052,0.002948
henon,K,3,5,0.01,1.3,1.000e-12,289,0.114691,0.627747,0.009105,-0.004788
henon,K,3,5,0.01,1.3,1.000e-12,290,0.115048,0.626343,0.007540,-0.003905
henon,K,3,5,0.01,1.3,1.000e-12,291,0.111070,0.629517,0.003662,0.004429
henon,K,3,5,0.01,1.3,1.000e-12,292,0.107247,0.623108,0.000738,0.007295
henon,K,3,5,0.01,1.3,1.000e-12,293,0.116509,0.633789,0.001330,-0.000977
henon,K,3,5,0.01,1.3,1.000e-12,294,0.115895,0.632019,0.006858,0.004576
henon,K,3,5,0.01,1.3,1.000e-12,295,0.114498,0.627869,0.000579,0.004377
henon,K,3,5,0.01,1.3,1.000e-12,296,0.117659,0.628601,0.002132,-0.002100
henon,K,3,5,0.01,1.3,1.000e-12,297,0.114415,0.624878,-0.006408,0.008981
henon,K,3,5,0.01,1.3,1.000e-12,298,0.118116,0.632812,-0.004287,-0.001000
henon,K,3,5,0.01,1.3,1.000e-12,299,0.116345,0.627991,-0.000844,0.002147
henon,K,3,5,0.01,1.3,1.000e-12,300,0.118467,0.630371,0.008091,-0.006487
henon,K,3,5,0.01,1.3,1.000e-12,301,0.119102,0.632385,0.008595,-0.006709
henon,K,3,5,0.01,1.3,1.000e-12,302,0.120222,0.630432,-0.010917,0.004419
henon,K,3,5,0.01,1.3,1.000e-12,303,0.121271,0.626770,0.006724,-0.004290
henon,K,3,5,0.01,1.3,1.000e-12,304,0.120767,0.628723,0.012399,-0.016188
henon,K,3,5,0.01,1.3,1.000e-12,305,0.123242,0.635193,-0.003053,-0.006097
henon,K,3,5,0.01,1.3,1.000e-12,306,0.121940,0.632385,0.001276,-0.012982
henon,K,3,5,0.01,1.3,1.000e-12,307,0.119859,0.630920,0.000690,0.011394
henon,K,3,5,0.01,1.3,1.000e-12,308,0.116225,0.629089,-0.003573,0.003638
henon,K,3,5,0.01,1.3,1.000e-12,309,0.112009,0.626526,0.009288,0.016460
henon,K,3,5,0.01,1.3,1.000e-12,310,0.122337,0.631653,-0.008507,0.001302
henon,K,3,5,0.01,1.3,1.000e-12,311,0.121382,0.633423,0.002182,0.004442
henon,K,3,5,0.01,1.3,1.000e-12,312,0.116158,0.624817,0.004592,-0.002240
henon,K,3,5,0.01,1.3,1.000e-12,313,0.117826,0.624878,0.008712,-0.009008
henon,K,3,5,0.01,1.3,1.000e-12,314,0.114712,0.626160,0.012597,0.010224
henon,K,3,5,0.01,1.3,1.000e-12,315,0.117905,0.632141,0.001471,0.001450
henon,K,3,5,0.01,1.3,1.000e-12,316,0.119880,0.633057,-0.003704,0.000026
henon,K,3,5,0.01,1.3,1.000e-12,317,0.117083,0.629578,0.020455,-0.016727
henon,K,3,5,0.01,1.3,1.000e-12,318,0.117585,0.628540,0.007944,-0.005666
henon,K,3,5,0.01,1.3,1.000e-12,319,0.108049,0.625427,0.009393,0.008051
henon,K,3,5,0.01,1.3,1.000e-12,320,0.113020,0.629944,0.024568,-0.012661
henon,K,3,5,0.01,1.3,1.000e-12,321,0.118143,0.630249,0.006547,-0.013068
henon,K,3,5,0.01,1.3,1.000e-12,322,0.113707,0.630493,0.008193,-0.002511
henon,K,3,5,0.01,1.3,1.000e-12,323,0.119626,0.634766,0.000454,-0.005915
henon,K,3,5,0.01,1.3,1.000e-12,324,0.116835,0.626831,0.012616,-0.006822
henon,K,3,5,0.01,1.3,1.000e-12,325,0.119843,0.632446,0.005896,-0.014074
henon,K,3,5,0.01,1.3,1.000e-12,326,0.117655,0.626892,0.008693,-0.003991
henon,K,3,5,0.01,1.3,1.000e-12,327,0.118020,0.630859,0.014624,-0.006754
henon,K,3,5,0.01,1.3,1.000e-12,328,0.117173,0.626465,0.008881,-0.009179
henon,K,3,5,0.01,1.3,1.000e-12,329,0.114366,0.625916,-0.003502,0.011781
henon,K,3,5,0.01,1.3,1.000e-12,330,0.120442,0.629944,-0.002055,-0.002553
henon,K,3,5,0.01,1.3,1.000e-12,331,0.120286,0.627930,0.003204,0.006624
henon,K,3,5,0.01,1.3,1.000e-12,332,0.116944,0.632874,0.001805,-0.003290
henon,K,3,5,0.01,1.3,1.000e-12,333,0.123684,0.633240,0.000333,-0.003931
henon,K,3,5,0.01,1.3,1.000e-12,334,0.124764,0.630554,0.002119,0.005724
henon,K,3,5,0.01,1.3,1.000e-12,335,0.128220,0.638794,-0.009213,-0.002609
henon,K,3,5,0.01,1.3,1.000e-12,336,0.124190,0.632568,-0.004632,-0.009943
henon,K,3,5,0.01,1.3,1.000e-12,337,0.114755,0.629028,-0.000406,-0.004754
henon,K,3,5,0.01,1.3,1.000e-12,338,0.118857,0.624695,-0.006151,-0.002870
henon,K,3,5,0.01,1.3,1.000e-12,339,0.115436,0.628845,-0.001661,-0.004688
henon,K,3,5,0.01,1.3,1.000e-12,340,0.119853,0.631165,-0.002282,0.004423
henon,K,3,5,0.01,1.3,1.000e-12,341,0.124415,0.634583,0.002352,-0.005570
henon,K,3,5,0.01,1.3,1.000e-12,342,0.124629,0.634399,0.005633,-0.005025
henon,K,3,5,0.01,1.3,1.000e-12,343,0.124604,0.636475,-0.006970,0.005986
henon,K,3,5,0.01,1.3,1.000e-12,344,0.123177,0.633606,0.005207,-0.013910
henon,K,3,5,0.01,1.3,1.000e-12,345,0.121184,0.633179,-0.003593,-0.006732
henon,K,3,5,0.01,1.3,1.000e-12,346,0.116756,0.625488,-0.013060,0.000109
henon,K,3,5,0.01,1.3,1.000e-12,347,0.120432,0.631042,-0.007631,-0.011721
henon,K,3,5,0.01,1.3,1.000e-12,348,0.121911,0.633850,-0.010311,-0.000452
henon,K,3,5,0.01,1.3,1.000e-12,349,0.120531,0.634583,-0.011386,-0.000959
henon,K,3,5,0.01,1.3,1.000e-12,350,0.117730,0.631836,0.003873,0.002968
henon,K,3,5,0.01,1.3,1.000e-12,351,0.121652,0.632080,-0.002359,-0.001976
henon,K,3,5,0.01,1.3,1.000e-12,352,0.122140,0.638000,-0.013138,0.005599
henon,K,3,5,0.01,1.3,1.000e-12,353,0.122166,0.634460,-0.007512,-0.009145
henon,K,3,5,0.01,1.3,1.000e-12,354,0.122226,0.633545,-0.007327,-0.025637
henon,K,3,5,0.01,1.3,1.000e-12,355,0.117203,0.626221,-0.002525,0.010032
henon,K,3,5,0.01,1.3,1.000e-12,356,0.122952,0.631226,-0.001312,-0.006997
henon,K,3,5,0.01,1.3,1.000e-12,357,0.120752,0.630859,-0.000772,-0.000903
henon,K,3,5,0.01,1.3,1.000e-12,358,0.117190,0.628296,0.022386,-0.003853
henon,K,3,5,0.01,1.3,1.000e-12,359,0.118450,0.633850,0.010387,0.009579
henon,K,3,5,0.01,1.3,1.000e-12,360,0.120059,0.632446,-0.001911,-0.011913
henon,K,3,5,0.01,1.3,1.000e-12,361,0.114620,0.634216,0.007289,-0.013978
henon,K,3,5,0.01,1.3,1.000e-12,362,0.112159,0.627625,0.008499,0.001711
henon,K,3,5,0.01,1.3,1.000e-12,363,0.112156,0.622742,0.009472,0.003624
henon,K,3,5,0.01,1.3,1.000e-12,364,0.116062,0.629333,0.007454,0.004906
henon,K,3,5,0.01,1.3,1.000e-12,365,0.127050,0.632629,0.003741,-0.027188
henon,K,3,5,0.01,1.3,1.000e-12,366,0.121089,0.633972,0.009868,-0.005436
henon,K,3,5,0.01,1.3,1.000e-12,367,0.125217,0.632080,-0.013162,-0.011693
henon,K,3,5,0.01,1.3,1.000e-12,368,0.120311,0.634888,-0.000349,-0.019513
henon,K,3,5,0.01,1.3,1.000e-12,369,0.118814,0.632568,-0.005190,-0.000736
henon,K,3,5,0.01,1.3,1.000e-12,370,0.122134,0.633606,0.006639,-0.009838
henon,K,3,5,0.01,1.3,1.000e-12,371,0.121868,0.636414,0.000284,-0.002775
henon,K,3,5,0.01,1.3,1.000e-12,372,0.123427,0.635498,0.000972,-0.002667
henon,K,3,5,0.01,1.3,1.000e-12,373,0.121580,0.635620,0.006253,0.000199
henon,K,3,5,0.01,1.3,1.000e-12,374,0.123317,0.636719,-0.009571,-0.010519
henon,K,3,5,0.01,1.3,1.000e-12,375,0.112065,0.627014,0.002697,-0.006733
henon,K,3,5,0.01,1.3,1.000e-12,376,0.111966,0.626648,0.004430,0.002916
henon,K,3,5,0.01,1.3,1.000e-12,377,0.116221,0.630188,-0.001302,-0.009439
henon,K,3,5,0.01,1.3,1.000e-12,378,0.115197,0.626831,0.011967,0.000171
henon,K,3,5,0.01,1.3,1.000e-12,379,0.118763,0.629089,0.002089,0.002128
henon,K,3,5,0.01,1.3,1.000e-12,380,0.120045,0.633057,0.008256,-0.003958
henon,K,3,5,0.01,1.3,1.000e-12,381,0.124510,0.629028,0.000282,-0.013046
henon,K,3,5,0.01,1.3,1.000e-12,382,0.117594,0.630920,0.004929,-0.010245
henon,K,3,5,0.01,1.3,1.000e-12,383,0.116853,0.632751,0.006842,0.008558
henon,K,3,5,0.01,1.3,1.000e-12,384,0.116367,0.627686,0.006442,-0.012490
henon,K,3,5,0.01,1.3,1.000e-12,385,0.113276,0.630432,0.007668,0.007824
henon,K,3,5,0.01,1.3,1.000e-12,386,0.117865,0.632751,-0.003246,0.006334
henon,K,3,5,0.01,1.3,1.000e-12,387,0.114385,0.628235,0.016509,-0.008865
henon,K,3,5,0.01,1.3,1.000e-12,388,0.115852,0.631958,0.002376,0.004339
henon,K,3,5,0.01,1.3,1.000e-12,389,0.111531,0.622253,0.006100,0.010103
henon,K,3,5,0.01,1.3,1.000e-12,390,0.115902,0.632812,-0.000151,0.003063
henon,K,3,5,0.01,1.3,1.000e-12,391,0.116169,0.629272,0.006519,0.004684
henon,K,3,5,0.01,1.3,1.000e-12,392,0.117883,0.628113,-0.015407,0.005056
henon,K,3,5,0.01,1.3,1.000e-12,393,0.116239,0.630249,-0.009923,-0.003052
henon,K,3,5,0.01,1.3,1.000e-12,394,0.118766,0.628662,-0.009207,0.000593
henon,K,3,5,0.01,1.3,1.000e-12,395,0.117596,0.633118,-0.001616,0.008515
henon,K,3,5,0.01,1.3,1.000e-12,396,0.116669,0.629211,0.001407,0.003406
henon,K,3,5,0.01,1.3,1.000e-12,397,0.115762,0.632385,0.006489,0.008458
henon,K,3,5,0.01,1.3,1.000e-12,398,0.108438,0.628845,0.018119,0.011401
henon,K,3,5,0.01,1.3,1.000e-12,399,0.113568,0.625183,-0.010038,-0.001771
henon,K,3,5,0.01,1.3,1.000e-12,400,0.115288,0.630188,-0.001439,0.003419
henon,K,3,5,0.01,1.3,1.000e-10,1,-23.135565,0.000000,1.000000,1.000000
henon,K,3,5,0.01,1.3,1.000e-10,2,-22.552133,0.000000,1.000000,1.000000
henon,K,3,5,0.01,1.3,1.000e-10,3,-22.044437,0.000000,1.000000,1.000000
henon,K,3,5,0.01,1.3,1.000e-10,4,-21.637699,0.000000,1.000000,1.000000
henon,K,3,5,0.01,1.3,1.000e-10,5,-21.286539,0.000000,1.000000,1.000000
henon,K,3,5,0.01,1.3,1.000e-10,6,-20.908521,0.000000,1.000000,1.000000
henon,K,3,5,0.01,1.3,1.000e-10,7,-20.506873,0.000000,1.000000,1.000000
henon,K,3,5,0.01,1.3,1.000e-10,8,-20.153081,0.000000,1.000000,1.000000
henon,K,3,5,0.01,1.3,1.000e-10,9,-19.797240,0.000000,1.000000,1.000000
henon,K,3,5,0.01,1.3,1.000e-10,10,-19.419134,0.000000,1.000000,1.000000
henon,K,3,5,0.01,1.3,1.000e-10,11,-19.058805,0.000000,1.000000,1.000000
henon,K,3,5,0.01,1.3,1.000e-10,12,-18.708081,0.000000,1.000000,1.000000
henon,K,3,5,0.01,1.3,1.000e-10,13,-18.359919,0.000000,1.000000,1.000000
henon,K,3,5,0.01,1.3,1.000e-10,14,-17.990915,0.000000,1.000000,1.000000
henon,K,3,5,0.01,1.3,1.000e-10,15,-17.645277,0.000000,1.000000,1.000000
henon,K,3,5,0.01,1.3,1.000e-10,16,-17.300673,0.000000,1.000000,1.000000
henon,K,3,5,0.01,1.3,1.000e-10,17,-16.948320,0.000000,1.000000,1.000000
henon,K,3,5,0.01,1.3,1.000e-10,18,-16.602003,0.000000,1.000000,1.000000
henon,K,3,5,0.01,1.3,1.000e-10,19,-16.252351,0.000000,1.000000,1.000000
henon,K,3,5,0.01,1.3,1.000e-10,20,-15.917338,0.000000,1.000000,1.000000
henon,K,3,5,0.01,1.3,1.000e-10,21,-15.570337,0.000000,1.000000,1.000000
henon,K,3,5,0.01,1.3,1.000e-10,22,-15.226933,0.000000,1.000000,1.000000
henon,K,3,5,0.01,1.3,1.000e-10,23,-14.880533,0.000000,1.000000,1.000000
henon,K,3,5,0.01,1.3,1.000e-10,24,-14.548888,0.000000,1.000000,1.000000
henon,K,3,5,0.01,1.3,1.000e-10,25,-14.205718,0.000000,1.000000,1.000000
henon,K,3,5,0.01,1.3,1.000e-10,26,-13.867890,0.000000,1.000000,1.000000
henon,K,3,5,0.01,1.3,1.000e-10,27,-13.529705,0.000000,1.000000,1.000000
henon,K,3,5,0.01,1.3,1.000e-10,28,-13.188151,0.000000,1.000000,1.000000
henon,K,3,5,0.01,1.3,1.000e-10,29,-12.848795,0.000000,1.000000,1.000000
henon,K,3,5,0.01,1.3,1.000e-10,30,-12.510774,0.000000,1.000000,1.000000
henon,K,3,5,0.01,1.3,1.000e-10,31,-12.176323,0.000000,1.000000,1.000000
henon,K,3,5,0.01,1.3,1.000e-10,32,-11.828455,0.000000,1.000000,1.000000
henon,K,3,5,0.01,1.3,1.000e-10,33,-11.494339,0.000000,1.000000,1.000000
henon,K,3,5,0.01,1.3,1.000e-10,34,-11.151498,0.000000,1.000000,1.000000
henon,K,3,5,0.01,1.3,1.000e-10,35,-10.807534,0.000000,1.000000,1.000000
henon,K,3,5,0.01,1.3,1.000e-10,36,-10.462194,0.000000,1.000000,1.000000
henon,K,3,5,0.01,1.3,1.000e-10,37,-10.123785,0.000000,1.000000,0.999999
henon,K,3,5,0.01,1.3,1.000e-10,38,-9.779522,0.000000,0.999999,0.999999
henon,K,3,5,0.01,1.3,1.000e-10,39,-9.440346,0.000000,0.999997,0.999997
henon,K,3,5,0.01,1.3,1.000e-10,40,-9.103896,0.000000,0.999992,0.999993
henon,K,3,5,0.01,1.3,1.000e-10,41,-8.756868,0.000000,0.999983,0.999984
henon,K,3,5,0.01,1.3,1.000e-10,42,-8.425356,0.000000,0.999962,0.999951
henon,K,3,5,0.01,1.3,1.000e-10,43,-8.094470,0.000000,0.999894,0.999915
henon,K,3,5,0.01,1.3,1.000e-10,44,-7.752411,0.000000,0.999751,0.999765
henon,K,3,5,0.01,1.3,1.000e-10,45,-7.406978,0.000061,0.999445,0.999444
henon,K,3,5,0.01,1.3,1.000e-10,46,-7.071442,0.000305,0.998743,0.998758
henon,K,3,5,0.01,1.3,1.000e-10,47,-6.733698,0.000793,0.997057,0.997153
henon,K,3,5,0.01,1.3,1.000e-10,48,-6.390386,0.002075,0.995170,0.995173
henon,K,3,5,0.01,1.3,1.000e-10,49,-6.052834,0.004333,0.991353,0.991285
henon,K,3,5,0.01,1.3,1.000e-10,50,-5.720567,0.007935,0.984882,0.985685
henon,K,3,5,0.01,1.3,1.000e-10,51,-5.386133,0.010803,0.977573,0.981813
henon,K,3,5,0.01,1.3,1.000e-10,52,-5.052414,0.017395,0.969688,0.970355
henon,K,3,5,0.01,1.3,1.000e-10,53,-4.731319,0.023743,0.957005,0.959652
henon,K,3,5,0.01,1.3,1.000e-10,54,-4.419377,0.032104,0.947543,0.949222
henon,K,3,5,0.01,1.3,1.000e-10,55,-4.096625,0.044861,0.928155,0.928993
henon,K,3,5,0.01,1.3,1.000e-10,56,-3.795531,0.057678,0.908872,0.906141
henon,K,3,5,0.01,1.3,1.000e-10,57,-3.488956,0.073730,0.883255,0.884327
henon,K,3,5,0.01,1.3,1.000e-10,58,-3.204546,0.088684,0.861071,0.853244
henon,K,3,5,0.01,1.3,1.000e-10,59,-2.926528,0.108582,0.830665,0.824296
henon,K,3,5,0.01,1.3,1.000e-10,60,-2.669136,0.126404,0.797854,0.801758
henon,K,3,5,0.01,1.3,1.000e-10,61,-2.408370,0.153381,0.759999,0.757823
henon,K,3,5,0.01,1.3,1.000e-10,62,-2.166312,0.175476,0.728136,0.712841
henon,K,3,5,0.01,1.3,1.000e-10,63,-1.942912,0.204529,0.694417,0.678468
henon,K,3,5,0.01,1.3,1.000e-10,64,-1.731249,0.227722,0.647774,0.644196
henon,K,3,5,0.01,1.3,1.000e-10,65,-1.533032,0.248840,0.619710,0.590748
henon,K,3,5,0.01,1.3,1.000e-10,66,-1.350076,0.276733,0.579190,0.557465
henon,K,3,5,0.01,1.3,1.000e-10,67,-1.185320,0.306702,0.532151,0.518877
henon,K,3,5,0.01,1.3,1.000e-10,68,-1.026850,0.332886,0.475020,0.476286
henon,K,3,5,0.01,1.3,1.000e-10,69,-0.891277,0.358093,0.437410,0.435271
henon,K,3,5,0.01,1.3,1.000e-10,70,-0.766769,0.378906,0.408121,0.411999
henon,K,3,5,0.01,1.3,1.000e-10,71,-0.652361,0.403198,0.369489,0.354583
henon,K,3,5,0.01,1.3,1.000e-10,72,-0.551886,0.429016,0.342260,0.325104
henon,K,3,5,0.01,1.3,1.000e-10,73,-0.462393,0.446289,0.286220,0.304866
henon,K,3,5,0.01,1.3,1.000e-10,74,-0.382186,0.467529,0.269750,0.263557
henon,K,3,5,0.01,1.3,1.000e-10,75,-0.305157,0.486938,0.229166,0.225345
henon,K,3,5,0.01,1.3,1.000e-10,76,-0.244258,0.505798,0.215794,0.193401
henon,K,3,5,0.01,1.3,1.000e-10,77,-0.192392,0.522522,0.190645,0.181562
henon,K,3,5,0.01,1.3,1.000e-10,78,-0.143555,0.539978,0.160291,0.166476
henon,K,3,5,0.01,1.3,1.000e-10,79,-0.105885,0.546509,0.141250,0.138920
henon,K,3,5,0.01,1.3,1.000e-10,80,-0.073037,0.558472,0.114861,0.131450
henon,K,3,5,0.01,1.3,1.000e-10,81,-0.052235,0.565063,0.126379,0.106222
henon,K,3,5,0.01,1.3,1.000e-10,82,-0.025837,0.571472,0.107502,0.089979
henon,K,3,5,0.01,1.3,1.000e-10,83,0.000141,0.583557,0.072531,0.068466
henon,K,3,5,0.01,1.3,1.000e-10,84,0.016981,0.586243,0.079333,0.064020
henon,K,3,5,0.01,1.3,1.000e-10,85,0.033782,0.595032,0.056330,0.075287
henon,K,3,5,0.01,1.3,1.000e-10,86,0.053899,0.601379,0.057709,0.049924
henon,K,3,5,0.01,1.3,1.000e-10,87,0.061342,0.606140,0.048957,0.047270
henon,K,3,5,0.01,1.3,1.000e-10,88,0.068256,0.611755,0.040658,0.036432
henon,K,3,5,0.01,1.3,1.000e-10,89,0.077399,0.611023,0.031640,0.025724
henon,K,3,5,0.01,1.3,1.000e-10,90,0.080723,0.612549,0.032829,0.022328
henon,K,3,5,0.01,1.3,1.000e-10,91,0.089122,0.612976,0.025986,0.022542
henon,K,3,5,0.01,1.3,1.000e-10,92,0.096762,0.619019,0.013712,0.025908
henon,K,3,5,0.01,1.3,1.000e-10,93,0.101780,0.621399,0.006167,0.013701
henon,K,3,5,0.01,1.3,1.000e-10,94,0.107656,0.625854,0.006508,0.021647
henon,K,3,5,0.01,1.3,1.000e-10,95,0.105127,0.624268,0.024718,0.022215
henon,K,3,5,0.01,1.3,1.000e-10,96,0.116202,0.629517,-0.006851,0.000337
henon,K,3,5,0.01,1.3,1.000e-10,97,0.111743,0.626221,0.013416,-0.004685
henon,K,3,5,0.01,1.3,1.000e-10,98,0.112968,0.626709,0.011523,-0.002258
henon,K,3,5,0.01,1.3,1.000e-10,99,0.113864,0.627136,-0.001107,0.001039
henon,K,3,5,0.01,1.3,1.000e-10,100,0.110154,0.625305,0.009234,0.013463
henon,K,3,5,0.01,1.3,1.000e-10,101,0.110971,0.629700,0.028498,0.007788
henon,K,3,5,0.01,1.3,1.000e-10,102,0.122076,0.632690,0.001732,-0.008102
henon,K,3,5,0.01,1.3,1.000e-10,103,0.122440,0.633423,-0.002117,-0.006600
henon,K,3,5,0.01,1.3,1.000e-10,104,0.119066,0.627991,0.000342,-0.001346
henon,K,3,5,0.01,1.3,1.000e-10,105,0.123305,0.632507,0.009614,-0.021582
henon,K,3,5,0.01,1.3,1.000e-10,106,0.116543,0.631042,0.001860,0.004612
henon,K,3,5,0.01,1.3,1.000e-10,107,0.113021,0.627808,0.000851,0.001929
henon,K,3,5,0.01,1.3,1.000e-10,108,0.111209,0.627808,0.017129,-0.004665
henon,K,3,5,0.01,1.3,1.000e-10,109,0.115920,0.630127,-0.001198,0.005007
henon,K,3,5,0.01,1.3,1.000e-10,110,0.118677,0.630554,-0.001594,0.000920
henon,K,3,5,0.01,1.3,1.000e-10,111,0.125433,0.635010,-0.007690,-0.007531
henon,K,3,5,0.01,1.3,1.000e-10,112,0.124289,0.633423,-0.000673,-0.005632
henon,K,3,5,0.01,1.3,1.000e-10,113,0.121075,0.632568,-0.009867,-0.012015
henon,K,3,5,0.01,1.3,1.000e-10,114,0.121958,0.635376,-0.002237,-0.010659
henon,K,3,5,0.01,1.3,1.000e-10,115,0.113670,0.627197,0.001241,-0.003321
henon,K,3,5,0.01,1.3,1.000e-10,116,0.116043,0.630188,-0.008366,-0.004514
henon,K,3,5,0.01,1.3,1.000e-10,117,0.119534,0.627808,-0.007015,-0.003724
henon,K,3,5,0.01,1.3,1.000e-10,118,0.127175,0.635254,-0.010940,-0.015233
henon,K,3,5,0.01,1.3,1.000e-10,119,0.122277,0.637268,-0.010011,0.008524
henon,K,3,5,0.01,1.3,1.000e-10,120,0.120981,0.632751,0.001603,0.002718
henon,K,3,5,0.01,1.3,1.000e-10,121,0.117460,0.628113,-0.018862,0.005331
henon,K,3,5,0.01,1.3,1.000e-10,122,0.117890,0.632812,-0.008631,-0.002360
henon,K,3,5,0.01,1.3,1.000e-10,123,0.125144,0.633362,-0.011584,-0.008393
henon,K,3,5,0.01,1.3,1.000e-10,124,0.128895,0.640015,-0.005199,-0.009201
henon,K,3,5,0.01,1.3,1.000e-10,125,0.124386,0.633667,-0.007783,0.001907
henon,K,3,5,0.01,1.3,1.000e-10,126,0.123734,0.629639,0.001908,-0.001574
henon,K,3,5,0.01,1.3,1.000e-10,127,0.120820,0.631104,0.003243,-0.003793
henon,K,3,5,0.01,1.3,1.000e-10,128,0.113193,0.628662,-0.007260,-0.000197
henon,K,3,5,0.01,1.3,1.000e-10,129,0.112383,0.623596,0.012490,0.007529
henon,K,3,5,0.01,1.3,1.000e-10,130,0.120155,0.628967,-0.002720,0.004391
henon,K,3,5,0.01,1.3,1.000e-10,131,0.125968,0.633118,-0.001891,-0.005539
henon,K,3,5,0.01,1.3,1.000e-10,132,0.126446,0.636353,0.002063,-0.007957
henon,K,3,5,0.01,1.3,1.000e-10,133,0.123483,0.631104,-0.003226,-0.001683
henon,K,3,5,0.01,1.3,1.000e-10,134,0.120963,0.633301,0.000021,-0.000907
henon,K,3,5,0.01,1.3,1.000e-10,135,0.116465,0.632874,-0.015301,0.006462
henon,K,3,5,0.01,1.3,1.000e-10,136,0.114371,0.627747,-0.005122,-0.003625
henon,K,3,5,0.01,1.3,1.000e-10,137,0.120319,0.628723,-0.003355,0.007130
henon,K,3,5,0.01,1.3,1.000e-10,138,0.118660,0.631775,0.002694,0.007292
henon,K,3,5,0.01,1.3,1.000e-10,139,0.122132,0.631165,-0.013378,-0.005609
henon,K,3,5,0.01,1.3,1.000e-10,140,0.122413,0.632935,-0.004711,-0.007636
henon,K,3,5,0.01,1.3,1.000e-10,141,0.119902,0.630371,0.005318,0.003344
henon,K,3,5,0.01,1.3,1.000e-10,142,0.115453,0.625061,-0.007311,-0.006513
henon,K,3,5,0.01,1.3,1.000e-10,143,0.110703,0.621887,0.005748,0.012052
henon,K,3,5,0.01,1.3,1.000e-10,144,0.118969,0.633789,0.007664,-0.004578
henon,K,3,5,0.01,1.3,1.000e-10,145,0.124172,0.629700,-0.001952,0.007244
henon,K,3,5,0.01,1.3,1.000e-10,146,0.130658,0.638123,-0.007646,-0.009800
henon,K,3,5,0.01,1.3,1.000e-10,147,0.126451,0.638184,-0.007781,-0.002928
henon,K,3,5,0.01,1.3,1.000e-10,148,0.123754,0.633789,-0.004926,-0.010909
henon,K,3,5,0.01,1.3,1.000e-10,149,0.113718,0.623474,0.011665,-0.004021
henon,K,3,5,0.01,1.3,1.000e-10,150,0.111299,0.625549,-0.006770,0.005558
henon,K,3,5,0.01,1.3,1.000e-10,151,0.112580,0.626587,-0.004867,0.008252
henon,K,3,5,0.01,1.3,1.000e-10,152,0.113979,0.632141,0.011982,-0.007793
henon,K,3,5,0.01,1.3,1.000e-10,153,0.122463,0.637573,-0.000097,-0.003639
henon,K,3,5,0.01,1.3,1.000e-10,154,0.124440,0.635132,-0.001914,-0.007568
henon,K,3,5,0.01,1.3,1.000e-10,155,0.119202,0.631470,0.001553,-0.007725
henon,K,3,5,0.01,1.3,1.000e-10,156,0.116068,0.629211,0.001633,0.009202
henon,K,3,5,0.01,1.3,1.000e-10,157,0.108686,0.626709,0.015530,0.003962
henon,K,3,5,0.01,1.3,1.000e-10,158,0.116803,0.626953,0.006760,0.003781
henon,K,3,5,0.01,1.3,1.000e-10,159,0.112759,0.627136,0.015825,-0.002788
henon,K,3,5,0.01,1.3,1.000e-10,160,0.117414,0.631348,-0.003687,-0.006061
henon,K,3,5,0.01,1.3,1.000e-10,161,0.120741,0.633789,-0.003443,-0.003690
henon,K,3,5,0.01,1.3,1.000e-10,162,0.123752,0.632202,0.001106,-0.012017
henon,K,3,5,0.01,1.3,1.000e-10,163,0.121286,0.635803,0.001795,-0.000720
henon,K,3,5,0.01,1.3,1.000e-10,164,0.118774,0.628479,0.007484,-0.009885
henon,K,3,5,0.01,1.3,1.000e-10,165,0.121651,0.634644,-0.004610,0.004068
henon,K,3,5,0.01,1.3,1.000e-10,166,0.124629,0.635925,-0.005675,-0.016332
henon,K,3,5,0.01,1.3,1.000e-10,167,0.126275,0.636169,-0.019874,0.002803
henon,K,3,5,0.01,1.3,1.000e-10,168,0.130109,0.638733,-0.026305,-0.004831
henon,K,3,5,0.01,1.3,1.000e-10,169,0.123618,0.630127,-0.003817,-0.004175
henon,K,3,5,0.01,1.3,1.000e-10,170,0.112825,0.626221,0.001202,0.013823
henon,K,3,5,0.01,1.3,1.000e-10,171,0.112065,0.624939,0.003125,-0.002497
henon,K,3,5,0.01,1.3,1.000e-10,172,0.116283,0.634338,-0.002329,0.016435
henon,K,3,5,0.01,1.3,1.000e-10,173,0.121494,0.631470,-0.007348,0.013731
henon,K,3,5,0.01,1.3,1.000e-10,174,0.126132,0.632324,-0.016182,0.005541
henon,K,3,5,0.01,1.3,1.000e-10,175,0.121946,0.631592,-0.003374,-0.014466
henon,K,3,5,0.01,1.3,1.000e-10,176,0.119193,0.629395,0.012118,-0.009085
henon,K,3,5,0.01,1.3,1.000e-10,177,0.120550,0.632324,-0.008038,0.003956
henon,K,3,5,0.01,1.3,1.000e-10,178,0.124220,0.633728,0.002668,-0.015310
henon,K,3,5,0.01,1.3,1.000e-10,179,0.118976,0.630249,-0.000344,-0.001572
henon,K,3,5,0.01,1.3,1.000e-10,180,0.120656,0.630371,-0.005564,0.001650
henon,K,3,5,0.01,1.3,1.000e-10,181,0.120518,0.635315,0.010567,-0.002155
henon,K,3,5,0.01,1.3,1.000e-10,182,0.119360,0.632690,-0.010871,0.000401
henon,K,3,5,0.01,1.3,1.000e-10,183,0.112869,0.626953,0.004649,0.013717
henon,K,3,5,0.01,1.3,1.000e-10,184,0.116172,0.632080,-0.007305,-0.002371
henon,K,3,5,0.01,1.3,1.000e-10,185,0.121142,0.635376,0.000505,-0.003554
henon,K,3,5,0.01,1.3,1.000e-10,186,0.119717,0.630676,0.001481,-0.013610
henon,K,3,5,0.01,1.3,1.000e-10,187,0.116224,0.628296,-0.002970,0.002553
henon,K,3,5,0.01,1.3,1.000e-10,188,0.121597,0.632385,-0.002953,0.007482
henon,K,3,5,0.01,1.3,1.000e-10,189,0.119575,0.631836,0.009515,-0.008699
henon,K,3,5,0.01,1.3,1.000e-10,190,0.123653,0.633728,-0.002408,-0.009054
henon,K,3,5,0.01,1.3,1.000e-10,191,0.122474,0.630798,-0.007300,-0.006429
henon,K,3,5,0.01,1.3,1.000e-10,192,0.124915,0.633118,-0.003045,-0.008565
henon,K,3,5,0.01,1.3,1.000e-10,193,0.121912,0.632019,0.002785,0.002857
henon,K,3,5,0.01,1.3,1.000e-10,194,0.114630,0.628845,-0.000865,-0.002083
henon,K,3,5,0.01,1.3,1.000e-10,195,0.117516,0.629028,-0.006577,0.005176
henon,K,3,5,0.01,1.3,1.000e-10,196,0.119588,0.635315,0.005497,0.000211
henon,K,3,5,0.01,1.3,1.000e-10,197,0.119075,0.628601,-0.006699,0.003509
henon,K,3,5,0.01,1.3,1.000e-10,198,0.123037,0.630981,0.001397,-0.005791
henon,K,3,5,0.01,1.3,1.000e-10,199,0.128473,0.635498,-0.009393,0.000662
henon,K,3,5,0.01,1.3,1.000e-10,200,0.126297,0.636230,0.003137,0.007167
henon,K,3,5,0.01,1.3,1.000e-10,201,0.119149,0.627075,0.002449,-0.007273
henon,K,3,5,0.01,1.3,1.000e-10,202,0.113443,0.627686,-0.000920,0.000384
henon,K,3,5,0.01,1.3,1.000e-10,203,0.113269,0.625305,0.006212,0.012194
henon,K,3,5,0.01,1.3,1.000e-10,204,0.114507,0.627747,-0.005297,0.000750
henon,K,3,5,0.01,1.3,1.000e-10,205,0.118842,0.632935,0.000861,-0.008081
henon,K,3,5,0.01,1.3,1.000e-10,206,0.118925,0.631836,-0.003346,0.010416
henon,K,3,5,0.01,1.3,1.000e-10,207,0.122138,0.637756,-0.000556,0.006878
henon,K,3,5,0.01,1.3,1.000e-10,208,0.116934,0.630615,-0.000456,0.009125
henon,K,3,5,0.01,1.3,1.000e-10,209,0.118820,0.630005,-0.003740,0.001161
henon,K,3,5,0.01,1.3,1.000e-10,210,0.118376,0.631470,-0.003038,0.000055
henon,K,3,5,0.01,1.3,1.000e-10,211,0.119454,0.633118,0.002822,-0.006927
henon,K,3,5,0.01,1.3,1.000e-10,212,0.118396,0.629944,0.002586,0.000501
henon,K,3,5,0.01,1.3,1.000e-10,213,0.123625,0.638855,-0.011149,0.007851
henon,K,3,5,0.01,1.3,1.000e-10,214,0.126920,0.638062,-0.008827,-0.004387
henon,K,3,5,0.01,1.3,1.000e-10,215,0.119124,0.627258,-0.019640,0.009682
henon,K,3,5,0.01,1.3,1.000e-10,216,0.117013,0.625977,-0.010609,0.002505
henon,K,3,5,0.01,1.3,1.000e-10,217,0.111582,0.628540,0.012952,0.001616
henon,K,3,5,0.01,1.3,1.000e-10,218,0.119719,0.632751,-0.000698,0.000349
henon,K,3,5,0.01,1.3,1.000e-10,219,0.122888,0.632202,0.004178,-0.001659
henon,K,3,5,0.01,1.3,1.000e-10,220,0.124113,0.633362,0.005357,-0.007899
henon,K,3,5,0.01,1.3,1.000e-10,221,0.123645,0.633972,0.006731,0.001376
henon,K,3,5,0.01,1.3,1.000e-10,222,0.117730,0.625488,-0.002053,0.004883
henon,K,3,5,0.01,1.3,1.000e-10,223,0.113629,0.628967,0.001315,0.002131
henon,K,3,5,0.01,1.3,1.000e-10,224,0.114125,0.625122,0.005492,0.003141
henon,K,3,5,0.01,1.3,1.000e-10,225,0.120776,0.631653,0.004023,-0.003029
henon,K,3,5,0.01,1.3,1.000e-10,226,0.117916,0.628967,0.004487,-0.000884
henon,K,3,5,0.01,1.3,1.000e-10,227,0.122988,0.633667,-0.004804,-0.003945
henon,K,3,5,0.01,1.3,1.000e-10,228,0.120617,0.634216,-0.013967,0.000906
henon,K,3,5,0.01,1.3,1.000e-10,229,0.121117,0.632629,-0.008969,0.008009
henon,K,3,5,0.01,1.3,1.000e-10,230,0.112999,0.630798,-0.005709,0.007831
henon,K,3,5,0.01,1.3,1.000e-10,231,0.119976,0.630920,0.002671,0.000061
henon,K,3,5,0.01,1.3,1.000e-10,232,0.126585,0.632812,-0.010424,-0.008557
henon,K,3,5,0.01,1.3,1.000e-10,233,0.123392,0.632446,0.005088,-0.007001
henon,K,3,5,0.01,1.3,1.000e-10,234,0.124414,0.632996,0.001136,-0.007123
henon,K,3,5,0.01,1.3,1.000e-10,235,0.122628,0.630615,0.010465,-0.013090
henon,K,3,5,0.01,1.3,1.000e-10,236,0.124069,0.635132,-0.003252,-0.004736
henon,K,3,5,0.01,1.3,1.000e-10,237,0.124192,0.634399,-0.008901,-0.000977
henon,K,3,5,0.01,1.3,1.000e-10,238,0.122500,0.632202,-0.009704,0.015220
henon,K,3,5,0.01,1.3,1.000e-10,239,0.121261,0.632690,-0.007307,-0.002450
henon,K,3,5,0.01,1.3,1.000e-10,240,0.116389,0.629211,0.005385,-0.001142
henon,K,3,5,0.01,1.3,1.000e-10,241,0.120016,0.633301,0.001646,0.000159
henon,K,3,5,0.01,1.3,1.000e-10,242,0.115848,0.630737,0.008567,-0.011706
henon,K,3,5,0.01,1.3,1.000e-10,243,0.115021,0.628723,0.001195,-0.001340
henon,K,3,5,0.01,1.3,1.000e-10,244,0.108260,0.625916,0.002248,0.018583
henon,K,3,5,0.01,1.3,1.000e-10,245,0.109795,0.622009,0.003631,0.010139
henon,K,3,5,0.01,1.3,1.000e-10,246,0.116247,0.627258,0.006453,0.014700
henon,K,3,5,0.01,1.3,1.000e-10,247,0.119588,0.629822,0.015523,-0.001087
henon,K,3,5,0.01,1.3,1.000e-10,248,0.121044,0.628357,-0.004806,0.000196
henon,K,3,5,0.01,1.3,1.000e-10,249,0.118977,0.633423,0.011712,-0.016213
henon,K,3,5,0.01,1.3,1.000e-10,250,0.122240,0.632812,0.003492,-0.021345
henon,K,3,5,0.01,1.3,1.000e-10,251,0.122399,0.631714,-0.005933,-0.000221
henon,K,3,5,0.01,1.3,1.000e-10,252,0.124307,0.632690,0.000858,-0.008094
henon,K,3,5,0.01,1.3,1.000e-10,253,0.123755,0.635132,-0.000083,0.010074
henon,K,3,5,0.01,1.3,1.000e-10,254,0.124908,0.636658,-0.000403,0.000602
henon,K,3,5,0.01,1.3,1.000e-10,255,0.119719,0.628601,-0.008877,0.003403
henon,K,3,5,0.01,1.3,1.000e-10,256,0.114071,0.629822,0.008881,-0.007788
henon,K,3,5,0.01,1.3,1.000e-10,257,0.116113,0.630188,0.009121,0.011518
henon,K,3,5,0.01,1.3,1.000e-10,258,0.114526,0.624695,-0.005418,0.020746
henon,K,3,5,0.01,1.3,1.000e-10,259,0.117064,0.623718,0.009825,-0.006298
henon,K,3,5,0.01,1.3,1.000e-10,260,0.114715,0.625427,0.020790,0.006522
henon,K,3,5,0.01,1.3,1.000e-10,261,0.122152,0.630615,0.017908,0.003117
henon,K,3,5,0.01,1.3,1.000e-10,262,0.124095,0.635498,-0.014500,0.007457
henon,K,3,5,0.01,1.3,1.000e-10,263,0.120723,0.633911,0.002214,-0.017712
henon,K,3,5,0.01,1.3,1.000e-10,264,0.115781,0.627197,-0.001105,0.007356
henon,K,3,5,0.01,1.3,1.000e-10,265,0.120423,0.630615,0.001810,0.000033
henon,K,3,5,0.01,1.3,1.000e-10,266,0.117600,0.629883,-0.004597,0.012553
henon,K,3,5,0.01,1.3,1.000e-10,267,0.124614,0.635132,-0.002457,-0.003038
henon,K,3,5,0.01,1.3,1.000e-10,268,0.124281,0.632812,-0.006026,-0.005767
henon,K,3,5,0.01,1.3,1.000e-10,269,0.123012,0.634277,0.000516,-0.003649
henon,K,3,5,0.01,1.3,1.000e-10,270,0.121851,0.632935,-0.001725,-0.019460
henon,K,3,5,0.01,1.3,1.000e-10,271,0.117673,0.630737,0.005670,-0.002298
henon,K,3,5,0.01,1.3,1.000e-10,272,0.120971,0.631592,-0.003131,-0.009468
henon,K,3,5,0.01,1.3,1.000e-10,273,0.117296,0.630310,-0.001011,0.004279
henon,K,3,5,0.01,1.3,1.000e-10,274,0.120532,0.635559,-0.009304,0.002610
henon,K,3,5,0.01,1.3,1.000e-10,275,0.121320,0.631409,0.006024,-0.009464
henon,K,3,5,0.01,1.3,1.000e-10,276,0.122943,0.635437,-0.002001,-0.001493
henon,K,3,5,0.01,1.3,1.000e-10,277,0.123129,0.631470,-0.001733,0.001814
henon,K,3,5,0.01,1.3,1.000e-10,278,0.122579,0.630981,-0.007676,0.005056
henon,K,3,5,0.01,1.3,1.000e-10,279,0.118059,0.625854,0.000741,0.000676
henon,K,3,5,0.01,1.3,1.000e-10,280,0.113657,0.624023,0.004418,0.015654
henon,K,3,5,0.01,1.3,1.000e-10,281,0.125174,0.637390,-0.014354,-0.000250
henon,K,3,5,0.01,1.3,1.000e-10,282,0.119323,0.631470,0.006588,0.002010
henon,K,3,5,0.01,1.3,1.000e-10,283,0.116045,0.627625,-0.007807,0.005777
henon,K,3,5,0.01,1.3,1.000e-10,284,0.114036,0.627075,-0.002456,0.008104
henon,K,3,5,0.01,1.3,1.000e-10,285,0.119594,0.629089,-0.002695,0.002285
henon,K,3,5,0.01,1.3,1.000e-10,286,0.125705,0.635498,-0.004720,-0.006641
henon,K,3,5,0.01,1.3,1.000e-10,287,0.125680,0.635620,-0.003650,-0.008314
henon,K,3,5,0.01,1.3,1.000e-10,288,0.119200,0.625916,-0.008434,0.000449
henon,K,3,5,0.01,1.3,1.000e-10,289,0.120673,0.633057,0.007648,-0.000896
henon,K,3,5,0.01,1.3,1.000e-10,290,0.122455,0.629700,0.003578,-0.006970
henon,K,3,5,0.01,1.3,1.000e-10,291,0.124384,0.629333,-0.008219,-0.004193
henon,K,3,5,0.01,1.3,1.000e-10,292,0.119230,0.633423,0.000868,0.000000
henon,K,3,5,0.01,1.3,1.000e-10,293,0.117113,0.626587,0.010973,0.003439
henon,K,3,5,0.01,1.3,1.000e-10,294,0.113026,0.627380,0.010414,0.003424
henon,K,3,5,0.01,1.3,1.000e-10,295,0.109287,0.619385,0.001575,0.015800
henon,K,3,5,0.01,1.3,1.000e-10,296,0.116589,0.631287,0.006751,0.004251
henon,K,3,5,0.01,1.3,1.000e-10,297,0.115733,0.631104,-0.013372,0.008026
henon,K,3,5,0.01,1.3,1.000e-10,298,0.117402,0.630127,-0.013679,0.006121
henon,K,3,5,0.01,1.3,1.000e-10,299,0.113013,0.626526,0.004659,0.011194
henon,K,3,5,0.01,1.3,1.000e-10,300,0.115536,0.628662,0.008463,0.003194
henon,K,3,5,0.01,1.3,1.000e-10,301,0.116875,0.631165,-0.004842,0.003601
henon,K,3,5,0.01,1.3,1.000e-10,302,0.115569,0.623657,0.002853,0.002189
henon,K,3,5,0.01,1.3,1.000e-10,303,0.115012,0.627441,0.016727,0.003508
henon,K,3,5,0.01,1.3,1.000e-10,304,0.123763,0.634766,-0.009790,0.001792
henon,K,3,5,0.01,1.3,1.000e-10,305,0.119129,0.630188,-0.010696,0.008423
henon,K,3,5,0.01,1.3,1.000e-10,306,0.121652,0.629944,0.001098,-0.002863
henon,K,3,5,0.01,1.3,1.000e-10,307,0.123463,0.636780,-0.022111,0.008704
henon,K,3,5,0.01,1.3,1.000e-10,308,0.114433,0.628723,0.003751,0.005180
henon,K,3,5,0.01,1.3,1.000e-10,309,0.111804,0.627014,0.005308,0.002884
henon,K,3,5,0.01,1.3,1.000e-10,310,0.116138,0.628845,0.010529,0.007746
henon,K,3,5,0.01,1.3,1.000e-10,311,0.122188,0.631714,0.000569,-0.005819
henon,K,3,5,0.01,1.3,1.000e-10,312,0.120460,0.636536,-0.016446,0.012750
henon,K,3,5,0.01,1.3,1.000e-10,313,0.119929,0.634460,-0.005348,0.001791
henon,K,3,5,0.01,1.3,1.000e-10,314,0.117072,0.628784,0.009568,-0.014817
henon,K,3,5,0.01,1.3,1.000e-10,315,0.119451,0.633972,0.001494,-0.002967
henon,K,3,5,0.01,1.3,1.000e-10,316,0.118563,0.629395,-0.005176,0.015226
henon,K,3,5,0.01,1.3,1.000e-10,317,0.113204,0.630249,0.007649,0.009344
henon,K,3,5,0.01,1.3,1.000e-10,318,0.114482,0.632751,0.002376,0.008969
henon,K,3,5,0.01,1.3,1.000e-10,319,0.112089,0.624817,0.001275,0.005633
henon,K,3,5,0.01,1.3,1.000e-10,320,0.113250,0.624329,0.013401,0.010762
henon,K,3,5,0.01,1.3,1.000e-10,321,0.115978,0.630798,0.003867,0.012459
henon,K,3,5,0.01,1.3,1.000e-10,322,0.113929,0.627930,0.012192,0.009231
henon,K,3,5,0.01,1.3,1.000e-10,323,0.117749,0.627808,0.005235,-0.003400
henon,K,3,5,0.01,1.3,1.000e-10,324,0.124133,0.638062,-0.012188,-0.007253
henon,K,3,5,0.01,1.3,1.000e-10,325,0.118288,0.632263,0.005211,0.006136
henon,K,3,5,0.01,1.3,1.000e-10,326,0.117424,0.629517,0.003901,-0.005673
henon,K,3,5,0.01,1.3,1.000e-10,327,0.124102,0.634521,0.006035,-0.006206
henon,K,3,5,0.01,1.3,1.000e-10,328,0.121161,0.634094,0.005875,-0.002411
henon,K,3,5,0.01,1.3,1.000e-10,329,0.118621,0.628906,0.003576,0.000365
henon,K,3,5,0.01,1.3,1.000e-10,330,0.120055,0.633057,-0.000910,-0.004714
henon,K,3,5,0.01,1.3,1.000e-10,331,0.114610,0.624939,0.001283,0.005194
henon,K,3,5,0.01,1.3,1.000e-10,332,0.113491,0.629089,0.008332,0.007399
henon,K,3,5,0.01,1.3,1.000e-10,333,0.121256,0.632629,0.003430,-0.007791
henon,K,3,5,0.01,1.3,1.000e-10,334,0.121955,0.633179,0.002604,-0.006368
henon,K,3,5,0.01,1.3,1.000e-10,335,0.123253,0.635132,0.002770,-0.003689
henon,K,3,5,0.01,1.3,1.000e-10,336,0.121275,0.630249,0.000927,0.008185
henon,K,3,5,0.01,1.3,1.000e-10,337,0.116790,0.630554,0.004419,-0.007387
henon,K,3,5,0.01,1.3,1.000e-10,338,0.113387,0.625244,-0.012493,0.008140
henon,K,3,5,0.01,1.3,1.000e-10,339,0.113373,0.625732,-0.005356,0.009777
henon,K,3,5,0.01,1.3,1.000e-10,340,0.121092,0.631104,0.004177,-0.014227
henon,K,3,5,0.01,1.3,1.000e-10,341,0.125976,0.634888,0.001446,-0.001191
henon,K,3,5,0.01,1.3,1.000e-10,342,0.126153,0.635254,0.009756,-0.008156
henon,K,3,5,0.01,1.3,1.000e-10,343,0.126233,0.638184,0.000077,0.003472
henon,K,3,5,0.01,1.3,1.000e-10,344,0.117655,0.633728,0.010065,-0.002629
henon,K,3,5,0.01,1.3,1.000e-10,345,0.116358,0.629944,-0.006570,0.003726
henon,K,3,5,0.01,1.3,1.000e-10,346,0.114310,0.627625,-0.008759,0.005520
henon,K,3,5,0.01,1.3,1.000e-10,347,0.117685,0.627380,0.005088,-0.006123
henon,K,3,5,0.01,1.3,1.000e-10,348,0.121376,0.628540,-0.008878,-0.001948
henon,K,3,5,0.01,1.3,1.000e-10,349,0.122980,0.632629,-0.006582,-0.005034
henon,K,3,5,0.01,1.3,1.000e-10,350,0.121557,0.629456,0.003656,0.008336
henon,K,3,5,0.01,1.3,1.000e-10,351,0.120849,0.633179,0.001888,-0.004481
henon,K,3,5,0.01,1.3,1.000e-10,352,0.113180,0.626404,0.005152,0.016903
henon,K,3,5,0.01,1.3,1.000e-10,353,0.114767,0.627625,0.010182,-0.006613
henon,K,3,5,0.01,1.3,1.000e-10,354,0.119012,0.632019,0.003048,0.004023
henon,K,3,5,0.01,1.3,1.000e-10,355,0.116280,0.627014,-0.000314,-0.003565
henon,K,3,5,0.01,1.3,1.000e-10,356,0.119611,0.630920,-0.002740,0.002268
henon,K,3,5,0.01,1.3,1.000e-10,357,0.119484,0.633667,0.002478,0.003575
henon,K,3,5,0.01,1.3,1.000e-10,358,0.120288,0.635803,0.011709,0.007430
henon,K,3,5,0.01,1.3,1.000e-10,359,0.115555,0.630981,-0.011536,0.009297
henon,K,3,5,0.01,1.3,1.000e-10,360,0.106712,0.624084,0.011452,0.001977
henon,K,3,5,0.01,1.3,1.000e-10,361,0.111387,0.627380,-0.001056,0.001621
henon,K,3,5,0.01,1.3,1.000e-10,362,0.116332,0.630493,0.000672,-0.009572
henon,K,3,5,0.01,1.3,1.000e-10,363,0.119006,0.630127,-0.002007,0.002052
henon,K,3,5,0.01,1.3,1.000e-10,364,0.125765,0.635864,-0.003103,-0.002517
henon,K,3,5,0.01,1.3,1.000e-10,365,0.123661,0.633057,-0.000331,0.000804
henon,K,3,5,0.01,1.3,1.000e-10,366,0.115554,0.630127,0.003758,-0.000605
henon,K,3,5,0.01,1.3,1.000e-10,367,0.111435,0.621643,0.012672,-0.012589
henon,K,3,5,0.01,1.3,1.000e-10,368,0.111243,0.627197,0.010573,0.004787
henon,K,3,5,0.01,1.3,1.000e-10,369,0.113827,0.627014,-0.001339,0.000740
henon,K,3,5,0.01,1.3,1.000e-10,370,0.115974,0.627747,0.007993,0.010248
henon,K,3,5,0.01,1.3,1.000e-10,371,0.124266,0.635376,-0.006835,0.005631
henon,K,3,5,0.01,1.3,1.000e-10,372,0.120868,0.629761,-0.000373,0.009469
henon,K,3,5,0.01,1.3,1.000e-10,373,0.116456,0.626221,0.020182,-0.010546
henon,K,3,5,0.01,1.3,1.000e-10,374,0.115869,0.629883,0.011046,-0.008347
henon,K,3,5,0.01,1.3,1.000e-10,375,0.112965,0.627869,0.007833,-0.013191
henon,K,3,5,0.01,1.3,1.000e-10,376,0.116068,0.629517,0.003439,-0.000167
henon,K,3,5,0.01,1.3,1.000e-10,377,0.121003,0.632141,0.004973,-0.007367
henon,K,3,5,0.01,1.3,1.000e-10,378,0.119843,0.633240,-0.001665,0.011388
henon,K,3,5,0.01,1.3,1.000e-10,379,0.121220,0.630432,-0.002148,0.003188
henon,K,3,5,0.01,1.3,1.000e-10,380,0.118713,0.628357,0.009062,-0.008919
henon,K,3,5,0.01,1.3,1.000e-10,381,0.119457,0.627991,0.013685,-0.008741
henon,K,3,5,0.01,1.3,1.000e-10,382,0.122817,0.635315,0.001596,-0.020580
henon,K,3,5,0.01,1.3,1.000e-10,383,0.120490,0.630981,0.022377,-0.002073
henon,K,3,5,0.01,1.3,1.000e-10,384,0.123314,0.633057,0.005597,-0.017922
henon,K,3,5,0.01,1.3,1.000e-10,385,0.118623,0.630981,-0.000023,0.007006
henon,K,3,5,0.01,1.3,1.000e-10,386,0.118332,0.629639,0.005371,0.000020
henon,K,3,5,0.01,1.3,1.000e-10,387,0.111415,0.625305,0.002658,-0.000135
henon,K,3,5,0.01,1.3,1.000e-10,388,0.117416,0.629028,-0.006100,0.004765
henon,K,3,5,0.01,1.3,1.000e-10,389,0.117234,0.623779,0.001494,0.004726
henon,K,3,5,0.01,1.3,1.000e-10,390,0.124436,0.631592,-0.009216,-0.003775
henon,K,3,5,0.01,1.3,1.000e-10,391,0.126535,0.635681,0.002563,-0.005311
henon,K,3,5,0.01,1.3,1.000e-10,392,0.123243,0.631653,0.000372,-0.000307
henon,K,3,5,0.01,1.3,1.000e-10,393,0.123177,0.636353,-0.003938,-0.000041
henon,K,3,5,0.01,1.3,1.000e-10,394,0.126046,0.635864,-0.008112,-0.015501
henon,K,3,5,0.01,1.3,1.000e-10,395,0.117142,0.632568,-0.002363,0.003672
henon,K,3,5,0.01,1.3,1.000e-10,396,0.118993,0.630005,-0.009660,-0.004403
henon,K,3,5,0.01,1.3,1.000e-10,397,0.120072,0.628967,0.000817,-0.000110
henon,K,3,5,0.01,1.3,1.000e-10,398,0.120529,0.633301,0.008521,-0.002516
henon,K,3,5,0.01,1.3,1.000e-10,399,0.122362,0.634216,-0.005833,-0.010119
henon,K,3,5,0.01,1.3,1.000e-10,400,0.124189,0.636780,-0.011982,-0.001566
henon,K,3,5,0.01,1.3,1.000e-08,1,-18.530395,0.000000,1.000000,1.000000
henon,K,3,5,0.01,1.3,1.000e-08,2,-17.946963,0.000000,1.000000,1.000000
henon,K,3,5,0.01,1.3,1.000e-08,3,-17.439266,0.000000,1.000000,1.000000
henon,K,3,5,0.01,1.3,1.000e-08,4,-17.032529,0.000000,1.000000,1.000000
henon,K,3,5,0.01,1.3,1.000e-08,5,-16.681369,0.000000,1.000000,1.000000
henon,K,3,5,0.01,1.3,1.000e-08,6,-16.303350,0.000000,1.000000,1.000000
henon,K,3,5,0.01,1.3,1.000e-08,7,-15.901703,0.000000,1.000000,1.000000
henon,K,3,5,0.01,1.3,1.000e-08,8,-15.547911,0.000000,1.000000,1.000000
henon,K,3,5,0.01,1.3,1.000e-08,9,-15.192070,0.000000,1.000000,1.000000
henon,K,3,5,0.01,1.3,1.000e-08,10,-14.813964,0.000000,1.000000,1.000000
henon,K,3,5,0.01,1.3,1.000e-08,11,-14.453635,0.000000,1.000000,1.000000
henon,K,3,5,0.01,1.3,1.000e-08,12,-14.102910,0.000000,1.000000,1.000000
henon,K,3,5,0.01,1.3,1.000e-08,13,-13.754749,0.000000,1.000000,1.000000
henon,K,3,5,0.01,1.3,1.000e-08,14,-13.385744,0.000000,1.000000,1.000000
henon,K,3,5,0.01,1.3,1.000e-08,15,-13.040107,0.000000,1.000000,1.000000
henon,K,3,5,0.01,1.3,1.000e-08,16,-12.695503,0.000000,1.000000,1.000000
henon,K,3,5,0.01,1.3,1.000e-08,17,-12.343149,0.000000,1.000000,1.000000
henon,K,3,5,0.01,1.3,1.000e-08,18,-11.996832,0.000000,1.000000,1.000000
henon,K,3,5,0.01,1.3,1.000e-08,19,-11.647180,0.000000,1.000000,1.000000
henon,K,3,5,0.01,1.3,1.000e-08,20,-11.312167,0.000000,1.000000,1.000000
henon,K,3,5,0.01,1.3,1.000e-08,21,-10.965169,0.000000,1.000000,1.000000
henon,K,3,5,0.01,1.3,1.000e-08,22,-10.621768,0.000000,1.000000,1.000000
henon,K,3,5,0.01,1.3,1.000e-08,23,-10.275363,0.000000,1.000000,1.000000
henon,K,3,5,0.01,1.3,1.000e-08,24,-9.943719,0.000000,1.000000,1.000000
henon,K,3,5,0.01,1.3,1.000e-08,25,-9.600557,0.000000,1.000000,1.000000
henon,K,3,5,0.01,1.3,1.000e-08,26,-9.262740,0.000000,1.000000,1.000000
henon,K,3,5,0.01,1.3,1.000e-08,27,-8.924591,0.000000,0.999999,0.999999
henon,K,3,5,0.01,1.3,1.000e-08,28,-8.582987,0.000000,0.999998,0.999998
henon,K,3,5,0.01,1.3,1.000e-08,29,-8.243663,0.000000,0.999995,0.999995
henon,K,3,5,0.01,1.3,1.000e-08,30,-7.905635,0.000000,0.999988,0.999987
henon,K,3,5,0.01,1.3,1.000e-08,31,-7.571264,0.000000,0.999972,0.999970
henon,K,3,5,0.01,1.3,1.000e-08,32,-7.223693,0.000000,0.999937,0.999932
henon,K,3,5,0.01,1.3,1.000e-08,33,-6.889519,0.000000,0.999848,0.999832
henon,K,3,5,0.01,1.3,1.000e-08,34,-6.546844,0.000000,0.999641,0.999550
henon,K,3,5,0.01,1.3,1.000e-08,35,-6.202842,0.000000,0.999125,0.999047
henon,K,3,5,0.01,1.3,1.000e-08,36,-5.857443,0.000366,0.998048,0.997635
henon,K,3,5,0.01,1.3,1.000e-08,37,-5.518717,0.001221,0.995579,0.995211
henon,K,3,5,0.01,1.3,1.000e-08,38,-5.175048,0.003723,0.990464,0.990425
henon,K,3,5,0.01,1.3,1.000e-08,39,-4.840009,0.009033,0.981165,0.983902
henon,K,3,5,0.01,1.3,1.000e-08,40,-4.512532,0.016663,0.973403,0.971395
henon,K,3,5,0.01,1.3,1.000e-08,41,-4.178600,0.025391,0.956281,0.959168
henon,K,3,5,0.01,1.3,1.000e-08,42,-3.862986,0.036438,0.940482,0.940822
henon,K,3,5,0.01,1.3,1.000e-08,43,-3.561148,0.046509,0.924546,0.923514
henon,K,3,5,0.01,1.3,1.000e-08,44,-3.252437,0.066406,0.897616,0.896462
henon,K,3,5,0.01,1.3,1.000e-08,45,-2.957799,0.081299,0.864268,0.869942
henon,K,3,5,0.01,1.3,1.000e-08,46,-2.684239,0.099060,0.833881,0.842378
henon,K,3,5,0.01,1.3,1.000e-08,47,-2.423327,0.124146,0.808257,0.807964
henon,K,3,5,0.01,1.3,1.000e-08,48,-2.171735,0.146484,0.775800,0.759863
henon,K,3,5,0.01,1.3,1.000e-08,49,-1.930551,0.173401,0.735441,0.722920
henon,K,3,5,0.01,1.3,1.000e-08,50,-1.714957,0.201233,0.686375,0.684258
henon,K,3,5,0.01,1.3,1.000e-08,51,-1.503484,0.233276,0.645411,0.632241
henon,K,3,5,0.01,1.3,1.000e-08,52,-1.308073,0.267395,0.583919,0.584645
henon,K,3,5,0.01,1.3,1.000e-08,53,-1.140334,0.294739,0.540600,0.541517
henon,K,3,5,0.01,1.3,1.000e-08,54,-0.975362,0.323547,0.490728,0.497764
henon,K,3,5,0.01,1.3,1.000e-08,55,-0.833028,0.355225,0.454520,0.442501
henon,K,3,5,0.01,1.3,1.000e-08,56,-0.721855,0.372192,0.431262,0.418820
henon,K,3,5,0.01,1.3,1.000e-08,57,-0.603346,0.402466,0.370926,0.380420
henon,K,3,5,0.01,1.3,1.000e-08,58,-0.501377,0.424438,0.346658,0.326051
henon,K,3,5,0.01,1.3,1.000e-08,59,-0.411018,0.443420,0.288628,0.302959
henon,K,3,5,0.01,1.3,1.000e-08,60,-0.338841,0.467041,0.261900,0.262308
henon,K,3,5,0.01,1.3,1.000e-08,61,-0.267431,0.488037,0.238299,0.238583
henon,K,3,5,0.01,1.3,1.000e-08,62,-0.210792,0.502808,0.212030,0.203758
henon,K,3,5,0.01,1.3,1.000e-08,63,-0.158401,0.521301,0.178905,0.179594
henon,K,3,5,0.01,1.3,1.000e-08,64,-0.120603,0.534363,0.151021,0.163524
henon,K,3,5,0.01,1.3,1.000e-08,65,-0.076432,0.552856,0.141488,0.120070
henon,K,3,5,0.01,1.3,1.000e-08,66,-0.041120,0.560913,0.113870,0.116389
henon,K,3,5,0.01,1.3,1.000e-08,67,-0.018492,0.571838,0.090841,0.095276
henon,K,3,5,0.01,1.3,1.000e-08,68,0.003638,0.584167,0.088688,0.086911
henon,K,3,5,0.01,1.3,1.000e-08,69,0.017671,0.585449,0.082527,0.074392
henon,K,3,5,0.01,1.3,1.000e-08,70,0.035847,0.595581,0.062957,0.056490
henon,K,3,5,0.01,1.3,1.000e-08,71,0.049719,0.597961,0.053676,0.046711
henon,K,3,5,0.01,1.3,1.000e-08,72,0.064557,0.605835,0.062379,0.032426
henon,K,3,5,0.01,1.3,1.000e-08,73,0.070761,0.606079,0.044818,0.030880
henon,K,3,5,0.01,1.3,1.000e-08,74,0.075129,0.606262,0.032360,0.039516
henon,K,3,5,0.01,1.3,1.000e-08,75,0.081695,0.610840,0.049320,0.037298
henon,K,3,5,0.01,1.3,1.000e-08,76,0.086747,0.617126,0.027793,0.038642
henon,K,3,5,0.01,1.3,1.000e-08,77,0.094408,0.617798,0.019542,0.019937
henon,K,3,5,0.01,1.3,1.000e-08,78,0.102483,0.623718,0.019196,0.009214
henon,K,3,5,0.01,1.3,1.000e-08,79,0.098560,0.617676,0.023239,0.021522
henon,K,3,5,0.01,1.3,1.000e-08,80,0.104372,0.625427,0.024320,0.009980
henon,K,3,5,0.01,1.3,1.000e-08,81,0.112905,0.627625,0.008602,0.004911
henon,K,3,5,0.01,1.3,1.000e-08,82,0.106398,0.619507,0.011328,0.020348
henon,K,3,5,0.01,1.3,1.000e-08,83,0.108697,0.624512,0.006728,0.013377
henon,K,3,5,0.01,1.3,1.000e-08,84,0.113529,0.627625,0.001514,0.010243
henon,K,3,5,0.01,1.3,1.000e-08,85,0.115507,0.626282,0.008911,0.000449
henon,K,3,5,0.01,1.3,1.000e-08,86,0.118002,0.629822,0.002229,0.008934
henon,K,3,5,0.01,1.3,1.000e-08,87,0.112052,0.626709,0.008074,0.014347
henon,K,3,5,0.01,1.3,1.000e-08,88,0.110401,0.626099,0.000845,0.000735
henon,K,3,5,0.01,1.3,1.000e-08,89,0.108005,0.624451,-0.000661,0.008726
henon,K,3,5,0.01,1.3,1.000e-08,90,0.112033,0.626831,0.008519,0.014282
henon,K,3,5,0.01,1.3,1.000e-08,91,0.120579,0.634155,-0.010610,0.005137
henon,K,3,5,0.01,1.3,1.000e-08,92,0.120411,0.632019,-0.009060,-0.001083
henon,K,3,5,0.01,1.3,1.000e-08,93,0.114769,0.626526,-0.002034,0.013741
henon,K,3,5,0.01,1.3,1.000e-08,94,0.115850,0.631165,0.001421,0.011676
henon,K,3,5,0.01,1.3,1.000e-08,95,0.111875,0.628784,0.010820,0.003822
henon,K,3,5,0.01,1.3,1.000e-08,96,0.108601,0.624634,0.006546,0.014080
henon,K,3,5,0.01,1.3,1.000e-08,97,0.107713,0.625244,0.004686,0.007810
henon,K,3,5,0.01,1.3,1.000e-08,98,0.116077,0.631226,-0.009481,-0.003177
henon,K,3,5,0.01,1.3,1.000e-08,99,0.114287,0.632019,-0.002330,0.000692
henon,K,3,5,0.01,1.3,1.000e-08,100,0.110456,0.623413,0.014468,0.006817
henon,K,3,5,0.01,1.3,1.000e-08,101,0.118658,0.632202,0.014699,0.009964
henon,K,3,5,0.01,1.3,1.000e-08,102,0.116357,0.630615,0.001390,0.011201
henon,K,3,5,0.01,1.3,1.000e-08,103,0.114359,0.626892,-0.001479,0.008288
henon,K,3,5,0.01,1.3,1.000e-08,104,0.110364,0.624573,0.004870,0.004509
henon,K,3,5,0.01,1.3,1.000e-08,105,0.118881,0.633301,-0.003429,-0.000025
henon,K,3,5,0.01,1.3,1.000e-08,106,0.117546,0.624634,0.000734,0.006906
henon,K,3,5,0.01,1.3,1.000e-08,107,0.123762,0.630493,0.000848,0.005275
henon,K,3,5,0.01,1.3,1.000e-08,108,0.129356,0.636780,-0.003073,0.004350
henon,K,3,5,0.01,1.3,1.000e-08,109,0.122356,0.637695,-0.016068,0.001091
henon,K,3,5,0.01,1.3,1.000e-08,110,0.115390,0.628357,0.000049,-0.005908
henon,K,3,5,0.01,1.3,1.000e-08,111,0.114435,0.630676,0.004506,0.001196
henon,K,3,5,0.01,1.3,1.000e-08,112,0.116833,0.627869,0.005797,-0.003497
henon,K,3,5,0.01,1.3,1.000e-08,113,0.122695,0.634399,0.007495,-0.011035
henon,K,3,5,0.01,1.3,1.000e-08,114,0.117527,0.629578,0.026467,-0.005500
henon,K,3,5,0.01,1.3,1.000e-08,115,0.118222,0.628601,0.002444,-0.003115
henon,K,3,5,0.01,1.3,1.000e-08,116,0.116210,0.628479,0.017213,-0.010615
henon,K,3,5,0.01,1.3,1.000e-08,117,0.113789,0.626526,0.003408,0.004462
henon,K,3,5,0.01,1.3,1.000e-08,118,0.120985,0.635010,0.003270,0.006230
henon,K,3,5,0.01,1.3,1.000e-08,119,0.126872,0.638184,-0.000683,-0.010726
henon,K,3,5,0.01,1.3,1.000e-08,120,0.121788,0.631714,-0.011040,0.002230
henon,K,3,5,0.01,1.3,1.000e-08,121,0.115407,0.626770,0.003277,-0.003583
henon,K,3,5,0.01,1.3,1.000e-08,122,0.122077,0.631409,-0.001821,-0.012238
henon,K,3,5,0.01,1.3,1.000e-08,123,0.115879,0.627502,0.009282,-0.007671
henon,K,3,5,0.01,1.3,1.000e-08,124,0.122625,0.633545,0.001754,-0.004638
henon,K,3,5,0.01,1.3,1.000e-08,125,0.122086,0.633911,-0.007095,0.004367
henon,K,3,5,0.01,1.3,1.000e-08,126,0.123100,0.630432,0.001804,-0.014136
henon,K,3,5,0.01,1.3,1.000e-08,127,0.119092,0.628174,0.004514,-0.000735
henon,K,3,5,0.01,1.3,1.000e-08,128,0.117507,0.629639,0.003205,-0.002252
henon,K,3,5,0.01,1.3,1.000e-08,129,0.119376,0.626160,0.008655,-0.005493
henon,K,3,5,0.01,1.3,1.000e-08,130,0.119432,0.635010,0.015380,0.006791
henon,K,3,5,0.01,1.3,1.000e-08,131,0.122172,0.628601,0.002781,0.005330
henon,K,3,5,0.01,1.3,1.000e-08,132,0.121471,0.631042,-0.000047,0.011189
henon,K,3,5,0.01,1.3,1.000e-08,133,0.120868,0.630920,-0.002905,0.009466
henon,K,3,5,0.01,1.3,1.000e-08,134,0.122344,0.631104,-0.001785,-0.002864
henon,K,3,5,0.01,1.3,1.000e-08,135,0.122007,0.631714,-0.003256,-0.012818
henon,K,3,5,0.01,1.3,1.000e-08,136,0.126271,0.630676,0.000142,-0.012355
henon,K,3,5,0.01,1.3,1.000e-08,137,0.127831,0.638000,0.004182,-0.010995
henon,K,3,5,0.01,1.3,1.000e-08,138,0.124262,0.631836,-0.001591,0.004478
henon,K,3,5,0.01,1.3,1.000e-08,139,0.116617,0.627380,-0.003067,0.001503
henon,K,3,5,0.01,1.3,1.000e-08,140,0.114832,0.630676,0.004703,-0.001488
henon,K,3,5,0.01,1.3,1.000e-08,141,0.117344,0.630493,-0.004534,0.001540
henon,K,3,5,0.01,1.3,1.000e-08,142,0.117839,0.628906,-0.000685,0.003410
henon,K,3,5,0.01,1.3,1.000e-08,143,0.121297,0.631531,-0.005792,-0.004193
henon,K,3,5,0.01,1.3,1.000e-08,144,0.124526,0.634277,0.010525,-0.017667
henon,K,3,5,0.01,1.3,1.000e-08,145,0.120204,0.628418,0.004400,0.003298
henon,K,3,5,0.01,1.3,1.000e-08,146,0.125202,0.632385,-0.011401,-0.002332
henon,K,3,5,0.01,1.3,1.000e-08,147,0.116138,0.626953,0.010282,0.002671
henon,K,3,5,0.01,1.3,1.000e-08,148,0.114832,0.627563,-0.003886,0.004954
henon,K,3,5,0.01,1.3,1.000e-08,149,0.113847,0.623901,0.000212,-0.004800
henon,K,3,5,0.01,1.3,1.000e-08,150,0.110318,0.624023,0.009229,0.013861
henon,K,3,5,0.01,1.3,1.000e-08,151,0.111481,0.625061,0.011089,0.010897
henon,K,3,5,0.01,1.3,1.000e-08,152,0.116235,0.632324,-0.001508,0.012543
henon,K,3,5,0.01,1.3,1.000e-08,153,0.116564,0.629333,0.009783,-0.001074
henon,K,3,5,0.01,1.3,1.000e-08,154,0.117855,0.630554,0.008728,-0.012325
henon,K,3,5,0.01,1.3,1.000e-08,155,0.117218,0.631958,-0.000659,-0.003258
henon,K,3,5,0.01,1.3,1.000e-08,156,0.114326,0.627747,0.001190,-0.002541
henon,K,3,5,0.01,1.3,1.000e-08,157,0.115866,0.628418,-0.008786,0.004593
henon,K,3,5,0.01,1.3,1.000e-08,158,0.122750,0.638123,0.007550,-0.011344
henon,K,3,5,0.01,1.3,1.000e-08,159,0.118736,0.632812,-0.001312,0.012267
henon,K,3,5,0.01,1.3,1.000e-08,160,0.122874,0.633484,-0.012197,-0.016227
henon,K,3,5,0.01,1.3,1.000e-08,161,0.118983,0.633606,0.005007,-0.003032
henon,K,3,5,0.01,1.3,1.000e-08,162,0.115953,0.630005,0.009324,0.010075
henon,K,3,5,0.01,1.3,1.000e-08,163,0.122883,0.633362,-0.005664,-0.012003
henon,K,3,5,0.01,1.3,1.000e-08,164,0.119886,0.630981,0.000939,0.000982
henon,K,3,5,0.01,1.3,1.000e-08,165,0.121261,0.634155,0.003721,-0.006624
henon,K,3,5,0.01,1.3,1.000e-08,166,0.119121,0.630920,0.003121,0.005823
henon,K,3,5,0.01,1.3,1.000e-08,167,0.117608,0.628601,0.007527,0.004096
henon,K,3,5,0.01,1.3,1.000e-08,168,0.120973,0.636414,-0.007839,-0.010164
henon,K,3,5,0.01,1.3,1.000e-08,169,0.120324,0.634766,-0.001858,0.000882
henon,K,3,5,0.01,1.3,1.000e-08,170,0.124097,0.630798,-0.007977,-0.000025
henon,K,3,5,0.01,1.3,1.000e-08,171,0.118001,0.625732,-0.004160,0.000407
henon,K,3,5,0.01,1.3,1.000e-08,172,0.121348,0.630798,0.007171,0.003162
henon,K,3,5,0.01,1.3,1.000e-08,173,0.125153,0.636536,-0.009013,-0.002855
henon,K,3,5,0.01,1.3,1.000e-08,174,0.121756,0.632935,0.010246,-0.004322
henon,K,3,5,0.01,1.3,1.000e-08,175,0.117543,0.631592,0.007684,-0.012092
henon,K,3,5,0.01,1.3,1.000e-08,176,0.118106,0.631836,-0.010871,0.007929
henon,K,3,5,0.01,1.3,1.000e-08,177,0.118801,0.628845,-0.006310,-0.001503
henon,K,3,5,0.01,1.3,1.000e-08,178,0.117711,0.629883,0.005020,-0.002182
henon,K,3,5,0.01,1.3,1.000e-08,179,0.119809,0.629456,0.007741,-0.003898
henon,K,3,5,0.01,1.3,1.000e-08,180,0.122089,0.632080,-0.001399,0.013133
henon,K,3,5,0.01,1.3,1.000e-08,181,0.123291,0.634277,0.006340,-0.004062
henon,K,3,5,0.01,1.3,1.000e-08,182,0.122364,0.635254,-0.009434,-0.002641
henon,K,3,5,0.01,1.3,1.000e-08,183,0.123677,0.632141,-0.004765,-0.008912
henon,K,3,5,0.01,1.3,1.000e-08,184,0.118110,0.626465,0.004435,0.001025
henon,K,3,5,0.01,1.3,1.000e-08,185,0.120716,0.632812,-0.011187,-0.001360
henon,K,3,5,0.01,1.3,1.000e-08,186,0.118094,0.630432,-0.007047,-0.003523
henon,K,3,5,0.01,1.3,1.000e-08,187,0.121429,0.632019,-0.019326,0.005667
henon,K,3,5,0.01,1.3,1.000e-08,188,0.124070,0.634155,-0.005689,-0.004977
henon,K,3,5,0.01,1.3,1.000e-08,189,0.118086,0.630981,0.001099,0.002116
henon,K,3,5,0.01,1.3,1.000e-08,190,0.122518,0.630859,-0.006319,-0.005409
henon,K,3,5,0.01,1.3,1.000e-08,191,0.123614,0.636963,0.007434,-0.013990
henon,K,3,5,0.01,1.3,1.000e-08,192,0.124067,0.637573,-0.001928,-0.010348
henon,K,3,5,0.01,1.3,1.000e-08,193,0.117183,0.624878,-0.005539,-0.000228
henon,K,3,5,0.01,1.3,1.000e-08,194,0.119347,0.631348,0.014754,-0.000427
henon,K,3,5,0.01,1.3,1.000e-08,195,0.123276,0.631226,0.000720,-0.002088
henon,K,3,5,0.01,1.3,1.000e-08,196,0.117218,0.630005,0.003537,0.000270
henon,K,3,5,0.01,1.3,1.000e-08,197,0.119142,0.628784,-0.005615,-0.001156
henon,K,3,5,0.01,1.3,1.000e-08,198,0.121035,0.629272,-0.004764,-0.001748
henon,K,3,5,0.01,1.3,1.000e-08,199,0.125819,0.635315,-0.009131,0.008289
henon,K,3,5,0.01,1.3,1.000e-08,200,0.123603,0.632446,-0.021945,0.010686
henon,K,3,5,0.01,1.3,1.000e-08,201,0.120272,0.629333,-0.008931,-0.005647
henon,K,3,5,0.01,1.3,1.000e-08,202,0.120220,0.632263,-0.002887,0.005211
henon,K,3,5,0.01,1.3,1.000e-08,203,0.115151,0.625977,0.012444,-0.005971
henon,K,3,5,0.01,1.3,1.000e-08,204,0.110576,0.623779,0.005018,-0.009057
henon,K,3,5,0.01,1.3,1.000e-08,205,0.114451,0.629395,0.003292,0.012037
henon,K,3,5,0.01,1.3,1.000e-08,206,0.115947,0.629333,-0.005977,0.011201
henon,K,3,5,0.01,1.3,1.000e-08,207,0.120846,0.634521,-0.009204,0.004875
henon,K,3,5,0.01,1.3,1.000e-08,208,0.115541,0.632935,-0.010594,0.023348
henon,K,3,5,0.01,1.3,1.000e-08,209,0.115573,0.630249,-0.005281,-0.002054
henon,K,3,5,0.01,1.3,1.000e-08,210,0.110546,0.624023,0.000449,-0.000012
henon,K,3,5,0.01,1.3,1.000e-08,211,0.113973,0.625793,-0.004512,0.001322
henon,K,3,5,0.01,1.3,1.000e-08,212,0.118848,0.631897,0.006869,-0.005164
henon,K,3,5,0.01,1.3,1.000e-08,213,0.118179,0.630737,-0.000154,0.007855
henon,K,3,5,0.01,1.3,1.000e-08,214,0.121665,0.631287,-0.010531,-0.001802
henon,K,3,5,0.01,1.3,1.000e-08,215,0.123139,0.635742,-0.017878,0.012956
henon,K,3,5,0.01,1.3,1.000e-08,216,0.115034,0.630188,0.005772,-0.002590
henon,K,3,5,0.01,1.3,1.000e-08,217,0.112965,0.625977,0.012620,-0.002751
henon,K,3,5,0.01,1.3,1.000e-08,218,0.114231,0.627380,0.014528,-0.001794
henon,K,3,5,0.01,1.3,1.000e-08,219,0.119843,0.634644,0.003776,0.003737
henon,K,3,5,0.01,1.3,1.000e-08,220,0.122750,0.631226,0.010843,-0.010161
henon,K,3,5,0.01,1.3,1.000e-08,221,0.125325,0.635681,0.010300,-0.014758
henon,K,3,5,0.01,1.3,1.000e-08,222,0.123242,0.634583,0.002055,-0.012598
henon,K,3,5,0.01,1.3,1.000e-08,223,0.118865,0.628418,0.006748,-0.006225
henon,K,3,5,0.01,1.3,1.000e-08,224,0.116661,0.630615,0.005486,-0.002845
henon,K,3,5,0.01,1.3,1.000e-08,225,0.119139,0.629395,-0.001275,-0.002154
henon,K,3,5,0.01,1.3,1.000e-08,226,0.119181,0.633240,-0.006043,-0.002431
henon,K,3,5,0.01,1.3,1.000e-08,227,0.118825,0.629578,-0.007394,0.010878
henon,K,3,5,0.01,1.3,1.000e-08,228,0.121592,0.631592,-0.001685,-0.024391
henon,K,3,5,0.01,1.3,1.000e-08,229,0.127527,0.635925,-0.004772,-0.016112
henon,K,3,5,0.01,1.3,1.000e-08,230,0.120652,0.627136,0.001568,-0.012116
henon,K,3,5,0.01,1.3,1.000e-08,231,0.121932,0.628418,0.013630,-0.001916
henon,K,3,5,0.01,1.3,1.000e-08,232,0.125143,0.635803,-0.001850,-0.005505
henon,K,3,5,0.01,1.3,1.000e-08,233,0.122396,0.637268,0.003417,0.005064
henon,K,3,5,0.01,1.3,1.000e-08,234,0.116547,0.626587,-0.000138,0.001416
henon,K,3,5,0.01,1.3,1.000e-08,235,0.117751,0.632263,-0.008024,0.002791
henon,K,3,5,0.01,1.3,1.000e-08,236,0.114777,0.627502,-0.002615,0.004658
henon,K,3,5,0.01,1.3,1.000e-08,237,0.112872,0.629395,0.006242,0.017735
henon,K,3,5,0.01,1.3,1.000e-08,238,0.109953,0.624695,0.011810,0.012066
henon,K,3,5,0.01,1.3,1.000e-08,239,0.114104,0.629517,0.014838,-0.000765
henon,K,3,5,0.01,1.3,1.000e-08,240,0.116233,0.627258,-0.001979,0.015307
henon,K,3,5,0.01,1.3,1.000e-08,241,0.123257,0.636536,-0.001941,-0.008197
henon,K,3,5,0.01,1.3,1.000e-08,242,0.119670,0.628296,-0.003815,-0.005250
henon,K,3,5,0.01,1.3,1.000e-08,243,0.124861,0.635559,-0.017220,-0.005772
henon,K,3,5,0.01,1.3,1.000e-08,244,0.121070,0.634155,0.002345,-0.001902
henon,K,3,5,0.01,1.3,1.000e-08,245,0.119432,0.630371,0.006782,-0.007862
henon,K,3,5,0.01,1.3,1.000e-08,246,0.120182,0.630981,0.000772,0.003918
henon,K,3,5,0.01,1.3,1.000e-08,247,0.117172,0.631104,0.000339,0.007425
henon,K,3,5,0.01,1.3,1.000e-08,248,0.121793,0.633911,-0.011381,-0.003719
henon,K,3,5,0.01,1.3,1.000e-08,249,0.116687,0.630920,0.005600,0.004335
henon,K,3,5,0.01,1.3,1.000e-08,250,0.112504,0.627625,0.011547,-0.008924
henon,K,3,5,0.01,1.3,1.000e-08,251,0.115665,0.626709,0.012314,-0.000040
henon,K,3,5,0.01,1.3,1.000e-08,252,0.116291,0.626160,0.012424,-0.000168
henon,K,3,5,0.01,1.3,1.000e-08,253,0.120563,0.632568,0.007884,-0.007994
henon,K,3,5,0.01,1.3,1.000e-08,254,0.116980,0.630432,-0.013146,0.001282
henon,K,3,5,0.01,1.3,1.000e-08,255,0.117966,0.632568,0.002981,-0.008133
henon,K,3,5,0.01,1.3,1.000e-08,256,0.115589,0.625061,0.011648,-0.006543
henon,K,3,5,0.01,1.3,1.000e-08,257,0.123365,0.636108,0.007630,-0.011508
henon,K,3,5,0.01,1.3,1.000e-08,258,0.124565,0.633911,-0.000532,-0.007258
henon,K,3,5,0.01,1.3,1.000e-08,259,0.121716,0.634338,-0.005522,0.005672
henon,K,3,5,0.01,1.3,1.000e-08,260,0.123923,0.636047,-0.003766,-0.011175
henon,K,3,5,0.01,1.3,1.000e-08,261,0.111933,0.625000,0.018802,-0.014767
henon,K,3,5,0.01,1.3,1.000e-08,262,0.113122,0.624512,0.003159,0.001644
henon,K,3,5,0.01,1.3,1.000e-08,263,0.120052,0.630920,-0.010671,-0.017614
henon,K,3,5,0.01,1.3,1.000e-08,264,0.115382,0.629333,-0.002448,-0.002621
henon,K,3,5,0.01,1.3,1.000e-08,265,0.117679,0.626709,0.002430,-0.004422
henon,K,3,5,0.01,1.3,1.000e-08,266,0.117772,0.628845,-0.005887,0.010672
henon,K,3,5,0.01,1.3,1.000e-08,267,0.119023,0.630554,0.004695,-0.005032
henon,K,3,5,0.01,1.3,1.000e-08,268,0.120014,0.632507,-0.001256,0.002558
henon,K,3,5,0.01,1.3,1.000e-08,269,0.120420,0.629578,0.003045,0.002066
henon,K,3,5,0.01,1.3,1.000e-08,270,0.117380,0.626221,0.002127,0.002137
henon,K,3,5,0.01,1.3,1.000e-08,271,0.124227,0.638672,0.003249,-0.003159
henon,K,3,5,0.01,1.3,1.000e-08,272,0.125032,0.633301,-0.001467,-0.012958
henon,K,3,5,0.01,1.3,1.000e-08,273,0.121375,0.634399,0.001237,-0.003640
henon,K,3,5,0.01,1.3,1.000e-08,274,0.119176,0.628662,0.003240,-0.005643
henon,K,3,5,0.01,1.3,1.000e-08,275,0.117964,0.629333,-0.002045,-0.002155
henon,K,3,5,0.01,1.3,1.000e-08,276,0.121830,0.636719,-0.002536,-0.008382
henon,K,3,5,0.01,1.3,1.000e-08,277,0.121365,0.632324,0.001921,-0.013507
henon,K,3,5,0.01,1.3,1.000e-08,278,0.120392,0.629150,0.011435,-0.013838
henon,K,3,5,0.01,1.3,1.000e-08,279,0.120870,0.635864,0.006914,-0.002121
henon,K,3,5,0.01,1.3,1.000e-08,280,0.123284,0.633423,0.006531,-0.010102
henon,K,3,5,0.01,1.3,1.000e-08,281,0.121026,0.630188,-0.001724,-0.010931
henon,K,3,5,0.01,1.3,1.000e-08,282,0.117793,0.631348,0.001753,0.002505
henon,K,3,5,0.01,1.3,1.000e-08,283,0.123706,0.635681,0.010458,-0.016422
henon,K,3,5,0.01,1.3,1.000e-08,284,0.121135,0.630859,-0.004666,0.000888
henon,K,3,5,0.01,1.3,1.000e-08,285,0.124364,0.635925,-0.009765,-0.010587
henon,K,3,5,0.01,1.3,1.000e-08,286,0.119049,0.625488,-0.005021,-0.004552
henon,K,3,5,0.01,1.3,1.000e-08,287,0.118649,0.629517,-0.000517,0.002643
henon,K,3,5,0.01,1.3,1.000e-08,288,0.116492,0.628967,-0.000781,-0.009027
henon,K,3,5,0.01,1.3,1.000e-08,289,0.114579,0.625610,0.010559,0.010560
henon,K,3,5,0.01,1.3,1.000e-08,290,0.121819,0.630676,0.008099,-0.005582
henon,K,3,5,0.01,1.3,1.000e-08,291,0.124117,0.633972,-0.006960,-0.004855
henon,K,3,5,0.01,1.3,1.000e-08,292,0.125902,0.636902,-0.006297,-0.005900
henon,K,3,5,0.01,1.3,1.000e-08,293,0.125401,0.631348,0.003423,-0.013170
henon,K,3,5,0.01,1.3,1.000e-08,294,0.126198,0.638611,-0.011052,-0.017963
henon,K,3,5,0.01,1.3,1.000e-08,295,0.121290,0.629639,-0.007153,-0.013844
henon,K,3,5,0.01,1.3,1.000e-08,296,0.115502,0.626587,0.002342,-0.002601
henon,K,3,5,0.01,1.3,1.000e-08,297,0.118852,0.631714,-0.006996,0.008425
henon,K,3,5,0.01,1.3,1.000e-08,298,0.116400,0.630676,0.008847,-0.003894
henon,K,3,5,0.01,1.3,1.000e-08,299,0.124923,0.637695,-0.004492,-0.014791
henon,K,3,5,0.01,1.3,1.000e-08,300,0.124412,0.632751,-0.002675,-0.017028
henon,K,3,5,0.01,1.3,1.000e-08,301,0.123024,0.630615,0.006175,-0.019298
henon,K,3,5,0.01,1.3,1.000e-08,302,0.121580,0.628784,-0.005796,-0.005096
henon,K,3,5,0.01,1.3,1.000e-08,303,0.112524,0.625183,0.010931,0.006280
henon,K,3,5,0.01,1.3,1.000e-08,304,0.117225,0.628296,0.000820,0.002007
henon,K,3,5,0.01,1.3,1.000e-08,305,0.120033,0.632507,-0.002308,0.004817
henon,K,3,5,0.01,1.3,1.000e-08,306,0.117584,0.630554,0.009386,0.003507
henon,K,3,5,0.01,1.3,1.000e-08,307,0.121424,0.635254,0.003315,-0.009085
henon,K,3,5,0.01,1.3,1.000e-08,308,0.116803,0.627441,0.005217,-0.001237
henon,K,3,5,0.01,1.3,1.000e-08,309,0.118905,0.629883,0.003898,0.001807
henon,K,3,5,0.01,1.3,1.000e-08,310,0.122643,0.636536,-0.003030,0.001333
henon,K,3,5,0.01,1.3,1.000e-08,311,0.121320,0.633118,-0.005018,-0.006860
henon,K,3,5,0.01,1.3,1.000e-08,312,0.120214,0.631714,-0.002172,-0.016221
henon,K,3,5,0.01,1.3,1.000e-08,313,0.116365,0.632507,0.004489,0.005375
henon,K,3,5,0.01,1.3,1.000e-08,314,0.112020,0.626953,0.003756,0.005545
henon,K,3,5,0.01,1.3,1.000e-08,315,0.112929,0.624451,0.012746,-0.007314
henon,K,3,5,0.01,1.3,1.000e-08,316,0.112617,0.625061,0.018674,0.002929
henon,K,3,5,0.01,1.3,1.000e-08,317,0.115508,0.632202,0.016146,-0.013299
henon,K,3,5,0.01,1.3,1.000e-08,318,0.116987,0.631775,0.000674,0.000941
henon,K,3,5,0.01,1.3,1.000e-08,319,0.118633,0.629517,-0.003128,-0.007201
henon,K,3,5,0.01,1.3,1.000e-08,320,0.120822,0.631714,-0.002836,0.007147
henon,K,3,5,0.01,1.3,1.000e-08,321,0.115275,0.629700,0.001692,0.007387
henon,K,3,5,0.01,1.3,1.000e-08,322,0.113158,0.626892,-0.001468,0.002654
henon,K,3,5,0.01,1.3,1.000e-08,323,0.117394,0.630371,0.000535,0.005690
henon,K,3,5,0.01,1.3,1.000e-08,324,0.120312,0.632019,0.006815,-0.002512
henon,K,3,5,0.01,1.3,1.000e-08,325,0.120095,0.636719,-0.014281,-0.000671
henon,K,3,5,0.01,1.3,1.000e-08,326,0.117808,0.631165,0.002767,-0.012470
henon,K,3,5,0.01,1.3,1.000e-08,327,0.124045,0.636902,-0.006884,0.005025
henon,K,3,5,0.01,1.3,1.000e-08,328,0.122630,0.633789,-0.001934,0.000447
henon,K,3,5,0.01,1.3,1.000e-08,329,0.119378,0.631714,-0.004244,-0.004939
henon,K,3,5,0.01,1.3,1.000e-08,330,0.114989,0.623840,0.003401,-0.002437
henon,K,3,5,0.01,1.3,1.000e-08,331,0.119577,0.628845,-0.001560,-0.000241
henon,K,3,5,0.01,1.3,1.000e-08,332,0.118658,0.632202,0.003877,-0.001429
henon,K,3,5,0.01,1.3,1.000e-08,333,0.123512,0.635986,0.005412,-0.008742
henon,K,3,5,0.01,1.3,1.000e-08,334,0.128119,0.636902,0.002869,-0.004033
henon,K,3,5,0.01,1.3,1.000e-08,335,0.125187,0.636841,0.006245,-0.015209
henon,K,3,5,0.01,1.3,1.000e-08,336,0.119665,0.630920,-0.007186,0.000837
henon,K,3,5,0.01,1.3,1.000e-08,337,0.111577,0.628235,-0.000285,-0.004901
henon,K,3,5,0.01,1.3,1.000e-08,338,0.111474,0.622437,0.001041,-0.001253
henon,K,3,5,0.01,1.3,1.000e-08,339,0.115134,0.631104,-0.005277,0.008296
henon,K,3,5,0.01,1.3,1.000e-08,340,0.123664,0.631287,-0.000376,0.002904
henon,K,3,5,0.01,1.3,1.000e-08,341,0.129691,0.635864,0.000421,-0.009877
henon,K,3,5,0.01,1.3,1.000e-08,342,0.124719,0.632019,-0.005817,0.000252
henon,K,3,5,0.01,1.3,1.000e-08,343,0.118416,0.631653,0.008483,0.006412
henon,K,3,5,0.01,1.3,1.000e-08,344,0.116600,0.627991,-0.003867,-0.000932
henon,K,3,5,0.01,1.3,1.000e-08,345,0.117099,0.629944,-0.003284,0.003163
henon,K,3,5,0.01,1.3,1.000e-08,346,0.112093,0.624573,-0.013979,0.015860
henon,K,3,5,0.01,1.3,1.000e-08,347,0.120029,0.632874,-0.007018,0.001367
henon,K,3,5,0.01,1.3,1.000e-08,348,0.117433,0.632202,-0.004700,0.022460
henon,K,3,5,0.01,1.3,1.000e-08,349,0.124585,0.633789,-0.009619,-0.005738
henon,K,3,5,0.01,1.3,1.000e-08,350,0.123462,0.631287,-0.005169,0.003698
henon,K,3,5,0.01,1.3,1.000e-08,351,0.124569,0.634705,-0.009414,0.006068
henon,K,3,5,0.01,1.3,1.000e-08,352,0.119040,0.628113,-0.009042,0.010629
henon,K,3,5,0.01,1.3,1.000e-08,353,0.123688,0.636353,-0.020984,-0.003202
henon,K,3,5,0.01,1.3,1.000e-08,354,0.124794,0.637817,-0.008441,-0.014544
henon,K,3,5,0.01,1.3,1.000e-08,355,0.117081,0.629761,0.007109,0.007856
henon,K,3,5,0.01,1.3,1.000e-08,356,0.123610,0.634216,-0.006190,0.007276
henon,K,3,5,0.01,1.3,1.000e-08,357,0.124927,0.635742,-0.005361,-0.002215
henon,K,3,5,0.01,1.3,1.000e-08,358,0.119465,0.629456,0.002773,0.006347
henon,K,3,5,0.01,1.3,1.000e-08,359,0.114898,0.631165,0.001249,0.016051
henon,K,3,5,0.01,1.3,1.000e-08,360,0.119096,0.629700,-0.017784,-0.012434
henon,K,3,5,0.01,1.3,1.000e-08,361,0.115101,0.628479,0.000094,-0.005606
henon,K,3,5,0.01,1.3,1.000e-08,362,0.117239,0.635071,-0.003981,0.002520
henon,K,3,5,0.01,1.3,1.000e-08,363,0.120714,0.632263,-0.000014,-0.015753
henon,K,3,5,0.01,1.3,1.000e-08,364,0.119288,0.632446,-0.002121,0.001210
henon,K,3,5,0.01,1.3,1.000e-08,365,0.119144,0.632141,-0.006353,0.015670
henon,K,3,5,0.01,1.3,1.000e-08,366,0.118246,0.631165,-0.007783,0.017020
henon,K,3,5,0.01,1.3,1.000e-08,367,0.113360,0.625000,0.003182,-0.001570
henon,K,3,5,0.01,1.3,1.000e-08,368,0.113329,0.629211,-0.000028,0.008299
henon,K,3,5,0.01,1.3,1.000e-08,369,0.119095,0.627014,0.001002,0.000903
henon,K,3,5,0.01,1.3,1.000e-08,370,0.121857,0.636292,-0.000828,0.005778
henon,K,3,5,0.01,1.3,1.000e-08,371,0.120485,0.632263,0.006803,0.010970
henon,K,3,5,0.01,1.3,1.000e-08,372,0.120776,0.632568,0.003005,-0.001830
henon,K,3,5,0.01,1.3,1.000e-08,373,0.123882,0.630981,-0.009844,0.002269
henon,K,3,5,0.01,1.3,1.000e-08,374,0.118142,0.627441,0.007299,-0.002097
henon,K,3,5,0.01,1.3,1.000e-08,375,0.115576,0.629761,0.010107,0.001365
henon,K,3,5,0.01,1.3,1.000e-08,376,0.118481,0.629578,0.018240,-0.015469
henon,K,3,5,0.01,1.3,1.000e-08,377,0.114942,0.629822,0.004912,0.008304
henon,K,3,5,0.01,1.3,1.000e-08,378,0.113744,0.627625,0.009711,0.009844
henon,K,3,5,0.01,1.3,1.000e-08,379,0.117153,0.628235,0.010486,-0.004856
henon,K,3,5,0.01,1.3,1.000e-08,380,0.113329,0.627197,-0.001570,0.004651
henon,K,3,5,0.01,1.3,1.000e-08,381,0.113519,0.624634,-0.007610,0.008114
henon,K,3,5,0.01,1.3,1.000e-08,382,0.113833,0.626709,0.011829,0.014141
henon,K,3,5,0.01,1.3,1.000e-08,383,0.121434,0.632812,0.013590,-0.004591
henon,K,3,5,0.01,1.3,1.000e-08,384,0.122558,0.633667,-0.001767,-0.008427
henon,K,3,5,0.01,1.3,1.000e-08,385,0.116289,0.628723,0.005057,0.002050
henon,K,3,5,0.01,1.3,1.000e-08,386,0.116692,0.626282,0.006381,-0.006811
henon,K,3,5,0.01,1.3,1.000e-08,387,0.120774,0.634827,0.002727,-0.012801
henon,K,3,5,0.01,1.3,1.000e-08,388,0.120515,0.630371,-0.008986,0.001423
henon,K,3,5,0.01,1.3,1.000e-08,389,0.116701,0.626404,-0.001868,0.012220
henon,K,3,5,0.01,1.3,1.000e-08,390,0.118866,0.627502,0.003356,0.005710
henon,K,3,5,0.01,1.3,1.000e-08,391,0.124640,0.633423,-0.012905,0.009497
henon,K,3,5,0.01,1.3,1.000e-08,392,0.123401,0.637817,-0.008960,0.006024
henon,K,3,5,0.01,1.3,1.000e-08,393,0.121133,0.634949,0.003648,-0.016103
henon,K,3,5,0.01,1.3,1.000e-08,394,0.123878,0.635803,0.010022,-0.017096
henon,K,3,5,0.01,1.3,1.000e-08,395,0.117796,0.627869,0.011846,-0.002308
henon,K,3,5,0.01,1.3,1.000e-08,396,0.121292,0.632141,-0.009134,0.003779
henon,K,3,5,0.01,1.3,1.000e-08,397,0.127262,0.635681,0.000792,-0.010668
henon,K,3,5,0.01,1.3,1.000e-08,398,0.129156,0.637329,-0.026055,-0.004078
henon,K,3,5,0.01,1.3,1.000e-08,399,0.124055,0.638123,-0.006034,-0.002539
henon,K,3,5,0.01,1.3,1.000e-08,400,0.117000,0.626770,-0.003439,0.003564
henon,K,3,5,0.01,1.3,1.000e-06,1,-13.925225,0.000000,1.000000,1.000000
henon,K,3,5,0.01,1.3,1.000e-06,2,-13.341792,0.000000,1.000000,1.000000
henon,K,3,5,0.01,1.3,1.000e-06,3,-12.834096,0.000000,1.000000,1.000000
henon,K,3,5,0.01,1.3,1.000e-06,4,-12.427358,0.000000,1.000000,1.000000
henon,K,3,5,0.01,1.3,1.000e-06,5,-12.076197,0.000000,1.000000,1.000000
henon,K,3,5,0.01,1.3,1.000e-06,6,-11.698178,0.000000,1.000000,1.000000
henon,K,3,5,0.01,1.3,1.000e-06,7,-11.296530,0.000000,1.000000,1.000000
henon,K,3,5,0.01,1.3,1.000e-06,8,-10.942737,0.000000,1.000000,1.000000
henon,K,3,5,0.01,1.3,1.000e-06,9,-10.586895,0.000000,1.000000,1.000000
henon,K,3,5,0.01,1.3,1.000e-06,10,-10.208788,0.000000,1.000000,1.000000
henon,K,3,5,0.01,1.3,1.000e-06,11,-9.848457,0.000000,1.000000,1.000000
henon,K,3,5,0.01,1.3,1.000e-06,12,-9.497732,0.000000,1.000000,1.000000
henon,K,3,5,0.01,1.3,1.000e-06,13,-9.149567,0.000000,1.000000,1.000000
henon,K,3,5,0.01,1.3,1.000e-06,14,-8.780547,0.000000,1.000000,1.000000
henon,K,3,5,0.01,1.3,1.000e-06,15,-8.434909,0.000000,1.000000,1.000000
henon,K,3,5,0.01,1.3,1.000e-06,16,-8.090275,0.000000,0.999999,0.999999
henon,K,3,5,0.01,1.3,1.000e-06,17,-7.737931,0.000000,0.999999,0.999999
henon,K,3,5,0.01,1.3,1.000e-06,18,-7.391623,0.000000,0.999997,0.999997
henon,K,3,5,0.01,1.3,1.000e-06,19,-7.042008,0.000000,0.999992,0.999992
henon,K,3,5,0.01,1.3,1.000e-06,20,-6.706903,0.000000,0.999980,0.999981
henon,K,3,5,0.01,1.3,1.000e-06,21,-6.359973,0.000000,0.999957,0.999954
henon,K,3,5,0.01,1.3,1.000e-06,22,-6.016692,0.000000,0.999893,0.999888
henon,K,3,5,0.01,1.3,1.000e-06,23,-5.670273,0.000000,0.999733,0.999718
henon,K,3,5,0.01,1.3,1.000e-06,24,-5.339035,0.000000,0.999423,0.999386
henon,K,3,5,0.01,1.3,1.000e-06,25,-4.995359,0.000000,0.998547,0.998383
henon,K,3,5,0.01,1.3,1.000e-06,26,-4.657570,0.000183,0.996416,0.996588
henon,K,3,5,0.01,1.3,1.000e-06,27,-4.323275,0.001343,0.991956,0.992388
henon,K,3,5,0.01,1.3,1.000e-06,28,-3.984624,0.005676,0.982965,0.983584
henon,K,3,5,0.01,1.3,1.000e-06,29,-3.650490,0.017151,0.966622,0.966433
henon,K,3,5,0.01,1.3,1.000e-06,30,-3.327286,0.031677,0.945452,0.941974
henon,K,3,5,0.01,1.3,1.000e-06,31,-3.016643,0.051697,0.917311,0.914519
henon,K,3,5,0.01,1.3,1.000e-06,32,-2.707050,0.069824,0.886833,0.888030
henon,K,3,5,0.01,1.3,1.000e-06,33,-2.422590,0.092407,0.844594,0.852916
henon,K,3,5,0.01,1.3,1.000e-06,34,-2.160040,0.115845,0.816107,0.819225
henon,K,3,5,0.01,1.3,1.000e-06,35,-1.906151,0.142639,0.779582,0.773335
henon,K,3,5,0.01,1.3,1.000e-06,36,-1.667156,0.172058,0.727732,0.726719
henon,K,3,5,0.01,1.3,1.000e-06,37,-1.443122,0.213135,0.668297,0.664484
henon,K,3,5,0.01,1.3,1.000e-06,38,-1.235610,0.251099,0.611475,0.609391
henon,K,3,5,0.01,1.3,1.000e-06,39,-1.062951,0.278259,0.577083,0.563212
henon,K,3,5,0.01,1.3,1.000e-06,40,-0.899902,0.313354,0.515733,0.510446
henon,K,3,5,0.01,1.3,1.000e-06,41,-0.762987,0.338806,0.474527,0.476135
henon,K,3,5,0.01,1.3,1.000e-06,42,-0.632523,0.369019,0.435558,0.410056
henon,K,3,5,0.01,1.3,1.000e-06,43,-0.508882,0.407471,0.368797,0.366510
henon,K,3,5,0.01,1.3,1.000e-06,44,-0.413055,0.434326,0.328717,0.318237
henon,K,3,5,0.01,1.3,1.000e-06,45,-0.330267,0.460632,0.294979,0.277121
henon,K,3,5,0.01,1.3,1.000e-06,46,-0.265660,0.477356,0.248983,0.247094
henon,K,3,5,0.01,1.3,1.000e-06,47,-0.202157,0.500366,0.224319,0.223494
henon,K,3,5,0.01,1.3,1.000e-06,48,-0.155776,0.514099,0.207718,0.190793
henon,K,3,5,0.01,1.3,1.000e-06,49,-0.115902,0.526184,0.174342,0.163883
henon,K,3,5,0.01,1.3,1.000e-06,50,-0.075735,0.546204,0.137909,0.146096
henon,K,3,5,0.01,1.3,1.000e-06,51,-0.039332,0.559448,0.126419,0.125676
henon,K,3,5,0.01,1.3,1.000e-06,52,-0.014034,0.566101,0.094666,0.107795
henon,K,3,5,0.01,1.3,1.000e-06,53,0.009152,0.579895,0.090878,0.094565
henon,K,3,5,0.01,1.3,1.000e-06,54,0.039590,0.595459,0.057977,0.072315
henon,K,3,5,0.01,1.3,1.000e-06,55,0.053337,0.602661,0.054394,0.064638
henon,K,3,5,0.01,1.3,1.000e-06,56,0.058333,0.598389,0.053173,0.048953
henon,K,3,5,0.01,1.3,1.000e-06,57,0.066186,0.606384,0.049343,0.048842
henon,K,3,5,0.01,1.3,1.000e-06,58,0.073780,0.603088,0.031432,0.042906
henon,K,3,5,0.01,1.3,1.000e-06,59,0.079567,0.614380,0.019507,0.047657
henon,K,3,5,0.01,1.3,1.000e-06,60,0.084544,0.609253,0.012203,0.050549
henon,K,3,5,0.01,1.3,1.000e-06,61,0.096577,0.621948,0.010402,0.017266
henon,K,3,5,0.01,1.3,1.000e-06,62,0.095223,0.621033,0.023986,0.029265
henon,K,3,5,0.01,1.3,1.000e-06,63,0.104528,0.625305,-0.003033,0.012210
henon,K,3,5,0.01,1.3,1.000e-06,64,0.099829,0.620972,0.018823,0.021433
henon,K,3,5,0.01,1.3,1.000e-06,65,0.103856,0.617310,0.011206,0.027065
henon,K,3,5,0.01,1.3,1.000e-06,66,0.110437,0.630432,0.011959,0.015570
henon,K,3,5,0.01,1.3,1.000e-06,67,0.106306,0.626648,0.005529,0.020139
henon,K,3,5,0.01,1.3,1.000e-06,68,0.110566,0.628296,-0.011445,0.020040
henon,K,3,5,0.01,1.3,1.000e-06,69,0.112691,0.624146,0.002954,0.008133
henon,K,3,5,0.01,1.3,1.000e-06,70,0.112012,0.626831,0.017135,0.007635
henon,K,3,5,0.01,1.3,1.000e-06,71,0.112360,0.623840,0.004906,0.015382
henon,K,3,5,0.01,1.3,1.000e-06,72,0.118021,0.630493,-0.003298,0.013920
henon,K,3,5,0.01,1.3,1.000e-06,73,0.120355,0.632446,-0.009197,-0.001088
henon,K,3,5,0.01,1.3,1.000e-06,74,0.114449,0.631348,-0.003837,0.004603
henon,K,3,5,0.01,1.3,1.000e-06,75,0.111242,0.622803,0.014057,0.016080
henon,K,3,5,0.01,1.3,1.000e-06,76,0.116744,0.625122,-0.000377,-0.008150
henon,K,3,5,0.01,1.3,1.000e-06,77,0.113283,0.623962,0.012609,0.003486
henon,K,3,5,0.01,1.3,1.000e-06,78,0.115383,0.629333,0.003444,0.015617
henon,K,3,5,0.01,1.3,1.000e-06,79,0.113946,0.628967,0.004819,0.010636
henon,K,3,5,0.01,1.3,1.000e-06,80,0.107308,0.623230,0.017730,0.006530
henon,K,3,5,0.01,1.3,1.000e-06,81,0.115694,0.628906,-0.008560,0.004529
henon,K,3,5,0.01,1.3,1.000e-06,82,0.113567,0.628296,0.014233,0.002773
henon,K,3,5,0.01,1.3,1.000e-06,83,0.115713,0.627197,-0.001344,-0.004634
henon,K,3,5,0.01,1.3,1.000e-06,84,0.118063,0.629211,0.015881,-0.003554
henon,K,3,5,0.01,1.3,1.000e-06,85,0.123351,0.630859,0.000219,0.004700
henon,K,3,5,0.01,1.3,1.000e-06,86,0.119503,0.629395,0.006370,0.012331
henon,K,3,5,0.01,1.3,1.000e-06,87,0.121762,0.632812,-0.004342,-0.000823
henon,K,3,5,0.01,1.3,1.000e-06,88,0.119333,0.627014,-0.002671,-0.008577
henon,K,3,5,0.01,1.3,1.000e-06,89,0.109659,0.625000,0.003116,0.007172
henon,K,3,5,0.01,1.3,1.000e-06,90,0.111402,0.625854,-0.003915,0.002236
henon,K,3,5,0.01,1.3,1.000e-06,91,0.118241,0.627136,0.007026,-0.001565
henon,K,3,5,0.01,1.3,1.000e-06,92,0.118779,0.628235,-0.010838,0.015193
henon,K,3,5,0.01,1.3,1.000e-06,93,0.122138,0.631409,-0.007280,0.006198
henon,K,3,5,0.01,1.3,1.000e-06,94,0.124163,0.639648,0.001510,0.003253
henon,K,3,5,0.01,1.3,1.000e-06,95,0.125340,0.636841,0.008468,-0.017841
henon,K,3,5,0.01,1.3,1.000e-06,96,0.119774,0.628418,-0.006839,-0.008236
henon,K,3,5,0.01,1.3,1.000e-06,97,0.115439,0.628479,0.004936,-0.016896
henon,K,3,5,0.01,1.3,1.000e-06,98,0.116431,0.629150,0.008823,-0.011453
henon,K,3,5,0.01,1.3,1.000e-06,99,0.124437,0.636658,-0.019341,0.008751
henon,K,3,5,0.01,1.3,1.000e-06,100,0.121139,0.631775,-0.007858,-0.001117
henon,K,3,5,0.01,1.3,1.000e-06,101,0.123011,0.631531,0.008857,-0.008848
henon,K,3,5,0.01,1.3,1.000e-06,102,0.122027,0.632568,0.011496,-0.007026
henon,K,3,5,0.01,1.3,1.000e-06,103,0.116928,0.630127,0.015750,0.000753
henon,K,3,5,0.01,1.3,1.000e-06,104,0.114898,0.628967,0.017582,-0.005015
henon,K,3,5,0.01,1.3,1.000e-06,105,0.116017,0.627563,0.000752,-0.012086
henon,K,3,5,0.01,1.3,1.000e-06,106,0.116036,0.630798,0.005586,-0.000866
henon,K,3,5,0.01,1.3,1.000e-06,107,0.123691,0.630859,-0.007450,-0.008641
henon,K,3,5,0.01,1.3,1.000e-06,108,0.121071,0.635681,-0.012615,0.016862
henon,K,3,5,0.01,1.3,1.000e-06,109,0.118763,0.632019,-0.000454,-0.006268
henon,K,3,5,0.01,1.3,1.000e-06,110,0.120388,0.634094,-0.012178,0.004240
henon,K,3,5,0.01,1.3,1.000e-06,111,0.119907,0.631714,-0.014092,0.014746
henon,K,3,5,0.01,1.3,1.000e-06,112,0.117209,0.629944,-0.005367,-0.007112
henon,K,3,5,0.01,1.3,1.000e-06,113,0.120679,0.630920,-0.006681,0.003686
henon,K,3,5,0.01,1.3,1.000e-06,114,0.124507,0.635132,-0.004395,0.000767
henon,K,3,5,0.01,1.3,1.000e-06,115,0.121867,0.637756,-0.001269,0.001918
henon,K,3,5,0.01,1.3,1.000e-06,116,0.121143,0.630737,-0.004276,-0.008738
henon,K,3,5,0.01,1.3,1.000e-06,117,0.115772,0.631348,-0.000036,0.001905
henon,K,3,5,0.01,1.3,1.000e-06,118,0.117984,0.631653,-0.002717,0.008460
henon,K,3,5,0.01,1.3,1.000e-06,119,0.118225,0.631531,-0.003164,-0.012136
henon,K,3,5,0.01,1.3,1.000e-06,120,0.114653,0.631470,0.003676,0.024242
henon,K,3,5,0.01,1.3,1.000e-06,121,0.118788,0.630493,-0.017269,-0.004511
henon,K,3,5,0.01,1.3,1.000e-06,122,0.115666,0.631958,0.005040,0.002500
henon,K,3,5,0.01,1.3,1.000e-06,123,0.115892,0.629272,0.009080,-0.000716
henon,K,3,5,0.01,1.3,1.000e-06,124,0.120603,0.633362,0.001094,-0.005991
henon,K,3,5,0.01,1.3,1.000e-06,125,0.117239,0.628296,-0.004671,0.005652
henon,K,3,5,0.01,1.3,1.000e-06,126,0.116933,0.631653,0.008200,-0.005806
henon,K,3,5,0.01,1.3,1.000e-06,127,0.113740,0.625732,0.005896,0.008252
henon,K,3,5,0.01,1.3,1.000e-06,128,0.115275,0.630798,0.005767,0.002197
henon,K,3,5,0.01,1.3,1.000e-06,129,0.118772,0.632996,0.007393,-0.004417
henon,K,3,5,0.01,1.3,1.000e-06,130,0.120552,0.635864,0.015346,-0.006837
henon,K,3,5,0.01,1.3,1.000e-06,131,0.125192,0.637024,-0.011873,-0.011895
henon,K,3,5,0.01,1.3,1.000e-06,132,0.121514,0.631226,0.005469,-0.009241
henon,K,3,5,0.01,1.3,1.000e-06,133,0.116055,0.627014,0.001790,0.003751
henon,K,3,5,0.01,1.3,1.000e-06,134,0.118287,0.629333,0.009156,-0.006063
henon,K,3,5,0.01,1.3,1.000e-06,135,0.121689,0.632446,-0.001785,-0.007947
henon,K,3,5,0.01,1.3,1.000e-06,136,0.117442,0.626953,0.007042,-0.007470
henon,K,3,5,0.01,1.3,1.000e-06,137,0.126566,0.636292,-0.003924,-0.008438
henon,K,3,5,0.01,1.3,1.000e-06,138,0.123901,0.635376,-0.010451,0.006571
henon,K,3,5,0.01,1.3,1.000e-06,139,0.119181,0.631714,0.007949,-0.010891
henon,K,3,5,0.01,1.3,1.000e-06,140,0.119033,0.630432,0.002226,0.002663
henon,K,3,5,0.01,1.3,1.000e-06,141,0.120751,0.631531,-0.004311,-0.005284
henon,K,3,5,0.01,1.3,1.000e-06,142,0.120455,0.633179,-0.004383,-0.003824
henon,K,3,5,0.01,1.3,1.000e-06,143,0.117191,0.630066,-0.009983,0.004125
henon,K,3,5,0.01,1.3,1.000e-06,144,0.116577,0.631775,0.003518,-0.004058
henon,K,3,5,0.01,1.3,1.000e-06,145,0.120400,0.634399,0.002276,0.005472
henon,K,3,5,0.01,1.3,1.000e-06,146,0.122218,0.632874,-0.002600,-0.002282
henon,K,3,5,0.01,1.3,1.000e-06,147,0.118523,0.633484,-0.000648,0.001144
henon,K,3,5,0.01,1.3,1.000e-06,148,0.120153,0.632507,-0.004496,-0.002689
henon,K,3,5,0.01,1.3,1.000e-06,149,0.118222,0.629944,-0.005016,-0.013339
henon,K,3,5,0.01,1.3,1.000e-06,150,0.118094,0.632080,-0.000139,0.001663
henon,K,3,5,0.01,1.3,1.000e-06,151,0.119273,0.630737,0.002832,-0.008786
henon,K,3,5,0.01,1.3,1.000e-06,152,0.113116,0.628540,0.002999,0.002317
henon,K,3,5,0.01,1.3,1.000e-06,153,0.111405,0.629150,0.016958,0.004422
henon,K,3,5,0.01,1.3,1.000e-06,154,0.115154,0.629761,0.012309,0.004384
henon,K,3,5,0.01,1.3,1.000e-06,155,0.120776,0.633179,0.001278,-0.007786
henon,K,3,5,0.01,1.3,1.000e-06,156,0.121923,0.631104,0.000960,-0.008650
henon,K,3,5,0.01,1.3,1.000e-06,157,0.116174,0.628357,0.005804,-0.001384
henon,K,3,5,0.01,1.3,1.000e-06,158,0.121225,0.628967,0.000344,-0.000742
henon,K,3,5,0.01,1.3,1.000e-06,159,0.120668,0.631287,0.000216,-0.005907
henon,K,3,5,0.01,1.3,1.000e-06,160,0.117172,0.630249,0.000750,0.008401
henon,K,3,5,0.01,1.3,1.000e-06,161,0.117618,0.630737,-0.005972,0.005234
henon,K,3,5,0.01,1.3,1.000e-06,162,0.117180,0.627808,0.004577,-0.000976
henon,K,3,5,0.01,1.3,1.000e-06,163,0.119230,0.631836,-0.006159,0.016453
henon,K,3,5,0.01,1.3,1.000e-06,164,0.122945,0.630127,-0.004880,0.007062
henon,K,3,5,0.01,1.3,1.000e-06,165,0.117269,0.626709,0.004325,-0.002424
henon,K,3,5,0.01,1.3,1.000e-06,166,0.120171,0.631165,0.015568,-0.005586
henon,K,3,5,0.01,1.3,1.000e-06,167,0.124299,0.635864,-0.005225,-0.003883
henon,K,3,5,0.01,1.3,1.000e-06,168,0.122858,0.630981,-0.004557,-0.000705
henon,K,3,5,0.01,1.3,1.000e-06,169,0.124140,0.635803,0.001036,-0.003592
henon,K,3,5,0.01,1.3,1.000e-06,170,0.119763,0.627075,-0.004195,0.001832
henon,K,3,5,0.01,1.3,1.000e-06,171,0.124755,0.632507,0.002920,-0.011478
henon,K,3,5,0.01,1.3,1.000e-06,172,0.126587,0.634094,-0.003194,-0.003918
henon,K,3,5,0.01,1.3,1.000e-06,173,0.131448,0.637695,-0.003489,-0.016971
henon,K,3,5,0.01,1.3,1.000e-06,174,0.128399,0.632446,-0.012398,-0.002946
henon,K,3,5,0.01,1.3,1.000e-06,175,0.128182,0.636902,-0.012446,-0.006146
henon,K,3,5,0.01,1.3,1.000e-06,176,0.123908,0.631531,-0.006986,-0.009268
henon,K,3,5,0.01,1.3,1.000e-06,177,0.121833,0.632080,-0.015741,-0.003699
henon,K,3,5,0.01,1.3,1.000e-06,178,0.120674,0.635803,-0.002398,0.012850
henon,K,3,5,0.01,1.3,1.000e-06,179,0.119771,0.634644,-0.000142,0.008161
henon,K,3,5,0.01,1.3,1.000e-06,180,0.122256,0.632874,-0.010657,-0.010557
henon,K,3,5,0.01,1.3,1.000e-06,181,0.121043,0.631226,0.003326,-0.005069
henon,K,3,5,0.01,1.3,1.000e-06,182,0.120150,0.631287,-0.002787,0.000195
henon,K,3,5,0.01,1.3,1.000e-06,183,0.121162,0.631042,-0.007371,-0.004625
henon,K,3,5,0.01,1.3,1.000e-06,184,0.117790,0.631470,-0.003332,-0.001020
henon,K,3,5,0.01,1.3,1.000e-06,185,0.116282,0.628418,0.004531,0.019709
henon,K,3,5,0.01,1.3,1.000e-06,186,0.111730,0.626160,0.011330,0.004650
henon,K,3,5,0.01,1.3,1.000e-06,187,0.106928,0.623901,0.013811,0.002853
henon,K,3,5,0.01,1.3,1.000e-06,188,0.111765,0.626282,0.019051,-0.000668
henon,K,3,5,0.01,1.3,1.000e-06,189,0.116917,0.634277,-0.004655,-0.003221
henon,K,3,5,0.01,1.3,1.000e-06,190,0.115626,0.628601,-0.005606,-0.002770
henon,K,3,5,0.01,1.3,1.000e-06,191,0.116888,0.631714,0.018747,-0.011594
henon,K,3,5,0.01,1.3,1.000e-06,192,0.121880,0.634033,-0.000080,0.001575
henon,K,3,5,0.01,1.3,1.000e-06,193,0.118846,0.630493,0.002374,-0.006706
henon,K,3,5,0.01,1.3,1.000e-06,194,0.112367,0.623962,0.000547,-0.001820
henon,K,3,5,0.01,1.3,1.000e-06,195,0.115399,0.630737,0.002562,0.008529
henon,K,3,5,0.01,1.3,1.000e-06,196,0.112797,0.625244,0.003059,0.005788
henon,K,3,5,0.01,1.3,1.000e-06,197,0.116415,0.633301,0.004256,0.002174
henon,K,3,5,0.01,1.3,1.000e-06,198,0.121473,0.634155,0.000205,-0.003742
henon,K,3,5,0.01,1.3,1.000e-06,199,0.125327,0.639282,0.006376,-0.005107
henon,K,3,5,0.01,1.3,1.000e-06,200,0.118031,0.628906,-0.002766,-0.002424
henon,K,3,5,0.01,1.3,1.000e-06,201,0.110132,0.624390,-0.001504,0.012329
henon,K,3,5,0.01,1.3,1.000e-06,202,0.115169,0.627808,0.007465,-0.000529
henon,K,3,5,0.01,1.3,1.000e-06,203,0.114820,0.628296,-0.006523,0.002404
henon,K,3,5,0.01,1.3,1.000e-06,204,0.117934,0.631042,-0.009698,0.020249
henon,K,3,5,0.01,1.3,1.000e-06,205,0.120268,0.631470,0.010774,-0.008359
henon,K,3,5,0.01,1.3,1.000e-06,206,0.125227,0.628967,0.004379,-0.004362
henon,K,3,5,0.01,1.3,1.000e-06,207,0.125592,0.634583,-0.002256,0.000389
henon,K,3,5,0.01,1.3,1.000e-06,208,0.121761,0.630493,-0.016750,0.003547
henon,K,3,5,0.01,1.3,1.000e-06,209,0.118047,0.630981,-0.006455,0.004839
henon,K,3,5,0.01,1.3,1.000e-06,210,0.121964,0.636047,-0.002766,0.001217
henon,K,3,5,0.01,1.3,1.000e-06,211,0.127815,0.638916,-0.026580,0.003283
henon,K,3,5,0.01,1.3,1.000e-06,212,0.127566,0.638672,-0.008033,-0.008508
henon,K,3,5,0.01,1.3,1.000e-06,213,0.122780,0.634521,-0.011743,0.005816
henon,K,3,5,0.01,1.3,1.000e-06,214,0.120171,0.633545,0.000378,-0.003622
henon,K,3,5,0.01,1.3,1.000e-06,215,0.114946,0.627930,0.004630,0.001208
henon,K,3,5,0.01,1.3,1.000e-06,216,0.112409,0.630493,-0.003550,0.002821
henon,K,3,5,0.01,1.3,1.000e-06,217,0.112691,0.627747,0.005023,-0.008049
henon,K,3,5,0.01,1.3,1.000e-06,218,0.116773,0.627869,0.002635,-0.000527
henon,K,3,5,0.01,1.3,1.000e-06,219,0.122057,0.631348,0.002764,0.008726
henon,K,3,5,0.01,1.3,1.000e-06,220,0.120637,0.629944,0.009095,-0.004346
henon,K,3,5,0.01,1.3,1.000e-06,221,0.123260,0.638000,0.007487,-0.002167
henon,K,3,5,0.01,1.3,1.000e-06,222,0.113393,0.631226,0.008672,-0.000575
henon,K,3,5,0.01,1.3,1.000e-06,223,0.111137,0.627625,-0.006443,0.009314
henon,K,3,5,0.01,1.3,1.000e-06,224,0.110900,0.620483,0.005413,-0.005531
henon,K,3,5,0.01,1.3,1.000e-06,225,0.115143,0.626038,0.003680,0.004971
henon,K,3,5,0.01,1.3,1.000e-06,226,0.120091,0.630920,0.002127,0.000945
henon,K,3,5,0.01,1.3,1.000e-06,227,0.124076,0.633606,0.008452,-0.000208
henon,K,3,5,0.01,1.3,1.000e-06,228,0.124998,0.633301,0.006699,-0.017014
henon,K,3,5,0.01,1.3,1.000e-06,229,0.117716,0.631165,0.003228,-0.001669
henon,K,3,5,0.01,1.3,1.000e-06,230,0.113987,0.624512,-0.008424,0.003786
henon,K,3,5,0.01,1.3,1.000e-06,231,0.114412,0.626526,-0.004813,0.002870
henon,K,3,5,0.01,1.3,1.000e-06,232,0.119942,0.631409,0.001080,-0.007999
henon,K,3,5,0.01,1.3,1.000e-06,233,0.124658,0.636719,-0.002577,-0.005851
henon,K,3,5,0.01,1.3,1.000e-06,234,0.130317,0.639282,-0.004515,-0.019243
henon,K,3,5,0.01,1.3,1.000e-06,235,0.132372,0.641479,-0.008206,-0.027673
henon,K,3,5,0.01,1.3,1.000e-06,236,0.117972,0.629639,0.012943,0.001989
henon,K,3,5,0.01,1.3,1.000e-06,237,0.118333,0.629272,-0.003425,0.002175
henon,K,3,5,0.01,1.3,1.000e-06,238,0.119510,0.631836,-0.001655,0.002358
henon,K,3,5,0.01,1.3,1.000e-06,239,0.118052,0.633667,-0.010807,0.010657
henon,K,3,5,0.01,1.3,1.000e-06,240,0.112538,0.625732,-0.003476,0.002590
henon,K,3,5,0.01,1.3,1.000e-06,241,0.119161,0.632446,0.006755,0.000441
henon,K,3,5,0.01,1.3,1.000e-06,242,0.119885,0.630310,0.000869,-0.001149
henon,K,3,5,0.01,1.3,1.000e-06,243,0.119466,0.634338,0.006939,-0.004095
henon,K,3,5,0.01,1.3,1.000e-06,244,0.117864,0.628052,-0.000558,0.001354
henon,K,3,5,0.01,1.3,1.000e-06,245,0.117823,0.632263,0.000716,0.010341
henon,K,3,5,0.01,1.3,1.000e-06,246,0.118986,0.628052,0.000285,0.006719
henon,K,3,5,0.01,1.3,1.000e-06,247,0.120577,0.632690,-0.003270,0.005481
henon,K,3,5,0.01,1.3,1.000e-06,248,0.118824,0.630737,0.002424,0.001632
henon,K,3,5,0.01,1.3,1.000e-06,249,0.123971,0.637939,-0.005407,0.000137
henon,K,3,5,0.01,1.3,1.000e-06,250,0.122218,0.630005,-0.000970,-0.012883
henon,K,3,5,0.01,1.3,1.000e-06,251,0.118256,0.629578,-0.010636,-0.006582
henon,K,3,5,0.01,1.3,1.000e-06,252,0.115635,0.630188,0.007698,-0.001781
henon,K,3,5,0.01,1.3,1.000e-06,253,0.118034,0.631836,0.001139,0.004194
henon,K,3,5,0.01,1.3,1.000e-06,254,0.113964,0.627625,0.005728,0.002061
henon,K,3,5,0.01,1.3,1.000e-06,255,0.114351,0.623657,0.006333,0.014941
henon,K,3,5,0.01,1.3,1.000e-06,256,0.119309,0.630737,0.002635,0.005134
henon,K,3,5,0.01,1.3,1.000e-06,257,0.124932,0.638794,-0.006760,-0.007169
henon,K,3,5,0.01,1.3,1.000e-06,258,0.118864,0.634216,-0.010119,0.010329
henon,K,3,5,0.01,1.3,1.000e-06,259,0.114374,0.627930,0.003554,0.008708
henon,K,3,5,0.01,1.3,1.000e-06,260,0.118675,0.630005,0.001883,-0.002811
henon,K,3,5,0.01,1.3,1.000e-06,261,0.114468,0.632568,-0.008956,0.012795
henon,K,3,5,0.01,1.3,1.000e-06,262,0.114513,0.623596,0.006082,0.005371
henon,K,3,5,0.01,1.3,1.000e-06,263,0.115969,0.628235,0.002586,-0.000108
henon,K,3,5,0.01,1.3,1.000e-06,264,0.121102,0.628479,-0.004910,-0.005277
henon,K,3,5,0.01,1.3,1.000e-06,265,0.122139,0.633240,-0.007089,0.003111
henon,K,3,5,0.01,1.3,1.000e-06,266,0.121050,0.633789,0.004139,-0.003459
henon,K,3,5,0.01,1.3,1.000e-06,267,0.126629,0.635132,-0.002629,-0.009240
henon,K,3,5,0.01,1.3,1.000e-06,268,0.120311,0.632996,-0.003007,0.006203
henon,K,3,5,0.01,1.3,1.000e-06,269,0.123020,0.631653,-0.009839,-0.000515
henon,K,3,5,0.01,1.3,1.000e-06,270,0.117923,0.631470,-0.010396,0.003029
henon,K,3,5,0.01,1.3,1.000e-06,271,0.118635,0.632263,0.002887,0.017699
henon,K,3,5,0.01,1.3,1.000e-06,272,0.127594,0.637451,-0.022369,-0.003538
henon,K,3,5,0.01,1.3,1.000e-06,273,0.130388,0.637268,-0.018845,-0.015167
henon,K,3,5,0.01,1.3,1.000e-06,274,0.115660,0.629089,-0.004928,0.004767
henon,K,3,5,0.01,1.3,1.000e-06,275,0.114930,0.627258,0.000353,0.008963
henon,K,3,5,0.01,1.3,1.000e-06,276,0.122366,0.633545,-0.002251,0.005407
henon,K,3,5,0.01,1.3,1.000e-06,277,0.128266,0.638550,-0.005638,-0.014652
henon,K,3,5,0.01,1.3,1.000e-06,278,0.119687,0.632263,0.001301,-0.003057
henon,K,3,5,0.01,1.3,1.000e-06,279,0.114665,0.630798,0.001926,0.005100
henon,K,3,5,0.01,1.3,1.000e-06,280,0.117957,0.629395,-0.005783,0.002714
henon,K,3,5,0.01,1.3,1.000e-06,281,0.117936,0.627625,-0.007090,0.008405
henon,K,3,5,0.01,1.3,1.000e-06,282,0.113128,0.630737,-0.009232,0.005569
henon,K,3,5,0.01,1.3,1.000e-06,283,0.108980,0.624023,0.005016,0.010340
henon,K,3,5,0.01,1.3,1.000e-06,284,0.110614,0.625488,0.002533,0.006790
henon,K,3,5,0.01,1.3,1.000e-06,285,0.116549,0.630249,0.003686,-0.002424
henon,K,3,5,0.01,1.3,1.000e-06,286,0.119853,0.629822,0.002972,-0.006660
henon,K,3,5,0.01,1.3,1.000e-06,287,0.119828,0.633118,-0.002402,-0.002611
henon,K,3,5,0.01,1.3,1.000e-06,288,0.116690,0.625793,-0.002639,0.008248
henon,K,3,5,0.01,1.3,1.000e-06,289,0.121256,0.636658,-0.007900,-0.003633
henon,K,3,5,0.01,1.3,1.000e-06,290,0.125970,0.635986,-0.013903,-0.002979
henon,K,3,5,0.01,1.3,1.000e-06,291,0.126232,0.632141,-0.006795,-0.012848
henon,K,3,5,0.01,1.3,1.000e-06,292,0.122973,0.633423,0.002548,-0.014818
henon,K,3,5,0.01,1.3,1.000e-06,293,0.117387,0.628845,-0.005513,0.015589
henon,K,3,5,0.01,1.3,1.000e-06,294,0.113986,0.622253,-0.001315,0.009169
henon,K,3,5,0.01,1.3,1.000e-06,295,0.111511,0.626953,0.000771,0.009933
henon,K,3,5,0.01,1.3,1.000e-06,296,0.117200,0.630371,-0.014344,0.019465
henon,K,3,5,0.01,1.3,1.000e-06,297,0.111893,0.629028,0.012686,0.012035
henon,K,3,5,0.01,1.3,1.000e-06,298,0.116615,0.628723,0.005768,-0.001515
henon,K,3,5,0.01,1.3,1.000e-06,299,0.124287,0.631348,-0.000600,-0.001788
henon,K,3,5,0.01,1.3,1.000e-06,300,0.120705,0.635620,-0.001622,0.015936
henon,K,3,5,0.01,1.3,1.000e-06,301,0.114855,0.632324,0.004837,-0.002754
henon,K,3,5,0.01,1.3,1.000e-06,302,0.115724,0.634583,0.006447,-0.004316
henon,K,3,5,0.01,1.3,1.000e-06,303,0.119843,0.630066,-0.012100,-0.006822
henon,K,3,5,0.01,1.3,1.000e-06,304,0.115363,0.629822,0.015095,-0.000876
henon,K,3,5,0.01,1.3,1.000e-06,305,0.116841,0.631897,0.022407,-0.000924
henon,K,3,5,0.01,1.3,1.000e-06,306,0.123549,0.633423,-0.007623,0.008283
henon,K,3,5,0.01,1.3,1.000e-06,307,0.126691,0.637268,-0.003622,0.002160
henon,K,3,5,0.01,1.3,1.000e-06,308,0.116937,0.629578,0.001811,0.007738
henon,K,3,5,0.01,1.3,1.000e-06,309,0.119311,0.630432,0.000290,-0.005686
henon,K,3,5,0.01,1.3,1.000e-06,310,0.118581,0.633484,-0.004969,0.009641
henon,K,3,5,0.01,1.3,1.000e-06,311,0.113573,0.628784,0.001931,0.009970
henon,K,3,5,0.01,1.3,1.000e-06,312,0.117150,0.634277,0.000724,0.004297
henon,K,3,5,0.01,1.3,1.000e-06,313,0.120335,0.632690,-0.010319,0.012936
henon,K,3,5,0.01,1.3,1.000e-06,314,0.121168,0.632385,0.006102,-0.002838
henon,K,3,5,0.01,1.3,1.000e-06,315,0.113373,0.628723,0.011147,0.009945
henon,K,3,5,0.01,1.3,1.000e-06,316,0.120779,0.632507,0.010246,0.000654
henon,K,3,5,0.01,1.3,1.000e-06,317,0.124880,0.636536,-0.018906,-0.000641
henon,K,3,5,0.01,1.3,1.000e-06,318,0.115306,0.626221,0.001421,0.010259
henon,K,3,5,0.01,1.3,1.000e-06,319,0.124339,0.629272,-0.012147,-0.010806
henon,K,3,5,0.01,1.3,1.000e-06,320,0.124763,0.632446,-0.014482,0.000403
henon,K,3,5,0.01,1.3,1.000e-06,321,0.121398,0.628845,0.003998,-0.007148
henon,K,3,5,0.01,1.3,1.000e-06,322,0.118696,0.629883,0.004219,-0.003542
henon,K,3,5,0.01,1.3,1.000e-06,323,0.124452,0.635620,0.000585,0.006250
henon,K,3,5,0.01,1.3,1.000e-06,324,0.125023,0.634888,-0.007293,-0.005442
henon,K,3,5,0.01,1.3,1.000e-06,325,0.118696,0.629089,0.001056,-0.007349
henon,K,3,5,0.01,1.3,1.000e-06,326,0.121348,0.632751,-0.003266,0.001095
henon,K,3,5,0.01,1.3,1.000e-06,327,0.130213,0.639465,-0.018520,-0.005169
henon,K,3,5,0.01,1.3,1.000e-06,328,0.123802,0.638428,-0.003535,0.004121
henon,K,3,5,0.01,1.3,1.000e-06,329,0.119812,0.629395,0.003581,-0.005627
henon,K,3,5,0.01,1.3,1.000e-06,330,0.119679,0.632751,-0.007870,-0.000661
henon,K,3,5,0.01,1.3,1.000e-06,331,0.120813,0.631714,-0.008345,-0.000781
henon,K,3,5,0.01,1.3,1.000e-06,332,0.112049,0.628052,0.007714,0.006281
henon,K,3,5,0.01,1.3,1.000e-06,333,0.124166,0.629211,-0.006038,-0.007732
henon,K,3,5,0.01,1.3,1.000e-06,334,0.124602,0.633606,-0.000878,0.010482
henon,K,3,5,0.01,1.3,1.000e-06,335,0.128401,0.636902,-0.012832,0.002328
henon,K,3,5,0.01,1.3,1.000e-06,336,0.118006,0.631042,0.005710,-0.005942
henon,K,3,5,0.01,1.3,1.000e-06,337,0.108659,0.626709,0.004342,0.000075
henon,K,3,5,0.01,1.3,1.000e-06,338,0.117316,0.628723,-0.004806,-0.005171
henon,K,3,5,0.01,1.3,1.000e-06,339,0.112818,0.624207,-0.010926,0.011310
henon,K,3,5,0.01,1.3,1.000e-06,340,0.115344,0.627869,-0.008030,0.020095
henon,K,3,5,0.01,1.3,1.000e-06,341,0.127725,0.632446,-0.005849,-0.007960
henon,K,3,5,0.01,1.3,1.000e-06,342,0.124585,0.639526,-0.008825,0.013313
henon,K,3,5,0.01,1.3,1.000e-06,343,0.117467,0.628662,0.006421,0.002279
henon,K,3,5,0.01,1.3,1.000e-06,344,0.115978,0.627930,-0.003914,-0.002660
henon,K,3,5,0.01,1.3,1.000e-06,345,0.119450,0.630920,0.006518,-0.000785
henon,K,3,5,0.01,1.3,1.000e-06,346,0.112440,0.626953,0.007915,0.006807
henon,K,3,5,0.01,1.3,1.000e-06,347,0.115394,0.628906,0.003575,-0.001208
henon,K,3,5,0.01,1.3,1.000e-06,348,0.119975,0.633606,-0.005087,0.009202
henon,K,3,5,0.01,1.3,1.000e-06,349,0.113638,0.633240,-0.009198,0.013173
henon,K,3,5,0.01,1.3,1.000e-06,350,0.113892,0.629211,0.008954,-0.001846
henon,K,3,5,0.01,1.3,1.000e-06,351,0.116003,0.627747,0.010167,-0.006579
henon,K,3,5,0.01,1.3,1.000e-06,352,0.117121,0.627747,-0.006378,0.001489
henon,K,3,5,0.01,1.3,1.000e-06,353,0.112059,0.625916,0.009502,-0.003305
henon,K,3,5,0.01,1.3,1.000e-06,354,0.113577,0.627197,0.004582,-0.008072
henon,K,3,5,0.01,1.3,1.000e-06,355,0.113292,0.621948,-0.000104,0.009629
henon,K,3,5,0.01,1.3,1.000e-06,356,0.117942,0.633057,-0.008306,0.015901
henon,K,3,5,0.01,1.3,1.000e-06,357,0.124061,0.635132,0.004393,-0.009513
henon,K,3,5,0.01,1.3,1.000e-06,358,0.124658,0.636047,-0.006921,-0.003518
henon,K,3,5,0.01,1.3,1.000e-06,359,0.123685,0.635742,-0.009979,-0.008023
henon,K,3,5,0.01,1.3,1.000e-06,360,0.111634,0.624451,0.002417,0.014645
henon,K,3,5,0.01,1.3,1.000e-06,361,0.115281,0.629578,0.008667,0.004173
henon,K,3,5,0.01,1.3,1.000e-06,362,0.119463,0.632141,0.000213,-0.005630
henon,K,3,5,0.01,1.3,1.000e-06,363,0.115944,0.627808,-0.004692,0.006689
henon,K,3,5,0.01,1.3,1.000e-06,364,0.116341,0.632019,0.000820,-0.000187
henon,K,3,5,0.01,1.3,1.000e-06,365,0.114955,0.629944,0.001019,0.008210
henon,K,3,5,0.01,1.3,1.000e-06,366,0.115823,0.630371,0.005617,-0.003891
henon,K,3,5,0.01,1.3,1.000e-06,367,0.106139,0.618530,0.009371,0.009226
henon,K,3,5,0.01,1.3,1.000e-06,368,0.111919,0.629517,0.015102,0.013615
henon,K,3,5,0.01,1.3,1.000e-06,369,0.125045,0.634277,-0.000190,0.005102
henon,K,3,5,0.01,1.3,1.000e-06,370,0.130557,0.640198,-0.011564,-0.000436
henon,K,3,5,0.01,1.3,1.000e-06,371,0.122355,0.631775,0.004876,-0.006582
henon,K,3,5,0.01,1.3,1.000e-06,372,0.122026,0.630676,0.005161,-0.005121
henon,K,3,5,0.01,1.3,1.000e-06,373,0.114834,0.628723,-0.001856,-0.000353
henon,K,3,5,0.01,1.3,1.000e-06,374,0.114087,0.629944,0.008757,-0.005585
henon,K,3,5,0.01,1.3,1.000e-06,375,0.116275,0.633362,0.000047,-0.000233
henon,K,3,5,0.01,1.3,1.000e-06,376,0.112325,0.627502,0.004254,0.004252
henon,K,3,5,0.01,1.3,1.000e-06,377,0.113806,0.630676,0.000768,0.002199
henon,K,3,5,0.01,1.3,1.000e-06,378,0.123901,0.636353,0.001579,-0.006526
henon,K,3,5,0.01,1.3,1.000e-06,379,0.119149,0.630615,-0.004547,0.004385
henon,K,3,5,0.01,1.3,1.000e-06,380,0.111126,0.624207,0.003801,0.004304
henon,K,3,5,0.01,1.3,1.000e-06,381,0.114544,0.627747,-0.005156,0.006352
henon,K,3,5,0.01,1.3,1.000e-06,382,0.118389,0.635864,0.001093,0.002761
henon,K,3,5,0.01,1.3,1.000e-06,383,0.126893,0.638489,-0.004083,-0.004747
henon,K,3,5,0.01,1.3,1.000e-06,384,0.124404,0.633606,-0.006345,-0.002388
henon,K,3,5,0.01,1.3,1.000e-06,385,0.122726,0.632385,0.002483,-0.014232
henon,K,3,5,0.01,1.3,1.000e-06,386,0.117682,0.632324,-0.006241,-0.001152
henon,K,3,5,0.01,1.3,1.000e-06,387,0.110865,0.625488,0.015958,0.008915
henon,K,3,5,0.01,1.3,1.000e-06,388,0.116442,0.627319,-0.011116,0.006406
henon,K,3,5,0.01,1.3,1.000e-06,389,0.111412,0.624146,0.004721,0.005249
henon,K,3,5,0.01,1.3,1.000e-06,390,0.120907,0.637756,-0.014352,0.001555
henon,K,3,5,0.01,1.3,1.000e-06,391,0.127516,0.642151,-0.010485,-0.005022
henon,K,3,5,0.01,1.3,1.000e-06,392,0.119745,0.632568,0.000858,-0.002134
henon,K,3,5,0.01,1.3,1.000e-06,393,0.116131,0.629517,0.002257,0.007852
henon,K,3,5,0.01,1.3,1.000e-06,394,0.112344,0.627258,0.025795,-0.000592
henon,K,3,5,0.01,1.3,1.000e-06,395,0.113492,0.628174,0.001838,0.008149
henon,K,3,5,0.01,1.3,1.000e-06,396,0.112802,0.627136,-0.000650,0.002350
henon,K,3,5,0.01,1.3,1.000e-06,397,0.116244,0.630249,0.005146,0.006153
henon,K,3,5,0.01,1.3,1.000e-06,398,0.121242,0.633667,0.001509,-0.010778
henon,K,3,5,0.01,1.3,1.000e-06,399,0.124391,0.637451,0.004950,-0.012976
henon,K,3,5,0.01,1.3,1.000e-06,400,0.121144,0.632629,-0.016768,-0.013423
henon,K,3,5,0.01,1.3,1.000e-04,1,-9.320054,0.000000,1.000000,1.000000
henon,K,3,5,0.01,1.3,1.000e-04,2,-8.736619,0.000000,1.000000,1.000000
henon,K,3,5,0.01,1.3,1.000e-04,3,-8.228916,0.000000,1.000000,1.000000
henon,K,3,5,0.01,1.3,1.000e-04,4,-7.822137,0.000000,1.000000,1.000000
henon,K,3,5,0.01,1.3,1.000e-04,5,-7.470916,0.000000,1.000000,1.000000
henon,K,3,5,0.01,1.3,1.000e-04,6,-7.092826,0.000000,0.999999,0.999999
henon,K,3,5,0.01,1.3,1.000e-04,7,-6.691118,0.000000,0.999998,0.999998
henon,K,3,5,0.01,1.3,1.000e-04,8,-6.337210,0.000000,0.999995,0.999995
henon,K,3,5,0.01,1.3,1.000e-04,9,-5.981211,0.000000,0.999989,0.999989
henon,K,3,5,0.01,1.3,1.000e-04,10,-5.603038,0.000000,0.999971,0.999969
henon,K,3,5,0.01,1.3,1.000e-04,11,-5.242602,0.000000,0.999931,0.999929
henon,K,3,5,0.01,1.3,1.000e-04,12,-4.891751,0.000000,0.999823,0.999821
henon,K,3,5,0.01,1.3,1.000e-04,13,-4.543462,0.000000,0.999580,0.999586
henon,K,3,5,0.01,1.3,1.000e-04,14,-4.173215,0.000000,0.998968,0.998961
henon,K,3,5,0.01,1.3,1.000e-04,15,-3.826698,0.000000,0.997516,0.997470
henon,K,3,5,0.01,1.3,1.000e-04,16,-3.482156,0.000061,0.994183,0.994206
henon,K,3,5,0.01,1.3,1.000e-04,17,-3.130647,0.001160,0.986165,0.986149
henon,K,3,5,0.01,1.3,1.000e-04,18,-2.789252,0.007874,0.969856,0.969402
henon,K,3,5,0.01,1.3,1.000e-04,19,-2.448098,0.027588,0.935797,0.936283
henon,K,3,5,0.01,1.3,1.000e-04,20,-2.131963,0.068054,0.882595,0.886309
henon,K,3,5,0.01,1.3,1.000e-04,21,-1.827613,0.114380,0.821028,0.825667
henon,K,3,5,0.01,1.3,1.000e-04,22,-1.563202,0.156128,0.752884,0.759849
henon,K,3,5,0.01,1.3,1.000e-04,23,-1.336255,0.187012,0.717607,0.708315
henon,K,3,5,0.01,1.3,1.000e-04,24,-1.122049,0.226746,0.644329,0.642614
henon,K,3,5,0.01,1.3,1.000e-04,25,-0.925045,0.268311,0.579434,0.580965
henon,K,3,5,0.01,1.3,1.000e-04,26,-0.759783,0.312012,0.522263,0.507072
henon,K,3,5,0.01,1.3,1.000e-04,27,-0.614810,0.353882,0.447939,0.444616
henon,K,3,5,0.01,1.3,1.000e-04,28,-0.491346,0.392273,0.404920,0.398360
henon,K,3,5,0.01,1.3,1.000e-04,29,-0.395507,0.414185,0.348531,0.351456
henon,K,3,5,0.01,1.3,1.000e-04,30,-0.313517,0.446777,0.307498,0.295162
henon,K,3,5,0.01,1.3,1.000e-04,31,-0.242002,0.469604,0.269731,0.265438
henon,K,3,5,0.01,1.3,1.000e-04,32,-0.173038,0.497314,0.230915,0.227135
henon,K,3,5,0.01,1.3,1.000e-04,33,-0.124974,0.518188,0.199929,0.185805
henon,K,3,5,0.01,1.3,1.000e-04,34,-0.079605,0.533630,0.159414,0.173376
henon,K,3,5,0.01,1.3,1.000e-04,35,-0.048194,0.549438,0.145812,0.145340
henon,K,3,5,0.01,1.3,1.000e-04,36,-0.020359,0.559937,0.115274,0.108784
henon,K,3,5,0.01,1.3,1.000e-04,37,-0.001964,0.570007,0.104532,0.088896
henon,K,3,5,0.01,1.3,1.000e-04,38,0.025005,0.585999,0.082908,0.081147
henon,K,3,5,0.01,1.3,1.000e-04,39,0.042327,0.588257,0.075891,0.057253
henon,K,3,5,0.01,1.3,1.000e-04,40,0.059228,0.594666,0.064183,0.048541
henon,K,3,5,0.01,1.3,1.000e-04,41,0.071853,0.606445,0.042810,0.043308
henon,K,3,5,0.01,1.3,1.000e-04,42,0.082428,0.613831,0.028534,0.038665
henon,K,3,5,0.01,1.3,1.000e-04,43,0.088167,0.614380,0.028686,0.028570
henon,K,3,5,0.01,1.3,1.000e-04,44,0.090539,0.616882,0.028049,0.013909
henon,K,3,5,0.01,1.3,1.000e-04,45,0.089136,0.617310,0.016117,0.033803
henon,K,3,5,0.01,1.3,1.000e-04,46,0.090900,0.613220,0.021597,0.029200
henon,K,3,5,0.01,1.3,1.000e-04,47,0.099952,0.619507,0.016228,0.023868
henon,K,3,5,0.01,1.3,1.000e-04,48,0.105249,0.622559,0.013910,0.020564
henon,K,3,5,0.01,1.3,1.000e-04,49,0.108749,0.624329,-0.001734,0.020602
henon,K,3,5,0.01,1.3,1.000e-04,50,0.110788,0.628357,0.008653,0.012051
henon,K,3,5,0.01,1.3,1.000e-04,51,0.110333,0.622375,0.005433,0.009920
henon,K,3,5,0.01,1.3,1.000e-04,52,0.109682,0.623169,0.010889,0.011449
henon,K,3,5,0.01,1.3,1.000e-04,53,0.110128,0.626587,0.005872,0.013377
henon,K,3,5,0.01,1.3,1.000e-04,54,0.111942,0.622925,0.005628,0.010862
henon,K,3,5,0.01,1.3,1.000e-04,55,0.119489,0.632996,0.012417,0.008112
henon,K,3,5,0.01,1.3,1.000e-04,56,0.121196,0.632751,0.005770,-0.000013
henon,K,3,5,0.01,1.3,1.000e-04,57,0.118643,0.632141,0.001394,0.003295
henon,K,3,5,0.01,1.3,1.000e-04,58,0.117046,0.626404,0.005414,-0.006890
henon,K,3,5,0.01,1.3,1.000e-04,59,0.115798,0.623047,-0.000660,-0.005155
henon,K,3,5,0.01,1.3,1.000e-04,60,0.110550,0.624695,0.003710,0.004464
henon,K,3,5,0.01,1.3,1.000e-04,61,0.118007,0.626953,-0.008138,0.000372
henon,K,3,5,0.01,1.3,1.000e-04,62,0.119015,0.633362,-0.001181,0.007475
henon,K,3,5,0.01,1.3,1.000e-04,63,0.120748,0.632385,-0.009900,-0.000962
henon,K,3,5,0.01,1.3,1.000e-04,64,0.115150,0.632080,0.003688,0.006559
henon,K,3,5,0.01,1.3,1.000e-04,65,0.115862,0.631287,0.002203,-0.009016
henon,K,3,5,0.01,1.3,1.000e-04,66,0.121060,0.629150,-0.009250,-0.005140
henon,K,3,5,0.01,1.3,1.000e-04,67,0.118271,0.628357,-0.000515,0.006359
henon,K,3,5,0.01,1.3,1.000e-04,68,0.120289,0.632996,0.010706,-0.007895
henon,K,3,5,0.01,1.3,1.000e-04,69,0.119431,0.630493,-0.013752,0.003256
henon,K,3,5,0.01,1.3,1.000e-04,70,0.120539,0.632690,-0.006469,-0.007525
henon,K,3,5,0.01,1.3,1.000e-04,71,0.118116,0.629700,0.000299,-0.000652
henon,K,3,5,0.01,1.3,1.000e-04,72,0.117663,0.627869,0.008012,0.002531
henon,K,3,5,0.01,1.3,1.000e-04,73,0.111569,0.629761,0.004575,0.002129
henon,K,3,5,0.01,1.3,1.000e-04,74,0.116378,0.630188,-0.004067,-0.003125
henon,K,3,5,0.01,1.3,1.000e-04,75,0.116815,0.629089,0.000548,0.006021
henon,K,3,5,0.01,1.3,1.000e-04,76,0.113973,0.626892,-0.009038,0.014549
henon,K,3,5,0.01,1.3,1.000e-04,77,0.112505,0.627014,-0.012629,0.012190
henon,K,3,5,0.01,1.3,1.000e-04,78,0.114401,0.632324,0.000570,0.012958
henon,K,3,5,0.01,1.3,1.000e-04,79,0.117504,0.631348,0.007526,-0.003948
henon,K,3,5,0.01,1.3,1.000e-04,80,0.111144,0.628601,0.016678,0.001938
henon,K,3,5,0.01,1.3,1.000e-04,81,0.112042,0.622437,0.005041,0.006461
henon,K,3,5,0.01,1.3,1.000e-04,82,0.115703,0.627136,0.008788,0.002121
henon,K,3,5,0.01,1.3,1.000e-04,83,0.121630,0.634583,0.000691,-0.007402
henon,K,3,5,0.01,1.3,1.000e-04,84,0.123550,0.635437,0.010060,-0.013274
henon,K,3,5,0.01,1.3,1.000e-04,85,0.124752,0.637329,-0.012395,0.000641
henon,K,3,5,0.01,1.3,1.000e-04,86,0.118667,0.630432,0.007936,-0.005348
henon,K,3,5,0.01,1.3,1.000e-04,87,0.114740,0.624268,0.013609,-0.000588
henon,K,3,5,0.01,1.3,1.000e-04,88,0.113758,0.630493,-0.003413,0.000182
henon,K,3,5,0.01,1.3,1.000e-04,89,0.114812,0.625854,0.000355,0.004929
henon,K,3,5,0.01,1.3,1.000e-04,90,0.117484,0.629150,-0.005708,0.000380
henon,K,3,5,0.01,1.3,1.000e-04,91,0.126207,0.634521,-0.000675,-0.005260
henon,K,3,5,0.01,1.3,1.000e-04,92,0.124825,0.635315,-0.004883,-0.005692
henon,K,3,5,0.01,1.3,1.000e-04,93,0.124714,0.636292,0.001914,-0.012754
henon,K,3,5,0.01,1.3,1.000e-04,94,0.121850,0.634460,-0.002341,-0.004592
henon,K,3,5,0.01,1.3,1.000e-04,95,0.119796,0.631592,0.001179,0.000562
henon,K,3,5,0.01,1.3,1.000e-04,96,0.118657,0.629333,-0.001366,-0.005531
henon,K,3,5,0.01,1.3,1.000e-04,97,0.111044,0.622437,0.001269,0.008482
henon,K,3,5,0.01,1.3,1.000e-04,98,0.115772,0.625793,0.012080,0.007962
henon,K,3,5,0.01,1.3,1.000e-04,99,0.121850,0.629517,-0.009936,0.005014
henon,K,3,5,0.01,1.3,1.000e-04,100,0.116165,0.626099,0.000584,0.011968
henon,K,3,5,0.01,1.3,1.000e-04,101,0.125472,0.638123,-0.004079,-0.001973
henon,K,3,5,0.01,1.3,1.000e-04,102,0.127420,0.637634,-0.004988,-0.010362
henon,K,3,5,0.01,1.3,1.000e-04,103,0.123361,0.632874,-0.007447,-0.010190
henon,K,3,5,0.01,1.3,1.000e-04,104,0.113161,0.622864,0.005893,0.000313
henon,K,3,5,0.01,1.3,1.000e-04,105,0.120294,0.630066,-0.001796,0.003857
henon,K,3,5,0.01,1.3,1.000e-04,106,0.121858,0.632019,-0.004711,0.001177
henon,K,3,5,0.01,1.3,1.000e-04,107,0.120699,0.631287,-0.008708,0.018860
henon,K,3,5,0.01,1.3,1.000e-04,108,0.127153,0.634888,-0.001441,-0.006735
henon,K,3,5,0.01,1.3,1.000e-04,109,0.123213,0.633179,-0.001207,-0.008288
henon,K,3,5,0.01,1.3,1.000e-04,110,0.119339,0.633850,-0.000504,-0.003742
henon,K,3,5,0.01,1.3,1.000e-04,111,0.118781,0.631165,0.000304,0.002203
henon,K,3,5,0.01,1.3,1.000e-04,112,0.125337,0.635742,-0.000730,-0.009533
henon,K,3,5,0.01,1.3,1.000e-04,113,0.117218,0.629211,-0.000545,0.000627
henon,K,3,5,0.01,1.3,1.000e-04,114,0.120224,0.631897,-0.002089,0.003860
henon,K,3,5,0.01,1.3,1.000e-04,115,0.121910,0.632202,-0.006405,0.000087
henon,K,3,5,0.01,1.3,1.000e-04,116,0.122724,0.626648,-0.004380,0.005014
henon,K,3,5,0.01,1.3,1.000e-04,117,0.124019,0.636230,-0.000479,-0.003352
henon,K,3,5,0.01,1.3,1.000e-04,118,0.122811,0.636292,-0.009757,0.011400
henon,K,3,5,0.01,1.3,1.000e-04,119,0.129653,0.639771,-0.000348,-0.012738
henon,K,3,5,0.01,1.3,1.000e-04,120,0.126984,0.641296,-0.009948,-0.015122
henon,K,3,5,0.01,1.3,1.000e-04,121,0.120082,0.633667,-0.004674,-0.014392
henon,K,3,5,0.01,1.3,1.000e-04,122,0.112397,0.623291,0.007558,0.000916
henon,K,3,5,0.01,1.3,1.000e-04,123,0.119521,0.632446,-0.009791,0.008089
henon,K,3,5,0.01,1.3,1.000e-04,124,0.109966,0.625916,0.012548,0.005754
henon,K,3,5,0.01,1.3,1.000e-04,125,0.107403,0.623901,0.018598,0.010887
henon,K,3,5,0.01,1.3,1.000e-04,126,0.115928,0.628784,0.004749,0.010501
henon,K,3,5,0.01,1.3,1.000e-04,127,0.115275,0.631836,0.008021,0.008582
henon,K,3,5,0.01,1.3,1.000e-04,128,0.116002,0.627991,0.002216,-0.011465
henon,K,3,5,0.01,1.3,1.000e-04,129,0.117205,0.631348,-0.007885,0.016776
henon,K,3,5,0.01,1.3,1.000e-04,130,0.120467,0.634583,-0.001678,-0.005795
henon,K,3,5,0.01,1.3,1.000e-04,131,0.120334,0.631226,-0.003611,-0.005886
henon,K,3,5,0.01,1.3,1.000e-04,132,0.118119,0.632446,-0.004569,0.006029
henon,K,3,5,0.01,1.3,1.000e-04,133,0.126419,0.635193,-0.001232,-0.001874
henon,K,3,5,0.01,1.3,1.000e-04,134,0.126021,0.634888,-0.005702,-0.012933
henon,K,3,5,0.01,1.3,1.000e-04,135,0.110056,0.627991,0.005262,0.009635
henon,K,3,5,0.01,1.3,1.000e-04,136,0.113747,0.630005,0.007746,0.004089
henon,K,3,5,0.01,1.3,1.000e-04,137,0.114806,0.628113,0.007392,-0.000280
henon,K,3,5,0.01,1.3,1.000e-04,138,0.112556,0.629517,0.009207,0.002751
henon,K,3,5,0.01,1.3,1.000e-04,139,0.116009,0.628357,0.011708,0.004476
henon,K,3,5,0.01,1.3,1.000e-04,140,0.122695,0.636536,0.004135,-0.001998
henon,K,3,5,0.01,1.3,1.000e-04,141,0.128258,0.637024,-0.018487,-0.002026
henon,K,3,5,0.01,1.3,1.000e-04,142,0.117321,0.630859,-0.000938,-0.005244
henon,K,3,5,0.01,1.3,1.000e-04,143,0.115759,0.627991,0.002532,-0.000178
henon,K,3,5,0.01,1.3,1.000e-04,144,0.119461,0.631226,-0.012477,-0.000950
henon,K,3,5,0.01,1.3,1.000e-04,145,0.118017,0.630981,0.007445,-0.004680
henon,K,3,5,0.01,1.3,1.000e-04,146,0.124784,0.632202,-0.006157,-0.000773
henon,K,3,5,0.01,1.3,1.000e-04,147,0.126317,0.634033,0.003639,-0.004946
henon,K,3,5,0.01,1.3,1.000e-04,148,0.124802,0.634521,-0.005493,-0.012263
henon,K,3,5,0.01,1.3,1.000e-04,149,0.118091,0.633484,-0.005468,0.008982
henon,K,3,5,0.01,1.3,1.000e-04,150,0.120853,0.630371,-0.000020,0.010297
henon,K,3,5,0.01,1.3,1.000e-04,151,0.124833,0.634521,0.003497,-0.010380
henon,K,3,5,0.01,1.3,1.000e-04,152,0.122736,0.631653,-0.007944,0.000954
henon,K,3,5,0.01,1.3,1.000e-04,153,0.120245,0.628540,-0.002831,0.006366
henon,K,3,5,0.01,1.3,1.000e-04,154,0.113456,0.626221,0.008944,0.006176
henon,K,3,5,0.01,1.3,1.000e-04,155,0.118492,0.629456,-0.003437,0.008355
henon,K,3,5,0.01,1.3,1.000e-04,156,0.123171,0.631653,-0.004437,0.008865
henon,K,3,5,0.01,1.3,1.000e-04,157,0.127654,0.639709,0.005016,-0.007350
henon,K,3,5,0.01,1.3,1.000e-04,158,0.125873,0.630249,-0.003886,-0.004854
henon,K,3,5,0.01,1.3,1.000e-04,159,0.120456,0.634399,-0.006096,-0.001618
henon,K,3,5,0.01,1.3,1.000e-04,160,0.121654,0.630554,-0.007920,-0.012058
henon,K,3,5,0.01,1.3,1.000e-04,161,0.123040,0.638428,-0.002760,-0.005165
henon,K,3,5,0.01,1.3,1.000e-04,162,0.120589,0.631165,-0.003262,0.009385
henon,K,3,5,0.01,1.3,1.000e-04,163,0.121516,0.636414,-0.007064,0.008016
henon,K,3,5,0.01,1.3,1.000e-04,164,0.120173,0.633179,0.004018,-0.000353
henon,K,3,5,0.01,1.3,1.000e-04,165,0.118122,0.629578,0.006652,0.000277
henon,K,3,5,0.01,1.3,1.000e-04,166,0.119226,0.630981,0.003204,0.008981
henon,K,3,5,0.01,1.3,1.000e-04,167,0.122752,0.634888,0.004593,-0.011245
henon,K,3,5,0.01,1.3,1.000e-04,168,0.122565,0.634949,0.001254,-0.017514
henon,K,3,5,0.01,1.3,1.000e-04,169,0.118163,0.628418,0.010796,0.010459
henon,K,3,5,0.01,1.3,1.000e-04,170,0.119807,0.632080,0.009094,-0.003006
henon,K,3,5,0.01,1.3,1.000e-04,171,0.116958,0.631592,0.004551,0.002188
henon,K,3,5,0.01,1.3,1.000e-04,172,0.116659,0.631836,-0.003317,0.002933
henon,K,3,5,0.01,1.3,1.000e-04,173,0.122281,0.633789,0.000011,-0.000769
henon,K,3,5,0.01,1.3,1.000e-04,174,0.117586,0.631531,0.001481,-0.000331
henon,K,3,5,0.01,1.3,1.000e-04,175,0.111732,0.625671,0.006212,-0.000419
henon,K,3,5,0.01,1.3,1.000e-04,176,0.117665,0.628052,0.003313,0.000521
henon,K,3,5,0.01,1.3,1.000e-04,177,0.120725,0.633179,0.003026,-0.009708
henon,K,3,5,0.01,1.3,1.000e-04,178,0.117840,0.628662,0.008662,0.003743
henon,K,3,5,0.01,1.3,1.000e-04,179,0.119128,0.630676,-0.004972,-0.003651
henon,K,3,5,0.01,1.3,1.000e-04,180,0.119050,0.629395,0.008009,-0.003124
henon,K,3,5,0.01,1.3,1.000e-04,181,0.116527,0.626465,0.016528,0.003289
henon,K,3,5,0.01,1.3,1.000e-04,182,0.115960,0.627625,0.015028,-0.000861
henon,K,3,5,0.01,1.3,1.000e-04,183,0.118609,0.635620,-0.002424,0.002132
henon,K,3,5,0.01,1.3,1.000e-04,184,0.117490,0.629944,0.008960,0.005361
henon,K,3,5,0.01,1.3,1.000e-04,185,0.119523,0.627197,-0.009188,0.007225
henon,K,3,5,0.01,1.3,1.000e-04,186,0.115235,0.629883,0.002108,0.013048
henon,K,3,5,0.01,1.3,1.000e-04,187,0.118435,0.631348,-0.004134,-0.007396
henon,K,3,5,0.01,1.3,1.000e-04,188,0.110988,0.629211,0.000349,0.000835
henon,K,3,5,0.01,1.3,1.000e-04,189,0.109565,0.627563,0.011370,-0.002138
henon,K,3,5,0.01,1.3,1.000e-04,190,0.109720,0.626099,0.002255,0.001446
henon,K,3,5,0.01,1.3,1.000e-04,191,0.112383,0.627380,0.009828,0.014920
henon,K,3,5,0.01,1.3,1.000e-04,192,0.116075,0.632324,0.013983,0.000566
henon,K,3,5,0.01,1.3,1.000e-04,193,0.118513,0.633484,0.007174,-0.011625
henon,K,3,5,0.01,1.3,1.000e-04,194,0.115702,0.629700,0.000028,-0.010752
henon,K,3,5,0.01,1.3,1.000e-04,195,0.109017,0.629089,0.008109,0.008003
henon,K,3,5,0.01,1.3,1.000e-04,196,0.111662,0.627258,0.009135,0.000375
henon,K,3,5,0.01,1.3,1.000e-04,197,0.113157,0.627808,-0.000122,0.001808
henon,K,3,5,0.01,1.3,1.000e-04,198,0.116933,0.630981,0.003787,0.007789
henon,K,3,5,0.01,1.3,1.000e-04,199,0.120382,0.631470,-0.010851,0.006217
henon,K,3,5,0.01,1.3,1.000e-04,200,0.111318,0.623657,-0.000298,0.017854
henon,K,3,5,0.01,1.3,1.000e-04,201,0.112541,0.628967,-0.007170,0.002039
henon,K,3,5,0.01,1.3,1.000e-04,202,0.113656,0.628845,-0.001678,-0.005874
henon,K,3,5,0.01,1.3,1.000e-04,203,0.110187,0.625061,0.005964,0.013602
henon,K,3,5,0.01,1.3,1.000e-04,204,0.105203,0.623047,0.013763,0.009202
henon,K,3,5,0.01,1.3,1.000e-04,205,0.112846,0.626282,0.008555,0.013139
henon,K,3,5,0.01,1.3,1.000e-04,206,0.116055,0.629639,0.001081,0.010890
henon,K,3,5,0.01,1.3,1.000e-04,207,0.120470,0.628113,0.006886,0.006983
henon,K,3,5,0.01,1.3,1.000e-04,208,0.117037,0.630432,0.012824,-0.000412
henon,K,3,5,0.01,1.3,1.000e-04,209,0.116634,0.630920,-0.005946,0.008580
henon,K,3,5,0.01,1.3,1.000e-04,210,0.122285,0.635193,-0.010351,0.000959
henon,K,3,5,0.01,1.3,1.000e-04,211,0.114975,0.626770,0.008194,-0.007516
henon,K,3,5,0.01,1.3,1.000e-04,212,0.118813,0.633667,0.004174,0.005536
henon,K,3,5,0.01,1.3,1.000e-04,213,0.122153,0.636475,0.002627,-0.002033
henon,K,3,5,0.01,1.3,1.000e-04,214,0.122845,0.632080,-0.006438,-0.011923
henon,K,3,5,0.01,1.3,1.000e-04,215,0.120007,0.631165,-0.004437,-0.001192
henon,K,3,5,0.01,1.3,1.000e-04,216,0.117577,0.627319,0.008279,0.003280
henon,K,3,5,0.01,1.3,1.000e-04,217,0.122006,0.632019,-0.002403,-0.009622
henon,K,3,5,0.01,1.3,1.000e-04,218,0.123857,0.633362,-0.004350,-0.010463
henon,K,3,5,0.01,1.3,1.000e-04,219,0.123418,0.635010,0.009633,-0.003386
henon,K,3,5,0.01,1.3,1.000e-04,220,0.124807,0.636719,-0.000675,-0.007169
henon,K,3,5,0.01,1.3,1.000e-04,221,0.122486,0.632019,0.011361,-0.000805
henon,K,3,5,0.01,1.3,1.000e-04,222,0.119447,0.628235,-0.010120,0.003764
henon,K,3,5,0.01,1.3,1.000e-04,223,0.121700,0.635559,-0.002961,-0.007532
henon,K,3,5,0.01,1.3,1.000e-04,224,0.121590,0.634460,-0.004014,0.002647
henon,K,3,5,0.01,1.3,1.000e-04,225,0.127305,0.635864,-0.006144,-0.004995
henon,K,3,5,0.01,1.3,1.000e-04,226,0.121126,0.631104,0.002996,-0.002506
henon,K,3,5,0.01,1.3,1.000e-04,227,0.122598,0.635559,-0.004313,-0.002172
henon,K,3,5,0.01,1.3,1.000e-04,228,0.117662,0.631653,-0.002027,0.011314
henon,K,3,5,0.01,1.3,1.000e-04,229,0.120008,0.633850,-0.000184,0.005616
henon,K,3,5,0.01,1.3,1.000e-04,230,0.118099,0.629333,-0.001149,-0.018751
henon,K,3,5,0.01,1.3,1.000e-04,231,0.118655,0.629944,-0.003979,-0.003069
henon,K,3,5,0.01,1.3,1.000e-04,232,0.109991,0.624512,0.012218,0.020660
henon,K,3,5,0.01,1.3,1.000e-04,233,0.112788,0.628296,0.017426,0.011953
henon,K,3,5,0.01,1.3,1.000e-04,234,0.117928,0.634399,-0.014168,0.007292
henon,K,3,5,0.01,1.3,1.000e-04,235,0.106962,0.625549,0.002822,0.020401
henon,K,3,5,0.01,1.3,1.000e-04,236,0.106832,0.625671,0.008223,0.013856
henon,K,3,5,0.01,1.3,1.000e-04,237,0.112760,0.627380,0.001927,0.009382
henon,K,3,5,0.01,1.3,1.000e-04,238,0.110350,0.623047,0.006265,0.007756
henon,K,3,5,0.01,1.3,1.000e-04,239,0.118775,0.632080,0.007625,0.006706
henon,K,3,5,0.01,1.3,1.000e-04,240,0.118457,0.633972,0.005727,-0.001883
henon,K,3,5,0.01,1.3,1.000e-04,241,0.116438,0.632812,0.002516,0.006954
henon,K,3,5,0.01,1.3,1.000e-04,242,0.115694,0.626831,0.007467,-0.005269
henon,K,3,5,0.01,1.3,1.000e-04,243,0.118897,0.630676,-0.003223,0.004930
henon,K,3,5,0.01,1.3,1.000e-04,244,0.122806,0.631897,-0.015230,0.004333
henon,K,3,5,0.01,1.3,1.000e-04,245,0.123557,0.636963,-0.000807,0.001989
henon,K,3,5,0.01,1.3,1.000e-04,246,0.125100,0.632446,-0.015067,0.006200
henon,K,3,5,0.01,1.3,1.000e-04,247,0.126343,0.637939,-0.007504,-0.006154
henon,K,3,5,0.01,1.3,1.000e-04,248,0.117326,0.631958,-0.007507,-0.000340
henon,K,3,5,0.01,1.3,1.000e-04,249,0.118219,0.629944,-0.000121,0.003217
henon,K,3,5,0.01,1.3,1.000e-04,250,0.116587,0.625549,-0.002736,0.014077
henon,K,3,5,0.01,1.3,1.000e-04,251,0.113394,0.624756,0.007529,0.008153
henon,K,3,5,0.01,1.3,1.000e-04,252,0.114766,0.632080,0.006205,0.006201
henon,K,3,5,0.01,1.3,1.000e-04,253,0.117441,0.627625,-0.008180,0.020396
henon,K,3,5,0.01,1.3,1.000e-04,254,0.119012,0.629883,0.000353,-0.003740
henon,K,3,5,0.01,1.3,1.000e-04,255,0.121935,0.635315,0.003402,0.000090
henon,K,3,5,0.01,1.3,1.000e-04,256,0.123603,0.634216,-0.009146,-0.005698
henon,K,3,5,0.01,1.3,1.000e-04,257,0.119989,0.631470,-0.004906,0.009897
henon,K,3,5,0.01,1.3,1.000e-04,258,0.119625,0.630127,-0.008210,-0.008820
henon,K,3,5,0.01,1.3,1.000e-04,259,0.112713,0.627197,-0.008077,-0.000461
henon,K,3,5,0.01,1.3,1.000e-04,260,0.109927,0.622559,0.010116,0.007393
henon,K,3,5,0.01,1.3,1.000e-04,261,0.113906,0.631531,-0.014944,0.008518
henon,K,3,5,0.01,1.3,1.000e-04,262,0.115373,0.631409,0.005590,0.011340
henon,K,3,5,0.01,1.3,1.000e-04,263,0.115392,0.627991,0.009663,-0.002285
henon,K,3,5,0.01,1.3,1.000e-04,264,0.120325,0.634460,-0.007705,-0.005607
henon,K,3,5,0.01,1.3,1.000e-04,265,0.119048,0.628845,-0.004855,0.003134
henon,K,3,5,0.01,1.3,1.000e-04,266,0.116225,0.627197,0.003770,0.009268
henon,K,3,5,0.01,1.3,1.000e-04,267,0.116758,0.629028,-0.003178,0.004260
henon,K,3,5,0.01,1.3,1.000e-04,268,0.118886,0.631592,0.002341,-0.006547
henon,K,3,5,0.01,1.3,1.000e-04,269,0.119948,0.631409,0.002533,0.010562
henon,K,3,5,0.01,1.3,1.000e-04,270,0.121800,0.631226,-0.007792,0.008080
henon,K,3,5,0.01,1.3,1.000e-04,271,0.120965,0.633911,0.002933,-0.002715
henon,K,3,5,0.01,1.3,1.000e-04,272,0.117980,0.633545,0.006453,-0.000198
henon,K,3,5,0.01,1.3,1.000e-04,273,0.114705,0.629700,0.014652,0.007055
henon,K,3,5,0.01,1.3,1.000e-04,274,0.109895,0.626343,0.005682,0.008819
henon,K,3,5,0.01,1.3,1.000e-04,275,0.115739,0.629456,0.008016,-0.003672
henon,K,3,5,0.01,1.3,1.000e-04,276,0.116063,0.630005,0.002249,0.005488
henon,K,3,5,0.01,1.3,1.000e-04,277,0.114034,0.628174,-0.007433,0.013244
henon,K,3,5,0.01,1.3,1.000e-04,278,0.112401,0.628662,-0.004345,0.019129
henon,K,3,5,0.01,1.3,1.000e-04,279,0.112297,0.626099,-0.007436,0.018469
henon,K,3,5,0.01,1.3,1.000e-04,280,0.121153,0.632690,-0.012474,-0.006417
henon,K,3,5,0.01,1.3,1.000e-04,281,0.119089,0.635376,0.004014,-0.002497
henon,K,3,5,0.01,1.3,1.000e-04,282,0.121842,0.632507,-0.002289,0.002937
henon,K,3,5,0.01,1.3,1.000e-04,283,0.118194,0.628479,0.008680,0.004026
henon,K,3,5,0.01,1.3,1.000e-04,284,0.121293,0.626465,-0.014918,0.007456
henon,K,3,5,0.01,1.3,1.000e-04,285,0.116778,0.632812,0.003693,-0.001068
henon,K,3,5,0.01,1.3,1.000e-04,286,0.116486,0.630432,-0.005998,0.003751
henon,K,3,5,0.01,1.3,1.000e-04,287,0.119404,0.634827,-0.006442,-0.006555
henon,K,3,5,0.01,1.3,1.000e-04,288,0.109680,0.628235,0.007225,0.000985
henon,K,3,5,0.01,1.3,1.000e-04,289,0.114702,0.630615,0.001268,-0.008826
henon,K,3,5,0.01,1.3,1.000e-04,290,0.113822,0.628479,0.015468,0.002859
henon,K,3,5,0.01,1.3,1.000e-04,291,0.112229,0.625793,0.011547,0.001033
henon,K,3,5,0.01,1.3,1.000e-04,292,0.110582,0.625427,0.005551,0.004328
henon,K,3,5,0.01,1.3,1.000e-04,293,0.113806,0.626953,-0.004430,0.006811
henon,K,3,5,0.01,1.3,1.000e-04,294,0.117934,0.629272,-0.008947,0.003980
henon,K,3,5,0.01,1.3,1.000e-04,295,0.115078,0.624634,-0.001104,0.006991
henon,K,3,5,0.01,1.3,1.000e-04,296,0.117130,0.631165,-0.004360,0.010991
henon,K,3,5,0.01,1.3,1.000e-04,297,0.114470,0.625793,-0.010723,0.007356
henon,K,3,5,0.01,1.3,1.000e-04,298,0.120974,0.631531,-0.004702,-0.008844
henon,K,3,5,0.01,1.3,1.000e-04,299,0.125248,0.640381,0.003320,-0.011363
henon,K,3,5,0.01,1.3,1.000e-04,300,0.119872,0.635986,0.003083,-0.008288
henon,K,3,5,0.01,1.3,1.000e-04,301,0.117178,0.631714,-0.006174,0.001874
henon,K,3,5,0.01,1.3,1.000e-04,302,0.120285,0.629028,0.003198,-0.001533
henon,K,3,5,0.01,1.3,1.000e-04,303,0.122103,0.627319,-0.001785,-0.006302
henon,K,3,5,0.01,1.3,1.000e-04,304,0.122267,0.631470,-0.007533,0.003196
henon,K,3,5,0.01,1.3,1.000e-04,305,0.120546,0.627747,-0.004482,0.006081
henon,K,3,5,0.01,1.3,1.000e-04,306,0.122192,0.633362,0.010736,0.002391
henon,K,3,5,0.01,1.3,1.000e-04,307,0.131871,0.642273,-0.001822,-0.010045
henon,K,3,5,0.01,1.3,1.000e-04,308,0.121524,0.631348,-0.001402,-0.010474
henon,K,3,5,0.01,1.3,1.000e-04,309,0.110082,0.623840,0.006283,0.003515
henon,K,3,5,0.01,1.3,1.000e-04,310,0.115223,0.626282,0.008430,0.001361
henon,K,3,5,0.01,1.3,1.000e-04,311,0.117390,0.625854,0.000864,0.006030
henon,K,3,5,0.01,1.3,1.000e-04,312,0.114080,0.626526,0.007172,0.005014
henon,K,3,5,0.01,1.3,1.000e-04,313,0.117081,0.630127,0.010891,0.003685
henon,K,3,5,0.01,1.3,1.000e-04,314,0.123466,0.629700,0.001928,-0.013723
henon,K,3,5,0.01,1.3,1.000e-04,315,0.119405,0.631104,0.005190,0.002628
henon,K,3,5,0.01,1.3,1.000e-04,316,0.117199,0.628174,0.001383,-0.009821
henon,K,3,5,0.01,1.3,1.000e-04,317,0.113438,0.626892,-0.000508,0.006260
henon,K,3,5,0.01,1.3,1.000e-04,318,0.118097,0.631104,0.012187,0.000692
henon,K,3,5,0.01,1.3,1.000e-04,319,0.116807,0.632996,0.003035,-0.003181
henon,K,3,5,0.01,1.3,1.000e-04,320,0.116644,0.629211,0.008744,0.002990
henon,K,3,5,0.01,1.3,1.000e-04,321,0.120556,0.632812,0.005667,-0.007915
henon,K,3,5,0.01,1.3,1.000e-04,322,0.116562,0.628845,0.002665,0.000734
henon,K,3,5,0.01,1.3,1.000e-04,323,0.118432,0.630859,-0.012392,-0.001943
henon,K,3,5,0.01,1.3,1.000e-04,324,0.112758,0.626892,0.004061,0.011784
henon,K,3,5,0.01,1.3,1.000e-04,325,0.115248,0.623169,0.006696,0.002612
henon,K,3,5,0.01,1.3,1.000e-04,326,0.118984,0.634460,-0.000017,0.005681
henon,K,3,5,0.01,1.3,1.000e-04,327,0.123385,0.633972,0.003729,-0.008282
henon,K,3,5,0.01,1.3,1.000e-04,328,0.118927,0.630920,-0.003326,0.005426
henon,K,3,5,0.01,1.3,1.000e-04,329,0.122820,0.632690,0.011359,-0.016243
henon,K,3,5,0.01,1.3,1.000e-04,330,0.122567,0.633057,-0.000370,-0.008777
henon,K,3,5,0.01,1.3,1.000e-04,331,0.124212,0.633362,-0.017092,-0.013495
henon,K,3,5,0.01,1.3,1.000e-04,332,0.115294,0.628052,0.008342,-0.007092
henon,K,3,5,0.01,1.3,1.000e-04,333,0.122925,0.634705,-0.001660,-0.005074
henon,K,3,5,0.01,1.3,1.000e-04,334,0.126160,0.635315,-0.007276,-0.004164
henon,K,3,5,0.01,1.3,1.000e-04,335,0.120503,0.631226,-0.002104,0.013769
henon,K,3,5,0.01,1.3,1.000e-04,336,0.124354,0.634094,-0.005991,-0.023506
henon,K,3,5,0.01,1.3,1.000e-04,337,0.110729,0.627563,-0.000705,0.005259
henon,K,3,5,0.01,1.3,1.000e-04,338,0.117867,0.625061,-0.022195,-0.003580
henon,K,3,5,0.01,1.3,1.000e-04,339,0.117628,0.627014,-0.007556,-0.001444
henon,K,3,5,0.01,1.3,1.000e-04,340,0.121689,0.632751,0.002182,0.010975
henon,K,3,5,0.01,1.3,1.000e-04,341,0.122463,0.629883,-0.000360,0.009646
henon,K,3,5,0.01,1.3,1.000e-04,342,0.120034,0.628906,-0.001032,0.001164
henon,K,3,5,0.01,1.3,1.000e-04,343,0.122230,0.635071,0.002379,-0.001547
henon,K,3,5,0.01,1.3,1.000e-04,344,0.115645,0.629761,0.005258,0.008962
henon,K,3,5,0.01,1.3,1.000e-04,345,0.118362,0.630188,0.000346,-0.001575
henon,K,3,5,0.01,1.3,1.000e-04,346,0.122702,0.635742,-0.012322,-0.011205
henon,K,3,5,0.01,1.3,1.000e-04,347,0.119177,0.628967,-0.000367,0.004936
henon,K,3,5,0.01,1.3,1.000e-04,348,0.128385,0.635376,-0.012218,-0.011391
henon,K,3,5,0.01,1.3,1.000e-04,349,0.120076,0.628052,-0.007666,0.014721
henon,K,3,5,0.01,1.3,1.000e-04,350,0.120180,0.628052,-0.001846,0.010648
henon,K,3,5,0.01,1.3,1.000e-04,351,0.120540,0.634521,0.008432,0.003877
henon,K,3,5,0.01,1.3,1.000e-04,352,0.113471,0.630920,0.007819,0.012850
henon,K,3,5,0.01,1.3,1.000e-04,353,0.116495,0.629150,-0.004768,0.005949
henon,K,3,5,0.01,1.3,1.000e-04,354,0.117138,0.627563,-0.011893,0.003098
henon,K,3,5,0.01,1.3,1.000e-04,355,0.119652,0.631042,-0.011216,0.001679
henon,K,3,5,0.01,1.3,1.000e-04,356,0.122291,0.631897,-0.013462,0.001807
henon,K,3,5,0.01,1.3,1.000e-04,357,0.124295,0.634766,-0.001893,-0.000306
henon,K,3,5,0.01,1.3,1.000e-04,358,0.126163,0.630981,-0.000918,-0.005923
henon,K,3,5,0.01,1.3,1.000e-04,359,0.114826,0.626953,0.010432,0.007935
henon,K,3,5,0.01,1.3,1.000e-04,360,0.116884,0.634216,-0.001799,0.010729
henon,K,3,5,0.01,1.3,1.000e-04,361,0.117402,0.629333,-0.002451,-0.000006
henon,K,3,5,0.01,1.3,1.000e-04,362,0.115591,0.630554,0.005868,0.004104
henon,K,3,5,0.01,1.3,1.000e-04,363,0.119051,0.625488,-0.008928,0.002276
henon,K,3,5,0.01,1.3,1.000e-04,364,0.116717,0.628784,0.001398,0.006589
henon,K,3,5,0.01,1.3,1.000e-04,365,0.117643,0.629456,0.001087,0.002298
henon,K,3,5,0.01,1.3,1.000e-04,366,0.118295,0.630310,0.006057,-0.004105
henon,K,3,5,0.01,1.3,1.000e-04,367,0.117670,0.633484,-0.009467,0.004296
henon,K,3,5,0.01,1.3,1.000e-04,368,0.122079,0.632690,-0.001075,0.000938
henon,K,3,5,0.01,1.3,1.000e-04,369,0.121504,0.634094,0.005801,-0.002764
henon,K,3,5,0.01,1.3,1.000e-04,370,0.119532,0.633606,-0.011902,0.024294
henon,K,3,5,0.01,1.3,1.000e-04,371,0.116009,0.627014,-0.001996,0.001675
henon,K,3,5,0.01,1.3,1.000e-04,372,0.116549,0.628967,-0.003336,-0.003825
henon,K,3,5,0.01,1.3,1.000e-04,373,0.113809,0.629211,0.006534,0.001488
henon,K,3,5,0.01,1.3,1.000e-04,374,0.117349,0.630676,0.002615,-0.004421
henon,K,3,5,0.01,1.3,1.000e-04,375,0.115594,0.629395,0.008325,0.001966
henon,K,3,5,0.01,1.3,1.000e-04,376,0.117011,0.631165,0.003356,0.008912
henon,K,3,5,0.01,1.3,1.000e-04,377,0.118152,0.632568,-0.004831,0.007309
henon,K,3,5,0.01,1.3,1.000e-04,378,0.112908,0.626282,-0.007336,0.011848
henon,K,3,5,0.01,1.3,1.000e-04,379,0.110102,0.619812,0.002495,0.012040
henon,K,3,5,0.01,1.3,1.000e-04,380,0.117796,0.633545,-0.006252,-0.015412
henon,K,3,5,0.01,1.3,1.000e-04,381,0.114691,0.628296,0.000743,0.000118
henon,K,3,5,0.01,1.3,1.000e-04,382,0.115156,0.629822,-0.002031,0.006645
henon,K,3,5,0.01,1.3,1.000e-04,383,0.116718,0.628845,0.005315,0.003252
henon,K,3,5,0.01,1.3,1.000e-04,384,0.115531,0.630371,0.000895,0.009896
henon,K,3,5,0.01,1.3,1.000e-04,385,0.110603,0.625671,0.007156,0.002951
henon,K,3,5,0.01,1.3,1.000e-04,386,0.112889,0.629395,0.011684,0.009510
henon,K,3,5,0.01,1.3,1.000e-04,387,0.124406,0.637329,-0.005264,-0.012029
henon,K,3,5,0.01,1.3,1.000e-04,388,0.120941,0.630981,0.007552,-0.001120
henon,K,3,5,0.01,1.3,1.000e-04,389,0.115197,0.629761,0.002066,0.007736
henon,K,3,5,0.01,1.3,1.000e-04,390,0.114491,0.629639,-0.005635,0.008974
henon,K,3,5,0.01,1.3,1.000e-04,391,0.112172,0.626282,-0.009341,0.015857
henon,K,3,5,0.01,1.3,1.000e-04,392,0.118449,0.630676,0.004703,0.002758
henon,K,3,5,0.01,1.3,1.000e-04,393,0.118296,0.635376,0.005064,0.002946
henon,K,3,5,0.01,1.3,1.000e-04,394,0.118324,0.632080,0.015859,-0.014689
henon,K,3,5,0.01,1.3,1.000e-04,395,0.117490,0.634521,-0.000971,-0.004839
henon,K,3,5,0.01,1.3,1.000e-04,396,0.112643,0.629272,0.005330,0.001509
henon,K,3,5,0.01,1.3,1.000e-04,397,0.113440,0.627808,-0.002650,0.008275
henon,K,3,5,0.01,1.3,1.000e-04,398,0.112176,0.628052,0.001721,0.019099
henon,K,3,5,0.01,1.3,1.000e-04,399,0.119071,0.633972,-0.003633,-0.003288
henon,K,3,5,0.01,1.3,1.000e-04,400,0.112126,0.627319,0.001608,0.008794
henon,K,3,5,0.01,1.3,1.000e-03,1,-7.017463,0.000000,0.999999,0.999999
henon,K,3,5,0.01,1.3,1.000e-03,2,-6.434002,0.000000,0.999998,0.999998
henon,K,3,5,0.01,1.3,1.000e-03,3,-5.926235,0.000000,0.999993,0.999992
henon,K,3,5,0.01,1.3,1.000e-03,4,-5.519089,0.000000,0.999985,0.999985
henon,K,3,5,0.01,1.3,1.000e-03,5,-5.167319,0.000000,0.999969,0.999969
henon,K,3,5,0.01,1.3,1.000e-03,6,-4.788620,0.000000,0.999923,0.999923
henon,K,3,5,0.01,1.3,1.000e-03,7,-4.386521,0.000000,0.999804,0.999801
henon,K,3,5,0.01,1.3,1.000e-03,8,-4.031605,0.000000,0.999527,0.999527
henon,K,3,5,0.01,1.3,1.000e-03,9,-3.674818,0.000000,0.998862,0.998907
henon,K,3,5,0.01,1.3,1.000e-03,10,-3.296661,0.000000,0.997087,0.996943
henon,K,3,5,0.01,1.3,1.000e-03,11,-2.936338,0.000000,0.993073,0.992915
henon,K,3,5,0.01,1.3,1.000e-03,12,-2.584599,0.000427,0.982384,0.982681
henon,K,3,5,0.01,1.3,1.000e-03,13,-2.241765,0.006287,0.959928,0.960608
henon,K,3,5,0.01,1.3,1.000e-03,14,-1.881290,0.039673,0.913164,0.910610
henon,K,3,5,0.01,1.3,1.000e-03,15,-1.564291,0.099243,0.836970,0.841951
henon,K,3,5,0.01,1.3,1.000e-03,16,-1.273639,0.172241,0.735661,0.741654
henon,K,3,5,0.01,1.3,1.000e-03,17,-1.025222,0.232544,0.654531,0.649023
henon,K,3,5,0.01,1.3,1.000e-03,18,-0.833552,0.275452,0.584313,0.584561
henon,K,3,5,0.01,1.3,1.000e-03,19,-0.669020,0.317810,0.498227,0.511983
henon,K,3,5,0.01,1.3,1.000e-03,20,-0.539123,0.355652,0.444331,0.442768
henon,K,3,5,0.01,1.3,1.000e-03,21,-0.412986,0.396790,0.372947,0.381507
henon,K,3,5,0.01,1.3,1.000e-03,22,-0.318371,0.434937,0.320787,0.318122
henon,K,3,5,0.01,1.3,1.000e-03,23,-0.233299,0.466492,0.281863,0.263290
henon,K,3,5,0.01,1.3,1.000e-03,24,-0.174719,0.488831,0.241411,0.240594
henon,K,3,5,0.01,1.3,1.000e-03,25,-0.124581,0.509094,0.213933,0.211994
henon,K,3,5,0.01,1.3,1.000e-03,26,-0.081752,0.526550,0.173890,0.176085
henon,K,3,5,0.01,1.3,1.000e-03,27,-0.038913,0.549133,0.147049,0.136303
henon,K,3,5,0.01,1.3,1.000e-03,28,-0.014323,0.560974,0.115371,0.118976
henon,K,3,5,0.01,1.3,1.000e-03,29,0.011752,0.572632,0.083034,0.092138
henon,K,3,5,0.01,1.3,1.000e-03,30,0.028034,0.583435,0.079368,0.077711
henon,K,3,5,0.01,1.3,1.000e-03,31,0.044805,0.592285,0.067275,0.075532
henon,K,3,5,0.01,1.3,1.000e-03,32,0.062177,0.598511,0.066330,0.046162
henon,K,3,5,0.01,1.3,1.000e-03,33,0.070151,0.601929,0.046400,0.042174
henon,K,3,5,0.01,1.3,1.000e-03,34,0.078362,0.609680,0.029312,0.044819
henon,K,3,5,0.01,1.3,1.000e-03,35,0.082923,0.610474,0.024351,0.040241
henon,K,3,5,0.01,1.3,1.000e-03,36,0.083526,0.611755,0.023305,0.040228
henon,K,3,5,0.01,1.3,1.000e-03,37,0.090021,0.615662,0.022166,0.020826
henon,K,3,5,0.01,1.3,1.000e-03,38,0.094615,0.619446,0.015389,0.024340
henon,K,3,5,0.01,1.3,1.000e-03,39,0.098812,0.615906,0.016912,0.023469
henon,K,3,5,0.01,1.3,1.000e-03,40,0.104557,0.624390,0.023014,0.026415
henon,K,3,5,0.01,1.3,1.000e-03,41,0.107413,0.623108,0.008867,0.010963
henon,K,3,5,0.01,1.3,1.000e-03,42,0.110015,0.627747,0.003583,0.007571
henon,K,3,5,0.01,1.3,1.000e-03,43,0.111180,0.633301,0.003077,0.025512
henon,K,3,5,0.01,1.3,1.000e-03,44,0.112230,0.628235,0.005855,-0.000789
henon,K,3,5,0.01,1.3,1.000e-03,45,0.108961,0.622498,0.010078,0.007783
henon,K,3,5,0.01,1.3,1.000e-03,46,0.107232,0.622681,0.004794,0.017319
henon,K,3,5,0.01,1.3,1.000e-03,47,0.111879,0.628052,0.021142,0.012394
henon,K,3,5,0.01,1.3,1.000e-03,48,0.109754,0.625671,0.013844,0.006654
henon,K,3,5,0.01,1.3,1.000e-03,49,0.108050,0.624573,0.009666,0.008205
henon,K,3,5,0.01,1.3,1.000e-03,50,0.108898,0.620483,0.009665,0.015637
henon,K,3,5,0.01,1.3,1.000e-03,51,0.109218,0.626404,-0.000884,0.006437
henon,K,3,5,0.01,1.3,1.000e-03,52,0.110343,0.626892,0.009820,0.000436
henon,K,3,5,0.01,1.3,1.000e-03,53,0.113443,0.625427,0.006070,-0.007872
henon,K,3,5,0.01,1.3,1.000e-03,54,0.119773,0.633362,0.012684,-0.001647
henon,K,3,5,0.01,1.3,1.000e-03,55,0.122068,0.637024,-0.003871,0.002476
henon,K,3,5,0.01,1.3,1.000e-03,56,0.119858,0.634094,0.006198,-0.009247
henon,K,3,5,0.01,1.3,1.000e-03,57,0.110659,0.626526,0.002718,0.003875
henon,K,3,5,0.01,1.3,1.000e-03,58,0.112143,0.630005,0.001300,0.003476
henon,K,3,5,0.01,1.3,1.000e-03,59,0.116294,0.630249,0.005156,-0.004005
henon,K,3,5,0.01,1.3,1.000e-03,60,0.122078,0.633850,-0.005845,-0.006885
henon,K,3,5,0.01,1.3,1.000e-03,61,0.125769,0.634399,-0.001812,-0.008414
henon,K,3,5,0.01,1.3,1.000e-03,62,0.124589,0.632812,-0.010033,0.004025
henon,K,3,5,0.01,1.3,1.000e-03,63,0.126190,0.635864,0.000555,-0.013716
henon,K,3,5,0.01,1.3,1.000e-03,64,0.125061,0.633362,-0.018626,-0.003037
henon,K,3,5,0.01,1.3,1.000e-03,65,0.125199,0.633789,-0.012205,-0.001036
henon,K,3,5,0.01,1.3,1.000e-03,66,0.122746,0.636475,-0.002312,-0.005259
henon,K,3,5,0.01,1.3,1.000e-03,67,0.122949,0.635681,0.002503,-0.014591
henon,K,3,5,0.01,1.3,1.000e-03,68,0.124358,0.638306,0.004833,-0.008380
henon,K,3,5,0.01,1.3,1.000e-03,69,0.122618,0.628967,-0.005424,0.002273
henon,K,3,5,0.01,1.3,1.000e-03,70,0.122629,0.630737,-0.009595,0.002305
henon,K,3,5,0.01,1.3,1.000e-03,71,0.121652,0.632568,0.004739,-0.002463
henon,K,3,5,0.01,1.3,1.000e-03,72,0.124444,0.635315,-0.021931,-0.004476
henon,K,3,5,0.01,1.3,1.000e-03,73,0.115490,0.630188,-0.003672,0.007366
henon,K,3,5,0.01,1.3,1.000e-03,74,0.118644,0.628845,0.006722,0.000376
henon,K,3,5,0.01,1.3,1.000e-03,75,0.122348,0.631897,-0.001095,-0.000219
henon,K,3,5,0.01,1.3,1.000e-03,76,0.122026,0.635315,-0.002843,0.008314
henon,K,3,5,0.01,1.3,1.000e-03,77,0.117601,0.629761,-0.002254,-0.001475
henon,K,3,5,0.01,1.3,1.000e-03,78,0.119478,0.631409,-0.004640,0.000408
henon,K,3,5,0.01,1.3,1.000e-03,79,0.118968,0.627441,-0.011779,0.007115
henon,K,3,5,0.01,1.3,1.000e-03,80,0.112150,0.623779,0.001833,0.004080
henon,K,3,5,0.01,1.3,1.000e-03,81,0.111775,0.625854,-0.001035,0.009625
henon,K,3,5,0.01,1.3,1.000e-03,82,0.118091,0.634216,-0.007810,0.002511
henon,K,3,5,0.01,1.3,1.000e-03,83,0.119331,0.631592,-0.005726,-0.009620
henon,K,3,5,0.01,1.3,1.000e-03,84,0.118996,0.632141,0.005726,0.007323
henon,K,3,5,0.01,1.3,1.000e-03,85,0.121454,0.631775,0.015631,0.000010
henon,K,3,5,0.01,1.3,1.000e-03,86,0.119650,0.631348,0.006243,-0.005391
henon,K,3,5,0.01,1.3,1.000e-03,87,0.117798,0.625549,-0.004332,-0.007066
henon,K,3,5,0.01,1.3,1.000e-03,88,0.112795,0.622498,0.004414,0.002753
henon,K,3,5,0.01,1.3,1.000e-03,89,0.113008,0.628418,-0.006084,0.019460
henon,K,3,5,0.01,1.3,1.000e-03,90,0.116294,0.629639,-0.006328,0.011341
henon,K,3,5,0.01,1.3,1.000e-03,91,0.117644,0.632935,-0.001151,0.007466
henon,K,3,5,0.01,1.3,1.000e-03,92,0.116549,0.629456,0.011834,-0.000496
henon,K,3,5,0.01,1.3,1.000e-03,93,0.116072,0.628540,0.002541,0.003753
henon,K,3,5,0.01,1.3,1.000e-03,94,0.120836,0.631226,0.006130,0.002266
henon,K,3,5,0.01,1.3,1.000e-03,95,0.114368,0.629517,0.016841,0.000848
henon,K,3,5,0.01,1.3,1.000e-03,96,0.116032,0.627319,-0.003887,0.000070
henon,K,3,5,0.01,1.3,1.000e-03,97,0.111224,0.629761,0.004149,0.000562
henon,K,3,5,0.01,1.3,1.000e-03,98,0.113561,0.623718,-0.002303,0.011129
henon,K,3,5,0.01,1.3,1.000e-03,99,0.109361,0.626282,0.007468,-0.002213
henon,K,3,5,0.01,1.3,1.000e-03,100,0.112818,0.632141,0.004027,0.023287
henon,K,3,5,0.01,1.3,1.000e-03,101,0.121026,0.631775,0.002317,0.002126
henon,K,3,5,0.01,1.3,1.000e-03,102,0.121836,0.633301,0.006019,-0.010334
henon,K,3,5,0.01,1.3,1.000e-03,103,0.124411,0.636108,0.001333,-0.019520
henon,K,3,5,0.01,1.3,1.000e-03,104,0.118198,0.631836,0.001176,-0.010176
henon,K,3,5,0.01,1.3,1.000e-03,105,0.115281,0.627075,0.008881,0.001583
henon,K,3,5,0.01,1.3,1.000e-03,106,0.118323,0.628662,0.001090,-0.005894
henon,K,3,5,0.01,1.3,1.000e-03,107,0.115678,0.635010,0.009372,0.001504
henon,K,3,5,0.01,1.3,1.000e-03,108,0.119735,0.635010,-0.008343,0.010759
henon,K,3,5,0.01,1.3,1.000e-03,109,0.115625,0.629333,-0.003099,-0.011262
henon,K,3,5,0.01,1.3,1.000e-03,110,0.110305,0.628967,0.005766,0.000299
henon,K,3,5,0.01,1.3,1.000e-03,111,0.114455,0.627869,-0.017257,0.004205
henon,K,3,5,0.01,1.3,1.000e-03,112,0.116042,0.629700,-0.001044,0.005143
henon,K,3,5,0.01,1.3,1.000e-03,113,0.119570,0.628357,-0.010026,0.010776
henon,K,3,5,0.01,1.3,1.000e-03,114,0.121530,0.638855,-0.010496,0.003144
henon,K,3,5,0.01,1.3,1.000e-03,115,0.114362,0.629639,-0.011707,0.009155
henon,K,3,5,0.01,1.3,1.000e-03,116,0.110120,0.626160,0.007353,-0.005674
henon,K,3,5,0.01,1.3,1.000e-03,117,0.113794,0.626587,0.004365,-0.008628
henon,K,3,5,0.01,1.3,1.000e-03,118,0.119016,0.629578,0.000319,0.009933
henon,K,3,5,0.01,1.3,1.000e-03,119,0.118754,0.632019,0.000027,0.004486
henon,K,3,5,0.01,1.3,1.000e-03,120,0.121537,0.629395,-0.009771,-0.000302
henon,K,3,5,0.01,1.3,1.000e-03,121,0.115971,0.626282,0.005683,0.006265
henon,K,3,5,0.01,1.3,1.000e-03,122,0.122575,0.633606,0.002182,-0.000290
henon,K,3,5,0.01,1.3,1.000e-03,123,0.126713,0.636902,-0.011186,-0.019418
henon,K,3,5,0.01,1.3,1.000e-03,124,0.116230,0.625793,0.007664,-0.001214
henon,K,3,5,0.01,1.3,1.000e-03,125,0.106089,0.620117,0.012037,0.017742
henon,K,3,5,0.01,1.3,1.000e-03,126,0.112304,0.628540,0.006805,0.005140
henon,K,3,5,0.01,1.3,1.000e-03,127,0.117943,0.630737,-0.007430,0.000911
henon,K,3,5,0.01,1.3,1.000e-03,128,0.113274,0.624878,0.000658,0.009664
henon,K,3,5,0.01,1.3,1.000e-03,129,0.117579,0.629272,-0.006374,-0.001087
henon,K,3,5,0.01,1.3,1.000e-03,130,0.119685,0.632507,-0.011608,0.002750
henon,K,3,5,0.01,1.3,1.000e-03,131,0.125734,0.638428,-0.012699,0.001348
henon,K,3,5,0.01,1.3,1.000e-03,132,0.121001,0.633240,-0.008338,0.004558
henon,K,3,5,0.01,1.3,1.000e-03,133,0.113122,0.628540,0.002381,0.007057
henon,K,3,5,0.01,1.3,1.000e-03,134,0.115601,0.630615,-0.010496,0.001318
henon,K,3,5,0.01,1.3,1.000e-03,135,0.116758,0.630798,0.011700,-0.001107
henon,K,3,5,0.01,1.3,1.000e-03,136,0.120404,0.633850,-0.007445,0.008293
henon,K,3,5,0.01,1.3,1.000e-03,137,0.127072,0.638916,-0.009165,-0.011879
henon,K,3,5,0.01,1.3,1.000e-03,138,0.120546,0.632385,0.000385,-0.000039
henon,K,3,5,0.01,1.3,1.000e-03,139,0.117373,0.630432,-0.000176,-0.007266
henon,K,3,5,0.01,1.3,1.000e-03,140,0.126237,0.634827,-0.015932,-0.010518
henon,K,3,5,0.01,1.3,1.000e-03,141,0.132141,0.640808,-0.020927,-0.015105
henon,K,3,5,0.01,1.3,1.000e-03,142,0.121133,0.633972,-0.005142,-0.000936
henon,K,3,5,0.01,1.3,1.000e-03,143,0.118434,0.629211,-0.011498,0.001874
henon,K,3,5,0.01,1.3,1.000e-03,144,0.116300,0.631775,0.006493,-0.006397
henon,K,3,5,0.01,1.3,1.000e-03,145,0.112744,0.628845,0.016083,-0.001226
henon,K,3,5,0.01,1.3,1.000e-03,146,0.103682,0.624023,0.010030,0.010586
henon,K,3,5,0.01,1.3,1.000e-03,147,0.108508,0.627808,0.007596,0.006044
henon,K,3,5,0.01,1.3,1.000e-03,148,0.117319,0.630310,-0.004261,-0.001685
henon,K,3,5,0.01,1.3,1.000e-03,149,0.118011,0.629883,-0.003264,-0.003008
henon,K,3,5,0.01,1.3,1.000e-03,150,0.122415,0.636658,0.000087,-0.015906
henon,K,3,5,0.01,1.3,1.000e-03,151,0.125980,0.637817,-0.006854,-0.003468
henon,K,3,5,0.01,1.3,1.000e-03,152,0.124480,0.638916,-0.011184,-0.007447
henon,K,3,5,0.01,1.3,1.000e-03,153,0.115330,0.629333,0.007275,-0.004352
henon,K,3,5,0.01,1.3,1.000e-03,154,0.113940,0.627869,0.001240,-0.001087
henon,K,3,5,0.01,1.3,1.000e-03,155,0.115734,0.632996,0.001296,0.002897
henon,K,3,5,0.01,1.3,1.000e-03,156,0.119476,0.628296,-0.000137,-0.000619
henon,K,3,5,0.01,1.3,1.000e-03,157,0.116751,0.625244,-0.000015,0.011787
henon,K,3,5,0.01,1.3,1.000e-03,158,0.120644,0.632690,-0.001225,0.007102
henon,K,3,5,0.01,1.3,1.000e-03,159,0.117159,0.629944,-0.010460,-0.003088
henon,K,3,5,0.01,1.3,1.000e-03,160,0.112979,0.627136,-0.007305,0.014490
henon,K,3,5,0.01,1.3,1.000e-03,161,0.113309,0.627014,-0.003669,0.003518
henon,K,3,5,0.01,1.3,1.000e-03,162,0.115385,0.632751,0.013951,0.004060
henon,K,3,5,0.01,1.3,1.000e-03,163,0.118098,0.630737,0.004921,0.000531
henon,K,3,5,0.01,1.3,1.000e-03,164,0.121956,0.631226,0.004070,0.004906
henon,K,3,5,0.01,1.3,1.000e-03,165,0.116551,0.631409,0.010565,0.004934
henon,K,3,5,0.01,1.3,1.000e-03,166,0.118410,0.628540,0.007703,-0.013886
henon,K,3,5,0.01,1.3,1.000e-03,167,0.121486,0.636292,-0.008813,-0.009090
henon,K,3,5,0.01,1.3,1.000e-03,168,0.114654,0.628113,0.023683,-0.007644
henon,K,3,5,0.01,1.3,1.000e-03,169,0.119157,0.629456,0.000658,-0.002046
henon,K,3,5,0.01,1.3,1.000e-03,170,0.119984,0.631653,0.008307,-0.004852
henon,K,3,5,0.01,1.3,1.000e-03,171,0.123038,0.634338,0.015907,-0.011208
henon,K,3,5,0.01,1.3,1.000e-03,172,0.120627,0.629028,-0.016893,0.005655
henon,K,3,5,0.01,1.3,1.000e-03,173,0.123810,0.635498,-0.001269,-0.000001
henon,K,3,5,0.01,1.3,1.000e-03,174,0.122751,0.635254,-0.011246,-0.012376
henon,K,3,5,0.01,1.3,1.000e-03,175,0.114540,0.625000,0.000538,-0.009825
henon,K,3,5,0.01,1.3,1.000e-03,176,0.113512,0.629944,0.002563,0.005242
henon,K,3,5,0.01,1.3,1.000e-03,177,0.115611,0.628174,0.004802,-0.007326
henon,K,3,5,0.01,1.3,1.000e-03,178,0.126655,0.640442,0.002279,-0.016644
henon,K,3,5,0.01,1.3,1.000e-03,179,0.120096,0.632629,-0.001905,0.000276
henon,K,3,5,0.01,1.3,1.000e-03,180,0.118726,0.633240,0.004559,-0.007532
henon,K,3,5,0.01,1.3,1.000e-03,181,0.114921,0.628906,0.006752,0.001832
henon,K,3,5,0.01,1.3,1.000e-03,182,0.115091,0.625977,0.000624,0.010112
henon,K,3,5,0.01,1.3,1.000e-03,183,0.113280,0.625427,-0.010414,0.007514
henon,K,3,5,0.01,1.3,1.000e-03,184,0.111076,0.619995,0.020588,0.000706
henon,K,3,5,0.01,1.3,1.000e-03,185,0.118065,0.628357,0.004267,0.011899
henon,K,3,5,0.01,1.3,1.000e-03,186,0.119467,0.633423,-0.007844,0.009620
henon,K,3,5,0.01,1.3,1.000e-03,187,0.117160,0.626770,-0.002501,-0.003830
henon,K,3,5,0.01,1.3,1.000e-03,188,0.117573,0.630493,-0.013039,0.008894
henon,K,3,5,0.01,1.3,1.000e-03,189,0.117644,0.627625,-0.012751,0.004534
henon,K,3,5,0.01,1.3,1.000e-03,190,0.121721,0.629028,-0.006538,0.006417
henon,K,3,5,0.01,1.3,1.000e-03,191,0.127077,0.639343,0.000480,-0.005950
henon,K,3,5,0.01,1.3,1.000e-03,192,0.121475,0.629395,0.003283,-0.004648
henon,K,3,5,0.01,1.3,1.000e-03,193,0.114152,0.628967,-0.001678,0.006707
henon,K,3,5,0.01,1.3,1.000e-03,194,0.114339,0.626282,0.006400,-0.008787
henon,K,3,5,0.01,1.3,1.000e-03,195,0.112772,0.626465,0.012208,-0.008187
henon,K,3,5,0.01,1.3,1.000e-03,196,0.114333,0.627686,0.016857,-0.004459
henon,K,3,5,0.01,1.3,1.000e-03,197,0.117830,0.632446,0.009752,-0.014955
henon,K,3,5,0.01,1.3,1.000e-03,198,0.119548,0.630188,-0.007762,0.005779
henon,K,3,5,0.01,1.3,1.000e-03,199,0.122369,0.634521,-0.011995,0.017056
henon,K,3,5,0.01,1.3,1.000e-03,200,0.123339,0.634094,-0.012290,0.000022
henon,K,3,5,0.01,1.3,1.000e-03,201,0.118112,0.630981,-0.006692,0.005315
henon,K,3,5,0.01,1.3,1.000e-03,202,0.117664,0.631042,-0.001344,0.004811
henon,K,3,5,0.01,1.3,1.000e-03,203,0.116818,0.632507,-0.005340,0.009519
henon,K,3,5,0.01,1.3,1.000e-03,204,0.118436,0.629761,-0.000500,-0.010746
henon,K,3,5,0.01,1.3,1.000e-03,205,0.126641,0.636230,-0.021948,-0.009794
henon,K,3,5,0.01,1.3,1.000e-03,206,0.116008,0.630981,0.004982,0.008568
henon,K,3,5,0.01,1.3,1.000e-03,207,0.117194,0.632141,0.003218,0.002096
henon,K,3,5,0.01,1.3,1.000e-03,208,0.112829,0.627930,0.001223,0.004960
henon,K,3,5,0.01,1.3,1.000e-03,209,0.118422,0.632141,-0.004061,-0.002473
henon,K,3,5,0.01,1.3,1.000e-03,210,0.116878,0.632446,0.002135,0.001167
henon,K,3,5,0.01,1.3,1.000e-03,211,0.111675,0.625305,0.009514,-0.011988
henon,K,3,5,0.01,1.3,1.000e-03,212,0.113811,0.627197,-0.003169,0.003031
henon,K,3,5,0.01,1.3,1.000e-03,213,0.116195,0.630371,0.010576,0.002146
henon,K,3,5,0.01,1.3,1.000e-03,214,0.117533,0.628235,0.006273,0.002684
henon,K,3,5,0.01,1.3,1.000e-03,215,0.120620,0.632141,0.004626,0.002801
henon,K,3,5,0.01,1.3,1.000e-03,216,0.119193,0.630798,-0.003925,0.004574
henon,K,3,5,0.01,1.3,1.000e-03,217,0.112820,0.624207,0.006923,-0.001360
henon,K,3,5,0.01,1.3,1.000e-03,218,0.115771,0.623779,0.004067,-0.007488
henon,K,3,5,0.01,1.3,1.000e-03,219,0.118601,0.631104,-0.000630,0.004552
henon,K,3,5,0.01,1.3,1.000e-03,220,0.119307,0.631836,0.014198,-0.005945
henon,K,3,5,0.01,1.3,1.000e-03,221,0.116539,0.626343,0.017184,0.005059
henon,K,3,5,0.01,1.3,1.000e-03,222,0.118750,0.629761,0.001099,0.001112
henon,K,3,5,0.01,1.3,1.000e-03,223,0.114647,0.629333,0.002964,0.004225
henon,K,3,5,0.01,1.3,1.000e-03,224,0.113784,0.630066,0.002583,0.007766
henon,K,3,5,0.01,1.3,1.000e-03,225,0.114888,0.626343,-0.010275,0.002549
henon,K,3,5,0.01,1.3,1.000e-03,226,0.118955,0.633057,-0.012482,0.001132
henon,K,3,5,0.01,1.3,1.000e-03,227,0.122331,0.630371,-0.001377,-0.008464
henon,K,3,5,0.01,1.3,1.000e-03,228,0.119580,0.631042,-0.002603,0.007957
henon,K,3,5,0.01,1.3,1.000e-03,229,0.118008,0.631287,0.003619,0.002271
henon,K,3,5,0.01,1.3,1.000e-03,230,0.115833,0.630615,-0.003352,-0.002662
henon,K,3,5,0.01,1.3,1.000e-03,231,0.113432,0.625610,-0.004838,0.006136
henon,K,3,5,0.01,1.3,1.000e-03,232,0.110578,0.623352,-0.003473,0.005243
henon,K,3,5,0.01,1.3,1.000e-03,233,0.116147,0.631470,0.004165,-0.000213
henon,K,3,5,0.01,1.3,1.000e-03,234,0.115113,0.628174,-0.005770,0.009006
henon,K,3,5,0.01,1.3,1.000e-03,235,0.118971,0.632507,-0.007486,0.002822
henon,K,3,5,0.01,1.3,1.000e-03,236,0.120582,0.629883,0.003436,0.000260
henon,K,3,5,0.01,1.3,1.000e-03,237,0.122358,0.627319,-0.003872,-0.005388
henon,K,3,5,0.01,1.3,1.000e-03,238,0.112860,0.623230,0.010626,0.007317
henon,K,3,5,0.01,1.3,1.000e-03,239,0.116465,0.629211,0.003284,-0.000305
henon,K,3,5,0.01,1.3,1.000e-03,240,0.118925,0.630554,0.001670,0.001457
henon,K,3,5,0.01,1.3,1.000e-03,241,0.118714,0.631287,0.001303,0.006432
henon,K,3,5,0.01,1.3,1.000e-03,242,0.114196,0.621155,-0.004551,0.014672
henon,K,3,5,0.01,1.3,1.000e-03,243,0.119076,0.633606,0.012422,0.002500
henon,K,3,5,0.01,1.3,1.000e-03,244,0.115762,0.625977,0.006759,-0.007082
henon,K,3,5,0.01,1.3,1.000e-03,245,0.118695,0.632324,-0.005922,0.001814
henon,K,3,5,0.01,1.3,1.000e-03,246,0.125815,0.637512,0.001712,-0.009080
henon,K,3,5,0.01,1.3,1.000e-03,247,0.126203,0.634460,-0.000729,-0.008503
henon,K,3,5,0.01,1.3,1.000e-03,248,0.120908,0.632812,0.002899,-0.006559
henon,K,3,5,0.01,1.3,1.000e-03,249,0.114977,0.631226,0.021011,-0.001522
henon,K,3,5,0.01,1.3,1.000e-03,250,0.109413,0.623474,0.003302,0.000548
henon,K,3,5,0.01,1.3,1.000e-03,251,0.107932,0.626404,0.002627,-0.000443
henon,K,3,5,0.01,1.3,1.000e-03,252,0.112114,0.628479,-0.009129,-0.006054
henon,K,3,5,0.01,1.3,1.000e-03,253,0.118601,0.631592,-0.007119,-0.002567
henon,K,3,5,0.01,1.3,1.000e-03,254,0.118670,0.631287,-0.006313,0.001007
henon,K,3,5,0.01,1.3,1.000e-03,255,0.117591,0.628174,-0.001852,0.010318
henon,K,3,5,0.01,1.3,1.000e-03,256,0.119502,0.631958,0.005307,0.012278
henon,K,3,5,0.01,1.3,1.000e-03,257,0.123916,0.633301,-0.005761,0.004361
henon,K,3,5,0.01,1.3,1.000e-03,258,0.118261,0.629272,0.000444,0.001277
henon,K,3,5,0.01,1.3,1.000e-03,259,0.113644,0.624634,-0.003504,0.003840
henon,K,3,5,0.01,1.3,1.000e-03,260,0.122795,0.636414,-0.004487,-0.014877
henon,K,3,5,0.01,1.3,1.000e-03,261,0.120505,0.631897,-0.004472,-0.004811
henon,K,3,5,0.01,1.3,1.000e-03,262,0.118415,0.633179,0.001426,-0.001781
henon,K,3,5,0.01,1.3,1.000e-03,263,0.120325,0.634033,-0.014074,-0.017431
henon,K,3,5,0.01,1.3,1.000e-03,264,0.119041,0.633423,-0.002785,0.001915
henon,K,3,5,0.01,1.3,1.000e-03,265,0.123912,0.635803,-0.006303,0.000240
henon,K,3,5,0.01,1.3,1.000e-03,266,0.121743,0.631592,-0.005752,-0.017673
henon,K,3,5,0.01,1.3,1.000e-03,267,0.116711,0.633850,0.003929,-0.005806
henon,K,3,5,0.01,1.3,1.000e-03,268,0.115796,0.629395,0.009552,0.001270
henon,K,3,5,0.01,1.3,1.000e-03,269,0.115887,0.628479,0.016358,-0.004121
henon,K,3,5,0.01,1.3,1.000e-03,270,0.115643,0.628418,-0.003858,0.000569
henon,K,3,5,0.01,1.3,1.000e-03,271,0.119338,0.629822,-0.003563,0.005283
henon,K,3,5,0.01,1.3,1.000e-03,272,0.117437,0.628601,-0.002442,0.011409
henon,K,3,5,0.01,1.3,1.000e-03,273,0.123549,0.631409,-0.012681,-0.004128
henon,K,3,5,0.01,1.3,1.000e-03,274,0.121044,0.634827,0.002764,-0.003538
henon,K,3,5,0.01,1.3,1.000e-03,275,0.126560,0.643005,-0.003493,-0.000193
henon,K,3,5,0.01,1.3,1.000e-03,276,0.119533,0.630188,0.001394,0.001070
henon,K,3,5,0.01,1.3,1.000e-03,277,0.118531,0.628723,-0.007257,-0.003018
henon,K,3,5,0.01,1.3,1.000e-03,278,0.119148,0.634583,-0.001890,0.001016
henon,K,3,5,0.01,1.3,1.000e-03,279,0.113822,0.630798,-0.000479,-0.005895
henon,K,3,5,0.01,1.3,1.000e-03,280,0.115847,0.632141,-0.013790,0.007309
henon,K,3,5,0.01,1.3,1.000e-03,281,0.122574,0.635132,0.001662,-0.003692
henon,K,3,5,0.01,1.3,1.000e-03,282,0.123291,0.635620,0.008198,0.000421
henon,K,3,5,0.01,1.3,1.000e-03,283,0.118389,0.625610,-0.008370,0.002367
henon,K,3,5,0.01,1.3,1.000e-03,284,0.114611,0.629700,0.006652,0.002268
henon,K,3,5,0.01,1.3,1.000e-03,285,0.117632,0.631470,-0.010411,0.002970
henon,K,3,5,0.01,1.3,1.000e-03,286,0.113788,0.623901,-0.006429,-0.003280
henon,K,3,5,0.01,1.3,1.000e-03,287,0.107316,0.623047,0.014971,0.007081
henon,K,3,5,0.01,1.3,1.000e-03,288,0.113916,0.630615,0.002654,-0.004710
henon,K,3,5,0.01,1.3,1.000e-03,289,0.117276,0.630493,0.019839,0.015127
henon,K,3,5,0.01,1.3,1.000e-03,290,0.119577,0.632446,0.007293,-0.002928
henon,K,3,5,0.01,1.3,1.000e-03,291,0.116789,0.628723,0.008429,0.005462
henon,K,3,5,0.01,1.3,1.000e-03,292,0.111934,0.628296,0.006005,0.012631
henon,K,3,5,0.01,1.3,1.000e-03,293,0.113301,0.627991,0.003148,0.003191
henon,K,3,5,0.01,1.3,1.000e-03,294,0.116614,0.627991,0.002786,-0.004114
henon,K,3,5,0.01,1.3,1.000e-03,295,0.120342,0.634094,-0.009990,-0.004347
henon,K,3,5,0.01,1.3,1.000e-03,296,0.121914,0.631165,0.012959,-0.003678
henon,K,3,5,0.01,1.3,1.000e-03,297,0.118891,0.629089,0.008733,-0.014330
henon,K,3,5,0.01,1.3,1.000e-03,298,0.114269,0.626404,0.012491,0.002621
henon,K,3,5,0.01,1.3,1.000e-03,299,0.110457,0.621826,0.004277,0.014809
henon,K,3,5,0.01,1.3,1.000e-03,300,0.114468,0.624329,0.008895,0.003328
henon,K,3,5,0.01,1.3,1.000e-03,301,0.117439,0.628967,0.007087,-0.005207
henon,K,3,5,0.01,1.3,1.000e-03,302,0.119584,0.632751,-0.002758,-0.006112
henon,K,3,5,0.01,1.3,1.000e-03,303,0.118013,0.632019,-0.005654,0.003224
henon,K,3,5,0.01,1.3,1.000e-03,304,0.119895,0.631226,0.004121,-0.007905
henon,K,3,5,0.01,1.3,1.000e-03,305,0.118712,0.634460,0.012585,-0.015328
henon,K,3,5,0.01,1.3,1.000e-03,306,0.111979,0.627319,-0.001088,0.009092
henon,K,3,5,0.01,1.3,1.000e-03,307,0.109087,0.619324,0.020744,0.012081
henon,K,3,5,0.01,1.3,1.000e-03,308,0.115245,0.626038,0.008003,0.001638
henon,K,3,5,0.01,1.3,1.000e-03,309,0.118460,0.630371,0.000027,0.018781
henon,K,3,5,0.01,1.3,1.000e-03,310,0.119597,0.633362,-0.000856,0.008145
henon,K,3,5,0.01,1.3,1.000e-03,311,0.121721,0.632812,-0.004789,-0.011927
henon,K,3,5,0.01,1.3,1.000e-03,312,0.119446,0.630371,-0.001621,-0.005199
henon,K,3,5,0.01,1.3,1.000e-03,313,0.122597,0.634949,0.001982,-0.004475
henon,K,3,5,0.01,1.3,1.000e-03,314,0.126155,0.630859,-0.005707,0.000850
henon,K,3,5,0.01,1.3,1.000e-03,315,0.125460,0.632935,-0.007358,-0.003329
henon,K,3,5,0.01,1.3,1.000e-03,316,0.124453,0.635864,-0.006144,-0.009064
henon,K,3,5,0.01,1.3,1.000e-03,317,0.123902,0.634705,0.001708,-0.012464
henon,K,3,5,0.01,1.3,1.000e-03,318,0.116593,0.629822,-0.002703,0.002461
henon,K,3,5,0.01,1.3,1.000e-03,319,0.122101,0.632324,-0.006146,-0.007206
henon,K,3,5,0.01,1.3,1.000e-03,320,0.117581,0.632812,0.014186,0.004656
henon,K,3,5,0.01,1.3,1.000e-03,321,0.115394,0.628967,0.000082,0.009870
henon,K,3,5,0.01,1.3,1.000e-03,322,0.115373,0.633545,-0.001186,-0.002397
henon,K,3,5,0.01,1.3,1.000e-03,323,0.117162,0.625977,-0.000334,0.004879
henon,K,3,5,0.01,1.3,1.000e-03,324,0.121091,0.630432,-0.013998,-0.003930
henon,K,3,5,0.01,1.3,1.000e-03,325,0.114308,0.622009,0.013848,0.002150
henon,K,3,5,0.01,1.3,1.000e-03,326,0.123359,0.633667,0.002946,-0.004932
henon,K,3,5,0.01,1.3,1.000e-03,327,0.124537,0.634705,0.006732,-0.006342
henon,K,3,5,0.01,1.3,1.000e-03,328,0.121351,0.633179,0.004928,-0.009660
henon,K,3,5,0.01,1.3,1.000e-03,329,0.119288,0.632324,-0.001861,0.007619
henon,K,3,5,0.01,1.3,1.000e-03,330,0.117898,0.635132,0.002694,0.002050
henon,K,3,5,0.01,1.3,1.000e-03,331,0.113747,0.624023,0.001929,-0.006530
henon,K,3,5,0.01,1.3,1.000e-03,332,0.110432,0.622986,0.012783,0.011027
henon,K,3,5,0.01,1.3,1.000e-03,333,0.120166,0.631653,0.003566,0.002173
henon,K,3,5,0.01,1.3,1.000e-03,334,0.122562,0.633362,-0.008272,-0.002677
henon,K,3,5,0.01,1.3,1.000e-03,335,0.121067,0.633118,-0.001022,0.006581
henon,K,3,5,0.01,1.3,1.000e-03,336,0.116266,0.627991,-0.003682,0.005857
henon,K,3,5,0.01,1.3,1.000e-03,337,0.113519,0.627808,0.003621,-0.003683
henon,K,3,5,0.01,1.3,1.000e-03,338,0.113230,0.625305,0.005753,-0.001634
henon,K,3,5,0.01,1.3,1.000e-03,339,0.114514,0.626709,-0.001228,-0.000036
henon,K,3,5,0.01,1.3,1.000e-03,340,0.117197,0.628235,0.003876,0.004938
henon,K,3,5,0.01,1.3,1.000e-03,341,0.126601,0.641174,-0.002786,0.000553
henon,K,3,5,0.01,1.3,1.000e-03,342,0.131153,0.642578,-0.015611,-0.008525
henon,K,3,5,0.01,1.3,1.000e-03,343,0.123018,0.633545,-0.012854,-0.002819
henon,K,3,5,0.01,1.3,1.000e-03,344,0.116909,0.630920,-0.003436,0.006962
henon,K,3,5,0.01,1.3,1.000e-03,345,0.114297,0.629211,0.004357,-0.002903
henon,K,3,5,0.01,1.3,1.000e-03,346,0.116230,0.630737,-0.012279,-0.001528
henon,K,3,5,0.01,1.3,1.000e-03,347,0.114223,0.626038,-0.001245,0.008036
henon,K,3,5,0.01,1.3,1.000e-03,348,0.119741,0.631226,-0.002621,0.002023
henon,K,3,5,0.01,1.3,1.000e-03,349,0.123917,0.635742,-0.005955,-0.006337
henon,K,3,5,0.01,1.3,1.000e-03,350,0.125386,0.638550,-0.003462,0.001986
henon,K,3,5,0.01,1.3,1.000e-03,351,0.125319,0.633972,-0.003762,0.005509
henon,K,3,5,0.01,1.3,1.000e-03,352,0.119994,0.632812,-0.008718,-0.010606
henon,K,3,5,0.01,1.3,1.000e-03,353,0.113284,0.628906,0.005971,0.000937
henon,K,3,5,0.01,1.3,1.000e-03,354,0.115941,0.629333,0.007675,-0.005430
henon,K,3,5,0.01,1.3,1.000e-03,355,0.114490,0.628235,0.003511,-0.004006
henon,K,3,5,0.01,1.3,1.000e-03,356,0.116376,0.628845,0.007417,0.008304
henon,K,3,5,0.01,1.3,1.000e-03,357,0.122759,0.633545,-0.006493,-0.004260
henon,K,3,5,0.01,1.3,1.000e-03,358,0.117036,0.628723,0.003804,0.007311
henon,K,3,5,0.01,1.3,1.000e-03,359,0.117515,0.631592,0.004490,-0.006805
henon,K,3,5,0.01,1.3,1.000e-03,360,0.114890,0.626465,0.004883,-0.003817
henon,K,3,5,0.01,1.3,1.000e-03,361,0.119532,0.632935,-0.003943,-0.012569
henon,K,3,5,0.01,1.3,1.000e-03,362,0.115649,0.629272,0.002777,0.003075
henon,K,3,5,0.01,1.3,1.000e-03,363,0.120519,0.632751,-0.002896,-0.001293
henon,K,3,5,0.01,1.3,1.000e-03,364,0.117186,0.630310,-0.004212,-0.003581
henon,K,3,5,0.01,1.3,1.000e-03,365,0.120239,0.631531,-0.004469,0.009713
henon,K,3,5,0.01,1.3,1.000e-03,366,0.116555,0.627258,0.006416,-0.009677
henon,K,3,5,0.01,1.3,1.000e-03,367,0.119575,0.627319,0.002356,-0.009497
henon,K,3,5,0.01,1.3,1.000e-03,368,0.121435,0.633789,0.003291,-0.001662
henon,K,3,5,0.01,1.3,1.000e-03,369,0.125477,0.633484,-0.006921,-0.001440
henon,K,3,5,0.01,1.3,1.000e-03,370,0.126927,0.640076,-0.010796,-0.010251
henon,K,3,5,0.01,1.3,1.000e-03,371,0.122487,0.634155,-0.004405,-0.008942
henon,K,3,5,0.01,1.3,1.000e-03,372,0.118606,0.630005,-0.002132,0.008808
henon,K,3,5,0.01,1.3,1.000e-03,373,0.113181,0.620789,0.006096,-0.002294
henon,K,3,5,0.01,1.3,1.000e-03,374,0.113775,0.626892,0.003713,-0.004596
henon,K,3,5,0.01,1.3,1.000e-03,375,0.114473,0.629395,0.008663,-0.000098
henon,K,3,5,0.01,1.3,1.000e-03,376,0.120969,0.631531,-0.002775,-0.012662
henon,K,3,5,0.01,1.3,1.000e-03,377,0.119843,0.630493,-0.002606,-0.007545
henon,K,3,5,0.01,1.3,1.000e-03,378,0.123090,0.634521,-0.002283,-0.003822
henon,K,3,5,0.01,1.3,1.000e-03,379,0.121588,0.632263,-0.004561,-0.010742
henon,K,3,5,0.01,1.3,1.000e-03,380,0.114468,0.629761,0.014911,-0.011645
henon,K,3,5,0.01,1.3,1.000e-03,381,0.116905,0.628906,0.008629,-0.000352
henon,K,3,5,0.01,1.3,1.000e-03,382,0.125551,0.637634,-0.000420,-0.011677
henon,K,3,5,0.01,1.3,1.000e-03,383,0.120153,0.634033,0.008518,-0.013330
henon,K,3,5,0.01,1.3,1.000e-03,384,0.114863,0.630432,0.005166,-0.000022
henon,K,3,5,0.01,1.3,1.000e-03,385,0.117889,0.628418,0.007480,-0.014522
henon,K,3,5,0.01,1.3,1.000e-03,386,0.115176,0.630798,0.013991,-0.004451
henon,K,3,5,0.01,1.3,1.000e-03,387,0.114739,0.628967,0.015474,-0.014126
henon,K,3,5,0.01,1.3,1.000e-03,388,0.118708,0.631042,-0.001319,0.001817
henon,K,3,5,0.01,1.3,1.000e-03,389,0.116753,0.627441,0.004436,0.015383
henon,K,3,5,0.01,1.3,1.000e-03,390,0.124298,0.631226,-0.016228,0.008134
henon,K,3,5,0.01,1.3,1.000e-03,391,0.124541,0.635681,-0.006524,-0.012057
henon,K,3,5,0.01,1.3,1.000e-03,392,0.123584,0.633484,-0.003995,-0.002450
henon,K,3,5,0.01,1.3,1.000e-03,393,0.126737,0.638306,-0.013499,-0.015082
henon,K,3,5,0.01,1.3,1.000e-03,394,0.122897,0.633179,0.005620,-0.013633
henon,K,3,5,0.01,1.3,1.000e-03,395,0.119883,0.634521,0.010294,-0.013989
henon,K,3,5,0.01,1.3,1.000e-03,396,0.117656,0.633240,0.004243,0.003688
henon,K,3,5,0.01,1.3,1.000e-03,397,0.115684,0.629944,-0.003916,0.001983
henon,K,3,5,0.01,1.3,1.000e-03,398,0.117186,0.632263,0.004422,-0.005663
henon,K,3,5,0.01,1.3,1.000e-03,399,0.118836,0.631226,-0.008216,-0.006304
henon,K,3,5,0.01,1.3,1.000e-03,400,0.114606,0.628113,0.003746,0.002457
