family,mode,p,q,K,param,delta,t,mean_ln_d,frac_d_gt_scale,r_x1,r_x2
tent,param,3,5,0.05,2,1.000e-12,1,-28.560315,0.000000,1.000000,1.000000
tent,param,3,5,0.05,2,1.000e-12,2,-27.931358,0.000000,1.000000,1.000000
tent,param,3,5,0.05,2,1.000e-12,3,-27.313298,0.000000,1.000000,1.000000
tent,param,3,5,0.05,2,1.000e-12,4,-26.677606,0.000000,1.000000,1.000000
tent,param,3,5,0.05,2,1.000e-12,5,-26.033580,0.000000,1.000000,1.000000
tent,param,3,5,0.05,2,1.000e-12,6,-25.389480,0.000000,1.000000,1.000000
tent,param,3,5,0.05,2,1.000e-12,7,-24.746799,0.000000,1.000000,1.000000
tent,param,3,5,0.05,2,1.000e-12,8,-24.104210,0.000000,1.000000,1.000000
tent,param,3,5,0.05,2,1.000e-12,9,-23.462200,0.000000,1.000000,1.000000
tent,param,3,5,0.05,2,1.000e-12,10,-22.819002,0.000000,1.000000,1.000000
tent,param,3,5,0.05,2,1.000e-12,11,-22.176427,0.000000,1.000000,1.000000
tent,param,3,5,0.05,2,1.000e-12,12,-21.535552,0.000000,1.000000,1.000000
tent,param,3,5,0.05,2,1.000e-12,13,-20.892433,0.000000,1.000000,1.000000
tent,param,3,5,0.05,2,1.000e-12,14,-20.248646,0.000000,1.000000,1.000000
tent,param,3,5,0.05,2,1.000e-12,15,-19.606364,0.000000,1.000000,1.000000
tent,param,3,5,0.05,2,1.000e-12,16,-18.963321,0.000000,1.000000,1.000000
tent,param,3,5,0.05,2,1.000e-12,17,-18.322423,0.000000,1.000000,1.000000
tent,param,3,5,0.05,2,1.000e-12,18,-17.679418,0.000000,1.000000,1.000000
tent,param,3,5,0.05,2,1.000e-12,19,-17.037136,0.000000,1.000000,1.000000
tent,param,3,5,0.05,2,1.000e-12,20,-16.394518,0.000000,1.000000,1.000000
tent,param,3,5,0.05,2,1.000e-12,21,-15.752363,0.000000,1.000000,1.000000
tent,param,3,5,0.05,2,1.000e-12,22,-15.110594,0.000000,1.000000,1.000000
tent,param,3,5,0.05,2,1.000e-12,23,-14.468040,0.000000,1.000000,1.000000
tent,param,3,5,0.05,2,1.000e-12,24,-13.825992,0.000000,1.000000,1.000000
tent,param,3,5,0.05,2,1.000e-12,25,-13.183162,0.000000,1.000000,1.000000
tent,param,3,5,0.05,2,1.000e-12,26,-12.540161,0.000000,1.000000,1.000000
tent,param,3,5,0.05,2,1.000e-12,27,-11.898953,0.000000,1.000000,1.000000
tent,param,3,5,0.05,2,1.000e-12,28,-11.255125,0.000000,1.000000,1.000000
tent,param,3,5,0.05,2,1.000e-12,29,-10.613758,0.000000,1.000000,1.000000
tent,param,3,5,0.05,2,1.000e-12,30,-9.970686,0.000000,1.000000,1.000000
tent,param,3,5,0.05,2,1.000e-12,31,-9.327488,0.000061,1.000000,0.999529
tent,param,3,5,0.05,2,1.000e-12,32,-8.684311,0.000061,0.999995,0.999530
tent,param,3,5,0.05,2,1.000e-12,33,-8.042502,0.000000,0.999982,0.999999
tent,param,3,5,0.05,2,1.000e-12,34,-7.399441,0.000183,0.999466,0.999516
tent,param,3,5,0.05,2,1.000e-12,35,-6.754131,0.000671,0.997918,0.997149
tent,param,3,5,0.05,2,1.000e-12,36,-6.111171,0.000671,0.998426,0.997478
tent,param,3,5,0.05,2,1.000e-12,37,-5.466354,0.001282,0.996895,0.995368
tent,param,3,5,0.05,2,1.000e-12,38,-4.820175,0.002808,0.990161,0.992218
tent,param,3,5,0.05,2,1.000e-12,39,-4.174058,0.004944,0.985285,0.981544
tent,param,3,5,0.05,2,1.000e-12,40,-3.536082,0.007019,0.975151,0.975710
tent,param,3,5,0.05,2,1.000e-12,41,-2.911361,0.010010,0.960885,0.958369
tent,param,3,5,0.05,2,1.000e-12,42,-2.308933,0.042725,0.921743,0.909441
tent,param,3,5,0.05,2,1.000e-12,43,-1.752047,0.252380,0.803363,0.774665
tent,param,3,5,0.05,2,1.000e-12,44,-1.262009,0.631226,0.498249,0.465348
tent,param,3,5,0.05,2,1.000e-12,45,-0.940414,0.813904,0.056910,0.072150
tent,param,3,5,0.05,2,1.000e-12,46,-0.873713,0.833923,-0.118051,-0.060489
tent,param,3,5,0.05,2,1.000e-12,47,-0.923019,0.808960,-0.042283,0.000062
tent,param,3,5,0.05,2,1.000e-12,48,-0.942874,0.800293,-0.008835,0.012407
tent,param,3,5,0.05,2,1.000e-12,49,-0.937450,0.801880,0.002869,-0.002521
tent,param,3,5,0.05,2,1.000e-12,50,-0.935279,0.805176,-0.002454,0.020783
tent,param,3,5,0.05,2,1.000e-12,51,-0.926282,0.808960,-0.001511,-0.010729
tent,param,3,5,0.05,2,1.000e-12,52,-0.930315,0.805420,0.004214,-0.010576
tent,param,3,5,0.05,2,1.000e-12,53,-0.933399,0.804199,0.003842,-0.011468
tent,param,3,5,0.05,2,1.000e-12,54,-0.937919,0.803284,-0.001230,0.014168
tent,param,3,5,0.05,2,1.000e-12,55,-0.937046,0.799072,-0.000444,-0.004552
tent,param,3,5,0.05,2,1.000e-12,56,-0.943825,0.797546,0.006339,-0.000053
tent,param,3,5,0.05,2,1.000e-12,57,-0.935065,0.802246,0.011081,-0.003947
tent,param,3,5,0.05,2,1.000e-12,58,-0.934708,0.803406,-0.003357,0.004630
tent,param,3,5,0.05,2,1.000e-12,59,-0.939328,0.801208,0.001834,0.002998
tent,param,3,5,0.05,2,1.000e-12,60,-0.941892,0.800232,0.005892,0.004110
tent,param,3,5,0.05,2,1.000e-12,61,-0.936621,0.797913,0.007167,-0.000367
tent,param,3,5,0.05,2,1.000e-12,62,-0.929302,0.805969,0.000236,-0.006190
tent,param,3,5,0.05,2,1.000e-12,63,-0.935393,0.800903,0.001217,0.010759
tent,param,3,5,0.05,2,1.000e-12,64,-0.928918,0.807312,0.018518,-0.014085
tent,param,3,5,0.05,2,1.000e-12,65,-0.938857,0.799133,0.001527,-0.001391
tent,param,3,5,0.05,2,1.000e-12,66,-0.939226,0.800171,-0.003261,0.008766
tent,param,3,5,0.05,2,1.000e-12,67,-0.933974,0.803772,0.006659,-0.013244
tent,param,3,5,0.05,2,1.000e-12,68,-0.934004,0.802490,0.002543,0.000071
tent,param,3,5,0.05,2,1.000e-12,69,-0.938821,0.800598,0.010280,-0.008716
tent,param,3,5,0.05,2,1.000e-12,70,-0.942534,0.798706,0.015582,0.004344
tent,param,3,5,0.05,2,1.000e-12,71,-0.939576,0.799438,0.009547,0.006422
tent,param,3,5,0.05,2,1.000e-12,72,-0.934410,0.802856,0.007723,-0.003712
tent,param,3,5,0.05,2,1.000e-12,73,-0.934070,0.802429,0.001776,-0.006060
tent,param,3,5,0.05,2,1.000e-12,74,-0.942725,0.799194,-0.004755,0.002703
tent,param,3,5,0.05,2,1.000e-12,75,-0.941705,0.801514,0.002439,0.003594
tent,param,3,5,0.05,2,1.000e-12,76,-0.934644,0.804504,0.004389,0.002734
tent,param,3,5,0.05,2,1.000e-12,77,-0.928582,0.806213,-0.018064,0.007016
tent,param,3,5,0.05,2,1.000e-12,78,-0.932051,0.804688,0.007355,-0.003943
tent,param,3,5,0.05,2,1.000e-12,79,-0.932351,0.803772,0.003216,-0.005757
tent,param,3,5,0.05,2,1.000e-12,80,-0.936864,0.800110,0.002843,-0.004826
tent,param,3,5,0.05,2,1.000e-12,81,-0.936518,0.800415,0.008798,0.015848
tent,param,3,5,0.05,2,1.000e-12,82,-0.930325,0.802917,0.002012,-0.002253
tent,param,3,5,0.05,2,1.000e-12,83,-0.932378,0.803650,-0.008444,-0.002480
tent,param,3,5,0.05,2,1.000e-12,84,-0.931742,0.811279,-0.001780,-0.003044
tent,param,3,5,0.05,2,1.000e-12,85,-0.929003,0.804932,-0.015326,-0.016262
tent,param,3,5,0.05,2,1.000e-12,86,-0.937324,0.801636,-0.006442,0.004345
tent,param,3,5,0.05,2,1.000e-12,87,-0.943602,0.800415,0.006756,0.016087
tent,param,3,5,0.05,2,1.000e-12,88,-0.935386,0.802063,0.008591,-0.011258
tent,param,3,5,0.05,2,1.000e-12,89,-0.937923,0.803650,0.008185,0.005345
tent,param,3,5,0.05,2,1.000e-12,90,-0.938957,0.800903,-0.003734,0.005178
tent,param,3,5,0.05,2,1.000e-12,91,-0.939424,0.799988,0.003778,0.009094
tent,param,3,5,0.05,2,1.000e-12,92,-0.934726,0.804626,0.000553,0.005290
tent,param,3,5,0.05,2,1.000e-12,93,-0.936477,0.802612,-0.000672,-0.000889
tent,param,3,5,0.05,2,1.000e-12,94,-0.933601,0.803467,-0.006376,0.006075
tent,param,3,5,0.05,2,1.000e-12,95,-0.937232,0.802856,-0.003967,0.017388
tent,param,3,5,0.05,2,1.000e-12,96,-0.938271,0.797974,0.001678,0.000001
tent,param,3,5,0.05,2,1.000e-12,97,-0.935837,0.802246,-0.000841,0.002599
tent,param,3,5,0.05,2,1.000e-12,98,-0.928014,0.806946,-0.007566,0.002231
tent,param,3,5,0.05,2,1.000e-12,99,-0.925501,0.805786,-0.009162,-0.002367
tent,param,3,5,0.05,2,1.000e-12,100,-0.929664,0.804260,-0.019390,0.001622
tent,param,3,5,0.05,2,1.000e-12,101,-0.939229,0.799988,0.000945,0.001505
tent,param,3,5,0.05,2,1.000e-12,102,-0.936113,0.800720,0.003036,-0.004225
tent,param,3,5,0.05,2,1.000e-12,103,-0.935128,0.803406,0.005020,-0.000920
tent,param,3,5,0.05,2,1.000e-12,104,-0.934915,0.802429,-0.004350,0.004760
tent,param,3,5,0.05,2,1.000e-12,105,-0.934618,0.801392,0.005798,-0.003530
tent,param,3,5,0.05,2,1.000e-12,106,-0.930729,0.806519,-0.006478,0.003041
tent,param,3,5,0.05,2,1.000e-12,107,-0.935960,0.804382,-0.001143,0.001308
tent,param,3,5,0.05,2,1.000e-12,108,-0.938611,0.800598,0.009443,-0.000971
tent,param,3,5,0.05,2,1.000e-12,109,-0.932605,0.803650,0.002608,0.009470
tent,param,3,5,0.05,2,1.000e-12,110,-0.927915,0.807617,-0.000291,-0.004799
tent,param,3,5,0.05,2,1.000e-12,111,-0.927270,0.804810,-0.010244,0.002862
tent,param,3,5,0.05,2,1.000e-12,112,-0.938487,0.802063,0.004173,-0.005168
tent,param,3,5,0.05,2,1.000e-12,113,-0.939379,0.801514,-0.002820,0.002198
tent,param,3,5,0.05,2,1.000e-12,114,-0.937401,0.802002,0.007450,-0.007293
tent,param,3,5,0.05,2,1.000e-12,115,-0.938828,0.799683,0.003095,0.000015
tent,param,3,5,0.05,2,1.000e-12,116,-0.940084,0.798523,0.001741,-0.002171
tent,param,3,5,0.05,2,1.000e-12,117,-0.938273,0.801025,-0.002746,0.002827
tent,param,3,5,0.05,2,1.000e-12,118,-0.936205,0.801514,0.007650,-0.004065
tent,param,3,5,0.05,2,1.000e-12,119,-0.935858,0.799683,0.006743,0.001685
tent,param,3,5,0.05,2,1.000e-12,120,-0.941506,0.799072,0.004896,0.006872
tent,param,3,5,0.05,2,1.000e-12,121,-0.930097,0.805359,-0.014377,0.009589
tent,param,3,5,0.05,2,1.000e-12,122,-0.926862,0.807800,-0.012372,-0.007031
tent,param,3,5,0.05,2,1.000e-12,123,-0.930587,0.802551,-0.001522,-0.009521
tent,param,3,5,0.05,2,1.000e-12,124,-0.942715,0.796997,0.000931,0.003448
tent,param,3,5,0.05,2,1.000e-12,125,-0.938591,0.799561,-0.005778,0.004437
tent,param,3,5,0.05,2,1.000e-12,126,-0.937508,0.801025,-0.011088,0.011072
tent,param,3,5,0.05,2,1.000e-12,127,-0.932960,0.801208,0.005024,-0.009603
tent,param,3,5,0.05,2,1.000e-12,128,-0.926256,0.806641,-0.007546,0.001220
tent,param,3,5,0.05,2,1.000e-12,129,-0.932250,0.805359,0.004950,-0.011015
tent,param,3,5,0.05,2,1.000e-12,130,-0.943099,0.802307,0.002278,0.009653
tent,param,3,5,0.05,2,1.000e-12,131,-0.936828,0.802429,-0.007636,-0.008688
tent,param,3,5,0.05,2,1.000e-12,132,-0.940123,0.801392,0.003332,-0.006618
tent,param,3,5,0.05,2,1.000e-12,133,-0.940209,0.799316,0.004380,0.004019
tent,param,3,5,0.05,2,1.000e-12,134,-0.938290,0.802734,0.000791,0.009839
tent,param,3,5,0.05,2,1.000e-12,135,-0.938517,0.799438,0.012692,0.005283
tent,param,3,5,0.05,2,1.000e-12,136,-0.927253,0.807190,0.006608,-0.018308
tent,param,3,5,0.05,2,1.000e-12,137,-0.931967,0.804688,-0.015192,-0.008919
tent,param,3,5,0.05,2,1.000e-12,138,-0.939495,0.801697,0.004970,0.011756
tent,param,3,5,0.05,2,1.000e-12,139,-0.934691,0.802551,0.003151,-0.007944
tent,param,3,5,0.05,2,1.000e-12,140,-0.946865,0.795837,0.004549,0.018469
tent,param,3,5,0.05,2,1.000e-12,141,-0.940269,0.800781,0.002740,-0.000606
tent,param,3,5,0.05,2,1.000e-12,142,-0.933382,0.803101,-0.002760,-0.001697
tent,param,3,5,0.05,2,1.000e-12,143,-0.934678,0.804443,-0.007765,0.010521
tent,param,3,5,0.05,2,1.000e-12,144,-0.931412,0.802246,0.010047,-0.017664
tent,param,3,5,0.05,2,1.000e-12,145,-0.931812,0.803772,-0.002314,0.003383
tent,param,3,5,0.05,2,1.000e-12,146,-0.929492,0.804565,0.000364,-0.000431
tent,param,3,5,0.05,2,1.000e-12,147,-0.937953,0.801941,-0.004351,0.000185
tent,param,3,5,0.05,2,1.000e-12,148,-0.942962,0.795837,0.003192,0.003885
tent,param,3,5,0.05,2,1.000e-12,149,-0.937422,0.804016,0.009595,0.006707
tent,param,3,5,0.05,2,1.000e-12,150,-0.925895,0.805969,0.004228,-0.004899
tent,param,3,5,0.05,2,1.000e-12,151,-0.936409,0.799561,-0.007209,-0.001506
tent,param,3,5,0.05,2,1.000e-12,152,-0.936858,0.800354,-0.004511,0.001699
tent,param,3,5,0.05,2,1.000e-12,153,-0.937965,0.801575,0.001008,0.002609
tent,param,3,5,0.05,2,1.000e-12,154,-0.939169,0.801575,0.008736,0.006560
tent,param,3,5,0.05,2,1.000e-12,155,-0.932978,0.802612,0.003584,0.000092
tent,param,3,5,0.05,2,1.000e-12,156,-0.935986,0.802002,0.010119,0.005124
tent,param,3,5,0.05,2,1.000e-12,157,-0.932594,0.805542,0.004835,-0.000246
tent,param,3,5,0.05,2,1.000e-12,158,-0.935394,0.798462,-0.008820,-0.007286
tent,param,3,5,0.05,2,1.000e-12,159,-0.937254,0.799561,-0.006498,0.006688
tent,param,3,5,0.05,2,1.000e-12,160,-0.930281,0.805420,-0.002473,0.001774
tent,param,3,5,0.05,2,1.000e-12,161,-0.925462,0.807190,-0.001631,-0.015683
tent,param,3,5,0.05,2,1.000e-12,162,-0.927695,0.805786,0.001012,-0.003364
tent,param,3,5,0.05,2,1.000e-12,163,-0.931741,0.802734,-0.006390,-0.002406
tent,param,3,5,0.05,2,1.000e-12,164,-0.933133,0.803345,-0.009233,0.004562
tent,param,3,5,0.05,2,1.000e-12,165,-0.935366,0.803284,-0.001139,0.008037
tent,param,3,5,0.05,2,1.000e-12,166,-0.923022,0.807251,-0.013125,-0.001422
tent,param,3,5,0.05,2,1.000e-12,167,-0.933078,0.805237,-0.004392,-0.003381
tent,param,3,5,0.05,2,1.000e-12,168,-0.933970,0.799438,-0.008343,0.001202
tent,param,3,5,0.05,2,1.000e-12,169,-0.930295,0.807434,0.006417,-0.008193
tent,param,3,5,0.05,2,1.000e-12,170,-0.930984,0.804077,-0.004327,-0.006881
tent,param,3,5,0.05,2,1.000e-12,171,-0.934134,0.806274,-0.005040,-0.007607
tent,param,3,5,0.05,2,1.000e-12,172,-0.931869,0.806396,0.001101,-0.007824
tent,param,3,5,0.05,2,1.000e-12,173,-0.928189,0.805298,-0.013438,0.000047
tent,param,3,5,0.05,2,1.000e-12,174,-0.928045,0.803955,-0.008128,-0.000749
tent,param,3,5,0.05,2,1.000e-12,175,-0.938792,0.798035,0.002202,-0.018562
tent,param,3,5,0.05,2,1.000e-12,176,-0.942837,0.796875,-0.009833,0.010183
tent,param,3,5,0.05,2,1.000e-12,177,-0.939688,0.797729,0.009545,0.002868
tent,param,3,5,0.05,2,1.000e-12,178,-0.935977,0.804138,0.002844,-0.005871
tent,param,3,5,0.05,2,1.000e-12,179,-0.932133,0.809875,0.000788,-0.008883
tent,param,3,5,0.05,2,1.000e-12,180,-0.934791,0.803772,-0.002369,0.000407
tent,param,3,5,0.05,2,1.000e-12,181,-0.939669,0.801514,0.014156,-0.009070
tent,param,3,5,0.05,2,1.000e-12,182,-0.938194,0.801819,-0.010501,0.010067
tent,param,3,5,0.05,2,1.000e-12,183,-0.945468,0.798035,0.003724,0.007949
tent,param,3,5,0.05,2,1.000e-12,184,-0.938803,0.802979,-0.000094,0.007100
tent,param,3,5,0.05,2,1.000e-12,185,-0.948017,0.796936,0.023902,0.008299
tent,param,3,5,0.05,2,1.000e-12,186,-0.932997,0.802612,0.001152,0.002893
tent,param,3,5,0.05,2,1.000e-12,187,-0.938994,0.801147,0.001398,0.000728
tent,param,3,5,0.05,2,1.000e-12,188,-0.938301,0.800476,0.005986,0.000858
tent,param,3,5,0.05,2,1.000e-12,189,-0.938069,0.799866,-0.002299,0.000954
tent,param,3,5,0.05,2,1.000e-12,190,-0.939746,0.798706,-0.001571,0.008910
tent,param,3,5,0.05,2,1.000e-12,191,-0.939276,0.802124,0.000302,0.003013
tent,param,3,5,0.05,2,1.000e-12,192,-0.928389,0.801514,0.001072,-0.005556
tent,param,3,5,0.05,2,1.000e-12,193,-0.930055,0.807739,0.000982,0.005438
tent,param,3,5,0.05,2,1.000e-12,194,-0.930646,0.805298,-0.000693,0.012436
tent,param,3,5,0.05,2,1.000e-12,195,-0.934747,0.804871,-0.006877,-0.000645
tent,param,3,5,0.05,2,1.000e-12,196,-0.938415,0.801025,0.001429,-0.005430
tent,param,3,5,0.05,2,1.000e-12,197,-0.930870,0.804749,0.000579,-0.009584
tent,param,3,5,0.05,2,1.000e-12,198,-0.932402,0.802979,-0.001882,-0.013824
tent,param,3,5,0.05,2,1.000e-12,199,-0.934414,0.803406,-0.006883,-0.002223
tent,param,3,5,0.05,2,1.000e-12,200,-0.939149,0.803711,0.003001,0.000521
tent,param,3,5,0.05,2,1.000e-12,201,-0.934292,0.802612,-0.004065,0.001390
tent,param,3,5,0.05,2,1.000e-12,202,-0.927512,0.806396,-0.008523,-0.008911
tent,param,3,5,0.05,2,1.000e-12,203,-0.926507,0.805847,-0.012641,-0.012106
tent,param,3,5,0.05,2,1.000e-12,204,-0.939780,0.798767,0.006331,0.009245
tent,param,3,5,0.05,2,1.000e-12,205,-0.935691,0.802490,-0.004762,-0.004756
tent,param,3,5,0.05,2,1.000e-12,206,-0.936031,0.802490,0.010741,0.010511
tent,param,3,5,0.05,2,1.000e-12,207,-0.929800,0.803345,-0.002997,-0.016296
tent,param,3,5,0.05,2,1.000e-12,208,-0.934365,0.804321,0.003082,0.004841
tent,param,3,5,0.05,2,1.000e-12,209,-0.935029,0.803406,-0.001277,-0.014420
tent,param,3,5,0.05,2,1.000e-12,210,-0.936258,0.802368,-0.001238,-0.004598
tent,param,3,5,0.05,2,1.000e-12,211,-0.933598,0.801331,0.006428,-0.011584
tent,param,3,5,0.05,2,1.000e-12,212,-0.928686,0.808044,-0.005009,-0.003505
tent,param,3,5,0.05,2,1.000e-12,213,-0.925904,0.807129,-0.009396,-0.008624
tent,param,3,5,0.05,2,1.000e-12,214,-0.931161,0.805054,-0.003917,-0.007898
tent,param,3,5,0.05,2,1.000e-12,215,-0.935335,0.806152,0.002705,-0.000784
tent,param,3,5,0.05,2,1.000e-12,216,-0.936263,0.798828,-0.010099,0.010352
tent,param,3,5,0.05,2,1.000e-12,217,-0.935576,0.802185,0.001910,0.011224
tent,param,3,5,0.05,2,1.000e-12,218,-0.927420,0.810547,-0.010505,-0.002250
tent,param,3,5,0.05,2,1.000e-12,219,-0.936094,0.805786,-0.000470,0.004062
tent,param,3,5,0.05,2,1.000e-12,220,-0.937533,0.802124,-0.002904,-0.013355
tent,param,3,5,0.05,2,1.000e-12,221,-0.941984,0.802429,0.003917,0.008843
tent,param,3,5,0.05,2,1.000e-12,222,-0.941503,0.801025,0.002374,-0.000590
tent,param,3,5,0.05,2,1.000e-12,223,-0.935628,0.801514,-0.008374,0.000037
tent,param,3,5,0.05,2,1.000e-12,224,-0.938302,0.800476,0.001873,0.009065
tent,param,3,5,0.05,2,1.000e-12,225,-0.934516,0.801819,0.003045,0.002822
tent,param,3,5,0.05,2,1.000e-12,226,-0.935028,0.800659,-0.006809,0.013627
tent,param,3,5,0.05,2,1.000e-12,227,-0.931321,0.805908,-0.014667,0.000993
tent,param,3,5,0.05,2,1.000e-12,228,-0.933102,0.805603,-0.003769,-0.005508
tent,param,3,5,0.05,2,1.000e-12,229,-0.937532,0.802246,0.006636,-0.000052
tent,param,3,5,0.05,2,1.000e-12,230,-0.941657,0.798340,-0.013513,0.011562
tent,param,3,5,0.05,2,1.000e-12,231,-0.943398,0.799255,-0.006080,0.013595
tent,param,3,5,0.05,2,1.000e-12,232,-0.937168,0.799011,-0.006016,0.003386
tent,param,3,5,0.05,2,1.000e-12,233,-0.931157,0.808228,-0.005637,-0.003386
tent,param,3,5,0.05,2,1.000e-12,234,-0.935530,0.800659,-0.001342,0.000896
tent,param,3,5,0.05,2,1.000e-12,235,-0.931343,0.802429,-0.002117,-0.009772
tent,param,3,5,0.05,2,1.000e-12,236,-0.942140,0.800842,0.006131,0.000675
tent,param,3,5,0.05,2,1.000e-12,237,-0.948790,0.797729,0.010137,0.001903
tent,param,3,5,0.05,2,1.000e-12,238,-0.943288,0.794373,0.001300,-0.003217
tent,param,3,5,0.05,2,1.000e-12,239,-0.936221,0.804321,0.012260,0.001642
tent,param,3,5,0.05,2,1.000e-12,240,-0.935980,0.802917,0.007663,-0.006220
tent,param,3,5,0.05,2,1.000e-12,241,-0.931598,0.802490,0.002319,-0.009971
tent,param,3,5,0.05,2,1.000e-12,242,-0.932682,0.807190,-0.005117,-0.000438
tent,param,3,5,0.05,2,1.000e-12,243,-0.937392,0.802856,-0.007965,0.018369
tent,param,3,5,0.05,2,1.000e-12,244,-0.934452,0.806030,0.002553,-0.003216
tent,param,3,5,0.05,2,1.000e-12,245,-0.933688,0.802246,0.002304,-0.011835
tent,param,3,5,0.05,2,1.000e-12,246,-0.936481,0.799683,0.001607,0.001288
tent,param,3,5,0.05,2,1.000e-12,247,-0.940336,0.799194,0.007628,-0.000375
tent,param,3,5,0.05,2,1.000e-12,248,-0.938100,0.798462,-0.000087,0.001703
tent,param,3,5,0.05,2,1.000e-12,249,-0.934779,0.801697,0.000956,0.012984
tent,param,3,5,0.05,2,1.000e-12,250,-0.936802,0.803223,0.013002,-0.011543
tent,param,3,5,0.05,2,1.000e-12,251,-0.935926,0.804565,0.000292,0.011892
tent,param,3,5,0.05,2,1.000e-12,252,-0.931183,0.801941,0.002973,-0.026512
tent,param,3,5,0.05,2,1.000e-12,253,-0.941164,0.801758,0.007545,0.003946
tent,param,3,5,0.05,2,1.000e-12,254,-0.938464,0.801270,0.004551,0.000924
tent,param,3,5,0.05,2,1.000e-12,255,-0.931990,0.803711,0.002994,0.006141
tent,param,3,5,0.05,2,1.000e-12,256,-0.928931,0.803528,0.003070,-0.013463
tent,param,3,5,0.05,2,1.000e-12,257,-0.934654,0.803284,-0.002230,-0.002845
tent,param,3,5,0.05,2,1.000e-12,258,-0.941280,0.802673,0.018410,-0.000310
tent,param,3,5,0.05,2,1.000e-12,259,-0.930880,0.805908,-0.002446,-0.005950
tent,param,3,5,0.05,2,1.000e-12,260,-0.931099,0.805298,-0.001645,-0.009571
tent,param,3,5,0.05,2,1.000e-12,261,-0.932393,0.804871,0.002668,-0.006915
tent,param,3,5,0.05,2,1.000e-12,262,-0.937842,0.799438,0.000281,-0.000554
tent,param,3,5,0.05,2,1.000e-12,263,-0.937931,0.803040,-0.002542,-0.003569
tent,param,3,5,0.05,2,1.000e-12,264,-0.938299,0.804504,0.012219,0.008434
tent,param,3,5,0.05,2,1.000e-12,265,-0.927122,0.809875,-0.006698,-0.007569
tent,param,3,5,0.05,2,1.000e-12,266,-0.929064,0.801758,-0.013816,-0.005503
tent,param,3,5,0.05,2,1.000e-12,267,-0.937707,0.801514,0.002968,0.010503
tent,param,3,5,0.05,2,1.000e-12,268,-0.932285,0.804871,0.004432,-0.003367
tent,param,3,5,0.05,2,1.000e-12,269,-0.941849,0.798279,0.002186,-0.003930
tent,param,3,5,0.05,2,1.000e-12,270,-0.943816,0.799255,0.002434,0.007595
tent,param,3,5,0.05,2,1.000e-12,271,-0.940240,0.799622,0.002065,0.005117
tent,param,3,5,0.05,2,1.000e-12,272,-0.944425,0.797241,0.004186,0.014505
tent,param,3,5,0.05,2,1.000e-12,273,-0.940134,0.801392,-0.004425,0.003128
tent,param,3,5,0.05,2,1.000e-12,274,-0.936616,0.800110,-0.013713,0.008878
tent,param,3,5,0.05,2,1.000e-12,275,-0.937043,0.803345,0.011858,-0.006744
tent,param,3,5,0.05,2,1.000e-12,276,-0.933556,0.805603,0.002579,0.002651
tent,param,3,5,0.05,2,1.000e-12,277,-0.931098,0.803528,-0.008535,-0.006976
tent,param,3,5,0.05,2,1.000e-12,278,-0.939314,0.798889,-0.009671,-0.004697
tent,param,3,5,0.05,2,1.000e-12,279,-0.937548,0.799011,-0.008338,-0.004741
tent,param,3,5,0.05,2,1.000e-12,280,-0.944742,0.799500,0.016348,0.005622
tent,param,3,5,0.05,2,1.000e-12,281,-0.946534,0.797668,0.003461,0.016212
tent,param,3,5,0.05,2,1.000e-12,282,-0.936782,0.799011,-0.016065,0.004053
tent,param,3,5,0.05,2,1.000e-12,283,-0.941716,0.797852,-0.000783,0.005345
tent,param,3,5,0.05,2,1.000e-12,284,-0.935469,0.803955,-0.001522,-0.000698
tent,param,3,5,0.05,2,1.000e-12,285,-0.938927,0.798889,-0.000676,0.012647
tent,param,3,5,0.05,2,1.000e-12,286,-0.943329,0.798157,0.012333,0.004152
tent,param,3,5,0.05,2,1.000e-12,287,-0.935693,0.805054,-0.001673,0.003334
tent,param,3,5,0.05,2,1.000e-12,288,-0.930607,0.807312,-0.006658,-0.003814
tent,param,3,5,0.05,2,1.000e-12,289,-0.938540,0.799866,-0.000370,0.000476
tent,param,3,5,0.05,2,1.000e-12,290,-0.936935,0.802979,0.004088,-0.004372
tent,param,3,5,0.05,2,1.000e-12,291,-0.933420,0.804016,-0.003779,0.003547
tent,param,3,5,0.05,2,1.000e-12,292,-0.936366,0.803467,0.003196,-0.002665
tent,param,3,5,0.05,2,1.000e-12,293,-0.939956,0.800049,0.005797,-0.009108
tent,param,3,5,0.05,2,1.000e-12,294,-0.933912,0.802673,-0.008833,0.002875
tent,param,3,5,0.05,2,1.000e-12,295,-0.931204,0.801941,0.011162,-0.013474
tent,param,3,5,0.05,2,1.000e-12,296,-0.927227,0.807861,-0.006033,-0.010578
tent,param,3,5,0.05,2,1.000e-12,297,-0.935759,0.801636,0.004114,-0.006015
tent,param,3,5,0.05,2,1.000e-12,298,-0.941657,0.803040,-0.002660,0.016796
tent,param,3,5,0.05,2,1.000e-12,299,-0.934170,0.804810,-0.005109,-0.005162
tent,param,3,5,0.05,2,1.000e-12,300,-0.932623,0.806519,-0.008345,0.000522
tent,param,3,5,0.05,2,1.000e-12,301,-0.938475,0.802856,0.011302,0.005577
tent,param,3,5,0.05,2,1.000e-12,302,-0.939625,0.797607,0.001097,0.007380
tent,param,3,5,0.05,2,1.000e-12,303,-0.931911,0.801025,0.004713,-0.014028
tent,param,3,5,0.05,2,1.000e-12,304,-0.940906,0.798584,0.008496,0.005219
tent,param,3,5,0.05,2,1.000e-12,305,-0.933935,0.804871,0.005447,0.004702
tent,param,3,5,0.05,2,1.000e-12,306,-0.927811,0.806458,-0.011379,-0.002517
tent,param,3,5,0.05,2,1.000e-12,307,-0.931129,0.808655,0.005859,0.013916
tent,param,3,5,0.05,2,1.000e-12,308,-0.931541,0.805054,-0.020900,0.004641
tent,param,3,5,0.05,2,1.000e-12,309,-0.935704,0.800781,-0.014534,0.010875
tent,param,3,5,0.05,2,1.000e-12,310,-0.928382,0.805664,-0.003350,-0.012118
tent,param,3,5,0.05,2,1.000e-12,311,-0.931206,0.803528,-0.000922,-0.000188
tent,param,3,5,0.05,2,1.000e-12,312,-0.938895,0.800354,0.004064,0.001912
tent,param,3,5,0.05,2,1.000e-12,313,-0.931500,0.804565,-0.005821,-0.009394
tent,param,3,5,0.05,2,1.000e-12,314,-0.930990,0.804321,-0.005234,-0.002989
tent,param,3,5,0.05,2,1.000e-12,315,-0.932432,0.803101,-0.007054,-0.000797
tent,param,3,5,0.05,2,1.000e-12,316,-0.933274,0.805054,0.003146,0.001346
tent,param,3,5,0.05,2,1.000e-12,317,-0.933052,0.802551,-0.002509,0.000795
tent,param,3,5,0.05,2,1.000e-12,318,-0.935064,0.801758,0.008339,0.001438
tent,param,3,5,0.05,2,1.000e-12,319,-0.931088,0.808350,-0.011817,-0.002631
tent,param,3,5,0.05,2,1.000e-12,320,-0.934869,0.802979,0.000788,-0.019437
tent,param,3,5,0.05,2,1.000e-12,321,-0.934468,0.804260,-0.007291,0.006351
tent,param,3,5,0.05,2,1.000e-12,322,-0.935630,0.801331,0.000475,0.003580
tent,param,3,5,0.05,2,1.000e-12,323,-0.942880,0.795776,0.005755,0.009864
tent,param,3,5,0.05,2,1.000e-12,324,-0.936221,0.803101,0.004754,0.001721
tent,param,3,5,0.05,2,1.000e-12,325,-0.940702,0.801208,0.010855,0.001158
tent,param,3,5,0.05,2,1.000e-12,326,-0.932835,0.807678,-0.004582,0.000421
tent,param,3,5,0.05,2,1.000e-12,327,-0.934437,0.802307,-0.006222,-0.006372
tent,param,3,5,0.05,2,1.000e-12,328,-0.939102,0.803101,0.001686,0.001349
tent,param,3,5,0.05,2,1.000e-12,329,-0.939131,0.798828,-0.002296,0.000836
tent,param,3,5,0.05,2,1.000e-12,330,-0.937821,0.800171,-0.002610,0.005390
tent,param,3,5,0.05,2,1.000e-12,331,-0.946317,0.796387,0.006502,0.005100
tent,param,3,5,0.05,2,1.000e-12,332,-0.941713,0.804138,0.004093,0.012113
tent,param,3,5,0.05,2,1.000e-12,333,-0.934554,0.803894,0.007895,-0.005714
tent,param,3,5,0.05,2,1.000e-12,334,-0.937182,0.801025,0.002820,-0.000449
tent,param,3,5,0.05,2,1.000e-12,335,-0.940550,0.800842,0.010361,0.004654
tent,param,3,5,0.05,2,1.000e-12,336,-0.946129,0.796570,0.002304,0.015264
tent,param,3,5,0.05,2,1.000e-12,337,-0.941773,0.798218,0.000647,0.012663
tent,param,3,5,0.05,2,1.000e-12,338,-0.944077,0.800293,0.004536,0.009227
tent,param,3,5,0.05,2,1.000e-12,339,-0.940263,0.798035,-0.004105,0.001319
tent,param,3,5,0.05,2,1.000e-12,340,-0.942905,0.800659,0.015981,0.001039
tent,param,3,5,0.05,2,1.000e-12,341,-0.928054,0.806580,0.001885,-0.007030
tent,param,3,5,0.05,2,1.000e-12,342,-0.927377,0.807251,-0.000176,-0.005024
tent,param,3,5,0.05,2,1.000e-12,343,-0.939156,0.795898,0.006679,0.002024
tent,param,3,5,0.05,2,1.000e-12,344,-0.940107,0.800964,0.000235,0.013917
tent,param,3,5,0.05,2,1.000e-12,345,-0.934636,0.802917,0.010910,-0.009734
tent,param,3,5,0.05,2,1.000e-12,346,-0.937525,0.802124,-0.009567,0.008431
tent,param,3,5,0.05,2,1.000e-12,347,-0.935734,0.803101,0.000757,0.003265
tent,param,3,5,0.05,2,1.000e-12,348,-0.935257,0.805786,-0.005585,0.002822
tent,param,3,5,0.05,2,1.000e-12,349,-0.935831,0.800049,0.010699,-0.006150
tent,param,3,5,0.05,2,1.000e-12,350,-0.934360,0.804993,0.003682,-0.001386
tent,param,3,5,0.05,2,1.000e-12,351,-0.928529,0.806152,-0.009475,-0.002346
tent,param,3,5,0.05,2,1.000e-12,352,-0.938907,0.801941,0.002485,0.003315
tent,param,3,5,0.05,2,1.000e-12,353,-0.946504,0.801086,0.006227,0.012251
tent,param,3,5,0.05,2,1.000e-12,354,-0.936701,0.802368,-0.004522,0.006039
tent,param,3,5,0.05,2,1.000e-12,355,-0.934324,0.803711,-0.006649,-0.005894
tent,param,3,5,0.05,2,1.000e-12,356,-0.941778,0.800964,0.009240,0.018020
tent,param,3,5,0.05,2,1.000e-12,357,-0.934103,0.802246,-0.007769,0.009565
tent,param,3,5,0.05,2,1.000e-12,358,-0.938361,0.802429,0.004606,-0.002259
tent,param,3,5,0.05,2,1.000e-12,359,-0.933868,0.804321,0.001375,-0.005844
tent,param,3,5,0.05,2,1.000e-12,360,-0.948306,0.796082,0.004747,0.016857
tent,param,3,5,0.05,2,1.000e-12,361,-0.938665,0.798889,-0.011481,0.012881
tent,param,3,5,0.05,2,1.000e-12,362,-0.942728,0.798828,0.013682,0.005526
tent,param,3,5,0.05,2,1.000e-12,363,-0.939568,0.801575,0.011548,-0.005753
tent,param,3,5,0.05,2,1.000e-12,364,-0.935026,0.802368,0.003940,-0.002387
tent,param,3,5,0.05,2,1.000e-12,365,-0.933778,0.803223,0.009475,-0.015286
tent,param,3,5,0.05,2,1.000e-12,366,-0.932002,0.805603,-0.014813,0.008759
tent,param,3,5,0.05,2,1.000e-12,367,-0.940855,0.799255,0.001147,0.007874
tent,param,3,5,0.05,2,1.000e-12,368,-0.932059,0.803040,0.006888,-0.018162
tent,param,3,5,0.05,2,1.000e-12,369,-0.933658,0.802795,-0.004865,0.005379
tent,param,3,5,0.05,2,1.000e-12,370,-0.930859,0.805054,-0.004023,0.002195
tent,param,3,5,0.05,2,1.000e-12,371,-0.930787,0.808228,-0.010937,0.011369
tent,param,3,5,0.05,2,1.000e-12,372,-0.929345,0.807190,-0.013724,-0.005436
tent,param,3,5,0.05,2,1.000e-12,373,-0.937309,0.803467,-0.010590,0.014168
tent,param,3,5,0.05,2,1.000e-12,374,-0.938012,0.799377,0.005973,0.006819
tent,param,3,5,0.05,2,1.000e-12,375,-0.932747,0.805847,-0.010030,0.005402
tent,param,3,5,0.05,2,1.000e-12,376,-0.934426,0.804993,-0.000592,0.005129
tent,param,3,5,0.05,2,1.000e-12,377,-0.937639,0.802673,0.001262,0.002767
tent,param,3,5,0.05,2,1.000e-12,378,-0.935176,0.801514,-0.001327,-0.004737
tent,param,3,5,0.05,2,1.000e-12,379,-0.937285,0.804382,0.008747,0.004823
tent,param,3,5,0.05,2,1.000e-12,380,-0.938672,0.799744,0.009417,0.004776
tent,param,3,5,0.05,2,1.000e-12,381,-0.941442,0.800110,-0.007123,0.007838
tent,param,3,5,0.05,2,1.000e-12,382,-0.944667,0.796997,0.008095,0.012322
tent,param,3,5,0.05,2,1.000e-12,383,-0.939271,0.799744,0.005329,0.010867
tent,param,3,5,0.05,2,1.000e-12,384,-0.935708,0.800964,0.004039,-0.005878
tent,param,3,5,0.05,2,1.000e-12,385,-0.927890,0.803040,-0.007320,0.004404
tent,param,3,5,0.05,2,1.000e-12,386,-0.928705,0.809021,-0.004867,-0.003257
tent,param,3,5,0.05,2,1.000e-12,387,-0.937643,0.802368,0.003947,0.004142
tent,param,3,5,0.05,2,1.000e-12,388,-0.940288,0.799744,0.000306,0.012474
tent,param,3,5,0.05,2,1.000e-12,389,-0.936089,0.806641,-0.004347,0.006019
tent,param,3,5,0.05,2,1.000e-12,390,-0.937604,0.801392,-0.000670,-0.005160
tent,param,3,5,0.05,2,1.000e-12,391,-0.936993,0.803650,-0.008586,0.006234
tent,param,3,5,0.05,2,1.000e-12,392,-0.936830,0.798767,-0.004078,0.006408
tent,param,3,5,0.05,2,1.000e-12,393,-0.940949,0.799866,0.008718,-0.007741
tent,param,3,5,0.05,2,1.000e-12,394,-0.945523,0.798401,0.010271,0.005490
tent,param,3,5,0.05,2,1.000e-12,395,-0.932251,0.802612,0.000325,-0.008940
tent,param,3,5,0.05,2,1.000e-12,396,-0.927368,0.806091,0.009884,-0.005904
tent,param,3,5,0.05,2,1.000e-12,397,-0.930046,0.804016,-0.004422,0.000837
tent,param,3,5,0.05,2,1.000e-12,398,-0.936762,0.803467,0.008147,-0.009356
tent,param,3,5,0.05,2,1.000e-12,399,-0.933788,0.803833,0.000871,-0.002021
tent,param,3,5,0.05,2,1.000e-12,400,-0.933002,0.801941,0.002747,-0.003761
tent,param,3,5,0.05,2,1.000e-10,1,-23.955236,0.000000,1.000000,1.000000
tent,param,3,5,0.05,2,1.000e-10,2,-23.326279,0.000000,1.000000,1.000000
tent,param,3,5,0.05,2,1.000e-10,3,-22.708217,0.000000,1.000000,1.000000
tent,param,3,5,0.05,2,1.000e-10,4,-22.072525,0.000000,1.000000,1.000000
tent,param,3,5,0.05,2,1.000e-10,5,-21.428500,0.000000,1.000000,1.000000
tent,param,3,5,0.05,2,1.000e-10,6,-20.784400,0.000000,1.000000,1.000000
tent,param,3,5,0.05,2,1.000e-10,7,-20.141719,0.000000,1.000000,1.000000
tent,param,3,5,0.05,2,1.000e-10,8,-19.499130,0.000000,1.000000,1.000000
tent,param,3,5,0.05,2,1.000e-10,9,-18.857120,0.000000,1.000000,1.000000
tent,param,3,5,0.05,2,1.000e-10,10,-18.213922,0.000000,1.000000,1.000000
tent,param,3,5,0.05,2,1.000e-10,11,-17.571347,0.000000,1.000000,1.000000
tent,param,3,5,0.05,2,1.000e-10,12,-16.930471,0.000000,1.000000,1.000000
tent,param,3,5,0.05,2,1.000e-10,13,-16.287352,0.000000,1.000000,1.000000
tent,param,3,5,0.05,2,1.000e-10,14,-15.643565,0.000000,1.000000,1.000000
tent,param,3,5,0.05,2,1.000e-10,15,-15.001283,0.000000,1.000000,1.000000
tent,param,3,5,0.05,2,1.000e-10,16,-14.358240,0.000000,1.000000,1.000000
tent,param,3,5,0.05,2,1.000e-10,17,-13.717342,0.000000,1.000000,1.000000
tent,param,3,5,0.05,2,1.000e-10,18,-13.074337,0.000000,1.000000,1.000000
tent,param,3,5,0.05,2,1.000e-10,19,-12.432055,0.000000,1.000000,1.000000
tent,param,3,5,0.05,2,1.000e-10,20,-11.789437,0.000000,1.000000,1.000000
tent,param,3,5,0.05,2,1.000e-10,21,-11.147282,0.000000,1.000000,1.000000
tent,param,3,5,0.05,2,1.000e-10,22,-10.505512,0.000000,1.000000,1.000000
tent,param,3,5,0.05,2,1.000e-10,23,-9.862400,0.000061,1.000000,0.999530
tent,param,3,5,0.05,2,1.000e-10,24,-9.220657,0.000000,0.999995,1.000000
tent,param,3,5,0.05,2,1.000e-10,25,-8.577836,0.000000,0.999984,1.000000
tent,param,3,5,0.05,2,1.000e-10,26,-7.934041,0.000183,0.999002,0.999990
tent,param,3,5,0.05,2,1.000e-10,27,-7.292064,0.000244,0.998859,0.999477
tent,param,3,5,0.05,2,1.000e-10,28,-6.647752,0.000366,0.999913,0.997976
tent,param,3,5,0.05,2,1.000e-10,29,-6.006146,0.000549,0.998378,0.998329
tent,param,3,5,0.05,2,1.000e-10,30,-5.361161,0.001038,0.995431,0.997179
tent,param,3,5,0.05,2,1.000e-10,31,-4.714124,0.002502,0.994054,0.988756
tent,param,3,5,0.05,2,1.000e-10,32,-4.067882,0.004944,0.984725,0.981976
tent,param,3,5,0.05,2,1.000e-10,33,-3.432073,0.006531,0.973727,0.976963
tent,param,3,5,0.05,2,1.000e-10,34,-2.807003,0.010132,0.959288,0.954497
tent,param,3,5,0.05,2,1.000e-10,35,-2.207257,0.047913,0.908185,0.901825
tent,param,3,5,0.05,2,1.000e-10,36,-1.650671,0.313599,0.772440,0.742765
tent,param,3,5,0.05,2,1.000e-10,37,-1.177264,0.698486,0.433008,0.389595
tent,param,3,5,0.05,2,1.000e-10,38,-0.887605,0.839111,-0.037286,-0.004828
tent,param,3,5,0.05,2,1.000e-10,39,-0.866526,0.835693,-0.116426,-0.076316
tent,param,3,5,0.05,2,1.000e-10,40,-0.923838,0.805298,-0.015316,-0.007125
tent,param,3,5,0.05,2,1.000e-10,41,-0.931004,0.803101,-0.007931,-0.006200
tent,param,3,5,0.05,2,1.000e-10,42,-0.941801,0.800110,0.013536,0.004997
tent,param,3,5,0.05,2,1.000e-10,43,-0.936367,0.802734,0.003954,-0.005639
tent,param,3,5,0.05,2,1.000e-10,44,-0.930165,0.805359,-0.001376,-0.011310
tent,param,3,5,0.05,2,1.000e-10,45,-0.930077,0.806396,-0.002030,0.002958
tent,param,3,5,0.05,2,1.000e-10,46,-0.926303,0.807068,-0.013858,-0.001658
tent,param,3,5,0.05,2,1.000e-10,47,-0.934133,0.802368,-0.008584,0.008651
tent,param,3,5,0.05,2,1.000e-10,48,-0.934359,0.801270,-0.002391,-0.004324
tent,param,3,5,0.05,2,1.000e-10,49,-0.938361,0.801147,0.011619,-0.007510
tent,param,3,5,0.05,2,1.000e-10,50,-0.937269,0.802246,0.006698,0.002748
tent,param,3,5,0.05,2,1.000e-10,51,-0.932985,0.801880,-0.004301,-0.005149
tent,param,3,5,0.05,2,1.000e-10,52,-0.940492,0.800232,-0.002909,0.006508
tent,param,3,5,0.05,2,1.000e-10,53,-0.935740,0.803467,0.005617,0.003332
tent,param,3,5,0.05,2,1.000e-10,54,-0.935211,0.801331,-0.007571,-0.006789
tent,param,3,5,0.05,2,1.000e-10,55,-0.937676,0.799927,0.008788,0.002058
tent,param,3,5,0.05,2,1.000e-10,56,-0.931153,0.802856,-0.012503,0.002232
tent,param,3,5,0.05,2,1.000e-10,57,-0.929277,0.808289,0.005599,-0.003742
tent,param,3,5,0.05,2,1.000e-10,58,-0.930426,0.805786,-0.000979,-0.002021
tent,param,3,5,0.05,2,1.000e-10,59,-0.941293,0.798950,-0.000077,0.004016
tent,param,3,5,0.05,2,1.000e-10,60,-0.939002,0.802734,0.010848,0.006126
tent,param,3,5,0.05,2,1.000e-10,61,-0.933668,0.802795,0.005334,-0.013445
tent,param,3,5,0.05,2,1.000e-10,62,-0.935844,0.801147,0.013680,0.005241
tent,param,3,5,0.05,2,1.000e-10,63,-0.933947,0.800842,0.002502,-0.009723
tent,param,3,5,0.05,2,1.000e-10,64,-0.938113,0.802429,0.016646,0.008714
tent,param,3,5,0.05,2,1.000e-10,65,-0.931934,0.803284,-0.010228,0.000026
tent,param,3,5,0.05,2,1.000e-10,66,-0.932933,0.805054,-0.000476,0.008604
tent,param,3,5,0.05,2,1.000e-10,67,-0.931421,0.801941,-0.002731,-0.006921
tent,param,3,5,0.05,2,1.000e-10,68,-0.933943,0.802368,0.008899,0.001422
tent,param,3,5,0.05,2,1.000e-10,69,-0.926640,0.805908,-0.011935,-0.010344
tent,param,3,5,0.05,2,1.000e-10,70,-0.932199,0.803345,-0.003267,-0.008730
tent,param,3,5,0.05,2,1.000e-10,71,-0.930646,0.807129,0.005096,0.000707
tent,param,3,5,0.05,2,1.000e-10,72,-0.924309,0.806580,-0.015315,0.000205
tent,param,3,5,0.05,2,1.000e-10,73,-0.925570,0.808777,-0.012890,0.011959
tent,param,3,5,0.05,2,1.000e-10,74,-0.938116,0.801392,-0.005717,-0.001561
tent,param,3,5,0.05,2,1.000e-10,75,-0.939242,0.802673,0.010247,-0.000126
tent,param,3,5,0.05,2,1.000e-10,76,-0.931286,0.804443,0.003409,-0.006938
tent,param,3,5,0.05,2,1.000e-10,77,-0.931706,0.806702,-0.003819,-0.003998
tent,param,3,5,0.05,2,1.000e-10,78,-0.932165,0.802734,-0.010583,0.000472
tent,param,3,5,0.05,2,1.000e-10,79,-0.941744,0.800049,0.004428,0.013294
tent,param,3,5,0.05,2,1.000e-10,80,-0.935076,0.800964,0.003877,-0.008407
tent,param,3,5,0.05,2,1.000e-10,81,-0.933819,0.804016,-0.000094,-0.002728
tent,param,3,5,0.05,2,1.000e-10,82,-0.939013,0.799988,0.017658,-0.008134
tent,param,3,5,0.05,2,1.000e-10,83,-0.931601,0.803223,-0.019456,0.004729
tent,param,3,5,0.05,2,1.000e-10,84,-0.933001,0.803345,-0.001138,-0.001040
tent,param,3,5,0.05,2,1.000e-10,85,-0.936470,0.802429,0.013090,-0.003217
tent,param,3,5,0.05,2,1.000e-10,86,-0.939663,0.800354,-0.007651,0.005923
tent,param,3,5,0.05,2,1.000e-10,87,-0.951265,0.793823,0.012174,0.017266
tent,param,3,5,0.05,2,1.000e-10,88,-0.938296,0.799561,-0.001464,0.002384
tent,param,3,5,0.05,2,1.000e-10,89,-0.934216,0.800537,-0.002944,-0.007188
tent,param,3,5,0.05,2,1.000e-10,90,-0.931911,0.802673,-0.004558,-0.004349
tent,param,3,5,0.05,2,1.000e-10,91,-0.936719,0.802612,-0.003030,0.000859
tent,param,3,5,0.05,2,1.000e-10,92,-0.934632,0.802795,0.001585,-0.008082
tent,param,3,5,0.05,2,1.000e-10,93,-0.929311,0.806519,-0.004013,-0.006394
tent,param,3,5,0.05,2,1.000e-10,94,-0.937774,0.800598,0.007808,0.005621
tent,param,3,5,0.05,2,1.000e-10,95,-0.929174,0.804749,0.004450,-0.005036
tent,param,3,5,0.05,2,1.000e-10,96,-0.929132,0.810547,-0.010879,0.011730
tent,param,3,5,0.05,2,1.000e-10,97,-0.925183,0.807312,-0.016223,-0.009088
tent,param,3,5,0.05,2,1.000e-10,98,-0.932523,0.801086,-0.007790,-0.004703
tent,param,3,5,0.05,2,1.000e-10,99,-0.943244,0.795349,0.007173,0.009235
tent,param,3,5,0.05,2,1.000e-10,100,-0.937520,0.799561,0.000023,0.004515
tent,param,3,5,0.05,2,1.000e-10,101,-0.932729,0.804688,-0.010008,0.011131
tent,param,3,5,0.05,2,1.000e-10,102,-0.933918,0.801147,0.008771,-0.006600
tent,param,3,5,0.05,2,1.000e-10,103,-0.929521,0.802551,0.001271,-0.010227
tent,param,3,5,0.05,2,1.000e-10,104,-0.931707,0.802979,-0.011411,-0.000007
tent,param,3,5,0.05,2,1.000e-10,105,-0.928816,0.805115,-0.010761,0.000441
tent,param,3,5,0.05,2,1.000e-10,106,-0.929241,0.804871,0.007213,-0.007609
tent,param,3,5,0.05,2,1.000e-10,107,-0.930139,0.807190,-0.005611,-0.003638
tent,param,3,5,0.05,2,1.000e-10,108,-0.931861,0.806335,-0.002692,-0.012345
tent,param,3,5,0.05,2,1.000e-10,109,-0.931641,0.804749,-0.001518,-0.009526
tent,param,3,5,0.05,2,1.000e-10,110,-0.938530,0.800415,0.022198,0.002423
tent,param,3,5,0.05,2,1.000e-10,111,-0.930638,0.808167,0.002246,-0.000468
tent,param,3,5,0.05,2,1.000e-10,112,-0.937564,0.802734,-0.010751,-0.007481
tent,param,3,5,0.05,2,1.000e-10,113,-0.938333,0.804688,-0.002399,-0.004218
tent,param,3,5,0.05,2,1.000e-10,114,-0.940722,0.793457,-0.002304,0.012906
tent,param,3,5,0.05,2,1.000e-10,115,-0.934260,0.802856,-0.004811,-0.001142
tent,param,3,5,0.05,2,1.000e-10,116,-0.932606,0.806091,-0.002023,0.005607
tent,param,3,5,0.05,2,1.000e-10,117,-0.934708,0.803162,-0.006512,-0.004241
tent,param,3,5,0.05,2,1.000e-10,118,-0.938739,0.803345,0.008492,0.013553
tent,param,3,5,0.05,2,1.000e-10,119,-0.932578,0.803040,-0.004871,-0.009360
tent,param,3,5,0.05,2,1.000e-10,120,-0.954384,0.790527,0.012266,0.013466
tent,param,3,5,0.05,2,1.000e-10,121,-0.935906,0.801147,0.001128,0.005374
tent,param,3,5,0.05,2,1.000e-10,122,-0.929816,0.803345,-0.002063,-0.010685
tent,param,3,5,0.05,2,1.000e-10,123,-0.931777,0.801636,-0.013974,0.004561
tent,param,3,5,0.05,2,1.000e-10,124,-0.936088,0.804932,-0.002262,0.002976
tent,param,3,5,0.05,2,1.000e-10,125,-0.938627,0.799683,-0.009380,0.002232
tent,param,3,5,0.05,2,1.000e-10,126,-0.941599,0.799866,0.006347,0.003246
tent,param,3,5,0.05,2,1.000e-10,127,-0.936850,0.803345,-0.009862,0.000437
tent,param,3,5,0.05,2,1.000e-10,128,-0.937516,0.800110,-0.009495,0.007031
tent,param,3,5,0.05,2,1.000e-10,129,-0.933673,0.805420,0.012338,0.000633
tent,param,3,5,0.05,2,1.000e-10,130,-0.935267,0.800842,-0.008648,0.006802
tent,param,3,5,0.05,2,1.000e-10,131,-0.939386,0.800720,0.016147,-0.000413
tent,param,3,5,0.05,2,1.000e-10,132,-0.936074,0.802979,0.004561,-0.006069
tent,param,3,5,0.05,2,1.000e-10,133,-0.928960,0.802856,-0.009536,-0.003396
tent,param,3,5,0.05,2,1.000e-10,134,-0.928693,0.807373,0.000220,-0.006223
tent,param,3,5,0.05,2,1.000e-10,135,-0.929973,0.802551,-0.009469,-0.008330
tent,param,3,5,0.05,2,1.000e-10,136,-0.934808,0.802917,0.007333,-0.005753
tent,param,3,5,0.05,2,1.000e-10,137,-0.933887,0.801270,-0.004400,-0.007159
tent,param,3,5,0.05,2,1.000e-10,138,-0.938268,0.799683,-0.004781,0.002160
tent,param,3,5,0.05,2,1.000e-10,139,-0.940875,0.800720,0.011797,-0.003845
tent,param,3,5,0.05,2,1.000e-10,140,-0.936264,0.802673,0.003622,0.001194
tent,param,3,5,0.05,2,1.000e-10,141,-0.940109,0.799438,0.019222,-0.005334
tent,param,3,5,0.05,2,1.000e-10,142,-0.933742,0.805237,-0.006764,0.011514
tent,param,3,5,0.05,2,1.000e-10,143,-0.927181,0.805481,-0.011735,-0.007197
tent,param,3,5,0.05,2,1.000e-10,144,-0.930045,0.807678,-0.003527,0.009433
tent,param,3,5,0.05,2,1.000e-10,145,-0.926849,0.806580,-0.006232,-0.003618
tent,param,3,5,0.05,2,1.000e-10,146,-0.929548,0.807007,-0.004231,-0.002936
tent,param,3,5,0.05,2,1.000e-10,147,-0.931996,0.802673,0.000183,-0.000320
tent,param,3,5,0.05,2,1.000e-10,148,-0.935071,0.806213,0.004459,0.001496
tent,param,3,5,0.05,2,1.000e-10,149,-0.934072,0.803345,0.000016,-0.012253
tent,param,3,5,0.05,2,1.000e-10,150,-0.934976,0.803345,-0.002243,0.007922
tent,param,3,5,0.05,2,1.000e-10,151,-0.933586,0.804321,-0.002996,-0.002278
tent,param,3,5,0.05,2,1.000e-10,152,-0.932707,0.806702,-0.005088,0.005365
tent,param,3,5,0.05,2,1.000e-10,153,-0.937248,0.805908,0.006508,-0.001478
tent,param,3,5,0.05,2,1.000e-10,154,-0.932366,0.803711,-0.007781,-0.001814
tent,param,3,5,0.05,2,1.000e-10,155,-0.939304,0.798462,0.014803,0.001983
tent,param,3,5,0.05,2,1.000e-10,156,-0.934670,0.805420,0.002419,0.004220
tent,param,3,5,0.05,2,1.000e-10,157,-0.931801,0.806580,-0.011603,-0.007770
tent,param,3,5,0.05,2,1.000e-10,158,-0.938684,0.802368,-0.000580,-0.006027
tent,param,3,5,0.05,2,1.000e-10,159,-0.937838,0.798462,0.000831,-0.006883
tent,param,3,5,0.05,2,1.000e-10,160,-0.931717,0.805664,0.007200,-0.010796
tent,param,3,5,0.05,2,1.000e-10,161,-0.932067,0.802368,0.008844,-0.006458
tent,param,3,5,0.05,2,1.000e-10,162,-0.931754,0.802795,0.002465,0.009518
tent,param,3,5,0.05,2,1.000e-10,163,-0.930155,0.807800,-0.010055,0.003007
tent,param,3,5,0.05,2,1.000e-10,164,-0.930976,0.807129,-0.000439,-0.003292
tent,param,3,5,0.05,2,1.000e-10,165,-0.937220,0.799072,-0.004851,-0.004028
tent,param,3,5,0.05,2,1.000e-10,166,-0.930744,0.807556,-0.011703,0.009148
tent,param,3,5,0.05,2,1.000e-10,167,-0.933301,0.803101,0.000776,-0.014584
tent,param,3,5,0.05,2,1.000e-10,168,-0.934262,0.802063,0.006847,-0.003926
tent,param,3,5,0.05,2,1.000e-10,169,-0.932570,0.806458,0.014576,-0.007794
tent,param,3,5,0.05,2,1.000e-10,170,-0.926888,0.807739,-0.017910,0.008108
tent,param,3,5,0.05,2,1.000e-10,171,-0.928241,0.806030,-0.013840,-0.011500
tent,param,3,5,0.05,2,1.000e-10,172,-0.934832,0.801941,-0.010907,0.009397
tent,param,3,5,0.05,2,1.000e-10,173,-0.929334,0.806885,-0.015504,0.002704
tent,param,3,5,0.05,2,1.000e-10,174,-0.933919,0.801636,-0.002390,0.005493
tent,param,3,5,0.05,2,1.000e-10,175,-0.931118,0.808838,0.007781,-0.014759
tent,param,3,5,0.05,2,1.000e-10,176,-0.932691,0.804932,0.000964,-0.015040
tent,param,3,5,0.05,2,1.000e-10,177,-0.935734,0.799744,-0.002356,0.012625
tent,param,3,5,0.05,2,1.000e-10,178,-0.937234,0.802673,0.013948,-0.008402
tent,param,3,5,0.05,2,1.000e-10,179,-0.934255,0.805298,0.011911,-0.011364
tent,param,3,5,0.05,2,1.000e-10,180,-0.931989,0.804016,0.003436,-0.004617
tent,param,3,5,0.05,2,1.000e-10,181,-0.940734,0.803040,-0.002534,0.012710
tent,param,3,5,0.05,2,1.000e-10,182,-0.939657,0.800537,0.013308,0.001007
tent,param,3,5,0.05,2,1.000e-10,183,-0.939286,0.799744,0.002238,0.005972
tent,param,3,5,0.05,2,1.000e-10,184,-0.931277,0.806763,-0.022113,0.005244
tent,param,3,5,0.05,2,1.000e-10,185,-0.931328,0.806458,-0.007604,-0.002097
tent,param,3,5,0.05,2,1.000e-10,186,-0.934109,0.801086,-0.002064,-0.009949
tent,param,3,5,0.05,2,1.000e-10,187,-0.935317,0.801819,0.003015,-0.007457
tent,param,3,5,0.05,2,1.000e-10,188,-0.940107,0.797852,0.003280,0.000985
tent,param,3,5,0.05,2,1.000e-10,189,-0.939921,0.799011,0.003949,0.005895
tent,param,3,5,0.05,2,1.000e-10,190,-0.936951,0.805115,0.000303,-0.001169
tent,param,3,5,0.05,2,1.000e-10,191,-0.932888,0.801331,-0.006616,-0.003179
tent,param,3,5,0.05,2,1.000e-10,192,-0.933750,0.800293,0.003287,-0.005005
tent,param,3,5,0.05,2,1.000e-10,193,-0.934776,0.801758,0.009789,0.002059
tent,param,3,5,0.05,2,1.000e-10,194,-0.929687,0.804932,-0.000094,0.005082
tent,param,3,5,0.05,2,1.000e-10,195,-0.923614,0.810913,-0.019496,-0.004932
tent,param,3,5,0.05,2,1.000e-10,196,-0.935524,0.801392,-0.008944,0.001017
tent,param,3,5,0.05,2,1.000e-10,197,-0.939911,0.801514,-0.007298,0.011359
tent,param,3,5,0.05,2,1.000e-10,198,-0.937934,0.800659,0.017672,-0.003176
tent,param,3,5,0.05,2,1.000e-10,199,-0.939219,0.797302,0.002373,0.004473
tent,param,3,5,0.05,2,1.000e-10,200,-0.938225,0.801514,-0.002584,0.013460
tent,param,3,5,0.05,2,1.000e-10,201,-0.932006,0.807556,0.001072,-0.015037
tent,param,3,5,0.05,2,1.000e-10,202,-0.937633,0.801392,-0.009812,-0.001955
tent,param,3,5,0.05,2,1.000e-10,203,-0.937790,0.803711,0.008096,-0.000122
tent,param,3,5,0.05,2,1.000e-10,204,-0.928622,0.809631,-0.013171,0.004475
tent,param,3,5,0.05,2,1.000e-10,205,-0.931095,0.804993,-0.011831,-0.001926
tent,param,3,5,0.05,2,1.000e-10,206,-0.939895,0.800476,-0.001143,0.009693
tent,param,3,5,0.05,2,1.000e-10,207,-0.934860,0.801086,-0.010981,0.009651
tent,param,3,5,0.05,2,1.000e-10,208,-0.933242,0.804688,0.001247,0.001870
tent,param,3,5,0.05,2,1.000e-10,209,-0.936599,0.801025,-0.006200,0.011117
tent,param,3,5,0.05,2,1.000e-10,210,-0.936598,0.801941,0.009290,-0.013679
tent,param,3,5,0.05,2,1.000e-10,211,-0.940798,0.800476,-0.002061,0.011293
tent,param,3,5,0.05,2,1.000e-10,212,-0.941322,0.800476,-0.000823,-0.010368
tent,param,3,5,0.05,2,1.000e-10,213,-0.939168,0.800720,0.007238,0.000412
tent,param,3,5,0.05,2,1.000e-10,214,-0.937144,0.801270,0.007817,-0.003274
tent,param,3,5,0.05,2,1.000e-10,215,-0.936299,0.804626,0.008557,-0.012347
tent,param,3,5,0.05,2,1.000e-10,216,-0.937274,0.801453,-0.009300,0.000760
tent,param,3,5,0.05,2,1.000e-10,217,-0.938447,0.803284,0.002731,-0.002777
tent,param,3,5,0.05,2,1.000e-10,218,-0.939772,0.797913,0.000142,-0.000334
tent,param,3,5,0.05,2,1.000e-10,219,-0.939240,0.799988,-0.005135,-0.001178
tent,param,3,5,0.05,2,1.000e-10,220,-0.939661,0.800293,0.008579,0.000863
tent,param,3,5,0.05,2,1.000e-10,221,-0.940590,0.797485,0.005113,0.010254
tent,param,3,5,0.05,2,1.000e-10,222,-0.933744,0.803894,0.000787,-0.009475
tent,param,3,5,0.05,2,1.000e-10,223,-0.933367,0.805786,-0.001682,0.005028
tent,param,3,5,0.05,2,1.000e-10,224,-0.934950,0.800354,-0.002933,-0.002313
tent,param,3,5,0.05,2,1.000e-10,225,-0.938378,0.799438,0.005438,0.002693
tent,param,3,5,0.05,2,1.000e-10,226,-0.937653,0.803772,0.007485,-0.001984
tent,param,3,5,0.05,2,1.000e-10,227,-0.931932,0.802979,-0.001697,-0.002015
tent,param,3,5,0.05,2,1.000e-10,228,-0.933737,0.802002,-0.004487,-0.009365
tent,param,3,5,0.05,2,1.000e-10,229,-0.943867,0.797058,-0.002004,0.005917
tent,param,3,5,0.05,2,1.000e-10,230,-0.932639,0.805847,0.001328,-0.019070
tent,param,3,5,0.05,2,1.000e-10,231,-0.935241,0.801025,-0.001478,0.001369
tent,param,3,5,0.05,2,1.000e-10,232,-0.938474,0.801941,0.010859,0.003775
tent,param,3,5,0.05,2,1.000e-10,233,-0.929866,0.802368,-0.008291,-0.006686
tent,param,3,5,0.05,2,1.000e-10,234,-0.940470,0.800171,0.007972,0.009080
tent,param,3,5,0.05,2,1.000e-10,235,-0.930418,0.804565,0.010452,-0.006486
tent,param,3,5,0.05,2,1.000e-10,236,-0.926420,0.806519,0.002160,-0.012625
tent,param,3,5,0.05,2,1.000e-10,237,-0.932293,0.806274,-0.014866,-0.004420
tent,param,3,5,0.05,2,1.000e-10,238,-0.928630,0.807007,-0.003657,-0.004308
tent,param,3,5,0.05,2,1.000e-10,239,-0.934367,0.801758,-0.000036,-0.011228
tent,param,3,5,0.05,2,1.000e-10,240,-0.933293,0.805115,0.002593,0.004337
tent,param,3,5,0.05,2,1.000e-10,241,-0.929173,0.807434,0.001819,-0.011715
tent,param,3,5,0.05,2,1.000e-10,242,-0.934451,0.803040,-0.002514,0.005761
tent,param,3,5,0.05,2,1.000e-10,243,-0.934718,0.801758,-0.003161,0.000940
tent,param,3,5,0.05,2,1.000e-10,244,-0.938001,0.803223,-0.003502,0.001917
tent,param,3,5,0.05,2,1.000e-10,245,-0.936259,0.800720,0.005860,-0.003327
tent,param,3,5,0.05,2,1.000e-10,246,-0.929829,0.806152,-0.004946,0.004854
tent,param,3,5,0.05,2,1.000e-10,247,-0.932172,0.804321,-0.012409,0.001092
tent,param,3,5,0.05,2,1.000e-10,248,-0.927260,0.810181,-0.001434,-0.007578
tent,param,3,5,0.05,2,1.000e-10,249,-0.928057,0.809998,-0.013352,0.001345
tent,param,3,5,0.05,2,1.000e-10,250,-0.931907,0.801147,-0.007300,-0.000404
tent,param,3,5,0.05,2,1.000e-10,251,-0.935948,0.803040,-0.009573,0.009256
tent,param,3,5,0.05,2,1.000e-10,252,-0.940482,0.798706,0.004695,0.002311
tent,param,3,5,0.05,2,1.000e-10,253,-0.945526,0.793640,0.000589,0.013202
tent,param,3,5,0.05,2,1.000e-10,254,-0.939703,0.801575,-0.000226,0.015426
tent,param,3,5,0.05,2,1.000e-10,255,-0.937078,0.801941,0.005480,-0.007015
tent,param,3,5,0.05,2,1.000e-10,256,-0.936802,0.804871,0.001571,0.010291
tent,param,3,5,0.05,2,1.000e-10,257,-0.938055,0.800964,0.005729,-0.008887
tent,param,3,5,0.05,2,1.000e-10,258,-0.940080,0.798645,0.011897,-0.000219
tent,param,3,5,0.05,2,1.000e-10,259,-0.935983,0.800720,0.005015,-0.009290
tent,param,3,5,0.05,2,1.000e-10,260,-0.931999,0.801697,0.000060,0.003156
tent,param,3,5,0.05,2,1.000e-10,261,-0.932464,0.805847,-0.008777,-0.007933
tent,param,3,5,0.05,2,1.000e-10,262,-0.940387,0.801392,0.004860,0.001439
tent,param,3,5,0.05,2,1.000e-10,263,-0.935057,0.801025,-0.010665,0.010531
tent,param,3,5,0.05,2,1.000e-10,264,-0.936328,0.802734,0.007401,-0.005369
tent,param,3,5,0.05,2,1.000e-10,265,-0.933011,0.805237,0.008300,-0.003434
tent,param,3,5,0.05,2,1.000e-10,266,-0.928510,0.802368,-0.009750,-0.025700
tent,param,3,5,0.05,2,1.000e-10,267,-0.938128,0.801086,0.000893,0.002308
tent,param,3,5,0.05,2,1.000e-10,268,-0.937923,0.802551,0.003496,0.002813
tent,param,3,5,0.05,2,1.000e-10,269,-0.935408,0.803162,-0.010095,0.005177
tent,param,3,5,0.05,2,1.000e-10,270,-0.933743,0.804382,0.000621,-0.009138
tent,param,3,5,0.05,2,1.000e-10,271,-0.939528,0.799561,-0.005288,0.001549
tent,param,3,5,0.05,2,1.000e-10,272,-0.944793,0.796265,0.004773,0.015100
tent,param,3,5,0.05,2,1.000e-10,273,-0.938394,0.796936,0.001267,0.008974
tent,param,3,5,0.05,2,1.000e-10,274,-0.938684,0.804932,0.007648,0.009672
tent,param,3,5,0.05,2,1.000e-10,275,-0.936130,0.803223,-0.008186,-0.004814
tent,param,3,5,0.05,2,1.000e-10,276,-0.938538,0.804199,0.001129,0.000176
tent,param,3,5,0.05,2,1.000e-10,277,-0.938194,0.803528,0.001869,0.006825
tent,param,3,5,0.05,2,1.000e-10,278,-0.940104,0.800659,0.008108,-0.004426
tent,param,3,5,0.05,2,1.000e-10,279,-0.943715,0.796875,0.004059,-0.001395
tent,param,3,5,0.05,2,1.000e-10,280,-0.939051,0.801086,0.000759,0.006210
tent,param,3,5,0.05,2,1.000e-10,281,-0.942190,0.801941,0.001885,0.005177
tent,param,3,5,0.05,2,1.000e-10,282,-0.938583,0.801758,-0.000913,0.008075
tent,param,3,5,0.05,2,1.000e-10,283,-0.935240,0.803711,0.001218,-0.001271
tent,param,3,5,0.05,2,1.000e-10,284,-0.930077,0.807312,0.002561,-0.006971
tent,param,3,5,0.05,2,1.000e-10,285,-0.940503,0.800598,-0.003142,0.010644
tent,param,3,5,0.05,2,1.000e-10,286,-0.940507,0.799438,-0.004819,0.016496
tent,param,3,5,0.05,2,1.000e-10,287,-0.936540,0.802246,-0.003570,0.005262
tent,param,3,5,0.05,2,1.000e-10,288,-0.933286,0.803406,0.001994,0.005426
tent,param,3,5,0.05,2,1.000e-10,289,-0.936668,0.801880,-0.003302,0.008468
tent,param,3,5,0.05,2,1.000e-10,290,-0.934499,0.800537,-0.001503,-0.004925
tent,param,3,5,0.05,2,1.000e-10,291,-0.931257,0.802429,-0.008900,0.002827
tent,param,3,5,0.05,2,1.000e-10,292,-0.931107,0.805725,-0.005112,-0.001172
tent,param,3,5,0.05,2,1.000e-10,293,-0.939565,0.802551,-0.003926,0.011183
tent,param,3,5,0.05,2,1.000e-10,294,-0.935075,0.803528,-0.014545,0.002783
tent,param,3,5,0.05,2,1.000e-10,295,-0.934950,0.801636,-0.003782,0.008575
tent,param,3,5,0.05,2,1.000e-10,296,-0.933715,0.804016,0.013160,-0.002516
tent,param,3,5,0.05,2,1.000e-10,297,-0.930850,0.806885,0.000169,-0.004540
tent,param,3,5,0.05,2,1.000e-10,298,-0.930620,0.806335,0.007221,-0.008194
tent,param,3,5,0.05,2,1.000e-10,299,-0.923366,0.808105,-0.023486,-0.005299
tent,param,3,5,0.05,2,1.000e-10,300,-0.935889,0.805481,0.006260,0.005362
tent,param,3,5,0.05,2,1.000e-10,301,-0.931844,0.805725,0.009955,-0.019825
tent,param,3,5,0.05,2,1.000e-10,302,-0.939553,0.802063,-0.000628,0.003839
tent,param,3,5,0.05,2,1.000e-10,303,-0.932462,0.805298,-0.000230,0.001952
tent,param,3,5,0.05,2,1.000e-10,304,-0.930362,0.808105,0.000710,0.001689
tent,param,3,5,0.05,2,1.000e-10,305,-0.929522,0.806091,-0.019284,0.011099
tent,param,3,5,0.05,2,1.000e-10,306,-0.935402,0.803528,-0.002299,-0.009275
tent,param,3,5,0.05,2,1.000e-10,307,-0.934850,0.805725,-0.007159,0.000995
tent,param,3,5,0.05,2,1.000e-10,308,-0.935559,0.802795,0.006443,0.008809
tent,param,3,5,0.05,2,1.000e-10,309,-0.931190,0.802856,-0.013464,0.006782
tent,param,3,5,0.05,2,1.000e-10,310,-0.941579,0.798279,-0.005362,-0.000508
tent,param,3,5,0.05,2,1.000e-10,311,-0.943659,0.800171,0.012925,0.012415
tent,param,3,5,0.05,2,1.000e-10,312,-0.942271,0.798157,0.001826,0.002234
tent,param,3,5,0.05,2,1.000e-10,313,-0.943847,0.796692,0.023788,-0.005830
tent,param,3,5,0.05,2,1.000e-10,314,-0.934236,0.799133,-0.001935,-0.002178
tent,param,3,5,0.05,2,1.000e-10,315,-0.937857,0.802185,0.003160,0.007071
tent,param,3,5,0.05,2,1.000e-10,316,-0.938257,0.801392,-0.008261,-0.003897
tent,param,3,5,0.05,2,1.000e-10,317,-0.933688,0.801575,0.013827,-0.002838
tent,param,3,5,0.05,2,1.000e-10,318,-0.939577,0.800049,0.002228,-0.004012
tent,param,3,5,0.05,2,1.000e-10,319,-0.942926,0.800354,0.006704,0.008143
tent,param,3,5,0.05,2,1.000e-10,320,-0.933740,0.800598,0.001566,-0.007883
tent,param,3,5,0.05,2,1.000e-10,321,-0.925329,0.805847,-0.011777,0.002791
tent,param,3,5,0.05,2,1.000e-10,322,-0.926547,0.807800,0.000136,-0.007019
tent,param,3,5,0.05,2,1.000e-10,323,-0.930353,0.805786,0.004424,-0.013110
tent,param,3,5,0.05,2,1.000e-10,324,-0.931036,0.805481,-0.004154,-0.008563
tent,param,3,5,0.05,2,1.000e-10,325,-0.934170,0.803589,-0.000264,-0.006489
tent,param,3,5,0.05,2,1.000e-10,326,-0.936466,0.802856,-0.004670,0.006910
tent,param,3,5,0.05,2,1.000e-10,327,-0.931818,0.802551,-0.008613,0.002399
tent,param,3,5,0.05,2,1.000e-10,328,-0.935785,0.804993,0.009111,-0.000317
tent,param,3,5,0.05,2,1.000e-10,329,-0.933109,0.805847,-0.004314,-0.004035
tent,param,3,5,0.05,2,1.000e-10,330,-0.935580,0.797180,-0.004834,-0.014527
tent,param,3,5,0.05,2,1.000e-10,331,-0.947614,0.796143,0.004086,0.009651
tent,param,3,5,0.05,2,1.000e-10,332,-0.939101,0.799866,0.005572,0.003584
tent,param,3,5,0.05,2,1.000e-10,333,-0.940485,0.799316,0.012113,0.008814
tent,param,3,5,0.05,2,1.000e-10,334,-0.934089,0.802429,-0.001043,0.004309
tent,param,3,5,0.05,2,1.000e-10,335,-0.934381,0.801514,-0.001682,-0.000926
tent,param,3,5,0.05,2,1.000e-10,336,-0.932215,0.802551,-0.002584,-0.004061
tent,param,3,5,0.05,2,1.000e-10,337,-0.934131,0.804382,0.002308,-0.011876
tent,param,3,5,0.05,2,1.000e-10,338,-0.938904,0.803345,0.003896,0.002111
tent,param,3,5,0.05,2,1.000e-10,339,-0.936373,0.804077,0.019000,-0.022669
tent,param,3,5,0.05,2,1.000e-10,340,-0.935242,0.804260,-0.006975,-0.000918
tent,param,3,5,0.05,2,1.000e-10,341,-0.933460,0.804688,0.000475,-0.000703
tent,param,3,5,0.05,2,1.000e-10,342,-0.936415,0.803162,0.000292,-0.003556
tent,param,3,5,0.05,2,1.000e-10,343,-0.940612,0.802917,0.014025,-0.000560
tent,param,3,5,0.05,2,1.000e-10,344,-0.931790,0.803894,-0.001512,-0.002378
tent,param,3,5,0.05,2,1.000e-10,345,-0.932635,0.805786,-0.000666,0.005035
tent,param,3,5,0.05,2,1.000e-10,346,-0.938608,0.801208,0.010366,-0.004097
tent,param,3,5,0.05,2,1.000e-10,347,-0.939402,0.800537,0.004654,0.004419
tent,param,3,5,0.05,2,1.000e-10,348,-0.935432,0.802002,0.002719,0.001849
tent,param,3,5,0.05,2,1.000e-10,349,-0.935854,0.802734,-0.011700,0.006400
tent,param,3,5,0.05,2,1.000e-10,350,-0.934978,0.802246,0.002921,-0.004575
tent,param,3,5,0.05,2,1.000e-10,351,-0.934695,0.804932,0.009482,0.000924
tent,param,3,5,0.05,2,1.000e-10,352,-0.932585,0.806274,0.002396,-0.002427
tent,param,3,5,0.05,2,1.000e-10,353,-0.936531,0.803101,0.005622,-0.000175
tent,param,3,5,0.05,2,1.000e-10,354,-0.933217,0.804871,0.003229,-0.000818
tent,param,3,5,0.05,2,1.000e-10,355,-0.935163,0.801697,-0.002430,-0.004219
tent,param,3,5,0.05,2,1.000e-10,356,-0.938653,0.799988,0.005409,0.007930
tent,param,3,5,0.05,2,1.000e-10,357,-0.935568,0.802734,-0.002503,0.010284
tent,param,3,5,0.05,2,1.000e-10,358,-0.937142,0.802979,-0.006258,0.006990
tent,param,3,5,0.05,2,1.000e-10,359,-0.942393,0.798340,0.002204,0.007342
tent,param,3,5,0.05,2,1.000e-10,360,-0.938087,0.797852,0.009581,0.009173
tent,param,3,5,0.05,2,1.000e-10,361,-0.932079,0.804504,-0.008117,0.008477
tent,param,3,5,0.05,2,1.000e-10,362,-0.935882,0.802063,-0.007466,0.004695
tent,param,3,5,0.05,2,1.000e-10,363,-0.934635,0.803772,-0.009578,0.006146
tent,param,3,5,0.05,2,1.000e-10,364,-0.933469,0.804565,-0.001504,0.006366
tent,param,3,5,0.05,2,1.000e-10,365,-0.926460,0.809265,-0.006432,-0.008161
tent,param,3,5,0.05,2,1.000e-10,366,-0.931643,0.805786,-0.010743,0.001738
tent,param,3,5,0.05,2,1.000e-10,367,-0.926209,0.807983,-0.012294,-0.005581
tent,param,3,5,0.05,2,1.000e-10,368,-0.927587,0.806458,-0.008093,-0.008670
tent,param,3,5,0.05,2,1.000e-10,369,-0.939221,0.798584,0.001205,0.004159
tent,param,3,5,0.05,2,1.000e-10,370,-0.936085,0.805603,0.009561,0.008035
tent,param,3,5,0.05,2,1.000e-10,371,-0.928776,0.803833,-0.012073,-0.011142
tent,param,3,5,0.05,2,1.000e-10,372,-0.933879,0.806213,-0.000209,0.005609
tent,param,3,5,0.05,2,1.000e-10,373,-0.931774,0.801270,-0.002258,-0.006629
tent,param,3,5,0.05,2,1.000e-10,374,-0.930348,0.805786,-0.001301,-0.008577
tent,param,3,5,0.05,2,1.000e-10,375,-0.929214,0.806641,-0.003958,-0.001277
tent,param,3,5,0.05,2,1.000e-10,376,-0.928507,0.807556,0.002604,0.000636
tent,param,3,5,0.05,2,1.000e-10,377,-0.930672,0.804077,-0.002460,-0.008095
tent,param,3,5,0.05,2,1.000e-10,378,-0.940624,0.801086,-0.002154,0.011377
tent,param,3,5,0.05,2,1.000e-10,379,-0.934638,0.805725,0.000286,-0.003370
tent,param,3,5,0.05,2,1.000e-10,380,-0.935679,0.808167,0.008231,0.002914
tent,param,3,5,0.05,2,1.000e-10,381,-0.935786,0.799744,-0.004523,-0.000808
tent,param,3,5,0.05,2,1.000e-10,382,-0.939406,0.796509,-0.007423,-0.001088
tent,param,3,5,0.05,2,1.000e-10,383,-0.945875,0.796326,0.015943,0.020887
tent,param,3,5,0.05,2,1.000e-10,384,-0.938552,0.799438,0.008205,0.007701
tent,param,3,5,0.05,2,1.000e-10,385,-0.935553,0.804199,0.002844,0.002990
tent,param,3,5,0.05,2,1.000e-10,386,-0.939488,0.796509,-0.008022,0.012919
tent,param,3,5,0.05,2,1.000e-10,387,-0.937646,0.801331,0.002061,0.012225
tent,param,3,5,0.05,2,1.000e-10,388,-0.931653,0.805786,-0.004225,-0.002765
tent,param,3,5,0.05,2,1.000e-10,389,-0.931052,0.802124,-0.003392,-0.016997
tent,param,3,5,0.05,2,1.000e-10,390,-0.940994,0.803833,0.001602,0.005619
tent,param,3,5,0.05,2,1.000e-10,391,-0.951968,0.793579,0.031031,0.009045
tent,param,3,5,0.05,2,1.000e-10,392,-0.929427,0.805664,-0.004861,-0.004957
tent,param,3,5,0.05,2,1.000e-10,393,-0.935015,0.804688,-0.000030,0.008725
tent,param,3,5,0.05,2,1.000e-10,394,-0.932886,0.804016,0.003961,-0.013418
tent,param,3,5,0.05,2,1.000e-10,395,-0.937429,0.803955,0.000343,0.009656
tent,param,3,5,0.05,2,1.000e-10,396,-0.929997,0.806824,0.000446,-0.004479
tent,param,3,5,0.05,2,1.000e-10,397,-0.933030,0.803284,-0.010823,0.006998
tent,param,3,5,0.05,2,1.000e-10,398,-0.935742,0.800903,-0.011759,0.011136
tent,param,3,5,0.05,2,1.000e-10,399,-0.937070,0.801880,0.002632,0.005812
tent,param,3,5,0.05,2,1.000e-10,400,-0.935178,0.801758,-0.007386,0.007268
tent,param,3,5,0.05,2,1.000e-08,1,-19.350065,0.000000,1.000000,1.000000
tent,param,3,5,0.05,2,1.000e-08,2,-18.721109,0.000000,1.000000,1.000000
tent,param,3,5,0.05,2,1.000e-08,3,-18.103047,0.000000,1.000000,1.000000
tent,param,3,5,0.05,2,1.000e-08,4,-17.467355,0.000000,1.000000,1.000000
tent,param,3,5,0.05,2,1.000e-08,5,-16.823329,0.000000,1.000000,1.000000
tent,param,3,5,0.05,2,1.000e-08,6,-16.179230,0.000000,1.000000,1.000000
tent,param,3,5,0.05,2,1.000e-08,7,-15.536549,0.000000,1.000000,1.000000
tent,param,3,5,0.05,2,1.000e-08,8,-14.893960,0.000000,1.000000,1.000000
tent,param,3,5,0.05,2,1.000e-08,9,-14.251950,0.000000,1.000000,1.000000
tent,param,3,5,0.05,2,1.000e-08,10,-13.608752,0.000000,1.000000,1.000000
tent,param,3,5,0.05,2,1.000e-08,11,-12.966176,0.000000,1.000000,1.000000
tent,param,3,5,0.05,2,1.000e-08,12,-12.325301,0.000000,1.000000,1.000000
tent,param,3,5,0.05,2,1.000e-08,13,-11.682182,0.000000,1.000000,1.000000
tent,param,3,5,0.05,2,1.000e-08,14,-11.038395,0.000000,1.000000,1.000000
tent,param,3,5,0.05,2,1.000e-08,15,-10.396150,0.000000,1.000000,1.000000
tent,param,3,5,0.05,2,1.000e-08,16,-9.753092,0.000000,1.000000,1.000000
tent,param,3,5,0.05,2,1.000e-08,17,-9.111684,0.000061,0.999525,0.999995
tent,param,3,5,0.05,2,1.000e-08,18,-8.468337,0.000061,0.999532,0.999980
tent,param,3,5,0.05,2,1.000e-08,19,-7.826319,0.000061,0.999999,0.999922
tent,param,3,5,0.05,2,1.000e-08,20,-7.183340,0.000183,0.999997,0.998829
tent,param,3,5,0.05,2,1.000e-08,21,-6.539183,0.000488,0.998578,0.998017
tent,param,3,5,0.05,2,1.000e-08,22,-5.895004,0.000854,0.997060,0.997019
tent,param,3,5,0.05,2,1.000e-08,23,-5.249690,0.001587,0.997277,0.992106
tent,param,3,5,0.05,2,1.000e-08,24,-4.600960,0.003723,0.987905,0.987944
tent,param,3,5,0.05,2,1.000e-08,25,-3.956586,0.005005,0.981304,0.983764
tent,param,3,5,0.05,2,1.000e-08,26,-3.317140,0.009155,0.970202,0.968279
tent,param,3,5,0.05,2,1.000e-08,27,-2.697355,0.013367,0.947669,0.945662
tent,param,3,5,0.05,2,1.000e-08,28,-2.107444,0.057739,0.902243,0.886757
tent,param,3,5,0.05,2,1.000e-08,29,-1.558822,0.382385,0.734415,0.715034
tent,param,3,5,0.05,2,1.000e-08,30,-1.101696,0.750244,0.343318,0.319759
tent,param,3,5,0.05,2,1.000e-08,31,-0.851974,0.850891,-0.120022,-0.068929
tent,param,3,5,0.05,2,1.000e-08,32,-0.881462,0.825989,-0.103565,-0.048138
tent,param,3,5,0.05,2,1.000e-08,33,-0.927359,0.802490,-0.011594,-0.011320
tent,param,3,5,0.05,2,1.000e-08,34,-0.929211,0.803894,-0.006500,-0.005516
tent,param,3,5,0.05,2,1.000e-08,35,-0.934727,0.806519,0.009252,-0.003358
tent,param,3,5,0.05,2,1.000e-08,36,-0.931513,0.803223,0.003747,-0.013252
tent,param,3,5,0.05,2,1.000e-08,37,-0.938342,0.802307,0.012279,0.001038
tent,param,3,5,0.05,2,1.000e-08,38,-0.937166,0.802856,0.018583,0.002995
tent,param,3,5,0.05,2,1.000e-08,39,-0.938430,0.795715,-0.001519,0.002288
tent,param,3,5,0.05,2,1.000e-08,40,-0.939994,0.803284,-0.001882,0.016650
tent,param,3,5,0.05,2,1.000e-08,41,-0.939370,0.800964,0.000309,0.009912
tent,param,3,5,0.05,2,1.000e-08,42,-0.939475,0.800842,0.001644,0.002942
tent,param,3,5,0.05,2,1.000e-08,43,-0.938629,0.799805,0.000877,0.001901
tent,param,3,5,0.05,2,1.000e-08,44,-0.939265,0.803162,0.009953,0.010807
tent,param,3,5,0.05,2,1.000e-08,45,-0.934778,0.798401,0.001585,0.001692
tent,param,3,5,0.05,2,1.000e-08,46,-0.937418,0.801208,0.015167,0.000213
tent,param,3,5,0.05,2,1.000e-08,47,-0.932344,0.804871,-0.000165,0.003078
tent,param,3,5,0.05,2,1.000e-08,48,-0.935333,0.800110,-0.005284,0.001500
tent,param,3,5,0.05,2,1.000e-08,49,-0.942880,0.796631,0.007733,0.006587
tent,param,3,5,0.05,2,1.000e-08,50,-0.938335,0.801636,0.021462,0.009271
tent,param,3,5,0.05,2,1.000e-08,51,-0.922397,0.811035,-0.012275,-0.009501
tent,param,3,5,0.05,2,1.000e-08,52,-0.922214,0.809448,-0.019155,-0.005402
tent,param,3,5,0.05,2,1.000e-08,53,-0.927220,0.802307,-0.014143,-0.008890
tent,param,3,5,0.05,2,1.000e-08,54,-0.939244,0.801147,-0.001093,0.018770
tent,param,3,5,0.05,2,1.000e-08,55,-0.937280,0.801331,0.000454,0.010508
tent,param,3,5,0.05,2,1.000e-08,56,-0.942636,0.797424,0.010062,0.003679
tent,param,3,5,0.05,2,1.000e-08,57,-0.935838,0.803955,0.018928,-0.004248
tent,param,3,5,0.05,2,1.000e-08,58,-0.929636,0.806152,0.002267,-0.006436
tent,param,3,5,0.05,2,1.000e-08,59,-0.936057,0.799988,-0.013865,0.009684
tent,param,3,5,0.05,2,1.000e-08,60,-0.933709,0.801086,-0.003117,-0.000112
tent,param,3,5,0.05,2,1.000e-08,61,-0.936413,0.806152,0.007738,-0.000239
tent,param,3,5,0.05,2,1.000e-08,62,-0.938185,0.802063,0.004965,0.001658
tent,param,3,5,0.05,2,1.000e-08,63,-0.935926,0.803650,0.000628,0.000910
tent,param,3,5,0.05,2,1.000e-08,64,-0.928742,0.806274,-0.012016,0.001672
tent,param,3,5,0.05,2,1.000e-08,65,-0.935272,0.800232,0.000026,-0.002144
tent,param,3,5,0.05,2,1.000e-08,66,-0.947689,0.797668,0.010153,0.014962
tent,param,3,5,0.05,2,1.000e-08,67,-0.936168,0.802429,-0.007341,0.005590
tent,param,3,5,0.05,2,1.000e-08,68,-0.940903,0.801147,0.004215,0.017364
tent,param,3,5,0.05,2,1.000e-08,69,-0.943559,0.796570,0.003279,-0.000280
tent,param,3,5,0.05,2,1.000e-08,70,-0.938973,0.805603,0.006183,0.006783
tent,param,3,5,0.05,2,1.000e-08,71,-0.935990,0.804199,0.004576,0.001370
tent,param,3,5,0.05,2,1.000e-08,72,-0.934791,0.800415,-0.001791,-0.008555
tent,param,3,5,0.05,2,1.000e-08,73,-0.940764,0.802673,0.004896,0.014970
tent,param,3,5,0.05,2,1.000e-08,74,-0.939723,0.798279,-0.001008,0.003887
tent,param,3,5,0.05,2,1.000e-08,75,-0.937249,0.800415,0.003367,-0.001415
tent,param,3,5,0.05,2,1.000e-08,76,-0.927286,0.807190,-0.002442,0.000499
tent,param,3,5,0.05,2,1.000e-08,77,-0.929770,0.807373,-0.010305,-0.000634
tent,param,3,5,0.05,2,1.000e-08,78,-0.932270,0.806335,0.000460,-0.004819
tent,param,3,5,0.05,2,1.000e-08,79,-0.935831,0.799377,-0.002038,-0.003288
tent,param,3,5,0.05,2,1.000e-08,80,-0.937651,0.801025,0.001605,-0.002558
tent,param,3,5,0.05,2,1.000e-08,81,-0.941981,0.799011,-0.000491,0.010066
tent,param,3,5,0.05,2,1.000e-08,82,-0.938876,0.801819,0.011995,-0.000095
tent,param,3,5,0.05,2,1.000e-08,83,-0.924795,0.807434,-0.009746,-0.005683
tent,param,3,5,0.05,2,1.000e-08,84,-0.924658,0.807861,-0.011333,-0.009086
tent,param,3,5,0.05,2,1.000e-08,85,-0.933147,0.802917,0.002896,0.007443
tent,param,3,5,0.05,2,1.000e-08,86,-0.933400,0.806824,-0.008823,-0.000921
tent,param,3,5,0.05,2,1.000e-08,87,-0.932307,0.806091,-0.013382,0.006283
tent,param,3,5,0.05,2,1.000e-08,88,-0.935386,0.801025,-0.009364,0.010144
tent,param,3,5,0.05,2,1.000e-08,89,-0.929391,0.808899,-0.007130,-0.008639
tent,param,3,5,0.05,2,1.000e-08,90,-0.931343,0.804443,0.001408,-0.021326
tent,param,3,5,0.05,2,1.000e-08,91,-0.941728,0.799011,-0.004635,0.002677
tent,param,3,5,0.05,2,1.000e-08,92,-0.945156,0.795227,0.010156,0.012372
tent,param,3,5,0.05,2,1.000e-08,93,-0.941019,0.797607,0.003195,0.002544
tent,param,3,5,0.05,2,1.000e-08,94,-0.936012,0.802734,0.013024,-0.004300
tent,param,3,5,0.05,2,1.000e-08,95,-0.934298,0.801270,0.002296,-0.002788
tent,param,3,5,0.05,2,1.000e-08,96,-0.940321,0.797729,0.002713,0.003744
tent,param,3,5,0.05,2,1.000e-08,97,-0.941142,0.795715,0.008739,0.000140
tent,param,3,5,0.05,2,1.000e-08,98,-0.943910,0.797729,0.003231,0.010847
tent,param,3,5,0.05,2,1.000e-08,99,-0.937085,0.800598,0.012664,-0.009419
tent,param,3,5,0.05,2,1.000e-08,100,-0.935424,0.803284,0.004402,-0.003780
tent,param,3,5,0.05,2,1.000e-08,101,-0.937690,0.800537,0.002362,-0.006189
tent,param,3,5,0.05,2,1.000e-08,102,-0.940030,0.797913,-0.004641,0.018690
tent,param,3,5,0.05,2,1.000e-08,103,-0.932553,0.803406,-0.012732,0.011067
tent,param,3,5,0.05,2,1.000e-08,104,-0.934470,0.804626,-0.016744,0.010146
tent,param,3,5,0.05,2,1.000e-08,105,-0.934739,0.803406,0.008537,-0.009306
tent,param,3,5,0.05,2,1.000e-08,106,-0.930176,0.806396,-0.004154,-0.012047
tent,param,3,5,0.05,2,1.000e-08,107,-0.941023,0.799255,-0.004655,0.006258
tent,param,3,5,0.05,2,1.000e-08,108,-0.943722,0.800842,0.006571,-0.005794
tent,param,3,5,0.05,2,1.000e-08,109,-0.941235,0.798401,0.008546,-0.006521
tent,param,3,5,0.05,2,1.000e-08,110,-0.933247,0.803833,-0.002677,0.000388
tent,param,3,5,0.05,2,1.000e-08,111,-0.933655,0.804565,-0.005350,0.004533
tent,param,3,5,0.05,2,1.000e-08,112,-0.939981,0.797791,-0.006602,-0.002708
tent,param,3,5,0.05,2,1.000e-08,113,-0.941397,0.797424,0.008924,-0.007020
tent,param,3,5,0.05,2,1.000e-08,114,-0.939323,0.801392,0.008169,0.002998
tent,param,3,5,0.05,2,1.000e-08,115,-0.940785,0.799866,0.003296,0.009334
tent,param,3,5,0.05,2,1.000e-08,116,-0.944471,0.797241,0.009921,0.000724
tent,param,3,5,0.05,2,1.000e-08,117,-0.941396,0.799866,0.000465,-0.000197
tent,param,3,5,0.05,2,1.000e-08,118,-0.941455,0.797119,0.004990,0.004744
tent,param,3,5,0.05,2,1.000e-08,119,-0.931509,0.806458,-0.000565,0.002512
tent,param,3,5,0.05,2,1.000e-08,120,-0.934479,0.805054,-0.005495,0.003114
tent,param,3,5,0.05,2,1.000e-08,121,-0.923928,0.806091,-0.011045,-0.018667
tent,param,3,5,0.05,2,1.000e-08,122,-0.931810,0.807495,0.009552,-0.013426
tent,param,3,5,0.05,2,1.000e-08,123,-0.939872,0.801331,0.002666,0.006104
tent,param,3,5,0.05,2,1.000e-08,124,-0.938087,0.799866,-0.002655,-0.000244
tent,param,3,5,0.05,2,1.000e-08,125,-0.934532,0.801392,-0.001421,0.002605
tent,param,3,5,0.05,2,1.000e-08,126,-0.932542,0.805969,-0.011594,0.003280
tent,param,3,5,0.05,2,1.000e-08,127,-0.936489,0.802185,-0.004296,-0.006737
tent,param,3,5,0.05,2,1.000e-08,128,-0.932093,0.804626,-0.001576,-0.003904
tent,param,3,5,0.05,2,1.000e-08,129,-0.934391,0.801575,-0.004943,-0.001717
tent,param,3,5,0.05,2,1.000e-08,130,-0.939177,0.802307,0.007400,-0.005186
tent,param,3,5,0.05,2,1.000e-08,131,-0.937641,0.804260,0.001525,0.003675
tent,param,3,5,0.05,2,1.000e-08,132,-0.928489,0.805786,-0.018318,0.004766
tent,param,3,5,0.05,2,1.000e-08,133,-0.928709,0.805542,-0.008541,-0.005199
tent,param,3,5,0.05,2,1.000e-08,134,-0.927114,0.807129,-0.006760,0.001152
tent,param,3,5,0.05,2,1.000e-08,135,-0.931756,0.804321,0.000136,-0.004325
tent,param,3,5,0.05,2,1.000e-08,136,-0.925664,0.808777,-0.011038,-0.012669
tent,param,3,5,0.05,2,1.000e-08,137,-0.922625,0.807739,-0.008788,-0.020033
tent,param,3,5,0.05,2,1.000e-08,138,-0.922101,0.809448,-0.001474,-0.014099
tent,param,3,5,0.05,2,1.000e-08,139,-0.930124,0.801453,-0.001561,-0.004308
tent,param,3,5,0.05,2,1.000e-08,140,-0.943219,0.798706,0.006244,-0.002855
tent,param,3,5,0.05,2,1.000e-08,141,-0.933698,0.807678,0.006452,0.002558
tent,param,3,5,0.05,2,1.000e-08,142,-0.925908,0.805908,-0.017081,-0.004952
tent,param,3,5,0.05,2,1.000e-08,143,-0.924963,0.812500,-0.009904,-0.003534
tent,param,3,5,0.05,2,1.000e-08,144,-0.924380,0.809204,-0.013567,-0.012857
tent,param,3,5,0.05,2,1.000e-08,145,-0.928271,0.805664,-0.000931,-0.010477
tent,param,3,5,0.05,2,1.000e-08,146,-0.934399,0.807129,-0.009584,0.005426
tent,param,3,5,0.05,2,1.000e-08,147,-0.947479,0.794189,0.011369,0.004810
tent,param,3,5,0.05,2,1.000e-08,148,-0.941569,0.798706,0.004518,-0.007075
tent,param,3,5,0.05,2,1.000e-08,149,-0.935243,0.806458,0.006588,0.011351
tent,param,3,5,0.05,2,1.000e-08,150,-0.934606,0.803101,0.002453,0.005686
tent,param,3,5,0.05,2,1.000e-08,151,-0.938809,0.801941,0.002345,-0.000158
tent,param,3,5,0.05,2,1.000e-08,152,-0.939542,0.801453,0.000329,0.001396
tent,param,3,5,0.05,2,1.000e-08,153,-0.930120,0.806396,-0.008995,-0.010127
tent,param,3,5,0.05,2,1.000e-08,154,-0.935223,0.800171,0.005319,-0.011668
tent,param,3,5,0.05,2,1.000e-08,155,-0.935703,0.799561,-0.003717,0.000789
tent,param,3,5,0.05,2,1.000e-08,156,-0.939113,0.802368,0.018249,0.007212
tent,param,3,5,0.05,2,1.000e-08,157,-0.933657,0.804077,0.008318,-0.004815
tent,param,3,5,0.05,2,1.000e-08,158,-0.929253,0.808411,0.005621,-0.018181
tent,param,3,5,0.05,2,1.000e-08,159,-0.935394,0.801147,0.005918,-0.009554
tent,param,3,5,0.05,2,1.000e-08,160,-0.937832,0.799988,-0.004513,0.006740
tent,param,3,5,0.05,2,1.000e-08,161,-0.933854,0.801941,0.003277,0.017515
tent,param,3,5,0.05,2,1.000e-08,162,-0.928058,0.805481,-0.005570,0.003156
tent,param,3,5,0.05,2,1.000e-08,163,-0.931811,0.805054,0.004080,-0.003622
tent,param,3,5,0.05,2,1.000e-08,164,-0.929946,0.804382,-0.007997,-0.006390
tent,param,3,5,0.05,2,1.000e-08,165,-0.933367,0.805664,0.009857,0.001798
tent,param,3,5,0.05,2,1.000e-08,166,-0.927565,0.805054,-0.000438,-0.007488
tent,param,3,5,0.05,2,1.000e-08,167,-0.927784,0.810974,-0.002866,0.001247
tent,param,3,5,0.05,2,1.000e-08,168,-0.926457,0.807983,-0.005827,-0.010998
tent,param,3,5,0.05,2,1.000e-08,169,-0.931632,0.802002,-0.004950,0.004691
tent,param,3,5,0.05,2,1.000e-08,170,-0.929088,0.807068,-0.009191,0.007920
tent,param,3,5,0.05,2,1.000e-08,171,-0.924185,0.807739,-0.003738,-0.018049
tent,param,3,5,0.05,2,1.000e-08,172,-0.928781,0.809021,-0.011161,-0.007786
tent,param,3,5,0.05,2,1.000e-08,173,-0.933762,0.802917,-0.003817,-0.004644
tent,param,3,5,0.05,2,1.000e-08,174,-0.933103,0.804810,0.006300,-0.010689
tent,param,3,5,0.05,2,1.000e-08,175,-0.936793,0.803406,0.011339,-0.004117
tent,param,3,5,0.05,2,1.000e-08,176,-0.929239,0.804565,-0.008026,-0.014770
tent,param,3,5,0.05,2,1.000e-08,177,-0.934486,0.803040,0.000457,-0.004162
tent,param,3,5,0.05,2,1.000e-08,178,-0.931830,0.806335,-0.010940,0.005942
tent,param,3,5,0.05,2,1.000e-08,179,-0.935729,0.800537,0.000267,-0.007378
tent,param,3,5,0.05,2,1.000e-08,180,-0.939243,0.799988,0.001103,0.006660
tent,param,3,5,0.05,2,1.000e-08,181,-0.929525,0.808594,-0.006713,-0.000023
tent,param,3,5,0.05,2,1.000e-08,182,-0.927776,0.808105,-0.010906,-0.000356
tent,param,3,5,0.05,2,1.000e-08,183,-0.928920,0.803467,-0.011414,-0.013840
tent,param,3,5,0.05,2,1.000e-08,184,-0.940112,0.801025,-0.002039,0.012155
tent,param,3,5,0.05,2,1.000e-08,185,-0.939245,0.802429,0.007785,-0.000514
tent,param,3,5,0.05,2,1.000e-08,186,-0.932263,0.803650,-0.004937,-0.010523
tent,param,3,5,0.05,2,1.000e-08,187,-0.937288,0.801758,0.002507,0.006082
tent,param,3,5,0.05,2,1.000e-08,188,-0.926681,0.807068,-0.012620,0.002298
tent,param,3,5,0.05,2,1.000e-08,189,-0.926622,0.807739,0.000115,-0.010868
tent,param,3,5,0.05,2,1.000e-08,190,-0.935722,0.803894,-0.007424,-0.002952
tent,param,3,5,0.05,2,1.000e-08,191,-0.938765,0.802124,-0.000180,0.012312
tent,param,3,5,0.05,2,1.000e-08,192,-0.931144,0.803955,-0.000566,-0.008424
tent,param,3,5,0.05,2,1.000e-08,193,-0.933159,0.804565,0.002314,0.001140
tent,param,3,5,0.05,2,1.000e-08,194,-0.938500,0.802979,0.000670,0.005810
tent,param,3,5,0.05,2,1.000e-08,195,-0.933352,0.805420,-0.004117,-0.003871
tent,param,3,5,0.05,2,1.000e-08,196,-0.937370,0.802429,-0.001404,0.004281
tent,param,3,5,0.05,2,1.000e-08,197,-0.937477,0.799011,0.001090,0.004286
tent,param,3,5,0.05,2,1.000e-08,198,-0.935067,0.801453,-0.006494,0.017946
tent,param,3,5,0.05,2,1.000e-08,199,-0.935976,0.802368,0.005576,0.007117
tent,param,3,5,0.05,2,1.000e-08,200,-0.936923,0.801086,-0.005986,0.004112
tent,param,3,5,0.05,2,1.000e-08,201,-0.935100,0.801514,-0.002712,-0.006286
tent,param,3,5,0.05,2,1.000e-08,202,-0.943124,0.803040,0.021039,0.013114
tent,param,3,5,0.05,2,1.000e-08,203,-0.940556,0.800110,0.012194,-0.000916
tent,param,3,5,0.05,2,1.000e-08,204,-0.931199,0.802673,-0.003703,-0.000611
tent,param,3,5,0.05,2,1.000e-08,205,-0.936421,0.800476,0.002761,0.003501
tent,param,3,5,0.05,2,1.000e-08,206,-0.935618,0.802734,0.004982,-0.002869
tent,param,3,5,0.05,2,1.000e-08,207,-0.938296,0.799072,-0.002379,0.008225
tent,param,3,5,0.05,2,1.000e-08,208,-0.939363,0.800537,0.016142,0.001454
tent,param,3,5,0.05,2,1.000e-08,209,-0.933266,0.804016,0.003609,-0.001000
tent,param,3,5,0.05,2,1.000e-08,210,-0.932089,0.806824,-0.000417,0.003854
tent,param,3,5,0.05,2,1.000e-08,211,-0.926583,0.810059,-0.000566,-0.007991
tent,param,3,5,0.05,2,1.000e-08,212,-0.925516,0.809265,-0.008760,-0.004162
tent,param,3,5,0.05,2,1.000e-08,213,-0.926222,0.805908,-0.027063,-0.003680
tent,param,3,5,0.05,2,1.000e-08,214,-0.933114,0.800232,-0.006154,-0.000387
tent,param,3,5,0.05,2,1.000e-08,215,-0.942683,0.798523,0.012596,-0.007224
tent,param,3,5,0.05,2,1.000e-08,216,-0.937890,0.802185,0.007132,-0.002701
tent,param,3,5,0.05,2,1.000e-08,217,-0.932317,0.802185,-0.008658,0.006926
tent,param,3,5,0.05,2,1.000e-08,218,-0.933794,0.804993,0.009676,-0.000755
tent,param,3,5,0.05,2,1.000e-08,219,-0.938463,0.801270,-0.002555,-0.000929
tent,param,3,5,0.05,2,1.000e-08,220,-0.934937,0.803345,-0.004350,0.010886
tent,param,3,5,0.05,2,1.000e-08,221,-0.934966,0.802307,-0.004299,-0.015341
tent,param,3,5,0.05,2,1.000e-08,222,-0.941773,0.800354,0.006831,0.015057
tent,param,3,5,0.05,2,1.000e-08,223,-0.934973,0.802551,0.014093,-0.006056
tent,param,3,5,0.05,2,1.000e-08,224,-0.929504,0.804626,-0.001257,-0.001662
tent,param,3,5,0.05,2,1.000e-08,225,-0.926867,0.809265,-0.022840,0.000651
tent,param,3,5,0.05,2,1.000e-08,226,-0.928650,0.805847,-0.001057,-0.008998
tent,param,3,5,0.05,2,1.000e-08,227,-0.925568,0.806824,-0.009183,-0.000163
tent,param,3,5,0.05,2,1.000e-08,228,-0.929472,0.805969,-0.007718,-0.002035
tent,param,3,5,0.05,2,1.000e-08,229,-0.940973,0.799988,0.001210,0.007301
tent,param,3,5,0.05,2,1.000e-08,230,-0.937124,0.798279,-0.010021,0.008069
tent,param,3,5,0.05,2,1.000e-08,231,-0.931139,0.803162,-0.016057,0.010402
tent,param,3,5,0.05,2,1.000e-08,232,-0.932639,0.803223,0.006709,0.003870
tent,param,3,5,0.05,2,1.000e-08,233,-0.926377,0.806519,-0.006889,0.005291
tent,param,3,5,0.05,2,1.000e-08,234,-0.933527,0.802246,0.004464,-0.003433
tent,param,3,5,0.05,2,1.000e-08,235,-0.930513,0.804993,0.007270,-0.011025
tent,param,3,5,0.05,2,1.000e-08,236,-0.934922,0.805115,-0.005487,0.004244
tent,param,3,5,0.05,2,1.000e-08,237,-0.942121,0.798828,-0.008959,0.007233
tent,param,3,5,0.05,2,1.000e-08,238,-0.948749,0.794983,-0.004681,0.015597
tent,param,3,5,0.05,2,1.000e-08,239,-0.939857,0.799805,0.007927,-0.005001
tent,param,3,5,0.05,2,1.000e-08,240,-0.942825,0.801575,0.007788,0.008173
tent,param,3,5,0.05,2,1.000e-08,241,-0.937690,0.801514,0.004549,0.012778
tent,param,3,5,0.05,2,1.000e-08,242,-0.936428,0.803711,-0.002351,0.013602
tent,param,3,5,0.05,2,1.000e-08,243,-0.927927,0.809570,-0.007249,-0.002313
tent,param,3,5,0.05,2,1.000e-08,244,-0.931767,0.803345,-0.007138,-0.010921
tent,param,3,5,0.05,2,1.000e-08,245,-0.936179,0.798157,-0.000407,0.005388
tent,param,3,5,0.05,2,1.000e-08,246,-0.929190,0.808044,-0.009965,0.001296
tent,param,3,5,0.05,2,1.000e-08,247,-0.940100,0.800354,0.001385,-0.005318
tent,param,3,5,0.05,2,1.000e-08,248,-0.939208,0.798279,0.000235,0.006594
tent,param,3,5,0.05,2,1.000e-08,249,-0.935926,0.800415,0.007600,-0.005254
tent,param,3,5,0.05,2,1.000e-08,250,-0.936427,0.800293,0.003490,0.001658
tent,param,3,5,0.05,2,1.000e-08,251,-0.934444,0.803589,-0.004829,0.015581
tent,param,3,5,0.05,2,1.000e-08,252,-0.933139,0.800476,0.002090,-0.001414
tent,param,3,5,0.05,2,1.000e-08,253,-0.937846,0.802551,0.003622,0.003622
tent,param,3,5,0.05,2,1.000e-08,254,-0.938650,0.798401,0.007885,0.006623
tent,param,3,5,0.05,2,1.000e-08,255,-0.925461,0.806030,0.006357,-0.010392
tent,param,3,5,0.05,2,1.000e-08,256,-0.934904,0.801880,0.004515,-0.001794
tent,param,3,5,0.05,2,1.000e-08,257,-0.936739,0.805420,-0.009718,0.004487
tent,param,3,5,0.05,2,1.000e-08,258,-0.939304,0.801331,0.005987,-0.000128
tent,param,3,5,0.05,2,1.000e-08,259,-0.936583,0.804077,0.006717,-0.001407
tent,param,3,5,0.05,2,1.000e-08,260,-0.942100,0.802917,0.005469,0.008558
tent,param,3,5,0.05,2,1.000e-08,261,-0.936637,0.796875,0.004970,-0.000434
tent,param,3,5,0.05,2,1.000e-08,262,-0.936648,0.797913,-0.008559,0.003238
tent,param,3,5,0.05,2,1.000e-08,263,-0.941706,0.799988,0.001981,0.001391
tent,param,3,5,0.05,2,1.000e-08,264,-0.934936,0.803345,0.002665,-0.002290
tent,param,3,5,0.05,2,1.000e-08,265,-0.930112,0.807373,0.003451,-0.000545
tent,param,3,5,0.05,2,1.000e-08,266,-0.933121,0.802856,-0.000060,0.013765
tent,param,3,5,0.05,2,1.000e-08,267,-0.933069,0.803406,-0.004174,-0.002260
tent,param,3,5,0.05,2,1.000e-08,268,-0.934400,0.803223,0.004357,-0.005478
tent,param,3,5,0.05,2,1.000e-08,269,-0.932169,0.804260,-0.000092,0.011634
tent,param,3,5,0.05,2,1.000e-08,270,-0.927165,0.807129,-0.011969,-0.003838
tent,param,3,5,0.05,2,1.000e-08,271,-0.930127,0.803772,-0.008351,-0.009622
tent,param,3,5,0.05,2,1.000e-08,272,-0.929734,0.807983,-0.011395,0.004690
tent,param,3,5,0.05,2,1.000e-08,273,-0.936799,0.804749,-0.000486,-0.004603
tent,param,3,5,0.05,2,1.000e-08,274,-0.942414,0.799438,-0.003451,0.008280
tent,param,3,5,0.05,2,1.000e-08,275,-0.942776,0.801636,-0.001852,0.005840
tent,param,3,5,0.05,2,1.000e-08,276,-0.937251,0.800415,-0.001237,0.001551
tent,param,3,5,0.05,2,1.000e-08,277,-0.940500,0.803162,0.015378,0.008358
tent,param,3,5,0.05,2,1.000e-08,278,-0.932636,0.803284,0.001142,-0.011628
tent,param,3,5,0.05,2,1.000e-08,279,-0.934446,0.804199,-0.005735,-0.005009
tent,param,3,5,0.05,2,1.000e-08,280,-0.946557,0.800415,0.011319,0.016410
tent,param,3,5,0.05,2,1.000e-08,281,-0.940312,0.799561,-0.006255,0.011628
tent,param,3,5,0.05,2,1.000e-08,282,-0.932180,0.806885,-0.006015,-0.000857
tent,param,3,5,0.05,2,1.000e-08,283,-0.940058,0.804871,0.004262,0.006867
tent,param,3,5,0.05,2,1.000e-08,284,-0.933898,0.799683,-0.008159,-0.004491
tent,param,3,5,0.05,2,1.000e-08,285,-0.937622,0.799500,0.005486,0.002625
tent,param,3,5,0.05,2,1.000e-08,286,-0.930046,0.807007,0.003307,-0.001366
tent,param,3,5,0.05,2,1.000e-08,287,-0.924259,0.809265,-0.016637,-0.008287
tent,param,3,5,0.05,2,1.000e-08,288,-0.921387,0.809387,-0.004016,-0.013457
tent,param,3,5,0.05,2,1.000e-08,289,-0.933556,0.802917,-0.004802,-0.000432
tent,param,3,5,0.05,2,1.000e-08,290,-0.931398,0.801697,-0.011324,-0.000647
tent,param,3,5,0.05,2,1.000e-08,291,-0.935812,0.801270,-0.007590,-0.001197
tent,param,3,5,0.05,2,1.000e-08,292,-0.947391,0.798645,0.005329,0.002824
tent,param,3,5,0.05,2,1.000e-08,293,-0.943378,0.798279,-0.002235,0.008872
tent,param,3,5,0.05,2,1.000e-08,294,-0.937812,0.802063,-0.002047,0.001685
tent,param,3,5,0.05,2,1.000e-08,295,-0.925117,0.810547,0.010701,-0.011228
tent,param,3,5,0.05,2,1.000e-08,296,-0.924203,0.805664,-0.015724,-0.009706
tent,param,3,5,0.05,2,1.000e-08,297,-0.937943,0.803406,0.002993,-0.003445
tent,param,3,5,0.05,2,1.000e-08,298,-0.943010,0.798767,0.006711,0.002870
tent,param,3,5,0.05,2,1.000e-08,299,-0.937055,0.800537,0.002820,-0.006584
tent,param,3,5,0.05,2,1.000e-08,300,-0.937256,0.801208,0.010665,0.007386
tent,param,3,5,0.05,2,1.000e-08,301,-0.935855,0.802795,0.006055,-0.002684
tent,param,3,5,0.05,2,1.000e-08,302,-0.930971,0.803955,-0.010870,0.011260
tent,param,3,5,0.05,2,1.000e-08,303,-0.924802,0.809143,0.007945,0.003426
tent,param,3,5,0.05,2,1.000e-08,304,-0.926938,0.806091,-0.001382,-0.008675
tent,param,3,5,0.05,2,1.000e-08,305,-0.936225,0.802917,-0.009151,0.010418
tent,param,3,5,0.05,2,1.000e-08,306,-0.929124,0.804932,0.002098,-0.006274
tent,param,3,5,0.05,2,1.000e-08,307,-0.936952,0.801270,-0.004579,-0.005333
tent,param,3,5,0.05,2,1.000e-08,308,-0.936938,0.800110,0.001042,0.009963
tent,param,3,5,0.05,2,1.000e-08,309,-0.929250,0.808533,-0.008216,0.003416
tent,param,3,5,0.05,2,1.000e-08,310,-0.933780,0.804321,-0.010946,0.004840
tent,param,3,5,0.05,2,1.000e-08,311,-0.940121,0.798584,-0.006286,0.000165
tent,param,3,5,0.05,2,1.000e-08,312,-0.941334,0.802490,0.013761,0.013901
tent,param,3,5,0.05,2,1.000e-08,313,-0.928344,0.808899,-0.015777,0.012948
tent,param,3,5,0.05,2,1.000e-08,314,-0.927340,0.807495,-0.010737,-0.012814
tent,param,3,5,0.05,2,1.000e-08,315,-0.938329,0.801880,0.002753,-0.000634
tent,param,3,5,0.05,2,1.000e-08,316,-0.936686,0.800842,0.005122,0.004687
tent,param,3,5,0.05,2,1.000e-08,317,-0.940579,0.802429,0.008293,0.004464
tent,param,3,5,0.05,2,1.000e-08,318,-0.944589,0.798401,-0.005614,0.018716
tent,param,3,5,0.05,2,1.000e-08,319,-0.937717,0.799744,0.007543,0.000278
tent,param,3,5,0.05,2,1.000e-08,320,-0.931746,0.803406,0.002694,-0.009165
tent,param,3,5,0.05,2,1.000e-08,321,-0.936230,0.801453,0.001070,0.002904
tent,param,3,5,0.05,2,1.000e-08,322,-0.938553,0.801575,-0.005408,0.001204
tent,param,3,5,0.05,2,1.000e-08,323,-0.941091,0.796448,0.007393,0.007371
tent,param,3,5,0.05,2,1.000e-08,324,-0.940064,0.796692,0.004981,0.002298
tent,param,3,5,0.05,2,1.000e-08,325,-0.940933,0.800720,0.003708,0.008080
tent,param,3,5,0.05,2,1.000e-08,326,-0.936145,0.802734,0.012594,-0.001872
tent,param,3,5,0.05,2,1.000e-08,327,-0.929087,0.807983,0.003144,-0.003205
tent,param,3,5,0.05,2,1.000e-08,328,-0.931829,0.806458,0.002741,-0.007673
tent,param,3,5,0.05,2,1.000e-08,329,-0.932344,0.804504,0.002869,-0.006799
tent,param,3,5,0.05,2,1.000e-08,330,-0.940171,0.799805,0.009489,0.008418
tent,param,3,5,0.05,2,1.000e-08,331,-0.934241,0.805176,0.007794,-0.012988
tent,param,3,5,0.05,2,1.000e-08,332,-0.931357,0.805847,0.010927,-0.005624
tent,param,3,5,0.05,2,1.000e-08,333,-0.927593,0.811157,-0.014770,-0.006675
tent,param,3,5,0.05,2,1.000e-08,334,-0.929165,0.803711,-0.009680,0.003031
tent,param,3,5,0.05,2,1.000e-08,335,-0.926047,0.808044,-0.019129,-0.010701
tent,param,3,5,0.05,2,1.000e-08,336,-0.939591,0.797302,0.004576,0.007560
tent,param,3,5,0.05,2,1.000e-08,337,-0.937274,0.799927,-0.015074,0.021666
tent,param,3,5,0.05,2,1.000e-08,338,-0.935494,0.801880,0.000832,0.001756
tent,param,3,5,0.05,2,1.000e-08,339,-0.926511,0.806274,-0.010131,-0.010523
tent,param,3,5,0.05,2,1.000e-08,340,-0.936520,0.800781,-0.002614,-0.000490
tent,param,3,5,0.05,2,1.000e-08,341,-0.928294,0.802124,0.011212,-0.015136
tent,param,3,5,0.05,2,1.000e-08,342,-0.930104,0.805664,0.006154,-0.006771
tent,param,3,5,0.05,2,1.000e-08,343,-0.938464,0.798584,0.006091,0.003429
tent,param,3,5,0.05,2,1.000e-08,344,-0.938331,0.803040,-0.010235,0.008200
tent,param,3,5,0.05,2,1.000e-08,345,-0.930698,0.804443,0.001425,-0.002079
tent,param,3,5,0.05,2,1.000e-08,346,-0.931845,0.802734,-0.010788,-0.002578
tent,param,3,5,0.05,2,1.000e-08,347,-0.938837,0.802551,0.009709,-0.000817
tent,param,3,5,0.05,2,1.000e-08,348,-0.933007,0.803467,0.001950,-0.009862
tent,param,3,5,0.05,2,1.000e-08,349,-0.926084,0.807617,-0.019854,-0.004717
tent,param,3,5,0.05,2,1.000e-08,350,-0.930971,0.804565,-0.000966,-0.006943
tent,param,3,5,0.05,2,1.000e-08,351,-0.927265,0.807129,0.000633,-0.002577
tent,param,3,5,0.05,2,1.000e-08,352,-0.925003,0.807434,-0.004479,-0.009322
tent,param,3,5,0.05,2,1.000e-08,353,-0.936273,0.801819,0.000973,-0.004021
tent,param,3,5,0.05,2,1.000e-08,354,-0.938729,0.801514,0.000526,0.006247
tent,param,3,5,0.05,2,1.000e-08,355,-0.943289,0.796997,0.008452,0.010398
tent,param,3,5,0.05,2,1.000e-08,356,-0.934366,0.804626,-0.000366,-0.009652
tent,param,3,5,0.05,2,1.000e-08,357,-0.932585,0.803406,0.017216,-0.012874
tent,param,3,5,0.05,2,1.000e-08,358,-0.935613,0.802795,0.000973,0.004745
tent,param,3,5,0.05,2,1.000e-08,359,-0.933237,0.799133,-0.005635,-0.002755
tent,param,3,5,0.05,2,1.000e-08,360,-0.935293,0.800537,0.004147,-0.002090
tent,param,3,5,0.05,2,1.000e-08,361,-0.933149,0.804138,-0.004682,0.008630
tent,param,3,5,0.05,2,1.000e-08,362,-0.928615,0.805481,-0.009594,-0.005933
tent,param,3,5,0.05,2,1.000e-08,363,-0.927289,0.807800,-0.013928,-0.004787
tent,param,3,5,0.05,2,1.000e-08,364,-0.934505,0.800537,-0.002939,-0.000873
tent,param,3,5,0.05,2,1.000e-08,365,-0.934112,0.804504,0.001944,0.006450
tent,param,3,5,0.05,2,1.000e-08,366,-0.938004,0.799072,0.001634,0.007476
tent,param,3,5,0.05,2,1.000e-08,367,-0.938307,0.802063,0.004081,0.014864
tent,param,3,5,0.05,2,1.000e-08,368,-0.927950,0.803711,-0.012004,-0.010261
tent,param,3,5,0.05,2,1.000e-08,369,-0.932945,0.805298,-0.004973,0.000505
tent,param,3,5,0.05,2,1.000e-08,370,-0.930349,0.808167,-0.007564,-0.005261
tent,param,3,5,0.05,2,1.000e-08,371,-0.935473,0.801208,0.013121,0.000396
tent,param,3,5,0.05,2,1.000e-08,372,-0.933555,0.804565,-0.006846,-0.012050
tent,param,3,5,0.05,2,1.000e-08,373,-0.934827,0.801941,-0.005653,0.004419
tent,param,3,5,0.05,2,1.000e-08,374,-0.937657,0.801819,-0.015380,0.013319
tent,param,3,5,0.05,2,1.000e-08,375,-0.935881,0.801514,-0.013103,0.012014
tent,param,3,5,0.05,2,1.000e-08,376,-0.932290,0.803711,-0.005254,0.005469
tent,param,3,5,0.05,2,1.000e-08,377,-0.927938,0.805664,-0.006872,-0.007754
tent,param,3,5,0.05,2,1.000e-08,378,-0.933394,0.804077,-0.003653,-0.004436
tent,param,3,5,0.05,2,1.000e-08,379,-0.934262,0.800964,-0.011135,-0.002666
tent,param,3,5,0.05,2,1.000e-08,380,-0.935010,0.802063,0.014826,-0.001145
tent,param,3,5,0.05,2,1.000e-08,381,-0.939116,0.800842,0.006775,0.000937
tent,param,3,5,0.05,2,1.000e-08,382,-0.933948,0.804749,-0.005460,-0.002126
tent,param,3,5,0.05,2,1.000e-08,383,-0.934110,0.804077,-0.005526,-0.000313
tent,param,3,5,0.05,2,1.000e-08,384,-0.935212,0.801208,0.003029,0.001492
tent,param,3,5,0.05,2,1.000e-08,385,-0.934388,0.802673,-0.007756,0.007407
tent,param,3,5,0.05,2,1.000e-08,386,-0.934575,0.807373,0.004409,0.000869
tent,param,3,5,0.05,2,1.000e-08,387,-0.931272,0.804321,-0.006699,-0.014960
tent,param,3,5,0.05,2,1.000e-08,388,-0.934473,0.798645,-0.005132,-0.000323
tent,param,3,5,0.05,2,1.000e-08,389,-0.936121,0.803772,-0.003299,0.000209
tent,param,3,5,0.05,2,1.000e-08,390,-0.936135,0.803833,-0.001960,0.000511
tent,param,3,5,0.05,2,1.000e-08,391,-0.938875,0.799316,0.002740,-0.001766
tent,param,3,5,0.05,2,1.000e-08,392,-0.937895,0.801331,0.005720,-0.004982
tent,param,3,5,0.05,2,1.000e-08,393,-0.941268,0.803101,0.006934,0.005372
tent,param,3,5,0.05,2,1.000e-08,394,-0.937809,0.801147,-0.006554,0.006769
tent,param,3,5,0.05,2,1.000e-08,395,-0.935512,0.803589,-0.007859,-0.006096
tent,param,3,5,0.05,2,1.000e-08,396,-0.943015,0.799194,0.007156,0.009542
tent,param,3,5,0.05,2,1.000e-08,397,-0.942079,0.799255,0.009258,0.011742
tent,param,3,5,0.05,2,1.000e-08,398,-0.940876,0.797485,-0.006280,0.014596
tent,param,3,5,0.05,2,1.000e-08,399,-0.936527,0.800842,-0.001008,0.004612
tent,param,3,5,0.05,2,1.000e-08,400,-0.936926,0.804260,0.002855,0.008414
tent,param,3,5,0.05,2,1.000e-06,1,-14.744895,0.000000,1.000000,1.000000
tent,param,3,5,0.05,2,1.000e-06,2,-14.115939,0.000000,1.000000,1.000000
tent,param,3,5,0.05,2,1.000e-06,3,-13.497878,0.000000,1.000000,1.000000
tent,param,3,5,0.05,2,1.000e-06,4,-12.862187,0.000000,1.000000,1.000000
tent,param,3,5,0.05,2,1.000e-06,5,-12.218161,0.000000,1.000000,1.000000
tent,param,3,5,0.05,2,1.000e-06,6,-11.574062,0.000000,1.000000,1.000000
tent,param,3,5,0.05,2,1.000e-06,7,-10.930704,0.000061,0.999532,0.999995
tent,param,3,5,0.05,2,1.000e-06,8,-10.288263,0.000000,1.000000,0.999985
tent,param,3,5,0.05,2,1.000e-06,9,-9.646263,0.000061,1.000000,0.999950
tent,param,3,5,0.05,2,1.000e-06,10,-9.002617,0.000061,0.999533,0.999984
tent,param,3,5,0.05,2,1.000e-06,11,-8.360315,0.000061,1.000000,0.999937
tent,param,3,5,0.05,2,1.000e-06,12,-7.719025,0.000122,0.999998,0.999301
tent,param,3,5,0.05,2,1.000e-06,13,-7.075908,0.000122,0.999992,0.999421
tent,param,3,5,0.05,2,1.000e-06,14,-6.429803,0.000549,0.998567,0.997350
tent,param,3,5,0.05,2,1.000e-06,15,-5.783924,0.001221,0.995179,0.996035
tent,param,3,5,0.05,2,1.000e-06,16,-5.139304,0.001526,0.995724,0.993772
tent,param,3,5,0.05,2,1.000e-06,17,-4.494169,0.003479,0.987845,0.989907
tent,param,3,5,0.05,2,1.000e-06,18,-3.847149,0.006287,0.979454,0.979444
tent,param,3,5,0.05,2,1.000e-06,19,-3.213329,0.008667,0.969991,0.970141
tent,param,3,5,0.05,2,1.000e-06,20,-2.593564,0.012634,0.950015,0.945076
tent,param,3,5,0.05,2,1.000e-06,21,-2.002766,0.070312,0.887052,0.868549
tent,param,3,5,0.05,2,1.000e-06,22,-1.464281,0.461853,0.699672,0.675658
tent,param,3,5,0.05,2,1.000e-06,23,-1.022092,0.798828,0.247695,0.241542
tent,param,3,5,0.05,2,1.000e-06,24,-0.805594,0.866455,-0.199598,-0.136817
tent,param,3,5,0.05,2,1.000e-06,25,-0.885885,0.826294,-0.091407,-0.053995
tent,param,3,5,0.05,2,1.000e-06,26,-0.928498,0.803223,-0.016162,0.002248
tent,param,3,5,0.05,2,1.000e-06,27,-0.939158,0.803284,0.011604,-0.006424
tent,param,3,5,0.05,2,1.000e-06,28,-0.934936,0.799927,-0.012263,-0.002521
tent,param,3,5,0.05,2,1.000e-06,29,-0.942645,0.802551,0.024169,0.006383
tent,param,3,5,0.05,2,1.000e-06,30,-0.941242,0.802185,0.014650,-0.000848
tent,param,3,5,0.05,2,1.000e-06,31,-0.931934,0.803833,0.002127,-0.012873
tent,param,3,5,0.05,2,1.000e-06,32,-0.934252,0.802246,-0.003238,0.004866
tent,param,3,5,0.05,2,1.000e-06,33,-0.935903,0.802612,-0.004364,-0.001515
tent,param,3,5,0.05,2,1.000e-06,34,-0.938372,0.804565,0.006319,-0.000130
tent,param,3,5,0.05,2,1.000e-06,35,-0.937690,0.800903,0.000725,-0.006094
tent,param,3,5,0.05,2,1.000e-06,36,-0.939216,0.802673,0.014374,-0.001695
tent,param,3,5,0.05,2,1.000e-06,37,-0.946950,0.796082,0.014202,0.003652
tent,param,3,5,0.05,2,1.000e-06,38,-0.944277,0.800354,0.010513,0.002791
tent,param,3,5,0.05,2,1.000e-06,39,-0.938805,0.799988,-0.000223,0.005989
tent,param,3,5,0.05,2,1.000e-06,40,-0.934074,0.801819,0.004876,0.001717
tent,param,3,5,0.05,2,1.000e-06,41,-0.937924,0.801392,0.004431,0.004179
tent,param,3,5,0.05,2,1.000e-06,42,-0.938062,0.800171,0.007701,-0.001804
tent,param,3,5,0.05,2,1.000e-06,43,-0.932169,0.806824,0.002320,-0.004747
tent,param,3,5,0.05,2,1.000e-06,44,-0.937995,0.800781,-0.004789,0.020491
tent,param,3,5,0.05,2,1.000e-06,45,-0.936466,0.802795,0.005621,0.005197
tent,param,3,5,0.05,2,1.000e-06,46,-0.926643,0.808594,-0.002931,-0.008431
tent,param,3,5,0.05,2,1.000e-06,47,-0.925110,0.807251,-0.008864,-0.009116
tent,param,3,5,0.05,2,1.000e-06,48,-0.936501,0.803467,0.003117,-0.002098
tent,param,3,5,0.05,2,1.000e-06,49,-0.938932,0.802917,0.006781,0.010565
tent,param,3,5,0.05,2,1.000e-06,50,-0.931580,0.802979,-0.012132,0.014489
tent,param,3,5,0.05,2,1.000e-06,51,-0.932754,0.807007,0.011889,-0.014694
tent,param,3,5,0.05,2,1.000e-06,52,-0.931722,0.803833,-0.003914,-0.004745
tent,param,3,5,0.05,2,1.000e-06,53,-0.932585,0.799561,-0.004854,-0.002998
tent,param,3,5,0.05,2,1.000e-06,54,-0.934875,0.802979,-0.008375,0.010003
tent,param,3,5,0.05,2,1.000e-06,55,-0.932003,0.804749,0.000745,-0.008483
tent,param,3,5,0.05,2,1.000e-06,56,-0.934447,0.803528,0.002235,0.005286
tent,param,3,5,0.05,2,1.000e-06,57,-0.923168,0.804443,-0.019328,0.006697
tent,param,3,5,0.05,2,1.000e-06,58,-0.929671,0.802856,0.000490,-0.010086
tent,param,3,5,0.05,2,1.000e-06,59,-0.931487,0.806580,-0.004955,-0.008487
tent,param,3,5,0.05,2,1.000e-06,60,-0.934778,0.806885,-0.008661,0.005871
tent,param,3,5,0.05,2,1.000e-06,61,-0.939855,0.799683,-0.001570,0.006987
tent,param,3,5,0.05,2,1.000e-06,62,-0.937314,0.803101,-0.005213,0.012392
tent,param,3,5,0.05,2,1.000e-06,63,-0.933596,0.801392,-0.005616,-0.008940
tent,param,3,5,0.05,2,1.000e-06,64,-0.930288,0.809082,0.001553,-0.008122
tent,param,3,5,0.05,2,1.000e-06,65,-0.925933,0.807800,-0.002204,-0.004650
tent,param,3,5,0.05,2,1.000e-06,66,-0.922411,0.809814,-0.012905,-0.018579
tent,param,3,5,0.05,2,1.000e-06,67,-0.932358,0.801147,0.001494,-0.007987
tent,param,3,5,0.05,2,1.000e-06,68,-0.932752,0.806885,0.002619,0.004215
tent,param,3,5,0.05,2,1.000e-06,69,-0.925119,0.810242,-0.002910,-0.003845
tent,param,3,5,0.05,2,1.000e-06,70,-0.928363,0.804565,-0.018587,-0.000490
tent,param,3,5,0.05,2,1.000e-06,71,-0.937940,0.801147,-0.013299,0.004193
tent,param,3,5,0.05,2,1.000e-06,72,-0.928715,0.805359,-0.004439,0.004861
tent,param,3,5,0.05,2,1.000e-06,73,-0.929337,0.804993,0.001917,-0.017044
tent,param,3,5,0.05,2,1.000e-06,74,-0.944894,0.798645,0.006631,-0.003152
tent,param,3,5,0.05,2,1.000e-06,75,-0.943866,0.799683,0.006436,0.003496
tent,param,3,5,0.05,2,1.000e-06,76,-0.934482,0.801086,-0.005305,-0.007934
tent,param,3,5,0.05,2,1.000e-06,77,-0.939043,0.801819,0.003168,0.008093
tent,param,3,5,0.05,2,1.000e-06,78,-0.943719,0.799805,0.013990,0.007434
tent,param,3,5,0.05,2,1.000e-06,79,-0.942814,0.800659,0.002413,-0.004110
tent,param,3,5,0.05,2,1.000e-06,80,-0.938217,0.804993,-0.006090,0.004492
tent,param,3,5,0.05,2,1.000e-06,81,-0.931113,0.803040,-0.010780,-0.000988
tent,param,3,5,0.05,2,1.000e-06,82,-0.946810,0.800049,-0.000056,0.019066
tent,param,3,5,0.05,2,1.000e-06,83,-0.948626,0.795654,0.004979,0.007059
tent,param,3,5,0.05,2,1.000e-06,84,-0.943039,0.800781,0.016770,-0.003047
tent,param,3,5,0.05,2,1.000e-06,85,-0.937608,0.803589,0.002649,0.003674
tent,param,3,5,0.05,2,1.000e-06,86,-0.937928,0.802063,0.006720,-0.008829
tent,param,3,5,0.05,2,1.000e-06,87,-0.936416,0.803162,0.004773,-0.001534
tent,param,3,5,0.05,2,1.000e-06,88,-0.930023,0.806580,0.002533,-0.006497
tent,param,3,5,0.05,2,1.000e-06,89,-0.931485,0.807373,-0.012134,0.005695
tent,param,3,5,0.05,2,1.000e-06,90,-0.937919,0.802185,-0.001493,0.007511
tent,param,3,5,0.05,2,1.000e-06,91,-0.936453,0.803223,0.006190,-0.000770
tent,param,3,5,0.05,2,1.000e-06,92,-0.933326,0.804443,-0.012970,0.000377
tent,param,3,5,0.05,2,1.000e-06,93,-0.936836,0.800598,-0.003245,0.007043
tent,param,3,5,0.05,2,1.000e-06,94,-0.936821,0.804016,0.004169,0.006590
tent,param,3,5,0.05,2,1.000e-06,95,-0.929833,0.804871,0.001148,-0.008937
tent,param,3,5,0.05,2,1.000e-06,96,-0.935462,0.803528,-0.003289,-0.003935
tent,param,3,5,0.05,2,1.000e-06,97,-0.939299,0.801147,-0.002303,0.011368
tent,param,3,5,0.05,2,1.000e-06,98,-0.930472,0.804749,-0.010141,0.002154
tent,param,3,5,0.05,2,1.000e-06,99,-0.934023,0.806885,-0.012062,0.010899
tent,param,3,5,0.05,2,1.000e-06,100,-0.932403,0.802551,-0.015078,0.009545
tent,param,3,5,0.05,2,1.000e-06,101,-0.934988,0.802307,-0.008634,0.003083
tent,param,3,5,0.05,2,1.000e-06,102,-0.932326,0.804260,-0.004683,-0.002014
tent,param,3,5,0.05,2,1.000e-06,103,-0.940582,0.800171,0.008632,0.004200
tent,param,3,5,0.05,2,1.000e-06,104,-0.933224,0.803650,-0.000300,-0.001825
tent,param,3,5,0.05,2,1.000e-06,105,-0.935326,0.801636,0.007874,-0.018217
tent,param,3,5,0.05,2,1.000e-06,106,-0.938203,0.800476,-0.002962,0.001048
tent,param,3,5,0.05,2,1.000e-06,107,-0.942429,0.800476,0.001443,0.003184
tent,param,3,5,0.05,2,1.000e-06,108,-0.941951,0.796570,0.006587,-0.004231
tent,param,3,5,0.05,2,1.000e-06,109,-0.936241,0.798889,-0.001987,0.002080
tent,param,3,5,0.05,2,1.000e-06,110,-0.930754,0.808655,0.000325,0.004167
tent,param,3,5,0.05,2,1.000e-06,111,-0.923695,0.808777,-0.011599,-0.005234
tent,param,3,5,0.05,2,1.000e-06,112,-0.934236,0.798035,-0.007498,-0.002950
tent,param,3,5,0.05,2,1.000e-06,113,-0.931695,0.805847,-0.009212,-0.000955
tent,param,3,5,0.05,2,1.000e-06,114,-0.931593,0.805481,0.003397,-0.001041
tent,param,3,5,0.05,2,1.000e-06,115,-0.923353,0.809814,-0.011463,-0.011153
tent,param,3,5,0.05,2,1.000e-06,116,-0.934680,0.803650,0.006422,-0.008430
tent,param,3,5,0.05,2,1.000e-06,117,-0.938420,0.801392,0.004207,0.000283
tent,param,3,5,0.05,2,1.000e-06,118,-0.934096,0.801880,0.012398,-0.005435
tent,param,3,5,0.05,2,1.000e-06,119,-0.936051,0.803772,0.000832,0.009109
tent,param,3,5,0.05,2,1.000e-06,120,-0.929429,0.804626,-0.011907,-0.016547
tent,param,3,5,0.05,2,1.000e-06,121,-0.935537,0.800659,-0.005860,-0.003248
tent,param,3,5,0.05,2,1.000e-06,122,-0.937145,0.800354,0.007686,0.006429
tent,param,3,5,0.05,2,1.000e-06,123,-0.935014,0.800781,-0.003240,-0.002844
tent,param,3,5,0.05,2,1.000e-06,124,-0.933406,0.804016,0.007673,-0.007258
tent,param,3,5,0.05,2,1.000e-06,125,-0.940898,0.803528,0.009527,0.002327
tent,param,3,5,0.05,2,1.000e-06,126,-0.940648,0.800598,-0.009891,0.010503
tent,param,3,5,0.05,2,1.000e-06,127,-0.941461,0.795349,0.002801,-0.003131
tent,param,3,5,0.05,2,1.000e-06,128,-0.935975,0.802063,0.011332,0.005891
tent,param,3,5,0.05,2,1.000e-06,129,-0.935520,0.803101,0.006689,-0.010783
tent,param,3,5,0.05,2,1.000e-06,130,-0.938609,0.801758,-0.002519,0.001743
tent,param,3,5,0.05,2,1.000e-06,131,-0.937614,0.803284,-0.011587,0.004170
tent,param,3,5,0.05,2,1.000e-06,132,-0.939738,0.802002,0.002238,0.013680
tent,param,3,5,0.05,2,1.000e-06,133,-0.935628,0.800476,0.000578,-0.009930
tent,param,3,5,0.05,2,1.000e-06,134,-0.935774,0.800354,-0.007032,-0.002906
tent,param,3,5,0.05,2,1.000e-06,135,-0.930169,0.804749,-0.014633,-0.003941
tent,param,3,5,0.05,2,1.000e-06,136,-0.930548,0.805115,0.005776,-0.014573
tent,param,3,5,0.05,2,1.000e-06,137,-0.939841,0.803955,0.008667,-0.004100
tent,param,3,5,0.05,2,1.000e-06,138,-0.939612,0.799683,0.010743,-0.002568
tent,param,3,5,0.05,2,1.000e-06,139,-0.931944,0.806396,-0.004445,-0.003369
tent,param,3,5,0.05,2,1.000e-06,140,-0.930280,0.804810,-0.005142,0.002802
tent,param,3,5,0.05,2,1.000e-06,141,-0.933944,0.803589,0.004541,-0.003767
tent,param,3,5,0.05,2,1.000e-06,142,-0.923782,0.808533,-0.003883,-0.007255
tent,param,3,5,0.05,2,1.000e-06,143,-0.932415,0.804321,-0.003947,0.004634
tent,param,3,5,0.05,2,1.000e-06,144,-0.932232,0.802246,-0.002365,-0.002215
tent,param,3,5,0.05,2,1.000e-06,145,-0.928402,0.808350,-0.006678,-0.004814
tent,param,3,5,0.05,2,1.000e-06,146,-0.929728,0.807983,-0.001043,-0.000780
tent,param,3,5,0.05,2,1.000e-06,147,-0.939368,0.800903,0.013688,0.000807
tent,param,3,5,0.05,2,1.000e-06,148,-0.938116,0.802673,-0.002163,-0.002757
tent,param,3,5,0.05,2,1.000e-06,149,-0.929035,0.805481,-0.001770,0.002706
tent,param,3,5,0.05,2,1.000e-06,150,-0.926235,0.803589,-0.012927,0.003972
tent,param,3,5,0.05,2,1.000e-06,151,-0.932523,0.808533,-0.005725,-0.002705
tent,param,3,5,0.05,2,1.000e-06,152,-0.930919,0.804443,-0.006828,-0.003117
tent,param,3,5,0.05,2,1.000e-06,153,-0.929343,0.805908,0.005338,-0.003794
tent,param,3,5,0.05,2,1.000e-06,154,-0.931120,0.804626,-0.006278,-0.006617
tent,param,3,5,0.05,2,1.000e-06,155,-0.932448,0.801575,-0.000174,-0.008033
tent,param,3,5,0.05,2,1.000e-06,156,-0.939280,0.802612,0.012414,0.004582
tent,param,3,5,0.05,2,1.000e-06,157,-0.934065,0.803101,-0.002958,0.008388
tent,param,3,5,0.05,2,1.000e-06,158,-0.932428,0.801636,0.007789,-0.011212
tent,param,3,5,0.05,2,1.000e-06,159,-0.935953,0.804382,-0.005326,0.000047
tent,param,3,5,0.05,2,1.000e-06,160,-0.933887,0.801880,0.002642,-0.013863
tent,param,3,5,0.05,2,1.000e-06,161,-0.933701,0.801514,0.000390,0.012542
tent,param,3,5,0.05,2,1.000e-06,162,-0.927697,0.809021,-0.009082,0.006169
tent,param,3,5,0.05,2,1.000e-06,163,-0.930513,0.804810,-0.000345,-0.011079
tent,param,3,5,0.05,2,1.000e-06,164,-0.929250,0.802612,-0.003817,-0.010736
tent,param,3,5,0.05,2,1.000e-06,165,-0.929488,0.805725,-0.000787,-0.003415
tent,param,3,5,0.05,2,1.000e-06,166,-0.931312,0.806763,0.001492,-0.004647
tent,param,3,5,0.05,2,1.000e-06,167,-0.939423,0.801331,0.003113,0.000560
tent,param,3,5,0.05,2,1.000e-06,168,-0.937500,0.802551,0.003466,0.009599
tent,param,3,5,0.05,2,1.000e-06,169,-0.924031,0.812988,-0.007716,-0.005748
tent,param,3,5,0.05,2,1.000e-06,170,-0.932073,0.803040,-0.000002,-0.003280
tent,param,3,5,0.05,2,1.000e-06,171,-0.941416,0.797974,0.011694,-0.006297
tent,param,3,5,0.05,2,1.000e-06,172,-0.937228,0.803040,0.009100,0.003181
tent,param,3,5,0.05,2,1.000e-06,173,-0.931787,0.806458,-0.005061,-0.005062
tent,param,3,5,0.05,2,1.000e-06,174,-0.943620,0.798096,0.013726,0.004938
tent,param,3,5,0.05,2,1.000e-06,175,-0.930446,0.804932,-0.004326,-0.006699
tent,param,3,5,0.05,2,1.000e-06,176,-0.934210,0.800659,0.003447,-0.005915
tent,param,3,5,0.05,2,1.000e-06,177,-0.922715,0.809448,-0.021965,-0.009083
tent,param,3,5,0.05,2,1.000e-06,178,-0.933259,0.801636,-0.005410,-0.012467
tent,param,3,5,0.05,2,1.000e-06,179,-0.939686,0.798462,0.000746,0.001836
tent,param,3,5,0.05,2,1.000e-06,180,-0.933162,0.805237,0.008846,0.007451
tent,param,3,5,0.05,2,1.000e-06,181,-0.933252,0.802002,-0.003126,-0.002085
tent,param,3,5,0.05,2,1.000e-06,182,-0.925592,0.805603,-0.012730,-0.004639
tent,param,3,5,0.05,2,1.000e-06,183,-0.942621,0.798584,0.009293,0.012895
tent,param,3,5,0.05,2,1.000e-06,184,-0.930560,0.804077,0.000868,-0.014774
tent,param,3,5,0.05,2,1.000e-06,185,-0.925904,0.807678,-0.002967,-0.016683
tent,param,3,5,0.05,2,1.000e-06,186,-0.934980,0.803101,0.005408,0.010076
tent,param,3,5,0.05,2,1.000e-06,187,-0.937000,0.804138,-0.004367,0.000931
tent,param,3,5,0.05,2,1.000e-06,188,-0.935404,0.802979,0.001764,0.002438
tent,param,3,5,0.05,2,1.000e-06,189,-0.934976,0.798950,-0.008408,0.006448
tent,param,3,5,0.05,2,1.000e-06,190,-0.941275,0.802979,0.004078,0.001201
tent,param,3,5,0.05,2,1.000e-06,191,-0.936003,0.801331,0.003191,-0.001147
tent,param,3,5,0.05,2,1.000e-06,192,-0.935153,0.801392,-0.003307,0.000378
tent,param,3,5,0.05,2,1.000e-06,193,-0.931605,0.805908,-0.000011,-0.003111
tent,param,3,5,0.05,2,1.000e-06,194,-0.929642,0.803345,-0.012598,-0.009256
tent,param,3,5,0.05,2,1.000e-06,195,-0.927828,0.808350,-0.009962,-0.002430
tent,param,3,5,0.05,2,1.000e-06,196,-0.928542,0.805298,-0.009555,-0.012773
tent,param,3,5,0.05,2,1.000e-06,197,-0.927090,0.807007,-0.011999,-0.026375
tent,param,3,5,0.05,2,1.000e-06,198,-0.938456,0.802368,0.004782,0.001692
tent,param,3,5,0.05,2,1.000e-06,199,-0.930930,0.804565,0.006247,-0.011603
tent,param,3,5,0.05,2,1.000e-06,200,-0.932621,0.804626,-0.010456,-0.000852
tent,param,3,5,0.05,2,1.000e-06,201,-0.939119,0.798523,0.001213,0.004561
tent,param,3,5,0.05,2,1.000e-06,202,-0.928748,0.808350,0.005153,-0.005370
tent,param,3,5,0.05,2,1.000e-06,203,-0.932243,0.801514,0.002719,0.004453
tent,param,3,5,0.05,2,1.000e-06,204,-0.935019,0.805908,0.001171,-0.007289
tent,param,3,5,0.05,2,1.000e-06,205,-0.935036,0.799255,0.000389,0.001837
tent,param,3,5,0.05,2,1.000e-06,206,-0.935169,0.800659,0.007344,0.001674
tent,param,3,5,0.05,2,1.000e-06,207,-0.939474,0.802246,0.012067,0.014182
tent,param,3,5,0.05,2,1.000e-06,208,-0.926347,0.804382,-0.025888,-0.005930
tent,param,3,5,0.05,2,1.000e-06,209,-0.933739,0.806580,-0.010810,-0.001499
tent,param,3,5,0.05,2,1.000e-06,210,-0.930589,0.804504,-0.009345,-0.005989
tent,param,3,5,0.05,2,1.000e-06,211,-0.936295,0.799927,-0.002894,0.000163
tent,param,3,5,0.05,2,1.000e-06,212,-0.936913,0.802002,0.010153,0.002060
tent,param,3,5,0.05,2,1.000e-06,213,-0.924633,0.807312,-0.001462,-0.008692
tent,param,3,5,0.05,2,1.000e-06,214,-0.928817,0.803223,-0.009401,-0.004489
tent,param,3,5,0.05,2,1.000e-06,215,-0.936537,0.804382,-0.001368,0.004686
tent,param,3,5,0.05,2,1.000e-06,216,-0.930601,0.806641,-0.000069,-0.008429
tent,param,3,5,0.05,2,1.000e-06,217,-0.929261,0.807739,0.003649,-0.010552
tent,param,3,5,0.05,2,1.000e-06,218,-0.932026,0.804260,-0.004052,-0.001949
tent,param,3,5,0.05,2,1.000e-06,219,-0.930184,0.803528,-0.013431,-0.000201
tent,param,3,5,0.05,2,1.000e-06,220,-0.931138,0.806274,0.006102,-0.000526
tent,param,3,5,0.05,2,1.000e-06,221,-0.930677,0.804321,-0.013525,0.004629
tent,param,3,5,0.05,2,1.000e-06,222,-0.933072,0.806030,-0.000159,-0.007877
tent,param,3,5,0.05,2,1.000e-06,223,-0.937370,0.804199,0.005178,0.003212
tent,param,3,5,0.05,2,1.000e-06,224,-0.937106,0.797241,-0.004228,0.002785
tent,param,3,5,0.05,2,1.000e-06,225,-0.936817,0.799072,0.005600,0.005996
tent,param,3,5,0.05,2,1.000e-06,226,-0.937846,0.799072,-0.006823,0.000270
tent,param,3,5,0.05,2,1.000e-06,227,-0.941319,0.797852,0.001788,0.015058
tent,param,3,5,0.05,2,1.000e-06,228,-0.932164,0.805969,-0.003797,0.000189
tent,param,3,5,0.05,2,1.000e-06,229,-0.935223,0.803467,0.015158,-0.001741
tent,param,3,5,0.05,2,1.000e-06,230,-0.922485,0.810547,-0.013179,-0.009553
tent,param,3,5,0.05,2,1.000e-06,231,-0.935837,0.803162,0.000959,-0.001650
tent,param,3,5,0.05,2,1.000e-06,232,-0.933960,0.803589,0.014386,-0.013636
tent,param,3,5,0.05,2,1.000e-06,233,-0.932007,0.801880,0.012424,-0.014181
tent,param,3,5,0.05,2,1.000e-06,234,-0.934575,0.801880,-0.002465,-0.001614
tent,param,3,5,0.05,2,1.000e-06,235,-0.942290,0.799683,0.007580,0.010006
tent,param,3,5,0.05,2,1.000e-06,236,-0.939894,0.801025,0.010849,0.003178
tent,param,3,5,0.05,2,1.000e-06,237,-0.935345,0.806274,-0.004900,0.006437
tent,param,3,5,0.05,2,1.000e-06,238,-0.936056,0.804199,-0.001744,0.000810
tent,param,3,5,0.05,2,1.000e-06,239,-0.938806,0.801208,-0.006857,0.006922
tent,param,3,5,0.05,2,1.000e-06,240,-0.936758,0.802307,-0.005359,0.007302
tent,param,3,5,0.05,2,1.000e-06,241,-0.936578,0.802124,-0.000123,-0.000929
tent,param,3,5,0.05,2,1.000e-06,242,-0.930560,0.804016,-0.019039,-0.008131
tent,param,3,5,0.05,2,1.000e-06,243,-0.938502,0.799744,-0.000019,-0.002920
tent,param,3,5,0.05,2,1.000e-06,244,-0.935269,0.802917,-0.004238,0.002559
tent,param,3,5,0.05,2,1.000e-06,245,-0.935577,0.803589,-0.003462,0.004471
tent,param,3,5,0.05,2,1.000e-06,246,-0.928751,0.806824,0.000281,-0.006562
tent,param,3,5,0.05,2,1.000e-06,247,-0.926543,0.805542,-0.004518,-0.026095
tent,param,3,5,0.05,2,1.000e-06,248,-0.926411,0.806763,-0.005018,-0.010487
tent,param,3,5,0.05,2,1.000e-06,249,-0.933680,0.801025,0.001830,-0.002559
tent,param,3,5,0.05,2,1.000e-06,250,-0.938845,0.798401,-0.004739,0.002896
tent,param,3,5,0.05,2,1.000e-06,251,-0.945580,0.799377,0.014226,0.006960
tent,param,3,5,0.05,2,1.000e-06,252,-0.940991,0.799072,0.004753,0.003931
tent,param,3,5,0.05,2,1.000e-06,253,-0.933730,0.805847,0.002752,-0.005642
tent,param,3,5,0.05,2,1.000e-06,254,-0.933033,0.804443,-0.005596,-0.009840
tent,param,3,5,0.05,2,1.000e-06,255,-0.930127,0.802795,-0.007524,0.002617
tent,param,3,5,0.05,2,1.000e-06,256,-0.933407,0.806396,0.009295,0.008434
tent,param,3,5,0.05,2,1.000e-06,257,-0.933594,0.806946,-0.000584,-0.002386
tent,param,3,5,0.05,2,1.000e-06,258,-0.931995,0.805420,-0.005661,-0.003407
tent,param,3,5,0.05,2,1.000e-06,259,-0.936800,0.803406,-0.006516,0.001774
tent,param,3,5,0.05,2,1.000e-06,260,-0.939723,0.801086,0.010620,-0.004080
tent,param,3,5,0.05,2,1.000e-06,261,-0.938399,0.800110,-0.003416,0.013938
tent,param,3,5,0.05,2,1.000e-06,262,-0.935897,0.802856,0.000516,0.005998
tent,param,3,5,0.05,2,1.000e-06,263,-0.935286,0.805176,0.002955,0.005836
tent,param,3,5,0.05,2,1.000e-06,264,-0.930461,0.803223,-0.005475,-0.002468
tent,param,3,5,0.05,2,1.000e-06,265,-0.928736,0.804321,0.003354,-0.021410
tent,param,3,5,0.05,2,1.000e-06,266,-0.933096,0.802124,0.003813,0.002126
tent,param,3,5,0.05,2,1.000e-06,267,-0.929561,0.806091,-0.007706,-0.012728
tent,param,3,5,0.05,2,1.000e-06,268,-0.935575,0.804871,0.001160,0.006475
tent,param,3,5,0.05,2,1.000e-06,269,-0.935359,0.801025,0.013786,-0.003866
tent,param,3,5,0.05,2,1.000e-06,270,-0.929166,0.810608,-0.015780,-0.004015
tent,param,3,5,0.05,2,1.000e-06,271,-0.933950,0.801453,0.001419,-0.003445
tent,param,3,5,0.05,2,1.000e-06,272,-0.932096,0.804810,0.006375,-0.010194
tent,param,3,5,0.05,2,1.000e-06,273,-0.929244,0.804871,0.001665,-0.007547
tent,param,3,5,0.05,2,1.000e-06,274,-0.925367,0.808777,-0.011003,-0.004341
tent,param,3,5,0.05,2,1.000e-06,275,-0.936010,0.803223,-0.003930,-0.004638
tent,param,3,5,0.05,2,1.000e-06,276,-0.934570,0.801758,-0.006489,-0.003115
tent,param,3,5,0.05,2,1.000e-06,277,-0.933184,0.804138,0.009373,-0.002823
tent,param,3,5,0.05,2,1.000e-06,278,-0.934612,0.804932,0.002967,-0.006488
tent,param,3,5,0.05,2,1.000e-06,279,-0.937875,0.801514,0.014300,-0.004998
tent,param,3,5,0.05,2,1.000e-06,280,-0.930612,0.802185,-0.001656,0.000782
tent,param,3,5,0.05,2,1.000e-06,281,-0.931642,0.806030,0.005269,-0.013159
tent,param,3,5,0.05,2,1.000e-06,282,-0.932847,0.802856,-0.000156,0.001948
tent,param,3,5,0.05,2,1.000e-06,283,-0.934115,0.805603,-0.010071,0.001945
tent,param,3,5,0.05,2,1.000e-06,284,-0.934378,0.798462,-0.002369,-0.002804
tent,param,3,5,0.05,2,1.000e-06,285,-0.934342,0.804932,-0.006747,0.003892
tent,param,3,5,0.05,2,1.000e-06,286,-0.937451,0.801025,-0.002613,0.001423
tent,param,3,5,0.05,2,1.000e-06,287,-0.941325,0.799744,0.010215,0.001227
tent,param,3,5,0.05,2,1.000e-06,288,-0.932707,0.806274,0.005407,-0.006155
tent,param,3,5,0.05,2,1.000e-06,289,-0.936926,0.800842,0.010834,-0.011972
tent,param,3,5,0.05,2,1.000e-06,290,-0.934790,0.802856,-0.002625,-0.013578
tent,param,3,5,0.05,2,1.000e-06,291,-0.938199,0.804138,0.005660,0.014708
tent,param,3,5,0.05,2,1.000e-06,292,-0.934983,0.805115,0.006561,-0.020065
tent,param,3,5,0.05,2,1.000e-06,293,-0.939547,0.801392,0.001028,-0.006700
tent,param,3,5,0.05,2,1.000e-06,294,-0.944880,0.798889,0.014176,0.004412
tent,param,3,5,0.05,2,1.000e-06,295,-0.939957,0.799255,-0.003008,0.014500
tent,param,3,5,0.05,2,1.000e-06,296,-0.944389,0.797607,0.018510,0.013666
tent,param,3,5,0.05,2,1.000e-06,297,-0.933900,0.803406,0.001902,-0.005155
tent,param,3,5,0.05,2,1.000e-06,298,-0.928294,0.807983,0.008157,0.000186
tent,param,3,5,0.05,2,1.000e-06,299,-0.928785,0.804688,0.001011,-0.014325
tent,param,3,5,0.05,2,1.000e-06,300,-0.923712,0.808350,-0.017504,-0.019878
tent,param,3,5,0.05,2,1.000e-06,301,-0.935282,0.803589,-0.006632,0.001271
tent,param,3,5,0.05,2,1.000e-06,302,-0.933103,0.805481,-0.014777,0.011425
tent,param,3,5,0.05,2,1.000e-06,303,-0.929815,0.805847,-0.002248,-0.004132
tent,param,3,5,0.05,2,1.000e-06,304,-0.936255,0.801697,-0.001331,0.006607
tent,param,3,5,0.05,2,1.000e-06,305,-0.935349,0.799438,-0.009484,0.001090
tent,param,3,5,0.05,2,1.000e-06,306,-0.937326,0.801758,0.003969,0.003069
tent,param,3,5,0.05,2,1.000e-06,307,-0.929209,0.806885,0.001390,-0.004463
tent,param,3,5,0.05,2,1.000e-06,308,-0.930923,0.803223,-0.012686,-0.000235
tent,param,3,5,0.05,2,1.000e-06,309,-0.929786,0.807617,-0.012463,-0.003932
tent,param,3,5,0.05,2,1.000e-06,310,-0.937151,0.802429,0.005903,-0.009329
tent,param,3,5,0.05,2,1.000e-06,311,-0.932669,0.800049,-0.006062,0.007364
tent,param,3,5,0.05,2,1.000e-06,312,-0.932511,0.805054,0.002296,-0.011083
tent,param,3,5,0.05,2,1.000e-06,313,-0.942447,0.802490,-0.001065,0.007996
tent,param,3,5,0.05,2,1.000e-06,314,-0.936585,0.801392,-0.005130,-0.005463
tent,param,3,5,0.05,2,1.000e-06,315,-0.932119,0.801941,-0.010242,0.010549
tent,param,3,5,0.05,2,1.000e-06,316,-0.934515,0.803772,-0.004842,0.006028
tent,param,3,5,0.05,2,1.000e-06,317,-0.924876,0.807983,0.007600,-0.016332
tent,param,3,5,0.05,2,1.000e-06,318,-0.932270,0.804688,0.000380,-0.025302
tent,param,3,5,0.05,2,1.000e-06,319,-0.941313,0.801086,0.005716,0.000329
tent,param,3,5,0.05,2,1.000e-06,320,-0.934917,0.805908,-0.001349,0.010309
tent,param,3,5,0.05,2,1.000e-06,321,-0.930486,0.807129,-0.013954,-0.004649
tent,param,3,5,0.05,2,1.000e-06,322,-0.938539,0.799744,-0.000231,0.003056
tent,param,3,5,0.05,2,1.000e-06,323,-0.935374,0.803345,0.004013,0.009090
tent,param,3,5,0.05,2,1.000e-06,324,-0.932227,0.803223,-0.001794,-0.013455
tent,param,3,5,0.05,2,1.000e-06,325,-0.944854,0.801453,0.005756,-0.008610
tent,param,3,5,0.05,2,1.000e-06,326,-0.940750,0.805786,0.010656,0.004314
tent,param,3,5,0.05,2,1.000e-06,327,-0.936652,0.801575,-0.009315,0.013057
tent,param,3,5,0.05,2,1.000e-06,328,-0.932381,0.806824,-0.009359,-0.000489
tent,param,3,5,0.05,2,1.000e-06,329,-0.936913,0.798645,-0.001211,0.000276
tent,param,3,5,0.05,2,1.000e-06,330,-0.936493,0.801697,0.001998,-0.003527
tent,param,3,5,0.05,2,1.000e-06,331,-0.946754,0.800903,0.010564,0.011291
tent,param,3,5,0.05,2,1.000e-06,332,-0.932326,0.803833,-0.004121,-0.006011
tent,param,3,5,0.05,2,1.000e-06,333,-0.937690,0.800049,0.001120,0.002763
tent,param,3,5,0.05,2,1.000e-06,334,-0.939059,0.800781,0.009895,0.009479
tent,param,3,5,0.05,2,1.000e-06,335,-0.936057,0.804993,0.006187,-0.000148
tent,param,3,5,0.05,2,1.000e-06,336,-0.936888,0.799255,0.002470,-0.002587
tent,param,3,5,0.05,2,1.000e-06,337,-0.941958,0.803528,0.009694,-0.010774
tent,param,3,5,0.05,2,1.000e-06,338,-0.941882,0.797729,0.000279,0.022582
tent,param,3,5,0.05,2,1.000e-06,339,-0.937162,0.798462,-0.006289,0.005947
tent,param,3,5,0.05,2,1.000e-06,340,-0.936611,0.801208,0.004242,-0.002292
tent,param,3,5,0.05,2,1.000e-06,341,-0.930753,0.807129,0.004779,-0.001772
tent,param,3,5,0.05,2,1.000e-06,342,-0.935744,0.804504,-0.008992,0.003308
tent,param,3,5,0.05,2,1.000e-06,343,-0.942357,0.796814,0.010907,-0.005033
tent,param,3,5,0.05,2,1.000e-06,344,-0.933754,0.803894,0.007897,-0.009530
tent,param,3,5,0.05,2,1.000e-06,345,-0.937170,0.802063,0.002252,0.000035
tent,param,3,5,0.05,2,1.000e-06,346,-0.940403,0.800720,0.011362,0.007874
tent,param,3,5,0.05,2,1.000e-06,347,-0.934300,0.801331,-0.001801,-0.002749
tent,param,3,5,0.05,2,1.000e-06,348,-0.931952,0.802246,-0.012299,-0.006694
tent,param,3,5,0.05,2,1.000e-06,349,-0.939503,0.798340,0.002435,0.005028
tent,param,3,5,0.05,2,1.000e-06,350,-0.941140,0.803589,0.008420,0.005672
tent,param,3,5,0.05,2,1.000e-06,351,-0.933213,0.802063,0.002409,0.002880
tent,param,3,5,0.05,2,1.000e-06,352,-0.929451,0.808044,0.001464,-0.003952
tent,param,3,5,0.05,2,1.000e-06,353,-0.940594,0.798157,-0.005467,-0.004557
tent,param,3,5,0.05,2,1.000e-06,354,-0.946097,0.798706,-0.001682,0.002937
tent,param,3,5,0.05,2,1.000e-06,355,-0.943605,0.797974,0.012198,0.002061
tent,param,3,5,0.05,2,1.000e-06,356,-0.939430,0.799744,0.005708,0.003032
tent,param,3,5,0.05,2,1.000e-06,357,-0.937926,0.801392,0.007358,0.000540
tent,param,3,5,0.05,2,1.000e-06,358,-0.937619,0.803772,0.003130,0.013928
tent,param,3,5,0.05,2,1.000e-06,359,-0.934657,0.806091,-0.006927,-0.003786
tent,param,3,5,0.05,2,1.000e-06,360,-0.935330,0.801025,0.005981,-0.015427
tent,param,3,5,0.05,2,1.000e-06,361,-0.933658,0.808350,0.008392,-0.008077
tent,param,3,5,0.05,2,1.000e-06,362,-0.929076,0.806763,-0.010785,-0.003495
tent,param,3,5,0.05,2,1.000e-06,363,-0.933818,0.805664,0.004222,-0.014229
tent,param,3,5,0.05,2,1.000e-06,364,-0.940231,0.797729,-0.003215,0.007035
tent,param,3,5,0.05,2,1.000e-06,365,-0.939235,0.797546,0.007948,0.000659
tent,param,3,5,0.05,2,1.000e-06,366,-0.934178,0.802368,-0.002293,0.003352
tent,param,3,5,0.05,2,1.000e-06,367,-0.922352,0.809814,-0.001732,-0.008108
tent,param,3,5,0.05,2,1.000e-06,368,-0.929757,0.807068,0.009282,-0.024698
tent,param,3,5,0.05,2,1.000e-06,369,-0.942333,0.797607,0.007292,0.003888
tent,param,3,5,0.05,2,1.000e-06,370,-0.937673,0.799622,0.010446,0.005146
tent,param,3,5,0.05,2,1.000e-06,371,-0.932450,0.804260,-0.000890,-0.002153
tent,param,3,5,0.05,2,1.000e-06,372,-0.935813,0.802124,-0.002361,-0.005081
tent,param,3,5,0.05,2,1.000e-06,373,-0.942768,0.797607,0.000927,0.002214
tent,param,3,5,0.05,2,1.000e-06,374,-0.951088,0.793213,0.016732,0.018414
tent,param,3,5,0.05,2,1.000e-06,375,-0.936257,0.801514,0.017544,0.004795
tent,param,3,5,0.05,2,1.000e-06,376,-0.934051,0.801575,0.004246,0.012583
tent,param,3,5,0.05,2,1.000e-06,377,-0.930244,0.807861,0.005999,0.000207
tent,param,3,5,0.05,2,1.000e-06,378,-0.936929,0.803772,0.011005,-0.007646
tent,param,3,5,0.05,2,1.000e-06,379,-0.932453,0.802124,-0.005121,-0.002199
tent,param,3,5,0.05,2,1.000e-06,380,-0.930477,0.804626,0.013696,-0.008933
tent,param,3,5,0.05,2,1.000e-06,381,-0.930708,0.805054,-0.003205,0.005533
tent,param,3,5,0.05,2,1.000e-06,382,-0.936755,0.802307,0.010405,-0.005716
tent,param,3,5,0.05,2,1.000e-06,383,-0.940071,0.796387,0.001781,-0.003768
tent,param,3,5,0.05,2,1.000e-06,384,-0.937511,0.800842,0.003118,0.003575
tent,param,3,5,0.05,2,1.000e-06,385,-0.944909,0.798157,0.022697,-0.001444
tent,param,3,5,0.05,2,1.000e-06,386,-0.935625,0.800049,0.005551,-0.004102
tent,param,3,5,0.05,2,1.000e-06,387,-0.937266,0.803162,0.008705,-0.007920
tent,param,3,5,0.05,2,1.000e-06,388,-0.939899,0.799805,0.004663,0.004461
tent,param,3,5,0.05,2,1.000e-06,389,-0.934776,0.802551,-0.005547,-0.005804
tent,param,3,5,0.05,2,1.000e-06,390,-0.938891,0.804138,-0.003643,0.006793
tent,param,3,5,0.05,2,1.000e-06,391,-0.943074,0.797607,0.006992,0.009110
tent,param,3,5,0.05,2,1.000e-06,392,-0.934298,0.803894,-0.003932,0.008597
tent,param,3,5,0.05,2,1.000e-06,393,-0.932979,0.803467,-0.009062,0.012492
tent,param,3,5,0.05,2,1.000e-06,394,-0.938448,0.801270,0.003792,0.012455
tent,param,3,5,0.05,2,1.000e-06,395,-0.931363,0.803162,-0.003503,-0.001541
tent,param,3,5,0.05,2,1.000e-06,396,-0.930582,0.804504,0.006738,0.003390
tent,param,3,5,0.05,2,1.000e-06,397,-0.925823,0.806396,0.000374,-0.021872
tent,param,3,5,0.05,2,1.000e-06,398,-0.939856,0.800903,0.003023,0.003005
tent,param,3,5,0.05,2,1.000e-06,399,-0.936783,0.799744,-0.008903,0.000912
tent,param,3,5,0.05,2,1.000e-06,400,-0.936812,0.802246,0.012797,-0.002595
tent,param,3,5,0.05,2,1.000e-04,1,-10.139726,0.000000,1.000000,1.000000
tent,param,3,5,0.05,2,1.000e-04,2,-9.510764,0.000000,1.000000,1.000000
tent,param,3,5,0.05,2,1.000e-04,3,-8.892232,0.000061,1.000000,0.999527
tent,param,3,5,0.05,2,1.000e-04,4,-8.256268,0.000061,0.999995,0.999524
tent,param,3,5,0.05,2,1.000e-04,5,-7.612144,0.000061,0.999979,0.999527
tent,param,3,5,0.05,2,1.000e-04,6,-6.965581,0.000488,0.998488,0.998102
tent,param,3,5,0.05,2,1.000e-04,7,-6.322149,0.000427,0.997389,0.999440
tent,param,3,5,0.05,2,1.000e-04,8,-5.678309,0.000916,0.997392,0.997783
tent,param,3,5,0.05,2,1.000e-04,9,-5.031930,0.002258,0.991852,0.995278
tent,param,3,5,0.05,2,1.000e-04,10,-4.383771,0.003967,0.989269,0.985541
tent,param,3,5,0.05,2,1.000e-04,11,-3.741349,0.006042,0.981934,0.979111
tent,param,3,5,0.05,2,1.000e-04,12,-3.110201,0.007812,0.971158,0.969736
tent,param,3,5,0.05,2,1.000e-04,13,-2.492771,0.011536,0.943555,0.942479
tent,param,3,5,0.05,2,1.000e-04,14,-1.903782,0.083313,0.873406,0.856574
tent,param,3,5,0.05,2,1.000e-04,15,-1.370993,0.564697,0.655062,0.635035
tent,param,3,5,0.05,2,1.000e-04,16,-0.942753,0.840088,0.149604,0.134988
tent,param,3,5,0.05,2,1.000e-04,17,-0.778169,0.870117,-0.257899,-0.214524
tent,param,3,5,0.05,2,1.000e-04,18,-0.904930,0.818787,-0.042795,-0.053570
tent,param,3,5,0.05,2,1.000e-04,19,-0.929528,0.804565,-0.000945,-0.009462
tent,param,3,5,0.05,2,1.000e-04,20,-0.939404,0.801147,0.004686,-0.008257
tent,param,3,5,0.05,2,1.000e-04,21,-0.941190,0.799133,0.007886,0.013308
tent,param,3,5,0.05,2,1.000e-04,22,-0.941578,0.801819,0.015370,0.004584
tent,param,3,5,0.05,2,1.000e-04,23,-0.936519,0.804443,0.003704,-0.006335
tent,param,3,5,0.05,2,1.000e-04,24,-0.937402,0.801697,-0.001636,0.007791
tent,param,3,5,0.05,2,1.000e-04,25,-0.932733,0.806274,0.010515,0.007231
tent,param,3,5,0.05,2,1.000e-04,26,-0.930285,0.806213,-0.008260,-0.004319
tent,param,3,5,0.05,2,1.000e-04,27,-0.938134,0.800659,-0.009284,0.007829
tent,param,3,5,0.05,2,1.000e-04,28,-0.935450,0.800720,0.005656,-0.000399
tent,param,3,5,0.05,2,1.000e-04,29,-0.933379,0.807495,0.001905,-0.012431
tent,param,3,5,0.05,2,1.000e-04,30,-0.937640,0.802795,-0.011313,0.005516
tent,param,3,5,0.05,2,1.000e-04,31,-0.937089,0.798035,0.003829,-0.009071
tent,param,3,5,0.05,2,1.000e-04,32,-0.940217,0.801514,0.007078,0.008839
tent,param,3,5,0.05,2,1.000e-04,33,-0.937850,0.798767,-0.001528,-0.001913
tent,param,3,5,0.05,2,1.000e-04,34,-0.938150,0.799866,0.005538,-0.005406
tent,param,3,5,0.05,2,1.000e-04,35,-0.935380,0.804016,-0.002244,0.013855
tent,param,3,5,0.05,2,1.000e-04,36,-0.938275,0.799988,-0.000999,-0.000252
tent,param,3,5,0.05,2,1.000e-04,37,-0.938530,0.798950,0.003715,-0.004121
tent,param,3,5,0.05,2,1.000e-04,38,-0.940303,0.798340,0.003030,0.003696
tent,param,3,5,0.05,2,1.000e-04,39,-0.935230,0.801697,-0.008845,0.006810
tent,param,3,5,0.05,2,1.000e-04,40,-0.937581,0.803528,0.009007,0.001670
tent,param,3,5,0.05,2,1.000e-04,41,-0.930410,0.804504,-0.007699,0.009257
tent,param,3,5,0.05,2,1.000e-04,42,-0.927723,0.804443,-0.001537,-0.010687
tent,param,3,5,0.05,2,1.000e-04,43,-0.932747,0.807434,-0.001174,-0.006617
tent,param,3,5,0.05,2,1.000e-04,44,-0.926646,0.805603,0.000764,-0.007121
tent,param,3,5,0.05,2,1.000e-04,45,-0.929245,0.806885,-0.004377,-0.003051
tent,param,3,5,0.05,2,1.000e-04,46,-0.938338,0.797607,0.004999,0.000658
tent,param,3,5,0.05,2,1.000e-04,47,-0.938564,0.801636,0.005566,0.000168
tent,param,3,5,0.05,2,1.000e-04,48,-0.944458,0.797974,0.008458,0.012222
tent,param,3,5,0.05,2,1.000e-04,49,-0.939162,0.799561,0.002864,-0.002032
tent,param,3,5,0.05,2,1.000e-04,50,-0.938674,0.801025,0.004173,0.014448
tent,param,3,5,0.05,2,1.000e-04,51,-0.933773,0.804443,0.007360,0.002802
tent,param,3,5,0.05,2,1.000e-04,52,-0.928972,0.808105,-0.005762,-0.001975
tent,param,3,5,0.05,2,1.000e-04,53,-0.930641,0.806580,-0.010033,-0.001397
tent,param,3,5,0.05,2,1.000e-04,54,-0.942254,0.802368,-0.001649,0.009815
tent,param,3,5,0.05,2,1.000e-04,55,-0.932707,0.805298,0.001153,-0.009866
tent,param,3,5,0.05,2,1.000e-04,56,-0.928757,0.804077,-0.011203,-0.004374
tent,param,3,5,0.05,2,1.000e-04,57,-0.935636,0.799805,0.004634,-0.007367
tent,param,3,5,0.05,2,1.000e-04,58,-0.935009,0.799133,0.005130,-0.001083
tent,param,3,5,0.05,2,1.000e-04,59,-0.933798,0.805176,-0.002580,0.004777
tent,param,3,5,0.05,2,1.000e-04,60,-0.935560,0.800720,-0.003743,0.001123
tent,param,3,5,0.05,2,1.000e-04,61,-0.941181,0.797668,0.007743,0.007211
tent,param,3,5,0.05,2,1.000e-04,62,-0.938881,0.798096,0.000117,0.004417
tent,param,3,5,0.05,2,1.000e-04,63,-0.944501,0.795898,0.011841,0.000075
tent,param,3,5,0.05,2,1.000e-04,64,-0.937724,0.799194,0.005760,0.006745
tent,param,3,5,0.05,2,1.000e-04,65,-0.929817,0.807251,-0.002051,0.002919
tent,param,3,5,0.05,2,1.000e-04,66,-0.929678,0.804443,0.001914,-0.015120
tent,param,3,5,0.05,2,1.000e-04,67,-0.936114,0.798157,-0.000605,-0.022540
tent,param,3,5,0.05,2,1.000e-04,68,-0.935109,0.800110,0.012127,0.003453
tent,param,3,5,0.05,2,1.000e-04,69,-0.932320,0.800476,-0.013269,-0.003402
tent,param,3,5,0.05,2,1.000e-04,70,-0.937368,0.801270,-0.008738,0.008356
tent,param,3,5,0.05,2,1.000e-04,71,-0.924441,0.805908,-0.014971,-0.001546
tent,param,3,5,0.05,2,1.000e-04,72,-0.933674,0.802063,0.000149,0.009460
tent,param,3,5,0.05,2,1.000e-04,73,-0.932319,0.803528,0.006955,-0.011110
tent,param,3,5,0.05,2,1.000e-04,74,-0.936517,0.804565,0.002147,-0.002745
tent,param,3,5,0.05,2,1.000e-04,75,-0.932424,0.801331,0.005535,-0.018139
tent,param,3,5,0.05,2,1.000e-04,76,-0.926548,0.806458,0.000610,-0.004457
tent,param,3,5,0.05,2,1.000e-04,77,-0.933052,0.802063,-0.005937,0.005744
tent,param,3,5,0.05,2,1.000e-04,78,-0.933264,0.804810,-0.002675,-0.003278
tent,param,3,5,0.05,2,1.000e-04,79,-0.933729,0.802246,0.003391,-0.001520
tent,param,3,5,0.05,2,1.000e-04,80,-0.930565,0.805786,-0.002177,-0.012613
tent,param,3,5,0.05,2,1.000e-04,81,-0.934798,0.804993,0.012336,-0.001505
tent,param,3,5,0.05,2,1.000e-04,82,-0.933708,0.801453,-0.001133,0.003692
tent,param,3,5,0.05,2,1.000e-04,83,-0.935335,0.802734,0.002911,0.000370
tent,param,3,5,0.05,2,1.000e-04,84,-0.934884,0.802979,0.004304,0.001087
tent,param,3,5,0.05,2,1.000e-04,85,-0.935128,0.804382,0.008658,-0.001285
tent,param,3,5,0.05,2,1.000e-04,86,-0.935999,0.804016,-0.000893,-0.002612
tent,param,3,5,0.05,2,1.000e-04,87,-0.938138,0.798828,-0.001450,0.008456
tent,param,3,5,0.05,2,1.000e-04,88,-0.934335,0.805847,-0.004019,0.009575
tent,param,3,5,0.05,2,1.000e-04,89,-0.932286,0.803406,-0.018691,0.011266
tent,param,3,5,0.05,2,1.000e-04,90,-0.932836,0.806824,-0.002656,0.006232
tent,param,3,5,0.05,2,1.000e-04,91,-0.938848,0.801819,0.002360,-0.000531
tent,param,3,5,0.05,2,1.000e-04,92,-0.940066,0.798218,0.009552,-0.005753
tent,param,3,5,0.05,2,1.000e-04,93,-0.944433,0.796387,0.014374,0.012539
tent,param,3,5,0.05,2,1.000e-04,94,-0.938904,0.797852,0.015246,0.002130
tent,param,3,5,0.05,2,1.000e-04,95,-0.942243,0.801758,0.005436,0.010860
tent,param,3,5,0.05,2,1.000e-04,96,-0.939613,0.799805,0.002753,0.012334
tent,param,3,5,0.05,2,1.000e-04,97,-0.935052,0.804993,0.003430,0.010977
tent,param,3,5,0.05,2,1.000e-04,98,-0.929546,0.804504,-0.000440,-0.009679
tent,param,3,5,0.05,2,1.000e-04,99,-0.936889,0.800842,0.001533,-0.003128
tent,param,3,5,0.05,2,1.000e-04,100,-0.929112,0.801086,-0.019854,-0.005445
tent,param,3,5,0.05,2,1.000e-04,101,-0.941655,0.802063,0.002494,0.008981
tent,param,3,5,0.05,2,1.000e-04,102,-0.941227,0.797913,0.012534,-0.006288
tent,param,3,5,0.05,2,1.000e-04,103,-0.944571,0.799683,0.015676,0.005015
tent,param,3,5,0.05,2,1.000e-04,104,-0.942039,0.800842,0.006108,-0.001266
tent,param,3,5,0.05,2,1.000e-04,105,-0.940211,0.799622,-0.000067,0.005543
tent,param,3,5,0.05,2,1.000e-04,106,-0.942084,0.798279,-0.001651,0.007381
tent,param,3,5,0.05,2,1.000e-04,107,-0.939209,0.797302,-0.003811,0.007774
tent,param,3,5,0.05,2,1.000e-04,108,-0.942930,0.801636,0.003007,0.012932
tent,param,3,5,0.05,2,1.000e-04,109,-0.948147,0.795654,0.014609,0.001977
tent,param,3,5,0.05,2,1.000e-04,110,-0.939561,0.800720,-0.002149,0.006172
tent,param,3,5,0.05,2,1.000e-04,111,-0.939015,0.802490,0.010130,0.002967
tent,param,3,5,0.05,2,1.000e-04,112,-0.936787,0.801880,0.014649,-0.009948
tent,param,3,5,0.05,2,1.000e-04,113,-0.932333,0.803162,-0.000157,-0.006919
tent,param,3,5,0.05,2,1.000e-04,114,-0.930338,0.805908,0.003146,-0.007534
tent,param,3,5,0.05,2,1.000e-04,115,-0.926287,0.805908,-0.005693,-0.007933
tent,param,3,5,0.05,2,1.000e-04,116,-0.928328,0.809082,-0.009736,0.008458
tent,param,3,5,0.05,2,1.000e-04,117,-0.935595,0.803101,-0.010959,0.003400
tent,param,3,5,0.05,2,1.000e-04,118,-0.940453,0.799377,0.002451,-0.007136
tent,param,3,5,0.05,2,1.000e-04,119,-0.939960,0.799561,0.006363,0.008810
tent,param,3,5,0.05,2,1.000e-04,120,-0.936757,0.804260,0.000172,-0.000902
tent,param,3,5,0.05,2,1.000e-04,121,-0.941810,0.798462,0.004390,0.009161
tent,param,3,5,0.05,2,1.000e-04,122,-0.943842,0.797058,0.004344,0.010682
tent,param,3,5,0.05,2,1.000e-04,123,-0.944838,0.797058,0.009831,0.004809
tent,param,3,5,0.05,2,1.000e-04,124,-0.937501,0.804443,-0.001608,0.005461
tent,param,3,5,0.05,2,1.000e-04,125,-0.936076,0.802612,-0.013400,0.000692
tent,param,3,5,0.05,2,1.000e-04,126,-0.944055,0.797363,0.014382,-0.000301
tent,param,3,5,0.05,2,1.000e-04,127,-0.938543,0.804321,-0.004733,0.006917
tent,param,3,5,0.05,2,1.000e-04,128,-0.925839,0.809143,-0.007690,-0.002683
tent,param,3,5,0.05,2,1.000e-04,129,-0.936528,0.797852,-0.007090,-0.000571
tent,param,3,5,0.05,2,1.000e-04,130,-0.937262,0.803040,0.004023,-0.004206
tent,param,3,5,0.05,2,1.000e-04,131,-0.942921,0.798096,0.010880,-0.004462
tent,param,3,5,0.05,2,1.000e-04,132,-0.934285,0.809448,-0.004819,0.005519
tent,param,3,5,0.05,2,1.000e-04,133,-0.938840,0.801025,-0.007755,0.001051
tent,param,3,5,0.05,2,1.000e-04,134,-0.946603,0.798279,0.005313,0.019475
tent,param,3,5,0.05,2,1.000e-04,135,-0.937395,0.805115,0.007684,0.006056
tent,param,3,5,0.05,2,1.000e-04,136,-0.943630,0.796936,-0.004211,0.015943
tent,param,3,5,0.05,2,1.000e-04,137,-0.940306,0.799622,0.001169,0.015699
tent,param,3,5,0.05,2,1.000e-04,138,-0.935598,0.802185,0.011218,-0.000902
tent,param,3,5,0.05,2,1.000e-04,139,-0.931319,0.806091,-0.000013,0.003471
tent,param,3,5,0.05,2,1.000e-04,140,-0.934138,0.800903,-0.001585,-0.012790
tent,param,3,5,0.05,2,1.000e-04,141,-0.941329,0.795898,0.005179,0.001838
tent,param,3,5,0.05,2,1.000e-04,142,-0.934240,0.803711,0.005105,0.012375
tent,param,3,5,0.05,2,1.000e-04,143,-0.928819,0.806702,-0.009952,0.006170
tent,param,3,5,0.05,2,1.000e-04,144,-0.934902,0.804688,-0.010841,0.012491
tent,param,3,5,0.05,2,1.000e-04,145,-0.933473,0.805908,0.007908,-0.007781
tent,param,3,5,0.05,2,1.000e-04,146,-0.928729,0.802307,-0.002240,-0.003302
tent,param,3,5,0.05,2,1.000e-04,147,-0.936248,0.803284,0.016184,-0.010013
tent,param,3,5,0.05,2,1.000e-04,148,-0.940590,0.797058,-0.003551,0.005272
tent,param,3,5,0.05,2,1.000e-04,149,-0.947870,0.798950,0.019964,0.022736
tent,param,3,5,0.05,2,1.000e-04,150,-0.925355,0.807434,-0.003935,-0.013481
tent,param,3,5,0.05,2,1.000e-04,151,-0.931398,0.806885,-0.001952,0.005738
tent,param,3,5,0.05,2,1.000e-04,152,-0.930354,0.807678,-0.012301,-0.008106
tent,param,3,5,0.05,2,1.000e-04,153,-0.930520,0.806213,-0.011924,-0.004201
tent,param,3,5,0.05,2,1.000e-04,154,-0.933033,0.799133,-0.004801,-0.001594
tent,param,3,5,0.05,2,1.000e-04,155,-0.935553,0.804016,-0.004880,0.011638
tent,param,3,5,0.05,2,1.000e-04,156,-0.936926,0.804016,0.003594,0.002976
tent,param,3,5,0.05,2,1.000e-04,157,-0.931288,0.806702,-0.014767,-0.011770
tent,param,3,5,0.05,2,1.000e-04,158,-0.933289,0.804688,0.000928,-0.006747
tent,param,3,5,0.05,2,1.000e-04,159,-0.931743,0.801270,-0.009871,-0.002219
tent,param,3,5,0.05,2,1.000e-04,160,-0.941714,0.797485,0.013594,0.003539
tent,param,3,5,0.05,2,1.000e-04,161,-0.934038,0.801453,0.004311,0.003690
tent,param,3,5,0.05,2,1.000e-04,162,-0.932822,0.804626,-0.015884,-0.000058
tent,param,3,5,0.05,2,1.000e-04,163,-0.934945,0.802673,-0.006417,0.005297
tent,param,3,5,0.05,2,1.000e-04,164,-0.937930,0.801270,0.000843,0.001686
tent,param,3,5,0.05,2,1.000e-04,165,-0.939202,0.799927,0.007536,0.002391
tent,param,3,5,0.05,2,1.000e-04,166,-0.935560,0.805847,0.011641,0.001760
tent,param,3,5,0.05,2,1.000e-04,167,-0.939108,0.802246,-0.000943,0.012448
tent,param,3,5,0.05,2,1.000e-04,168,-0.934627,0.802429,-0.005192,-0.009288
tent,param,3,5,0.05,2,1.000e-04,169,-0.937810,0.801758,-0.002879,0.003054
tent,param,3,5,0.05,2,1.000e-04,170,-0.931947,0.804138,-0.009349,-0.001081
tent,param,3,5,0.05,2,1.000e-04,171,-0.936958,0.803894,0.007974,-0.009509
tent,param,3,5,0.05,2,1.000e-04,172,-0.937502,0.801208,0.007510,-0.002039
tent,param,3,5,0.05,2,1.000e-04,173,-0.929338,0.804565,-0.004211,0.004280
tent,param,3,5,0.05,2,1.000e-04,174,-0.932867,0.801758,0.000592,-0.007393
tent,param,3,5,0.05,2,1.000e-04,175,-0.933593,0.806885,0.000737,-0.006098
tent,param,3,5,0.05,2,1.000e-04,176,-0.932662,0.805359,-0.013360,0.004283
tent,param,3,5,0.05,2,1.000e-04,177,-0.934845,0.806702,0.000346,0.006288
tent,param,3,5,0.05,2,1.000e-04,178,-0.935124,0.805481,0.005103,-0.009002
tent,param,3,5,0.05,2,1.000e-04,179,-0.940581,0.800903,0.003296,-0.012256
tent,param,3,5,0.05,2,1.000e-04,180,-0.939171,0.801819,0.008022,-0.000836
tent,param,3,5,0.05,2,1.000e-04,181,-0.937151,0.802612,-0.002180,0.008628
tent,param,3,5,0.05,2,1.000e-04,182,-0.937383,0.802307,0.010420,-0.010788
tent,param,3,5,0.05,2,1.000e-04,183,-0.945665,0.800232,0.004415,0.005549
tent,param,3,5,0.05,2,1.000e-04,184,-0.945294,0.799744,-0.005829,0.016605
tent,param,3,5,0.05,2,1.000e-04,185,-0.935871,0.802246,-0.001906,-0.004302
tent,param,3,5,0.05,2,1.000e-04,186,-0.937309,0.800293,-0.003688,0.001308
tent,param,3,5,0.05,2,1.000e-04,187,-0.934065,0.804138,-0.009478,0.003257
tent,param,3,5,0.05,2,1.000e-04,188,-0.938468,0.804443,0.007885,0.002411
tent,param,3,5,0.05,2,1.000e-04,189,-0.928509,0.806519,-0.012585,-0.003751
tent,param,3,5,0.05,2,1.000e-04,190,-0.931725,0.806641,0.005000,-0.007871
tent,param,3,5,0.05,2,1.000e-04,191,-0.927232,0.805481,-0.001624,-0.007060
tent,param,3,5,0.05,2,1.000e-04,192,-0.935027,0.804993,0.008140,-0.008977
tent,param,3,5,0.05,2,1.000e-04,193,-0.933043,0.804321,-0.000054,-0.005098
tent,param,3,5,0.05,2,1.000e-04,194,-0.932789,0.802307,0.001850,-0.002248
tent,param,3,5,0.05,2,1.000e-04,195,-0.941042,0.799011,0.005702,0.007580
tent,param,3,5,0.05,2,1.000e-04,196,-0.936877,0.800537,0.003820,-0.009590
tent,param,3,5,0.05,2,1.000e-04,197,-0.929290,0.808899,0.003524,-0.005185
tent,param,3,5,0.05,2,1.000e-04,198,-0.926655,0.811157,-0.006058,-0.007402
tent,param,3,5,0.05,2,1.000e-04,199,-0.927619,0.805298,-0.029169,-0.009592
tent,param,3,5,0.05,2,1.000e-04,200,-0.940535,0.799561,-0.001267,-0.005284
tent,param,3,5,0.05,2,1.000e-04,201,-0.938319,0.799805,-0.002118,0.003101
tent,param,3,5,0.05,2,1.000e-04,202,-0.939197,0.800232,0.006387,0.002790
tent,param,3,5,0.05,2,1.000e-04,203,-0.934809,0.802307,-0.001151,-0.001886
tent,param,3,5,0.05,2,1.000e-04,204,-0.940890,0.800659,-0.012611,0.011967
tent,param,3,5,0.05,2,1.000e-04,205,-0.939367,0.800964,0.006608,0.009316
tent,param,3,5,0.05,2,1.000e-04,206,-0.935570,0.801697,-0.015107,0.013623
tent,param,3,5,0.05,2,1.000e-04,207,-0.930671,0.805847,-0.007053,0.001557
tent,param,3,5,0.05,2,1.000e-04,208,-0.931816,0.805786,-0.000192,-0.007146
tent,param,3,5,0.05,2,1.000e-04,209,-0.935394,0.802917,-0.010545,0.003752
tent,param,3,5,0.05,2,1.000e-04,210,-0.940352,0.797913,0.003507,0.000914
tent,param,3,5,0.05,2,1.000e-04,211,-0.939341,0.799194,-0.003018,0.008145
tent,param,3,5,0.05,2,1.000e-04,212,-0.936506,0.802429,-0.000014,0.005540
tent,param,3,5,0.05,2,1.000e-04,213,-0.936335,0.798706,0.005828,0.000766
tent,param,3,5,0.05,2,1.000e-04,214,-0.937490,0.801636,-0.003473,0.007607
tent,param,3,5,0.05,2,1.000e-04,215,-0.943094,0.801270,0.016780,0.002614
tent,param,3,5,0.05,2,1.000e-04,216,-0.931196,0.803711,-0.015095,-0.001731
tent,param,3,5,0.05,2,1.000e-04,217,-0.941370,0.802307,0.016267,-0.002005
tent,param,3,5,0.05,2,1.000e-04,218,-0.943650,0.800415,0.003062,0.011531
tent,param,3,5,0.05,2,1.000e-04,219,-0.945773,0.796021,0.002109,0.007759
tent,param,3,5,0.05,2,1.000e-04,220,-0.942717,0.797119,-0.007592,0.012567
tent,param,3,5,0.05,2,1.000e-04,221,-0.934568,0.803955,-0.010933,0.006890
tent,param,3,5,0.05,2,1.000e-04,222,-0.939999,0.798401,0.000275,-0.000240
tent,param,3,5,0.05,2,1.000e-04,223,-0.944965,0.798889,0.004005,0.012442
tent,param,3,5,0.05,2,1.000e-04,224,-0.940353,0.800354,0.011612,0.009515
tent,param,3,5,0.05,2,1.000e-04,225,-0.937020,0.801575,-0.001294,-0.016090
tent,param,3,5,0.05,2,1.000e-04,226,-0.946805,0.799011,-0.003038,0.007211
tent,param,3,5,0.05,2,1.000e-04,227,-0.940875,0.803711,0.004333,0.008802
tent,param,3,5,0.05,2,1.000e-04,228,-0.935665,0.803467,0.002085,-0.007450
tent,param,3,5,0.05,2,1.000e-04,229,-0.932040,0.801697,0.000696,-0.008166
tent,param,3,5,0.05,2,1.000e-04,230,-0.928919,0.805664,-0.006592,-0.002521
tent,param,3,5,0.05,2,1.000e-04,231,-0.932657,0.804260,0.014700,-0.011777
tent,param,3,5,0.05,2,1.000e-04,232,-0.932825,0.802307,-0.003039,-0.010003
tent,param,3,5,0.05,2,1.000e-04,233,-0.928469,0.806580,-0.007326,0.004009
tent,param,3,5,0.05,2,1.000e-04,234,-0.935529,0.801392,0.001961,-0.001106
tent,param,3,5,0.05,2,1.000e-04,235,-0.931974,0.804382,0.003205,-0.002592
tent,param,3,5,0.05,2,1.000e-04,236,-0.933283,0.805237,-0.002821,0.000844
tent,param,3,5,0.05,2,1.000e-04,237,-0.931419,0.803223,-0.015011,-0.005036
tent,param,3,5,0.05,2,1.000e-04,238,-0.936766,0.802490,0.003338,-0.008056
tent,param,3,5,0.05,2,1.000e-04,239,-0.932925,0.803345,-0.002308,0.004344
tent,param,3,5,0.05,2,1.000e-04,240,-0.928940,0.808472,0.000130,-0.002536
tent,param,3,5,0.05,2,1.000e-04,241,-0.932981,0.801636,0.000961,-0.010557
tent,param,3,5,0.05,2,1.000e-04,242,-0.935258,0.805359,0.013156,-0.004731
tent,param,3,5,0.05,2,1.000e-04,243,-0.931543,0.803589,0.006086,-0.010617
tent,param,3,5,0.05,2,1.000e-04,244,-0.935128,0.800110,-0.009499,0.010632
tent,param,3,5,0.05,2,1.000e-04,245,-0.935803,0.807007,0.013608,-0.005759
tent,param,3,5,0.05,2,1.000e-04,246,-0.926105,0.803589,-0.001402,-0.015194
tent,param,3,5,0.05,2,1.000e-04,247,-0.932647,0.804443,-0.001495,-0.012246
tent,param,3,5,0.05,2,1.000e-04,248,-0.939582,0.800354,-0.002244,0.011975
tent,param,3,5,0.05,2,1.000e-04,249,-0.934861,0.803162,0.014414,-0.017312
tent,param,3,5,0.05,2,1.000e-04,250,-0.934408,0.803467,0.013199,-0.001258
tent,param,3,5,0.05,2,1.000e-04,251,-0.931969,0.805176,-0.003196,0.006552
tent,param,3,5,0.05,2,1.000e-04,252,-0.934955,0.804993,-0.007354,0.009496
tent,param,3,5,0.05,2,1.000e-04,253,-0.932707,0.804321,-0.011546,0.001806
tent,param,3,5,0.05,2,1.000e-04,254,-0.932661,0.803101,-0.015965,0.005892
tent,param,3,5,0.05,2,1.000e-04,255,-0.926637,0.805298,-0.015671,0.008557
tent,param,3,5,0.05,2,1.000e-04,256,-0.930257,0.807007,-0.005506,-0.008072
tent,param,3,5,0.05,2,1.000e-04,257,-0.944164,0.799255,0.009707,0.005492
tent,param,3,5,0.05,2,1.000e-04,258,-0.932495,0.804382,-0.008026,-0.006750
tent,param,3,5,0.05,2,1.000e-04,259,-0.937380,0.799622,-0.000149,0.004119
tent,param,3,5,0.05,2,1.000e-04,260,-0.937841,0.803772,0.008108,0.003297
tent,param,3,5,0.05,2,1.000e-04,261,-0.936651,0.802002,-0.008816,0.007074
tent,param,3,5,0.05,2,1.000e-04,262,-0.936266,0.801086,-0.003540,-0.002530
tent,param,3,5,0.05,2,1.000e-04,263,-0.933880,0.804688,-0.013619,0.005139
tent,param,3,5,0.05,2,1.000e-04,264,-0.926396,0.804626,0.001692,-0.013665
tent,param,3,5,0.05,2,1.000e-04,265,-0.931749,0.804260,-0.000826,-0.008073
tent,param,3,5,0.05,2,1.000e-04,266,-0.938059,0.798950,0.002044,-0.000815
tent,param,3,5,0.05,2,1.000e-04,267,-0.940522,0.803162,0.002139,-0.000280
tent,param,3,5,0.05,2,1.000e-04,268,-0.933785,0.802002,0.004677,-0.001384
tent,param,3,5,0.05,2,1.000e-04,269,-0.929984,0.806152,-0.003569,0.000940
tent,param,3,5,0.05,2,1.000e-04,270,-0.930188,0.804077,-0.017303,-0.003174
tent,param,3,5,0.05,2,1.000e-04,271,-0.931965,0.803955,-0.002996,-0.000761
tent,param,3,5,0.05,2,1.000e-04,272,-0.928566,0.805969,-0.004651,-0.007822
tent,param,3,5,0.05,2,1.000e-04,273,-0.939654,0.800781,-0.002428,0.000212
tent,param,3,5,0.05,2,1.000e-04,274,-0.942235,0.797363,0.004681,0.003273
tent,param,3,5,0.05,2,1.000e-04,275,-0.943009,0.800232,0.010990,-0.005520
tent,param,3,5,0.05,2,1.000e-04,276,-0.939266,0.799561,0.003843,-0.007760
tent,param,3,5,0.05,2,1.000e-04,277,-0.932345,0.802002,-0.000415,-0.013592
tent,param,3,5,0.05,2,1.000e-04,278,-0.935662,0.804138,0.006017,0.010741
tent,param,3,5,0.05,2,1.000e-04,279,-0.933120,0.805237,-0.003057,0.002667
tent,param,3,5,0.05,2,1.000e-04,280,-0.927039,0.806458,-0.015860,0.003660
tent,param,3,5,0.05,2,1.000e-04,281,-0.920797,0.806580,-0.008313,-0.017483
tent,param,3,5,0.05,2,1.000e-04,282,-0.933620,0.801331,-0.007033,-0.011944
tent,param,3,5,0.05,2,1.000e-04,283,-0.933649,0.803528,-0.017805,0.007589
tent,param,3,5,0.05,2,1.000e-04,284,-0.927965,0.808228,-0.001875,-0.012439
tent,param,3,5,0.05,2,1.000e-04,285,-0.932257,0.807129,-0.004793,-0.010478
tent,param,3,5,0.05,2,1.000e-04,286,-0.938387,0.803101,0.002953,0.006207
tent,param,3,5,0.05,2,1.000e-04,287,-0.945344,0.796509,0.008472,0.006007
tent,param,3,5,0.05,2,1.000e-04,288,-0.938375,0.802979,0.006174,0.013155
tent,param,3,5,0.05,2,1.000e-04,289,-0.930817,0.803589,-0.004950,-0.006436
tent,param,3,5,0.05,2,1.000e-04,290,-0.940975,0.799561,0.000998,0.008713
tent,param,3,5,0.05,2,1.000e-04,291,-0.937584,0.803589,-0.000950,0.013574
tent,param,3,5,0.05,2,1.000e-04,292,-0.937716,0.800171,-0.004395,0.013055
tent,param,3,5,0.05,2,1.000e-04,293,-0.938921,0.799927,0.004748,0.000088
tent,param,3,5,0.05,2,1.000e-04,294,-0.943664,0.800354,0.015858,0.012618
tent,param,3,5,0.05,2,1.000e-04,295,-0.929717,0.805908,-0.011807,-0.005773
tent,param,3,5,0.05,2,1.000e-04,296,-0.929668,0.804626,-0.001934,-0.010698
tent,param,3,5,0.05,2,1.000e-04,297,-0.936212,0.803528,-0.000815,0.000833
tent,param,3,5,0.05,2,1.000e-04,298,-0.942534,0.802307,0.010728,0.011136
tent,param,3,5,0.05,2,1.000e-04,299,-0.931897,0.803101,-0.007931,0.007917
tent,param,3,5,0.05,2,1.000e-04,300,-0.928842,0.805237,-0.010393,-0.001516
tent,param,3,5,0.05,2,1.000e-04,301,-0.936972,0.801453,-0.004655,0.009024
tent,param,3,5,0.05,2,1.000e-04,302,-0.937490,0.800720,-0.005654,0.003746
tent,param,3,5,0.05,2,1.000e-04,303,-0.934458,0.803772,0.000382,0.002484
tent,param,3,5,0.05,2,1.000e-04,304,-0.935232,0.804749,0.001277,0.002767
tent,param,3,5,0.05,2,1.000e-04,305,-0.929692,0.807251,-0.009910,0.007509
tent,param,3,5,0.05,2,1.000e-04,306,-0.934022,0.804321,0.008635,-0.002016
tent,param,3,5,0.05,2,1.000e-04,307,-0.931831,0.801758,-0.007951,-0.007753
tent,param,3,5,0.05,2,1.000e-04,308,-0.930551,0.806335,-0.001071,-0.004154
tent,param,3,5,0.05,2,1.000e-04,309,-0.937155,0.803101,0.000958,-0.000770
tent,param,3,5,0.05,2,1.000e-04,310,-0.936050,0.802612,0.001846,0.000983
tent,param,3,5,0.05,2,1.000e-04,311,-0.932804,0.803101,0.006415,-0.003862
tent,param,3,5,0.05,2,1.000e-04,312,-0.933081,0.804688,0.008215,-0.012335
tent,param,3,5,0.05,2,1.000e-04,313,-0.935723,0.801270,-0.000728,-0.003994
tent,param,3,5,0.05,2,1.000e-04,314,-0.932122,0.803101,0.005487,-0.002212
tent,param,3,5,0.05,2,1.000e-04,315,-0.929155,0.803406,-0.011673,-0.002254
tent,param,3,5,0.05,2,1.000e-04,316,-0.934274,0.803955,-0.005419,0.008162
tent,param,3,5,0.05,2,1.000e-04,317,-0.932648,0.805603,-0.013360,0.012663
tent,param,3,5,0.05,2,1.000e-04,318,-0.932649,0.805603,-0.003643,-0.009832
tent,param,3,5,0.05,2,1.000e-04,319,-0.937530,0.800903,-0.002121,0.002645
tent,param,3,5,0.05,2,1.000e-04,320,-0.935621,0.806458,-0.003503,0.006039
tent,param,3,5,0.05,2,1.000e-04,321,-0.936658,0.799011,0.004937,-0.005989
tent,param,3,5,0.05,2,1.000e-04,322,-0.937939,0.799194,0.002068,0.012322
tent,param,3,5,0.05,2,1.000e-04,323,-0.932867,0.803345,0.018094,-0.006276
tent,param,3,5,0.05,2,1.000e-04,324,-0.930385,0.805542,-0.002857,0.003091
tent,param,3,5,0.05,2,1.000e-04,325,-0.928281,0.807922,-0.008493,-0.014552
tent,param,3,5,0.05,2,1.000e-04,326,-0.935277,0.805420,-0.004582,0.011329
tent,param,3,5,0.05,2,1.000e-04,327,-0.936178,0.802002,0.002993,-0.002509
tent,param,3,5,0.05,2,1.000e-04,328,-0.941695,0.801514,0.018748,0.001565
tent,param,3,5,0.05,2,1.000e-04,329,-0.935340,0.803223,0.001445,-0.003254
tent,param,3,5,0.05,2,1.000e-04,330,-0.928259,0.806152,-0.005302,-0.002271
tent,param,3,5,0.05,2,1.000e-04,331,-0.927281,0.809753,-0.008756,-0.004060
tent,param,3,5,0.05,2,1.000e-04,332,-0.932723,0.803772,0.000426,-0.006772
tent,param,3,5,0.05,2,1.000e-04,333,-0.930461,0.806702,0.000142,0.002301
tent,param,3,5,0.05,2,1.000e-04,334,-0.927336,0.804749,-0.015078,0.002396
tent,param,3,5,0.05,2,1.000e-04,335,-0.931711,0.808167,0.002554,-0.003264
tent,param,3,5,0.05,2,1.000e-04,336,-0.939828,0.799011,0.004554,0.002555
tent,param,3,5,0.05,2,1.000e-04,337,-0.940187,0.799561,0.000869,0.006663
tent,param,3,5,0.05,2,1.000e-04,338,-0.938985,0.801575,0.001912,0.010058
tent,param,3,5,0.05,2,1.000e-04,339,-0.937905,0.799377,-0.001955,-0.002347
tent,param,3,5,0.05,2,1.000e-04,340,-0.935394,0.802673,-0.004683,0.012236
tent,param,3,5,0.05,2,1.000e-04,341,-0.932741,0.800110,-0.007056,0.000700
tent,param,3,5,0.05,2,1.000e-04,342,-0.938649,0.801514,0.002790,0.009003
tent,param,3,5,0.05,2,1.000e-04,343,-0.947039,0.798096,0.025589,0.003940
tent,param,3,5,0.05,2,1.000e-04,344,-0.931911,0.801697,-0.007043,0.009106
tent,param,3,5,0.05,2,1.000e-04,345,-0.930409,0.803101,-0.000603,-0.005011
tent,param,3,5,0.05,2,1.000e-04,346,-0.938179,0.797852,-0.007259,-0.002794
tent,param,3,5,0.05,2,1.000e-04,347,-0.944993,0.800110,0.019412,-0.001921
tent,param,3,5,0.05,2,1.000e-04,348,-0.941812,0.798523,0.007590,0.001618
tent,param,3,5,0.05,2,1.000e-04,349,-0.941637,0.799377,-0.000946,-0.003351
tent,param,3,5,0.05,2,1.000e-04,350,-0.936372,0.797363,-0.001237,0.000787
tent,param,3,5,0.05,2,1.000e-04,351,-0.936693,0.800659,-0.005363,0.002671
tent,param,3,5,0.05,2,1.000e-04,352,-0.936454,0.805969,0.013949,0.001070
tent,param,3,5,0.05,2,1.000e-04,353,-0.932824,0.802795,0.011919,-0.012405
tent,param,3,5,0.05,2,1.000e-04,354,-0.935639,0.806213,0.010907,0.009514
tent,param,3,5,0.05,2,1.000e-04,355,-0.938976,0.801697,0.000672,0.006601
tent,param,3,5,0.05,2,1.000e-04,356,-0.942377,0.801208,0.005586,0.005570
tent,param,3,5,0.05,2,1.000e-04,357,-0.935514,0.801270,0.002544,0.009179
tent,param,3,5,0.05,2,1.000e-04,358,-0.932667,0.803223,-0.000923,-0.009157
tent,param,3,5,0.05,2,1.000e-04,359,-0.930471,0.806152,-0.000580,-0.007312
tent,param,3,5,0.05,2,1.000e-04,360,-0.932975,0.805481,-0.009223,-0.004518
tent,param,3,5,0.05,2,1.000e-04,361,-0.933016,0.802124,-0.007099,-0.005387
tent,param,3,5,0.05,2,1.000e-04,362,-0.938741,0.801392,-0.001269,0.010336
tent,param,3,5,0.05,2,1.000e-04,363,-0.940070,0.801147,0.003285,-0.006200
tent,param,3,5,0.05,2,1.000e-04,364,-0.938097,0.801147,-0.015372,0.024588
tent,param,3,5,0.05,2,1.000e-04,365,-0.933041,0.800781,0.000003,-0.007042
tent,param,3,5,0.05,2,1.000e-04,366,-0.941515,0.798218,0.006688,0.010581
tent,param,3,5,0.05,2,1.000e-04,367,-0.937580,0.804626,0.004715,-0.000365
tent,param,3,5,0.05,2,1.000e-04,368,-0.936297,0.803345,-0.004177,-0.001086
tent,param,3,5,0.05,2,1.000e-04,369,-0.939536,0.799316,-0.006258,0.003366
tent,param,3,5,0.05,2,1.000e-04,370,-0.933971,0.806030,0.011693,-0.000863
tent,param,3,5,0.05,2,1.000e-04,371,-0.929961,0.804688,-0.003302,-0.002668
tent,param,3,5,0.05,2,1.000e-04,372,-0.936466,0.798096,-0.015122,0.001727
tent,param,3,5,0.05,2,1.000e-04,373,-0.939810,0.798645,0.002048,0.001056
tent,param,3,5,0.05,2,1.000e-04,374,-0.936331,0.800415,0.000814,0.013776
tent,param,3,5,0.05,2,1.000e-04,375,-0.936915,0.803894,0.001388,0.006023
tent,param,3,5,0.05,2,1.000e-04,376,-0.929793,0.807617,0.008476,-0.008671
tent,param,3,5,0.05,2,1.000e-04,377,-0.935999,0.802551,-0.001090,-0.004352
tent,param,3,5,0.05,2,1.000e-04,378,-0.939755,0.801575,0.006307,0.007818
tent,param,3,5,0.05,2,1.000e-04,379,-0.934736,0.805054,-0.007033,0.001417
tent,param,3,5,0.05,2,1.000e-04,380,-0.933949,0.802551,-0.001713,0.005501
tent,param,3,5,0.05,2,1.000e-04,381,-0.935440,0.800964,-0.002180,0.009505
tent,param,3,5,0.05,2,1.000e-04,382,-0.938983,0.800293,0.001721,0.009001
tent,param,3,5,0.05,2,1.000e-04,383,-0.936688,0.804688,0.001009,0.016855
tent,param,3,5,0.05,2,1.000e-04,384,-0.936142,0.803894,-0.002801,0.003341
tent,param,3,5,0.05,2,1.000e-04,385,-0.935129,0.806152,0.012342,-0.003695
tent,param,3,5,0.05,2,1.000e-04,386,-0.930458,0.803040,-0.007958,-0.004351
tent,param,3,5,0.05,2,1.000e-04,387,-0.941709,0.800354,0.007874,0.003276
tent,param,3,5,0.05,2,1.000e-04,388,-0.936831,0.805664,0.015646,-0.001885
tent,param,3,5,0.05,2,1.000e-04,389,-0.933518,0.803528,-0.006142,0.002668
tent,param,3,5,0.05,2,1.000e-04,390,-0.935916,0.802063,-0.012130,0.001844
tent,param,3,5,0.05,2,1.000e-04,391,-0.940464,0.803650,-0.006291,0.021500
tent,param,3,5,0.05,2,1.000e-04,392,-0.931797,0.803833,-0.001273,-0.005082
tent,param,3,5,0.05,2,1.000e-04,393,-0.939889,0.801819,0.004109,0.002284
tent,param,3,5,0.05,2,1.000e-04,394,-0.939821,0.802673,-0.003926,0.003990
tent,param,3,5,0.05,2,1.000e-04,395,-0.939875,0.797729,0.006379,-0.004044
tent,param,3,5,0.05,2,1.000e-04,396,-0.938836,0.799927,0.005872,0.017490
tent,param,3,5,0.05,2,1.000e-04,397,-0.931864,0.805359,-0.007940,0.001681
tent,param,3,5,0.05,2,1.000e-04,398,-0.936040,0.801697,-0.013637,0.003398
tent,param,3,5,0.05,2,1.000e-04,399,-0.942404,0.798462,0.014236,-0.007949
tent,param,3,5,0.05,2,1.000e-04,400,-0.932977,0.806152,0.010606,-0.003678
tent,param,3,5,0.05,2,1.000e-03,1,-7.836240,0.000122,0.999529,0.999530
tent,param,3,5,0.05,2,1.000e-03,2,-7.207074,0.000122,0.999517,0.999510
tent,param,3,5,0.05,2,1.000e-03,3,-6.587781,0.000366,0.999026,0.998506
tent,param,3,5,0.05,2,1.000e-03,4,-5.948893,0.000916,0.996203,0.997349
tent,param,3,5,0.05,2,1.000e-03,5,-5.302241,0.001465,0.995117,0.994615
tent,param,3,5,0.05,2,1.000e-03,6,-4.655332,0.002380,0.992314,0.991030
tent,param,3,5,0.05,2,1.000e-03,7,-4.005546,0.005859,0.980799,0.981080
tent,param,3,5,0.05,2,1.000e-03,8,-3.365755,0.007935,0.968302,0.975531
tent,param,3,5,0.05,2,1.000e-03,9,-2.743112,0.010193,0.957567,0.959937
tent,param,3,5,0.05,2,1.000e-03,10,-2.138245,0.022583,0.915976,0.904861
tent,param,3,5,0.05,2,1.000e-03,11,-1.579245,0.323242,0.778323,0.760331
tent,param,3,5,0.05,2,1.000e-03,12,-1.095055,0.784851,0.398694,0.377605
tent,param,3,5,0.05,2,1.000e-03,13,-0.787778,0.882324,-0.198044,-0.173836
tent,param,3,5,0.05,2,1.000e-03,14,-0.856579,0.835876,-0.143672,-0.110263
tent,param,3,5,0.05,2,1.000e-03,15,-0.927620,0.807312,-0.008374,-0.025723
tent,param,3,5,0.05,2,1.000e-03,16,-0.946030,0.798950,0.007577,0.009552
tent,param,3,5,0.05,2,1.000e-03,17,-0.943644,0.796448,-0.010797,0.007559
tent,param,3,5,0.05,2,1.000e-03,18,-0.942145,0.798645,0.010809,-0.001123
tent,param,3,5,0.05,2,1.000e-03,19,-0.938622,0.799927,0.008370,0.004223
tent,param,3,5,0.05,2,1.000e-03,20,-0.930589,0.805359,-0.014952,0.011425
tent,param,3,5,0.05,2,1.000e-03,21,-0.925933,0.809448,-0.001106,-0.018637
tent,param,3,5,0.05,2,1.000e-03,22,-0.939639,0.802429,-0.007721,0.000338
tent,param,3,5,0.05,2,1.000e-03,23,-0.941171,0.796204,-0.012709,0.013470
tent,param,3,5,0.05,2,1.000e-03,24,-0.931858,0.802795,-0.007999,0.003631
tent,param,3,5,0.05,2,1.000e-03,25,-0.932649,0.803223,0.002258,-0.013167
tent,param,3,5,0.05,2,1.000e-03,26,-0.939623,0.803955,0.002268,0.009768
tent,param,3,5,0.05,2,1.000e-03,27,-0.937191,0.800354,0.000643,-0.007000
tent,param,3,5,0.05,2,1.000e-03,28,-0.939998,0.800476,0.008045,0.004788
tent,param,3,5,0.05,2,1.000e-03,29,-0.940272,0.798340,0.004316,0.004092
tent,param,3,5,0.05,2,1.000e-03,30,-0.940530,0.803162,0.002768,0.015832
tent,param,3,5,0.05,2,1.000e-03,31,-0.938140,0.803467,-0.001233,0.005760
tent,param,3,5,0.05,2,1.000e-03,32,-0.934073,0.804260,0.003375,0.005842
tent,param,3,5,0.05,2,1.000e-03,33,-0.936067,0.805115,0.001174,-0.001037
tent,param,3,5,0.05,2,1.000e-03,34,-0.934923,0.804993,-0.004537,-0.003295
tent,param,3,5,0.05,2,1.000e-03,35,-0.935375,0.801941,-0.001509,-0.008474
tent,param,3,5,0.05,2,1.000e-03,36,-0.939869,0.801270,0.010845,0.005546
tent,param,3,5,0.05,2,1.000e-03,37,-0.939427,0.800049,0.006723,0.005504
tent,param,3,5,0.05,2,1.000e-03,38,-0.932667,0.804443,-0.002842,-0.006904
tent,param,3,5,0.05,2,1.000e-03,39,-0.932519,0.804504,-0.005021,-0.004571
tent,param,3,5,0.05,2,1.000e-03,40,-0.934623,0.804810,-0.000815,-0.005239
tent,param,3,5,0.05,2,1.000e-03,41,-0.937941,0.802734,-0.002140,-0.005664
tent,param,3,5,0.05,2,1.000e-03,42,-0.944540,0.793030,-0.004426,0.004994
tent,param,3,5,0.05,2,1.000e-03,43,-0.941966,0.799805,0.008767,-0.000250
tent,param,3,5,0.05,2,1.000e-03,44,-0.935343,0.803772,0.002478,0.007219
tent,param,3,5,0.05,2,1.000e-03,45,-0.934373,0.804382,-0.000099,-0.001191
tent,param,3,5,0.05,2,1.000e-03,46,-0.931255,0.806152,-0.006907,-0.008210
tent,param,3,5,0.05,2,1.000e-03,47,-0.931658,0.803650,0.001633,-0.000660
tent,param,3,5,0.05,2,1.000e-03,48,-0.932419,0.804321,0.007087,-0.014173
tent,param,3,5,0.05,2,1.000e-03,49,-0.936851,0.803040,-0.002998,0.005442
tent,param,3,5,0.05,2,1.000e-03,50,-0.938724,0.799622,0.001324,0.002286
tent,param,3,5,0.05,2,1.000e-03,51,-0.939874,0.803711,0.011014,0.002425
tent,param,3,5,0.05,2,1.000e-03,52,-0.939967,0.800293,0.004437,0.006397
tent,param,3,5,0.05,2,1.000e-03,53,-0.938499,0.803101,0.009574,0.001680
tent,param,3,5,0.05,2,1.000e-03,54,-0.925606,0.809082,-0.016455,0.006040
tent,param,3,5,0.05,2,1.000e-03,55,-0.933772,0.802307,-0.003497,0.003339
tent,param,3,5,0.05,2,1.000e-03,56,-0.936184,0.800781,-0.000440,-0.005582
tent,param,3,5,0.05,2,1.000e-03,57,-0.938336,0.800049,0.004432,0.012137
tent,param,3,5,0.05,2,1.000e-03,58,-0.937494,0.802734,0.005840,0.000537
tent,param,3,5,0.05,2,1.000e-03,59,-0.943538,0.796326,0.009455,0.009073
tent,param,3,5,0.05,2,1.000e-03,60,-0.936188,0.803345,-0.004182,-0.006100
tent,param,3,5,0.05,2,1.000e-03,61,-0.939473,0.796082,0.003866,0.004492
tent,param,3,5,0.05,2,1.000e-03,62,-0.933823,0.802673,0.005469,0.002087
tent,param,3,5,0.05,2,1.000e-03,63,-0.928282,0.804138,-0.011581,-0.001726
tent,param,3,5,0.05,2,1.000e-03,64,-0.934023,0.802612,0.000509,0.012009
tent,param,3,5,0.05,2,1.000e-03,65,-0.936760,0.799805,-0.006362,0.003526
tent,param,3,5,0.05,2,1.000e-03,66,-0.933162,0.803955,-0.005085,0.004746
tent,param,3,5,0.05,2,1.000e-03,67,-0.934053,0.808899,-0.001625,0.000066
tent,param,3,5,0.05,2,1.000e-03,68,-0.935066,0.800659,-0.001493,-0.004675
tent,param,3,5,0.05,2,1.000e-03,69,-0.941629,0.801575,0.001706,0.011340
tent,param,3,5,0.05,2,1.000e-03,70,-0.938078,0.803223,0.002004,0.008795
tent,param,3,5,0.05,2,1.000e-03,71,-0.935127,0.805237,-0.008422,0.005420
tent,param,3,5,0.05,2,1.000e-03,72,-0.930084,0.804382,-0.003611,-0.002130
tent,param,3,5,0.05,2,1.000e-03,73,-0.924974,0.810242,-0.008360,-0.002704
tent,param,3,5,0.05,2,1.000e-03,74,-0.938461,0.801941,-0.011373,0.010418
tent,param,3,5,0.05,2,1.000e-03,75,-0.940309,0.799011,-0.005688,0.007237
tent,param,3,5,0.05,2,1.000e-03,76,-0.941736,0.799377,0.015276,0.007616
tent,param,3,5,0.05,2,1.000e-03,77,-0.935212,0.802551,0.003119,0.003317
tent,param,3,5,0.05,2,1.000e-03,78,-0.939624,0.802856,0.008352,0.003077
tent,param,3,5,0.05,2,1.000e-03,79,-0.938818,0.802368,-0.001595,-0.005610
tent,param,3,5,0.05,2,1.000e-03,80,-0.936591,0.802124,0.002745,-0.000656
tent,param,3,5,0.05,2,1.000e-03,81,-0.933428,0.803467,0.008225,-0.000417
tent,param,3,5,0.05,2,1.000e-03,82,-0.933560,0.803772,-0.000747,-0.007920
tent,param,3,5,0.05,2,1.000e-03,83,-0.937624,0.800049,0.002527,0.001165
tent,param,3,5,0.05,2,1.000e-03,84,-0.934909,0.803162,0.002625,-0.006368
tent,param,3,5,0.05,2,1.000e-03,85,-0.943114,0.796448,0.005283,-0.007381
tent,param,3,5,0.05,2,1.000e-03,86,-0.944757,0.798889,0.006758,0.004778
tent,param,3,5,0.05,2,1.000e-03,87,-0.943288,0.799500,0.008009,0.011510
tent,param,3,5,0.05,2,1.000e-03,88,-0.931178,0.805542,-0.003674,-0.003261
tent,param,3,5,0.05,2,1.000e-03,89,-0.935801,0.800415,-0.013506,0.005986
tent,param,3,5,0.05,2,1.000e-03,90,-0.938820,0.798401,-0.008494,0.006413
tent,param,3,5,0.05,2,1.000e-03,91,-0.933085,0.803162,0.015898,-0.016912
tent,param,3,5,0.05,2,1.000e-03,92,-0.939389,0.800537,-0.008603,0.001640
tent,param,3,5,0.05,2,1.000e-03,93,-0.941626,0.797668,0.002441,0.007767
tent,param,3,5,0.05,2,1.000e-03,94,-0.937159,0.803162,0.008165,0.004046
tent,param,3,5,0.05,2,1.000e-03,95,-0.939444,0.798462,0.002395,0.007969
tent,param,3,5,0.05,2,1.000e-03,96,-0.938493,0.801758,-0.003843,0.002319
tent,param,3,5,0.05,2,1.000e-03,97,-0.937118,0.803711,0.012778,-0.002900
tent,param,3,5,0.05,2,1.000e-03,98,-0.935001,0.806885,0.003937,0.002026
tent,param,3,5,0.05,2,1.000e-03,99,-0.930212,0.807007,-0.006350,0.001700
tent,param,3,5,0.05,2,1.000e-03,100,-0.941413,0.801147,0.004286,0.002741
tent,param,3,5,0.05,2,1.000e-03,101,-0.945828,0.797791,0.008940,0.008329
tent,param,3,5,0.05,2,1.000e-03,102,-0.937905,0.802673,-0.000310,0.010125
tent,param,3,5,0.05,2,1.000e-03,103,-0.932905,0.802979,-0.002005,0.000477
tent,param,3,5,0.05,2,1.000e-03,104,-0.936368,0.803711,0.004799,-0.006935
tent,param,3,5,0.05,2,1.000e-03,105,-0.937737,0.798645,-0.006956,0.004389
tent,param,3,5,0.05,2,1.000e-03,106,-0.937559,0.803345,-0.000663,-0.005190
tent,param,3,5,0.05,2,1.000e-03,107,-0.941688,0.799988,0.009482,0.005186
tent,param,3,5,0.05,2,1.000e-03,108,-0.932338,0.800903,-0.014991,-0.002228
tent,param,3,5,0.05,2,1.000e-03,109,-0.935828,0.801025,-0.004517,0.005847
tent,param,3,5,0.05,2,1.000e-03,110,-0.938506,0.804565,-0.003154,0.011963
tent,param,3,5,0.05,2,1.000e-03,111,-0.936153,0.802246,-0.013853,0.006903
tent,param,3,5,0.05,2,1.000e-03,112,-0.946251,0.795715,0.000423,0.016010
tent,param,3,5,0.05,2,1.000e-03,113,-0.938163,0.803467,-0.000726,0.000246
tent,param,3,5,0.05,2,1.000e-03,114,-0.935404,0.802368,-0.000547,0.009040
tent,param,3,5,0.05,2,1.000e-03,115,-0.934392,0.803772,-0.013808,0.000583
tent,param,3,5,0.05,2,1.000e-03,116,-0.936833,0.797913,-0.010347,-0.002718
tent,param,3,5,0.05,2,1.000e-03,117,-0.943816,0.800598,0.017395,-0.002437
tent,param,3,5,0.05,2,1.000e-03,118,-0.935602,0.803406,0.001635,0.000043
tent,param,3,5,0.05,2,1.000e-03,119,-0.935591,0.801880,-0.004004,0.007431
tent,param,3,5,0.05,2,1.000e-03,120,-0.934698,0.807800,-0.008087,-0.004799
tent,param,3,5,0.05,2,1.000e-03,121,-0.937791,0.799622,0.003086,-0.004418
tent,param,3,5,0.05,2,1.000e-03,122,-0.940076,0.801331,-0.004258,0.002194
tent,param,3,5,0.05,2,1.000e-03,123,-0.944830,0.797852,0.007374,0.014796
tent,param,3,5,0.05,2,1.000e-03,124,-0.941026,0.799927,0.001968,-0.001067
tent,param,3,5,0.05,2,1.000e-03,125,-0.942729,0.798096,0.009670,-0.008030
tent,param,3,5,0.05,2,1.000e-03,126,-0.945880,0.799316,0.006274,0.010630
tent,param,3,5,0.05,2,1.000e-03,127,-0.944334,0.796448,-0.011572,0.020314
tent,param,3,5,0.05,2,1.000e-03,128,-0.938341,0.802002,-0.000059,0.012165
tent,param,3,5,0.05,2,1.000e-03,129,-0.937245,0.799866,0.006080,0.003949
tent,param,3,5,0.05,2,1.000e-03,130,-0.944464,0.795837,-0.004434,0.005549
tent,param,3,5,0.05,2,1.000e-03,131,-0.931435,0.807312,0.004689,-0.008425
tent,param,3,5,0.05,2,1.000e-03,132,-0.935808,0.800354,-0.014229,0.002743
tent,param,3,5,0.05,2,1.000e-03,133,-0.934055,0.804871,-0.005237,-0.006128
tent,param,3,5,0.05,2,1.000e-03,134,-0.934508,0.801636,-0.001307,-0.001563
tent,param,3,5,0.05,2,1.000e-03,135,-0.936596,0.802856,-0.005538,0.001204
tent,param,3,5,0.05,2,1.000e-03,136,-0.943687,0.799377,0.006935,0.006182
tent,param,3,5,0.05,2,1.000e-03,137,-0.930125,0.802979,-0.023203,0.008034
tent,param,3,5,0.05,2,1.000e-03,138,-0.930273,0.804077,-0.001013,-0.002063
tent,param,3,5,0.05,2,1.000e-03,139,-0.936317,0.804016,-0.003115,-0.006331
tent,param,3,5,0.05,2,1.000e-03,140,-0.947342,0.791809,-0.001717,0.012807
tent,param,3,5,0.05,2,1.000e-03,141,-0.945656,0.797485,0.000532,0.014213
tent,param,3,5,0.05,2,1.000e-03,142,-0.940467,0.793945,0.005921,0.011615
tent,param,3,5,0.05,2,1.000e-03,143,-0.928384,0.806946,-0.001265,-0.005773
tent,param,3,5,0.05,2,1.000e-03,144,-0.927950,0.810181,-0.005334,-0.005831
tent,param,3,5,0.05,2,1.000e-03,145,-0.921465,0.809265,-0.012730,-0.014166
tent,param,3,5,0.05,2,1.000e-03,146,-0.926033,0.804504,-0.017602,0.001998
tent,param,3,5,0.05,2,1.000e-03,147,-0.941522,0.796997,0.005576,0.007043
tent,param,3,5,0.05,2,1.000e-03,148,-0.943889,0.801636,0.008419,0.005814
tent,param,3,5,0.05,2,1.000e-03,149,-0.935872,0.799438,0.004121,-0.004032
tent,param,3,5,0.05,2,1.000e-03,150,-0.938238,0.800659,0.006950,-0.010719
tent,param,3,5,0.05,2,1.000e-03,151,-0.940922,0.801758,-0.004153,0.010872
tent,param,3,5,0.05,2,1.000e-03,152,-0.938971,0.801636,-0.001948,-0.001156
tent,param,3,5,0.05,2,1.000e-03,153,-0.939377,0.797485,0.010151,-0.002138
tent,param,3,5,0.05,2,1.000e-03,154,-0.939148,0.804504,0.008311,-0.001332
tent,param,3,5,0.05,2,1.000e-03,155,-0.941141,0.799377,0.011772,0.001242
tent,param,3,5,0.05,2,1.000e-03,156,-0.947529,0.795715,0.008902,0.015369
tent,param,3,5,0.05,2,1.000e-03,157,-0.930969,0.803772,-0.004917,0.000656
tent,param,3,5,0.05,2,1.000e-03,158,-0.933627,0.805725,-0.004869,0.002569
tent,param,3,5,0.05,2,1.000e-03,159,-0.940201,0.798462,0.008199,0.000157
tent,param,3,5,0.05,2,1.000e-03,160,-0.943578,0.799805,0.004425,-0.001264
tent,param,3,5,0.05,2,1.000e-03,161,-0.942359,0.798096,-0.000405,0.008532
tent,param,3,5,0.05,2,1.000e-03,162,-0.933564,0.801208,-0.005042,0.003657
tent,param,3,5,0.05,2,1.000e-03,163,-0.938812,0.799622,0.008035,0.005262
tent,param,3,5,0.05,2,1.000e-03,164,-0.938246,0.801086,0.009700,-0.001653
tent,param,3,5,0.05,2,1.000e-03,165,-0.932383,0.805054,0.000012,0.005398
tent,param,3,5,0.05,2,1.000e-03,166,-0.929357,0.803284,-0.011683,0.000181
tent,param,3,5,0.05,2,1.000e-03,167,-0.932682,0.801941,-0.000115,-0.011811
tent,param,3,5,0.05,2,1.000e-03,168,-0.937500,0.799255,0.005565,0.002695
tent,param,3,5,0.05,2,1.000e-03,169,-0.935767,0.804565,0.001834,-0.000969
tent,param,3,5,0.05,2,1.000e-03,170,-0.932463,0.799988,-0.004652,-0.012070
tent,param,3,5,0.05,2,1.000e-03,171,-0.942140,0.798950,0.011896,0.000707
tent,param,3,5,0.05,2,1.000e-03,172,-0.937050,0.799255,-0.005033,-0.000141
tent,param,3,5,0.05,2,1.000e-03,173,-0.933190,0.803772,0.000750,0.002537
tent,param,3,5,0.05,2,1.000e-03,174,-0.931869,0.803223,-0.007552,-0.001546
tent,param,3,5,0.05,2,1.000e-03,175,-0.936235,0.799805,0.004197,-0.000523
tent,param,3,5,0.05,2,1.000e-03,176,-0.942014,0.795105,0.006558,0.013722
tent,param,3,5,0.05,2,1.000e-03,177,-0.931345,0.801453,0.007388,0.001285
tent,param,3,5,0.05,2,1.000e-03,178,-0.928319,0.807251,-0.002291,-0.015249
tent,param,3,5,0.05,2,1.000e-03,179,-0.930054,0.805908,-0.007621,-0.013719
tent,param,3,5,0.05,2,1.000e-03,180,-0.928370,0.806519,-0.014294,0.008335
tent,param,3,5,0.05,2,1.000e-03,181,-0.931896,0.805420,-0.004673,0.001973
tent,param,3,5,0.05,2,1.000e-03,182,-0.929036,0.803711,-0.002983,-0.008839
tent,param,3,5,0.05,2,1.000e-03,183,-0.935221,0.801636,0.006837,-0.011919
tent,param,3,5,0.05,2,1.000e-03,184,-0.936605,0.802124,-0.001056,-0.007527
tent,param,3,5,0.05,2,1.000e-03,185,-0.933726,0.803833,-0.010761,-0.000879
tent,param,3,5,0.05,2,1.000e-03,186,-0.934901,0.802307,0.008865,-0.010648
tent,param,3,5,0.05,2,1.000e-03,187,-0.929287,0.803894,-0.009544,-0.006259
tent,param,3,5,0.05,2,1.000e-03,188,-0.934613,0.802979,0.004700,-0.006911
tent,param,3,5,0.05,2,1.000e-03,189,-0.930059,0.804382,-0.003324,-0.000119
tent,param,3,5,0.05,2,1.000e-03,190,-0.930303,0.808411,-0.011594,0.009336
tent,param,3,5,0.05,2,1.000e-03,191,-0.928551,0.807739,-0.006304,0.001193
tent,param,3,5,0.05,2,1.000e-03,192,-0.929565,0.805725,-0.008105,-0.009164
tent,param,3,5,0.05,2,1.000e-03,193,-0.930591,0.807495,0.001794,-0.002108
tent,param,3,5,0.05,2,1.000e-03,194,-0.931299,0.806458,0.003542,-0.011570
tent,param,3,5,0.05,2,1.000e-03,195,-0.940234,0.799561,0.004126,-0.003239
tent,param,3,5,0.05,2,1.000e-03,196,-0.937158,0.803650,0.000161,-0.005339
tent,param,3,5,0.05,2,1.000e-03,197,-0.936317,0.802246,-0.001167,-0.008645
tent,param,3,5,0.05,2,1.000e-03,198,-0.937002,0.799011,0.004581,0.009024
tent,param,3,5,0.05,2,1.000e-03,199,-0.936738,0.803101,0.002160,0.009895
tent,param,3,5,0.05,2,1.000e-03,200,-0.937350,0.803223,0.003853,-0.005860
tent,param,3,5,0.05,2,1.000e-03,201,-0.936978,0.801880,0.003835,-0.000857
tent,param,3,5,0.05,2,1.000e-03,202,-0.932112,0.803345,-0.009380,-0.006703
tent,param,3,5,0.05,2,1.000e-03,203,-0.936583,0.801086,0.000691,-0.009632
tent,param,3,5,0.05,2,1.000e-03,204,-0.938319,0.800964,0.007575,-0.005970
tent,param,3,5,0.05,2,1.000e-03,205,-0.935076,0.801270,0.013600,-0.009823
tent,param,3,5,0.05,2,1.000e-03,206,-0.937825,0.801758,0.009366,-0.003692
tent,param,3,5,0.05,2,1.000e-03,207,-0.943340,0.798889,0.018163,0.001373
tent,param,3,5,0.05,2,1.000e-03,208,-0.939981,0.799133,0.000241,-0.003355
tent,param,3,5,0.05,2,1.000e-03,209,-0.943992,0.795837,0.004145,0.004780
tent,param,3,5,0.05,2,1.000e-03,210,-0.940030,0.802307,0.013145,0.002922
tent,param,3,5,0.05,2,1.000e-03,211,-0.935245,0.805237,0.008083,-0.004004
tent,param,3,5,0.05,2,1.000e-03,212,-0.930685,0.801270,-0.006366,-0.002037
tent,param,3,5,0.05,2,1.000e-03,213,-0.925678,0.806885,-0.010518,0.001595
tent,param,3,5,0.05,2,1.000e-03,214,-0.932243,0.805908,-0.000696,0.003851
tent,param,3,5,0.05,2,1.000e-03,215,-0.931817,0.807800,-0.006334,-0.014571
tent,param,3,5,0.05,2,1.000e-03,216,-0.932825,0.803589,0.002584,-0.008016
tent,param,3,5,0.05,2,1.000e-03,217,-0.937595,0.800964,-0.000404,0.004915
tent,param,3,5,0.05,2,1.000e-03,218,-0.936342,0.799988,-0.008910,0.004747
tent,param,3,5,0.05,2,1.000e-03,219,-0.935360,0.806396,-0.006073,0.010362
tent,param,3,5,0.05,2,1.000e-03,220,-0.939316,0.801025,-0.000607,-0.013165
tent,param,3,5,0.05,2,1.000e-03,221,-0.941216,0.797241,0.001911,0.003297
tent,param,3,5,0.05,2,1.000e-03,222,-0.937476,0.801270,-0.009633,0.017260
tent,param,3,5,0.05,2,1.000e-03,223,-0.932147,0.805847,0.000648,-0.007374
tent,param,3,5,0.05,2,1.000e-03,224,-0.932108,0.802673,-0.007325,-0.001343
tent,param,3,5,0.05,2,1.000e-03,225,-0.940908,0.800720,0.010476,-0.001249
tent,param,3,5,0.05,2,1.000e-03,226,-0.929728,0.806885,-0.005555,-0.005250
tent,param,3,5,0.05,2,1.000e-03,227,-0.933560,0.802307,-0.003905,-0.008139
tent,param,3,5,0.05,2,1.000e-03,228,-0.936294,0.800964,0.000819,-0.000589
tent,param,3,5,0.05,2,1.000e-03,229,-0.927296,0.809692,-0.012479,-0.005767
tent,param,3,5,0.05,2,1.000e-03,230,-0.936277,0.804138,-0.001821,0.006451
tent,param,3,5,0.05,2,1.000e-03,231,-0.927864,0.807617,-0.004513,-0.008264
tent,param,3,5,0.05,2,1.000e-03,232,-0.932978,0.800842,-0.010132,0.014906
tent,param,3,5,0.05,2,1.000e-03,233,-0.928509,0.806152,-0.014382,-0.000768
tent,param,3,5,0.05,2,1.000e-03,234,-0.930256,0.805115,-0.010833,-0.006093
tent,param,3,5,0.05,2,1.000e-03,235,-0.931237,0.804077,-0.004977,-0.000965
tent,param,3,5,0.05,2,1.000e-03,236,-0.937854,0.800842,0.003007,0.007075
tent,param,3,5,0.05,2,1.000e-03,237,-0.948380,0.796204,0.009043,0.016714
tent,param,3,5,0.05,2,1.000e-03,238,-0.936117,0.802246,-0.007426,0.001058
tent,param,3,5,0.05,2,1.000e-03,239,-0.936927,0.802612,0.000953,0.004065
tent,param,3,5,0.05,2,1.000e-03,240,-0.930956,0.804382,-0.008299,-0.004920
tent,param,3,5,0.05,2,1.000e-03,241,-0.933682,0.804443,0.000788,-0.007903
tent,param,3,5,0.05,2,1.000e-03,242,-0.938376,0.798706,-0.004551,-0.006485
tent,param,3,5,0.05,2,1.000e-03,243,-0.940951,0.798889,0.005837,0.000527
tent,param,3,5,0.05,2,1.000e-03,244,-0.934162,0.801331,-0.000542,-0.006630
tent,param,3,5,0.05,2,1.000e-03,245,-0.935260,0.803467,-0.004696,0.000874
tent,param,3,5,0.05,2,1.000e-03,246,-0.937358,0.802124,-0.000287,0.006153
tent,param,3,5,0.05,2,1.000e-03,247,-0.942888,0.797180,0.004746,0.003205
tent,param,3,5,0.05,2,1.000e-03,248,-0.938143,0.801392,-0.000935,-0.006441
tent,param,3,5,0.05,2,1.000e-03,249,-0.938360,0.800842,0.012632,0.009653
tent,param,3,5,0.05,2,1.000e-03,250,-0.931986,0.805786,0.006944,-0.009744
tent,param,3,5,0.05,2,1.000e-03,251,-0.925848,0.807495,-0.002298,-0.018662
tent,param,3,5,0.05,2,1.000e-03,252,-0.938356,0.802673,-0.004171,0.015529
tent,param,3,5,0.05,2,1.000e-03,253,-0.933485,0.801880,-0.000927,-0.001627
tent,param,3,5,0.05,2,1.000e-03,254,-0.935285,0.800720,-0.005845,-0.012150
tent,param,3,5,0.05,2,1.000e-03,255,-0.934950,0.804077,0.009495,0.001477
tent,param,3,5,0.05,2,1.000e-03,256,-0.927552,0.804260,-0.016020,-0.006699
tent,param,3,5,0.05,2,1.000e-03,257,-0.943329,0.801575,0.006060,0.001324
tent,param,3,5,0.05,2,1.000e-03,258,-0.940953,0.799744,-0.000134,0.007465
tent,param,3,5,0.05,2,1.000e-03,259,-0.937074,0.802551,-0.003136,0.014998
tent,param,3,5,0.05,2,1.000e-03,260,-0.938426,0.800354,0.007189,-0.007909
tent,param,3,5,0.05,2,1.000e-03,261,-0.934487,0.800476,-0.004700,-0.005315
tent,param,3,5,0.05,2,1.000e-03,262,-0.934870,0.804138,-0.012076,0.011843
tent,param,3,5,0.05,2,1.000e-03,263,-0.935796,0.805908,0.004612,0.002866
tent,param,3,5,0.05,2,1.000e-03,264,-0.930011,0.804382,-0.007516,-0.001787
tent,param,3,5,0.05,2,1.000e-03,265,-0.938695,0.798706,0.001561,-0.004963
tent,param,3,5,0.05,2,1.000e-03,266,-0.945870,0.797668,-0.006277,0.025852
tent,param,3,5,0.05,2,1.000e-03,267,-0.945026,0.797302,0.015257,0.005082
tent,param,3,5,0.05,2,1.000e-03,268,-0.931633,0.805359,-0.006326,-0.004300
tent,param,3,5,0.05,2,1.000e-03,269,-0.929810,0.806274,-0.002430,-0.000152
tent,param,3,5,0.05,2,1.000e-03,270,-0.935557,0.803833,0.008190,-0.006391
tent,param,3,5,0.05,2,1.000e-03,271,-0.933295,0.802673,-0.002341,-0.002366
tent,param,3,5,0.05,2,1.000e-03,272,-0.937400,0.801697,-0.002206,0.003068
tent,param,3,5,0.05,2,1.000e-03,273,-0.936697,0.800537,0.008422,-0.007959
tent,param,3,5,0.05,2,1.000e-03,274,-0.934469,0.802185,-0.002554,-0.001926
tent,param,3,5,0.05,2,1.000e-03,275,-0.934980,0.802979,0.003461,-0.005341
tent,param,3,5,0.05,2,1.000e-03,276,-0.944423,0.797485,-0.005322,0.003767
tent,param,3,5,0.05,2,1.000e-03,277,-0.932636,0.805176,-0.006870,0.002762
tent,param,3,5,0.05,2,1.000e-03,278,-0.932974,0.802856,-0.006039,0.000100
tent,param,3,5,0.05,2,1.000e-03,279,-0.939043,0.801819,0.001880,-0.000177
tent,param,3,5,0.05,2,1.000e-03,280,-0.933301,0.804993,-0.004831,-0.000607
tent,param,3,5,0.05,2,1.000e-03,281,-0.933205,0.804382,-0.009464,-0.001367
tent,param,3,5,0.05,2,1.000e-03,282,-0.930357,0.801575,-0.011848,-0.011729
tent,param,3,5,0.05,2,1.000e-03,283,-0.934275,0.800659,-0.015207,0.003100
tent,param,3,5,0.05,2,1.000e-03,284,-0.937169,0.803284,0.006935,-0.005868
tent,param,3,5,0.05,2,1.000e-03,285,-0.935836,0.803040,-0.002442,0.001976
tent,param,3,5,0.05,2,1.000e-03,286,-0.945072,0.798279,0.010894,0.007784
tent,param,3,5,0.05,2,1.000e-03,287,-0.939676,0.804932,0.003820,0.010290
tent,param,3,5,0.05,2,1.000e-03,288,-0.931702,0.801147,0.004887,-0.009734
tent,param,3,5,0.05,2,1.000e-03,289,-0.931341,0.803162,0.005273,-0.009320
tent,param,3,5,0.05,2,1.000e-03,290,-0.934068,0.805054,0.005083,0.008536
tent,param,3,5,0.05,2,1.000e-03,291,-0.938995,0.797607,0.005647,-0.011502
tent,param,3,5,0.05,2,1.000e-03,292,-0.940145,0.804565,0.006192,0.004661
tent,param,3,5,0.05,2,1.000e-03,293,-0.937041,0.802795,-0.000047,-0.001095
tent,param,3,5,0.05,2,1.000e-03,294,-0.940240,0.803040,-0.002940,0.018314
tent,param,3,5,0.05,2,1.000e-03,295,-0.932693,0.800415,-0.001029,-0.002602
tent,param,3,5,0.05,2,1.000e-03,296,-0.931237,0.805664,0.002999,-0.009645
tent,param,3,5,0.05,2,1.000e-03,297,-0.938835,0.801208,0.005815,-0.000098
tent,param,3,5,0.05,2,1.000e-03,298,-0.940608,0.803528,0.005127,0.008046
tent,param,3,5,0.05,2,1.000e-03,299,-0.938215,0.797791,0.011517,-0.004738
tent,param,3,5,0.05,2,1.000e-03,300,-0.943074,0.798523,-0.001995,0.001725
tent,param,3,5,0.05,2,1.000e-03,301,-0.939866,0.799133,-0.004505,0.016237
tent,param,3,5,0.05,2,1.000e-03,302,-0.930842,0.804993,0.000671,-0.001750
tent,param,3,5,0.05,2,1.000e-03,303,-0.925177,0.808472,-0.019567,0.008038
tent,param,3,5,0.05,2,1.000e-03,304,-0.929495,0.804932,-0.006917,-0.010664
tent,param,3,5,0.05,2,1.000e-03,305,-0.935743,0.802490,0.003715,-0.008704
tent,param,3,5,0.05,2,1.000e-03,306,-0.935569,0.800171,-0.002808,0.000074
tent,param,3,5,0.05,2,1.000e-03,307,-0.930779,0.805481,-0.007049,-0.007643
tent,param,3,5,0.05,2,1.000e-03,308,-0.937426,0.803223,0.006611,0.005882
tent,param,3,5,0.05,2,1.000e-03,309,-0.935266,0.802795,-0.003165,-0.006537
tent,param,3,5,0.05,2,1.000e-03,310,-0.939920,0.803040,-0.001105,0.006371
tent,param,3,5,0.05,2,1.000e-03,311,-0.937130,0.802429,0.005530,-0.003722
tent,param,3,5,0.05,2,1.000e-03,312,-0.942474,0.799744,0.006703,-0.008276
tent,param,3,5,0.05,2,1.000e-03,313,-0.939499,0.799072,-0.007041,0.000555
tent,param,3,5,0.05,2,1.000e-03,314,-0.941727,0.795410,0.011002,-0.004295
tent,param,3,5,0.05,2,1.000e-03,315,-0.934695,0.801392,0.000785,-0.006486
tent,param,3,5,0.05,2,1.000e-03,316,-0.933063,0.805786,0.001989,-0.003673
tent,param,3,5,0.05,2,1.000e-03,317,-0.934682,0.801025,-0.006274,0.004149
tent,param,3,5,0.05,2,1.000e-03,318,-0.945324,0.797913,0.006666,0.011130
tent,param,3,5,0.05,2,1.000e-03,319,-0.937702,0.802307,-0.005035,0.005300
tent,param,3,5,0.05,2,1.000e-03,320,-0.933663,0.803772,-0.009409,-0.000655
tent,param,3,5,0.05,2,1.000e-03,321,-0.939890,0.802917,0.007101,-0.005201
tent,param,3,5,0.05,2,1.000e-03,322,-0.936214,0.806030,0.011211,0.007919
tent,param,3,5,0.05,2,1.000e-03,323,-0.927384,0.807983,-0.003917,-0.016141
tent,param,3,5,0.05,2,1.000e-03,324,-0.935166,0.799744,-0.006174,0.000622
tent,param,3,5,0.05,2,1.000e-03,325,-0.939135,0.804565,0.005395,0.004350
tent,param,3,5,0.05,2,1.000e-03,326,-0.937085,0.803162,0.006187,-0.015893
tent,param,3,5,0.05,2,1.000e-03,327,-0.930576,0.804993,0.004081,-0.008246
tent,param,3,5,0.05,2,1.000e-03,328,-0.940197,0.800842,0.018170,-0.016708
tent,param,3,5,0.05,2,1.000e-03,329,-0.936618,0.801880,-0.006682,0.012351
tent,param,3,5,0.05,2,1.000e-03,330,-0.933897,0.800415,0.001167,0.001688
tent,param,3,5,0.05,2,1.000e-03,331,-0.940923,0.801575,-0.002667,0.009311
tent,param,3,5,0.05,2,1.000e-03,332,-0.943004,0.799866,0.015639,0.009864
tent,param,3,5,0.05,2,1.000e-03,333,-0.932113,0.803284,0.000767,-0.006934
tent,param,3,5,0.05,2,1.000e-03,334,-0.934826,0.800720,0.005300,-0.004834
tent,param,3,5,0.05,2,1.000e-03,335,-0.938995,0.802673,0.017811,-0.005037
tent,param,3,5,0.05,2,1.000e-03,336,-0.938860,0.798523,0.007362,0.010037
tent,param,3,5,0.05,2,1.000e-03,337,-0.935716,0.802490,0.003038,0.000136
tent,param,3,5,0.05,2,1.000e-03,338,-0.940169,0.803040,0.006524,-0.003675
tent,param,3,5,0.05,2,1.000e-03,339,-0.925896,0.808716,-0.010893,-0.017520
tent,param,3,5,0.05,2,1.000e-03,340,-0.934222,0.803101,0.002371,-0.009293
tent,param,3,5,0.05,2,1.000e-03,341,-0.933383,0.805847,0.006113,-0.009284
tent,param,3,5,0.05,2,1.000e-03,342,-0.931095,0.804749,-0.012121,-0.000903
tent,param,3,5,0.05,2,1.000e-03,343,-0.941335,0.799622,-0.006335,0.012326
tent,param,3,5,0.05,2,1.000e-03,344,-0.940490,0.802551,0.005954,0.005326
tent,param,3,5,0.05,2,1.000e-03,345,-0.934267,0.799927,-0.003507,-0.009338
tent,param,3,5,0.05,2,1.000e-03,346,-0.939382,0.803223,-0.000771,0.006295
tent,param,3,5,0.05,2,1.000e-03,347,-0.936363,0.800842,0.008177,-0.002160
tent,param,3,5,0.05,2,1.000e-03,348,-0.939809,0.800781,0.004870,-0.010097
tent,param,3,5,0.05,2,1.000e-03,349,-0.940311,0.796326,0.009596,0.004221
tent,param,3,5,0.05,2,1.000e-03,350,-0.943439,0.798218,0.009642,0.020972
tent,param,3,5,0.05,2,1.000e-03,351,-0.927874,0.808289,-0.004186,-0.007956
tent,param,3,5,0.05,2,1.000e-03,352,-0.931251,0.811829,-0.013262,0.004560
tent,param,3,5,0.05,2,1.000e-03,353,-0.933966,0.805420,-0.004804,-0.003390
tent,param,3,5,0.05,2,1.000e-03,354,-0.940052,0.798523,-0.002541,-0.006437
tent,param,3,5,0.05,2,1.000e-03,355,-0.937941,0.802246,-0.000161,0.006083
tent,param,3,5,0.05,2,1.000e-03,356,-0.933823,0.799011,0.012290,-0.016226
tent,param,3,5,0.05,2,1.000e-03,357,-0.933560,0.802490,0.001396,-0.001977
tent,param,3,5,0.05,2,1.000e-03,358,-0.930574,0.805908,-0.000977,-0.015614
tent,param,3,5,0.05,2,1.000e-03,359,-0.938738,0.803467,0.019037,-0.004752
tent,param,3,5,0.05,2,1.000e-03,360,-0.936059,0.799622,0.000114,-0.004922
tent,param,3,5,0.05,2,1.000e-03,361,-0.943067,0.797363,0.006284,0.009778
tent,param,3,5,0.05,2,1.000e-03,362,-0.943673,0.799805,0.004773,0.008468
tent,param,3,5,0.05,2,1.000e-03,363,-0.930419,0.803711,-0.009373,0.003200
tent,param,3,5,0.05,2,1.000e-03,364,-0.930305,0.806152,0.001963,-0.004988
tent,param,3,5,0.05,2,1.000e-03,365,-0.928436,0.809570,-0.008686,-0.001192
tent,param,3,5,0.05,2,1.000e-03,366,-0.928091,0.803711,-0.017533,-0.019337
tent,param,3,5,0.05,2,1.000e-03,367,-0.941153,0.799194,-0.002634,-0.004539
tent,param,3,5,0.05,2,1.000e-03,368,-0.944270,0.803040,0.018898,0.014285
tent,param,3,5,0.05,2,1.000e-03,369,-0.929285,0.805847,-0.009828,-0.012225
tent,param,3,5,0.05,2,1.000e-03,370,-0.937218,0.801453,0.004482,0.000963
tent,param,3,5,0.05,2,1.000e-03,371,-0.936183,0.804565,0.010019,0.004691
tent,param,3,5,0.05,2,1.000e-03,372,-0.935041,0.802979,-0.013153,0.002436
tent,param,3,5,0.05,2,1.000e-03,373,-0.934878,0.803101,0.003678,-0.010595
tent,param,3,5,0.05,2,1.000e-03,374,-0.937861,0.798462,-0.010588,0.009658
tent,param,3,5,0.05,2,1.000e-03,375,-0.935182,0.804932,-0.006069,0.007596
tent,param,3,5,0.05,2,1.000e-03,376,-0.931321,0.805115,-0.005202,0.000171
tent,param,3,5,0.05,2,1.000e-03,377,-0.927755,0.804932,-0.025485,0.006405
tent,param,3,5,0.05,2,1.000e-03,378,-0.941241,0.798523,0.006923,0.010289
tent,param,3,5,0.05,2,1.000e-03,379,-0.942280,0.798584,0.012391,-0.003323
tent,param,3,5,0.05,2,1.000e-03,380,-0.940953,0.801392,0.011763,0.006649
tent,param,3,5,0.05,2,1.000e-03,381,-0.933789,0.803284,0.002236,-0.013525
tent,param,3,5,0.05,2,1.000e-03,382,-0.944278,0.796021,0.000827,0.002357
tent,param,3,5,0.05,2,1.000e-03,383,-0.934613,0.800720,-0.006929,0.001757
tent,param,3,5,0.05,2,1.000e-03,384,-0.932466,0.803589,-0.000202,-0.001716
tent,param,3,5,0.05,2,1.000e-03,385,-0.936010,0.806580,0.003530,-0.001217
tent,param,3,5,0.05,2,1.000e-03,386,-0.934118,0.805847,-0.009841,-0.011347
tent,param,3,5,0.05,2,1.000e-03,387,-0.938695,0.802124,-0.003602,0.001605
tent,param,3,5,0.05,2,1.000e-03,388,-0.936981,0.798645,0.009510,-0.007425
tent,param,3,5,0.05,2,1.000e-03,389,-0.939021,0.801941,0.012699,0.000143
tent,param,3,5,0.05,2,1.000e-03,390,-0.933867,0.807068,-0.012313,-0.000926
tent,param,3,5,0.05,2,1.000e-03,391,-0.937343,0.799805,-0.008965,-0.007895
tent,param,3,5,0.05,2,1.000e-03,392,-0.945673,0.797180,0.006635,0.017651
tent,param,3,5,0.05,2,1.000e-03,393,-0.935125,0.804077,-0.011849,0.016592
tent,param,3,5,0.05,2,1.000e-03,394,-0.939477,0.802185,0.005788,0.003025
tent,param,3,5,0.05,2,1.000e-03,395,-0.930780,0.806519,-0.011678,-0.007767
tent,param,3,5,0.05,2,1.000e-03,396,-0.932081,0.803162,0.001269,-0.002378
tent,param,3,5,0.05,2,1.000e-03,397,-0.933592,0.805298,-0.002987,-0.005217
tent,param,3,5,0.05,2,1.000e-03,398,-0.940170,0.798035,0.007759,0.002218
tent,param,3,5,0.05,2,1.000e-03,399,-0.939123,0.799438,0.006237,-0.005581
tent,param,3,5,0.05,2,1.000e-03,400,-0.945030,0.801147,0.009900,0.003908
tent,param,3,5,0.05,2,1.000e-02,1,-5.525573,0.001770,0.992942,0.993415
tent,param,3,5,0.05,2,1.000e-02,2,-4.895247,0.001953,0.992187,0.992042
tent,param,3,5,0.05,2,1.000e-02,3,-4.280430,0.002441,0.991540,0.992696
tent,param,3,5,0.05,2,1.000e-02,4,-3.647200,0.005371,0.983745,0.982930
tent,param,3,5,0.05,2,1.000e-02,5,-3.011230,0.009460,0.964102,0.965130
tent,param,3,5,0.05,2,1.000e-02,6,-2.399977,0.010315,0.942958,0.937933
tent,param,3,5,0.05,2,1.000e-02,7,-1.813486,0.085144,0.857965,0.849666
tent,param,3,5,0.05,2,1.000e-02,8,-1.284210,0.664734,0.608260,0.593650
tent,param,3,5,0.05,2,1.000e-02,9,-0.877505,0.874573,0.027748,0.040240
tent,param,3,5,0.05,2,1.000e-02,10,-0.753340,0.881470,-0.325425,-0.277388
tent,param,3,5,0.05,2,1.000e-02,11,-0.931256,0.803345,-0.014961,-0.004216
tent,param,3,5,0.05,2,1.000e-02,12,-0.948385,0.797058,-0.001316,0.013251
tent,param,3,5,0.05,2,1.000e-02,13,-0.953721,0.792847,0.002172,0.008909
tent,param,3,5,0.05,2,1.000e-02,14,-0.943181,0.800354,-0.004923,0.008281
tent,param,3,5,0.05,2,1.000e-02,15,-0.938426,0.804199,-0.016384,-0.010446
tent,param,3,5,0.05,2,1.000e-02,16,-0.946732,0.797302,-0.001899,0.006878
tent,param,3,5,0.05,2,1.000e-02,17,-0.941357,0.800232,-0.000780,0.007177
tent,param,3,5,0.05,2,1.000e-02,18,-0.938472,0.802307,-0.013790,-0.000618
tent,param,3,5,0.05,2,1.000e-02,19,-0.943459,0.800781,-0.004348,0.015047
tent,param,3,5,0.05,2,1.000e-02,20,-0.941640,0.800720,0.003679,0.002413
tent,param,3,5,0.05,2,1.000e-02,21,-0.937626,0.803589,0.005024,-0.004803
tent,param,3,5,0.05,2,1.000e-02,22,-0.939221,0.802795,-0.001131,-0.006322
tent,param,3,5,0.05,2,1.000e-02,23,-0.945998,0.798462,0.000380,-0.000986
tent,param,3,5,0.05,2,1.000e-02,24,-0.937295,0.803528,-0.008077,0.004895
tent,param,3,5,0.05,2,1.000e-02,25,-0.933608,0.806030,-0.009581,-0.017051
tent,param,3,5,0.05,2,1.000e-02,26,-0.935862,0.804260,-0.007297,-0.008503
tent,param,3,5,0.05,2,1.000e-02,27,-0.945918,0.799561,0.002784,-0.001689
tent,param,3,5,0.05,2,1.000e-02,28,-0.951069,0.796143,0.006753,0.008060
tent,param,3,5,0.05,2,1.000e-02,29,-0.941625,0.803467,-0.007654,-0.004343
tent,param,3,5,0.05,2,1.000e-02,30,-0.951388,0.795410,0.003518,0.009045
tent,param,3,5,0.05,2,1.000e-02,31,-0.947026,0.797852,-0.007575,0.007358
tent,param,3,5,0.05,2,1.000e-02,32,-0.939582,0.801941,0.005313,-0.002134
tent,param,3,5,0.05,2,1.000e-02,33,-0.940039,0.798950,0.001419,-0.005712
tent,param,3,5,0.05,2,1.000e-02,34,-0.945843,0.797180,0.003241,-0.005974
tent,param,3,5,0.05,2,1.000e-02,35,-0.949343,0.792603,0.007828,0.009247
tent,param,3,5,0.05,2,1.000e-02,36,-0.952585,0.798767,0.018159,0.011194
tent,param,3,5,0.05,2,1.000e-02,37,-0.944290,0.798340,0.006245,-0.001324
tent,param,3,5,0.05,2,1.000e-02,38,-0.938405,0.802185,-0.001157,-0.006823
tent,param,3,5,0.05,2,1.000e-02,39,-0.939626,0.802795,-0.007043,0.002634
tent,param,3,5,0.05,2,1.000e-02,40,-0.943759,0.799683,-0.011410,0.014799
tent,param,3,5,0.05,2,1.000e-02,41,-0.938265,0.802856,-0.001906,-0.004141
tent,param,3,5,0.05,2,1.000e-02,42,-0.943734,0.799866,0.001133,-0.003849
tent,param,3,5,0.05,2,1.000e-02,43,-0.942795,0.802307,0.000555,-0.004426
tent,param,3,5,0.05,2,1.000e-02,44,-0.946739,0.797974,0.008321,-0.001548
tent,param,3,5,0.05,2,1.000e-02,45,-0.946719,0.797607,0.006414,-0.000720
tent,param,3,5,0.05,2,1.000e-02,46,-0.943184,0.800049,0.010491,0.005307
tent,param,3,5,0.05,2,1.000e-02,47,-0.948492,0.798767,0.009591,-0.000185
tent,param,3,5,0.05,2,1.000e-02,48,-0.939283,0.804504,-0.006748,-0.008354
tent,param,3,5,0.05,2,1.000e-02,49,-0.943902,0.799133,-0.014136,-0.000464
tent,param,3,5,0.05,2,1.000e-02,50,-0.945452,0.797302,0.015398,-0.000204
tent,param,3,5,0.05,2,1.000e-02,51,-0.939912,0.802917,0.005137,-0.000886
tent,param,3,5,0.05,2,1.000e-02,52,-0.940526,0.796936,-0.005516,-0.008307
tent,param,3,5,0.05,2,1.000e-02,53,-0.942483,0.800049,0.002709,-0.006586
tent,param,3,5,0.05,2,1.000e-02,54,-0.947848,0.795288,-0.004731,0.005743
tent,param,3,5,0.05,2,1.000e-02,55,-0.942936,0.799988,0.002396,-0.001390
tent,param,3,5,0.05,2,1.000e-02,56,-0.938645,0.801636,0.006661,-0.005591
tent,param,3,5,0.05,2,1.000e-02,57,-0.938015,0.801941,0.003872,-0.013490
tent,param,3,5,0.05,2,1.000e-02,58,-0.945543,0.797180,-0.011813,0.005498
tent,param,3,5,0.05,2,1.000e-02,59,-0.951639,0.794250,0.004109,0.011836
tent,param,3,5,0.05,2,1.000e-02,60,-0.949636,0.793640,0.014931,-0.006103
tent,param,3,5,0.05,2,1.000e-02,61,-0.949271,0.796570,0.014674,0.014057
tent,param,3,5,0.05,2,1.000e-02,62,-0.941384,0.802429,0.013497,-0.008604
tent,param,3,5,0.05,2,1.000e-02,63,-0.941780,0.802246,0.005108,0.004594
tent,param,3,5,0.05,2,1.000e-02,64,-0.944315,0.798218,-0.006553,-0.006029
tent,param,3,5,0.05,2,1.000e-02,65,-0.945361,0.798096,0.005070,-0.005715
tent,param,3,5,0.05,2,1.000e-02,66,-0.941969,0.801514,-0.006680,0.007411
tent,param,3,5,0.05,2,1.000e-02,67,-0.942146,0.803528,-0.006625,0.011594
tent,param,3,5,0.05,2,1.000e-02,68,-0.938873,0.800049,-0.005675,0.000928
tent,param,3,5,0.05,2,1.000e-02,69,-0.942161,0.800110,-0.010138,0.001836
tent,param,3,5,0.05,2,1.000e-02,70,-0.950950,0.798584,0.001040,0.002345
tent,param,3,5,0.05,2,1.000e-02,71,-0.946896,0.799927,0.010617,0.000842
tent,param,3,5,0.05,2,1.000e-02,72,-0.945944,0.800171,0.001722,0.014958
tent,param,3,5,0.05,2,1.000e-02,73,-0.945366,0.799866,0.009707,0.015810
tent,param,3,5,0.05,2,1.000e-02,74,-0.940616,0.802734,-0.000023,-0.000684
tent,param,3,5,0.05,2,1.000e-02,75,-0.936168,0.807251,-0.010309,-0.006889
tent,param,3,5,0.05,2,1.000e-02,76,-0.931539,0.803650,-0.011555,-0.005913
tent,param,3,5,0.05,2,1.000e-02,77,-0.934334,0.803589,-0.010643,0.002177
tent,param,3,5,0.05,2,1.000e-02,78,-0.945992,0.803162,0.007985,0.007214
tent,param,3,5,0.05,2,1.000e-02,79,-0.939610,0.797241,-0.004382,0.001507
tent,param,3,5,0.05,2,1.000e-02,80,-0.933956,0.802856,-0.013023,0.000737
tent,param,3,5,0.05,2,1.000e-02,81,-0.937648,0.802795,-0.000891,-0.007812
tent,param,3,5,0.05,2,1.000e-02,82,-0.943556,0.801025,-0.002577,0.000320
tent,param,3,5,0.05,2,1.000e-02,83,-0.939401,0.801392,-0.007250,-0.002453
tent,param,3,5,0.05,2,1.000e-02,84,-0.940357,0.801147,-0.016909,0.005248
tent,param,3,5,0.05,2,1.000e-02,85,-0.943534,0.799255,0.010489,-0.006155
tent,param,3,5,0.05,2,1.000e-02,86,-0.950705,0.796326,0.010610,0.014759
tent,param,3,5,0.05,2,1.000e-02,87,-0.948192,0.800842,0.003311,-0.000026
tent,param,3,5,0.05,2,1.000e-02,88,-0.953285,0.794983,0.008420,0.012622
tent,param,3,5,0.05,2,1.000e-02,89,-0.944025,0.800659,-0.006077,0.001806
tent,param,3,5,0.05,2,1.000e-02,90,-0.946677,0.799438,0.007898,0.001308
tent,param,3,5,0.05,2,1.000e-02,91,-0.944163,0.800781,0.007915,0.001027
tent,param,3,5,0.05,2,1.000e-02,92,-0.940632,0.800659,0.002836,-0.008727
tent,param,3,5,0.05,2,1.000e-02,93,-0.945872,0.797363,-0.009946,0.008619
tent,param,3,5,0.05,2,1.000e-02,94,-0.946887,0.797974,-0.003212,0.008648
tent,param,3,5,0.05,2,1.000e-02,95,-0.943783,0.797363,-0.006643,0.004658
tent,param,3,5,0.05,2,1.000e-02,96,-0.941382,0.798157,-0.004342,-0.004040
tent,param,3,5,0.05,2,1.000e-02,97,-0.944367,0.800354,0.009822,-0.005910
tent,param,3,5,0.05,2,1.000e-02,98,-0.937177,0.799316,0.006434,-0.013090
tent,param,3,5,0.05,2,1.000e-02,99,-0.934872,0.801941,-0.006246,-0.016689
tent,param,3,5,0.05,2,1.000e-02,100,-0.940857,0.803955,-0.013182,-0.000377
tent,param,3,5,0.05,2,1.000e-02,101,-0.946313,0.795166,-0.002686,-0.000133
tent,param,3,5,0.05,2,1.000e-02,102,-0.945401,0.800659,0.003215,0.014625
tent,param,3,5,0.05,2,1.000e-02,103,-0.945855,0.797058,0.005698,-0.008684
tent,param,3,5,0.05,2,1.000e-02,104,-0.948327,0.794861,0.004764,0.017215
tent,param,3,5,0.05,2,1.000e-02,105,-0.946296,0.799500,0.003278,0.015893
tent,param,3,5,0.05,2,1.000e-02,106,-0.943772,0.800049,-0.000977,-0.002877
tent,param,3,5,0.05,2,1.000e-02,107,-0.951001,0.798401,0.010283,0.008105
tent,param,3,5,0.05,2,1.000e-02,108,-0.949316,0.802551,0.004693,0.005460
tent,param,3,5,0.05,2,1.000e-02,109,-0.945710,0.800232,-0.010083,-0.005569
tent,param,3,5,0.05,2,1.000e-02,110,-0.938553,0.805237,-0.011709,-0.003521
tent,param,3,5,0.05,2,1.000e-02,111,-0.943348,0.796204,-0.000396,0.003038
tent,param,3,5,0.05,2,1.000e-02,112,-0.949421,0.797729,0.012276,-0.000025
tent,param,3,5,0.05,2,1.000e-02,113,-0.943460,0.798401,0.000572,0.008722
tent,param,3,5,0.05,2,1.000e-02,114,-0.941315,0.798523,-0.008160,0.001539
tent,param,3,5,0.05,2,1.000e-02,115,-0.941968,0.803406,0.006812,0.007437
tent,param,3,5,0.05,2,1.000e-02,116,-0.945289,0.797302,0.007069,0.001161
tent,param,3,5,0.05,2,1.000e-02,117,-0.950648,0.797852,0.009858,0.004419
tent,param,3,5,0.05,2,1.000e-02,118,-0.946189,0.799316,0.010372,-0.000391
tent,param,3,5,0.05,2,1.000e-02,119,-0.942577,0.802307,-0.007899,0.005006
tent,param,3,5,0.05,2,1.000e-02,120,-0.951739,0.799561,0.002140,0.005805
tent,param,3,5,0.05,2,1.000e-02,121,-0.940403,0.803040,-0.016858,0.002036
tent,param,3,5,0.05,2,1.000e-02,122,-0.946062,0.795959,-0.001121,0.002383
tent,param,3,5,0.05,2,1.000e-02,123,-0.950697,0.798706,-0.001646,0.009696
tent,param,3,5,0.05,2,1.000e-02,124,-0.945527,0.796265,-0.003536,0.003214
tent,param,3,5,0.05,2,1.000e-02,125,-0.951932,0.793274,-0.000183,0.008298
tent,param,3,5,0.05,2,1.000e-02,126,-0.948130,0.796265,-0.004860,0.016844
tent,param,3,5,0.05,2,1.000e-02,127,-0.946969,0.801025,0.020816,-0.001204
tent,param,3,5,0.05,2,1.000e-02,128,-0.935633,0.805237,-0.005412,-0.008963
tent,param,3,5,0.05,2,1.000e-02,129,-0.934192,0.804016,-0.001698,-0.006227
tent,param,3,5,0.05,2,1.000e-02,130,-0.939803,0.801697,-0.015785,0.012795
tent,param,3,5,0.05,2,1.000e-02,131,-0.944653,0.798462,-0.011609,-0.002557
tent,param,3,5,0.05,2,1.000e-02,132,-0.947896,0.797119,-0.001470,0.005572
tent,param,3,5,0.05,2,1.000e-02,133,-0.947171,0.794189,0.000476,0.005949
tent,param,3,5,0.05,2,1.000e-02,134,-0.948104,0.802002,0.003511,0.004008
tent,param,3,5,0.05,2,1.000e-02,135,-0.946853,0.794617,0.000902,0.007116
tent,param,3,5,0.05,2,1.000e-02,136,-0.944347,0.799866,0.004265,-0.002511
tent,param,3,5,0.05,2,1.000e-02,137,-0.940165,0.802307,-0.014315,0.001600
tent,param,3,5,0.05,2,1.000e-02,138,-0.946729,0.799316,0.011767,0.007341
tent,param,3,5,0.05,2,1.000e-02,139,-0.942305,0.798645,0.000445,0.008186
tent,param,3,5,0.05,2,1.000e-02,140,-0.940261,0.800293,-0.004700,0.006301
tent,param,3,5,0.05,2,1.000e-02,141,-0.942778,0.800476,-0.004550,-0.008103
tent,param,3,5,0.05,2,1.000e-02,142,-0.938567,0.802368,-0.007893,0.005790
tent,param,3,5,0.05,2,1.000e-02,143,-0.944771,0.800903,-0.001139,0.000377
tent,param,3,5,0.05,2,1.000e-02,144,-0.940963,0.801086,0.012540,-0.000336
tent,param,3,5,0.05,2,1.000e-02,145,-0.931332,0.808960,0.002860,-0.016203
tent,param,3,5,0.05,2,1.000e-02,146,-0.937342,0.805237,0.003578,0.000030
tent,param,3,5,0.05,2,1.000e-02,147,-0.934606,0.802551,-0.004633,-0.007802
tent,param,3,5,0.05,2,1.000e-02,148,-0.940500,0.799561,0.002596,0.000844
tent,param,3,5,0.05,2,1.000e-02,149,-0.934512,0.807434,-0.003963,0.001741
tent,param,3,5,0.05,2,1.000e-02,150,-0.938889,0.801453,-0.000956,-0.014711
tent,param,3,5,0.05,2,1.000e-02,151,-0.951857,0.793762,0.021445,-0.003746
tent,param,3,5,0.05,2,1.000e-02,152,-0.946545,0.800842,0.008659,0.002197
tent,param,3,5,0.05,2,1.000e-02,153,-0.942176,0.801697,0.009437,0.008634
tent,param,3,5,0.05,2,1.000e-02,154,-0.942123,0.796021,0.001526,-0.006203
tent,param,3,5,0.05,2,1.000e-02,155,-0.940657,0.803833,0.002134,-0.004299
tent,param,3,5,0.05,2,1.000e-02,156,-0.942654,0.798401,-0.001927,-0.010458
tent,param,3,5,0.05,2,1.000e-02,157,-0.943127,0.798157,0.012825,-0.008552
tent,param,3,5,0.05,2,1.000e-02,158,-0.944629,0.796143,-0.003216,0.009675
tent,param,3,5,0.05,2,1.000e-02,159,-0.939638,0.799561,-0.009818,0.010060
tent,param,3,5,0.05,2,1.000e-02,160,-0.937966,0.802429,-0.003916,0.002216
tent,param,3,5,0.05,2,1.000e-02,161,-0.937891,0.802490,-0.000307,-0.003679
tent,param,3,5,0.05,2,1.000e-02,162,-0.933671,0.802490,-0.015619,-0.007256
tent,param,3,5,0.05,2,1.000e-02,163,-0.942449,0.800659,0.003016,-0.000254
tent,param,3,5,0.05,2,1.000e-02,164,-0.943998,0.799744,-0.003251,0.000148
tent,param,3,5,0.05,2,1.000e-02,165,-0.942910,0.797974,0.001699,0.002948
tent,param,3,5,0.05,2,1.000e-02,166,-0.948473,0.796326,0.011861,-0.002919
tent,param,3,5,0.05,2,1.000e-02,167,-0.944682,0.801331,0.000892,0.007671
tent,param,3,5,0.05,2,1.000e-02,168,-0.939836,0.803284,-0.002968,-0.001141
tent,param,3,5,0.05,2,1.000e-02,169,-0.946869,0.795532,-0.001418,0.001051
tent,param,3,5,0.05,2,1.000e-02,170,-0.946601,0.800415,0.009728,0.000340
tent,param,3,5,0.05,2,1.000e-02,171,-0.947144,0.797302,-0.002272,0.019730
tent,param,3,5,0.05,2,1.000e-02,172,-0.942618,0.803406,-0.007416,-0.004680
tent,param,3,5,0.05,2,1.000e-02,173,-0.938261,0.803101,-0.004824,0.002784
tent,param,3,5,0.05,2,1.000e-02,174,-0.938594,0.801270,0.000586,-0.006228
tent,param,3,5,0.05,2,1.000e-02,175,-0.947499,0.799988,0.001796,0.005353
tent,param,3,5,0.05,2,1.000e-02,176,-0.943637,0.799622,0.004088,-0.004264
tent,param,3,5,0.05,2,1.000e-02,177,-0.939186,0.799072,0.000757,-0.007008
tent,param,3,5,0.05,2,1.000e-02,178,-0.941195,0.800964,0.013060,-0.006923
tent,param,3,5,0.05,2,1.000e-02,179,-0.934799,0.803223,-0.013589,-0.005295
tent,param,3,5,0.05,2,1.000e-02,180,-0.942694,0.801880,0.001589,0.003506
tent,param,3,5,0.05,2,1.000e-02,181,-0.941271,0.799255,-0.001198,-0.001617
tent,param,3,5,0.05,2,1.000e-02,182,-0.941875,0.799683,0.001202,0.004491
tent,param,3,5,0.05,2,1.000e-02,183,-0.944550,0.799194,-0.009788,0.017956
tent,param,3,5,0.05,2,1.000e-02,184,-0.943022,0.799500,0.007873,0.000249
tent,param,3,5,0.05,2,1.000e-02,185,-0.951897,0.798462,0.010220,0.012409
tent,param,3,5,0.05,2,1.000e-02,186,-0.951868,0.795227,0.006445,0.003556
tent,param,3,5,0.05,2,1.000e-02,187,-0.953578,0.796936,0.021051,0.004633
tent,param,3,5,0.05,2,1.000e-02,188,-0.944247,0.800049,-0.000043,-0.002817
tent,param,3,5,0.05,2,1.000e-02,189,-0.944374,0.799622,0.007008,0.005628
tent,param,3,5,0.05,2,1.000e-02,190,-0.937950,0.804871,-0.011858,0.001689
tent,param,3,5,0.05,2,1.000e-02,191,-0.937218,0.800964,-0.006978,-0.003241
tent,param,3,5,0.05,2,1.000e-02,192,-0.947357,0.796692,0.012454,-0.000631
tent,param,3,5,0.05,2,1.000e-02,193,-0.941597,0.801941,-0.003217,0.014353
tent,param,3,5,0.05,2,1.000e-02,194,-0.940197,0.800781,-0.005284,0.001930
tent,param,3,5,0.05,2,1.000e-02,195,-0.940486,0.798401,0.009852,-0.007622
tent,param,3,5,0.05,2,1.000e-02,196,-0.948332,0.797729,-0.000728,-0.005612
tent,param,3,5,0.05,2,1.000e-02,197,-0.945268,0.801270,0.006476,0.004886
tent,param,3,5,0.05,2,1.000e-02,198,-0.941015,0.801514,0.004284,0.001026
tent,param,3,5,0.05,2,1.000e-02,199,-0.943417,0.798828,-0.006687,0.001118
tent,param,3,5,0.05,2,1.000e-02,200,-0.955893,0.794250,0.004825,0.011935
tent,param,3,5,0.05,2,1.000e-02,201,-0.950716,0.795166,-0.005471,0.017251
tent,param,3,5,0.05,2,1.000e-02,202,-0.949051,0.793640,-0.012617,0.013337
tent,param,3,5,0.05,2,1.000e-02,203,-0.941057,0.799622,-0.000517,-0.003397
tent,param,3,5,0.05,2,1.000e-02,204,-0.944247,0.799866,0.011520,-0.003489
tent,param,3,5,0.05,2,1.000e-02,205,-0.946090,0.797058,0.003517,0.006836
tent,param,3,5,0.05,2,1.000e-02,206,-0.945650,0.800354,-0.003821,0.007598
tent,param,3,5,0.05,2,1.000e-02,207,-0.938446,0.802551,-0.004679,-0.003771
tent,param,3,5,0.05,2,1.000e-02,208,-0.943208,0.800232,0.005975,-0.004721
tent,param,3,5,0.05,2,1.000e-02,209,-0.949467,0.795471,0.005780,0.007224
tent,param,3,5,0.05,2,1.000e-02,210,-0.945916,0.797363,0.000031,0.008814
tent,param,3,5,0.05,2,1.000e-02,211,-0.946291,0.799133,0.005283,-0.002571
tent,param,3,5,0.05,2,1.000e-02,212,-0.943981,0.797974,0.000645,-0.006194
tent,param,3,5,0.05,2,1.000e-02,213,-0.944830,0.797852,0.014686,0.000337
tent,param,3,5,0.05,2,1.000e-02,214,-0.950287,0.797241,0.008017,0.002487
tent,param,3,5,0.05,2,1.000e-02,215,-0.952276,0.795227,-0.000178,-0.002378
tent,param,3,5,0.05,2,1.000e-02,216,-0.944454,0.797913,-0.001384,-0.003825
tent,param,3,5,0.05,2,1.000e-02,217,-0.938101,0.803162,-0.000169,0.000920
tent,param,3,5,0.05,2,1.000e-02,218,-0.948402,0.795654,0.007800,-0.001989
tent,param,3,5,0.05,2,1.000e-02,219,-0.947613,0.800537,0.006750,0.006562
tent,param,3,5,0.05,2,1.000e-02,220,-0.946844,0.796692,-0.004567,-0.006108
tent,param,3,5,0.05,2,1.000e-02,221,-0.944301,0.799072,0.003456,-0.008252
tent,param,3,5,0.05,2,1.000e-02,222,-0.951054,0.794678,0.003542,0.005350
tent,param,3,5,0.05,2,1.000e-02,223,-0.944596,0.796753,0.001049,0.011405
tent,param,3,5,0.05,2,1.000e-02,224,-0.937669,0.802124,0.009632,-0.003272
tent,param,3,5,0.05,2,1.000e-02,225,-0.936701,0.804443,-0.010989,0.000030
tent,param,3,5,0.05,2,1.000e-02,226,-0.947323,0.796814,0.000989,-0.001110
tent,param,3,5,0.05,2,1.000e-02,227,-0.944050,0.802307,-0.000014,0.001652
tent,param,3,5,0.05,2,1.000e-02,228,-0.940026,0.799683,-0.015241,0.003803
tent,param,3,5,0.05,2,1.000e-02,229,-0.941992,0.801514,-0.011148,0.007477
tent,param,3,5,0.05,2,1.000e-02,230,-0.944453,0.801086,0.002632,-0.001641
tent,param,3,5,0.05,2,1.000e-02,231,-0.940032,0.801331,-0.002866,0.001618
tent,param,3,5,0.05,2,1.000e-02,232,-0.932338,0.805481,-0.014781,-0.003521
tent,param,3,5,0.05,2,1.000e-02,233,-0.938147,0.803528,-0.007293,0.019704
tent,param,3,5,0.05,2,1.000e-02,234,-0.936255,0.803223,-0.017762,-0.005896
tent,param,3,5,0.05,2,1.000e-02,235,-0.938036,0.801392,-0.002154,-0.006525
tent,param,3,5,0.05,2,1.000e-02,236,-0.938688,0.805115,0.004217,0.013551
tent,param,3,5,0.05,2,1.000e-02,237,-0.946616,0.797913,-0.017524,0.003334
tent,param,3,5,0.05,2,1.000e-02,238,-0.949983,0.792908,0.009773,0.000383
tent,param,3,5,0.05,2,1.000e-02,239,-0.941297,0.801636,0.004473,0.005666
tent,param,3,5,0.05,2,1.000e-02,240,-0.942983,0.800293,0.008988,0.006324
tent,param,3,5,0.05,2,1.000e-02,241,-0.950571,0.795471,-0.003005,0.017220
tent,param,3,5,0.05,2,1.000e-02,242,-0.945072,0.798157,-0.003155,0.010344
tent,param,3,5,0.05,2,1.000e-02,243,-0.941429,0.802429,0.003656,0.000512
tent,param,3,5,0.05,2,1.000e-02,244,-0.945999,0.798523,0.007716,-0.000217
tent,param,3,5,0.05,2,1.000e-02,245,-0.939643,0.802917,-0.015468,0.010116
tent,param,3,5,0.05,2,1.000e-02,246,-0.944674,0.798462,-0.000318,-0.000136
tent,param,3,5,0.05,2,1.000e-02,247,-0.942802,0.802246,0.014582,-0.006841
tent,param,3,5,0.05,2,1.000e-02,248,-0.933161,0.804199,-0.013406,0.000278
tent,param,3,5,0.05,2,1.000e-02,249,-0.930312,0.806580,-0.000431,-0.015897
tent,param,3,5,0.05,2,1.000e-02,250,-0.933769,0.803772,-0.002768,-0.008090
tent,param,3,5,0.05,2,1.000e-02,251,-0.934245,0.800171,-0.014959,0.004318
tent,param,3,5,0.05,2,1.000e-02,252,-0.943179,0.802246,0.008099,0.008347
tent,param,3,5,0.05,2,1.000e-02,253,-0.947491,0.799561,0.008116,0.001404
tent,param,3,5,0.05,2,1.000e-02,254,-0.940735,0.799438,-0.003792,0.005053
tent,param,3,5,0.05,2,1.000e-02,255,-0.931769,0.804626,0.001250,-0.014958
tent,param,3,5,0.05,2,1.000e-02,256,-0.940105,0.803772,-0.001403,-0.008259
tent,param,3,5,0.05,2,1.000e-02,257,-0.951172,0.795715,-0.005704,0.005337
tent,param,3,5,0.05,2,1.000e-02,258,-0.944387,0.797607,0.004830,-0.001978
tent,param,3,5,0.05,2,1.000e-02,259,-0.933602,0.804810,-0.016602,-0.002277
tent,param,3,5,0.05,2,1.000e-02,260,-0.945759,0.800537,-0.005188,0.008244
tent,param,3,5,0.05,2,1.000e-02,261,-0.939059,0.803711,0.004189,0.000337
tent,param,3,5,0.05,2,1.000e-02,262,-0.941597,0.803772,0.006685,-0.017272
tent,param,3,5,0.05,2,1.000e-02,263,-0.937028,0.799744,-0.008388,-0.016906
tent,param,3,5,0.05,2,1.000e-02,264,-0.944289,0.798645,-0.002034,0.006479
tent,param,3,5,0.05,2,1.000e-02,265,-0.945085,0.798706,-0.004633,-0.000625
tent,param,3,5,0.05,2,1.000e-02,266,-0.950224,0.796692,0.002331,0.010935
tent,param,3,5,0.05,2,1.000e-02,267,-0.941013,0.802368,0.000458,0.002100
tent,param,3,5,0.05,2,1.000e-02,268,-0.946638,0.793457,-0.000805,-0.004233
tent,param,3,5,0.05,2,1.000e-02,269,-0.946425,0.797546,0.014381,0.008486
tent,param,3,5,0.05,2,1.000e-02,270,-0.942206,0.800720,0.012998,0.001498
tent,param,3,5,0.05,2,1.000e-02,271,-0.937347,0.803101,-0.014548,-0.003737
tent,param,3,5,0.05,2,1.000e-02,272,-0.942293,0.800842,-0.000585,0.003632
tent,param,3,5,0.05,2,1.000e-02,273,-0.947724,0.796387,0.010965,0.004279
tent,param,3,5,0.05,2,1.000e-02,274,-0.944009,0.802917,0.004984,-0.003464
tent,param,3,5,0.05,2,1.000e-02,275,-0.940431,0.802551,-0.005881,-0.005174
tent,param,3,5,0.05,2,1.000e-02,276,-0.940565,0.801758,-0.010173,-0.002320
tent,param,3,5,0.05,2,1.000e-02,277,-0.940727,0.801697,-0.006054,0.008814
tent,param,3,5,0.05,2,1.000e-02,278,-0.949241,0.795288,0.012231,-0.002240
tent,param,3,5,0.05,2,1.000e-02,279,-0.947007,0.798340,0.011806,-0.001459
tent,param,3,5,0.05,2,1.000e-02,280,-0.939956,0.802795,-0.010215,-0.003555
tent,param,3,5,0.05,2,1.000e-02,281,-0.940738,0.801147,-0.012470,0.003382
tent,param,3,5,0.05,2,1.000e-02,282,-0.943773,0.797302,-0.002732,-0.010543
tent,param,3,5,0.05,2,1.000e-02,283,-0.938822,0.804077,-0.009890,-0.002038
tent,param,3,5,0.05,2,1.000e-02,284,-0.937988,0.800659,-0.003409,0.000998
tent,param,3,5,0.05,2,1.000e-02,285,-0.943081,0.798706,0.000061,-0.008000
tent,param,3,5,0.05,2,1.000e-02,286,-0.945484,0.797913,-0.002308,0.001073
tent,param,3,5,0.05,2,1.000e-02,287,-0.946420,0.796387,-0.007552,0.006261
tent,param,3,5,0.05,2,1.000e-02,288,-0.946092,0.796265,0.007926,-0.002020
tent,param,3,5,0.05,2,1.000e-02,289,-0.946757,0.796570,0.011708,-0.010159
tent,param,3,5,0.05,2,1.000e-02,290,-0.941336,0.798523,0.000149,-0.003471
tent,param,3,5,0.05,2,1.000e-02,291,-0.950675,0.794861,0.014784,0.002247
tent,param,3,5,0.05,2,1.000e-02,292,-0.948833,0.795227,0.004640,0.014469
tent,param,3,5,0.05,2,1.000e-02,293,-0.948502,0.801147,0.001753,0.016006
tent,param,3,5,0.05,2,1.000e-02,294,-0.931377,0.807312,-0.013683,-0.009337
tent,param,3,5,0.05,2,1.000e-02,295,-0.936273,0.804565,-0.002803,-0.014229
tent,param,3,5,0.05,2,1.000e-02,296,-0.935894,0.802612,-0.018017,0.005129
tent,param,3,5,0.05,2,1.000e-02,297,-0.942969,0.800720,-0.001197,-0.005234
tent,param,3,5,0.05,2,1.000e-02,298,-0.950921,0.796631,0.006328,0.007975
tent,param,3,5,0.05,2,1.000e-02,299,-0.941803,0.801331,-0.000137,-0.002880
tent,param,3,5,0.05,2,1.000e-02,300,-0.940792,0.801208,0.001461,-0.008615
tent,param,3,5,0.05,2,1.000e-02,301,-0.946989,0.799561,0.004474,-0.006136
tent,param,3,5,0.05,2,1.000e-02,302,-0.941401,0.797607,0.005812,-0.008020
tent,param,3,5,0.05,2,1.000e-02,303,-0.945176,0.796875,0.005884,-0.006816
tent,param,3,5,0.05,2,1.000e-02,304,-0.943888,0.803894,0.008834,-0.000978
tent,param,3,5,0.05,2,1.000e-02,305,-0.940744,0.799805,-0.001457,-0.012126
tent,param,3,5,0.05,2,1.000e-02,306,-0.941695,0.803467,0.001732,-0.002885
tent,param,3,5,0.05,2,1.000e-02,307,-0.937209,0.800842,-0.007454,-0.009761
tent,param,3,5,0.05,2,1.000e-02,308,-0.943700,0.796570,0.007037,-0.000617
tent,param,3,5,0.05,2,1.000e-02,309,-0.942037,0.801331,-0.000462,0.002184
tent,param,3,5,0.05,2,1.000e-02,310,-0.934679,0.805359,-0.008796,-0.001415
tent,param,3,5,0.05,2,1.000e-02,311,-0.943229,0.800964,0.007117,0.000143
tent,param,3,5,0.05,2,1.000e-02,312,-0.940031,0.801086,-0.002786,-0.006790
tent,param,3,5,0.05,2,1.000e-02,313,-0.946970,0.800110,-0.005325,0.012864
tent,param,3,5,0.05,2,1.000e-02,314,-0.953982,0.796143,-0.001844,0.019142
tent,param,3,5,0.05,2,1.000e-02,315,-0.942249,0.801025,-0.016579,0.010544
tent,param,3,5,0.05,2,1.000e-02,316,-0.944696,0.800415,0.008236,0.003352
tent,param,3,5,0.05,2,1.000e-02,317,-0.936511,0.801941,0.009171,-0.000973
tent,param,3,5,0.05,2,1.000e-02,318,-0.940688,0.796326,-0.015588,0.000206
tent,param,3,5,0.05,2,1.000e-02,319,-0.951651,0.798340,0.003263,0.007710
tent,param,3,5,0.05,2,1.000e-02,320,-0.938267,0.802307,0.000518,-0.001382
tent,param,3,5,0.05,2,1.000e-02,321,-0.939503,0.800049,-0.004900,0.007559
tent,param,3,5,0.05,2,1.000e-02,322,-0.941740,0.799683,-0.003141,-0.005101
tent,param,3,5,0.05,2,1.000e-02,323,-0.937066,0.803467,0.001645,-0.012913
tent,param,3,5,0.05,2,1.000e-02,324,-0.938625,0.804321,0.004754,-0.010264
tent,param,3,5,0.05,2,1.000e-02,325,-0.938563,0.801758,-0.015621,-0.010400
tent,param,3,5,0.05,2,1.000e-02,326,-0.948519,0.794922,0.002202,0.002781
tent,param,3,5,0.05,2,1.000e-02,327,-0.935651,0.802612,0.002076,-0.009967
tent,param,3,5,0.05,2,1.000e-02,328,-0.939211,0.800903,-0.007332,0.002504
tent,param,3,5,0.05,2,1.000e-02,329,-0.939586,0.803772,-0.007858,0.002953
tent,param,3,5,0.05,2,1.000e-02,330,-0.937753,0.799194,-0.007490,-0.001034
tent,param,3,5,0.05,2,1.000e-02,331,-0.946612,0.797241,-0.005990,0.004464
tent,param,3,5,0.05,2,1.000e-02,332,-0.947017,0.797058,0.000481,0.008685
tent,param,3,5,0.05,2,1.000e-02,333,-0.948705,0.796936,-0.003694,0.003809
tent,param,3,5,0.05,2,1.000e-02,334,-0.947512,0.796204,0.017399,0.005496
tent,param,3,5,0.05,2,1.000e-02,335,-0.946762,0.797485,0.024495,0.000587
tent,param,3,5,0.05,2,1.000e-02,336,-0.941827,0.801147,0.002458,0.008431
tent,param,3,5,0.05,2,1.000e-02,337,-0.938578,0.801147,-0.006796,-0.012467
tent,param,3,5,0.05,2,1.000e-02,338,-0.952220,0.793396,0.008319,0.010855
tent,param,3,5,0.05,2,1.000e-02,339,-0.943751,0.799194,-0.007830,0.014964
tent,param,3,5,0.05,2,1.000e-02,340,-0.951872,0.793274,0.013182,0.004210
tent,param,3,5,0.05,2,1.000e-02,341,-0.944381,0.797668,0.006226,0.008053
tent,param,3,5,0.05,2,1.000e-02,342,-0.940099,0.800415,0.007026,-0.007743
tent,param,3,5,0.05,2,1.000e-02,343,-0.944847,0.798889,-0.005562,-0.004195
tent,param,3,5,0.05,2,1.000e-02,344,-0.947425,0.795898,0.001727,0.003607
tent,param,3,5,0.05,2,1.000e-02,345,-0.948571,0.798645,0.006619,0.018059
tent,param,3,5,0.05,2,1.000e-02,346,-0.937960,0.799194,-0.002594,-0.008450
tent,param,3,5,0.05,2,1.000e-02,347,-0.939940,0.800293,-0.006660,-0.004665
tent,param,3,5,0.05,2,1.000e-02,348,-0.943128,0.800110,-0.005880,0.010597
tent,param,3,5,0.05,2,1.000e-02,349,-0.945725,0.799377,0.012980,0.004630
tent,param,3,5,0.05,2,1.000e-02,350,-0.946420,0.798279,-0.001819,0.009928
tent,param,3,5,0.05,2,1.000e-02,351,-0.941443,0.802612,-0.000910,0.005493
tent,param,3,5,0.05,2,1.000e-02,352,-0.942381,0.801575,0.008711,0.004145
tent,param,3,5,0.05,2,1.000e-02,353,-0.929471,0.805481,-0.022202,-0.011963
tent,param,3,5,0.05,2,1.000e-02,354,-0.942539,0.801392,0.003494,-0.006600
tent,param,3,5,0.05,2,1.000e-02,355,-0.939952,0.803772,-0.009036,0.006287
tent,param,3,5,0.05,2,1.000e-02,356,-0.939940,0.802673,0.008111,-0.008681
tent,param,3,5,0.05,2,1.000e-02,357,-0.937120,0.802795,0.001851,-0.012117
tent,param,3,5,0.05,2,1.000e-02,358,-0.942573,0.801270,-0.006796,-0.008061
tent,param,3,5,0.05,2,1.000e-02,359,-0.945043,0.799316,0.001967,-0.002340
tent,param,3,5,0.05,2,1.000e-02,360,-0.942122,0.797180,0.001464,-0.006036
tent,param,3,5,0.05,2,1.000e-02,361,-0.945683,0.801208,0.008112,0.010030
tent,param,3,5,0.05,2,1.000e-02,362,-0.945236,0.800171,0.006465,0.003829
tent,param,3,5,0.05,2,1.000e-02,363,-0.939670,0.797302,-0.001590,-0.001171
tent,param,3,5,0.05,2,1.000e-02,364,-0.943855,0.799927,0.006402,0.009275
tent,param,3,5,0.05,2,1.000e-02,365,-0.935816,0.803223,-0.009142,0.009470
tent,param,3,5,0.05,2,1.000e-02,366,-0.939088,0.803040,0.001651,0.004127
tent,param,3,5,0.05,2,1.000e-02,367,-0.941247,0.803772,0.003534,-0.002787
tent,param,3,5,0.05,2,1.000e-02,368,-0.938415,0.800232,-0.011294,-0.004577
tent,param,3,5,0.05,2,1.000e-02,369,-0.942638,0.797974,-0.010827,0.007113
tent,param,3,5,0.05,2,1.000e-02,370,-0.946384,0.802490,-0.004496,0.014995
tent,param,3,5,0.05,2,1.000e-02,371,-0.943276,0.798523,0.009952,-0.011241
tent,param,3,5,0.05,2,1.000e-02,372,-0.953559,0.797913,0.005832,0.015401
tent,param,3,5,0.05,2,1.000e-02,373,-0.942951,0.797729,0.001578,0.002400
tent,param,3,5,0.05,2,1.000e-02,374,-0.945149,0.801208,0.005231,0.005701
tent,param,3,5,0.05,2,1.000e-02,375,-0.947092,0.799622,0.005581,-0.004226
tent,param,3,5,0.05,2,1.000e-02,376,-0.946095,0.797485,0.003375,0.006765
tent,param,3,5,0.05,2,1.000e-02,377,-0.945166,0.799255,0.001698,0.005705
tent,param,3,5,0.05,2,1.000e-02,378,-0.945176,0.796875,-0.017923,0.006699
tent,param,3,5,0.05,2,1.000e-02,379,-0.950892,0.793518,0.010371,0.016343
tent,param,3,5,0.05,2,1.000e-02,380,-0.940217,0.801636,0.001364,-0.003159
tent,param,3,5,0.05,2,1.000e-02,381,-0.942129,0.801880,-0.000671,-0.006303
tent,param,3,5,0.05,2,1.000e-02,382,-0.945393,0.798401,0.004917,-0.007957
tent,param,3,5,0.05,2,1.000e-02,383,-0.951323,0.795532,0.017191,0.005899
tent,param,3,5,0.05,2,1.000e-02,384,-0.947280,0.797791,0.003537,0.010686
tent,param,3,5,0.05,2,1.000e-02,385,-0.935465,0.804993,-0.002494,-0.010786
tent,param,3,5,0.05,2,1.000e-02,386,-0.943153,0.802002,-0.003071,-0.000329
tent,param,3,5,0.05,2,1.000e-02,387,-0.947505,0.796753,0.007411,0.004196
tent,param,3,5,0.05,2,1.000e-02,388,-0.939785,0.801941,-0.004086,-0.004030
tent,param,3,5,0.05,2,1.000e-02,389,-0.941680,0.799927,-0.000242,0.007440
tent,param,3,5,0.05,2,1.000e-02,390,-0.939283,0.801697,0.003719,-0.002411
tent,param,3,5,0.05,2,1.000e-02,391,-0.939233,0.800293,0.001846,-0.015070
tent,param,3,5,0.05,2,1.000e-02,392,-0.942054,0.804077,0.001372,0.002842
tent,param,3,5,0.05,2,1.000e-02,393,-0.937669,0.801270,-0.001640,-0.010484
tent,param,3,5,0.05,2,1.000e-02,394,-0.940394,0.801392,0.002826,-0.008643
tent,param,3,5,0.05,2,1.000e-02,395,-0.944090,0.797180,0.005099,0.001735
tent,param,3,5,0.05,2,1.000e-02,396,-0.943388,0.801575,0.009684,0.003044
tent,param,3,5,0.05,2,1.000e-02,397,-0.938022,0.803162,-0.000612,-0.002183
tent,param,3,5,0.05,2,1.000e-02,398,-0.939799,0.800537,0.002339,-0.007334
tent,param,3,5,0.05,2,1.000e-02,399,-0.942263,0.803284,-0.010592,0.017582
tent,param,3,5,0.05,2,1.000e-02,400,-0.937501,0.802063,-0.015979,0.008108
