family,mode,p,q,K,param,delta,t,mean_ln_d,frac_d_gt_scale,r_x1,r_x2
tent,K,3,5,0.05,1.3,1.000e-12,1,-27.426926,0.000000,1.000000,1.000000
tent,K,3,5,0.05,1.3,1.000e-12,2,-27.705210,0.000000,1.000000,1.000000
tent,K,3,5,0.05,1.3,1.000e-12,3,-27.151949,0.000000,1.000000,1.000000
tent,K,3,5,0.05,1.3,1.000e-12,4,-27.390875,0.000000,1.000000,1.000000
tent,K,3,5,0.05,1.3,1.000e-12,5,-26.803246,0.000000,1.000000,1.000000
tent,K,3,5,0.05,1.3,1.000e-12,6,-26.852976,0.000000,1.000000,1.000000
tent,K,3,5,0.05,1.3,1.000e-12,7,-26.420846,0.000000,1.000000,1.000000
tent,K,3,5,0.05,1.3,1.000e-12,8,-26.318736,0.000000,1.000000,1.000000
tent,K,3,5,0.05,1.3,1.000e-12,9,-25.989470,0.000000,1.000000,1.000000
tent,K,3,5,0.05,1.3,1.000e-12,10,-25.813528,0.000000,1.000000,1.000000
tent,K,3,5,0.05,1.3,1.000e-12,11,-25.504921,0.000000,1.000000,1.000000
tent,K,3,5,0.05,1.3,1.000e-12,12,-25.294034,0.000000,1.000000,1.000000
tent,K,3,5,0.05,1.3,1.000e-12,13,-25.007790,0.000000,1.000000,1.000000
tent,K,3,5,0.05,1.3,1.000e-12,14,-24.778461,0.000000,1.000000,1.000000
tent,K,3,5,0.05,1.3,1.000e-12,15,-24.493307,0.000000,1.000000,1.000000
tent,K,3,5,0.05,1.3,1.000e-12,16,-24.259855,0.000000,1.000000,1.000000
tent,K,3,5,0.05,1.3,1.000e-12,17,-23.980254,0.000000,1.000000,1.000000
tent,K,3,5,0.05,1.3,1.000e-12,18,-23.739622,0.000000,1.000000,1.000000
tent,K,3,5,0.05,1.3,1.000e-12,19,-23.461219,0.000000,1.000000,1.000000
tent,K,3,5,0.05,1.3,1.000e-12,20,-23.218702,0.000000,1.000000,1.000000
tent,K,3,5,0.05,1.3,1.000e-12,21,-22.940652,0.000000,1.000000,1.000000
tent,K,3,5,0.05,1.3,1.000e-12,22,-22.697211,0.000000,1.000000,1.000000
tent,K,3,5,0.05,1.3,1.000e-12,23,-22.419157,0.000000,1.000000,1.000000
tent,K,3,5,0.05,1.3,1.000e-12,24,-22.171639,0.000000,1.000000,1.000000
tent,K,3,5,0.05,1.3,1.000e-12,25,-21.894381,0.000000,1.000000,1.000000
tent,K,3,5,0.05,1.3,1.000e-12,26,-21.646749,0.000000,1.000000,1.000000
tent,K,3,5,0.05,1.3,1.000e-12,27,-21.368664,0.000000,1.000000,1.000000
tent,K,3,5,0.05,1.3,1.000e-12,28,-21.118571,0.000000,1.000000,1.000000
tent,K,3,5,0.05,1.3,1.000e-12,29,-20.840445,0.000000,1.000000,1.000000
tent,K,3,5,0.05,1.3,1.000e-12,30,-20.589813,0.000000,1.000000,1.000000
tent,K,3,5,0.05,1.3,1.000e-12,31,-20.313453,0.000000,1.000000,1.000000
tent,K,3,5,0.05,1.3,1.000e-12,32,-20.060124,0.000000,1.000000,1.000000
tent,K,3,5,0.05,1.3,1.000e-12,33,-19.784389,0.000000,1.000000,1.000000
tent,K,3,5,0.05,1.3,1.000e-12,34,-19.529840,0.000000,1.000000,1.000000
tent,K,3,5,0.05,1.3,1.000e-12,35,-19.253199,0.000000,1.000000,1.000000
tent,K,3,5,0.05,1.3,1.000e-12,36,-18.997152,0.000000,1.000000,1.000000
tent,K,3,5,0.05,1.3,1.000e-12,37,-18.721220,0.000000,1.000000,1.000000
tent,K,3,5,0.05,1.3,1.000e-12,38,-18.463333,0.000000,1.000000,1.000000
tent,K,3,5,0.05,1.3,1.000e-12,39,-18.187964,0.000000,1.000000,1.000000
tent,K,3,5,0.05,1.3,1.000e-12,40,-17.930204,0.000000,1.000000,1.000000
tent,K,3,5,0.05,1.3,1.000e-12,41,-17.654898,0.000000,1.000000,1.000000
tent,K,3,5,0.05,1.3,1.000e-12,42,-17.395654,0.000000,1.000000,1.000000
tent,K,3,5,0.05,1.3,1.000e-12,43,-17.121247,0.000000,1.000000,1.000000
tent,K,3,5,0.05,1.3,1.000e-12,44,-16.860473,0.000000,1.000000,1.000000
tent,K,3,5,0.05,1.3,1.000e-12,45,-16.585714,0.000000,1.000000,1.000000
tent,K,3,5,0.05,1.3,1.000e-12,46,-16.325131,0.000000,1.000000,1.000000
tent,K,3,5,0.05,1.3,1.000e-12,47,-16.050419,0.000000,1.000000,1.000000
tent,K,3,5,0.05,1.3,1.000e-12,48,-15.787910,0.000000,1.000000,1.000000
tent,K,3,5,0.05,1.3,1.000e-12,49,-15.514396,0.000000,1.000000,1.000000
tent,K,3,5,0.05,1.3,1.000e-12,50,-15.251898,0.000000,1.000000,1.000000
tent,K,3,5,0.05,1.3,1.000e-12,51,-14.977985,0.000000,1.000000,1.000000
tent,K,3,5,0.05,1.3,1.000e-12,52,-14.713996,0.000000,1.000000,1.000000
tent,K,3,5,0.05,1.3,1.000e-12,53,-14.440021,0.000000,1.000000,1.000000
tent,K,3,5,0.05,1.3,1.000e-12,54,-14.175498,0.000000,1.000000,1.000000
tent,K,3,5,0.05,1.3,1.000e-12,55,-13.901642,0.000000,1.000000,1.000000
tent,K,3,5,0.05,1.3,1.000e-12,56,-13.636342,0.000000,1.000000,1.000000
tent,K,3,5,0.05,1.3,1.000e-12,57,-13.362891,0.000000,1.000000,1.000000
tent,K,3,5,0.05,1.3,1.000e-12,58,-13.097158,0.000000,1.000000,1.000000
tent,K,3,5,0.05,1.3,1.000e-12,59,-12.824122,0.000000,1.000000,1.000000
tent,K,3,5,0.05,1.3,1.000e-12,60,-12.557332,0.000000,1.000000,1.000000
tent,K,3,5,0.05,1.3,1.000e-12,61,-12.285102,0.000000,1.000000,1.000000
tent,K,3,5,0.05,1.3,1.000e-12,62,-12.018581,0.000000,1.000000,1.000000
tent,K,3,5,0.05,1.3,1.000e-12,63,-11.745641,0.000000,1.000000,1.000000
tent,K,3,5,0.05,1.3,1.000e-12,64,-11.479059,0.000000,1.000000,1.000000
tent,K,3,5,0.05,1.3,1.000e-12,65,-11.206520,0.000000,1.000000,1.000000
tent,K,3,5,0.05,1.3,1.000e-12,66,-10.938473,0.000000,1.000000,1.000000
tent,K,3,5,0.05,1.3,1.000e-12,67,-10.666504,0.000000,1.000000,1.000000
tent,K,3,5,0.05,1.3,1.000e-12,68,-10.398226,0.000000,1.000000,1.000000
tent,K,3,5,0.05,1.3,1.000e-12,69,-10.125600,0.000000,0.999999,0.999999
tent,K,3,5,0.05,1.3,1.000e-12,70,-9.857515,0.000000,0.999999,0.999999
tent,K,3,5,0.05,1.3,1.000e-12,71,-9.585229,0.000000,0.999998,0.999997
tent,K,3,5,0.05,1.3,1.000e-12,72,-9.316799,0.000000,0.999996,0.999996
tent,K,3,5,0.05,1.3,1.000e-12,73,-9.044199,0.000000,0.999993,0.999992
tent,K,3,5,0.05,1.3,1.000e-12,74,-8.777132,0.000000,0.999989,0.999987
tent,K,3,5,0.05,1.3,1.000e-12,75,-8.506394,0.000000,0.999978,0.999976
tent,K,3,5,0.05,1.3,1.000e-12,76,-8.240129,0.000000,0.999966,0.999962
tent,K,3,5,0.05,1.3,1.000e-12,77,-7.968738,0.000000,0.999936,0.999928
tent,K,3,5,0.05,1.3,1.000e-12,78,-7.705244,0.000000,0.999900,0.999889
tent,K,3,5,0.05,1.3,1.000e-12,79,-7.435043,0.000000,0.999811,0.999791
tent,K,3,5,0.05,1.3,1.000e-12,80,-7.175938,0.000000,0.999714,0.999681
tent,K,3,5,0.05,1.3,1.000e-12,81,-6.908333,0.000000,0.999460,0.999391
tent,K,3,5,0.05,1.3,1.000e-12,82,-6.656657,0.000000,0.999190,0.999091
tent,K,3,5,0.05,1.3,1.000e-12,83,-6.389608,0.000000,0.998471,0.998313
tent,K,3,5,0.05,1.3,1.000e-12,84,-6.150625,0.000000,0.997840,0.997532
tent,K,3,5,0.05,1.3,1.000e-12,85,-5.891339,0.000000,0.995972,0.995282
tent,K,3,5,0.05,1.3,1.000e-12,86,-5.672050,0.000000,0.994696,0.993746
tent,K,3,5,0.05,1.3,1.000e-12,87,-5.418961,0.000000,0.990132,0.988475
tent,K,3,5,0.05,1.3,1.000e-12,88,-5.235379,0.000000,0.988705,0.986421
tent,K,3,5,0.05,1.3,1.000e-12,89,-4.996881,0.000000,0.979446,0.974984
tent,K,3,5,0.05,1.3,1.000e-12,90,-4.861714,0.000000,0.980292,0.976787
tent,K,3,5,0.05,1.3,1.000e-12,91,-4.643711,0.000000,0.965769,0.958948
tent,K,3,5,0.05,1.3,1.000e-12,92,-4.556518,0.000000,0.970290,0.966243
tent,K,3,5,0.05,1.3,1.000e-12,93,-4.380370,0.000000,0.955307,0.945916
tent,K,3,5,0.05,1.3,1.000e-12,94,-4.314712,0.000000,0.958490,0.956767
tent,K,3,5,0.05,1.3,1.000e-12,95,-4.189327,0.000000,0.947782,0.937781
tent,K,3,5,0.05,1.3,1.000e-12,96,-4.111217,0.000000,0.941387,0.945768
tent,K,3,5,0.05,1.3,1.000e-12,97,-4.035389,0.000000,0.938718,0.929655
tent,K,3,5,0.05,1.3,1.000e-12,98,-3.959614,0.000000,0.927233,0.936935
tent,K,3,5,0.05,1.3,1.000e-12,99,-3.919361,0.000000,0.929668,0.921882
tent,K,3,5,0.05,1.3,1.000e-12,100,-3.850617,0.000000,0.914630,0.927444
tent,K,3,5,0.05,1.3,1.000e-12,101,-3.832809,0.000000,0.920685,0.914413
tent,K,3,5,0.05,1.3,1.000e-12,102,-3.786314,0.000000,0.909705,0.920316
tent,K,3,5,0.05,1.3,1.000e-12,103,-3.772518,0.000000,0.914730,0.909245
tent,K,3,5,0.05,1.3,1.000e-12,104,-3.744551,0.000000,0.905608,0.916013
tent,K,3,5,0.05,1.3,1.000e-12,105,-3.744313,0.000000,0.909138,0.908393
tent,K,3,5,0.05,1.3,1.000e-12,106,-3.725445,0.000000,0.903428,0.910803
tent,K,3,5,0.05,1.3,1.000e-12,107,-3.722131,0.000000,0.907638,0.906786
tent,K,3,5,0.05,1.3,1.000e-12,108,-3.709509,0.000000,0.904463,0.907836
tent,K,3,5,0.05,1.3,1.000e-12,109,-3.706644,0.000000,0.905267,0.905057
tent,K,3,5,0.05,1.3,1.000e-12,110,-3.699437,0.000000,0.902368,0.905887
tent,K,3,5,0.05,1.3,1.000e-12,111,-3.697328,0.000000,0.904100,0.904170
tent,K,3,5,0.05,1.3,1.000e-12,112,-3.691277,0.000000,0.902814,0.904655
tent,K,3,5,0.05,1.3,1.000e-12,113,-3.698832,0.000000,0.903182,0.904338
tent,K,3,5,0.05,1.3,1.000e-12,114,-3.690080,0.000000,0.902466,0.902286
tent,K,3,5,0.05,1.3,1.000e-12,115,-3.701431,0.000000,0.903580,0.904510
tent,K,3,5,0.05,1.3,1.000e-12,116,-3.688436,0.000000,0.902743,0.904294
tent,K,3,5,0.05,1.3,1.000e-12,117,-3.686726,0.000000,0.902675,0.903322
tent,K,3,5,0.05,1.3,1.000e-12,118,-3.680420,0.000000,0.901635,0.901876
tent,K,3,5,0.05,1.3,1.000e-12,119,-3.694229,0.000000,0.904235,0.903417
tent,K,3,5,0.05,1.3,1.000e-12,120,-3.686501,0.000000,0.902075,0.901916
tent,K,3,5,0.05,1.3,1.000e-12,121,-3.687386,0.000000,0.901907,0.903301
tent,K,3,5,0.05,1.3,1.000e-12,122,-3.687136,0.000000,0.901516,0.902565
tent,K,3,5,0.05,1.3,1.000e-12,123,-3.690792,0.000000,0.902508,0.903530
tent,K,3,5,0.05,1.3,1.000e-12,124,-3.682014,0.000000,0.901652,0.901466
tent,K,3,5,0.05,1.3,1.000e-12,125,-3.694871,0.000000,0.903601,0.903432
tent,K,3,5,0.05,1.3,1.000e-12,126,-3.683191,0.000000,0.902101,0.902057
tent,K,3,5,0.05,1.3,1.000e-12,127,-3.683790,0.000000,0.901770,0.902515
tent,K,3,5,0.05,1.3,1.000e-12,128,-3.677486,0.000000,0.901373,0.900820
tent,K,3,5,0.05,1.3,1.000e-12,129,-3.685509,0.000000,0.901068,0.902860
tent,K,3,5,0.05,1.3,1.000e-12,130,-3.684689,0.000000,0.900295,0.902565
tent,K,3,5,0.05,1.3,1.000e-12,131,-3.693623,0.000000,0.902180,0.902965
tent,K,3,5,0.05,1.3,1.000e-12,132,-3.688338,0.000000,0.902413,0.902157
tent,K,3,5,0.05,1.3,1.000e-12,133,-3.692628,0.000000,0.903261,0.902391
tent,K,3,5,0.05,1.3,1.000e-12,134,-3.689507,0.000000,0.903160,0.901487
tent,K,3,5,0.05,1.3,1.000e-12,135,-3.692801,0.000000,0.902867,0.902731
tent,K,3,5,0.05,1.3,1.000e-12,136,-3.685387,0.000000,0.902157,0.901929
tent,K,3,5,0.05,1.3,1.000e-12,137,-3.692243,0.000000,0.902355,0.904077
tent,K,3,5,0.05,1.3,1.000e-12,138,-3.688934,0.000000,0.902196,0.902877
tent,K,3,5,0.05,1.3,1.000e-12,139,-3.693101,0.000000,0.902747,0.903837
tent,K,3,5,0.05,1.3,1.000e-12,140,-3.683397,0.000000,0.901959,0.902518
tent,K,3,5,0.05,1.3,1.000e-12,141,-3.683992,0.000000,0.902447,0.901439
tent,K,3,5,0.05,1.3,1.000e-12,142,-3.683040,0.000000,0.900226,0.901165
tent,K,3,5,0.05,1.3,1.000e-12,143,-3.692126,0.000000,0.901337,0.903322
tent,K,3,5,0.05,1.3,1.000e-12,144,-3.687020,0.000000,0.901154,0.901977
tent,K,3,5,0.05,1.3,1.000e-12,145,-3.691427,0.000000,0.902302,0.903816
tent,K,3,5,0.05,1.3,1.000e-12,146,-3.684479,0.000000,0.900887,0.902535
tent,K,3,5,0.05,1.3,1.000e-12,147,-3.689988,0.000000,0.901731,0.904286
tent,K,3,5,0.05,1.3,1.000e-12,148,-3.680480,0.000000,0.901030,0.901821
tent,K,3,5,0.05,1.3,1.000e-12,149,-3.681106,0.000000,0.901442,0.902761
tent,K,3,5,0.05,1.3,1.000e-12,150,-3.665347,0.000000,0.900322,0.899554
tent,K,3,5,0.05,1.3,1.000e-12,151,-3.676690,0.000000,0.901600,0.902132
tent,K,3,5,0.05,1.3,1.000e-12,152,-3.673764,0.000000,0.900672,0.901406
tent,K,3,5,0.05,1.3,1.000e-12,153,-3.679188,0.000000,0.901989,0.901823
tent,K,3,5,0.05,1.3,1.000e-12,154,-3.669656,0.000000,0.899675,0.901128
tent,K,3,5,0.05,1.3,1.000e-12,155,-3.678007,0.000000,0.901904,0.900805
tent,K,3,5,0.05,1.3,1.000e-12,156,-3.667122,0.000000,0.900086,0.899645
tent,K,3,5,0.05,1.3,1.000e-12,157,-3.677908,0.000000,0.901771,0.901661
tent,K,3,5,0.05,1.3,1.000e-12,158,-3.672371,0.000000,0.901107,0.900919
tent,K,3,5,0.05,1.3,1.000e-12,159,-3.679039,0.000000,0.902277,0.900787
tent,K,3,5,0.05,1.3,1.000e-12,160,-3.675658,0.000000,0.902412,0.900489
tent,K,3,5,0.05,1.3,1.000e-12,161,-3.686624,0.000000,0.903118,0.901984
tent,K,3,5,0.05,1.3,1.000e-12,162,-3.681451,0.000000,0.901502,0.901144
tent,K,3,5,0.05,1.3,1.000e-12,163,-3.687376,0.000000,0.901023,0.902171
tent,K,3,5,0.05,1.3,1.000e-12,164,-3.680162,0.000000,0.900618,0.902211
tent,K,3,5,0.05,1.3,1.000e-12,165,-3.691415,0.000000,0.901693,0.902824
tent,K,3,5,0.05,1.3,1.000e-12,166,-3.686661,0.000000,0.900653,0.900381
tent,K,3,5,0.05,1.3,1.000e-12,167,-3.699247,0.000000,0.902453,0.903382
tent,K,3,5,0.05,1.3,1.000e-12,168,-3.688444,0.000000,0.902091,0.901940
tent,K,3,5,0.05,1.3,1.000e-12,169,-3.694077,0.000000,0.902712,0.903997
tent,K,3,5,0.05,1.3,1.000e-12,170,-3.684059,0.000000,0.903363,0.901192
tent,K,3,5,0.05,1.3,1.000e-12,171,-3.690135,0.000000,0.902616,0.902501
tent,K,3,5,0.05,1.3,1.000e-12,172,-3.679046,0.000000,0.902821,0.899422
tent,K,3,5,0.05,1.3,1.000e-12,173,-3.688996,0.000000,0.903218,0.902296
tent,K,3,5,0.05,1.3,1.000e-12,174,-3.677709,0.000000,0.902424,0.900906
tent,K,3,5,0.05,1.3,1.000e-12,175,-3.682334,0.000000,0.902650,0.901149
tent,K,3,5,0.05,1.3,1.000e-12,176,-3.678184,0.000000,0.901933,0.901276
tent,K,3,5,0.05,1.3,1.000e-12,177,-3.684490,0.000000,0.902397,0.903189
tent,K,3,5,0.05,1.3,1.000e-12,178,-3.676930,0.000000,0.900411,0.902386
tent,K,3,5,0.05,1.3,1.000e-12,179,-3.686595,0.000000,0.903811,0.903063
tent,K,3,5,0.05,1.3,1.000e-12,180,-3.672836,0.000000,0.900365,0.902094
tent,K,3,5,0.05,1.3,1.000e-12,181,-3.681518,0.000000,0.901363,0.902888
tent,K,3,5,0.05,1.3,1.000e-12,182,-3.679651,0.000000,0.901778,0.900095
tent,K,3,5,0.05,1.3,1.000e-12,183,-3.689697,0.000000,0.903911,0.903067
tent,K,3,5,0.05,1.3,1.000e-12,184,-3.679502,0.000000,0.901785,0.901280
tent,K,3,5,0.05,1.3,1.000e-12,185,-3.681105,0.000000,0.901749,0.902339
tent,K,3,5,0.05,1.3,1.000e-12,186,-3.674913,0.000000,0.900499,0.901043
tent,K,3,5,0.05,1.3,1.000e-12,187,-3.677856,0.000000,0.901244,0.901796
tent,K,3,5,0.05,1.3,1.000e-12,188,-3.674087,0.000000,0.900437,0.901140
tent,K,3,5,0.05,1.3,1.000e-12,189,-3.684395,0.000000,0.902102,0.903529
tent,K,3,5,0.05,1.3,1.000e-12,190,-3.679331,0.000000,0.901341,0.902367
tent,K,3,5,0.05,1.3,1.000e-12,191,-3.687049,0.000000,0.902001,0.903435
tent,K,3,5,0.05,1.3,1.000e-12,192,-3.678187,0.000000,0.901252,0.900414
tent,K,3,5,0.05,1.3,1.000e-12,193,-3.680612,0.000000,0.900155,0.902028
tent,K,3,5,0.05,1.3,1.000e-12,194,-3.673136,0.000000,0.899725,0.899967
tent,K,3,5,0.05,1.3,1.000e-12,195,-3.687337,0.000000,0.902128,0.903316
tent,K,3,5,0.05,1.3,1.000e-12,196,-3.679110,0.000000,0.900108,0.902045
tent,K,3,5,0.05,1.3,1.000e-12,197,-3.688014,0.000000,0.901295,0.902749
tent,K,3,5,0.05,1.3,1.000e-12,198,-3.682704,0.000000,0.901665,0.900627
tent,K,3,5,0.05,1.3,1.000e-12,199,-3.687177,0.000000,0.901421,0.903713
tent,K,3,5,0.05,1.3,1.000e-12,200,-3.682256,0.000000,0.901233,0.902667
tent,K,3,5,0.05,1.3,1.000e-12,201,-3.687135,0.000000,0.901836,0.904774
tent,K,3,5,0.05,1.3,1.000e-12,202,-3.681837,0.000000,0.900761,0.902588
tent,K,3,5,0.05,1.3,1.000e-12,203,-3.692935,0.000000,0.903330,0.904892
tent,K,3,5,0.05,1.3,1.000e-12,204,-3.686352,0.000000,0.904348,0.901763
tent,K,3,5,0.05,1.3,1.000e-12,205,-3.687284,0.000000,0.902625,0.903439
tent,K,3,5,0.05,1.3,1.000e-12,206,-3.684386,0.000000,0.902061,0.903204
tent,K,3,5,0.05,1.3,1.000e-12,207,-3.692472,0.000000,0.902856,0.905013
tent,K,3,5,0.05,1.3,1.000e-12,208,-3.676664,0.000000,0.899782,0.902741
tent,K,3,5,0.05,1.3,1.000e-12,209,-3.688563,0.000000,0.901844,0.903580
tent,K,3,5,0.05,1.3,1.000e-12,210,-3.688357,0.000000,0.900731,0.902557
tent,K,3,5,0.05,1.3,1.000e-12,211,-3.695141,0.000000,0.901026,0.903984
tent,K,3,5,0.05,1.3,1.000e-12,212,-3.685652,0.000000,0.900274,0.902569
tent,K,3,5,0.05,1.3,1.000e-12,213,-3.699019,0.000000,0.905505,0.903896
tent,K,3,5,0.05,1.3,1.000e-12,214,-3.685434,0.000000,0.904436,0.900673
tent,K,3,5,0.05,1.3,1.000e-12,215,-3.694651,0.000000,0.904236,0.902964
tent,K,3,5,0.05,1.3,1.000e-12,216,-3.687173,0.000000,0.902226,0.901806
tent,K,3,5,0.05,1.3,1.000e-12,217,-3.686427,0.000000,0.901432,0.901473
tent,K,3,5,0.05,1.3,1.000e-12,218,-3.679530,0.000000,0.900363,0.900632
tent,K,3,5,0.05,1.3,1.000e-12,219,-3.687888,0.000000,0.902354,0.902243
tent,K,3,5,0.05,1.3,1.000e-12,220,-3.675097,0.000000,0.899763,0.900589
tent,K,3,5,0.05,1.3,1.000e-12,221,-3.685523,0.000000,0.902606,0.900319
tent,K,3,5,0.05,1.3,1.000e-12,222,-3.680830,0.000000,0.902038,0.899648
tent,K,3,5,0.05,1.3,1.000e-12,223,-3.692866,0.000000,0.904204,0.902859
tent,K,3,5,0.05,1.3,1.000e-12,224,-3.680089,0.000000,0.902307,0.901154
tent,K,3,5,0.05,1.3,1.000e-12,225,-3.686294,0.000000,0.903775,0.901481
tent,K,3,5,0.05,1.3,1.000e-12,226,-3.679654,0.000000,0.901973,0.901516
tent,K,3,5,0.05,1.3,1.000e-12,227,-3.686703,0.000000,0.904105,0.902081
tent,K,3,5,0.05,1.3,1.000e-12,228,-3.672693,0.000000,0.901312,0.900735
tent,K,3,5,0.05,1.3,1.000e-12,229,-3.680720,0.000000,0.902277,0.900455
tent,K,3,5,0.05,1.3,1.000e-12,230,-3.676508,0.000000,0.900707,0.900053
tent,K,3,5,0.05,1.3,1.000e-12,231,-3.682902,0.000000,0.901508,0.901351
tent,K,3,5,0.05,1.3,1.000e-12,232,-3.680123,0.000000,0.901823,0.901678
tent,K,3,5,0.05,1.3,1.000e-12,233,-3.693814,0.000000,0.903396,0.902520
tent,K,3,5,0.05,1.3,1.000e-12,234,-3.685094,0.000000,0.901755,0.902276
tent,K,3,5,0.05,1.3,1.000e-12,235,-3.691713,0.000000,0.902623,0.904372
tent,K,3,5,0.05,1.3,1.000e-12,236,-3.682872,0.000000,0.901524,0.901477
tent,K,3,5,0.05,1.3,1.000e-12,237,-3.692759,0.000000,0.902941,0.901427
tent,K,3,5,0.05,1.3,1.000e-12,238,-3.690890,0.000000,0.902681,0.901929
tent,K,3,5,0.05,1.3,1.000e-12,239,-3.696574,0.000000,0.903071,0.902455
tent,K,3,5,0.05,1.3,1.000e-12,240,-3.687338,0.000000,0.901112,0.902153
tent,K,3,5,0.05,1.3,1.000e-12,241,-3.694083,0.000000,0.902606,0.904557
tent,K,3,5,0.05,1.3,1.000e-12,242,-3.686550,0.000000,0.901749,0.902311
tent,K,3,5,0.05,1.3,1.000e-12,243,-3.690826,0.000000,0.901960,0.903897
tent,K,3,5,0.05,1.3,1.000e-12,244,-3.689196,0.000000,0.901675,0.902749
tent,K,3,5,0.05,1.3,1.000e-12,245,-3.694346,0.000000,0.902538,0.903766
tent,K,3,5,0.05,1.3,1.000e-12,246,-3.686056,0.000000,0.901136,0.903170
tent,K,3,5,0.05,1.3,1.000e-12,247,-3.691282,0.000000,0.902362,0.904549
tent,K,3,5,0.05,1.3,1.000e-12,248,-3.683400,0.000000,0.901039,0.901559
tent,K,3,5,0.05,1.3,1.000e-12,249,-3.687537,0.000000,0.900774,0.903260
tent,K,3,5,0.05,1.3,1.000e-12,250,-3.682458,0.000000,0.902217,0.901104
tent,K,3,5,0.05,1.3,1.000e-12,251,-3.687765,0.000000,0.903241,0.901564
tent,K,3,5,0.05,1.3,1.000e-12,252,-3.680002,0.000000,0.902935,0.899714
tent,K,3,5,0.05,1.3,1.000e-12,253,-3.689237,0.000000,0.904368,0.902726
tent,K,3,5,0.05,1.3,1.000e-12,254,-3.680827,0.000000,0.902821,0.902214
tent,K,3,5,0.05,1.3,1.000e-12,255,-3.687960,0.000000,0.903206,0.903391
tent,K,3,5,0.05,1.3,1.000e-12,256,-3.680929,0.000000,0.901888,0.901541
tent,K,3,5,0.05,1.3,1.000e-12,257,-3.685908,0.000000,0.902741,0.902525
tent,K,3,5,0.05,1.3,1.000e-12,258,-3.683069,0.000000,0.903564,0.900785
tent,K,3,5,0.05,1.3,1.000e-12,259,-3.691286,0.000000,0.903350,0.901650
tent,K,3,5,0.05,1.3,1.000e-12,260,-3.679979,0.000000,0.901621,0.900717
tent,K,3,5,0.05,1.3,1.000e-12,261,-3.688695,0.000000,0.902297,0.902332
tent,K,3,5,0.05,1.3,1.000e-12,262,-3.687029,0.000000,0.901387,0.902272
tent,K,3,5,0.05,1.3,1.000e-12,263,-3.692426,0.000000,0.902635,0.903905
tent,K,3,5,0.05,1.3,1.000e-12,264,-3.685715,0.000000,0.902973,0.902901
tent,K,3,5,0.05,1.3,1.000e-12,265,-3.692413,0.000000,0.903128,0.902706
tent,K,3,5,0.05,1.3,1.000e-12,266,-3.687755,0.000000,0.902708,0.902972
tent,K,3,5,0.05,1.3,1.000e-12,267,-3.692201,0.000000,0.901801,0.905821
tent,K,3,5,0.05,1.3,1.000e-12,268,-3.688750,0.000000,0.901881,0.904151
tent,K,3,5,0.05,1.3,1.000e-12,269,-3.695546,0.000000,0.903422,0.905145
tent,K,3,5,0.05,1.3,1.000e-12,270,-3.685135,0.000000,0.901970,0.902669
tent,K,3,5,0.05,1.3,1.000e-12,271,-3.687630,0.000000,0.903673,0.901844
tent,K,3,5,0.05,1.3,1.000e-12,272,-3.680928,0.000000,0.901749,0.899932
tent,K,3,5,0.05,1.3,1.000e-12,273,-3.689184,0.000000,0.904036,0.899818
tent,K,3,5,0.05,1.3,1.000e-12,274,-3.681289,0.000000,0.902783,0.899745
tent,K,3,5,0.05,1.3,1.000e-12,275,-3.695042,0.000000,0.904384,0.903016
tent,K,3,5,0.05,1.3,1.000e-12,276,-3.688427,0.000000,0.902315,0.901663
tent,K,3,5,0.05,1.3,1.000e-12,277,-3.687633,0.000000,0.902114,0.903209
tent,K,3,5,0.05,1.3,1.000e-12,278,-3.683154,0.000000,0.900823,0.902576
tent,K,3,5,0.05,1.3,1.000e-12,279,-3.688660,0.000000,0.901592,0.903718
tent,K,3,5,0.05,1.3,1.000e-12,280,-3.685376,0.000000,0.902433,0.901428
tent,K,3,5,0.05,1.3,1.000e-12,281,-3.698404,0.000000,0.903772,0.904687
tent,K,3,5,0.05,1.3,1.000e-12,282,-3.694065,0.000000,0.902147,0.904382
tent,K,3,5,0.05,1.3,1.000e-12,283,-3.702437,0.000000,0.903432,0.905308
tent,K,3,5,0.05,1.3,1.000e-12,284,-3.694303,0.000000,0.901647,0.903877
tent,K,3,5,0.05,1.3,1.000e-12,285,-3.697475,0.000000,0.903038,0.905784
tent,K,3,5,0.05,1.3,1.000e-12,286,-3.682694,0.000000,0.901908,0.901015
tent,K,3,5,0.05,1.3,1.000e-12,287,-3.686059,0.000000,0.902431,0.901312
tent,K,3,5,0.05,1.3,1.000e-12,288,-3.680775,0.000000,0.900795,0.901216
tent,K,3,5,0.05,1.3,1.000e-12,289,-3.692363,0.000000,0.903351,0.902813
tent,K,3,5,0.05,1.3,1.000e-12,290,-3.683184,0.000000,0.902160,0.901471
tent,K,3,5,0.05,1.3,1.000e-12,291,-3.688283,0.000000,0.902441,0.903092
tent,K,3,5,0.05,1.3,1.000e-12,292,-3.683627,0.000000,0.902034,0.901276
tent,K,3,5,0.05,1.3,1.000e-12,293,-3.691869,0.000000,0.903490,0.903483
tent,K,3,5,0.05,1.3,1.000e-12,294,-3.684564,0.000000,0.902514,0.901210
tent,K,3,5,0.05,1.3,1.000e-12,295,-3.689122,0.000000,0.902807,0.904550
tent,K,3,5,0.05,1.3,1.000e-12,296,-3.677096,0.000000,0.901452,0.901944
tent,K,3,5,0.05,1.3,1.000e-12,297,-3.686098,0.000000,0.903337,0.901404
tent,K,3,5,0.05,1.3,1.000e-12,298,-3.686406,0.000000,0.902344,0.900520
tent,K,3,5,0.05,1.3,1.000e-12,299,-3.692249,0.000000,0.903205,0.903237
tent,K,3,5,0.05,1.3,1.000e-12,300,-3.681700,0.000000,0.901099,0.901851
tent,K,3,5,0.05,1.3,1.000e-12,301,-3.688024,0.000000,0.901147,0.903773
tent,K,3,5,0.05,1.3,1.000e-12,302,-3.681669,0.000000,0.900214,0.904263
tent,K,3,5,0.05,1.3,1.000e-12,303,-3.684919,0.000000,0.900872,0.904880
tent,K,3,5,0.05,1.3,1.000e-12,304,-3.681097,0.000000,0.899609,0.902862
tent,K,3,5,0.05,1.3,1.000e-12,305,-3.693225,0.000000,0.901603,0.905473
tent,K,3,5,0.05,1.3,1.000e-12,306,-3.684932,0.000000,0.901112,0.902931
tent,K,3,5,0.05,1.3,1.000e-12,307,-3.694356,0.000000,0.903875,0.903534
tent,K,3,5,0.05,1.3,1.000e-12,308,-3.688777,0.000000,0.903703,0.902118
tent,K,3,5,0.05,1.3,1.000e-12,309,-3.691966,0.000000,0.904424,0.902815
tent,K,3,5,0.05,1.3,1.000e-12,310,-3.688193,0.000000,0.903651,0.900845
tent,K,3,5,0.05,1.3,1.000e-12,311,-3.691618,0.000000,0.903687,0.901302
tent,K,3,5,0.05,1.3,1.000e-12,312,-3.680738,0.000000,0.902473,0.899221
tent,K,3,5,0.05,1.3,1.000e-12,313,-3.693789,0.000000,0.903180,0.902729
tent,K,3,5,0.05,1.3,1.000e-12,314,-3.688961,0.000000,0.902626,0.902109
tent,K,3,5,0.05,1.3,1.000e-12,315,-3.695320,0.000000,0.902544,0.903898
tent,K,3,5,0.05,1.3,1.000e-12,316,-3.682363,0.000000,0.901440,0.901122
tent,K,3,5,0.05,1.3,1.000e-12,317,-3.684137,0.000000,0.901449,0.902820
tent,K,3,5,0.05,1.3,1.000e-12,318,-3.680274,0.000000,0.900085,0.902510
tent,K,3,5,0.05,1.3,1.000e-12,319,-3.688384,0.000000,0.900257,0.904713
tent,K,3,5,0.05,1.3,1.000e-12,320,-3.683725,0.000000,0.900836,0.901378
tent,K,3,5,0.05,1.3,1.000e-12,321,-3.697420,0.000000,0.904493,0.903406
tent,K,3,5,0.05,1.3,1.000e-12,322,-3.691561,0.000000,0.903014,0.902141
tent,K,3,5,0.05,1.3,1.000e-12,323,-3.698968,0.000000,0.902950,0.905032
tent,K,3,5,0.05,1.3,1.000e-12,324,-3.692126,0.000000,0.902250,0.904284
tent,K,3,5,0.05,1.3,1.000e-12,325,-3.696041,0.000000,0.903135,0.904369
tent,K,3,5,0.05,1.3,1.000e-12,326,-3.683438,0.000000,0.901412,0.902995
tent,K,3,5,0.05,1.3,1.000e-12,327,-3.692168,0.000000,0.902558,0.904224
tent,K,3,5,0.05,1.3,1.000e-12,328,-3.686023,0.000000,0.901771,0.900919
tent,K,3,5,0.05,1.3,1.000e-12,329,-3.693258,0.000000,0.903204,0.902051
tent,K,3,5,0.05,1.3,1.000e-12,330,-3.692029,0.000000,0.902647,0.902767
tent,K,3,5,0.05,1.3,1.000e-12,331,-3.695608,0.000000,0.903694,0.903534
tent,K,3,5,0.05,1.3,1.000e-12,332,-3.688016,0.000000,0.903884,0.903479
tent,K,3,5,0.05,1.3,1.000e-12,333,-3.689749,0.000000,0.903724,0.903552
tent,K,3,5,0.05,1.3,1.000e-12,334,-3.685367,0.000000,0.901771,0.902193
tent,K,3,5,0.05,1.3,1.000e-12,335,-3.689360,0.000000,0.901605,0.902469
tent,K,3,5,0.05,1.3,1.000e-12,336,-3.685544,0.000000,0.901333,0.902950
tent,K,3,5,0.05,1.3,1.000e-12,337,-3.696567,0.000000,0.903737,0.905504
tent,K,3,5,0.05,1.3,1.000e-12,338,-3.684885,0.000000,0.901143,0.902821
tent,K,3,5,0.05,1.3,1.000e-12,339,-3.695603,0.000000,0.903340,0.902662
tent,K,3,5,0.05,1.3,1.000e-12,340,-3.684939,0.000000,0.901285,0.900733
tent,K,3,5,0.05,1.3,1.000e-12,341,-3.692542,0.000000,0.902113,0.901879
tent,K,3,5,0.05,1.3,1.000e-12,342,-3.688362,0.000000,0.901018,0.903917
tent,K,3,5,0.05,1.3,1.000e-12,343,-3.689410,0.000000,0.902061,0.903184
tent,K,3,5,0.05,1.3,1.000e-12,344,-3.681677,0.000000,0.900074,0.900456
tent,K,3,5,0.05,1.3,1.000e-12,345,-3.686871,0.000000,0.901042,0.902100
tent,K,3,5,0.05,1.3,1.000e-12,346,-3.682844,0.000000,0.901262,0.901656
tent,K,3,5,0.05,1.3,1.000e-12,347,-3.690442,0.000000,0.902179,0.904073
tent,K,3,5,0.05,1.3,1.000e-12,348,-3.682237,0.000000,0.902255,0.902297
tent,K,3,5,0.05,1.3,1.000e-12,349,-3.684924,0.000000,0.901399,0.902385
tent,K,3,5,0.05,1.3,1.000e-12,350,-3.680675,0.000000,0.900540,0.902093
tent,K,3,5,0.05,1.3,1.000e-12,351,-3.687552,0.000000,0.900709,0.903106
tent,K,3,5,0.05,1.3,1.000e-12,352,-3.673644,0.000000,0.898655,0.901327
tent,K,3,5,0.05,1.3,1.000e-12,353,-3.682356,0.000000,0.902301,0.902244
tent,K,3,5,0.05,1.3,1.000e-12,354,-3.679032,0.000000,0.902177,0.900582
tent,K,3,5,0.05,1.3,1.000e-12,355,-3.684345,0.000000,0.902387,0.902224
tent,K,3,5,0.05,1.3,1.000e-12,356,-3.681611,0.000000,0.901935,0.900473
tent,K,3,5,0.05,1.3,1.000e-12,357,-3.689326,0.000000,0.902899,0.902174
tent,K,3,5,0.05,1.3,1.000e-12,358,-3.681092,0.000000,0.901750,0.901273
tent,K,3,5,0.05,1.3,1.000e-12,359,-3.684328,0.000000,0.901823,0.903203
tent,K,3,5,0.05,1.3,1.000e-12,360,-3.679400,0.000000,0.901310,0.902276
tent,K,3,5,0.05,1.3,1.000e-12,361,-3.682712,0.000000,0.902378,0.902073
tent,K,3,5,0.05,1.3,1.000e-12,362,-3.671292,0.000000,0.899998,0.899973
tent,K,3,5,0.05,1.3,1.000e-12,363,-3.684763,0.000000,0.900923,0.902562
tent,K,3,5,0.05,1.3,1.000e-12,364,-3.678798,0.000000,0.900314,0.901689
tent,K,3,5,0.05,1.3,1.000e-12,365,-3.691972,0.000000,0.901807,0.903632
tent,K,3,5,0.05,1.3,1.000e-12,366,-3.683112,0.000000,0.900743,0.901684
tent,K,3,5,0.05,1.3,1.000e-12,367,-3.692516,0.000000,0.903423,0.903952
tent,K,3,5,0.05,1.3,1.000e-12,368,-3.682066,0.000000,0.902832,0.902882
tent,K,3,5,0.05,1.3,1.000e-12,369,-3.688780,0.000000,0.903031,0.902744
tent,K,3,5,0.05,1.3,1.000e-12,370,-3.683914,0.000000,0.902912,0.901190
tent,K,3,5,0.05,1.3,1.000e-12,371,-3.686167,0.000000,0.903906,0.902010
tent,K,3,5,0.05,1.3,1.000e-12,372,-3.678145,0.000000,0.902554,0.901546
tent,K,3,5,0.05,1.3,1.000e-12,373,-3.684911,0.000000,0.904376,0.902050
tent,K,3,5,0.05,1.3,1.000e-12,374,-3.675487,0.000000,0.903058,0.900051
tent,K,3,5,0.05,1.3,1.000e-12,375,-3.683850,0.000000,0.902529,0.901098
tent,K,3,5,0.05,1.3,1.000e-12,376,-3.681178,0.000000,0.901833,0.901407
tent,K,3,5,0.05,1.3,1.000e-12,377,-3.684034,0.000000,0.902594,0.901123
tent,K,3,5,0.05,1.3,1.000e-12,378,-3.679175,0.000000,0.901336,0.901505
tent,K,3,5,0.05,1.3,1.000e-12,379,-3.691246,0.000000,0.902015,0.903533
tent,K,3,5,0.05,1.3,1.000e-12,380,-3.685134,0.000000,0.900229,0.902266
tent,K,3,5,0.05,1.3,1.000e-12,381,-3.693517,0.000000,0.903548,0.903726
tent,K,3,5,0.05,1.3,1.000e-12,382,-3.685124,0.000000,0.902488,0.901219
tent,K,3,5,0.05,1.3,1.000e-12,383,-3.694298,0.000000,0.903155,0.903501
tent,K,3,5,0.05,1.3,1.000e-12,384,-3.690717,0.000000,0.902655,0.903996
tent,K,3,5,0.05,1.3,1.000e-12,385,-3.694464,0.000000,0.903803,0.903672
tent,K,3,5,0.05,1.3,1.000e-12,386,-3.683514,0.000000,0.902303,0.902211
tent,K,3,5,0.05,1.3,1.000e-12,387,-3.686212,0.000000,0.901160,0.903706
tent,K,3,5,0.05,1.3,1.000e-12,388,-3.676522,0.000000,0.901327,0.901522
tent,K,3,5,0.05,1.3,1.000e-12,389,-3.681374,0.000000,0.901257,0.903040
tent,K,3,5,0.05,1.3,1.000e-12,390,-3.674649,0.000000,0.899807,0.902168
tent,K,3,5,0.05,1.3,1.000e-12,391,-3.689114,0.000000,0.902378,0.903136
tent,K,3,5,0.05,1.3,1.000e-12,392,-3.685120,0.000000,0.901474,0.901520
tent,K,3,5,0.05,1.3,1.000e-12,393,-3.695987,0.000000,0.902587,0.904059
tent,K,3,5,0.05,1.3,1.000e-12,394,-3.685696,0.000000,0.902778,0.901471
tent,K,3,5,0.05,1.3,1.000e-12,395,-3.690682,0.000000,0.903067,0.904028
tent,K,3,5,0.05,1.3,1.000e-12,396,-3.681229,0.000000,0.901560,0.902568
tent,K,3,5,0.05,1.3,1.000e-12,397,-3.688501,0.000000,0.902078,0.904414
tent,K,3,5,0.05,1.3,1.000e-12,398,-3.679538,0.000000,0.900843,0.902595
tent,K,3,5,0.05,1.3,1.000e-12,399,-3.678515,0.000000,0.900116,0.902315
tent,K,3,5,0.05,1.3,1.000e-12,400,-3.671273,0.000000,0.899136,0.901315
tent,K,3,5,0.05,1.3,1.000e-10,1,-22.821755,0.000000,1.000000,1.000000
tent,K,3,5,0.05,1.3,1.000e-10,2,-23.100037,0.000000,1.000000,1.000000
tent,K,3,5,0.05,1.3,1.000e-10,3,-22.546777,0.000000,1.000000,1.000000
tent,K,3,5,0.05,1.3,1.000e-10,4,-22.785703,0.000000,1.000000,1.000000
tent,K,3,5,0.05,1.3,1.000e-10,5,-22.198074,0.000000,1.000000,1.000000
tent,K,3,5,0.05,1.3,1.000e-10,6,-22.247802,0.000000,1.000000,1.000000
tent,K,3,5,0.05,1.3,1.000e-10,7,-21.815674,0.000000,1.000000,1.000000
tent,K,3,5,0.05,1.3,1.000e-10,8,-21.713561,0.000000,1.000000,1.000000
tent,K,3,5,0.05,1.3,1.000e-10,9,-21.384284,0.000000,1.000000,1.000000
tent,K,3,5,0.05,1.3,1.000e-10,10,-21.208354,0.000000,1.000000,1.000000
tent,K,3,5,0.05,1.3,1.000e-10,11,-20.899745,0.000000,1.000000,1.000000
tent,K,3,5,0.05,1.3,1.000e-10,12,-20.688861,0.000000,1.000000,1.000000
tent,K,3,5,0.05,1.3,1.000e-10,13,-20.402619,0.000000,1.000000,1.000000
tent,K,3,5,0.05,1.3,1.000e-10,14,-20.173287,0.000000,1.000000,1.000000
tent,K,3,5,0.05,1.3,1.000e-10,15,-19.888128,0.000000,1.000000,1.000000
tent,K,3,5,0.05,1.3,1.000e-10,16,-19.654682,0.000000,1.000000,1.000000
tent,K,3,5,0.05,1.3,1.000e-10,17,-19.375075,0.000000,1.000000,1.000000
tent,K,3,5,0.05,1.3,1.000e-10,18,-19.134449,0.000000,1.000000,1.000000
tent,K,3,5,0.05,1.3,1.000e-10,19,-18.856043,0.000000,1.000000,1.000000
tent,K,3,5,0.05,1.3,1.000e-10,20,-18.613532,0.000000,1.000000,1.000000
tent,K,3,5,0.05,1.3,1.000e-10,21,-18.335469,0.000000,1.000000,1.000000
tent,K,3,5,0.05,1.3,1.000e-10,22,-18.092039,0.000000,1.000000,1.000000
tent,K,3,5,0.05,1.3,1.000e-10,23,-17.813991,0.000000,1.000000,1.000000
tent,K,3,5,0.05,1.3,1.000e-10,24,-17.566465,0.000000,1.000000,1.000000
tent,K,3,5,0.05,1.3,1.000e-10,25,-17.289208,0.000000,1.000000,1.000000
tent,K,3,5,0.05,1.3,1.000e-10,26,-17.041576,0.000000,1.000000,1.000000
tent,K,3,5,0.05,1.3,1.000e-10,27,-16.763492,0.000000,1.000000,1.000000
tent,K,3,5,0.05,1.3,1.000e-10,28,-16.513398,0.000000,1.000000,1.000000
tent,K,3,5,0.05,1.3,1.000e-10,29,-16.235270,0.000000,1.000000,1.000000
tent,K,3,5,0.05,1.3,1.000e-10,30,-15.984639,0.000000,1.000000,1.000000
tent,K,3,5,0.05,1.3,1.000e-10,31,-15.708281,0.000000,1.000000,1.000000
tent,K,3,5,0.05,1.3,1.000e-10,32,-15.454949,0.000000,1.000000,1.000000
tent,K,3,5,0.05,1.3,1.000e-10,33,-15.179215,0.000000,1.000000,1.000000
tent,K,3,5,0.05,1.3,1.000e-10,34,-14.924666,0.000000,1.000000,1.000000
tent,K,3,5,0.05,1.3,1.000e-10,35,-14.648026,0.000000,1.000000,1.000000
tent,K,3,5,0.05,1.3,1.000e-10,36,-14.391979,0.000000,1.000000,1.000000
tent,K,3,5,0.05,1.3,1.000e-10,37,-14.116044,0.000000,1.000000,1.000000
tent,K,3,5,0.05,1.3,1.000e-10,38,-13.858172,0.000000,1.000000,1.000000
tent,K,3,5,0.05,1.3,1.000e-10,39,-13.582804,0.000000,1.000000,1.000000
tent,K,3,5,0.05,1.3,1.000e-10,40,-13.325115,0.000000,1.000000,1.000000
tent,K,3,5,0.05,1.3,1.000e-10,41,-13.049814,0.000000,1.000000,1.000000
tent,K,3,5,0.05,1.3,1.000e-10,42,-12.790571,0.000000,1.000000,1.000000
tent,K,3,5,0.05,1.3,1.000e-10,43,-12.516164,0.000000,1.000000,1.000000
tent,K,3,5,0.05,1.3,1.000e-10,44,-12.255562,0.000000,1.000000,1.000000
tent,K,3,5,0.05,1.3,1.000e-10,45,-11.980811,0.000000,1.000000,1.000000
tent,K,3,5,0.05,1.3,1.000e-10,46,-11.720293,0.000000,1.000000,1.000000
tent,K,3,5,0.05,1.3,1.000e-10,47,-11.445578,0.000000,1.000000,1.000000
tent,K,3,5,0.05,1.3,1.000e-10,48,-11.183342,0.000000,1.000000,1.000000
tent,K,3,5,0.05,1.3,1.000e-10,49,-10.909914,0.000000,1.000000,1.000000
tent,K,3,5,0.05,1.3,1.000e-10,50,-10.647810,0.000000,1.000000,1.000000
tent,K,3,5,0.05,1.3,1.000e-10,51,-10.374036,0.000000,1.000000,1.000000
tent,K,3,5,0.05,1.3,1.000e-10,52,-10.110173,0.000000,0.999999,0.999999
tent,K,3,5,0.05,1.3,1.000e-10,53,-9.836341,0.000000,0.999999,0.999999
tent,K,3,5,0.05,1.3,1.000e-10,54,-9.572346,0.000000,0.999998,0.999998
tent,K,3,5,0.05,1.3,1.000e-10,55,-9.298796,0.000000,0.999996,0.999996
tent,K,3,5,0.05,1.3,1.000e-10,56,-9.035443,0.000000,0.999994,0.999993
tent,K,3,5,0.05,1.3,1.000e-10,57,-8.762470,0.000000,0.999989,0.999988
tent,K,3,5,0.05,1.3,1.000e-10,58,-8.499147,0.000000,0.999983,0.999980
tent,K,3,5,0.05,1.3,1.000e-10,59,-8.226991,0.000000,0.999967,0.999963
tent,K,3,5,0.05,1.3,1.000e-10,60,-7.964611,0.000000,0.999949,0.999942
tent,K,3,5,0.05,1.3,1.000e-10,61,-7.693383,0.000000,0.999904,0.999890
tent,K,3,5,0.05,1.3,1.000e-10,62,-7.434183,0.000000,0.999850,0.999830
tent,K,3,5,0.05,1.3,1.000e-10,63,-7.164261,0.000000,0.999717,0.999680
tent,K,3,5,0.05,1.3,1.000e-10,64,-6.912676,0.000000,0.999568,0.999515
tent,K,3,5,0.05,1.3,1.000e-10,65,-6.644769,0.000000,0.999183,0.999088
tent,K,3,5,0.05,1.3,1.000e-10,66,-6.399056,0.000000,0.998769,0.998647
tent,K,3,5,0.05,1.3,1.000e-10,67,-6.134057,0.000000,0.997701,0.997431
tent,K,3,5,0.05,1.3,1.000e-10,68,-5.905338,0.000000,0.996851,0.996359
tent,K,3,5,0.05,1.3,1.000e-10,69,-5.647257,0.000000,0.994037,0.993233
tent,K,3,5,0.05,1.3,1.000e-10,70,-5.441103,0.000000,0.992186,0.991372
tent,K,3,5,0.05,1.3,1.000e-10,71,-5.191756,0.000000,0.985680,0.983886
tent,K,3,5,0.05,1.3,1.000e-10,72,-5.030331,0.000000,0.984713,0.982339
tent,K,3,5,0.05,1.3,1.000e-10,73,-4.800147,0.000000,0.972405,0.968278
tent,K,3,5,0.05,1.3,1.000e-10,74,-4.696250,0.000000,0.975394,0.972109
tent,K,3,5,0.05,1.3,1.000e-10,75,-4.493978,0.000000,0.959066,0.951575
tent,K,3,5,0.05,1.3,1.000e-10,76,-4.437857,0.000000,0.966220,0.962537
tent,K,3,5,0.05,1.3,1.000e-10,77,-4.274878,0.000000,0.952152,0.942278
tent,K,3,5,0.05,1.3,1.000e-10,78,-4.208863,0.000000,0.951974,0.951415
tent,K,3,5,0.05,1.3,1.000e-10,79,-4.105245,0.000000,0.944996,0.933429
tent,K,3,5,0.05,1.3,1.000e-10,80,-4.024338,0.000000,0.935202,0.941063
tent,K,3,5,0.05,1.3,1.000e-10,81,-3.964590,0.000000,0.934252,0.924802
tent,K,3,5,0.05,1.3,1.000e-10,82,-3.897078,0.000000,0.921684,0.931572
tent,K,3,5,0.05,1.3,1.000e-10,83,-3.867531,0.000000,0.924938,0.917146
tent,K,3,5,0.05,1.3,1.000e-10,84,-3.819998,0.000000,0.913497,0.924861
tent,K,3,5,0.05,1.3,1.000e-10,85,-3.796872,0.000000,0.916171,0.912551
tent,K,3,5,0.05,1.3,1.000e-10,86,-3.759279,0.000000,0.906576,0.918671
tent,K,3,5,0.05,1.3,1.000e-10,87,-3.744947,0.000000,0.909296,0.910040
tent,K,3,5,0.05,1.3,1.000e-10,88,-3.727191,0.000000,0.904348,0.913543
tent,K,3,5,0.05,1.3,1.000e-10,89,-3.711874,0.000000,0.904873,0.905532
tent,K,3,5,0.05,1.3,1.000e-10,90,-3.701724,0.000000,0.902729,0.906838
tent,K,3,5,0.05,1.3,1.000e-10,91,-3.703253,0.000000,0.904584,0.903547
tent,K,3,5,0.05,1.3,1.000e-10,92,-3.692566,0.000000,0.902584,0.904233
tent,K,3,5,0.05,1.3,1.000e-10,93,-3.692869,0.000000,0.903184,0.903240
tent,K,3,5,0.05,1.3,1.000e-10,94,-3.681093,0.000000,0.900620,0.904129
tent,K,3,5,0.05,1.3,1.000e-10,95,-3.690495,0.000000,0.901642,0.903729
tent,K,3,5,0.05,1.3,1.000e-10,96,-3.684768,0.000000,0.900249,0.902183
tent,K,3,5,0.05,1.3,1.000e-10,97,-3.697965,0.000000,0.903552,0.903868
tent,K,3,5,0.05,1.3,1.000e-10,98,-3.684994,0.000000,0.902520,0.902310
tent,K,3,5,0.05,1.3,1.000e-10,99,-3.689567,0.000000,0.904417,0.903194
tent,K,3,5,0.05,1.3,1.000e-10,100,-3.675200,0.000000,0.901714,0.901868
tent,K,3,5,0.05,1.3,1.000e-10,101,-3.682282,0.000000,0.902946,0.901387
tent,K,3,5,0.05,1.3,1.000e-10,102,-3.672735,0.000000,0.901173,0.899620
tent,K,3,5,0.05,1.3,1.000e-10,103,-3.683228,0.000000,0.903605,0.900529
tent,K,3,5,0.05,1.3,1.000e-10,104,-3.677151,0.000000,0.902774,0.901203
tent,K,3,5,0.05,1.3,1.000e-10,105,-3.685741,0.000000,0.903078,0.901848
tent,K,3,5,0.05,1.3,1.000e-10,106,-3.684611,0.000000,0.902399,0.900878
tent,K,3,5,0.05,1.3,1.000e-10,107,-3.691307,0.000000,0.904113,0.902456
tent,K,3,5,0.05,1.3,1.000e-10,108,-3.687108,0.000000,0.903935,0.902726
tent,K,3,5,0.05,1.3,1.000e-10,109,-3.693094,0.000000,0.904494,0.902803
tent,K,3,5,0.05,1.3,1.000e-10,110,-3.687106,0.000000,0.902689,0.901029
tent,K,3,5,0.05,1.3,1.000e-10,111,-3.692374,0.000000,0.904645,0.904419
tent,K,3,5,0.05,1.3,1.000e-10,112,-3.688474,0.000000,0.902142,0.904561
tent,K,3,5,0.05,1.3,1.000e-10,113,-3.688196,0.000000,0.902198,0.903605
tent,K,3,5,0.05,1.3,1.000e-10,114,-3.676532,0.000000,0.900634,0.900256
tent,K,3,5,0.05,1.3,1.000e-10,115,-3.682746,0.000000,0.902029,0.902021
tent,K,3,5,0.05,1.3,1.000e-10,116,-3.677126,0.000000,0.901044,0.900683
tent,K,3,5,0.05,1.3,1.000e-10,117,-3.688755,0.000000,0.902126,0.903609
tent,K,3,5,0.05,1.3,1.000e-10,118,-3.681619,0.000000,0.902086,0.900435
tent,K,3,5,0.05,1.3,1.000e-10,119,-3.688938,0.000000,0.902369,0.902506
tent,K,3,5,0.05,1.3,1.000e-10,120,-3.682256,0.000000,0.901111,0.901775
tent,K,3,5,0.05,1.3,1.000e-10,121,-3.685733,0.000000,0.903411,0.901105
tent,K,3,5,0.05,1.3,1.000e-10,122,-3.678908,0.000000,0.901004,0.900012
tent,K,3,5,0.05,1.3,1.000e-10,123,-3.690048,0.000000,0.902928,0.902853
tent,K,3,5,0.05,1.3,1.000e-10,124,-3.681500,0.000000,0.901667,0.901459
tent,K,3,5,0.05,1.3,1.000e-10,125,-3.689276,0.000000,0.903212,0.903906
tent,K,3,5,0.05,1.3,1.000e-10,126,-3.674096,0.000000,0.901301,0.901726
tent,K,3,5,0.05,1.3,1.000e-10,127,-3.683154,0.000000,0.903359,0.901761
tent,K,3,5,0.05,1.3,1.000e-10,128,-3.676745,0.000000,0.901258,0.900187
tent,K,3,5,0.05,1.3,1.000e-10,129,-3.684655,0.000000,0.902513,0.902258
tent,K,3,5,0.05,1.3,1.000e-10,130,-3.674624,0.000000,0.901712,0.900819
tent,K,3,5,0.05,1.3,1.000e-10,131,-3.682643,0.000000,0.902568,0.903296
tent,K,3,5,0.05,1.3,1.000e-10,132,-3.675606,0.000000,0.902331,0.900481
tent,K,3,5,0.05,1.3,1.000e-10,133,-3.682170,0.000000,0.902622,0.902294
tent,K,3,5,0.05,1.3,1.000e-10,134,-3.671342,0.000000,0.900410,0.900265
tent,K,3,5,0.05,1.3,1.000e-10,135,-3.677913,0.000000,0.901117,0.901687
tent,K,3,5,0.05,1.3,1.000e-10,136,-3.672736,0.000000,0.901545,0.899498
tent,K,3,5,0.05,1.3,1.000e-10,137,-3.683836,0.000000,0.902789,0.901769
tent,K,3,5,0.05,1.3,1.000e-10,138,-3.675660,0.000000,0.901187,0.900530
tent,K,3,5,0.05,1.3,1.000e-10,139,-3.681726,0.000000,0.902657,0.901552
tent,K,3,5,0.05,1.3,1.000e-10,140,-3.677051,0.000000,0.901628,0.898850
tent,K,3,5,0.05,1.3,1.000e-10,141,-3.680233,0.000000,0.902944,0.899611
tent,K,3,5,0.05,1.3,1.000e-10,142,-3.674508,0.000000,0.901525,0.899240
tent,K,3,5,0.05,1.3,1.000e-10,143,-3.686714,0.000000,0.902763,0.901642
tent,K,3,5,0.05,1.3,1.000e-10,144,-3.684003,0.000000,0.902115,0.902782
tent,K,3,5,0.05,1.3,1.000e-10,145,-3.689683,0.000000,0.902568,0.903670
tent,K,3,5,0.05,1.3,1.000e-10,146,-3.686079,0.000000,0.902324,0.902978
tent,K,3,5,0.05,1.3,1.000e-10,147,-3.689686,0.000000,0.903387,0.903018
tent,K,3,5,0.05,1.3,1.000e-10,148,-3.685336,0.000000,0.902271,0.902030
tent,K,3,5,0.05,1.3,1.000e-10,149,-3.690893,0.000000,0.902434,0.903848
tent,K,3,5,0.05,1.3,1.000e-10,150,-3.680606,0.000000,0.901183,0.902239
tent,K,3,5,0.05,1.3,1.000e-10,151,-3.684080,0.000000,0.901079,0.902730
tent,K,3,5,0.05,1.3,1.000e-10,152,-3.674354,0.000000,0.900606,0.901010
tent,K,3,5,0.05,1.3,1.000e-10,153,-3.684578,0.000000,0.903470,0.903441
tent,K,3,5,0.05,1.3,1.000e-10,154,-3.680841,0.000000,0.901892,0.902116
tent,K,3,5,0.05,1.3,1.000e-10,155,-3.685496,0.000000,0.902528,0.901452
tent,K,3,5,0.05,1.3,1.000e-10,156,-3.677418,0.000000,0.901968,0.899218
tent,K,3,5,0.05,1.3,1.000e-10,157,-3.687899,0.000000,0.903117,0.902798
tent,K,3,5,0.05,1.3,1.000e-10,158,-3.677824,0.000000,0.902261,0.901514
tent,K,3,5,0.05,1.3,1.000e-10,159,-3.685675,0.000000,0.902863,0.902954
tent,K,3,5,0.05,1.3,1.000e-10,160,-3.678050,0.000000,0.903273,0.900937
tent,K,3,5,0.05,1.3,1.000e-10,161,-3.680454,0.000000,0.901653,0.903044
tent,K,3,5,0.05,1.3,1.000e-10,162,-3.675294,0.000000,0.900939,0.901214
tent,K,3,5,0.05,1.3,1.000e-10,163,-3.680103,0.000000,0.901323,0.901939
tent,K,3,5,0.05,1.3,1.000e-10,164,-3.675372,0.000000,0.901464,0.900961
tent,K,3,5,0.05,1.3,1.000e-10,165,-3.684904,0.000000,0.900848,0.903118
tent,K,3,5,0.05,1.3,1.000e-10,166,-3.675265,0.000000,0.900470,0.900235
tent,K,3,5,0.05,1.3,1.000e-10,167,-3.683857,0.000000,0.900958,0.903169
tent,K,3,5,0.05,1.3,1.000e-10,168,-3.681853,0.000000,0.901092,0.902876
tent,K,3,5,0.05,1.3,1.000e-10,169,-3.686289,0.000000,0.901844,0.903244
tent,K,3,5,0.05,1.3,1.000e-10,170,-3.679493,0.000000,0.901995,0.901613
tent,K,3,5,0.05,1.3,1.000e-10,171,-3.683834,0.000000,0.903615,0.902033
tent,K,3,5,0.05,1.3,1.000e-10,172,-3.669152,0.000000,0.901664,0.899480
tent,K,3,5,0.05,1.3,1.000e-10,173,-3.674016,0.000000,0.901672,0.901752
tent,K,3,5,0.05,1.3,1.000e-10,174,-3.669962,0.000000,0.900808,0.898592
tent,K,3,5,0.05,1.3,1.000e-10,175,-3.674083,0.000000,0.901033,0.899683
tent,K,3,5,0.05,1.3,1.000e-10,176,-3.666222,0.000000,0.899444,0.898729
tent,K,3,5,0.05,1.3,1.000e-10,177,-3.677982,0.000000,0.900604,0.902856
tent,K,3,5,0.05,1.3,1.000e-10,178,-3.674293,0.000000,0.900868,0.900378
tent,K,3,5,0.05,1.3,1.000e-10,179,-3.682587,0.000000,0.902887,0.901133
tent,K,3,5,0.05,1.3,1.000e-10,180,-3.684051,0.000000,0.900626,0.900624
tent,K,3,5,0.05,1.3,1.000e-10,181,-3.693949,0.000000,0.901305,0.903748
tent,K,3,5,0.05,1.3,1.000e-10,182,-3.680058,0.000000,0.899470,0.901937
tent,K,3,5,0.05,1.3,1.000e-10,183,-3.687655,0.000000,0.901008,0.903694
tent,K,3,5,0.05,1.3,1.000e-10,184,-3.680700,0.000000,0.899503,0.902170
tent,K,3,5,0.05,1.3,1.000e-10,185,-3.688664,0.000000,0.902544,0.902045
tent,K,3,5,0.05,1.3,1.000e-10,186,-3.682105,0.000000,0.900997,0.901868
tent,K,3,5,0.05,1.3,1.000e-10,187,-3.694735,0.000000,0.901465,0.904679
tent,K,3,5,0.05,1.3,1.000e-10,188,-3.686063,0.000000,0.900944,0.902651
tent,K,3,5,0.05,1.3,1.000e-10,189,-3.695004,0.000000,0.903356,0.903598
tent,K,3,5,0.05,1.3,1.000e-10,190,-3.684900,0.000000,0.902318,0.903190
tent,K,3,5,0.05,1.3,1.000e-10,191,-3.686629,0.000000,0.902982,0.903763
tent,K,3,5,0.05,1.3,1.000e-10,192,-3.678453,0.000000,0.901950,0.901476
tent,K,3,5,0.05,1.3,1.000e-10,193,-3.685906,0.000000,0.901843,0.901787
tent,K,3,5,0.05,1.3,1.000e-10,194,-3.686495,0.000000,0.902913,0.901374
tent,K,3,5,0.05,1.3,1.000e-10,195,-3.689215,0.000000,0.903150,0.903997
tent,K,3,5,0.05,1.3,1.000e-10,196,-3.682063,0.000000,0.901246,0.903023
tent,K,3,5,0.05,1.3,1.000e-10,197,-3.687138,0.000000,0.902241,0.903185
tent,K,3,5,0.05,1.3,1.000e-10,198,-3.680352,0.000000,0.900530,0.902544
tent,K,3,5,0.05,1.3,1.000e-10,199,-3.683781,0.000000,0.901717,0.903057
tent,K,3,5,0.05,1.3,1.000e-10,200,-3.678933,0.000000,0.900545,0.902635
tent,K,3,5,0.05,1.3,1.000e-10,201,-3.681500,0.000000,0.900635,0.902190
tent,K,3,5,0.05,1.3,1.000e-10,202,-3.678784,0.000000,0.901260,0.900779
tent,K,3,5,0.05,1.3,1.000e-10,203,-3.692529,0.000000,0.902617,0.902606
tent,K,3,5,0.05,1.3,1.000e-10,204,-3.685739,0.000000,0.902939,0.900368
tent,K,3,5,0.05,1.3,1.000e-10,205,-3.694702,0.000000,0.902554,0.903493
tent,K,3,5,0.05,1.3,1.000e-10,206,-3.691328,0.000000,0.903061,0.901996
tent,K,3,5,0.05,1.3,1.000e-10,207,-3.698289,0.000000,0.904113,0.904904
tent,K,3,5,0.05,1.3,1.000e-10,208,-3.684562,0.000000,0.900747,0.903192
tent,K,3,5,0.05,1.3,1.000e-10,209,-3.691232,0.000000,0.901037,0.904980
tent,K,3,5,0.05,1.3,1.000e-10,210,-3.690464,0.000000,0.900106,0.903351
tent,K,3,5,0.05,1.3,1.000e-10,211,-3.705539,0.000000,0.902021,0.905908
tent,K,3,5,0.05,1.3,1.000e-10,212,-3.696179,0.000000,0.902188,0.904535
tent,K,3,5,0.05,1.3,1.000e-10,213,-3.705669,0.000000,0.906614,0.904366
tent,K,3,5,0.05,1.3,1.000e-10,214,-3.691646,0.000000,0.904153,0.900945
tent,K,3,5,0.05,1.3,1.000e-10,215,-3.691387,0.000000,0.904613,0.900463
tent,K,3,5,0.05,1.3,1.000e-10,216,-3.681696,0.000000,0.902052,0.899247
tent,K,3,5,0.05,1.3,1.000e-10,217,-3.693983,0.000000,0.902665,0.901867
tent,K,3,5,0.05,1.3,1.000e-10,218,-3.684897,0.000000,0.901335,0.901289
tent,K,3,5,0.05,1.3,1.000e-10,219,-3.692687,0.000000,0.903730,0.902786
tent,K,3,5,0.05,1.3,1.000e-10,220,-3.683810,0.000000,0.903282,0.900989
tent,K,3,5,0.05,1.3,1.000e-10,221,-3.685161,0.000000,0.902962,0.901196
tent,K,3,5,0.05,1.3,1.000e-10,222,-3.680283,0.000000,0.901206,0.901153
tent,K,3,5,0.05,1.3,1.000e-10,223,-3.686087,0.000000,0.902703,0.903183
tent,K,3,5,0.05,1.3,1.000e-10,224,-3.681718,0.000000,0.902050,0.902944
tent,K,3,5,0.05,1.3,1.000e-10,225,-3.686881,0.000000,0.903156,0.902754
tent,K,3,5,0.05,1.3,1.000e-10,226,-3.673891,0.000000,0.901458,0.900994
tent,K,3,5,0.05,1.3,1.000e-10,227,-3.684451,0.000000,0.903660,0.900747
tent,K,3,5,0.05,1.3,1.000e-10,228,-3.678308,0.000000,0.902898,0.900952
tent,K,3,5,0.05,1.3,1.000e-10,229,-3.684423,0.000000,0.902929,0.901878
tent,K,3,5,0.05,1.3,1.000e-10,230,-3.676099,0.000000,0.901578,0.899879
tent,K,3,5,0.05,1.3,1.000e-10,231,-3.684407,0.000000,0.901475,0.901616
tent,K,3,5,0.05,1.3,1.000e-10,232,-3.682082,0.000000,0.901537,0.899736
tent,K,3,5,0.05,1.3,1.000e-10,233,-3.695924,0.000000,0.903856,0.902845
tent,K,3,5,0.05,1.3,1.000e-10,234,-3.688676,0.000000,0.902749,0.902704
tent,K,3,5,0.05,1.3,1.000e-10,235,-3.694906,0.000000,0.903553,0.905865
tent,K,3,5,0.05,1.3,1.000e-10,236,-3.680732,0.000000,0.901611,0.902866
tent,K,3,5,0.05,1.3,1.000e-10,237,-3.682182,0.000000,0.902313,0.902602
tent,K,3,5,0.05,1.3,1.000e-10,238,-3.678568,0.000000,0.902747,0.901096
tent,K,3,5,0.05,1.3,1.000e-10,239,-3.685273,0.000000,0.901842,0.902560
tent,K,3,5,0.05,1.3,1.000e-10,240,-3.683296,0.000000,0.901292,0.900940
tent,K,3,5,0.05,1.3,1.000e-10,241,-3.694791,0.000000,0.902592,0.903577
tent,K,3,5,0.05,1.3,1.000e-10,242,-3.684494,0.000000,0.902870,0.901945
tent,K,3,5,0.05,1.3,1.000e-10,243,-3.689323,0.000000,0.903879,0.901854
tent,K,3,5,0.05,1.3,1.000e-10,244,-3.686759,0.000000,0.902736,0.901264
tent,K,3,5,0.05,1.3,1.000e-10,245,-3.696050,0.000000,0.903682,0.903375
tent,K,3,5,0.05,1.3,1.000e-10,246,-3.689771,0.000000,0.902226,0.903078
tent,K,3,5,0.05,1.3,1.000e-10,247,-3.692096,0.000000,0.903620,0.904214
tent,K,3,5,0.05,1.3,1.000e-10,248,-3.683952,0.000000,0.901744,0.900354
tent,K,3,5,0.05,1.3,1.000e-10,249,-3.690653,0.000000,0.901912,0.902666
tent,K,3,5,0.05,1.3,1.000e-10,250,-3.684738,0.000000,0.902547,0.901870
tent,K,3,5,0.05,1.3,1.000e-10,251,-3.688972,0.000000,0.903730,0.902750
tent,K,3,5,0.05,1.3,1.000e-10,252,-3.677937,0.000000,0.901689,0.899700
tent,K,3,5,0.05,1.3,1.000e-10,253,-3.685433,0.000000,0.902208,0.901331
tent,K,3,5,0.05,1.3,1.000e-10,254,-3.682609,0.000000,0.902656,0.900554
tent,K,3,5,0.05,1.3,1.000e-10,255,-3.686831,0.000000,0.901573,0.902622
tent,K,3,5,0.05,1.3,1.000e-10,256,-3.680740,0.000000,0.901832,0.900653
tent,K,3,5,0.05,1.3,1.000e-10,257,-3.693962,0.000000,0.904170,0.902278
tent,K,3,5,0.05,1.3,1.000e-10,258,-3.684099,0.000000,0.903255,0.900590
tent,K,3,5,0.05,1.3,1.000e-10,259,-3.687303,0.000000,0.903315,0.900538
tent,K,3,5,0.05,1.3,1.000e-10,260,-3.683554,0.000000,0.902397,0.901118
tent,K,3,5,0.05,1.3,1.000e-10,261,-3.690837,0.000000,0.901943,0.903010
tent,K,3,5,0.05,1.3,1.000e-10,262,-3.681788,0.000000,0.899735,0.902207
tent,K,3,5,0.05,1.3,1.000e-10,263,-3.689244,0.000000,0.902670,0.902797
tent,K,3,5,0.05,1.3,1.000e-10,264,-3.685621,0.000000,0.902855,0.902769
tent,K,3,5,0.05,1.3,1.000e-10,265,-3.682270,0.000000,0.902610,0.901134
tent,K,3,5,0.05,1.3,1.000e-10,266,-3.671597,0.000000,0.900033,0.899240
tent,K,3,5,0.05,1.3,1.000e-10,267,-3.683629,0.000000,0.901415,0.902672
tent,K,3,5,0.05,1.3,1.000e-10,268,-3.676471,0.000000,0.901176,0.901350
tent,K,3,5,0.05,1.3,1.000e-10,269,-3.689384,0.000000,0.903041,0.902219
tent,K,3,5,0.05,1.3,1.000e-10,270,-3.681180,0.000000,0.901410,0.901051
tent,K,3,5,0.05,1.3,1.000e-10,271,-3.689772,0.000000,0.903491,0.902394
tent,K,3,5,0.05,1.3,1.000e-10,272,-3.680071,0.000000,0.902831,0.900383
tent,K,3,5,0.05,1.3,1.000e-10,273,-3.685845,0.000000,0.902582,0.900855
tent,K,3,5,0.05,1.3,1.000e-10,274,-3.681233,0.000000,0.902309,0.901037
tent,K,3,5,0.05,1.3,1.000e-10,275,-3.690368,0.000000,0.903233,0.902534
tent,K,3,5,0.05,1.3,1.000e-10,276,-3.687750,0.000000,0.903026,0.901899
tent,K,3,5,0.05,1.3,1.000e-10,277,-3.691269,0.000000,0.903812,0.903615
tent,K,3,5,0.05,1.3,1.000e-10,278,-3.680987,0.000000,0.901266,0.901948
tent,K,3,5,0.05,1.3,1.000e-10,279,-3.691944,0.000000,0.902938,0.902930
tent,K,3,5,0.05,1.3,1.000e-10,280,-3.685782,0.000000,0.902706,0.902880
tent,K,3,5,0.05,1.3,1.000e-10,281,-3.691313,0.000000,0.903662,0.903359
tent,K,3,5,0.05,1.3,1.000e-10,282,-3.680560,0.000000,0.902831,0.901341
tent,K,3,5,0.05,1.3,1.000e-10,283,-3.682450,0.000000,0.903740,0.901686
tent,K,3,5,0.05,1.3,1.000e-10,284,-3.673510,0.000000,0.902175,0.900688
tent,K,3,5,0.05,1.3,1.000e-10,285,-3.679667,0.000000,0.902819,0.901922
tent,K,3,5,0.05,1.3,1.000e-10,286,-3.672865,0.000000,0.900529,0.900821
tent,K,3,5,0.05,1.3,1.000e-10,287,-3.686964,0.000000,0.902537,0.903495
tent,K,3,5,0.05,1.3,1.000e-10,288,-3.679723,0.000000,0.901744,0.902112
tent,K,3,5,0.05,1.3,1.000e-10,289,-3.685472,0.000000,0.903192,0.903144
tent,K,3,5,0.05,1.3,1.000e-10,290,-3.686032,0.000000,0.902646,0.901566
tent,K,3,5,0.05,1.3,1.000e-10,291,-3.694068,0.000000,0.902223,0.903263
tent,K,3,5,0.05,1.3,1.000e-10,292,-3.676628,0.000000,0.900306,0.900673
tent,K,3,5,0.05,1.3,1.000e-10,293,-3.690947,0.000000,0.904841,0.901917
tent,K,3,5,0.05,1.3,1.000e-10,294,-3.679841,0.000000,0.902196,0.900118
tent,K,3,5,0.05,1.3,1.000e-10,295,-3.690870,0.000000,0.902189,0.901845
tent,K,3,5,0.05,1.3,1.000e-10,296,-3.687660,0.000000,0.901373,0.900631
tent,K,3,5,0.05,1.3,1.000e-10,297,-3.701212,0.000000,0.903159,0.903032
tent,K,3,5,0.05,1.3,1.000e-10,298,-3.697727,0.000000,0.901707,0.903152
tent,K,3,5,0.05,1.3,1.000e-10,299,-3.700899,0.000000,0.902489,0.904529
tent,K,3,5,0.05,1.3,1.000e-10,300,-3.691179,0.000000,0.900907,0.902785
tent,K,3,5,0.05,1.3,1.000e-10,301,-3.700069,0.000000,0.903849,0.903333
tent,K,3,5,0.05,1.3,1.000e-10,302,-3.693750,0.000000,0.902467,0.902317
tent,K,3,5,0.05,1.3,1.000e-10,303,-3.695907,0.000000,0.903770,0.903934
tent,K,3,5,0.05,1.3,1.000e-10,304,-3.689113,0.000000,0.904177,0.901685
tent,K,3,5,0.05,1.3,1.000e-10,305,-3.689619,0.000000,0.902792,0.902414
tent,K,3,5,0.05,1.3,1.000e-10,306,-3.679864,0.000000,0.901222,0.901247
tent,K,3,5,0.05,1.3,1.000e-10,307,-3.689701,0.000000,0.902437,0.902982
tent,K,3,5,0.05,1.3,1.000e-10,308,-3.680930,0.000000,0.901957,0.901582
tent,K,3,5,0.05,1.3,1.000e-10,309,-3.686991,0.000000,0.901882,0.903989
tent,K,3,5,0.05,1.3,1.000e-10,310,-3.675423,0.000000,0.900963,0.901147
tent,K,3,5,0.05,1.3,1.000e-10,311,-3.680561,0.000000,0.901026,0.902158
tent,K,3,5,0.05,1.3,1.000e-10,312,-3.677187,0.000000,0.900247,0.901517
tent,K,3,5,0.05,1.3,1.000e-10,313,-3.690681,0.000000,0.901374,0.904042
tent,K,3,5,0.05,1.3,1.000e-10,314,-3.689364,0.000000,0.902207,0.903365
tent,K,3,5,0.05,1.3,1.000e-10,315,-3.692324,0.000000,0.901878,0.903769
tent,K,3,5,0.05,1.3,1.000e-10,316,-3.693029,0.000000,0.901452,0.902878
tent,K,3,5,0.05,1.3,1.000e-10,317,-3.695859,0.000000,0.902903,0.903085
tent,K,3,5,0.05,1.3,1.000e-10,318,-3.685790,0.000000,0.900307,0.902758
tent,K,3,5,0.05,1.3,1.000e-10,319,-3.691161,0.000000,0.902186,0.904225
tent,K,3,5,0.05,1.3,1.000e-10,320,-3.683993,0.000000,0.901804,0.901692
tent,K,3,5,0.05,1.3,1.000e-10,321,-3.690332,0.000000,0.903730,0.901371
tent,K,3,5,0.05,1.3,1.000e-10,322,-3.682610,0.000000,0.902093,0.900445
tent,K,3,5,0.05,1.3,1.000e-10,323,-3.697174,0.000000,0.903839,0.903562
tent,K,3,5,0.05,1.3,1.000e-10,324,-3.688100,0.000000,0.902000,0.902811
tent,K,3,5,0.05,1.3,1.000e-10,325,-3.691778,0.000000,0.902431,0.903366
tent,K,3,5,0.05,1.3,1.000e-10,326,-3.682493,0.000000,0.902033,0.901021
tent,K,3,5,0.05,1.3,1.000e-10,327,-3.690607,0.000000,0.902344,0.903124
tent,K,3,5,0.05,1.3,1.000e-10,328,-3.677891,0.000000,0.901720,0.900317
tent,K,3,5,0.05,1.3,1.000e-10,329,-3.688551,0.000000,0.902829,0.901548
tent,K,3,5,0.05,1.3,1.000e-10,330,-3.680972,0.000000,0.901914,0.900426
tent,K,3,5,0.05,1.3,1.000e-10,331,-3.689458,0.000000,0.903255,0.902570
tent,K,3,5,0.05,1.3,1.000e-10,332,-3.683771,0.000000,0.901322,0.903001
tent,K,3,5,0.05,1.3,1.000e-10,333,-3.687078,0.000000,0.901949,0.902417
tent,K,3,5,0.05,1.3,1.000e-10,334,-3.682604,0.000000,0.900554,0.902045
tent,K,3,5,0.05,1.3,1.000e-10,335,-3.693222,0.000000,0.903739,0.901847
tent,K,3,5,0.05,1.3,1.000e-10,336,-3.687901,0.000000,0.903263,0.900551
tent,K,3,5,0.05,1.3,1.000e-10,337,-3.696647,0.000000,0.904987,0.902225
tent,K,3,5,0.05,1.3,1.000e-10,338,-3.687801,0.000000,0.903918,0.902179
tent,K,3,5,0.05,1.3,1.000e-10,339,-3.695904,0.000000,0.904096,0.904152
tent,K,3,5,0.05,1.3,1.000e-10,340,-3.689269,0.000000,0.902352,0.902077
tent,K,3,5,0.05,1.3,1.000e-10,341,-3.694447,0.000000,0.903202,0.903724
tent,K,3,5,0.05,1.3,1.000e-10,342,-3.690280,0.000000,0.901861,0.902813
tent,K,3,5,0.05,1.3,1.000e-10,343,-3.694685,0.000000,0.902903,0.903604
tent,K,3,5,0.05,1.3,1.000e-10,344,-3.684073,0.000000,0.901900,0.900039
tent,K,3,5,0.05,1.3,1.000e-10,345,-3.693086,0.000000,0.902512,0.902321
tent,K,3,5,0.05,1.3,1.000e-10,346,-3.687299,0.000000,0.901495,0.900787
tent,K,3,5,0.05,1.3,1.000e-10,347,-3.693922,0.000000,0.902617,0.901865
tent,K,3,5,0.05,1.3,1.000e-10,348,-3.688186,0.000000,0.901928,0.901357
tent,K,3,5,0.05,1.3,1.000e-10,349,-3.688796,0.000000,0.903022,0.902864
tent,K,3,5,0.05,1.3,1.000e-10,350,-3.681904,0.000000,0.899999,0.902537
tent,K,3,5,0.05,1.3,1.000e-10,351,-3.689689,0.000000,0.901197,0.902701
tent,K,3,5,0.05,1.3,1.000e-10,352,-3.688188,0.000000,0.901797,0.900884
tent,K,3,5,0.05,1.3,1.000e-10,353,-3.699535,0.000000,0.904687,0.903159
tent,K,3,5,0.05,1.3,1.000e-10,354,-3.689582,0.000000,0.903760,0.901429
tent,K,3,5,0.05,1.3,1.000e-10,355,-3.691799,0.000000,0.903973,0.903167
tent,K,3,5,0.05,1.3,1.000e-10,356,-3.684776,0.000000,0.902714,0.901516
tent,K,3,5,0.05,1.3,1.000e-10,357,-3.692987,0.000000,0.904214,0.901970
tent,K,3,5,0.05,1.3,1.000e-10,358,-3.686852,0.000000,0.903962,0.900989
tent,K,3,5,0.05,1.3,1.000e-10,359,-3.686459,0.000000,0.902983,0.903716
tent,K,3,5,0.05,1.3,1.000e-10,360,-3.674958,0.000000,0.901335,0.901594
tent,K,3,5,0.05,1.3,1.000e-10,361,-3.681578,0.000000,0.903264,0.901782
tent,K,3,5,0.05,1.3,1.000e-10,362,-3.671490,0.000000,0.900297,0.901823
tent,K,3,5,0.05,1.3,1.000e-10,363,-3.679317,0.000000,0.901951,0.902511
tent,K,3,5,0.05,1.3,1.000e-10,364,-3.673523,0.000000,0.900463,0.900821
tent,K,3,5,0.05,1.3,1.000e-10,365,-3.683179,0.000000,0.901572,0.901504
tent,K,3,5,0.05,1.3,1.000e-10,366,-3.672886,0.000000,0.900373,0.900622
tent,K,3,5,0.05,1.3,1.000e-10,367,-3.683103,0.000000,0.902319,0.901775
tent,K,3,5,0.05,1.3,1.000e-10,368,-3.680851,0.000000,0.902854,0.900537
tent,K,3,5,0.05,1.3,1.000e-10,369,-3.682722,0.000000,0.901368,0.901299
tent,K,3,5,0.05,1.3,1.000e-10,370,-3.683980,0.000000,0.900380,0.902089
tent,K,3,5,0.05,1.3,1.000e-10,371,-3.692572,0.000000,0.902733,0.903672
tent,K,3,5,0.05,1.3,1.000e-10,372,-3.678482,0.000000,0.900975,0.902047
tent,K,3,5,0.05,1.3,1.000e-10,373,-3.686736,0.000000,0.902641,0.902651
tent,K,3,5,0.05,1.3,1.000e-10,374,-3.677188,0.000000,0.901878,0.900603
tent,K,3,5,0.05,1.3,1.000e-10,375,-3.683866,0.000000,0.903808,0.902654
tent,K,3,5,0.05,1.3,1.000e-10,376,-3.679985,0.000000,0.902905,0.901775
tent,K,3,5,0.05,1.3,1.000e-10,377,-3.684093,0.000000,0.903304,0.902618
tent,K,3,5,0.05,1.3,1.000e-10,378,-3.677677,0.000000,0.901215,0.901551
tent,K,3,5,0.05,1.3,1.000e-10,379,-3.685808,0.000000,0.902821,0.902974
tent,K,3,5,0.05,1.3,1.000e-10,380,-3.675317,0.000000,0.901369,0.901608
tent,K,3,5,0.05,1.3,1.000e-10,381,-3.687028,0.000000,0.903515,0.902211
tent,K,3,5,0.05,1.3,1.000e-10,382,-3.679273,0.000000,0.901840,0.900217
tent,K,3,5,0.05,1.3,1.000e-10,383,-3.685253,0.000000,0.903594,0.901719
tent,K,3,5,0.05,1.3,1.000e-10,384,-3.674187,0.000000,0.901962,0.900041
tent,K,3,5,0.05,1.3,1.000e-10,385,-3.687542,0.000000,0.901745,0.902884
tent,K,3,5,0.05,1.3,1.000e-10,386,-3.681618,0.000000,0.900660,0.900873
tent,K,3,5,0.05,1.3,1.000e-10,387,-3.687675,0.000000,0.902607,0.902774
tent,K,3,5,0.05,1.3,1.000e-10,388,-3.676966,0.000000,0.901000,0.901271
tent,K,3,5,0.05,1.3,1.000e-10,389,-3.684621,0.000000,0.901894,0.902540
tent,K,3,5,0.05,1.3,1.000e-10,390,-3.679746,0.000000,0.901523,0.901106
tent,K,3,5,0.05,1.3,1.000e-10,391,-3.686068,0.000000,0.902518,0.903171
tent,K,3,5,0.05,1.3,1.000e-10,392,-3.682239,0.000000,0.901786,0.902053
tent,K,3,5,0.05,1.3,1.000e-10,393,-3.688257,0.000000,0.901953,0.902971
tent,K,3,5,0.05,1.3,1.000e-10,394,-3.681773,0.000000,0.901088,0.902115
tent,K,3,5,0.05,1.3,1.000e-10,395,-3.689832,0.000000,0.904148,0.902550
tent,K,3,5,0.05,1.3,1.000e-10,396,-3.676582,0.000000,0.901175,0.900343
tent,K,3,5,0.05,1.3,1.000e-10,397,-3.691446,0.000000,0.902242,0.902101
tent,K,3,5,0.05,1.3,1.000e-10,398,-3.682350,0.000000,0.900397,0.901351
tent,K,3,5,0.05,1.3,1.000e-10,399,-3.695168,0.000000,0.902458,0.903801
tent,K,3,5,0.05,1.3,1.000e-10,400,-3.685862,0.000000,0.901008,0.902049
tent,K,3,5,0.05,1.3,1.000e-08,1,-18.216585,0.000000,1.000000,1.000000
tent,K,3,5,0.05,1.3,1.000e-08,2,-18.494867,0.000000,1.000000,1.000000
tent,K,3,5,0.05,1.3,1.000e-08,3,-17.941607,0.000000,1.000000,1.000000
tent,K,3,5,0.05,1.3,1.000e-08,4,-18.180533,0.000000,1.000000,1.000000
tent,K,3,5,0.05,1.3,1.000e-08,5,-17.592904,0.000000,1.000000,1.000000
tent,K,3,5,0.05,1.3,1.000e-08,6,-17.642632,0.000000,1.000000,1.000000
tent,K,3,5,0.05,1.3,1.000e-08,7,-17.210504,0.000000,1.000000,1.000000
tent,K,3,5,0.05,1.3,1.000e-08,8,-17.108391,0.000000,1.000000,1.000000
tent,K,3,5,0.05,1.3,1.000e-08,9,-16.779114,0.000000,1.000000,1.000000
tent,K,3,5,0.05,1.3,1.000e-08,10,-16.603184,0.000000,1.000000,1.000000
tent,K,3,5,0.05,1.3,1.000e-08,11,-16.294575,0.000000,1.000000,1.000000
tent,K,3,5,0.05,1.3,1.000e-08,12,-16.083691,0.000000,1.000000,1.000000
tent,K,3,5,0.05,1.3,1.000e-08,13,-15.797449,0.000000,1.000000,1.000000
tent,K,3,5,0.05,1.3,1.000e-08,14,-15.568117,0.000000,1.000000,1.000000
tent,K,3,5,0.05,1.3,1.000e-08,15,-15.282958,0.000000,1.000000,1.000000
tent,K,3,5,0.05,1.3,1.000e-08,16,-15.049511,0.000000,1.000000,1.000000
tent,K,3,5,0.05,1.3,1.000e-08,17,-14.769904,0.000000,1.000000,1.000000
tent,K,3,5,0.05,1.3,1.000e-08,18,-14.529279,0.000000,1.000000,1.000000
tent,K,3,5,0.05,1.3,1.000e-08,19,-14.250873,0.000000,1.000000,1.000000
tent,K,3,5,0.05,1.3,1.000e-08,20,-14.008362,0.000000,1.000000,1.000000
tent,K,3,5,0.05,1.3,1.000e-08,21,-13.730299,0.000000,1.000000,1.000000
tent,K,3,5,0.05,1.3,1.000e-08,22,-13.486869,0.000000,1.000000,1.000000
tent,K,3,5,0.05,1.3,1.000e-08,23,-13.208821,0.000000,1.000000,1.000000
tent,K,3,5,0.05,1.3,1.000e-08,24,-12.961358,0.000000,1.000000,1.000000
tent,K,3,5,0.05,1.3,1.000e-08,25,-12.684097,0.000000,1.000000,1.000000
tent,K,3,5,0.05,1.3,1.000e-08,26,-12.436500,0.000000,1.000000,1.000000
tent,K,3,5,0.05,1.3,1.000e-08,27,-12.158430,0.000000,1.000000,1.000000
tent,K,3,5,0.05,1.3,1.000e-08,28,-11.908406,0.000000,1.000000,1.000000
tent,K,3,5,0.05,1.3,1.000e-08,29,-11.630287,0.000000,1.000000,1.000000
tent,K,3,5,0.05,1.3,1.000e-08,30,-11.379720,0.000000,1.000000,1.000000
tent,K,3,5,0.05,1.3,1.000e-08,31,-11.103389,0.000000,1.000000,1.000000
tent,K,3,5,0.05,1.3,1.000e-08,32,-10.850503,0.000000,1.000000,1.000000
tent,K,3,5,0.05,1.3,1.000e-08,33,-10.574786,0.000000,1.000000,1.000000
tent,K,3,5,0.05,1.3,1.000e-08,34,-10.320413,0.000000,1.000000,1.000000
tent,K,3,5,0.05,1.3,1.000e-08,35,-10.043857,0.000000,0.999999,0.999999
tent,K,3,5,0.05,1.3,1.000e-08,36,-9.788399,0.000000,0.999999,0.999999
tent,K,3,5,0.05,1.3,1.000e-08,37,-9.512589,0.000000,0.999998,0.999998
tent,K,3,5,0.05,1.3,1.000e-08,38,-9.255473,0.000000,0.999997,0.999997
tent,K,3,5,0.05,1.3,1.000e-08,39,-8.980289,0.000000,0.999994,0.999994
tent,K,3,5,0.05,1.3,1.000e-08,40,-8.724237,0.000000,0.999991,0.999990
tent,K,3,5,0.05,1.3,1.000e-08,41,-8.449373,0.000000,0.999983,0.999981
tent,K,3,5,0.05,1.3,1.000e-08,42,-8.193894,0.000000,0.999974,0.999970
tent,K,3,5,0.05,1.3,1.000e-08,43,-7.920430,0.000000,0.999950,0.999944
tent,K,3,5,0.05,1.3,1.000e-08,44,-7.665989,0.000000,0.999924,0.999913
tent,K,3,5,0.05,1.3,1.000e-08,45,-7.392958,0.000000,0.999856,0.999833
tent,K,3,5,0.05,1.3,1.000e-08,46,-7.140822,0.000000,0.999774,0.999739
tent,K,3,5,0.05,1.3,1.000e-08,47,-6.868203,0.000000,0.999574,0.999514
tent,K,3,5,0.05,1.3,1.000e-08,48,-6.623285,0.000000,0.999361,0.999265
tent,K,3,5,0.05,1.3,1.000e-08,49,-6.353695,0.000000,0.998794,0.998609
tent,K,3,5,0.05,1.3,1.000e-08,50,-6.121022,0.000000,0.998214,0.997952
tent,K,3,5,0.05,1.3,1.000e-08,51,-5.856228,0.000000,0.996641,0.996160
tent,K,3,5,0.05,1.3,1.000e-08,52,-5.642260,0.000000,0.995404,0.994670
tent,K,3,5,0.05,1.3,1.000e-08,53,-5.384832,0.000000,0.991431,0.990020
tent,K,3,5,0.05,1.3,1.000e-08,54,-5.200280,0.000000,0.989129,0.987820
tent,K,3,5,0.05,1.3,1.000e-08,55,-4.953489,0.000000,0.980129,0.977442
tent,K,3,5,0.05,1.3,1.000e-08,56,-4.817629,0.000000,0.980251,0.977054
tent,K,3,5,0.05,1.3,1.000e-08,57,-4.594359,0.000000,0.965302,0.958770
tent,K,3,5,0.05,1.3,1.000e-08,58,-4.520770,0.000000,0.970842,0.966901
tent,K,3,5,0.05,1.3,1.000e-08,59,-4.328676,0.000000,0.953282,0.945389
tent,K,3,5,0.05,1.3,1.000e-08,60,-4.282565,0.000000,0.959345,0.957680
tent,K,3,5,0.05,1.3,1.000e-08,61,-4.142850,0.000000,0.946835,0.938252
tent,K,3,5,0.05,1.3,1.000e-08,62,-4.073130,0.000000,0.941127,0.945452
tent,K,3,5,0.05,1.3,1.000e-08,63,-3.985264,0.000000,0.935883,0.928765
tent,K,3,5,0.05,1.3,1.000e-08,64,-3.914396,0.000000,0.923223,0.934492
tent,K,3,5,0.05,1.3,1.000e-08,65,-3.867951,0.000000,0.924398,0.919211
tent,K,3,5,0.05,1.3,1.000e-08,66,-3.821514,0.000000,0.912859,0.927618
tent,K,3,5,0.05,1.3,1.000e-08,67,-3.797742,0.000000,0.915699,0.914314
tent,K,3,5,0.05,1.3,1.000e-08,68,-3.771197,0.000000,0.906636,0.921650
tent,K,3,5,0.05,1.3,1.000e-08,69,-3.751185,0.000000,0.909512,0.911159
tent,K,3,5,0.05,1.3,1.000e-08,70,-3.732025,0.000000,0.903004,0.915185
tent,K,3,5,0.05,1.3,1.000e-08,71,-3.722002,0.000000,0.903799,0.908694
tent,K,3,5,0.05,1.3,1.000e-08,72,-3.710286,0.000000,0.902459,0.911423
tent,K,3,5,0.05,1.3,1.000e-08,73,-3.704431,0.000000,0.904245,0.906973
tent,K,3,5,0.05,1.3,1.000e-08,74,-3.695402,0.000000,0.902276,0.906515
tent,K,3,5,0.05,1.3,1.000e-08,75,-3.692031,0.000000,0.902701,0.902058
tent,K,3,5,0.05,1.3,1.000e-08,76,-3.683019,0.000000,0.901335,0.902720
tent,K,3,5,0.05,1.3,1.000e-08,77,-3.693619,0.000000,0.903813,0.902668
tent,K,3,5,0.05,1.3,1.000e-08,78,-3.687132,0.000000,0.902689,0.901142
tent,K,3,5,0.05,1.3,1.000e-08,79,-3.692808,0.000000,0.903259,0.902345
tent,K,3,5,0.05,1.3,1.000e-08,80,-3.688161,0.000000,0.903070,0.901528
tent,K,3,5,0.05,1.3,1.000e-08,81,-3.693185,0.000000,0.903486,0.903030
tent,K,3,5,0.05,1.3,1.000e-08,82,-3.684639,0.000000,0.901966,0.901877
tent,K,3,5,0.05,1.3,1.000e-08,83,-3.688411,0.000000,0.902702,0.902172
tent,K,3,5,0.05,1.3,1.000e-08,84,-3.682339,0.000000,0.901919,0.901938
tent,K,3,5,0.05,1.3,1.000e-08,85,-3.690956,0.000000,0.903285,0.902276
tent,K,3,5,0.05,1.3,1.000e-08,86,-3.683860,0.000000,0.901219,0.901358
tent,K,3,5,0.05,1.3,1.000e-08,87,-3.697569,0.000000,0.902801,0.904449
tent,K,3,5,0.05,1.3,1.000e-08,88,-3.692379,0.000000,0.902352,0.903732
tent,K,3,5,0.05,1.3,1.000e-08,89,-3.694343,0.000000,0.903446,0.903132
tent,K,3,5,0.05,1.3,1.000e-08,90,-3.685950,0.000000,0.902693,0.901698
tent,K,3,5,0.05,1.3,1.000e-08,91,-3.691148,0.000000,0.904179,0.902381
tent,K,3,5,0.05,1.3,1.000e-08,92,-3.680041,0.000000,0.901278,0.899693
tent,K,3,5,0.05,1.3,1.000e-08,93,-3.685895,0.000000,0.902168,0.902023
tent,K,3,5,0.05,1.3,1.000e-08,94,-3.680113,0.000000,0.901813,0.901505
tent,K,3,5,0.05,1.3,1.000e-08,95,-3.686432,0.000000,0.902480,0.902120
tent,K,3,5,0.05,1.3,1.000e-08,96,-3.680180,0.000000,0.899707,0.900696
tent,K,3,5,0.05,1.3,1.000e-08,97,-3.687898,0.000000,0.901917,0.902675
tent,K,3,5,0.05,1.3,1.000e-08,98,-3.685078,0.000000,0.902157,0.902096
tent,K,3,5,0.05,1.3,1.000e-08,99,-3.696067,0.000000,0.904051,0.903951
tent,K,3,5,0.05,1.3,1.000e-08,100,-3.684205,0.000000,0.901292,0.901776
tent,K,3,5,0.05,1.3,1.000e-08,101,-3.693907,0.000000,0.902060,0.903591
tent,K,3,5,0.05,1.3,1.000e-08,102,-3.687316,0.000000,0.900607,0.902904
tent,K,3,5,0.05,1.3,1.000e-08,103,-3.691191,0.000000,0.902401,0.904133
tent,K,3,5,0.05,1.3,1.000e-08,104,-3.681865,0.000000,0.901442,0.902042
tent,K,3,5,0.05,1.3,1.000e-08,105,-3.693305,0.000000,0.902673,0.903442
tent,K,3,5,0.05,1.3,1.000e-08,106,-3.684687,0.000000,0.900485,0.901948
tent,K,3,5,0.05,1.3,1.000e-08,107,-3.686270,0.000000,0.901876,0.902902
tent,K,3,5,0.05,1.3,1.000e-08,108,-3.681708,0.000000,0.901920,0.901945
tent,K,3,5,0.05,1.3,1.000e-08,109,-3.687133,0.000000,0.902622,0.902312
tent,K,3,5,0.05,1.3,1.000e-08,110,-3.682667,0.000000,0.901603,0.901951
tent,K,3,5,0.05,1.3,1.000e-08,111,-3.689880,0.000000,0.903469,0.903571
tent,K,3,5,0.05,1.3,1.000e-08,112,-3.680693,0.000000,0.901762,0.902209
tent,K,3,5,0.05,1.3,1.000e-08,113,-3.683836,0.000000,0.901698,0.902463
tent,K,3,5,0.05,1.3,1.000e-08,114,-3.676183,0.000000,0.900760,0.900351
tent,K,3,5,0.05,1.3,1.000e-08,115,-3.684737,0.000000,0.903008,0.902219
tent,K,3,5,0.05,1.3,1.000e-08,116,-3.680237,0.000000,0.902217,0.902190
tent,K,3,5,0.05,1.3,1.000e-08,117,-3.689151,0.000000,0.902119,0.904349
tent,K,3,5,0.05,1.3,1.000e-08,118,-3.682997,0.000000,0.902816,0.901967
tent,K,3,5,0.05,1.3,1.000e-08,119,-3.683400,0.000000,0.903171,0.902140
tent,K,3,5,0.05,1.3,1.000e-08,120,-3.670611,0.000000,0.901201,0.899629
tent,K,3,5,0.05,1.3,1.000e-08,121,-3.679538,0.000000,0.903000,0.900020
tent,K,3,5,0.05,1.3,1.000e-08,122,-3.681295,0.000000,0.901394,0.901059
tent,K,3,5,0.05,1.3,1.000e-08,123,-3.687290,0.000000,0.901973,0.901965
tent,K,3,5,0.05,1.3,1.000e-08,124,-3.679818,0.000000,0.901981,0.901479
tent,K,3,5,0.05,1.3,1.000e-08,125,-3.686016,0.000000,0.902940,0.902868
tent,K,3,5,0.05,1.3,1.000e-08,126,-3.679330,0.000000,0.901192,0.901659
tent,K,3,5,0.05,1.3,1.000e-08,127,-3.688175,0.000000,0.902390,0.903147
tent,K,3,5,0.05,1.3,1.000e-08,128,-3.684331,0.000000,0.900559,0.903360
tent,K,3,5,0.05,1.3,1.000e-08,129,-3.694054,0.000000,0.902580,0.905216
tent,K,3,5,0.05,1.3,1.000e-08,130,-3.683133,0.000000,0.902485,0.902342
tent,K,3,5,0.05,1.3,1.000e-08,131,-3.683973,0.000000,0.902608,0.903440
tent,K,3,5,0.05,1.3,1.000e-08,132,-3.673466,0.000000,0.901380,0.900142
tent,K,3,5,0.05,1.3,1.000e-08,133,-3.683962,0.000000,0.902695,0.902382
tent,K,3,5,0.05,1.3,1.000e-08,134,-3.669505,0.000000,0.901521,0.898984
tent,K,3,5,0.05,1.3,1.000e-08,135,-3.679382,0.000000,0.902969,0.900294
tent,K,3,5,0.05,1.3,1.000e-08,136,-3.678355,0.000000,0.901712,0.899888
tent,K,3,5,0.05,1.3,1.000e-08,137,-3.686265,0.000000,0.901751,0.902667
tent,K,3,5,0.05,1.3,1.000e-08,138,-3.686699,0.000000,0.902201,0.902132
tent,K,3,5,0.05,1.3,1.000e-08,139,-3.691878,0.000000,0.903442,0.903600
tent,K,3,5,0.05,1.3,1.000e-08,140,-3.688983,0.000000,0.903054,0.902542
tent,K,3,5,0.05,1.3,1.000e-08,141,-3.694133,0.000000,0.904119,0.903370
tent,K,3,5,0.05,1.3,1.000e-08,142,-3.682851,0.000000,0.902723,0.900007
tent,K,3,5,0.05,1.3,1.000e-08,143,-3.694781,0.000000,0.903231,0.903595
tent,K,3,5,0.05,1.3,1.000e-08,144,-3.686541,0.000000,0.901827,0.902931
tent,K,3,5,0.05,1.3,1.000e-08,145,-3.693579,0.000000,0.902416,0.904850
tent,K,3,5,0.05,1.3,1.000e-08,146,-3.682398,0.000000,0.901866,0.903417
tent,K,3,5,0.05,1.3,1.000e-08,147,-3.684712,0.000000,0.902208,0.902810
tent,K,3,5,0.05,1.3,1.000e-08,148,-3.675644,0.000000,0.899849,0.900988
tent,K,3,5,0.05,1.3,1.000e-08,149,-3.683662,0.000000,0.900600,0.902757
tent,K,3,5,0.05,1.3,1.000e-08,150,-3.679223,0.000000,0.900759,0.901014
tent,K,3,5,0.05,1.3,1.000e-08,151,-3.684683,0.000000,0.901157,0.902247
tent,K,3,5,0.05,1.3,1.000e-08,152,-3.678217,0.000000,0.899797,0.900947
tent,K,3,5,0.05,1.3,1.000e-08,153,-3.680599,0.000000,0.902120,0.902229
tent,K,3,5,0.05,1.3,1.000e-08,154,-3.673012,0.000000,0.900351,0.900769
tent,K,3,5,0.05,1.3,1.000e-08,155,-3.678916,0.000000,0.900334,0.901135
tent,K,3,5,0.05,1.3,1.000e-08,156,-3.674418,0.000000,0.899649,0.900539
tent,K,3,5,0.05,1.3,1.000e-08,157,-3.688001,0.000000,0.901698,0.903327
tent,K,3,5,0.05,1.3,1.000e-08,158,-3.682963,0.000000,0.902376,0.900920
tent,K,3,5,0.05,1.3,1.000e-08,159,-3.687231,0.000000,0.902721,0.902884
tent,K,3,5,0.05,1.3,1.000e-08,160,-3.679522,0.000000,0.901684,0.901584
tent,K,3,5,0.05,1.3,1.000e-08,161,-3.691547,0.000000,0.903559,0.903992
tent,K,3,5,0.05,1.3,1.000e-08,162,-3.682315,0.000000,0.900987,0.902184
tent,K,3,5,0.05,1.3,1.000e-08,163,-3.682845,0.000000,0.900872,0.902407
tent,K,3,5,0.05,1.3,1.000e-08,164,-3.683629,0.000000,0.902099,0.901356
tent,K,3,5,0.05,1.3,1.000e-08,165,-3.685835,0.000000,0.903113,0.902444
tent,K,3,5,0.05,1.3,1.000e-08,166,-3.679112,0.000000,0.902224,0.900168
tent,K,3,5,0.05,1.3,1.000e-08,167,-3.690039,0.000000,0.903578,0.903197
tent,K,3,5,0.05,1.3,1.000e-08,168,-3.682858,0.000000,0.901892,0.900771
tent,K,3,5,0.05,1.3,1.000e-08,169,-3.693730,0.000000,0.902099,0.903932
tent,K,3,5,0.05,1.3,1.000e-08,170,-3.688961,0.000000,0.901291,0.902599
tent,K,3,5,0.05,1.3,1.000e-08,171,-3.693203,0.000000,0.901816,0.904242
tent,K,3,5,0.05,1.3,1.000e-08,172,-3.683861,0.000000,0.901433,0.902606
tent,K,3,5,0.05,1.3,1.000e-08,173,-3.689231,0.000000,0.902173,0.904725
tent,K,3,5,0.05,1.3,1.000e-08,174,-3.684337,0.000000,0.900758,0.903107
tent,K,3,5,0.05,1.3,1.000e-08,175,-3.691168,0.000000,0.902568,0.903404
tent,K,3,5,0.05,1.3,1.000e-08,176,-3.682509,0.000000,0.902105,0.901600
tent,K,3,5,0.05,1.3,1.000e-08,177,-3.692682,0.000000,0.904156,0.904356
tent,K,3,5,0.05,1.3,1.000e-08,178,-3.682062,0.000000,0.902342,0.901369
tent,K,3,5,0.05,1.3,1.000e-08,179,-3.682110,0.000000,0.902430,0.901302
tent,K,3,5,0.05,1.3,1.000e-08,180,-3.679161,0.000000,0.900521,0.901186
tent,K,3,5,0.05,1.3,1.000e-08,181,-3.687151,0.000000,0.901908,0.902484
tent,K,3,5,0.05,1.3,1.000e-08,182,-3.680533,0.000000,0.901506,0.900632
tent,K,3,5,0.05,1.3,1.000e-08,183,-3.689819,0.000000,0.902978,0.901880
tent,K,3,5,0.05,1.3,1.000e-08,184,-3.680461,0.000000,0.902405,0.900942
tent,K,3,5,0.05,1.3,1.000e-08,185,-3.689091,0.000000,0.904021,0.903793
tent,K,3,5,0.05,1.3,1.000e-08,186,-3.681394,0.000000,0.903136,0.902296
tent,K,3,5,0.05,1.3,1.000e-08,187,-3.680585,0.000000,0.901938,0.901923
tent,K,3,5,0.05,1.3,1.000e-08,188,-3.675871,0.000000,0.900951,0.901084
tent,K,3,5,0.05,1.3,1.000e-08,189,-3.685505,0.000000,0.904040,0.903150
tent,K,3,5,0.05,1.3,1.000e-08,190,-3.672407,0.000000,0.902353,0.900133
tent,K,3,5,0.05,1.3,1.000e-08,191,-3.682063,0.000000,0.903160,0.901059
tent,K,3,5,0.05,1.3,1.000e-08,192,-3.679085,0.000000,0.902958,0.898261
tent,K,3,5,0.05,1.3,1.000e-08,193,-3.683873,0.000000,0.902538,0.900047
tent,K,3,5,0.05,1.3,1.000e-08,194,-3.681157,0.000000,0.903078,0.898663
tent,K,3,5,0.05,1.3,1.000e-08,195,-3.691312,0.000000,0.904712,0.901821
tent,K,3,5,0.05,1.3,1.000e-08,196,-3.683215,0.000000,0.901501,0.900336
tent,K,3,5,0.05,1.3,1.000e-08,197,-3.690785,0.000000,0.903004,0.902749
tent,K,3,5,0.05,1.3,1.000e-08,198,-3.679196,0.000000,0.901697,0.899746
tent,K,3,5,0.05,1.3,1.000e-08,199,-3.687538,0.000000,0.901632,0.902144
tent,K,3,5,0.05,1.3,1.000e-08,200,-3.682459,0.000000,0.900528,0.901822
tent,K,3,5,0.05,1.3,1.000e-08,201,-3.686992,0.000000,0.901818,0.904334
tent,K,3,5,0.05,1.3,1.000e-08,202,-3.678681,0.000000,0.902204,0.901271
tent,K,3,5,0.05,1.3,1.000e-08,203,-3.683599,0.000000,0.902570,0.901683
tent,K,3,5,0.05,1.3,1.000e-08,204,-3.678642,0.000000,0.902077,0.899569
tent,K,3,5,0.05,1.3,1.000e-08,205,-3.687834,0.000000,0.902294,0.902542
tent,K,3,5,0.05,1.3,1.000e-08,206,-3.684243,0.000000,0.902085,0.900684
tent,K,3,5,0.05,1.3,1.000e-08,207,-3.692853,0.000000,0.903734,0.904070
tent,K,3,5,0.05,1.3,1.000e-08,208,-3.681148,0.000000,0.902426,0.902536
tent,K,3,5,0.05,1.3,1.000e-08,209,-3.680799,0.000000,0.903310,0.903168
tent,K,3,5,0.05,1.3,1.000e-08,210,-3.674879,0.000000,0.900626,0.899683
tent,K,3,5,0.05,1.3,1.000e-08,211,-3.684367,0.000000,0.900931,0.902462
tent,K,3,5,0.05,1.3,1.000e-08,212,-3.674257,0.000000,0.900364,0.901464
tent,K,3,5,0.05,1.3,1.000e-08,213,-3.681418,0.000000,0.901745,0.903025
tent,K,3,5,0.05,1.3,1.000e-08,214,-3.673461,0.000000,0.901450,0.900504
tent,K,3,5,0.05,1.3,1.000e-08,215,-3.682644,0.000000,0.902923,0.900844
tent,K,3,5,0.05,1.3,1.000e-08,216,-3.674392,0.000000,0.900966,0.899776
tent,K,3,5,0.05,1.3,1.000e-08,217,-3.682535,0.000000,0.902049,0.902226
tent,K,3,5,0.05,1.3,1.000e-08,218,-3.672533,0.000000,0.902067,0.899136
tent,K,3,5,0.05,1.3,1.000e-08,219,-3.682284,0.000000,0.902688,0.901284
tent,K,3,5,0.05,1.3,1.000e-08,220,-3.677856,0.000000,0.902432,0.900484
tent,K,3,5,0.05,1.3,1.000e-08,221,-3.684774,0.000000,0.902042,0.902008
tent,K,3,5,0.05,1.3,1.000e-08,222,-3.675071,0.000000,0.900712,0.900963
tent,K,3,5,0.05,1.3,1.000e-08,223,-3.681550,0.000000,0.902081,0.902109
tent,K,3,5,0.05,1.3,1.000e-08,224,-3.678344,0.000000,0.902674,0.900658
tent,K,3,5,0.05,1.3,1.000e-08,225,-3.689247,0.000000,0.901682,0.902137
tent,K,3,5,0.05,1.3,1.000e-08,226,-3.682605,0.000000,0.899804,0.901551
tent,K,3,5,0.05,1.3,1.000e-08,227,-3.701775,0.000000,0.904145,0.904915
tent,K,3,5,0.05,1.3,1.000e-08,228,-3.688760,0.000000,0.902397,0.904297
tent,K,3,5,0.05,1.3,1.000e-08,229,-3.692239,0.000000,0.902383,0.904396
tent,K,3,5,0.05,1.3,1.000e-08,230,-3.676672,0.000000,0.900791,0.900674
tent,K,3,5,0.05,1.3,1.000e-08,231,-3.682710,0.000000,0.901390,0.902132
tent,K,3,5,0.05,1.3,1.000e-08,232,-3.673951,0.000000,0.899980,0.900880
tent,K,3,5,0.05,1.3,1.000e-08,233,-3.679560,0.000000,0.900315,0.902867
tent,K,3,5,0.05,1.3,1.000e-08,234,-3.676065,0.000000,0.900551,0.900886
tent,K,3,5,0.05,1.3,1.000e-08,235,-3.684670,0.000000,0.902243,0.901362
tent,K,3,5,0.05,1.3,1.000e-08,236,-3.677603,0.000000,0.900956,0.900885
tent,K,3,5,0.05,1.3,1.000e-08,237,-3.684863,0.000000,0.902773,0.902468
tent,K,3,5,0.05,1.3,1.000e-08,238,-3.682267,0.000000,0.902231,0.901500
tent,K,3,5,0.05,1.3,1.000e-08,239,-3.691589,0.000000,0.902702,0.904222
tent,K,3,5,0.05,1.3,1.000e-08,240,-3.683665,0.000000,0.902163,0.901594
tent,K,3,5,0.05,1.3,1.000e-08,241,-3.689048,0.000000,0.903914,0.902195
tent,K,3,5,0.05,1.3,1.000e-08,242,-3.681214,0.000000,0.901661,0.900207
tent,K,3,5,0.05,1.3,1.000e-08,243,-3.687433,0.000000,0.903024,0.902101
tent,K,3,5,0.05,1.3,1.000e-08,244,-3.682938,0.000000,0.900610,0.901761
tent,K,3,5,0.05,1.3,1.000e-08,245,-3.689639,0.000000,0.903119,0.904462
tent,K,3,5,0.05,1.3,1.000e-08,246,-3.677418,0.000000,0.901394,0.902547
tent,K,3,5,0.05,1.3,1.000e-08,247,-3.684582,0.000000,0.902577,0.903684
tent,K,3,5,0.05,1.3,1.000e-08,248,-3.674341,0.000000,0.900628,0.898529
tent,K,3,5,0.05,1.3,1.000e-08,249,-3.682407,0.000000,0.900427,0.901121
tent,K,3,5,0.05,1.3,1.000e-08,250,-3.684222,0.000000,0.902616,0.901108
tent,K,3,5,0.05,1.3,1.000e-08,251,-3.692639,0.000000,0.904355,0.901418
tent,K,3,5,0.05,1.3,1.000e-08,252,-3.685755,0.000000,0.902855,0.900171
tent,K,3,5,0.05,1.3,1.000e-08,253,-3.691975,0.000000,0.903263,0.901469
tent,K,3,5,0.05,1.3,1.000e-08,254,-3.690239,0.000000,0.902045,0.899973
tent,K,3,5,0.05,1.3,1.000e-08,255,-3.693475,0.000000,0.902476,0.901474
tent,K,3,5,0.05,1.3,1.000e-08,256,-3.693873,0.000000,0.903437,0.902937
tent,K,3,5,0.05,1.3,1.000e-08,257,-3.696502,0.000000,0.904141,0.904624
tent,K,3,5,0.05,1.3,1.000e-08,258,-3.685564,0.000000,0.902684,0.902019
tent,K,3,5,0.05,1.3,1.000e-08,259,-3.689573,0.000000,0.902200,0.903092
tent,K,3,5,0.05,1.3,1.000e-08,260,-3.681124,0.000000,0.900853,0.900710
tent,K,3,5,0.05,1.3,1.000e-08,261,-3.693872,0.000000,0.902202,0.902939
tent,K,3,5,0.05,1.3,1.000e-08,262,-3.680009,0.000000,0.901761,0.900493
tent,K,3,5,0.05,1.3,1.000e-08,263,-3.691478,0.000000,0.903087,0.902613
tent,K,3,5,0.05,1.3,1.000e-08,264,-3.684958,0.000000,0.903184,0.901125
tent,K,3,5,0.05,1.3,1.000e-08,265,-3.687647,0.000000,0.903022,0.902161
tent,K,3,5,0.05,1.3,1.000e-08,266,-3.682518,0.000000,0.902132,0.902085
tent,K,3,5,0.05,1.3,1.000e-08,267,-3.690734,0.000000,0.903825,0.903256
tent,K,3,5,0.05,1.3,1.000e-08,268,-3.684960,0.000000,0.902524,0.902770
tent,K,3,5,0.05,1.3,1.000e-08,269,-3.686629,0.000000,0.902899,0.901448
tent,K,3,5,0.05,1.3,1.000e-08,270,-3.684525,0.000000,0.901677,0.901750
tent,K,3,5,0.05,1.3,1.000e-08,271,-3.695943,0.000000,0.903560,0.903996
tent,K,3,5,0.05,1.3,1.000e-08,272,-3.686814,0.000000,0.903114,0.902241
tent,K,3,5,0.05,1.3,1.000e-08,273,-3.693991,0.000000,0.903542,0.903986
tent,K,3,5,0.05,1.3,1.000e-08,274,-3.687920,0.000000,0.901740,0.902857
tent,K,3,5,0.05,1.3,1.000e-08,275,-3.698446,0.000000,0.902779,0.904774
tent,K,3,5,0.05,1.3,1.000e-08,276,-3.693393,0.000000,0.901766,0.902427
tent,K,3,5,0.05,1.3,1.000e-08,277,-3.696959,0.000000,0.902433,0.904544
tent,K,3,5,0.05,1.3,1.000e-08,278,-3.685120,0.000000,0.900257,0.902986
tent,K,3,5,0.05,1.3,1.000e-08,279,-3.694524,0.000000,0.902358,0.903610
tent,K,3,5,0.05,1.3,1.000e-08,280,-3.689050,0.000000,0.902793,0.902136
tent,K,3,5,0.05,1.3,1.000e-08,281,-3.691945,0.000000,0.903076,0.904107
tent,K,3,5,0.05,1.3,1.000e-08,282,-3.687723,0.000000,0.902707,0.904215
tent,K,3,5,0.05,1.3,1.000e-08,283,-3.691937,0.000000,0.903494,0.905156
tent,K,3,5,0.05,1.3,1.000e-08,284,-3.684980,0.000000,0.900299,0.903717
tent,K,3,5,0.05,1.3,1.000e-08,285,-3.690218,0.000000,0.902694,0.904627
tent,K,3,5,0.05,1.3,1.000e-08,286,-3.676857,0.000000,0.899117,0.900468
tent,K,3,5,0.05,1.3,1.000e-08,287,-3.690888,0.000000,0.902916,0.904025
tent,K,3,5,0.05,1.3,1.000e-08,288,-3.680625,0.000000,0.901596,0.901417
tent,K,3,5,0.05,1.3,1.000e-08,289,-3.689534,0.000000,0.902418,0.903407
tent,K,3,5,0.05,1.3,1.000e-08,290,-3.678776,0.000000,0.899619,0.901422
tent,K,3,5,0.05,1.3,1.000e-08,291,-3.690602,0.000000,0.901629,0.904369
tent,K,3,5,0.05,1.3,1.000e-08,292,-3.679973,0.000000,0.901526,0.900627
tent,K,3,5,0.05,1.3,1.000e-08,293,-3.686214,0.000000,0.902713,0.903190
tent,K,3,5,0.05,1.3,1.000e-08,294,-3.676929,0.000000,0.901756,0.901023
tent,K,3,5,0.05,1.3,1.000e-08,295,-3.683840,0.000000,0.902170,0.901689
tent,K,3,5,0.05,1.3,1.000e-08,296,-3.676666,0.000000,0.901878,0.898951
tent,K,3,5,0.05,1.3,1.000e-08,297,-3.687001,0.000000,0.903762,0.900817
tent,K,3,5,0.05,1.3,1.000e-08,298,-3.683503,0.000000,0.901943,0.901751
tent,K,3,5,0.05,1.3,1.000e-08,299,-3.696705,0.000000,0.903536,0.904243
tent,K,3,5,0.05,1.3,1.000e-08,300,-3.690304,0.000000,0.902328,0.903305
tent,K,3,5,0.05,1.3,1.000e-08,301,-3.698297,0.000000,0.903827,0.903790
tent,K,3,5,0.05,1.3,1.000e-08,302,-3.690063,0.000000,0.902608,0.903720
tent,K,3,5,0.05,1.3,1.000e-08,303,-3.689570,0.000000,0.902818,0.903461
tent,K,3,5,0.05,1.3,1.000e-08,304,-3.684876,0.000000,0.902644,0.902460
tent,K,3,5,0.05,1.3,1.000e-08,305,-3.695033,0.000000,0.903391,0.904280
tent,K,3,5,0.05,1.3,1.000e-08,306,-3.689225,0.000000,0.901372,0.903489
tent,K,3,5,0.05,1.3,1.000e-08,307,-3.692737,0.000000,0.903688,0.903882
tent,K,3,5,0.05,1.3,1.000e-08,308,-3.689059,0.000000,0.903760,0.902154
tent,K,3,5,0.05,1.3,1.000e-08,309,-3.692942,0.000000,0.903523,0.904795
tent,K,3,5,0.05,1.3,1.000e-08,310,-3.678924,0.000000,0.902353,0.900096
tent,K,3,5,0.05,1.3,1.000e-08,311,-3.682964,0.000000,0.902864,0.902131
tent,K,3,5,0.05,1.3,1.000e-08,312,-3.673247,0.000000,0.901659,0.900170
tent,K,3,5,0.05,1.3,1.000e-08,313,-3.684008,0.000000,0.903627,0.900949
tent,K,3,5,0.05,1.3,1.000e-08,314,-3.679922,0.000000,0.902412,0.900409
tent,K,3,5,0.05,1.3,1.000e-08,315,-3.683987,0.000000,0.903410,0.901113
tent,K,3,5,0.05,1.3,1.000e-08,316,-3.680674,0.000000,0.903353,0.899353
tent,K,3,5,0.05,1.3,1.000e-08,317,-3.687218,0.000000,0.903725,0.901154
tent,K,3,5,0.05,1.3,1.000e-08,318,-3.681851,0.000000,0.901650,0.901440
tent,K,3,5,0.05,1.3,1.000e-08,319,-3.690252,0.000000,0.903367,0.903138
tent,K,3,5,0.05,1.3,1.000e-08,320,-3.680804,0.000000,0.902580,0.900818
tent,K,3,5,0.05,1.3,1.000e-08,321,-3.692901,0.000000,0.903872,0.902900
tent,K,3,5,0.05,1.3,1.000e-08,322,-3.686973,0.000000,0.902462,0.903006
tent,K,3,5,0.05,1.3,1.000e-08,323,-3.688819,0.000000,0.903506,0.904135
tent,K,3,5,0.05,1.3,1.000e-08,324,-3.673543,0.000000,0.901815,0.902334
tent,K,3,5,0.05,1.3,1.000e-08,325,-3.672806,0.000000,0.902693,0.900882
tent,K,3,5,0.05,1.3,1.000e-08,326,-3.660366,0.000000,0.901419,0.897769
tent,K,3,5,0.05,1.3,1.000e-08,327,-3.667027,0.000000,0.900640,0.900415
tent,K,3,5,0.05,1.3,1.000e-08,328,-3.666199,0.000000,0.899627,0.899129
tent,K,3,5,0.05,1.3,1.000e-08,329,-3.673774,0.000000,0.900535,0.901827
tent,K,3,5,0.05,1.3,1.000e-08,330,-3.670730,0.000000,0.899975,0.900666
tent,K,3,5,0.05,1.3,1.000e-08,331,-3.683362,0.000000,0.902424,0.902850
tent,K,3,5,0.05,1.3,1.000e-08,332,-3.673417,0.000000,0.901200,0.901116
tent,K,3,5,0.05,1.3,1.000e-08,333,-3.683833,0.000000,0.902544,0.902074
tent,K,3,5,0.05,1.3,1.000e-08,334,-3.674486,0.000000,0.901616,0.900529
tent,K,3,5,0.05,1.3,1.000e-08,335,-3.685162,0.000000,0.903255,0.901934
tent,K,3,5,0.05,1.3,1.000e-08,336,-3.678578,0.000000,0.901509,0.899771
tent,K,3,5,0.05,1.3,1.000e-08,337,-3.691466,0.000000,0.903245,0.902316
tent,K,3,5,0.05,1.3,1.000e-08,338,-3.681071,0.000000,0.901861,0.901786
tent,K,3,5,0.05,1.3,1.000e-08,339,-3.687861,0.000000,0.902533,0.902822
tent,K,3,5,0.05,1.3,1.000e-08,340,-3.679727,0.000000,0.900983,0.900203
tent,K,3,5,0.05,1.3,1.000e-08,341,-3.686301,0.000000,0.902518,0.901680
tent,K,3,5,0.05,1.3,1.000e-08,342,-3.681883,0.000000,0.901916,0.900203
tent,K,3,5,0.05,1.3,1.000e-08,343,-3.688713,0.000000,0.903232,0.902188
tent,K,3,5,0.05,1.3,1.000e-08,344,-3.679234,0.000000,0.900640,0.899985
tent,K,3,5,0.05,1.3,1.000e-08,345,-3.688199,0.000000,0.903112,0.901704
tent,K,3,5,0.05,1.3,1.000e-08,346,-3.682183,0.000000,0.901438,0.899174
tent,K,3,5,0.05,1.3,1.000e-08,347,-3.692761,0.000000,0.902776,0.903095
tent,K,3,5,0.05,1.3,1.000e-08,348,-3.679765,0.000000,0.901926,0.901349
tent,K,3,5,0.05,1.3,1.000e-08,349,-3.686927,0.000000,0.903056,0.904155
tent,K,3,5,0.05,1.3,1.000e-08,350,-3.680963,0.000000,0.902032,0.901705
tent,K,3,5,0.05,1.3,1.000e-08,351,-3.685765,0.000000,0.902918,0.902912
tent,K,3,5,0.05,1.3,1.000e-08,352,-3.679473,0.000000,0.902420,0.900712
tent,K,3,5,0.05,1.3,1.000e-08,353,-3.688459,0.000000,0.904561,0.902828
tent,K,3,5,0.05,1.3,1.000e-08,354,-3.685837,0.000000,0.904174,0.900733
tent,K,3,5,0.05,1.3,1.000e-08,355,-3.686910,0.000000,0.903933,0.903209
tent,K,3,5,0.05,1.3,1.000e-08,356,-3.678954,0.000000,0.901567,0.900169
tent,K,3,5,0.05,1.3,1.000e-08,357,-3.686710,0.000000,0.902780,0.902506
tent,K,3,5,0.05,1.3,1.000e-08,358,-3.678518,0.000000,0.900751,0.901174
tent,K,3,5,0.05,1.3,1.000e-08,359,-3.693074,0.000000,0.903588,0.902622
tent,K,3,5,0.05,1.3,1.000e-08,360,-3.686207,0.000000,0.902354,0.900859
tent,K,3,5,0.05,1.3,1.000e-08,361,-3.690592,0.000000,0.903509,0.902256
tent,K,3,5,0.05,1.3,1.000e-08,362,-3.683061,0.000000,0.901512,0.901753
tent,K,3,5,0.05,1.3,1.000e-08,363,-3.689312,0.000000,0.902400,0.903216
tent,K,3,5,0.05,1.3,1.000e-08,364,-3.688582,0.000000,0.902589,0.901145
tent,K,3,5,0.05,1.3,1.000e-08,365,-3.699925,0.000000,0.903675,0.904086
tent,K,3,5,0.05,1.3,1.000e-08,366,-3.688835,0.000000,0.903300,0.902377
tent,K,3,5,0.05,1.3,1.000e-08,367,-3.691407,0.000000,0.902921,0.903346
tent,K,3,5,0.05,1.3,1.000e-08,368,-3.683242,0.000000,0.902617,0.900561
tent,K,3,5,0.05,1.3,1.000e-08,369,-3.691573,0.000000,0.903365,0.902738
tent,K,3,5,0.05,1.3,1.000e-08,370,-3.684025,0.000000,0.901585,0.902088
tent,K,3,5,0.05,1.3,1.000e-08,371,-3.686492,0.000000,0.902363,0.903798
tent,K,3,5,0.05,1.3,1.000e-08,372,-3.677580,0.000000,0.901130,0.902638
tent,K,3,5,0.05,1.3,1.000e-08,373,-3.683753,0.000000,0.902614,0.902860
tent,K,3,5,0.05,1.3,1.000e-08,374,-3.676984,0.000000,0.902283,0.899817
tent,K,3,5,0.05,1.3,1.000e-08,375,-3.689523,0.000000,0.902480,0.902476
tent,K,3,5,0.05,1.3,1.000e-08,376,-3.679175,0.000000,0.901069,0.899795
tent,K,3,5,0.05,1.3,1.000e-08,377,-3.682995,0.000000,0.901502,0.901162
tent,K,3,5,0.05,1.3,1.000e-08,378,-3.678217,0.000000,0.899853,0.902094
tent,K,3,5,0.05,1.3,1.000e-08,379,-3.689448,0.000000,0.902623,0.905085
tent,K,3,5,0.05,1.3,1.000e-08,380,-3.678662,0.000000,0.901335,0.901498
tent,K,3,5,0.05,1.3,1.000e-08,381,-3.684685,0.000000,0.902143,0.902286
tent,K,3,5,0.05,1.3,1.000e-08,382,-3.679912,0.000000,0.900803,0.901875
tent,K,3,5,0.05,1.3,1.000e-08,383,-3.687530,0.000000,0.902616,0.902459
tent,K,3,5,0.05,1.3,1.000e-08,384,-3.685300,0.000000,0.902358,0.901612
tent,K,3,5,0.05,1.3,1.000e-08,385,-3.694652,0.000000,0.904377,0.902678
tent,K,3,5,0.05,1.3,1.000e-08,386,-3.683876,0.000000,0.902753,0.901305
tent,K,3,5,0.05,1.3,1.000e-08,387,-3.689515,0.000000,0.903166,0.903265
tent,K,3,5,0.05,1.3,1.000e-08,388,-3.683756,0.000000,0.901651,0.902582
tent,K,3,5,0.05,1.3,1.000e-08,389,-3.682903,0.000000,0.901059,0.902669
tent,K,3,5,0.05,1.3,1.000e-08,390,-3.679925,0.000000,0.900854,0.902360
tent,K,3,5,0.05,1.3,1.000e-08,391,-3.688720,0.000000,0.902486,0.902791
tent,K,3,5,0.05,1.3,1.000e-08,392,-3.681010,0.000000,0.901931,0.900718
tent,K,3,5,0.05,1.3,1.000e-08,393,-3.684984,0.000000,0.902493,0.901407
tent,K,3,5,0.05,1.3,1.000e-08,394,-3.677315,0.000000,0.902476,0.901221
tent,K,3,5,0.05,1.3,1.000e-08,395,-3.690126,0.000000,0.903021,0.902683
tent,K,3,5,0.05,1.3,1.000e-08,396,-3.681487,0.000000,0.901705,0.901204
tent,K,3,5,0.05,1.3,1.000e-08,397,-3.688176,0.000000,0.903243,0.902964
tent,K,3,5,0.05,1.3,1.000e-08,398,-3.681951,0.000000,0.902258,0.900455
tent,K,3,5,0.05,1.3,1.000e-08,399,-3.690224,0.000000,0.902394,0.902529
tent,K,3,5,0.05,1.3,1.000e-08,400,-3.676069,0.000000,0.900728,0.900446
tent,K,3,5,0.05,1.3,1.000e-06,1,-13.611414,0.000000,1.000000,1.000000
tent,K,3,5,0.05,1.3,1.000e-06,2,-13.889696,0.000000,1.000000,1.000000
tent,K,3,5,0.05,1.3,1.000e-06,3,-13.336435,0.000000,1.000000,1.000000
tent,K,3,5,0.05,1.3,1.000e-06,4,-13.575362,0.000000,1.000000,1.000000
tent,K,3,5,0.05,1.3,1.000e-06,5,-12.987733,0.000000,1.000000,1.000000
tent,K,3,5,0.05,1.3,1.000e-06,6,-13.037593,0.000000,1.000000,1.000000
tent,K,3,5,0.05,1.3,1.000e-06,7,-12.605403,0.000000,1.000000,1.000000
tent,K,3,5,0.05,1.3,1.000e-06,8,-12.503539,0.000000,1.000000,1.000000
tent,K,3,5,0.05,1.3,1.000e-06,9,-12.174265,0.000000,1.000000,1.000000
tent,K,3,5,0.05,1.3,1.000e-06,10,-11.998491,0.000000,1.000000,1.000000
tent,K,3,5,0.05,1.3,1.000e-06,11,-11.689965,0.000000,1.000000,1.000000
tent,K,3,5,0.05,1.3,1.000e-06,12,-11.479109,0.000000,1.000000,1.000000
tent,K,3,5,0.05,1.3,1.000e-06,13,-11.192864,0.000000,1.000000,1.000000
tent,K,3,5,0.05,1.3,1.000e-06,14,-10.963834,0.000000,1.000000,1.000000
tent,K,3,5,0.05,1.3,1.000e-06,15,-10.678651,0.000000,1.000000,1.000000
tent,K,3,5,0.05,1.3,1.000e-06,16,-10.445503,0.000000,1.000000,1.000000
tent,K,3,5,0.05,1.3,1.000e-06,17,-10.165973,0.000000,1.000000,1.000000
tent,K,3,5,0.05,1.3,1.000e-06,18,-9.925836,0.000000,0.999999,0.999999
tent,K,3,5,0.05,1.3,1.000e-06,19,-9.647613,0.000000,0.999999,0.999999
tent,K,3,5,0.05,1.3,1.000e-06,20,-9.406055,0.000000,0.999998,0.999998
tent,K,3,5,0.05,1.3,1.000e-06,21,-9.128178,0.000000,0.999997,0.999997
tent,K,3,5,0.05,1.3,1.000e-06,22,-8.886477,0.000000,0.999995,0.999995
tent,K,3,5,0.05,1.3,1.000e-06,23,-8.608892,0.000000,0.999991,0.999990
tent,K,3,5,0.05,1.3,1.000e-06,24,-8.364108,0.000000,0.999986,0.999984
tent,K,3,5,0.05,1.3,1.000e-06,25,-8.087577,0.000000,0.999974,0.999970
tent,K,3,5,0.05,1.3,1.000e-06,26,-7.844066,0.000000,0.999959,0.999954
tent,K,3,5,0.05,1.3,1.000e-06,27,-7.567182,0.000000,0.999922,0.999913
tent,K,3,5,0.05,1.3,1.000e-06,28,-7.324577,0.000000,0.999879,0.999864
tent,K,3,5,0.05,1.3,1.000e-06,29,-7.048022,0.000000,0.999775,0.999746
tent,K,3,5,0.05,1.3,1.000e-06,30,-6.810690,0.000000,0.999652,0.999611
tent,K,3,5,0.05,1.3,1.000e-06,31,-6.537445,0.000000,0.999342,0.999265
tent,K,3,5,0.05,1.3,1.000e-06,32,-6.308067,0.000000,0.999024,0.998896
tent,K,3,5,0.05,1.3,1.000e-06,33,-6.038108,0.000000,0.998165,0.997916
tent,K,3,5,0.05,1.3,1.000e-06,34,-5.825229,0.000000,0.997378,0.997010
tent,K,3,5,0.05,1.3,1.000e-06,35,-5.559599,0.000000,0.995103,0.994417
tent,K,3,5,0.05,1.3,1.000e-06,36,-5.367806,0.000000,0.993429,0.992476
tent,K,3,5,0.05,1.3,1.000e-06,37,-5.109987,0.000000,0.987749,0.985975
tent,K,3,5,0.05,1.3,1.000e-06,38,-4.949545,0.000000,0.985409,0.983493
tent,K,3,5,0.05,1.3,1.000e-06,39,-4.703748,0.000000,0.973486,0.969619
tent,K,3,5,0.05,1.3,1.000e-06,40,-4.598701,0.000000,0.975080,0.971596
tent,K,3,5,0.05,1.3,1.000e-06,41,-4.380486,0.000000,0.957113,0.949831
tent,K,3,5,0.05,1.3,1.000e-06,42,-4.345231,0.000000,0.964606,0.962219
tent,K,3,5,0.05,1.3,1.000e-06,43,-4.167133,0.000000,0.946813,0.941688
tent,K,3,5,0.05,1.3,1.000e-06,44,-4.125358,0.000000,0.948443,0.952098
tent,K,3,5,0.05,1.3,1.000e-06,45,-4.002256,0.000000,0.935651,0.932456
tent,K,3,5,0.05,1.3,1.000e-06,46,-3.952246,0.000000,0.926874,0.940157
tent,K,3,5,0.05,1.3,1.000e-06,47,-3.879104,0.000000,0.920469,0.924092
tent,K,3,5,0.05,1.3,1.000e-06,48,-3.841525,0.000000,0.912056,0.932739
tent,K,3,5,0.05,1.3,1.000e-06,49,-3.799925,0.000000,0.909322,0.918016
tent,K,3,5,0.05,1.3,1.000e-06,50,-3.781716,0.000000,0.902901,0.925057
tent,K,3,5,0.05,1.3,1.000e-06,51,-3.753712,0.000000,0.902457,0.913113
tent,K,3,5,0.05,1.3,1.000e-06,52,-3.748030,0.000000,0.904093,0.919095
tent,K,3,5,0.05,1.3,1.000e-06,53,-3.732019,0.000000,0.904481,0.909482
tent,K,3,5,0.05,1.3,1.000e-06,54,-3.724206,0.000000,0.903693,0.913219
tent,K,3,5,0.05,1.3,1.000e-06,55,-3.711947,0.000000,0.902063,0.906746
tent,K,3,5,0.05,1.3,1.000e-06,56,-3.705452,0.000000,0.903451,0.907230
tent,K,3,5,0.05,1.3,1.000e-06,57,-3.699117,0.000000,0.903368,0.904200
tent,K,3,5,0.05,1.3,1.000e-06,58,-3.692433,0.000000,0.902153,0.904198
tent,K,3,5,0.05,1.3,1.000e-06,59,-3.692736,0.000000,0.902518,0.902852
tent,K,3,5,0.05,1.3,1.000e-06,60,-3.689537,0.000000,0.901043,0.903083
tent,K,3,5,0.05,1.3,1.000e-06,61,-3.693920,0.000000,0.901821,0.904183
tent,K,3,5,0.05,1.3,1.000e-06,62,-3.691497,0.000000,0.902023,0.902551
tent,K,3,5,0.05,1.3,1.000e-06,63,-3.696530,0.000000,0.903799,0.904299
tent,K,3,5,0.05,1.3,1.000e-06,64,-3.689367,0.000000,0.903133,0.901047
tent,K,3,5,0.05,1.3,1.000e-06,65,-3.691804,0.000000,0.904039,0.901797
tent,K,3,5,0.05,1.3,1.000e-06,66,-3.683608,0.000000,0.903481,0.900611
tent,K,3,5,0.05,1.3,1.000e-06,67,-3.684086,0.000000,0.902415,0.902460
tent,K,3,5,0.05,1.3,1.000e-06,68,-3.676882,0.000000,0.902012,0.901802
tent,K,3,5,0.05,1.3,1.000e-06,69,-3.681733,0.000000,0.902811,0.902944
tent,K,3,5,0.05,1.3,1.000e-06,70,-3.679008,0.000000,0.900588,0.901998
tent,K,3,5,0.05,1.3,1.000e-06,71,-3.686624,0.000000,0.901778,0.903642
tent,K,3,5,0.05,1.3,1.000e-06,72,-3.677813,0.000000,0.901939,0.902561
tent,K,3,5,0.05,1.3,1.000e-06,73,-3.685540,0.000000,0.902975,0.903567
tent,K,3,5,0.05,1.3,1.000e-06,74,-3.675590,0.000000,0.900425,0.900029
tent,K,3,5,0.05,1.3,1.000e-06,75,-3.684333,0.000000,0.901076,0.902863
tent,K,3,5,0.05,1.3,1.000e-06,76,-3.678381,0.000000,0.900672,0.901174
tent,K,3,5,0.05,1.3,1.000e-06,77,-3.692210,0.000000,0.902957,0.903184
tent,K,3,5,0.05,1.3,1.000e-06,78,-3.686353,0.000000,0.902526,0.902114
tent,K,3,5,0.05,1.3,1.000e-06,79,-3.690274,0.000000,0.903068,0.901914
tent,K,3,5,0.05,1.3,1.000e-06,80,-3.687929,0.000000,0.901505,0.902573
tent,K,3,5,0.05,1.3,1.000e-06,81,-3.696937,0.000000,0.903592,0.903811
tent,K,3,5,0.05,1.3,1.000e-06,82,-3.690684,0.000000,0.901624,0.901457
tent,K,3,5,0.05,1.3,1.000e-06,83,-3.697597,0.000000,0.902526,0.903070
tent,K,3,5,0.05,1.3,1.000e-06,84,-3.696912,0.000000,0.903004,0.902742
tent,K,3,5,0.05,1.3,1.000e-06,85,-3.705491,0.000000,0.904325,0.904646
tent,K,3,5,0.05,1.3,1.000e-06,86,-3.694283,0.000000,0.902047,0.902485
tent,K,3,5,0.05,1.3,1.000e-06,87,-3.700717,0.000000,0.903642,0.905925
tent,K,3,5,0.05,1.3,1.000e-06,88,-3.689220,0.000000,0.901485,0.902487
tent,K,3,5,0.05,1.3,1.000e-06,89,-3.694755,0.000000,0.903269,0.903688
tent,K,3,5,0.05,1.3,1.000e-06,90,-3.684296,0.000000,0.900703,0.902414
tent,K,3,5,0.05,1.3,1.000e-06,91,-3.695137,0.000000,0.904355,0.902298
tent,K,3,5,0.05,1.3,1.000e-06,92,-3.682189,0.000000,0.901224,0.900052
tent,K,3,5,0.05,1.3,1.000e-06,93,-3.683313,0.000000,0.902730,0.902465
tent,K,3,5,0.05,1.3,1.000e-06,94,-3.681317,0.000000,0.902112,0.902610
tent,K,3,5,0.05,1.3,1.000e-06,95,-3.691254,0.000000,0.903161,0.903139
tent,K,3,5,0.05,1.3,1.000e-06,96,-3.684813,0.000000,0.901815,0.900522
tent,K,3,5,0.05,1.3,1.000e-06,97,-3.689869,0.000000,0.903225,0.902482
tent,K,3,5,0.05,1.3,1.000e-06,98,-3.684922,0.000000,0.904335,0.901341
tent,K,3,5,0.05,1.3,1.000e-06,99,-3.684220,0.000000,0.904435,0.902362
tent,K,3,5,0.05,1.3,1.000e-06,100,-3.671853,0.000000,0.901176,0.900667
tent,K,3,5,0.05,1.3,1.000e-06,101,-3.686999,0.000000,0.903038,0.902026
tent,K,3,5,0.05,1.3,1.000e-06,102,-3.676378,0.000000,0.901083,0.899222
tent,K,3,5,0.05,1.3,1.000e-06,103,-3.683469,0.000000,0.902341,0.901280
tent,K,3,5,0.05,1.3,1.000e-06,104,-3.675984,0.000000,0.901107,0.902640
tent,K,3,5,0.05,1.3,1.000e-06,105,-3.682632,0.000000,0.901439,0.903683
tent,K,3,5,0.05,1.3,1.000e-06,106,-3.676032,0.000000,0.900471,0.902165
tent,K,3,5,0.05,1.3,1.000e-06,107,-3.681959,0.000000,0.901991,0.901556
tent,K,3,5,0.05,1.3,1.000e-06,108,-3.672342,0.000000,0.899566,0.901106
tent,K,3,5,0.05,1.3,1.000e-06,109,-3.684443,0.000000,0.902270,0.902249
tent,K,3,5,0.05,1.3,1.000e-06,110,-3.682237,0.000000,0.900931,0.901949
tent,K,3,5,0.05,1.3,1.000e-06,111,-3.685372,0.000000,0.901511,0.902021
tent,K,3,5,0.05,1.3,1.000e-06,112,-3.684371,0.000000,0.900766,0.902942
tent,K,3,5,0.05,1.3,1.000e-06,113,-3.692941,0.000000,0.901742,0.903537
tent,K,3,5,0.05,1.3,1.000e-06,114,-3.681910,0.000000,0.900470,0.901529
tent,K,3,5,0.05,1.3,1.000e-06,115,-3.693517,0.000000,0.902633,0.903606
tent,K,3,5,0.05,1.3,1.000e-06,116,-3.685221,0.000000,0.902423,0.902028
tent,K,3,5,0.05,1.3,1.000e-06,117,-3.689605,0.000000,0.903211,0.904432
tent,K,3,5,0.05,1.3,1.000e-06,118,-3.678944,0.000000,0.901472,0.901998
tent,K,3,5,0.05,1.3,1.000e-06,119,-3.683798,0.000000,0.902139,0.902424
tent,K,3,5,0.05,1.3,1.000e-06,120,-3.679535,0.000000,0.901617,0.900512
tent,K,3,5,0.05,1.3,1.000e-06,121,-3.687081,0.000000,0.902504,0.901261
tent,K,3,5,0.05,1.3,1.000e-06,122,-3.684946,0.000000,0.902026,0.901243
tent,K,3,5,0.05,1.3,1.000e-06,123,-3.691380,0.000000,0.903257,0.901434
tent,K,3,5,0.05,1.3,1.000e-06,124,-3.684599,0.000000,0.903124,0.900476
tent,K,3,5,0.05,1.3,1.000e-06,125,-3.692026,0.000000,0.904497,0.903615
tent,K,3,5,0.05,1.3,1.000e-06,126,-3.682091,0.000000,0.902688,0.901836
tent,K,3,5,0.05,1.3,1.000e-06,127,-3.689537,0.000000,0.901921,0.902720
tent,K,3,5,0.05,1.3,1.000e-06,128,-3.685546,0.000000,0.902110,0.900358
tent,K,3,5,0.05,1.3,1.000e-06,129,-3.695676,0.000000,0.904868,0.901370
tent,K,3,5,0.05,1.3,1.000e-06,130,-3.690140,0.000000,0.903470,0.901671
tent,K,3,5,0.05,1.3,1.000e-06,131,-3.697202,0.000000,0.905953,0.902461
tent,K,3,5,0.05,1.3,1.000e-06,132,-3.688795,0.000000,0.903255,0.901945
tent,K,3,5,0.05,1.3,1.000e-06,133,-3.688209,0.000000,0.902814,0.904280
tent,K,3,5,0.05,1.3,1.000e-06,134,-3.677610,0.000000,0.901390,0.901043
tent,K,3,5,0.05,1.3,1.000e-06,135,-3.685833,0.000000,0.903132,0.902428
tent,K,3,5,0.05,1.3,1.000e-06,136,-3.673002,0.000000,0.902125,0.899529
tent,K,3,5,0.05,1.3,1.000e-06,137,-3.679586,0.000000,0.901499,0.901821
tent,K,3,5,0.05,1.3,1.000e-06,138,-3.676871,0.000000,0.900102,0.900928
tent,K,3,5,0.05,1.3,1.000e-06,139,-3.684662,0.000000,0.901948,0.903370
tent,K,3,5,0.05,1.3,1.000e-06,140,-3.679523,0.000000,0.902407,0.902321
tent,K,3,5,0.05,1.3,1.000e-06,141,-3.683012,0.000000,0.902487,0.901327
tent,K,3,5,0.05,1.3,1.000e-06,142,-3.672562,0.000000,0.900778,0.899403
tent,K,3,5,0.05,1.3,1.000e-06,143,-3.684820,0.000000,0.902657,0.901648
tent,K,3,5,0.05,1.3,1.000e-06,144,-3.684922,0.000000,0.902374,0.900776
tent,K,3,5,0.05,1.3,1.000e-06,145,-3.693274,0.000000,0.902722,0.903346
tent,K,3,5,0.05,1.3,1.000e-06,146,-3.682431,0.000000,0.901528,0.901961
tent,K,3,5,0.05,1.3,1.000e-06,147,-3.690003,0.000000,0.903224,0.901925
tent,K,3,5,0.05,1.3,1.000e-06,148,-3.686443,0.000000,0.901366,0.900553
tent,K,3,5,0.05,1.3,1.000e-06,149,-3.695398,0.000000,0.902272,0.903240
tent,K,3,5,0.05,1.3,1.000e-06,150,-3.686934,0.000000,0.901070,0.902152
tent,K,3,5,0.05,1.3,1.000e-06,151,-3.692612,0.000000,0.901859,0.903003
tent,K,3,5,0.05,1.3,1.000e-06,152,-3.686204,0.000000,0.900751,0.902016
tent,K,3,5,0.05,1.3,1.000e-06,153,-3.691298,0.000000,0.902493,0.903403
tent,K,3,5,0.05,1.3,1.000e-06,154,-3.686222,0.000000,0.901788,0.903619
tent,K,3,5,0.05,1.3,1.000e-06,155,-3.695777,0.000000,0.903809,0.903628
tent,K,3,5,0.05,1.3,1.000e-06,156,-3.691536,0.000000,0.902555,0.902217
tent,K,3,5,0.05,1.3,1.000e-06,157,-3.701742,0.000000,0.903081,0.904594
tent,K,3,5,0.05,1.3,1.000e-06,158,-3.687634,0.000000,0.902536,0.903442
tent,K,3,5,0.05,1.3,1.000e-06,159,-3.688549,0.000000,0.904368,0.903225
tent,K,3,5,0.05,1.3,1.000e-06,160,-3.673406,0.000000,0.901968,0.901358
tent,K,3,5,0.05,1.3,1.000e-06,161,-3.682730,0.000000,0.903237,0.901104
tent,K,3,5,0.05,1.3,1.000e-06,162,-3.675046,0.000000,0.900719,0.898808
tent,K,3,5,0.05,1.3,1.000e-06,163,-3.691695,0.000000,0.903558,0.901106
tent,K,3,5,0.05,1.3,1.000e-06,164,-3.684822,0.000000,0.902142,0.901895
tent,K,3,5,0.05,1.3,1.000e-06,165,-3.687889,0.000000,0.902291,0.902826
tent,K,3,5,0.05,1.3,1.000e-06,166,-3.682012,0.000000,0.900675,0.901469
tent,K,3,5,0.05,1.3,1.000e-06,167,-3.691409,0.000000,0.901499,0.903301
tent,K,3,5,0.05,1.3,1.000e-06,168,-3.689575,0.000000,0.902263,0.903149
tent,K,3,5,0.05,1.3,1.000e-06,169,-3.692386,0.000000,0.903042,0.904378
tent,K,3,5,0.05,1.3,1.000e-06,170,-3.684340,0.000000,0.901373,0.901414
tent,K,3,5,0.05,1.3,1.000e-06,171,-3.686553,0.000000,0.902371,0.902025
tent,K,3,5,0.05,1.3,1.000e-06,172,-3.681080,0.000000,0.902169,0.900242
tent,K,3,5,0.05,1.3,1.000e-06,173,-3.692003,0.000000,0.903749,0.902549
tent,K,3,5,0.05,1.3,1.000e-06,174,-3.681679,0.000000,0.902037,0.900475
tent,K,3,5,0.05,1.3,1.000e-06,175,-3.692194,0.000000,0.903511,0.902706
tent,K,3,5,0.05,1.3,1.000e-06,176,-3.691929,0.000000,0.904417,0.902081
tent,K,3,5,0.05,1.3,1.000e-06,177,-3.697275,0.000000,0.904876,0.903402
tent,K,3,5,0.05,1.3,1.000e-06,178,-3.683917,0.000000,0.902746,0.900325
tent,K,3,5,0.05,1.3,1.000e-06,179,-3.689295,0.000000,0.903742,0.902354
tent,K,3,5,0.05,1.3,1.000e-06,180,-3.683414,0.000000,0.901743,0.901758
tent,K,3,5,0.05,1.3,1.000e-06,181,-3.694934,0.000000,0.902097,0.904930
tent,K,3,5,0.05,1.3,1.000e-06,182,-3.685391,0.000000,0.901298,0.902276
tent,K,3,5,0.05,1.3,1.000e-06,183,-3.698179,0.000000,0.904521,0.903450
tent,K,3,5,0.05,1.3,1.000e-06,184,-3.683924,0.000000,0.903838,0.900398
tent,K,3,5,0.05,1.3,1.000e-06,185,-3.690097,0.000000,0.904325,0.900363
tent,K,3,5,0.05,1.3,1.000e-06,186,-3.680886,0.000000,0.903018,0.901027
tent,K,3,5,0.05,1.3,1.000e-06,187,-3.689345,0.000000,0.902981,0.902128
tent,K,3,5,0.05,1.3,1.000e-06,188,-3.688197,0.000000,0.902132,0.901717
tent,K,3,5,0.05,1.3,1.000e-06,189,-3.694504,0.000000,0.903995,0.902990
tent,K,3,5,0.05,1.3,1.000e-06,190,-3.683361,0.000000,0.903712,0.901444
tent,K,3,5,0.05,1.3,1.000e-06,191,-3.690839,0.000000,0.905182,0.902473
tent,K,3,5,0.05,1.3,1.000e-06,192,-3.679663,0.000000,0.902334,0.899952
tent,K,3,5,0.05,1.3,1.000e-06,193,-3.687358,0.000000,0.901658,0.901330
tent,K,3,5,0.05,1.3,1.000e-06,194,-3.686545,0.000000,0.903264,0.899631
tent,K,3,5,0.05,1.3,1.000e-06,195,-3.694460,0.000000,0.904539,0.902063
tent,K,3,5,0.05,1.3,1.000e-06,196,-3.685172,0.000000,0.902942,0.901135
tent,K,3,5,0.05,1.3,1.000e-06,197,-3.699859,0.000000,0.904398,0.904389
tent,K,3,5,0.05,1.3,1.000e-06,198,-3.688853,0.000000,0.902723,0.902527
tent,K,3,5,0.05,1.3,1.000e-06,199,-3.697823,0.000000,0.903568,0.904156
tent,K,3,5,0.05,1.3,1.000e-06,200,-3.690047,0.000000,0.902080,0.903781
tent,K,3,5,0.05,1.3,1.000e-06,201,-3.690164,0.000000,0.902413,0.904010
tent,K,3,5,0.05,1.3,1.000e-06,202,-3.682366,0.000000,0.902230,0.901710
tent,K,3,5,0.05,1.3,1.000e-06,203,-3.689907,0.000000,0.903301,0.903017
tent,K,3,5,0.05,1.3,1.000e-06,204,-3.682514,0.000000,0.901426,0.901713
tent,K,3,5,0.05,1.3,1.000e-06,205,-3.688715,0.000000,0.903141,0.902755
tent,K,3,5,0.05,1.3,1.000e-06,206,-3.684100,0.000000,0.901061,0.901829
tent,K,3,5,0.05,1.3,1.000e-06,207,-3.693350,0.000000,0.902253,0.905480
tent,K,3,5,0.05,1.3,1.000e-06,208,-3.680747,0.000000,0.899719,0.903556
tent,K,3,5,0.05,1.3,1.000e-06,209,-3.687161,0.000000,0.900565,0.905124
tent,K,3,5,0.05,1.3,1.000e-06,210,-3.678044,0.000000,0.899383,0.902544
tent,K,3,5,0.05,1.3,1.000e-06,211,-3.690819,0.000000,0.901110,0.904126
tent,K,3,5,0.05,1.3,1.000e-06,212,-3.680829,0.000000,0.899384,0.902164
tent,K,3,5,0.05,1.3,1.000e-06,213,-3.687847,0.000000,0.903047,0.902579
tent,K,3,5,0.05,1.3,1.000e-06,214,-3.679247,0.000000,0.902272,0.899553
tent,K,3,5,0.05,1.3,1.000e-06,215,-3.692958,0.000000,0.902680,0.902319
tent,K,3,5,0.05,1.3,1.000e-06,216,-3.687171,0.000000,0.901485,0.902422
tent,K,3,5,0.05,1.3,1.000e-06,217,-3.694980,0.000000,0.902332,0.905075
tent,K,3,5,0.05,1.3,1.000e-06,218,-3.686810,0.000000,0.899507,0.903137
tent,K,3,5,0.05,1.3,1.000e-06,219,-3.691042,0.000000,0.902063,0.903720
tent,K,3,5,0.05,1.3,1.000e-06,220,-3.678998,0.000000,0.900072,0.900420
tent,K,3,5,0.05,1.3,1.000e-06,221,-3.691678,0.000000,0.903275,0.902615
tent,K,3,5,0.05,1.3,1.000e-06,222,-3.681960,0.000000,0.901682,0.900923
tent,K,3,5,0.05,1.3,1.000e-06,223,-3.693801,0.000000,0.903528,0.903924
tent,K,3,5,0.05,1.3,1.000e-06,224,-3.688483,0.000000,0.902943,0.903926
tent,K,3,5,0.05,1.3,1.000e-06,225,-3.692512,0.000000,0.902392,0.904223
tent,K,3,5,0.05,1.3,1.000e-06,226,-3.684544,0.000000,0.901209,0.901734
tent,K,3,5,0.05,1.3,1.000e-06,227,-3.693726,0.000000,0.904377,0.902694
tent,K,3,5,0.05,1.3,1.000e-06,228,-3.680345,0.000000,0.902735,0.902187
tent,K,3,5,0.05,1.3,1.000e-06,229,-3.683775,0.000000,0.903409,0.901417
tent,K,3,5,0.05,1.3,1.000e-06,230,-3.672654,0.000000,0.901082,0.899452
tent,K,3,5,0.05,1.3,1.000e-06,231,-3.676354,0.000000,0.900102,0.901207
tent,K,3,5,0.05,1.3,1.000e-06,232,-3.672729,0.000000,0.899674,0.900898
tent,K,3,5,0.05,1.3,1.000e-06,233,-3.673326,0.000000,0.899808,0.901871
tent,K,3,5,0.05,1.3,1.000e-06,234,-3.669471,0.000000,0.898978,0.900189
tent,K,3,5,0.05,1.3,1.000e-06,235,-3.681774,0.000000,0.901996,0.902651
tent,K,3,5,0.05,1.3,1.000e-06,236,-3.678028,0.000000,0.902275,0.900581
tent,K,3,5,0.05,1.3,1.000e-06,237,-3.680804,0.000000,0.902470,0.901478
tent,K,3,5,0.05,1.3,1.000e-06,238,-3.676370,0.000000,0.900630,0.901306
tent,K,3,5,0.05,1.3,1.000e-06,239,-3.691032,0.000000,0.902443,0.903310
tent,K,3,5,0.05,1.3,1.000e-06,240,-3.679003,0.000000,0.900504,0.901179
tent,K,3,5,0.05,1.3,1.000e-06,241,-3.690282,0.000000,0.902362,0.903923
tent,K,3,5,0.05,1.3,1.000e-06,242,-3.683534,0.000000,0.902468,0.901100
tent,K,3,5,0.05,1.3,1.000e-06,243,-3.691763,0.000000,0.903735,0.902287
tent,K,3,5,0.05,1.3,1.000e-06,244,-3.687557,0.000000,0.901267,0.901916
tent,K,3,5,0.05,1.3,1.000e-06,245,-3.691034,0.000000,0.902112,0.901974
tent,K,3,5,0.05,1.3,1.000e-06,246,-3.686648,0.000000,0.901016,0.902235
tent,K,3,5,0.05,1.3,1.000e-06,247,-3.690353,0.000000,0.902299,0.903727
tent,K,3,5,0.05,1.3,1.000e-06,248,-3.686471,0.000000,0.902559,0.899687
tent,K,3,5,0.05,1.3,1.000e-06,249,-3.692748,0.000000,0.901819,0.902454
tent,K,3,5,0.05,1.3,1.000e-06,250,-3.691005,0.000000,0.903524,0.902431
tent,K,3,5,0.05,1.3,1.000e-06,251,-3.696145,0.000000,0.904435,0.903890
tent,K,3,5,0.05,1.3,1.000e-06,252,-3.682109,0.000000,0.903314,0.900765
tent,K,3,5,0.05,1.3,1.000e-06,253,-3.686419,0.000000,0.902626,0.901628
tent,K,3,5,0.05,1.3,1.000e-06,254,-3.682570,0.000000,0.901317,0.900610
tent,K,3,5,0.05,1.3,1.000e-06,255,-3.687842,0.000000,0.901264,0.903427
tent,K,3,5,0.05,1.3,1.000e-06,256,-3.680378,0.000000,0.902084,0.901531
tent,K,3,5,0.05,1.3,1.000e-06,257,-3.691740,0.000000,0.904113,0.902346
tent,K,3,5,0.05,1.3,1.000e-06,258,-3.683436,0.000000,0.902205,0.901683
tent,K,3,5,0.05,1.3,1.000e-06,259,-3.693003,0.000000,0.903405,0.903487
tent,K,3,5,0.05,1.3,1.000e-06,260,-3.688201,0.000000,0.900537,0.903380
tent,K,3,5,0.05,1.3,1.000e-06,261,-3.695703,0.000000,0.901058,0.905194
tent,K,3,5,0.05,1.3,1.000e-06,262,-3.682839,0.000000,0.899695,0.901989
tent,K,3,5,0.05,1.3,1.000e-06,263,-3.691147,0.000000,0.902066,0.902481
tent,K,3,5,0.05,1.3,1.000e-06,264,-3.686729,0.000000,0.902834,0.901804
tent,K,3,5,0.05,1.3,1.000e-06,265,-3.694941,0.000000,0.904573,0.903460
tent,K,3,5,0.05,1.3,1.000e-06,266,-3.684727,0.000000,0.902009,0.901982
tent,K,3,5,0.05,1.3,1.000e-06,267,-3.687540,0.000000,0.901416,0.903441
tent,K,3,5,0.05,1.3,1.000e-06,268,-3.683027,0.000000,0.901202,0.903178
tent,K,3,5,0.05,1.3,1.000e-06,269,-3.688931,0.000000,0.902252,0.903281
tent,K,3,5,0.05,1.3,1.000e-06,270,-3.680065,0.000000,0.900597,0.903052
tent,K,3,5,0.05,1.3,1.000e-06,271,-3.691894,0.000000,0.903354,0.902712
tent,K,3,5,0.05,1.3,1.000e-06,272,-3.686497,0.000000,0.902104,0.901345
tent,K,3,5,0.05,1.3,1.000e-06,273,-3.691615,0.000000,0.902273,0.902081
tent,K,3,5,0.05,1.3,1.000e-06,274,-3.682517,0.000000,0.902406,0.900587
tent,K,3,5,0.05,1.3,1.000e-06,275,-3.689106,0.000000,0.902500,0.902949
tent,K,3,5,0.05,1.3,1.000e-06,276,-3.682263,0.000000,0.901239,0.901234
tent,K,3,5,0.05,1.3,1.000e-06,277,-3.687820,0.000000,0.900968,0.902242
tent,K,3,5,0.05,1.3,1.000e-06,278,-3.685001,0.000000,0.901250,0.902295
tent,K,3,5,0.05,1.3,1.000e-06,279,-3.699152,0.000000,0.903467,0.904594
tent,K,3,5,0.05,1.3,1.000e-06,280,-3.686961,0.000000,0.903086,0.902842
tent,K,3,5,0.05,1.3,1.000e-06,281,-3.691845,0.000000,0.903225,0.903220
tent,K,3,5,0.05,1.3,1.000e-06,282,-3.683491,0.000000,0.902745,0.901489
tent,K,3,5,0.05,1.3,1.000e-06,283,-3.690490,0.000000,0.903024,0.903678
tent,K,3,5,0.05,1.3,1.000e-06,284,-3.680521,0.000000,0.901474,0.901227
tent,K,3,5,0.05,1.3,1.000e-06,285,-3.688835,0.000000,0.901562,0.903462
tent,K,3,5,0.05,1.3,1.000e-06,286,-3.685488,0.000000,0.901378,0.902907
tent,K,3,5,0.05,1.3,1.000e-06,287,-3.691180,0.000000,0.903398,0.903614
tent,K,3,5,0.05,1.3,1.000e-06,288,-3.683524,0.000000,0.902603,0.902533
tent,K,3,5,0.05,1.3,1.000e-06,289,-3.690918,0.000000,0.902402,0.903367
tent,K,3,5,0.05,1.3,1.000e-06,290,-3.685554,0.000000,0.902295,0.902111
tent,K,3,5,0.05,1.3,1.000e-06,291,-3.690834,0.000000,0.903281,0.902054
tent,K,3,5,0.05,1.3,1.000e-06,292,-3.687233,0.000000,0.903145,0.900350
tent,K,3,5,0.05,1.3,1.000e-06,293,-3.694598,0.000000,0.904945,0.902042
tent,K,3,5,0.05,1.3,1.000e-06,294,-3.687275,0.000000,0.903785,0.900531
tent,K,3,5,0.05,1.3,1.000e-06,295,-3.693026,0.000000,0.903505,0.901808
tent,K,3,5,0.05,1.3,1.000e-06,296,-3.687696,0.000000,0.902130,0.901156
tent,K,3,5,0.05,1.3,1.000e-06,297,-3.695203,0.000000,0.903438,0.903740
tent,K,3,5,0.05,1.3,1.000e-06,298,-3.683782,0.000000,0.902310,0.901804
tent,K,3,5,0.05,1.3,1.000e-06,299,-3.690867,0.000000,0.903500,0.903138
tent,K,3,5,0.05,1.3,1.000e-06,300,-3.683905,0.000000,0.902086,0.902223
tent,K,3,5,0.05,1.3,1.000e-06,301,-3.692016,0.000000,0.903529,0.902528
tent,K,3,5,0.05,1.3,1.000e-06,302,-3.684234,0.000000,0.902089,0.902946
tent,K,3,5,0.05,1.3,1.000e-06,303,-3.688031,0.000000,0.901621,0.904117
tent,K,3,5,0.05,1.3,1.000e-06,304,-3.682911,0.000000,0.901282,0.902742
tent,K,3,5,0.05,1.3,1.000e-06,305,-3.691375,0.000000,0.901461,0.904655
tent,K,3,5,0.05,1.3,1.000e-06,306,-3.680919,0.000000,0.899882,0.904379
tent,K,3,5,0.05,1.3,1.000e-06,307,-3.685847,0.000000,0.902218,0.904089
tent,K,3,5,0.05,1.3,1.000e-06,308,-3.679511,0.000000,0.903030,0.900689
tent,K,3,5,0.05,1.3,1.000e-06,309,-3.686963,0.000000,0.901678,0.903452
tent,K,3,5,0.05,1.3,1.000e-06,310,-3.681349,0.000000,0.902325,0.901960
tent,K,3,5,0.05,1.3,1.000e-06,311,-3.685616,0.000000,0.902929,0.902745
tent,K,3,5,0.05,1.3,1.000e-06,312,-3.675235,0.000000,0.901672,0.900755
tent,K,3,5,0.05,1.3,1.000e-06,313,-3.685299,0.000000,0.902450,0.902214
tent,K,3,5,0.05,1.3,1.000e-06,314,-3.684178,0.000000,0.901433,0.901520
tent,K,3,5,0.05,1.3,1.000e-06,315,-3.691102,0.000000,0.902302,0.903704
tent,K,3,5,0.05,1.3,1.000e-06,316,-3.680262,0.000000,0.901611,0.901672
tent,K,3,5,0.05,1.3,1.000e-06,317,-3.691838,0.000000,0.903883,0.902506
tent,K,3,5,0.05,1.3,1.000e-06,318,-3.689507,0.000000,0.901847,0.902965
tent,K,3,5,0.05,1.3,1.000e-06,319,-3.693249,0.000000,0.903133,0.903409
tent,K,3,5,0.05,1.3,1.000e-06,320,-3.686627,0.000000,0.902157,0.901635
tent,K,3,5,0.05,1.3,1.000e-06,321,-3.692293,0.000000,0.902757,0.902021
tent,K,3,5,0.05,1.3,1.000e-06,322,-3.684308,0.000000,0.901701,0.901263
tent,K,3,5,0.05,1.3,1.000e-06,323,-3.702984,0.000000,0.904314,0.906356
tent,K,3,5,0.05,1.3,1.000e-06,324,-3.688193,0.000000,0.901893,0.905086
tent,K,3,5,0.05,1.3,1.000e-06,325,-3.693374,0.000000,0.904951,0.905199
tent,K,3,5,0.05,1.3,1.000e-06,326,-3.675584,0.000000,0.902213,0.901142
tent,K,3,5,0.05,1.3,1.000e-06,327,-3.677432,0.000000,0.901220,0.901556
tent,K,3,5,0.05,1.3,1.000e-06,328,-3.669581,0.000000,0.899788,0.899414
tent,K,3,5,0.05,1.3,1.000e-06,329,-3.675119,0.000000,0.900172,0.900039
tent,K,3,5,0.05,1.3,1.000e-06,330,-3.673735,0.000000,0.900709,0.900651
tent,K,3,5,0.05,1.3,1.000e-06,331,-3.685676,0.000000,0.903725,0.901782
tent,K,3,5,0.05,1.3,1.000e-06,332,-3.676295,0.000000,0.902029,0.901635
tent,K,3,5,0.05,1.3,1.000e-06,333,-3.681873,0.000000,0.902529,0.903563
tent,K,3,5,0.05,1.3,1.000e-06,334,-3.674797,0.000000,0.901197,0.901929
tent,K,3,5,0.05,1.3,1.000e-06,335,-3.681550,0.000000,0.902096,0.901280
tent,K,3,5,0.05,1.3,1.000e-06,336,-3.677055,0.000000,0.900652,0.901163
tent,K,3,5,0.05,1.3,1.000e-06,337,-3.685398,0.000000,0.902364,0.901872
tent,K,3,5,0.05,1.3,1.000e-06,338,-3.678326,0.000000,0.900775,0.901584
tent,K,3,5,0.05,1.3,1.000e-06,339,-3.686942,0.000000,0.901867,0.902801
tent,K,3,5,0.05,1.3,1.000e-06,340,-3.680981,0.000000,0.900809,0.899887
tent,K,3,5,0.05,1.3,1.000e-06,341,-3.695709,0.000000,0.903252,0.903219
tent,K,3,5,0.05,1.3,1.000e-06,342,-3.685475,0.000000,0.901552,0.903354
tent,K,3,5,0.05,1.3,1.000e-06,343,-3.690687,0.000000,0.902580,0.904563
tent,K,3,5,0.05,1.3,1.000e-06,344,-3.675226,0.000000,0.901197,0.901178
tent,K,3,5,0.05,1.3,1.000e-06,345,-3.684749,0.000000,0.901848,0.901312
tent,K,3,5,0.05,1.3,1.000e-06,346,-3.676212,0.000000,0.901458,0.899901
tent,K,3,5,0.05,1.3,1.000e-06,347,-3.681056,0.000000,0.901098,0.901628
tent,K,3,5,0.05,1.3,1.000e-06,348,-3.678476,0.000000,0.899618,0.901762
tent,K,3,5,0.05,1.3,1.000e-06,349,-3.686059,0.000000,0.900610,0.902946
tent,K,3,5,0.05,1.3,1.000e-06,350,-3.681976,0.000000,0.899977,0.902902
tent,K,3,5,0.05,1.3,1.000e-06,351,-3.689964,0.000000,0.901699,0.902605
tent,K,3,5,0.05,1.3,1.000e-06,352,-3.680104,0.000000,0.900536,0.900646
tent,K,3,5,0.05,1.3,1.000e-06,353,-3.689970,0.000000,0.903623,0.901155
tent,K,3,5,0.05,1.3,1.000e-06,354,-3.679839,0.000000,0.901031,0.900512
tent,K,3,5,0.05,1.3,1.000e-06,355,-3.688565,0.000000,0.901623,0.903443
tent,K,3,5,0.05,1.3,1.000e-06,356,-3.684852,0.000000,0.901688,0.901772
tent,K,3,5,0.05,1.3,1.000e-06,357,-3.696318,0.000000,0.903480,0.903715
tent,K,3,5,0.05,1.3,1.000e-06,358,-3.688726,0.000000,0.901181,0.901632
tent,K,3,5,0.05,1.3,1.000e-06,359,-3.690871,0.000000,0.901655,0.902967
tent,K,3,5,0.05,1.3,1.000e-06,360,-3.683059,0.000000,0.901844,0.902161
tent,K,3,5,0.05,1.3,1.000e-06,361,-3.687939,0.000000,0.903939,0.902058
tent,K,3,5,0.05,1.3,1.000e-06,362,-3.675133,0.000000,0.901008,0.899427
tent,K,3,5,0.05,1.3,1.000e-06,363,-3.676824,0.000000,0.901271,0.901009
tent,K,3,5,0.05,1.3,1.000e-06,364,-3.676517,0.000000,0.901016,0.900013
tent,K,3,5,0.05,1.3,1.000e-06,365,-3.680859,0.000000,0.901167,0.902073
tent,K,3,5,0.05,1.3,1.000e-06,366,-3.672016,0.000000,0.900120,0.900033
tent,K,3,5,0.05,1.3,1.000e-06,367,-3.684314,0.000000,0.901934,0.902260
tent,K,3,5,0.05,1.3,1.000e-06,368,-3.680298,0.000000,0.901774,0.901444
tent,K,3,5,0.05,1.3,1.000e-06,369,-3.684683,0.000000,0.901427,0.902240
tent,K,3,5,0.05,1.3,1.000e-06,370,-3.678253,0.000000,0.899683,0.901300
tent,K,3,5,0.05,1.3,1.000e-06,371,-3.682196,0.000000,0.899890,0.902266
tent,K,3,5,0.05,1.3,1.000e-06,372,-3.674457,0.000000,0.900908,0.901349
tent,K,3,5,0.05,1.3,1.000e-06,373,-3.680304,0.000000,0.902226,0.901312
tent,K,3,5,0.05,1.3,1.000e-06,374,-3.670664,0.000000,0.901617,0.899296
tent,K,3,5,0.05,1.3,1.000e-06,375,-3.684676,0.000000,0.902750,0.902308
tent,K,3,5,0.05,1.3,1.000e-06,376,-3.681515,0.000000,0.901774,0.902388
tent,K,3,5,0.05,1.3,1.000e-06,377,-3.687878,0.000000,0.903239,0.901823
tent,K,3,5,0.05,1.3,1.000e-06,378,-3.684260,0.000000,0.902294,0.903087
tent,K,3,5,0.05,1.3,1.000e-06,379,-3.690164,0.000000,0.902654,0.904682
tent,K,3,5,0.05,1.3,1.000e-06,380,-3.675656,0.000000,0.900604,0.901496
tent,K,3,5,0.05,1.3,1.000e-06,381,-3.687917,0.000000,0.903106,0.902770
tent,K,3,5,0.05,1.3,1.000e-06,382,-3.679585,0.000000,0.901763,0.900641
tent,K,3,5,0.05,1.3,1.000e-06,383,-3.691362,0.000000,0.903410,0.901150
tent,K,3,5,0.05,1.3,1.000e-06,384,-3.687666,0.000000,0.902684,0.901742
tent,K,3,5,0.05,1.3,1.000e-06,385,-3.693274,0.000000,0.903694,0.901836
tent,K,3,5,0.05,1.3,1.000e-06,386,-3.685523,0.000000,0.903042,0.899867
tent,K,3,5,0.05,1.3,1.000e-06,387,-3.689876,0.000000,0.903750,0.902189
tent,K,3,5,0.05,1.3,1.000e-06,388,-3.681568,0.000000,0.901765,0.901305
tent,K,3,5,0.05,1.3,1.000e-06,389,-3.684605,0.000000,0.902068,0.901540
tent,K,3,5,0.05,1.3,1.000e-06,390,-3.674642,0.000000,0.900581,0.900029
tent,K,3,5,0.05,1.3,1.000e-06,391,-3.683724,0.000000,0.901893,0.903085
tent,K,3,5,0.05,1.3,1.000e-06,392,-3.679543,0.000000,0.901833,0.900734
tent,K,3,5,0.05,1.3,1.000e-06,393,-3.689962,0.000000,0.902833,0.902693
tent,K,3,5,0.05,1.3,1.000e-06,394,-3.685790,0.000000,0.901990,0.901199
tent,K,3,5,0.05,1.3,1.000e-06,395,-3.691824,0.000000,0.902995,0.902677
tent,K,3,5,0.05,1.3,1.000e-06,396,-3.683405,0.000000,0.902348,0.901298
tent,K,3,5,0.05,1.3,1.000e-06,397,-3.692077,0.000000,0.902621,0.904435
tent,K,3,5,0.05,1.3,1.000e-06,398,-3.680358,0.000000,0.902009,0.901895
tent,K,3,5,0.05,1.3,1.000e-06,399,-3.685224,0.000000,0.901349,0.902789
tent,K,3,5,0.05,1.3,1.000e-06,400,-3.678784,0.000000,0.900223,0.901988
tent,K,3,5,0.05,1.3,1.000e-04,1,-9.006185,0.000000,1.000000,1.000000
tent,K,3,5,0.05,1.3,1.000e-04,2,-9.284374,0.000000,0.999999,0.999999
tent,K,3,5,0.05,1.3,1.000e-04,3,-8.731684,0.000000,0.999998,0.999998
tent,K,3,5,0.05,1.3,1.000e-04,4,-8.971006,0.000000,0.999997,0.999996
tent,K,3,5,0.05,1.3,1.000e-04,5,-8.383803,0.000000,0.999994,0.999993
tent,K,3,5,0.05,1.3,1.000e-04,6,-8.434941,0.000000,0.999990,0.999990
tent,K,3,5,0.05,1.3,1.000e-04,7,-8.003081,0.000000,0.999982,0.999981
tent,K,3,5,0.05,1.3,1.000e-04,8,-7.903503,0.000000,0.999973,0.999970
tent,K,3,5,0.05,1.3,1.000e-04,9,-7.574212,0.000000,0.999950,0.999944
tent,K,3,5,0.05,1.3,1.000e-04,10,-7.403761,0.000000,0.999923,0.999915
tent,K,3,5,0.05,1.3,1.000e-04,11,-7.095912,0.000000,0.999856,0.999843
tent,K,3,5,0.05,1.3,1.000e-04,12,-6.896142,0.000000,0.999780,0.999760
tent,K,3,5,0.05,1.3,1.000e-04,13,-6.611140,0.000000,0.999592,0.999549
tent,K,3,5,0.05,1.3,1.000e-04,14,-6.398681,0.000000,0.999390,0.999325
tent,K,3,5,0.05,1.3,1.000e-04,15,-6.116823,0.000000,0.998857,0.998741
tent,K,3,5,0.05,1.3,1.000e-04,16,-5.911407,0.000000,0.998314,0.998140
tent,K,3,5,0.05,1.3,1.000e-04,17,-5.637763,0.000000,0.996876,0.996522
tent,K,3,5,0.05,1.3,1.000e-04,18,-5.444779,0.000000,0.995579,0.995099
tent,K,3,5,0.05,1.3,1.000e-04,19,-5.177137,0.000000,0.991737,0.990904
tent,K,3,5,0.05,1.3,1.000e-04,20,-5.020120,0.000000,0.989372,0.988158
tent,K,3,5,0.05,1.3,1.000e-04,21,-4.760241,0.000000,0.980499,0.977984
tent,K,3,5,0.05,1.3,1.000e-04,22,-4.641479,0.000000,0.978145,0.975855
tent,K,3,5,0.05,1.3,1.000e-04,23,-4.396895,0.000000,0.960325,0.956090
tent,K,3,5,0.05,1.3,1.000e-04,24,-4.348559,0.000000,0.964709,0.963414
tent,K,3,5,0.05,1.3,1.000e-04,25,-4.132915,0.000000,0.940982,0.936938
tent,K,3,5,0.05,1.3,1.000e-04,26,-4.146850,0.000000,0.950828,0.954923
tent,K,3,5,0.05,1.3,1.000e-04,27,-3.979563,0.000000,0.927326,0.932424
tent,K,3,5,0.05,1.3,1.000e-04,28,-3.958342,0.000000,0.927968,0.942612
tent,K,3,5,0.05,1.3,1.000e-04,29,-3.844613,0.000000,0.909294,0.922954
tent,K,3,5,0.05,1.3,1.000e-04,30,-3.842048,0.000000,0.912172,0.934059
tent,K,3,5,0.05,1.3,1.000e-04,31,-3.773792,0.000000,0.900227,0.917560
tent,K,3,5,0.05,1.3,1.000e-04,32,-3.776243,0.000000,0.904748,0.927256
tent,K,3,5,0.05,1.3,1.000e-04,33,-3.739380,0.000000,0.901055,0.914445
tent,K,3,5,0.05,1.3,1.000e-04,34,-3.732022,0.000000,0.902250,0.920171
tent,K,3,5,0.05,1.3,1.000e-04,35,-3.711602,0.000000,0.900585,0.909246
tent,K,3,5,0.05,1.3,1.000e-04,36,-3.709194,0.000000,0.901784,0.912230
tent,K,3,5,0.05,1.3,1.000e-04,37,-3.692893,0.000000,0.901516,0.905216
tent,K,3,5,0.05,1.3,1.000e-04,38,-3.686665,0.000000,0.900034,0.905779
tent,K,3,5,0.05,1.3,1.000e-04,39,-3.691082,0.000000,0.900952,0.902851
tent,K,3,5,0.05,1.3,1.000e-04,40,-3.684265,0.000000,0.900754,0.903238
tent,K,3,5,0.05,1.3,1.000e-04,41,-3.689323,0.000000,0.902779,0.901897
tent,K,3,5,0.05,1.3,1.000e-04,42,-3.682383,0.000000,0.901340,0.901683
tent,K,3,5,0.05,1.3,1.000e-04,43,-3.690591,0.000000,0.901933,0.903489
tent,K,3,5,0.05,1.3,1.000e-04,44,-3.683356,0.000000,0.901623,0.901574
tent,K,3,5,0.05,1.3,1.000e-04,45,-3.689695,0.000000,0.901647,0.902525
tent,K,3,5,0.05,1.3,1.000e-04,46,-3.680437,0.000000,0.900184,0.901188
tent,K,3,5,0.05,1.3,1.000e-04,47,-3.697076,0.000000,0.903048,0.903365
tent,K,3,5,0.05,1.3,1.000e-04,48,-3.689920,0.000000,0.903515,0.903157
tent,K,3,5,0.05,1.3,1.000e-04,49,-3.697004,0.000000,0.905351,0.903106
tent,K,3,5,0.05,1.3,1.000e-04,50,-3.684918,0.000000,0.903477,0.901631
tent,K,3,5,0.05,1.3,1.000e-04,51,-3.689543,0.000000,0.903497,0.902009
tent,K,3,5,0.05,1.3,1.000e-04,52,-3.681830,0.000000,0.901773,0.901456
tent,K,3,5,0.05,1.3,1.000e-04,53,-3.689107,0.000000,0.901611,0.902091
tent,K,3,5,0.05,1.3,1.000e-04,54,-3.682091,0.000000,0.900434,0.900345
tent,K,3,5,0.05,1.3,1.000e-04,55,-3.689126,0.000000,0.902338,0.901733
tent,K,3,5,0.05,1.3,1.000e-04,56,-3.678308,0.000000,0.903728,0.900254
tent,K,3,5,0.05,1.3,1.000e-04,57,-3.679393,0.000000,0.903897,0.901409
tent,K,3,5,0.05,1.3,1.000e-04,58,-3.673270,0.000000,0.903003,0.898537
tent,K,3,5,0.05,1.3,1.000e-04,59,-3.682341,0.000000,0.903178,0.900125
tent,K,3,5,0.05,1.3,1.000e-04,60,-3.676568,0.000000,0.900104,0.900759
tent,K,3,5,0.05,1.3,1.000e-04,61,-3.691807,0.000000,0.901958,0.904283
tent,K,3,5,0.05,1.3,1.000e-04,62,-3.681147,0.000000,0.900503,0.901986
tent,K,3,5,0.05,1.3,1.000e-04,63,-3.688216,0.000000,0.901519,0.904104
tent,K,3,5,0.05,1.3,1.000e-04,64,-3.679376,0.000000,0.902425,0.901485
tent,K,3,5,0.05,1.3,1.000e-04,65,-3.682826,0.000000,0.902648,0.901414
tent,K,3,5,0.05,1.3,1.000e-04,66,-3.680468,0.000000,0.902544,0.900653
tent,K,3,5,0.05,1.3,1.000e-04,67,-3.690271,0.000000,0.903787,0.902729
tent,K,3,5,0.05,1.3,1.000e-04,68,-3.678893,0.000000,0.901106,0.902772
tent,K,3,5,0.05,1.3,1.000e-04,69,-3.684153,0.000000,0.900775,0.903576
tent,K,3,5,0.05,1.3,1.000e-04,70,-3.678401,0.000000,0.898946,0.901983
tent,K,3,5,0.05,1.3,1.000e-04,71,-3.687514,0.000000,0.902082,0.903148
tent,K,3,5,0.05,1.3,1.000e-04,72,-3.680239,0.000000,0.902076,0.901208
tent,K,3,5,0.05,1.3,1.000e-04,73,-3.687093,0.000000,0.903542,0.903011
tent,K,3,5,0.05,1.3,1.000e-04,74,-3.675851,0.000000,0.901667,0.900871
tent,K,3,5,0.05,1.3,1.000e-04,75,-3.687244,0.000000,0.903703,0.902154
tent,K,3,5,0.05,1.3,1.000e-04,76,-3.678505,0.000000,0.902135,0.900766
tent,K,3,5,0.05,1.3,1.000e-04,77,-3.691209,0.000000,0.903119,0.903718
tent,K,3,5,0.05,1.3,1.000e-04,78,-3.682090,0.000000,0.902371,0.900754
tent,K,3,5,0.05,1.3,1.000e-04,79,-3.686818,0.000000,0.902512,0.900773
tent,K,3,5,0.05,1.3,1.000e-04,80,-3.686043,0.000000,0.902576,0.901743
tent,K,3,5,0.05,1.3,1.000e-04,81,-3.689004,0.000000,0.902742,0.902080
tent,K,3,5,0.05,1.3,1.000e-04,82,-3.680092,0.000000,0.901344,0.901451
tent,K,3,5,0.05,1.3,1.000e-04,83,-3.679745,0.000000,0.902109,0.901933
tent,K,3,5,0.05,1.3,1.000e-04,84,-3.673842,0.000000,0.900647,0.900645
tent,K,3,5,0.05,1.3,1.000e-04,85,-3.678439,0.000000,0.900822,0.902274
tent,K,3,5,0.05,1.3,1.000e-04,86,-3.670587,0.000000,0.898863,0.901355
tent,K,3,5,0.05,1.3,1.000e-04,87,-3.677811,0.000000,0.900329,0.902709
tent,K,3,5,0.05,1.3,1.000e-04,88,-3.672694,0.000000,0.898435,0.901477
tent,K,3,5,0.05,1.3,1.000e-04,89,-3.682221,0.000000,0.900227,0.902298
tent,K,3,5,0.05,1.3,1.000e-04,90,-3.673488,0.000000,0.900330,0.899959
tent,K,3,5,0.05,1.3,1.000e-04,91,-3.686683,0.000000,0.902793,0.900498
tent,K,3,5,0.05,1.3,1.000e-04,92,-3.681788,0.000000,0.901714,0.899607
tent,K,3,5,0.05,1.3,1.000e-04,93,-3.686217,0.000000,0.902257,0.901022
tent,K,3,5,0.05,1.3,1.000e-04,94,-3.683235,0.000000,0.902076,0.901568
tent,K,3,5,0.05,1.3,1.000e-04,95,-3.687071,0.000000,0.902227,0.902676
tent,K,3,5,0.05,1.3,1.000e-04,96,-3.682494,0.000000,0.902793,0.900033
tent,K,3,5,0.05,1.3,1.000e-04,97,-3.691126,0.000000,0.903753,0.902538
tent,K,3,5,0.05,1.3,1.000e-04,98,-3.689864,0.000000,0.903622,0.903140
tent,K,3,5,0.05,1.3,1.000e-04,99,-3.693038,0.000000,0.904406,0.904270
tent,K,3,5,0.05,1.3,1.000e-04,100,-3.681401,0.000000,0.902293,0.902282
tent,K,3,5,0.05,1.3,1.000e-04,101,-3.687355,0.000000,0.904199,0.901902
tent,K,3,5,0.05,1.3,1.000e-04,102,-3.678002,0.000000,0.901977,0.900351
tent,K,3,5,0.05,1.3,1.000e-04,103,-3.689970,0.000000,0.904268,0.900920
tent,K,3,5,0.05,1.3,1.000e-04,104,-3.684174,0.000000,0.903369,0.900881
tent,K,3,5,0.05,1.3,1.000e-04,105,-3.692091,0.000000,0.904434,0.902610
tent,K,3,5,0.05,1.3,1.000e-04,106,-3.680623,0.000000,0.900514,0.901402
tent,K,3,5,0.05,1.3,1.000e-04,107,-3.690398,0.000000,0.903484,0.902866
tent,K,3,5,0.05,1.3,1.000e-04,108,-3.684318,0.000000,0.901261,0.901607
tent,K,3,5,0.05,1.3,1.000e-04,109,-3.692080,0.000000,0.904199,0.902045
tent,K,3,5,0.05,1.3,1.000e-04,110,-3.678740,0.000000,0.902130,0.900957
tent,K,3,5,0.05,1.3,1.000e-04,111,-3.690528,0.000000,0.904462,0.903278
tent,K,3,5,0.05,1.3,1.000e-04,112,-3.683205,0.000000,0.903449,0.901972
tent,K,3,5,0.05,1.3,1.000e-04,113,-3.685998,0.000000,0.903021,0.902671
tent,K,3,5,0.05,1.3,1.000e-04,114,-3.674588,0.000000,0.900792,0.900382
tent,K,3,5,0.05,1.3,1.000e-04,115,-3.681695,0.000000,0.901904,0.902202
tent,K,3,5,0.05,1.3,1.000e-04,116,-3.677765,0.000000,0.901123,0.900734
tent,K,3,5,0.05,1.3,1.000e-04,117,-3.692065,0.000000,0.902714,0.904012
tent,K,3,5,0.05,1.3,1.000e-04,118,-3.685305,0.000000,0.902225,0.902143
tent,K,3,5,0.05,1.3,1.000e-04,119,-3.691876,0.000000,0.902400,0.903241
tent,K,3,5,0.05,1.3,1.000e-04,120,-3.684474,0.000000,0.902690,0.903269
tent,K,3,5,0.05,1.3,1.000e-04,121,-3.687339,0.000000,0.904714,0.902325
tent,K,3,5,0.05,1.3,1.000e-04,122,-3.675395,0.000000,0.903455,0.899532
tent,K,3,5,0.05,1.3,1.000e-04,123,-3.683259,0.000000,0.903434,0.899926
tent,K,3,5,0.05,1.3,1.000e-04,124,-3.680570,0.000000,0.902303,0.898647
tent,K,3,5,0.05,1.3,1.000e-04,125,-3.691696,0.000000,0.903879,0.901960
tent,K,3,5,0.05,1.3,1.000e-04,126,-3.682592,0.000000,0.901498,0.900884
tent,K,3,5,0.05,1.3,1.000e-04,127,-3.691592,0.000000,0.902259,0.902297
tent,K,3,5,0.05,1.3,1.000e-04,128,-3.687554,0.000000,0.902927,0.899779
tent,K,3,5,0.05,1.3,1.000e-04,129,-3.703239,0.000000,0.905046,0.902056
tent,K,3,5,0.05,1.3,1.000e-04,130,-3.696686,0.000000,0.903812,0.901868
tent,K,3,5,0.05,1.3,1.000e-04,131,-3.698666,0.000000,0.904372,0.903479
tent,K,3,5,0.05,1.3,1.000e-04,132,-3.691708,0.000000,0.903988,0.903174
tent,K,3,5,0.05,1.3,1.000e-04,133,-3.691327,0.000000,0.904447,0.904029
tent,K,3,5,0.05,1.3,1.000e-04,134,-3.674119,0.000000,0.901718,0.900267
tent,K,3,5,0.05,1.3,1.000e-04,135,-3.679932,0.000000,0.902297,0.901451
tent,K,3,5,0.05,1.3,1.000e-04,136,-3.675276,0.000000,0.900592,0.899904
tent,K,3,5,0.05,1.3,1.000e-04,137,-3.690171,0.000000,0.901379,0.902196
tent,K,3,5,0.05,1.3,1.000e-04,138,-3.685869,0.000000,0.902855,0.901581
tent,K,3,5,0.05,1.3,1.000e-04,139,-3.698334,0.000000,0.905172,0.904586
tent,K,3,5,0.05,1.3,1.000e-04,140,-3.692934,0.000000,0.903783,0.902548
tent,K,3,5,0.05,1.3,1.000e-04,141,-3.694700,0.000000,0.903835,0.901683
tent,K,3,5,0.05,1.3,1.000e-04,142,-3.690438,0.000000,0.900910,0.900696
tent,K,3,5,0.05,1.3,1.000e-04,143,-3.701059,0.000000,0.903220,0.903625
tent,K,3,5,0.05,1.3,1.000e-04,144,-3.693774,0.000000,0.902255,0.902828
tent,K,3,5,0.05,1.3,1.000e-04,145,-3.700633,0.000000,0.903821,0.905689
tent,K,3,5,0.05,1.3,1.000e-04,146,-3.691197,0.000000,0.903694,0.903424
tent,K,3,5,0.05,1.3,1.000e-04,147,-3.698094,0.000000,0.904765,0.904237
tent,K,3,5,0.05,1.3,1.000e-04,148,-3.687572,0.000000,0.902286,0.901598
tent,K,3,5,0.05,1.3,1.000e-04,149,-3.696717,0.000000,0.902917,0.903787
tent,K,3,5,0.05,1.3,1.000e-04,150,-3.687890,0.000000,0.901706,0.902724
tent,K,3,5,0.05,1.3,1.000e-04,151,-3.693663,0.000000,0.901848,0.903074
tent,K,3,5,0.05,1.3,1.000e-04,152,-3.685588,0.000000,0.901878,0.901002
tent,K,3,5,0.05,1.3,1.000e-04,153,-3.689357,0.000000,0.902374,0.901840
tent,K,3,5,0.05,1.3,1.000e-04,154,-3.681215,0.000000,0.901433,0.900686
tent,K,3,5,0.05,1.3,1.000e-04,155,-3.693842,0.000000,0.902074,0.903243
tent,K,3,5,0.05,1.3,1.000e-04,156,-3.685281,0.000000,0.901387,0.901168
tent,K,3,5,0.05,1.3,1.000e-04,157,-3.689872,0.000000,0.901894,0.903545
tent,K,3,5,0.05,1.3,1.000e-04,158,-3.680128,0.000000,0.902749,0.901209
tent,K,3,5,0.05,1.3,1.000e-04,159,-3.682870,0.000000,0.903116,0.901424
tent,K,3,5,0.05,1.3,1.000e-04,160,-3.674062,0.000000,0.901244,0.900232
tent,K,3,5,0.05,1.3,1.000e-04,161,-3.679120,0.000000,0.901577,0.901443
tent,K,3,5,0.05,1.3,1.000e-04,162,-3.673421,0.000000,0.900464,0.901309
tent,K,3,5,0.05,1.3,1.000e-04,163,-3.680192,0.000000,0.901480,0.901611
tent,K,3,5,0.05,1.3,1.000e-04,164,-3.677188,0.000000,0.900563,0.899680
tent,K,3,5,0.05,1.3,1.000e-04,165,-3.686301,0.000000,0.902726,0.902132
tent,K,3,5,0.05,1.3,1.000e-04,166,-3.677865,0.000000,0.901443,0.900237
tent,K,3,5,0.05,1.3,1.000e-04,167,-3.685986,0.000000,0.902992,0.902714
tent,K,3,5,0.05,1.3,1.000e-04,168,-3.678076,0.000000,0.900950,0.901953
tent,K,3,5,0.05,1.3,1.000e-04,169,-3.686191,0.000000,0.899875,0.903583
tent,K,3,5,0.05,1.3,1.000e-04,170,-3.681331,0.000000,0.900781,0.900970
tent,K,3,5,0.05,1.3,1.000e-04,171,-3.695585,0.000000,0.903874,0.902634
tent,K,3,5,0.05,1.3,1.000e-04,172,-3.687550,0.000000,0.904186,0.902267
tent,K,3,5,0.05,1.3,1.000e-04,173,-3.690892,0.000000,0.903201,0.904742
tent,K,3,5,0.05,1.3,1.000e-04,174,-3.678533,0.000000,0.901782,0.901558
tent,K,3,5,0.05,1.3,1.000e-04,175,-3.686492,0.000000,0.901491,0.902183
tent,K,3,5,0.05,1.3,1.000e-04,176,-3.678841,0.000000,0.900546,0.901822
tent,K,3,5,0.05,1.3,1.000e-04,177,-3.690108,0.000000,0.902469,0.903747
tent,K,3,5,0.05,1.3,1.000e-04,178,-3.682373,0.000000,0.902541,0.901311
tent,K,3,5,0.05,1.3,1.000e-04,179,-3.687796,0.000000,0.902767,0.903321
tent,K,3,5,0.05,1.3,1.000e-04,180,-3.683539,0.000000,0.903084,0.901737
tent,K,3,5,0.05,1.3,1.000e-04,181,-3.688050,0.000000,0.902565,0.902537
tent,K,3,5,0.05,1.3,1.000e-04,182,-3.678113,0.000000,0.900465,0.901383
tent,K,3,5,0.05,1.3,1.000e-04,183,-3.688691,0.000000,0.903082,0.902909
tent,K,3,5,0.05,1.3,1.000e-04,184,-3.678303,0.000000,0.902026,0.900839
tent,K,3,5,0.05,1.3,1.000e-04,185,-3.684194,0.000000,0.903722,0.900772
tent,K,3,5,0.05,1.3,1.000e-04,186,-3.673771,0.000000,0.902033,0.899357
tent,K,3,5,0.05,1.3,1.000e-04,187,-3.678447,0.000000,0.902018,0.900028
tent,K,3,5,0.05,1.3,1.000e-04,188,-3.675965,0.000000,0.899332,0.900621
tent,K,3,5,0.05,1.3,1.000e-04,189,-3.689469,0.000000,0.901446,0.902222
tent,K,3,5,0.05,1.3,1.000e-04,190,-3.686050,0.000000,0.901854,0.901829
tent,K,3,5,0.05,1.3,1.000e-04,191,-3.695644,0.000000,0.903532,0.904715
tent,K,3,5,0.05,1.3,1.000e-04,192,-3.688535,0.000000,0.903030,0.901484
tent,K,3,5,0.05,1.3,1.000e-04,193,-3.692813,0.000000,0.902137,0.903194
tent,K,3,5,0.05,1.3,1.000e-04,194,-3.681889,0.000000,0.901687,0.900236
tent,K,3,5,0.05,1.3,1.000e-04,195,-3.692054,0.000000,0.904954,0.901586
tent,K,3,5,0.05,1.3,1.000e-04,196,-3.685509,0.000000,0.903009,0.900424
tent,K,3,5,0.05,1.3,1.000e-04,197,-3.692680,0.000000,0.904825,0.902969
tent,K,3,5,0.05,1.3,1.000e-04,198,-3.682277,0.000000,0.903691,0.900540
tent,K,3,5,0.05,1.3,1.000e-04,199,-3.694513,0.000000,0.903486,0.903821
tent,K,3,5,0.05,1.3,1.000e-04,200,-3.688833,0.000000,0.900398,0.903594
tent,K,3,5,0.05,1.3,1.000e-04,201,-3.699298,0.000000,0.902427,0.905604
tent,K,3,5,0.05,1.3,1.000e-04,202,-3.689570,0.000000,0.902170,0.903167
tent,K,3,5,0.05,1.3,1.000e-04,203,-3.698770,0.000000,0.903684,0.903378
tent,K,3,5,0.05,1.3,1.000e-04,204,-3.685628,0.000000,0.901945,0.901656
tent,K,3,5,0.05,1.3,1.000e-04,205,-3.687401,0.000000,0.901494,0.903286
tent,K,3,5,0.05,1.3,1.000e-04,206,-3.686025,0.000000,0.901275,0.903666
tent,K,3,5,0.05,1.3,1.000e-04,207,-3.695485,0.000000,0.902767,0.905107
tent,K,3,5,0.05,1.3,1.000e-04,208,-3.687376,0.000000,0.902052,0.903321
tent,K,3,5,0.05,1.3,1.000e-04,209,-3.697878,0.000000,0.904854,0.903554
tent,K,3,5,0.05,1.3,1.000e-04,210,-3.689921,0.000000,0.902863,0.901266
tent,K,3,5,0.05,1.3,1.000e-04,211,-3.692541,0.000000,0.902629,0.902370
tent,K,3,5,0.05,1.3,1.000e-04,212,-3.683268,0.000000,0.900873,0.901687
tent,K,3,5,0.05,1.3,1.000e-04,213,-3.695767,0.000000,0.903615,0.903462
tent,K,3,5,0.05,1.3,1.000e-04,214,-3.681274,0.000000,0.901544,0.900565
tent,K,3,5,0.05,1.3,1.000e-04,215,-3.687739,0.000000,0.901539,0.902548
tent,K,3,5,0.05,1.3,1.000e-04,216,-3.682875,0.000000,0.900995,0.901556
tent,K,3,5,0.05,1.3,1.000e-04,217,-3.693605,0.000000,0.900949,0.904154
tent,K,3,5,0.05,1.3,1.000e-04,218,-3.689007,0.000000,0.901469,0.902085
tent,K,3,5,0.05,1.3,1.000e-04,219,-3.696452,0.000000,0.902495,0.903405
tent,K,3,5,0.05,1.3,1.000e-04,220,-3.696731,0.000000,0.901954,0.902765
tent,K,3,5,0.05,1.3,1.000e-04,221,-3.701309,0.000000,0.904525,0.903746
tent,K,3,5,0.05,1.3,1.000e-04,222,-3.685480,0.000000,0.901230,0.901835
tent,K,3,5,0.05,1.3,1.000e-04,223,-3.693010,0.000000,0.902462,0.904085
tent,K,3,5,0.05,1.3,1.000e-04,224,-3.687261,0.000000,0.903126,0.902211
tent,K,3,5,0.05,1.3,1.000e-04,225,-3.694190,0.000000,0.902943,0.904338
tent,K,3,5,0.05,1.3,1.000e-04,226,-3.687892,0.000000,0.901905,0.902703
tent,K,3,5,0.05,1.3,1.000e-04,227,-3.696615,0.000000,0.904489,0.902108
tent,K,3,5,0.05,1.3,1.000e-04,228,-3.689954,0.000000,0.903135,0.903652
tent,K,3,5,0.05,1.3,1.000e-04,229,-3.696356,0.000000,0.904501,0.904484
tent,K,3,5,0.05,1.3,1.000e-04,230,-3.687547,0.000000,0.902662,0.903140
tent,K,3,5,0.05,1.3,1.000e-04,231,-3.687844,0.000000,0.901859,0.903393
tent,K,3,5,0.05,1.3,1.000e-04,232,-3.681587,0.000000,0.900822,0.901506
tent,K,3,5,0.05,1.3,1.000e-04,233,-3.692663,0.000000,0.902434,0.903528
tent,K,3,5,0.05,1.3,1.000e-04,234,-3.683003,0.000000,0.901489,0.902041
tent,K,3,5,0.05,1.3,1.000e-04,235,-3.687148,0.000000,0.902624,0.903576
tent,K,3,5,0.05,1.3,1.000e-04,236,-3.677198,0.000000,0.901536,0.901449
tent,K,3,5,0.05,1.3,1.000e-04,237,-3.686162,0.000000,0.902500,0.902163
tent,K,3,5,0.05,1.3,1.000e-04,238,-3.682219,0.000000,0.900875,0.901924
tent,K,3,5,0.05,1.3,1.000e-04,239,-3.686515,0.000000,0.900378,0.902825
tent,K,3,5,0.05,1.3,1.000e-04,240,-3.678791,0.000000,0.900701,0.900979
tent,K,3,5,0.05,1.3,1.000e-04,241,-3.689347,0.000000,0.903275,0.903361
tent,K,3,5,0.05,1.3,1.000e-04,242,-3.681416,0.000000,0.902272,0.901880
tent,K,3,5,0.05,1.3,1.000e-04,243,-3.688584,0.000000,0.902495,0.903211
tent,K,3,5,0.05,1.3,1.000e-04,244,-3.683386,0.000000,0.900843,0.902013
tent,K,3,5,0.05,1.3,1.000e-04,245,-3.688388,0.000000,0.901525,0.901452
tent,K,3,5,0.05,1.3,1.000e-04,246,-3.674953,0.000000,0.900148,0.899690
tent,K,3,5,0.05,1.3,1.000e-04,247,-3.685307,0.000000,0.902379,0.901915
tent,K,3,5,0.05,1.3,1.000e-04,248,-3.678527,0.000000,0.901167,0.899888
tent,K,3,5,0.05,1.3,1.000e-04,249,-3.687722,0.000000,0.901769,0.902028
tent,K,3,5,0.05,1.3,1.000e-04,250,-3.685345,0.000000,0.901830,0.902184
tent,K,3,5,0.05,1.3,1.000e-04,251,-3.696123,0.000000,0.904065,0.903506
tent,K,3,5,0.05,1.3,1.000e-04,252,-3.689241,0.000000,0.901795,0.902726
tent,K,3,5,0.05,1.3,1.000e-04,253,-3.695795,0.000000,0.902073,0.903702
tent,K,3,5,0.05,1.3,1.000e-04,254,-3.692339,0.000000,0.902321,0.902170
tent,K,3,5,0.05,1.3,1.000e-04,255,-3.696110,0.000000,0.902017,0.903587
tent,K,3,5,0.05,1.3,1.000e-04,256,-3.690312,0.000000,0.902412,0.902791
tent,K,3,5,0.05,1.3,1.000e-04,257,-3.700473,0.000000,0.905066,0.903864
tent,K,3,5,0.05,1.3,1.000e-04,258,-3.686824,0.000000,0.903529,0.901757
tent,K,3,5,0.05,1.3,1.000e-04,259,-3.689091,0.000000,0.903836,0.902467
tent,K,3,5,0.05,1.3,1.000e-04,260,-3.676772,0.000000,0.901980,0.900797
tent,K,3,5,0.05,1.3,1.000e-04,261,-3.687226,0.000000,0.902187,0.902536
tent,K,3,5,0.05,1.3,1.000e-04,262,-3.680069,0.000000,0.901103,0.900617
tent,K,3,5,0.05,1.3,1.000e-04,263,-3.690721,0.000000,0.902562,0.903022
tent,K,3,5,0.05,1.3,1.000e-04,264,-3.688286,0.000000,0.902943,0.901802
tent,K,3,5,0.05,1.3,1.000e-04,265,-3.696699,0.000000,0.904665,0.903301
tent,K,3,5,0.05,1.3,1.000e-04,266,-3.688114,0.000000,0.903674,0.901993
tent,K,3,5,0.05,1.3,1.000e-04,267,-3.695759,0.000000,0.904194,0.904005
tent,K,3,5,0.05,1.3,1.000e-04,268,-3.691724,0.000000,0.902385,0.903341
tent,K,3,5,0.05,1.3,1.000e-04,269,-3.698888,0.000000,0.904226,0.902579
tent,K,3,5,0.05,1.3,1.000e-04,270,-3.686870,0.000000,0.902396,0.900905
tent,K,3,5,0.05,1.3,1.000e-04,271,-3.694722,0.000000,0.903801,0.902541
tent,K,3,5,0.05,1.3,1.000e-04,272,-3.692642,0.000000,0.904167,0.901946
tent,K,3,5,0.05,1.3,1.000e-04,273,-3.691721,0.000000,0.904294,0.902538
tent,K,3,5,0.05,1.3,1.000e-04,274,-3.690121,0.000000,0.904172,0.901261
tent,K,3,5,0.05,1.3,1.000e-04,275,-3.697033,0.000000,0.905182,0.902999
tent,K,3,5,0.05,1.3,1.000e-04,276,-3.686906,0.000000,0.903189,0.901539
tent,K,3,5,0.05,1.3,1.000e-04,277,-3.690101,0.000000,0.903249,0.902872
tent,K,3,5,0.05,1.3,1.000e-04,278,-3.682054,0.000000,0.900064,0.900649
tent,K,3,5,0.05,1.3,1.000e-04,279,-3.691693,0.000000,0.901821,0.902374
tent,K,3,5,0.05,1.3,1.000e-04,280,-3.689225,0.000000,0.900026,0.901672
tent,K,3,5,0.05,1.3,1.000e-04,281,-3.701817,0.000000,0.903574,0.904516
tent,K,3,5,0.05,1.3,1.000e-04,282,-3.694935,0.000000,0.903079,0.903462
tent,K,3,5,0.05,1.3,1.000e-04,283,-3.697097,0.000000,0.903886,0.903845
tent,K,3,5,0.05,1.3,1.000e-04,284,-3.685483,0.000000,0.901985,0.902473
tent,K,3,5,0.05,1.3,1.000e-04,285,-3.687918,0.000000,0.902367,0.902867
tent,K,3,5,0.05,1.3,1.000e-04,286,-3.679765,0.000000,0.901622,0.900033
tent,K,3,5,0.05,1.3,1.000e-04,287,-3.690109,0.000000,0.904095,0.902652
tent,K,3,5,0.05,1.3,1.000e-04,288,-3.682208,0.000000,0.901562,0.902041
tent,K,3,5,0.05,1.3,1.000e-04,289,-3.689974,0.000000,0.902479,0.903014
tent,K,3,5,0.05,1.3,1.000e-04,290,-3.682332,0.000000,0.902385,0.902272
tent,K,3,5,0.05,1.3,1.000e-04,291,-3.681719,0.000000,0.900830,0.903991
tent,K,3,5,0.05,1.3,1.000e-04,292,-3.675839,0.000000,0.899524,0.901111
tent,K,3,5,0.05,1.3,1.000e-04,293,-3.688923,0.000000,0.901901,0.903480
tent,K,3,5,0.05,1.3,1.000e-04,294,-3.680616,0.000000,0.901276,0.901344
tent,K,3,5,0.05,1.3,1.000e-04,295,-3.691068,0.000000,0.903951,0.903750
tent,K,3,5,0.05,1.3,1.000e-04,296,-3.677865,0.000000,0.901169,0.901813
tent,K,3,5,0.05,1.3,1.000e-04,297,-3.684641,0.000000,0.901344,0.902356
tent,K,3,5,0.05,1.3,1.000e-04,298,-3.683445,0.000000,0.902063,0.900689
tent,K,3,5,0.05,1.3,1.000e-04,299,-3.693049,0.000000,0.902803,0.902576
tent,K,3,5,0.05,1.3,1.000e-04,300,-3.688757,0.000000,0.901956,0.902711
tent,K,3,5,0.05,1.3,1.000e-04,301,-3.696484,0.000000,0.904805,0.903655
tent,K,3,5,0.05,1.3,1.000e-04,302,-3.690178,0.000000,0.901874,0.902604
tent,K,3,5,0.05,1.3,1.000e-04,303,-3.694095,0.000000,0.903770,0.903504
tent,K,3,5,0.05,1.3,1.000e-04,304,-3.685082,0.000000,0.902895,0.901218
tent,K,3,5,0.05,1.3,1.000e-04,305,-3.694186,0.000000,0.905398,0.901901
tent,K,3,5,0.05,1.3,1.000e-04,306,-3.684173,0.000000,0.903416,0.899951
tent,K,3,5,0.05,1.3,1.000e-04,307,-3.697026,0.000000,0.904549,0.903123
tent,K,3,5,0.05,1.3,1.000e-04,308,-3.691164,0.000000,0.903117,0.901604
tent,K,3,5,0.05,1.3,1.000e-04,309,-3.695202,0.000000,0.902807,0.903976
tent,K,3,5,0.05,1.3,1.000e-04,310,-3.687395,0.000000,0.902872,0.902541
tent,K,3,5,0.05,1.3,1.000e-04,311,-3.689186,0.000000,0.903733,0.902340
tent,K,3,5,0.05,1.3,1.000e-04,312,-3.679457,0.000000,0.902123,0.901017
tent,K,3,5,0.05,1.3,1.000e-04,313,-3.686270,0.000000,0.902717,0.902515
tent,K,3,5,0.05,1.3,1.000e-04,314,-3.680412,0.000000,0.900821,0.901693
tent,K,3,5,0.05,1.3,1.000e-04,315,-3.689073,0.000000,0.903666,0.902857
tent,K,3,5,0.05,1.3,1.000e-04,316,-3.680877,0.000000,0.901411,0.901234
tent,K,3,5,0.05,1.3,1.000e-04,317,-3.688998,0.000000,0.902782,0.902602
tent,K,3,5,0.05,1.3,1.000e-04,318,-3.679042,0.000000,0.900283,0.901540
tent,K,3,5,0.05,1.3,1.000e-04,319,-3.685707,0.000000,0.900383,0.904550
tent,K,3,5,0.05,1.3,1.000e-04,320,-3.681262,0.000000,0.900155,0.901464
tent,K,3,5,0.05,1.3,1.000e-04,321,-3.689475,0.000000,0.901745,0.903032
tent,K,3,5,0.05,1.3,1.000e-04,322,-3.687179,0.000000,0.901611,0.901741
tent,K,3,5,0.05,1.3,1.000e-04,323,-3.697481,0.000000,0.903621,0.905021
tent,K,3,5,0.05,1.3,1.000e-04,324,-3.690715,0.000000,0.901881,0.903158
tent,K,3,5,0.05,1.3,1.000e-04,325,-3.695820,0.000000,0.903213,0.903442
tent,K,3,5,0.05,1.3,1.000e-04,326,-3.684748,0.000000,0.902255,0.901586
tent,K,3,5,0.05,1.3,1.000e-04,327,-3.691510,0.000000,0.903564,0.902298
tent,K,3,5,0.05,1.3,1.000e-04,328,-3.685365,0.000000,0.902349,0.900878
tent,K,3,5,0.05,1.3,1.000e-04,329,-3.686801,0.000000,0.902125,0.901852
tent,K,3,5,0.05,1.3,1.000e-04,330,-3.679797,0.000000,0.901511,0.900267
tent,K,3,5,0.05,1.3,1.000e-04,331,-3.687232,0.000000,0.902940,0.901885
tent,K,3,5,0.05,1.3,1.000e-04,332,-3.681829,0.000000,0.901273,0.900574
tent,K,3,5,0.05,1.3,1.000e-04,333,-3.693212,0.000000,0.903183,0.902912
tent,K,3,5,0.05,1.3,1.000e-04,334,-3.693670,0.000000,0.902799,0.902833
tent,K,3,5,0.05,1.3,1.000e-04,335,-3.697494,0.000000,0.903035,0.903274
tent,K,3,5,0.05,1.3,1.000e-04,336,-3.695300,0.000000,0.902608,0.903317
tent,K,3,5,0.05,1.3,1.000e-04,337,-3.700586,0.000000,0.904484,0.904167
tent,K,3,5,0.05,1.3,1.000e-04,338,-3.684541,0.000000,0.902389,0.900888
tent,K,3,5,0.05,1.3,1.000e-04,339,-3.689901,0.000000,0.902935,0.902801
tent,K,3,5,0.05,1.3,1.000e-04,340,-3.680995,0.000000,0.901619,0.901848
tent,K,3,5,0.05,1.3,1.000e-04,341,-3.685974,0.000000,0.902091,0.902570
tent,K,3,5,0.05,1.3,1.000e-04,342,-3.681996,0.000000,0.901441,0.901288
tent,K,3,5,0.05,1.3,1.000e-04,343,-3.691278,0.000000,0.902902,0.904589
tent,K,3,5,0.05,1.3,1.000e-04,344,-3.678042,0.000000,0.901387,0.901064
tent,K,3,5,0.05,1.3,1.000e-04,345,-3.688971,0.000000,0.901330,0.904048
tent,K,3,5,0.05,1.3,1.000e-04,346,-3.679193,0.000000,0.900397,0.902971
tent,K,3,5,0.05,1.3,1.000e-04,347,-3.684744,0.000000,0.902210,0.902853
tent,K,3,5,0.05,1.3,1.000e-04,348,-3.676728,0.000000,0.901645,0.900469
tent,K,3,5,0.05,1.3,1.000e-04,349,-3.684896,0.000000,0.902049,0.901732
tent,K,3,5,0.05,1.3,1.000e-04,350,-3.683532,0.000000,0.901813,0.901283
tent,K,3,5,0.05,1.3,1.000e-04,351,-3.690916,0.000000,0.902448,0.902531
tent,K,3,5,0.05,1.3,1.000e-04,352,-3.686164,0.000000,0.902687,0.900925
tent,K,3,5,0.05,1.3,1.000e-04,353,-3.693668,0.000000,0.904241,0.902864
tent,K,3,5,0.05,1.3,1.000e-04,354,-3.684852,0.000000,0.902347,0.902917
tent,K,3,5,0.05,1.3,1.000e-04,355,-3.691357,0.000000,0.902383,0.904545
tent,K,3,5,0.05,1.3,1.000e-04,356,-3.679509,0.000000,0.901317,0.900594
tent,K,3,5,0.05,1.3,1.000e-04,357,-3.688404,0.000000,0.903115,0.901643
tent,K,3,5,0.05,1.3,1.000e-04,358,-3.681560,0.000000,0.902639,0.900662
tent,K,3,5,0.05,1.3,1.000e-04,359,-3.685930,0.000000,0.902855,0.901362
tent,K,3,5,0.05,1.3,1.000e-04,360,-3.680445,0.000000,0.901317,0.901343
tent,K,3,5,0.05,1.3,1.000e-04,361,-3.694664,0.000000,0.904636,0.902475
tent,K,3,5,0.05,1.3,1.000e-04,362,-3.685337,0.000000,0.900678,0.901675
tent,K,3,5,0.05,1.3,1.000e-04,363,-3.697035,0.000000,0.903081,0.902946
tent,K,3,5,0.05,1.3,1.000e-04,364,-3.686392,0.000000,0.901955,0.901334
tent,K,3,5,0.05,1.3,1.000e-04,365,-3.697623,0.000000,0.903025,0.903574
tent,K,3,5,0.05,1.3,1.000e-04,366,-3.686889,0.000000,0.901507,0.902042
tent,K,3,5,0.05,1.3,1.000e-04,367,-3.695619,0.000000,0.902931,0.904293
tent,K,3,5,0.05,1.3,1.000e-04,368,-3.683574,0.000000,0.902269,0.902560
tent,K,3,5,0.05,1.3,1.000e-04,369,-3.689270,0.000000,0.902461,0.902632
tent,K,3,5,0.05,1.3,1.000e-04,370,-3.687507,0.000000,0.901327,0.901705
tent,K,3,5,0.05,1.3,1.000e-04,371,-3.695379,0.000000,0.901842,0.903311
tent,K,3,5,0.05,1.3,1.000e-04,372,-3.692229,0.000000,0.902532,0.903704
tent,K,3,5,0.05,1.3,1.000e-04,373,-3.693710,0.000000,0.902139,0.903308
tent,K,3,5,0.05,1.3,1.000e-04,374,-3.683122,0.000000,0.902825,0.901261
tent,K,3,5,0.05,1.3,1.000e-04,375,-3.686458,0.000000,0.902195,0.902886
tent,K,3,5,0.05,1.3,1.000e-04,376,-3.681890,0.000000,0.902338,0.900761
tent,K,3,5,0.05,1.3,1.000e-04,377,-3.690906,0.000000,0.903836,0.901160
tent,K,3,5,0.05,1.3,1.000e-04,378,-3.680888,0.000000,0.901254,0.901355
tent,K,3,5,0.05,1.3,1.000e-04,379,-3.692056,0.000000,0.904060,0.902930
tent,K,3,5,0.05,1.3,1.000e-04,380,-3.681827,0.000000,0.903296,0.901601
tent,K,3,5,0.05,1.3,1.000e-04,381,-3.690293,0.000000,0.905620,0.902264
tent,K,3,5,0.05,1.3,1.000e-04,382,-3.679111,0.000000,0.902358,0.901197
tent,K,3,5,0.05,1.3,1.000e-04,383,-3.688885,0.000000,0.903488,0.902090
tent,K,3,5,0.05,1.3,1.000e-04,384,-3.682219,0.000000,0.902326,0.900796
tent,K,3,5,0.05,1.3,1.000e-04,385,-3.683875,0.000000,0.902652,0.901923
tent,K,3,5,0.05,1.3,1.000e-04,386,-3.679794,0.000000,0.902423,0.901187
tent,K,3,5,0.05,1.3,1.000e-04,387,-3.685282,0.000000,0.901957,0.902436
tent,K,3,5,0.05,1.3,1.000e-04,388,-3.682163,0.000000,0.899941,0.902556
tent,K,3,5,0.05,1.3,1.000e-04,389,-3.688375,0.000000,0.901121,0.904222
tent,K,3,5,0.05,1.3,1.000e-04,390,-3.684598,0.000000,0.902112,0.902616
tent,K,3,5,0.05,1.3,1.000e-04,391,-3.691613,0.000000,0.903367,0.903172
tent,K,3,5,0.05,1.3,1.000e-04,392,-3.680551,0.000000,0.902839,0.900156
tent,K,3,5,0.05,1.3,1.000e-04,393,-3.685250,0.000000,0.903203,0.901661
tent,K,3,5,0.05,1.3,1.000e-04,394,-3.678265,0.000000,0.902730,0.900253
tent,K,3,5,0.05,1.3,1.000e-04,395,-3.686592,0.000000,0.902629,0.902640
tent,K,3,5,0.05,1.3,1.000e-04,396,-3.680926,0.000000,0.900529,0.902457
tent,K,3,5,0.05,1.3,1.000e-04,397,-3.687556,0.000000,0.902165,0.902784
tent,K,3,5,0.05,1.3,1.000e-04,398,-3.679793,0.000000,0.899255,0.902091
tent,K,3,5,0.05,1.3,1.000e-04,399,-3.684596,0.000000,0.901184,0.901205
tent,K,3,5,0.05,1.3,1.000e-04,400,-3.674768,0.000000,0.900789,0.900038
tent,K,3,5,0.05,1.3,1.000e-03,1,-6.703069,0.000000,0.999998,0.999998
tent,K,3,5,0.05,1.3,1.000e-03,2,-6.979779,0.000000,0.999887,0.999878
tent,K,3,5,0.05,1.3,1.000e-03,3,-6.432378,0.000000,0.999790,0.999777
tent,K,3,5,0.05,1.3,1.000e-03,4,-6.677021,0.000000,0.999657,0.999637
tent,K,3,5,0.05,1.3,1.000e-03,5,-6.093404,0.000000,0.999369,0.999330
tent,K,3,5,0.05,1.3,1.000e-03,6,-6.161828,0.000000,0.999059,0.998995
tent,K,3,5,0.05,1.3,1.000e-03,7,-5.729642,0.000000,0.998269,0.998129
tent,K,3,5,0.05,1.3,1.000e-03,8,-5.663601,0.000000,0.997516,0.997282
tent,K,3,5,0.05,1.3,1.000e-03,9,-5.336299,0.000000,0.995393,0.994912
tent,K,3,5,0.05,1.3,1.000e-03,10,-5.220318,0.000000,0.993592,0.993067
tent,K,3,5,0.05,1.3,1.000e-03,11,-4.919300,0.000000,0.988111,0.987250
tent,K,3,5,0.05,1.3,1.000e-03,12,-4.803374,0.000000,0.984869,0.983646
tent,K,3,5,0.05,1.3,1.000e-03,13,-4.536591,0.000000,0.972380,0.969669
tent,K,3,5,0.05,1.3,1.000e-03,14,-4.451626,0.000000,0.970143,0.968015
tent,K,3,5,0.05,1.3,1.000e-03,15,-4.201105,0.000000,0.946032,0.941953
tent,K,3,5,0.05,1.3,1.000e-03,16,-4.210009,0.000000,0.954244,0.955797
tent,K,3,5,0.05,1.3,1.000e-03,17,-3.998734,0.000000,0.923923,0.924928
tent,K,3,5,0.05,1.3,1.000e-03,18,-4.056087,0.000000,0.939092,0.948822
tent,K,3,5,0.05,1.3,1.000e-03,19,-3.894442,0.000000,0.909567,0.923890
tent,K,3,5,0.05,1.3,1.000e-03,20,-3.909163,0.000000,0.919999,0.937943
tent,K,3,5,0.05,1.3,1.000e-03,21,-3.816135,0.000000,0.901683,0.919871
tent,K,3,5,0.05,1.3,1.000e-03,22,-3.817862,0.000000,0.909619,0.931338
tent,K,3,5,0.05,1.3,1.000e-03,23,-3.767003,0.000000,0.902266,0.915934
tent,K,3,5,0.05,1.3,1.000e-03,24,-3.755730,0.000000,0.904930,0.923084
tent,K,3,5,0.05,1.3,1.000e-03,25,-3.728005,0.000000,0.903469,0.909769
tent,K,3,5,0.05,1.3,1.000e-03,26,-3.725860,0.000000,0.903507,0.914533
tent,K,3,5,0.05,1.3,1.000e-03,27,-3.711843,0.000000,0.903041,0.905716
tent,K,3,5,0.05,1.3,1.000e-03,28,-3.703721,0.000000,0.901491,0.907708
tent,K,3,5,0.05,1.3,1.000e-03,29,-3.700426,0.000000,0.903305,0.904385
tent,K,3,5,0.05,1.3,1.000e-03,30,-3.695453,0.000000,0.903616,0.903587
tent,K,3,5,0.05,1.3,1.000e-03,31,-3.696079,0.000000,0.902799,0.901834
tent,K,3,5,0.05,1.3,1.000e-03,32,-3.686781,0.000000,0.902498,0.901429
tent,K,3,5,0.05,1.3,1.000e-03,33,-3.695642,0.000000,0.904474,0.902194
tent,K,3,5,0.05,1.3,1.000e-03,34,-3.686871,0.000000,0.902675,0.902087
tent,K,3,5,0.05,1.3,1.000e-03,35,-3.684080,0.000000,0.902658,0.902363
tent,K,3,5,0.05,1.3,1.000e-03,36,-3.676714,0.000000,0.900661,0.900133
tent,K,3,5,0.05,1.3,1.000e-03,37,-3.679347,0.000000,0.901034,0.901156
tent,K,3,5,0.05,1.3,1.000e-03,38,-3.673852,0.000000,0.900822,0.899428
tent,K,3,5,0.05,1.3,1.000e-03,39,-3.688762,0.000000,0.901690,0.901613
tent,K,3,5,0.05,1.3,1.000e-03,40,-3.685402,0.000000,0.902924,0.899736
tent,K,3,5,0.05,1.3,1.000e-03,41,-3.693347,0.000000,0.903322,0.901962
tent,K,3,5,0.05,1.3,1.000e-03,42,-3.688115,0.000000,0.903096,0.902993
tent,K,3,5,0.05,1.3,1.000e-03,43,-3.686009,0.000000,0.902950,0.903456
tent,K,3,5,0.05,1.3,1.000e-03,44,-3.680182,0.000000,0.901487,0.901726
tent,K,3,5,0.05,1.3,1.000e-03,45,-3.688447,0.000000,0.902168,0.902291
tent,K,3,5,0.05,1.3,1.000e-03,46,-3.682560,0.000000,0.900157,0.900477
tent,K,3,5,0.05,1.3,1.000e-03,47,-3.693846,0.000000,0.902532,0.903055
tent,K,3,5,0.05,1.3,1.000e-03,48,-3.686980,0.000000,0.901818,0.903100
tent,K,3,5,0.05,1.3,1.000e-03,49,-3.687513,0.000000,0.902504,0.901356
tent,K,3,5,0.05,1.3,1.000e-03,50,-3.675953,0.000000,0.899825,0.899855
tent,K,3,5,0.05,1.3,1.000e-03,51,-3.686465,0.000000,0.900904,0.900736
tent,K,3,5,0.05,1.3,1.000e-03,52,-3.682015,0.000000,0.899400,0.901183
tent,K,3,5,0.05,1.3,1.000e-03,53,-3.696306,0.000000,0.902619,0.902432
tent,K,3,5,0.05,1.3,1.000e-03,54,-3.688728,0.000000,0.901330,0.902087
tent,K,3,5,0.05,1.3,1.000e-03,55,-3.695438,0.000000,0.902004,0.902322
tent,K,3,5,0.05,1.3,1.000e-03,56,-3.690932,0.000000,0.903634,0.900728
tent,K,3,5,0.05,1.3,1.000e-03,57,-3.689606,0.000000,0.903767,0.900503
tent,K,3,5,0.05,1.3,1.000e-03,58,-3.685342,0.000000,0.901849,0.899189
tent,K,3,5,0.05,1.3,1.000e-03,59,-3.696465,0.000000,0.904153,0.902849
tent,K,3,5,0.05,1.3,1.000e-03,60,-3.690216,0.000000,0.902680,0.901554
tent,K,3,5,0.05,1.3,1.000e-03,61,-3.698399,0.000000,0.904484,0.903154
tent,K,3,5,0.05,1.3,1.000e-03,62,-3.689638,0.000000,0.901547,0.902348
tent,K,3,5,0.05,1.3,1.000e-03,63,-3.694107,0.000000,0.902529,0.903268
tent,K,3,5,0.05,1.3,1.000e-03,64,-3.683358,0.000000,0.901481,0.901280
tent,K,3,5,0.05,1.3,1.000e-03,65,-3.689159,0.000000,0.902196,0.902826
tent,K,3,5,0.05,1.3,1.000e-03,66,-3.683517,0.000000,0.902068,0.900928
tent,K,3,5,0.05,1.3,1.000e-03,67,-3.691397,0.000000,0.903430,0.902345
tent,K,3,5,0.05,1.3,1.000e-03,68,-3.680386,0.000000,0.901465,0.901934
tent,K,3,5,0.05,1.3,1.000e-03,69,-3.691764,0.000000,0.901188,0.903753
tent,K,3,5,0.05,1.3,1.000e-03,70,-3.682502,0.000000,0.898305,0.902489
tent,K,3,5,0.05,1.3,1.000e-03,71,-3.689396,0.000000,0.898806,0.904810
tent,K,3,5,0.05,1.3,1.000e-03,72,-3.685539,0.000000,0.900403,0.903156
tent,K,3,5,0.05,1.3,1.000e-03,73,-3.691489,0.000000,0.902774,0.903659
tent,K,3,5,0.05,1.3,1.000e-03,74,-3.679881,0.000000,0.900562,0.901356
tent,K,3,5,0.05,1.3,1.000e-03,75,-3.683823,0.000000,0.902425,0.901004
tent,K,3,5,0.05,1.3,1.000e-03,76,-3.675684,0.000000,0.901901,0.899443
tent,K,3,5,0.05,1.3,1.000e-03,77,-3.685034,0.000000,0.903433,0.900981
tent,K,3,5,0.05,1.3,1.000e-03,78,-3.682692,0.000000,0.902813,0.900058
tent,K,3,5,0.05,1.3,1.000e-03,79,-3.685921,0.000000,0.904407,0.900482
tent,K,3,5,0.05,1.3,1.000e-03,80,-3.680470,0.000000,0.902525,0.900238
tent,K,3,5,0.05,1.3,1.000e-03,81,-3.686963,0.000000,0.902728,0.901550
tent,K,3,5,0.05,1.3,1.000e-03,82,-3.679675,0.000000,0.901819,0.901153
tent,K,3,5,0.05,1.3,1.000e-03,83,-3.686173,0.000000,0.901947,0.902983
tent,K,3,5,0.05,1.3,1.000e-03,84,-3.679073,0.000000,0.900837,0.900924
tent,K,3,5,0.05,1.3,1.000e-03,85,-3.685310,0.000000,0.902674,0.900637
tent,K,3,5,0.05,1.3,1.000e-03,86,-3.676669,0.000000,0.901056,0.900339
tent,K,3,5,0.05,1.3,1.000e-03,87,-3.689378,0.000000,0.901842,0.903454
tent,K,3,5,0.05,1.3,1.000e-03,88,-3.681818,0.000000,0.900631,0.902115
tent,K,3,5,0.05,1.3,1.000e-03,89,-3.687282,0.000000,0.900883,0.901759
tent,K,3,5,0.05,1.3,1.000e-03,90,-3.681274,0.000000,0.901135,0.901808
tent,K,3,5,0.05,1.3,1.000e-03,91,-3.687967,0.000000,0.901839,0.902378
tent,K,3,5,0.05,1.3,1.000e-03,92,-3.680602,0.000000,0.901247,0.900181
tent,K,3,5,0.05,1.3,1.000e-03,93,-3.684375,0.000000,0.901259,0.900287
tent,K,3,5,0.05,1.3,1.000e-03,94,-3.680436,0.000000,0.902592,0.900457
tent,K,3,5,0.05,1.3,1.000e-03,95,-3.685539,0.000000,0.902860,0.899060
tent,K,3,5,0.05,1.3,1.000e-03,96,-3.681515,0.000000,0.901352,0.898291
tent,K,3,5,0.05,1.3,1.000e-03,97,-3.692658,0.000000,0.903467,0.900389
tent,K,3,5,0.05,1.3,1.000e-03,98,-3.690653,0.000000,0.903507,0.900728
tent,K,3,5,0.05,1.3,1.000e-03,99,-3.697075,0.000000,0.903810,0.901781
tent,K,3,5,0.05,1.3,1.000e-03,100,-3.687154,0.000000,0.902936,0.900419
tent,K,3,5,0.05,1.3,1.000e-03,101,-3.695887,0.000000,0.902632,0.901216
tent,K,3,5,0.05,1.3,1.000e-03,102,-3.687549,0.000000,0.902547,0.900198
tent,K,3,5,0.05,1.3,1.000e-03,103,-3.693912,0.000000,0.903969,0.900302
tent,K,3,5,0.05,1.3,1.000e-03,104,-3.686911,0.000000,0.902862,0.899911
tent,K,3,5,0.05,1.3,1.000e-03,105,-3.696496,0.000000,0.902250,0.903029
tent,K,3,5,0.05,1.3,1.000e-03,106,-3.690848,0.000000,0.899710,0.902735
tent,K,3,5,0.05,1.3,1.000e-03,107,-3.696054,0.000000,0.902320,0.903111
tent,K,3,5,0.05,1.3,1.000e-03,108,-3.690792,0.000000,0.901911,0.902233
tent,K,3,5,0.05,1.3,1.000e-03,109,-3.694221,0.000000,0.902465,0.903407
tent,K,3,5,0.05,1.3,1.000e-03,110,-3.685575,0.000000,0.900683,0.901770
tent,K,3,5,0.05,1.3,1.000e-03,111,-3.692177,0.000000,0.901599,0.901638
tent,K,3,5,0.05,1.3,1.000e-03,112,-3.686868,0.000000,0.900454,0.901348
tent,K,3,5,0.05,1.3,1.000e-03,113,-3.695714,0.000000,0.902955,0.902938
tent,K,3,5,0.05,1.3,1.000e-03,114,-3.687745,0.000000,0.901270,0.901010
tent,K,3,5,0.05,1.3,1.000e-03,115,-3.695881,0.000000,0.903614,0.902321
tent,K,3,5,0.05,1.3,1.000e-03,116,-3.687624,0.000000,0.902188,0.902124
tent,K,3,5,0.05,1.3,1.000e-03,117,-3.694271,0.000000,0.903574,0.903172
tent,K,3,5,0.05,1.3,1.000e-03,118,-3.685670,0.000000,0.902611,0.901144
tent,K,3,5,0.05,1.3,1.000e-03,119,-3.695457,0.000000,0.902960,0.903219
tent,K,3,5,0.05,1.3,1.000e-03,120,-3.692297,0.000000,0.902738,0.901568
tent,K,3,5,0.05,1.3,1.000e-03,121,-3.697810,0.000000,0.903378,0.902800
tent,K,3,5,0.05,1.3,1.000e-03,122,-3.695186,0.000000,0.904060,0.901336
tent,K,3,5,0.05,1.3,1.000e-03,123,-3.704684,0.000000,0.905021,0.903914
tent,K,3,5,0.05,1.3,1.000e-03,124,-3.699560,0.000000,0.903925,0.902586
tent,K,3,5,0.05,1.3,1.000e-03,125,-3.704832,0.000000,0.905371,0.904026
tent,K,3,5,0.05,1.3,1.000e-03,126,-3.686349,0.000000,0.902596,0.902722
tent,K,3,5,0.05,1.3,1.000e-03,127,-3.689685,0.000000,0.902499,0.902459
tent,K,3,5,0.05,1.3,1.000e-03,128,-3.680897,0.000000,0.901680,0.901198
tent,K,3,5,0.05,1.3,1.000e-03,129,-3.685389,0.000000,0.902009,0.900448
tent,K,3,5,0.05,1.3,1.000e-03,130,-3.673198,0.000000,0.899620,0.898449
tent,K,3,5,0.05,1.3,1.000e-03,131,-3.682046,0.000000,0.901100,0.901067
tent,K,3,5,0.05,1.3,1.000e-03,132,-3.677089,0.000000,0.900266,0.900394
tent,K,3,5,0.05,1.3,1.000e-03,133,-3.685006,0.000000,0.900998,0.901041
tent,K,3,5,0.05,1.3,1.000e-03,134,-3.682774,0.000000,0.901162,0.899035
tent,K,3,5,0.05,1.3,1.000e-03,135,-3.692456,0.000000,0.903495,0.901031
tent,K,3,5,0.05,1.3,1.000e-03,136,-3.682070,0.000000,0.901824,0.898461
tent,K,3,5,0.05,1.3,1.000e-03,137,-3.691913,0.000000,0.901963,0.902544
tent,K,3,5,0.05,1.3,1.000e-03,138,-3.685316,0.000000,0.901786,0.901339
tent,K,3,5,0.05,1.3,1.000e-03,139,-3.690249,0.000000,0.903024,0.903113
tent,K,3,5,0.05,1.3,1.000e-03,140,-3.682964,0.000000,0.902265,0.901917
tent,K,3,5,0.05,1.3,1.000e-03,141,-3.684294,0.000000,0.902364,0.901287
tent,K,3,5,0.05,1.3,1.000e-03,142,-3.680262,0.000000,0.900435,0.900039
tent,K,3,5,0.05,1.3,1.000e-03,143,-3.692118,0.000000,0.902242,0.902569
tent,K,3,5,0.05,1.3,1.000e-03,144,-3.690759,0.000000,0.901881,0.901902
tent,K,3,5,0.05,1.3,1.000e-03,145,-3.698544,0.000000,0.902680,0.903662
tent,K,3,5,0.05,1.3,1.000e-03,146,-3.691511,0.000000,0.901693,0.901321
tent,K,3,5,0.05,1.3,1.000e-03,147,-3.697511,0.000000,0.902105,0.902819
tent,K,3,5,0.05,1.3,1.000e-03,148,-3.685331,0.000000,0.900901,0.900609
tent,K,3,5,0.05,1.3,1.000e-03,149,-3.696165,0.000000,0.902095,0.903954
tent,K,3,5,0.05,1.3,1.000e-03,150,-3.686741,0.000000,0.901368,0.902695
tent,K,3,5,0.05,1.3,1.000e-03,151,-3.689140,0.000000,0.901596,0.903072
tent,K,3,5,0.05,1.3,1.000e-03,152,-3.683995,0.000000,0.900945,0.901369
tent,K,3,5,0.05,1.3,1.000e-03,153,-3.689611,0.000000,0.902096,0.902020
tent,K,3,5,0.05,1.3,1.000e-03,154,-3.682404,0.000000,0.900641,0.901201
tent,K,3,5,0.05,1.3,1.000e-03,155,-3.689955,0.000000,0.903710,0.901726
tent,K,3,5,0.05,1.3,1.000e-03,156,-3.680491,0.000000,0.901167,0.898532
tent,K,3,5,0.05,1.3,1.000e-03,157,-3.693050,0.000000,0.902732,0.902055
tent,K,3,5,0.05,1.3,1.000e-03,158,-3.685373,0.000000,0.900856,0.901771
tent,K,3,5,0.05,1.3,1.000e-03,159,-3.692694,0.000000,0.903452,0.902258
tent,K,3,5,0.05,1.3,1.000e-03,160,-3.690320,0.000000,0.902023,0.901892
tent,K,3,5,0.05,1.3,1.000e-03,161,-3.696945,0.000000,0.903351,0.903385
tent,K,3,5,0.05,1.3,1.000e-03,162,-3.683364,0.000000,0.900694,0.901105
tent,K,3,5,0.05,1.3,1.000e-03,163,-3.688752,0.000000,0.901235,0.902364
tent,K,3,5,0.05,1.3,1.000e-03,164,-3.681196,0.000000,0.901064,0.901488
tent,K,3,5,0.05,1.3,1.000e-03,165,-3.686618,0.000000,0.902255,0.901562
tent,K,3,5,0.05,1.3,1.000e-03,166,-3.677426,0.000000,0.900436,0.899189
tent,K,3,5,0.05,1.3,1.000e-03,167,-3.692686,0.000000,0.901770,0.902843
tent,K,3,5,0.05,1.3,1.000e-03,168,-3.678419,0.000000,0.899847,0.900996
tent,K,3,5,0.05,1.3,1.000e-03,169,-3.687340,0.000000,0.900703,0.902792
tent,K,3,5,0.05,1.3,1.000e-03,170,-3.680934,0.000000,0.900501,0.901749
tent,K,3,5,0.05,1.3,1.000e-03,171,-3.690745,0.000000,0.903120,0.902244
tent,K,3,5,0.05,1.3,1.000e-03,172,-3.684437,0.000000,0.901790,0.901686
tent,K,3,5,0.05,1.3,1.000e-03,173,-3.689439,0.000000,0.902338,0.902469
tent,K,3,5,0.05,1.3,1.000e-03,174,-3.684644,0.000000,0.901846,0.901680
tent,K,3,5,0.05,1.3,1.000e-03,175,-3.692509,0.000000,0.902243,0.902557
tent,K,3,5,0.05,1.3,1.000e-03,176,-3.680617,0.000000,0.900286,0.901156
tent,K,3,5,0.05,1.3,1.000e-03,177,-3.691386,0.000000,0.901818,0.904166
tent,K,3,5,0.05,1.3,1.000e-03,178,-3.681257,0.000000,0.901223,0.901739
tent,K,3,5,0.05,1.3,1.000e-03,179,-3.685475,0.000000,0.902262,0.902007
tent,K,3,5,0.05,1.3,1.000e-03,180,-3.676925,0.000000,0.899326,0.900999
tent,K,3,5,0.05,1.3,1.000e-03,181,-3.687138,0.000000,0.900943,0.902531
tent,K,3,5,0.05,1.3,1.000e-03,182,-3.686157,0.000000,0.901779,0.900785
tent,K,3,5,0.05,1.3,1.000e-03,183,-3.694177,0.000000,0.903889,0.903028
tent,K,3,5,0.05,1.3,1.000e-03,184,-3.686252,0.000000,0.903564,0.901440
tent,K,3,5,0.05,1.3,1.000e-03,185,-3.690978,0.000000,0.903513,0.902182
tent,K,3,5,0.05,1.3,1.000e-03,186,-3.680168,0.000000,0.901259,0.901722
tent,K,3,5,0.05,1.3,1.000e-03,187,-3.686594,0.000000,0.901000,0.902527
tent,K,3,5,0.05,1.3,1.000e-03,188,-3.678817,0.000000,0.899867,0.901190
tent,K,3,5,0.05,1.3,1.000e-03,189,-3.690964,0.000000,0.902204,0.903308
tent,K,3,5,0.05,1.3,1.000e-03,190,-3.682344,0.000000,0.901342,0.902918
tent,K,3,5,0.05,1.3,1.000e-03,191,-3.688765,0.000000,0.901950,0.904108
tent,K,3,5,0.05,1.3,1.000e-03,192,-3.676268,0.000000,0.900975,0.899479
tent,K,3,5,0.05,1.3,1.000e-03,193,-3.684756,0.000000,0.900970,0.899652
tent,K,3,5,0.05,1.3,1.000e-03,194,-3.678315,0.000000,0.901863,0.899387
tent,K,3,5,0.05,1.3,1.000e-03,195,-3.683625,0.000000,0.903382,0.900973
tent,K,3,5,0.05,1.3,1.000e-03,196,-3.676131,0.000000,0.900423,0.900000
tent,K,3,5,0.05,1.3,1.000e-03,197,-3.682576,0.000000,0.901608,0.900392
tent,K,3,5,0.05,1.3,1.000e-03,198,-3.677153,0.000000,0.900901,0.899079
tent,K,3,5,0.05,1.3,1.000e-03,199,-3.686711,0.000000,0.901900,0.902616
tent,K,3,5,0.05,1.3,1.000e-03,200,-3.677111,0.000000,0.900358,0.900688
tent,K,3,5,0.05,1.3,1.000e-03,201,-3.687327,0.000000,0.901113,0.903049
tent,K,3,5,0.05,1.3,1.000e-03,202,-3.682226,0.000000,0.900403,0.900079
tent,K,3,5,0.05,1.3,1.000e-03,203,-3.686935,0.000000,0.902924,0.900747
tent,K,3,5,0.05,1.3,1.000e-03,204,-3.678669,0.000000,0.901980,0.899666
tent,K,3,5,0.05,1.3,1.000e-03,205,-3.686426,0.000000,0.902344,0.901831
tent,K,3,5,0.05,1.3,1.000e-03,206,-3.686965,0.000000,0.900771,0.900939
tent,K,3,5,0.05,1.3,1.000e-03,207,-3.688697,0.000000,0.900915,0.903693
tent,K,3,5,0.05,1.3,1.000e-03,208,-3.680799,0.000000,0.899876,0.902256
tent,K,3,5,0.05,1.3,1.000e-03,209,-3.687783,0.000000,0.902221,0.903718
tent,K,3,5,0.05,1.3,1.000e-03,210,-3.678167,0.000000,0.900446,0.900854
tent,K,3,5,0.05,1.3,1.000e-03,211,-3.685134,0.000000,0.901358,0.902734
tent,K,3,5,0.05,1.3,1.000e-03,212,-3.677995,0.000000,0.899621,0.902423
tent,K,3,5,0.05,1.3,1.000e-03,213,-3.687291,0.000000,0.903469,0.902180
tent,K,3,5,0.05,1.3,1.000e-03,214,-3.677180,0.000000,0.901264,0.899882
tent,K,3,5,0.05,1.3,1.000e-03,215,-3.682891,0.000000,0.901645,0.900726
tent,K,3,5,0.05,1.3,1.000e-03,216,-3.676564,0.000000,0.900139,0.900191
tent,K,3,5,0.05,1.3,1.000e-03,217,-3.688559,0.000000,0.902395,0.902977
tent,K,3,5,0.05,1.3,1.000e-03,218,-3.685156,0.000000,0.901344,0.902684
tent,K,3,5,0.05,1.3,1.000e-03,219,-3.691721,0.000000,0.902862,0.902550
tent,K,3,5,0.05,1.3,1.000e-03,220,-3.680276,0.000000,0.902318,0.900219
tent,K,3,5,0.05,1.3,1.000e-03,221,-3.687804,0.000000,0.902580,0.900528
tent,K,3,5,0.05,1.3,1.000e-03,222,-3.681606,0.000000,0.901035,0.900343
tent,K,3,5,0.05,1.3,1.000e-03,223,-3.691737,0.000000,0.902442,0.902799
tent,K,3,5,0.05,1.3,1.000e-03,224,-3.687578,0.000000,0.902767,0.901665
tent,K,3,5,0.05,1.3,1.000e-03,225,-3.696556,0.000000,0.903639,0.902904
tent,K,3,5,0.05,1.3,1.000e-03,226,-3.684578,0.000000,0.901211,0.900474
tent,K,3,5,0.05,1.3,1.000e-03,227,-3.697878,0.000000,0.904096,0.902723
tent,K,3,5,0.05,1.3,1.000e-03,228,-3.689214,0.000000,0.901502,0.902728
tent,K,3,5,0.05,1.3,1.000e-03,229,-3.698774,0.000000,0.904154,0.902403
tent,K,3,5,0.05,1.3,1.000e-03,230,-3.692404,0.000000,0.903189,0.902761
tent,K,3,5,0.05,1.3,1.000e-03,231,-3.693046,0.000000,0.902614,0.903255
tent,K,3,5,0.05,1.3,1.000e-03,232,-3.683104,0.000000,0.900490,0.900535
tent,K,3,5,0.05,1.3,1.000e-03,233,-3.695399,0.000000,0.901426,0.903654
tent,K,3,5,0.05,1.3,1.000e-03,234,-3.691765,0.000000,0.901791,0.902437
tent,K,3,5,0.05,1.3,1.000e-03,235,-3.697643,0.000000,0.903329,0.904856
tent,K,3,5,0.05,1.3,1.000e-03,236,-3.685738,0.000000,0.900875,0.903077
tent,K,3,5,0.05,1.3,1.000e-03,237,-3.691687,0.000000,0.902621,0.903656
tent,K,3,5,0.05,1.3,1.000e-03,238,-3.684919,0.000000,0.903078,0.901343
tent,K,3,5,0.05,1.3,1.000e-03,239,-3.691575,0.000000,0.902437,0.902350
tent,K,3,5,0.05,1.3,1.000e-03,240,-3.680578,0.000000,0.900779,0.900711
tent,K,3,5,0.05,1.3,1.000e-03,241,-3.693179,0.000000,0.903785,0.903246
tent,K,3,5,0.05,1.3,1.000e-03,242,-3.683721,0.000000,0.901521,0.900886
tent,K,3,5,0.05,1.3,1.000e-03,243,-3.689538,0.000000,0.902781,0.901472
tent,K,3,5,0.05,1.3,1.000e-03,244,-3.681691,0.000000,0.899996,0.900467
tent,K,3,5,0.05,1.3,1.000e-03,245,-3.689153,0.000000,0.901837,0.902903
tent,K,3,5,0.05,1.3,1.000e-03,246,-3.682926,0.000000,0.899949,0.901166
tent,K,3,5,0.05,1.3,1.000e-03,247,-3.695450,0.000000,0.902858,0.902940
tent,K,3,5,0.05,1.3,1.000e-03,248,-3.683925,0.000000,0.900892,0.900395
tent,K,3,5,0.05,1.3,1.000e-03,249,-3.691147,0.000000,0.901962,0.902016
tent,K,3,5,0.05,1.3,1.000e-03,250,-3.682126,0.000000,0.901335,0.901847
tent,K,3,5,0.05,1.3,1.000e-03,251,-3.686975,0.000000,0.901773,0.902741
tent,K,3,5,0.05,1.3,1.000e-03,252,-3.679043,0.000000,0.901015,0.901073
tent,K,3,5,0.05,1.3,1.000e-03,253,-3.686070,0.000000,0.901352,0.902938
tent,K,3,5,0.05,1.3,1.000e-03,254,-3.686937,0.000000,0.901407,0.902631
tent,K,3,5,0.05,1.3,1.000e-03,255,-3.692072,0.000000,0.901759,0.903992
tent,K,3,5,0.05,1.3,1.000e-03,256,-3.681134,0.000000,0.900852,0.901646
tent,K,3,5,0.05,1.3,1.000e-03,257,-3.692236,0.000000,0.901489,0.903424
tent,K,3,5,0.05,1.3,1.000e-03,258,-3.683859,0.000000,0.900766,0.901960
tent,K,3,5,0.05,1.3,1.000e-03,259,-3.689132,0.000000,0.902451,0.902755
tent,K,3,5,0.05,1.3,1.000e-03,260,-3.683349,0.000000,0.901797,0.901762
tent,K,3,5,0.05,1.3,1.000e-03,261,-3.686959,0.000000,0.901476,0.902176
tent,K,3,5,0.05,1.3,1.000e-03,262,-3.677914,0.000000,0.900279,0.899993
tent,K,3,5,0.05,1.3,1.000e-03,263,-3.689799,0.000000,0.903729,0.901895
tent,K,3,5,0.05,1.3,1.000e-03,264,-3.688441,0.000000,0.903481,0.902117
tent,K,3,5,0.05,1.3,1.000e-03,265,-3.691145,0.000000,0.904335,0.902197
tent,K,3,5,0.05,1.3,1.000e-03,266,-3.688901,0.000000,0.901811,0.902832
tent,K,3,5,0.05,1.3,1.000e-03,267,-3.691059,0.000000,0.902755,0.903655
tent,K,3,5,0.05,1.3,1.000e-03,268,-3.677397,0.000000,0.900606,0.901149
tent,K,3,5,0.05,1.3,1.000e-03,269,-3.692308,0.000000,0.902481,0.903216
tent,K,3,5,0.05,1.3,1.000e-03,270,-3.684581,0.000000,0.900848,0.901455
tent,K,3,5,0.05,1.3,1.000e-03,271,-3.686007,0.000000,0.899879,0.902993
tent,K,3,5,0.05,1.3,1.000e-03,272,-3.679803,0.000000,0.902378,0.900300
tent,K,3,5,0.05,1.3,1.000e-03,273,-3.684267,0.000000,0.902239,0.901669
tent,K,3,5,0.05,1.3,1.000e-03,274,-3.678773,0.000000,0.900991,0.899940
tent,K,3,5,0.05,1.3,1.000e-03,275,-3.690777,0.000000,0.902450,0.902915
tent,K,3,5,0.05,1.3,1.000e-03,276,-3.681293,0.000000,0.900900,0.901064
tent,K,3,5,0.05,1.3,1.000e-03,277,-3.685807,0.000000,0.901772,0.903026
tent,K,3,5,0.05,1.3,1.000e-03,278,-3.674925,0.000000,0.898774,0.902149
tent,K,3,5,0.05,1.3,1.000e-03,279,-3.688502,0.000000,0.901474,0.903512
tent,K,3,5,0.05,1.3,1.000e-03,280,-3.684779,0.000000,0.901108,0.902330
tent,K,3,5,0.05,1.3,1.000e-03,281,-3.694141,0.000000,0.902635,0.904766
tent,K,3,5,0.05,1.3,1.000e-03,282,-3.686782,0.000000,0.900437,0.903408
tent,K,3,5,0.05,1.3,1.000e-03,283,-3.691656,0.000000,0.901978,0.903911
tent,K,3,5,0.05,1.3,1.000e-03,284,-3.679150,0.000000,0.899748,0.900427
tent,K,3,5,0.05,1.3,1.000e-03,285,-3.688695,0.000000,0.901316,0.902692
tent,K,3,5,0.05,1.3,1.000e-03,286,-3.680985,0.000000,0.901118,0.899783
tent,K,3,5,0.05,1.3,1.000e-03,287,-3.692187,0.000000,0.902296,0.903017
tent,K,3,5,0.05,1.3,1.000e-03,288,-3.684360,0.000000,0.901312,0.902194
tent,K,3,5,0.05,1.3,1.000e-03,289,-3.688778,0.000000,0.902056,0.903153
tent,K,3,5,0.05,1.3,1.000e-03,290,-3.685411,0.000000,0.901680,0.901734
tent,K,3,5,0.05,1.3,1.000e-03,291,-3.690995,0.000000,0.901583,0.902312
tent,K,3,5,0.05,1.3,1.000e-03,292,-3.684383,0.000000,0.901858,0.900520
tent,K,3,5,0.05,1.3,1.000e-03,293,-3.694826,0.000000,0.903709,0.903940
tent,K,3,5,0.05,1.3,1.000e-03,294,-3.683405,0.000000,0.901634,0.900141
tent,K,3,5,0.05,1.3,1.000e-03,295,-3.690553,0.000000,0.903607,0.901497
tent,K,3,5,0.05,1.3,1.000e-03,296,-3.680556,0.000000,0.902694,0.900805
tent,K,3,5,0.05,1.3,1.000e-03,297,-3.688870,0.000000,0.904507,0.902351
tent,K,3,5,0.05,1.3,1.000e-03,298,-3.680392,0.000000,0.901914,0.900396
tent,K,3,5,0.05,1.3,1.000e-03,299,-3.683313,0.000000,0.902127,0.902517
tent,K,3,5,0.05,1.3,1.000e-03,300,-3.681018,0.000000,0.901787,0.900448
tent,K,3,5,0.05,1.3,1.000e-03,301,-3.692547,0.000000,0.903204,0.903549
tent,K,3,5,0.05,1.3,1.000e-03,302,-3.683421,0.000000,0.901890,0.902192
tent,K,3,5,0.05,1.3,1.000e-03,303,-3.689818,0.000000,0.901913,0.903572
tent,K,3,5,0.05,1.3,1.000e-03,304,-3.681000,0.000000,0.899753,0.900285
tent,K,3,5,0.05,1.3,1.000e-03,305,-3.690243,0.000000,0.901760,0.901956
tent,K,3,5,0.05,1.3,1.000e-03,306,-3.682907,0.000000,0.900540,0.901555
tent,K,3,5,0.05,1.3,1.000e-03,307,-3.692651,0.000000,0.902682,0.902841
tent,K,3,5,0.05,1.3,1.000e-03,308,-3.680989,0.000000,0.900499,0.902124
tent,K,3,5,0.05,1.3,1.000e-03,309,-3.686670,0.000000,0.901322,0.904516
tent,K,3,5,0.05,1.3,1.000e-03,310,-3.676801,0.000000,0.900805,0.901404
tent,K,3,5,0.05,1.3,1.000e-03,311,-3.682686,0.000000,0.901866,0.900184
tent,K,3,5,0.05,1.3,1.000e-03,312,-3.678580,0.000000,0.900567,0.899783
tent,K,3,5,0.05,1.3,1.000e-03,313,-3.686331,0.000000,0.902923,0.900738
tent,K,3,5,0.05,1.3,1.000e-03,314,-3.681009,0.000000,0.902038,0.901067
tent,K,3,5,0.05,1.3,1.000e-03,315,-3.686584,0.000000,0.904098,0.901173
tent,K,3,5,0.05,1.3,1.000e-03,316,-3.680042,0.000000,0.902572,0.899622
tent,K,3,5,0.05,1.3,1.000e-03,317,-3.684768,0.000000,0.902899,0.899611
tent,K,3,5,0.05,1.3,1.000e-03,318,-3.681443,0.000000,0.900955,0.898860
tent,K,3,5,0.05,1.3,1.000e-03,319,-3.691572,0.000000,0.902020,0.902314
tent,K,3,5,0.05,1.3,1.000e-03,320,-3.683651,0.000000,0.901147,0.898279
tent,K,3,5,0.05,1.3,1.000e-03,321,-3.692356,0.000000,0.902942,0.900822
tent,K,3,5,0.05,1.3,1.000e-03,322,-3.687330,0.000000,0.901952,0.900068
tent,K,3,5,0.05,1.3,1.000e-03,323,-3.699345,0.000000,0.904155,0.902938
tent,K,3,5,0.05,1.3,1.000e-03,324,-3.697258,0.000000,0.902870,0.902032
tent,K,3,5,0.05,1.3,1.000e-03,325,-3.704583,0.000000,0.904417,0.903347
tent,K,3,5,0.05,1.3,1.000e-03,326,-3.684739,0.000000,0.902918,0.900875
tent,K,3,5,0.05,1.3,1.000e-03,327,-3.688400,0.000000,0.902435,0.902730
tent,K,3,5,0.05,1.3,1.000e-03,328,-3.682234,0.000000,0.901697,0.900412
tent,K,3,5,0.05,1.3,1.000e-03,329,-3.691312,0.000000,0.900449,0.902106
tent,K,3,5,0.05,1.3,1.000e-03,330,-3.692749,0.000000,0.900788,0.901793
tent,K,3,5,0.05,1.3,1.000e-03,331,-3.704686,0.000000,0.903411,0.903595
tent,K,3,5,0.05,1.3,1.000e-03,332,-3.686514,0.000000,0.901370,0.902065
tent,K,3,5,0.05,1.3,1.000e-03,333,-3.686341,0.000000,0.901931,0.902807
tent,K,3,5,0.05,1.3,1.000e-03,334,-3.684511,0.000000,0.901590,0.901605
tent,K,3,5,0.05,1.3,1.000e-03,335,-3.690388,0.000000,0.902522,0.902009
tent,K,3,5,0.05,1.3,1.000e-03,336,-3.682075,0.000000,0.901110,0.901499
tent,K,3,5,0.05,1.3,1.000e-03,337,-3.692489,0.000000,0.903678,0.902958
tent,K,3,5,0.05,1.3,1.000e-03,338,-3.680423,0.000000,0.901808,0.900294
tent,K,3,5,0.05,1.3,1.000e-03,339,-3.687967,0.000000,0.901154,0.902040
tent,K,3,5,0.05,1.3,1.000e-03,340,-3.680156,0.000000,0.900367,0.900766
tent,K,3,5,0.05,1.3,1.000e-03,341,-3.686625,0.000000,0.901105,0.902640
tent,K,3,5,0.05,1.3,1.000e-03,342,-3.682683,0.000000,0.899772,0.900826
tent,K,3,5,0.05,1.3,1.000e-03,343,-3.693370,0.000000,0.901070,0.902553
tent,K,3,5,0.05,1.3,1.000e-03,344,-3.686324,0.000000,0.900940,0.900838
tent,K,3,5,0.05,1.3,1.000e-03,345,-3.692120,0.000000,0.900469,0.903797
tent,K,3,5,0.05,1.3,1.000e-03,346,-3.688296,0.000000,0.901409,0.902506
tent,K,3,5,0.05,1.3,1.000e-03,347,-3.695447,0.000000,0.901802,0.904547
tent,K,3,5,0.05,1.3,1.000e-03,348,-3.684020,0.000000,0.902319,0.902236
tent,K,3,5,0.05,1.3,1.000e-03,349,-3.681071,0.000000,0.901203,0.902077
tent,K,3,5,0.05,1.3,1.000e-03,350,-3.673839,0.000000,0.899746,0.900485
tent,K,3,5,0.05,1.3,1.000e-03,351,-3.680185,0.000000,0.900890,0.902255
tent,K,3,5,0.05,1.3,1.000e-03,352,-3.674574,0.000000,0.901244,0.899896
tent,K,3,5,0.05,1.3,1.000e-03,353,-3.685615,0.000000,0.903312,0.901497
tent,K,3,5,0.05,1.3,1.000e-03,354,-3.679028,0.000000,0.901267,0.901674
tent,K,3,5,0.05,1.3,1.000e-03,355,-3.686653,0.000000,0.902325,0.903784
tent,K,3,5,0.05,1.3,1.000e-03,356,-3.678433,0.000000,0.901318,0.901381
tent,K,3,5,0.05,1.3,1.000e-03,357,-3.686511,0.000000,0.903682,0.901413
tent,K,3,5,0.05,1.3,1.000e-03,358,-3.679678,0.000000,0.901330,0.899983
tent,K,3,5,0.05,1.3,1.000e-03,359,-3.685834,0.000000,0.901101,0.902282
tent,K,3,5,0.05,1.3,1.000e-03,360,-3.682834,0.000000,0.901382,0.900136
tent,K,3,5,0.05,1.3,1.000e-03,361,-3.693244,0.000000,0.902512,0.901284
tent,K,3,5,0.05,1.3,1.000e-03,362,-3.684461,0.000000,0.899346,0.900289
tent,K,3,5,0.05,1.3,1.000e-03,363,-3.688552,0.000000,0.901051,0.902108
tent,K,3,5,0.05,1.3,1.000e-03,364,-3.679242,0.000000,0.899450,0.900937
tent,K,3,5,0.05,1.3,1.000e-03,365,-3.692056,0.000000,0.900552,0.902889
tent,K,3,5,0.05,1.3,1.000e-03,366,-3.685103,0.000000,0.900770,0.900369
tent,K,3,5,0.05,1.3,1.000e-03,367,-3.693404,0.000000,0.902456,0.903428
tent,K,3,5,0.05,1.3,1.000e-03,368,-3.681278,0.000000,0.902267,0.900514
tent,K,3,5,0.05,1.3,1.000e-03,369,-3.689471,0.000000,0.902145,0.902100
tent,K,3,5,0.05,1.3,1.000e-03,370,-3.681659,0.000000,0.900763,0.899662
tent,K,3,5,0.05,1.3,1.000e-03,371,-3.696492,0.000000,0.902924,0.903029
tent,K,3,5,0.05,1.3,1.000e-03,372,-3.691537,0.000000,0.901637,0.903050
tent,K,3,5,0.05,1.3,1.000e-03,373,-3.700193,0.000000,0.902675,0.904430
tent,K,3,5,0.05,1.3,1.000e-03,374,-3.691438,0.000000,0.903421,0.902319
tent,K,3,5,0.05,1.3,1.000e-03,375,-3.694446,0.000000,0.903675,0.902375
tent,K,3,5,0.05,1.3,1.000e-03,376,-3.682708,0.000000,0.901365,0.900534
tent,K,3,5,0.05,1.3,1.000e-03,377,-3.692598,0.000000,0.902649,0.901645
tent,K,3,5,0.05,1.3,1.000e-03,378,-3.686710,0.000000,0.901101,0.900062
tent,K,3,5,0.05,1.3,1.000e-03,379,-3.703003,0.000000,0.903732,0.904244
tent,K,3,5,0.05,1.3,1.000e-03,380,-3.689973,0.000000,0.902555,0.903726
tent,K,3,5,0.05,1.3,1.000e-03,381,-3.694658,0.000000,0.903146,0.902970
tent,K,3,5,0.05,1.3,1.000e-03,382,-3.686844,0.000000,0.902938,0.900943
tent,K,3,5,0.05,1.3,1.000e-03,383,-3.686781,0.000000,0.901942,0.901455
tent,K,3,5,0.05,1.3,1.000e-03,384,-3.680510,0.000000,0.901983,0.901244
tent,K,3,5,0.05,1.3,1.000e-03,385,-3.687569,0.000000,0.902931,0.901461
tent,K,3,5,0.05,1.3,1.000e-03,386,-3.683747,0.000000,0.901444,0.901311
tent,K,3,5,0.05,1.3,1.000e-03,387,-3.688794,0.000000,0.902069,0.904047
tent,K,3,5,0.05,1.3,1.000e-03,388,-3.682708,0.000000,0.900434,0.902925
tent,K,3,5,0.05,1.3,1.000e-03,389,-3.684599,0.000000,0.899623,0.903917
tent,K,3,5,0.05,1.3,1.000e-03,390,-3.676772,0.000000,0.899301,0.901494
tent,K,3,5,0.05,1.3,1.000e-03,391,-3.691376,0.000000,0.902145,0.902212
tent,K,3,5,0.05,1.3,1.000e-03,392,-3.687547,0.000000,0.902706,0.900152
tent,K,3,5,0.05,1.3,1.000e-03,393,-3.701141,0.000000,0.904698,0.903531
tent,K,3,5,0.05,1.3,1.000e-03,394,-3.688640,0.000000,0.902662,0.901954
tent,K,3,5,0.05,1.3,1.000e-03,395,-3.694670,0.000000,0.903274,0.902359
tent,K,3,5,0.05,1.3,1.000e-03,396,-3.686315,0.000000,0.902453,0.901217
tent,K,3,5,0.05,1.3,1.000e-03,397,-3.696214,0.000000,0.903826,0.902628
tent,K,3,5,0.05,1.3,1.000e-03,398,-3.693117,0.000000,0.902577,0.903425
tent,K,3,5,0.05,1.3,1.000e-03,399,-3.696388,0.000000,0.903335,0.903886
tent,K,3,5,0.05,1.3,1.000e-03,400,-3.690484,0.000000,0.903297,0.902222
tent,K,3,5,0.05,1.3,1.000e-02,1,-4.395305,0.000000,0.999806,0.999857
tent,K,3,5,0.05,1.3,1.000e-02,2,-4.649000,0.000000,0.989308,0.988231
tent,K,3,5,0.05,1.3,1.000e-02,3,-4.162469,0.000000,0.979045,0.977965
tent,K,3,5,0.05,1.3,1.000e-02,4,-4.447381,0.000000,0.967452,0.965267
tent,K,3,5,0.05,1.3,1.000e-02,5,-3.898716,0.000000,0.939240,0.933320
tent,K,3,5,0.05,1.3,1.000e-02,6,-4.176376,0.000000,0.940317,0.937896
tent,K,3,5,0.05,1.3,1.000e-02,7,-3.765823,0.000000,0.892334,0.883065
tent,K,3,5,0.05,1.3,1.000e-02,8,-4.014177,0.000000,0.929743,0.935289
tent,K,3,5,0.05,1.3,1.000e-02,9,-3.774109,0.000000,0.884126,0.892916
tent,K,3,5,0.05,1.3,1.000e-02,10,-3.902403,0.000000,0.904158,0.916376
tent,K,3,5,0.05,1.3,1.000e-02,11,-3.748758,0.000000,0.871990,0.886768
tent,K,3,5,0.05,1.3,1.000e-02,12,-3.784702,0.000000,0.883568,0.895918
tent,K,3,5,0.05,1.3,1.000e-02,13,-3.714526,0.000000,0.872901,0.883019
tent,K,3,5,0.05,1.3,1.000e-02,14,-3.712501,0.000000,0.875781,0.891063
tent,K,3,5,0.05,1.3,1.000e-02,15,-3.682877,0.000000,0.871249,0.879577
tent,K,3,5,0.05,1.3,1.000e-02,16,-3.672252,0.000000,0.868609,0.881080
tent,K,3,5,0.05,1.3,1.000e-02,17,-3.659352,0.000000,0.874880,0.874984
tent,K,3,5,0.05,1.3,1.000e-02,18,-3.647571,0.000000,0.867391,0.873152
tent,K,3,5,0.05,1.3,1.000e-02,19,-3.649798,0.000000,0.871481,0.871281
tent,K,3,5,0.05,1.3,1.000e-02,20,-3.627016,0.000000,0.867539,0.863874
tent,K,3,5,0.05,1.3,1.000e-02,21,-3.636116,0.000000,0.871923,0.867924
tent,K,3,5,0.05,1.3,1.000e-02,22,-3.620581,0.000000,0.863891,0.863377
tent,K,3,5,0.05,1.3,1.000e-02,23,-3.633514,0.000000,0.869097,0.868739
tent,K,3,5,0.05,1.3,1.000e-02,24,-3.618715,0.000000,0.864325,0.863709
tent,K,3,5,0.05,1.3,1.000e-02,25,-3.629924,0.000000,0.871321,0.866715
tent,K,3,5,0.05,1.3,1.000e-02,26,-3.615741,0.000000,0.863439,0.862184
tent,K,3,5,0.05,1.3,1.000e-02,27,-3.637461,0.000000,0.869915,0.867410
tent,K,3,5,0.05,1.3,1.000e-02,28,-3.616804,0.000000,0.864821,0.860656
tent,K,3,5,0.05,1.3,1.000e-02,29,-3.630222,0.000000,0.871831,0.864205
tent,K,3,5,0.05,1.3,1.000e-02,30,-3.621459,0.000000,0.865259,0.859383
tent,K,3,5,0.05,1.3,1.000e-02,31,-3.624423,0.000000,0.868868,0.865346
tent,K,3,5,0.05,1.3,1.000e-02,32,-3.611717,0.000000,0.861613,0.860922
tent,K,3,5,0.05,1.3,1.000e-02,33,-3.635555,0.000000,0.869057,0.866380
tent,K,3,5,0.05,1.3,1.000e-02,34,-3.610543,0.000000,0.862036,0.860509
tent,K,3,5,0.05,1.3,1.000e-02,35,-3.626131,0.000000,0.867096,0.866866
tent,K,3,5,0.05,1.3,1.000e-02,36,-3.624212,0.000000,0.862744,0.863139
tent,K,3,5,0.05,1.3,1.000e-02,37,-3.628138,0.000000,0.868328,0.866751
tent,K,3,5,0.05,1.3,1.000e-02,38,-3.619709,0.000000,0.863445,0.860664
tent,K,3,5,0.05,1.3,1.000e-02,39,-3.638197,0.000000,0.871854,0.867056
tent,K,3,5,0.05,1.3,1.000e-02,40,-3.614013,0.000000,0.864232,0.860404
tent,K,3,5,0.05,1.3,1.000e-02,41,-3.629173,0.000000,0.869179,0.865720
tent,K,3,5,0.05,1.3,1.000e-02,42,-3.620084,0.000000,0.864905,0.860334
tent,K,3,5,0.05,1.3,1.000e-02,43,-3.621725,0.000000,0.869882,0.867494
tent,K,3,5,0.05,1.3,1.000e-02,44,-3.613850,0.000000,0.863763,0.862807
tent,K,3,5,0.05,1.3,1.000e-02,45,-3.632261,0.000000,0.868402,0.867290
tent,K,3,5,0.05,1.3,1.000e-02,46,-3.614229,0.000000,0.862134,0.862022
tent,K,3,5,0.05,1.3,1.000e-02,47,-3.629754,0.000000,0.866843,0.866192
tent,K,3,5,0.05,1.3,1.000e-02,48,-3.619482,0.000000,0.862762,0.860359
tent,K,3,5,0.05,1.3,1.000e-02,49,-3.640243,0.000000,0.872212,0.865976
tent,K,3,5,0.05,1.3,1.000e-02,50,-3.620575,0.000000,0.864679,0.861630
tent,K,3,5,0.05,1.3,1.000e-02,51,-3.629270,0.000000,0.869036,0.866426
tent,K,3,5,0.05,1.3,1.000e-02,52,-3.618740,0.000000,0.864142,0.862695
tent,K,3,5,0.05,1.3,1.000e-02,53,-3.634229,0.000000,0.872211,0.867053
tent,K,3,5,0.05,1.3,1.000e-02,54,-3.612119,0.000000,0.863019,0.861752
tent,K,3,5,0.05,1.3,1.000e-02,55,-3.622811,0.000000,0.866036,0.864629
tent,K,3,5,0.05,1.3,1.000e-02,56,-3.609687,0.000000,0.863143,0.859942
tent,K,3,5,0.05,1.3,1.000e-02,57,-3.628459,0.000000,0.870884,0.865087
tent,K,3,5,0.05,1.3,1.000e-02,58,-3.614977,0.000000,0.864185,0.860432
tent,K,3,5,0.05,1.3,1.000e-02,59,-3.630678,0.000000,0.870625,0.865930
tent,K,3,5,0.05,1.3,1.000e-02,60,-3.617420,0.000000,0.863514,0.860601
tent,K,3,5,0.05,1.3,1.000e-02,61,-3.632558,0.000000,0.868759,0.866839
tent,K,3,5,0.05,1.3,1.000e-02,62,-3.619210,0.000000,0.862312,0.864946
tent,K,3,5,0.05,1.3,1.000e-02,63,-3.636985,0.000000,0.868135,0.869064
tent,K,3,5,0.05,1.3,1.000e-02,64,-3.617751,0.000000,0.863808,0.859233
tent,K,3,5,0.05,1.3,1.000e-02,65,-3.630604,0.000000,0.868847,0.867041
tent,K,3,5,0.05,1.3,1.000e-02,66,-3.619580,0.000000,0.863921,0.861578
tent,K,3,5,0.05,1.3,1.000e-02,67,-3.626052,0.000000,0.869172,0.863363
tent,K,3,5,0.05,1.3,1.000e-02,68,-3.611518,0.000000,0.863536,0.859242
tent,K,3,5,0.05,1.3,1.000e-02,69,-3.631565,0.000000,0.870610,0.866475
tent,K,3,5,0.05,1.3,1.000e-02,70,-3.614899,0.000000,0.864263,0.861723
tent,K,3,5,0.05,1.3,1.000e-02,71,-3.636611,0.000000,0.870108,0.868535
tent,K,3,5,0.05,1.3,1.000e-02,72,-3.623143,0.000000,0.865328,0.861048
tent,K,3,5,0.05,1.3,1.000e-02,73,-3.628707,0.000000,0.871878,0.867465
tent,K,3,5,0.05,1.3,1.000e-02,74,-3.615870,0.000000,0.864286,0.862815
tent,K,3,5,0.05,1.3,1.000e-02,75,-3.633025,0.000000,0.869261,0.866794
tent,K,3,5,0.05,1.3,1.000e-02,76,-3.613334,0.000000,0.863598,0.859800
tent,K,3,5,0.05,1.3,1.000e-02,77,-3.631787,0.000000,0.868471,0.867641
tent,K,3,5,0.05,1.3,1.000e-02,78,-3.616066,0.000000,0.863169,0.862892
tent,K,3,5,0.05,1.3,1.000e-02,79,-3.617361,0.000000,0.868285,0.864706
tent,K,3,5,0.05,1.3,1.000e-02,80,-3.600076,0.000000,0.861047,0.858929
tent,K,3,5,0.05,1.3,1.000e-02,81,-3.614034,0.000000,0.868372,0.862263
tent,K,3,5,0.05,1.3,1.000e-02,82,-3.606674,0.000000,0.863410,0.857974
tent,K,3,5,0.05,1.3,1.000e-02,83,-3.620127,0.000000,0.867439,0.863988
tent,K,3,5,0.05,1.3,1.000e-02,84,-3.618261,0.000000,0.861727,0.862710
tent,K,3,5,0.05,1.3,1.000e-02,85,-3.635596,0.000000,0.869529,0.867878
tent,K,3,5,0.05,1.3,1.000e-02,86,-3.618450,0.000000,0.864315,0.864041
tent,K,3,5,0.05,1.3,1.000e-02,87,-3.629952,0.000000,0.868247,0.868106
tent,K,3,5,0.05,1.3,1.000e-02,88,-3.618115,0.000000,0.861046,0.861992
tent,K,3,5,0.05,1.3,1.000e-02,89,-3.636411,0.000000,0.869355,0.867727
tent,K,3,5,0.05,1.3,1.000e-02,90,-3.618001,0.000000,0.865064,0.862064
tent,K,3,5,0.05,1.3,1.000e-02,91,-3.634937,0.000000,0.871222,0.868006
tent,K,3,5,0.05,1.3,1.000e-02,92,-3.619640,0.000000,0.863772,0.861537
tent,K,3,5,0.05,1.3,1.000e-02,93,-3.630229,0.000000,0.867435,0.866666
tent,K,3,5,0.05,1.3,1.000e-02,94,-3.618041,0.000000,0.861769,0.863315
tent,K,3,5,0.05,1.3,1.000e-02,95,-3.633715,0.000000,0.867744,0.870930
tent,K,3,5,0.05,1.3,1.000e-02,96,-3.619699,0.000000,0.862533,0.864126
tent,K,3,5,0.05,1.3,1.000e-02,97,-3.630134,0.000000,0.866888,0.866185
tent,K,3,5,0.05,1.3,1.000e-02,98,-3.610798,0.000000,0.864389,0.860489
tent,K,3,5,0.05,1.3,1.000e-02,99,-3.625742,0.000000,0.870863,0.866927
tent,K,3,5,0.05,1.3,1.000e-02,100,-3.611829,0.000000,0.862221,0.862738
tent,K,3,5,0.05,1.3,1.000e-02,101,-3.631866,0.000000,0.869816,0.865457
tent,K,3,5,0.05,1.3,1.000e-02,102,-3.617724,0.000000,0.863313,0.858344
tent,K,3,5,0.05,1.3,1.000e-02,103,-3.626654,0.000000,0.869920,0.864769
tent,K,3,5,0.05,1.3,1.000e-02,104,-3.611402,0.000000,0.864857,0.862340
tent,K,3,5,0.05,1.3,1.000e-02,105,-3.629299,0.000000,0.870084,0.864895
tent,K,3,5,0.05,1.3,1.000e-02,106,-3.618241,0.000000,0.865394,0.859913
tent,K,3,5,0.05,1.3,1.000e-02,107,-3.628711,0.000000,0.869164,0.867943
tent,K,3,5,0.05,1.3,1.000e-02,108,-3.608972,0.000000,0.862556,0.862371
tent,K,3,5,0.05,1.3,1.000e-02,109,-3.632879,0.000000,0.868655,0.867317
tent,K,3,5,0.05,1.3,1.000e-02,110,-3.618139,0.000000,0.863452,0.861751
tent,K,3,5,0.05,1.3,1.000e-02,111,-3.632233,0.000000,0.870581,0.868439
tent,K,3,5,0.05,1.3,1.000e-02,112,-3.618256,0.000000,0.862660,0.864545
tent,K,3,5,0.05,1.3,1.000e-02,113,-3.638215,0.000000,0.868564,0.867833
tent,K,3,5,0.05,1.3,1.000e-02,114,-3.618783,0.000000,0.862716,0.859066
tent,K,3,5,0.05,1.3,1.000e-02,115,-3.642182,0.000000,0.870832,0.867703
tent,K,3,5,0.05,1.3,1.000e-02,116,-3.625688,0.000000,0.866845,0.863766
tent,K,3,5,0.05,1.3,1.000e-02,117,-3.635221,0.000000,0.870823,0.868434
tent,K,3,5,0.05,1.3,1.000e-02,118,-3.617479,0.000000,0.862373,0.863866
tent,K,3,5,0.05,1.3,1.000e-02,119,-3.625410,0.000000,0.866290,0.868212
tent,K,3,5,0.05,1.3,1.000e-02,120,-3.615051,0.000000,0.862529,0.860427
tent,K,3,5,0.05,1.3,1.000e-02,121,-3.630420,0.000000,0.868981,0.866996
tent,K,3,5,0.05,1.3,1.000e-02,122,-3.617846,0.000000,0.863759,0.861040
tent,K,3,5,0.05,1.3,1.000e-02,123,-3.633968,0.000000,0.869936,0.866092
tent,K,3,5,0.05,1.3,1.000e-02,124,-3.622508,0.000000,0.864635,0.862099
tent,K,3,5,0.05,1.3,1.000e-02,125,-3.637807,0.000000,0.870322,0.868487
tent,K,3,5,0.05,1.3,1.000e-02,126,-3.620709,0.000000,0.862417,0.863237
tent,K,3,5,0.05,1.3,1.000e-02,127,-3.628668,0.000000,0.869114,0.866304
tent,K,3,5,0.05,1.3,1.000e-02,128,-3.615800,0.000000,0.864249,0.860358
tent,K,3,5,0.05,1.3,1.000e-02,129,-3.627556,0.000000,0.869644,0.865616
tent,K,3,5,0.05,1.3,1.000e-02,130,-3.619161,0.000000,0.864789,0.860529
tent,K,3,5,0.05,1.3,1.000e-02,131,-3.631054,0.000000,0.866605,0.866463
tent,K,3,5,0.05,1.3,1.000e-02,132,-3.620894,0.000000,0.860262,0.862868
tent,K,3,5,0.05,1.3,1.000e-02,133,-3.628175,0.000000,0.869168,0.867306
tent,K,3,5,0.05,1.3,1.000e-02,134,-3.623456,0.000000,0.864599,0.860621
tent,K,3,5,0.05,1.3,1.000e-02,135,-3.634798,0.000000,0.868548,0.868203
tent,K,3,5,0.05,1.3,1.000e-02,136,-3.618910,0.000000,0.861971,0.862285
tent,K,3,5,0.05,1.3,1.000e-02,137,-3.637283,0.000000,0.869232,0.869458
tent,K,3,5,0.05,1.3,1.000e-02,138,-3.615236,0.000000,0.864347,0.862780
tent,K,3,5,0.05,1.3,1.000e-02,139,-3.629723,0.000000,0.869397,0.868659
tent,K,3,5,0.05,1.3,1.000e-02,140,-3.612621,0.000000,0.862074,0.861612
tent,K,3,5,0.05,1.3,1.000e-02,141,-3.631337,0.000000,0.869199,0.864540
tent,K,3,5,0.05,1.3,1.000e-02,142,-3.612979,0.000000,0.863635,0.860925
tent,K,3,5,0.05,1.3,1.000e-02,143,-3.635396,0.000000,0.870957,0.866724
tent,K,3,5,0.05,1.3,1.000e-02,144,-3.618218,0.000000,0.863664,0.861073
tent,K,3,5,0.05,1.3,1.000e-02,145,-3.631406,0.000000,0.868425,0.868433
tent,K,3,5,0.05,1.3,1.000e-02,146,-3.615889,0.000000,0.863323,0.863913
tent,K,3,5,0.05,1.3,1.000e-02,147,-3.631269,0.000000,0.868305,0.866907
tent,K,3,5,0.05,1.3,1.000e-02,148,-3.609895,0.000000,0.862373,0.861261
tent,K,3,5,0.05,1.3,1.000e-02,149,-3.628303,0.000000,0.869662,0.868935
tent,K,3,5,0.05,1.3,1.000e-02,150,-3.612239,0.000000,0.861044,0.861943
tent,K,3,5,0.05,1.3,1.000e-02,151,-3.625455,0.000000,0.865381,0.866423
tent,K,3,5,0.05,1.3,1.000e-02,152,-3.613141,0.000000,0.860308,0.859558
tent,K,3,5,0.05,1.3,1.000e-02,153,-3.628699,0.000000,0.869865,0.866476
tent,K,3,5,0.05,1.3,1.000e-02,154,-3.616390,0.000000,0.864422,0.863136
tent,K,3,5,0.05,1.3,1.000e-02,155,-3.628555,0.000000,0.870180,0.865659
tent,K,3,5,0.05,1.3,1.000e-02,156,-3.611551,0.000000,0.863365,0.859076
tent,K,3,5,0.05,1.3,1.000e-02,157,-3.633827,0.000000,0.869375,0.867665
tent,K,3,5,0.05,1.3,1.000e-02,158,-3.621593,0.000000,0.863890,0.862163
tent,K,3,5,0.05,1.3,1.000e-02,159,-3.629226,0.000000,0.870269,0.865804
tent,K,3,5,0.05,1.3,1.000e-02,160,-3.614420,0.000000,0.864860,0.861175
tent,K,3,5,0.05,1.3,1.000e-02,161,-3.637859,0.000000,0.869242,0.868344
tent,K,3,5,0.05,1.3,1.000e-02,162,-3.618142,0.000000,0.863870,0.861220
tent,K,3,5,0.05,1.3,1.000e-02,163,-3.631675,0.000000,0.869687,0.866297
tent,K,3,5,0.05,1.3,1.000e-02,164,-3.621955,0.000000,0.863819,0.863048
tent,K,3,5,0.05,1.3,1.000e-02,165,-3.640827,0.000000,0.869587,0.870363
tent,K,3,5,0.05,1.3,1.000e-02,166,-3.620232,0.000000,0.864012,0.861453
tent,K,3,5,0.05,1.3,1.000e-02,167,-3.629945,0.000000,0.870558,0.866542
tent,K,3,5,0.05,1.3,1.000e-02,168,-3.618433,0.000000,0.866312,0.862095
tent,K,3,5,0.05,1.3,1.000e-02,169,-3.626568,0.000000,0.868173,0.866026
tent,K,3,5,0.05,1.3,1.000e-02,170,-3.611139,0.000000,0.860331,0.860287
tent,K,3,5,0.05,1.3,1.000e-02,171,-3.623122,0.000000,0.869018,0.865400
tent,K,3,5,0.05,1.3,1.000e-02,172,-3.611246,0.000000,0.862435,0.859840
tent,K,3,5,0.05,1.3,1.000e-02,173,-3.622043,0.000000,0.866926,0.866476
tent,K,3,5,0.05,1.3,1.000e-02,174,-3.614241,0.000000,0.861580,0.861816
tent,K,3,5,0.05,1.3,1.000e-02,175,-3.631250,0.000000,0.869199,0.867310
tent,K,3,5,0.05,1.3,1.000e-02,176,-3.616786,0.000000,0.865501,0.862582
tent,K,3,5,0.05,1.3,1.000e-02,177,-3.631001,0.000000,0.867196,0.868038
tent,K,3,5,0.05,1.3,1.000e-02,178,-3.617108,0.000000,0.862445,0.860689
tent,K,3,5,0.05,1.3,1.000e-02,179,-3.632374,0.000000,0.872106,0.868440
tent,K,3,5,0.05,1.3,1.000e-02,180,-3.620676,0.000000,0.864624,0.863348
tent,K,3,5,0.05,1.3,1.000e-02,181,-3.637577,0.000000,0.868429,0.868551
tent,K,3,5,0.05,1.3,1.000e-02,182,-3.611330,0.000000,0.862450,0.861434
tent,K,3,5,0.05,1.3,1.000e-02,183,-3.628090,0.000000,0.870485,0.863689
tent,K,3,5,0.05,1.3,1.000e-02,184,-3.614844,0.000000,0.864098,0.858166
tent,K,3,5,0.05,1.3,1.000e-02,185,-3.629392,0.000000,0.869999,0.866364
tent,K,3,5,0.05,1.3,1.000e-02,186,-3.615376,0.000000,0.864212,0.861804
tent,K,3,5,0.05,1.3,1.000e-02,187,-3.626390,0.000000,0.869289,0.865215
tent,K,3,5,0.05,1.3,1.000e-02,188,-3.619026,0.000000,0.864634,0.861108
tent,K,3,5,0.05,1.3,1.000e-02,189,-3.628499,0.000000,0.869856,0.864287
tent,K,3,5,0.05,1.3,1.000e-02,190,-3.607727,0.000000,0.862836,0.859959
tent,K,3,5,0.05,1.3,1.000e-02,191,-3.633926,0.000000,0.869582,0.865490
tent,K,3,5,0.05,1.3,1.000e-02,192,-3.619838,0.000000,0.862904,0.859957
tent,K,3,5,0.05,1.3,1.000e-02,193,-3.634903,0.000000,0.871437,0.866563
tent,K,3,5,0.05,1.3,1.000e-02,194,-3.619662,0.000000,0.866814,0.861662
tent,K,3,5,0.05,1.3,1.000e-02,195,-3.638755,0.000000,0.872247,0.866995
tent,K,3,5,0.05,1.3,1.000e-02,196,-3.615224,0.000000,0.862724,0.861898
tent,K,3,5,0.05,1.3,1.000e-02,197,-3.632572,0.000000,0.869213,0.867962
tent,K,3,5,0.05,1.3,1.000e-02,198,-3.609146,0.000000,0.863290,0.859195
tent,K,3,5,0.05,1.3,1.000e-02,199,-3.626263,0.000000,0.868711,0.865791
tent,K,3,5,0.05,1.3,1.000e-02,200,-3.614680,0.000000,0.862473,0.860657
tent,K,3,5,0.05,1.3,1.000e-02,201,-3.623196,0.000000,0.867296,0.866414
tent,K,3,5,0.05,1.3,1.000e-02,202,-3.613828,0.000000,0.860301,0.860857
tent,K,3,5,0.05,1.3,1.000e-02,203,-3.630337,0.000000,0.867334,0.866310
tent,K,3,5,0.05,1.3,1.000e-02,204,-3.613853,0.000000,0.863244,0.861284
tent,K,3,5,0.05,1.3,1.000e-02,205,-3.632447,0.000000,0.869377,0.865951
tent,K,3,5,0.05,1.3,1.000e-02,206,-3.629126,0.000000,0.865799,0.862129
tent,K,3,5,0.05,1.3,1.000e-02,207,-3.634581,0.000000,0.868954,0.866967
tent,K,3,5,0.05,1.3,1.000e-02,208,-3.618988,0.000000,0.862264,0.862547
tent,K,3,5,0.05,1.3,1.000e-02,209,-3.636065,0.000000,0.869158,0.867368
tent,K,3,5,0.05,1.3,1.000e-02,210,-3.630530,0.000000,0.864366,0.863823
tent,K,3,5,0.05,1.3,1.000e-02,211,-3.639116,0.000000,0.868355,0.870984
tent,K,3,5,0.05,1.3,1.000e-02,212,-3.617238,0.000000,0.862898,0.864291
tent,K,3,5,0.05,1.3,1.000e-02,213,-3.633056,0.000000,0.869560,0.868812
tent,K,3,5,0.05,1.3,1.000e-02,214,-3.616481,0.000000,0.863346,0.861589
tent,K,3,5,0.05,1.3,1.000e-02,215,-3.625451,0.000000,0.867816,0.866480
tent,K,3,5,0.05,1.3,1.000e-02,216,-3.614073,0.000000,0.861790,0.860865
tent,K,3,5,0.05,1.3,1.000e-02,217,-3.632803,0.000000,0.867875,0.869111
tent,K,3,5,0.05,1.3,1.000e-02,218,-3.613480,0.000000,0.862452,0.864495
tent,K,3,5,0.05,1.3,1.000e-02,219,-3.633801,0.000000,0.869652,0.868310
tent,K,3,5,0.05,1.3,1.000e-02,220,-3.626347,0.000000,0.863307,0.862504
tent,K,3,5,0.05,1.3,1.000e-02,221,-3.644565,0.000000,0.871984,0.867751
tent,K,3,5,0.05,1.3,1.000e-02,222,-3.622704,0.000000,0.866841,0.862519
tent,K,3,5,0.05,1.3,1.000e-02,223,-3.637947,0.000000,0.872951,0.867084
tent,K,3,5,0.05,1.3,1.000e-02,224,-3.617266,0.000000,0.865044,0.861443
tent,K,3,5,0.05,1.3,1.000e-02,225,-3.631714,0.000000,0.868771,0.865515
tent,K,3,5,0.05,1.3,1.000e-02,226,-3.617729,0.000000,0.863694,0.859875
tent,K,3,5,0.05,1.3,1.000e-02,227,-3.638063,0.000000,0.872319,0.865817
tent,K,3,5,0.05,1.3,1.000e-02,228,-3.616986,0.000000,0.866039,0.862579
tent,K,3,5,0.05,1.3,1.000e-02,229,-3.628861,0.000000,0.868518,0.868017
tent,K,3,5,0.05,1.3,1.000e-02,230,-3.618899,0.000000,0.863118,0.862882
tent,K,3,5,0.05,1.3,1.000e-02,231,-3.634229,0.000000,0.870480,0.866625
tent,K,3,5,0.05,1.3,1.000e-02,232,-3.616290,0.000000,0.862930,0.861194
tent,K,3,5,0.05,1.3,1.000e-02,233,-3.627410,0.000000,0.869355,0.866096
tent,K,3,5,0.05,1.3,1.000e-02,234,-3.616176,0.000000,0.861276,0.861527
tent,K,3,5,0.05,1.3,1.000e-02,235,-3.628049,0.000000,0.866637,0.868698
tent,K,3,5,0.05,1.3,1.000e-02,236,-3.605325,0.000000,0.860893,0.863753
tent,K,3,5,0.05,1.3,1.000e-02,237,-3.606457,0.000000,0.867936,0.864856
tent,K,3,5,0.05,1.3,1.000e-02,238,-3.606665,0.000000,0.862023,0.859780
tent,K,3,5,0.05,1.3,1.000e-02,239,-3.619251,0.000000,0.866298,0.865169
tent,K,3,5,0.05,1.3,1.000e-02,240,-3.605118,0.000000,0.861381,0.860722
tent,K,3,5,0.05,1.3,1.000e-02,241,-3.623789,0.000000,0.869479,0.865108
tent,K,3,5,0.05,1.3,1.000e-02,242,-3.613442,0.000000,0.863582,0.859714
tent,K,3,5,0.05,1.3,1.000e-02,243,-3.631147,0.000000,0.868858,0.867149
tent,K,3,5,0.05,1.3,1.000e-02,244,-3.619409,0.000000,0.862098,0.861837
tent,K,3,5,0.05,1.3,1.000e-02,245,-3.626745,0.000000,0.867795,0.866045
tent,K,3,5,0.05,1.3,1.000e-02,246,-3.612512,0.000000,0.863454,0.862865
tent,K,3,5,0.05,1.3,1.000e-02,247,-3.634507,0.000000,0.870106,0.870237
tent,K,3,5,0.05,1.3,1.000e-02,248,-3.619332,0.000000,0.860980,0.862435
tent,K,3,5,0.05,1.3,1.000e-02,249,-3.627723,0.000000,0.867537,0.865913
tent,K,3,5,0.05,1.3,1.000e-02,250,-3.613498,0.000000,0.865329,0.862311
tent,K,3,5,0.05,1.3,1.000e-02,251,-3.634545,0.000000,0.870515,0.867745
tent,K,3,5,0.05,1.3,1.000e-02,252,-3.612588,0.000000,0.865226,0.861810
tent,K,3,5,0.05,1.3,1.000e-02,253,-3.622882,0.000000,0.868474,0.865791
tent,K,3,5,0.05,1.3,1.000e-02,254,-3.612325,0.000000,0.861428,0.861235
tent,K,3,5,0.05,1.3,1.000e-02,255,-3.627394,0.000000,0.866978,0.868209
tent,K,3,5,0.05,1.3,1.000e-02,256,-3.609509,0.000000,0.863815,0.860735
tent,K,3,5,0.05,1.3,1.000e-02,257,-3.630158,0.000000,0.870991,0.866042
tent,K,3,5,0.05,1.3,1.000e-02,258,-3.609515,0.000000,0.863669,0.859362
tent,K,3,5,0.05,1.3,1.000e-02,259,-3.627184,0.000000,0.867403,0.866762
tent,K,3,5,0.05,1.3,1.000e-02,260,-3.607134,0.000000,0.861362,0.862060
tent,K,3,5,0.05,1.3,1.000e-02,261,-3.625258,0.000000,0.869438,0.866985
tent,K,3,5,0.05,1.3,1.000e-02,262,-3.610248,0.000000,0.863303,0.861859
tent,K,3,5,0.05,1.3,1.000e-02,263,-3.620891,0.000000,0.867255,0.866738
tent,K,3,5,0.05,1.3,1.000e-02,264,-3.610679,0.000000,0.861054,0.860969
tent,K,3,5,0.05,1.3,1.000e-02,265,-3.621261,0.000000,0.868648,0.864600
tent,K,3,5,0.05,1.3,1.000e-02,266,-3.607833,0.000000,0.861391,0.859776
tent,K,3,5,0.05,1.3,1.000e-02,267,-3.624401,0.000000,0.865411,0.868094
tent,K,3,5,0.05,1.3,1.000e-02,268,-3.607073,0.000000,0.860875,0.861766
tent,K,3,5,0.05,1.3,1.000e-02,269,-3.634553,0.000000,0.869843,0.868118
tent,K,3,5,0.05,1.3,1.000e-02,270,-3.616308,0.000000,0.862189,0.863096
tent,K,3,5,0.05,1.3,1.000e-02,271,-3.639201,0.000000,0.869010,0.866762
tent,K,3,5,0.05,1.3,1.000e-02,272,-3.618433,0.000000,0.863692,0.860445
tent,K,3,5,0.05,1.3,1.000e-02,273,-3.637740,0.000000,0.871323,0.866190
tent,K,3,5,0.05,1.3,1.000e-02,274,-3.624177,0.000000,0.864599,0.862581
tent,K,3,5,0.05,1.3,1.000e-02,275,-3.637862,0.000000,0.869883,0.866135
tent,K,3,5,0.05,1.3,1.000e-02,276,-3.620269,0.000000,0.864436,0.861383
tent,K,3,5,0.05,1.3,1.000e-02,277,-3.641390,0.000000,0.870007,0.868374
tent,K,3,5,0.05,1.3,1.000e-02,278,-3.622380,0.000000,0.863035,0.863227
tent,K,3,5,0.05,1.3,1.000e-02,279,-3.633611,0.000000,0.869625,0.866596
tent,K,3,5,0.05,1.3,1.000e-02,280,-3.615151,0.000000,0.862578,0.861791
tent,K,3,5,0.05,1.3,1.000e-02,281,-3.626167,0.000000,0.868747,0.868504
tent,K,3,5,0.05,1.3,1.000e-02,282,-3.615607,0.000000,0.861590,0.861590
tent,K,3,5,0.05,1.3,1.000e-02,283,-3.633955,0.000000,0.870409,0.867517
tent,K,3,5,0.05,1.3,1.000e-02,284,-3.615091,0.000000,0.862606,0.862908
tent,K,3,5,0.05,1.3,1.000e-02,285,-3.627109,0.000000,0.867278,0.865681
tent,K,3,5,0.05,1.3,1.000e-02,286,-3.612117,0.000000,0.861806,0.859848
tent,K,3,5,0.05,1.3,1.000e-02,287,-3.627226,0.000000,0.868294,0.866992
tent,K,3,5,0.05,1.3,1.000e-02,288,-3.616444,0.000000,0.862516,0.863732
tent,K,3,5,0.05,1.3,1.000e-02,289,-3.624886,0.000000,0.868279,0.866581
tent,K,3,5,0.05,1.3,1.000e-02,290,-3.616900,0.000000,0.861872,0.861897
tent,K,3,5,0.05,1.3,1.000e-02,291,-3.626795,0.000000,0.867394,0.868151
tent,K,3,5,0.05,1.3,1.000e-02,292,-3.613277,0.000000,0.863198,0.862025
tent,K,3,5,0.05,1.3,1.000e-02,293,-3.627425,0.000000,0.869133,0.867329
tent,K,3,5,0.05,1.3,1.000e-02,294,-3.610610,0.000000,0.861347,0.860189
tent,K,3,5,0.05,1.3,1.000e-02,295,-3.632742,0.000000,0.868494,0.866155
tent,K,3,5,0.05,1.3,1.000e-02,296,-3.621443,0.000000,0.864565,0.860526
tent,K,3,5,0.05,1.3,1.000e-02,297,-3.629473,0.000000,0.868486,0.866515
tent,K,3,5,0.05,1.3,1.000e-02,298,-3.616997,0.000000,0.863928,0.861423
tent,K,3,5,0.05,1.3,1.000e-02,299,-3.626164,0.000000,0.870122,0.867113
tent,K,3,5,0.05,1.3,1.000e-02,300,-3.615306,0.000000,0.863081,0.864285
tent,K,3,5,0.05,1.3,1.000e-02,301,-3.629603,0.000000,0.869930,0.867108
tent,K,3,5,0.05,1.3,1.000e-02,302,-3.617528,0.000000,0.863661,0.862054
tent,K,3,5,0.05,1.3,1.000e-02,303,-3.630035,0.000000,0.868232,0.867866
tent,K,3,5,0.05,1.3,1.000e-02,304,-3.613631,0.000000,0.864271,0.859937
tent,K,3,5,0.05,1.3,1.000e-02,305,-3.625939,0.000000,0.869694,0.865298
tent,K,3,5,0.05,1.3,1.000e-02,306,-3.610730,0.000000,0.862392,0.862043
tent,K,3,5,0.05,1.3,1.000e-02,307,-3.628223,0.000000,0.867533,0.867295
tent,K,3,5,0.05,1.3,1.000e-02,308,-3.616271,0.000000,0.862460,0.861445
tent,K,3,5,0.05,1.3,1.000e-02,309,-3.632016,0.000000,0.869678,0.867297
tent,K,3,5,0.05,1.3,1.000e-02,310,-3.618816,0.000000,0.865129,0.861375
tent,K,3,5,0.05,1.3,1.000e-02,311,-3.630595,0.000000,0.868136,0.867465
tent,K,3,5,0.05,1.3,1.000e-02,312,-3.615773,0.000000,0.861838,0.863643
tent,K,3,5,0.05,1.3,1.000e-02,313,-3.630823,0.000000,0.867488,0.868568
tent,K,3,5,0.05,1.3,1.000e-02,314,-3.615532,0.000000,0.864191,0.862132
tent,K,3,5,0.05,1.3,1.000e-02,315,-3.625566,0.000000,0.868968,0.866307
tent,K,3,5,0.05,1.3,1.000e-02,316,-3.617449,0.000000,0.862102,0.860868
tent,K,3,5,0.05,1.3,1.000e-02,317,-3.629708,0.000000,0.869160,0.865551
tent,K,3,5,0.05,1.3,1.000e-02,318,-3.613679,0.000000,0.861894,0.863614
tent,K,3,5,0.05,1.3,1.000e-02,319,-3.624481,0.000000,0.867149,0.869035
tent,K,3,5,0.05,1.3,1.000e-02,320,-3.610641,0.000000,0.863359,0.860353
tent,K,3,5,0.05,1.3,1.000e-02,321,-3.628094,0.000000,0.868743,0.865469
tent,K,3,5,0.05,1.3,1.000e-02,322,-3.615069,0.000000,0.863172,0.861466
tent,K,3,5,0.05,1.3,1.000e-02,323,-3.632465,0.000000,0.869424,0.867569
tent,K,3,5,0.05,1.3,1.000e-02,324,-3.626079,0.000000,0.863929,0.862664
tent,K,3,5,0.05,1.3,1.000e-02,325,-3.627866,0.000000,0.869719,0.865959
tent,K,3,5,0.05,1.3,1.000e-02,326,-3.611862,0.000000,0.864527,0.861079
tent,K,3,5,0.05,1.3,1.000e-02,327,-3.631891,0.000000,0.869700,0.866506
tent,K,3,5,0.05,1.3,1.000e-02,328,-3.615257,0.000000,0.863146,0.859109
tent,K,3,5,0.05,1.3,1.000e-02,329,-3.629864,0.000000,0.870496,0.864760
tent,K,3,5,0.05,1.3,1.000e-02,330,-3.613577,0.000000,0.863961,0.858856
tent,K,3,5,0.05,1.3,1.000e-02,331,-3.633934,0.000000,0.868952,0.867541
tent,K,3,5,0.05,1.3,1.000e-02,332,-3.623279,0.000000,0.866623,0.862366
tent,K,3,5,0.05,1.3,1.000e-02,333,-3.634557,0.000000,0.870727,0.867905
tent,K,3,5,0.05,1.3,1.000e-02,334,-3.616973,0.000000,0.862692,0.861036
tent,K,3,5,0.05,1.3,1.000e-02,335,-3.626558,0.000000,0.866214,0.867984
tent,K,3,5,0.05,1.3,1.000e-02,336,-3.610158,0.000000,0.861648,0.861567
tent,K,3,5,0.05,1.3,1.000e-02,337,-3.634209,0.000000,0.868863,0.867871
tent,K,3,5,0.05,1.3,1.000e-02,338,-3.614748,0.000000,0.864800,0.860933
tent,K,3,5,0.05,1.3,1.000e-02,339,-3.631147,0.000000,0.869396,0.867890
tent,K,3,5,0.05,1.3,1.000e-02,340,-3.615357,0.000000,0.863219,0.860969
tent,K,3,5,0.05,1.3,1.000e-02,341,-3.632373,0.000000,0.869083,0.865229
tent,K,3,5,0.05,1.3,1.000e-02,342,-3.609613,0.000000,0.862769,0.860825
tent,K,3,5,0.05,1.3,1.000e-02,343,-3.632982,0.000000,0.869112,0.868303
tent,K,3,5,0.05,1.3,1.000e-02,344,-3.608663,0.000000,0.862438,0.862887
tent,K,3,5,0.05,1.3,1.000e-02,345,-3.627175,0.000000,0.867701,0.866534
tent,K,3,5,0.05,1.3,1.000e-02,346,-3.609969,0.000000,0.862725,0.859528
tent,K,3,5,0.05,1.3,1.000e-02,347,-3.625851,0.000000,0.868472,0.867903
tent,K,3,5,0.05,1.3,1.000e-02,348,-3.610347,0.000000,0.864708,0.861858
tent,K,3,5,0.05,1.3,1.000e-02,349,-3.614682,0.000000,0.868469,0.863232
tent,K,3,5,0.05,1.3,1.000e-02,350,-3.602657,0.000000,0.861021,0.859201
tent,K,3,5,0.05,1.3,1.000e-02,351,-3.623409,0.000000,0.867023,0.865616
tent,K,3,5,0.05,1.3,1.000e-02,352,-3.615806,0.000000,0.863869,0.862063
tent,K,3,5,0.05,1.3,1.000e-02,353,-3.631241,0.000000,0.870577,0.867280
tent,K,3,5,0.05,1.3,1.000e-02,354,-3.610184,0.000000,0.863793,0.861964
tent,K,3,5,0.05,1.3,1.000e-02,355,-3.630390,0.000000,0.869886,0.870013
tent,K,3,5,0.05,1.3,1.000e-02,356,-3.615494,0.000000,0.863922,0.864635
tent,K,3,5,0.05,1.3,1.000e-02,357,-3.627869,0.000000,0.868631,0.867420
tent,K,3,5,0.05,1.3,1.000e-02,358,-3.615230,0.000000,0.860923,0.862110
tent,K,3,5,0.05,1.3,1.000e-02,359,-3.640232,0.000000,0.867481,0.870713
tent,K,3,5,0.05,1.3,1.000e-02,360,-3.619436,0.000000,0.863290,0.864088
tent,K,3,5,0.05,1.3,1.000e-02,361,-3.634968,0.000000,0.870936,0.866211
tent,K,3,5,0.05,1.3,1.000e-02,362,-3.619034,0.000000,0.862333,0.860071
tent,K,3,5,0.05,1.3,1.000e-02,363,-3.632345,0.000000,0.869017,0.867091
tent,K,3,5,0.05,1.3,1.000e-02,364,-3.621750,0.000000,0.864721,0.864704
tent,K,3,5,0.05,1.3,1.000e-02,365,-3.637676,0.000000,0.868603,0.869503
tent,K,3,5,0.05,1.3,1.000e-02,366,-3.618678,0.000000,0.861667,0.861347
tent,K,3,5,0.05,1.3,1.000e-02,367,-3.633199,0.000000,0.869222,0.868716
tent,K,3,5,0.05,1.3,1.000e-02,368,-3.619727,0.000000,0.865135,0.862775
tent,K,3,5,0.05,1.3,1.000e-02,369,-3.636203,0.000000,0.870378,0.866266
tent,K,3,5,0.05,1.3,1.000e-02,370,-3.623651,0.000000,0.861634,0.862009
tent,K,3,5,0.05,1.3,1.000e-02,371,-3.630569,0.000000,0.866703,0.870882
tent,K,3,5,0.05,1.3,1.000e-02,372,-3.614750,0.000000,0.863109,0.864964
tent,K,3,5,0.05,1.3,1.000e-02,373,-3.635675,0.000000,0.869728,0.866829
tent,K,3,5,0.05,1.3,1.000e-02,374,-3.619308,0.000000,0.864653,0.862183
tent,K,3,5,0.05,1.3,1.000e-02,375,-3.625762,0.000000,0.869064,0.867213
tent,K,3,5,0.05,1.3,1.000e-02,376,-3.622769,0.000000,0.863980,0.860609
tent,K,3,5,0.05,1.3,1.000e-02,377,-3.636542,0.000000,0.869199,0.868106
tent,K,3,5,0.05,1.3,1.000e-02,378,-3.620124,0.000000,0.862129,0.865329
tent,K,3,5,0.05,1.3,1.000e-02,379,-3.629459,0.000000,0.869434,0.867604
tent,K,3,5,0.05,1.3,1.000e-02,380,-3.613288,0.000000,0.863618,0.862248
tent,K,3,5,0.05,1.3,1.000e-02,381,-3.633232,0.000000,0.869120,0.865418
tent,K,3,5,0.05,1.3,1.000e-02,382,-3.616049,0.000000,0.863211,0.859651
tent,K,3,5,0.05,1.3,1.000e-02,383,-3.632228,0.000000,0.868982,0.867313
tent,K,3,5,0.05,1.3,1.000e-02,384,-3.620321,0.000000,0.863571,0.861604
tent,K,3,5,0.05,1.3,1.000e-02,385,-3.630127,0.000000,0.867623,0.864695
tent,K,3,5,0.05,1.3,1.000e-02,386,-3.618465,0.000000,0.863891,0.860830
tent,K,3,5,0.05,1.3,1.000e-02,387,-3.632301,0.000000,0.869185,0.867433
tent,K,3,5,0.05,1.3,1.000e-02,388,-3.623297,0.000000,0.863561,0.862971
tent,K,3,5,0.05,1.3,1.000e-02,389,-3.636892,0.000000,0.869631,0.866133
tent,K,3,5,0.05,1.3,1.000e-02,390,-3.610903,0.000000,0.863490,0.860660
tent,K,3,5,0.05,1.3,1.000e-02,391,-3.633028,0.000000,0.870472,0.866910
tent,K,3,5,0.05,1.3,1.000e-02,392,-3.613067,0.000000,0.862100,0.861276
tent,K,3,5,0.05,1.3,1.000e-02,393,-3.631934,0.000000,0.867189,0.867313
tent,K,3,5,0.05,1.3,1.000e-02,394,-3.612144,0.000000,0.861955,0.862236
tent,K,3,5,0.05,1.3,1.000e-02,395,-3.629742,0.000000,0.870173,0.866665
tent,K,3,5,0.05,1.3,1.000e-02,396,-3.610799,0.000000,0.861780,0.861362
tent,K,3,5,0.05,1.3,1.000e-02,397,-3.630712,0.000000,0.869896,0.866261
tent,K,3,5,0.05,1.3,1.000e-02,398,-3.613979,0.000000,0.864953,0.860900
tent,K,3,5,0.05,1.3,1.000e-02,399,-3.632708,0.000000,0.869379,0.866591
tent,K,3,5,0.05,1.3,1.000e-02,400,-3.620732,0.000000,0.861219,0.862682
