family,mode,p,q,K,param,delta,t,mean_ln_d,frac_d_gt_scale,r_x1,r_x2
logistic,param,3,5,0.05,4,1.000e-12,1,-29.175150,0.000000,1.000000,1.000000
logistic,param,3,5,0.05,4,1.000e-12,2,-28.324617,0.000000,1.000000,1.000000
logistic,param,3,5,0.05,4,1.000e-12,3,-27.637665,0.000000,1.000000,1.000000
logistic,param,3,5,0.05,4,1.000e-12,4,-27.013326,0.000000,1.000000,1.000000
logistic,param,3,5,0.05,4,1.000e-12,5,-26.411639,0.000000,1.000000,1.000000
logistic,param,3,5,0.05,4,1.000e-12,6,-25.836237,0.000000,1.000000,1.000000
logistic,param,3,5,0.05,4,1.000e-12,7,-25.281136,0.000000,1.000000,1.000000
logistic,param,3,5,0.05,4,1.000e-12,8,-24.719472,0.000000,1.000000,1.000000
logistic,param,3,5,0.05,4,1.000e-12,9,-24.160399,0.000000,1.000000,1.000000
logistic,param,3,5,0.05,4,1.000e-12,10,-23.606458,0.000000,1.000000,1.000000
logistic,param,3,5,0.05,4,1.000e-12,11,-23.045581,0.000000,1.000000,1.000000
logistic,param,3,5,0.05,4,1.000e-12,12,-22.489789,0.000000,1.000000,1.000000
logistic,param,3,5,0.05,4,1.000e-12,13,-21.934083,0.000000,1.000000,1.000000
logistic,param,3,5,0.05,4,1.000e-12,14,-21.386936,0.000000,1.000000,1.000000
logistic,param,3,5,0.05,4,1.000e-12,15,-20.827440,0.000000,1.000000,1.000000
logistic,param,3,5,0.05,4,1.000e-12,16,-20.280649,0.000000,1.000000,1.000000
logistic,param,3,5,0.05,4,1.000e-12,17,-19.722379,0.000000,1.000000,1.000000
logistic,param,3,5,0.05,4,1.000e-12,18,-19.171070,0.000000,1.000000,1.000000
logistic,param,3,5,0.05,4,1.000e-12,19,-18.615454,0.000000,1.000000,1.000000
logistic,param,3,5,0.05,4,1.000e-12,20,-18.060448,0.000000,1.000000,1.000000
logistic,param,3,5,0.05,4,1.000e-12,21,-17.510458,0.000000,1.000000,1.000000
logistic,param,3,5,0.05,4,1.000e-12,22,-16.950992,0.000000,1.000000,1.000000
logistic,param,3,5,0.05,4,1.000e-12,23,-16.399433,0.000000,1.000000,1.000000
logistic,param,3,5,0.05,4,1.000e-12,24,-15.842935,0.000000,1.000000,1.000000
logistic,param,3,5,0.05,4,1.000e-12,25,-15.288985,0.000000,1.000000,1.000000
logistic,param,3,5,0.05,4,1.000e-12,26,-14.733918,0.000000,1.000000,1.000000
logistic,param,3,5,0.05,4,1.000e-12,27,-14.177912,0.000000,1.000000,1.000000
logistic,param,3,5,0.05,4,1.000e-12,28,-13.629574,0.000000,1.000000,1.000000
logistic,param,3,5,0.05,4,1.000e-12,29,-13.067190,0.000000,1.000000,1.000000
logistic,param,3,5,0.05,4,1.000e-12,30,-12.526128,0.000000,1.000000,1.000000
logistic,param,3,5,0.05,4,1.000e-12,31,-11.970899,0.000000,1.000000,1.000000
logistic,param,3,5,0.05,4,1.000e-12,32,-11.415754,0.000000,1.000000,1.000000
logistic,param,3,5,0.05,4,1.000e-12,33,-10.853169,0.000122,1.000000,0.999347
logistic,param,3,5,0.05,4,1.000e-12,34,-10.309371,0.000305,0.999018,0.999350
logistic,param,3,5,0.05,4,1.000e-12,35,-9.752142,0.000000,0.999993,0.999980
logistic,param,3,5,0.05,4,1.000e-12,36,-9.199755,0.000488,0.999335,0.998926
logistic,param,3,5,0.05,4,1.000e-12,37,-8.651619,0.000610,0.999553,0.998513
logistic,param,3,5,0.05,4,1.000e-12,38,-8.095224,0.001099,0.997249,0.998155
logistic,param,3,5,0.05,4,1.000e-12,39,-7.532258,0.001709,0.997961,0.995988
logistic,param,3,5,0.05,4,1.000e-12,40,-6.974145,0.002136,0.994789,0.995877
logistic,param,3,5,0.05,4,1.000e-12,41,-6.422509,0.004822,0.991539,0.988703
logistic,param,3,5,0.05,4,1.000e-12,42,-5.850756,0.009644,0.980155,0.981344
logistic,param,3,5,0.05,4,1.000e-12,43,-5.288096,0.017212,0.974671,0.966280
logistic,param,3,5,0.05,4,1.000e-12,44,-4.718336,0.033752,0.955887,0.941861
logistic,param,3,5,0.05,4,1.000e-12,45,-4.159518,0.069275,0.914855,0.904496
logistic,param,3,5,0.05,4,1.000e-12,46,-3.608083,0.121216,0.872527,0.851570
logistic,param,3,5,0.05,4,1.000e-12,47,-3.080748,0.203003,0.811306,0.760509
logistic,param,3,5,0.05,4,1.000e-12,48,-2.602588,0.293762,0.718018,0.658367
logistic,param,3,5,0.05,4,1.000e-12,49,-2.183653,0.386414,0.607033,0.561624
logistic,param,3,5,0.05,4,1.000e-12,50,-1.815936,0.490540,0.502060,0.448281
logistic,param,3,5,0.05,4,1.000e-12,51,-1.530488,0.574829,0.394960,0.345888
logistic,param,3,5,0.05,4,1.000e-12,52,-1.296497,0.650330,0.291061,0.236681
logistic,param,3,5,0.05,4,1.000e-12,53,-1.142360,0.702759,0.220466,0.191655
logistic,param,3,5,0.05,4,1.000e-12,54,-1.012173,0.749390,0.155023,0.141922
logistic,param,3,5,0.05,4,1.000e-12,55,-0.919577,0.782471,0.093733,0.092934
logistic,param,3,5,0.05,4,1.000e-12,56,-0.864897,0.805298,0.061870,0.065256
logistic,param,3,5,0.05,4,1.000e-12,57,-0.830565,0.814819,0.039222,0.037703
logistic,param,3,5,0.05,4,1.000e-12,58,-0.808386,0.828735,0.026095,0.038796
logistic,param,3,5,0.05,4,1.000e-12,59,-0.787931,0.836792,0.026909,0.009565
logistic,param,3,5,0.05,4,1.000e-12,60,-0.774259,0.839111,0.008507,0.008152
logistic,param,3,5,0.05,4,1.000e-12,61,-0.777442,0.842896,0.008953,0.013565
logistic,param,3,5,0.05,4,1.000e-12,62,-0.763524,0.842346,-0.003690,0.008294
logistic,param,3,5,0.05,4,1.000e-12,63,-0.749795,0.847778,-0.017407,0.004901
logistic,param,3,5,0.05,4,1.000e-12,64,-0.761392,0.845886,-0.005485,0.021218
logistic,param,3,5,0.05,4,1.000e-12,65,-0.757875,0.846252,-0.005080,-0.005365
logistic,param,3,5,0.05,4,1.000e-12,66,-0.756695,0.846619,-0.013154,0.007577
logistic,param,3,5,0.05,4,1.000e-12,67,-0.764814,0.844421,0.005642,0.009453
logistic,param,3,5,0.05,4,1.000e-12,68,-0.761259,0.844849,-0.000358,0.012338
logistic,param,3,5,0.05,4,1.000e-12,69,-0.761089,0.846497,0.007986,-0.004381
logistic,param,3,5,0.05,4,1.000e-12,70,-0.764555,0.841797,0.002736,-0.007755
logistic,param,3,5,0.05,4,1.000e-12,71,-0.767783,0.842407,0.020107,0.007064
logistic,param,3,5,0.05,4,1.000e-12,72,-0.753623,0.849487,0.005550,-0.006987
logistic,param,3,5,0.05,4,1.000e-12,73,-0.762999,0.843872,0.015622,0.000082
logistic,param,3,5,0.05,4,1.000e-12,74,-0.744586,0.851746,-0.013901,-0.016025
logistic,param,3,5,0.05,4,1.000e-12,75,-0.763854,0.841003,0.004687,-0.005477
logistic,param,3,5,0.05,4,1.000e-12,76,-0.764603,0.841919,-0.006416,0.009390
logistic,param,3,5,0.05,4,1.000e-12,77,-0.765299,0.844299,0.005884,0.018745
logistic,param,3,5,0.05,4,1.000e-12,78,-0.753078,0.845886,-0.012619,0.000106
logistic,param,3,5,0.05,4,1.000e-12,79,-0.749541,0.848267,-0.008679,-0.011073
logistic,param,3,5,0.05,4,1.000e-12,80,-0.757466,0.848206,-0.006841,0.005253
logistic,param,3,5,0.05,4,1.000e-12,81,-0.762976,0.842712,-0.001754,0.004131
logistic,param,3,5,0.05,4,1.000e-12,82,-0.765433,0.842834,-0.009818,0.006935
logistic,param,3,5,0.05,4,1.000e-12,83,-0.765957,0.845093,0.025618,0.007169
logistic,param,3,5,0.05,4,1.000e-12,84,-0.755069,0.847656,-0.005330,0.003947
logistic,param,3,5,0.05,4,1.000e-12,85,-0.753150,0.847107,-0.006972,-0.011768
logistic,param,3,5,0.05,4,1.000e-12,86,-0.764077,0.841858,-0.006639,0.006137
logistic,param,3,5,0.05,4,1.000e-12,87,-0.765060,0.842224,0.006105,0.003275
logistic,param,3,5,0.05,4,1.000e-12,88,-0.765265,0.843628,-0.000436,0.007306
logistic,param,3,5,0.05,4,1.000e-12,89,-0.768143,0.842346,0.010415,0.009259
logistic,param,3,5,0.05,4,1.000e-12,90,-0.753352,0.849365,-0.008147,-0.007653
logistic,param,3,5,0.05,4,1.000e-12,91,-0.759342,0.845459,-0.002216,0.000961
logistic,param,3,5,0.05,4,1.000e-12,92,-0.760362,0.845459,0.006687,-0.004270
logistic,param,3,5,0.05,4,1.000e-12,93,-0.753298,0.849548,-0.007403,0.001963
logistic,param,3,5,0.05,4,1.000e-12,94,-0.748903,0.847534,0.001612,-0.013877
logistic,param,3,5,0.05,4,1.000e-12,95,-0.752386,0.847961,0.006036,-0.002736
logistic,param,3,5,0.05,4,1.000e-12,96,-0.755434,0.847046,0.004887,-0.009124
logistic,param,3,5,0.05,4,1.000e-12,97,-0.761410,0.845398,0.007872,-0.007414
logistic,param,3,5,0.05,4,1.000e-12,98,-0.742691,0.853455,-0.017988,-0.013735
logistic,param,3,5,0.05,4,1.000e-12,99,-0.748975,0.851624,-0.000700,-0.005588
logistic,param,3,5,0.05,4,1.000e-12,100,-0.749114,0.851685,-0.001739,-0.010739
logistic,param,3,5,0.05,4,1.000e-12,101,-0.750754,0.848694,-0.005018,-0.013240
logistic,param,3,5,0.05,4,1.000e-12,102,-0.751560,0.848694,-0.004109,-0.000369
logistic,param,3,5,0.05,4,1.000e-12,103,-0.762377,0.844116,-0.006424,0.008113
logistic,param,3,5,0.05,4,1.000e-12,104,-0.759338,0.846558,-0.008421,0.000839
logistic,param,3,5,0.05,4,1.000e-12,105,-0.767559,0.846436,0.010212,0.013797
logistic,param,3,5,0.05,4,1.000e-12,106,-0.762275,0.845520,0.003734,0.000833
logistic,param,3,5,0.05,4,1.000e-12,107,-0.765582,0.843140,0.010105,0.009186
logistic,param,3,5,0.05,4,1.000e-12,108,-0.758089,0.844177,0.002344,-0.005078
logistic,param,3,5,0.05,4,1.000e-12,109,-0.760301,0.848572,0.002063,0.009221
logistic,param,3,5,0.05,4,1.000e-12,110,-0.757637,0.844421,-0.016294,0.011795
logistic,param,3,5,0.05,4,1.000e-12,111,-0.751937,0.848938,-0.006075,-0.006236
logistic,param,3,5,0.05,4,1.000e-12,112,-0.761856,0.847290,0.005540,0.002325
logistic,param,3,5,0.05,4,1.000e-12,113,-0.758035,0.846680,0.000429,-0.007408
logistic,param,3,5,0.05,4,1.000e-12,114,-0.766156,0.841064,-0.010421,0.006895
logistic,param,3,5,0.05,4,1.000e-12,115,-0.770143,0.841553,0.017672,0.002755
logistic,param,3,5,0.05,4,1.000e-12,116,-0.762994,0.845886,-0.001718,0.004773
logistic,param,3,5,0.05,4,1.000e-12,117,-0.763452,0.841858,-0.002191,-0.001122
logistic,param,3,5,0.05,4,1.000e-12,118,-0.761568,0.842529,0.004474,-0.002091
logistic,param,3,5,0.05,4,1.000e-12,119,-0.765429,0.843018,-0.001821,0.011504
logistic,param,3,5,0.05,4,1.000e-12,120,-0.758214,0.849792,-0.011907,0.008913
logistic,param,3,5,0.05,4,1.000e-12,121,-0.763051,0.842041,0.011154,-0.000026
logistic,param,3,5,0.05,4,1.000e-12,122,-0.767293,0.842468,-0.002942,0.013069
logistic,param,3,5,0.05,4,1.000e-12,123,-0.769128,0.841675,0.014423,0.009895
logistic,param,3,5,0.05,4,1.000e-12,124,-0.770062,0.846130,0.006082,0.010772
logistic,param,3,5,0.05,4,1.000e-12,125,-0.763429,0.843750,-0.000948,0.007399
logistic,param,3,5,0.05,4,1.000e-12,126,-0.762206,0.842773,-0.009251,0.008303
logistic,param,3,5,0.05,4,1.000e-12,127,-0.767567,0.843201,0.000634,-0.000782
logistic,param,3,5,0.05,4,1.000e-12,128,-0.770448,0.841614,-0.001148,0.020828
logistic,param,3,5,0.05,4,1.000e-12,129,-0.768149,0.843079,0.000298,0.016355
logistic,param,3,5,0.05,4,1.000e-12,130,-0.752836,0.849670,-0.000252,-0.002358
logistic,param,3,5,0.05,4,1.000e-12,131,-0.757348,0.847229,-0.000278,0.002366
logistic,param,3,5,0.05,4,1.000e-12,132,-0.756761,0.849243,-0.008613,-0.003164
logistic,param,3,5,0.05,4,1.000e-12,133,-0.762427,0.845642,0.010297,0.004610
logistic,param,3,5,0.05,4,1.000e-12,134,-0.762786,0.846313,0.006887,0.002297
logistic,param,3,5,0.05,4,1.000e-12,135,-0.765820,0.842224,0.004024,0.010390
logistic,param,3,5,0.05,4,1.000e-12,136,-0.751228,0.850098,-0.003191,-0.007269
logistic,param,3,5,0.05,4,1.000e-12,137,-0.758495,0.843872,-0.005709,-0.008728
logistic,param,3,5,0.05,4,1.000e-12,138,-0.763084,0.847961,0.010673,-0.002736
logistic,param,3,5,0.05,4,1.000e-12,139,-0.759149,0.847412,0.008100,-0.007113
logistic,param,3,5,0.05,4,1.000e-12,140,-0.754101,0.842773,-0.014991,0.001616
logistic,param,3,5,0.05,4,1.000e-12,141,-0.761236,0.847046,0.007201,-0.011021
logistic,param,3,5,0.05,4,1.000e-12,142,-0.761941,0.844604,-0.006764,0.001685
logistic,param,3,5,0.05,4,1.000e-12,143,-0.752384,0.848022,-0.002839,-0.012965
logistic,param,3,5,0.05,4,1.000e-12,144,-0.757532,0.845703,0.008550,-0.004155
logistic,param,3,5,0.05,4,1.000e-12,145,-0.759466,0.848389,0.003971,-0.001563
logistic,param,3,5,0.05,4,1.000e-12,146,-0.750065,0.849426,-0.015288,-0.007964
logistic,param,3,5,0.05,4,1.000e-12,147,-0.754853,0.847290,-0.000160,-0.012978
logistic,param,3,5,0.05,4,1.000e-12,148,-0.766386,0.843811,0.004942,-0.003489
logistic,param,3,5,0.05,4,1.000e-12,149,-0.768326,0.841187,0.016280,-0.005398
logistic,param,3,5,0.05,4,1.000e-12,150,-0.756329,0.847046,-0.006196,0.007052
logistic,param,3,5,0.05,4,1.000e-12,151,-0.755514,0.847412,-0.006024,-0.000549
logistic,param,3,5,0.05,4,1.000e-12,152,-0.758657,0.846008,-0.007255,-0.007109
logistic,param,3,5,0.05,4,1.000e-12,153,-0.761990,0.842224,-0.002469,0.002653
logistic,param,3,5,0.05,4,1.000e-12,154,-0.758948,0.846252,-0.008312,0.021377
logistic,param,3,5,0.05,4,1.000e-12,155,-0.755823,0.848083,-0.003832,-0.001013
logistic,param,3,5,0.05,4,1.000e-12,156,-0.759778,0.847656,-0.003706,-0.005082
logistic,param,3,5,0.05,4,1.000e-12,157,-0.760786,0.845642,0.003577,-0.000792
logistic,param,3,5,0.05,4,1.000e-12,158,-0.760536,0.845093,-0.003071,-0.003824
logistic,param,3,5,0.05,4,1.000e-12,159,-0.761507,0.841064,0.009942,-0.009058
logistic,param,3,5,0.05,4,1.000e-12,160,-0.759982,0.845886,-0.000445,0.004622
logistic,param,3,5,0.05,4,1.000e-12,161,-0.757837,0.846069,0.001989,0.009855
logistic,param,3,5,0.05,4,1.000e-12,162,-0.759633,0.845825,-0.010772,-0.000206
logistic,param,3,5,0.05,4,1.000e-12,163,-0.762515,0.846252,0.006609,-0.010338
logistic,param,3,5,0.05,4,1.000e-12,164,-0.766207,0.843811,0.015248,-0.000764
logistic,param,3,5,0.05,4,1.000e-12,165,-0.751143,0.849609,-0.002863,-0.011643
logistic,param,3,5,0.05,4,1.000e-12,166,-0.758459,0.842346,0.008043,0.003073
logistic,param,3,5,0.05,4,1.000e-12,167,-0.754134,0.847351,0.005089,-0.010922
logistic,param,3,5,0.05,4,1.000e-12,168,-0.764602,0.845398,0.007009,0.009949
logistic,param,3,5,0.05,4,1.000e-12,169,-0.761621,0.844360,-0.001240,0.001973
logistic,param,3,5,0.05,4,1.000e-12,170,-0.757140,0.846008,-0.000993,-0.004900
logistic,param,3,5,0.05,4,1.000e-12,171,-0.759063,0.845215,0.005024,0.002899
logistic,param,3,5,0.05,4,1.000e-12,172,-0.759513,0.843323,-0.002624,0.000890
logistic,param,3,5,0.05,4,1.000e-12,173,-0.758992,0.844910,0.000075,-0.008834
logistic,param,3,5,0.05,4,1.000e-12,174,-0.757533,0.847595,0.007798,-0.010742
logistic,param,3,5,0.05,4,1.000e-12,175,-0.749154,0.852112,-0.003808,-0.007380
logistic,param,3,5,0.05,4,1.000e-12,176,-0.748378,0.850586,-0.012970,-0.008347
logistic,param,3,5,0.05,4,1.000e-12,177,-0.746334,0.850464,-0.008618,-0.015999
logistic,param,3,5,0.05,4,1.000e-12,178,-0.751984,0.849487,-0.003160,-0.005133
logistic,param,3,5,0.05,4,1.000e-12,179,-0.750303,0.848694,-0.007061,-0.002923
logistic,param,3,5,0.05,4,1.000e-12,180,-0.751364,0.846619,-0.000451,-0.007963
logistic,param,3,5,0.05,4,1.000e-12,181,-0.762644,0.847351,0.007677,-0.004566
logistic,param,3,5,0.05,4,1.000e-12,182,-0.767886,0.839966,0.001137,0.007713
logistic,param,3,5,0.05,4,1.000e-12,183,-0.763430,0.846741,0.006478,0.001069
logistic,param,3,5,0.05,4,1.000e-12,184,-0.773034,0.841125,0.013706,0.012592
logistic,param,3,5,0.05,4,1.000e-12,185,-0.769431,0.841736,0.010877,0.009745
logistic,param,3,5,0.05,4,1.000e-12,186,-0.758741,0.846680,0.011198,-0.003421
logistic,param,3,5,0.05,4,1.000e-12,187,-0.749595,0.849976,-0.002044,-0.018733
logistic,param,3,5,0.05,4,1.000e-12,188,-0.757492,0.848694,0.004168,0.001876
logistic,param,3,5,0.05,4,1.000e-12,189,-0.757540,0.843689,-0.000123,-0.008890
logistic,param,3,5,0.05,4,1.000e-12,190,-0.766714,0.840210,0.005674,-0.002582
logistic,param,3,5,0.05,4,1.000e-12,191,-0.760446,0.846985,0.000175,-0.007885
logistic,param,3,5,0.05,4,1.000e-12,192,-0.765518,0.842224,-0.009988,0.007192
logistic,param,3,5,0.05,4,1.000e-12,193,-0.757581,0.845032,-0.001062,0.002178
logistic,param,3,5,0.05,4,1.000e-12,194,-0.751273,0.850464,-0.015141,-0.003963
logistic,param,3,5,0.05,4,1.000e-12,195,-0.753364,0.846985,-0.001054,-0.006970
logistic,param,3,5,0.05,4,1.000e-12,196,-0.751247,0.846680,-0.012089,-0.017469
logistic,param,3,5,0.05,4,1.000e-12,197,-0.764540,0.846008,0.006396,0.008202
logistic,param,3,5,0.05,4,1.000e-12,198,-0.757994,0.846252,-0.010016,0.004312
logistic,param,3,5,0.05,4,1.000e-12,199,-0.759331,0.845154,-0.004536,0.009254
logistic,param,3,5,0.05,4,1.000e-12,200,-0.755662,0.848267,-0.008821,0.002209
logistic,param,3,5,0.05,4,1.000e-12,201,-0.760996,0.844604,0.006456,0.000136
logistic,param,3,5,0.05,4,1.000e-12,202,-0.754744,0.850769,-0.014104,-0.000918
logistic,param,3,5,0.05,4,1.000e-12,203,-0.761909,0.843872,0.007784,0.002435
logistic,param,3,5,0.05,4,1.000e-12,204,-0.761543,0.844177,0.001035,0.013212
logistic,param,3,5,0.05,4,1.000e-12,205,-0.758593,0.843567,-0.007209,-0.000456
logistic,param,3,5,0.05,4,1.000e-12,206,-0.764807,0.846619,0.003912,0.023337
logistic,param,3,5,0.05,4,1.000e-12,207,-0.757815,0.848755,-0.001601,-0.000505
logistic,param,3,5,0.05,4,1.000e-12,208,-0.765572,0.841980,-0.004308,0.007025
logistic,param,3,5,0.05,4,1.000e-12,209,-0.757527,0.845215,0.000947,-0.005949
logistic,param,3,5,0.05,4,1.000e-12,210,-0.756659,0.848328,0.011327,-0.014297
logistic,param,3,5,0.05,4,1.000e-12,211,-0.760092,0.845398,0.006233,0.001070
logistic,param,3,5,0.05,4,1.000e-12,212,-0.753068,0.848694,-0.012646,0.001341
logistic,param,3,5,0.05,4,1.000e-12,213,-0.770156,0.841675,0.010059,0.004368
logistic,param,3,5,0.05,4,1.000e-12,214,-0.764498,0.845825,-0.008041,0.021627
logistic,param,3,5,0.05,4,1.000e-12,215,-0.762989,0.842102,0.003246,0.012462
logistic,param,3,5,0.05,4,1.000e-12,216,-0.762447,0.844849,-0.000898,0.020354
logistic,param,3,5,0.05,4,1.000e-12,217,-0.749638,0.850159,0.000338,-0.011452
logistic,param,3,5,0.05,4,1.000e-12,218,-0.763886,0.845154,0.013177,0.002761
logistic,param,3,5,0.05,4,1.000e-12,219,-0.762643,0.845520,0.001788,0.016918
logistic,param,3,5,0.05,4,1.000e-12,220,-0.760523,0.844910,0.013239,-0.005670
logistic,param,3,5,0.05,4,1.000e-12,221,-0.760610,0.847595,0.002875,0.006467
logistic,param,3,5,0.05,4,1.000e-12,222,-0.760507,0.843872,-0.001948,-0.001486
logistic,param,3,5,0.05,4,1.000e-12,223,-0.763815,0.846436,-0.004138,0.012928
logistic,param,3,5,0.05,4,1.000e-12,224,-0.758965,0.845032,0.005663,-0.000220
logistic,param,3,5,0.05,4,1.000e-12,225,-0.760553,0.844055,-0.004359,-0.001270
logistic,param,3,5,0.05,4,1.000e-12,226,-0.761718,0.841431,-0.003094,-0.013409
logistic,param,3,5,0.05,4,1.000e-12,227,-0.767144,0.842712,0.014172,0.018588
logistic,param,3,5,0.05,4,1.000e-12,228,-0.765107,0.846863,0.008426,0.013029
logistic,param,3,5,0.05,4,1.000e-12,229,-0.760057,0.844543,0.000547,0.001603
logistic,param,3,5,0.05,4,1.000e-12,230,-0.758781,0.844971,-0.013478,0.007531
logistic,param,3,5,0.05,4,1.000e-12,231,-0.754763,0.851440,-0.002963,0.001022
logistic,param,3,5,0.05,4,1.000e-12,232,-0.753943,0.849487,-0.012758,-0.005612
logistic,param,3,5,0.05,4,1.000e-12,233,-0.765454,0.844604,0.005785,0.002786
logistic,param,3,5,0.05,4,1.000e-12,234,-0.765512,0.842712,0.008178,0.002380
logistic,param,3,5,0.05,4,1.000e-12,235,-0.767862,0.840576,-0.002818,0.012868
logistic,param,3,5,0.05,4,1.000e-12,236,-0.762129,0.846985,0.005560,0.006928
logistic,param,3,5,0.05,4,1.000e-12,237,-0.754395,0.847534,-0.007589,0.003827
logistic,param,3,5,0.05,4,1.000e-12,238,-0.762441,0.845703,-0.004608,0.003695
logistic,param,3,5,0.05,4,1.000e-12,239,-0.768230,0.841309,-0.007352,0.006471
logistic,param,3,5,0.05,4,1.000e-12,240,-0.765844,0.844482,0.004647,0.007049
logistic,param,3,5,0.05,4,1.000e-12,241,-0.760017,0.846741,-0.000001,-0.005791
logistic,param,3,5,0.05,4,1.000e-12,242,-0.759461,0.844971,-0.008848,0.000570
logistic,param,3,5,0.05,4,1.000e-12,243,-0.756730,0.847778,-0.003106,-0.001906
logistic,param,3,5,0.05,4,1.000e-12,244,-0.758542,0.842651,-0.003742,-0.002689
logistic,param,3,5,0.05,4,1.000e-12,245,-0.758394,0.844360,-0.002581,-0.007922
logistic,param,3,5,0.05,4,1.000e-12,246,-0.760593,0.846069,-0.001598,-0.001003
logistic,param,3,5,0.05,4,1.000e-12,247,-0.762552,0.841492,0.003388,0.008177
logistic,param,3,5,0.05,4,1.000e-12,248,-0.749524,0.848999,-0.016330,0.002530
logistic,param,3,5,0.05,4,1.000e-12,249,-0.755518,0.847900,0.000103,-0.003827
logistic,param,3,5,0.05,4,1.000e-12,250,-0.753955,0.844788,-0.012205,-0.006078
logistic,param,3,5,0.05,4,1.000e-12,251,-0.757122,0.847412,-0.011727,0.003441
logistic,param,3,5,0.05,4,1.000e-12,252,-0.759581,0.849365,0.007177,0.003752
logistic,param,3,5,0.05,4,1.000e-12,253,-0.763120,0.842773,0.004029,0.000579
logistic,param,3,5,0.05,4,1.000e-12,254,-0.759374,0.846619,-0.007753,-0.004561
logistic,param,3,5,0.05,4,1.000e-12,255,-0.753061,0.849609,-0.007707,0.003048
logistic,param,3,5,0.05,4,1.000e-12,256,-0.749346,0.850464,-0.004193,-0.010375
logistic,param,3,5,0.05,4,1.000e-12,257,-0.759094,0.848877,0.009206,-0.008839
logistic,param,3,5,0.05,4,1.000e-12,258,-0.757572,0.844788,-0.009695,0.001621
logistic,param,3,5,0.05,4,1.000e-12,259,-0.757246,0.848389,-0.005591,0.004997
logistic,param,3,5,0.05,4,1.000e-12,260,-0.767364,0.839294,0.009261,0.007539
logistic,param,3,5,0.05,4,1.000e-12,261,-0.753544,0.845337,-0.013347,0.000267
logistic,param,3,5,0.05,4,1.000e-12,262,-0.757023,0.846252,-0.006729,-0.002418
logistic,param,3,5,0.05,4,1.000e-12,263,-0.756988,0.846008,-0.003844,0.001865
logistic,param,3,5,0.05,4,1.000e-12,264,-0.758327,0.842468,-0.004347,0.004101
logistic,param,3,5,0.05,4,1.000e-12,265,-0.759895,0.846924,-0.002800,0.007557
logistic,param,3,5,0.05,4,1.000e-12,266,-0.763007,0.843994,0.002320,0.000536
logistic,param,3,5,0.05,4,1.000e-12,267,-0.756759,0.847473,0.002778,-0.009587
logistic,param,3,5,0.05,4,1.000e-12,268,-0.759454,0.843872,0.001144,-0.002771
logistic,param,3,5,0.05,4,1.000e-12,269,-0.757035,0.846252,-0.003701,-0.004687
logistic,param,3,5,0.05,4,1.000e-12,270,-0.764665,0.842957,0.012460,-0.007530
logistic,param,3,5,0.05,4,1.000e-12,271,-0.758432,0.847717,-0.006910,-0.009096
logistic,param,3,5,0.05,4,1.000e-12,272,-0.760860,0.846741,0.008246,-0.004429
logistic,param,3,5,0.05,4,1.000e-12,273,-0.755672,0.845520,0.000308,-0.008335
logistic,param,3,5,0.05,4,1.000e-12,274,-0.759157,0.846191,0.000657,0.000813
logistic,param,3,5,0.05,4,1.000e-12,275,-0.767805,0.841248,-0.009028,0.003592
logistic,param,3,5,0.05,4,1.000e-12,276,-0.760926,0.846008,0.005536,0.004170
logistic,param,3,5,0.05,4,1.000e-12,277,-0.754793,0.849060,0.009691,0.000247
logistic,param,3,5,0.05,4,1.000e-12,278,-0.756616,0.844421,-0.007617,-0.001310
logistic,param,3,5,0.05,4,1.000e-12,279,-0.759639,0.846924,0.002389,-0.007429
logistic,param,3,5,0.05,4,1.000e-12,280,-0.770620,0.841248,0.014803,0.005412
logistic,param,3,5,0.05,4,1.000e-12,281,-0.759175,0.845032,0.005161,-0.004911
logistic,param,3,5,0.05,4,1.000e-12,282,-0.758513,0.847229,-0.001704,0.000773
logistic,param,3,5,0.05,4,1.000e-12,283,-0.765027,0.846191,0.004276,0.008390
logistic,param,3,5,0.05,4,1.000e-12,284,-0.763668,0.845642,-0.000798,0.002319
logistic,param,3,5,0.05,4,1.000e-12,285,-0.755355,0.846558,-0.005661,-0.007192
logistic,param,3,5,0.05,4,1.000e-12,286,-0.760634,0.845886,-0.008817,0.014913
logistic,param,3,5,0.05,4,1.000e-12,287,-0.760363,0.843323,-0.007601,0.009735
logistic,param,3,5,0.05,4,1.000e-12,288,-0.761853,0.843201,-0.011187,0.003088
logistic,param,3,5,0.05,4,1.000e-12,289,-0.757628,0.849121,-0.008351,0.004079
logistic,param,3,5,0.05,4,1.000e-12,290,-0.750334,0.850342,-0.015667,-0.003667
logistic,param,3,5,0.05,4,1.000e-12,291,-0.748145,0.852234,-0.009120,-0.010657
logistic,param,3,5,0.05,4,1.000e-12,292,-0.762765,0.844482,0.001029,0.003667
logistic,param,3,5,0.05,4,1.000e-12,293,-0.756527,0.848694,-0.006754,0.000432
logistic,param,3,5,0.05,4,1.000e-12,294,-0.761215,0.847656,0.012851,0.000780
logistic,param,3,5,0.05,4,1.000e-12,295,-0.758390,0.848389,0.006231,-0.000926
logistic,param,3,5,0.05,4,1.000e-12,296,-0.761820,0.846313,-0.003315,0.012366
logistic,param,3,5,0.05,4,1.000e-12,297,-0.755058,0.849365,-0.008244,-0.000822
logistic,param,3,5,0.05,4,1.000e-12,298,-0.761288,0.846863,0.004698,0.000232
logistic,param,3,5,0.05,4,1.000e-12,299,-0.757221,0.848816,0.000553,-0.003658
logistic,param,3,5,0.05,4,1.000e-12,300,-0.755040,0.844910,-0.007484,-0.009617
logistic,param,3,5,0.05,4,1.000e-12,301,-0.763206,0.842957,-0.003638,-0.007413
logistic,param,3,5,0.05,4,1.000e-12,302,-0.768356,0.841248,-0.002739,0.012351
logistic,param,3,5,0.05,4,1.000e-12,303,-0.755051,0.849731,0.007591,-0.001094
logistic,param,3,5,0.05,4,1.000e-12,304,-0.764155,0.842346,0.004143,0.002723
logistic,param,3,5,0.05,4,1.000e-12,305,-0.768501,0.838501,0.010208,0.000789
logistic,param,3,5,0.05,4,1.000e-12,306,-0.761036,0.845947,0.003469,0.000106
logistic,param,3,5,0.05,4,1.000e-12,307,-0.758483,0.844971,-0.002363,0.008222
logistic,param,3,5,0.05,4,1.000e-12,308,-0.755057,0.849121,-0.010743,0.002631
logistic,param,3,5,0.05,4,1.000e-12,309,-0.753391,0.849792,-0.006312,0.001559
logistic,param,3,5,0.05,4,1.000e-12,310,-0.756926,0.846130,-0.002137,-0.000644
logistic,param,3,5,0.05,4,1.000e-12,311,-0.755428,0.845215,-0.016416,-0.001935
logistic,param,3,5,0.05,4,1.000e-12,312,-0.758510,0.848267,-0.003473,0.012591
logistic,param,3,5,0.05,4,1.000e-12,313,-0.749067,0.853149,-0.000244,-0.001511
logistic,param,3,5,0.05,4,1.000e-12,314,-0.758749,0.847900,0.005797,-0.006514
logistic,param,3,5,0.05,4,1.000e-12,315,-0.761846,0.842468,-0.006170,0.012390
logistic,param,3,5,0.05,4,1.000e-12,316,-0.749455,0.849976,-0.008443,-0.001056
logistic,param,3,5,0.05,4,1.000e-12,317,-0.748040,0.851379,-0.002452,-0.007318
logistic,param,3,5,0.05,4,1.000e-12,318,-0.748515,0.849609,-0.006518,-0.015814
logistic,param,3,5,0.05,4,1.000e-12,319,-0.754004,0.846252,0.002944,-0.000556
logistic,param,3,5,0.05,4,1.000e-12,320,-0.750553,0.848877,-0.018588,-0.005266
logistic,param,3,5,0.05,4,1.000e-12,321,-0.753667,0.845825,-0.005152,0.001746
logistic,param,3,5,0.05,4,1.000e-12,322,-0.755226,0.844727,-0.013228,-0.000322
logistic,param,3,5,0.05,4,1.000e-12,323,-0.756095,0.846375,-0.010113,-0.009289
logistic,param,3,5,0.05,4,1.000e-12,324,-0.765470,0.842346,0.010148,0.011950
logistic,param,3,5,0.05,4,1.000e-12,325,-0.756504,0.846191,-0.016157,-0.000494
logistic,param,3,5,0.05,4,1.000e-12,326,-0.760053,0.848083,-0.008936,0.006457
logistic,param,3,5,0.05,4,1.000e-12,327,-0.763796,0.844177,0.002532,-0.004913
logistic,param,3,5,0.05,4,1.000e-12,328,-0.764047,0.844177,0.016601,0.007070
logistic,param,3,5,0.05,4,1.000e-12,329,-0.760372,0.844788,0.001348,-0.005217
logistic,param,3,5,0.05,4,1.000e-12,330,-0.759036,0.848938,-0.006631,0.006497
logistic,param,3,5,0.05,4,1.000e-12,331,-0.757731,0.847839,0.012413,-0.010177
logistic,param,3,5,0.05,4,1.000e-12,332,-0.759021,0.848206,-0.007352,-0.003804
logistic,param,3,5,0.05,4,1.000e-12,333,-0.759440,0.847656,-0.004069,0.001776
logistic,param,3,5,0.05,4,1.000e-12,334,-0.768312,0.841248,0.003770,0.015540
logistic,param,3,5,0.05,4,1.000e-12,335,-0.760268,0.847717,0.002975,0.002631
logistic,param,3,5,0.05,4,1.000e-12,336,-0.757759,0.847961,0.012693,-0.009901
logistic,param,3,5,0.05,4,1.000e-12,337,-0.757860,0.844299,-0.011863,-0.007469
logistic,param,3,5,0.05,4,1.000e-12,338,-0.756116,0.848145,0.008991,-0.003058
logistic,param,3,5,0.05,4,1.000e-12,339,-0.753121,0.849548,-0.012065,0.015150
logistic,param,3,5,0.05,4,1.000e-12,340,-0.764972,0.842834,-0.011642,0.011066
logistic,param,3,5,0.05,4,1.000e-12,341,-0.760599,0.843201,-0.000023,0.002689
logistic,param,3,5,0.05,4,1.000e-12,342,-0.762425,0.844482,0.013944,0.005305
logistic,param,3,5,0.05,4,1.000e-12,343,-0.764392,0.843018,0.002358,0.005826
logistic,param,3,5,0.05,4,1.000e-12,344,-0.769155,0.839539,0.004436,0.011126
logistic,param,3,5,0.05,4,1.000e-12,345,-0.766751,0.841553,-0.006266,0.011028
logistic,param,3,5,0.05,4,1.000e-12,346,-0.756153,0.847717,-0.010878,-0.001429
logistic,param,3,5,0.05,4,1.000e-12,347,-0.758484,0.848145,-0.000787,0.001485
logistic,param,3,5,0.05,4,1.000e-12,348,-0.756810,0.848328,-0.000347,-0.001845
logistic,param,3,5,0.05,4,1.000e-12,349,-0.752754,0.849792,0.004373,0.001174
logistic,param,3,5,0.05,4,1.000e-12,350,-0.749426,0.849243,-0.007613,-0.021129
logistic,param,3,5,0.05,4,1.000e-12,351,-0.754657,0.847534,0.008547,-0.021450
logistic,param,3,5,0.05,4,1.000e-12,352,-0.756904,0.845337,0.004757,-0.010285
logistic,param,3,5,0.05,4,1.000e-12,353,-0.762394,0.844116,0.003720,0.008977
logistic,param,3,5,0.05,4,1.000e-12,354,-0.757910,0.843872,-0.000691,-0.010342
logistic,param,3,5,0.05,4,1.000e-12,355,-0.753529,0.848145,-0.006792,-0.000409
logistic,param,3,5,0.05,4,1.000e-12,356,-0.763387,0.845581,-0.000847,0.011919
logistic,param,3,5,0.05,4,1.000e-12,357,-0.760612,0.844910,-0.000080,-0.000669
logistic,param,3,5,0.05,4,1.000e-12,358,-0.761132,0.847107,0.003142,0.004306
logistic,param,3,5,0.05,4,1.000e-12,359,-0.756785,0.847351,-0.014522,0.010260
logistic,param,3,5,0.05,4,1.000e-12,360,-0.755981,0.849426,0.001196,-0.009531
logistic,param,3,5,0.05,4,1.000e-12,361,-0.759991,0.844299,-0.000194,-0.005935
logistic,param,3,5,0.05,4,1.000e-12,362,-0.761381,0.847351,-0.001292,0.002959
logistic,param,3,5,0.05,4,1.000e-12,363,-0.757531,0.847412,-0.002226,-0.006529
logistic,param,3,5,0.05,4,1.000e-12,364,-0.762802,0.842896,-0.007407,0.002989
logistic,param,3,5,0.05,4,1.000e-12,365,-0.766390,0.841370,0.000769,0.016497
logistic,param,3,5,0.05,4,1.000e-12,366,-0.759738,0.845032,0.006122,-0.004635
logistic,param,3,5,0.05,4,1.000e-12,367,-0.759290,0.848450,-0.000537,0.006840
logistic,param,3,5,0.05,4,1.000e-12,368,-0.748214,0.851196,-0.003795,-0.015713
logistic,param,3,5,0.05,4,1.000e-12,369,-0.753544,0.848511,0.003501,-0.014562
logistic,param,3,5,0.05,4,1.000e-12,370,-0.763894,0.842896,0.002863,-0.006315
logistic,param,3,5,0.05,4,1.000e-12,371,-0.756947,0.849548,0.002440,-0.005482
logistic,param,3,5,0.05,4,1.000e-12,372,-0.763151,0.845825,-0.003026,0.000319
logistic,param,3,5,0.05,4,1.000e-12,373,-0.760157,0.845215,-0.006179,0.000195
logistic,param,3,5,0.05,4,1.000e-12,374,-0.757704,0.843506,-0.000583,-0.005120
logistic,param,3,5,0.05,4,1.000e-12,375,-0.769073,0.842224,-0.001815,0.010640
logistic,param,3,5,0.05,4,1.000e-12,376,-0.769597,0.842224,0.005439,0.008198
logistic,param,3,5,0.05,4,1.000e-12,377,-0.767815,0.843384,0.005429,0.016556
logistic,param,3,5,0.05,4,1.000e-12,378,-0.760895,0.845459,-0.007953,0.005262
logistic,param,3,5,0.05,4,1.000e-12,379,-0.761445,0.846008,0.007858,0.000661
logistic,param,3,5,0.05,4,1.000e-12,380,-0.763874,0.841309,0.004198,-0.005068
logistic,param,3,5,0.05,4,1.000e-12,381,-0.763995,0.842407,-0.000913,0.007350
logistic,param,3,5,0.05,4,1.000e-12,382,-0.757166,0.846558,-0.001774,-0.003351
logistic,param,3,5,0.05,4,1.000e-12,383,-0.748445,0.849365,-0.003536,-0.014479
logistic,param,3,5,0.05,4,1.000e-12,384,-0.752603,0.845886,-0.002094,-0.011121
logistic,param,3,5,0.05,4,1.000e-12,385,-0.759329,0.846375,-0.004711,0.006380
logistic,param,3,5,0.05,4,1.000e-12,386,-0.753688,0.849060,-0.014306,-0.001383
logistic,param,3,5,0.05,4,1.000e-12,387,-0.759076,0.846313,-0.016110,0.011790
logistic,param,3,5,0.05,4,1.000e-12,388,-0.760451,0.846130,0.000022,0.008798
logistic,param,3,5,0.05,4,1.000e-12,389,-0.766606,0.843140,-0.001721,0.013660
logistic,param,3,5,0.05,4,1.000e-12,390,-0.760013,0.847351,0.003332,-0.003515
logistic,param,3,5,0.05,4,1.000e-12,391,-0.760849,0.845581,0.004893,0.003237
logistic,param,3,5,0.05,4,1.000e-12,392,-0.756070,0.844604,-0.002901,-0.017700
logistic,param,3,5,0.05,4,1.000e-12,393,-0.761289,0.844727,0.004678,-0.001644
logistic,param,3,5,0.05,4,1.000e-12,394,-0.761204,0.845215,0.004459,-0.003496
logistic,param,3,5,0.05,4,1.000e-12,395,-0.762487,0.845154,0.006737,-0.005558
logistic,param,3,5,0.05,4,1.000e-12,396,-0.764372,0.848572,0.013249,0.000052
logistic,param,3,5,0.05,4,1.000e-12,397,-0.757645,0.845825,-0.015490,0.006637
logistic,param,3,5,0.05,4,1.000e-12,398,-0.748020,0.851379,-0.008090,-0.014442
logistic,param,3,5,0.05,4,1.000e-12,399,-0.760043,0.846130,0.004901,-0.008795
logistic,param,3,5,0.05,4,1.000e-12,400,-0.764580,0.846008,0.009867,0.007704
logistic,param,3,5,0.05,4,1.000e-10,1,-24.570068,0.000000,1.000000,1.000000
logistic,param,3,5,0.05,4,1.000e-10,2,-23.719533,0.000000,1.000000,1.000000
logistic,param,3,5,0.05,4,1.000e-10,3,-23.032586,0.000000,1.000000,1.000000
logistic,param,3,5,0.05,4,1.000e-10,4,-22.408245,0.000000,1.000000,1.000000
logistic,param,3,5,0.05,4,1.000e-10,5,-21.806565,0.000000,1.000000,1.000000
logistic,param,3,5,0.05,4,1.000e-10,6,-21.231151,0.000000,1.000000,1.000000
logistic,param,3,5,0.05,4,1.000e-10,7,-20.676056,0.000000,1.000000,1.000000
logistic,param,3,5,0.05,4,1.000e-10,8,-20.114395,0.000000,1.000000,1.000000
logistic,param,3,5,0.05,4,1.000e-10,9,-19.555309,0.000000,1.000000,1.000000
logistic,param,3,5,0.05,4,1.000e-10,10,-19.001376,0.000000,1.000000,1.000000
logistic,param,3,5,0.05,4,1.000e-10,11,-18.440497,0.000000,1.000000,1.000000
logistic,param,3,5,0.05,4,1.000e-10,12,-17.884699,0.000000,1.000000,1.000000
logistic,param,3,5,0.05,4,1.000e-10,13,-17.328992,0.000000,1.000000,1.000000
logistic,param,3,5,0.05,4,1.000e-10,14,-16.781848,0.000000,1.000000,1.000000
logistic,param,3,5,0.05,4,1.000e-10,15,-16.222350,0.000000,1.000000,1.000000
logistic,param,3,5,0.05,4,1.000e-10,16,-15.675572,0.000000,1.000000,1.000000
logistic,param,3,5,0.05,4,1.000e-10,17,-15.117294,0.000000,1.000000,1.000000
logistic,param,3,5,0.05,4,1.000e-10,18,-14.565985,0.000000,1.000000,1.000000
logistic,param,3,5,0.05,4,1.000e-10,19,-14.010368,0.000000,1.000000,1.000000
logistic,param,3,5,0.05,4,1.000e-10,20,-13.455366,0.000000,1.000000,1.000000
logistic,param,3,5,0.05,4,1.000e-10,21,-12.905376,0.000000,1.000000,1.000000
logistic,param,3,5,0.05,4,1.000e-10,22,-12.345918,0.000000,1.000000,1.000000
logistic,param,3,5,0.05,4,1.000e-10,23,-11.794346,0.000000,1.000000,1.000000
logistic,param,3,5,0.05,4,1.000e-10,24,-11.237838,0.000000,1.000000,1.000000
logistic,param,3,5,0.05,4,1.000e-10,25,-10.683880,0.000000,1.000000,1.000000
logistic,param,3,5,0.05,4,1.000e-10,26,-10.128814,0.000000,1.000000,1.000000
logistic,param,3,5,0.05,4,1.000e-10,27,-9.572802,0.000000,1.000000,1.000000
logistic,param,3,5,0.05,4,1.000e-10,28,-9.023451,0.000122,0.999677,0.999671
logistic,param,3,5,0.05,4,1.000e-10,29,-8.460384,0.000183,0.999343,0.999667
logistic,param,3,5,0.05,4,1.000e-10,30,-7.916040,0.000671,0.999006,0.997706
logistic,param,3,5,0.05,4,1.000e-10,31,-7.358125,0.000916,0.997684,0.997958
logistic,param,3,5,0.05,4,1.000e-10,32,-6.797220,0.001831,0.996247,0.994882
logistic,param,3,5,0.05,4,1.000e-10,33,-6.224568,0.004150,0.991363,0.989757
logistic,param,3,5,0.05,4,1.000e-10,34,-5.671846,0.006958,0.986116,0.982596
logistic,param,3,5,0.05,4,1.000e-10,35,-5.095525,0.015503,0.971093,0.969389
logistic,param,3,5,0.05,4,1.000e-10,36,-4.530958,0.031128,0.957636,0.942531
logistic,param,3,5,0.05,4,1.000e-10,37,-3.969496,0.065918,0.920160,0.904963
logistic,param,3,5,0.05,4,1.000e-10,38,-3.411823,0.125977,0.865143,0.841891
logistic,param,3,5,0.05,4,1.000e-10,39,-2.884653,0.211609,0.794786,0.755692
logistic,param,3,5,0.05,4,1.000e-10,40,-2.418815,0.313965,0.703693,0.653869
logistic,param,3,5,0.05,4,1.000e-10,41,-2.001685,0.423157,0.572007,0.536173
logistic,param,3,5,0.05,4,1.000e-10,42,-1.660235,0.524841,0.471033,0.411464
logistic,param,3,5,0.05,4,1.000e-10,43,-1.383217,0.611511,0.352707,0.303379
logistic,param,3,5,0.05,4,1.000e-10,44,-1.180807,0.683838,0.261018,0.219003
logistic,param,3,5,0.05,4,1.000e-10,45,-1.034062,0.739197,0.175370,0.155817
logistic,param,3,5,0.05,4,1.000e-10,46,-0.934864,0.773865,0.125395,0.101399
logistic,param,3,5,0.05,4,1.000e-10,47,-0.873340,0.798523,0.083089,0.069225
logistic,param,3,5,0.05,4,1.000e-10,48,-0.827842,0.817566,0.045211,0.049308
logistic,param,3,5,0.05,4,1.000e-10,49,-0.796491,0.831482,0.033694,0.018157
logistic,param,3,5,0.05,4,1.000e-10,50,-0.783137,0.837036,0.019203,0.014939
logistic,param,3,5,0.05,4,1.000e-10,51,-0.776866,0.836060,0.011849,0.011968
logistic,param,3,5,0.05,4,1.000e-10,52,-0.769889,0.842529,0.013001,0.001384
logistic,param,3,5,0.05,4,1.000e-10,53,-0.769356,0.838135,0.006212,0.020718
logistic,param,3,5,0.05,4,1.000e-10,54,-0.761538,0.843262,-0.000153,0.005141
logistic,param,3,5,0.05,4,1.000e-10,55,-0.765850,0.842163,-0.003531,0.012891
logistic,param,3,5,0.05,4,1.000e-10,56,-0.755772,0.847778,-0.017047,-0.000652
logistic,param,3,5,0.05,4,1.000e-10,57,-0.760320,0.843201,-0.010201,0.009586
logistic,param,3,5,0.05,4,1.000e-10,58,-0.763087,0.844971,-0.002490,0.006929
logistic,param,3,5,0.05,4,1.000e-10,59,-0.758772,0.848145,-0.004418,0.000051
logistic,param,3,5,0.05,4,1.000e-10,60,-0.756892,0.845764,0.000683,0.006151
logistic,param,3,5,0.05,4,1.000e-10,61,-0.760949,0.845154,0.012408,0.001286
logistic,param,3,5,0.05,4,1.000e-10,62,-0.755859,0.845215,-0.012369,0.004508
logistic,param,3,5,0.05,4,1.000e-10,63,-0.759205,0.843140,-0.010583,0.014114
logistic,param,3,5,0.05,4,1.000e-10,64,-0.763434,0.844116,-0.001172,0.007808
logistic,param,3,5,0.05,4,1.000e-10,65,-0.768549,0.844543,0.012802,-0.001323
logistic,param,3,5,0.05,4,1.000e-10,66,-0.764678,0.844177,0.009286,0.009497
logistic,param,3,5,0.05,4,1.000e-10,67,-0.765873,0.843445,0.006854,0.016037
logistic,param,3,5,0.05,4,1.000e-10,68,-0.755414,0.843994,-0.011380,0.011025
logistic,param,3,5,0.05,4,1.000e-10,69,-0.746552,0.849792,-0.022488,-0.002913
logistic,param,3,5,0.05,4,1.000e-10,70,-0.764525,0.844971,0.012184,0.006985
logistic,param,3,5,0.05,4,1.000e-10,71,-0.758677,0.845215,-0.002198,-0.003282
logistic,param,3,5,0.05,4,1.000e-10,72,-0.760754,0.843567,-0.006463,0.014586
logistic,param,3,5,0.05,4,1.000e-10,73,-0.762402,0.846191,0.006373,0.005821
logistic,param,3,5,0.05,4,1.000e-10,74,-0.756095,0.846985,-0.005887,0.002057
logistic,param,3,5,0.05,4,1.000e-10,75,-0.758141,0.845520,0.005330,-0.009750
logistic,param,3,5,0.05,4,1.000e-10,76,-0.758878,0.844177,0.000219,0.000174
logistic,param,3,5,0.05,4,1.000e-10,77,-0.758869,0.847046,0.003647,0.006674
logistic,param,3,5,0.05,4,1.000e-10,78,-0.758419,0.847534,0.005092,0.006033
logistic,param,3,5,0.05,4,1.000e-10,79,-0.751782,0.848511,-0.011448,-0.005698
logistic,param,3,5,0.05,4,1.000e-10,80,-0.750093,0.850342,-0.001089,-0.007703
logistic,param,3,5,0.05,4,1.000e-10,81,-0.757404,0.847290,0.000252,0.000407
logistic,param,3,5,0.05,4,1.000e-10,82,-0.760615,0.846680,-0.004054,-0.005267
logistic,param,3,5,0.05,4,1.000e-10,83,-0.760930,0.844421,0.002621,0.009700
logistic,param,3,5,0.05,4,1.000e-10,84,-0.764424,0.843933,0.012423,0.001721
logistic,param,3,5,0.05,4,1.000e-10,85,-0.761656,0.844910,0.004126,0.002692
logistic,param,3,5,0.05,4,1.000e-10,86,-0.747015,0.852600,-0.009807,-0.006671
logistic,param,3,5,0.05,4,1.000e-10,87,-0.759474,0.845520,0.005686,-0.000972
logistic,param,3,5,0.05,4,1.000e-10,88,-0.752795,0.847961,-0.008064,-0.000885
logistic,param,3,5,0.05,4,1.000e-10,89,-0.760059,0.848450,-0.003825,0.012396
logistic,param,3,5,0.05,4,1.000e-10,90,-0.759440,0.845276,0.005716,0.002569
logistic,param,3,5,0.05,4,1.000e-10,91,-0.764375,0.844666,0.009587,0.005341
logistic,param,3,5,0.05,4,1.000e-10,92,-0.755247,0.850586,0.008331,-0.019257
logistic,param,3,5,0.05,4,1.000e-10,93,-0.757305,0.847107,-0.007189,-0.002415
logistic,param,3,5,0.05,4,1.000e-10,94,-0.748867,0.850952,-0.009378,-0.016851
logistic,param,3,5,0.05,4,1.000e-10,95,-0.760271,0.849060,-0.003135,0.018527
logistic,param,3,5,0.05,4,1.000e-10,96,-0.762265,0.843933,-0.007757,0.012206
logistic,param,3,5,0.05,4,1.000e-10,97,-0.762676,0.843628,0.000399,0.008647
logistic,param,3,5,0.05,4,1.000e-10,98,-0.762077,0.847351,0.001234,-0.002084
logistic,param,3,5,0.05,4,1.000e-10,99,-0.753794,0.849548,0.001289,-0.007141
logistic,param,3,5,0.05,4,1.000e-10,100,-0.765377,0.843750,0.012174,-0.006172
logistic,param,3,5,0.05,4,1.000e-10,101,-0.758857,0.845337,0.013093,-0.017113
logistic,param,3,5,0.05,4,1.000e-10,102,-0.762444,0.844116,0.005755,0.000067
logistic,param,3,5,0.05,4,1.000e-10,103,-0.765886,0.842468,0.012726,-0.006000
logistic,param,3,5,0.05,4,1.000e-10,104,-0.765706,0.843750,0.016605,-0.003125
logistic,param,3,5,0.05,4,1.000e-10,105,-0.751509,0.846924,-0.020486,0.001060
logistic,param,3,5,0.05,4,1.000e-10,106,-0.756042,0.845276,-0.000829,-0.013885
logistic,param,3,5,0.05,4,1.000e-10,107,-0.758715,0.849426,0.008776,-0.006595
logistic,param,3,5,0.05,4,1.000e-10,108,-0.750422,0.848267,-0.017940,-0.008736
logistic,param,3,5,0.05,4,1.000e-10,109,-0.760641,0.844421,0.004076,-0.009377
logistic,param,3,5,0.05,4,1.000e-10,110,-0.763065,0.844116,0.014349,-0.004714
logistic,param,3,5,0.05,4,1.000e-10,111,-0.759517,0.844543,-0.006952,-0.000365
logistic,param,3,5,0.05,4,1.000e-10,112,-0.757314,0.841614,0.004667,-0.001951
logistic,param,3,5,0.05,4,1.000e-10,113,-0.753624,0.851440,-0.005760,-0.008841
logistic,param,3,5,0.05,4,1.000e-10,114,-0.765375,0.845276,0.003557,0.010105
logistic,param,3,5,0.05,4,1.000e-10,115,-0.759568,0.844910,-0.002583,0.008116
logistic,param,3,5,0.05,4,1.000e-10,116,-0.757028,0.848267,-0.001919,-0.005882
logistic,param,3,5,0.05,4,1.000e-10,117,-0.762959,0.846985,0.004012,0.000773
logistic,param,3,5,0.05,4,1.000e-10,118,-0.750373,0.852356,-0.006181,-0.005215
logistic,param,3,5,0.05,4,1.000e-10,119,-0.760831,0.844666,-0.002801,0.004763
logistic,param,3,5,0.05,4,1.000e-10,120,-0.764321,0.846069,-0.000326,-0.002409
logistic,param,3,5,0.05,4,1.000e-10,121,-0.761603,0.846741,0.019567,-0.002325
logistic,param,3,5,0.05,4,1.000e-10,122,-0.759949,0.846741,-0.007406,-0.001767
logistic,param,3,5,0.05,4,1.000e-10,123,-0.762508,0.842712,0.007939,0.002170
logistic,param,3,5,0.05,4,1.000e-10,124,-0.764134,0.844727,0.013844,-0.001839
logistic,param,3,5,0.05,4,1.000e-10,125,-0.756583,0.848999,-0.005828,0.006665
logistic,param,3,5,0.05,4,1.000e-10,126,-0.767122,0.842041,0.008668,0.014741
logistic,param,3,5,0.05,4,1.000e-10,127,-0.760243,0.843872,-0.003748,0.010613
logistic,param,3,5,0.05,4,1.000e-10,128,-0.757878,0.847534,0.007216,-0.003010
logistic,param,3,5,0.05,4,1.000e-10,129,-0.754385,0.846558,0.000092,-0.016921
logistic,param,3,5,0.05,4,1.000e-10,130,-0.755237,0.849548,-0.003163,0.000986
logistic,param,3,5,0.05,4,1.000e-10,131,-0.753475,0.849060,-0.011232,-0.003376
logistic,param,3,5,0.05,4,1.000e-10,132,-0.762316,0.843567,0.002272,-0.005987
logistic,param,3,5,0.05,4,1.000e-10,133,-0.756256,0.845581,0.000767,-0.005630
logistic,param,3,5,0.05,4,1.000e-10,134,-0.757637,0.848816,-0.002807,0.010591
logistic,param,3,5,0.05,4,1.000e-10,135,-0.749964,0.848938,-0.018781,-0.006902
logistic,param,3,5,0.05,4,1.000e-10,136,-0.758046,0.845276,-0.003011,0.005102
logistic,param,3,5,0.05,4,1.000e-10,137,-0.759547,0.842346,0.002398,-0.004173
logistic,param,3,5,0.05,4,1.000e-10,138,-0.763878,0.844482,-0.007181,0.010491
logistic,param,3,5,0.05,4,1.000e-10,139,-0.761858,0.843872,-0.015807,0.010968
logistic,param,3,5,0.05,4,1.000e-10,140,-0.765998,0.840027,0.005539,0.005711
logistic,param,3,5,0.05,4,1.000e-10,141,-0.758998,0.844543,-0.003378,0.008809
logistic,param,3,5,0.05,4,1.000e-10,142,-0.763074,0.843018,-0.004699,0.007266
logistic,param,3,5,0.05,4,1.000e-10,143,-0.760733,0.843079,-0.011054,0.007093
logistic,param,3,5,0.05,4,1.000e-10,144,-0.762376,0.844971,0.010645,-0.006280
logistic,param,3,5,0.05,4,1.000e-10,145,-0.762178,0.844849,-0.005906,0.009041
logistic,param,3,5,0.05,4,1.000e-10,146,-0.765882,0.842651,0.005891,0.007747
logistic,param,3,5,0.05,4,1.000e-10,147,-0.759154,0.846802,-0.003032,0.006341
logistic,param,3,5,0.05,4,1.000e-10,148,-0.753974,0.847107,-0.015927,0.009916
logistic,param,3,5,0.05,4,1.000e-10,149,-0.751196,0.850464,-0.007699,-0.000583
logistic,param,3,5,0.05,4,1.000e-10,150,-0.754854,0.847900,-0.008440,-0.002694
logistic,param,3,5,0.05,4,1.000e-10,151,-0.760803,0.844177,0.002167,0.000073
logistic,param,3,5,0.05,4,1.000e-10,152,-0.752070,0.846436,-0.018468,-0.002052
logistic,param,3,5,0.05,4,1.000e-10,153,-0.753872,0.849548,-0.000807,-0.001613
logistic,param,3,5,0.05,4,1.000e-10,154,-0.753455,0.845825,0.001379,0.003858
logistic,param,3,5,0.05,4,1.000e-10,155,-0.751825,0.848328,-0.008722,-0.007731
logistic,param,3,5,0.05,4,1.000e-10,156,-0.760487,0.847107,-0.005193,-0.002708
logistic,param,3,5,0.05,4,1.000e-10,157,-0.754410,0.847595,-0.008306,-0.002428
logistic,param,3,5,0.05,4,1.000e-10,158,-0.749763,0.848938,-0.013693,0.008172
logistic,param,3,5,0.05,4,1.000e-10,159,-0.752792,0.848389,-0.006769,-0.005680
logistic,param,3,5,0.05,4,1.000e-10,160,-0.755334,0.852234,0.001639,0.001706
logistic,param,3,5,0.05,4,1.000e-10,161,-0.753640,0.848938,-0.008318,0.001909
logistic,param,3,5,0.05,4,1.000e-10,162,-0.752477,0.849182,-0.007883,-0.002940
logistic,param,3,5,0.05,4,1.000e-10,163,-0.756782,0.849365,-0.005570,-0.003713
logistic,param,3,5,0.05,4,1.000e-10,164,-0.758651,0.845215,-0.015004,0.007672
logistic,param,3,5,0.05,4,1.000e-10,165,-0.764648,0.843628,0.016720,-0.007409
logistic,param,3,5,0.05,4,1.000e-10,166,-0.751298,0.846985,-0.005127,-0.016369
logistic,param,3,5,0.05,4,1.000e-10,167,-0.757510,0.846313,0.009085,-0.012244
logistic,param,3,5,0.05,4,1.000e-10,168,-0.760285,0.845703,0.012885,-0.001701
logistic,param,3,5,0.05,4,1.000e-10,169,-0.751851,0.848267,-0.012055,0.012287
logistic,param,3,5,0.05,4,1.000e-10,170,-0.746549,0.853577,-0.005673,-0.013078
logistic,param,3,5,0.05,4,1.000e-10,171,-0.761791,0.846069,0.002606,0.000883
logistic,param,3,5,0.05,4,1.000e-10,172,-0.761641,0.845215,-0.002682,-0.002771
logistic,param,3,5,0.05,4,1.000e-10,173,-0.763247,0.841431,0.007454,0.000329
logistic,param,3,5,0.05,4,1.000e-10,174,-0.756361,0.847839,-0.000244,-0.001303
logistic,param,3,5,0.05,4,1.000e-10,175,-0.757573,0.847168,0.013198,-0.003698
logistic,param,3,5,0.05,4,1.000e-10,176,-0.755507,0.846252,0.000505,-0.018702
logistic,param,3,5,0.05,4,1.000e-10,177,-0.762657,0.844482,-0.002529,0.013010
logistic,param,3,5,0.05,4,1.000e-10,178,-0.766569,0.842041,0.003322,0.010470
logistic,param,3,5,0.05,4,1.000e-10,179,-0.761116,0.844360,0.010653,-0.004281
logistic,param,3,5,0.05,4,1.000e-10,180,-0.752831,0.849182,-0.005233,-0.006254
logistic,param,3,5,0.05,4,1.000e-10,181,-0.755304,0.847778,-0.021228,0.002176
logistic,param,3,5,0.05,4,1.000e-10,182,-0.760665,0.844788,0.003205,-0.001976
logistic,param,3,5,0.05,4,1.000e-10,183,-0.758625,0.848938,0.013237,-0.012791
logistic,param,3,5,0.05,4,1.000e-10,184,-0.756300,0.846497,-0.006465,-0.010355
logistic,param,3,5,0.05,4,1.000e-10,185,-0.755610,0.849121,-0.011955,-0.004957
logistic,param,3,5,0.05,4,1.000e-10,186,-0.763606,0.844360,0.012940,-0.006035
logistic,param,3,5,0.05,4,1.000e-10,187,-0.764372,0.842224,0.001920,-0.003389
logistic,param,3,5,0.05,4,1.000e-10,188,-0.762697,0.842590,0.008777,-0.005473
logistic,param,3,5,0.05,4,1.000e-10,189,-0.760752,0.843079,0.006303,-0.007794
logistic,param,3,5,0.05,4,1.000e-10,190,-0.760729,0.845764,-0.007461,0.004033
logistic,param,3,5,0.05,4,1.000e-10,191,-0.757642,0.845154,-0.010287,0.003324
logistic,param,3,5,0.05,4,1.000e-10,192,-0.771783,0.839294,0.017927,0.008744
logistic,param,3,5,0.05,4,1.000e-10,193,-0.763012,0.844788,0.014353,0.002409
logistic,param,3,5,0.05,4,1.000e-10,194,-0.760565,0.846436,0.000974,-0.006156
logistic,param,3,5,0.05,4,1.000e-10,195,-0.762132,0.842957,0.000745,-0.001349
logistic,param,3,5,0.05,4,1.000e-10,196,-0.765083,0.844971,0.022622,0.003612
logistic,param,3,5,0.05,4,1.000e-10,197,-0.757716,0.843628,-0.011522,-0.001938
logistic,param,3,5,0.05,4,1.000e-10,198,-0.774932,0.840515,0.007736,0.015517
logistic,param,3,5,0.05,4,1.000e-10,199,-0.758326,0.846008,-0.001137,-0.008427
logistic,param,3,5,0.05,4,1.000e-10,200,-0.761443,0.846008,-0.001672,0.011458
logistic,param,3,5,0.05,4,1.000e-10,201,-0.769139,0.845459,0.002683,0.014907
logistic,param,3,5,0.05,4,1.000e-10,202,-0.761867,0.845398,0.004869,-0.005935
logistic,param,3,5,0.05,4,1.000e-10,203,-0.761389,0.845703,0.006508,-0.012834
logistic,param,3,5,0.05,4,1.000e-10,204,-0.757080,0.845886,0.011023,-0.003343
logistic,param,3,5,0.05,4,1.000e-10,205,-0.759367,0.845886,0.014113,-0.001164
logistic,param,3,5,0.05,4,1.000e-10,206,-0.757225,0.848938,-0.009093,0.004900
logistic,param,3,5,0.05,4,1.000e-10,207,-0.758766,0.844788,-0.003692,-0.002866
logistic,param,3,5,0.05,4,1.000e-10,208,-0.766836,0.843872,0.011147,0.010875
logistic,param,3,5,0.05,4,1.000e-10,209,-0.752895,0.847168,-0.009452,-0.016355
logistic,param,3,5,0.05,4,1.000e-10,210,-0.750519,0.850525,0.007072,-0.010806
logistic,param,3,5,0.05,4,1.000e-10,211,-0.748697,0.848511,0.001810,-0.012941
logistic,param,3,5,0.05,4,1.000e-10,212,-0.753585,0.846985,-0.010648,-0.005691
logistic,param,3,5,0.05,4,1.000e-10,213,-0.760639,0.846130,0.010462,-0.005344
logistic,param,3,5,0.05,4,1.000e-10,214,-0.768133,0.843689,0.007256,0.011258
logistic,param,3,5,0.05,4,1.000e-10,215,-0.762564,0.847656,0.003376,0.018004
logistic,param,3,5,0.05,4,1.000e-10,216,-0.755560,0.849243,0.002652,-0.006295
logistic,param,3,5,0.05,4,1.000e-10,217,-0.748728,0.849060,-0.008438,-0.015318
logistic,param,3,5,0.05,4,1.000e-10,218,-0.754975,0.845581,-0.001824,-0.006937
logistic,param,3,5,0.05,4,1.000e-10,219,-0.760351,0.845398,-0.006926,0.010931
logistic,param,3,5,0.05,4,1.000e-10,220,-0.757004,0.846436,-0.003353,0.000590
logistic,param,3,5,0.05,4,1.000e-10,221,-0.767330,0.842468,-0.006337,0.006555
logistic,param,3,5,0.05,4,1.000e-10,222,-0.766551,0.840149,0.001789,0.008054
logistic,param,3,5,0.05,4,1.000e-10,223,-0.763880,0.844666,0.006471,0.006659
logistic,param,3,5,0.05,4,1.000e-10,224,-0.764547,0.841614,-0.002514,0.004396
logistic,param,3,5,0.05,4,1.000e-10,225,-0.765493,0.844421,0.006144,0.002056
logistic,param,3,5,0.05,4,1.000e-10,226,-0.762374,0.848022,0.005612,0.001793
logistic,param,3,5,0.05,4,1.000e-10,227,-0.748396,0.849609,-0.011009,-0.011681
logistic,param,3,5,0.05,4,1.000e-10,228,-0.752996,0.847717,-0.010475,-0.005212
logistic,param,3,5,0.05,4,1.000e-10,229,-0.758095,0.845886,-0.000309,-0.004029
logistic,param,3,5,0.05,4,1.000e-10,230,-0.752675,0.848633,-0.010059,-0.010423
logistic,param,3,5,0.05,4,1.000e-10,231,-0.762429,0.848145,0.005862,0.007961
logistic,param,3,5,0.05,4,1.000e-10,232,-0.755032,0.844971,0.006146,0.002746
logistic,param,3,5,0.05,4,1.000e-10,233,-0.752575,0.851562,0.001022,-0.011765
logistic,param,3,5,0.05,4,1.000e-10,234,-0.756891,0.849792,-0.006299,0.002944
logistic,param,3,5,0.05,4,1.000e-10,235,-0.749581,0.851746,-0.016397,-0.002100
logistic,param,3,5,0.05,4,1.000e-10,236,-0.758861,0.843323,-0.001883,0.004037
logistic,param,3,5,0.05,4,1.000e-10,237,-0.762370,0.843506,-0.002763,0.000331
logistic,param,3,5,0.05,4,1.000e-10,238,-0.764692,0.843140,0.012397,-0.002321
logistic,param,3,5,0.05,4,1.000e-10,239,-0.766762,0.846863,0.022277,0.006008
logistic,param,3,5,0.05,4,1.000e-10,240,-0.757845,0.845886,-0.005762,0.002024
logistic,param,3,5,0.05,4,1.000e-10,241,-0.752268,0.851746,-0.007333,-0.011007
logistic,param,3,5,0.05,4,1.000e-10,242,-0.760706,0.842834,-0.003651,-0.000678
logistic,param,3,5,0.05,4,1.000e-10,243,-0.756448,0.846802,-0.017157,0.004531
logistic,param,3,5,0.05,4,1.000e-10,244,-0.755920,0.847046,-0.010704,-0.006563
logistic,param,3,5,0.05,4,1.000e-10,245,-0.759720,0.849121,0.005983,0.001491
logistic,param,3,5,0.05,4,1.000e-10,246,-0.752499,0.848267,0.003595,-0.003829
logistic,param,3,5,0.05,4,1.000e-10,247,-0.756169,0.847412,0.010877,-0.004302
logistic,param,3,5,0.05,4,1.000e-10,248,-0.759628,0.846130,-0.004376,-0.008837
logistic,param,3,5,0.05,4,1.000e-10,249,-0.760988,0.845520,-0.006203,0.005738
logistic,param,3,5,0.05,4,1.000e-10,250,-0.758986,0.846191,0.006699,0.001810
logistic,param,3,5,0.05,4,1.000e-10,251,-0.753345,0.849304,-0.005038,-0.002377
logistic,param,3,5,0.05,4,1.000e-10,252,-0.755033,0.847046,-0.000035,0.000853
logistic,param,3,5,0.05,4,1.000e-10,253,-0.760135,0.845032,0.007672,-0.010833
logistic,param,3,5,0.05,4,1.000e-10,254,-0.762379,0.844116,0.020648,-0.005174
logistic,param,3,5,0.05,4,1.000e-10,255,-0.748684,0.850891,-0.004621,-0.014283
logistic,param,3,5,0.05,4,1.000e-10,256,-0.748583,0.848816,-0.014203,-0.010335
logistic,param,3,5,0.05,4,1.000e-10,257,-0.756550,0.846497,-0.001032,-0.011696
logistic,param,3,5,0.05,4,1.000e-10,258,-0.761441,0.844482,0.000115,-0.000737
logistic,param,3,5,0.05,4,1.000e-10,259,-0.768239,0.842712,0.016633,0.011182
logistic,param,3,5,0.05,4,1.000e-10,260,-0.757119,0.850220,-0.005614,0.001302
logistic,param,3,5,0.05,4,1.000e-10,261,-0.755398,0.844543,-0.005760,-0.010962
logistic,param,3,5,0.05,4,1.000e-10,262,-0.759373,0.848450,-0.001909,0.003423
logistic,param,3,5,0.05,4,1.000e-10,263,-0.751125,0.848328,-0.009092,-0.000878
logistic,param,3,5,0.05,4,1.000e-10,264,-0.758716,0.848816,0.005845,0.000043
logistic,param,3,5,0.05,4,1.000e-10,265,-0.770075,0.839661,0.015200,0.007490
logistic,param,3,5,0.05,4,1.000e-10,266,-0.762668,0.841003,0.000512,-0.000555
logistic,param,3,5,0.05,4,1.000e-10,267,-0.762803,0.845398,0.012225,0.012135
logistic,param,3,5,0.05,4,1.000e-10,268,-0.756907,0.847290,0.008706,0.004359
logistic,param,3,5,0.05,4,1.000e-10,269,-0.761183,0.844116,-0.005787,0.004022
logistic,param,3,5,0.05,4,1.000e-10,270,-0.757074,0.849182,-0.003989,-0.005956
logistic,param,3,5,0.05,4,1.000e-10,271,-0.756155,0.849487,0.002108,-0.000729
logistic,param,3,5,0.05,4,1.000e-10,272,-0.765301,0.842712,0.013377,0.004680
logistic,param,3,5,0.05,4,1.000e-10,273,-0.759807,0.847839,0.003310,-0.007976
logistic,param,3,5,0.05,4,1.000e-10,274,-0.761133,0.844299,0.006779,-0.006545
logistic,param,3,5,0.05,4,1.000e-10,275,-0.768144,0.840515,0.004438,0.000294
logistic,param,3,5,0.05,4,1.000e-10,276,-0.766594,0.844055,-0.002155,0.023271
logistic,param,3,5,0.05,4,1.000e-10,277,-0.765558,0.841797,0.011819,0.018363
logistic,param,3,5,0.05,4,1.000e-10,278,-0.758085,0.845154,-0.007177,-0.006193
logistic,param,3,5,0.05,4,1.000e-10,279,-0.754917,0.846558,-0.005081,-0.008878
logistic,param,3,5,0.05,4,1.000e-10,280,-0.759181,0.849060,-0.002519,0.003649
logistic,param,3,5,0.05,4,1.000e-10,281,-0.751971,0.848145,-0.001651,-0.013180
logistic,param,3,5,0.05,4,1.000e-10,282,-0.759794,0.843994,0.002961,0.004108
logistic,param,3,5,0.05,4,1.000e-10,283,-0.770193,0.842468,0.015122,0.005001
logistic,param,3,5,0.05,4,1.000e-10,284,-0.770952,0.839417,-0.001472,0.006118
logistic,param,3,5,0.05,4,1.000e-10,285,-0.756945,0.847656,-0.002957,0.001313
logistic,param,3,5,0.05,4,1.000e-10,286,-0.756750,0.848389,-0.006864,0.002791
logistic,param,3,5,0.05,4,1.000e-10,287,-0.761783,0.846619,-0.001732,0.006483
logistic,param,3,5,0.05,4,1.000e-10,288,-0.767414,0.842041,0.005581,0.007823
logistic,param,3,5,0.05,4,1.000e-10,289,-0.767887,0.840637,0.004170,-0.001016
logistic,param,3,5,0.05,4,1.000e-10,290,-0.756876,0.848145,0.005157,0.001965
logistic,param,3,5,0.05,4,1.000e-10,291,-0.756154,0.845337,-0.000906,-0.001857
logistic,param,3,5,0.05,4,1.000e-10,292,-0.759995,0.848022,-0.007948,-0.002038
logistic,param,3,5,0.05,4,1.000e-10,293,-0.765441,0.844177,0.010930,-0.005727
logistic,param,3,5,0.05,4,1.000e-10,294,-0.767324,0.842346,-0.001128,0.011009
logistic,param,3,5,0.05,4,1.000e-10,295,-0.768554,0.839844,0.017510,0.008568
logistic,param,3,5,0.05,4,1.000e-10,296,-0.762677,0.846008,0.001242,0.007349
logistic,param,3,5,0.05,4,1.000e-10,297,-0.761575,0.844482,-0.000679,0.005007
logistic,param,3,5,0.05,4,1.000e-10,298,-0.755722,0.847717,-0.006394,0.001409
logistic,param,3,5,0.05,4,1.000e-10,299,-0.748596,0.852966,-0.015441,-0.003672
logistic,param,3,5,0.05,4,1.000e-10,300,-0.759168,0.844849,-0.003048,0.006184
logistic,param,3,5,0.05,4,1.000e-10,301,-0.763005,0.843994,-0.004038,-0.000722
logistic,param,3,5,0.05,4,1.000e-10,302,-0.757783,0.849304,-0.004657,0.003189
logistic,param,3,5,0.05,4,1.000e-10,303,-0.758907,0.849304,0.005501,0.002357
logistic,param,3,5,0.05,4,1.000e-10,304,-0.759424,0.847168,-0.004221,-0.005979
logistic,param,3,5,0.05,4,1.000e-10,305,-0.767892,0.843445,0.009799,0.001364
logistic,param,3,5,0.05,4,1.000e-10,306,-0.766994,0.847229,0.007034,0.002298
logistic,param,3,5,0.05,4,1.000e-10,307,-0.761289,0.848022,-0.003060,0.008742
logistic,param,3,5,0.05,4,1.000e-10,308,-0.757649,0.849243,-0.001061,-0.004103
logistic,param,3,5,0.05,4,1.000e-10,309,-0.758375,0.844910,-0.009193,-0.003785
logistic,param,3,5,0.05,4,1.000e-10,310,-0.762660,0.842285,0.001853,-0.002834
logistic,param,3,5,0.05,4,1.000e-10,311,-0.757061,0.846191,0.001507,-0.000146
logistic,param,3,5,0.05,4,1.000e-10,312,-0.759314,0.844849,0.007220,-0.002718
logistic,param,3,5,0.05,4,1.000e-10,313,-0.757420,0.849060,0.006475,-0.005096
logistic,param,3,5,0.05,4,1.000e-10,314,-0.755279,0.845581,-0.018638,0.004271
logistic,param,3,5,0.05,4,1.000e-10,315,-0.762138,0.845032,0.010736,0.002409
logistic,param,3,5,0.05,4,1.000e-10,316,-0.758633,0.845398,-0.004635,-0.000025
logistic,param,3,5,0.05,4,1.000e-10,317,-0.763423,0.844299,0.000709,0.009576
logistic,param,3,5,0.05,4,1.000e-10,318,-0.756073,0.849670,0.003145,-0.002217
logistic,param,3,5,0.05,4,1.000e-10,319,-0.757170,0.845703,0.009450,-0.016390
logistic,param,3,5,0.05,4,1.000e-10,320,-0.755539,0.849121,0.002351,0.000260
logistic,param,3,5,0.05,4,1.000e-10,321,-0.751133,0.849060,-0.001082,-0.018060
logistic,param,3,5,0.05,4,1.000e-10,322,-0.759661,0.846619,0.006033,-0.014192
logistic,param,3,5,0.05,4,1.000e-10,323,-0.763350,0.840271,0.004211,0.001063
logistic,param,3,5,0.05,4,1.000e-10,324,-0.766287,0.841614,0.003469,0.007203
logistic,param,3,5,0.05,4,1.000e-10,325,-0.752680,0.849365,-0.002008,-0.011508
logistic,param,3,5,0.05,4,1.000e-10,326,-0.763504,0.844238,0.007724,-0.002489
logistic,param,3,5,0.05,4,1.000e-10,327,-0.763435,0.841980,0.004239,-0.007312
logistic,param,3,5,0.05,4,1.000e-10,328,-0.770388,0.843933,0.008648,0.020501
logistic,param,3,5,0.05,4,1.000e-10,329,-0.760838,0.846863,-0.005064,0.008520
logistic,param,3,5,0.05,4,1.000e-10,330,-0.768314,0.843445,0.017002,0.001561
logistic,param,3,5,0.05,4,1.000e-10,331,-0.765327,0.844177,0.001225,0.008052
logistic,param,3,5,0.05,4,1.000e-10,332,-0.768015,0.842468,0.017411,0.001713
logistic,param,3,5,0.05,4,1.000e-10,333,-0.757782,0.844910,-0.007604,0.006465
logistic,param,3,5,0.05,4,1.000e-10,334,-0.761527,0.846741,-0.000920,0.002505
logistic,param,3,5,0.05,4,1.000e-10,335,-0.753142,0.849365,-0.005518,-0.000472
logistic,param,3,5,0.05,4,1.000e-10,336,-0.757282,0.845642,0.008101,-0.004383
logistic,param,3,5,0.05,4,1.000e-10,337,-0.763051,0.846619,-0.007753,0.005626
logistic,param,3,5,0.05,4,1.000e-10,338,-0.763305,0.846130,0.003515,-0.000351
logistic,param,3,5,0.05,4,1.000e-10,339,-0.761940,0.843567,-0.011346,0.001029
logistic,param,3,5,0.05,4,1.000e-10,340,-0.762176,0.846130,0.004881,0.008026
logistic,param,3,5,0.05,4,1.000e-10,341,-0.762122,0.843140,-0.004133,0.004134
logistic,param,3,5,0.05,4,1.000e-10,342,-0.758063,0.844788,-0.010659,0.013559
logistic,param,3,5,0.05,4,1.000e-10,343,-0.762979,0.844177,-0.004426,0.004628
logistic,param,3,5,0.05,4,1.000e-10,344,-0.763603,0.846252,0.010872,-0.001656
logistic,param,3,5,0.05,4,1.000e-10,345,-0.756837,0.846497,0.000812,-0.010840
logistic,param,3,5,0.05,4,1.000e-10,346,-0.761621,0.845886,0.003307,-0.009941
logistic,param,3,5,0.05,4,1.000e-10,347,-0.762515,0.847473,0.007375,0.000307
logistic,param,3,5,0.05,4,1.000e-10,348,-0.763488,0.845337,-0.001901,-0.003388
logistic,param,3,5,0.05,4,1.000e-10,349,-0.765255,0.844666,0.010265,0.006604
logistic,param,3,5,0.05,4,1.000e-10,350,-0.765312,0.840637,0.001468,-0.003158
logistic,param,3,5,0.05,4,1.000e-10,351,-0.765522,0.840881,0.004698,0.010700
logistic,param,3,5,0.05,4,1.000e-10,352,-0.755391,0.848938,-0.002839,-0.000052
logistic,param,3,5,0.05,4,1.000e-10,353,-0.761762,0.845825,0.003535,0.000648
logistic,param,3,5,0.05,4,1.000e-10,354,-0.764378,0.844910,0.004263,0.004209
logistic,param,3,5,0.05,4,1.000e-10,355,-0.758114,0.845032,-0.003061,-0.002517
logistic,param,3,5,0.05,4,1.000e-10,356,-0.756303,0.846680,0.008167,-0.017250
logistic,param,3,5,0.05,4,1.000e-10,357,-0.758926,0.849304,0.003183,0.003816
logistic,param,3,5,0.05,4,1.000e-10,358,-0.759362,0.844727,0.001098,-0.005983
logistic,param,3,5,0.05,4,1.000e-10,359,-0.758141,0.848267,0.007488,0.003417
logistic,param,3,5,0.05,4,1.000e-10,360,-0.757581,0.845703,-0.010053,0.001343
logistic,param,3,5,0.05,4,1.000e-10,361,-0.754061,0.848877,-0.012364,0.000102
logistic,param,3,5,0.05,4,1.000e-10,362,-0.756125,0.849487,-0.009398,0.011973
logistic,param,3,5,0.05,4,1.000e-10,363,-0.764155,0.843201,0.003165,0.001442
logistic,param,3,5,0.05,4,1.000e-10,364,-0.764103,0.842896,-0.004488,0.010902
logistic,param,3,5,0.05,4,1.000e-10,365,-0.765258,0.843750,0.002001,0.007642
logistic,param,3,5,0.05,4,1.000e-10,366,-0.758493,0.846558,0.000223,0.002982
logistic,param,3,5,0.05,4,1.000e-10,367,-0.756209,0.852234,0.000664,0.007221
logistic,param,3,5,0.05,4,1.000e-10,368,-0.751511,0.848816,-0.009859,-0.002460
logistic,param,3,5,0.05,4,1.000e-10,369,-0.748867,0.852600,-0.012649,-0.010640
logistic,param,3,5,0.05,4,1.000e-10,370,-0.759925,0.845825,0.009191,-0.008294
logistic,param,3,5,0.05,4,1.000e-10,371,-0.763911,0.843872,-0.000444,0.002417
logistic,param,3,5,0.05,4,1.000e-10,372,-0.761336,0.844116,0.005395,-0.001250
logistic,param,3,5,0.05,4,1.000e-10,373,-0.765014,0.846802,0.002250,0.014726
logistic,param,3,5,0.05,4,1.000e-10,374,-0.755824,0.848938,-0.004531,0.011044
logistic,param,3,5,0.05,4,1.000e-10,375,-0.754611,0.848083,-0.001147,-0.011558
logistic,param,3,5,0.05,4,1.000e-10,376,-0.746091,0.852112,-0.014255,-0.007930
logistic,param,3,5,0.05,4,1.000e-10,377,-0.756489,0.845215,-0.000985,0.002721
logistic,param,3,5,0.05,4,1.000e-10,378,-0.759207,0.845825,-0.003001,-0.000747
logistic,param,3,5,0.05,4,1.000e-10,379,-0.770310,0.838379,0.003771,0.012033
logistic,param,3,5,0.05,4,1.000e-10,380,-0.764144,0.843933,-0.000752,0.005054
logistic,param,3,5,0.05,4,1.000e-10,381,-0.764443,0.845886,0.009825,0.001191
logistic,param,3,5,0.05,4,1.000e-10,382,-0.761940,0.840576,0.008318,0.000231
logistic,param,3,5,0.05,4,1.000e-10,383,-0.756561,0.846741,-0.000378,0.000208
logistic,param,3,5,0.05,4,1.000e-10,384,-0.758492,0.849365,0.011529,0.002888
logistic,param,3,5,0.05,4,1.000e-10,385,-0.764329,0.842957,0.004752,-0.006991
logistic,param,3,5,0.05,4,1.000e-10,386,-0.762974,0.844360,-0.007991,0.005226
logistic,param,3,5,0.05,4,1.000e-10,387,-0.763227,0.845215,0.004283,0.009731
logistic,param,3,5,0.05,4,1.000e-10,388,-0.760443,0.846558,-0.000458,0.000899
logistic,param,3,5,0.05,4,1.000e-10,389,-0.762040,0.845154,0.004798,0.005104
logistic,param,3,5,0.05,4,1.000e-10,390,-0.759178,0.845581,0.006469,-0.006103
logistic,param,3,5,0.05,4,1.000e-10,391,-0.766892,0.846802,-0.000060,0.009985
logistic,param,3,5,0.05,4,1.000e-10,392,-0.762385,0.844971,-0.005849,0.001702
logistic,param,3,5,0.05,4,1.000e-10,393,-0.767227,0.842285,0.002741,0.004570
logistic,param,3,5,0.05,4,1.000e-10,394,-0.761978,0.844360,0.000303,0.005664
logistic,param,3,5,0.05,4,1.000e-10,395,-0.762753,0.844727,0.012175,0.002055
logistic,param,3,5,0.05,4,1.000e-10,396,-0.763821,0.842285,0.007090,-0.004871
logistic,param,3,5,0.05,4,1.000e-10,397,-0.762065,0.847046,0.001997,0.016830
logistic,param,3,5,0.05,4,1.000e-10,398,-0.753490,0.845215,-0.013096,0.002586
logistic,param,3,5,0.05,4,1.000e-10,399,-0.757136,0.848816,-0.011805,-0.001445
logistic,param,3,5,0.05,4,1.000e-10,400,-0.760703,0.845642,-0.001177,0.005167
logistic,param,3,5,0.05,4,1.000e-08,1,-19.964898,0.000000,1.000000,1.000000
logistic,param,3,5,0.05,4,1.000e-08,2,-19.114363,0.000000,1.000000,1.000000
logistic,param,3,5,0.05,4,1.000e-08,3,-18.427416,0.000000,1.000000,1.000000
logistic,param,3,5,0.05,4,1.000e-08,4,-17.803075,0.000000,1.000000,1.000000
logistic,param,3,5,0.05,4,1.000e-08,5,-17.201395,0.000000,1.000000,1.000000
logistic,param,3,5,0.05,4,1.000e-08,6,-16.625981,0.000000,1.000000,1.000000
logistic,param,3,5,0.05,4,1.000e-08,7,-16.070886,0.000000,1.000000,1.000000
logistic,param,3,5,0.05,4,1.000e-08,8,-15.509225,0.000000,1.000000,1.000000
logistic,param,3,5,0.05,4,1.000e-08,9,-14.950139,0.000000,1.000000,1.000000
logistic,param,3,5,0.05,4,1.000e-08,10,-14.396206,0.000000,1.000000,1.000000
logistic,param,3,5,0.05,4,1.000e-08,11,-13.835326,0.000000,1.000000,1.000000
logistic,param,3,5,0.05,4,1.000e-08,12,-13.279529,0.000000,1.000000,1.000000
logistic,param,3,5,0.05,4,1.000e-08,13,-12.723823,0.000000,1.000000,1.000000
logistic,param,3,5,0.05,4,1.000e-08,14,-12.176679,0.000000,1.000000,1.000000
logistic,param,3,5,0.05,4,1.000e-08,15,-11.617180,0.000000,1.000000,1.000000
logistic,param,3,5,0.05,4,1.000e-08,16,-11.070402,0.000000,1.000000,1.000000
logistic,param,3,5,0.05,4,1.000e-08,17,-10.512122,0.000000,1.000000,1.000000
logistic,param,3,5,0.05,4,1.000e-08,18,-9.960220,0.000061,1.000000,0.999677
logistic,param,3,5,0.05,4,1.000e-08,19,-9.404304,0.000061,0.999997,0.999676
logistic,param,3,5,0.05,4,1.000e-08,20,-8.847459,0.000305,0.999651,0.999031
logistic,param,3,5,0.05,4,1.000e-08,21,-8.296635,0.000305,0.999024,0.999637
logistic,param,3,5,0.05,4,1.000e-08,22,-7.735586,0.000488,0.998964,0.998976
logistic,param,3,5,0.05,4,1.000e-08,23,-7.182124,0.000732,0.998574,0.998399
logistic,param,3,5,0.05,4,1.000e-08,24,-6.618030,0.002136,0.995247,0.995258
logistic,param,3,5,0.05,4,1.000e-08,25,-6.051106,0.004089,0.992710,0.987468
logistic,param,3,5,0.05,4,1.000e-08,26,-5.491647,0.005615,0.989054,0.986768
logistic,param,3,5,0.05,4,1.000e-08,27,-4.917895,0.012268,0.977186,0.973017
logistic,param,3,5,0.05,4,1.000e-08,28,-4.347037,0.027771,0.954373,0.951180
logistic,param,3,5,0.05,4,1.000e-08,29,-3.765996,0.059143,0.923784,0.906213
logistic,param,3,5,0.05,4,1.000e-08,30,-3.213895,0.123169,0.867190,0.834654
logistic,param,3,5,0.05,4,1.000e-08,31,-2.689479,0.220276,0.783103,0.750515
logistic,param,3,5,0.05,4,1.000e-08,32,-2.213444,0.334412,0.675270,0.631387
logistic,param,3,5,0.05,4,1.000e-08,33,-1.809056,0.458130,0.555954,0.497131
logistic,param,3,5,0.05,4,1.000e-08,34,-1.478896,0.571594,0.417977,0.368837
logistic,param,3,5,0.05,4,1.000e-08,35,-1.232736,0.657532,0.305727,0.247263
logistic,param,3,5,0.05,4,1.000e-08,36,-1.066821,0.723938,0.207093,0.166705
logistic,param,3,5,0.05,4,1.000e-08,37,-0.946705,0.768616,0.124726,0.105617
logistic,param,3,5,0.05,4,1.000e-08,38,-0.874603,0.798523,0.082051,0.081392
logistic,param,3,5,0.05,4,1.000e-08,39,-0.823593,0.816528,0.053591,0.045763
logistic,param,3,5,0.05,4,1.000e-08,40,-0.793026,0.831177,0.022105,0.024111
logistic,param,3,5,0.05,4,1.000e-08,41,-0.776015,0.842102,0.026417,-0.000403
logistic,param,3,5,0.05,4,1.000e-08,42,-0.765845,0.845642,0.015882,0.004182
logistic,param,3,5,0.05,4,1.000e-08,43,-0.766894,0.838013,0.010529,0.008283
logistic,param,3,5,0.05,4,1.000e-08,44,-0.754173,0.848083,0.001683,-0.007646
logistic,param,3,5,0.05,4,1.000e-08,45,-0.754022,0.848999,-0.004678,0.003773
logistic,param,3,5,0.05,4,1.000e-08,46,-0.750444,0.850281,-0.010221,0.006974
logistic,param,3,5,0.05,4,1.000e-08,47,-0.752909,0.848145,-0.008915,-0.008416
logistic,param,3,5,0.05,4,1.000e-08,48,-0.756754,0.846252,0.000907,-0.010024
logistic,param,3,5,0.05,4,1.000e-08,49,-0.756053,0.847595,-0.007596,0.003026
logistic,param,3,5,0.05,4,1.000e-08,50,-0.759168,0.846985,-0.007907,0.005237
logistic,param,3,5,0.05,4,1.000e-08,51,-0.753600,0.850830,-0.004325,0.003376
logistic,param,3,5,0.05,4,1.000e-08,52,-0.751674,0.850708,-0.006392,-0.008934
logistic,param,3,5,0.05,4,1.000e-08,53,-0.756654,0.842102,-0.001968,-0.017084
logistic,param,3,5,0.05,4,1.000e-08,54,-0.763534,0.845032,0.003963,0.009184
logistic,param,3,5,0.05,4,1.000e-08,55,-0.764590,0.846619,0.011721,0.003940
logistic,param,3,5,0.05,4,1.000e-08,56,-0.776054,0.838684,0.028387,0.009791
logistic,param,3,5,0.05,4,1.000e-08,57,-0.764849,0.843323,0.001121,0.010376
logistic,param,3,5,0.05,4,1.000e-08,58,-0.760410,0.845581,0.009918,-0.000243
logistic,param,3,5,0.05,4,1.000e-08,59,-0.753035,0.848633,-0.009252,-0.008226
logistic,param,3,5,0.05,4,1.000e-08,60,-0.762291,0.844116,-0.004177,-0.005971
logistic,param,3,5,0.05,4,1.000e-08,61,-0.770059,0.841797,0.005835,0.007981
logistic,param,3,5,0.05,4,1.000e-08,62,-0.765614,0.842285,0.006945,0.004482
logistic,param,3,5,0.05,4,1.000e-08,63,-0.756149,0.845398,-0.007017,-0.000737
logistic,param,3,5,0.05,4,1.000e-08,64,-0.759452,0.846436,-0.000192,-0.000238
logistic,param,3,5,0.05,4,1.000e-08,65,-0.765248,0.845215,-0.004037,0.007191
logistic,param,3,5,0.05,4,1.000e-08,66,-0.764605,0.843079,-0.006213,0.016524
logistic,param,3,5,0.05,4,1.000e-08,67,-0.759777,0.847290,0.005202,-0.002375
logistic,param,3,5,0.05,4,1.000e-08,68,-0.761517,0.846741,-0.002430,-0.006791
logistic,param,3,5,0.05,4,1.000e-08,69,-0.761033,0.846741,0.014544,-0.004117
logistic,param,3,5,0.05,4,1.000e-08,70,-0.753148,0.846619,-0.013635,-0.002821
logistic,param,3,5,0.05,4,1.000e-08,71,-0.750992,0.846619,-0.009575,-0.010024
logistic,param,3,5,0.05,4,1.000e-08,72,-0.755200,0.849792,-0.004520,0.004500
logistic,param,3,5,0.05,4,1.000e-08,73,-0.765810,0.845825,0.002722,0.012733
logistic,param,3,5,0.05,4,1.000e-08,74,-0.760701,0.842712,0.005696,-0.013810
logistic,param,3,5,0.05,4,1.000e-08,75,-0.771023,0.841003,0.001507,0.014895
logistic,param,3,5,0.05,4,1.000e-08,76,-0.769069,0.844299,0.002045,0.018774
logistic,param,3,5,0.05,4,1.000e-08,77,-0.758609,0.846130,0.003881,-0.004859
logistic,param,3,5,0.05,4,1.000e-08,78,-0.757687,0.848572,-0.004079,0.001495
logistic,param,3,5,0.05,4,1.000e-08,79,-0.760217,0.841309,-0.006670,0.004419
logistic,param,3,5,0.05,4,1.000e-08,80,-0.768455,0.843445,0.008700,0.008639
logistic,param,3,5,0.05,4,1.000e-08,81,-0.761151,0.844788,-0.003296,-0.005777
logistic,param,3,5,0.05,4,1.000e-08,82,-0.760731,0.844604,-0.002235,-0.005935
logistic,param,3,5,0.05,4,1.000e-08,83,-0.755251,0.846130,-0.013828,-0.000297
logistic,param,3,5,0.05,4,1.000e-08,84,-0.757081,0.844971,-0.003771,-0.001859
logistic,param,3,5,0.05,4,1.000e-08,85,-0.764535,0.846008,0.001842,0.001976
logistic,param,3,5,0.05,4,1.000e-08,86,-0.768625,0.841492,0.003343,0.011411
logistic,param,3,5,0.05,4,1.000e-08,87,-0.759943,0.841309,-0.002486,0.003462
logistic,param,3,5,0.05,4,1.000e-08,88,-0.758427,0.846863,0.013604,-0.009288
logistic,param,3,5,0.05,4,1.000e-08,89,-0.759477,0.842651,0.002608,0.003836
logistic,param,3,5,0.05,4,1.000e-08,90,-0.747915,0.853943,-0.013900,-0.010189
logistic,param,3,5,0.05,4,1.000e-08,91,-0.762348,0.846558,-0.004464,0.007267
logistic,param,3,5,0.05,4,1.000e-08,92,-0.758046,0.844788,0.008003,-0.010459
logistic,param,3,5,0.05,4,1.000e-08,93,-0.766200,0.843811,0.003413,0.018640
logistic,param,3,5,0.05,4,1.000e-08,94,-0.758621,0.842896,-0.001627,-0.004338
logistic,param,3,5,0.05,4,1.000e-08,95,-0.759841,0.844849,0.005962,0.000257
logistic,param,3,5,0.05,4,1.000e-08,96,-0.762434,0.842957,-0.008745,0.010165
logistic,param,3,5,0.05,4,1.000e-08,97,-0.760460,0.849426,0.008331,-0.005895
logistic,param,3,5,0.05,4,1.000e-08,98,-0.753316,0.848267,-0.005654,0.004003
logistic,param,3,5,0.05,4,1.000e-08,99,-0.746038,0.848572,-0.004919,-0.019381
logistic,param,3,5,0.05,4,1.000e-08,100,-0.757205,0.846619,-0.012892,0.004841
logistic,param,3,5,0.05,4,1.000e-08,101,-0.765647,0.842651,-0.000620,0.004712
logistic,param,3,5,0.05,4,1.000e-08,102,-0.754378,0.845703,0.000211,-0.007876
logistic,param,3,5,0.05,4,1.000e-08,103,-0.760801,0.841858,0.001929,0.002682
logistic,param,3,5,0.05,4,1.000e-08,104,-0.768183,0.840332,-0.012490,0.012784
logistic,param,3,5,0.05,4,1.000e-08,105,-0.764329,0.844116,0.002147,0.003982
logistic,param,3,5,0.05,4,1.000e-08,106,-0.764644,0.840210,0.016022,-0.006629
logistic,param,3,5,0.05,4,1.000e-08,107,-0.762191,0.848267,0.007386,-0.007528
logistic,param,3,5,0.05,4,1.000e-08,108,-0.758809,0.845520,0.000055,-0.003531
logistic,param,3,5,0.05,4,1.000e-08,109,-0.758608,0.844177,-0.014342,0.003783
logistic,param,3,5,0.05,4,1.000e-08,110,-0.764305,0.843811,0.010994,0.000448
logistic,param,3,5,0.05,4,1.000e-08,111,-0.756924,0.847046,-0.009708,0.001931
logistic,param,3,5,0.05,4,1.000e-08,112,-0.763396,0.844177,-0.006579,0.014504
logistic,param,3,5,0.05,4,1.000e-08,113,-0.765833,0.843384,0.002480,0.006231
logistic,param,3,5,0.05,4,1.000e-08,114,-0.758229,0.845886,-0.013089,-0.005073
logistic,param,3,5,0.05,4,1.000e-08,115,-0.756590,0.848083,0.000452,0.004284
logistic,param,3,5,0.05,4,1.000e-08,116,-0.755017,0.845337,-0.003486,0.002232
logistic,param,3,5,0.05,4,1.000e-08,117,-0.765494,0.843018,-0.000836,-0.001094
logistic,param,3,5,0.05,4,1.000e-08,118,-0.764134,0.843323,0.015583,-0.001668
logistic,param,3,5,0.05,4,1.000e-08,119,-0.754440,0.849365,0.004860,-0.013451
logistic,param,3,5,0.05,4,1.000e-08,120,-0.764449,0.841492,0.005951,0.009213
logistic,param,3,5,0.05,4,1.000e-08,121,-0.750417,0.849854,-0.006593,-0.006047
logistic,param,3,5,0.05,4,1.000e-08,122,-0.752543,0.848694,-0.012700,0.009556
logistic,param,3,5,0.05,4,1.000e-08,123,-0.751852,0.850037,0.005115,-0.011471
logistic,param,3,5,0.05,4,1.000e-08,124,-0.752623,0.848206,-0.004344,-0.009619
logistic,param,3,5,0.05,4,1.000e-08,125,-0.760196,0.847534,0.017036,-0.002840
logistic,param,3,5,0.05,4,1.000e-08,126,-0.752599,0.849304,-0.008395,-0.008383
logistic,param,3,5,0.05,4,1.000e-08,127,-0.757092,0.847046,-0.000677,-0.003972
logistic,param,3,5,0.05,4,1.000e-08,128,-0.754911,0.851257,0.005207,0.000244
logistic,param,3,5,0.05,4,1.000e-08,129,-0.750641,0.848206,-0.005927,-0.008325
logistic,param,3,5,0.05,4,1.000e-08,130,-0.764251,0.844360,0.011000,0.005392
logistic,param,3,5,0.05,4,1.000e-08,131,-0.760677,0.846008,0.002963,0.004079
logistic,param,3,5,0.05,4,1.000e-08,132,-0.766468,0.847717,0.001830,0.010832
logistic,param,3,5,0.05,4,1.000e-08,133,-0.754089,0.847107,-0.025052,0.005990
logistic,param,3,5,0.05,4,1.000e-08,134,-0.759743,0.845093,0.010071,0.001868
logistic,param,3,5,0.05,4,1.000e-08,135,-0.759611,0.844360,0.003855,-0.007296
logistic,param,3,5,0.05,4,1.000e-08,136,-0.762130,0.845825,0.000451,0.005463
logistic,param,3,5,0.05,4,1.000e-08,137,-0.760777,0.843140,-0.014865,0.017627
logistic,param,3,5,0.05,4,1.000e-08,138,-0.757787,0.848389,-0.001859,-0.002488
logistic,param,3,5,0.05,4,1.000e-08,139,-0.765192,0.844910,0.004136,0.003993
logistic,param,3,5,0.05,4,1.000e-08,140,-0.767138,0.839417,0.003102,0.000251
logistic,param,3,5,0.05,4,1.000e-08,141,-0.758177,0.843323,0.000154,0.003647
logistic,param,3,5,0.05,4,1.000e-08,142,-0.758487,0.847229,0.002140,0.006469
logistic,param,3,5,0.05,4,1.000e-08,143,-0.756368,0.845825,-0.003078,0.001800
logistic,param,3,5,0.05,4,1.000e-08,144,-0.759066,0.845337,-0.006225,-0.008454
logistic,param,3,5,0.05,4,1.000e-08,145,-0.756105,0.849976,-0.003343,-0.003904
logistic,param,3,5,0.05,4,1.000e-08,146,-0.755333,0.845703,-0.001408,0.001116
logistic,param,3,5,0.05,4,1.000e-08,147,-0.755941,0.845947,-0.008541,-0.012167
logistic,param,3,5,0.05,4,1.000e-08,148,-0.756037,0.846863,-0.015067,-0.002060
logistic,param,3,5,0.05,4,1.000e-08,149,-0.753494,0.846802,0.008102,-0.017838
logistic,param,3,5,0.05,4,1.000e-08,150,-0.758992,0.847656,-0.002064,-0.007595
logistic,param,3,5,0.05,4,1.000e-08,151,-0.763282,0.844421,0.002900,0.003897
logistic,param,3,5,0.05,4,1.000e-08,152,-0.768561,0.843323,0.003603,0.020204
logistic,param,3,5,0.05,4,1.000e-08,153,-0.767653,0.841187,0.009128,-0.004291
logistic,param,3,5,0.05,4,1.000e-08,154,-0.758657,0.847290,0.009761,-0.013431
logistic,param,3,5,0.05,4,1.000e-08,155,-0.754861,0.848633,0.006325,-0.013506
logistic,param,3,5,0.05,4,1.000e-08,156,-0.762911,0.844421,-0.001396,-0.008068
logistic,param,3,5,0.05,4,1.000e-08,157,-0.759721,0.847229,-0.001232,0.003470
logistic,param,3,5,0.05,4,1.000e-08,158,-0.758193,0.844971,0.001406,-0.001536
logistic,param,3,5,0.05,4,1.000e-08,159,-0.753896,0.847229,-0.011969,0.000255
logistic,param,3,5,0.05,4,1.000e-08,160,-0.760533,0.845154,0.008111,-0.008628
logistic,param,3,5,0.05,4,1.000e-08,161,-0.756741,0.846985,0.010282,-0.000309
logistic,param,3,5,0.05,4,1.000e-08,162,-0.756169,0.848389,0.003102,0.001833
logistic,param,3,5,0.05,4,1.000e-08,163,-0.753111,0.849792,-0.004817,0.004438
logistic,param,3,5,0.05,4,1.000e-08,164,-0.757278,0.847351,-0.011477,-0.000438
logistic,param,3,5,0.05,4,1.000e-08,165,-0.758206,0.845459,-0.006581,0.004986
logistic,param,3,5,0.05,4,1.000e-08,166,-0.757294,0.847717,0.009906,-0.003025
logistic,param,3,5,0.05,4,1.000e-08,167,-0.759883,0.845886,0.015354,-0.007225
logistic,param,3,5,0.05,4,1.000e-08,168,-0.757568,0.845154,-0.007399,0.005936
logistic,param,3,5,0.05,4,1.000e-08,169,-0.762512,0.849121,0.009169,-0.001078
logistic,param,3,5,0.05,4,1.000e-08,170,-0.759458,0.842896,0.006679,-0.004546
logistic,param,3,5,0.05,4,1.000e-08,171,-0.761582,0.844849,-0.000299,0.003439
logistic,param,3,5,0.05,4,1.000e-08,172,-0.763274,0.842773,-0.003535,0.002812
logistic,param,3,5,0.05,4,1.000e-08,173,-0.768178,0.839722,0.016150,-0.007449
logistic,param,3,5,0.05,4,1.000e-08,174,-0.762742,0.845886,-0.001565,0.002223
logistic,param,3,5,0.05,4,1.000e-08,175,-0.758693,0.845154,0.002553,0.004332
logistic,param,3,5,0.05,4,1.000e-08,176,-0.753659,0.849243,-0.012697,-0.007777
logistic,param,3,5,0.05,4,1.000e-08,177,-0.765448,0.841064,0.001912,0.000890
logistic,param,3,5,0.05,4,1.000e-08,178,-0.761345,0.845215,-0.001657,0.001686
logistic,param,3,5,0.05,4,1.000e-08,179,-0.765023,0.842224,0.002918,0.006631
logistic,param,3,5,0.05,4,1.000e-08,180,-0.762599,0.846313,0.016972,0.001970
logistic,param,3,5,0.05,4,1.000e-08,181,-0.757762,0.842468,-0.005846,-0.004700
logistic,param,3,5,0.05,4,1.000e-08,182,-0.757077,0.847290,0.005219,-0.010149
logistic,param,3,5,0.05,4,1.000e-08,183,-0.757419,0.849365,0.010088,-0.009592
logistic,param,3,5,0.05,4,1.000e-08,184,-0.759742,0.847290,0.005785,-0.005683
logistic,param,3,5,0.05,4,1.000e-08,185,-0.760506,0.841248,0.000074,-0.001765
logistic,param,3,5,0.05,4,1.000e-08,186,-0.756223,0.847656,-0.009294,0.005461
logistic,param,3,5,0.05,4,1.000e-08,187,-0.757924,0.845520,-0.003323,-0.006439
logistic,param,3,5,0.05,4,1.000e-08,188,-0.757660,0.847290,-0.005875,0.004236
logistic,param,3,5,0.05,4,1.000e-08,189,-0.761387,0.848328,-0.007334,0.010283
logistic,param,3,5,0.05,4,1.000e-08,190,-0.759076,0.842590,-0.001042,-0.013910
logistic,param,3,5,0.05,4,1.000e-08,191,-0.757771,0.846375,-0.000441,-0.003006
logistic,param,3,5,0.05,4,1.000e-08,192,-0.759148,0.850281,0.016903,-0.004790
logistic,param,3,5,0.05,4,1.000e-08,193,-0.752141,0.846375,-0.001245,-0.010364
logistic,param,3,5,0.05,4,1.000e-08,194,-0.753234,0.848022,-0.000309,-0.006088
logistic,param,3,5,0.05,4,1.000e-08,195,-0.762986,0.846191,0.006401,0.007363
logistic,param,3,5,0.05,4,1.000e-08,196,-0.758044,0.848206,0.013434,-0.004949
logistic,param,3,5,0.05,4,1.000e-08,197,-0.760483,0.844116,-0.001810,0.003058
logistic,param,3,5,0.05,4,1.000e-08,198,-0.759020,0.848572,-0.013313,0.011659
logistic,param,3,5,0.05,4,1.000e-08,199,-0.761080,0.848877,0.012086,-0.007260
logistic,param,3,5,0.05,4,1.000e-08,200,-0.760388,0.846313,-0.003957,-0.010409
logistic,param,3,5,0.05,4,1.000e-08,201,-0.757348,0.843872,-0.018167,0.001400
logistic,param,3,5,0.05,4,1.000e-08,202,-0.761950,0.844421,0.007930,-0.001879
logistic,param,3,5,0.05,4,1.000e-08,203,-0.762393,0.847778,0.000444,0.002233
logistic,param,3,5,0.05,4,1.000e-08,204,-0.756205,0.847900,-0.010980,0.000209
logistic,param,3,5,0.05,4,1.000e-08,205,-0.754508,0.849121,0.005485,0.001729
logistic,param,3,5,0.05,4,1.000e-08,206,-0.761344,0.842957,0.016527,-0.007529
logistic,param,3,5,0.05,4,1.000e-08,207,-0.761516,0.844604,0.011577,-0.005980
logistic,param,3,5,0.05,4,1.000e-08,208,-0.759058,0.846924,0.000375,-0.001279
logistic,param,3,5,0.05,4,1.000e-08,209,-0.762911,0.844849,-0.003450,-0.001894
logistic,param,3,5,0.05,4,1.000e-08,210,-0.765961,0.842651,-0.001711,0.009947
logistic,param,3,5,0.05,4,1.000e-08,211,-0.754679,0.845337,-0.011513,-0.005074
logistic,param,3,5,0.05,4,1.000e-08,212,-0.760814,0.845276,0.011869,0.007883
logistic,param,3,5,0.05,4,1.000e-08,213,-0.753796,0.846985,-0.001323,-0.001202
logistic,param,3,5,0.05,4,1.000e-08,214,-0.755732,0.846558,-0.005347,-0.010673
logistic,param,3,5,0.05,4,1.000e-08,215,-0.752084,0.848389,-0.003316,-0.000488
logistic,param,3,5,0.05,4,1.000e-08,216,-0.750062,0.853271,-0.001087,-0.019782
logistic,param,3,5,0.05,4,1.000e-08,217,-0.764731,0.842834,0.006994,-0.000683
logistic,param,3,5,0.05,4,1.000e-08,218,-0.761364,0.844666,-0.013771,0.007214
logistic,param,3,5,0.05,4,1.000e-08,219,-0.759666,0.845642,-0.005794,0.010494
logistic,param,3,5,0.05,4,1.000e-08,220,-0.752050,0.846436,-0.007537,-0.008150
logistic,param,3,5,0.05,4,1.000e-08,221,-0.757458,0.846130,0.002922,-0.013243
logistic,param,3,5,0.05,4,1.000e-08,222,-0.764095,0.842468,0.020564,0.002975
logistic,param,3,5,0.05,4,1.000e-08,223,-0.765998,0.843079,0.012962,-0.008426
logistic,param,3,5,0.05,4,1.000e-08,224,-0.761229,0.844055,0.011427,-0.003180
logistic,param,3,5,0.05,4,1.000e-08,225,-0.766624,0.844482,0.016907,-0.001664
logistic,param,3,5,0.05,4,1.000e-08,226,-0.768891,0.842896,0.004944,-0.000220
logistic,param,3,5,0.05,4,1.000e-08,227,-0.761114,0.842163,-0.002727,0.012057
logistic,param,3,5,0.05,4,1.000e-08,228,-0.757224,0.847107,-0.002485,-0.003158
logistic,param,3,5,0.05,4,1.000e-08,229,-0.753726,0.849304,-0.007525,-0.006429
logistic,param,3,5,0.05,4,1.000e-08,230,-0.759816,0.845703,0.010668,-0.011391
logistic,param,3,5,0.05,4,1.000e-08,231,-0.758900,0.846008,-0.001168,-0.011656
logistic,param,3,5,0.05,4,1.000e-08,232,-0.751340,0.850098,-0.016659,0.002634
logistic,param,3,5,0.05,4,1.000e-08,233,-0.759666,0.844971,-0.007542,0.008924
logistic,param,3,5,0.05,4,1.000e-08,234,-0.761597,0.844238,0.001364,-0.002533
logistic,param,3,5,0.05,4,1.000e-08,235,-0.759925,0.848328,-0.001771,0.004594
logistic,param,3,5,0.05,4,1.000e-08,236,-0.759885,0.846191,0.002115,0.002537
logistic,param,3,5,0.05,4,1.000e-08,237,-0.757438,0.844727,-0.003284,0.001756
logistic,param,3,5,0.05,4,1.000e-08,238,-0.755596,0.843201,-0.004171,-0.012139
logistic,param,3,5,0.05,4,1.000e-08,239,-0.764786,0.844055,0.010766,-0.012640
logistic,param,3,5,0.05,4,1.000e-08,240,-0.760413,0.846069,0.005740,-0.005356
logistic,param,3,5,0.05,4,1.000e-08,241,-0.757867,0.846924,-0.002313,0.007908
logistic,param,3,5,0.05,4,1.000e-08,242,-0.755649,0.849548,-0.006533,0.007372
logistic,param,3,5,0.05,4,1.000e-08,243,-0.757213,0.847778,0.003663,0.003040
logistic,param,3,5,0.05,4,1.000e-08,244,-0.752132,0.851807,0.004876,-0.003499
logistic,param,3,5,0.05,4,1.000e-08,245,-0.755012,0.847290,0.001333,-0.007096
logistic,param,3,5,0.05,4,1.000e-08,246,-0.752476,0.850647,-0.014671,-0.011315
logistic,param,3,5,0.05,4,1.000e-08,247,-0.761113,0.846497,0.005746,-0.007081
logistic,param,3,5,0.05,4,1.000e-08,248,-0.754152,0.848633,-0.001380,-0.009628
logistic,param,3,5,0.05,4,1.000e-08,249,-0.756536,0.845154,-0.011236,-0.007261
logistic,param,3,5,0.05,4,1.000e-08,250,-0.757585,0.847534,0.003052,-0.000424
logistic,param,3,5,0.05,4,1.000e-08,251,-0.761689,0.844482,0.003673,0.000619
logistic,param,3,5,0.05,4,1.000e-08,252,-0.756638,0.846130,0.011805,-0.011154
logistic,param,3,5,0.05,4,1.000e-08,253,-0.757655,0.846191,-0.011216,0.008015
logistic,param,3,5,0.05,4,1.000e-08,254,-0.759683,0.845276,-0.009195,0.002219
logistic,param,3,5,0.05,4,1.000e-08,255,-0.762885,0.843689,-0.015562,0.015863
logistic,param,3,5,0.05,4,1.000e-08,256,-0.760658,0.843567,0.003859,0.004488
logistic,param,3,5,0.05,4,1.000e-08,257,-0.759866,0.846924,0.007058,-0.008919
logistic,param,3,5,0.05,4,1.000e-08,258,-0.762721,0.844238,-0.000369,0.006199
logistic,param,3,5,0.05,4,1.000e-08,259,-0.759705,0.847473,-0.000761,0.003487
logistic,param,3,5,0.05,4,1.000e-08,260,-0.756868,0.844482,-0.003505,-0.003709
logistic,param,3,5,0.05,4,1.000e-08,261,-0.757337,0.846985,0.011710,-0.008223
logistic,param,3,5,0.05,4,1.000e-08,262,-0.758062,0.845093,-0.006576,0.010028
logistic,param,3,5,0.05,4,1.000e-08,263,-0.751897,0.850403,0.002904,-0.012396
logistic,param,3,5,0.05,4,1.000e-08,264,-0.757994,0.846863,0.005619,-0.001488
logistic,param,3,5,0.05,4,1.000e-08,265,-0.751096,0.848938,-0.010465,-0.008644
logistic,param,3,5,0.05,4,1.000e-08,266,-0.767278,0.845398,0.015682,-0.006352
logistic,param,3,5,0.05,4,1.000e-08,267,-0.762524,0.846375,-0.001959,0.007511
logistic,param,3,5,0.05,4,1.000e-08,268,-0.766227,0.843384,0.009349,-0.001689
logistic,param,3,5,0.05,4,1.000e-08,269,-0.761420,0.846008,0.005960,-0.005628
logistic,param,3,5,0.05,4,1.000e-08,270,-0.761446,0.840942,-0.005472,0.004400
logistic,param,3,5,0.05,4,1.000e-08,271,-0.761327,0.842896,0.011958,0.000867
logistic,param,3,5,0.05,4,1.000e-08,272,-0.771156,0.841248,0.024242,0.002899
logistic,param,3,5,0.05,4,1.000e-08,273,-0.750348,0.847961,-0.005431,-0.005735
logistic,param,3,5,0.05,4,1.000e-08,274,-0.750719,0.847900,0.001550,-0.016055
logistic,param,3,5,0.05,4,1.000e-08,275,-0.761623,0.842529,0.000162,0.003626
logistic,param,3,5,0.05,4,1.000e-08,276,-0.759102,0.845886,0.000479,-0.004151
logistic,param,3,5,0.05,4,1.000e-08,277,-0.759649,0.847900,0.008893,0.005301
logistic,param,3,5,0.05,4,1.000e-08,278,-0.759710,0.847961,0.004875,0.000751
logistic,param,3,5,0.05,4,1.000e-08,279,-0.756922,0.847839,-0.012762,0.005607
logistic,param,3,5,0.05,4,1.000e-08,280,-0.758422,0.846436,-0.002223,-0.003692
logistic,param,3,5,0.05,4,1.000e-08,281,-0.763682,0.842896,0.006587,0.005117
logistic,param,3,5,0.05,4,1.000e-08,282,-0.773054,0.836853,0.013031,0.009600
logistic,param,3,5,0.05,4,1.000e-08,283,-0.770043,0.843323,0.003461,0.018471
logistic,param,3,5,0.05,4,1.000e-08,284,-0.770128,0.841125,0.020448,0.010287
logistic,param,3,5,0.05,4,1.000e-08,285,-0.760875,0.845703,-0.003951,-0.000829
logistic,param,3,5,0.05,4,1.000e-08,286,-0.761551,0.846069,0.003329,0.001030
logistic,param,3,5,0.05,4,1.000e-08,287,-0.753770,0.846619,0.004465,-0.005891
logistic,param,3,5,0.05,4,1.000e-08,288,-0.756244,0.849915,-0.009149,-0.004549
logistic,param,3,5,0.05,4,1.000e-08,289,-0.760134,0.847046,-0.001888,0.006744
logistic,param,3,5,0.05,4,1.000e-08,290,-0.749716,0.850586,-0.007879,-0.011412
logistic,param,3,5,0.05,4,1.000e-08,291,-0.754235,0.847473,-0.000882,-0.004936
logistic,param,3,5,0.05,4,1.000e-08,292,-0.762254,0.843140,-0.003956,0.003519
logistic,param,3,5,0.05,4,1.000e-08,293,-0.755588,0.846069,-0.007274,-0.005837
logistic,param,3,5,0.05,4,1.000e-08,294,-0.755802,0.847595,-0.000951,0.001479
logistic,param,3,5,0.05,4,1.000e-08,295,-0.760281,0.842834,-0.004322,0.007901
logistic,param,3,5,0.05,4,1.000e-08,296,-0.754193,0.850342,0.002238,-0.008488
logistic,param,3,5,0.05,4,1.000e-08,297,-0.760422,0.842590,0.005209,-0.013622
logistic,param,3,5,0.05,4,1.000e-08,298,-0.763391,0.841858,0.005081,-0.005047
logistic,param,3,5,0.05,4,1.000e-08,299,-0.760243,0.846924,0.000794,0.004910
logistic,param,3,5,0.05,4,1.000e-08,300,-0.759899,0.844543,-0.002217,0.009524
logistic,param,3,5,0.05,4,1.000e-08,301,-0.761825,0.844360,-0.001604,-0.002518
logistic,param,3,5,0.05,4,1.000e-08,302,-0.761868,0.844299,0.012664,-0.006598
logistic,param,3,5,0.05,4,1.000e-08,303,-0.753420,0.848572,-0.011112,-0.004674
logistic,param,3,5,0.05,4,1.000e-08,304,-0.762438,0.844299,-0.000009,0.004541
logistic,param,3,5,0.05,4,1.000e-08,305,-0.759766,0.848633,-0.005510,0.010099
logistic,param,3,5,0.05,4,1.000e-08,306,-0.755400,0.845520,-0.001705,0.006489
logistic,param,3,5,0.05,4,1.000e-08,307,-0.754147,0.849426,-0.005147,-0.002580
logistic,param,3,5,0.05,4,1.000e-08,308,-0.755537,0.846436,-0.004153,-0.006450
logistic,param,3,5,0.05,4,1.000e-08,309,-0.752876,0.846924,-0.011523,-0.007585
logistic,param,3,5,0.05,4,1.000e-08,310,-0.759626,0.846436,-0.001183,0.009814
logistic,param,3,5,0.05,4,1.000e-08,311,-0.752510,0.850525,-0.009701,-0.006123
logistic,param,3,5,0.05,4,1.000e-08,312,-0.755837,0.846802,-0.005376,-0.004372
logistic,param,3,5,0.05,4,1.000e-08,313,-0.756890,0.845703,-0.020117,0.009903
logistic,param,3,5,0.05,4,1.000e-08,314,-0.754424,0.847473,0.006671,-0.016921
logistic,param,3,5,0.05,4,1.000e-08,315,-0.751535,0.846741,-0.004278,-0.008249
logistic,param,3,5,0.05,4,1.000e-08,316,-0.759397,0.845947,0.006035,-0.002539
logistic,param,3,5,0.05,4,1.000e-08,317,-0.762151,0.844299,0.006241,0.001604
logistic,param,3,5,0.05,4,1.000e-08,318,-0.752147,0.848450,-0.007574,0.004594
logistic,param,3,5,0.05,4,1.000e-08,319,-0.754267,0.849915,0.002892,-0.004935
logistic,param,3,5,0.05,4,1.000e-08,320,-0.758503,0.845032,-0.007722,0.005244
logistic,param,3,5,0.05,4,1.000e-08,321,-0.762585,0.841736,0.001489,-0.010201
logistic,param,3,5,0.05,4,1.000e-08,322,-0.761894,0.846497,0.010671,0.001062
logistic,param,3,5,0.05,4,1.000e-08,323,-0.761317,0.844666,-0.006187,0.007709
logistic,param,3,5,0.05,4,1.000e-08,324,-0.763763,0.846802,-0.001777,0.013586
logistic,param,3,5,0.05,4,1.000e-08,325,-0.761211,0.843872,0.001192,-0.003624
logistic,param,3,5,0.05,4,1.000e-08,326,-0.752465,0.849976,-0.010914,-0.012172
logistic,param,3,5,0.05,4,1.000e-08,327,-0.770519,0.841553,0.008788,0.015280
logistic,param,3,5,0.05,4,1.000e-08,328,-0.765257,0.844116,0.007156,-0.005407
logistic,param,3,5,0.05,4,1.000e-08,329,-0.765408,0.843933,0.005937,0.004401
logistic,param,3,5,0.05,4,1.000e-08,330,-0.757558,0.847534,0.002773,0.000310
logistic,param,3,5,0.05,4,1.000e-08,331,-0.763544,0.843018,0.000472,-0.002603
logistic,param,3,5,0.05,4,1.000e-08,332,-0.759624,0.848511,-0.003499,0.000352
logistic,param,3,5,0.05,4,1.000e-08,333,-0.756014,0.847656,0.004458,0.001000
logistic,param,3,5,0.05,4,1.000e-08,334,-0.750858,0.849365,-0.007681,-0.021658
logistic,param,3,5,0.05,4,1.000e-08,335,-0.758412,0.844482,-0.021357,0.005736
logistic,param,3,5,0.05,4,1.000e-08,336,-0.759945,0.846375,-0.003989,0.004722
logistic,param,3,5,0.05,4,1.000e-08,337,-0.759637,0.848083,0.000388,-0.007282
logistic,param,3,5,0.05,4,1.000e-08,338,-0.762027,0.845886,-0.000150,0.008461
logistic,param,3,5,0.05,4,1.000e-08,339,-0.760210,0.844116,0.006578,-0.009594
logistic,param,3,5,0.05,4,1.000e-08,340,-0.757864,0.844849,-0.002578,-0.007073
logistic,param,3,5,0.05,4,1.000e-08,341,-0.760587,0.846436,0.001352,0.003167
logistic,param,3,5,0.05,4,1.000e-08,342,-0.766579,0.842773,0.005782,0.022982
logistic,param,3,5,0.05,4,1.000e-08,343,-0.757638,0.847778,0.000767,-0.000029
logistic,param,3,5,0.05,4,1.000e-08,344,-0.769536,0.842712,0.000874,0.017853
logistic,param,3,5,0.05,4,1.000e-08,345,-0.765537,0.846375,0.003035,0.010161
logistic,param,3,5,0.05,4,1.000e-08,346,-0.760296,0.843933,-0.011582,0.002378
logistic,param,3,5,0.05,4,1.000e-08,347,-0.761993,0.846375,0.004698,0.005582
logistic,param,3,5,0.05,4,1.000e-08,348,-0.755627,0.847107,0.003881,0.003341
logistic,param,3,5,0.05,4,1.000e-08,349,-0.752518,0.847046,-0.014760,0.010894
logistic,param,3,5,0.05,4,1.000e-08,350,-0.745485,0.850159,-0.011412,-0.017527
logistic,param,3,5,0.05,4,1.000e-08,351,-0.752171,0.852600,-0.016493,0.007346
logistic,param,3,5,0.05,4,1.000e-08,352,-0.756476,0.847656,-0.001705,-0.005998
logistic,param,3,5,0.05,4,1.000e-08,353,-0.762215,0.843933,-0.004926,-0.003891
logistic,param,3,5,0.05,4,1.000e-08,354,-0.760781,0.846375,0.013123,-0.007650
logistic,param,3,5,0.05,4,1.000e-08,355,-0.767095,0.843689,0.012806,0.009341
logistic,param,3,5,0.05,4,1.000e-08,356,-0.764401,0.845093,0.014937,0.002413
logistic,param,3,5,0.05,4,1.000e-08,357,-0.754814,0.849426,0.000313,-0.005048
logistic,param,3,5,0.05,4,1.000e-08,358,-0.758203,0.845703,-0.007882,-0.005157
logistic,param,3,5,0.05,4,1.000e-08,359,-0.757159,0.848389,-0.000324,-0.005209
logistic,param,3,5,0.05,4,1.000e-08,360,-0.753380,0.847473,-0.000389,-0.003573
logistic,param,3,5,0.05,4,1.000e-08,361,-0.749401,0.852966,-0.005556,-0.006894
logistic,param,3,5,0.05,4,1.000e-08,362,-0.753683,0.848755,-0.015526,0.001220
logistic,param,3,5,0.05,4,1.000e-08,363,-0.752078,0.845642,-0.002593,-0.011444
logistic,param,3,5,0.05,4,1.000e-08,364,-0.762060,0.845398,0.000692,0.001072
logistic,param,3,5,0.05,4,1.000e-08,365,-0.762207,0.842957,0.005910,0.000855
logistic,param,3,5,0.05,4,1.000e-08,366,-0.754625,0.846924,-0.015024,-0.002972
logistic,param,3,5,0.05,4,1.000e-08,367,-0.755389,0.851196,-0.000377,0.002235
logistic,param,3,5,0.05,4,1.000e-08,368,-0.750460,0.849121,0.011009,-0.018337
logistic,param,3,5,0.05,4,1.000e-08,369,-0.755363,0.848328,-0.008619,-0.008065
logistic,param,3,5,0.05,4,1.000e-08,370,-0.760962,0.844910,0.007760,-0.013486
logistic,param,3,5,0.05,4,1.000e-08,371,-0.760155,0.844360,-0.004189,-0.001443
logistic,param,3,5,0.05,4,1.000e-08,372,-0.762835,0.847107,0.003867,0.011548
logistic,param,3,5,0.05,4,1.000e-08,373,-0.760569,0.845520,0.003549,0.003801
logistic,param,3,5,0.05,4,1.000e-08,374,-0.755132,0.847595,-0.004718,-0.003333
logistic,param,3,5,0.05,4,1.000e-08,375,-0.752219,0.852539,-0.002288,-0.001962
logistic,param,3,5,0.05,4,1.000e-08,376,-0.746334,0.848328,-0.011556,-0.008003
logistic,param,3,5,0.05,4,1.000e-08,377,-0.750171,0.850281,0.002635,-0.003655
logistic,param,3,5,0.05,4,1.000e-08,378,-0.760067,0.843872,0.007389,-0.003944
logistic,param,3,5,0.05,4,1.000e-08,379,-0.761569,0.845337,-0.001634,0.012733
logistic,param,3,5,0.05,4,1.000e-08,380,-0.757028,0.849304,-0.003021,0.008568
logistic,param,3,5,0.05,4,1.000e-08,381,-0.759514,0.842163,0.000619,-0.000164
logistic,param,3,5,0.05,4,1.000e-08,382,-0.756492,0.847412,-0.006545,-0.006239
logistic,param,3,5,0.05,4,1.000e-08,383,-0.758004,0.846619,-0.005850,0.002266
logistic,param,3,5,0.05,4,1.000e-08,384,-0.760396,0.845337,0.011924,0.000547
logistic,param,3,5,0.05,4,1.000e-08,385,-0.760269,0.843628,-0.007495,-0.002784
logistic,param,3,5,0.05,4,1.000e-08,386,-0.757956,0.846802,-0.008859,-0.002025
logistic,param,3,5,0.05,4,1.000e-08,387,-0.759658,0.847046,0.000042,0.004149
logistic,param,3,5,0.05,4,1.000e-08,388,-0.751869,0.850891,0.006815,-0.021642
logistic,param,3,5,0.05,4,1.000e-08,389,-0.755368,0.847595,0.005123,-0.006645
logistic,param,3,5,0.05,4,1.000e-08,390,-0.754087,0.849304,0.000806,0.000584
logistic,param,3,5,0.05,4,1.000e-08,391,-0.760066,0.847900,-0.006036,0.001257
logistic,param,3,5,0.05,4,1.000e-08,392,-0.756411,0.845703,-0.001225,-0.004246
logistic,param,3,5,0.05,4,1.000e-08,393,-0.749971,0.848389,-0.010688,-0.013330
logistic,param,3,5,0.05,4,1.000e-08,394,-0.761063,0.842834,0.004458,0.000049
logistic,param,3,5,0.05,4,1.000e-08,395,-0.760321,0.847473,0.010081,0.000642
logistic,param,3,5,0.05,4,1.000e-08,396,-0.753682,0.851074,0.003129,-0.014062
logistic,param,3,5,0.05,4,1.000e-08,397,-0.758040,0.847961,0.005952,0.001115
logistic,param,3,5,0.05,4,1.000e-08,398,-0.747249,0.851501,-0.005824,-0.008069
logistic,param,3,5,0.05,4,1.000e-08,399,-0.759429,0.846069,0.005114,-0.011357
logistic,param,3,5,0.05,4,1.000e-08,400,-0.761911,0.841858,-0.004927,0.009812
logistic,param,3,5,0.05,4,1.000e-06,1,-15.359728,0.000000,1.000000,1.000000
logistic,param,3,5,0.05,4,1.000e-06,2,-14.509193,0.000000,1.000000,1.000000
logistic,param,3,5,0.05,4,1.000e-06,3,-13.822247,0.000000,1.000000,1.000000
logistic,param,3,5,0.05,4,1.000e-06,4,-13.197907,0.000000,1.000000,1.000000
logistic,param,3,5,0.05,4,1.000e-06,5,-12.596226,0.000000,1.000000,1.000000
logistic,param,3,5,0.05,4,1.000e-06,6,-12.020092,0.000061,1.000000,0.999676
logistic,param,3,5,0.05,4,1.000e-06,7,-11.465221,0.000000,0.999997,1.000000
logistic,param,3,5,0.05,4,1.000e-06,8,-10.903623,0.000000,0.999994,1.000000
logistic,param,3,5,0.05,4,1.000e-06,9,-10.344532,0.000061,0.999967,0.999999
logistic,param,3,5,0.05,4,1.000e-06,10,-9.790637,0.000061,0.999981,0.999997
logistic,param,3,5,0.05,4,1.000e-06,11,-9.229162,0.000122,0.999856,0.999670
logistic,param,3,5,0.05,4,1.000e-06,12,-8.672515,0.000183,0.999955,0.999356
logistic,param,3,5,0.05,4,1.000e-06,13,-8.115479,0.000244,0.999324,0.999334
logistic,param,3,5,0.05,4,1.000e-06,14,-7.567007,0.000366,0.999925,0.998309
logistic,param,3,5,0.05,4,1.000e-06,15,-7.004912,0.000916,0.997582,0.999009
logistic,param,3,5,0.05,4,1.000e-06,16,-6.450945,0.001709,0.995539,0.996325
logistic,param,3,5,0.05,4,1.000e-06,17,-5.883138,0.003479,0.993412,0.990814
logistic,param,3,5,0.05,4,1.000e-06,18,-5.317019,0.006287,0.986002,0.983821
logistic,param,3,5,0.05,4,1.000e-06,19,-4.741229,0.012085,0.974103,0.972044
logistic,param,3,5,0.05,4,1.000e-06,20,-4.164668,0.023315,0.958643,0.948772
logistic,param,3,5,0.05,4,1.000e-06,21,-3.599026,0.051147,0.927843,0.917979
logistic,param,3,5,0.05,4,1.000e-06,22,-3.022803,0.116821,0.868124,0.839164
logistic,param,3,5,0.05,4,1.000e-06,23,-2.491510,0.223083,0.779240,0.739298
logistic,param,3,5,0.05,4,1.000e-06,24,-2.019496,0.361694,0.663131,0.623918
logistic,param,3,5,0.05,4,1.000e-06,25,-1.620212,0.499573,0.517625,0.460663
logistic,param,3,5,0.05,4,1.000e-06,26,-1.324394,0.612610,0.378705,0.326646
logistic,param,3,5,0.05,4,1.000e-06,27,-1.117195,0.698547,0.256922,0.218100
logistic,param,3,5,0.05,4,1.000e-06,28,-0.977855,0.751709,0.165650,0.145916
logistic,param,3,5,0.05,4,1.000e-06,29,-0.878296,0.795288,0.093870,0.072455
logistic,param,3,5,0.05,4,1.000e-06,30,-0.825726,0.818359,0.061334,0.040871
logistic,param,3,5,0.05,4,1.000e-06,31,-0.797201,0.832825,0.033675,0.026687
logistic,param,3,5,0.05,4,1.000e-06,32,-0.778873,0.835999,0.022818,0.019453
logistic,param,3,5,0.05,4,1.000e-06,33,-0.772771,0.837219,0.003037,0.008523
logistic,param,3,5,0.05,4,1.000e-06,34,-0.765750,0.844238,0.003227,0.012653
logistic,param,3,5,0.05,4,1.000e-06,35,-0.756828,0.849792,-0.001907,0.010542
logistic,param,3,5,0.05,4,1.000e-06,36,-0.756382,0.842834,-0.002817,-0.004694
logistic,param,3,5,0.05,4,1.000e-06,37,-0.758300,0.845520,0.000342,-0.014360
logistic,param,3,5,0.05,4,1.000e-06,38,-0.753417,0.847595,-0.006081,0.000570
logistic,param,3,5,0.05,4,1.000e-06,39,-0.757548,0.844666,-0.002784,0.000729
logistic,param,3,5,0.05,4,1.000e-06,40,-0.751346,0.846741,-0.010487,-0.005682
logistic,param,3,5,0.05,4,1.000e-06,41,-0.759457,0.847290,0.002826,-0.005402
logistic,param,3,5,0.05,4,1.000e-06,42,-0.761357,0.846313,-0.001733,-0.006430
logistic,param,3,5,0.05,4,1.000e-06,43,-0.762495,0.839844,-0.010595,0.009134
logistic,param,3,5,0.05,4,1.000e-06,44,-0.768312,0.843018,-0.000419,-0.000478
logistic,param,3,5,0.05,4,1.000e-06,45,-0.769498,0.844910,0.011729,0.014388
logistic,param,3,5,0.05,4,1.000e-06,46,-0.754764,0.846558,0.001096,-0.001505
logistic,param,3,5,0.05,4,1.000e-06,47,-0.756758,0.848511,0.002719,-0.014884
logistic,param,3,5,0.05,4,1.000e-06,48,-0.760536,0.843445,0.008338,-0.005433
logistic,param,3,5,0.05,4,1.000e-06,49,-0.757942,0.845764,0.014541,-0.007533
logistic,param,3,5,0.05,4,1.000e-06,50,-0.757994,0.845520,0.004754,-0.001526
logistic,param,3,5,0.05,4,1.000e-06,51,-0.767287,0.842224,-0.002669,0.009537
logistic,param,3,5,0.05,4,1.000e-06,52,-0.757255,0.844177,0.004172,-0.006451
logistic,param,3,5,0.05,4,1.000e-06,53,-0.761335,0.845093,0.004644,-0.008548
logistic,param,3,5,0.05,4,1.000e-06,54,-0.757409,0.845947,-0.006725,-0.007365
logistic,param,3,5,0.05,4,1.000e-06,55,-0.764908,0.843567,0.015845,-0.006345
logistic,param,3,5,0.05,4,1.000e-06,56,-0.757564,0.847595,-0.017762,-0.000181
logistic,param,3,5,0.05,4,1.000e-06,57,-0.771032,0.841370,0.017656,0.000160
logistic,param,3,5,0.05,4,1.000e-06,58,-0.772529,0.842590,0.021726,0.006253
logistic,param,3,5,0.05,4,1.000e-06,59,-0.765918,0.844910,0.006797,-0.005402
logistic,param,3,5,0.05,4,1.000e-06,60,-0.765085,0.845032,0.006701,0.005995
logistic,param,3,5,0.05,4,1.000e-06,61,-0.760523,0.848267,0.013460,-0.002389
logistic,param,3,5,0.05,4,1.000e-06,62,-0.751662,0.847717,-0.000581,-0.011934
logistic,param,3,5,0.05,4,1.000e-06,63,-0.746714,0.852234,-0.002441,-0.012601
logistic,param,3,5,0.05,4,1.000e-06,64,-0.755304,0.844482,-0.012945,-0.007853
logistic,param,3,5,0.05,4,1.000e-06,65,-0.758842,0.843628,-0.014049,-0.004106
logistic,param,3,5,0.05,4,1.000e-06,66,-0.763991,0.845947,-0.001636,0.013260
logistic,param,3,5,0.05,4,1.000e-06,67,-0.758727,0.848694,-0.005513,0.003873
logistic,param,3,5,0.05,4,1.000e-06,68,-0.751181,0.847900,-0.015253,-0.006110
logistic,param,3,5,0.05,4,1.000e-06,69,-0.763097,0.846069,-0.005064,0.009238
logistic,param,3,5,0.05,4,1.000e-06,70,-0.760252,0.846252,-0.000630,-0.007324
logistic,param,3,5,0.05,4,1.000e-06,71,-0.752254,0.848694,-0.010108,-0.005804
logistic,param,3,5,0.05,4,1.000e-06,72,-0.762355,0.843262,-0.002239,0.005180
logistic,param,3,5,0.05,4,1.000e-06,73,-0.754208,0.845947,-0.018096,0.005645
logistic,param,3,5,0.05,4,1.000e-06,74,-0.762081,0.843872,0.010389,0.003349
logistic,param,3,5,0.05,4,1.000e-06,75,-0.759111,0.846680,0.006900,-0.017443
logistic,param,3,5,0.05,4,1.000e-06,76,-0.760291,0.846375,-0.010150,0.006913
logistic,param,3,5,0.05,4,1.000e-06,77,-0.751470,0.851074,-0.014346,-0.006818
logistic,param,3,5,0.05,4,1.000e-06,78,-0.754801,0.847351,0.000669,0.001454
logistic,param,3,5,0.05,4,1.000e-06,79,-0.764854,0.844299,0.009534,-0.005382
logistic,param,3,5,0.05,4,1.000e-06,80,-0.771781,0.841309,0.006819,0.007590
logistic,param,3,5,0.05,4,1.000e-06,81,-0.764004,0.844177,0.012172,0.002535
logistic,param,3,5,0.05,4,1.000e-06,82,-0.765470,0.842407,0.001410,0.011426
logistic,param,3,5,0.05,4,1.000e-06,83,-0.762266,0.842468,0.001842,-0.001676
logistic,param,3,5,0.05,4,1.000e-06,84,-0.757618,0.847229,-0.001924,0.000844
logistic,param,3,5,0.05,4,1.000e-06,85,-0.760672,0.845581,-0.003100,-0.011368
logistic,param,3,5,0.05,4,1.000e-06,86,-0.766663,0.840576,0.000375,0.010053
logistic,param,3,5,0.05,4,1.000e-06,87,-0.760073,0.842102,-0.003965,0.005390
logistic,param,3,5,0.05,4,1.000e-06,88,-0.765786,0.843506,-0.004327,0.017782
logistic,param,3,5,0.05,4,1.000e-06,89,-0.763016,0.841858,-0.002774,0.001355
logistic,param,3,5,0.05,4,1.000e-06,90,-0.762333,0.843872,-0.009460,0.002370
logistic,param,3,5,0.05,4,1.000e-06,91,-0.758316,0.845886,-0.006079,0.001225
logistic,param,3,5,0.05,4,1.000e-06,92,-0.752996,0.850952,-0.011592,0.000984
logistic,param,3,5,0.05,4,1.000e-06,93,-0.754127,0.846863,-0.005589,-0.008030
logistic,param,3,5,0.05,4,1.000e-06,94,-0.756273,0.848328,-0.010662,-0.006945
logistic,param,3,5,0.05,4,1.000e-06,95,-0.756699,0.849548,0.001920,0.002378
logistic,param,3,5,0.05,4,1.000e-06,96,-0.756472,0.846985,0.004440,-0.010330
logistic,param,3,5,0.05,4,1.000e-06,97,-0.753648,0.850098,-0.000017,-0.011817
logistic,param,3,5,0.05,4,1.000e-06,98,-0.756817,0.849670,-0.015056,0.010155
logistic,param,3,5,0.05,4,1.000e-06,99,-0.746720,0.850830,-0.012710,0.001133
logistic,param,3,5,0.05,4,1.000e-06,100,-0.757277,0.850220,-0.002297,-0.000043
logistic,param,3,5,0.05,4,1.000e-06,101,-0.756389,0.847168,-0.005132,0.001727
logistic,param,3,5,0.05,4,1.000e-06,102,-0.751307,0.851196,-0.008891,-0.003530
logistic,param,3,5,0.05,4,1.000e-06,103,-0.763222,0.843384,0.012330,-0.002615
logistic,param,3,5,0.05,4,1.000e-06,104,-0.751140,0.849121,-0.013450,-0.011078
logistic,param,3,5,0.05,4,1.000e-06,105,-0.754252,0.851440,0.016355,-0.008021
logistic,param,3,5,0.05,4,1.000e-06,106,-0.757528,0.844360,-0.005386,0.001013
logistic,param,3,5,0.05,4,1.000e-06,107,-0.749831,0.852722,-0.004030,-0.002245
logistic,param,3,5,0.05,4,1.000e-06,108,-0.759532,0.845459,-0.000891,-0.001082
logistic,param,3,5,0.05,4,1.000e-06,109,-0.754834,0.844727,-0.010093,0.003451
logistic,param,3,5,0.05,4,1.000e-06,110,-0.754235,0.847961,-0.000533,-0.001534
logistic,param,3,5,0.05,4,1.000e-06,111,-0.754043,0.846497,-0.007541,-0.007393
logistic,param,3,5,0.05,4,1.000e-06,112,-0.759288,0.847900,0.002103,0.000054
logistic,param,3,5,0.05,4,1.000e-06,113,-0.760502,0.843811,0.003513,-0.004205
logistic,param,3,5,0.05,4,1.000e-06,114,-0.761097,0.846436,0.000266,-0.005033
logistic,param,3,5,0.05,4,1.000e-06,115,-0.764712,0.841980,0.011052,0.015063
logistic,param,3,5,0.05,4,1.000e-06,116,-0.742944,0.853638,-0.003281,-0.014641
logistic,param,3,5,0.05,4,1.000e-06,117,-0.749332,0.852844,-0.003215,-0.012330
logistic,param,3,5,0.05,4,1.000e-06,118,-0.757448,0.848572,-0.005129,0.001332
logistic,param,3,5,0.05,4,1.000e-06,119,-0.756525,0.846680,-0.014008,-0.007716
logistic,param,3,5,0.05,4,1.000e-06,120,-0.759475,0.846619,-0.008947,0.012628
logistic,param,3,5,0.05,4,1.000e-06,121,-0.761027,0.848450,0.013876,0.004396
logistic,param,3,5,0.05,4,1.000e-06,122,-0.745423,0.850952,-0.016168,-0.002896
logistic,param,3,5,0.05,4,1.000e-06,123,-0.750285,0.852478,0.002020,-0.014168
logistic,param,3,5,0.05,4,1.000e-06,124,-0.763769,0.841797,-0.002618,0.002398
logistic,param,3,5,0.05,4,1.000e-06,125,-0.764326,0.844299,0.002445,0.009481
logistic,param,3,5,0.05,4,1.000e-06,126,-0.769845,0.844421,0.012420,0.013023
logistic,param,3,5,0.05,4,1.000e-06,127,-0.764660,0.841736,-0.010478,-0.000781
logistic,param,3,5,0.05,4,1.000e-06,128,-0.761830,0.843445,-0.001000,-0.001113
logistic,param,3,5,0.05,4,1.000e-06,129,-0.768211,0.843323,0.004533,0.011943
logistic,param,3,5,0.05,4,1.000e-06,130,-0.770781,0.841858,0.004958,0.025595
logistic,param,3,5,0.05,4,1.000e-06,131,-0.763837,0.844666,0.000916,0.001170
logistic,param,3,5,0.05,4,1.000e-06,132,-0.760350,0.849426,-0.008821,-0.000383
logistic,param,3,5,0.05,4,1.000e-06,133,-0.757451,0.847046,-0.005576,0.011619
logistic,param,3,5,0.05,4,1.000e-06,134,-0.757581,0.849060,-0.009035,0.007949
logistic,param,3,5,0.05,4,1.000e-06,135,-0.763192,0.843018,-0.003605,0.001980
logistic,param,3,5,0.05,4,1.000e-06,136,-0.754881,0.844299,-0.009047,-0.000411
logistic,param,3,5,0.05,4,1.000e-06,137,-0.755000,0.846497,0.000742,-0.003435
logistic,param,3,5,0.05,4,1.000e-06,138,-0.755354,0.848206,-0.004631,-0.005947
logistic,param,3,5,0.05,4,1.000e-06,139,-0.762802,0.848083,0.003583,0.009639
logistic,param,3,5,0.05,4,1.000e-06,140,-0.759864,0.846008,-0.005571,0.001248
logistic,param,3,5,0.05,4,1.000e-06,141,-0.752013,0.848145,-0.011762,-0.001029
logistic,param,3,5,0.05,4,1.000e-06,142,-0.761473,0.840149,-0.001731,0.000205
logistic,param,3,5,0.05,4,1.000e-06,143,-0.760643,0.846680,0.009696,-0.002122
logistic,param,3,5,0.05,4,1.000e-06,144,-0.765753,0.843323,0.008154,0.008496
logistic,param,3,5,0.05,4,1.000e-06,145,-0.761453,0.846069,0.005944,-0.008737
logistic,param,3,5,0.05,4,1.000e-06,146,-0.758538,0.846558,0.003154,0.000040
logistic,param,3,5,0.05,4,1.000e-06,147,-0.747709,0.849915,-0.005319,-0.014913
logistic,param,3,5,0.05,4,1.000e-06,148,-0.764011,0.844360,-0.004370,0.005802
logistic,param,3,5,0.05,4,1.000e-06,149,-0.757855,0.847595,-0.010361,0.005254
logistic,param,3,5,0.05,4,1.000e-06,150,-0.750031,0.847656,-0.019346,-0.005965
logistic,param,3,5,0.05,4,1.000e-06,151,-0.751528,0.849792,-0.017562,0.002042
logistic,param,3,5,0.05,4,1.000e-06,152,-0.767369,0.842651,-0.003159,0.012275
logistic,param,3,5,0.05,4,1.000e-06,153,-0.764809,0.845093,0.010527,-0.008445
logistic,param,3,5,0.05,4,1.000e-06,154,-0.759932,0.844482,0.005479,0.002550
logistic,param,3,5,0.05,4,1.000e-06,155,-0.755017,0.844727,-0.006209,-0.008526
logistic,param,3,5,0.05,4,1.000e-06,156,-0.759785,0.845947,0.000553,-0.007892
logistic,param,3,5,0.05,4,1.000e-06,157,-0.749647,0.851440,-0.007222,-0.001880
logistic,param,3,5,0.05,4,1.000e-06,158,-0.754877,0.846497,0.002540,-0.009930
logistic,param,3,5,0.05,4,1.000e-06,159,-0.762214,0.840515,-0.005215,0.002874
logistic,param,3,5,0.05,4,1.000e-06,160,-0.761118,0.843933,0.012556,-0.001926
logistic,param,3,5,0.05,4,1.000e-06,161,-0.759509,0.849060,0.007636,0.003027
logistic,param,3,5,0.05,4,1.000e-06,162,-0.751586,0.849548,0.000826,-0.012653
logistic,param,3,5,0.05,4,1.000e-06,163,-0.762999,0.846008,0.020279,-0.014739
logistic,param,3,5,0.05,4,1.000e-06,164,-0.762485,0.843201,-0.001558,-0.007150
logistic,param,3,5,0.05,4,1.000e-06,165,-0.758685,0.841187,-0.000861,-0.009698
logistic,param,3,5,0.05,4,1.000e-06,166,-0.758193,0.846436,-0.009563,0.021390
logistic,param,3,5,0.05,4,1.000e-06,167,-0.751149,0.848633,-0.010885,-0.011931
logistic,param,3,5,0.05,4,1.000e-06,168,-0.751133,0.846130,-0.006779,-0.008706
logistic,param,3,5,0.05,4,1.000e-06,169,-0.755490,0.850769,0.005496,-0.012142
logistic,param,3,5,0.05,4,1.000e-06,170,-0.749019,0.850098,-0.008426,-0.014409
logistic,param,3,5,0.05,4,1.000e-06,171,-0.753750,0.848816,-0.003965,-0.009253
logistic,param,3,5,0.05,4,1.000e-06,172,-0.764805,0.844177,0.000777,0.002744
logistic,param,3,5,0.05,4,1.000e-06,173,-0.763413,0.845032,-0.005473,0.003330
logistic,param,3,5,0.05,4,1.000e-06,174,-0.755207,0.847595,-0.006369,-0.000543
logistic,param,3,5,0.05,4,1.000e-06,175,-0.759437,0.844604,0.000562,-0.009436
logistic,param,3,5,0.05,4,1.000e-06,176,-0.767950,0.840759,0.005497,-0.007714
logistic,param,3,5,0.05,4,1.000e-06,177,-0.771622,0.842468,0.010622,0.001532
logistic,param,3,5,0.05,4,1.000e-06,178,-0.764480,0.844299,0.005017,0.005070
logistic,param,3,5,0.05,4,1.000e-06,179,-0.760452,0.847168,-0.006791,0.013796
logistic,param,3,5,0.05,4,1.000e-06,180,-0.767116,0.842896,0.014739,0.004467
logistic,param,3,5,0.05,4,1.000e-06,181,-0.760355,0.847046,0.010074,-0.008608
logistic,param,3,5,0.05,4,1.000e-06,182,-0.756050,0.849060,0.003240,0.004781
logistic,param,3,5,0.05,4,1.000e-06,183,-0.753467,0.850586,-0.005383,-0.006588
logistic,param,3,5,0.05,4,1.000e-06,184,-0.764652,0.841248,0.007849,0.010204
logistic,param,3,5,0.05,4,1.000e-06,185,-0.755383,0.844238,-0.001306,-0.006147
logistic,param,3,5,0.05,4,1.000e-06,186,-0.765359,0.846375,0.019467,-0.003466
logistic,param,3,5,0.05,4,1.000e-06,187,-0.763978,0.841919,0.003362,0.002713
logistic,param,3,5,0.05,4,1.000e-06,188,-0.762571,0.843933,0.007601,-0.005095
logistic,param,3,5,0.05,4,1.000e-06,189,-0.773860,0.842163,0.006332,0.016488
logistic,param,3,5,0.05,4,1.000e-06,190,-0.760148,0.847961,-0.013615,0.010540
logistic,param,3,5,0.05,4,1.000e-06,191,-0.755292,0.848816,-0.010224,-0.006593
logistic,param,3,5,0.05,4,1.000e-06,192,-0.759220,0.842285,0.006272,-0.013219
logistic,param,3,5,0.05,4,1.000e-06,193,-0.760340,0.841675,-0.003498,0.004201
logistic,param,3,5,0.05,4,1.000e-06,194,-0.762196,0.843628,0.000383,0.005211
logistic,param,3,5,0.05,4,1.000e-06,195,-0.768376,0.844421,0.012875,0.005791
logistic,param,3,5,0.05,4,1.000e-06,196,-0.754088,0.849609,-0.011663,-0.004493
logistic,param,3,5,0.05,4,1.000e-06,197,-0.753481,0.846497,-0.007967,-0.019940
logistic,param,3,5,0.05,4,1.000e-06,198,-0.765318,0.844604,0.005969,0.003096
logistic,param,3,5,0.05,4,1.000e-06,199,-0.757090,0.846558,0.001920,-0.005783
logistic,param,3,5,0.05,4,1.000e-06,200,-0.755800,0.848572,0.003912,-0.001793
logistic,param,3,5,0.05,4,1.000e-06,201,-0.758271,0.848083,0.007563,-0.001759
logistic,param,3,5,0.05,4,1.000e-06,202,-0.752409,0.847107,-0.012623,-0.006989
logistic,param,3,5,0.05,4,1.000e-06,203,-0.758669,0.843872,-0.002144,-0.003970
logistic,param,3,5,0.05,4,1.000e-06,204,-0.767344,0.840332,0.009380,0.011520
logistic,param,3,5,0.05,4,1.000e-06,205,-0.767602,0.844055,0.012940,0.013718
logistic,param,3,5,0.05,4,1.000e-06,206,-0.765038,0.843933,0.003134,-0.000685
logistic,param,3,5,0.05,4,1.000e-06,207,-0.765568,0.841248,0.005670,0.005652
logistic,param,3,5,0.05,4,1.000e-06,208,-0.766805,0.845886,0.008910,0.007144
logistic,param,3,5,0.05,4,1.000e-06,209,-0.769228,0.840698,0.013203,-0.000760
logistic,param,3,5,0.05,4,1.000e-06,210,-0.773419,0.838684,0.004014,0.013588
logistic,param,3,5,0.05,4,1.000e-06,211,-0.763826,0.845642,0.009888,0.001922
logistic,param,3,5,0.05,4,1.000e-06,212,-0.762841,0.843933,0.006136,0.003807
logistic,param,3,5,0.05,4,1.000e-06,213,-0.766895,0.845154,0.002473,0.012542
logistic,param,3,5,0.05,4,1.000e-06,214,-0.763400,0.845032,0.008294,0.006482
logistic,param,3,5,0.05,4,1.000e-06,215,-0.752451,0.844055,-0.010363,-0.007321
logistic,param,3,5,0.05,4,1.000e-06,216,-0.757762,0.848450,0.000369,0.006745
logistic,param,3,5,0.05,4,1.000e-06,217,-0.759287,0.847534,0.009714,-0.007057
logistic,param,3,5,0.05,4,1.000e-06,218,-0.754119,0.845337,-0.009574,-0.008494
logistic,param,3,5,0.05,4,1.000e-06,219,-0.758569,0.844238,-0.004791,-0.004674
logistic,param,3,5,0.05,4,1.000e-06,220,-0.765458,0.844543,0.010178,0.000946
logistic,param,3,5,0.05,4,1.000e-06,221,-0.767297,0.844543,0.000945,0.003453
logistic,param,3,5,0.05,4,1.000e-06,222,-0.769091,0.840698,0.001751,0.009883
logistic,param,3,5,0.05,4,1.000e-06,223,-0.762612,0.841614,-0.004046,0.014050
logistic,param,3,5,0.05,4,1.000e-06,224,-0.758247,0.848816,-0.010332,0.008484
logistic,param,3,5,0.05,4,1.000e-06,225,-0.758754,0.847107,-0.006453,0.012453
logistic,param,3,5,0.05,4,1.000e-06,226,-0.752021,0.850220,-0.012634,-0.006536
logistic,param,3,5,0.05,4,1.000e-06,227,-0.759729,0.846497,-0.004574,-0.007954
logistic,param,3,5,0.05,4,1.000e-06,228,-0.769326,0.838501,-0.000402,0.008809
logistic,param,3,5,0.05,4,1.000e-06,229,-0.763047,0.845886,0.001379,0.006715
logistic,param,3,5,0.05,4,1.000e-06,230,-0.771365,0.839722,0.025883,0.003380
logistic,param,3,5,0.05,4,1.000e-06,231,-0.762988,0.844604,0.009374,0.001684
logistic,param,3,5,0.05,4,1.000e-06,232,-0.757987,0.845886,-0.000404,0.004223
logistic,param,3,5,0.05,4,1.000e-06,233,-0.755220,0.846191,-0.001851,-0.001814
logistic,param,3,5,0.05,4,1.000e-06,234,-0.755965,0.846924,0.002022,0.001572
logistic,param,3,5,0.05,4,1.000e-06,235,-0.752075,0.848145,-0.003459,-0.011523
logistic,param,3,5,0.05,4,1.000e-06,236,-0.755855,0.846313,-0.005731,0.000114
logistic,param,3,5,0.05,4,1.000e-06,237,-0.757930,0.847961,0.008192,0.002621
logistic,param,3,5,0.05,4,1.000e-06,238,-0.762098,0.844849,0.010941,-0.001260
logistic,param,3,5,0.05,4,1.000e-06,239,-0.761297,0.850098,0.000707,0.005435
logistic,param,3,5,0.05,4,1.000e-06,240,-0.759524,0.844788,0.002351,0.001499
logistic,param,3,5,0.05,4,1.000e-06,241,-0.755043,0.847107,-0.001500,-0.002392
logistic,param,3,5,0.05,4,1.000e-06,242,-0.758434,0.844971,-0.005234,0.002700
logistic,param,3,5,0.05,4,1.000e-06,243,-0.758450,0.845459,-0.012672,0.007241
logistic,param,3,5,0.05,4,1.000e-06,244,-0.766410,0.843140,0.012247,0.006253
logistic,param,3,5,0.05,4,1.000e-06,245,-0.756584,0.845276,-0.005899,0.005079
logistic,param,3,5,0.05,4,1.000e-06,246,-0.763180,0.843750,-0.003125,0.001930
logistic,param,3,5,0.05,4,1.000e-06,247,-0.770148,0.839478,0.014899,0.002814
logistic,param,3,5,0.05,4,1.000e-06,248,-0.755361,0.849670,-0.000186,0.003425
logistic,param,3,5,0.05,4,1.000e-06,249,-0.759531,0.847778,0.000216,-0.005132
logistic,param,3,5,0.05,4,1.000e-06,250,-0.761636,0.843750,0.011949,-0.003441
logistic,param,3,5,0.05,4,1.000e-06,251,-0.760107,0.844971,-0.001104,0.005092
logistic,param,3,5,0.05,4,1.000e-06,252,-0.757480,0.845215,0.005114,0.006370
logistic,param,3,5,0.05,4,1.000e-06,253,-0.759077,0.845642,-0.001775,-0.008410
logistic,param,3,5,0.05,4,1.000e-06,254,-0.768493,0.841187,0.000788,0.008574
logistic,param,3,5,0.05,4,1.000e-06,255,-0.759430,0.847290,0.002567,-0.000239
logistic,param,3,5,0.05,4,1.000e-06,256,-0.769655,0.842041,0.004406,0.011221
logistic,param,3,5,0.05,4,1.000e-06,257,-0.757211,0.850464,0.000876,-0.009141
logistic,param,3,5,0.05,4,1.000e-06,258,-0.763496,0.844116,0.000251,0.002188
logistic,param,3,5,0.05,4,1.000e-06,259,-0.758026,0.844177,-0.004650,-0.005897
logistic,param,3,5,0.05,4,1.000e-06,260,-0.762089,0.846619,-0.005130,0.012085
logistic,param,3,5,0.05,4,1.000e-06,261,-0.764046,0.843140,0.002314,0.007047
logistic,param,3,5,0.05,4,1.000e-06,262,-0.755321,0.847351,-0.006701,0.000839
logistic,param,3,5,0.05,4,1.000e-06,263,-0.757151,0.845337,-0.008304,0.008990
logistic,param,3,5,0.05,4,1.000e-06,264,-0.754344,0.851379,-0.013252,-0.007859
logistic,param,3,5,0.05,4,1.000e-06,265,-0.763437,0.843811,-0.011119,0.014476
logistic,param,3,5,0.05,4,1.000e-06,266,-0.758648,0.846558,-0.002555,-0.010138
logistic,param,3,5,0.05,4,1.000e-06,267,-0.763924,0.842957,0.015208,-0.004261
logistic,param,3,5,0.05,4,1.000e-06,268,-0.759764,0.846680,0.009188,0.001069
logistic,param,3,5,0.05,4,1.000e-06,269,-0.754414,0.848022,-0.000294,-0.003585
logistic,param,3,5,0.05,4,1.000e-06,270,-0.758862,0.847778,-0.004043,0.003020
logistic,param,3,5,0.05,4,1.000e-06,271,-0.758003,0.846497,-0.002991,0.002042
logistic,param,3,5,0.05,4,1.000e-06,272,-0.754877,0.848022,-0.006729,-0.000394
logistic,param,3,5,0.05,4,1.000e-06,273,-0.760640,0.843811,0.005714,0.001244
logistic,param,3,5,0.05,4,1.000e-06,274,-0.753752,0.847046,-0.005027,-0.003015
logistic,param,3,5,0.05,4,1.000e-06,275,-0.753269,0.847961,0.000696,-0.002585
logistic,param,3,5,0.05,4,1.000e-06,276,-0.753838,0.845459,0.004235,-0.006731
logistic,param,3,5,0.05,4,1.000e-06,277,-0.755698,0.847168,-0.010066,-0.008115
logistic,param,3,5,0.05,4,1.000e-06,278,-0.770005,0.843018,0.010796,0.009837
logistic,param,3,5,0.05,4,1.000e-06,279,-0.762161,0.845032,0.002519,-0.001289
logistic,param,3,5,0.05,4,1.000e-06,280,-0.768618,0.841675,0.002811,-0.000767
logistic,param,3,5,0.05,4,1.000e-06,281,-0.767702,0.838989,0.009351,-0.003072
logistic,param,3,5,0.05,4,1.000e-06,282,-0.765543,0.842102,0.000077,0.010671
logistic,param,3,5,0.05,4,1.000e-06,283,-0.769699,0.841858,0.010438,0.010424
logistic,param,3,5,0.05,4,1.000e-06,284,-0.759152,0.846924,0.013564,-0.016948
logistic,param,3,5,0.05,4,1.000e-06,285,-0.757501,0.845825,0.010923,-0.000660
logistic,param,3,5,0.05,4,1.000e-06,286,-0.746894,0.851990,-0.015766,-0.007890
logistic,param,3,5,0.05,4,1.000e-06,287,-0.752040,0.849609,-0.022071,0.002540
logistic,param,3,5,0.05,4,1.000e-06,288,-0.752256,0.845032,-0.011274,-0.008195
logistic,param,3,5,0.05,4,1.000e-06,289,-0.757004,0.848999,-0.010079,-0.003655
logistic,param,3,5,0.05,4,1.000e-06,290,-0.770175,0.839905,0.022170,0.003342
logistic,param,3,5,0.05,4,1.000e-06,291,-0.760699,0.845093,-0.008410,0.002560
logistic,param,3,5,0.05,4,1.000e-06,292,-0.759436,0.846680,0.008023,0.000021
logistic,param,3,5,0.05,4,1.000e-06,293,-0.763636,0.844421,0.010956,0.004325
logistic,param,3,5,0.05,4,1.000e-06,294,-0.759447,0.843384,-0.003302,0.007342
logistic,param,3,5,0.05,4,1.000e-06,295,-0.757721,0.845520,0.002697,-0.008220
logistic,param,3,5,0.05,4,1.000e-06,296,-0.752985,0.846313,-0.001778,-0.007017
logistic,param,3,5,0.05,4,1.000e-06,297,-0.763441,0.845398,0.002590,0.000958
logistic,param,3,5,0.05,4,1.000e-06,298,-0.769844,0.842468,0.010590,0.010727
logistic,param,3,5,0.05,4,1.000e-06,299,-0.767999,0.842102,-0.001262,0.012634
logistic,param,3,5,0.05,4,1.000e-06,300,-0.761233,0.848938,-0.000280,0.004152
logistic,param,3,5,0.05,4,1.000e-06,301,-0.763045,0.844238,-0.007209,0.002379
logistic,param,3,5,0.05,4,1.000e-06,302,-0.761542,0.842285,-0.006109,-0.004797
logistic,param,3,5,0.05,4,1.000e-06,303,-0.757497,0.846375,-0.000210,0.009360
logistic,param,3,5,0.05,4,1.000e-06,304,-0.757401,0.844849,0.010015,0.001853
logistic,param,3,5,0.05,4,1.000e-06,305,-0.761015,0.845520,0.002141,0.000070
logistic,param,3,5,0.05,4,1.000e-06,306,-0.754862,0.846130,-0.010862,-0.007052
logistic,param,3,5,0.05,4,1.000e-06,307,-0.753135,0.846924,-0.002544,-0.012175
logistic,param,3,5,0.05,4,1.000e-06,308,-0.756069,0.845276,-0.013661,-0.005719
logistic,param,3,5,0.05,4,1.000e-06,309,-0.764780,0.843323,0.008946,0.004448
logistic,param,3,5,0.05,4,1.000e-06,310,-0.762670,0.844788,0.002862,0.006748
logistic,param,3,5,0.05,4,1.000e-06,311,-0.759313,0.847839,0.003884,-0.004552
logistic,param,3,5,0.05,4,1.000e-06,312,-0.757959,0.847595,-0.000218,-0.007500
logistic,param,3,5,0.05,4,1.000e-06,313,-0.765516,0.840881,0.001504,0.010051
logistic,param,3,5,0.05,4,1.000e-06,314,-0.761602,0.846497,0.003146,0.002784
logistic,param,3,5,0.05,4,1.000e-06,315,-0.763832,0.846069,0.008459,0.011910
logistic,param,3,5,0.05,4,1.000e-06,316,-0.750963,0.848633,-0.002842,-0.013179
logistic,param,3,5,0.05,4,1.000e-06,317,-0.755918,0.849121,-0.013351,0.005154
logistic,param,3,5,0.05,4,1.000e-06,318,-0.752385,0.848877,-0.007676,0.002944
logistic,param,3,5,0.05,4,1.000e-06,319,-0.757972,0.843445,-0.011961,0.009542
logistic,param,3,5,0.05,4,1.000e-06,320,-0.755078,0.847656,-0.009427,-0.014043
logistic,param,3,5,0.05,4,1.000e-06,321,-0.760376,0.845459,0.002359,0.001524
logistic,param,3,5,0.05,4,1.000e-06,322,-0.754897,0.849243,-0.007578,-0.007657
logistic,param,3,5,0.05,4,1.000e-06,323,-0.758955,0.845032,-0.006305,0.004820
logistic,param,3,5,0.05,4,1.000e-06,324,-0.757770,0.849243,-0.001074,-0.002021
logistic,param,3,5,0.05,4,1.000e-06,325,-0.767495,0.841980,0.022487,-0.007644
logistic,param,3,5,0.05,4,1.000e-06,326,-0.761248,0.845154,0.001944,-0.001839
logistic,param,3,5,0.05,4,1.000e-06,327,-0.756675,0.846680,-0.003464,-0.003997
logistic,param,3,5,0.05,4,1.000e-06,328,-0.760487,0.846313,-0.003993,0.002139
logistic,param,3,5,0.05,4,1.000e-06,329,-0.762073,0.844910,0.001281,-0.002336
logistic,param,3,5,0.05,4,1.000e-06,330,-0.760181,0.842102,-0.002677,-0.000202
logistic,param,3,5,0.05,4,1.000e-06,331,-0.770393,0.837891,0.012093,0.004557
logistic,param,3,5,0.05,4,1.000e-06,332,-0.760751,0.842957,-0.002702,-0.004064
logistic,param,3,5,0.05,4,1.000e-06,333,-0.759279,0.845642,-0.002029,-0.000984
logistic,param,3,5,0.05,4,1.000e-06,334,-0.760742,0.845581,0.006476,-0.007861
logistic,param,3,5,0.05,4,1.000e-06,335,-0.760045,0.842773,0.009104,-0.002773
logistic,param,3,5,0.05,4,1.000e-06,336,-0.746754,0.853210,-0.003545,-0.011411
logistic,param,3,5,0.05,4,1.000e-06,337,-0.754167,0.847778,-0.006019,-0.004920
logistic,param,3,5,0.05,4,1.000e-06,338,-0.757236,0.846375,-0.008365,0.000415
logistic,param,3,5,0.05,4,1.000e-06,339,-0.759717,0.842957,-0.011659,0.005477
logistic,param,3,5,0.05,4,1.000e-06,340,-0.761727,0.843994,0.008367,0.000346
logistic,param,3,5,0.05,4,1.000e-06,341,-0.765891,0.843750,-0.001271,0.008245
logistic,param,3,5,0.05,4,1.000e-06,342,-0.757632,0.847961,0.006968,0.002283
logistic,param,3,5,0.05,4,1.000e-06,343,-0.755198,0.852234,-0.007213,-0.005995
logistic,param,3,5,0.05,4,1.000e-06,344,-0.755923,0.848694,0.002536,-0.006417
logistic,param,3,5,0.05,4,1.000e-06,345,-0.756418,0.846436,-0.004368,-0.008566
logistic,param,3,5,0.05,4,1.000e-06,346,-0.761432,0.843384,0.007478,0.004769
logistic,param,3,5,0.05,4,1.000e-06,347,-0.750514,0.847961,-0.009332,-0.009950
logistic,param,3,5,0.05,4,1.000e-06,348,-0.762057,0.847534,0.009195,0.006405
logistic,param,3,5,0.05,4,1.000e-06,349,-0.758406,0.849487,-0.002172,0.012785
logistic,param,3,5,0.05,4,1.000e-06,350,-0.748074,0.851318,-0.007953,-0.003658
logistic,param,3,5,0.05,4,1.000e-06,351,-0.747762,0.851746,-0.017529,-0.011032
logistic,param,3,5,0.05,4,1.000e-06,352,-0.757241,0.842651,-0.018990,-0.009197
logistic,param,3,5,0.05,4,1.000e-06,353,-0.766536,0.841248,-0.000768,0.002764
logistic,param,3,5,0.05,4,1.000e-06,354,-0.765640,0.845520,0.015223,0.007500
logistic,param,3,5,0.05,4,1.000e-06,355,-0.751129,0.849487,-0.001722,-0.011496
logistic,param,3,5,0.05,4,1.000e-06,356,-0.753018,0.847595,-0.000704,-0.000868
logistic,param,3,5,0.05,4,1.000e-06,357,-0.758573,0.846680,-0.007393,0.000542
logistic,param,3,5,0.05,4,1.000e-06,358,-0.755022,0.853638,0.000348,0.000252
logistic,param,3,5,0.05,4,1.000e-06,359,-0.749347,0.851318,0.004583,-0.013837
logistic,param,3,5,0.05,4,1.000e-06,360,-0.748751,0.851990,-0.010304,-0.006111
logistic,param,3,5,0.05,4,1.000e-06,361,-0.757799,0.847656,0.006307,-0.002397
logistic,param,3,5,0.05,4,1.000e-06,362,-0.756276,0.844238,-0.013729,0.001583
logistic,param,3,5,0.05,4,1.000e-06,363,-0.762063,0.843811,0.008015,0.003123
logistic,param,3,5,0.05,4,1.000e-06,364,-0.756506,0.848083,-0.000567,-0.013102
logistic,param,3,5,0.05,4,1.000e-06,365,-0.769754,0.839966,0.016072,0.004063
logistic,param,3,5,0.05,4,1.000e-06,366,-0.764118,0.847351,0.010118,0.003659
logistic,param,3,5,0.05,4,1.000e-06,367,-0.757235,0.846985,-0.003631,0.000480
logistic,param,3,5,0.05,4,1.000e-06,368,-0.754662,0.847656,-0.003449,-0.000497
logistic,param,3,5,0.05,4,1.000e-06,369,-0.761581,0.842590,0.003936,0.004379
logistic,param,3,5,0.05,4,1.000e-06,370,-0.759252,0.843140,-0.002121,0.003552
logistic,param,3,5,0.05,4,1.000e-06,371,-0.759035,0.847412,0.003405,0.007179
logistic,param,3,5,0.05,4,1.000e-06,372,-0.758754,0.848022,-0.001244,0.011677
logistic,param,3,5,0.05,4,1.000e-06,373,-0.754274,0.848206,-0.004560,-0.005133
logistic,param,3,5,0.05,4,1.000e-06,374,-0.762173,0.841797,0.016227,-0.000721
logistic,param,3,5,0.05,4,1.000e-06,375,-0.754384,0.848511,0.000019,0.000613
logistic,param,3,5,0.05,4,1.000e-06,376,-0.753646,0.847107,0.003994,-0.004759
logistic,param,3,5,0.05,4,1.000e-06,377,-0.747526,0.849182,-0.016051,-0.018367
logistic,param,3,5,0.05,4,1.000e-06,378,-0.760661,0.842224,-0.000825,0.000899
logistic,param,3,5,0.05,4,1.000e-06,379,-0.758696,0.846619,-0.000337,0.002960
logistic,param,3,5,0.05,4,1.000e-06,380,-0.765949,0.840881,-0.002846,-0.002408
logistic,param,3,5,0.05,4,1.000e-06,381,-0.753109,0.846191,-0.013637,0.001831
logistic,param,3,5,0.05,4,1.000e-06,382,-0.756609,0.848572,0.005914,0.002821
logistic,param,3,5,0.05,4,1.000e-06,383,-0.755680,0.845581,-0.012162,0.003308
logistic,param,3,5,0.05,4,1.000e-06,384,-0.758344,0.848694,-0.004433,0.000493
logistic,param,3,5,0.05,4,1.000e-06,385,-0.765927,0.844604,0.015019,0.002946
logistic,param,3,5,0.05,4,1.000e-06,386,-0.759064,0.845764,-0.013131,-0.004415
logistic,param,3,5,0.05,4,1.000e-06,387,-0.762867,0.844482,0.004140,0.002131
logistic,param,3,5,0.05,4,1.000e-06,388,-0.768371,0.842163,0.014998,0.001785
logistic,param,3,5,0.05,4,1.000e-06,389,-0.751257,0.846619,-0.010020,-0.022405
logistic,param,3,5,0.05,4,1.000e-06,390,-0.754039,0.846008,0.000387,-0.005814
logistic,param,3,5,0.05,4,1.000e-06,391,-0.757578,0.846313,-0.002405,-0.001707
logistic,param,3,5,0.05,4,1.000e-06,392,-0.752330,0.846863,-0.009037,-0.001624
logistic,param,3,5,0.05,4,1.000e-06,393,-0.754836,0.850342,-0.004855,-0.000170
logistic,param,3,5,0.05,4,1.000e-06,394,-0.758670,0.843384,-0.007169,0.002997
logistic,param,3,5,0.05,4,1.000e-06,395,-0.759057,0.847412,-0.001530,0.000050
logistic,param,3,5,0.05,4,1.000e-06,396,-0.766948,0.843140,-0.007791,0.012987
logistic,param,3,5,0.05,4,1.000e-06,397,-0.761439,0.844299,0.000051,0.011388
logistic,param,3,5,0.05,4,1.000e-06,398,-0.753605,0.847717,0.000193,-0.004318
logistic,param,3,5,0.05,4,1.000e-06,399,-0.762996,0.844482,-0.002497,0.009283
logistic,param,3,5,0.05,4,1.000e-06,400,-0.755056,0.851929,-0.012689,0.010278
logistic,param,3,5,0.05,4,1.000e-04,1,-10.754557,0.000000,1.000000,1.000000
logistic,param,3,5,0.05,4,1.000e-04,2,-9.902843,0.000122,0.999674,0.999670
logistic,param,3,5,0.05,4,1.000e-04,3,-9.216435,0.000000,0.999997,0.999999
logistic,param,3,5,0.05,4,1.000e-04,4,-8.589522,0.000305,0.998701,0.999657
logistic,param,3,5,0.05,4,1.000e-04,5,-7.986296,0.000427,0.999305,0.998932
logistic,param,3,5,0.05,4,1.000e-04,6,-7.408153,0.000732,0.998314,0.998601
logistic,param,3,5,0.05,4,1.000e-04,7,-6.848540,0.001404,0.997447,0.996726
logistic,param,3,5,0.05,4,1.000e-04,8,-6.279716,0.002258,0.995479,0.994195
logistic,param,3,5,0.05,4,1.000e-04,9,-5.712098,0.003784,0.991998,0.992272
logistic,param,3,5,0.05,4,1.000e-04,10,-5.139216,0.007812,0.984850,0.981662
logistic,param,3,5,0.05,4,1.000e-04,11,-4.557383,0.013000,0.971870,0.970323
logistic,param,3,5,0.05,4,1.000e-04,12,-3.985143,0.020203,0.962015,0.951575
logistic,param,3,5,0.05,4,1.000e-04,13,-3.393544,0.045898,0.922236,0.907878
logistic,param,3,5,0.05,4,1.000e-04,14,-2.832892,0.106201,0.872616,0.843006
logistic,param,3,5,0.05,4,1.000e-04,15,-2.280151,0.229004,0.776766,0.738160
logistic,param,3,5,0.05,4,1.000e-04,16,-1.809049,0.391541,0.639805,0.593649
logistic,param,3,5,0.05,4,1.000e-04,17,-1.422721,0.554138,0.467853,0.431451
logistic,param,3,5,0.05,4,1.000e-04,18,-1.143681,0.679749,0.312698,0.275726
logistic,param,3,5,0.05,4,1.000e-04,19,-0.968878,0.756653,0.187408,0.148446
logistic,param,3,5,0.05,4,1.000e-04,20,-0.861540,0.800537,0.086941,0.083382
logistic,param,3,5,0.05,4,1.000e-04,21,-0.810336,0.822083,0.061191,0.038611
logistic,param,3,5,0.05,4,1.000e-04,22,-0.782916,0.835388,0.026050,0.014634
logistic,param,3,5,0.05,4,1.000e-04,23,-0.771410,0.842346,0.010026,0.009556
logistic,param,3,5,0.05,4,1.000e-04,24,-0.771165,0.838867,0.006087,0.006139
logistic,param,3,5,0.05,4,1.000e-04,25,-0.761073,0.844543,-0.004196,0.016530
logistic,param,3,5,0.05,4,1.000e-04,26,-0.757883,0.846069,-0.009922,0.006169
logistic,param,3,5,0.05,4,1.000e-04,27,-0.762255,0.844238,0.006930,0.004936
logistic,param,3,5,0.05,4,1.000e-04,28,-0.759040,0.847168,0.004260,-0.009575
logistic,param,3,5,0.05,4,1.000e-04,29,-0.755356,0.849609,-0.013153,0.007987
logistic,param,3,5,0.05,4,1.000e-04,30,-0.760092,0.842590,-0.003358,0.003269
logistic,param,3,5,0.05,4,1.000e-04,31,-0.760950,0.844299,0.007978,0.007541
logistic,param,3,5,0.05,4,1.000e-04,32,-0.755373,0.847839,-0.000787,-0.007095
logistic,param,3,5,0.05,4,1.000e-04,33,-0.763699,0.846191,0.002651,-0.000172
logistic,param,3,5,0.05,4,1.000e-04,34,-0.766269,0.846008,0.022730,0.000769
logistic,param,3,5,0.05,4,1.000e-04,35,-0.752730,0.844177,-0.002019,0.001417
logistic,param,3,5,0.05,4,1.000e-04,36,-0.748718,0.853333,-0.014474,0.002844
logistic,param,3,5,0.05,4,1.000e-04,37,-0.750173,0.851868,-0.011440,-0.002767
logistic,param,3,5,0.05,4,1.000e-04,38,-0.756942,0.842957,-0.009168,0.006954
logistic,param,3,5,0.05,4,1.000e-04,39,-0.762364,0.845459,0.000417,0.006191
logistic,param,3,5,0.05,4,1.000e-04,40,-0.758590,0.845825,-0.011138,0.000108
logistic,param,3,5,0.05,4,1.000e-04,41,-0.753370,0.850159,-0.002565,-0.001822
logistic,param,3,5,0.05,4,1.000e-04,42,-0.757202,0.846436,-0.006006,0.003444
logistic,param,3,5,0.05,4,1.000e-04,43,-0.761413,0.846375,0.006271,0.004198
logistic,param,3,5,0.05,4,1.000e-04,44,-0.758339,0.844666,-0.001408,-0.000831
logistic,param,3,5,0.05,4,1.000e-04,45,-0.759309,0.845032,-0.008054,-0.000217
logistic,param,3,5,0.05,4,1.000e-04,46,-0.762278,0.844910,0.005889,0.008696
logistic,param,3,5,0.05,4,1.000e-04,47,-0.764723,0.840637,0.001482,0.002746
logistic,param,3,5,0.05,4,1.000e-04,48,-0.756084,0.848572,-0.000467,-0.001601
logistic,param,3,5,0.05,4,1.000e-04,49,-0.758215,0.849487,-0.000622,0.008274
logistic,param,3,5,0.05,4,1.000e-04,50,-0.750453,0.850037,-0.017509,-0.004774
logistic,param,3,5,0.05,4,1.000e-04,51,-0.751306,0.851624,-0.005764,-0.008530
logistic,param,3,5,0.05,4,1.000e-04,52,-0.752639,0.847839,-0.009561,-0.009444
logistic,param,3,5,0.05,4,1.000e-04,53,-0.758753,0.845398,0.003311,-0.012155
logistic,param,3,5,0.05,4,1.000e-04,54,-0.767952,0.843384,0.012006,0.008701
logistic,param,3,5,0.05,4,1.000e-04,55,-0.757637,0.852783,0.008171,-0.004241
logistic,param,3,5,0.05,4,1.000e-04,56,-0.763661,0.844177,0.006053,0.007888
logistic,param,3,5,0.05,4,1.000e-04,57,-0.749239,0.849915,-0.003569,-0.017117
logistic,param,3,5,0.05,4,1.000e-04,58,-0.760851,0.845215,0.006035,-0.005778
logistic,param,3,5,0.05,4,1.000e-04,59,-0.750854,0.851013,-0.003450,-0.007107
logistic,param,3,5,0.05,4,1.000e-04,60,-0.751035,0.850647,-0.001356,-0.004786
logistic,param,3,5,0.05,4,1.000e-04,61,-0.755633,0.846008,-0.003057,-0.004667
logistic,param,3,5,0.05,4,1.000e-04,62,-0.758484,0.845764,0.013785,-0.017428
logistic,param,3,5,0.05,4,1.000e-04,63,-0.755648,0.848083,-0.003496,0.015287
logistic,param,3,5,0.05,4,1.000e-04,64,-0.753487,0.847412,-0.010212,-0.001752
logistic,param,3,5,0.05,4,1.000e-04,65,-0.758333,0.846436,-0.003881,0.001189
logistic,param,3,5,0.05,4,1.000e-04,66,-0.755911,0.845459,-0.014332,0.005981
logistic,param,3,5,0.05,4,1.000e-04,67,-0.756177,0.846802,-0.007222,0.000764
logistic,param,3,5,0.05,4,1.000e-04,68,-0.761559,0.845093,0.001578,0.004095
logistic,param,3,5,0.05,4,1.000e-04,69,-0.753327,0.849609,0.004188,-0.014711
logistic,param,3,5,0.05,4,1.000e-04,70,-0.761028,0.842590,-0.007742,-0.001128
logistic,param,3,5,0.05,4,1.000e-04,71,-0.760416,0.842590,0.015436,-0.010531
logistic,param,3,5,0.05,4,1.000e-04,72,-0.754694,0.845703,0.000464,-0.003227
logistic,param,3,5,0.05,4,1.000e-04,73,-0.762164,0.843933,0.013738,0.004360
logistic,param,3,5,0.05,4,1.000e-04,74,-0.758848,0.847229,0.006838,0.000780
logistic,param,3,5,0.05,4,1.000e-04,75,-0.758095,0.847656,0.007275,-0.009856
logistic,param,3,5,0.05,4,1.000e-04,76,-0.755231,0.849548,-0.011561,-0.005046
logistic,param,3,5,0.05,4,1.000e-04,77,-0.749483,0.852295,-0.017596,-0.004899
logistic,param,3,5,0.05,4,1.000e-04,78,-0.764850,0.844604,0.006165,-0.001818
logistic,param,3,5,0.05,4,1.000e-04,79,-0.764989,0.842834,0.003380,0.003233
logistic,param,3,5,0.05,4,1.000e-04,80,-0.771288,0.842896,0.003707,0.013432
logistic,param,3,5,0.05,4,1.000e-04,81,-0.769309,0.843079,0.019099,0.000315
logistic,param,3,5,0.05,4,1.000e-04,82,-0.751899,0.848999,-0.017024,-0.005901
logistic,param,3,5,0.05,4,1.000e-04,83,-0.766800,0.843079,0.009666,0.008225
logistic,param,3,5,0.05,4,1.000e-04,84,-0.757961,0.846008,0.000944,-0.007844
logistic,param,3,5,0.05,4,1.000e-04,85,-0.760319,0.846436,-0.012623,0.001567
logistic,param,3,5,0.05,4,1.000e-04,86,-0.762820,0.845764,0.006136,-0.006694
logistic,param,3,5,0.05,4,1.000e-04,87,-0.756805,0.851746,0.006059,-0.000133
logistic,param,3,5,0.05,4,1.000e-04,88,-0.756097,0.843811,-0.005885,-0.007367
logistic,param,3,5,0.05,4,1.000e-04,89,-0.752375,0.848633,-0.004860,-0.015293
logistic,param,3,5,0.05,4,1.000e-04,90,-0.766948,0.841614,0.007290,0.004162
logistic,param,3,5,0.05,4,1.000e-04,91,-0.756709,0.848389,-0.002953,-0.003538
logistic,param,3,5,0.05,4,1.000e-04,92,-0.756813,0.848206,0.003742,-0.000800
logistic,param,3,5,0.05,4,1.000e-04,93,-0.759830,0.847168,-0.008374,0.007979
logistic,param,3,5,0.05,4,1.000e-04,94,-0.760048,0.843140,0.006952,-0.001615
logistic,param,3,5,0.05,4,1.000e-04,95,-0.751991,0.850647,0.012826,-0.012597
logistic,param,3,5,0.05,4,1.000e-04,96,-0.761317,0.846191,0.002514,0.009618
logistic,param,3,5,0.05,4,1.000e-04,97,-0.764334,0.845276,-0.013440,0.018526
logistic,param,3,5,0.05,4,1.000e-04,98,-0.758014,0.848816,-0.008207,0.003479
logistic,param,3,5,0.05,4,1.000e-04,99,-0.758986,0.845825,0.007765,-0.003670
logistic,param,3,5,0.05,4,1.000e-04,100,-0.768101,0.845764,0.011764,0.006908
logistic,param,3,5,0.05,4,1.000e-04,101,-0.763420,0.846375,-0.008579,0.010874
logistic,param,3,5,0.05,4,1.000e-04,102,-0.762185,0.842834,0.000917,0.003319
logistic,param,3,5,0.05,4,1.000e-04,103,-0.755314,0.846802,0.007209,-0.008358
logistic,param,3,5,0.05,4,1.000e-04,104,-0.763002,0.847961,0.001049,0.004357
logistic,param,3,5,0.05,4,1.000e-04,105,-0.753168,0.848877,-0.009674,-0.002932
logistic,param,3,5,0.05,4,1.000e-04,106,-0.756936,0.846619,-0.005677,-0.004209
logistic,param,3,5,0.05,4,1.000e-04,107,-0.769413,0.841064,0.005746,0.002190
logistic,param,3,5,0.05,4,1.000e-04,108,-0.764515,0.842224,-0.000330,0.006758
logistic,param,3,5,0.05,4,1.000e-04,109,-0.764781,0.843384,0.000434,-0.005774
logistic,param,3,5,0.05,4,1.000e-04,110,-0.766837,0.843567,0.003850,-0.001399
logistic,param,3,5,0.05,4,1.000e-04,111,-0.765361,0.847290,0.013265,-0.002252
logistic,param,3,5,0.05,4,1.000e-04,112,-0.757858,0.843079,-0.005352,-0.002006
logistic,param,3,5,0.05,4,1.000e-04,113,-0.767725,0.845520,0.011394,-0.000629
logistic,param,3,5,0.05,4,1.000e-04,114,-0.761120,0.843872,0.000650,0.004086
logistic,param,3,5,0.05,4,1.000e-04,115,-0.763423,0.845947,0.005843,-0.002969
logistic,param,3,5,0.05,4,1.000e-04,116,-0.766561,0.843079,0.005334,0.006656
logistic,param,3,5,0.05,4,1.000e-04,117,-0.769003,0.842834,-0.001377,0.014312
logistic,param,3,5,0.05,4,1.000e-04,118,-0.765618,0.842102,0.006340,0.003021
logistic,param,3,5,0.05,4,1.000e-04,119,-0.768510,0.838867,0.001147,0.012986
logistic,param,3,5,0.05,4,1.000e-04,120,-0.761344,0.847839,0.012614,0.000600
logistic,param,3,5,0.05,4,1.000e-04,121,-0.747274,0.852478,-0.002538,-0.010694
logistic,param,3,5,0.05,4,1.000e-04,122,-0.751152,0.849243,-0.004360,-0.008061
logistic,param,3,5,0.05,4,1.000e-04,123,-0.750123,0.848083,-0.015619,-0.005909
logistic,param,3,5,0.05,4,1.000e-04,124,-0.751407,0.849121,-0.006449,-0.007880
logistic,param,3,5,0.05,4,1.000e-04,125,-0.749769,0.848999,-0.015172,-0.016584
logistic,param,3,5,0.05,4,1.000e-04,126,-0.749448,0.849548,-0.011085,-0.007675
logistic,param,3,5,0.05,4,1.000e-04,127,-0.760780,0.843567,0.005720,-0.001888
logistic,param,3,5,0.05,4,1.000e-04,128,-0.756195,0.847534,-0.000650,-0.009833
logistic,param,3,5,0.05,4,1.000e-04,129,-0.755126,0.846741,-0.008053,0.007275
logistic,param,3,5,0.05,4,1.000e-04,130,-0.751464,0.849426,-0.013723,-0.001027
logistic,param,3,5,0.05,4,1.000e-04,131,-0.762285,0.845032,0.005879,-0.008813
logistic,param,3,5,0.05,4,1.000e-04,132,-0.762763,0.843567,0.003888,-0.000868
logistic,param,3,5,0.05,4,1.000e-04,133,-0.756832,0.848572,-0.001801,0.002821
logistic,param,3,5,0.05,4,1.000e-04,134,-0.763596,0.844543,-0.001132,-0.000172
logistic,param,3,5,0.05,4,1.000e-04,135,-0.758899,0.844543,-0.014905,0.002363
logistic,param,3,5,0.05,4,1.000e-04,136,-0.763676,0.845825,0.006488,0.008578
logistic,param,3,5,0.05,4,1.000e-04,137,-0.752564,0.849182,-0.008462,-0.000708
logistic,param,3,5,0.05,4,1.000e-04,138,-0.765253,0.843140,0.001497,0.015587
logistic,param,3,5,0.05,4,1.000e-04,139,-0.759385,0.844604,-0.008257,-0.002729
logistic,param,3,5,0.05,4,1.000e-04,140,-0.771899,0.839844,0.016891,0.010542
logistic,param,3,5,0.05,4,1.000e-04,141,-0.762095,0.844482,-0.002471,0.000185
logistic,param,3,5,0.05,4,1.000e-04,142,-0.758201,0.843201,-0.003991,-0.003572
logistic,param,3,5,0.05,4,1.000e-04,143,-0.759745,0.845215,0.005394,0.005616
logistic,param,3,5,0.05,4,1.000e-04,144,-0.755727,0.849365,-0.008642,0.003183
logistic,param,3,5,0.05,4,1.000e-04,145,-0.754741,0.847595,-0.006262,-0.008533
logistic,param,3,5,0.05,4,1.000e-04,146,-0.759162,0.846741,0.011183,-0.006823
logistic,param,3,5,0.05,4,1.000e-04,147,-0.755139,0.847290,-0.016892,-0.001346
logistic,param,3,5,0.05,4,1.000e-04,148,-0.761066,0.847229,-0.001022,0.002261
logistic,param,3,5,0.05,4,1.000e-04,149,-0.764969,0.843140,0.002122,-0.003307
logistic,param,3,5,0.05,4,1.000e-04,150,-0.765517,0.843933,0.002947,0.011032
logistic,param,3,5,0.05,4,1.000e-04,151,-0.755111,0.843933,-0.020275,0.005517
logistic,param,3,5,0.05,4,1.000e-04,152,-0.756423,0.848633,0.000866,0.000511
logistic,param,3,5,0.05,4,1.000e-04,153,-0.764538,0.846130,0.002271,0.005352
logistic,param,3,5,0.05,4,1.000e-04,154,-0.752204,0.848083,-0.011364,-0.011191
logistic,param,3,5,0.05,4,1.000e-04,155,-0.750462,0.848633,-0.016752,-0.001173
logistic,param,3,5,0.05,4,1.000e-04,156,-0.768531,0.842346,0.008049,-0.000544
logistic,param,3,5,0.05,4,1.000e-04,157,-0.766450,0.842041,0.005971,0.002431
logistic,param,3,5,0.05,4,1.000e-04,158,-0.753078,0.848206,-0.002603,-0.001997
logistic,param,3,5,0.05,4,1.000e-04,159,-0.763607,0.844238,0.006053,0.004836
logistic,param,3,5,0.05,4,1.000e-04,160,-0.765768,0.843750,-0.001339,0.020151
logistic,param,3,5,0.05,4,1.000e-04,161,-0.755390,0.848206,0.001234,-0.007209
logistic,param,3,5,0.05,4,1.000e-04,162,-0.757026,0.847290,-0.004522,0.000190
logistic,param,3,5,0.05,4,1.000e-04,163,-0.755647,0.847412,-0.006423,-0.006466
logistic,param,3,5,0.05,4,1.000e-04,164,-0.761677,0.843079,-0.004861,0.000387
logistic,param,3,5,0.05,4,1.000e-04,165,-0.756658,0.845032,-0.011730,0.004406
logistic,param,3,5,0.05,4,1.000e-04,166,-0.767256,0.843445,0.014933,0.005921
logistic,param,3,5,0.05,4,1.000e-04,167,-0.756721,0.844788,-0.002825,0.001404
logistic,param,3,5,0.05,4,1.000e-04,168,-0.760323,0.845459,-0.004993,0.009021
logistic,param,3,5,0.05,4,1.000e-04,169,-0.769415,0.841553,0.022663,0.006939
logistic,param,3,5,0.05,4,1.000e-04,170,-0.755844,0.844604,-0.005231,0.008659
logistic,param,3,5,0.05,4,1.000e-04,171,-0.764405,0.844360,0.004637,0.000477
logistic,param,3,5,0.05,4,1.000e-04,172,-0.759686,0.842407,0.001526,0.002286
logistic,param,3,5,0.05,4,1.000e-04,173,-0.755988,0.848877,0.001152,0.004303
logistic,param,3,5,0.05,4,1.000e-04,174,-0.753207,0.846252,-0.016696,-0.002543
logistic,param,3,5,0.05,4,1.000e-04,175,-0.750481,0.849304,-0.007356,-0.009877
logistic,param,3,5,0.05,4,1.000e-04,176,-0.759068,0.844727,0.002002,0.007663
logistic,param,3,5,0.05,4,1.000e-04,177,-0.759546,0.848022,-0.001419,0.000787
logistic,param,3,5,0.05,4,1.000e-04,178,-0.758731,0.842346,-0.003998,0.000894
logistic,param,3,5,0.05,4,1.000e-04,179,-0.761433,0.847046,0.007793,0.001761
logistic,param,3,5,0.05,4,1.000e-04,180,-0.755856,0.848572,-0.014658,0.009172
logistic,param,3,5,0.05,4,1.000e-04,181,-0.756309,0.848938,-0.014546,0.002863
logistic,param,3,5,0.05,4,1.000e-04,182,-0.758240,0.849548,-0.008388,-0.000658
logistic,param,3,5,0.05,4,1.000e-04,183,-0.757570,0.844788,-0.003348,-0.006154
logistic,param,3,5,0.05,4,1.000e-04,184,-0.763060,0.844788,-0.006533,0.010516
logistic,param,3,5,0.05,4,1.000e-04,185,-0.765638,0.848145,0.002771,0.011848
logistic,param,3,5,0.05,4,1.000e-04,186,-0.754639,0.849548,0.000215,-0.006457
logistic,param,3,5,0.05,4,1.000e-04,187,-0.764244,0.848572,0.009232,0.006087
logistic,param,3,5,0.05,4,1.000e-04,188,-0.764185,0.843445,0.004297,-0.000356
logistic,param,3,5,0.05,4,1.000e-04,189,-0.758476,0.845459,-0.000915,0.001961
logistic,param,3,5,0.05,4,1.000e-04,190,-0.761550,0.845215,0.008704,0.001008
logistic,param,3,5,0.05,4,1.000e-04,191,-0.758341,0.841248,0.013224,-0.013126
logistic,param,3,5,0.05,4,1.000e-04,192,-0.754429,0.849487,-0.011218,-0.004214
logistic,param,3,5,0.05,4,1.000e-04,193,-0.755266,0.848999,0.001981,-0.010218
logistic,param,3,5,0.05,4,1.000e-04,194,-0.762664,0.846558,0.002577,0.005827
logistic,param,3,5,0.05,4,1.000e-04,195,-0.759220,0.844849,-0.007481,0.000205
logistic,param,3,5,0.05,4,1.000e-04,196,-0.758101,0.842712,-0.001511,-0.016827
logistic,param,3,5,0.05,4,1.000e-04,197,-0.776989,0.840820,0.022148,0.021325
logistic,param,3,5,0.05,4,1.000e-04,198,-0.768773,0.844177,0.006737,0.006092
logistic,param,3,5,0.05,4,1.000e-04,199,-0.762120,0.846313,-0.000900,0.004441
logistic,param,3,5,0.05,4,1.000e-04,200,-0.766282,0.842529,-0.001890,-0.004569
logistic,param,3,5,0.05,4,1.000e-04,201,-0.773471,0.838867,0.005040,0.013473
logistic,param,3,5,0.05,4,1.000e-04,202,-0.773118,0.837952,0.020420,0.008922
logistic,param,3,5,0.05,4,1.000e-04,203,-0.766582,0.842590,-0.004009,0.008778
logistic,param,3,5,0.05,4,1.000e-04,204,-0.763121,0.845459,-0.003334,0.011537
logistic,param,3,5,0.05,4,1.000e-04,205,-0.760419,0.842163,0.006656,0.005406
logistic,param,3,5,0.05,4,1.000e-04,206,-0.755422,0.845947,-0.004371,-0.003635
logistic,param,3,5,0.05,4,1.000e-04,207,-0.761372,0.844116,0.014108,0.000895
logistic,param,3,5,0.05,4,1.000e-04,208,-0.749212,0.850586,-0.008097,-0.014250
logistic,param,3,5,0.05,4,1.000e-04,209,-0.760829,0.845886,0.000909,0.004155
logistic,param,3,5,0.05,4,1.000e-04,210,-0.758836,0.846680,-0.007339,0.000250
logistic,param,3,5,0.05,4,1.000e-04,211,-0.761113,0.848267,0.009172,-0.011406
logistic,param,3,5,0.05,4,1.000e-04,212,-0.765217,0.841797,0.002616,0.004124
logistic,param,3,5,0.05,4,1.000e-04,213,-0.754764,0.844604,-0.006383,-0.006839
logistic,param,3,5,0.05,4,1.000e-04,214,-0.753754,0.846802,-0.008361,0.004309
logistic,param,3,5,0.05,4,1.000e-04,215,-0.758037,0.845215,0.000187,0.002330
logistic,param,3,5,0.05,4,1.000e-04,216,-0.756272,0.847595,-0.011191,-0.003361
logistic,param,3,5,0.05,4,1.000e-04,217,-0.762882,0.841736,0.002274,0.004644
logistic,param,3,5,0.05,4,1.000e-04,218,-0.759810,0.842957,0.001715,-0.001625
logistic,param,3,5,0.05,4,1.000e-04,219,-0.762085,0.846985,0.011012,-0.004408
logistic,param,3,5,0.05,4,1.000e-04,220,-0.759844,0.846497,0.018092,-0.002510
logistic,param,3,5,0.05,4,1.000e-04,221,-0.755331,0.846130,-0.009671,-0.006849
logistic,param,3,5,0.05,4,1.000e-04,222,-0.761069,0.841309,0.011014,-0.011202
logistic,param,3,5,0.05,4,1.000e-04,223,-0.756762,0.848877,-0.012866,0.004459
logistic,param,3,5,0.05,4,1.000e-04,224,-0.758049,0.848633,0.001510,0.007130
logistic,param,3,5,0.05,4,1.000e-04,225,-0.750584,0.850830,-0.013647,-0.015777
logistic,param,3,5,0.05,4,1.000e-04,226,-0.759891,0.844299,-0.013497,0.000769
logistic,param,3,5,0.05,4,1.000e-04,227,-0.756113,0.847534,-0.005026,-0.000598
logistic,param,3,5,0.05,4,1.000e-04,228,-0.760101,0.845886,-0.006650,0.008008
logistic,param,3,5,0.05,4,1.000e-04,229,-0.758388,0.849792,0.004289,-0.005666
logistic,param,3,5,0.05,4,1.000e-04,230,-0.766530,0.840515,0.010476,0.000795
logistic,param,3,5,0.05,4,1.000e-04,231,-0.766804,0.844543,0.009961,-0.001407
logistic,param,3,5,0.05,4,1.000e-04,232,-0.765636,0.839233,0.010944,-0.009441
logistic,param,3,5,0.05,4,1.000e-04,233,-0.764232,0.844299,0.003740,0.009001
logistic,param,3,5,0.05,4,1.000e-04,234,-0.760433,0.843445,0.001584,0.006181
logistic,param,3,5,0.05,4,1.000e-04,235,-0.751328,0.851929,0.000750,-0.007657
logistic,param,3,5,0.05,4,1.000e-04,236,-0.752548,0.846985,0.004186,-0.012702
logistic,param,3,5,0.05,4,1.000e-04,237,-0.754535,0.846008,-0.005189,-0.006958
logistic,param,3,5,0.05,4,1.000e-04,238,-0.756166,0.845215,0.001026,-0.004193
logistic,param,3,5,0.05,4,1.000e-04,239,-0.753740,0.848877,0.003555,-0.013542
logistic,param,3,5,0.05,4,1.000e-04,240,-0.758574,0.846252,-0.007835,0.003703
logistic,param,3,5,0.05,4,1.000e-04,241,-0.753849,0.849182,-0.006428,-0.006182
logistic,param,3,5,0.05,4,1.000e-04,242,-0.756829,0.846252,-0.009840,0.007340
logistic,param,3,5,0.05,4,1.000e-04,243,-0.754674,0.849304,-0.014290,0.000823
logistic,param,3,5,0.05,4,1.000e-04,244,-0.765811,0.841553,-0.008470,0.006750
logistic,param,3,5,0.05,4,1.000e-04,245,-0.755659,0.845703,-0.015355,-0.001350
logistic,param,3,5,0.05,4,1.000e-04,246,-0.770735,0.841614,0.005930,0.013838
logistic,param,3,5,0.05,4,1.000e-04,247,-0.757558,0.848206,-0.007692,0.001210
logistic,param,3,5,0.05,4,1.000e-04,248,-0.763913,0.841675,0.009085,-0.000467
logistic,param,3,5,0.05,4,1.000e-04,249,-0.757288,0.848267,-0.008100,0.002282
logistic,param,3,5,0.05,4,1.000e-04,250,-0.754222,0.846313,-0.009426,-0.001082
logistic,param,3,5,0.05,4,1.000e-04,251,-0.753049,0.848694,-0.002192,-0.005851
logistic,param,3,5,0.05,4,1.000e-04,252,-0.761842,0.842773,0.003088,0.002020
logistic,param,3,5,0.05,4,1.000e-04,253,-0.764046,0.843750,0.001322,0.004995
logistic,param,3,5,0.05,4,1.000e-04,254,-0.755077,0.849426,0.001724,0.002003
logistic,param,3,5,0.05,4,1.000e-04,255,-0.755935,0.848022,-0.005397,-0.000265
logistic,param,3,5,0.05,4,1.000e-04,256,-0.756606,0.847412,-0.004550,0.000525
logistic,param,3,5,0.05,4,1.000e-04,257,-0.762850,0.848877,0.013661,-0.003390
logistic,param,3,5,0.05,4,1.000e-04,258,-0.762251,0.843628,0.012944,-0.012450
logistic,param,3,5,0.05,4,1.000e-04,259,-0.760075,0.843872,-0.000457,-0.004894
logistic,param,3,5,0.05,4,1.000e-04,260,-0.765119,0.845032,0.010851,0.006088
logistic,param,3,5,0.05,4,1.000e-04,261,-0.766410,0.842224,0.004754,0.010227
logistic,param,3,5,0.05,4,1.000e-04,262,-0.764570,0.844543,0.003684,0.003380
logistic,param,3,5,0.05,4,1.000e-04,263,-0.753249,0.846252,0.003337,-0.011097
logistic,param,3,5,0.05,4,1.000e-04,264,-0.760817,0.843994,0.007185,-0.006500
logistic,param,3,5,0.05,4,1.000e-04,265,-0.762086,0.843628,0.000535,-0.000884
logistic,param,3,5,0.05,4,1.000e-04,266,-0.765941,0.844666,0.000043,0.015551
logistic,param,3,5,0.05,4,1.000e-04,267,-0.768003,0.840576,-0.001045,0.012099
logistic,param,3,5,0.05,4,1.000e-04,268,-0.760921,0.845520,0.002631,0.003162
logistic,param,3,5,0.05,4,1.000e-04,269,-0.766480,0.842468,0.014595,0.006191
logistic,param,3,5,0.05,4,1.000e-04,270,-0.758861,0.847656,0.005448,-0.001068
logistic,param,3,5,0.05,4,1.000e-04,271,-0.760673,0.845276,0.009465,-0.009075
logistic,param,3,5,0.05,4,1.000e-04,272,-0.759972,0.845337,-0.006829,-0.004827
logistic,param,3,5,0.05,4,1.000e-04,273,-0.762540,0.842712,-0.009413,0.010402
logistic,param,3,5,0.05,4,1.000e-04,274,-0.762078,0.843628,-0.002649,0.003453
logistic,param,3,5,0.05,4,1.000e-04,275,-0.761979,0.846130,0.007327,0.002169
logistic,param,3,5,0.05,4,1.000e-04,276,-0.764714,0.843933,0.008314,0.002852
logistic,param,3,5,0.05,4,1.000e-04,277,-0.760681,0.844727,0.003115,0.003798
logistic,param,3,5,0.05,4,1.000e-04,278,-0.761087,0.846497,0.000583,0.006048
logistic,param,3,5,0.05,4,1.000e-04,279,-0.763530,0.843750,-0.004558,-0.003280
logistic,param,3,5,0.05,4,1.000e-04,280,-0.761203,0.844971,0.001626,-0.009557
logistic,param,3,5,0.05,4,1.000e-04,281,-0.756246,0.846252,-0.005041,-0.010939
logistic,param,3,5,0.05,4,1.000e-04,282,-0.774036,0.839539,0.015195,0.012074
logistic,param,3,5,0.05,4,1.000e-04,283,-0.764484,0.843201,0.003329,0.001251
logistic,param,3,5,0.05,4,1.000e-04,284,-0.764595,0.843384,0.004809,0.002930
logistic,param,3,5,0.05,4,1.000e-04,285,-0.757049,0.847290,-0.008175,0.000655
logistic,param,3,5,0.05,4,1.000e-04,286,-0.756916,0.849426,-0.006535,-0.014101
logistic,param,3,5,0.05,4,1.000e-04,287,-0.758122,0.846375,-0.014714,-0.004457
logistic,param,3,5,0.05,4,1.000e-04,288,-0.765304,0.843140,0.001009,-0.006728
logistic,param,3,5,0.05,4,1.000e-04,289,-0.769359,0.839905,0.000865,0.000426
logistic,param,3,5,0.05,4,1.000e-04,290,-0.767686,0.841492,0.010510,0.007674
logistic,param,3,5,0.05,4,1.000e-04,291,-0.760316,0.845581,-0.006624,0.013223
logistic,param,3,5,0.05,4,1.000e-04,292,-0.764039,0.844177,0.007146,-0.002055
logistic,param,3,5,0.05,4,1.000e-04,293,-0.762042,0.844238,-0.002956,0.009360
logistic,param,3,5,0.05,4,1.000e-04,294,-0.754066,0.848389,0.009465,-0.012294
logistic,param,3,5,0.05,4,1.000e-04,295,-0.756903,0.848206,0.002574,0.005068
logistic,param,3,5,0.05,4,1.000e-04,296,-0.750701,0.846985,-0.004843,-0.003724
logistic,param,3,5,0.05,4,1.000e-04,297,-0.753025,0.848633,-0.005054,-0.002574
logistic,param,3,5,0.05,4,1.000e-04,298,-0.756390,0.849731,0.008043,0.000184
logistic,param,3,5,0.05,4,1.000e-04,299,-0.758120,0.844360,0.003068,-0.006482
logistic,param,3,5,0.05,4,1.000e-04,300,-0.762127,0.846313,0.003355,0.003340
logistic,param,3,5,0.05,4,1.000e-04,301,-0.763765,0.845337,0.003568,0.000588
logistic,param,3,5,0.05,4,1.000e-04,302,-0.759540,0.844299,-0.007580,-0.000923
logistic,param,3,5,0.05,4,1.000e-04,303,-0.755329,0.847961,0.005987,0.000113
logistic,param,3,5,0.05,4,1.000e-04,304,-0.757148,0.845703,-0.012441,-0.008956
logistic,param,3,5,0.05,4,1.000e-04,305,-0.764478,0.843994,-0.002918,0.008728
logistic,param,3,5,0.05,4,1.000e-04,306,-0.756084,0.847107,-0.003951,-0.007945
logistic,param,3,5,0.05,4,1.000e-04,307,-0.771393,0.841125,0.014838,0.024633
logistic,param,3,5,0.05,4,1.000e-04,308,-0.754470,0.848877,-0.013961,0.001471
logistic,param,3,5,0.05,4,1.000e-04,309,-0.757055,0.846313,-0.005908,0.003976
logistic,param,3,5,0.05,4,1.000e-04,310,-0.746388,0.851013,-0.014513,-0.010861
logistic,param,3,5,0.05,4,1.000e-04,311,-0.753814,0.848511,-0.001968,-0.010335
logistic,param,3,5,0.05,4,1.000e-04,312,-0.746294,0.851624,-0.010946,-0.013304
logistic,param,3,5,0.05,4,1.000e-04,313,-0.754327,0.846436,-0.002098,-0.008442
logistic,param,3,5,0.05,4,1.000e-04,314,-0.758269,0.845398,-0.003344,0.000482
logistic,param,3,5,0.05,4,1.000e-04,315,-0.763049,0.847046,0.005462,0.002740
logistic,param,3,5,0.05,4,1.000e-04,316,-0.761720,0.846680,-0.003848,0.004024
logistic,param,3,5,0.05,4,1.000e-04,317,-0.758970,0.846863,-0.011498,-0.000615
logistic,param,3,5,0.05,4,1.000e-04,318,-0.760854,0.844910,-0.004017,0.005168
logistic,param,3,5,0.05,4,1.000e-04,319,-0.758667,0.846375,0.001652,-0.002277
logistic,param,3,5,0.05,4,1.000e-04,320,-0.760891,0.846741,0.012866,0.004612
logistic,param,3,5,0.05,4,1.000e-04,321,-0.761398,0.843628,0.003391,-0.001979
logistic,param,3,5,0.05,4,1.000e-04,322,-0.757476,0.847107,0.008774,-0.002624
logistic,param,3,5,0.05,4,1.000e-04,323,-0.762203,0.845337,0.001998,-0.001755
logistic,param,3,5,0.05,4,1.000e-04,324,-0.764662,0.845032,0.007416,0.006324
logistic,param,3,5,0.05,4,1.000e-04,325,-0.762451,0.845215,-0.001107,0.005266
logistic,param,3,5,0.05,4,1.000e-04,326,-0.753103,0.844849,-0.002698,-0.018913
logistic,param,3,5,0.05,4,1.000e-04,327,-0.755228,0.846252,-0.007538,0.001552
logistic,param,3,5,0.05,4,1.000e-04,328,-0.760570,0.848328,-0.010744,0.000244
logistic,param,3,5,0.05,4,1.000e-04,329,-0.768788,0.842468,-0.007401,0.020083
logistic,param,3,5,0.05,4,1.000e-04,330,-0.761798,0.844299,0.009957,-0.004823
logistic,param,3,5,0.05,4,1.000e-04,331,-0.759842,0.847839,-0.004005,0.002846
logistic,param,3,5,0.05,4,1.000e-04,332,-0.765428,0.842834,-0.000878,0.006973
logistic,param,3,5,0.05,4,1.000e-04,333,-0.760791,0.843262,-0.009901,-0.011177
logistic,param,3,5,0.05,4,1.000e-04,334,-0.774548,0.840881,0.009124,0.013826
logistic,param,3,5,0.05,4,1.000e-04,335,-0.760208,0.845703,-0.003714,0.004621
logistic,param,3,5,0.05,4,1.000e-04,336,-0.756834,0.846680,0.004330,0.003428
logistic,param,3,5,0.05,4,1.000e-04,337,-0.763272,0.843811,-0.003128,0.005251
logistic,param,3,5,0.05,4,1.000e-04,338,-0.761698,0.844666,0.007206,-0.008936
logistic,param,3,5,0.05,4,1.000e-04,339,-0.771275,0.840576,0.020040,0.008423
logistic,param,3,5,0.05,4,1.000e-04,340,-0.769136,0.840393,0.000054,0.012529
logistic,param,3,5,0.05,4,1.000e-04,341,-0.764278,0.845276,-0.001347,0.014617
logistic,param,3,5,0.05,4,1.000e-04,342,-0.757079,0.843506,-0.002479,-0.000970
logistic,param,3,5,0.05,4,1.000e-04,343,-0.763727,0.843018,0.013569,0.000968
logistic,param,3,5,0.05,4,1.000e-04,344,-0.759312,0.849243,-0.001393,0.004777
logistic,param,3,5,0.05,4,1.000e-04,345,-0.756208,0.847717,-0.007694,0.002369
logistic,param,3,5,0.05,4,1.000e-04,346,-0.758101,0.843933,-0.005982,-0.000735
logistic,param,3,5,0.05,4,1.000e-04,347,-0.758256,0.844055,0.001913,0.003513
logistic,param,3,5,0.05,4,1.000e-04,348,-0.762687,0.845703,-0.002150,0.013088
logistic,param,3,5,0.05,4,1.000e-04,349,-0.758741,0.845337,-0.004344,0.005787
logistic,param,3,5,0.05,4,1.000e-04,350,-0.751597,0.849182,0.004706,-0.019073
logistic,param,3,5,0.05,4,1.000e-04,351,-0.759299,0.845154,-0.000487,0.000088
logistic,param,3,5,0.05,4,1.000e-04,352,-0.758408,0.847778,0.006311,-0.007969
logistic,param,3,5,0.05,4,1.000e-04,353,-0.760237,0.846619,-0.005859,0.001907
logistic,param,3,5,0.05,4,1.000e-04,354,-0.769554,0.841492,0.010267,0.001647
logistic,param,3,5,0.05,4,1.000e-04,355,-0.765591,0.844788,0.026086,-0.014484
logistic,param,3,5,0.05,4,1.000e-04,356,-0.760852,0.845093,0.000944,-0.006737
logistic,param,3,5,0.05,4,1.000e-04,357,-0.766157,0.840393,-0.001821,0.005976
logistic,param,3,5,0.05,4,1.000e-04,358,-0.758893,0.845154,0.000320,0.002077
logistic,param,3,5,0.05,4,1.000e-04,359,-0.763836,0.843018,0.006893,0.015920
logistic,param,3,5,0.05,4,1.000e-04,360,-0.763551,0.845459,-0.002497,0.003941
logistic,param,3,5,0.05,4,1.000e-04,361,-0.760603,0.846863,0.001994,-0.000400
logistic,param,3,5,0.05,4,1.000e-04,362,-0.763720,0.842407,0.003906,0.002889
logistic,param,3,5,0.05,4,1.000e-04,363,-0.763015,0.843201,0.017783,-0.004293
logistic,param,3,5,0.05,4,1.000e-04,364,-0.767742,0.842529,0.006349,0.015679
logistic,param,3,5,0.05,4,1.000e-04,365,-0.761776,0.841431,-0.009649,0.008214
logistic,param,3,5,0.05,4,1.000e-04,366,-0.765800,0.845215,0.001986,0.013302
logistic,param,3,5,0.05,4,1.000e-04,367,-0.757155,0.845825,-0.009418,-0.003912
logistic,param,3,5,0.05,4,1.000e-04,368,-0.755358,0.846863,-0.000082,-0.001813
logistic,param,3,5,0.05,4,1.000e-04,369,-0.757572,0.847412,-0.002830,-0.004004
logistic,param,3,5,0.05,4,1.000e-04,370,-0.759246,0.845825,-0.006276,0.013239
logistic,param,3,5,0.05,4,1.000e-04,371,-0.756630,0.847351,-0.005917,-0.000500
logistic,param,3,5,0.05,4,1.000e-04,372,-0.763687,0.844055,-0.008130,0.005823
logistic,param,3,5,0.05,4,1.000e-04,373,-0.769809,0.841370,0.014834,0.011175
logistic,param,3,5,0.05,4,1.000e-04,374,-0.760711,0.844910,-0.001360,0.012577
logistic,param,3,5,0.05,4,1.000e-04,375,-0.753579,0.851318,0.001102,-0.008145
logistic,param,3,5,0.05,4,1.000e-04,376,-0.755840,0.846069,-0.001936,0.004500
logistic,param,3,5,0.05,4,1.000e-04,377,-0.748564,0.850281,-0.005103,-0.010583
logistic,param,3,5,0.05,4,1.000e-04,378,-0.755581,0.846558,0.001477,-0.007225
logistic,param,3,5,0.05,4,1.000e-04,379,-0.759234,0.843872,-0.006834,-0.002677
logistic,param,3,5,0.05,4,1.000e-04,380,-0.764416,0.842468,-0.001251,0.006594
logistic,param,3,5,0.05,4,1.000e-04,381,-0.752596,0.848145,0.005490,-0.011806
logistic,param,3,5,0.05,4,1.000e-04,382,-0.751898,0.851196,-0.004744,0.004774
logistic,param,3,5,0.05,4,1.000e-04,383,-0.749729,0.851074,0.010867,-0.017579
logistic,param,3,5,0.05,4,1.000e-04,384,-0.762200,0.845154,0.001209,0.001357
logistic,param,3,5,0.05,4,1.000e-04,385,-0.761853,0.847839,0.007647,-0.004251
logistic,param,3,5,0.05,4,1.000e-04,386,-0.751914,0.849182,-0.010568,-0.013989
logistic,param,3,5,0.05,4,1.000e-04,387,-0.764653,0.843262,-0.001550,-0.000671
logistic,param,3,5,0.05,4,1.000e-04,388,-0.766712,0.842712,0.001317,-0.000068
logistic,param,3,5,0.05,4,1.000e-04,389,-0.766938,0.845520,0.008831,0.000020
logistic,param,3,5,0.05,4,1.000e-04,390,-0.754631,0.846069,-0.000832,-0.004073
logistic,param,3,5,0.05,4,1.000e-04,391,-0.758653,0.848877,0.008818,0.000638
logistic,param,3,5,0.05,4,1.000e-04,392,-0.764348,0.846985,0.005370,0.006445
logistic,param,3,5,0.05,4,1.000e-04,393,-0.763499,0.843811,-0.009217,0.009211
logistic,param,3,5,0.05,4,1.000e-04,394,-0.765171,0.843384,0.004823,0.005755
logistic,param,3,5,0.05,4,1.000e-04,395,-0.769656,0.842834,0.000856,0.007199
logistic,param,3,5,0.05,4,1.000e-04,396,-0.766802,0.845215,-0.003517,0.016544
logistic,param,3,5,0.05,4,1.000e-04,397,-0.756630,0.847717,0.005884,0.000490
logistic,param,3,5,0.05,4,1.000e-04,398,-0.761947,0.844910,0.008342,0.011262
logistic,param,3,5,0.05,4,1.000e-04,399,-0.760402,0.848328,0.005143,0.007621
logistic,param,3,5,0.05,4,1.000e-04,400,-0.759362,0.846252,0.004148,-0.000948
logistic,param,3,5,0.05,4,1.000e-03,1,-8.447015,0.000610,0.998062,0.998698
logistic,param,3,5,0.05,4,1.000e-03,2,-7.590196,0.001221,0.995753,0.997935
logistic,param,3,5,0.05,4,1.000e-03,3,-6.904503,0.000793,0.997958,0.998890
logistic,param,3,5,0.05,4,1.000e-03,4,-6.267476,0.002869,0.994364,0.992593
logistic,param,3,5,0.05,4,1.000e-03,5,-5.656235,0.004517,0.991403,0.990422
logistic,param,3,5,0.05,4,1.000e-03,6,-5.069678,0.006531,0.985292,0.986444
logistic,param,3,5,0.05,4,1.000e-03,7,-4.495840,0.012451,0.976272,0.973173
logistic,param,3,5,0.05,4,1.000e-03,8,-3.906054,0.021484,0.952514,0.951306
logistic,param,3,5,0.05,4,1.000e-03,9,-3.320534,0.040771,0.916341,0.915779
logistic,param,3,5,0.05,4,1.000e-03,10,-2.753896,0.095947,0.871650,0.852937
logistic,param,3,5,0.05,4,1.000e-03,11,-2.195323,0.226318,0.772072,0.741494
logistic,param,3,5,0.05,4,1.000e-03,12,-1.719521,0.407654,0.632830,0.585102
logistic,param,3,5,0.05,4,1.000e-03,13,-1.339263,0.586304,0.454928,0.418780
logistic,param,3,5,0.05,4,1.000e-03,14,-1.079226,0.701782,0.280690,0.264725
logistic,param,3,5,0.05,4,1.000e-03,15,-0.906494,0.782898,0.149568,0.124502
logistic,param,3,5,0.05,4,1.000e-03,16,-0.830368,0.813416,0.071187,0.057104
logistic,param,3,5,0.05,4,1.000e-03,17,-0.795541,0.827515,0.029046,0.029718
logistic,param,3,5,0.05,4,1.000e-03,18,-0.777800,0.839050,0.028670,0.009283
logistic,param,3,5,0.05,4,1.000e-03,19,-0.775607,0.836792,0.015342,0.006277
logistic,param,3,5,0.05,4,1.000e-03,20,-0.760765,0.845703,-0.011808,0.012875
logistic,param,3,5,0.05,4,1.000e-03,21,-0.758381,0.846619,0.002986,0.002777
logistic,param,3,5,0.05,4,1.000e-03,22,-0.765982,0.843750,0.004821,-0.009080
logistic,param,3,5,0.05,4,1.000e-03,23,-0.771237,0.836670,0.002038,0.002570
logistic,param,3,5,0.05,4,1.000e-03,24,-0.767478,0.844360,0.016068,0.002020
logistic,param,3,5,0.05,4,1.000e-03,25,-0.766129,0.843384,-0.002385,0.009856
logistic,param,3,5,0.05,4,1.000e-03,26,-0.772991,0.838501,0.012757,0.003704
logistic,param,3,5,0.05,4,1.000e-03,27,-0.764573,0.842957,-0.004784,0.007966
logistic,param,3,5,0.05,4,1.000e-03,28,-0.770638,0.842712,0.019552,-0.004067
logistic,param,3,5,0.05,4,1.000e-03,29,-0.763064,0.847107,0.005285,0.004028
logistic,param,3,5,0.05,4,1.000e-03,30,-0.753349,0.848877,-0.005084,-0.005061
logistic,param,3,5,0.05,4,1.000e-03,31,-0.760120,0.844360,-0.011329,0.009552
logistic,param,3,5,0.05,4,1.000e-03,32,-0.764976,0.843994,0.013764,0.005002
logistic,param,3,5,0.05,4,1.000e-03,33,-0.755014,0.851501,-0.004196,-0.008561
logistic,param,3,5,0.05,4,1.000e-03,34,-0.762305,0.844849,-0.001555,-0.005915
logistic,param,3,5,0.05,4,1.000e-03,35,-0.766376,0.842346,0.007925,0.005615
logistic,param,3,5,0.05,4,1.000e-03,36,-0.760400,0.847351,0.003559,0.001567
logistic,param,3,5,0.05,4,1.000e-03,37,-0.756452,0.849792,-0.017057,0.000956
logistic,param,3,5,0.05,4,1.000e-03,38,-0.763311,0.840576,0.006884,-0.001282
logistic,param,3,5,0.05,4,1.000e-03,39,-0.755629,0.846558,0.005388,0.004665
logistic,param,3,5,0.05,4,1.000e-03,40,-0.752660,0.851379,-0.012382,-0.013436
logistic,param,3,5,0.05,4,1.000e-03,41,-0.755131,0.846069,-0.006942,-0.007713
logistic,param,3,5,0.05,4,1.000e-03,42,-0.755027,0.849487,0.001916,-0.004970
logistic,param,3,5,0.05,4,1.000e-03,43,-0.759038,0.844849,0.000139,0.013160
logistic,param,3,5,0.05,4,1.000e-03,44,-0.760289,0.846130,-0.006696,-0.004869
logistic,param,3,5,0.05,4,1.000e-03,45,-0.761079,0.845642,-0.004322,0.005339
logistic,param,3,5,0.05,4,1.000e-03,46,-0.759301,0.845947,-0.000726,0.010404
logistic,param,3,5,0.05,4,1.000e-03,47,-0.756381,0.848694,-0.000546,-0.001814
logistic,param,3,5,0.05,4,1.000e-03,48,-0.763040,0.844727,-0.000479,-0.008638
logistic,param,3,5,0.05,4,1.000e-03,49,-0.763487,0.843872,-0.001210,0.004602
logistic,param,3,5,0.05,4,1.000e-03,50,-0.762935,0.847534,0.010937,-0.006288
logistic,param,3,5,0.05,4,1.000e-03,51,-0.763874,0.841125,0.002053,0.002535
logistic,param,3,5,0.05,4,1.000e-03,52,-0.769002,0.845947,0.003378,0.007479
logistic,param,3,5,0.05,4,1.000e-03,53,-0.768082,0.841980,-0.002450,0.017769
logistic,param,3,5,0.05,4,1.000e-03,54,-0.757811,0.844238,-0.003891,-0.004075
logistic,param,3,5,0.05,4,1.000e-03,55,-0.760388,0.845154,-0.005914,0.002396
logistic,param,3,5,0.05,4,1.000e-03,56,-0.767556,0.844055,0.007824,0.004794
logistic,param,3,5,0.05,4,1.000e-03,57,-0.760694,0.847412,0.001436,0.005715
logistic,param,3,5,0.05,4,1.000e-03,58,-0.752366,0.850769,-0.007948,-0.006216
logistic,param,3,5,0.05,4,1.000e-03,59,-0.755887,0.846680,-0.013089,-0.010622
logistic,param,3,5,0.05,4,1.000e-03,60,-0.760011,0.842041,-0.007975,0.010650
logistic,param,3,5,0.05,4,1.000e-03,61,-0.761543,0.846130,-0.007615,0.019459
logistic,param,3,5,0.05,4,1.000e-03,62,-0.758868,0.845459,-0.001828,0.004809
logistic,param,3,5,0.05,4,1.000e-03,63,-0.758080,0.845764,0.009093,0.002073
logistic,param,3,5,0.05,4,1.000e-03,64,-0.760230,0.846436,-0.005852,0.004004
logistic,param,3,5,0.05,4,1.000e-03,65,-0.758258,0.846191,-0.015732,-0.007385
logistic,param,3,5,0.05,4,1.000e-03,66,-0.768434,0.841187,0.014543,0.001363
logistic,param,3,5,0.05,4,1.000e-03,67,-0.762400,0.846985,0.008466,0.009136
logistic,param,3,5,0.05,4,1.000e-03,68,-0.750903,0.847351,-0.006255,0.001287
logistic,param,3,5,0.05,4,1.000e-03,69,-0.749569,0.849548,-0.001434,-0.008321
logistic,param,3,5,0.05,4,1.000e-03,70,-0.759191,0.846008,0.009578,-0.017530
logistic,param,3,5,0.05,4,1.000e-03,71,-0.762357,0.844116,0.010512,-0.004165
logistic,param,3,5,0.05,4,1.000e-03,72,-0.754518,0.846863,-0.004637,-0.002006
logistic,param,3,5,0.05,4,1.000e-03,73,-0.756387,0.847351,-0.003322,0.000893
logistic,param,3,5,0.05,4,1.000e-03,74,-0.760174,0.844971,0.005667,0.011629
logistic,param,3,5,0.05,4,1.000e-03,75,-0.762642,0.840088,0.010466,-0.003312
logistic,param,3,5,0.05,4,1.000e-03,76,-0.759657,0.849548,-0.002808,0.010362
logistic,param,3,5,0.05,4,1.000e-03,77,-0.760052,0.845154,-0.005618,0.003332
logistic,param,3,5,0.05,4,1.000e-03,78,-0.774501,0.840698,0.012984,0.000918
logistic,param,3,5,0.05,4,1.000e-03,79,-0.768750,0.841675,0.005988,0.002236
logistic,param,3,5,0.05,4,1.000e-03,80,-0.764004,0.843689,0.011579,0.000958
logistic,param,3,5,0.05,4,1.000e-03,81,-0.764385,0.845215,0.009295,0.009315
logistic,param,3,5,0.05,4,1.000e-03,82,-0.763909,0.842773,0.010309,-0.008696
logistic,param,3,5,0.05,4,1.000e-03,83,-0.760445,0.847046,0.005557,0.000969
logistic,param,3,5,0.05,4,1.000e-03,84,-0.760359,0.844299,0.002836,-0.000597
logistic,param,3,5,0.05,4,1.000e-03,85,-0.765773,0.845581,0.009663,-0.004870
logistic,param,3,5,0.05,4,1.000e-03,86,-0.773826,0.839966,0.006426,-0.004803
logistic,param,3,5,0.05,4,1.000e-03,87,-0.759124,0.845337,-0.000217,-0.006133
logistic,param,3,5,0.05,4,1.000e-03,88,-0.753592,0.850586,-0.005704,-0.001883
logistic,param,3,5,0.05,4,1.000e-03,89,-0.745280,0.853516,-0.010710,-0.014192
logistic,param,3,5,0.05,4,1.000e-03,90,-0.757284,0.845459,-0.001095,-0.009525
logistic,param,3,5,0.05,4,1.000e-03,91,-0.757597,0.844910,0.001734,-0.006154
logistic,param,3,5,0.05,4,1.000e-03,92,-0.759367,0.846802,-0.000320,-0.002169
logistic,param,3,5,0.05,4,1.000e-03,93,-0.763304,0.845886,0.003223,0.002874
logistic,param,3,5,0.05,4,1.000e-03,94,-0.755156,0.845886,-0.000662,0.001311
logistic,param,3,5,0.05,4,1.000e-03,95,-0.758951,0.846802,0.002240,-0.003719
logistic,param,3,5,0.05,4,1.000e-03,96,-0.760814,0.844055,0.002196,0.005522
logistic,param,3,5,0.05,4,1.000e-03,97,-0.757624,0.850037,0.006016,-0.005544
logistic,param,3,5,0.05,4,1.000e-03,98,-0.763777,0.844482,0.001317,0.004209
logistic,param,3,5,0.05,4,1.000e-03,99,-0.755841,0.843567,-0.001381,0.007867
logistic,param,3,5,0.05,4,1.000e-03,100,-0.753798,0.849854,-0.011005,0.001437
logistic,param,3,5,0.05,4,1.000e-03,101,-0.759897,0.846252,-0.004032,0.002591
logistic,param,3,5,0.05,4,1.000e-03,102,-0.747078,0.852417,-0.012680,0.000027
logistic,param,3,5,0.05,4,1.000e-03,103,-0.751101,0.849609,-0.001800,-0.011840
logistic,param,3,5,0.05,4,1.000e-03,104,-0.763346,0.842590,0.002094,-0.007798
logistic,param,3,5,0.05,4,1.000e-03,105,-0.758877,0.846252,0.001187,-0.006729
logistic,param,3,5,0.05,4,1.000e-03,106,-0.760866,0.845703,-0.003071,0.006503
logistic,param,3,5,0.05,4,1.000e-03,107,-0.752374,0.850037,-0.006933,-0.006208
logistic,param,3,5,0.05,4,1.000e-03,108,-0.756184,0.848633,0.001975,-0.012019
logistic,param,3,5,0.05,4,1.000e-03,109,-0.765201,0.841980,0.004285,-0.004726
logistic,param,3,5,0.05,4,1.000e-03,110,-0.763625,0.843994,0.010568,-0.005041
logistic,param,3,5,0.05,4,1.000e-03,111,-0.761506,0.847656,0.002775,-0.000017
logistic,param,3,5,0.05,4,1.000e-03,112,-0.760709,0.845215,0.009322,-0.004344
logistic,param,3,5,0.05,4,1.000e-03,113,-0.755009,0.848999,-0.017133,-0.001392
logistic,param,3,5,0.05,4,1.000e-03,114,-0.763471,0.847290,0.017052,-0.001508
logistic,param,3,5,0.05,4,1.000e-03,115,-0.754296,0.847412,-0.005998,0.000709
logistic,param,3,5,0.05,4,1.000e-03,116,-0.752703,0.847473,-0.003120,-0.011818
logistic,param,3,5,0.05,4,1.000e-03,117,-0.752989,0.848633,-0.011358,0.000745
logistic,param,3,5,0.05,4,1.000e-03,118,-0.756104,0.848145,-0.002689,-0.005078
logistic,param,3,5,0.05,4,1.000e-03,119,-0.757166,0.845459,-0.009263,0.003428
logistic,param,3,5,0.05,4,1.000e-03,120,-0.759705,0.845886,-0.007075,0.010966
logistic,param,3,5,0.05,4,1.000e-03,121,-0.766538,0.843872,0.005549,-0.003472
logistic,param,3,5,0.05,4,1.000e-03,122,-0.760170,0.843994,-0.004697,0.007836
logistic,param,3,5,0.05,4,1.000e-03,123,-0.755744,0.848083,-0.003153,-0.002550
logistic,param,3,5,0.05,4,1.000e-03,124,-0.758820,0.846680,0.003122,-0.000002
logistic,param,3,5,0.05,4,1.000e-03,125,-0.754522,0.850952,-0.001781,-0.005303
logistic,param,3,5,0.05,4,1.000e-03,126,-0.752897,0.849060,-0.016699,-0.003469
logistic,param,3,5,0.05,4,1.000e-03,127,-0.758910,0.845642,-0.000973,0.003222
logistic,param,3,5,0.05,4,1.000e-03,128,-0.754304,0.852051,-0.000584,-0.010678
logistic,param,3,5,0.05,4,1.000e-03,129,-0.758161,0.845825,-0.007497,-0.002139
logistic,param,3,5,0.05,4,1.000e-03,130,-0.754796,0.849304,-0.015137,0.001452
logistic,param,3,5,0.05,4,1.000e-03,131,-0.756718,0.851685,0.001584,0.004194
logistic,param,3,5,0.05,4,1.000e-03,132,-0.755036,0.848450,-0.005679,-0.007022
logistic,param,3,5,0.05,4,1.000e-03,133,-0.755167,0.845154,-0.011466,-0.004676
logistic,param,3,5,0.05,4,1.000e-03,134,-0.760206,0.843811,-0.008426,0.006339
logistic,param,3,5,0.05,4,1.000e-03,135,-0.763282,0.843201,0.003428,0.002714
logistic,param,3,5,0.05,4,1.000e-03,136,-0.751746,0.845215,-0.011065,0.001919
logistic,param,3,5,0.05,4,1.000e-03,137,-0.753276,0.846558,-0.014786,0.004252
logistic,param,3,5,0.05,4,1.000e-03,138,-0.758275,0.847290,0.003992,-0.006494
logistic,param,3,5,0.05,4,1.000e-03,139,-0.755391,0.850891,0.005597,-0.010090
logistic,param,3,5,0.05,4,1.000e-03,140,-0.763877,0.844910,-0.000546,0.003431
logistic,param,3,5,0.05,4,1.000e-03,141,-0.758622,0.847046,-0.005418,-0.001938
logistic,param,3,5,0.05,4,1.000e-03,142,-0.762702,0.845642,0.006522,-0.004340
logistic,param,3,5,0.05,4,1.000e-03,143,-0.755683,0.848267,-0.001531,-0.010986
logistic,param,3,5,0.05,4,1.000e-03,144,-0.757787,0.846191,0.008096,-0.003656
logistic,param,3,5,0.05,4,1.000e-03,145,-0.747974,0.852295,-0.006810,-0.016417
logistic,param,3,5,0.05,4,1.000e-03,146,-0.757040,0.846558,0.011665,-0.008481
logistic,param,3,5,0.05,4,1.000e-03,147,-0.751386,0.847717,-0.000327,-0.006082
logistic,param,3,5,0.05,4,1.000e-03,148,-0.763832,0.845642,0.010266,-0.003184
logistic,param,3,5,0.05,4,1.000e-03,149,-0.752803,0.849976,0.004992,-0.014226
logistic,param,3,5,0.05,4,1.000e-03,150,-0.762026,0.846863,0.022061,-0.005867
logistic,param,3,5,0.05,4,1.000e-03,151,-0.756116,0.847534,-0.003148,-0.001376
logistic,param,3,5,0.05,4,1.000e-03,152,-0.756462,0.845215,-0.021422,-0.001953
logistic,param,3,5,0.05,4,1.000e-03,153,-0.755820,0.849609,-0.009717,-0.003643
logistic,param,3,5,0.05,4,1.000e-03,154,-0.756403,0.845154,0.003864,-0.008633
logistic,param,3,5,0.05,4,1.000e-03,155,-0.765949,0.844666,-0.002477,0.013098
logistic,param,3,5,0.05,4,1.000e-03,156,-0.764987,0.843750,-0.001865,0.003327
logistic,param,3,5,0.05,4,1.000e-03,157,-0.759579,0.848145,0.016131,-0.000508
logistic,param,3,5,0.05,4,1.000e-03,158,-0.751439,0.846375,-0.020683,0.001955
logistic,param,3,5,0.05,4,1.000e-03,159,-0.748487,0.849182,-0.019698,-0.011403
logistic,param,3,5,0.05,4,1.000e-03,160,-0.754219,0.846558,-0.004808,-0.015989
logistic,param,3,5,0.05,4,1.000e-03,161,-0.762247,0.842590,0.000651,-0.001849
logistic,param,3,5,0.05,4,1.000e-03,162,-0.759832,0.846619,-0.002390,0.000173
logistic,param,3,5,0.05,4,1.000e-03,163,-0.758310,0.847168,-0.008051,0.005077
logistic,param,3,5,0.05,4,1.000e-03,164,-0.748861,0.849121,-0.013375,-0.014921
logistic,param,3,5,0.05,4,1.000e-03,165,-0.756634,0.847656,0.001937,0.005908
logistic,param,3,5,0.05,4,1.000e-03,166,-0.759547,0.843994,-0.008752,0.001007
logistic,param,3,5,0.05,4,1.000e-03,167,-0.756952,0.845886,0.000428,0.001832
logistic,param,3,5,0.05,4,1.000e-03,168,-0.761069,0.845093,0.005172,0.011282
logistic,param,3,5,0.05,4,1.000e-03,169,-0.756405,0.845886,-0.013636,-0.000759
logistic,param,3,5,0.05,4,1.000e-03,170,-0.756076,0.848267,-0.007252,0.002166
logistic,param,3,5,0.05,4,1.000e-03,171,-0.760942,0.841553,0.000732,-0.001342
logistic,param,3,5,0.05,4,1.000e-03,172,-0.768016,0.839905,0.000984,0.005796
logistic,param,3,5,0.05,4,1.000e-03,173,-0.768476,0.840454,0.012743,-0.001498
logistic,param,3,5,0.05,4,1.000e-03,174,-0.761156,0.845398,0.005874,-0.006755
logistic,param,3,5,0.05,4,1.000e-03,175,-0.758769,0.850281,0.005243,0.003143
logistic,param,3,5,0.05,4,1.000e-03,176,-0.765242,0.844116,0.002051,0.011792
logistic,param,3,5,0.05,4,1.000e-03,177,-0.763239,0.845520,0.005921,0.002117
logistic,param,3,5,0.05,4,1.000e-03,178,-0.760465,0.845276,0.002862,0.000976
logistic,param,3,5,0.05,4,1.000e-03,179,-0.763599,0.843567,0.004292,-0.003156
logistic,param,3,5,0.05,4,1.000e-03,180,-0.771140,0.840515,0.014784,0.002415
logistic,param,3,5,0.05,4,1.000e-03,181,-0.765794,0.844299,0.000284,-0.003515
logistic,param,3,5,0.05,4,1.000e-03,182,-0.765675,0.841187,0.005861,0.004133
logistic,param,3,5,0.05,4,1.000e-03,183,-0.769664,0.841919,0.017670,0.002917
logistic,param,3,5,0.05,4,1.000e-03,184,-0.764493,0.845276,0.008067,0.006752
logistic,param,3,5,0.05,4,1.000e-03,185,-0.761964,0.843201,0.012378,-0.007537
logistic,param,3,5,0.05,4,1.000e-03,186,-0.756185,0.845520,-0.008687,-0.012558
logistic,param,3,5,0.05,4,1.000e-03,187,-0.763492,0.841675,-0.001535,-0.000632
logistic,param,3,5,0.05,4,1.000e-03,188,-0.765830,0.844116,0.004679,0.010507
logistic,param,3,5,0.05,4,1.000e-03,189,-0.761521,0.845154,-0.001161,-0.009540
logistic,param,3,5,0.05,4,1.000e-03,190,-0.764063,0.843384,-0.003786,0.006282
logistic,param,3,5,0.05,4,1.000e-03,191,-0.757266,0.845154,0.006708,0.007390
logistic,param,3,5,0.05,4,1.000e-03,192,-0.763114,0.843750,0.014215,-0.004575
logistic,param,3,5,0.05,4,1.000e-03,193,-0.757432,0.849304,-0.000702,0.006056
logistic,param,3,5,0.05,4,1.000e-03,194,-0.755680,0.848145,0.003113,-0.002499
logistic,param,3,5,0.05,4,1.000e-03,195,-0.751189,0.849182,-0.014930,-0.018651
logistic,param,3,5,0.05,4,1.000e-03,196,-0.759501,0.842590,0.000285,-0.001421
logistic,param,3,5,0.05,4,1.000e-03,197,-0.758276,0.843750,-0.003175,0.003250
logistic,param,3,5,0.05,4,1.000e-03,198,-0.763742,0.845398,0.004847,0.008098
logistic,param,3,5,0.05,4,1.000e-03,199,-0.756795,0.846313,0.002937,-0.003687
logistic,param,3,5,0.05,4,1.000e-03,200,-0.760589,0.844604,0.002868,-0.011309
logistic,param,3,5,0.05,4,1.000e-03,201,-0.758685,0.847168,0.009111,0.000078
logistic,param,3,5,0.05,4,1.000e-03,202,-0.751696,0.849304,-0.009981,-0.012372
logistic,param,3,5,0.05,4,1.000e-03,203,-0.764675,0.845581,0.007997,-0.009516
logistic,param,3,5,0.05,4,1.000e-03,204,-0.764431,0.844360,0.003900,-0.002775
logistic,param,3,5,0.05,4,1.000e-03,205,-0.765287,0.843323,0.010408,-0.004854
logistic,param,3,5,0.05,4,1.000e-03,206,-0.768213,0.841492,0.002884,0.012547
logistic,param,3,5,0.05,4,1.000e-03,207,-0.767866,0.840454,0.020114,0.008362
logistic,param,3,5,0.05,4,1.000e-03,208,-0.758418,0.849182,0.006702,0.003531
logistic,param,3,5,0.05,4,1.000e-03,209,-0.756007,0.848816,-0.008382,-0.006147
logistic,param,3,5,0.05,4,1.000e-03,210,-0.762951,0.845886,-0.001908,0.017977
logistic,param,3,5,0.05,4,1.000e-03,211,-0.763572,0.844421,0.007161,0.001668
logistic,param,3,5,0.05,4,1.000e-03,212,-0.753083,0.848999,-0.015212,-0.008227
logistic,param,3,5,0.05,4,1.000e-03,213,-0.759556,0.846313,0.000501,-0.003610
logistic,param,3,5,0.05,4,1.000e-03,214,-0.766198,0.843933,0.017135,0.000588
logistic,param,3,5,0.05,4,1.000e-03,215,-0.763837,0.844666,0.017436,-0.004192
logistic,param,3,5,0.05,4,1.000e-03,216,-0.767989,0.844788,0.012722,-0.001068
logistic,param,3,5,0.05,4,1.000e-03,217,-0.758168,0.847839,-0.005399,0.000534
logistic,param,3,5,0.05,4,1.000e-03,218,-0.756501,0.846924,-0.001386,-0.007139
logistic,param,3,5,0.05,4,1.000e-03,219,-0.756758,0.848450,-0.011164,0.003475
logistic,param,3,5,0.05,4,1.000e-03,220,-0.757593,0.846985,0.007850,-0.010068
logistic,param,3,5,0.05,4,1.000e-03,221,-0.761974,0.844116,0.000642,-0.003705
logistic,param,3,5,0.05,4,1.000e-03,222,-0.761027,0.847656,0.009999,-0.007836
logistic,param,3,5,0.05,4,1.000e-03,223,-0.765076,0.842468,0.004418,0.010501
logistic,param,3,5,0.05,4,1.000e-03,224,-0.761696,0.848206,-0.001850,-0.001167
logistic,param,3,5,0.05,4,1.000e-03,225,-0.753177,0.849731,-0.005312,-0.010288
logistic,param,3,5,0.05,4,1.000e-03,226,-0.750682,0.849854,-0.017203,-0.011850
logistic,param,3,5,0.05,4,1.000e-03,227,-0.755060,0.845947,-0.006758,-0.002166
logistic,param,3,5,0.05,4,1.000e-03,228,-0.766005,0.841187,0.005754,-0.004602
logistic,param,3,5,0.05,4,1.000e-03,229,-0.761521,0.843994,0.004075,-0.009092
logistic,param,3,5,0.05,4,1.000e-03,230,-0.760742,0.848450,0.001255,0.008704
logistic,param,3,5,0.05,4,1.000e-03,231,-0.755857,0.845825,-0.021011,0.000759
logistic,param,3,5,0.05,4,1.000e-03,232,-0.761653,0.847473,0.000872,0.004838
logistic,param,3,5,0.05,4,1.000e-03,233,-0.754455,0.847961,-0.009476,-0.000359
logistic,param,3,5,0.05,4,1.000e-03,234,-0.760521,0.841736,0.007824,-0.002404
logistic,param,3,5,0.05,4,1.000e-03,235,-0.764912,0.843140,0.007728,-0.003554
logistic,param,3,5,0.05,4,1.000e-03,236,-0.767271,0.842590,0.004825,0.013035
logistic,param,3,5,0.05,4,1.000e-03,237,-0.762493,0.843384,0.009321,-0.002605
logistic,param,3,5,0.05,4,1.000e-03,238,-0.760341,0.846008,-0.000191,0.001587
logistic,param,3,5,0.05,4,1.000e-03,239,-0.764831,0.845947,0.001018,-0.001753
logistic,param,3,5,0.05,4,1.000e-03,240,-0.756872,0.848022,0.004544,-0.012544
logistic,param,3,5,0.05,4,1.000e-03,241,-0.756974,0.847595,-0.005770,-0.018208
logistic,param,3,5,0.05,4,1.000e-03,242,-0.767489,0.841736,0.007409,0.004200
logistic,param,3,5,0.05,4,1.000e-03,243,-0.765016,0.847229,0.003900,0.012031
logistic,param,3,5,0.05,4,1.000e-03,244,-0.760653,0.849243,0.009124,-0.002046
logistic,param,3,5,0.05,4,1.000e-03,245,-0.754686,0.845459,-0.010292,-0.004133
logistic,param,3,5,0.05,4,1.000e-03,246,-0.752559,0.850525,-0.005719,-0.007138
logistic,param,3,5,0.05,4,1.000e-03,247,-0.758907,0.847290,0.000883,-0.000320
logistic,param,3,5,0.05,4,1.000e-03,248,-0.757536,0.846375,-0.008286,-0.000285
logistic,param,3,5,0.05,4,1.000e-03,249,-0.752189,0.849487,-0.003494,-0.002817
logistic,param,3,5,0.05,4,1.000e-03,250,-0.752610,0.845764,-0.002371,-0.005892
logistic,param,3,5,0.05,4,1.000e-03,251,-0.750825,0.848511,-0.020132,-0.003845
logistic,param,3,5,0.05,4,1.000e-03,252,-0.761515,0.845459,0.002248,0.008017
logistic,param,3,5,0.05,4,1.000e-03,253,-0.759471,0.846741,0.005521,-0.006706
logistic,param,3,5,0.05,4,1.000e-03,254,-0.765982,0.843628,0.001077,0.003611
logistic,param,3,5,0.05,4,1.000e-03,255,-0.764448,0.844910,-0.011692,0.006193
logistic,param,3,5,0.05,4,1.000e-03,256,-0.767246,0.842468,0.016861,0.000473
logistic,param,3,5,0.05,4,1.000e-03,257,-0.758314,0.847351,-0.009073,-0.000851
logistic,param,3,5,0.05,4,1.000e-03,258,-0.764372,0.843262,0.004298,0.005118
logistic,param,3,5,0.05,4,1.000e-03,259,-0.764591,0.842468,0.009611,-0.006630
logistic,param,3,5,0.05,4,1.000e-03,260,-0.760870,0.846069,0.001704,0.001487
logistic,param,3,5,0.05,4,1.000e-03,261,-0.757217,0.848511,0.013584,-0.009576
logistic,param,3,5,0.05,4,1.000e-03,262,-0.760555,0.844666,0.008418,-0.002474
logistic,param,3,5,0.05,4,1.000e-03,263,-0.756279,0.847351,-0.021605,0.012722
logistic,param,3,5,0.05,4,1.000e-03,264,-0.767509,0.842834,0.002570,0.009795
logistic,param,3,5,0.05,4,1.000e-03,265,-0.763713,0.839722,0.004933,-0.005155
logistic,param,3,5,0.05,4,1.000e-03,266,-0.761798,0.845581,-0.000962,0.005561
logistic,param,3,5,0.05,4,1.000e-03,267,-0.760408,0.844971,0.003022,-0.000414
logistic,param,3,5,0.05,4,1.000e-03,268,-0.758545,0.848999,0.010242,0.000993
logistic,param,3,5,0.05,4,1.000e-03,269,-0.756498,0.848572,0.011157,-0.004657
logistic,param,3,5,0.05,4,1.000e-03,270,-0.750662,0.853516,-0.009007,-0.007456
logistic,param,3,5,0.05,4,1.000e-03,271,-0.751559,0.848755,-0.005433,-0.015170
logistic,param,3,5,0.05,4,1.000e-03,272,-0.758675,0.845520,0.002422,-0.027025
logistic,param,3,5,0.05,4,1.000e-03,273,-0.766451,0.844543,0.006984,0.005680
logistic,param,3,5,0.05,4,1.000e-03,274,-0.754786,0.847900,-0.006902,-0.012688
logistic,param,3,5,0.05,4,1.000e-03,275,-0.768119,0.841003,0.005384,0.008021
logistic,param,3,5,0.05,4,1.000e-03,276,-0.763974,0.845581,0.007580,-0.000997
logistic,param,3,5,0.05,4,1.000e-03,277,-0.756556,0.844849,-0.011548,-0.000193
logistic,param,3,5,0.05,4,1.000e-03,278,-0.765660,0.843628,-0.000783,0.008366
logistic,param,3,5,0.05,4,1.000e-03,279,-0.768542,0.842346,0.014002,0.012329
logistic,param,3,5,0.05,4,1.000e-03,280,-0.754906,0.846069,0.002688,-0.009704
logistic,param,3,5,0.05,4,1.000e-03,281,-0.755367,0.849304,-0.004480,-0.005818
logistic,param,3,5,0.05,4,1.000e-03,282,-0.761787,0.841858,0.015234,-0.005749
logistic,param,3,5,0.05,4,1.000e-03,283,-0.764977,0.845520,0.000828,0.004819
logistic,param,3,5,0.05,4,1.000e-03,284,-0.764708,0.843628,0.012250,0.000291
logistic,param,3,5,0.05,4,1.000e-03,285,-0.764154,0.844055,0.009288,0.007408
logistic,param,3,5,0.05,4,1.000e-03,286,-0.769603,0.841980,0.011356,0.004016
logistic,param,3,5,0.05,4,1.000e-03,287,-0.759362,0.844177,0.008334,0.003822
logistic,param,3,5,0.05,4,1.000e-03,288,-0.755688,0.846924,0.001239,0.002844
logistic,param,3,5,0.05,4,1.000e-03,289,-0.754173,0.850525,-0.010371,-0.011996
logistic,param,3,5,0.05,4,1.000e-03,290,-0.754168,0.848389,0.006359,-0.005568
logistic,param,3,5,0.05,4,1.000e-03,291,-0.760092,0.845154,0.006227,0.002256
logistic,param,3,5,0.05,4,1.000e-03,292,-0.755421,0.850708,0.016098,-0.019975
logistic,param,3,5,0.05,4,1.000e-03,293,-0.751641,0.849915,-0.002542,-0.007741
logistic,param,3,5,0.05,4,1.000e-03,294,-0.753123,0.849365,-0.005823,0.001015
logistic,param,3,5,0.05,4,1.000e-03,295,-0.751709,0.847229,-0.003257,-0.011005
logistic,param,3,5,0.05,4,1.000e-03,296,-0.761997,0.841309,0.005895,0.007460
logistic,param,3,5,0.05,4,1.000e-03,297,-0.763829,0.838928,0.008061,0.015184
logistic,param,3,5,0.05,4,1.000e-03,298,-0.758345,0.846130,0.000158,0.000618
logistic,param,3,5,0.05,4,1.000e-03,299,-0.759464,0.845154,-0.006136,-0.000805
logistic,param,3,5,0.05,4,1.000e-03,300,-0.753180,0.847717,-0.012905,0.004452
logistic,param,3,5,0.05,4,1.000e-03,301,-0.761162,0.844971,0.001860,0.004485
logistic,param,3,5,0.05,4,1.000e-03,302,-0.766158,0.843201,-0.000554,0.002825
logistic,param,3,5,0.05,4,1.000e-03,303,-0.761812,0.847534,-0.002565,0.003696
logistic,param,3,5,0.05,4,1.000e-03,304,-0.751956,0.849365,0.000443,-0.008443
logistic,param,3,5,0.05,4,1.000e-03,305,-0.757786,0.845032,-0.019621,0.000422
logistic,param,3,5,0.05,4,1.000e-03,306,-0.755240,0.847351,-0.008121,-0.005204
logistic,param,3,5,0.05,4,1.000e-03,307,-0.749632,0.846558,-0.015467,-0.002963
logistic,param,3,5,0.05,4,1.000e-03,308,-0.753982,0.849854,0.004326,-0.000213
logistic,param,3,5,0.05,4,1.000e-03,309,-0.761491,0.846863,0.015363,0.000668
logistic,param,3,5,0.05,4,1.000e-03,310,-0.757903,0.848999,-0.005178,0.004840
logistic,param,3,5,0.05,4,1.000e-03,311,-0.764988,0.845520,0.003583,0.012216
logistic,param,3,5,0.05,4,1.000e-03,312,-0.753427,0.844116,-0.016887,-0.010514
logistic,param,3,5,0.05,4,1.000e-03,313,-0.762360,0.846130,-0.002622,0.012619
logistic,param,3,5,0.05,4,1.000e-03,314,-0.761996,0.847290,0.014845,-0.004722
logistic,param,3,5,0.05,4,1.000e-03,315,-0.756323,0.844788,-0.013732,-0.000539
logistic,param,3,5,0.05,4,1.000e-03,316,-0.759956,0.843933,0.000721,-0.004651
logistic,param,3,5,0.05,4,1.000e-03,317,-0.770675,0.844116,0.012333,0.019227
logistic,param,3,5,0.05,4,1.000e-03,318,-0.761164,0.843994,0.005416,-0.001192
logistic,param,3,5,0.05,4,1.000e-03,319,-0.753571,0.847656,-0.003112,-0.007528
logistic,param,3,5,0.05,4,1.000e-03,320,-0.756867,0.846375,0.001085,-0.004834
logistic,param,3,5,0.05,4,1.000e-03,321,-0.758567,0.845581,-0.003848,-0.002558
logistic,param,3,5,0.05,4,1.000e-03,322,-0.758467,0.845215,0.004855,-0.001627
logistic,param,3,5,0.05,4,1.000e-03,323,-0.759095,0.846436,0.000893,-0.000694
logistic,param,3,5,0.05,4,1.000e-03,324,-0.761124,0.847656,0.006384,-0.007686
logistic,param,3,5,0.05,4,1.000e-03,325,-0.753478,0.847778,0.001463,-0.001331
logistic,param,3,5,0.05,4,1.000e-03,326,-0.757546,0.848206,0.005023,0.004354
logistic,param,3,5,0.05,4,1.000e-03,327,-0.753953,0.846863,-0.005468,0.000293
logistic,param,3,5,0.05,4,1.000e-03,328,-0.747028,0.854370,-0.005174,-0.014980
logistic,param,3,5,0.05,4,1.000e-03,329,-0.762145,0.846924,0.014991,-0.008115
logistic,param,3,5,0.05,4,1.000e-03,330,-0.761659,0.845520,-0.005494,0.001935
logistic,param,3,5,0.05,4,1.000e-03,331,-0.770568,0.837036,0.013788,0.012892
logistic,param,3,5,0.05,4,1.000e-03,332,-0.764131,0.844238,0.006107,0.008044
logistic,param,3,5,0.05,4,1.000e-03,333,-0.759162,0.843384,-0.000447,0.001129
logistic,param,3,5,0.05,4,1.000e-03,334,-0.755632,0.848694,-0.009264,-0.003667
logistic,param,3,5,0.05,4,1.000e-03,335,-0.757568,0.848389,-0.002742,-0.011187
logistic,param,3,5,0.05,4,1.000e-03,336,-0.762491,0.845154,0.010443,-0.000319
logistic,param,3,5,0.05,4,1.000e-03,337,-0.757088,0.847412,0.004275,0.003447
logistic,param,3,5,0.05,4,1.000e-03,338,-0.748312,0.850891,-0.012643,-0.004543
logistic,param,3,5,0.05,4,1.000e-03,339,-0.754199,0.845703,-0.007783,-0.002280
logistic,param,3,5,0.05,4,1.000e-03,340,-0.757456,0.845947,-0.009564,-0.000565
logistic,param,3,5,0.05,4,1.000e-03,341,-0.762855,0.844910,-0.004776,0.015160
logistic,param,3,5,0.05,4,1.000e-03,342,-0.757189,0.847656,0.005965,0.003543
logistic,param,3,5,0.05,4,1.000e-03,343,-0.753971,0.848938,-0.011037,-0.011253
logistic,param,3,5,0.05,4,1.000e-03,344,-0.760967,0.845825,-0.001100,0.002763
logistic,param,3,5,0.05,4,1.000e-03,345,-0.760508,0.846924,0.008870,-0.004112
logistic,param,3,5,0.05,4,1.000e-03,346,-0.754309,0.844055,-0.003171,-0.014666
logistic,param,3,5,0.05,4,1.000e-03,347,-0.764338,0.842773,-0.002240,0.007337
logistic,param,3,5,0.05,4,1.000e-03,348,-0.761450,0.844604,0.006446,0.009895
logistic,param,3,5,0.05,4,1.000e-03,349,-0.754819,0.846313,-0.006420,-0.003665
logistic,param,3,5,0.05,4,1.000e-03,350,-0.755262,0.846741,-0.006441,0.005453
logistic,param,3,5,0.05,4,1.000e-03,351,-0.754151,0.847351,0.003009,-0.004236
logistic,param,3,5,0.05,4,1.000e-03,352,-0.762679,0.844177,-0.006945,0.011186
logistic,param,3,5,0.05,4,1.000e-03,353,-0.749464,0.851379,-0.011866,-0.018275
logistic,param,3,5,0.05,4,1.000e-03,354,-0.763158,0.844543,0.004159,-0.010096
logistic,param,3,5,0.05,4,1.000e-03,355,-0.766311,0.842712,0.000533,0.003706
logistic,param,3,5,0.05,4,1.000e-03,356,-0.767936,0.840881,0.005956,0.002825
logistic,param,3,5,0.05,4,1.000e-03,357,-0.762002,0.845032,-0.009528,0.003221
logistic,param,3,5,0.05,4,1.000e-03,358,-0.764215,0.847168,-0.009614,0.005578
logistic,param,3,5,0.05,4,1.000e-03,359,-0.762208,0.846313,-0.016994,0.001659
logistic,param,3,5,0.05,4,1.000e-03,360,-0.767687,0.844116,0.009074,-0.005447
logistic,param,3,5,0.05,4,1.000e-03,361,-0.774643,0.837402,0.015981,0.005421
logistic,param,3,5,0.05,4,1.000e-03,362,-0.763294,0.843018,-0.010063,0.011957
logistic,param,3,5,0.05,4,1.000e-03,363,-0.763095,0.843689,0.011547,0.002846
logistic,param,3,5,0.05,4,1.000e-03,364,-0.752114,0.847351,-0.005140,-0.003853
logistic,param,3,5,0.05,4,1.000e-03,365,-0.755276,0.848633,-0.004120,0.000477
logistic,param,3,5,0.05,4,1.000e-03,366,-0.753828,0.849426,-0.007682,-0.009982
logistic,param,3,5,0.05,4,1.000e-03,367,-0.759770,0.844116,0.005280,-0.010098
logistic,param,3,5,0.05,4,1.000e-03,368,-0.754199,0.847778,-0.004866,-0.003801
logistic,param,3,5,0.05,4,1.000e-03,369,-0.770193,0.841797,0.014329,0.008875
logistic,param,3,5,0.05,4,1.000e-03,370,-0.755611,0.849060,0.008835,-0.010136
logistic,param,3,5,0.05,4,1.000e-03,371,-0.754229,0.846252,-0.001287,-0.009961
logistic,param,3,5,0.05,4,1.000e-03,372,-0.754980,0.851135,-0.013791,0.001507
logistic,param,3,5,0.05,4,1.000e-03,373,-0.757108,0.847351,0.000809,-0.010498
logistic,param,3,5,0.05,4,1.000e-03,374,-0.761270,0.846497,0.010466,-0.000163
logistic,param,3,5,0.05,4,1.000e-03,375,-0.763490,0.844421,0.003513,0.001592
logistic,param,3,5,0.05,4,1.000e-03,376,-0.753280,0.843872,-0.002893,-0.010189
logistic,param,3,5,0.05,4,1.000e-03,377,-0.764717,0.844482,0.007145,0.011210
logistic,param,3,5,0.05,4,1.000e-03,378,-0.769557,0.841736,0.010753,-0.001839
logistic,param,3,5,0.05,4,1.000e-03,379,-0.770353,0.838074,0.017398,-0.010073
logistic,param,3,5,0.05,4,1.000e-03,380,-0.763940,0.842163,0.012175,-0.010556
logistic,param,3,5,0.05,4,1.000e-03,381,-0.755396,0.848572,0.003054,-0.005084
logistic,param,3,5,0.05,4,1.000e-03,382,-0.753170,0.848938,-0.002991,-0.009830
logistic,param,3,5,0.05,4,1.000e-03,383,-0.749984,0.846497,-0.005577,-0.010922
logistic,param,3,5,0.05,4,1.000e-03,384,-0.761082,0.841492,-0.004165,-0.002783
logistic,param,3,5,0.05,4,1.000e-03,385,-0.761023,0.845215,0.008089,0.004508
logistic,param,3,5,0.05,4,1.000e-03,386,-0.762859,0.843628,-0.000323,0.009510
logistic,param,3,5,0.05,4,1.000e-03,387,-0.760287,0.845642,-0.004992,0.011899
logistic,param,3,5,0.05,4,1.000e-03,388,-0.751453,0.848755,-0.010616,-0.010768
logistic,param,3,5,0.05,4,1.000e-03,389,-0.755857,0.844543,-0.000582,-0.003687
logistic,param,3,5,0.05,4,1.000e-03,390,-0.764059,0.841736,0.002042,0.006003
logistic,param,3,5,0.05,4,1.000e-03,391,-0.759660,0.845032,0.001516,-0.002786
logistic,param,3,5,0.05,4,1.000e-03,392,-0.758497,0.842468,-0.007915,0.009797
logistic,param,3,5,0.05,4,1.000e-03,393,-0.753598,0.849487,-0.009285,0.003475
logistic,param,3,5,0.05,4,1.000e-03,394,-0.756230,0.847778,-0.003571,0.003690
logistic,param,3,5,0.05,4,1.000e-03,395,-0.762311,0.844421,-0.000665,0.002798
logistic,param,3,5,0.05,4,1.000e-03,396,-0.754190,0.849670,-0.007542,-0.003893
logistic,param,3,5,0.05,4,1.000e-03,397,-0.759852,0.842957,-0.001096,0.005692
logistic,param,3,5,0.05,4,1.000e-03,398,-0.753544,0.846313,0.004190,-0.004490
logistic,param,3,5,0.05,4,1.000e-03,399,-0.756840,0.847961,0.000930,-0.010518
logistic,param,3,5,0.05,4,1.000e-03,400,-0.756494,0.846619,-0.008923,0.003679
logistic,param,3,5,0.05,4,1.000e-02,1,-6.111225,0.006592,0.982248,0.982853
logistic,param,3,5,0.05,4,1.000e-02,2,-5.241839,0.008911,0.977010,0.976068
logistic,param,3,5,0.05,4,1.000e-02,3,-4.555113,0.009338,0.972010,0.981907
logistic,param,3,5,0.05,4,1.000e-02,4,-3.898839,0.020386,0.960255,0.946669
logistic,param,3,5,0.05,4,1.000e-02,5,-3.278116,0.034790,0.926622,0.920897
logistic,param,3,5,0.05,4,1.000e-02,6,-2.689671,0.087219,0.874913,0.853873
logistic,param,3,5,0.05,4,1.000e-02,7,-2.144336,0.208008,0.774185,0.753691
logistic,param,3,5,0.05,4,1.000e-02,8,-1.652962,0.411194,0.639071,0.599922
logistic,param,3,5,0.05,4,1.000e-02,9,-1.266668,0.609192,0.425678,0.418024
logistic,param,3,5,0.05,4,1.000e-02,10,-1.021152,0.730164,0.260506,0.233047
logistic,param,3,5,0.05,4,1.000e-02,11,-0.867131,0.801270,0.100420,0.101973
logistic,param,3,5,0.05,4,1.000e-02,12,-0.809173,0.825928,0.040793,0.043631
logistic,param,3,5,0.05,4,1.000e-02,13,-0.787922,0.837158,0.019276,0.024172
logistic,param,3,5,0.05,4,1.000e-02,14,-0.770644,0.839783,-0.003473,0.010044
logistic,param,3,5,0.05,4,1.000e-02,15,-0.763704,0.845337,-0.007580,0.009688
logistic,param,3,5,0.05,4,1.000e-02,16,-0.765485,0.844116,-0.016945,0.011884
logistic,param,3,5,0.05,4,1.000e-02,17,-0.756271,0.847717,-0.006567,-0.017132
logistic,param,3,5,0.05,4,1.000e-02,18,-0.768106,0.842896,-0.002426,-0.007749
logistic,param,3,5,0.05,4,1.000e-02,19,-0.764421,0.844482,-0.002380,-0.011145
logistic,param,3,5,0.05,4,1.000e-02,20,-0.773691,0.840210,-0.004144,0.004887
logistic,param,3,5,0.05,4,1.000e-02,21,-0.772248,0.841492,-0.008323,0.012225
logistic,param,3,5,0.05,4,1.000e-02,22,-0.767050,0.844421,0.003074,0.002253
logistic,param,3,5,0.05,4,1.000e-02,23,-0.763633,0.846252,-0.002787,0.000902
logistic,param,3,5,0.05,4,1.000e-02,24,-0.761989,0.844666,-0.008509,-0.004043
logistic,param,3,5,0.05,4,1.000e-02,25,-0.769189,0.843933,0.006003,0.012836
logistic,param,3,5,0.05,4,1.000e-02,26,-0.761868,0.845886,-0.000740,-0.017258
logistic,param,3,5,0.05,4,1.000e-02,27,-0.767252,0.843750,0.007113,-0.014564
logistic,param,3,5,0.05,4,1.000e-02,28,-0.775289,0.841431,0.011297,0.004539
logistic,param,3,5,0.05,4,1.000e-02,29,-0.775779,0.841431,0.001234,0.004927
logistic,param,3,5,0.05,4,1.000e-02,30,-0.774339,0.842773,0.005842,0.000820
logistic,param,3,5,0.05,4,1.000e-02,31,-0.776188,0.841125,0.010367,0.006412
logistic,param,3,5,0.05,4,1.000e-02,32,-0.770934,0.841309,-0.002477,0.006595
logistic,param,3,5,0.05,4,1.000e-02,33,-0.777605,0.838867,0.015110,0.006916
logistic,param,3,5,0.05,4,1.000e-02,34,-0.772949,0.839355,0.000581,0.004383
logistic,param,3,5,0.05,4,1.000e-02,35,-0.768587,0.841675,0.014993,0.008456
logistic,param,3,5,0.05,4,1.000e-02,36,-0.767164,0.842224,-0.000551,0.003639
logistic,param,3,5,0.05,4,1.000e-02,37,-0.754889,0.850525,-0.019901,-0.012139
logistic,param,3,5,0.05,4,1.000e-02,38,-0.767340,0.843018,-0.005108,-0.005192
logistic,param,3,5,0.05,4,1.000e-02,39,-0.769257,0.840454,0.004197,0.008263
logistic,param,3,5,0.05,4,1.000e-02,40,-0.774854,0.839661,0.009045,0.001399
logistic,param,3,5,0.05,4,1.000e-02,41,-0.773322,0.843567,0.002300,0.008553
logistic,param,3,5,0.05,4,1.000e-02,42,-0.768453,0.843018,-0.000660,0.009337
logistic,param,3,5,0.05,4,1.000e-02,43,-0.764006,0.848206,-0.008853,0.009744
logistic,param,3,5,0.05,4,1.000e-02,44,-0.763213,0.844910,-0.014439,-0.009237
logistic,param,3,5,0.05,4,1.000e-02,45,-0.765484,0.845154,-0.004802,0.002428
logistic,param,3,5,0.05,4,1.000e-02,46,-0.770842,0.840881,0.009149,0.001036
logistic,param,3,5,0.05,4,1.000e-02,47,-0.771378,0.844666,0.008959,-0.001634
logistic,param,3,5,0.05,4,1.000e-02,48,-0.763924,0.840942,0.000910,-0.003018
logistic,param,3,5,0.05,4,1.000e-02,49,-0.764721,0.845764,0.002085,-0.003833
logistic,param,3,5,0.05,4,1.000e-02,50,-0.772380,0.841064,-0.008063,0.012574
logistic,param,3,5,0.05,4,1.000e-02,51,-0.765472,0.844238,-0.003153,0.006637
logistic,param,3,5,0.05,4,1.000e-02,52,-0.764939,0.845520,-0.006249,0.004984
logistic,param,3,5,0.05,4,1.000e-02,53,-0.770460,0.840759,0.008079,-0.000225
logistic,param,3,5,0.05,4,1.000e-02,54,-0.761683,0.846375,-0.007305,0.011226
logistic,param,3,5,0.05,4,1.000e-02,55,-0.772983,0.841309,0.009532,-0.011331
logistic,param,3,5,0.05,4,1.000e-02,56,-0.761414,0.843567,-0.008185,-0.012329
logistic,param,3,5,0.05,4,1.000e-02,57,-0.766649,0.842346,-0.002838,-0.006910
logistic,param,3,5,0.05,4,1.000e-02,58,-0.770915,0.843262,0.014806,0.009331
logistic,param,3,5,0.05,4,1.000e-02,59,-0.769551,0.843872,0.000014,-0.004136
logistic,param,3,5,0.05,4,1.000e-02,60,-0.767353,0.842346,-0.000144,-0.003376
logistic,param,3,5,0.05,4,1.000e-02,61,-0.765221,0.844177,-0.006036,-0.007130
logistic,param,3,5,0.05,4,1.000e-02,62,-0.770303,0.843506,0.013376,0.000290
logistic,param,3,5,0.05,4,1.000e-02,63,-0.760717,0.845093,0.004623,-0.008757
logistic,param,3,5,0.05,4,1.000e-02,64,-0.758672,0.845276,-0.015627,-0.003365
logistic,param,3,5,0.05,4,1.000e-02,65,-0.766405,0.845215,0.006028,-0.000108
logistic,param,3,5,0.05,4,1.000e-02,66,-0.767106,0.847290,-0.000501,0.006275
logistic,param,3,5,0.05,4,1.000e-02,67,-0.763983,0.847473,0.003258,-0.007391
logistic,param,3,5,0.05,4,1.000e-02,68,-0.757132,0.848938,-0.010137,-0.002902
logistic,param,3,5,0.05,4,1.000e-02,69,-0.769295,0.840332,0.003448,-0.004376
logistic,param,3,5,0.05,4,1.000e-02,70,-0.772187,0.841370,0.005757,-0.010888
logistic,param,3,5,0.05,4,1.000e-02,71,-0.774232,0.838135,0.004645,0.009715
logistic,param,3,5,0.05,4,1.000e-02,72,-0.760418,0.847412,0.005163,0.007214
logistic,param,3,5,0.05,4,1.000e-02,73,-0.762545,0.848328,0.011320,0.002398
logistic,param,3,5,0.05,4,1.000e-02,74,-0.760141,0.846375,-0.001415,-0.008441
logistic,param,3,5,0.05,4,1.000e-02,75,-0.754709,0.849976,-0.012121,-0.003236
logistic,param,3,5,0.05,4,1.000e-02,76,-0.759698,0.846558,-0.021683,0.001852
logistic,param,3,5,0.05,4,1.000e-02,77,-0.763172,0.847168,0.002585,0.002597
logistic,param,3,5,0.05,4,1.000e-02,78,-0.771321,0.844116,-0.006166,0.007350
logistic,param,3,5,0.05,4,1.000e-02,79,-0.776801,0.841064,0.006168,0.023904
logistic,param,3,5,0.05,4,1.000e-02,80,-0.774012,0.839355,0.002597,0.006264
logistic,param,3,5,0.05,4,1.000e-02,81,-0.765989,0.846985,-0.003961,-0.002830
logistic,param,3,5,0.05,4,1.000e-02,82,-0.772316,0.843262,0.009114,0.008467
logistic,param,3,5,0.05,4,1.000e-02,83,-0.765494,0.845459,0.008217,-0.010537
logistic,param,3,5,0.05,4,1.000e-02,84,-0.761235,0.845947,-0.009765,-0.008370
logistic,param,3,5,0.05,4,1.000e-02,85,-0.774755,0.843079,0.003020,0.015240
logistic,param,3,5,0.05,4,1.000e-02,86,-0.777511,0.838745,0.013276,0.006581
logistic,param,3,5,0.05,4,1.000e-02,87,-0.768606,0.843262,0.008959,-0.000592
logistic,param,3,5,0.05,4,1.000e-02,88,-0.770901,0.842712,0.013349,0.001551
logistic,param,3,5,0.05,4,1.000e-02,89,-0.770965,0.842957,0.015090,-0.004641
logistic,param,3,5,0.05,4,1.000e-02,90,-0.772987,0.839478,0.007688,0.000402
logistic,param,3,5,0.05,4,1.000e-02,91,-0.767734,0.843323,-0.000897,0.002471
logistic,param,3,5,0.05,4,1.000e-02,92,-0.763909,0.846558,0.016782,-0.016964
logistic,param,3,5,0.05,4,1.000e-02,93,-0.768443,0.845703,0.003189,0.005259
logistic,param,3,5,0.05,4,1.000e-02,94,-0.764960,0.845459,0.007959,0.000156
logistic,param,3,5,0.05,4,1.000e-02,95,-0.766113,0.842163,-0.005282,0.005800
logistic,param,3,5,0.05,4,1.000e-02,96,-0.765466,0.846802,0.000576,0.001912
logistic,param,3,5,0.05,4,1.000e-02,97,-0.768540,0.845703,0.005447,0.005028
logistic,param,3,5,0.05,4,1.000e-02,98,-0.773446,0.843140,0.001777,0.003135
logistic,param,3,5,0.05,4,1.000e-02,99,-0.768922,0.844666,0.005912,0.002429
logistic,param,3,5,0.05,4,1.000e-02,100,-0.772217,0.842102,0.004739,0.003331
logistic,param,3,5,0.05,4,1.000e-02,101,-0.767260,0.842896,0.001216,-0.005439
logistic,param,3,5,0.05,4,1.000e-02,102,-0.766734,0.842773,0.008696,-0.009165
logistic,param,3,5,0.05,4,1.000e-02,103,-0.765879,0.844055,-0.008272,0.003861
logistic,param,3,5,0.05,4,1.000e-02,104,-0.766755,0.842712,-0.008432,0.004039
logistic,param,3,5,0.05,4,1.000e-02,105,-0.768974,0.844849,0.011740,-0.000151
logistic,param,3,5,0.05,4,1.000e-02,106,-0.751103,0.851624,-0.004926,-0.014659
logistic,param,3,5,0.05,4,1.000e-02,107,-0.758039,0.845764,-0.015848,-0.006725
logistic,param,3,5,0.05,4,1.000e-02,108,-0.761463,0.846252,-0.001352,-0.002314
logistic,param,3,5,0.05,4,1.000e-02,109,-0.768649,0.843567,0.008100,-0.000073
logistic,param,3,5,0.05,4,1.000e-02,110,-0.767532,0.841370,0.006549,-0.001633
logistic,param,3,5,0.05,4,1.000e-02,111,-0.768824,0.843628,0.002271,0.004187
logistic,param,3,5,0.05,4,1.000e-02,112,-0.763119,0.843079,-0.005020,0.001496
logistic,param,3,5,0.05,4,1.000e-02,113,-0.772775,0.840637,0.012593,0.013055
logistic,param,3,5,0.05,4,1.000e-02,114,-0.764689,0.843018,0.004326,0.003280
logistic,param,3,5,0.05,4,1.000e-02,115,-0.763602,0.841187,-0.003481,-0.003373
logistic,param,3,5,0.05,4,1.000e-02,116,-0.761934,0.845215,0.001263,-0.003927
logistic,param,3,5,0.05,4,1.000e-02,117,-0.771526,0.841309,0.002300,0.008106
logistic,param,3,5,0.05,4,1.000e-02,118,-0.763853,0.846069,-0.003569,0.002545
logistic,param,3,5,0.05,4,1.000e-02,119,-0.766201,0.843323,0.000324,0.001257
logistic,param,3,5,0.05,4,1.000e-02,120,-0.771577,0.841858,-0.000068,0.003157
logistic,param,3,5,0.05,4,1.000e-02,121,-0.765238,0.846252,0.000437,0.001436
logistic,param,3,5,0.05,4,1.000e-02,122,-0.758323,0.847595,0.002706,-0.001625
logistic,param,3,5,0.05,4,1.000e-02,123,-0.765847,0.846680,-0.000389,0.004725
logistic,param,3,5,0.05,4,1.000e-02,124,-0.768753,0.843262,0.003044,0.004216
logistic,param,3,5,0.05,4,1.000e-02,125,-0.763211,0.843811,-0.015523,0.007714
logistic,param,3,5,0.05,4,1.000e-02,126,-0.769054,0.843994,-0.008086,-0.005132
logistic,param,3,5,0.05,4,1.000e-02,127,-0.771929,0.839966,-0.002129,0.005947
logistic,param,3,5,0.05,4,1.000e-02,128,-0.771644,0.840881,0.001427,-0.004407
logistic,param,3,5,0.05,4,1.000e-02,129,-0.770855,0.844727,-0.004594,0.008770
logistic,param,3,5,0.05,4,1.000e-02,130,-0.771531,0.839966,0.004313,0.009589
logistic,param,3,5,0.05,4,1.000e-02,131,-0.766077,0.839844,-0.006023,0.006442
logistic,param,3,5,0.05,4,1.000e-02,132,-0.767647,0.846252,0.000277,-0.000414
logistic,param,3,5,0.05,4,1.000e-02,133,-0.765700,0.843811,0.006544,0.000118
logistic,param,3,5,0.05,4,1.000e-02,134,-0.764211,0.847412,0.003714,-0.005341
logistic,param,3,5,0.05,4,1.000e-02,135,-0.764968,0.845459,0.007907,-0.009867
logistic,param,3,5,0.05,4,1.000e-02,136,-0.763623,0.843506,-0.009463,0.001582
logistic,param,3,5,0.05,4,1.000e-02,137,-0.768543,0.843567,0.003281,-0.004476
logistic,param,3,5,0.05,4,1.000e-02,138,-0.772140,0.841187,-0.004230,0.000616
logistic,param,3,5,0.05,4,1.000e-02,139,-0.766073,0.844299,-0.004746,0.005737
logistic,param,3,5,0.05,4,1.000e-02,140,-0.761871,0.846375,-0.009041,-0.004306
logistic,param,3,5,0.05,4,1.000e-02,141,-0.764396,0.845276,-0.008405,-0.003676
logistic,param,3,5,0.05,4,1.000e-02,142,-0.762519,0.844604,-0.009224,-0.002897
logistic,param,3,5,0.05,4,1.000e-02,143,-0.766563,0.845764,0.001282,-0.003005
logistic,param,3,5,0.05,4,1.000e-02,144,-0.772288,0.842773,0.005157,-0.002820
logistic,param,3,5,0.05,4,1.000e-02,145,-0.768750,0.845520,-0.000565,0.005541
logistic,param,3,5,0.05,4,1.000e-02,146,-0.769414,0.843262,-0.003312,0.001746
logistic,param,3,5,0.05,4,1.000e-02,147,-0.767867,0.842651,0.006394,-0.003839
logistic,param,3,5,0.05,4,1.000e-02,148,-0.763656,0.847900,-0.011853,0.014195
logistic,param,3,5,0.05,4,1.000e-02,149,-0.767889,0.843933,0.009521,0.003170
logistic,param,3,5,0.05,4,1.000e-02,150,-0.767063,0.843811,0.000254,0.004540
logistic,param,3,5,0.05,4,1.000e-02,151,-0.768661,0.843506,-0.001577,0.006960
logistic,param,3,5,0.05,4,1.000e-02,152,-0.767091,0.843018,-0.002590,-0.006229
logistic,param,3,5,0.05,4,1.000e-02,153,-0.775303,0.841309,-0.002363,0.010416
logistic,param,3,5,0.05,4,1.000e-02,154,-0.769938,0.841370,0.010824,-0.002786
logistic,param,3,5,0.05,4,1.000e-02,155,-0.760707,0.844482,-0.006464,-0.000565
logistic,param,3,5,0.05,4,1.000e-02,156,-0.762046,0.847229,-0.007275,-0.008454
logistic,param,3,5,0.05,4,1.000e-02,157,-0.760707,0.847534,-0.001143,-0.002220
logistic,param,3,5,0.05,4,1.000e-02,158,-0.762768,0.846497,-0.002628,-0.004139
logistic,param,3,5,0.05,4,1.000e-02,159,-0.761231,0.846802,-0.010887,0.000023
logistic,param,3,5,0.05,4,1.000e-02,160,-0.760141,0.847168,0.000503,-0.002252
logistic,param,3,5,0.05,4,1.000e-02,161,-0.767687,0.843323,-0.003600,-0.003171
logistic,param,3,5,0.05,4,1.000e-02,162,-0.764714,0.841187,-0.006337,-0.003851
logistic,param,3,5,0.05,4,1.000e-02,163,-0.768412,0.845764,-0.008448,0.017080
logistic,param,3,5,0.05,4,1.000e-02,164,-0.768192,0.843201,-0.005588,0.007067
logistic,param,3,5,0.05,4,1.000e-02,165,-0.766269,0.845093,0.000766,-0.001000
logistic,param,3,5,0.05,4,1.000e-02,166,-0.761500,0.847229,0.002381,-0.001956
logistic,param,3,5,0.05,4,1.000e-02,167,-0.767701,0.842712,0.004017,-0.001670
logistic,param,3,5,0.05,4,1.000e-02,168,-0.771018,0.839539,-0.005881,0.003588
logistic,param,3,5,0.05,4,1.000e-02,169,-0.765581,0.845764,-0.001175,-0.006586
logistic,param,3,5,0.05,4,1.000e-02,170,-0.760846,0.846008,-0.001618,-0.013176
logistic,param,3,5,0.05,4,1.000e-02,171,-0.768711,0.841797,0.013929,-0.009707
logistic,param,3,5,0.05,4,1.000e-02,172,-0.760583,0.844604,-0.019106,-0.002041
logistic,param,3,5,0.05,4,1.000e-02,173,-0.764594,0.844910,-0.008680,0.013051
logistic,param,3,5,0.05,4,1.000e-02,174,-0.764283,0.843872,0.001988,0.004506
logistic,param,3,5,0.05,4,1.000e-02,175,-0.763526,0.839417,-0.003156,0.001528
logistic,param,3,5,0.05,4,1.000e-02,176,-0.770041,0.846008,0.011101,-0.000315
logistic,param,3,5,0.05,4,1.000e-02,177,-0.763643,0.844299,0.001754,-0.009940
logistic,param,3,5,0.05,4,1.000e-02,178,-0.766733,0.845886,0.006734,0.001936
logistic,param,3,5,0.05,4,1.000e-02,179,-0.761425,0.844055,0.003217,-0.011221
logistic,param,3,5,0.05,4,1.000e-02,180,-0.771203,0.840027,0.001361,0.007496
logistic,param,3,5,0.05,4,1.000e-02,181,-0.768191,0.844604,-0.001654,-0.004853
logistic,param,3,5,0.05,4,1.000e-02,182,-0.767024,0.845642,0.001823,0.005795
logistic,param,3,5,0.05,4,1.000e-02,183,-0.760736,0.846619,-0.017635,-0.002701
logistic,param,3,5,0.05,4,1.000e-02,184,-0.770972,0.843750,-0.000647,0.012436
logistic,param,3,5,0.05,4,1.000e-02,185,-0.764736,0.842590,-0.004336,0.008714
logistic,param,3,5,0.05,4,1.000e-02,186,-0.765082,0.845947,-0.000379,-0.000939
logistic,param,3,5,0.05,4,1.000e-02,187,-0.772989,0.841675,0.009778,0.009681
logistic,param,3,5,0.05,4,1.000e-02,188,-0.764114,0.845764,-0.009235,-0.003478
logistic,param,3,5,0.05,4,1.000e-02,189,-0.769283,0.845154,0.008474,-0.004021
logistic,param,3,5,0.05,4,1.000e-02,190,-0.763571,0.843506,-0.016507,-0.002850
logistic,param,3,5,0.05,4,1.000e-02,191,-0.757689,0.847900,-0.010689,-0.016023
logistic,param,3,5,0.05,4,1.000e-02,192,-0.759498,0.849304,-0.003442,-0.002766
logistic,param,3,5,0.05,4,1.000e-02,193,-0.756534,0.848083,-0.008584,0.003365
logistic,param,3,5,0.05,4,1.000e-02,194,-0.756612,0.848633,-0.008953,-0.016115
logistic,param,3,5,0.05,4,1.000e-02,195,-0.769775,0.843384,0.011428,-0.008732
logistic,param,3,5,0.05,4,1.000e-02,196,-0.769701,0.841492,-0.000640,0.004098
logistic,param,3,5,0.05,4,1.000e-02,197,-0.771395,0.841492,0.009203,0.007924
logistic,param,3,5,0.05,4,1.000e-02,198,-0.771161,0.842407,0.001820,-0.016169
logistic,param,3,5,0.05,4,1.000e-02,199,-0.777159,0.836853,0.010372,0.008691
logistic,param,3,5,0.05,4,1.000e-02,200,-0.765110,0.845581,-0.007432,-0.000349
logistic,param,3,5,0.05,4,1.000e-02,201,-0.765491,0.844421,-0.002681,-0.001986
logistic,param,3,5,0.05,4,1.000e-02,202,-0.758709,0.848450,-0.008823,-0.005953
logistic,param,3,5,0.05,4,1.000e-02,203,-0.761279,0.846008,0.006722,-0.012283
logistic,param,3,5,0.05,4,1.000e-02,204,-0.770413,0.842346,0.012710,-0.000840
logistic,param,3,5,0.05,4,1.000e-02,205,-0.769160,0.842773,0.000262,-0.001548
logistic,param,3,5,0.05,4,1.000e-02,206,-0.776218,0.840820,0.012586,0.015026
logistic,param,3,5,0.05,4,1.000e-02,207,-0.763391,0.845581,0.000034,-0.009045
logistic,param,3,5,0.05,4,1.000e-02,208,-0.763919,0.842896,-0.006835,0.000026
logistic,param,3,5,0.05,4,1.000e-02,209,-0.771093,0.845520,-0.002136,0.018601
logistic,param,3,5,0.05,4,1.000e-02,210,-0.760545,0.846680,-0.002053,-0.002562
logistic,param,3,5,0.05,4,1.000e-02,211,-0.766157,0.844421,-0.000102,0.017553
logistic,param,3,5,0.05,4,1.000e-02,212,-0.760981,0.843689,-0.007440,-0.006914
logistic,param,3,5,0.05,4,1.000e-02,213,-0.765359,0.841919,0.003510,-0.003883
logistic,param,3,5,0.05,4,1.000e-02,214,-0.759459,0.847473,0.013108,-0.013070
logistic,param,3,5,0.05,4,1.000e-02,215,-0.764791,0.844727,0.001591,-0.000599
logistic,param,3,5,0.05,4,1.000e-02,216,-0.750660,0.852112,-0.014071,-0.019583
logistic,param,3,5,0.05,4,1.000e-02,217,-0.761257,0.841980,-0.010865,0.002848
logistic,param,3,5,0.05,4,1.000e-02,218,-0.759684,0.843872,0.008808,-0.018865
logistic,param,3,5,0.05,4,1.000e-02,219,-0.763429,0.846069,0.007305,-0.004624
logistic,param,3,5,0.05,4,1.000e-02,220,-0.766067,0.839905,0.001825,0.001783
logistic,param,3,5,0.05,4,1.000e-02,221,-0.761305,0.847656,-0.005198,-0.001925
logistic,param,3,5,0.05,4,1.000e-02,222,-0.765065,0.844666,0.014094,-0.007043
logistic,param,3,5,0.05,4,1.000e-02,223,-0.769499,0.839172,0.002116,-0.005529
logistic,param,3,5,0.05,4,1.000e-02,224,-0.775816,0.840271,-0.006070,0.016725
logistic,param,3,5,0.05,4,1.000e-02,225,-0.772136,0.843872,-0.002393,0.012038
logistic,param,3,5,0.05,4,1.000e-02,226,-0.764624,0.846191,0.004720,-0.010690
logistic,param,3,5,0.05,4,1.000e-02,227,-0.763378,0.846069,-0.006249,0.003851
logistic,param,3,5,0.05,4,1.000e-02,228,-0.762903,0.843811,-0.006642,-0.008909
logistic,param,3,5,0.05,4,1.000e-02,229,-0.763527,0.845703,-0.008581,0.001040
logistic,param,3,5,0.05,4,1.000e-02,230,-0.760119,0.848206,0.003477,-0.003142
logistic,param,3,5,0.05,4,1.000e-02,231,-0.759483,0.847351,-0.006786,-0.019059
logistic,param,3,5,0.05,4,1.000e-02,232,-0.768467,0.843506,0.002364,-0.001546
logistic,param,3,5,0.05,4,1.000e-02,233,-0.773732,0.838013,0.000367,0.007932
logistic,param,3,5,0.05,4,1.000e-02,234,-0.769437,0.842224,-0.004477,0.012191
logistic,param,3,5,0.05,4,1.000e-02,235,-0.771023,0.839539,0.010130,-0.004566
logistic,param,3,5,0.05,4,1.000e-02,236,-0.767199,0.843079,0.008508,-0.008379
logistic,param,3,5,0.05,4,1.000e-02,237,-0.762865,0.847290,-0.003972,0.005081
logistic,param,3,5,0.05,4,1.000e-02,238,-0.762471,0.845093,-0.006678,-0.010871
logistic,param,3,5,0.05,4,1.000e-02,239,-0.770997,0.844360,-0.006191,-0.000926
logistic,param,3,5,0.05,4,1.000e-02,240,-0.767720,0.845337,-0.000884,0.015283
logistic,param,3,5,0.05,4,1.000e-02,241,-0.758904,0.845520,0.005449,-0.012374
logistic,param,3,5,0.05,4,1.000e-02,242,-0.754872,0.846619,-0.011438,-0.007138
logistic,param,3,5,0.05,4,1.000e-02,243,-0.767347,0.843506,-0.008899,0.004139
logistic,param,3,5,0.05,4,1.000e-02,244,-0.768380,0.843689,-0.004082,0.002895
logistic,param,3,5,0.05,4,1.000e-02,245,-0.756314,0.841614,-0.012614,-0.007222
logistic,param,3,5,0.05,4,1.000e-02,246,-0.764604,0.847168,0.002352,0.001912
logistic,param,3,5,0.05,4,1.000e-02,247,-0.767684,0.845581,0.004964,0.003534
logistic,param,3,5,0.05,4,1.000e-02,248,-0.760869,0.847595,-0.005749,0.000149
logistic,param,3,5,0.05,4,1.000e-02,249,-0.768335,0.842224,-0.007169,0.004464
logistic,param,3,5,0.05,4,1.000e-02,250,-0.765703,0.844727,-0.007572,0.009336
logistic,param,3,5,0.05,4,1.000e-02,251,-0.763596,0.843201,-0.005861,0.002327
logistic,param,3,5,0.05,4,1.000e-02,252,-0.766089,0.846558,-0.002981,0.002722
logistic,param,3,5,0.05,4,1.000e-02,253,-0.763614,0.846558,-0.005728,0.005140
logistic,param,3,5,0.05,4,1.000e-02,254,-0.758833,0.846252,-0.003093,-0.004947
logistic,param,3,5,0.05,4,1.000e-02,255,-0.763230,0.847717,-0.001645,0.007504
logistic,param,3,5,0.05,4,1.000e-02,256,-0.758684,0.847839,-0.009169,-0.009132
logistic,param,3,5,0.05,4,1.000e-02,257,-0.769159,0.845154,0.003092,0.000021
logistic,param,3,5,0.05,4,1.000e-02,258,-0.763732,0.844666,-0.003488,-0.008272
logistic,param,3,5,0.05,4,1.000e-02,259,-0.763008,0.844849,-0.000266,0.006089
logistic,param,3,5,0.05,4,1.000e-02,260,-0.765635,0.845642,0.004134,0.001413
logistic,param,3,5,0.05,4,1.000e-02,261,-0.768268,0.840820,-0.008719,-0.000024
logistic,param,3,5,0.05,4,1.000e-02,262,-0.771032,0.840942,0.000600,0.004298
logistic,param,3,5,0.05,4,1.000e-02,263,-0.776060,0.840088,0.018496,0.010248
logistic,param,3,5,0.05,4,1.000e-02,264,-0.765307,0.847107,0.005864,-0.009934
logistic,param,3,5,0.05,4,1.000e-02,265,-0.764500,0.843933,-0.006079,-0.004872
logistic,param,3,5,0.05,4,1.000e-02,266,-0.772665,0.841248,0.003179,-0.004316
logistic,param,3,5,0.05,4,1.000e-02,267,-0.760717,0.845947,-0.003356,-0.006311
logistic,param,3,5,0.05,4,1.000e-02,268,-0.761955,0.847656,0.004789,-0.011171
logistic,param,3,5,0.05,4,1.000e-02,269,-0.762277,0.844543,-0.004014,0.006864
logistic,param,3,5,0.05,4,1.000e-02,270,-0.762365,0.845093,-0.000562,-0.000486
logistic,param,3,5,0.05,4,1.000e-02,271,-0.756060,0.849243,-0.000726,-0.014895
logistic,param,3,5,0.05,4,1.000e-02,272,-0.767034,0.844177,-0.002780,-0.006679
logistic,param,3,5,0.05,4,1.000e-02,273,-0.763832,0.843994,-0.001689,0.000627
logistic,param,3,5,0.05,4,1.000e-02,274,-0.760634,0.847656,-0.005756,0.003724
logistic,param,3,5,0.05,4,1.000e-02,275,-0.758797,0.845215,-0.006011,-0.019979
logistic,param,3,5,0.05,4,1.000e-02,276,-0.769574,0.843445,0.008250,-0.008874
logistic,param,3,5,0.05,4,1.000e-02,277,-0.769276,0.843445,0.003600,0.005784
logistic,param,3,5,0.05,4,1.000e-02,278,-0.766226,0.843994,0.002169,-0.005637
logistic,param,3,5,0.05,4,1.000e-02,279,-0.765620,0.842468,0.001179,0.000905
logistic,param,3,5,0.05,4,1.000e-02,280,-0.765567,0.845642,-0.001362,-0.003755
logistic,param,3,5,0.05,4,1.000e-02,281,-0.770121,0.840881,0.004791,0.004216
logistic,param,3,5,0.05,4,1.000e-02,282,-0.766849,0.841187,0.009795,-0.014189
logistic,param,3,5,0.05,4,1.000e-02,283,-0.778971,0.836609,0.011104,0.000436
logistic,param,3,5,0.05,4,1.000e-02,284,-0.783389,0.836975,0.012143,0.017397
logistic,param,3,5,0.05,4,1.000e-02,285,-0.778254,0.841431,0.009240,0.014871
logistic,param,3,5,0.05,4,1.000e-02,286,-0.763043,0.846619,-0.004422,-0.011280
logistic,param,3,5,0.05,4,1.000e-02,287,-0.764961,0.841797,-0.005166,-0.004119
logistic,param,3,5,0.05,4,1.000e-02,288,-0.766423,0.843750,-0.002617,-0.013227
logistic,param,3,5,0.05,4,1.000e-02,289,-0.772970,0.841553,0.019232,-0.002989
logistic,param,3,5,0.05,4,1.000e-02,290,-0.773545,0.839233,-0.000824,0.001230
logistic,param,3,5,0.05,4,1.000e-02,291,-0.769127,0.842896,0.002038,-0.000864
logistic,param,3,5,0.05,4,1.000e-02,292,-0.770422,0.840698,0.008425,-0.010128
logistic,param,3,5,0.05,4,1.000e-02,293,-0.759265,0.845337,-0.017238,0.002551
logistic,param,3,5,0.05,4,1.000e-02,294,-0.763970,0.842407,0.005574,0.000864
logistic,param,3,5,0.05,4,1.000e-02,295,-0.762172,0.848999,-0.005863,0.004172
logistic,param,3,5,0.05,4,1.000e-02,296,-0.770918,0.840393,-0.001607,0.016133
logistic,param,3,5,0.05,4,1.000e-02,297,-0.764704,0.845764,0.004618,-0.003265
logistic,param,3,5,0.05,4,1.000e-02,298,-0.773521,0.840820,0.009822,0.002043
logistic,param,3,5,0.05,4,1.000e-02,299,-0.779107,0.836853,0.010394,0.015061
logistic,param,3,5,0.05,4,1.000e-02,300,-0.776534,0.838196,0.007423,0.014424
logistic,param,3,5,0.05,4,1.000e-02,301,-0.766852,0.844238,-0.004955,0.002862
logistic,param,3,5,0.05,4,1.000e-02,302,-0.768785,0.843445,0.000473,0.009601
logistic,param,3,5,0.05,4,1.000e-02,303,-0.757420,0.844971,-0.010356,-0.004972
logistic,param,3,5,0.05,4,1.000e-02,304,-0.760006,0.847290,-0.010373,0.009256
logistic,param,3,5,0.05,4,1.000e-02,305,-0.762404,0.844727,-0.011859,0.012748
logistic,param,3,5,0.05,4,1.000e-02,306,-0.753287,0.850342,-0.021046,-0.005566
logistic,param,3,5,0.05,4,1.000e-02,307,-0.762152,0.845398,0.002185,-0.011908
logistic,param,3,5,0.05,4,1.000e-02,308,-0.773206,0.842407,0.001975,0.012071
logistic,param,3,5,0.05,4,1.000e-02,309,-0.771024,0.841675,0.004967,-0.003792
logistic,param,3,5,0.05,4,1.000e-02,310,-0.770977,0.840088,-0.000402,0.013292
logistic,param,3,5,0.05,4,1.000e-02,311,-0.778217,0.839844,-0.001814,0.007249
logistic,param,3,5,0.05,4,1.000e-02,312,-0.771620,0.840271,0.004079,-0.000261
logistic,param,3,5,0.05,4,1.000e-02,313,-0.762295,0.840637,-0.013045,0.006858
logistic,param,3,5,0.05,4,1.000e-02,314,-0.764356,0.842834,-0.002609,0.011029
logistic,param,3,5,0.05,4,1.000e-02,315,-0.760018,0.844177,-0.012512,0.000165
logistic,param,3,5,0.05,4,1.000e-02,316,-0.764361,0.841553,-0.019838,0.014347
logistic,param,3,5,0.05,4,1.000e-02,317,-0.763419,0.844116,0.002168,0.005093
logistic,param,3,5,0.05,4,1.000e-02,318,-0.766892,0.843201,-0.006310,0.010884
logistic,param,3,5,0.05,4,1.000e-02,319,-0.775377,0.841614,0.011759,0.010233
logistic,param,3,5,0.05,4,1.000e-02,320,-0.766395,0.842896,0.009310,-0.001691
logistic,param,3,5,0.05,4,1.000e-02,321,-0.759004,0.846375,0.005816,-0.014133
logistic,param,3,5,0.05,4,1.000e-02,322,-0.761943,0.845215,-0.005038,-0.009758
logistic,param,3,5,0.05,4,1.000e-02,323,-0.771993,0.839355,-0.002410,0.023831
logistic,param,3,5,0.05,4,1.000e-02,324,-0.770308,0.841858,0.001945,0.008954
logistic,param,3,5,0.05,4,1.000e-02,325,-0.764109,0.844299,-0.006780,0.008235
logistic,param,3,5,0.05,4,1.000e-02,326,-0.762735,0.844360,-0.001929,0.004103
logistic,param,3,5,0.05,4,1.000e-02,327,-0.757353,0.849487,-0.018403,0.002439
logistic,param,3,5,0.05,4,1.000e-02,328,-0.763883,0.842041,-0.002410,0.002294
logistic,param,3,5,0.05,4,1.000e-02,329,-0.763258,0.843567,-0.010709,-0.002401
logistic,param,3,5,0.05,4,1.000e-02,330,-0.765193,0.841125,-0.008229,-0.005972
logistic,param,3,5,0.05,4,1.000e-02,331,-0.772988,0.840393,0.000946,0.011626
logistic,param,3,5,0.05,4,1.000e-02,332,-0.761549,0.847839,0.003898,-0.000412
logistic,param,3,5,0.05,4,1.000e-02,333,-0.756991,0.849182,-0.014551,-0.004765
logistic,param,3,5,0.05,4,1.000e-02,334,-0.764686,0.843994,-0.003511,-0.006571
logistic,param,3,5,0.05,4,1.000e-02,335,-0.770723,0.841797,0.004251,0.002019
logistic,param,3,5,0.05,4,1.000e-02,336,-0.765294,0.844116,-0.011989,0.006868
logistic,param,3,5,0.05,4,1.000e-02,337,-0.764144,0.848267,0.004076,-0.007536
logistic,param,3,5,0.05,4,1.000e-02,338,-0.761086,0.845642,0.001533,0.002115
logistic,param,3,5,0.05,4,1.000e-02,339,-0.760647,0.845764,-0.000732,-0.007859
logistic,param,3,5,0.05,4,1.000e-02,340,-0.756047,0.852783,-0.010807,-0.002192
logistic,param,3,5,0.05,4,1.000e-02,341,-0.768927,0.841064,0.002485,-0.013641
logistic,param,3,5,0.05,4,1.000e-02,342,-0.764240,0.842957,0.009753,-0.010719
logistic,param,3,5,0.05,4,1.000e-02,343,-0.767323,0.842163,0.010714,0.000613
logistic,param,3,5,0.05,4,1.000e-02,344,-0.767765,0.844177,0.004945,-0.003226
logistic,param,3,5,0.05,4,1.000e-02,345,-0.769900,0.841431,0.008170,0.000564
logistic,param,3,5,0.05,4,1.000e-02,346,-0.766801,0.841980,-0.006252,0.004480
logistic,param,3,5,0.05,4,1.000e-02,347,-0.767692,0.844666,-0.014500,0.020743
logistic,param,3,5,0.05,4,1.000e-02,348,-0.763807,0.845703,0.001176,-0.005497
logistic,param,3,5,0.05,4,1.000e-02,349,-0.761237,0.844666,0.004122,-0.007516
logistic,param,3,5,0.05,4,1.000e-02,350,-0.764295,0.847046,0.005354,0.001290
logistic,param,3,5,0.05,4,1.000e-02,351,-0.768645,0.841614,0.005340,0.002939
logistic,param,3,5,0.05,4,1.000e-02,352,-0.759166,0.845703,-0.002765,-0.010595
logistic,param,3,5,0.05,4,1.000e-02,353,-0.771246,0.844177,0.007340,-0.005427
logistic,param,3,5,0.05,4,1.000e-02,354,-0.767690,0.845947,0.007833,-0.009987
logistic,param,3,5,0.05,4,1.000e-02,355,-0.766955,0.843872,-0.005622,0.009776
logistic,param,3,5,0.05,4,1.000e-02,356,-0.760064,0.843994,-0.013345,-0.003963
logistic,param,3,5,0.05,4,1.000e-02,357,-0.764018,0.845764,0.007084,-0.000127
logistic,param,3,5,0.05,4,1.000e-02,358,-0.769002,0.840942,0.004685,-0.002636
logistic,param,3,5,0.05,4,1.000e-02,359,-0.763461,0.841736,-0.015697,-0.006065
logistic,param,3,5,0.05,4,1.000e-02,360,-0.770625,0.841980,0.005512,0.002519
logistic,param,3,5,0.05,4,1.000e-02,361,-0.759928,0.846313,-0.006791,-0.008912
logistic,param,3,5,0.05,4,1.000e-02,362,-0.758888,0.848206,-0.003201,-0.011732
logistic,param,3,5,0.05,4,1.000e-02,363,-0.764510,0.843140,-0.001999,-0.014969
logistic,param,3,5,0.05,4,1.000e-02,364,-0.763816,0.847473,-0.000610,-0.001159
logistic,param,3,5,0.05,4,1.000e-02,365,-0.766391,0.846313,0.003825,-0.000855
logistic,param,3,5,0.05,4,1.000e-02,366,-0.761491,0.843567,0.001421,-0.006660
logistic,param,3,5,0.05,4,1.000e-02,367,-0.773870,0.841431,0.007958,0.001118
logistic,param,3,5,0.05,4,1.000e-02,368,-0.766076,0.842590,-0.003223,0.003880
logistic,param,3,5,0.05,4,1.000e-02,369,-0.760206,0.849121,-0.003500,0.000093
logistic,param,3,5,0.05,4,1.000e-02,370,-0.763628,0.842834,0.000781,0.003876
logistic,param,3,5,0.05,4,1.000e-02,371,-0.755996,0.846741,-0.022564,0.003140
logistic,param,3,5,0.05,4,1.000e-02,372,-0.765777,0.847473,0.000234,0.005183
logistic,param,3,5,0.05,4,1.000e-02,373,-0.758361,0.849609,-0.013082,-0.003527
logistic,param,3,5,0.05,4,1.000e-02,374,-0.764437,0.841980,-0.004114,-0.000155
logistic,param,3,5,0.05,4,1.000e-02,375,-0.768490,0.843689,-0.004519,-0.001127
logistic,param,3,5,0.05,4,1.000e-02,376,-0.770154,0.840149,0.005384,0.005786
logistic,param,3,5,0.05,4,1.000e-02,377,-0.766662,0.846252,-0.002539,0.007664
logistic,param,3,5,0.05,4,1.000e-02,378,-0.767330,0.841248,-0.001171,0.008211
logistic,param,3,5,0.05,4,1.000e-02,379,-0.767899,0.843994,0.005308,0.001641
logistic,param,3,5,0.05,4,1.000e-02,380,-0.765569,0.842590,-0.018663,0.006338
logistic,param,3,5,0.05,4,1.000e-02,381,-0.764405,0.843384,-0.007528,0.001199
logistic,param,3,5,0.05,4,1.000e-02,382,-0.761393,0.846130,-0.012051,0.007987
logistic,param,3,5,0.05,4,1.000e-02,383,-0.764250,0.843811,0.003416,-0.000076
logistic,param,3,5,0.05,4,1.000e-02,384,-0.766769,0.842834,-0.009612,0.010616
logistic,param,3,5,0.05,4,1.000e-02,385,-0.767885,0.844116,-0.004749,0.000416
logistic,param,3,5,0.05,4,1.000e-02,386,-0.774177,0.841125,0.018616,-0.003824
logistic,param,3,5,0.05,4,1.000e-02,387,-0.774672,0.839844,0.001344,0.011068
logistic,param,3,5,0.05,4,1.000e-02,388,-0.777507,0.841736,0.016377,0.004957
logistic,param,3,5,0.05,4,1.000e-02,389,-0.768498,0.840393,0.007967,-0.007327
logistic,param,3,5,0.05,4,1.000e-02,390,-0.766902,0.846069,0.001949,-0.006248
logistic,param,3,5,0.05,4,1.000e-02,391,-0.770655,0.842896,-0.002395,-0.000995
logistic,param,3,5,0.05,4,1.000e-02,392,-0.770970,0.840759,-0.003014,0.005953
logistic,param,3,5,0.05,4,1.000e-02,393,-0.771020,0.842163,0.003623,0.003408
logistic,param,3,5,0.05,4,1.000e-02,394,-0.763966,0.845642,-0.005067,0.007945
logistic,param,3,5,0.05,4,1.000e-02,395,-0.767040,0.840576,-0.002630,-0.001522
logistic,param,3,5,0.05,4,1.000e-02,396,-0.763302,0.845520,-0.005038,-0.006510
logistic,param,3,5,0.05,4,1.000e-02,397,-0.763825,0.842407,0.003164,-0.007082
logistic,param,3,5,0.05,4,1.000e-02,398,-0.763340,0.846924,0.000762,0.006032
logistic,param,3,5,0.05,4,1.000e-02,399,-0.769154,0.843140,-0.001747,-0.001901
logistic,param,3,5,0.05,4,1.000e-02,400,-0.770830,0.840332,-0.009854,-0.002891
