family,mode,p,q,K,param,delta,t,mean_ln_d,frac_d_gt_scale,r_x1,r_x2
tent,K,3,5,0.05,1.6,1.000e-12,1,-27.536536,0.000000,1.000000,1.000000
tent,K,3,5,0.05,1.6,1.000e-12,2,-27.571845,0.000000,1.000000,1.000000
tent,K,3,5,0.05,1.6,1.000e-12,3,-27.049181,0.000000,1.000000,1.000000
tent,K,3,5,0.05,1.6,1.000e-12,4,-26.599626,0.000000,1.000000,1.000000
tent,K,3,5,0.05,1.6,1.000e-12,5,-26.182441,0.000000,1.000000,1.000000
tent,K,3,5,0.05,1.6,1.000e-12,6,-25.731475,0.000000,1.000000,1.000000
tent,K,3,5,0.05,1.6,1.000e-12,7,-25.286397,0.000000,1.000000,1.000000
tent,K,3,5,0.05,1.6,1.000e-12,8,-24.842210,0.000000,1.000000,1.000000
tent,K,3,5,0.05,1.6,1.000e-12,9,-24.397044,0.000000,1.000000,1.000000
tent,K,3,5,0.05,1.6,1.000e-12,10,-23.952443,0.000000,1.000000,1.000000
tent,K,3,5,0.05,1.6,1.000e-12,11,-23.506609,0.000000,1.000000,1.000000
tent,K,3,5,0.05,1.6,1.000e-12,12,-23.061648,0.000000,1.000000,1.000000
tent,K,3,5,0.05,1.6,1.000e-12,13,-22.617350,0.000000,1.000000,1.000000
tent,K,3,5,0.05,1.6,1.000e-12,14,-22.171844,0.000000,1.000000,1.000000
tent,K,3,5,0.05,1.6,1.000e-12,15,-21.726721,0.000000,1.000000,1.000000
tent,K,3,5,0.05,1.6,1.000e-12,16,-21.281622,0.000000,1.000000,1.000000
tent,K,3,5,0.05,1.6,1.000e-12,17,-20.836891,0.000000,1.000000,1.000000
tent,K,3,5,0.05,1.6,1.000e-12,18,-20.392349,0.000000,1.000000,1.000000
tent,K,3,5,0.05,1.6,1.000e-12,19,-19.947784,0.000000,1.000000,1.000000
tent,K,3,5,0.05,1.6,1.000e-12,20,-19.503404,0.000000,1.000000,1.000000
tent,K,3,5,0.05,1.6,1.000e-12,21,-19.058235,0.000000,1.000000,1.000000
tent,K,3,5,0.05,1.6,1.000e-12,22,-18.614663,0.000000,1.000000,1.000000
tent,K,3,5,0.05,1.6,1.000e-12,23,-18.171065,0.000000,1.000000,1.000000
tent,K,3,5,0.05,1.6,1.000e-12,24,-17.726404,0.000000,1.000000,1.000000
tent,K,3,5,0.05,1.6,1.000e-12,25,-17.281310,0.000000,1.000000,1.000000
tent,K,3,5,0.05,1.6,1.000e-12,26,-16.836762,0.000000,1.000000,1.000000
tent,K,3,5,0.05,1.6,1.000e-12,27,-16.393216,0.000000,1.000000,1.000000
tent,K,3,5,0.05,1.6,1.000e-12,28,-15.948332,0.000000,1.000000,1.000000
tent,K,3,5,0.05,1.6,1.000e-12,29,-15.502804,0.000000,1.000000,1.000000
tent,K,3,5,0.05,1.6,1.000e-12,30,-15.058918,0.000000,1.000000,1.000000
tent,K,3,5,0.05,1.6,1.000e-12,31,-14.614076,0.000000,1.000000,1.000000
tent,K,3,5,0.05,1.6,1.000e-12,32,-14.169229,0.000000,1.000000,1.000000
tent,K,3,5,0.05,1.6,1.000e-12,33,-13.724257,0.000000,1.000000,1.000000
tent,K,3,5,0.05,1.6,1.000e-12,34,-13.279038,0.000000,1.000000,1.000000
tent,K,3,5,0.05,1.6,1.000e-12,35,-12.834480,0.000000,1.000000,1.000000
tent,K,3,5,0.05,1.6,1.000e-12,36,-12.389349,0.000000,1.000000,1.000000
tent,K,3,5,0.05,1.6,1.000e-12,37,-11.944792,0.000000,1.000000,1.000000
tent,K,3,5,0.05,1.6,1.000e-12,38,-11.499498,0.000000,1.000000,1.000000
tent,K,3,5,0.05,1.6,1.000e-12,39,-11.055077,0.000000,1.000000,1.000000
tent,K,3,5,0.05,1.6,1.000e-12,40,-10.609885,0.000000,1.000000,1.000000
tent,K,3,5,0.05,1.6,1.000e-12,41,-10.165463,0.000000,1.000000,1.000000
tent,K,3,5,0.05,1.6,1.000e-12,42,-9.721870,0.000000,1.000000,1.000000
tent,K,3,5,0.05,1.6,1.000e-12,43,-9.277581,0.000000,1.000000,1.000000
tent,K,3,5,0.05,1.6,1.000e-12,44,-8.832548,0.000000,0.999999,0.999999
tent,K,3,5,0.05,1.6,1.000e-12,45,-8.387472,0.000000,0.999998,0.999997
tent,K,3,5,0.05,1.6,1.000e-12,46,-7.943823,0.000000,0.999994,0.999994
tent,K,3,5,0.05,1.6,1.000e-12,47,-7.498993,0.000000,0.999986,0.999984
tent,K,3,5,0.05,1.6,1.000e-12,48,-7.054403,0.000000,0.999965,0.999961
tent,K,3,5,0.05,1.6,1.000e-12,49,-6.610152,0.000000,0.999914,0.999904
tent,K,3,5,0.05,1.6,1.000e-12,50,-6.167704,0.000000,0.999789,0.999763
tent,K,3,5,0.05,1.6,1.000e-12,51,-5.726288,0.000000,0.999482,0.999420
tent,K,3,5,0.05,1.6,1.000e-12,52,-5.285282,0.000000,0.998729,0.998579
tent,K,3,5,0.05,1.6,1.000e-12,53,-4.846912,0.000000,0.996900,0.996615
tent,K,3,5,0.05,1.6,1.000e-12,54,-4.414658,0.000000,0.992678,0.991961
tent,K,3,5,0.05,1.6,1.000e-12,55,-3.988239,0.000000,0.982399,0.981329
tent,K,3,5,0.05,1.6,1.000e-12,56,-3.572403,0.000122,0.959507,0.957485
tent,K,3,5,0.05,1.6,1.000e-12,57,-3.172046,0.003540,0.915026,0.905066
tent,K,3,5,0.05,1.6,1.000e-12,58,-2.801890,0.018555,0.828113,0.808024
tent,K,3,5,0.05,1.6,1.000e-12,59,-2.470746,0.058716,0.692084,0.670459
tent,K,3,5,0.05,1.6,1.000e-12,60,-2.205309,0.120605,0.522716,0.507526
tent,K,3,5,0.05,1.6,1.000e-12,61,-2.003041,0.196594,0.351925,0.343299
tent,K,3,5,0.05,1.6,1.000e-12,62,-1.862100,0.264771,0.209718,0.202802
tent,K,3,5,0.05,1.6,1.000e-12,63,-1.780876,0.307312,0.115823,0.101658
tent,K,3,5,0.05,1.6,1.000e-12,64,-1.741801,0.335022,0.055268,0.048210
tent,K,3,5,0.05,1.6,1.000e-12,65,-1.723075,0.342957,0.020678,0.025495
tent,K,3,5,0.05,1.6,1.000e-12,66,-1.711408,0.352905,0.009874,0.011633
tent,K,3,5,0.05,1.6,1.000e-12,67,-1.712732,0.355835,-0.001308,0.010281
tent,K,3,5,0.05,1.6,1.000e-12,68,-1.714853,0.354248,-0.000430,0.007122
tent,K,3,5,0.05,1.6,1.000e-12,69,-1.708888,0.357239,-0.002887,-0.003507
tent,K,3,5,0.05,1.6,1.000e-12,70,-1.709996,0.352783,0.010106,-0.013912
tent,K,3,5,0.05,1.6,1.000e-12,71,-1.709690,0.354309,0.008259,-0.002587
tent,K,3,5,0.05,1.6,1.000e-12,72,-1.709190,0.358276,-0.004634,0.007404
tent,K,3,5,0.05,1.6,1.000e-12,73,-1.707343,0.355103,0.008238,0.013251
tent,K,3,5,0.05,1.6,1.000e-12,74,-1.720412,0.350891,0.010057,0.021675
tent,K,3,5,0.05,1.6,1.000e-12,75,-1.706112,0.355469,-0.001593,0.005960
tent,K,3,5,0.05,1.6,1.000e-12,76,-1.704081,0.359619,0.007014,-0.009119
tent,K,3,5,0.05,1.6,1.000e-12,77,-1.707611,0.355896,0.011107,-0.001284
tent,K,3,5,0.05,1.6,1.000e-12,78,-1.704421,0.358826,0.003078,-0.001689
tent,K,3,5,0.05,1.6,1.000e-12,79,-1.701536,0.360352,-0.006007,-0.007059
tent,K,3,5,0.05,1.6,1.000e-12,80,-1.701690,0.361145,-0.003093,-0.006022
tent,K,3,5,0.05,1.6,1.000e-12,81,-1.711227,0.358521,-0.003465,-0.004334
tent,K,3,5,0.05,1.6,1.000e-12,82,-1.712605,0.353027,0.008260,-0.003348
tent,K,3,5,0.05,1.6,1.000e-12,83,-1.709434,0.353882,-0.003873,0.011865
tent,K,3,5,0.05,1.6,1.000e-12,84,-1.706156,0.360107,-0.009308,-0.001191
tent,K,3,5,0.05,1.6,1.000e-12,85,-1.703481,0.360229,-0.001531,-0.007862
tent,K,3,5,0.05,1.6,1.000e-12,86,-1.703879,0.358459,0.001143,-0.009279
tent,K,3,5,0.05,1.6,1.000e-12,87,-1.711795,0.351929,0.002784,0.007145
tent,K,3,5,0.05,1.6,1.000e-12,88,-1.707226,0.358765,-0.005438,-0.007087
tent,K,3,5,0.05,1.6,1.000e-12,89,-1.701021,0.361511,-0.005881,-0.007672
tent,K,3,5,0.05,1.6,1.000e-12,90,-1.701507,0.362488,0.006520,-0.014093
tent,K,3,5,0.05,1.6,1.000e-12,91,-1.702705,0.356140,0.013696,-0.005013
tent,K,3,5,0.05,1.6,1.000e-12,92,-1.705614,0.351501,0.002980,-0.000125
tent,K,3,5,0.05,1.6,1.000e-12,93,-1.703106,0.359253,-0.005448,-0.001000
tent,K,3,5,0.05,1.6,1.000e-12,94,-1.705448,0.357666,-0.005287,-0.003602
tent,K,3,5,0.05,1.6,1.000e-12,95,-1.705868,0.359436,0.003719,-0.005334
tent,K,3,5,0.05,1.6,1.000e-12,96,-1.705277,0.361572,0.007014,-0.006070
tent,K,3,5,0.05,1.6,1.000e-12,97,-1.702538,0.354858,0.002132,0.003305
tent,K,3,5,0.05,1.6,1.000e-12,98,-1.703968,0.358215,0.003483,-0.006858
tent,K,3,5,0.05,1.6,1.000e-12,99,-1.702589,0.361267,0.000430,-0.006872
tent,K,3,5,0.05,1.6,1.000e-12,100,-1.707782,0.359985,0.001380,-0.020853
tent,K,3,5,0.05,1.6,1.000e-12,101,-1.709528,0.356323,0.004327,-0.015981
tent,K,3,5,0.05,1.6,1.000e-12,102,-1.706051,0.358643,0.002032,-0.010452
tent,K,3,5,0.05,1.6,1.000e-12,103,-1.704605,0.357483,-0.008170,-0.000951
tent,K,3,5,0.05,1.6,1.000e-12,104,-1.707989,0.356812,-0.000850,0.004043
tent,K,3,5,0.05,1.6,1.000e-12,105,-1.709626,0.360474,-0.003414,0.010118
tent,K,3,5,0.05,1.6,1.000e-12,106,-1.706962,0.357361,-0.003650,-0.005027
tent,K,3,5,0.05,1.6,1.000e-12,107,-1.710652,0.355103,0.000676,-0.007403
tent,K,3,5,0.05,1.6,1.000e-12,108,-1.714905,0.355835,-0.000474,0.009408
tent,K,3,5,0.05,1.6,1.000e-12,109,-1.711778,0.356018,0.004798,-0.003620
tent,K,3,5,0.05,1.6,1.000e-12,110,-1.713730,0.349792,0.017266,0.000693
tent,K,3,5,0.05,1.6,1.000e-12,111,-1.720431,0.351196,0.017415,0.015622
tent,K,3,5,0.05,1.6,1.000e-12,112,-1.722373,0.349060,0.006374,0.014026
tent,K,3,5,0.05,1.6,1.000e-12,113,-1.716878,0.349182,-0.000826,0.005811
tent,K,3,5,0.05,1.6,1.000e-12,114,-1.704800,0.356384,0.009871,-0.000128
tent,K,3,5,0.05,1.6,1.000e-12,115,-1.702767,0.361694,-0.003178,0.000149
tent,K,3,5,0.05,1.6,1.000e-12,116,-1.708461,0.356750,-0.004827,-0.007972
tent,K,3,5,0.05,1.6,1.000e-12,117,-1.707031,0.357300,0.003099,-0.006427
tent,K,3,5,0.05,1.6,1.000e-12,118,-1.705110,0.356567,0.013079,-0.007257
tent,K,3,5,0.05,1.6,1.000e-12,119,-1.706752,0.354492,0.006413,-0.009022
tent,K,3,5,0.05,1.6,1.000e-12,120,-1.702616,0.357666,-0.004906,0.003886
tent,K,3,5,0.05,1.6,1.000e-12,121,-1.697997,0.360107,-0.010581,-0.003539
tent,K,3,5,0.05,1.6,1.000e-12,122,-1.699341,0.358704,-0.005904,0.000083
tent,K,3,5,0.05,1.6,1.000e-12,123,-1.702865,0.353882,-0.008584,0.003773
tent,K,3,5,0.05,1.6,1.000e-12,124,-1.707665,0.355835,-0.006446,0.002032
tent,K,3,5,0.05,1.6,1.000e-12,125,-1.699600,0.359985,0.002507,0.001443
tent,K,3,5,0.05,1.6,1.000e-12,126,-1.711412,0.354553,0.001392,-0.000199
tent,K,3,5,0.05,1.6,1.000e-12,127,-1.709294,0.354797,-0.003198,0.005828
tent,K,3,5,0.05,1.6,1.000e-12,128,-1.708114,0.357483,0.004572,-0.002152
tent,K,3,5,0.05,1.6,1.000e-12,129,-1.705773,0.358459,0.002182,0.006832
tent,K,3,5,0.05,1.6,1.000e-12,130,-1.706646,0.352051,-0.000077,0.006105
tent,K,3,5,0.05,1.6,1.000e-12,131,-1.700128,0.360535,0.005419,-0.007736
tent,K,3,5,0.05,1.6,1.000e-12,132,-1.707602,0.359375,-0.001898,-0.002101
tent,K,3,5,0.05,1.6,1.000e-12,133,-1.714343,0.353943,-0.004232,-0.000154
tent,K,3,5,0.05,1.6,1.000e-12,134,-1.708130,0.349365,0.002636,0.009850
tent,K,3,5,0.05,1.6,1.000e-12,135,-1.703962,0.358154,-0.000359,0.009045
tent,K,3,5,0.05,1.6,1.000e-12,136,-1.700181,0.359070,-0.009644,-0.000052
tent,K,3,5,0.05,1.6,1.000e-12,137,-1.702858,0.359009,-0.014126,0.001862
tent,K,3,5,0.05,1.6,1.000e-12,138,-1.697390,0.361572,-0.017108,0.004211
tent,K,3,5,0.05,1.6,1.000e-12,139,-1.701627,0.365417,-0.002423,-0.006910
tent,K,3,5,0.05,1.6,1.000e-12,140,-1.706918,0.360107,0.003056,-0.010090
tent,K,3,5,0.05,1.6,1.000e-12,141,-1.708957,0.352722,0.014005,-0.009387
tent,K,3,5,0.05,1.6,1.000e-12,142,-1.705472,0.362244,0.006858,-0.014719
tent,K,3,5,0.05,1.6,1.000e-12,143,-1.707214,0.354614,0.002345,-0.008242
tent,K,3,5,0.05,1.6,1.000e-12,144,-1.710041,0.354919,0.001297,0.002823
tent,K,3,5,0.05,1.6,1.000e-12,145,-1.705672,0.357605,-0.005830,0.003281
tent,K,3,5,0.05,1.6,1.000e-12,146,-1.703183,0.357056,-0.008541,0.000403
tent,K,3,5,0.05,1.6,1.000e-12,147,-1.696800,0.359680,-0.007944,0.002749
tent,K,3,5,0.05,1.6,1.000e-12,148,-1.699932,0.354309,-0.012454,-0.000051
tent,K,3,5,0.05,1.6,1.000e-12,149,-1.701837,0.360718,-0.005536,-0.007963
tent,K,3,5,0.05,1.6,1.000e-12,150,-1.699928,0.364807,-0.006395,-0.013752
tent,K,3,5,0.05,1.6,1.000e-12,151,-1.702778,0.360413,-0.008008,-0.005138
tent,K,3,5,0.05,1.6,1.000e-12,152,-1.704313,0.361511,-0.012823,0.010409
tent,K,3,5,0.05,1.6,1.000e-12,153,-1.708641,0.353210,-0.010355,0.011680
tent,K,3,5,0.05,1.6,1.000e-12,154,-1.708254,0.355164,-0.006027,0.011016
tent,K,3,5,0.05,1.6,1.000e-12,155,-1.707883,0.356323,-0.005815,0.005673
tent,K,3,5,0.05,1.6,1.000e-12,156,-1.702890,0.359192,-0.001754,-0.001902
tent,K,3,5,0.05,1.6,1.000e-12,157,-1.709366,0.357239,-0.003893,0.004870
tent,K,3,5,0.05,1.6,1.000e-12,158,-1.712459,0.355652,0.011632,0.000200
tent,K,3,5,0.05,1.6,1.000e-12,159,-1.716278,0.355835,0.008640,0.000090
tent,K,3,5,0.05,1.6,1.000e-12,160,-1.711025,0.352112,0.011357,0.000294
tent,K,3,5,0.05,1.6,1.000e-12,161,-1.712433,0.356323,0.001116,-0.000899
tent,K,3,5,0.05,1.6,1.000e-12,162,-1.706997,0.359253,-0.006997,0.001859
tent,K,3,5,0.05,1.6,1.000e-12,163,-1.709443,0.353027,-0.004008,0.010714
tent,K,3,5,0.05,1.6,1.000e-12,164,-1.708967,0.362061,0.000700,0.001600
tent,K,3,5,0.05,1.6,1.000e-12,165,-1.703256,0.362610,-0.001164,0.004201
tent,K,3,5,0.05,1.6,1.000e-12,166,-1.710342,0.358582,0.001371,-0.001926
tent,K,3,5,0.05,1.6,1.000e-12,167,-1.712564,0.357178,-0.004930,0.008255
tent,K,3,5,0.05,1.6,1.000e-12,168,-1.720489,0.351440,-0.005465,0.017677
tent,K,3,5,0.05,1.6,1.000e-12,169,-1.718313,0.354065,0.000054,0.008156
tent,K,3,5,0.05,1.6,1.000e-12,170,-1.717253,0.354431,0.001809,0.009843
tent,K,3,5,0.05,1.6,1.000e-12,171,-1.714293,0.353455,0.011826,0.008869
tent,K,3,5,0.05,1.6,1.000e-12,172,-1.711895,0.357788,0.007091,0.012096
tent,K,3,5,0.05,1.6,1.000e-12,173,-1.713147,0.351440,0.002485,0.019371
tent,K,3,5,0.05,1.6,1.000e-12,174,-1.707120,0.351379,0.005640,0.002313
tent,K,3,5,0.05,1.6,1.000e-12,175,-1.707193,0.358093,0.007689,-0.006328
tent,K,3,5,0.05,1.6,1.000e-12,176,-1.702731,0.355469,0.002093,0.003323
tent,K,3,5,0.05,1.6,1.000e-12,177,-1.706859,0.355347,0.001752,-0.005823
tent,K,3,5,0.05,1.6,1.000e-12,178,-1.712061,0.353027,0.002247,-0.014577
tent,K,3,5,0.05,1.6,1.000e-12,179,-1.707017,0.362183,0.008736,-0.003872
tent,K,3,5,0.05,1.6,1.000e-12,180,-1.708015,0.359497,0.003363,-0.006217
tent,K,3,5,0.05,1.6,1.000e-12,181,-1.710103,0.358948,0.005847,-0.007023
tent,K,3,5,0.05,1.6,1.000e-12,182,-1.705788,0.357544,0.006516,-0.006448
tent,K,3,5,0.05,1.6,1.000e-12,183,-1.705568,0.357910,0.006742,-0.005222
tent,K,3,5,0.05,1.6,1.000e-12,184,-1.700737,0.359802,0.002724,-0.011097
tent,K,3,5,0.05,1.6,1.000e-12,185,-1.705755,0.361145,-0.006349,-0.003835
tent,K,3,5,0.05,1.6,1.000e-12,186,-1.705289,0.353271,0.000415,0.002617
tent,K,3,5,0.05,1.6,1.000e-12,187,-1.701955,0.363892,-0.001959,-0.001480
tent,K,3,5,0.05,1.6,1.000e-12,188,-1.711288,0.353333,0.003858,0.004236
tent,K,3,5,0.05,1.6,1.000e-12,189,-1.716566,0.350342,0.007451,-0.001027
tent,K,3,5,0.05,1.6,1.000e-12,190,-1.707602,0.353760,0.006751,-0.002984
tent,K,3,5,0.05,1.6,1.000e-12,191,-1.705232,0.355347,0.006082,0.000681
tent,K,3,5,0.05,1.6,1.000e-12,192,-1.706296,0.359192,0.007789,-0.003235
tent,K,3,5,0.05,1.6,1.000e-12,193,-1.700290,0.357483,0.006239,-0.004425
tent,K,3,5,0.05,1.6,1.000e-12,194,-1.707462,0.359558,0.011284,-0.008475
tent,K,3,5,0.05,1.6,1.000e-12,195,-1.707875,0.354614,0.016553,-0.013493
tent,K,3,5,0.05,1.6,1.000e-12,196,-1.705059,0.355652,0.008620,-0.005090
tent,K,3,5,0.05,1.6,1.000e-12,197,-1.703942,0.361633,-0.002236,-0.005708
tent,K,3,5,0.05,1.6,1.000e-12,198,-1.702476,0.363159,-0.011207,-0.012211
tent,K,3,5,0.05,1.6,1.000e-12,199,-1.696139,0.359497,-0.012474,-0.008905
tent,K,3,5,0.05,1.6,1.000e-12,200,-1.697177,0.360901,-0.002410,-0.013781
tent,K,3,5,0.05,1.6,1.000e-12,201,-1.700032,0.357483,-0.003739,-0.009713
tent,K,3,5,0.05,1.6,1.000e-12,202,-1.701094,0.359619,-0.007122,0.002959
tent,K,3,5,0.05,1.6,1.000e-12,203,-1.702721,0.358765,-0.004222,0.001775
tent,K,3,5,0.05,1.6,1.000e-12,204,-1.706317,0.355591,-0.011603,0.009424
tent,K,3,5,0.05,1.6,1.000e-12,205,-1.706859,0.360535,-0.014563,0.008482
tent,K,3,5,0.05,1.6,1.000e-12,206,-1.708194,0.356323,-0.005653,0.011350
tent,K,3,5,0.05,1.6,1.000e-12,207,-1.710414,0.356445,-0.003148,0.008475
tent,K,3,5,0.05,1.6,1.000e-12,208,-1.709156,0.352051,-0.001000,-0.001598
tent,K,3,5,0.05,1.6,1.000e-12,209,-1.703534,0.358337,0.011810,-0.009861
tent,K,3,5,0.05,1.6,1.000e-12,210,-1.699598,0.363220,0.000720,-0.011068
tent,K,3,5,0.05,1.6,1.000e-12,211,-1.700600,0.357178,-0.003673,-0.004529
tent,K,3,5,0.05,1.6,1.000e-12,212,-1.699715,0.361816,-0.001205,-0.006756
tent,K,3,5,0.05,1.6,1.000e-12,213,-1.707612,0.357910,0.006011,0.003241
tent,K,3,5,0.05,1.6,1.000e-12,214,-1.709308,0.352112,0.002499,0.003304
tent,K,3,5,0.05,1.6,1.000e-12,215,-1.701889,0.356323,-0.006418,0.002021
tent,K,3,5,0.05,1.6,1.000e-12,216,-1.704700,0.359131,-0.007300,-0.009221
tent,K,3,5,0.05,1.6,1.000e-12,217,-1.706491,0.358093,-0.003532,0.009476
tent,K,3,5,0.05,1.6,1.000e-12,218,-1.712496,0.351868,0.002504,0.009195
tent,K,3,5,0.05,1.6,1.000e-12,219,-1.714710,0.351440,-0.007464,0.017887
tent,K,3,5,0.05,1.6,1.000e-12,220,-1.712047,0.354065,-0.002856,0.011039
tent,K,3,5,0.05,1.6,1.000e-12,221,-1.703018,0.358459,-0.006456,0.013959
tent,K,3,5,0.05,1.6,1.000e-12,222,-1.703518,0.354675,0.001531,0.018185
tent,K,3,5,0.05,1.6,1.000e-12,223,-1.704867,0.355347,-0.002038,0.001490
tent,K,3,5,0.05,1.6,1.000e-12,224,-1.704487,0.355835,-0.007496,0.006947
tent,K,3,5,0.05,1.6,1.000e-12,225,-1.711838,0.351685,0.000208,0.003214
tent,K,3,5,0.05,1.6,1.000e-12,226,-1.708838,0.355957,0.004101,0.002965
tent,K,3,5,0.05,1.6,1.000e-12,227,-1.705781,0.357727,0.005569,-0.009269
tent,K,3,5,0.05,1.6,1.000e-12,228,-1.709476,0.355225,0.005463,-0.005691
tent,K,3,5,0.05,1.6,1.000e-12,229,-1.711682,0.354980,0.003342,-0.000591
tent,K,3,5,0.05,1.6,1.000e-12,230,-1.704804,0.359131,-0.012062,-0.001597
tent,K,3,5,0.05,1.6,1.000e-12,231,-1.702485,0.361694,-0.009030,-0.005857
tent,K,3,5,0.05,1.6,1.000e-12,232,-1.705005,0.355042,-0.003378,0.005870
tent,K,3,5,0.05,1.6,1.000e-12,233,-1.704045,0.352722,-0.010214,0.005326
tent,K,3,5,0.05,1.6,1.000e-12,234,-1.695348,0.367920,-0.016165,-0.002492
tent,K,3,5,0.05,1.6,1.000e-12,235,-1.694359,0.366333,-0.019977,-0.012421
tent,K,3,5,0.05,1.6,1.000e-12,236,-1.702474,0.365662,-0.016573,-0.008121
tent,K,3,5,0.05,1.6,1.000e-12,237,-1.705687,0.355164,0.005604,-0.006691
tent,K,3,5,0.05,1.6,1.000e-12,238,-1.709281,0.355652,0.004916,-0.006190
tent,K,3,5,0.05,1.6,1.000e-12,239,-1.705532,0.360718,-0.004222,-0.008534
tent,K,3,5,0.05,1.6,1.000e-12,240,-1.707268,0.357117,-0.007874,-0.005272
tent,K,3,5,0.05,1.6,1.000e-12,241,-1.708490,0.362183,-0.001736,0.003749
tent,K,3,5,0.05,1.6,1.000e-12,242,-1.708028,0.357910,0.003212,-0.000320
tent,K,3,5,0.05,1.6,1.000e-12,243,-1.713195,0.354736,0.010083,0.005383
tent,K,3,5,0.05,1.6,1.000e-12,244,-1.707244,0.357361,0.001329,0.008377
tent,K,3,5,0.05,1.6,1.000e-12,245,-1.707974,0.354492,-0.003832,0.010753
tent,K,3,5,0.05,1.6,1.000e-12,246,-1.710181,0.352356,0.003023,0.005180
tent,K,3,5,0.05,1.6,1.000e-12,247,-1.714478,0.354736,0.008979,0.004520
tent,K,3,5,0.05,1.6,1.000e-12,248,-1.713659,0.352966,0.004099,0.003250
tent,K,3,5,0.05,1.6,1.000e-12,249,-1.705234,0.355652,0.002721,-0.002721
tent,K,3,5,0.05,1.6,1.000e-12,250,-1.703648,0.358887,-0.003586,0.000769
tent,K,3,5,0.05,1.6,1.000e-12,251,-1.705658,0.358948,-0.005360,-0.014197
tent,K,3,5,0.05,1.6,1.000e-12,252,-1.707670,0.356934,-0.004221,-0.015680
tent,K,3,5,0.05,1.6,1.000e-12,253,-1.700715,0.360840,0.003585,-0.006445
tent,K,3,5,0.05,1.6,1.000e-12,254,-1.703221,0.358765,-0.012524,0.004865
tent,K,3,5,0.05,1.6,1.000e-12,255,-1.704494,0.355286,-0.011582,-0.001097
tent,K,3,5,0.05,1.6,1.000e-12,256,-1.702149,0.358948,-0.006542,-0.003496
tent,K,3,5,0.05,1.6,1.000e-12,257,-1.703299,0.358643,-0.005856,-0.004519
tent,K,3,5,0.05,1.6,1.000e-12,258,-1.705709,0.355652,-0.013806,-0.003122
tent,K,3,5,0.05,1.6,1.000e-12,259,-1.714094,0.354370,-0.008399,0.007165
tent,K,3,5,0.05,1.6,1.000e-12,260,-1.711505,0.355774,0.000984,0.007251
tent,K,3,5,0.05,1.6,1.000e-12,261,-1.708973,0.350830,-0.003449,0.016424
tent,K,3,5,0.05,1.6,1.000e-12,262,-1.705311,0.356384,-0.000553,0.004452
tent,K,3,5,0.05,1.6,1.000e-12,263,-1.699308,0.359680,-0.001465,-0.010334
tent,K,3,5,0.05,1.6,1.000e-12,264,-1.706223,0.361450,-0.002923,-0.012009
tent,K,3,5,0.05,1.6,1.000e-12,265,-1.712193,0.355225,-0.006612,0.004468
tent,K,3,5,0.05,1.6,1.000e-12,266,-1.712448,0.357849,-0.005931,-0.001713
tent,K,3,5,0.05,1.6,1.000e-12,267,-1.704480,0.355652,0.003879,-0.008194
tent,K,3,5,0.05,1.6,1.000e-12,268,-1.712745,0.351196,0.001632,0.004722
tent,K,3,5,0.05,1.6,1.000e-12,269,-1.710229,0.361023,-0.002300,0.006348
tent,K,3,5,0.05,1.6,1.000e-12,270,-1.709245,0.357483,-0.001927,-0.002715
tent,K,3,5,0.05,1.6,1.000e-12,271,-1.710639,0.357056,-0.001470,0.006573
tent,K,3,5,0.05,1.6,1.000e-12,272,-1.710273,0.359131,0.000246,-0.005342
tent,K,3,5,0.05,1.6,1.000e-12,273,-1.709565,0.355652,0.001596,-0.009715
tent,K,3,5,0.05,1.6,1.000e-12,274,-1.708853,0.355713,0.004034,0.006935
tent,K,3,5,0.05,1.6,1.000e-12,275,-1.707584,0.351624,0.012924,0.005160
tent,K,3,5,0.05,1.6,1.000e-12,276,-1.707989,0.355347,0.007552,-0.001352
tent,K,3,5,0.05,1.6,1.000e-12,277,-1.707397,0.354858,0.005898,-0.002967
tent,K,3,5,0.05,1.6,1.000e-12,278,-1.705726,0.356079,0.001400,0.004260
tent,K,3,5,0.05,1.6,1.000e-12,279,-1.712015,0.359619,0.006984,-0.005832
tent,K,3,5,0.05,1.6,1.000e-12,280,-1.708672,0.355469,0.006326,0.000674
tent,K,3,5,0.05,1.6,1.000e-12,281,-1.717128,0.352112,0.005487,0.002534
tent,K,3,5,0.05,1.6,1.000e-12,282,-1.713367,0.356628,0.007443,0.002172
tent,K,3,5,0.05,1.6,1.000e-12,283,-1.701284,0.363342,-0.003790,-0.007644
tent,K,3,5,0.05,1.6,1.000e-12,284,-1.701892,0.361206,-0.007744,-0.007398
tent,K,3,5,0.05,1.6,1.000e-12,285,-1.702236,0.366760,-0.009932,-0.006008
tent,K,3,5,0.05,1.6,1.000e-12,286,-1.709685,0.354370,-0.004295,0.002402
tent,K,3,5,0.05,1.6,1.000e-12,287,-1.709657,0.358032,-0.006223,0.005403
tent,K,3,5,0.05,1.6,1.000e-12,288,-1.706689,0.362488,-0.006921,-0.001153
tent,K,3,5,0.05,1.6,1.000e-12,289,-1.710060,0.357361,-0.001645,0.001415
tent,K,3,5,0.05,1.6,1.000e-12,290,-1.708505,0.356323,0.010598,-0.010104
tent,K,3,5,0.05,1.6,1.000e-12,291,-1.707894,0.354980,0.019745,-0.000940
tent,K,3,5,0.05,1.6,1.000e-12,292,-1.711622,0.351624,0.005676,0.001604
tent,K,3,5,0.05,1.6,1.000e-12,293,-1.706916,0.356262,-0.004175,0.004230
tent,K,3,5,0.05,1.6,1.000e-12,294,-1.709024,0.354980,0.002100,0.015182
tent,K,3,5,0.05,1.6,1.000e-12,295,-1.705766,0.354736,0.007573,0.004227
tent,K,3,5,0.05,1.6,1.000e-12,296,-1.708167,0.359619,-0.003703,-0.000245
tent,K,3,5,0.05,1.6,1.000e-12,297,-1.704352,0.364929,-0.009565,-0.005554
tent,K,3,5,0.05,1.6,1.000e-12,298,-1.708563,0.362732,-0.011998,-0.015425
tent,K,3,5,0.05,1.6,1.000e-12,299,-1.715386,0.357422,-0.004057,-0.005722
tent,K,3,5,0.05,1.6,1.000e-12,300,-1.711726,0.352356,0.001103,0.007150
tent,K,3,5,0.05,1.6,1.000e-12,301,-1.711835,0.356567,-0.005103,0.014883
tent,K,3,5,0.05,1.6,1.000e-12,302,-1.711886,0.359131,-0.000099,0.011534
tent,K,3,5,0.05,1.6,1.000e-12,303,-1.721937,0.349365,0.008757,0.004375
tent,K,3,5,0.05,1.6,1.000e-12,304,-1.715255,0.353821,0.002048,0.008605
tent,K,3,5,0.05,1.6,1.000e-12,305,-1.712050,0.353333,0.005833,0.010424
tent,K,3,5,0.05,1.6,1.000e-12,306,-1.714684,0.354126,0.007500,0.007885
tent,K,3,5,0.05,1.6,1.000e-12,307,-1.710702,0.356079,0.002481,0.002297
tent,K,3,5,0.05,1.6,1.000e-12,308,-1.708638,0.352600,0.011504,0.008975
tent,K,3,5,0.05,1.6,1.000e-12,309,-1.702227,0.361389,-0.000292,0.006057
tent,K,3,5,0.05,1.6,1.000e-12,310,-1.702419,0.361450,-0.002153,-0.010041
tent,K,3,5,0.05,1.6,1.000e-12,311,-1.699007,0.360596,-0.005555,-0.004737
tent,K,3,5,0.05,1.6,1.000e-12,312,-1.702404,0.356750,-0.012393,-0.005113
tent,K,3,5,0.05,1.6,1.000e-12,313,-1.701513,0.360596,-0.012674,0.004805
tent,K,3,5,0.05,1.6,1.000e-12,314,-1.698104,0.364319,-0.015472,0.004296
tent,K,3,5,0.05,1.6,1.000e-12,315,-1.695585,0.365051,-0.012671,-0.013963
tent,K,3,5,0.05,1.6,1.000e-12,316,-1.702019,0.362976,-0.006048,-0.010487
tent,K,3,5,0.05,1.6,1.000e-12,317,-1.703817,0.361389,-0.012578,-0.007048
tent,K,3,5,0.05,1.6,1.000e-12,318,-1.710190,0.358765,0.003464,0.000674
tent,K,3,5,0.05,1.6,1.000e-12,319,-1.708300,0.357666,0.009198,0.002280
tent,K,3,5,0.05,1.6,1.000e-12,320,-1.706450,0.358398,0.007949,-0.000642
tent,K,3,5,0.05,1.6,1.000e-12,321,-1.707725,0.354736,0.005400,0.003967
tent,K,3,5,0.05,1.6,1.000e-12,322,-1.712122,0.350525,0.003323,0.006443
tent,K,3,5,0.05,1.6,1.000e-12,323,-1.711871,0.355957,-0.003093,0.006395
tent,K,3,5,0.05,1.6,1.000e-12,324,-1.714145,0.349976,-0.000390,0.007250
tent,K,3,5,0.05,1.6,1.000e-12,325,-1.716115,0.352173,0.009909,0.006988
tent,K,3,5,0.05,1.6,1.000e-12,326,-1.713123,0.348877,0.000646,0.011506
tent,K,3,5,0.05,1.6,1.000e-12,327,-1.717665,0.353333,0.007985,0.007854
tent,K,3,5,0.05,1.6,1.000e-12,328,-1.713550,0.354492,-0.006858,0.020051
tent,K,3,5,0.05,1.6,1.000e-12,329,-1.707739,0.355896,0.001549,0.005812
tent,K,3,5,0.05,1.6,1.000e-12,330,-1.714443,0.349121,0.011128,-0.007274
tent,K,3,5,0.05,1.6,1.000e-12,331,-1.712429,0.350769,0.016038,0.003804
tent,K,3,5,0.05,1.6,1.000e-12,332,-1.704571,0.358337,0.010942,0.007625
tent,K,3,5,0.05,1.6,1.000e-12,333,-1.705452,0.356689,-0.002432,-0.002128
tent,K,3,5,0.05,1.6,1.000e-12,334,-1.702726,0.360657,-0.014772,0.007635
tent,K,3,5,0.05,1.6,1.000e-12,335,-1.703617,0.358337,-0.005762,-0.001005
tent,K,3,5,0.05,1.6,1.000e-12,336,-1.707205,0.356995,-0.007697,0.007416
tent,K,3,5,0.05,1.6,1.000e-12,337,-1.705660,0.358276,-0.015528,0.003140
tent,K,3,5,0.05,1.6,1.000e-12,338,-1.705659,0.356079,-0.006096,0.005937
tent,K,3,5,0.05,1.6,1.000e-12,339,-1.706396,0.357605,-0.005145,-0.002340
tent,K,3,5,0.05,1.6,1.000e-12,340,-1.705654,0.359009,-0.000898,-0.008602
tent,K,3,5,0.05,1.6,1.000e-12,341,-1.713411,0.354187,0.003389,0.000901
tent,K,3,5,0.05,1.6,1.000e-12,342,-1.712459,0.350830,0.011805,0.001673
tent,K,3,5,0.05,1.6,1.000e-12,343,-1.713504,0.357056,-0.002818,0.006530
tent,K,3,5,0.05,1.6,1.000e-12,344,-1.715358,0.354614,0.004041,0.002129
tent,K,3,5,0.05,1.6,1.000e-12,345,-1.710788,0.356689,0.012722,0.008667
tent,K,3,5,0.05,1.6,1.000e-12,346,-1.713269,0.354187,0.004264,0.010071
tent,K,3,5,0.05,1.6,1.000e-12,347,-1.714619,0.353210,-0.001698,0.015792
tent,K,3,5,0.05,1.6,1.000e-12,348,-1.705093,0.354309,-0.001477,0.000757
tent,K,3,5,0.05,1.6,1.000e-12,349,-1.703543,0.358093,-0.001597,-0.009187
tent,K,3,5,0.05,1.6,1.000e-12,350,-1.704511,0.361023,-0.007636,-0.003377
tent,K,3,5,0.05,1.6,1.000e-12,351,-1.708134,0.358704,-0.007732,-0.000527
tent,K,3,5,0.05,1.6,1.000e-12,352,-1.712898,0.349854,0.000780,0.003713
tent,K,3,5,0.05,1.6,1.000e-12,353,-1.712651,0.351440,0.009146,0.010700
tent,K,3,5,0.05,1.6,1.000e-12,354,-1.709301,0.355530,0.001719,0.018097
tent,K,3,5,0.05,1.6,1.000e-12,355,-1.709436,0.355591,-0.009250,0.015542
tent,K,3,5,0.05,1.6,1.000e-12,356,-1.714089,0.358459,-0.004218,0.011229
tent,K,3,5,0.05,1.6,1.000e-12,357,-1.710820,0.360107,-0.003695,0.002329
tent,K,3,5,0.05,1.6,1.000e-12,358,-1.706972,0.362610,0.000833,-0.000714
tent,K,3,5,0.05,1.6,1.000e-12,359,-1.710452,0.349243,0.004126,0.004763
tent,K,3,5,0.05,1.6,1.000e-12,360,-1.703465,0.354492,0.003475,0.007950
tent,K,3,5,0.05,1.6,1.000e-12,361,-1.693598,0.363525,-0.010912,-0.012950
tent,K,3,5,0.05,1.6,1.000e-12,362,-1.708097,0.354736,-0.001295,-0.007446
tent,K,3,5,0.05,1.6,1.000e-12,363,-1.709613,0.355286,0.002703,-0.010403
tent,K,3,5,0.05,1.6,1.000e-12,364,-1.703642,0.359802,0.002091,-0.018978
tent,K,3,5,0.05,1.6,1.000e-12,365,-1.705275,0.356628,0.010071,0.006198
tent,K,3,5,0.05,1.6,1.000e-12,366,-1.709724,0.354309,0.003188,0.003256
tent,K,3,5,0.05,1.6,1.000e-12,367,-1.707335,0.360107,0.005684,-0.012101
tent,K,3,5,0.05,1.6,1.000e-12,368,-1.711610,0.357666,0.003315,-0.006963
tent,K,3,5,0.05,1.6,1.000e-12,369,-1.707434,0.358398,-0.005897,0.007681
tent,K,3,5,0.05,1.6,1.000e-12,370,-1.709213,0.354736,-0.006878,0.012041
tent,K,3,5,0.05,1.6,1.000e-12,371,-1.705388,0.356445,-0.005657,0.007926
tent,K,3,5,0.05,1.6,1.000e-12,372,-1.704814,0.355164,-0.000426,0.000492
tent,K,3,5,0.05,1.6,1.000e-12,373,-1.707495,0.355835,-0.001727,-0.000448
tent,K,3,5,0.05,1.6,1.000e-12,374,-1.709049,0.355896,-0.005735,0.005039
tent,K,3,5,0.05,1.6,1.000e-12,375,-1.705641,0.356628,-0.002028,0.003047
tent,K,3,5,0.05,1.6,1.000e-12,376,-1.697017,0.360229,-0.009780,-0.005197
tent,K,3,5,0.05,1.6,1.000e-12,377,-1.694177,0.359924,-0.017687,-0.007592
tent,K,3,5,0.05,1.6,1.000e-12,378,-1.701792,0.358276,-0.009463,-0.012105
tent,K,3,5,0.05,1.6,1.000e-12,379,-1.708207,0.355774,-0.013447,-0.002504
tent,K,3,5,0.05,1.6,1.000e-12,380,-1.708207,0.359253,-0.006295,0.009138
tent,K,3,5,0.05,1.6,1.000e-12,381,-1.708154,0.356384,-0.000371,-0.000132
tent,K,3,5,0.05,1.6,1.000e-12,382,-1.701043,0.363525,-0.002477,-0.004862
tent,K,3,5,0.05,1.6,1.000e-12,383,-1.706959,0.357544,0.013022,-0.005440
tent,K,3,5,0.05,1.6,1.000e-12,384,-1.720112,0.347778,0.010120,0.000327
tent,K,3,5,0.05,1.6,1.000e-12,385,-1.718137,0.352478,0.001062,0.009210
tent,K,3,5,0.05,1.6,1.000e-12,386,-1.714935,0.348450,0.001096,0.017064
tent,K,3,5,0.05,1.6,1.000e-12,387,-1.710376,0.351746,0.005712,0.010658
tent,K,3,5,0.05,1.6,1.000e-12,388,-1.713408,0.358276,0.000361,0.000920
tent,K,3,5,0.05,1.6,1.000e-12,389,-1.706060,0.357666,0.004073,-0.001393
tent,K,3,5,0.05,1.6,1.000e-12,390,-1.702176,0.355042,0.002318,-0.002922
tent,K,3,5,0.05,1.6,1.000e-12,391,-1.703608,0.354492,-0.006933,0.001385
tent,K,3,5,0.05,1.6,1.000e-12,392,-1.710383,0.357422,-0.008361,0.009409
tent,K,3,5,0.05,1.6,1.000e-12,393,-1.711737,0.352600,0.002692,0.004001
tent,K,3,5,0.05,1.6,1.000e-12,394,-1.709153,0.350403,0.003662,0.015859
tent,K,3,5,0.05,1.6,1.000e-12,395,-1.713207,0.348877,0.011879,0.015881
tent,K,3,5,0.05,1.6,1.000e-12,396,-1.711918,0.353516,0.000082,0.003013
tent,K,3,5,0.05,1.6,1.000e-12,397,-1.712562,0.355408,-0.001142,-0.013043
tent,K,3,5,0.05,1.6,1.000e-12,398,-1.711211,0.354431,0.004864,-0.002319
tent,K,3,5,0.05,1.6,1.000e-12,399,-1.705882,0.359680,0.004261,0.001650
tent,K,3,5,0.05,1.6,1.000e-12,400,-1.705396,0.355774,0.007120,0.004035
tent,K,3,5,0.05,1.6,1.000e-10,1,-22.931366,0.000000,1.000000,1.000000
tent,K,3,5,0.05,1.6,1.000e-10,2,-22.966675,0.000000,1.000000,1.000000
tent,K,3,5,0.05,1.6,1.000e-10,3,-22.444006,0.000000,1.000000,1.000000
tent,K,3,5,0.05,1.6,1.000e-10,4,-21.994456,0.000000,1.000000,1.000000
tent,K,3,5,0.05,1.6,1.000e-10,5,-21.577270,0.000000,1.000000,1.000000
tent,K,3,5,0.05,1.6,1.000e-10,6,-21.126307,0.000000,1.000000,1.000000
tent,K,3,5,0.05,1.6,1.000e-10,7,-20.681228,0.000000,1.000000,1.000000
tent,K,3,5,0.05,1.6,1.000e-10,8,-20.237041,0.000000,1.000000,1.000000
tent,K,3,5,0.05,1.6,1.000e-10,9,-19.791875,0.000000,1.000000,1.000000
tent,K,3,5,0.05,1.6,1.000e-10,10,-19.347273,0.000000,1.000000,1.000000
tent,K,3,5,0.05,1.6,1.000e-10,11,-18.901441,0.000000,1.000000,1.000000
tent,K,3,5,0.05,1.6,1.000e-10,12,-18.456480,0.000000,1.000000,1.000000
tent,K,3,5,0.05,1.6,1.000e-10,13,-18.012181,0.000000,1.000000,1.000000
tent,K,3,5,0.05,1.6,1.000e-10,14,-17.566675,0.000000,1.000000,1.000000
tent,K,3,5,0.05,1.6,1.000e-10,15,-17.121552,0.000000,1.000000,1.000000
tent,K,3,5,0.05,1.6,1.000e-10,16,-16.676453,0.000000,1.000000,1.000000
tent,K,3,5,0.05,1.6,1.000e-10,17,-16.231722,0.000000,1.000000,1.000000
tent,K,3,5,0.05,1.6,1.000e-10,18,-15.787180,0.000000,1.000000,1.000000
tent,K,3,5,0.05,1.6,1.000e-10,19,-15.342615,0.000000,1.000000,1.000000
tent,K,3,5,0.05,1.6,1.000e-10,20,-14.898236,0.000000,1.000000,1.000000
tent,K,3,5,0.05,1.6,1.000e-10,21,-14.453067,0.000000,1.000000,1.000000
tent,K,3,5,0.05,1.6,1.000e-10,22,-14.009495,0.000000,1.000000,1.000000
tent,K,3,5,0.05,1.6,1.000e-10,23,-13.565897,0.000000,1.000000,1.000000
tent,K,3,5,0.05,1.6,1.000e-10,24,-13.121236,0.000000,1.000000,1.000000
tent,K,3,5,0.05,1.6,1.000e-10,25,-12.676142,0.000000,1.000000,1.000000
tent,K,3,5,0.05,1.6,1.000e-10,26,-12.231594,0.000000,1.000000,1.000000
tent,K,3,5,0.05,1.6,1.000e-10,27,-11.788048,0.000000,1.000000,1.000000
tent,K,3,5,0.05,1.6,1.000e-10,28,-11.343164,0.000000,1.000000,1.000000
tent,K,3,5,0.05,1.6,1.000e-10,29,-10.897636,0.000000,1.000000,1.000000
tent,K,3,5,0.05,1.6,1.000e-10,30,-10.453754,0.000000,1.000000,1.000000
tent,K,3,5,0.05,1.6,1.000e-10,31,-10.008949,0.000000,1.000000,1.000000
tent,K,3,5,0.05,1.6,1.000e-10,32,-9.564106,0.000000,1.000000,1.000000
tent,K,3,5,0.05,1.6,1.000e-10,33,-9.119375,0.000000,1.000000,0.999999
tent,K,3,5,0.05,1.6,1.000e-10,34,-8.674269,0.000000,0.999999,0.999999
tent,K,3,5,0.05,1.6,1.000e-10,35,-8.229879,0.000000,0.999997,0.999997
tent,K,3,5,0.05,1.6,1.000e-10,36,-7.785100,0.000000,0.999993,0.999992
tent,K,3,5,0.05,1.6,1.000e-10,37,-7.341099,0.000000,0.999982,0.999981
tent,K,3,5,0.05,1.6,1.000e-10,38,-6.896541,0.000000,0.999957,0.999953
tent,K,3,5,0.05,1.6,1.000e-10,39,-6.453657,0.000000,0.999894,0.999883
tent,K,3,5,0.05,1.6,1.000e-10,40,-6.010053,0.000000,0.999740,0.999715
tent,K,3,5,0.05,1.6,1.000e-10,41,-5.569720,0.000000,0.999369,0.999310
tent,K,3,5,0.05,1.6,1.000e-10,42,-5.131804,0.000000,0.998478,0.998301
tent,K,3,5,0.05,1.6,1.000e-10,43,-4.696096,0.000000,0.996302,0.995854
tent,K,3,5,0.05,1.6,1.000e-10,44,-4.264798,0.000000,0.991130,0.990088
tent,K,3,5,0.05,1.6,1.000e-10,45,-3.841047,0.000000,0.979188,0.976636
tent,K,3,5,0.05,1.6,1.000e-10,46,-3.431070,0.000183,0.952192,0.947561
tent,K,3,5,0.05,1.6,1.000e-10,47,-3.036330,0.004211,0.895123,0.886925
tent,K,3,5,0.05,1.6,1.000e-10,48,-2.674783,0.026184,0.792861,0.775087
tent,K,3,5,0.05,1.6,1.000e-10,49,-2.358264,0.075256,0.640750,0.618313
tent,K,3,5,0.05,1.6,1.000e-10,50,-2.110740,0.150818,0.459921,0.430179
tent,K,3,5,0.05,1.6,1.000e-10,51,-1.938778,0.223999,0.293513,0.272735
tent,K,3,5,0.05,1.6,1.000e-10,52,-1.833210,0.280396,0.177772,0.159585
tent,K,3,5,0.05,1.6,1.000e-10,53,-1.771569,0.315674,0.097775,0.086601
tent,K,3,5,0.05,1.6,1.000e-10,54,-1.734645,0.336670,0.055033,0.032071
tent,K,3,5,0.05,1.6,1.000e-10,55,-1.719771,0.345154,0.030047,0.008379
tent,K,3,5,0.05,1.6,1.000e-10,56,-1.715182,0.358704,0.012928,0.006278
tent,K,3,5,0.05,1.6,1.000e-10,57,-1.707853,0.358032,-0.000946,-0.000520
tent,K,3,5,0.05,1.6,1.000e-10,58,-1.712126,0.351990,0.009354,-0.005122
tent,K,3,5,0.05,1.6,1.000e-10,59,-1.714431,0.350891,0.010680,0.007819
tent,K,3,5,0.05,1.6,1.000e-10,60,-1.713825,0.350220,-0.000257,0.008358
tent,K,3,5,0.05,1.6,1.000e-10,61,-1.706245,0.357422,-0.009068,-0.001920
tent,K,3,5,0.05,1.6,1.000e-10,62,-1.700788,0.360046,-0.003439,-0.008623
tent,K,3,5,0.05,1.6,1.000e-10,63,-1.702944,0.365051,-0.002586,-0.001931
tent,K,3,5,0.05,1.6,1.000e-10,64,-1.714387,0.355286,-0.001601,0.005815
tent,K,3,5,0.05,1.6,1.000e-10,65,-1.720759,0.350220,0.001661,0.005738
tent,K,3,5,0.05,1.6,1.000e-10,66,-1.714272,0.355408,-0.006965,0.007694
tent,K,3,5,0.05,1.6,1.000e-10,67,-1.708471,0.356873,-0.008874,0.005561
tent,K,3,5,0.05,1.6,1.000e-10,68,-1.713648,0.356323,0.007217,0.002051
tent,K,3,5,0.05,1.6,1.000e-10,69,-1.715505,0.346680,0.009169,0.005905
tent,K,3,5,0.05,1.6,1.000e-10,70,-1.718975,0.350464,0.015400,0.010770
tent,K,3,5,0.05,1.6,1.000e-10,71,-1.718510,0.349060,0.017462,0.009660
tent,K,3,5,0.05,1.6,1.000e-10,72,-1.709872,0.354858,0.009906,0.011630
tent,K,3,5,0.05,1.6,1.000e-10,73,-1.705085,0.357117,0.002758,0.004151
tent,K,3,5,0.05,1.6,1.000e-10,74,-1.701466,0.359375,0.006020,-0.011975
tent,K,3,5,0.05,1.6,1.000e-10,75,-1.697393,0.369263,-0.007967,-0.011334
tent,K,3,5,0.05,1.6,1.000e-10,76,-1.703394,0.362549,-0.014807,-0.001517
tent,K,3,5,0.05,1.6,1.000e-10,77,-1.706440,0.358521,-0.007773,0.003198
tent,K,3,5,0.05,1.6,1.000e-10,78,-1.711440,0.352844,0.012874,-0.004686
tent,K,3,5,0.05,1.6,1.000e-10,79,-1.712212,0.353149,0.011246,-0.001261
tent,K,3,5,0.05,1.6,1.000e-10,80,-1.705320,0.359253,-0.002951,0.002023
tent,K,3,5,0.05,1.6,1.000e-10,81,-1.707368,0.354797,0.006680,0.005456
tent,K,3,5,0.05,1.6,1.000e-10,82,-1.714300,0.348572,0.005595,0.007680
tent,K,3,5,0.05,1.6,1.000e-10,83,-1.705603,0.356079,-0.000844,-0.003569
tent,K,3,5,0.05,1.6,1.000e-10,84,-1.707688,0.357727,-0.001100,-0.010722
tent,K,3,5,0.05,1.6,1.000e-10,85,-1.700996,0.358276,-0.009913,0.002375
tent,K,3,5,0.05,1.6,1.000e-10,86,-1.704961,0.356934,-0.001022,0.004770
tent,K,3,5,0.05,1.6,1.000e-10,87,-1.715257,0.352356,-0.002528,0.004038
tent,K,3,5,0.05,1.6,1.000e-10,88,-1.711931,0.354492,-0.001026,0.009102
tent,K,3,5,0.05,1.6,1.000e-10,89,-1.708843,0.359009,0.002300,0.012726
tent,K,3,5,0.05,1.6,1.000e-10,90,-1.714626,0.354126,0.003512,0.022616
tent,K,3,5,0.05,1.6,1.000e-10,91,-1.715382,0.355591,0.009601,0.021745
tent,K,3,5,0.05,1.6,1.000e-10,92,-1.715563,0.351685,-0.005423,0.018373
tent,K,3,5,0.05,1.6,1.000e-10,93,-1.712299,0.352417,0.001625,0.020894
tent,K,3,5,0.05,1.6,1.000e-10,94,-1.713735,0.349976,0.004157,0.011476
tent,K,3,5,0.05,1.6,1.000e-10,95,-1.706763,0.355591,0.006359,0.005369
tent,K,3,5,0.05,1.6,1.000e-10,96,-1.709350,0.356995,0.004473,-0.009718
tent,K,3,5,0.05,1.6,1.000e-10,97,-1.707149,0.354187,0.014660,-0.009638
tent,K,3,5,0.05,1.6,1.000e-10,98,-1.707489,0.358337,0.004690,-0.012561
tent,K,3,5,0.05,1.6,1.000e-10,99,-1.697755,0.360474,-0.011413,0.007350
tent,K,3,5,0.05,1.6,1.000e-10,100,-1.702617,0.356506,-0.011007,0.000509
tent,K,3,5,0.05,1.6,1.000e-10,101,-1.703978,0.355591,0.005714,-0.005908
tent,K,3,5,0.05,1.6,1.000e-10,102,-1.698220,0.359497,-0.003971,-0.002868
tent,K,3,5,0.05,1.6,1.000e-10,103,-1.699363,0.361328,-0.016866,0.004767
tent,K,3,5,0.05,1.6,1.000e-10,104,-1.704821,0.354248,-0.010420,0.002284
tent,K,3,5,0.05,1.6,1.000e-10,105,-1.701287,0.355530,-0.004930,-0.007092
tent,K,3,5,0.05,1.6,1.000e-10,106,-1.702867,0.364502,-0.009774,-0.005159
tent,K,3,5,0.05,1.6,1.000e-10,107,-1.707502,0.356934,-0.001517,-0.004686
tent,K,3,5,0.05,1.6,1.000e-10,108,-1.714051,0.352722,0.007813,0.004323
tent,K,3,5,0.05,1.6,1.000e-10,109,-1.715271,0.352600,0.010026,0.012205
tent,K,3,5,0.05,1.6,1.000e-10,110,-1.715375,0.349060,0.002121,0.010637
tent,K,3,5,0.05,1.6,1.000e-10,111,-1.708861,0.356262,0.006513,0.003292
tent,K,3,5,0.05,1.6,1.000e-10,112,-1.709549,0.357483,0.013012,-0.008553
tent,K,3,5,0.05,1.6,1.000e-10,113,-1.713302,0.359863,0.007742,-0.007947
tent,K,3,5,0.05,1.6,1.000e-10,114,-1.716675,0.359253,0.011830,-0.002279
tent,K,3,5,0.05,1.6,1.000e-10,115,-1.714616,0.360291,0.002989,0.000311
tent,K,3,5,0.05,1.6,1.000e-10,116,-1.716030,0.354431,0.009784,-0.000068
tent,K,3,5,0.05,1.6,1.000e-10,117,-1.712731,0.357971,0.016039,0.000662
tent,K,3,5,0.05,1.6,1.000e-10,118,-1.707890,0.357971,0.000714,-0.006679
tent,K,3,5,0.05,1.6,1.000e-10,119,-1.712679,0.349182,0.000027,0.012550
tent,K,3,5,0.05,1.6,1.000e-10,120,-1.705682,0.359253,-0.005658,0.008166
tent,K,3,5,0.05,1.6,1.000e-10,121,-1.704074,0.356445,-0.012076,0.000374
tent,K,3,5,0.05,1.6,1.000e-10,122,-1.705758,0.357910,-0.011837,0.011472
tent,K,3,5,0.05,1.6,1.000e-10,123,-1.700553,0.361877,-0.020522,-0.001883
tent,K,3,5,0.05,1.6,1.000e-10,124,-1.698500,0.365784,-0.020204,-0.009762
tent,K,3,5,0.05,1.6,1.000e-10,125,-1.701392,0.364685,-0.013719,-0.012644
tent,K,3,5,0.05,1.6,1.000e-10,126,-1.705860,0.361755,-0.006808,-0.016829
tent,K,3,5,0.05,1.6,1.000e-10,127,-1.704828,0.357910,-0.004442,-0.005532
tent,K,3,5,0.05,1.6,1.000e-10,128,-1.705209,0.363281,-0.009546,0.001758
tent,K,3,5,0.05,1.6,1.000e-10,129,-1.701424,0.357361,-0.013152,-0.007045
tent,K,3,5,0.05,1.6,1.000e-10,130,-1.707146,0.354919,0.001095,-0.001836
tent,K,3,5,0.05,1.6,1.000e-10,131,-1.708140,0.359253,-0.006853,-0.001066
tent,K,3,5,0.05,1.6,1.000e-10,132,-1.709548,0.354919,0.000798,0.000734
tent,K,3,5,0.05,1.6,1.000e-10,133,-1.713527,0.355530,0.007844,0.003300
tent,K,3,5,0.05,1.6,1.000e-10,134,-1.714152,0.347839,0.009277,0.007921
tent,K,3,5,0.05,1.6,1.000e-10,135,-1.709771,0.358582,0.000312,0.007849
tent,K,3,5,0.05,1.6,1.000e-10,136,-1.708345,0.354614,-0.001667,0.006389
tent,K,3,5,0.05,1.6,1.000e-10,137,-1.700188,0.360168,0.005263,-0.000595
tent,K,3,5,0.05,1.6,1.000e-10,138,-1.706522,0.360046,-0.000138,-0.009201
tent,K,3,5,0.05,1.6,1.000e-10,139,-1.711122,0.356079,0.000218,-0.006266
tent,K,3,5,0.05,1.6,1.000e-10,140,-1.713687,0.350281,0.007259,-0.000460
tent,K,3,5,0.05,1.6,1.000e-10,141,-1.708888,0.356262,-0.002330,-0.001939
tent,K,3,5,0.05,1.6,1.000e-10,142,-1.706495,0.362427,-0.014050,-0.002383
tent,K,3,5,0.05,1.6,1.000e-10,143,-1.708304,0.354431,0.002146,-0.003274
tent,K,3,5,0.05,1.6,1.000e-10,144,-1.712941,0.354309,-0.000199,0.000855
tent,K,3,5,0.05,1.6,1.000e-10,145,-1.704927,0.356384,-0.004271,0.000531
tent,K,3,5,0.05,1.6,1.000e-10,146,-1.703187,0.351562,0.009239,0.000229
tent,K,3,5,0.05,1.6,1.000e-10,147,-1.699438,0.362610,-0.009664,-0.003478
tent,K,3,5,0.05,1.6,1.000e-10,148,-1.698355,0.363953,-0.011709,-0.010973
tent,K,3,5,0.05,1.6,1.000e-10,149,-1.703994,0.360657,-0.003818,0.002588
tent,K,3,5,0.05,1.6,1.000e-10,150,-1.700164,0.362000,-0.005154,-0.007646
tent,K,3,5,0.05,1.6,1.000e-10,151,-1.696429,0.365173,-0.005687,-0.013909
tent,K,3,5,0.05,1.6,1.000e-10,152,-1.699629,0.360657,-0.001542,-0.017095
tent,K,3,5,0.05,1.6,1.000e-10,153,-1.705109,0.357910,0.009508,-0.007853
tent,K,3,5,0.05,1.6,1.000e-10,154,-1.706786,0.357422,0.002082,-0.011732
tent,K,3,5,0.05,1.6,1.000e-10,155,-1.709346,0.358398,-0.001100,0.004046
tent,K,3,5,0.05,1.6,1.000e-10,156,-1.706307,0.361145,-0.004244,0.010053
tent,K,3,5,0.05,1.6,1.000e-10,157,-1.703711,0.362915,-0.001386,-0.000429
tent,K,3,5,0.05,1.6,1.000e-10,158,-1.705556,0.362244,0.002523,-0.005600
tent,K,3,5,0.05,1.6,1.000e-10,159,-1.712977,0.349915,0.004251,0.001091
tent,K,3,5,0.05,1.6,1.000e-10,160,-1.709175,0.354675,0.000066,0.003608
tent,K,3,5,0.05,1.6,1.000e-10,161,-1.710082,0.357117,-0.008956,0.005386
tent,K,3,5,0.05,1.6,1.000e-10,162,-1.713040,0.360535,0.005422,0.001704
tent,K,3,5,0.05,1.6,1.000e-10,163,-1.705610,0.359009,-0.006302,-0.007564
tent,K,3,5,0.05,1.6,1.000e-10,164,-1.709336,0.356384,0.005846,-0.011454
tent,K,3,5,0.05,1.6,1.000e-10,165,-1.701793,0.356140,0.013439,-0.012893
tent,K,3,5,0.05,1.6,1.000e-10,166,-1.707576,0.358032,0.005702,-0.015719
tent,K,3,5,0.05,1.6,1.000e-10,167,-1.709175,0.356812,0.014413,-0.009104
tent,K,3,5,0.05,1.6,1.000e-10,168,-1.712742,0.357117,-0.000196,-0.007265
tent,K,3,5,0.05,1.6,1.000e-10,169,-1.710372,0.357666,-0.014324,-0.000023
tent,K,3,5,0.05,1.6,1.000e-10,170,-1.708348,0.361511,0.000106,-0.002646
tent,K,3,5,0.05,1.6,1.000e-10,171,-1.709062,0.360596,0.010732,-0.004960
tent,K,3,5,0.05,1.6,1.000e-10,172,-1.710254,0.357666,0.011575,-0.004506
tent,K,3,5,0.05,1.6,1.000e-10,173,-1.709970,0.356384,0.012664,-0.003413
tent,K,3,5,0.05,1.6,1.000e-10,174,-1.709552,0.359497,0.005768,-0.004989
tent,K,3,5,0.05,1.6,1.000e-10,175,-1.706600,0.359802,-0.000708,-0.000027
tent,K,3,5,0.05,1.6,1.000e-10,176,-1.705542,0.355469,-0.004605,0.000373
tent,K,3,5,0.05,1.6,1.000e-10,177,-1.707666,0.361633,0.002302,-0.008488
tent,K,3,5,0.05,1.6,1.000e-10,178,-1.707602,0.362305,-0.004349,-0.008823
tent,K,3,5,0.05,1.6,1.000e-10,179,-1.709748,0.358154,-0.010087,0.003304
tent,K,3,5,0.05,1.6,1.000e-10,180,-1.714006,0.355164,0.004765,0.006628
tent,K,3,5,0.05,1.6,1.000e-10,181,-1.717735,0.353088,0.019708,-0.003450
tent,K,3,5,0.05,1.6,1.000e-10,182,-1.707476,0.359253,0.011628,-0.003504
tent,K,3,5,0.05,1.6,1.000e-10,183,-1.709408,0.360474,0.007440,-0.005736
tent,K,3,5,0.05,1.6,1.000e-10,184,-1.705307,0.358643,0.008420,-0.006524
tent,K,3,5,0.05,1.6,1.000e-10,185,-1.700046,0.362488,-0.004784,-0.012966
tent,K,3,5,0.05,1.6,1.000e-10,186,-1.700779,0.362854,-0.012671,-0.011006
tent,K,3,5,0.05,1.6,1.000e-10,187,-1.702284,0.359680,-0.009115,0.002390
tent,K,3,5,0.05,1.6,1.000e-10,188,-1.701518,0.358398,0.001133,-0.002746
tent,K,3,5,0.05,1.6,1.000e-10,189,-1.704372,0.359558,-0.005084,-0.005954
tent,K,3,5,0.05,1.6,1.000e-10,190,-1.701963,0.362427,-0.012225,-0.005902
tent,K,3,5,0.05,1.6,1.000e-10,191,-1.707118,0.355103,0.000385,-0.005941
tent,K,3,5,0.05,1.6,1.000e-10,192,-1.706388,0.355042,0.003876,0.003240
tent,K,3,5,0.05,1.6,1.000e-10,193,-1.701033,0.357300,0.001629,-0.002708
tent,K,3,5,0.05,1.6,1.000e-10,194,-1.706590,0.356201,0.000146,0.007476
tent,K,3,5,0.05,1.6,1.000e-10,195,-1.713973,0.353882,-0.004647,0.007423
tent,K,3,5,0.05,1.6,1.000e-10,196,-1.710195,0.351562,-0.003530,0.015351
tent,K,3,5,0.05,1.6,1.000e-10,197,-1.708763,0.351196,0.009068,0.009944
tent,K,3,5,0.05,1.6,1.000e-10,198,-1.699349,0.356995,0.000760,-0.000634
tent,K,3,5,0.05,1.6,1.000e-10,199,-1.697371,0.360779,-0.002761,0.000134
tent,K,3,5,0.05,1.6,1.000e-10,200,-1.701485,0.355164,0.002760,-0.001261
tent,K,3,5,0.05,1.6,1.000e-10,201,-1.709604,0.354797,-0.007681,-0.006903
tent,K,3,5,0.05,1.6,1.000e-10,202,-1.707981,0.358582,-0.009578,-0.001608
tent,K,3,5,0.05,1.6,1.000e-10,203,-1.705253,0.358887,-0.010158,-0.004612
tent,K,3,5,0.05,1.6,1.000e-10,204,-1.701282,0.358582,0.001322,0.001852
tent,K,3,5,0.05,1.6,1.000e-10,205,-1.704873,0.354126,-0.001203,0.011061
tent,K,3,5,0.05,1.6,1.000e-10,206,-1.706946,0.358276,-0.008144,0.003860
tent,K,3,5,0.05,1.6,1.000e-10,207,-1.702132,0.359314,-0.011983,-0.009269
tent,K,3,5,0.05,1.6,1.000e-10,208,-1.700347,0.359558,-0.013510,-0.006567
tent,K,3,5,0.05,1.6,1.000e-10,209,-1.706923,0.360229,-0.007169,0.004563
tent,K,3,5,0.05,1.6,1.000e-10,210,-1.707532,0.356567,0.005767,0.000434
tent,K,3,5,0.05,1.6,1.000e-10,211,-1.712398,0.356323,0.007778,-0.006277
tent,K,3,5,0.05,1.6,1.000e-10,212,-1.705943,0.358093,0.007971,-0.004158
tent,K,3,5,0.05,1.6,1.000e-10,213,-1.703732,0.359070,-0.004072,-0.007765
tent,K,3,5,0.05,1.6,1.000e-10,214,-1.697311,0.359253,-0.015464,0.001823
tent,K,3,5,0.05,1.6,1.000e-10,215,-1.698452,0.361572,-0.003482,-0.005806
tent,K,3,5,0.05,1.6,1.000e-10,216,-1.704332,0.361877,0.001196,-0.006134
tent,K,3,5,0.05,1.6,1.000e-10,217,-1.705270,0.358093,-0.001645,0.000279
tent,K,3,5,0.05,1.6,1.000e-10,218,-1.709195,0.355835,0.015534,0.006000
tent,K,3,5,0.05,1.6,1.000e-10,219,-1.714592,0.352783,0.016465,-0.008613
tent,K,3,5,0.05,1.6,1.000e-10,220,-1.708410,0.350464,0.008899,0.002148
tent,K,3,5,0.05,1.6,1.000e-10,221,-1.702038,0.359131,0.007400,-0.000464
tent,K,3,5,0.05,1.6,1.000e-10,222,-1.700306,0.358032,0.003857,-0.014679
tent,K,3,5,0.05,1.6,1.000e-10,223,-1.701565,0.362000,-0.003007,-0.008519
tent,K,3,5,0.05,1.6,1.000e-10,224,-1.704552,0.359802,-0.011111,-0.008315
tent,K,3,5,0.05,1.6,1.000e-10,225,-1.704705,0.360657,-0.007138,-0.009770
tent,K,3,5,0.05,1.6,1.000e-10,226,-1.706138,0.359253,0.000171,0.000843
tent,K,3,5,0.05,1.6,1.000e-10,227,-1.714334,0.353333,-0.001352,0.006224
tent,K,3,5,0.05,1.6,1.000e-10,228,-1.713900,0.354370,-0.000398,-0.002644
tent,K,3,5,0.05,1.6,1.000e-10,229,-1.708827,0.360901,0.005574,-0.014189
tent,K,3,5,0.05,1.6,1.000e-10,230,-1.700319,0.365234,0.003103,-0.012506
tent,K,3,5,0.05,1.6,1.000e-10,231,-1.713927,0.357788,0.003452,0.001532
tent,K,3,5,0.05,1.6,1.000e-10,232,-1.716714,0.347351,0.009515,0.002149
tent,K,3,5,0.05,1.6,1.000e-10,233,-1.709440,0.350342,0.004204,-0.005168
tent,K,3,5,0.05,1.6,1.000e-10,234,-1.699386,0.360718,-0.001561,-0.008480
tent,K,3,5,0.05,1.6,1.000e-10,235,-1.700608,0.363403,-0.009846,0.002972
tent,K,3,5,0.05,1.6,1.000e-10,236,-1.703418,0.358521,-0.008700,-0.007638
tent,K,3,5,0.05,1.6,1.000e-10,237,-1.699441,0.357971,-0.000127,-0.016047
tent,K,3,5,0.05,1.6,1.000e-10,238,-1.706748,0.359375,0.006014,-0.020076
tent,K,3,5,0.05,1.6,1.000e-10,239,-1.712858,0.353455,0.012791,-0.008237
tent,K,3,5,0.05,1.6,1.000e-10,240,-1.709740,0.357605,0.011644,-0.010656
tent,K,3,5,0.05,1.6,1.000e-10,241,-1.708507,0.362305,0.005580,0.004287
tent,K,3,5,0.05,1.6,1.000e-10,242,-1.709158,0.357300,0.002395,0.003064
tent,K,3,5,0.05,1.6,1.000e-10,243,-1.713714,0.356140,0.002833,0.006616
tent,K,3,5,0.05,1.6,1.000e-10,244,-1.712028,0.354065,-0.004574,0.013294
tent,K,3,5,0.05,1.6,1.000e-10,245,-1.702569,0.356018,0.002208,-0.004975
tent,K,3,5,0.05,1.6,1.000e-10,246,-1.699757,0.356812,-0.002141,-0.003533
tent,K,3,5,0.05,1.6,1.000e-10,247,-1.700481,0.357910,-0.003797,-0.009448
tent,K,3,5,0.05,1.6,1.000e-10,248,-1.696546,0.362427,-0.005572,-0.011106
tent,K,3,5,0.05,1.6,1.000e-10,249,-1.701931,0.357422,0.002165,-0.000101
tent,K,3,5,0.05,1.6,1.000e-10,250,-1.707143,0.360901,0.001805,-0.006832
tent,K,3,5,0.05,1.6,1.000e-10,251,-1.706426,0.358032,-0.008409,0.004324
tent,K,3,5,0.05,1.6,1.000e-10,252,-1.704271,0.360535,-0.011437,-0.003217
tent,K,3,5,0.05,1.6,1.000e-10,253,-1.705413,0.356140,-0.004953,0.000197
tent,K,3,5,0.05,1.6,1.000e-10,254,-1.714926,0.354309,0.005545,0.012710
tent,K,3,5,0.05,1.6,1.000e-10,255,-1.711828,0.356384,0.001905,0.016576
tent,K,3,5,0.05,1.6,1.000e-10,256,-1.714260,0.356750,-0.001492,0.011642
tent,K,3,5,0.05,1.6,1.000e-10,257,-1.710782,0.355713,-0.005134,0.003117
tent,K,3,5,0.05,1.6,1.000e-10,258,-1.710896,0.357361,0.005836,-0.004348
tent,K,3,5,0.05,1.6,1.000e-10,259,-1.711123,0.353394,0.002951,-0.004930
tent,K,3,5,0.05,1.6,1.000e-10,260,-1.708320,0.359192,0.001566,-0.002930
tent,K,3,5,0.05,1.6,1.000e-10,261,-1.710464,0.358093,0.002679,-0.007634
tent,K,3,5,0.05,1.6,1.000e-10,262,-1.705671,0.355469,0.000150,-0.008166
tent,K,3,5,0.05,1.6,1.000e-10,263,-1.705010,0.356567,-0.006176,-0.005593
tent,K,3,5,0.05,1.6,1.000e-10,264,-1.701495,0.360779,-0.004680,-0.009987
tent,K,3,5,0.05,1.6,1.000e-10,265,-1.704521,0.365662,-0.011029,-0.015305
tent,K,3,5,0.05,1.6,1.000e-10,266,-1.712565,0.360535,-0.010320,-0.012588
tent,K,3,5,0.05,1.6,1.000e-10,267,-1.708266,0.362732,-0.001545,-0.008712
tent,K,3,5,0.05,1.6,1.000e-10,268,-1.715414,0.350281,0.010040,0.003022
tent,K,3,5,0.05,1.6,1.000e-10,269,-1.715816,0.352905,0.006259,0.006769
tent,K,3,5,0.05,1.6,1.000e-10,270,-1.711191,0.352966,0.003922,0.003882
tent,K,3,5,0.05,1.6,1.000e-10,271,-1.706330,0.357117,0.004393,-0.006678
tent,K,3,5,0.05,1.6,1.000e-10,272,-1.701247,0.357544,0.005378,-0.010385
tent,K,3,5,0.05,1.6,1.000e-10,273,-1.705436,0.362366,-0.011683,-0.006204
tent,K,3,5,0.05,1.6,1.000e-10,274,-1.708719,0.351379,-0.005971,0.008595
tent,K,3,5,0.05,1.6,1.000e-10,275,-1.712680,0.349121,0.008452,0.006597
tent,K,3,5,0.05,1.6,1.000e-10,276,-1.712959,0.356812,0.005997,0.000821
tent,K,3,5,0.05,1.6,1.000e-10,277,-1.706995,0.356873,0.011760,-0.002828
tent,K,3,5,0.05,1.6,1.000e-10,278,-1.708184,0.356689,0.007945,-0.006953
tent,K,3,5,0.05,1.6,1.000e-10,279,-1.712662,0.353577,0.006573,-0.004485
tent,K,3,5,0.05,1.6,1.000e-10,280,-1.714307,0.356018,0.011162,0.004611
tent,K,3,5,0.05,1.6,1.000e-10,281,-1.711393,0.353149,0.004992,0.000801
tent,K,3,5,0.05,1.6,1.000e-10,282,-1.706942,0.364807,-0.000699,-0.001144
tent,K,3,5,0.05,1.6,1.000e-10,283,-1.710321,0.356262,0.007653,0.001434
tent,K,3,5,0.05,1.6,1.000e-10,284,-1.712378,0.350403,0.017209,0.009941
tent,K,3,5,0.05,1.6,1.000e-10,285,-1.706877,0.357666,-0.002024,0.003325
tent,K,3,5,0.05,1.6,1.000e-10,286,-1.706682,0.358826,-0.003665,0.000419
tent,K,3,5,0.05,1.6,1.000e-10,287,-1.710073,0.353455,0.004652,0.004350
tent,K,3,5,0.05,1.6,1.000e-10,288,-1.717717,0.356018,0.007003,0.009124
tent,K,3,5,0.05,1.6,1.000e-10,289,-1.713023,0.352722,0.002775,0.018048
tent,K,3,5,0.05,1.6,1.000e-10,290,-1.713715,0.351624,-0.002868,0.014738
tent,K,3,5,0.05,1.6,1.000e-10,291,-1.708007,0.356201,0.005276,0.001825
tent,K,3,5,0.05,1.6,1.000e-10,292,-1.709242,0.355286,0.012457,0.005896
tent,K,3,5,0.05,1.6,1.000e-10,293,-1.706155,0.353760,0.005983,0.003844
tent,K,3,5,0.05,1.6,1.000e-10,294,-1.701821,0.358459,-0.000580,-0.006033
tent,K,3,5,0.05,1.6,1.000e-10,295,-1.699993,0.358276,-0.005781,-0.016430
tent,K,3,5,0.05,1.6,1.000e-10,296,-1.700583,0.361084,-0.013501,-0.014430
tent,K,3,5,0.05,1.6,1.000e-10,297,-1.704135,0.364136,-0.001557,-0.006163
tent,K,3,5,0.05,1.6,1.000e-10,298,-1.711710,0.354065,-0.001645,-0.003247
tent,K,3,5,0.05,1.6,1.000e-10,299,-1.716412,0.352295,0.003460,0.009184
tent,K,3,5,0.05,1.6,1.000e-10,300,-1.712733,0.353760,-0.003522,0.011787
tent,K,3,5,0.05,1.6,1.000e-10,301,-1.708128,0.357544,0.000097,-0.003205
tent,K,3,5,0.05,1.6,1.000e-10,302,-1.711747,0.359497,-0.004268,0.001879
tent,K,3,5,0.05,1.6,1.000e-10,303,-1.719399,0.349060,0.002699,0.012765
tent,K,3,5,0.05,1.6,1.000e-10,304,-1.710950,0.350647,0.012434,0.017304
tent,K,3,5,0.05,1.6,1.000e-10,305,-1.705261,0.348816,-0.000796,0.014139
tent,K,3,5,0.05,1.6,1.000e-10,306,-1.701845,0.350586,0.004466,0.001080
tent,K,3,5,0.05,1.6,1.000e-10,307,-1.700129,0.363220,-0.008480,-0.002253
tent,K,3,5,0.05,1.6,1.000e-10,308,-1.702942,0.359192,-0.001552,-0.000663
tent,K,3,5,0.05,1.6,1.000e-10,309,-1.694671,0.360413,-0.000835,-0.006074
tent,K,3,5,0.05,1.6,1.000e-10,310,-1.698687,0.362122,-0.000247,-0.010765
tent,K,3,5,0.05,1.6,1.000e-10,311,-1.695989,0.364380,-0.006146,-0.020050
tent,K,3,5,0.05,1.6,1.000e-10,312,-1.707506,0.359497,0.003739,-0.011895
tent,K,3,5,0.05,1.6,1.000e-10,313,-1.710291,0.354370,0.010994,-0.010214
tent,K,3,5,0.05,1.6,1.000e-10,314,-1.713923,0.353333,0.006296,-0.005083
tent,K,3,5,0.05,1.6,1.000e-10,315,-1.707672,0.354797,0.004715,0.002591
tent,K,3,5,0.05,1.6,1.000e-10,316,-1.711384,0.356445,0.001680,0.008008
tent,K,3,5,0.05,1.6,1.000e-10,317,-1.711344,0.354004,-0.002407,-0.001058
tent,K,3,5,0.05,1.6,1.000e-10,318,-1.708758,0.356201,0.001423,0.010720
tent,K,3,5,0.05,1.6,1.000e-10,319,-1.701547,0.361572,-0.001084,0.000396
tent,K,3,5,0.05,1.6,1.000e-10,320,-1.706115,0.359314,-0.002841,-0.007240
tent,K,3,5,0.05,1.6,1.000e-10,321,-1.705927,0.358154,-0.002056,-0.001744
tent,K,3,5,0.05,1.6,1.000e-10,322,-1.715173,0.351196,0.011254,0.002916
tent,K,3,5,0.05,1.6,1.000e-10,323,-1.705791,0.354431,0.002216,0.004349
tent,K,3,5,0.05,1.6,1.000e-10,324,-1.710343,0.352966,-0.005125,0.000128
tent,K,3,5,0.05,1.6,1.000e-10,325,-1.710676,0.351013,-0.000201,0.005863
tent,K,3,5,0.05,1.6,1.000e-10,326,-1.711264,0.353760,0.009653,0.005272
tent,K,3,5,0.05,1.6,1.000e-10,327,-1.703395,0.357788,0.004047,0.004426
tent,K,3,5,0.05,1.6,1.000e-10,328,-1.701260,0.358093,-0.013447,0.008295
tent,K,3,5,0.05,1.6,1.000e-10,329,-1.703565,0.354492,-0.008593,0.002013
tent,K,3,5,0.05,1.6,1.000e-10,330,-1.698158,0.362915,-0.011457,-0.002527
tent,K,3,5,0.05,1.6,1.000e-10,331,-1.696427,0.358643,-0.005559,-0.004405
tent,K,3,5,0.05,1.6,1.000e-10,332,-1.692588,0.362061,-0.009237,0.002063
tent,K,3,5,0.05,1.6,1.000e-10,333,-1.693381,0.362854,-0.012965,-0.005765
tent,K,3,5,0.05,1.6,1.000e-10,334,-1.699503,0.359619,-0.003661,-0.003394
tent,K,3,5,0.05,1.6,1.000e-10,335,-1.708206,0.359314,0.003430,-0.006594
tent,K,3,5,0.05,1.6,1.000e-10,336,-1.708632,0.355774,0.001438,-0.008955
tent,K,3,5,0.05,1.6,1.000e-10,337,-1.707232,0.357239,0.003598,-0.011784
tent,K,3,5,0.05,1.6,1.000e-10,338,-1.705237,0.356995,-0.001268,-0.010596
tent,K,3,5,0.05,1.6,1.000e-10,339,-1.699937,0.358398,-0.000941,-0.015805
tent,K,3,5,0.05,1.6,1.000e-10,340,-1.698404,0.356567,0.000407,-0.002660
tent,K,3,5,0.05,1.6,1.000e-10,341,-1.704496,0.354736,0.002942,-0.005819
tent,K,3,5,0.05,1.6,1.000e-10,342,-1.703441,0.357849,-0.000785,-0.008338
tent,K,3,5,0.05,1.6,1.000e-10,343,-1.704963,0.355225,-0.000866,-0.013165
tent,K,3,5,0.05,1.6,1.000e-10,344,-1.702516,0.355164,0.008052,0.001058
tent,K,3,5,0.05,1.6,1.000e-10,345,-1.703967,0.357788,0.007345,-0.001649
tent,K,3,5,0.05,1.6,1.000e-10,346,-1.709976,0.356567,0.006951,-0.005845
tent,K,3,5,0.05,1.6,1.000e-10,347,-1.714753,0.353516,0.015044,0.003117
tent,K,3,5,0.05,1.6,1.000e-10,348,-1.711137,0.356750,-0.000083,0.009316
tent,K,3,5,0.05,1.6,1.000e-10,349,-1.709375,0.354919,-0.004508,0.009799
tent,K,3,5,0.05,1.6,1.000e-10,350,-1.712078,0.348389,0.001532,0.005976
tent,K,3,5,0.05,1.6,1.000e-10,351,-1.709409,0.358765,-0.002097,0.000442
tent,K,3,5,0.05,1.6,1.000e-10,352,-1.711950,0.357422,0.005199,0.003524
tent,K,3,5,0.05,1.6,1.000e-10,353,-1.715016,0.354919,0.000932,0.008274
tent,K,3,5,0.05,1.6,1.000e-10,354,-1.713001,0.358093,0.005116,0.002434
tent,K,3,5,0.05,1.6,1.000e-10,355,-1.716099,0.354553,0.014046,-0.001756
tent,K,3,5,0.05,1.6,1.000e-10,356,-1.713158,0.353943,0.012573,-0.005703
tent,K,3,5,0.05,1.6,1.000e-10,357,-1.706866,0.360046,0.012833,-0.012196
tent,K,3,5,0.05,1.6,1.000e-10,358,-1.713759,0.354370,0.003577,0.005226
tent,K,3,5,0.05,1.6,1.000e-10,359,-1.722118,0.346191,0.012801,0.010614
tent,K,3,5,0.05,1.6,1.000e-10,360,-1.722669,0.346863,0.015915,0.012951
tent,K,3,5,0.05,1.6,1.000e-10,361,-1.719394,0.350098,0.012182,0.009556
tent,K,3,5,0.05,1.6,1.000e-10,362,-1.709737,0.350037,0.008599,0.001008
tent,K,3,5,0.05,1.6,1.000e-10,363,-1.709521,0.357422,0.013667,-0.007408
tent,K,3,5,0.05,1.6,1.000e-10,364,-1.706666,0.359680,-0.002239,-0.010766
tent,K,3,5,0.05,1.6,1.000e-10,365,-1.703969,0.359680,-0.003936,-0.000841
tent,K,3,5,0.05,1.6,1.000e-10,366,-1.699212,0.361023,-0.000789,-0.006932
tent,K,3,5,0.05,1.6,1.000e-10,367,-1.703866,0.357483,0.000965,-0.008608
tent,K,3,5,0.05,1.6,1.000e-10,368,-1.703671,0.350464,-0.005405,0.000767
tent,K,3,5,0.05,1.6,1.000e-10,369,-1.705209,0.357971,-0.002178,0.000518
tent,K,3,5,0.05,1.6,1.000e-10,370,-1.708819,0.355652,0.010543,-0.005366
tent,K,3,5,0.05,1.6,1.000e-10,371,-1.716454,0.350342,0.010899,0.001126
tent,K,3,5,0.05,1.6,1.000e-10,372,-1.715653,0.352356,0.013602,-0.001662
tent,K,3,5,0.05,1.6,1.000e-10,373,-1.711620,0.356506,0.004174,0.002520
tent,K,3,5,0.05,1.6,1.000e-10,374,-1.713336,0.355164,-0.001874,0.001481
tent,K,3,5,0.05,1.6,1.000e-10,375,-1.714252,0.356628,0.001153,0.010620
tent,K,3,5,0.05,1.6,1.000e-10,376,-1.708271,0.354370,0.004964,0.012323
tent,K,3,5,0.05,1.6,1.000e-10,377,-1.709223,0.352356,0.013926,0.007336
tent,K,3,5,0.05,1.6,1.000e-10,378,-1.711259,0.357788,0.002796,0.001315
tent,K,3,5,0.05,1.6,1.000e-10,379,-1.712822,0.357239,-0.005103,-0.007342
tent,K,3,5,0.05,1.6,1.000e-10,380,-1.718145,0.352417,0.004085,0.014841
tent,K,3,5,0.05,1.6,1.000e-10,381,-1.714851,0.349182,0.007276,0.017520
tent,K,3,5,0.05,1.6,1.000e-10,382,-1.709272,0.355896,0.002937,0.006060
tent,K,3,5,0.05,1.6,1.000e-10,383,-1.704347,0.356689,0.002600,-0.000440
tent,K,3,5,0.05,1.6,1.000e-10,384,-1.708040,0.354919,0.008901,-0.011253
tent,K,3,5,0.05,1.6,1.000e-10,385,-1.707462,0.359985,-0.001514,-0.013900
tent,K,3,5,0.05,1.6,1.000e-10,386,-1.706445,0.357849,-0.004521,-0.004977
tent,K,3,5,0.05,1.6,1.000e-10,387,-1.708575,0.357910,0.004121,-0.006080
tent,K,3,5,0.05,1.6,1.000e-10,388,-1.709095,0.363098,0.000458,-0.006225
tent,K,3,5,0.05,1.6,1.000e-10,389,-1.707596,0.356628,-0.000446,0.001529
tent,K,3,5,0.05,1.6,1.000e-10,390,-1.705579,0.357910,0.002818,-0.007437
tent,K,3,5,0.05,1.6,1.000e-10,391,-1.707063,0.354004,0.005458,-0.007006
tent,K,3,5,0.05,1.6,1.000e-10,392,-1.709074,0.355103,0.006046,0.002004
tent,K,3,5,0.05,1.6,1.000e-10,393,-1.709978,0.351807,0.014942,-0.010757
tent,K,3,5,0.05,1.6,1.000e-10,394,-1.704419,0.358154,0.012155,-0.012137
tent,K,3,5,0.05,1.6,1.000e-10,395,-1.709931,0.351807,0.003165,-0.001085
tent,K,3,5,0.05,1.6,1.000e-10,396,-1.708740,0.353333,0.001876,0.005810
tent,K,3,5,0.05,1.6,1.000e-10,397,-1.710693,0.356567,-0.005052,0.003985
tent,K,3,5,0.05,1.6,1.000e-10,398,-1.709662,0.357239,0.008060,0.000616
tent,K,3,5,0.05,1.6,1.000e-10,399,-1.709334,0.357178,0.003523,0.006174
tent,K,3,5,0.05,1.6,1.000e-10,400,-1.711120,0.354614,0.000252,0.008212
tent,K,3,5,0.05,1.6,1.000e-08,1,-18.326196,0.000000,1.000000,1.000000
tent,K,3,5,0.05,1.6,1.000e-08,2,-18.361505,0.000000,1.000000,1.000000
tent,K,3,5,0.05,1.6,1.000e-08,3,-17.838836,0.000000,1.000000,1.000000
tent,K,3,5,0.05,1.6,1.000e-08,4,-17.389285,0.000000,1.000000,1.000000
tent,K,3,5,0.05,1.6,1.000e-08,5,-16.972100,0.000000,1.000000,1.000000
tent,K,3,5,0.05,1.6,1.000e-08,6,-16.521137,0.000000,1.000000,1.000000
tent,K,3,5,0.05,1.6,1.000e-08,7,-16.076057,0.000000,1.000000,1.000000
tent,K,3,5,0.05,1.6,1.000e-08,8,-15.631871,0.000000,1.000000,1.000000
tent,K,3,5,0.05,1.6,1.000e-08,9,-15.186705,0.000000,1.000000,1.000000
tent,K,3,5,0.05,1.6,1.000e-08,10,-14.742103,0.000000,1.000000,1.000000
tent,K,3,5,0.05,1.6,1.000e-08,11,-14.296271,0.000000,1.000000,1.000000
tent,K,3,5,0.05,1.6,1.000e-08,12,-13.851310,0.000000,1.000000,1.000000
tent,K,3,5,0.05,1.6,1.000e-08,13,-13.407011,0.000000,1.000000,1.000000
tent,K,3,5,0.05,1.6,1.000e-08,14,-12.961505,0.000000,1.000000,1.000000
tent,K,3,5,0.05,1.6,1.000e-08,15,-12.516382,0.000000,1.000000,1.000000
tent,K,3,5,0.05,1.6,1.000e-08,16,-12.071283,0.000000,1.000000,1.000000
tent,K,3,5,0.05,1.6,1.000e-08,17,-11.626558,0.000000,1.000000,1.000000
tent,K,3,5,0.05,1.6,1.000e-08,18,-11.182015,0.000000,1.000000,1.000000
tent,K,3,5,0.05,1.6,1.000e-08,19,-10.737451,0.000000,1.000000,1.000000
tent,K,3,5,0.05,1.6,1.000e-08,20,-10.293071,0.000000,1.000000,1.000000
tent,K,3,5,0.05,1.6,1.000e-08,21,-9.847969,0.000000,1.000000,1.000000
tent,K,3,5,0.05,1.6,1.000e-08,22,-9.404573,0.000000,1.000000,1.000000
tent,K,3,5,0.05,1.6,1.000e-08,23,-8.961159,0.000000,0.999999,0.999999
tent,K,3,5,0.05,1.6,1.000e-08,24,-8.516671,0.000000,0.999999,0.999998
tent,K,3,5,0.05,1.6,1.000e-08,25,-8.071659,0.000000,0.999996,0.999996
tent,K,3,5,0.05,1.6,1.000e-08,26,-7.627909,0.000000,0.999991,0.999991
tent,K,3,5,0.05,1.6,1.000e-08,27,-7.184714,0.000000,0.999978,0.999977
tent,K,3,5,0.05,1.6,1.000e-08,28,-6.740351,0.000000,0.999947,0.999945
tent,K,3,5,0.05,1.6,1.000e-08,29,-6.296102,0.000000,0.999871,0.999862
tent,K,3,5,0.05,1.6,1.000e-08,30,-5.854516,0.000000,0.999683,0.999662
tent,K,3,5,0.05,1.6,1.000e-08,31,-5.413936,0.000000,0.999219,0.999179
tent,K,3,5,0.05,1.6,1.000e-08,32,-4.975169,0.000000,0.998122,0.997979
tent,K,3,5,0.05,1.6,1.000e-08,33,-4.538618,0.000000,0.995500,0.995000
tent,K,3,5,0.05,1.6,1.000e-08,34,-4.108947,0.000000,0.989137,0.987938
tent,K,3,5,0.05,1.6,1.000e-08,35,-3.687073,0.000000,0.974004,0.972474
tent,K,3,5,0.05,1.6,1.000e-08,36,-3.275792,0.000427,0.939982,0.936649
tent,K,3,5,0.05,1.6,1.000e-08,37,-2.893238,0.004944,0.871968,0.863476
tent,K,3,5,0.05,1.6,1.000e-08,38,-2.543937,0.033081,0.750160,0.739696
tent,K,3,5,0.05,1.6,1.000e-08,39,-2.251032,0.097168,0.575456,0.555245
tent,K,3,5,0.05,1.6,1.000e-08,40,-2.030618,0.178223,0.379071,0.377053
tent,K,3,5,0.05,1.6,1.000e-08,41,-1.882137,0.250244,0.224745,0.218431
tent,K,3,5,0.05,1.6,1.000e-08,42,-1.795529,0.304321,0.128065,0.111226
tent,K,3,5,0.05,1.6,1.000e-08,43,-1.744981,0.328186,0.065856,0.042314
tent,K,3,5,0.05,1.6,1.000e-08,44,-1.718250,0.349060,0.034372,0.009533
tent,K,3,5,0.05,1.6,1.000e-08,45,-1.709359,0.349731,0.018988,-0.000242
tent,K,3,5,0.05,1.6,1.000e-08,46,-1.710842,0.352051,0.000723,-0.000851
tent,K,3,5,0.05,1.6,1.000e-08,47,-1.706896,0.352478,0.000794,0.004552
tent,K,3,5,0.05,1.6,1.000e-08,48,-1.712427,0.352539,0.016957,0.006459
tent,K,3,5,0.05,1.6,1.000e-08,49,-1.713524,0.352783,0.019584,0.004085
tent,K,3,5,0.05,1.6,1.000e-08,50,-1.712993,0.355225,0.001073,0.006769
tent,K,3,5,0.05,1.6,1.000e-08,51,-1.712960,0.353210,-0.002999,0.012716
tent,K,3,5,0.05,1.6,1.000e-08,52,-1.723117,0.344238,0.002641,0.015350
tent,K,3,5,0.05,1.6,1.000e-08,53,-1.711979,0.354126,-0.006609,0.016011
tent,K,3,5,0.05,1.6,1.000e-08,54,-1.708141,0.354309,0.002109,0.017144
tent,K,3,5,0.05,1.6,1.000e-08,55,-1.711897,0.349121,0.010294,-0.001968
tent,K,3,5,0.05,1.6,1.000e-08,56,-1.711566,0.357239,0.001234,0.003080
tent,K,3,5,0.05,1.6,1.000e-08,57,-1.704511,0.360901,-0.003118,0.004320
tent,K,3,5,0.05,1.6,1.000e-08,58,-1.709291,0.356201,-0.002612,0.003578
tent,K,3,5,0.05,1.6,1.000e-08,59,-1.711227,0.360779,0.002642,-0.007868
tent,K,3,5,0.05,1.6,1.000e-08,60,-1.708874,0.353210,0.009155,-0.010462
tent,K,3,5,0.05,1.6,1.000e-08,61,-1.706683,0.358643,0.005973,-0.004685
tent,K,3,5,0.05,1.6,1.000e-08,62,-1.702078,0.362793,0.000759,-0.002729
tent,K,3,5,0.05,1.6,1.000e-08,63,-1.710724,0.355713,0.015517,-0.010577
tent,K,3,5,0.05,1.6,1.000e-08,64,-1.708800,0.353943,0.010585,-0.011993
tent,K,3,5,0.05,1.6,1.000e-08,65,-1.704262,0.356628,0.004493,-0.006218
tent,K,3,5,0.05,1.6,1.000e-08,66,-1.700344,0.356445,0.003422,0.001029
tent,K,3,5,0.05,1.6,1.000e-08,67,-1.701315,0.358521,-0.001140,-0.002763
tent,K,3,5,0.05,1.6,1.000e-08,68,-1.704705,0.360535,-0.005205,-0.006666
tent,K,3,5,0.05,1.6,1.000e-08,69,-1.705974,0.355103,-0.006103,-0.005743
tent,K,3,5,0.05,1.6,1.000e-08,70,-1.709712,0.356995,0.001763,-0.004858
tent,K,3,5,0.05,1.6,1.000e-08,71,-1.712215,0.352783,0.011593,0.002713
tent,K,3,5,0.05,1.6,1.000e-08,72,-1.710276,0.354248,0.016613,0.009581
tent,K,3,5,0.05,1.6,1.000e-08,73,-1.705108,0.358093,0.004747,-0.001540
tent,K,3,5,0.05,1.6,1.000e-08,74,-1.706305,0.358398,0.005007,-0.008466
tent,K,3,5,0.05,1.6,1.000e-08,75,-1.706409,0.359192,0.006208,-0.002619
tent,K,3,5,0.05,1.6,1.000e-08,76,-1.708250,0.357178,-0.005154,-0.000628
tent,K,3,5,0.05,1.6,1.000e-08,77,-1.700040,0.357666,-0.000091,-0.005051
tent,K,3,5,0.05,1.6,1.000e-08,78,-1.706214,0.358032,0.004176,-0.003699
tent,K,3,5,0.05,1.6,1.000e-08,79,-1.703535,0.355225,0.005994,0.000348
tent,K,3,5,0.05,1.6,1.000e-08,80,-1.703391,0.355469,0.006299,-0.001581
tent,K,3,5,0.05,1.6,1.000e-08,81,-1.699230,0.363159,-0.010680,-0.009894
tent,K,3,5,0.05,1.6,1.000e-08,82,-1.702599,0.358826,-0.004009,-0.014672
tent,K,3,5,0.05,1.6,1.000e-08,83,-1.707388,0.358032,-0.004545,0.003760
tent,K,3,5,0.05,1.6,1.000e-08,84,-1.707208,0.353088,-0.008173,0.004945
tent,K,3,5,0.05,1.6,1.000e-08,85,-1.708146,0.359497,-0.006536,0.003774
tent,K,3,5,0.05,1.6,1.000e-08,86,-1.704125,0.356995,0.003471,-0.001465
tent,K,3,5,0.05,1.6,1.000e-08,87,-1.710336,0.354065,0.013580,-0.003713
tent,K,3,5,0.05,1.6,1.000e-08,88,-1.710554,0.352417,0.016141,-0.004711
tent,K,3,5,0.05,1.6,1.000e-08,89,-1.710274,0.353516,0.021593,-0.007613
tent,K,3,5,0.05,1.6,1.000e-08,90,-1.706503,0.359253,0.001723,-0.010114
tent,K,3,5,0.05,1.6,1.000e-08,91,-1.708102,0.360046,-0.006186,-0.001033
tent,K,3,5,0.05,1.6,1.000e-08,92,-1.715808,0.354553,0.002377,0.002706
tent,K,3,5,0.05,1.6,1.000e-08,93,-1.714428,0.353638,-0.000139,0.004847
tent,K,3,5,0.05,1.6,1.000e-08,94,-1.715139,0.356689,-0.002273,0.010975
tent,K,3,5,0.05,1.6,1.000e-08,95,-1.720888,0.351501,0.002099,0.015348
tent,K,3,5,0.05,1.6,1.000e-08,96,-1.709863,0.357544,-0.000549,0.002087
tent,K,3,5,0.05,1.6,1.000e-08,97,-1.705077,0.357422,-0.009173,-0.003704
tent,K,3,5,0.05,1.6,1.000e-08,98,-1.716025,0.353027,0.001819,-0.000426
tent,K,3,5,0.05,1.6,1.000e-08,99,-1.703335,0.358826,-0.001672,0.006536
tent,K,3,5,0.05,1.6,1.000e-08,100,-1.710457,0.351440,0.007772,0.008280
tent,K,3,5,0.05,1.6,1.000e-08,101,-1.715368,0.353516,0.005353,-0.008147
tent,K,3,5,0.05,1.6,1.000e-08,102,-1.710893,0.357605,0.000816,-0.001302
tent,K,3,5,0.05,1.6,1.000e-08,103,-1.716879,0.347778,0.017186,0.008487
tent,K,3,5,0.05,1.6,1.000e-08,104,-1.715058,0.351257,0.013840,0.009089
tent,K,3,5,0.05,1.6,1.000e-08,105,-1.708758,0.355286,0.007324,0.003942
tent,K,3,5,0.05,1.6,1.000e-08,106,-1.710137,0.350647,0.000740,0.007973
tent,K,3,5,0.05,1.6,1.000e-08,107,-1.710562,0.353455,0.003224,0.001790
tent,K,3,5,0.05,1.6,1.000e-08,108,-1.705604,0.357544,0.004833,0.002576
tent,K,3,5,0.05,1.6,1.000e-08,109,-1.712540,0.354675,-0.001376,0.010397
tent,K,3,5,0.05,1.6,1.000e-08,110,-1.717003,0.356750,0.001376,0.002885
tent,K,3,5,0.05,1.6,1.000e-08,111,-1.708725,0.352173,0.002906,-0.002919
tent,K,3,5,0.05,1.6,1.000e-08,112,-1.704731,0.362671,-0.007267,-0.001531
tent,K,3,5,0.05,1.6,1.000e-08,113,-1.709919,0.351257,0.000009,0.011727
tent,K,3,5,0.05,1.6,1.000e-08,114,-1.701984,0.361267,-0.014756,0.007743
tent,K,3,5,0.05,1.6,1.000e-08,115,-1.694424,0.365784,-0.022880,-0.004119
tent,K,3,5,0.05,1.6,1.000e-08,116,-1.703242,0.360229,-0.015391,-0.007355
tent,K,3,5,0.05,1.6,1.000e-08,117,-1.702448,0.360474,-0.017233,0.005688
tent,K,3,5,0.05,1.6,1.000e-08,118,-1.705106,0.355103,-0.014327,0.008557
tent,K,3,5,0.05,1.6,1.000e-08,119,-1.713516,0.353516,0.003096,0.006997
tent,K,3,5,0.05,1.6,1.000e-08,120,-1.709949,0.362183,0.002832,-0.001897
tent,K,3,5,0.05,1.6,1.000e-08,121,-1.705475,0.353149,-0.005627,0.006409
tent,K,3,5,0.05,1.6,1.000e-08,122,-1.701392,0.359192,-0.007931,0.000078
tent,K,3,5,0.05,1.6,1.000e-08,123,-1.705211,0.355164,-0.007236,0.000183
tent,K,3,5,0.05,1.6,1.000e-08,124,-1.702580,0.356873,-0.008734,0.007294
tent,K,3,5,0.05,1.6,1.000e-08,125,-1.699324,0.363464,-0.021271,0.004958
tent,K,3,5,0.05,1.6,1.000e-08,126,-1.699807,0.362915,-0.017821,-0.003923
tent,K,3,5,0.05,1.6,1.000e-08,127,-1.708687,0.357056,0.000860,-0.009017
tent,K,3,5,0.05,1.6,1.000e-08,128,-1.712882,0.353088,0.004230,-0.002145
tent,K,3,5,0.05,1.6,1.000e-08,129,-1.709023,0.353088,0.000233,0.001340
tent,K,3,5,0.05,1.6,1.000e-08,130,-1.706896,0.359192,0.002973,0.005345
tent,K,3,5,0.05,1.6,1.000e-08,131,-1.709667,0.356567,0.002442,0.001652
tent,K,3,5,0.05,1.6,1.000e-08,132,-1.713687,0.354858,-0.001732,0.001363
tent,K,3,5,0.05,1.6,1.000e-08,133,-1.712782,0.351868,0.009252,0.004163
tent,K,3,5,0.05,1.6,1.000e-08,134,-1.712004,0.354919,0.009837,-0.003135
tent,K,3,5,0.05,1.6,1.000e-08,135,-1.707353,0.351624,0.003745,0.011076
tent,K,3,5,0.05,1.6,1.000e-08,136,-1.709859,0.350891,0.007248,0.013814
tent,K,3,5,0.05,1.6,1.000e-08,137,-1.703495,0.356323,0.000288,0.004698
tent,K,3,5,0.05,1.6,1.000e-08,138,-1.705270,0.354248,0.002610,0.002768
tent,K,3,5,0.05,1.6,1.000e-08,139,-1.709822,0.354187,0.004118,0.014698
tent,K,3,5,0.05,1.6,1.000e-08,140,-1.706386,0.360596,0.002234,-0.002305
tent,K,3,5,0.05,1.6,1.000e-08,141,-1.710591,0.355103,-0.009277,-0.002589
tent,K,3,5,0.05,1.6,1.000e-08,142,-1.704429,0.359558,0.000369,0.002432
tent,K,3,5,0.05,1.6,1.000e-08,143,-1.712977,0.351074,0.002224,0.010795
tent,K,3,5,0.05,1.6,1.000e-08,144,-1.709065,0.357422,0.001976,0.004745
tent,K,3,5,0.05,1.6,1.000e-08,145,-1.704593,0.357727,0.001429,-0.010268
tent,K,3,5,0.05,1.6,1.000e-08,146,-1.705085,0.357117,0.000430,-0.010517
tent,K,3,5,0.05,1.6,1.000e-08,147,-1.706527,0.356506,-0.000662,-0.009377
tent,K,3,5,0.05,1.6,1.000e-08,148,-1.712926,0.355835,0.006648,0.003508
tent,K,3,5,0.05,1.6,1.000e-08,149,-1.708627,0.358154,-0.003776,-0.005309
tent,K,3,5,0.05,1.6,1.000e-08,150,-1.701317,0.359253,-0.011064,-0.001039
tent,K,3,5,0.05,1.6,1.000e-08,151,-1.703150,0.360718,-0.007462,0.005353
tent,K,3,5,0.05,1.6,1.000e-08,152,-1.710031,0.351685,0.002903,0.001614
tent,K,3,5,0.05,1.6,1.000e-08,153,-1.710508,0.355347,0.009110,-0.003360
tent,K,3,5,0.05,1.6,1.000e-08,154,-1.709060,0.356384,0.006713,-0.005761
tent,K,3,5,0.05,1.6,1.000e-08,155,-1.710994,0.355591,0.001773,0.007374
tent,K,3,5,0.05,1.6,1.000e-08,156,-1.706761,0.358337,0.001253,0.003006
tent,K,3,5,0.05,1.6,1.000e-08,157,-1.711698,0.353516,0.002124,0.008135
tent,K,3,5,0.05,1.6,1.000e-08,158,-1.709370,0.355042,0.002581,0.009277
tent,K,3,5,0.05,1.6,1.000e-08,159,-1.713287,0.353088,-0.004556,0.001901
tent,K,3,5,0.05,1.6,1.000e-08,160,-1.707832,0.360901,-0.013408,-0.000467
tent,K,3,5,0.05,1.6,1.000e-08,161,-1.704291,0.358765,-0.005409,-0.000250
tent,K,3,5,0.05,1.6,1.000e-08,162,-1.712005,0.353638,0.006096,-0.006840
tent,K,3,5,0.05,1.6,1.000e-08,163,-1.711601,0.351074,0.007553,-0.001514
tent,K,3,5,0.05,1.6,1.000e-08,164,-1.710364,0.359131,0.001381,0.003331
tent,K,3,5,0.05,1.6,1.000e-08,165,-1.707015,0.356689,0.008925,-0.004984
tent,K,3,5,0.05,1.6,1.000e-08,166,-1.713756,0.354431,0.009872,0.001675
tent,K,3,5,0.05,1.6,1.000e-08,167,-1.704493,0.362305,-0.002561,-0.007542
tent,K,3,5,0.05,1.6,1.000e-08,168,-1.705664,0.358337,0.002054,-0.007248
tent,K,3,5,0.05,1.6,1.000e-08,169,-1.712964,0.352539,0.022208,-0.010378
tent,K,3,5,0.05,1.6,1.000e-08,170,-1.713515,0.356628,0.003000,-0.002285
tent,K,3,5,0.05,1.6,1.000e-08,171,-1.714730,0.351135,-0.000844,0.016871
tent,K,3,5,0.05,1.6,1.000e-08,172,-1.716120,0.354065,-0.001172,0.019052
tent,K,3,5,0.05,1.6,1.000e-08,173,-1.711892,0.350891,0.007310,0.016088
tent,K,3,5,0.05,1.6,1.000e-08,174,-1.707197,0.353577,-0.006312,0.011440
tent,K,3,5,0.05,1.6,1.000e-08,175,-1.707364,0.358887,-0.004788,0.001434
tent,K,3,5,0.05,1.6,1.000e-08,176,-1.710793,0.359375,0.002856,0.001235
tent,K,3,5,0.05,1.6,1.000e-08,177,-1.708075,0.358093,-0.006119,-0.004932
tent,K,3,5,0.05,1.6,1.000e-08,178,-1.707090,0.354370,0.002291,0.006380
tent,K,3,5,0.05,1.6,1.000e-08,179,-1.708929,0.355042,-0.000611,0.005827
tent,K,3,5,0.05,1.6,1.000e-08,180,-1.701325,0.356079,-0.003969,-0.003852
tent,K,3,5,0.05,1.6,1.000e-08,181,-1.708690,0.355469,0.011287,0.010119
tent,K,3,5,0.05,1.6,1.000e-08,182,-1.706858,0.354004,0.009866,0.000912
tent,K,3,5,0.05,1.6,1.000e-08,183,-1.701277,0.357056,-0.003337,0.001964
tent,K,3,5,0.05,1.6,1.000e-08,184,-1.704412,0.358948,-0.007503,0.003223
tent,K,3,5,0.05,1.6,1.000e-08,185,-1.712883,0.354309,-0.002753,-0.004960
tent,K,3,5,0.05,1.6,1.000e-08,186,-1.704811,0.357483,-0.005515,-0.005173
tent,K,3,5,0.05,1.6,1.000e-08,187,-1.697822,0.362183,0.002207,-0.005867
tent,K,3,5,0.05,1.6,1.000e-08,188,-1.704133,0.358215,0.006108,0.009365
tent,K,3,5,0.05,1.6,1.000e-08,189,-1.714065,0.347900,0.005740,0.010119
tent,K,3,5,0.05,1.6,1.000e-08,190,-1.706408,0.358337,0.002020,-0.005392
tent,K,3,5,0.05,1.6,1.000e-08,191,-1.704586,0.359558,-0.006015,-0.014903
tent,K,3,5,0.05,1.6,1.000e-08,192,-1.698132,0.366211,-0.008322,-0.006886
tent,K,3,5,0.05,1.6,1.000e-08,193,-1.700144,0.360046,-0.003647,0.006553
tent,K,3,5,0.05,1.6,1.000e-08,194,-1.702554,0.360168,-0.007540,0.005276
tent,K,3,5,0.05,1.6,1.000e-08,195,-1.705688,0.361267,0.000361,-0.006623
tent,K,3,5,0.05,1.6,1.000e-08,196,-1.705458,0.358032,-0.014366,-0.009949
tent,K,3,5,0.05,1.6,1.000e-08,197,-1.703124,0.355835,-0.001277,-0.001653
tent,K,3,5,0.05,1.6,1.000e-08,198,-1.708157,0.354858,0.000758,0.007940
tent,K,3,5,0.05,1.6,1.000e-08,199,-1.708580,0.357727,-0.008226,0.011262
tent,K,3,5,0.05,1.6,1.000e-08,200,-1.712081,0.353210,-0.003133,0.020678
tent,K,3,5,0.05,1.6,1.000e-08,201,-1.705795,0.357361,-0.006816,0.010994
tent,K,3,5,0.05,1.6,1.000e-08,202,-1.705802,0.362183,0.001598,-0.006273
tent,K,3,5,0.05,1.6,1.000e-08,203,-1.710795,0.356445,0.016478,-0.003515
tent,K,3,5,0.05,1.6,1.000e-08,204,-1.710017,0.355042,0.012523,0.002904
tent,K,3,5,0.05,1.6,1.000e-08,205,-1.699166,0.359558,0.008523,-0.012853
tent,K,3,5,0.05,1.6,1.000e-08,206,-1.700993,0.359314,-0.011385,0.000562
tent,K,3,5,0.05,1.6,1.000e-08,207,-1.705087,0.355225,-0.006198,-0.000138
tent,K,3,5,0.05,1.6,1.000e-08,208,-1.706698,0.355286,0.000904,-0.006578
tent,K,3,5,0.05,1.6,1.000e-08,209,-1.700916,0.361328,-0.002277,-0.004156
tent,K,3,5,0.05,1.6,1.000e-08,210,-1.703677,0.358337,-0.000403,-0.006725
tent,K,3,5,0.05,1.6,1.000e-08,211,-1.706281,0.359924,-0.000254,-0.012629
tent,K,3,5,0.05,1.6,1.000e-08,212,-1.709234,0.356079,-0.000225,-0.004099
tent,K,3,5,0.05,1.6,1.000e-08,213,-1.707201,0.359436,0.004767,0.004576
tent,K,3,5,0.05,1.6,1.000e-08,214,-1.703134,0.364014,-0.012189,-0.000605
tent,K,3,5,0.05,1.6,1.000e-08,215,-1.706993,0.354980,0.000592,-0.010782
tent,K,3,5,0.05,1.6,1.000e-08,216,-1.706820,0.354370,0.013792,-0.005644
tent,K,3,5,0.05,1.6,1.000e-08,217,-1.709552,0.354553,0.007141,0.001003
tent,K,3,5,0.05,1.6,1.000e-08,218,-1.704869,0.356567,0.009486,-0.004524
tent,K,3,5,0.05,1.6,1.000e-08,219,-1.704320,0.358398,0.004739,-0.016555
tent,K,3,5,0.05,1.6,1.000e-08,220,-1.705702,0.352173,0.007045,-0.020702
tent,K,3,5,0.05,1.6,1.000e-08,221,-1.698936,0.362671,-0.000312,-0.015152
tent,K,3,5,0.05,1.6,1.000e-08,222,-1.696296,0.365112,-0.015138,-0.005837
tent,K,3,5,0.05,1.6,1.000e-08,223,-1.697484,0.360901,-0.007809,-0.012979
tent,K,3,5,0.05,1.6,1.000e-08,224,-1.707069,0.354980,0.000409,-0.000757
tent,K,3,5,0.05,1.6,1.000e-08,225,-1.713927,0.352600,0.010239,-0.006980
tent,K,3,5,0.05,1.6,1.000e-08,226,-1.709054,0.357727,0.008499,-0.002503
tent,K,3,5,0.05,1.6,1.000e-08,227,-1.710842,0.355835,0.001894,-0.000387
tent,K,3,5,0.05,1.6,1.000e-08,228,-1.704602,0.359680,0.006172,-0.001029
tent,K,3,5,0.05,1.6,1.000e-08,229,-1.706268,0.360962,0.007214,-0.007499
tent,K,3,5,0.05,1.6,1.000e-08,230,-1.706455,0.360107,0.001807,-0.001314
tent,K,3,5,0.05,1.6,1.000e-08,231,-1.714325,0.356201,-0.002149,0.010086
tent,K,3,5,0.05,1.6,1.000e-08,232,-1.717632,0.351135,-0.005111,0.009792
tent,K,3,5,0.05,1.6,1.000e-08,233,-1.712962,0.353210,-0.001550,0.018168
tent,K,3,5,0.05,1.6,1.000e-08,234,-1.710721,0.359070,0.007329,0.006816
tent,K,3,5,0.05,1.6,1.000e-08,235,-1.705759,0.358826,0.005279,-0.000773
tent,K,3,5,0.05,1.6,1.000e-08,236,-1.708631,0.350159,0.005335,0.007171
tent,K,3,5,0.05,1.6,1.000e-08,237,-1.707993,0.350403,0.002095,0.005290
tent,K,3,5,0.05,1.6,1.000e-08,238,-1.708603,0.356445,-0.006074,0.000138
tent,K,3,5,0.05,1.6,1.000e-08,239,-1.706241,0.353638,-0.000418,-0.000234
tent,K,3,5,0.05,1.6,1.000e-08,240,-1.705254,0.356323,0.002730,-0.001829
tent,K,3,5,0.05,1.6,1.000e-08,241,-1.705475,0.355835,-0.002687,0.009316
tent,K,3,5,0.05,1.6,1.000e-08,242,-1.706088,0.360229,-0.008576,0.005524
tent,K,3,5,0.05,1.6,1.000e-08,243,-1.713080,0.356323,0.005506,0.007707
tent,K,3,5,0.05,1.6,1.000e-08,244,-1.710247,0.357300,-0.000067,0.017522
tent,K,3,5,0.05,1.6,1.000e-08,245,-1.716145,0.356018,0.011387,0.009661
tent,K,3,5,0.05,1.6,1.000e-08,246,-1.716117,0.349792,0.007262,0.012213
tent,K,3,5,0.05,1.6,1.000e-08,247,-1.708596,0.359863,0.000197,-0.001552
tent,K,3,5,0.05,1.6,1.000e-08,248,-1.706588,0.360352,0.000534,-0.004928
tent,K,3,5,0.05,1.6,1.000e-08,249,-1.705902,0.358704,-0.001578,-0.002464
tent,K,3,5,0.05,1.6,1.000e-08,250,-1.703688,0.358765,-0.001130,0.005768
tent,K,3,5,0.05,1.6,1.000e-08,251,-1.705512,0.357483,-0.000364,0.004086
tent,K,3,5,0.05,1.6,1.000e-08,252,-1.709139,0.356445,0.000372,0.000020
tent,K,3,5,0.05,1.6,1.000e-08,253,-1.708201,0.357971,0.003680,0.001820
tent,K,3,5,0.05,1.6,1.000e-08,254,-1.711136,0.353210,0.011623,-0.007267
tent,K,3,5,0.05,1.6,1.000e-08,255,-1.711799,0.350952,0.006545,0.007562
tent,K,3,5,0.05,1.6,1.000e-08,256,-1.711552,0.353394,0.007111,0.005340
tent,K,3,5,0.05,1.6,1.000e-08,257,-1.712561,0.354370,0.013354,0.007585
tent,K,3,5,0.05,1.6,1.000e-08,258,-1.709229,0.356628,-0.000560,0.003849
tent,K,3,5,0.05,1.6,1.000e-08,259,-1.707865,0.356018,-0.005856,-0.002431
tent,K,3,5,0.05,1.6,1.000e-08,260,-1.706830,0.359741,0.002554,-0.007085
tent,K,3,5,0.05,1.6,1.000e-08,261,-1.715221,0.349915,0.001035,0.007127
tent,K,3,5,0.05,1.6,1.000e-08,262,-1.716245,0.356812,0.001822,0.006076
tent,K,3,5,0.05,1.6,1.000e-08,263,-1.714328,0.355408,-0.001069,0.003079
tent,K,3,5,0.05,1.6,1.000e-08,264,-1.710759,0.355347,0.006626,-0.002658
tent,K,3,5,0.05,1.6,1.000e-08,265,-1.710731,0.358154,0.003078,-0.007962
tent,K,3,5,0.05,1.6,1.000e-08,266,-1.707068,0.360718,-0.013632,-0.008929
tent,K,3,5,0.05,1.6,1.000e-08,267,-1.704788,0.358765,-0.004378,-0.005497
tent,K,3,5,0.05,1.6,1.000e-08,268,-1.704223,0.351440,-0.001000,0.005637
tent,K,3,5,0.05,1.6,1.000e-08,269,-1.698062,0.358521,-0.017634,0.003578
tent,K,3,5,0.05,1.6,1.000e-08,270,-1.698923,0.360779,-0.016318,0.000581
tent,K,3,5,0.05,1.6,1.000e-08,271,-1.708005,0.358582,-0.004729,-0.003752
tent,K,3,5,0.05,1.6,1.000e-08,272,-1.705173,0.355164,-0.005186,-0.000073
tent,K,3,5,0.05,1.6,1.000e-08,273,-1.706490,0.358521,0.002955,-0.008026
tent,K,3,5,0.05,1.6,1.000e-08,274,-1.700402,0.366821,-0.002835,-0.013749
tent,K,3,5,0.05,1.6,1.000e-08,275,-1.707383,0.359070,-0.000672,-0.008088
tent,K,3,5,0.05,1.6,1.000e-08,276,-1.707736,0.357361,-0.000293,-0.004720
tent,K,3,5,0.05,1.6,1.000e-08,277,-1.703656,0.362244,-0.006449,-0.001586
tent,K,3,5,0.05,1.6,1.000e-08,278,-1.706079,0.356506,-0.011430,0.004448
tent,K,3,5,0.05,1.6,1.000e-08,279,-1.697828,0.361450,-0.024437,-0.003336
tent,K,3,5,0.05,1.6,1.000e-08,280,-1.706026,0.360474,-0.004561,0.000085
tent,K,3,5,0.05,1.6,1.000e-08,281,-1.709725,0.356018,-0.000728,-0.004254
tent,K,3,5,0.05,1.6,1.000e-08,282,-1.710377,0.359680,-0.004236,-0.001628
tent,K,3,5,0.05,1.6,1.000e-08,283,-1.714796,0.353638,0.002410,0.001726
tent,K,3,5,0.05,1.6,1.000e-08,284,-1.713540,0.352173,0.011826,0.003880
tent,K,3,5,0.05,1.6,1.000e-08,285,-1.707436,0.355774,0.017351,-0.001800
tent,K,3,5,0.05,1.6,1.000e-08,286,-1.715764,0.354370,-0.001108,0.011664
tent,K,3,5,0.05,1.6,1.000e-08,287,-1.707318,0.363525,-0.009184,0.005063
tent,K,3,5,0.05,1.6,1.000e-08,288,-1.704799,0.357727,-0.006975,0.008064
tent,K,3,5,0.05,1.6,1.000e-08,289,-1.710163,0.352173,-0.001003,0.003278
tent,K,3,5,0.05,1.6,1.000e-08,290,-1.703152,0.360657,-0.010654,-0.002763
tent,K,3,5,0.05,1.6,1.000e-08,291,-1.698331,0.360596,-0.010452,0.000723
tent,K,3,5,0.05,1.6,1.000e-08,292,-1.701597,0.359375,0.000675,-0.006924
tent,K,3,5,0.05,1.6,1.000e-08,293,-1.697448,0.362427,0.004605,-0.006462
tent,K,3,5,0.05,1.6,1.000e-08,294,-1.701853,0.360779,-0.006962,-0.000029
tent,K,3,5,0.05,1.6,1.000e-08,295,-1.698438,0.357910,-0.022312,0.003467
tent,K,3,5,0.05,1.6,1.000e-08,296,-1.696808,0.362305,-0.019931,-0.005100
tent,K,3,5,0.05,1.6,1.000e-08,297,-1.694924,0.368591,-0.013499,-0.019519
tent,K,3,5,0.05,1.6,1.000e-08,298,-1.702618,0.361023,-0.000593,-0.012042
tent,K,3,5,0.05,1.6,1.000e-08,299,-1.703231,0.357178,-0.003755,-0.011379
tent,K,3,5,0.05,1.6,1.000e-08,300,-1.704633,0.358215,0.008401,-0.013173
tent,K,3,5,0.05,1.6,1.000e-08,301,-1.700597,0.359558,0.015178,-0.004673
tent,K,3,5,0.05,1.6,1.000e-08,302,-1.704391,0.357605,0.005470,-0.006008
tent,K,3,5,0.05,1.6,1.000e-08,303,-1.707555,0.353333,-0.006171,0.001515
tent,K,3,5,0.05,1.6,1.000e-08,304,-1.706581,0.358765,-0.009178,-0.006024
tent,K,3,5,0.05,1.6,1.000e-08,305,-1.706612,0.358276,-0.000523,0.001210
tent,K,3,5,0.05,1.6,1.000e-08,306,-1.710450,0.355957,-0.000277,0.013008
tent,K,3,5,0.05,1.6,1.000e-08,307,-1.700594,0.359070,-0.000143,-0.003363
tent,K,3,5,0.05,1.6,1.000e-08,308,-1.707276,0.359497,0.003093,-0.004441
tent,K,3,5,0.05,1.6,1.000e-08,309,-1.708000,0.358582,0.000287,-0.001141
tent,K,3,5,0.05,1.6,1.000e-08,310,-1.708534,0.353271,0.009710,-0.007676
tent,K,3,5,0.05,1.6,1.000e-08,311,-1.708207,0.355286,0.002133,-0.001398
tent,K,3,5,0.05,1.6,1.000e-08,312,-1.706373,0.359558,-0.003537,0.000127
tent,K,3,5,0.05,1.6,1.000e-08,313,-1.707092,0.362427,0.004360,-0.003077
tent,K,3,5,0.05,1.6,1.000e-08,314,-1.702304,0.355042,-0.004613,-0.003812
tent,K,3,5,0.05,1.6,1.000e-08,315,-1.702393,0.361633,-0.002096,-0.009274
tent,K,3,5,0.05,1.6,1.000e-08,316,-1.704233,0.361023,-0.003035,-0.002869
tent,K,3,5,0.05,1.6,1.000e-08,317,-1.708867,0.353210,0.010487,-0.007834
tent,K,3,5,0.05,1.6,1.000e-08,318,-1.707700,0.357422,0.002535,-0.012072
tent,K,3,5,0.05,1.6,1.000e-08,319,-1.702062,0.361328,-0.000690,-0.010958
tent,K,3,5,0.05,1.6,1.000e-08,320,-1.704988,0.359436,0.001287,-0.015652
tent,K,3,5,0.05,1.6,1.000e-08,321,-1.702886,0.360107,0.004419,-0.010619
tent,K,3,5,0.05,1.6,1.000e-08,322,-1.706694,0.356323,0.000055,-0.012188
tent,K,3,5,0.05,1.6,1.000e-08,323,-1.702580,0.362000,-0.001178,-0.007807
tent,K,3,5,0.05,1.6,1.000e-08,324,-1.706520,0.360962,0.001097,-0.011009
tent,K,3,5,0.05,1.6,1.000e-08,325,-1.713644,0.355713,-0.003236,0.004650
tent,K,3,5,0.05,1.6,1.000e-08,326,-1.714188,0.352539,-0.003241,0.009011
tent,K,3,5,0.05,1.6,1.000e-08,327,-1.706538,0.360046,-0.012788,0.006287
tent,K,3,5,0.05,1.6,1.000e-08,328,-1.708682,0.353271,-0.000725,0.006096
tent,K,3,5,0.05,1.6,1.000e-08,329,-1.705367,0.355164,-0.010753,0.006336
tent,K,3,5,0.05,1.6,1.000e-08,330,-1.707686,0.353882,-0.002585,0.006417
tent,K,3,5,0.05,1.6,1.000e-08,331,-1.704539,0.355103,0.005634,0.006312
tent,K,3,5,0.05,1.6,1.000e-08,332,-1.706263,0.360413,0.006677,0.007888
tent,K,3,5,0.05,1.6,1.000e-08,333,-1.715299,0.352417,0.006597,0.015614
tent,K,3,5,0.05,1.6,1.000e-08,334,-1.717409,0.351929,0.011400,0.012963
tent,K,3,5,0.05,1.6,1.000e-08,335,-1.716414,0.352234,0.011440,0.003283
tent,K,3,5,0.05,1.6,1.000e-08,336,-1.706973,0.353577,0.004550,0.002990
tent,K,3,5,0.05,1.6,1.000e-08,337,-1.704605,0.361084,-0.003277,0.001004
tent,K,3,5,0.05,1.6,1.000e-08,338,-1.704961,0.355713,-0.006866,-0.001276
tent,K,3,5,0.05,1.6,1.000e-08,339,-1.709196,0.355286,-0.010996,0.009318
tent,K,3,5,0.05,1.6,1.000e-08,340,-1.707221,0.357544,0.002468,-0.003844
tent,K,3,5,0.05,1.6,1.000e-08,341,-1.708027,0.352478,0.010707,-0.005141
tent,K,3,5,0.05,1.6,1.000e-08,342,-1.710460,0.357849,0.003222,0.006292
tent,K,3,5,0.05,1.6,1.000e-08,343,-1.711188,0.360840,-0.006735,-0.002580
tent,K,3,5,0.05,1.6,1.000e-08,344,-1.712597,0.352722,-0.001029,-0.002053
tent,K,3,5,0.05,1.6,1.000e-08,345,-1.711274,0.356750,0.005736,0.002422
tent,K,3,5,0.05,1.6,1.000e-08,346,-1.707588,0.356384,-0.000048,-0.001836
tent,K,3,5,0.05,1.6,1.000e-08,347,-1.702172,0.362488,-0.013628,0.000819
tent,K,3,5,0.05,1.6,1.000e-08,348,-1.708757,0.356689,-0.004522,0.003323
tent,K,3,5,0.05,1.6,1.000e-08,349,-1.709476,0.350342,0.005497,0.008939
tent,K,3,5,0.05,1.6,1.000e-08,350,-1.704717,0.357788,0.005922,0.005976
tent,K,3,5,0.05,1.6,1.000e-08,351,-1.702264,0.363098,-0.004457,-0.003616
tent,K,3,5,0.05,1.6,1.000e-08,352,-1.704683,0.355835,-0.010244,-0.002741
tent,K,3,5,0.05,1.6,1.000e-08,353,-1.706802,0.358337,-0.002161,-0.007559
tent,K,3,5,0.05,1.6,1.000e-08,354,-1.708680,0.356873,0.005798,0.003662
tent,K,3,5,0.05,1.6,1.000e-08,355,-1.708905,0.353638,0.000409,0.005870
tent,K,3,5,0.05,1.6,1.000e-08,356,-1.699475,0.359558,-0.002008,-0.007035
tent,K,3,5,0.05,1.6,1.000e-08,357,-1.699804,0.364014,0.003710,-0.005330
tent,K,3,5,0.05,1.6,1.000e-08,358,-1.710952,0.355652,-0.002414,0.012473
tent,K,3,5,0.05,1.6,1.000e-08,359,-1.721136,0.348999,-0.011765,0.019327
tent,K,3,5,0.05,1.6,1.000e-08,360,-1.719355,0.347229,0.000927,0.020315
tent,K,3,5,0.05,1.6,1.000e-08,361,-1.710792,0.355286,0.002378,0.004656
tent,K,3,5,0.05,1.6,1.000e-08,362,-1.706013,0.359375,-0.011127,0.010323
tent,K,3,5,0.05,1.6,1.000e-08,363,-1.707708,0.359314,-0.002754,0.006296
tent,K,3,5,0.05,1.6,1.000e-08,364,-1.705046,0.358704,-0.005308,-0.004004
tent,K,3,5,0.05,1.6,1.000e-08,365,-1.700544,0.358704,-0.011585,0.001573
tent,K,3,5,0.05,1.6,1.000e-08,366,-1.699920,0.364563,-0.012358,-0.001731
tent,K,3,5,0.05,1.6,1.000e-08,367,-1.701693,0.358826,-0.016644,-0.001236
tent,K,3,5,0.05,1.6,1.000e-08,368,-1.706052,0.354431,-0.003520,0.012150
tent,K,3,5,0.05,1.6,1.000e-08,369,-1.702541,0.360107,-0.012279,-0.001404
tent,K,3,5,0.05,1.6,1.000e-08,370,-1.703063,0.357239,0.004211,-0.019442
tent,K,3,5,0.05,1.6,1.000e-08,371,-1.705049,0.359192,0.007504,-0.016195
tent,K,3,5,0.05,1.6,1.000e-08,372,-1.715097,0.359131,-0.001565,0.006849
tent,K,3,5,0.05,1.6,1.000e-08,373,-1.714610,0.351624,0.002256,0.010754
tent,K,3,5,0.05,1.6,1.000e-08,374,-1.713108,0.350464,0.000020,0.001696
tent,K,3,5,0.05,1.6,1.000e-08,375,-1.704523,0.359375,-0.003068,0.001270
tent,K,3,5,0.05,1.6,1.000e-08,376,-1.706087,0.361633,-0.004897,0.007575
tent,K,3,5,0.05,1.6,1.000e-08,377,-1.707093,0.361328,-0.009937,-0.003966
tent,K,3,5,0.05,1.6,1.000e-08,378,-1.707086,0.353577,-0.000905,0.003192
tent,K,3,5,0.05,1.6,1.000e-08,379,-1.710045,0.357605,0.001470,0.007702
tent,K,3,5,0.05,1.6,1.000e-08,380,-1.710921,0.359314,-0.005315,0.001272
tent,K,3,5,0.05,1.6,1.000e-08,381,-1.712083,0.354126,0.005218,-0.000985
tent,K,3,5,0.05,1.6,1.000e-08,382,-1.706379,0.359558,0.001783,0.002274
tent,K,3,5,0.05,1.6,1.000e-08,383,-1.707793,0.354126,0.004044,0.006595
tent,K,3,5,0.05,1.6,1.000e-08,384,-1.715057,0.349304,0.004070,0.005268
tent,K,3,5,0.05,1.6,1.000e-08,385,-1.712856,0.355530,0.011901,-0.005004
tent,K,3,5,0.05,1.6,1.000e-08,386,-1.710481,0.353516,0.009141,-0.013672
tent,K,3,5,0.05,1.6,1.000e-08,387,-1.709605,0.353394,-0.001635,0.000655
tent,K,3,5,0.05,1.6,1.000e-08,388,-1.706134,0.361450,0.003563,-0.004092
tent,K,3,5,0.05,1.6,1.000e-08,389,-1.713414,0.355408,0.004122,-0.008264
tent,K,3,5,0.05,1.6,1.000e-08,390,-1.710494,0.352173,-0.002229,-0.002536
tent,K,3,5,0.05,1.6,1.000e-08,391,-1.714013,0.354065,0.001046,0.009878
tent,K,3,5,0.05,1.6,1.000e-08,392,-1.713658,0.349609,0.006003,0.014016
tent,K,3,5,0.05,1.6,1.000e-08,393,-1.716942,0.351501,0.004316,0.002615
tent,K,3,5,0.05,1.6,1.000e-08,394,-1.709967,0.354858,-0.000678,0.005523
tent,K,3,5,0.05,1.6,1.000e-08,395,-1.705060,0.354797,0.007921,0.000304
tent,K,3,5,0.05,1.6,1.000e-08,396,-1.705046,0.355469,0.003297,-0.000202
tent,K,3,5,0.05,1.6,1.000e-08,397,-1.710813,0.352417,0.007114,-0.000241
tent,K,3,5,0.05,1.6,1.000e-08,398,-1.706546,0.358643,0.006308,-0.012168
tent,K,3,5,0.05,1.6,1.000e-08,399,-1.704316,0.362122,0.005124,-0.017298
tent,K,3,5,0.05,1.6,1.000e-08,400,-1.701226,0.361023,-0.001202,-0.006405
tent,K,3,5,0.05,1.6,1.000e-06,1,-13.721025,0.000000,1.000000,1.000000
tent,K,3,5,0.05,1.6,1.000e-06,2,-13.756335,0.000000,1.000000,1.000000
tent,K,3,5,0.05,1.6,1.000e-06,3,-13.233666,0.000000,1.000000,1.000000
tent,K,3,5,0.05,1.6,1.000e-06,4,-12.784116,0.000000,1.000000,1.000000
tent,K,3,5,0.05,1.6,1.000e-06,5,-12.366931,0.000000,1.000000,1.000000
tent,K,3,5,0.05,1.6,1.000e-06,6,-11.915968,0.000000,1.000000,1.000000
tent,K,3,5,0.05,1.6,1.000e-06,7,-11.470889,0.000000,1.000000,1.000000
tent,K,3,5,0.05,1.6,1.000e-06,8,-11.026703,0.000000,1.000000,1.000000
tent,K,3,5,0.05,1.6,1.000e-06,9,-10.581538,0.000000,1.000000,1.000000
tent,K,3,5,0.05,1.6,1.000e-06,10,-10.136961,0.000000,1.000000,1.000000
tent,K,3,5,0.05,1.6,1.000e-06,11,-9.691189,0.000000,1.000000,1.000000
tent,K,3,5,0.05,1.6,1.000e-06,12,-9.246289,0.000000,1.000000,1.000000
tent,K,3,5,0.05,1.6,1.000e-06,13,-8.802157,0.000000,0.999999,0.999999
tent,K,3,5,0.05,1.6,1.000e-06,14,-8.356869,0.000000,0.999998,0.999998
tent,K,3,5,0.05,1.6,1.000e-06,15,-7.911914,0.000000,0.999996,0.999995
tent,K,3,5,0.05,1.6,1.000e-06,16,-7.467604,0.000000,0.999989,0.999989
tent,K,3,5,0.05,1.6,1.000e-06,17,-7.023198,0.000000,0.999973,0.999973
tent,K,3,5,0.05,1.6,1.000e-06,18,-6.579852,0.000000,0.999935,0.999933
tent,K,3,5,0.05,1.6,1.000e-06,19,-6.136858,0.000000,0.999841,0.999836
tent,K,3,5,0.05,1.6,1.000e-06,20,-5.695190,0.000000,0.999602,0.999596
tent,K,3,5,0.05,1.6,1.000e-06,21,-5.253481,0.000000,0.999050,0.999016
tent,K,3,5,0.05,1.6,1.000e-06,22,-4.816172,0.000000,0.997695,0.997562
tent,K,3,5,0.05,1.6,1.000e-06,23,-4.383529,0.000000,0.994277,0.994104
tent,K,3,5,0.05,1.6,1.000e-06,24,-3.954642,0.000000,0.986594,0.985934
tent,K,3,5,0.05,1.6,1.000e-06,25,-3.537287,0.000000,0.968687,0.967084
tent,K,3,5,0.05,1.6,1.000e-06,26,-3.133070,0.000183,0.928358,0.924715
tent,K,3,5,0.05,1.6,1.000e-06,27,-2.754724,0.005432,0.842156,0.837632
tent,K,3,5,0.05,1.6,1.000e-06,28,-2.416451,0.043640,0.695343,0.691504
tent,K,3,5,0.05,1.6,1.000e-06,29,-2.137818,0.127197,0.492722,0.488389
tent,K,3,5,0.05,1.6,1.000e-06,30,-1.950797,0.214294,0.314424,0.293936
tent,K,3,5,0.05,1.6,1.000e-06,31,-1.834421,0.276306,0.174875,0.167504
tent,K,3,5,0.05,1.6,1.000e-06,32,-1.765091,0.318420,0.088471,0.078426
tent,K,3,5,0.05,1.6,1.000e-06,33,-1.729139,0.340393,0.034019,0.030894
tent,K,3,5,0.05,1.6,1.000e-06,34,-1.717293,0.350403,0.014051,0.011484
tent,K,3,5,0.05,1.6,1.000e-06,35,-1.713968,0.354858,0.005758,0.000586
tent,K,3,5,0.05,1.6,1.000e-06,36,-1.713863,0.360413,-0.001415,0.003115
tent,K,3,5,0.05,1.6,1.000e-06,37,-1.715747,0.353699,0.009144,-0.001277
tent,K,3,5,0.05,1.6,1.000e-06,38,-1.710953,0.353760,0.013951,0.002472
tent,K,3,5,0.05,1.6,1.000e-06,39,-1.714129,0.351135,0.015604,-0.003751
tent,K,3,5,0.05,1.6,1.000e-06,40,-1.706927,0.354248,0.006814,-0.003549
tent,K,3,5,0.05,1.6,1.000e-06,41,-1.706806,0.355896,0.007979,0.011415
tent,K,3,5,0.05,1.6,1.000e-06,42,-1.704464,0.358521,0.005515,-0.006142
tent,K,3,5,0.05,1.6,1.000e-06,43,-1.709415,0.355896,0.015181,-0.016949
tent,K,3,5,0.05,1.6,1.000e-06,44,-1.708188,0.357422,0.004015,-0.013290
tent,K,3,5,0.05,1.6,1.000e-06,45,-1.705818,0.352844,0.001839,-0.000443
tent,K,3,5,0.05,1.6,1.000e-06,46,-1.710455,0.356201,0.006638,-0.006103
tent,K,3,5,0.05,1.6,1.000e-06,47,-1.707781,0.352051,0.001268,-0.005074
tent,K,3,5,0.05,1.6,1.000e-06,48,-1.716423,0.350403,0.007817,0.003647
tent,K,3,5,0.05,1.6,1.000e-06,49,-1.715562,0.354004,0.012742,-0.000253
tent,K,3,5,0.05,1.6,1.000e-06,50,-1.710054,0.357666,0.014389,-0.003734
tent,K,3,5,0.05,1.6,1.000e-06,51,-1.710152,0.353455,0.012095,-0.004732
tent,K,3,5,0.05,1.6,1.000e-06,52,-1.708408,0.355286,0.007245,-0.003693
tent,K,3,5,0.05,1.6,1.000e-06,53,-1.708366,0.354797,-0.001523,-0.001437
tent,K,3,5,0.05,1.6,1.000e-06,54,-1.707328,0.361511,-0.002730,-0.000792
tent,K,3,5,0.05,1.6,1.000e-06,55,-1.712443,0.357971,0.002036,-0.008991
tent,K,3,5,0.05,1.6,1.000e-06,56,-1.711253,0.356934,0.011067,-0.002032
tent,K,3,5,0.05,1.6,1.000e-06,57,-1.710301,0.358154,0.005805,-0.008404
tent,K,3,5,0.05,1.6,1.000e-06,58,-1.707721,0.358154,-0.004913,-0.004803
tent,K,3,5,0.05,1.6,1.000e-06,59,-1.709058,0.355591,-0.001816,0.002738
tent,K,3,5,0.05,1.6,1.000e-06,60,-1.714637,0.359619,0.003271,0.003943
tent,K,3,5,0.05,1.6,1.000e-06,61,-1.714644,0.355164,0.001982,0.002934
tent,K,3,5,0.05,1.6,1.000e-06,62,-1.703169,0.365051,-0.008265,0.004910
tent,K,3,5,0.05,1.6,1.000e-06,63,-1.703758,0.361389,0.001423,-0.002280
tent,K,3,5,0.05,1.6,1.000e-06,64,-1.710683,0.355347,0.012020,-0.010420
tent,K,3,5,0.05,1.6,1.000e-06,65,-1.708916,0.356995,0.010451,-0.005719
tent,K,3,5,0.05,1.6,1.000e-06,66,-1.707633,0.357056,0.014232,-0.001598
tent,K,3,5,0.05,1.6,1.000e-06,67,-1.708216,0.356262,0.000453,0.003920
tent,K,3,5,0.05,1.6,1.000e-06,68,-1.704171,0.357178,-0.005005,0.000226
tent,K,3,5,0.05,1.6,1.000e-06,69,-1.704184,0.355957,-0.003978,0.000527
tent,K,3,5,0.05,1.6,1.000e-06,70,-1.705239,0.355652,0.000853,0.003599
tent,K,3,5,0.05,1.6,1.000e-06,71,-1.706146,0.357849,-0.002985,0.000192
tent,K,3,5,0.05,1.6,1.000e-06,72,-1.710137,0.358704,0.005183,-0.007174
tent,K,3,5,0.05,1.6,1.000e-06,73,-1.712132,0.357971,0.006034,0.005341
tent,K,3,5,0.05,1.6,1.000e-06,74,-1.713506,0.348755,0.014739,0.014551
tent,K,3,5,0.05,1.6,1.000e-06,75,-1.705951,0.352478,0.010446,0.006693
tent,K,3,5,0.05,1.6,1.000e-06,76,-1.705673,0.360291,0.005197,0.006208
tent,K,3,5,0.05,1.6,1.000e-06,77,-1.707438,0.354614,0.003795,0.004845
tent,K,3,5,0.05,1.6,1.000e-06,78,-1.707983,0.356995,-0.001140,-0.004319
tent,K,3,5,0.05,1.6,1.000e-06,79,-1.707729,0.358887,-0.015566,-0.002936
tent,K,3,5,0.05,1.6,1.000e-06,80,-1.705780,0.361389,-0.011389,-0.000156
tent,K,3,5,0.05,1.6,1.000e-06,81,-1.700085,0.362671,-0.009028,0.003879
tent,K,3,5,0.05,1.6,1.000e-06,82,-1.708842,0.359619,-0.008402,0.000908
tent,K,3,5,0.05,1.6,1.000e-06,83,-1.711995,0.349243,0.010307,0.007017
tent,K,3,5,0.05,1.6,1.000e-06,84,-1.714238,0.352051,0.008609,0.007742
tent,K,3,5,0.05,1.6,1.000e-06,85,-1.704491,0.356018,-0.005530,0.004897
tent,K,3,5,0.05,1.6,1.000e-06,86,-1.703540,0.356384,-0.001616,-0.000230
tent,K,3,5,0.05,1.6,1.000e-06,87,-1.703298,0.354675,-0.009063,0.001052
tent,K,3,5,0.05,1.6,1.000e-06,88,-1.700697,0.361633,-0.001067,0.005707
tent,K,3,5,0.05,1.6,1.000e-06,89,-1.696242,0.360962,-0.005121,-0.014605
tent,K,3,5,0.05,1.6,1.000e-06,90,-1.697083,0.362915,-0.001285,-0.018076
tent,K,3,5,0.05,1.6,1.000e-06,91,-1.699277,0.361206,-0.012453,-0.001675
tent,K,3,5,0.05,1.6,1.000e-06,92,-1.702326,0.359863,-0.001499,-0.015703
tent,K,3,5,0.05,1.6,1.000e-06,93,-1.703923,0.360840,0.002188,-0.008040
tent,K,3,5,0.05,1.6,1.000e-06,94,-1.707357,0.353149,0.004539,0.003110
tent,K,3,5,0.05,1.6,1.000e-06,95,-1.709903,0.359802,-0.000308,0.000854
tent,K,3,5,0.05,1.6,1.000e-06,96,-1.702578,0.357239,0.000637,-0.004576
tent,K,3,5,0.05,1.6,1.000e-06,97,-1.708237,0.353271,-0.002109,0.003173
tent,K,3,5,0.05,1.6,1.000e-06,98,-1.713479,0.354187,-0.002020,0.015519
tent,K,3,5,0.05,1.6,1.000e-06,99,-1.715824,0.355652,0.006844,0.012243
tent,K,3,5,0.05,1.6,1.000e-06,100,-1.718123,0.348755,0.012310,0.006984
tent,K,3,5,0.05,1.6,1.000e-06,101,-1.714175,0.357361,0.008303,-0.001822
tent,K,3,5,0.05,1.6,1.000e-06,102,-1.706635,0.356689,0.003681,0.001396
tent,K,3,5,0.05,1.6,1.000e-06,103,-1.710807,0.356201,0.004028,-0.000388
tent,K,3,5,0.05,1.6,1.000e-06,104,-1.709492,0.358643,0.008928,-0.007220
tent,K,3,5,0.05,1.6,1.000e-06,105,-1.714498,0.355103,0.012191,-0.003156
tent,K,3,5,0.05,1.6,1.000e-06,106,-1.717836,0.351318,0.012728,-0.000613
tent,K,3,5,0.05,1.6,1.000e-06,107,-1.712173,0.355652,0.016002,-0.009618
tent,K,3,5,0.05,1.6,1.000e-06,108,-1.714173,0.357788,0.012704,0.007450
tent,K,3,5,0.05,1.6,1.000e-06,109,-1.712347,0.351013,0.009260,0.014096
tent,K,3,5,0.05,1.6,1.000e-06,110,-1.708004,0.346436,0.004931,0.012079
tent,K,3,5,0.05,1.6,1.000e-06,111,-1.705176,0.355652,0.006064,0.002136
tent,K,3,5,0.05,1.6,1.000e-06,112,-1.705434,0.360107,-0.003090,-0.011134
tent,K,3,5,0.05,1.6,1.000e-06,113,-1.709350,0.356323,0.005821,-0.010755
tent,K,3,5,0.05,1.6,1.000e-06,114,-1.705518,0.363647,0.004162,-0.009240
tent,K,3,5,0.05,1.6,1.000e-06,115,-1.704956,0.356079,0.000609,-0.003261
tent,K,3,5,0.05,1.6,1.000e-06,116,-1.702748,0.357300,0.006171,-0.000477
tent,K,3,5,0.05,1.6,1.000e-06,117,-1.706018,0.356323,-0.000327,-0.000306
tent,K,3,5,0.05,1.6,1.000e-06,118,-1.704857,0.355286,0.003156,0.006675
tent,K,3,5,0.05,1.6,1.000e-06,119,-1.704827,0.352173,-0.003827,-0.000316
tent,K,3,5,0.05,1.6,1.000e-06,120,-1.703104,0.357117,-0.009149,0.007513
tent,K,3,5,0.05,1.6,1.000e-06,121,-1.703780,0.355896,-0.005449,0.004160
tent,K,3,5,0.05,1.6,1.000e-06,122,-1.708737,0.357666,0.003857,0.000965
tent,K,3,5,0.05,1.6,1.000e-06,123,-1.708343,0.356873,-0.004755,-0.003882
tent,K,3,5,0.05,1.6,1.000e-06,124,-1.710020,0.354065,0.002375,-0.009161
tent,K,3,5,0.05,1.6,1.000e-06,125,-1.706795,0.358826,0.004762,-0.009694
tent,K,3,5,0.05,1.6,1.000e-06,126,-1.707873,0.362244,0.007959,-0.012725
tent,K,3,5,0.05,1.6,1.000e-06,127,-1.710972,0.354614,0.003649,-0.013564
tent,K,3,5,0.05,1.6,1.000e-06,128,-1.702877,0.361328,0.001164,-0.021483
tent,K,3,5,0.05,1.6,1.000e-06,129,-1.702987,0.357239,0.007936,-0.001773
tent,K,3,5,0.05,1.6,1.000e-06,130,-1.703130,0.361755,0.005240,-0.005725
tent,K,3,5,0.05,1.6,1.000e-06,131,-1.701405,0.359863,-0.007919,-0.009365
tent,K,3,5,0.05,1.6,1.000e-06,132,-1.700904,0.357605,-0.005636,-0.013394
tent,K,3,5,0.05,1.6,1.000e-06,133,-1.703397,0.358826,-0.008388,-0.011727
tent,K,3,5,0.05,1.6,1.000e-06,134,-1.708137,0.357666,-0.007666,-0.006584
tent,K,3,5,0.05,1.6,1.000e-06,135,-1.698440,0.366638,-0.010150,-0.007803
tent,K,3,5,0.05,1.6,1.000e-06,136,-1.705767,0.360901,-0.006485,-0.013335
tent,K,3,5,0.05,1.6,1.000e-06,137,-1.706169,0.357361,-0.000672,-0.001792
tent,K,3,5,0.05,1.6,1.000e-06,138,-1.705552,0.357727,-0.002263,-0.002214
tent,K,3,5,0.05,1.6,1.000e-06,139,-1.704718,0.355530,-0.001495,-0.010560
tent,K,3,5,0.05,1.6,1.000e-06,140,-1.708264,0.359131,0.001202,-0.005835
tent,K,3,5,0.05,1.6,1.000e-06,141,-1.705418,0.353760,0.000499,-0.002922
tent,K,3,5,0.05,1.6,1.000e-06,142,-1.703930,0.363831,-0.001706,-0.002536
tent,K,3,5,0.05,1.6,1.000e-06,143,-1.708102,0.355713,-0.000172,-0.002707
tent,K,3,5,0.05,1.6,1.000e-06,144,-1.703501,0.357605,-0.012722,0.004434
tent,K,3,5,0.05,1.6,1.000e-06,145,-1.702068,0.364014,-0.023304,0.002190
tent,K,3,5,0.05,1.6,1.000e-06,146,-1.712321,0.353455,0.001396,0.005479
tent,K,3,5,0.05,1.6,1.000e-06,147,-1.708794,0.356323,0.005738,0.013088
tent,K,3,5,0.05,1.6,1.000e-06,148,-1.709638,0.358948,-0.005970,0.008192
tent,K,3,5,0.05,1.6,1.000e-06,149,-1.706261,0.358154,-0.005100,0.006675
tent,K,3,5,0.05,1.6,1.000e-06,150,-1.702740,0.357666,-0.003093,0.003358
tent,K,3,5,0.05,1.6,1.000e-06,151,-1.706013,0.360291,-0.005511,-0.006355
tent,K,3,5,0.05,1.6,1.000e-06,152,-1.707753,0.357544,0.007181,-0.003165
tent,K,3,5,0.05,1.6,1.000e-06,153,-1.711627,0.356262,0.005031,-0.004063
tent,K,3,5,0.05,1.6,1.000e-06,154,-1.706953,0.358459,-0.001578,0.000230
tent,K,3,5,0.05,1.6,1.000e-06,155,-1.708921,0.353210,0.001655,0.004045
tent,K,3,5,0.05,1.6,1.000e-06,156,-1.706084,0.360413,0.002306,0.005144
tent,K,3,5,0.05,1.6,1.000e-06,157,-1.707613,0.355103,0.007386,-0.001068
tent,K,3,5,0.05,1.6,1.000e-06,158,-1.713810,0.354065,0.006035,0.010691
tent,K,3,5,0.05,1.6,1.000e-06,159,-1.711947,0.353333,0.010228,0.003286
tent,K,3,5,0.05,1.6,1.000e-06,160,-1.706611,0.357910,0.008765,-0.008815
tent,K,3,5,0.05,1.6,1.000e-06,161,-1.704451,0.361755,0.004581,-0.010405
tent,K,3,5,0.05,1.6,1.000e-06,162,-1.708626,0.363953,0.001259,-0.010400
tent,K,3,5,0.05,1.6,1.000e-06,163,-1.711035,0.358032,-0.002039,0.004165
tent,K,3,5,0.05,1.6,1.000e-06,164,-1.710002,0.355286,-0.014728,0.007457
tent,K,3,5,0.05,1.6,1.000e-06,165,-1.705874,0.361389,-0.009679,0.004861
tent,K,3,5,0.05,1.6,1.000e-06,166,-1.710450,0.357544,-0.008482,-0.002122
tent,K,3,5,0.05,1.6,1.000e-06,167,-1.710587,0.353455,-0.001430,0.015219
tent,K,3,5,0.05,1.6,1.000e-06,168,-1.712414,0.356323,-0.008575,0.016074
tent,K,3,5,0.05,1.6,1.000e-06,169,-1.704615,0.359436,-0.004065,-0.002430
tent,K,3,5,0.05,1.6,1.000e-06,170,-1.707243,0.351990,0.003616,0.003174
tent,K,3,5,0.05,1.6,1.000e-06,171,-1.703779,0.354614,-0.004660,0.012408
tent,K,3,5,0.05,1.6,1.000e-06,172,-1.705753,0.362549,-0.003907,-0.005095
tent,K,3,5,0.05,1.6,1.000e-06,173,-1.711950,0.354309,0.015383,-0.005074
tent,K,3,5,0.05,1.6,1.000e-06,174,-1.719578,0.356018,0.009848,0.008674
tent,K,3,5,0.05,1.6,1.000e-06,175,-1.707446,0.364807,-0.004673,-0.003610
tent,K,3,5,0.05,1.6,1.000e-06,176,-1.711709,0.353088,0.006224,-0.006475
tent,K,3,5,0.05,1.6,1.000e-06,177,-1.717603,0.351379,0.011121,0.010588
tent,K,3,5,0.05,1.6,1.000e-06,178,-1.709679,0.356323,-0.002688,0.000476
tent,K,3,5,0.05,1.6,1.000e-06,179,-1.704424,0.356812,0.003821,0.006980
tent,K,3,5,0.05,1.6,1.000e-06,180,-1.708043,0.355103,0.011253,-0.003075
tent,K,3,5,0.05,1.6,1.000e-06,181,-1.705777,0.355957,-0.000189,-0.009447
tent,K,3,5,0.05,1.6,1.000e-06,182,-1.697821,0.363098,-0.007444,-0.013332
tent,K,3,5,0.05,1.6,1.000e-06,183,-1.702730,0.365967,-0.010664,-0.015957
tent,K,3,5,0.05,1.6,1.000e-06,184,-1.706754,0.356384,-0.003517,-0.008316
tent,K,3,5,0.05,1.6,1.000e-06,185,-1.711716,0.353943,-0.000380,-0.003006
tent,K,3,5,0.05,1.6,1.000e-06,186,-1.707611,0.355469,0.004325,0.002806
tent,K,3,5,0.05,1.6,1.000e-06,187,-1.698235,0.365173,-0.005237,-0.002683
tent,K,3,5,0.05,1.6,1.000e-06,188,-1.705078,0.355408,-0.001232,0.002413
tent,K,3,5,0.05,1.6,1.000e-06,189,-1.712761,0.352722,0.001175,0.005881
tent,K,3,5,0.05,1.6,1.000e-06,190,-1.710461,0.354065,-0.004558,0.006476
tent,K,3,5,0.05,1.6,1.000e-06,191,-1.707064,0.362183,-0.007808,0.002054
tent,K,3,5,0.05,1.6,1.000e-06,192,-1.697161,0.366089,-0.009905,-0.009949
tent,K,3,5,0.05,1.6,1.000e-06,193,-1.698579,0.362915,0.003214,-0.012610
tent,K,3,5,0.05,1.6,1.000e-06,194,-1.703704,0.364075,-0.007359,-0.009734
tent,K,3,5,0.05,1.6,1.000e-06,195,-1.705861,0.359741,0.004741,-0.009439
tent,K,3,5,0.05,1.6,1.000e-06,196,-1.708609,0.359192,0.002858,-0.008996
tent,K,3,5,0.05,1.6,1.000e-06,197,-1.707685,0.356018,-0.001525,-0.001630
tent,K,3,5,0.05,1.6,1.000e-06,198,-1.709223,0.356628,0.008961,0.001336
tent,K,3,5,0.05,1.6,1.000e-06,199,-1.703889,0.365479,-0.005935,0.000015
tent,K,3,5,0.05,1.6,1.000e-06,200,-1.708353,0.360474,-0.009028,-0.002283
tent,K,3,5,0.05,1.6,1.000e-06,201,-1.708916,0.354553,-0.003773,-0.004225
tent,K,3,5,0.05,1.6,1.000e-06,202,-1.710586,0.352905,0.000527,0.001586
tent,K,3,5,0.05,1.6,1.000e-06,203,-1.706547,0.358704,0.006307,-0.003845
tent,K,3,5,0.05,1.6,1.000e-06,204,-1.703967,0.356018,0.008913,-0.006001
tent,K,3,5,0.05,1.6,1.000e-06,205,-1.700382,0.357544,-0.005425,0.006943
tent,K,3,5,0.05,1.6,1.000e-06,206,-1.698282,0.363647,-0.007002,0.004464
tent,K,3,5,0.05,1.6,1.000e-06,207,-1.711739,0.356628,-0.006237,0.004259
tent,K,3,5,0.05,1.6,1.000e-06,208,-1.713866,0.357178,0.003681,0.003231
tent,K,3,5,0.05,1.6,1.000e-06,209,-1.704267,0.359619,-0.006942,0.007750
tent,K,3,5,0.05,1.6,1.000e-06,210,-1.713271,0.355408,0.000841,0.004198
tent,K,3,5,0.05,1.6,1.000e-06,211,-1.717393,0.352112,0.006420,0.015289
tent,K,3,5,0.05,1.6,1.000e-06,212,-1.713920,0.354004,0.006102,0.010611
tent,K,3,5,0.05,1.6,1.000e-06,213,-1.714523,0.354553,0.003455,0.015634
tent,K,3,5,0.05,1.6,1.000e-06,214,-1.709375,0.355957,-0.007019,0.007606
tent,K,3,5,0.05,1.6,1.000e-06,215,-1.701956,0.363525,-0.006228,0.003144
tent,K,3,5,0.05,1.6,1.000e-06,216,-1.707138,0.358215,-0.008354,0.009191
tent,K,3,5,0.05,1.6,1.000e-06,217,-1.706572,0.357178,-0.007525,-0.004254
tent,K,3,5,0.05,1.6,1.000e-06,218,-1.704040,0.360046,-0.007904,0.002072
tent,K,3,5,0.05,1.6,1.000e-06,219,-1.707720,0.358459,-0.002001,0.002110
tent,K,3,5,0.05,1.6,1.000e-06,220,-1.709039,0.354614,0.005138,0.001578
tent,K,3,5,0.05,1.6,1.000e-06,221,-1.706801,0.356995,0.007935,-0.002723
tent,K,3,5,0.05,1.6,1.000e-06,222,-1.703877,0.359558,0.005479,-0.001446
tent,K,3,5,0.05,1.6,1.000e-06,223,-1.703436,0.359802,0.001958,0.002860
tent,K,3,5,0.05,1.6,1.000e-06,224,-1.710283,0.358093,-0.003562,0.004672
tent,K,3,5,0.05,1.6,1.000e-06,225,-1.714903,0.353394,-0.001521,0.001285
tent,K,3,5,0.05,1.6,1.000e-06,226,-1.716659,0.353821,-0.003717,0.008835
tent,K,3,5,0.05,1.6,1.000e-06,227,-1.716009,0.350769,0.007180,0.008566
tent,K,3,5,0.05,1.6,1.000e-06,228,-1.715389,0.354614,0.009705,0.009272
tent,K,3,5,0.05,1.6,1.000e-06,229,-1.712067,0.355469,-0.003223,0.012884
tent,K,3,5,0.05,1.6,1.000e-06,230,-1.704059,0.359924,-0.003385,0.005469
tent,K,3,5,0.05,1.6,1.000e-06,231,-1.709022,0.349915,0.004291,0.009355
tent,K,3,5,0.05,1.6,1.000e-06,232,-1.709997,0.353333,0.000034,0.007189
tent,K,3,5,0.05,1.6,1.000e-06,233,-1.705689,0.356812,-0.005866,-0.003593
tent,K,3,5,0.05,1.6,1.000e-06,234,-1.706976,0.358337,-0.005787,0.002133
tent,K,3,5,0.05,1.6,1.000e-06,235,-1.704786,0.355408,-0.006262,0.006267
tent,K,3,5,0.05,1.6,1.000e-06,236,-1.705913,0.353577,-0.006355,0.005761
tent,K,3,5,0.05,1.6,1.000e-06,237,-1.702945,0.358887,-0.004512,0.002274
tent,K,3,5,0.05,1.6,1.000e-06,238,-1.700816,0.358826,-0.012468,0.004145
tent,K,3,5,0.05,1.6,1.000e-06,239,-1.706370,0.356995,-0.009002,-0.004364
tent,K,3,5,0.05,1.6,1.000e-06,240,-1.713522,0.356628,0.001827,-0.002681
tent,K,3,5,0.05,1.6,1.000e-06,241,-1.714425,0.357422,0.006534,0.001876
tent,K,3,5,0.05,1.6,1.000e-06,242,-1.716030,0.352478,0.005503,0.003656
tent,K,3,5,0.05,1.6,1.000e-06,243,-1.712646,0.352783,0.004528,0.009871
tent,K,3,5,0.05,1.6,1.000e-06,244,-1.708322,0.355957,0.001016,0.006315
tent,K,3,5,0.05,1.6,1.000e-06,245,-1.706718,0.353394,-0.001007,0.001698
tent,K,3,5,0.05,1.6,1.000e-06,246,-1.715789,0.354309,0.009477,-0.007266
tent,K,3,5,0.05,1.6,1.000e-06,247,-1.721988,0.349854,0.021583,0.009665
tent,K,3,5,0.05,1.6,1.000e-06,248,-1.720328,0.351318,0.016929,0.008532
tent,K,3,5,0.05,1.6,1.000e-06,249,-1.711480,0.352356,0.008347,0.009096
tent,K,3,5,0.05,1.6,1.000e-06,250,-1.711049,0.351746,0.002799,0.015867
tent,K,3,5,0.05,1.6,1.000e-06,251,-1.715036,0.352112,-0.000060,0.012987
tent,K,3,5,0.05,1.6,1.000e-06,252,-1.710730,0.347534,0.010264,0.003039
tent,K,3,5,0.05,1.6,1.000e-06,253,-1.709018,0.358643,0.003623,0.012610
tent,K,3,5,0.05,1.6,1.000e-06,254,-1.712540,0.354187,0.001981,-0.004250
tent,K,3,5,0.05,1.6,1.000e-06,255,-1.711380,0.351562,0.009200,-0.005117
tent,K,3,5,0.05,1.6,1.000e-06,256,-1.711556,0.353271,0.003234,0.012255
tent,K,3,5,0.05,1.6,1.000e-06,257,-1.714137,0.351990,0.008485,0.012004
tent,K,3,5,0.05,1.6,1.000e-06,258,-1.708134,0.357239,0.005291,-0.004681
tent,K,3,5,0.05,1.6,1.000e-06,259,-1.701566,0.352112,0.000525,0.001417
tent,K,3,5,0.05,1.6,1.000e-06,260,-1.703621,0.361389,-0.000731,-0.002094
tent,K,3,5,0.05,1.6,1.000e-06,261,-1.700261,0.357971,0.000599,-0.012228
tent,K,3,5,0.05,1.6,1.000e-06,262,-1.707746,0.357422,0.009092,-0.018392
tent,K,3,5,0.05,1.6,1.000e-06,263,-1.709041,0.356934,0.002709,-0.000021
tent,K,3,5,0.05,1.6,1.000e-06,264,-1.714146,0.353516,0.009259,-0.002209
tent,K,3,5,0.05,1.6,1.000e-06,265,-1.711625,0.354431,-0.000176,0.001863
tent,K,3,5,0.05,1.6,1.000e-06,266,-1.705082,0.359619,0.000201,0.001743
tent,K,3,5,0.05,1.6,1.000e-06,267,-1.705013,0.359680,-0.003976,0.004162
tent,K,3,5,0.05,1.6,1.000e-06,268,-1.707560,0.354980,-0.003382,0.017692
tent,K,3,5,0.05,1.6,1.000e-06,269,-1.703584,0.358398,-0.006912,0.007746
tent,K,3,5,0.05,1.6,1.000e-06,270,-1.708004,0.353577,0.001269,0.003102
tent,K,3,5,0.05,1.6,1.000e-06,271,-1.709654,0.355408,0.006381,-0.007200
tent,K,3,5,0.05,1.6,1.000e-06,272,-1.703006,0.361694,-0.002033,-0.002992
tent,K,3,5,0.05,1.6,1.000e-06,273,-1.709026,0.356812,-0.003370,-0.000330
tent,K,3,5,0.05,1.6,1.000e-06,274,-1.708137,0.357727,-0.006803,0.005666
tent,K,3,5,0.05,1.6,1.000e-06,275,-1.716887,0.350830,0.002159,0.006302
tent,K,3,5,0.05,1.6,1.000e-06,276,-1.710536,0.350708,0.013582,-0.007532
tent,K,3,5,0.05,1.6,1.000e-06,277,-1.704731,0.356628,-0.000876,-0.002540
tent,K,3,5,0.05,1.6,1.000e-06,278,-1.704529,0.360107,-0.010426,-0.002232
tent,K,3,5,0.05,1.6,1.000e-06,279,-1.708035,0.355896,0.000437,-0.006346
tent,K,3,5,0.05,1.6,1.000e-06,280,-1.706750,0.356506,0.007800,-0.004392
tent,K,3,5,0.05,1.6,1.000e-06,281,-1.704561,0.351868,-0.007389,0.002410
tent,K,3,5,0.05,1.6,1.000e-06,282,-1.709220,0.358154,-0.002593,0.002554
tent,K,3,5,0.05,1.6,1.000e-06,283,-1.704731,0.363403,-0.001103,-0.008964
tent,K,3,5,0.05,1.6,1.000e-06,284,-1.707246,0.353149,0.000074,-0.001464
tent,K,3,5,0.05,1.6,1.000e-06,285,-1.702641,0.358276,-0.002903,0.000291
tent,K,3,5,0.05,1.6,1.000e-06,286,-1.702979,0.360474,-0.005392,-0.003079
tent,K,3,5,0.05,1.6,1.000e-06,287,-1.700539,0.358887,-0.012943,0.010562
tent,K,3,5,0.05,1.6,1.000e-06,288,-1.707182,0.352722,-0.001089,-0.000754
tent,K,3,5,0.05,1.6,1.000e-06,289,-1.710285,0.358154,0.002533,0.004482
tent,K,3,5,0.05,1.6,1.000e-06,290,-1.710059,0.355408,0.003105,0.006588
tent,K,3,5,0.05,1.6,1.000e-06,291,-1.715796,0.352844,0.005280,0.019307
tent,K,3,5,0.05,1.6,1.000e-06,292,-1.711382,0.353760,0.004933,0.012071
tent,K,3,5,0.05,1.6,1.000e-06,293,-1.715191,0.355713,0.005291,0.011106
tent,K,3,5,0.05,1.6,1.000e-06,294,-1.714605,0.352051,0.014361,0.006192
tent,K,3,5,0.05,1.6,1.000e-06,295,-1.707967,0.356506,0.000915,0.004177
tent,K,3,5,0.05,1.6,1.000e-06,296,-1.712846,0.350464,-0.002786,0.006582
tent,K,3,5,0.05,1.6,1.000e-06,297,-1.709618,0.360901,-0.003747,0.007081
tent,K,3,5,0.05,1.6,1.000e-06,298,-1.706535,0.360352,-0.004085,0.000935
tent,K,3,5,0.05,1.6,1.000e-06,299,-1.710089,0.351746,0.005917,0.007689
tent,K,3,5,0.05,1.6,1.000e-06,300,-1.713183,0.355591,0.002941,0.004439
tent,K,3,5,0.05,1.6,1.000e-06,301,-1.707371,0.357971,-0.001282,-0.004902
tent,K,3,5,0.05,1.6,1.000e-06,302,-1.709596,0.355225,0.004778,0.004243
tent,K,3,5,0.05,1.6,1.000e-06,303,-1.711035,0.355042,-0.006616,0.011049
tent,K,3,5,0.05,1.6,1.000e-06,304,-1.703918,0.360657,-0.015981,-0.002121
tent,K,3,5,0.05,1.6,1.000e-06,305,-1.703957,0.352661,0.000777,0.003066
tent,K,3,5,0.05,1.6,1.000e-06,306,-1.708734,0.356934,0.001359,-0.003660
tent,K,3,5,0.05,1.6,1.000e-06,307,-1.706593,0.352112,0.005347,-0.000237
tent,K,3,5,0.05,1.6,1.000e-06,308,-1.705061,0.357971,0.003597,0.002471
tent,K,3,5,0.05,1.6,1.000e-06,309,-1.709546,0.358093,0.007257,-0.005456
tent,K,3,5,0.05,1.6,1.000e-06,310,-1.717090,0.352417,0.009924,0.002420
tent,K,3,5,0.05,1.6,1.000e-06,311,-1.717511,0.352234,0.009228,0.012956
tent,K,3,5,0.05,1.6,1.000e-06,312,-1.711460,0.355652,0.000476,0.018507
tent,K,3,5,0.05,1.6,1.000e-06,313,-1.706506,0.356995,0.008690,0.005209
tent,K,3,5,0.05,1.6,1.000e-06,314,-1.704054,0.355347,0.009303,-0.006821
tent,K,3,5,0.05,1.6,1.000e-06,315,-1.698239,0.363708,-0.004563,-0.011735
tent,K,3,5,0.05,1.6,1.000e-06,316,-1.704694,0.358582,-0.009701,-0.001927
tent,K,3,5,0.05,1.6,1.000e-06,317,-1.707656,0.354797,-0.002150,-0.001109
tent,K,3,5,0.05,1.6,1.000e-06,318,-1.707091,0.356812,-0.000305,-0.010147
tent,K,3,5,0.05,1.6,1.000e-06,319,-1.698836,0.367432,0.000246,-0.010091
tent,K,3,5,0.05,1.6,1.000e-06,320,-1.705456,0.358948,0.006996,-0.014519
tent,K,3,5,0.05,1.6,1.000e-06,321,-1.709271,0.354919,-0.000407,0.001792
tent,K,3,5,0.05,1.6,1.000e-06,322,-1.713361,0.349609,-0.002960,-0.000288
tent,K,3,5,0.05,1.6,1.000e-06,323,-1.709502,0.357544,-0.001737,0.006340
tent,K,3,5,0.05,1.6,1.000e-06,324,-1.708615,0.358521,-0.005643,0.008692
tent,K,3,5,0.05,1.6,1.000e-06,325,-1.712298,0.352234,0.001550,0.013752
tent,K,3,5,0.05,1.6,1.000e-06,326,-1.711400,0.355225,-0.005322,0.005557
tent,K,3,5,0.05,1.6,1.000e-06,327,-1.705059,0.360229,-0.008260,0.000684
tent,K,3,5,0.05,1.6,1.000e-06,328,-1.710441,0.354797,-0.001286,0.000353
tent,K,3,5,0.05,1.6,1.000e-06,329,-1.707694,0.354126,0.010595,-0.004662
tent,K,3,5,0.05,1.6,1.000e-06,330,-1.708337,0.353516,0.017314,-0.004684
tent,K,3,5,0.05,1.6,1.000e-06,331,-1.708242,0.357849,0.005347,0.005289
tent,K,3,5,0.05,1.6,1.000e-06,332,-1.704308,0.357727,-0.000621,-0.003893
tent,K,3,5,0.05,1.6,1.000e-06,333,-1.708715,0.356384,-0.000563,0.001710
tent,K,3,5,0.05,1.6,1.000e-06,334,-1.712077,0.354797,-0.001852,0.021948
tent,K,3,5,0.05,1.6,1.000e-06,335,-1.711039,0.357056,-0.004688,0.020420
tent,K,3,5,0.05,1.6,1.000e-06,336,-1.701650,0.356750,-0.006954,-0.009090
tent,K,3,5,0.05,1.6,1.000e-06,337,-1.694644,0.362061,-0.013810,-0.009677
tent,K,3,5,0.05,1.6,1.000e-06,338,-1.701732,0.361694,-0.010203,-0.014023
tent,K,3,5,0.05,1.6,1.000e-06,339,-1.705681,0.357849,-0.001176,-0.011020
tent,K,3,5,0.05,1.6,1.000e-06,340,-1.708795,0.354492,-0.000460,0.007894
tent,K,3,5,0.05,1.6,1.000e-06,341,-1.707845,0.352783,0.002010,0.006413
tent,K,3,5,0.05,1.6,1.000e-06,342,-1.716637,0.352966,0.005457,0.011205
tent,K,3,5,0.05,1.6,1.000e-06,343,-1.709859,0.347107,0.001151,0.021507
tent,K,3,5,0.05,1.6,1.000e-06,344,-1.706189,0.357910,-0.003974,0.010055
tent,K,3,5,0.05,1.6,1.000e-06,345,-1.705372,0.354309,-0.000880,0.001883
tent,K,3,5,0.05,1.6,1.000e-06,346,-1.705790,0.352661,-0.003333,0.005311
tent,K,3,5,0.05,1.6,1.000e-06,347,-1.708461,0.356812,-0.004750,0.002607
tent,K,3,5,0.05,1.6,1.000e-06,348,-1.701344,0.357605,0.005343,-0.005936
tent,K,3,5,0.05,1.6,1.000e-06,349,-1.699054,0.353516,-0.004639,-0.002541
tent,K,3,5,0.05,1.6,1.000e-06,350,-1.694439,0.357544,-0.006305,-0.010191
tent,K,3,5,0.05,1.6,1.000e-06,351,-1.696628,0.367432,-0.013097,-0.018810
tent,K,3,5,0.05,1.6,1.000e-06,352,-1.706581,0.359375,-0.007812,-0.007603
tent,K,3,5,0.05,1.6,1.000e-06,353,-1.716640,0.352905,0.004492,0.005389
tent,K,3,5,0.05,1.6,1.000e-06,354,-1.720637,0.351990,0.014405,0.004601
tent,K,3,5,0.05,1.6,1.000e-06,355,-1.713069,0.358337,0.003671,0.008801
tent,K,3,5,0.05,1.6,1.000e-06,356,-1.713507,0.358948,-0.000223,0.003384
tent,K,3,5,0.05,1.6,1.000e-06,357,-1.709919,0.356873,-0.005334,0.003819
tent,K,3,5,0.05,1.6,1.000e-06,358,-1.704717,0.358948,-0.009971,-0.003874
tent,K,3,5,0.05,1.6,1.000e-06,359,-1.713927,0.356934,-0.008763,0.004177
tent,K,3,5,0.05,1.6,1.000e-06,360,-1.708528,0.355347,0.004413,-0.001880
tent,K,3,5,0.05,1.6,1.000e-06,361,-1.706260,0.356812,0.000055,-0.000785
tent,K,3,5,0.05,1.6,1.000e-06,362,-1.706424,0.359924,0.007979,-0.003888
tent,K,3,5,0.05,1.6,1.000e-06,363,-1.706356,0.354980,0.002025,0.002326
tent,K,3,5,0.05,1.6,1.000e-06,364,-1.706629,0.353699,-0.008283,0.011709
tent,K,3,5,0.05,1.6,1.000e-06,365,-1.705344,0.357483,-0.005032,0.006973
tent,K,3,5,0.05,1.6,1.000e-06,366,-1.702450,0.359436,0.000705,0.002702
tent,K,3,5,0.05,1.6,1.000e-06,367,-1.703903,0.359131,-0.002034,-0.010199
tent,K,3,5,0.05,1.6,1.000e-06,368,-1.700169,0.359375,-0.008607,-0.004225
tent,K,3,5,0.05,1.6,1.000e-06,369,-1.702313,0.361572,-0.012440,-0.010917
tent,K,3,5,0.05,1.6,1.000e-06,370,-1.702605,0.360474,-0.006340,-0.001044
tent,K,3,5,0.05,1.6,1.000e-06,371,-1.710935,0.356873,-0.003610,0.004176
tent,K,3,5,0.05,1.6,1.000e-06,372,-1.715313,0.353088,0.004644,0.000065
tent,K,3,5,0.05,1.6,1.000e-06,373,-1.716781,0.348572,0.011016,0.006624
tent,K,3,5,0.05,1.6,1.000e-06,374,-1.709541,0.358215,0.001342,0.004726
tent,K,3,5,0.05,1.6,1.000e-06,375,-1.701043,0.362244,-0.004655,-0.001556
tent,K,3,5,0.05,1.6,1.000e-06,376,-1.703039,0.356262,-0.001420,0.003869
tent,K,3,5,0.05,1.6,1.000e-06,377,-1.698834,0.362915,-0.007078,0.000781
tent,K,3,5,0.05,1.6,1.000e-06,378,-1.704069,0.361755,-0.007087,-0.001635
tent,K,3,5,0.05,1.6,1.000e-06,379,-1.711689,0.357178,0.003065,-0.002330
tent,K,3,5,0.05,1.6,1.000e-06,380,-1.711845,0.355103,0.010951,0.002676
tent,K,3,5,0.05,1.6,1.000e-06,381,-1.715103,0.351562,0.006451,-0.004939
tent,K,3,5,0.05,1.6,1.000e-06,382,-1.708780,0.355652,0.010969,0.000038
tent,K,3,5,0.05,1.6,1.000e-06,383,-1.709646,0.353638,0.012086,-0.002579
tent,K,3,5,0.05,1.6,1.000e-06,384,-1.712765,0.350830,0.003070,-0.002883
tent,K,3,5,0.05,1.6,1.000e-06,385,-1.708788,0.359741,0.000613,-0.000386
tent,K,3,5,0.05,1.6,1.000e-06,386,-1.706105,0.358887,0.002863,0.000508
tent,K,3,5,0.05,1.6,1.000e-06,387,-1.716593,0.354370,0.000372,0.014263
tent,K,3,5,0.05,1.6,1.000e-06,388,-1.711397,0.354065,-0.002313,0.015931
tent,K,3,5,0.05,1.6,1.000e-06,389,-1.705953,0.359192,-0.019488,0.006785
tent,K,3,5,0.05,1.6,1.000e-06,390,-1.701418,0.358948,-0.006709,0.001694
tent,K,3,5,0.05,1.6,1.000e-06,391,-1.709439,0.351135,-0.004333,0.010618
tent,K,3,5,0.05,1.6,1.000e-06,392,-1.708271,0.358948,-0.009403,-0.000889
tent,K,3,5,0.05,1.6,1.000e-06,393,-1.708356,0.350586,-0.018093,0.006509
tent,K,3,5,0.05,1.6,1.000e-06,394,-1.706776,0.358643,-0.002906,0.001245
tent,K,3,5,0.05,1.6,1.000e-06,395,-1.709261,0.357300,-0.009948,-0.002609
tent,K,3,5,0.05,1.6,1.000e-06,396,-1.709786,0.354492,0.003404,0.010707
tent,K,3,5,0.05,1.6,1.000e-06,397,-1.713285,0.354858,0.001666,0.004174
tent,K,3,5,0.05,1.6,1.000e-06,398,-1.709139,0.351746,0.007009,0.002337
tent,K,3,5,0.05,1.6,1.000e-06,399,-1.706689,0.356140,0.008505,0.001587
tent,K,3,5,0.05,1.6,1.000e-06,400,-1.705809,0.359863,0.011702,0.000898
tent,K,3,5,0.05,1.6,1.000e-04,1,-9.115827,0.000000,1.000000,1.000000
tent,K,3,5,0.05,1.6,1.000e-04,2,-9.151204,0.000000,1.000000,1.000000
tent,K,3,5,0.05,1.6,1.000e-04,3,-8.628571,0.000000,0.999999,0.999999
tent,K,3,5,0.05,1.6,1.000e-04,4,-8.179367,0.000000,0.999998,0.999998
tent,K,3,5,0.05,1.6,1.000e-04,5,-7.762372,0.000000,0.999995,0.999995
tent,K,3,5,0.05,1.6,1.000e-04,6,-7.311767,0.000000,0.999987,0.999987
tent,K,3,5,0.05,1.6,1.000e-04,7,-6.867460,0.000000,0.999967,0.999968
tent,K,3,5,0.05,1.6,1.000e-04,8,-6.424359,0.000000,0.999921,0.999921
tent,K,3,5,0.05,1.6,1.000e-04,9,-5.981405,0.000000,0.999807,0.999803
tent,K,3,5,0.05,1.6,1.000e-04,10,-5.540152,0.000000,0.999521,0.999515
tent,K,3,5,0.05,1.6,1.000e-04,11,-5.099387,0.000000,0.998826,0.998821
tent,K,3,5,0.05,1.6,1.000e-04,12,-4.661818,0.000000,0.997164,0.997113
tent,K,3,5,0.05,1.6,1.000e-04,13,-4.227672,0.000000,0.993101,0.992904
tent,K,3,5,0.05,1.6,1.000e-04,14,-3.800833,0.000000,0.983639,0.983059
tent,K,3,5,0.05,1.6,1.000e-04,15,-3.384830,0.000000,0.961162,0.960038
tent,K,3,5,0.05,1.6,1.000e-04,16,-2.984446,0.000000,0.910117,0.908285
tent,K,3,5,0.05,1.6,1.000e-04,17,-2.612570,0.006775,0.806082,0.803422
tent,K,3,5,0.05,1.6,1.000e-04,18,-2.287521,0.065369,0.629020,0.625325
tent,K,3,5,0.05,1.6,1.000e-04,19,-2.039707,0.169373,0.404812,0.401632
tent,K,3,5,0.05,1.6,1.000e-04,20,-1.877949,0.250854,0.223864,0.232779
tent,K,3,5,0.05,1.6,1.000e-04,21,-1.795873,0.300842,0.120477,0.125671
tent,K,3,5,0.05,1.6,1.000e-04,22,-1.748095,0.329590,0.067455,0.051336
tent,K,3,5,0.05,1.6,1.000e-04,23,-1.726830,0.345093,0.031925,0.004624
tent,K,3,5,0.05,1.6,1.000e-04,24,-1.710031,0.357971,0.008572,-0.000549
tent,K,3,5,0.05,1.6,1.000e-04,25,-1.708697,0.363159,-0.000770,-0.003280
tent,K,3,5,0.05,1.6,1.000e-04,26,-1.707980,0.358032,-0.003674,0.001181
tent,K,3,5,0.05,1.6,1.000e-04,27,-1.710824,0.354553,-0.003651,0.002833
tent,K,3,5,0.05,1.6,1.000e-04,28,-1.707567,0.355164,0.000651,-0.004441
tent,K,3,5,0.05,1.6,1.000e-04,29,-1.701286,0.359924,0.001370,-0.007929
tent,K,3,5,0.05,1.6,1.000e-04,30,-1.698131,0.365417,-0.006215,-0.012559
tent,K,3,5,0.05,1.6,1.000e-04,31,-1.702553,0.362976,-0.011004,-0.012123
tent,K,3,5,0.05,1.6,1.000e-04,32,-1.707119,0.360229,-0.002038,-0.003818
tent,K,3,5,0.05,1.6,1.000e-04,33,-1.711379,0.354553,0.009970,0.000533
tent,K,3,5,0.05,1.6,1.000e-04,34,-1.707814,0.354004,0.011649,0.005261
tent,K,3,5,0.05,1.6,1.000e-04,35,-1.702541,0.355896,0.000183,-0.007841
tent,K,3,5,0.05,1.6,1.000e-04,36,-1.702123,0.356812,0.000471,-0.014167
tent,K,3,5,0.05,1.6,1.000e-04,37,-1.701616,0.361572,0.001601,-0.013341
tent,K,3,5,0.05,1.6,1.000e-04,38,-1.704236,0.360229,-0.002236,-0.013451
tent,K,3,5,0.05,1.6,1.000e-04,39,-1.704063,0.356934,0.001085,-0.005760
tent,K,3,5,0.05,1.6,1.000e-04,40,-1.703528,0.361450,-0.006427,-0.004195
tent,K,3,5,0.05,1.6,1.000e-04,41,-1.706183,0.354919,0.004447,-0.003644
tent,K,3,5,0.05,1.6,1.000e-04,42,-1.705667,0.355896,0.003321,-0.000730
tent,K,3,5,0.05,1.6,1.000e-04,43,-1.704363,0.358765,-0.007577,0.008109
tent,K,3,5,0.05,1.6,1.000e-04,44,-1.710945,0.351990,0.002941,0.009468
tent,K,3,5,0.05,1.6,1.000e-04,45,-1.708378,0.351562,-0.001934,0.003581
tent,K,3,5,0.05,1.6,1.000e-04,46,-1.703058,0.361267,-0.011045,0.004724
tent,K,3,5,0.05,1.6,1.000e-04,47,-1.705759,0.358337,-0.008245,-0.001194
tent,K,3,5,0.05,1.6,1.000e-04,48,-1.712870,0.354858,-0.002911,0.000705
tent,K,3,5,0.05,1.6,1.000e-04,49,-1.710931,0.356079,-0.007498,0.006437
tent,K,3,5,0.05,1.6,1.000e-04,50,-1.713541,0.359863,-0.005957,0.018204
tent,K,3,5,0.05,1.6,1.000e-04,51,-1.712165,0.347778,-0.002189,0.011857
tent,K,3,5,0.05,1.6,1.000e-04,52,-1.707247,0.357483,0.007441,-0.001952
tent,K,3,5,0.05,1.6,1.000e-04,53,-1.705424,0.358215,-0.001673,0.003438
tent,K,3,5,0.05,1.6,1.000e-04,54,-1.702387,0.359375,-0.000891,-0.001554
tent,K,3,5,0.05,1.6,1.000e-04,55,-1.708828,0.360718,-0.005481,0.002705
tent,K,3,5,0.05,1.6,1.000e-04,56,-1.705502,0.357117,-0.005753,0.009447
tent,K,3,5,0.05,1.6,1.000e-04,57,-1.709222,0.360413,-0.013190,0.005730
tent,K,3,5,0.05,1.6,1.000e-04,58,-1.716297,0.355164,-0.000780,-0.001843
tent,K,3,5,0.05,1.6,1.000e-04,59,-1.712837,0.356079,0.005701,-0.005042
tent,K,3,5,0.05,1.6,1.000e-04,60,-1.714145,0.350037,0.011870,0.001958
tent,K,3,5,0.05,1.6,1.000e-04,61,-1.713024,0.355835,0.005053,0.008439
tent,K,3,5,0.05,1.6,1.000e-04,62,-1.709423,0.356812,0.001014,0.023652
tent,K,3,5,0.05,1.6,1.000e-04,63,-1.709964,0.353577,0.002670,0.014355
tent,K,3,5,0.05,1.6,1.000e-04,64,-1.712297,0.350891,0.019476,0.005385
tent,K,3,5,0.05,1.6,1.000e-04,65,-1.712531,0.352356,0.011154,-0.001314
tent,K,3,5,0.05,1.6,1.000e-04,66,-1.708744,0.358765,0.003301,-0.004427
tent,K,3,5,0.05,1.6,1.000e-04,67,-1.709616,0.357666,0.004045,-0.003171
tent,K,3,5,0.05,1.6,1.000e-04,68,-1.712729,0.355713,0.016579,-0.008536
tent,K,3,5,0.05,1.6,1.000e-04,69,-1.712568,0.351196,0.006898,-0.007747
tent,K,3,5,0.05,1.6,1.000e-04,70,-1.702291,0.358215,-0.014016,-0.000899
tent,K,3,5,0.05,1.6,1.000e-04,71,-1.697449,0.359680,0.000389,-0.009791
tent,K,3,5,0.05,1.6,1.000e-04,72,-1.706383,0.355835,0.001458,0.003755
tent,K,3,5,0.05,1.6,1.000e-04,73,-1.706088,0.359070,-0.003116,0.004491
tent,K,3,5,0.05,1.6,1.000e-04,74,-1.706671,0.351379,-0.005982,0.000739
tent,K,3,5,0.05,1.6,1.000e-04,75,-1.703794,0.356323,0.000571,-0.001027
tent,K,3,5,0.05,1.6,1.000e-04,76,-1.705000,0.362366,-0.002614,-0.016343
tent,K,3,5,0.05,1.6,1.000e-04,77,-1.704310,0.358582,0.002050,-0.008285
tent,K,3,5,0.05,1.6,1.000e-04,78,-1.711018,0.360901,0.003264,0.002873
tent,K,3,5,0.05,1.6,1.000e-04,79,-1.712340,0.353638,0.000168,0.004782
tent,K,3,5,0.05,1.6,1.000e-04,80,-1.706335,0.357117,0.000999,0.000187
tent,K,3,5,0.05,1.6,1.000e-04,81,-1.703121,0.361938,-0.007244,-0.005276
tent,K,3,5,0.05,1.6,1.000e-04,82,-1.707888,0.360474,-0.005768,-0.007693
tent,K,3,5,0.05,1.6,1.000e-04,83,-1.702601,0.360718,-0.010789,-0.013132
tent,K,3,5,0.05,1.6,1.000e-04,84,-1.709165,0.353455,0.001174,-0.005229
tent,K,3,5,0.05,1.6,1.000e-04,85,-1.708143,0.354980,0.010412,0.006409
tent,K,3,5,0.05,1.6,1.000e-04,86,-1.716062,0.353699,0.016703,0.009344
tent,K,3,5,0.05,1.6,1.000e-04,87,-1.718654,0.348145,0.010566,0.011833
tent,K,3,5,0.05,1.6,1.000e-04,88,-1.712597,0.356567,0.006394,0.004545
tent,K,3,5,0.05,1.6,1.000e-04,89,-1.707631,0.357971,-0.003832,0.009356
tent,K,3,5,0.05,1.6,1.000e-04,90,-1.707194,0.353027,0.003438,0.008503
tent,K,3,5,0.05,1.6,1.000e-04,91,-1.703123,0.358276,-0.000521,-0.003261
tent,K,3,5,0.05,1.6,1.000e-04,92,-1.701500,0.357605,-0.011891,0.000615
tent,K,3,5,0.05,1.6,1.000e-04,93,-1.703952,0.360596,-0.002295,0.002541
tent,K,3,5,0.05,1.6,1.000e-04,94,-1.706082,0.356628,-0.000511,-0.008543
tent,K,3,5,0.05,1.6,1.000e-04,95,-1.706888,0.357422,-0.007614,-0.005812
tent,K,3,5,0.05,1.6,1.000e-04,96,-1.705397,0.360229,-0.007904,-0.003252
tent,K,3,5,0.05,1.6,1.000e-04,97,-1.704345,0.358643,-0.001988,-0.005966
tent,K,3,5,0.05,1.6,1.000e-04,98,-1.709093,0.357605,0.004280,-0.009138
tent,K,3,5,0.05,1.6,1.000e-04,99,-1.710228,0.355652,0.005159,0.004635
tent,K,3,5,0.05,1.6,1.000e-04,100,-1.716990,0.351257,0.008819,0.017722
tent,K,3,5,0.05,1.6,1.000e-04,101,-1.713027,0.352051,0.002697,0.012941
tent,K,3,5,0.05,1.6,1.000e-04,102,-1.707336,0.355652,0.013906,-0.004475
tent,K,3,5,0.05,1.6,1.000e-04,103,-1.701633,0.359985,0.006700,-0.017474
tent,K,3,5,0.05,1.6,1.000e-04,104,-1.704727,0.358215,0.001027,-0.004408
tent,K,3,5,0.05,1.6,1.000e-04,105,-1.707407,0.355591,-0.007036,0.006474
tent,K,3,5,0.05,1.6,1.000e-04,106,-1.707524,0.356018,-0.003540,-0.000631
tent,K,3,5,0.05,1.6,1.000e-04,107,-1.703610,0.359985,-0.007224,-0.018591
tent,K,3,5,0.05,1.6,1.000e-04,108,-1.698650,0.363098,0.004082,-0.020205
tent,K,3,5,0.05,1.6,1.000e-04,109,-1.704632,0.357117,0.000424,-0.007765
tent,K,3,5,0.05,1.6,1.000e-04,110,-1.710372,0.357056,-0.006543,-0.002120
tent,K,3,5,0.05,1.6,1.000e-04,111,-1.704572,0.363281,0.000032,-0.013035
tent,K,3,5,0.05,1.6,1.000e-04,112,-1.707950,0.354797,0.006883,0.000732
tent,K,3,5,0.05,1.6,1.000e-04,113,-1.709248,0.350403,0.001872,0.003430
tent,K,3,5,0.05,1.6,1.000e-04,114,-1.703464,0.362549,0.000237,-0.001626
tent,K,3,5,0.05,1.6,1.000e-04,115,-1.706588,0.358521,0.004033,-0.005891
tent,K,3,5,0.05,1.6,1.000e-04,116,-1.708300,0.352783,0.006298,0.000580
tent,K,3,5,0.05,1.6,1.000e-04,117,-1.704896,0.350769,0.005673,-0.002845
tent,K,3,5,0.05,1.6,1.000e-04,118,-1.702701,0.362183,-0.008333,-0.010930
tent,K,3,5,0.05,1.6,1.000e-04,119,-1.698634,0.362427,-0.017225,-0.011566
tent,K,3,5,0.05,1.6,1.000e-04,120,-1.699538,0.359070,-0.004961,0.006401
tent,K,3,5,0.05,1.6,1.000e-04,121,-1.705078,0.359009,0.001705,0.002910
tent,K,3,5,0.05,1.6,1.000e-04,122,-1.703044,0.359741,-0.008263,0.002998
tent,K,3,5,0.05,1.6,1.000e-04,123,-1.700205,0.363647,-0.014408,-0.015781
tent,K,3,5,0.05,1.6,1.000e-04,124,-1.707419,0.359436,-0.010628,-0.008615
tent,K,3,5,0.05,1.6,1.000e-04,125,-1.704587,0.356873,0.002222,-0.002841
tent,K,3,5,0.05,1.6,1.000e-04,126,-1.705102,0.362549,0.004721,0.001323
tent,K,3,5,0.05,1.6,1.000e-04,127,-1.713971,0.350098,0.004184,0.007953
tent,K,3,5,0.05,1.6,1.000e-04,128,-1.707816,0.359192,-0.005417,-0.001229
tent,K,3,5,0.05,1.6,1.000e-04,129,-1.701321,0.360962,-0.006726,-0.004450
tent,K,3,5,0.05,1.6,1.000e-04,130,-1.705788,0.357788,-0.002839,0.007655
tent,K,3,5,0.05,1.6,1.000e-04,131,-1.710293,0.356934,0.003757,-0.000041
tent,K,3,5,0.05,1.6,1.000e-04,132,-1.708795,0.354858,-0.005459,-0.007954
tent,K,3,5,0.05,1.6,1.000e-04,133,-1.707208,0.359436,-0.005232,0.007109
tent,K,3,5,0.05,1.6,1.000e-04,134,-1.703557,0.358337,0.001012,-0.019555
tent,K,3,5,0.05,1.6,1.000e-04,135,-1.702219,0.359131,0.013014,-0.017450
tent,K,3,5,0.05,1.6,1.000e-04,136,-1.701891,0.363159,-0.000357,-0.008989
tent,K,3,5,0.05,1.6,1.000e-04,137,-1.706107,0.358826,0.003138,-0.011822
tent,K,3,5,0.05,1.6,1.000e-04,138,-1.703315,0.358887,0.010164,-0.008454
tent,K,3,5,0.05,1.6,1.000e-04,139,-1.712703,0.352051,0.012200,-0.001239
tent,K,3,5,0.05,1.6,1.000e-04,140,-1.700606,0.358398,0.001393,-0.008988
tent,K,3,5,0.05,1.6,1.000e-04,141,-1.696764,0.362122,-0.007537,-0.017064
tent,K,3,5,0.05,1.6,1.000e-04,142,-1.699348,0.360596,-0.004381,-0.016091
tent,K,3,5,0.05,1.6,1.000e-04,143,-1.704258,0.353394,0.008842,-0.017851
tent,K,3,5,0.05,1.6,1.000e-04,144,-1.704035,0.360840,0.004252,-0.010699
tent,K,3,5,0.05,1.6,1.000e-04,145,-1.706909,0.354980,0.001073,-0.000427
tent,K,3,5,0.05,1.6,1.000e-04,146,-1.709015,0.351318,0.000230,0.002148
tent,K,3,5,0.05,1.6,1.000e-04,147,-1.703937,0.358276,-0.000761,-0.004556
tent,K,3,5,0.05,1.6,1.000e-04,148,-1.707001,0.360046,-0.005153,-0.011601
tent,K,3,5,0.05,1.6,1.000e-04,149,-1.711761,0.354614,0.001852,-0.008078
tent,K,3,5,0.05,1.6,1.000e-04,150,-1.715868,0.350159,0.018045,0.011315
tent,K,3,5,0.05,1.6,1.000e-04,151,-1.714679,0.354309,0.011746,0.008862
tent,K,3,5,0.05,1.6,1.000e-04,152,-1.710548,0.354797,0.003656,0.006221
tent,K,3,5,0.05,1.6,1.000e-04,153,-1.709132,0.358765,-0.008517,0.004220
tent,K,3,5,0.05,1.6,1.000e-04,154,-1.710667,0.360107,-0.005891,0.003144
tent,K,3,5,0.05,1.6,1.000e-04,155,-1.709707,0.356384,-0.006234,0.007118
tent,K,3,5,0.05,1.6,1.000e-04,156,-1.710026,0.357605,-0.004089,0.010276
tent,K,3,5,0.05,1.6,1.000e-04,157,-1.707910,0.356873,0.002609,0.002838
tent,K,3,5,0.05,1.6,1.000e-04,158,-1.708792,0.352966,0.003521,0.010984
tent,K,3,5,0.05,1.6,1.000e-04,159,-1.702964,0.357239,0.000344,0.005091
tent,K,3,5,0.05,1.6,1.000e-04,160,-1.704829,0.356140,0.001121,-0.001093
tent,K,3,5,0.05,1.6,1.000e-04,161,-1.710278,0.353333,0.007667,0.001723
tent,K,3,5,0.05,1.6,1.000e-04,162,-1.713627,0.353455,0.015109,-0.000576
tent,K,3,5,0.05,1.6,1.000e-04,163,-1.712553,0.355896,0.000165,0.002066
tent,K,3,5,0.05,1.6,1.000e-04,164,-1.710270,0.354187,-0.011863,0.014270
tent,K,3,5,0.05,1.6,1.000e-04,165,-1.707694,0.353271,0.006691,0.010743
tent,K,3,5,0.05,1.6,1.000e-04,166,-1.711982,0.351624,0.011744,-0.000329
tent,K,3,5,0.05,1.6,1.000e-04,167,-1.707293,0.352478,0.018804,-0.007679
tent,K,3,5,0.05,1.6,1.000e-04,168,-1.704206,0.358887,0.006981,-0.017461
tent,K,3,5,0.05,1.6,1.000e-04,169,-1.708161,0.352966,0.007634,-0.011546
tent,K,3,5,0.05,1.6,1.000e-04,170,-1.708308,0.350342,0.007746,0.004107
tent,K,3,5,0.05,1.6,1.000e-04,171,-1.700511,0.355225,0.001756,0.000403
tent,K,3,5,0.05,1.6,1.000e-04,172,-1.702650,0.363647,0.000012,-0.016313
tent,K,3,5,0.05,1.6,1.000e-04,173,-1.710484,0.354919,-0.006451,0.002402
tent,K,3,5,0.05,1.6,1.000e-04,174,-1.715354,0.351196,-0.003048,0.019785
tent,K,3,5,0.05,1.6,1.000e-04,175,-1.702874,0.363159,0.001046,0.000786
tent,K,3,5,0.05,1.6,1.000e-04,176,-1.705732,0.360413,-0.003179,-0.001547
tent,K,3,5,0.05,1.6,1.000e-04,177,-1.708086,0.354187,-0.005605,0.004551
tent,K,3,5,0.05,1.6,1.000e-04,178,-1.705917,0.356995,0.002343,-0.008915
tent,K,3,5,0.05,1.6,1.000e-04,179,-1.700981,0.362610,0.007291,-0.006178
tent,K,3,5,0.05,1.6,1.000e-04,180,-1.696591,0.359802,-0.005195,-0.011425
tent,K,3,5,0.05,1.6,1.000e-04,181,-1.704691,0.359253,-0.006291,-0.004910
tent,K,3,5,0.05,1.6,1.000e-04,182,-1.703211,0.360962,-0.006608,-0.007308
tent,K,3,5,0.05,1.6,1.000e-04,183,-1.701416,0.361572,-0.011404,-0.006234
tent,K,3,5,0.05,1.6,1.000e-04,184,-1.707401,0.356262,-0.000823,-0.000127
tent,K,3,5,0.05,1.6,1.000e-04,185,-1.713040,0.353210,-0.004307,0.012939
tent,K,3,5,0.05,1.6,1.000e-04,186,-1.717262,0.358276,-0.001303,0.011828
tent,K,3,5,0.05,1.6,1.000e-04,187,-1.709775,0.363525,0.003912,-0.004546
tent,K,3,5,0.05,1.6,1.000e-04,188,-1.721310,0.349365,0.015304,0.014949
tent,K,3,5,0.05,1.6,1.000e-04,189,-1.723353,0.348083,0.010200,0.017020
tent,K,3,5,0.05,1.6,1.000e-04,190,-1.714892,0.355835,0.013877,0.013178
tent,K,3,5,0.05,1.6,1.000e-04,191,-1.716490,0.355591,0.014012,0.005878
tent,K,3,5,0.05,1.6,1.000e-04,192,-1.720353,0.348816,0.014769,0.009325
tent,K,3,5,0.05,1.6,1.000e-04,193,-1.708686,0.356628,0.006699,-0.001303
tent,K,3,5,0.05,1.6,1.000e-04,194,-1.710435,0.358948,0.004341,-0.003586
tent,K,3,5,0.05,1.6,1.000e-04,195,-1.713410,0.357300,0.001041,0.006834
tent,K,3,5,0.05,1.6,1.000e-04,196,-1.713351,0.352539,0.004686,0.011268
tent,K,3,5,0.05,1.6,1.000e-04,197,-1.713469,0.350098,0.008591,0.006444
tent,K,3,5,0.05,1.6,1.000e-04,198,-1.713283,0.353149,0.004078,0.003107
tent,K,3,5,0.05,1.6,1.000e-04,199,-1.712180,0.356689,0.006209,-0.000078
tent,K,3,5,0.05,1.6,1.000e-04,200,-1.709691,0.357605,0.010822,-0.000345
tent,K,3,5,0.05,1.6,1.000e-04,201,-1.709913,0.356750,0.007288,-0.006417
tent,K,3,5,0.05,1.6,1.000e-04,202,-1.710508,0.356323,0.004879,-0.010289
tent,K,3,5,0.05,1.6,1.000e-04,203,-1.715153,0.353638,0.010942,0.006608
tent,K,3,5,0.05,1.6,1.000e-04,204,-1.719180,0.352356,0.013210,0.014378
tent,K,3,5,0.05,1.6,1.000e-04,205,-1.713686,0.350525,0.009924,0.011222
tent,K,3,5,0.05,1.6,1.000e-04,206,-1.708531,0.356140,-0.003395,0.005762
tent,K,3,5,0.05,1.6,1.000e-04,207,-1.716487,0.355103,0.003007,-0.001270
tent,K,3,5,0.05,1.6,1.000e-04,208,-1.702196,0.359741,-0.000836,-0.016062
tent,K,3,5,0.05,1.6,1.000e-04,209,-1.700000,0.365845,-0.001146,-0.013910
tent,K,3,5,0.05,1.6,1.000e-04,210,-1.707743,0.355957,-0.007864,0.003964
tent,K,3,5,0.05,1.6,1.000e-04,211,-1.706983,0.353882,-0.011886,0.006819
tent,K,3,5,0.05,1.6,1.000e-04,212,-1.703893,0.361145,-0.009659,0.006478
tent,K,3,5,0.05,1.6,1.000e-04,213,-1.705745,0.358215,-0.009499,0.003620
tent,K,3,5,0.05,1.6,1.000e-04,214,-1.706292,0.357300,0.002349,-0.003110
tent,K,3,5,0.05,1.6,1.000e-04,215,-1.707157,0.353149,0.007475,-0.008760
tent,K,3,5,0.05,1.6,1.000e-04,216,-1.706752,0.358582,0.009965,-0.010976
tent,K,3,5,0.05,1.6,1.000e-04,217,-1.700255,0.357971,0.001885,-0.012537
tent,K,3,5,0.05,1.6,1.000e-04,218,-1.702371,0.357910,0.006873,-0.005971
tent,K,3,5,0.05,1.6,1.000e-04,219,-1.705834,0.358948,-0.000022,-0.005474
tent,K,3,5,0.05,1.6,1.000e-04,220,-1.709986,0.350220,0.001360,-0.000213
tent,K,3,5,0.05,1.6,1.000e-04,221,-1.703965,0.362305,-0.000564,-0.007361
tent,K,3,5,0.05,1.6,1.000e-04,222,-1.699067,0.362061,0.005097,-0.018597
tent,K,3,5,0.05,1.6,1.000e-04,223,-1.701338,0.360168,-0.002576,-0.004936
tent,K,3,5,0.05,1.6,1.000e-04,224,-1.706057,0.356506,-0.000811,-0.001763
tent,K,3,5,0.05,1.6,1.000e-04,225,-1.708725,0.357422,0.001539,-0.005984
tent,K,3,5,0.05,1.6,1.000e-04,226,-1.707461,0.364868,-0.004840,-0.007724
tent,K,3,5,0.05,1.6,1.000e-04,227,-1.707036,0.355835,-0.004002,-0.004151
tent,K,3,5,0.05,1.6,1.000e-04,228,-1.707603,0.358215,0.007417,-0.001954
tent,K,3,5,0.05,1.6,1.000e-04,229,-1.704074,0.361450,0.007912,-0.016569
tent,K,3,5,0.05,1.6,1.000e-04,230,-1.703190,0.361572,0.003346,-0.007787
tent,K,3,5,0.05,1.6,1.000e-04,231,-1.702836,0.356812,0.006458,-0.009540
tent,K,3,5,0.05,1.6,1.000e-04,232,-1.704090,0.356201,0.004010,-0.012947
tent,K,3,5,0.05,1.6,1.000e-04,233,-1.698441,0.356812,0.003622,-0.006195
tent,K,3,5,0.05,1.6,1.000e-04,234,-1.702563,0.360413,-0.004738,0.001988
tent,K,3,5,0.05,1.6,1.000e-04,235,-1.705558,0.363220,-0.022068,-0.001950
tent,K,3,5,0.05,1.6,1.000e-04,236,-1.705423,0.365723,-0.019184,-0.006349
tent,K,3,5,0.05,1.6,1.000e-04,237,-1.708313,0.354248,-0.023897,0.011571
tent,K,3,5,0.05,1.6,1.000e-04,238,-1.709331,0.357666,-0.008360,0.009022
tent,K,3,5,0.05,1.6,1.000e-04,239,-1.709060,0.353088,0.000605,0.009295
tent,K,3,5,0.05,1.6,1.000e-04,240,-1.709690,0.352783,0.006990,0.008632
tent,K,3,5,0.05,1.6,1.000e-04,241,-1.697902,0.360168,0.000203,-0.001903
tent,K,3,5,0.05,1.6,1.000e-04,242,-1.708612,0.350952,-0.004744,0.001548
tent,K,3,5,0.05,1.6,1.000e-04,243,-1.700646,0.361816,-0.001901,-0.005365
tent,K,3,5,0.05,1.6,1.000e-04,244,-1.703040,0.360901,-0.001562,-0.011414
tent,K,3,5,0.05,1.6,1.000e-04,245,-1.711383,0.351196,0.009735,0.006890
tent,K,3,5,0.05,1.6,1.000e-04,246,-1.711108,0.353821,0.010539,-0.002759
tent,K,3,5,0.05,1.6,1.000e-04,247,-1.706950,0.353760,0.005119,-0.008186
tent,K,3,5,0.05,1.6,1.000e-04,248,-1.706489,0.359985,0.011930,-0.004178
tent,K,3,5,0.05,1.6,1.000e-04,249,-1.711050,0.356018,0.015401,-0.005821
tent,K,3,5,0.05,1.6,1.000e-04,250,-1.705379,0.360840,0.007848,-0.008780
tent,K,3,5,0.05,1.6,1.000e-04,251,-1.705761,0.362549,-0.006948,-0.000162
tent,K,3,5,0.05,1.6,1.000e-04,252,-1.712165,0.354370,-0.007750,0.004822
tent,K,3,5,0.05,1.6,1.000e-04,253,-1.708125,0.355042,-0.002492,0.004778
tent,K,3,5,0.05,1.6,1.000e-04,254,-1.711891,0.351990,-0.001745,0.008248
tent,K,3,5,0.05,1.6,1.000e-04,255,-1.709613,0.348145,0.004171,0.002880
tent,K,3,5,0.05,1.6,1.000e-04,256,-1.700017,0.360474,0.000412,-0.006914
tent,K,3,5,0.05,1.6,1.000e-04,257,-1.701083,0.358765,-0.008784,0.000438
tent,K,3,5,0.05,1.6,1.000e-04,258,-1.699251,0.365356,-0.018593,-0.010376
tent,K,3,5,0.05,1.6,1.000e-04,259,-1.705512,0.356812,-0.008388,-0.007283
tent,K,3,5,0.05,1.6,1.000e-04,260,-1.704316,0.363464,-0.012537,-0.004050
tent,K,3,5,0.05,1.6,1.000e-04,261,-1.702166,0.360596,-0.013408,-0.003199
tent,K,3,5,0.05,1.6,1.000e-04,262,-1.710596,0.358337,-0.000287,-0.001469
tent,K,3,5,0.05,1.6,1.000e-04,263,-1.710427,0.356262,-0.006831,-0.001842
tent,K,3,5,0.05,1.6,1.000e-04,264,-1.709224,0.359375,-0.001313,0.005011
tent,K,3,5,0.05,1.6,1.000e-04,265,-1.710542,0.356079,0.001185,0.002639
tent,K,3,5,0.05,1.6,1.000e-04,266,-1.709699,0.355957,0.003589,-0.003872
tent,K,3,5,0.05,1.6,1.000e-04,267,-1.706901,0.358032,-0.002033,0.002483
tent,K,3,5,0.05,1.6,1.000e-04,268,-1.710032,0.356812,0.013597,-0.002027
tent,K,3,5,0.05,1.6,1.000e-04,269,-1.707307,0.363586,-0.002744,-0.003524
tent,K,3,5,0.05,1.6,1.000e-04,270,-1.705604,0.357666,0.004689,0.003528
tent,K,3,5,0.05,1.6,1.000e-04,271,-1.705371,0.359314,0.004992,-0.009384
tent,K,3,5,0.05,1.6,1.000e-04,272,-1.696239,0.363586,-0.009629,-0.017287
tent,K,3,5,0.05,1.6,1.000e-04,273,-1.705163,0.358643,-0.003906,-0.010342
tent,K,3,5,0.05,1.6,1.000e-04,274,-1.705013,0.357666,-0.004774,0.000266
tent,K,3,5,0.05,1.6,1.000e-04,275,-1.710098,0.352661,0.003064,0.007448
tent,K,3,5,0.05,1.6,1.000e-04,276,-1.711375,0.354309,-0.005638,0.015544
tent,K,3,5,0.05,1.6,1.000e-04,277,-1.708439,0.357422,-0.014513,0.008979
tent,K,3,5,0.05,1.6,1.000e-04,278,-1.704341,0.358704,-0.006382,0.000697
tent,K,3,5,0.05,1.6,1.000e-04,279,-1.705722,0.360413,-0.007637,-0.004001
tent,K,3,5,0.05,1.6,1.000e-04,280,-1.713454,0.353638,0.004363,-0.001611
tent,K,3,5,0.05,1.6,1.000e-04,281,-1.718865,0.346619,0.010352,0.007938
tent,K,3,5,0.05,1.6,1.000e-04,282,-1.704986,0.357849,0.003532,0.002134
tent,K,3,5,0.05,1.6,1.000e-04,283,-1.705631,0.355652,0.010071,-0.002184
tent,K,3,5,0.05,1.6,1.000e-04,284,-1.710571,0.355042,0.012319,-0.004646
tent,K,3,5,0.05,1.6,1.000e-04,285,-1.712151,0.354614,0.014204,0.007492
tent,K,3,5,0.05,1.6,1.000e-04,286,-1.709129,0.357788,-0.006258,0.004732
tent,K,3,5,0.05,1.6,1.000e-04,287,-1.700153,0.358337,-0.014151,-0.001389
tent,K,3,5,0.05,1.6,1.000e-04,288,-1.704325,0.354492,0.004278,0.002970
tent,K,3,5,0.05,1.6,1.000e-04,289,-1.707874,0.355164,-0.001449,0.012358
tent,K,3,5,0.05,1.6,1.000e-04,290,-1.705326,0.359802,-0.000972,-0.003183
tent,K,3,5,0.05,1.6,1.000e-04,291,-1.705866,0.354248,0.007656,0.000098
tent,K,3,5,0.05,1.6,1.000e-04,292,-1.701738,0.357300,0.010050,-0.011684
tent,K,3,5,0.05,1.6,1.000e-04,293,-1.701619,0.361572,0.000083,-0.010569
tent,K,3,5,0.05,1.6,1.000e-04,294,-1.704679,0.362549,-0.001263,-0.004168
tent,K,3,5,0.05,1.6,1.000e-04,295,-1.709565,0.351624,-0.003864,0.006468
tent,K,3,5,0.05,1.6,1.000e-04,296,-1.706461,0.356812,0.000768,-0.002191
tent,K,3,5,0.05,1.6,1.000e-04,297,-1.697266,0.364319,-0.016853,-0.003195
tent,K,3,5,0.05,1.6,1.000e-04,298,-1.708458,0.353821,-0.007017,0.004958
tent,K,3,5,0.05,1.6,1.000e-04,299,-1.707597,0.356873,-0.000732,0.005974
tent,K,3,5,0.05,1.6,1.000e-04,300,-1.708382,0.351685,0.002019,0.000758
tent,K,3,5,0.05,1.6,1.000e-04,301,-1.702951,0.361572,-0.004192,0.000970
tent,K,3,5,0.05,1.6,1.000e-04,302,-1.701631,0.361755,-0.007906,0.000859
tent,K,3,5,0.05,1.6,1.000e-04,303,-1.709484,0.356506,-0.003884,0.000148
tent,K,3,5,0.05,1.6,1.000e-04,304,-1.708896,0.357300,-0.002359,-0.004512
tent,K,3,5,0.05,1.6,1.000e-04,305,-1.708601,0.354065,-0.005194,-0.001490
tent,K,3,5,0.05,1.6,1.000e-04,306,-1.712310,0.354736,-0.001241,0.002644
tent,K,3,5,0.05,1.6,1.000e-04,307,-1.707556,0.359131,-0.006230,-0.000740
tent,K,3,5,0.05,1.6,1.000e-04,308,-1.702404,0.363708,0.002689,-0.019726
tent,K,3,5,0.05,1.6,1.000e-04,309,-1.703520,0.355957,0.005176,-0.009577
tent,K,3,5,0.05,1.6,1.000e-04,310,-1.706672,0.355469,0.001879,-0.002195
tent,K,3,5,0.05,1.6,1.000e-04,311,-1.707354,0.355774,-0.000488,0.002059
tent,K,3,5,0.05,1.6,1.000e-04,312,-1.705910,0.355408,-0.006007,0.002926
tent,K,3,5,0.05,1.6,1.000e-04,313,-1.706251,0.362183,-0.004242,0.000857
tent,K,3,5,0.05,1.6,1.000e-04,314,-1.716799,0.351257,-0.004066,0.019888
tent,K,3,5,0.05,1.6,1.000e-04,315,-1.716189,0.354980,0.009892,0.019948
tent,K,3,5,0.05,1.6,1.000e-04,316,-1.713644,0.354797,0.004688,0.006268
tent,K,3,5,0.05,1.6,1.000e-04,317,-1.712588,0.345886,0.013946,0.005424
tent,K,3,5,0.05,1.6,1.000e-04,318,-1.710054,0.349792,0.007302,-0.000613
tent,K,3,5,0.05,1.6,1.000e-04,319,-1.702956,0.357056,0.004330,-0.007340
tent,K,3,5,0.05,1.6,1.000e-04,320,-1.705806,0.359924,-0.002799,-0.007311
tent,K,3,5,0.05,1.6,1.000e-04,321,-1.709398,0.363281,0.008758,-0.009854
tent,K,3,5,0.05,1.6,1.000e-04,322,-1.713852,0.351624,0.009930,-0.003649
tent,K,3,5,0.05,1.6,1.000e-04,323,-1.715779,0.351440,0.002313,0.006770
tent,K,3,5,0.05,1.6,1.000e-04,324,-1.713194,0.354126,0.008644,0.001148
tent,K,3,5,0.05,1.6,1.000e-04,325,-1.720270,0.350586,0.002648,0.013105
tent,K,3,5,0.05,1.6,1.000e-04,326,-1.717163,0.352722,0.004459,0.011873
tent,K,3,5,0.05,1.6,1.000e-04,327,-1.708541,0.361450,0.004918,-0.004945
tent,K,3,5,0.05,1.6,1.000e-04,328,-1.707896,0.351868,0.007070,-0.002364
tent,K,3,5,0.05,1.6,1.000e-04,329,-1.708069,0.354187,0.002942,0.001810
tent,K,3,5,0.05,1.6,1.000e-04,330,-1.710837,0.357544,-0.000957,0.004029
tent,K,3,5,0.05,1.6,1.000e-04,331,-1.706539,0.358093,0.001780,-0.003167
tent,K,3,5,0.05,1.6,1.000e-04,332,-1.703516,0.358826,0.003599,0.001154
tent,K,3,5,0.05,1.6,1.000e-04,333,-1.702972,0.360291,-0.006649,0.003932
tent,K,3,5,0.05,1.6,1.000e-04,334,-1.704392,0.362915,-0.004043,0.000353
tent,K,3,5,0.05,1.6,1.000e-04,335,-1.708204,0.350769,0.007092,0.004393
tent,K,3,5,0.05,1.6,1.000e-04,336,-1.709825,0.355286,0.008984,0.004312
tent,K,3,5,0.05,1.6,1.000e-04,337,-1.703635,0.362915,-0.008251,-0.000454
tent,K,3,5,0.05,1.6,1.000e-04,338,-1.706705,0.355652,-0.009239,0.004869
tent,K,3,5,0.05,1.6,1.000e-04,339,-1.711838,0.353394,-0.001576,0.007561
tent,K,3,5,0.05,1.6,1.000e-04,340,-1.710010,0.355835,-0.002074,0.004948
tent,K,3,5,0.05,1.6,1.000e-04,341,-1.710312,0.357971,-0.000780,-0.002388
tent,K,3,5,0.05,1.6,1.000e-04,342,-1.714427,0.351501,0.010358,0.001187
tent,K,3,5,0.05,1.6,1.000e-04,343,-1.714375,0.352112,0.006290,0.000219
tent,K,3,5,0.05,1.6,1.000e-04,344,-1.709168,0.356873,0.004649,0.002170
tent,K,3,5,0.05,1.6,1.000e-04,345,-1.700947,0.363281,0.010407,-0.004481
tent,K,3,5,0.05,1.6,1.000e-04,346,-1.707965,0.356934,0.008894,0.000503
tent,K,3,5,0.05,1.6,1.000e-04,347,-1.707817,0.354004,0.004791,-0.004355
tent,K,3,5,0.05,1.6,1.000e-04,348,-1.702698,0.359497,-0.000945,-0.004667
tent,K,3,5,0.05,1.6,1.000e-04,349,-1.698927,0.359253,-0.009645,-0.000294
tent,K,3,5,0.05,1.6,1.000e-04,350,-1.697120,0.365845,-0.011077,-0.000584
tent,K,3,5,0.05,1.6,1.000e-04,351,-1.704127,0.356812,-0.009686,-0.002119
tent,K,3,5,0.05,1.6,1.000e-04,352,-1.707024,0.357666,-0.005732,-0.007996
tent,K,3,5,0.05,1.6,1.000e-04,353,-1.706660,0.357910,-0.001001,-0.011025
tent,K,3,5,0.05,1.6,1.000e-04,354,-1.707035,0.355713,0.007297,0.000162
tent,K,3,5,0.05,1.6,1.000e-04,355,-1.710102,0.355042,0.004552,0.008375
tent,K,3,5,0.05,1.6,1.000e-04,356,-1.706393,0.360046,0.000664,0.010242
tent,K,3,5,0.05,1.6,1.000e-04,357,-1.703523,0.360962,-0.005400,0.002472
tent,K,3,5,0.05,1.6,1.000e-04,358,-1.707561,0.355591,-0.004810,-0.003436
tent,K,3,5,0.05,1.6,1.000e-04,359,-1.716415,0.348938,0.008750,-0.004745
tent,K,3,5,0.05,1.6,1.000e-04,360,-1.716532,0.354004,0.003141,0.003894
tent,K,3,5,0.05,1.6,1.000e-04,361,-1.709494,0.358948,-0.009501,0.007808
tent,K,3,5,0.05,1.6,1.000e-04,362,-1.711869,0.358948,-0.013949,0.007975
tent,K,3,5,0.05,1.6,1.000e-04,363,-1.711859,0.353210,-0.008651,0.017729
tent,K,3,5,0.05,1.6,1.000e-04,364,-1.713726,0.351013,0.002015,0.015554
tent,K,3,5,0.05,1.6,1.000e-04,365,-1.720105,0.351929,0.016718,0.011352
tent,K,3,5,0.05,1.6,1.000e-04,366,-1.714637,0.353210,0.004543,0.012017
tent,K,3,5,0.05,1.6,1.000e-04,367,-1.709901,0.351013,-0.003655,0.012731
tent,K,3,5,0.05,1.6,1.000e-04,368,-1.708964,0.355408,-0.003045,0.006239
tent,K,3,5,0.05,1.6,1.000e-04,369,-1.715454,0.354736,0.003504,-0.000447
tent,K,3,5,0.05,1.6,1.000e-04,370,-1.709344,0.359192,0.011013,-0.002798
tent,K,3,5,0.05,1.6,1.000e-04,371,-1.702602,0.358887,0.008042,-0.017771
tent,K,3,5,0.05,1.6,1.000e-04,372,-1.707828,0.355591,0.000607,-0.010958
tent,K,3,5,0.05,1.6,1.000e-04,373,-1.703223,0.358154,0.004117,-0.002870
tent,K,3,5,0.05,1.6,1.000e-04,374,-1.707336,0.354675,-0.009110,-0.005712
tent,K,3,5,0.05,1.6,1.000e-04,375,-1.706061,0.353271,0.005009,-0.008416
tent,K,3,5,0.05,1.6,1.000e-04,376,-1.707079,0.360901,0.009757,-0.015890
tent,K,3,5,0.05,1.6,1.000e-04,377,-1.703802,0.360962,0.002549,-0.001776
tent,K,3,5,0.05,1.6,1.000e-04,378,-1.705589,0.354980,0.001364,-0.001875
tent,K,3,5,0.05,1.6,1.000e-04,379,-1.705187,0.357666,0.003738,-0.005987
tent,K,3,5,0.05,1.6,1.000e-04,380,-1.700330,0.360474,-0.000219,-0.017058
tent,K,3,5,0.05,1.6,1.000e-04,381,-1.708090,0.359497,0.007047,-0.010905
tent,K,3,5,0.05,1.6,1.000e-04,382,-1.710501,0.356018,0.007487,0.003529
tent,K,3,5,0.05,1.6,1.000e-04,383,-1.707625,0.356750,0.005314,0.000746
tent,K,3,5,0.05,1.6,1.000e-04,384,-1.716443,0.351074,0.004472,-0.002272
tent,K,3,5,0.05,1.6,1.000e-04,385,-1.713548,0.360291,0.001907,-0.004790
tent,K,3,5,0.05,1.6,1.000e-04,386,-1.716031,0.356262,0.000299,0.006350
tent,K,3,5,0.05,1.6,1.000e-04,387,-1.713420,0.356445,0.000567,0.005140
tent,K,3,5,0.05,1.6,1.000e-04,388,-1.702179,0.362610,0.010306,-0.005026
tent,K,3,5,0.05,1.6,1.000e-04,389,-1.711715,0.351990,0.006842,-0.005238
tent,K,3,5,0.05,1.6,1.000e-04,390,-1.703487,0.357788,-0.008094,0.003548
tent,K,3,5,0.05,1.6,1.000e-04,391,-1.704502,0.358459,-0.006140,0.001970
tent,K,3,5,0.05,1.6,1.000e-04,392,-1.705490,0.357849,-0.006604,-0.008469
tent,K,3,5,0.05,1.6,1.000e-04,393,-1.709125,0.351013,-0.004675,0.003554
tent,K,3,5,0.05,1.6,1.000e-04,394,-1.708894,0.356628,0.007897,0.004681
tent,K,3,5,0.05,1.6,1.000e-04,395,-1.705759,0.356079,0.003378,-0.008516
tent,K,3,5,0.05,1.6,1.000e-04,396,-1.705243,0.363831,0.003000,-0.000494
tent,K,3,5,0.05,1.6,1.000e-04,397,-1.712064,0.350098,-0.001240,0.000009
tent,K,3,5,0.05,1.6,1.000e-04,398,-1.708418,0.358459,-0.004684,-0.003106
tent,K,3,5,0.05,1.6,1.000e-04,399,-1.703493,0.360657,-0.007124,0.002626
tent,K,3,5,0.05,1.6,1.000e-04,400,-1.698302,0.360107,-0.002913,0.000033
tent,K,3,5,0.05,1.6,1.000e-03,1,-6.812988,0.000000,0.999997,0.999997
tent,K,3,5,0.05,1.6,1.000e-03,2,-6.848703,0.000000,0.999966,0.999967
tent,K,3,5,0.05,1.6,1.000e-03,3,-6.327829,0.000000,0.999911,0.999913
tent,K,3,5,0.05,1.6,1.000e-03,4,-5.880243,0.000000,0.999788,0.999793
tent,K,3,5,0.05,1.6,1.000e-03,5,-5.464629,0.000000,0.999461,0.999459
tent,K,3,5,0.05,1.6,1.000e-03,6,-5.019420,0.000000,0.998709,0.998712
tent,K,3,5,0.05,1.6,1.000e-03,7,-4.581373,0.000000,0.996828,0.996814
tent,K,3,5,0.05,1.6,1.000e-03,8,-4.150197,0.000000,0.992378,0.992335
tent,K,3,5,0.05,1.6,1.000e-03,9,-3.723328,0.000000,0.982016,0.981488
tent,K,3,5,0.05,1.6,1.000e-03,10,-3.309588,0.000000,0.957007,0.956160
tent,K,3,5,0.05,1.6,1.000e-03,11,-2.912981,0.000000,0.902207,0.900423
tent,K,3,5,0.05,1.6,1.000e-03,12,-2.543724,0.006897,0.789211,0.785141
tent,K,3,5,0.05,1.6,1.000e-03,13,-2.226048,0.077881,0.592393,0.579109
tent,K,3,5,0.05,1.6,1.000e-03,14,-1.985208,0.191162,0.353768,0.339659
tent,K,3,5,0.05,1.6,1.000e-03,15,-1.848348,0.264771,0.194236,0.187753
tent,K,3,5,0.05,1.6,1.000e-03,16,-1.769136,0.313171,0.094481,0.092449
tent,K,3,5,0.05,1.6,1.000e-03,17,-1.726567,0.342957,0.035680,0.028976
tent,K,3,5,0.05,1.6,1.000e-03,18,-1.700160,0.358948,0.002374,-0.002380
tent,K,3,5,0.05,1.6,1.000e-03,19,-1.703310,0.359985,-0.004906,-0.006081
tent,K,3,5,0.05,1.6,1.000e-03,20,-1.711403,0.357971,0.004361,-0.003292
tent,K,3,5,0.05,1.6,1.000e-03,21,-1.709797,0.359558,0.000670,0.000504
tent,K,3,5,0.05,1.6,1.000e-03,22,-1.711871,0.351501,0.012716,0.003724
tent,K,3,5,0.05,1.6,1.000e-03,23,-1.714101,0.352966,0.014422,-0.001552
tent,K,3,5,0.05,1.6,1.000e-03,24,-1.706729,0.354797,-0.001164,-0.004388
tent,K,3,5,0.05,1.6,1.000e-03,25,-1.701925,0.360840,-0.007868,-0.009459
tent,K,3,5,0.05,1.6,1.000e-03,26,-1.701897,0.357422,-0.001218,-0.004391
tent,K,3,5,0.05,1.6,1.000e-03,27,-1.708883,0.354004,-0.012690,0.001285
tent,K,3,5,0.05,1.6,1.000e-03,28,-1.710346,0.357300,-0.000422,0.003561
tent,K,3,5,0.05,1.6,1.000e-03,29,-1.704406,0.358704,0.000843,-0.000233
tent,K,3,5,0.05,1.6,1.000e-03,30,-1.701737,0.361816,0.000727,-0.002390
tent,K,3,5,0.05,1.6,1.000e-03,31,-1.703475,0.358704,-0.005260,-0.006150
tent,K,3,5,0.05,1.6,1.000e-03,32,-1.708039,0.355591,-0.004229,0.004914
tent,K,3,5,0.05,1.6,1.000e-03,33,-1.705191,0.354614,-0.008167,0.008957
tent,K,3,5,0.05,1.6,1.000e-03,34,-1.705297,0.358337,-0.009935,-0.007748
tent,K,3,5,0.05,1.6,1.000e-03,35,-1.704059,0.355591,-0.014745,-0.000043
tent,K,3,5,0.05,1.6,1.000e-03,36,-1.707516,0.360107,-0.018600,-0.000697
tent,K,3,5,0.05,1.6,1.000e-03,37,-1.710374,0.358215,-0.012285,-0.000412
tent,K,3,5,0.05,1.6,1.000e-03,38,-1.718740,0.352783,-0.004189,0.021514
tent,K,3,5,0.05,1.6,1.000e-03,39,-1.715920,0.354187,-0.005867,0.014936
tent,K,3,5,0.05,1.6,1.000e-03,40,-1.709363,0.350037,0.002672,0.003602
tent,K,3,5,0.05,1.6,1.000e-03,41,-1.705415,0.354675,0.010320,0.002379
tent,K,3,5,0.05,1.6,1.000e-03,42,-1.710012,0.357849,0.004372,-0.003707
tent,K,3,5,0.05,1.6,1.000e-03,43,-1.713037,0.351074,0.007704,0.004783
tent,K,3,5,0.05,1.6,1.000e-03,44,-1.711406,0.355286,0.003924,0.002834
tent,K,3,5,0.05,1.6,1.000e-03,45,-1.713810,0.352783,0.006858,-0.008311
tent,K,3,5,0.05,1.6,1.000e-03,46,-1.712985,0.354309,0.014341,0.010606
tent,K,3,5,0.05,1.6,1.000e-03,47,-1.714327,0.353760,0.000503,0.011894
tent,K,3,5,0.05,1.6,1.000e-03,48,-1.708649,0.354614,-0.009476,0.007041
tent,K,3,5,0.05,1.6,1.000e-03,49,-1.707215,0.358887,-0.010865,0.002796
tent,K,3,5,0.05,1.6,1.000e-03,50,-1.710709,0.360046,-0.007300,-0.003504
tent,K,3,5,0.05,1.6,1.000e-03,51,-1.711854,0.351746,0.002138,0.011436
tent,K,3,5,0.05,1.6,1.000e-03,52,-1.710465,0.354431,0.009614,0.001962
tent,K,3,5,0.05,1.6,1.000e-03,53,-1.701782,0.357422,-0.003464,-0.003405
tent,K,3,5,0.05,1.6,1.000e-03,54,-1.697858,0.359680,-0.012329,-0.014433
tent,K,3,5,0.05,1.6,1.000e-03,55,-1.703186,0.356567,-0.007305,-0.005579
tent,K,3,5,0.05,1.6,1.000e-03,56,-1.704630,0.356628,-0.004635,0.001879
tent,K,3,5,0.05,1.6,1.000e-03,57,-1.704856,0.357971,-0.009668,0.001677
tent,K,3,5,0.05,1.6,1.000e-03,58,-1.707597,0.361328,0.003555,-0.005482
tent,K,3,5,0.05,1.6,1.000e-03,59,-1.706711,0.358887,0.002633,-0.007681
tent,K,3,5,0.05,1.6,1.000e-03,60,-1.709963,0.355835,0.009425,-0.018733
tent,K,3,5,0.05,1.6,1.000e-03,61,-1.710710,0.351624,0.013936,-0.008580
tent,K,3,5,0.05,1.6,1.000e-03,62,-1.709088,0.356628,0.003137,0.003891
tent,K,3,5,0.05,1.6,1.000e-03,63,-1.709083,0.355835,0.011297,-0.006892
tent,K,3,5,0.05,1.6,1.000e-03,64,-1.712144,0.353882,0.016890,-0.009060
tent,K,3,5,0.05,1.6,1.000e-03,65,-1.708643,0.356934,0.014500,-0.016983
tent,K,3,5,0.05,1.6,1.000e-03,66,-1.706156,0.360107,0.002408,-0.008461
tent,K,3,5,0.05,1.6,1.000e-03,67,-1.706245,0.360413,-0.012280,0.007155
tent,K,3,5,0.05,1.6,1.000e-03,68,-1.713579,0.354126,0.001085,0.001469
tent,K,3,5,0.05,1.6,1.000e-03,69,-1.714993,0.351868,0.005563,0.000312
tent,K,3,5,0.05,1.6,1.000e-03,70,-1.711112,0.356873,-0.012953,0.006742
tent,K,3,5,0.05,1.6,1.000e-03,71,-1.712977,0.356873,-0.018228,0.011272
tent,K,3,5,0.05,1.6,1.000e-03,72,-1.709144,0.357361,-0.008484,0.013469
tent,K,3,5,0.05,1.6,1.000e-03,73,-1.713631,0.356323,-0.006746,0.011479
tent,K,3,5,0.05,1.6,1.000e-03,74,-1.709270,0.358032,-0.008987,0.019886
tent,K,3,5,0.05,1.6,1.000e-03,75,-1.705012,0.359253,-0.007259,0.009600
tent,K,3,5,0.05,1.6,1.000e-03,76,-1.702712,0.359070,-0.013034,0.020897
tent,K,3,5,0.05,1.6,1.000e-03,77,-1.700886,0.361328,-0.012683,-0.005277
tent,K,3,5,0.05,1.6,1.000e-03,78,-1.700112,0.360962,-0.003853,-0.011370
tent,K,3,5,0.05,1.6,1.000e-03,79,-1.701769,0.355469,-0.006599,-0.003889
tent,K,3,5,0.05,1.6,1.000e-03,80,-1.708208,0.351807,0.002308,-0.006111
tent,K,3,5,0.05,1.6,1.000e-03,81,-1.700872,0.357605,-0.001359,-0.015751
tent,K,3,5,0.05,1.6,1.000e-03,82,-1.701421,0.359192,-0.007040,-0.005666
tent,K,3,5,0.05,1.6,1.000e-03,83,-1.711199,0.352844,0.001382,0.001605
tent,K,3,5,0.05,1.6,1.000e-03,84,-1.708389,0.354004,0.008189,-0.001789
tent,K,3,5,0.05,1.6,1.000e-03,85,-1.698896,0.360474,-0.000343,-0.015456
tent,K,3,5,0.05,1.6,1.000e-03,86,-1.706305,0.356201,-0.002104,-0.009641
tent,K,3,5,0.05,1.6,1.000e-03,87,-1.713094,0.354309,0.008184,-0.007393
tent,K,3,5,0.05,1.6,1.000e-03,88,-1.709375,0.355042,0.002631,-0.003400
tent,K,3,5,0.05,1.6,1.000e-03,89,-1.715018,0.355164,-0.000081,0.008764
tent,K,3,5,0.05,1.6,1.000e-03,90,-1.711350,0.356384,0.001727,0.008997
tent,K,3,5,0.05,1.6,1.000e-03,91,-1.718107,0.350708,0.007287,0.016817
tent,K,3,5,0.05,1.6,1.000e-03,92,-1.711652,0.353149,0.005711,0.004120
tent,K,3,5,0.05,1.6,1.000e-03,93,-1.708532,0.359436,-0.002596,0.000472
tent,K,3,5,0.05,1.6,1.000e-03,94,-1.710486,0.359131,-0.000969,-0.003306
tent,K,3,5,0.05,1.6,1.000e-03,95,-1.709614,0.358643,0.006994,-0.012200
tent,K,3,5,0.05,1.6,1.000e-03,96,-1.711952,0.359314,0.008132,-0.004415
tent,K,3,5,0.05,1.6,1.000e-03,97,-1.716089,0.355347,0.012154,-0.007024
tent,K,3,5,0.05,1.6,1.000e-03,98,-1.713367,0.353943,0.004394,-0.003596
tent,K,3,5,0.05,1.6,1.000e-03,99,-1.704974,0.357910,-0.002212,-0.001346
tent,K,3,5,0.05,1.6,1.000e-03,100,-1.706247,0.360718,-0.001774,-0.004553
tent,K,3,5,0.05,1.6,1.000e-03,101,-1.711692,0.356628,0.008018,-0.010829
tent,K,3,5,0.05,1.6,1.000e-03,102,-1.710267,0.356201,0.010834,-0.011388
tent,K,3,5,0.05,1.6,1.000e-03,103,-1.715289,0.354980,0.009572,0.001189
tent,K,3,5,0.05,1.6,1.000e-03,104,-1.717568,0.349792,0.011100,-0.006853
tent,K,3,5,0.05,1.6,1.000e-03,105,-1.707841,0.356445,0.004334,-0.004806
tent,K,3,5,0.05,1.6,1.000e-03,106,-1.710762,0.356323,0.003833,-0.001598
tent,K,3,5,0.05,1.6,1.000e-03,107,-1.714799,0.349182,0.010990,0.007239
tent,K,3,5,0.05,1.6,1.000e-03,108,-1.712499,0.355103,0.004428,0.010724
tent,K,3,5,0.05,1.6,1.000e-03,109,-1.713956,0.350342,0.007894,0.008623
tent,K,3,5,0.05,1.6,1.000e-03,110,-1.715745,0.346924,0.004262,0.004230
tent,K,3,5,0.05,1.6,1.000e-03,111,-1.708391,0.356201,-0.007105,0.006520
tent,K,3,5,0.05,1.6,1.000e-03,112,-1.704015,0.359253,-0.011484,-0.004836
tent,K,3,5,0.05,1.6,1.000e-03,113,-1.712112,0.354065,0.006407,-0.000675
tent,K,3,5,0.05,1.6,1.000e-03,114,-1.707193,0.359253,0.006642,-0.009373
tent,K,3,5,0.05,1.6,1.000e-03,115,-1.705206,0.359009,0.008301,-0.003557
tent,K,3,5,0.05,1.6,1.000e-03,116,-1.713554,0.355103,0.013387,-0.000117
tent,K,3,5,0.05,1.6,1.000e-03,117,-1.719578,0.352234,0.007257,0.010351
tent,K,3,5,0.05,1.6,1.000e-03,118,-1.710897,0.358765,0.002092,-0.003229
tent,K,3,5,0.05,1.6,1.000e-03,119,-1.712381,0.355652,-0.004084,0.000748
tent,K,3,5,0.05,1.6,1.000e-03,120,-1.704680,0.357361,-0.003116,0.002573
tent,K,3,5,0.05,1.6,1.000e-03,121,-1.707502,0.354675,-0.002464,0.001187
tent,K,3,5,0.05,1.6,1.000e-03,122,-1.713501,0.359497,0.000093,0.000352
tent,K,3,5,0.05,1.6,1.000e-03,123,-1.714526,0.350464,0.007737,0.009255
tent,K,3,5,0.05,1.6,1.000e-03,124,-1.710379,0.353760,0.011490,-0.002819
tent,K,3,5,0.05,1.6,1.000e-03,125,-1.708224,0.355774,0.010373,0.003886
tent,K,3,5,0.05,1.6,1.000e-03,126,-1.710458,0.353638,-0.003895,0.009027
tent,K,3,5,0.05,1.6,1.000e-03,127,-1.712186,0.351440,-0.009536,0.011388
tent,K,3,5,0.05,1.6,1.000e-03,128,-1.718121,0.352600,-0.011336,0.008264
tent,K,3,5,0.05,1.6,1.000e-03,129,-1.717508,0.356140,-0.001995,0.010152
tent,K,3,5,0.05,1.6,1.000e-03,130,-1.708462,0.357910,-0.001650,0.000765
tent,K,3,5,0.05,1.6,1.000e-03,131,-1.712946,0.349976,-0.002598,0.015710
tent,K,3,5,0.05,1.6,1.000e-03,132,-1.716115,0.353638,0.012292,0.007271
tent,K,3,5,0.05,1.6,1.000e-03,133,-1.716942,0.349365,0.003823,0.003990
tent,K,3,5,0.05,1.6,1.000e-03,134,-1.715679,0.352295,-0.000596,0.008042
tent,K,3,5,0.05,1.6,1.000e-03,135,-1.711472,0.353516,-0.000095,-0.002007
tent,K,3,5,0.05,1.6,1.000e-03,136,-1.709625,0.356384,0.005580,-0.001191
tent,K,3,5,0.05,1.6,1.000e-03,137,-1.710075,0.354675,0.006919,0.002466
tent,K,3,5,0.05,1.6,1.000e-03,138,-1.704188,0.361450,0.001556,-0.000921
tent,K,3,5,0.05,1.6,1.000e-03,139,-1.713523,0.349854,0.003926,0.001757
tent,K,3,5,0.05,1.6,1.000e-03,140,-1.709036,0.353943,-0.006616,-0.006244
tent,K,3,5,0.05,1.6,1.000e-03,141,-1.704020,0.357178,-0.008462,-0.011712
tent,K,3,5,0.05,1.6,1.000e-03,142,-1.706366,0.356384,-0.007026,-0.008619
tent,K,3,5,0.05,1.6,1.000e-03,143,-1.714284,0.356079,0.013962,-0.006920
tent,K,3,5,0.05,1.6,1.000e-03,144,-1.721645,0.348572,0.010547,0.012216
tent,K,3,5,0.05,1.6,1.000e-03,145,-1.718096,0.349304,0.006113,0.015040
tent,K,3,5,0.05,1.6,1.000e-03,146,-1.711349,0.356567,-0.000163,0.005775
tent,K,3,5,0.05,1.6,1.000e-03,147,-1.707734,0.357971,-0.010912,0.000530
tent,K,3,5,0.05,1.6,1.000e-03,148,-1.712333,0.352966,0.000197,0.011341
tent,K,3,5,0.05,1.6,1.000e-03,149,-1.715595,0.355408,-0.001184,0.011811
tent,K,3,5,0.05,1.6,1.000e-03,150,-1.708826,0.359619,-0.009015,0.004535
tent,K,3,5,0.05,1.6,1.000e-03,151,-1.709434,0.353577,-0.006652,0.009615
tent,K,3,5,0.05,1.6,1.000e-03,152,-1.702228,0.357788,-0.000669,0.000806
tent,K,3,5,0.05,1.6,1.000e-03,153,-1.705312,0.357361,0.015173,-0.009799
tent,K,3,5,0.05,1.6,1.000e-03,154,-1.710652,0.354004,0.013319,-0.001273
tent,K,3,5,0.05,1.6,1.000e-03,155,-1.709738,0.357300,-0.004101,-0.006579
tent,K,3,5,0.05,1.6,1.000e-03,156,-1.706438,0.356506,-0.012722,-0.002821
tent,K,3,5,0.05,1.6,1.000e-03,157,-1.710502,0.354004,-0.001874,0.011183
tent,K,3,5,0.05,1.6,1.000e-03,158,-1.706399,0.359436,-0.003768,0.004904
tent,K,3,5,0.05,1.6,1.000e-03,159,-1.709332,0.356873,-0.001235,-0.000016
tent,K,3,5,0.05,1.6,1.000e-03,160,-1.708895,0.354858,0.001422,-0.003690
tent,K,3,5,0.05,1.6,1.000e-03,161,-1.713241,0.348267,0.007976,0.000390
tent,K,3,5,0.05,1.6,1.000e-03,162,-1.707477,0.359375,0.003869,0.000903
tent,K,3,5,0.05,1.6,1.000e-03,163,-1.706241,0.356384,-0.007998,0.009805
tent,K,3,5,0.05,1.6,1.000e-03,164,-1.706227,0.355042,-0.015804,0.007998
tent,K,3,5,0.05,1.6,1.000e-03,165,-1.705680,0.360107,0.001973,0.009844
tent,K,3,5,0.05,1.6,1.000e-03,166,-1.712676,0.356079,0.006378,-0.007829
tent,K,3,5,0.05,1.6,1.000e-03,167,-1.708704,0.353333,0.010911,-0.011264
tent,K,3,5,0.05,1.6,1.000e-03,168,-1.714153,0.353882,0.015342,-0.006384
tent,K,3,5,0.05,1.6,1.000e-03,169,-1.715901,0.354675,0.000881,0.001328
tent,K,3,5,0.05,1.6,1.000e-03,170,-1.713539,0.354675,0.009004,-0.004079
tent,K,3,5,0.05,1.6,1.000e-03,171,-1.713634,0.356812,0.011109,-0.004783
tent,K,3,5,0.05,1.6,1.000e-03,172,-1.708923,0.355530,0.002671,0.004271
tent,K,3,5,0.05,1.6,1.000e-03,173,-1.704849,0.356323,0.011012,-0.006455
tent,K,3,5,0.05,1.6,1.000e-03,174,-1.705981,0.354187,0.010506,-0.008452
tent,K,3,5,0.05,1.6,1.000e-03,175,-1.705882,0.360046,-0.015394,0.000622
tent,K,3,5,0.05,1.6,1.000e-03,176,-1.708558,0.359314,-0.015853,0.009379
tent,K,3,5,0.05,1.6,1.000e-03,177,-1.711738,0.357666,0.002329,0.005786
tent,K,3,5,0.05,1.6,1.000e-03,178,-1.708835,0.354797,0.008133,-0.001035
tent,K,3,5,0.05,1.6,1.000e-03,179,-1.704904,0.356445,-0.001019,-0.000096
tent,K,3,5,0.05,1.6,1.000e-03,180,-1.706742,0.355347,0.002766,-0.001142
tent,K,3,5,0.05,1.6,1.000e-03,181,-1.714326,0.353516,-0.000152,0.001690
tent,K,3,5,0.05,1.6,1.000e-03,182,-1.710001,0.355713,-0.001084,0.009760
tent,K,3,5,0.05,1.6,1.000e-03,183,-1.706299,0.356750,0.001967,0.005973
tent,K,3,5,0.05,1.6,1.000e-03,184,-1.712865,0.354980,0.003165,0.007660
tent,K,3,5,0.05,1.6,1.000e-03,185,-1.719750,0.352417,0.001629,0.013295
tent,K,3,5,0.05,1.6,1.000e-03,186,-1.716505,0.357361,-0.005917,0.007187
tent,K,3,5,0.05,1.6,1.000e-03,187,-1.706176,0.362061,-0.000328,0.006252
tent,K,3,5,0.05,1.6,1.000e-03,188,-1.711375,0.354614,0.005329,0.006575
tent,K,3,5,0.05,1.6,1.000e-03,189,-1.716911,0.349670,0.002235,0.006348
tent,K,3,5,0.05,1.6,1.000e-03,190,-1.711690,0.355713,-0.003511,0.007729
tent,K,3,5,0.05,1.6,1.000e-03,191,-1.711155,0.355164,-0.001417,0.010212
tent,K,3,5,0.05,1.6,1.000e-03,192,-1.710859,0.354065,-0.002621,0.006496
tent,K,3,5,0.05,1.6,1.000e-03,193,-1.708847,0.357239,-0.004382,0.002492
tent,K,3,5,0.05,1.6,1.000e-03,194,-1.711718,0.353577,0.005626,0.003577
tent,K,3,5,0.05,1.6,1.000e-03,195,-1.713809,0.355652,0.006373,0.000789
tent,K,3,5,0.05,1.6,1.000e-03,196,-1.704834,0.358093,-0.001139,-0.005007
tent,K,3,5,0.05,1.6,1.000e-03,197,-1.704762,0.359863,0.004047,0.002111
tent,K,3,5,0.05,1.6,1.000e-03,198,-1.711138,0.351868,0.002419,0.016931
tent,K,3,5,0.05,1.6,1.000e-03,199,-1.708372,0.352905,-0.001350,0.003226
tent,K,3,5,0.05,1.6,1.000e-03,200,-1.704017,0.355408,0.000923,0.004883
tent,K,3,5,0.05,1.6,1.000e-03,201,-1.707545,0.356750,-0.000551,-0.008388
tent,K,3,5,0.05,1.6,1.000e-03,202,-1.702690,0.359619,0.004048,-0.012331
tent,K,3,5,0.05,1.6,1.000e-03,203,-1.702254,0.362122,0.004656,-0.007044
tent,K,3,5,0.05,1.6,1.000e-03,204,-1.696531,0.360535,-0.005987,-0.006757
tent,K,3,5,0.05,1.6,1.000e-03,205,-1.708616,0.356201,0.007706,-0.009235
tent,K,3,5,0.05,1.6,1.000e-03,206,-1.706668,0.359375,-0.001334,-0.005066
tent,K,3,5,0.05,1.6,1.000e-03,207,-1.708129,0.355591,-0.014218,0.002085
tent,K,3,5,0.05,1.6,1.000e-03,208,-1.706284,0.354370,0.008922,0.012194
tent,K,3,5,0.05,1.6,1.000e-03,209,-1.703697,0.358337,0.000169,0.000913
tent,K,3,5,0.05,1.6,1.000e-03,210,-1.712926,0.354858,0.000846,0.002275
tent,K,3,5,0.05,1.6,1.000e-03,211,-1.706051,0.356995,-0.004811,-0.011567
tent,K,3,5,0.05,1.6,1.000e-03,212,-1.702680,0.359619,0.003165,-0.011409
tent,K,3,5,0.05,1.6,1.000e-03,213,-1.708234,0.357178,0.003398,-0.000018
tent,K,3,5,0.05,1.6,1.000e-03,214,-1.713120,0.353394,0.004789,-0.008848
tent,K,3,5,0.05,1.6,1.000e-03,215,-1.714033,0.350830,0.012219,0.000635
tent,K,3,5,0.05,1.6,1.000e-03,216,-1.716707,0.347229,0.015874,0.006133
tent,K,3,5,0.05,1.6,1.000e-03,217,-1.715233,0.354675,0.006511,0.003994
tent,K,3,5,0.05,1.6,1.000e-03,218,-1.715758,0.357239,0.006488,-0.007735
tent,K,3,5,0.05,1.6,1.000e-03,219,-1.714892,0.351624,0.002521,0.006315
tent,K,3,5,0.05,1.6,1.000e-03,220,-1.713045,0.354431,-0.001718,0.014720
tent,K,3,5,0.05,1.6,1.000e-03,221,-1.709242,0.355774,0.001685,0.004389
tent,K,3,5,0.05,1.6,1.000e-03,222,-1.708989,0.353882,0.001350,-0.001931
tent,K,3,5,0.05,1.6,1.000e-03,223,-1.706111,0.358765,0.000088,-0.000242
tent,K,3,5,0.05,1.6,1.000e-03,224,-1.705252,0.359375,-0.005968,-0.002238
tent,K,3,5,0.05,1.6,1.000e-03,225,-1.707283,0.353516,-0.000206,-0.004260
tent,K,3,5,0.05,1.6,1.000e-03,226,-1.712169,0.353516,-0.000383,-0.000378
tent,K,3,5,0.05,1.6,1.000e-03,227,-1.707151,0.361023,-0.004679,0.001652
tent,K,3,5,0.05,1.6,1.000e-03,228,-1.715725,0.353882,0.002996,0.006566
tent,K,3,5,0.05,1.6,1.000e-03,229,-1.709761,0.347900,0.004594,0.017519
tent,K,3,5,0.05,1.6,1.000e-03,230,-1.700999,0.358582,-0.011838,0.010881
tent,K,3,5,0.05,1.6,1.000e-03,231,-1.700318,0.362000,-0.013652,-0.004976
tent,K,3,5,0.05,1.6,1.000e-03,232,-1.703237,0.360474,-0.007021,-0.014173
tent,K,3,5,0.05,1.6,1.000e-03,233,-1.701566,0.358765,-0.010538,-0.013661
tent,K,3,5,0.05,1.6,1.000e-03,234,-1.696287,0.365784,-0.015402,-0.013034
tent,K,3,5,0.05,1.6,1.000e-03,235,-1.699847,0.363037,-0.021920,-0.008501
tent,K,3,5,0.05,1.6,1.000e-03,236,-1.704390,0.358948,-0.011280,-0.004692
tent,K,3,5,0.05,1.6,1.000e-03,237,-1.710137,0.361816,-0.010314,0.001617
tent,K,3,5,0.05,1.6,1.000e-03,238,-1.709917,0.354065,0.003096,0.000774
tent,K,3,5,0.05,1.6,1.000e-03,239,-1.708896,0.355591,0.000964,-0.004621
tent,K,3,5,0.05,1.6,1.000e-03,240,-1.707794,0.355774,-0.000561,-0.000965
tent,K,3,5,0.05,1.6,1.000e-03,241,-1.704558,0.355469,0.003710,0.003080
tent,K,3,5,0.05,1.6,1.000e-03,242,-1.709049,0.357666,0.002359,0.000884
tent,K,3,5,0.05,1.6,1.000e-03,243,-1.706979,0.359558,0.004447,0.004212
tent,K,3,5,0.05,1.6,1.000e-03,244,-1.698927,0.357971,-0.011576,0.005009
tent,K,3,5,0.05,1.6,1.000e-03,245,-1.704526,0.356628,-0.013459,0.008373
tent,K,3,5,0.05,1.6,1.000e-03,246,-1.710033,0.359558,-0.018316,0.007872
tent,K,3,5,0.05,1.6,1.000e-03,247,-1.702863,0.361816,-0.013709,-0.001223
tent,K,3,5,0.05,1.6,1.000e-03,248,-1.700719,0.364014,-0.011324,-0.009400
tent,K,3,5,0.05,1.6,1.000e-03,249,-1.701642,0.356079,0.000795,0.000211
tent,K,3,5,0.05,1.6,1.000e-03,250,-1.698945,0.361328,-0.001679,-0.001061
tent,K,3,5,0.05,1.6,1.000e-03,251,-1.705720,0.357361,-0.008148,-0.000449
tent,K,3,5,0.05,1.6,1.000e-03,252,-1.704202,0.353333,-0.003364,-0.007402
tent,K,3,5,0.05,1.6,1.000e-03,253,-1.700607,0.360596,0.010763,-0.012259
tent,K,3,5,0.05,1.6,1.000e-03,254,-1.701382,0.360901,0.004127,-0.016843
tent,K,3,5,0.05,1.6,1.000e-03,255,-1.704719,0.355957,0.004959,-0.012215
tent,K,3,5,0.05,1.6,1.000e-03,256,-1.704737,0.353943,0.005092,-0.007320
tent,K,3,5,0.05,1.6,1.000e-03,257,-1.704851,0.358093,0.003029,-0.005690
tent,K,3,5,0.05,1.6,1.000e-03,258,-1.699658,0.359924,-0.014324,-0.005759
tent,K,3,5,0.05,1.6,1.000e-03,259,-1.704886,0.353394,-0.012087,-0.006309
tent,K,3,5,0.05,1.6,1.000e-03,260,-1.703932,0.362732,-0.006385,-0.002423
tent,K,3,5,0.05,1.6,1.000e-03,261,-1.705703,0.358032,-0.009636,0.001618
tent,K,3,5,0.05,1.6,1.000e-03,262,-1.716246,0.351013,0.001675,0.001092
tent,K,3,5,0.05,1.6,1.000e-03,263,-1.710824,0.359314,0.000781,-0.005281
tent,K,3,5,0.05,1.6,1.000e-03,264,-1.712587,0.354126,-0.001886,-0.002020
tent,K,3,5,0.05,1.6,1.000e-03,265,-1.710006,0.354553,0.006713,0.000420
tent,K,3,5,0.05,1.6,1.000e-03,266,-1.716234,0.354675,-0.005282,-0.003802
tent,K,3,5,0.05,1.6,1.000e-03,267,-1.714243,0.351685,0.013208,0.001417
tent,K,3,5,0.05,1.6,1.000e-03,268,-1.715117,0.350769,0.017292,0.004367
tent,K,3,5,0.05,1.6,1.000e-03,269,-1.713053,0.352783,0.010641,0.002341
tent,K,3,5,0.05,1.6,1.000e-03,270,-1.713116,0.355774,0.002025,0.000515
tent,K,3,5,0.05,1.6,1.000e-03,271,-1.712537,0.352600,-0.009615,0.008555
tent,K,3,5,0.05,1.6,1.000e-03,272,-1.707723,0.356323,-0.012432,0.011192
tent,K,3,5,0.05,1.6,1.000e-03,273,-1.710932,0.359985,-0.008994,-0.001719
tent,K,3,5,0.05,1.6,1.000e-03,274,-1.712424,0.357483,-0.000867,0.003360
tent,K,3,5,0.05,1.6,1.000e-03,275,-1.716790,0.349731,0.005567,0.015819
tent,K,3,5,0.05,1.6,1.000e-03,276,-1.715581,0.353638,0.003286,0.007821
tent,K,3,5,0.05,1.6,1.000e-03,277,-1.711154,0.356995,-0.001761,0.009468
tent,K,3,5,0.05,1.6,1.000e-03,278,-1.709666,0.358704,0.001363,0.007709
tent,K,3,5,0.05,1.6,1.000e-03,279,-1.714009,0.351074,-0.001569,0.007086
tent,K,3,5,0.05,1.6,1.000e-03,280,-1.712441,0.354980,0.003122,-0.004268
tent,K,3,5,0.05,1.6,1.000e-03,281,-1.718163,0.348083,0.015085,0.002584
tent,K,3,5,0.05,1.6,1.000e-03,282,-1.710069,0.353943,0.009633,0.005169
tent,K,3,5,0.05,1.6,1.000e-03,283,-1.705340,0.357544,-0.012292,0.011954
tent,K,3,5,0.05,1.6,1.000e-03,284,-1.707000,0.353638,-0.017165,0.015199
tent,K,3,5,0.05,1.6,1.000e-03,285,-1.703864,0.359009,-0.016457,0.010555
tent,K,3,5,0.05,1.6,1.000e-03,286,-1.702985,0.355713,-0.004578,0.008715
tent,K,3,5,0.05,1.6,1.000e-03,287,-1.701179,0.359009,-0.006775,0.000323
tent,K,3,5,0.05,1.6,1.000e-03,288,-1.698675,0.363586,-0.016773,-0.007677
tent,K,3,5,0.05,1.6,1.000e-03,289,-1.705156,0.357971,-0.013692,-0.000310
tent,K,3,5,0.05,1.6,1.000e-03,290,-1.699720,0.359985,0.003345,-0.009554
tent,K,3,5,0.05,1.6,1.000e-03,291,-1.696062,0.360840,-0.007428,-0.013276
tent,K,3,5,0.05,1.6,1.000e-03,292,-1.703663,0.359436,-0.018408,-0.000464
tent,K,3,5,0.05,1.6,1.000e-03,293,-1.703392,0.359436,-0.009769,0.002476
tent,K,3,5,0.05,1.6,1.000e-03,294,-1.703531,0.354553,-0.007197,0.003493
tent,K,3,5,0.05,1.6,1.000e-03,295,-1.703111,0.356750,-0.000659,-0.001078
tent,K,3,5,0.05,1.6,1.000e-03,296,-1.707282,0.358887,-0.002820,-0.002589
tent,K,3,5,0.05,1.6,1.000e-03,297,-1.703903,0.357544,-0.001850,-0.003020
tent,K,3,5,0.05,1.6,1.000e-03,298,-1.705178,0.355164,0.003289,-0.010504
tent,K,3,5,0.05,1.6,1.000e-03,299,-1.698942,0.354736,-0.007887,-0.016248
tent,K,3,5,0.05,1.6,1.000e-03,300,-1.699529,0.363159,-0.009501,-0.013373
tent,K,3,5,0.05,1.6,1.000e-03,301,-1.704684,0.360107,-0.008011,-0.000847
tent,K,3,5,0.05,1.6,1.000e-03,302,-1.706088,0.356079,-0.003280,-0.002659
tent,K,3,5,0.05,1.6,1.000e-03,303,-1.706016,0.352234,-0.003806,0.001656
tent,K,3,5,0.05,1.6,1.000e-03,304,-1.707438,0.357117,-0.010716,0.001527
tent,K,3,5,0.05,1.6,1.000e-03,305,-1.708673,0.357910,-0.002519,0.003475
tent,K,3,5,0.05,1.6,1.000e-03,306,-1.712407,0.354187,0.004771,0.006118
tent,K,3,5,0.05,1.6,1.000e-03,307,-1.706443,0.356384,0.007888,-0.001785
tent,K,3,5,0.05,1.6,1.000e-03,308,-1.708099,0.357605,0.008970,-0.002020
tent,K,3,5,0.05,1.6,1.000e-03,309,-1.704743,0.358704,-0.006483,-0.010931
tent,K,3,5,0.05,1.6,1.000e-03,310,-1.699866,0.360779,-0.013238,-0.010074
tent,K,3,5,0.05,1.6,1.000e-03,311,-1.703634,0.358459,-0.003782,-0.002135
tent,K,3,5,0.05,1.6,1.000e-03,312,-1.704728,0.353088,-0.011251,0.000690
tent,K,3,5,0.05,1.6,1.000e-03,313,-1.704620,0.355774,-0.006974,0.009241
tent,K,3,5,0.05,1.6,1.000e-03,314,-1.705774,0.357727,-0.007414,0.003669
tent,K,3,5,0.05,1.6,1.000e-03,315,-1.706155,0.361389,-0.010617,-0.005409
tent,K,3,5,0.05,1.6,1.000e-03,316,-1.709387,0.360779,-0.004118,-0.004302
tent,K,3,5,0.05,1.6,1.000e-03,317,-1.715478,0.355347,-0.006613,0.000820
tent,K,3,5,0.05,1.6,1.000e-03,318,-1.713149,0.355286,0.008315,-0.002638
tent,K,3,5,0.05,1.6,1.000e-03,319,-1.713337,0.352051,0.019982,0.004388
tent,K,3,5,0.05,1.6,1.000e-03,320,-1.707058,0.348389,0.009832,0.022150
tent,K,3,5,0.05,1.6,1.000e-03,321,-1.705021,0.353394,-0.008022,0.012593
tent,K,3,5,0.05,1.6,1.000e-03,322,-1.704778,0.358032,-0.019420,-0.007851
tent,K,3,5,0.05,1.6,1.000e-03,323,-1.703216,0.362427,-0.026881,-0.000121
tent,K,3,5,0.05,1.6,1.000e-03,324,-1.711279,0.355896,-0.011709,0.008311
tent,K,3,5,0.05,1.6,1.000e-03,325,-1.715565,0.354065,0.011539,0.006140
tent,K,3,5,0.05,1.6,1.000e-03,326,-1.713764,0.352051,0.003894,0.001619
tent,K,3,5,0.05,1.6,1.000e-03,327,-1.708765,0.353699,0.008775,0.000247
tent,K,3,5,0.05,1.6,1.000e-03,328,-1.707618,0.356262,-0.001174,0.000031
tent,K,3,5,0.05,1.6,1.000e-03,329,-1.704513,0.352112,0.001937,0.005246
tent,K,3,5,0.05,1.6,1.000e-03,330,-1.703398,0.357422,-0.001668,-0.001284
tent,K,3,5,0.05,1.6,1.000e-03,331,-1.702351,0.355591,-0.004367,0.003851
tent,K,3,5,0.05,1.6,1.000e-03,332,-1.705058,0.359070,0.004766,0.012959
tent,K,3,5,0.05,1.6,1.000e-03,333,-1.705050,0.356934,-0.002608,-0.000110
tent,K,3,5,0.05,1.6,1.000e-03,334,-1.711434,0.355469,-0.000772,-0.000563
tent,K,3,5,0.05,1.6,1.000e-03,335,-1.708701,0.354187,0.011449,0.005333
tent,K,3,5,0.05,1.6,1.000e-03,336,-1.706423,0.354919,0.004802,0.004951
tent,K,3,5,0.05,1.6,1.000e-03,337,-1.707841,0.356628,0.004362,0.001164
tent,K,3,5,0.05,1.6,1.000e-03,338,-1.711090,0.355408,-0.002731,0.005135
tent,K,3,5,0.05,1.6,1.000e-03,339,-1.700541,0.356079,-0.017894,0.002632
tent,K,3,5,0.05,1.6,1.000e-03,340,-1.698121,0.360657,-0.010928,0.000368
tent,K,3,5,0.05,1.6,1.000e-03,341,-1.702296,0.364136,-0.013069,-0.004567
tent,K,3,5,0.05,1.6,1.000e-03,342,-1.706666,0.356018,-0.005925,-0.006355
tent,K,3,5,0.05,1.6,1.000e-03,343,-1.708779,0.353943,0.004258,0.004127
tent,K,3,5,0.05,1.6,1.000e-03,344,-1.705899,0.357422,-0.000253,-0.006491
tent,K,3,5,0.05,1.6,1.000e-03,345,-1.701697,0.365234,-0.014491,-0.013211
tent,K,3,5,0.05,1.6,1.000e-03,346,-1.703082,0.356812,-0.011701,-0.003082
tent,K,3,5,0.05,1.6,1.000e-03,347,-1.703728,0.357910,-0.004081,-0.001529
tent,K,3,5,0.05,1.6,1.000e-03,348,-1.707636,0.356262,-0.008669,-0.000211
tent,K,3,5,0.05,1.6,1.000e-03,349,-1.713597,0.359558,-0.003197,-0.006958
tent,K,3,5,0.05,1.6,1.000e-03,350,-1.711404,0.351196,0.012319,0.002871
tent,K,3,5,0.05,1.6,1.000e-03,351,-1.712392,0.352783,0.009252,0.007328
tent,K,3,5,0.05,1.6,1.000e-03,352,-1.712007,0.356445,-0.002196,0.003424
tent,K,3,5,0.05,1.6,1.000e-03,353,-1.705564,0.354431,0.006669,-0.016054
tent,K,3,5,0.05,1.6,1.000e-03,354,-1.707422,0.354126,0.019364,-0.012844
tent,K,3,5,0.05,1.6,1.000e-03,355,-1.706705,0.360779,0.008563,-0.002328
tent,K,3,5,0.05,1.6,1.000e-03,356,-1.704438,0.358215,-0.004035,0.004331
tent,K,3,5,0.05,1.6,1.000e-03,357,-1.706480,0.359985,-0.013575,0.012680
tent,K,3,5,0.05,1.6,1.000e-03,358,-1.715004,0.357666,-0.011676,0.010730
tent,K,3,5,0.05,1.6,1.000e-03,359,-1.724027,0.349670,0.014226,-0.002386
tent,K,3,5,0.05,1.6,1.000e-03,360,-1.719529,0.353271,0.015096,-0.002160
tent,K,3,5,0.05,1.6,1.000e-03,361,-1.710717,0.356262,0.013578,-0.006577
tent,K,3,5,0.05,1.6,1.000e-03,362,-1.705163,0.358765,0.008918,-0.014369
tent,K,3,5,0.05,1.6,1.000e-03,363,-1.708551,0.356018,-0.004479,-0.004888
tent,K,3,5,0.05,1.6,1.000e-03,364,-1.706105,0.356140,-0.007350,0.003782
tent,K,3,5,0.05,1.6,1.000e-03,365,-1.704691,0.358643,-0.015919,-0.004752
tent,K,3,5,0.05,1.6,1.000e-03,366,-1.701830,0.366333,-0.004229,-0.017509
tent,K,3,5,0.05,1.6,1.000e-03,367,-1.706516,0.358398,0.005168,0.001199
tent,K,3,5,0.05,1.6,1.000e-03,368,-1.713153,0.355652,0.007170,-0.005530
tent,K,3,5,0.05,1.6,1.000e-03,369,-1.718103,0.350464,0.001572,0.004219
tent,K,3,5,0.05,1.6,1.000e-03,370,-1.713461,0.353760,0.000426,0.014557
tent,K,3,5,0.05,1.6,1.000e-03,371,-1.711470,0.355774,-0.000924,0.006686
tent,K,3,5,0.05,1.6,1.000e-03,372,-1.706417,0.355652,-0.008247,0.006960
tent,K,3,5,0.05,1.6,1.000e-03,373,-1.705799,0.358704,-0.018342,0.009106
tent,K,3,5,0.05,1.6,1.000e-03,374,-1.714808,0.354187,-0.008024,0.006580
tent,K,3,5,0.05,1.6,1.000e-03,375,-1.708720,0.357300,-0.004964,-0.002942
tent,K,3,5,0.05,1.6,1.000e-03,376,-1.708308,0.355408,-0.000328,-0.006196
tent,K,3,5,0.05,1.6,1.000e-03,377,-1.707076,0.360107,0.008786,0.000292
tent,K,3,5,0.05,1.6,1.000e-03,378,-1.707112,0.356873,-0.000204,0.001321
tent,K,3,5,0.05,1.6,1.000e-03,379,-1.709401,0.354797,-0.002751,-0.007424
tent,K,3,5,0.05,1.6,1.000e-03,380,-1.705445,0.357117,-0.006433,-0.012848
tent,K,3,5,0.05,1.6,1.000e-03,381,-1.707822,0.356750,-0.004131,-0.008855
tent,K,3,5,0.05,1.6,1.000e-03,382,-1.702079,0.361206,-0.002264,-0.002177
tent,K,3,5,0.05,1.6,1.000e-03,383,-1.707022,0.362183,-0.000523,0.000987
tent,K,3,5,0.05,1.6,1.000e-03,384,-1.711110,0.355713,-0.000265,-0.006924
tent,K,3,5,0.05,1.6,1.000e-03,385,-1.717253,0.352112,0.012898,-0.001892
tent,K,3,5,0.05,1.6,1.000e-03,386,-1.712952,0.357605,0.011425,-0.010901
tent,K,3,5,0.05,1.6,1.000e-03,387,-1.711692,0.354126,0.014018,-0.002796
tent,K,3,5,0.05,1.6,1.000e-03,388,-1.707416,0.351379,0.004942,0.002708
tent,K,3,5,0.05,1.6,1.000e-03,389,-1.704267,0.362366,-0.005178,-0.004871
tent,K,3,5,0.05,1.6,1.000e-03,390,-1.701818,0.359192,-0.008077,-0.008154
tent,K,3,5,0.05,1.6,1.000e-03,391,-1.707016,0.357788,-0.007092,0.001592
tent,K,3,5,0.05,1.6,1.000e-03,392,-1.705962,0.357788,-0.017517,-0.000775
tent,K,3,5,0.05,1.6,1.000e-03,393,-1.705170,0.359436,-0.008305,-0.005959
tent,K,3,5,0.05,1.6,1.000e-03,394,-1.698660,0.364197,0.001909,-0.009196
tent,K,3,5,0.05,1.6,1.000e-03,395,-1.705960,0.357971,-0.004750,-0.003739
tent,K,3,5,0.05,1.6,1.000e-03,396,-1.707256,0.357422,-0.012056,-0.004857
tent,K,3,5,0.05,1.6,1.000e-03,397,-1.709973,0.355591,-0.002716,-0.004320
tent,K,3,5,0.05,1.6,1.000e-03,398,-1.705807,0.356079,0.003148,0.000417
tent,K,3,5,0.05,1.6,1.000e-03,399,-1.703004,0.355591,0.001633,0.002503
tent,K,3,5,0.05,1.6,1.000e-03,400,-1.702995,0.356873,0.014250,-0.007597
tent,K,3,5,0.05,1.6,1.000e-02,1,-4.507912,0.000000,0.999666,0.999730
tent,K,3,5,0.05,1.6,1.000e-02,2,-4.546855,0.000000,0.996609,0.996641
tent,K,3,5,0.05,1.6,1.000e-02,3,-4.038103,0.000000,0.991134,0.991333
tent,K,3,5,0.05,1.6,1.000e-02,4,-3.616717,0.000000,0.979739,0.980301
tent,K,3,5,0.05,1.6,1.000e-02,5,-3.227644,0.000000,0.949968,0.949827
tent,K,3,5,0.05,1.6,1.000e-02,6,-2.833799,0.000000,0.888677,0.889610
tent,K,3,5,0.05,1.6,1.000e-02,7,-2.466160,0.005005,0.754144,0.758178
tent,K,3,5,0.05,1.6,1.000e-02,8,-2.165633,0.091797,0.544541,0.542067
tent,K,3,5,0.05,1.6,1.000e-02,9,-1.943271,0.219727,0.288075,0.281392
tent,K,3,5,0.05,1.6,1.000e-02,10,-1.839788,0.267029,0.177492,0.175477
tent,K,3,5,0.05,1.6,1.000e-02,11,-1.772752,0.313843,0.090110,0.068878
tent,K,3,5,0.05,1.6,1.000e-02,12,-1.736958,0.335327,0.044685,0.015060
tent,K,3,5,0.05,1.6,1.000e-02,13,-1.730544,0.335327,0.030332,0.009773
tent,K,3,5,0.05,1.6,1.000e-02,14,-1.716118,0.350098,0.009794,0.000269
tent,K,3,5,0.05,1.6,1.000e-02,15,-1.715294,0.347900,-0.000257,-0.003000
tent,K,3,5,0.05,1.6,1.000e-02,16,-1.716938,0.350281,0.001357,0.002378
tent,K,3,5,0.05,1.6,1.000e-02,17,-1.719326,0.346802,-0.002495,0.012231
tent,K,3,5,0.05,1.6,1.000e-02,18,-1.716124,0.355591,-0.004290,-0.002732
tent,K,3,5,0.05,1.6,1.000e-02,19,-1.721472,0.352173,-0.001950,-0.003126
tent,K,3,5,0.05,1.6,1.000e-02,20,-1.719619,0.347046,0.003288,-0.002623
tent,K,3,5,0.05,1.6,1.000e-02,21,-1.720843,0.346191,-0.002017,0.000617
tent,K,3,5,0.05,1.6,1.000e-02,22,-1.719372,0.347839,0.001865,0.004368
tent,K,3,5,0.05,1.6,1.000e-02,23,-1.721228,0.346191,0.001632,0.004175
tent,K,3,5,0.05,1.6,1.000e-02,24,-1.712653,0.352600,-0.003280,-0.004499
tent,K,3,5,0.05,1.6,1.000e-02,25,-1.717097,0.349976,0.000539,0.000804
tent,K,3,5,0.05,1.6,1.000e-02,26,-1.718553,0.351318,-0.002242,0.014628
tent,K,3,5,0.05,1.6,1.000e-02,27,-1.719789,0.343628,-0.008665,0.013626
tent,K,3,5,0.05,1.6,1.000e-02,28,-1.713850,0.349854,-0.004736,0.008606
tent,K,3,5,0.05,1.6,1.000e-02,29,-1.716331,0.356079,-0.006348,-0.000722
tent,K,3,5,0.05,1.6,1.000e-02,30,-1.718442,0.354126,-0.006173,0.000466
tent,K,3,5,0.05,1.6,1.000e-02,31,-1.724170,0.350342,0.004580,-0.002089
tent,K,3,5,0.05,1.6,1.000e-02,32,-1.728934,0.345093,0.002865,0.007403
tent,K,3,5,0.05,1.6,1.000e-02,33,-1.725536,0.347229,0.009656,0.004651
tent,K,3,5,0.05,1.6,1.000e-02,34,-1.721967,0.347351,0.014117,0.005014
tent,K,3,5,0.05,1.6,1.000e-02,35,-1.710623,0.350525,-0.003004,-0.005650
tent,K,3,5,0.05,1.6,1.000e-02,36,-1.709854,0.351257,0.000575,-0.012484
tent,K,3,5,0.05,1.6,1.000e-02,37,-1.715617,0.352417,-0.002017,-0.010980
tent,K,3,5,0.05,1.6,1.000e-02,38,-1.706789,0.355103,-0.010231,-0.011574
tent,K,3,5,0.05,1.6,1.000e-02,39,-1.711419,0.356995,-0.007429,-0.009562
tent,K,3,5,0.05,1.6,1.000e-02,40,-1.705476,0.357788,-0.003923,-0.005819
tent,K,3,5,0.05,1.6,1.000e-02,41,-1.704337,0.349670,-0.006277,-0.005183
tent,K,3,5,0.05,1.6,1.000e-02,42,-1.709633,0.348145,0.001797,-0.013319
tent,K,3,5,0.05,1.6,1.000e-02,43,-1.710932,0.348206,0.003949,-0.010223
tent,K,3,5,0.05,1.6,1.000e-02,44,-1.715390,0.346680,0.001339,0.001143
tent,K,3,5,0.05,1.6,1.000e-02,45,-1.715727,0.348938,-0.005584,0.003645
tent,K,3,5,0.05,1.6,1.000e-02,46,-1.713101,0.348450,-0.009301,0.002616
tent,K,3,5,0.05,1.6,1.000e-02,47,-1.710719,0.354431,-0.001134,-0.002838
tent,K,3,5,0.05,1.6,1.000e-02,48,-1.706280,0.351807,-0.010059,-0.000381
tent,K,3,5,0.05,1.6,1.000e-02,49,-1.710640,0.360229,-0.016256,-0.004080
tent,K,3,5,0.05,1.6,1.000e-02,50,-1.716257,0.351562,-0.013751,-0.004975
tent,K,3,5,0.05,1.6,1.000e-02,51,-1.721859,0.350464,-0.011667,-0.001093
tent,K,3,5,0.05,1.6,1.000e-02,52,-1.723708,0.344360,0.004322,0.013635
tent,K,3,5,0.05,1.6,1.000e-02,53,-1.721605,0.350281,-0.002827,0.006470
tent,K,3,5,0.05,1.6,1.000e-02,54,-1.720381,0.349731,-0.004362,0.010866
tent,K,3,5,0.05,1.6,1.000e-02,55,-1.720998,0.349976,-0.001286,-0.002720
tent,K,3,5,0.05,1.6,1.000e-02,56,-1.717544,0.352539,-0.004998,-0.006307
tent,K,3,5,0.05,1.6,1.000e-02,57,-1.720262,0.349182,0.005966,-0.003537
tent,K,3,5,0.05,1.6,1.000e-02,58,-1.728174,0.339233,0.010413,0.004255
tent,K,3,5,0.05,1.6,1.000e-02,59,-1.722363,0.348633,0.001910,0.006543
tent,K,3,5,0.05,1.6,1.000e-02,60,-1.722029,0.347839,-0.004716,0.005381
tent,K,3,5,0.05,1.6,1.000e-02,61,-1.720148,0.349487,0.006750,-0.009655
tent,K,3,5,0.05,1.6,1.000e-02,62,-1.712655,0.354309,0.018718,-0.014461
tent,K,3,5,0.05,1.6,1.000e-02,63,-1.715370,0.350464,0.001375,-0.001787
tent,K,3,5,0.05,1.6,1.000e-02,64,-1.719751,0.348328,-0.015494,-0.000125
tent,K,3,5,0.05,1.6,1.000e-02,65,-1.713616,0.348694,-0.012983,0.000962
tent,K,3,5,0.05,1.6,1.000e-02,66,-1.714145,0.350525,-0.002998,0.003853
tent,K,3,5,0.05,1.6,1.000e-02,67,-1.708613,0.357483,-0.012556,-0.009133
tent,K,3,5,0.05,1.6,1.000e-02,68,-1.709152,0.354126,-0.017405,-0.017814
tent,K,3,5,0.05,1.6,1.000e-02,69,-1.712808,0.352966,0.002426,-0.019020
tent,K,3,5,0.05,1.6,1.000e-02,70,-1.710734,0.354248,0.013928,-0.021464
tent,K,3,5,0.05,1.6,1.000e-02,71,-1.713552,0.352051,0.003579,-0.010037
tent,K,3,5,0.05,1.6,1.000e-02,72,-1.712466,0.356628,-0.000447,0.002855
tent,K,3,5,0.05,1.6,1.000e-02,73,-1.720011,0.350525,-0.009039,0.006044
tent,K,3,5,0.05,1.6,1.000e-02,74,-1.720242,0.344360,0.001508,0.006746
tent,K,3,5,0.05,1.6,1.000e-02,75,-1.717201,0.350159,-0.002146,-0.001093
tent,K,3,5,0.05,1.6,1.000e-02,76,-1.715513,0.351379,0.002929,-0.002870
tent,K,3,5,0.05,1.6,1.000e-02,77,-1.721171,0.349792,0.003413,0.009392
tent,K,3,5,0.05,1.6,1.000e-02,78,-1.724321,0.347412,-0.002100,0.001667
tent,K,3,5,0.05,1.6,1.000e-02,79,-1.715695,0.351257,-0.001930,0.003687
tent,K,3,5,0.05,1.6,1.000e-02,80,-1.716853,0.347656,0.010144,0.002534
tent,K,3,5,0.05,1.6,1.000e-02,81,-1.718701,0.348999,0.018826,-0.001837
tent,K,3,5,0.05,1.6,1.000e-02,82,-1.719107,0.346375,0.013081,0.000561
tent,K,3,5,0.05,1.6,1.000e-02,83,-1.715476,0.348206,0.007779,-0.001778
tent,K,3,5,0.05,1.6,1.000e-02,84,-1.711239,0.350098,0.000266,-0.001432
tent,K,3,5,0.05,1.6,1.000e-02,85,-1.711129,0.348633,-0.012184,0.000157
tent,K,3,5,0.05,1.6,1.000e-02,86,-1.708777,0.357056,-0.006366,0.000089
tent,K,3,5,0.05,1.6,1.000e-02,87,-1.720302,0.344849,0.004453,0.004841
tent,K,3,5,0.05,1.6,1.000e-02,88,-1.720718,0.345520,-0.002613,0.002165
tent,K,3,5,0.05,1.6,1.000e-02,89,-1.715275,0.355469,-0.007610,-0.010596
tent,K,3,5,0.05,1.6,1.000e-02,90,-1.716759,0.353210,-0.000678,-0.006040
tent,K,3,5,0.05,1.6,1.000e-02,91,-1.715999,0.350708,-0.009338,0.010403
tent,K,3,5,0.05,1.6,1.000e-02,92,-1.720206,0.347290,-0.003166,0.011826
tent,K,3,5,0.05,1.6,1.000e-02,93,-1.716674,0.352905,-0.006703,0.005213
tent,K,3,5,0.05,1.6,1.000e-02,94,-1.720568,0.350159,-0.006282,0.007722
tent,K,3,5,0.05,1.6,1.000e-02,95,-1.725236,0.345825,-0.002701,0.017480
tent,K,3,5,0.05,1.6,1.000e-02,96,-1.717930,0.347900,-0.005704,0.011633
tent,K,3,5,0.05,1.6,1.000e-02,97,-1.722261,0.347412,0.001006,0.004579
tent,K,3,5,0.05,1.6,1.000e-02,98,-1.722004,0.347961,-0.002967,-0.002495
tent,K,3,5,0.05,1.6,1.000e-02,99,-1.719299,0.352295,0.002433,0.002414
tent,K,3,5,0.05,1.6,1.000e-02,100,-1.727325,0.341064,0.012280,0.019881
tent,K,3,5,0.05,1.6,1.000e-02,101,-1.729678,0.345215,0.005176,0.008871
tent,K,3,5,0.05,1.6,1.000e-02,102,-1.717857,0.350708,0.000714,0.004130
tent,K,3,5,0.05,1.6,1.000e-02,103,-1.726360,0.346375,0.011477,0.002044
tent,K,3,5,0.05,1.6,1.000e-02,104,-1.725275,0.346252,0.001267,-0.000823
tent,K,3,5,0.05,1.6,1.000e-02,105,-1.724864,0.349365,0.007197,0.012040
tent,K,3,5,0.05,1.6,1.000e-02,106,-1.724813,0.350037,0.011108,-0.000958
tent,K,3,5,0.05,1.6,1.000e-02,107,-1.720760,0.350647,0.007559,-0.011288
tent,K,3,5,0.05,1.6,1.000e-02,108,-1.721989,0.350464,0.011561,-0.005713
tent,K,3,5,0.05,1.6,1.000e-02,109,-1.725065,0.341187,0.005824,0.000193
tent,K,3,5,0.05,1.6,1.000e-02,110,-1.721860,0.350037,0.008281,-0.009684
tent,K,3,5,0.05,1.6,1.000e-02,111,-1.720775,0.348328,0.002768,-0.007356
tent,K,3,5,0.05,1.6,1.000e-02,112,-1.722139,0.348694,-0.005733,0.004462
tent,K,3,5,0.05,1.6,1.000e-02,113,-1.719748,0.348755,-0.001792,-0.001449
tent,K,3,5,0.05,1.6,1.000e-02,114,-1.712824,0.351074,0.007599,-0.000255
tent,K,3,5,0.05,1.6,1.000e-02,115,-1.712766,0.353088,0.001175,-0.003454
tent,K,3,5,0.05,1.6,1.000e-02,116,-1.723284,0.349182,0.009031,-0.009525
tent,K,3,5,0.05,1.6,1.000e-02,117,-1.725423,0.347839,0.004900,0.010664
tent,K,3,5,0.05,1.6,1.000e-02,118,-1.721614,0.348816,0.004169,0.015104
tent,K,3,5,0.05,1.6,1.000e-02,119,-1.719415,0.344727,0.002070,0.008512
tent,K,3,5,0.05,1.6,1.000e-02,120,-1.714362,0.349609,-0.002029,-0.000504
tent,K,3,5,0.05,1.6,1.000e-02,121,-1.723392,0.346680,0.013601,-0.003444
tent,K,3,5,0.05,1.6,1.000e-02,122,-1.717516,0.347534,-0.002910,0.003223
tent,K,3,5,0.05,1.6,1.000e-02,123,-1.710379,0.351746,-0.001059,-0.001958
tent,K,3,5,0.05,1.6,1.000e-02,124,-1.709807,0.357056,-0.009873,-0.014632
tent,K,3,5,0.05,1.6,1.000e-02,125,-1.712239,0.357361,-0.011617,-0.008054
tent,K,3,5,0.05,1.6,1.000e-02,126,-1.726302,0.344299,-0.001853,0.009209
tent,K,3,5,0.05,1.6,1.000e-02,127,-1.723477,0.343384,-0.004049,0.016928
tent,K,3,5,0.05,1.6,1.000e-02,128,-1.719184,0.350159,-0.004768,0.015408
tent,K,3,5,0.05,1.6,1.000e-02,129,-1.719991,0.346924,0.004561,0.012469
tent,K,3,5,0.05,1.6,1.000e-02,130,-1.724013,0.349121,-0.000020,0.005593
tent,K,3,5,0.05,1.6,1.000e-02,131,-1.723787,0.351501,0.001675,0.002242
tent,K,3,5,0.05,1.6,1.000e-02,132,-1.724459,0.344543,0.004834,0.005699
tent,K,3,5,0.05,1.6,1.000e-02,133,-1.720630,0.347412,0.008794,-0.001453
tent,K,3,5,0.05,1.6,1.000e-02,134,-1.722637,0.345459,0.012537,-0.005813
tent,K,3,5,0.05,1.6,1.000e-02,135,-1.724117,0.343384,0.013073,-0.002506
tent,K,3,5,0.05,1.6,1.000e-02,136,-1.719146,0.344727,0.006216,0.002344
tent,K,3,5,0.05,1.6,1.000e-02,137,-1.712985,0.355408,-0.000720,-0.000135
tent,K,3,5,0.05,1.6,1.000e-02,138,-1.714649,0.351868,-0.003375,-0.000754
tent,K,3,5,0.05,1.6,1.000e-02,139,-1.714549,0.353027,-0.004904,-0.003461
tent,K,3,5,0.05,1.6,1.000e-02,140,-1.719143,0.348877,-0.009131,-0.000016
tent,K,3,5,0.05,1.6,1.000e-02,141,-1.717387,0.347473,0.002471,0.004185
tent,K,3,5,0.05,1.6,1.000e-02,142,-1.717101,0.355164,0.003266,-0.004904
tent,K,3,5,0.05,1.6,1.000e-02,143,-1.714539,0.353455,0.000319,-0.010860
tent,K,3,5,0.05,1.6,1.000e-02,144,-1.722067,0.346924,0.009004,-0.000282
tent,K,3,5,0.05,1.6,1.000e-02,145,-1.720652,0.346436,0.002908,0.007897
tent,K,3,5,0.05,1.6,1.000e-02,146,-1.715547,0.351562,-0.002801,-0.005010
tent,K,3,5,0.05,1.6,1.000e-02,147,-1.713072,0.355591,-0.004698,-0.009317
tent,K,3,5,0.05,1.6,1.000e-02,148,-1.719525,0.347229,0.008189,-0.005346
tent,K,3,5,0.05,1.6,1.000e-02,149,-1.717226,0.346680,0.005039,0.000956
tent,K,3,5,0.05,1.6,1.000e-02,150,-1.715244,0.351868,0.004927,-0.013469
tent,K,3,5,0.05,1.6,1.000e-02,151,-1.714726,0.357300,-0.007035,-0.009337
tent,K,3,5,0.05,1.6,1.000e-02,152,-1.716545,0.349670,0.002203,-0.008418
tent,K,3,5,0.05,1.6,1.000e-02,153,-1.719190,0.351624,0.002300,-0.005623
tent,K,3,5,0.05,1.6,1.000e-02,154,-1.721029,0.354126,-0.008743,-0.005657
tent,K,3,5,0.05,1.6,1.000e-02,155,-1.719588,0.348511,0.001663,0.001704
tent,K,3,5,0.05,1.6,1.000e-02,156,-1.711614,0.356628,-0.006942,0.005425
tent,K,3,5,0.05,1.6,1.000e-02,157,-1.715126,0.353455,-0.007919,-0.006710
tent,K,3,5,0.05,1.6,1.000e-02,158,-1.714896,0.351013,-0.006475,0.000785
tent,K,3,5,0.05,1.6,1.000e-02,159,-1.721551,0.348511,0.004411,0.009604
tent,K,3,5,0.05,1.6,1.000e-02,160,-1.722026,0.352783,0.004507,0.009704
tent,K,3,5,0.05,1.6,1.000e-02,161,-1.726358,0.342529,0.004954,0.001629
tent,K,3,5,0.05,1.6,1.000e-02,162,-1.715391,0.351440,-0.000475,-0.003374
tent,K,3,5,0.05,1.6,1.000e-02,163,-1.709893,0.351440,-0.001469,-0.014903
tent,K,3,5,0.05,1.6,1.000e-02,164,-1.709851,0.353943,-0.001113,-0.012201
tent,K,3,5,0.05,1.6,1.000e-02,165,-1.704841,0.359497,0.008498,-0.024301
tent,K,3,5,0.05,1.6,1.000e-02,166,-1.710532,0.351624,-0.000180,-0.002815
tent,K,3,5,0.05,1.6,1.000e-02,167,-1.716794,0.350159,0.006883,-0.005145
tent,K,3,5,0.05,1.6,1.000e-02,168,-1.726737,0.343506,0.024979,-0.009371
tent,K,3,5,0.05,1.6,1.000e-02,169,-1.722941,0.343628,0.010474,-0.007240
tent,K,3,5,0.05,1.6,1.000e-02,170,-1.712977,0.351868,-0.006257,-0.007962
tent,K,3,5,0.05,1.6,1.000e-02,171,-1.708167,0.352905,-0.010389,-0.011160
tent,K,3,5,0.05,1.6,1.000e-02,172,-1.711982,0.353088,-0.005046,-0.003004
tent,K,3,5,0.05,1.6,1.000e-02,173,-1.717935,0.352478,-0.000886,0.003417
tent,K,3,5,0.05,1.6,1.000e-02,174,-1.720021,0.348572,0.005745,0.007208
tent,K,3,5,0.05,1.6,1.000e-02,175,-1.718819,0.347046,0.011007,0.001168
tent,K,3,5,0.05,1.6,1.000e-02,176,-1.718302,0.348145,0.011674,0.002802
tent,K,3,5,0.05,1.6,1.000e-02,177,-1.717685,0.349426,-0.003747,0.002731
tent,K,3,5,0.05,1.6,1.000e-02,178,-1.718941,0.348267,-0.003824,0.007126
tent,K,3,5,0.05,1.6,1.000e-02,179,-1.718772,0.349426,0.004323,0.010499
tent,K,3,5,0.05,1.6,1.000e-02,180,-1.720114,0.350647,0.005328,-0.000186
tent,K,3,5,0.05,1.6,1.000e-02,181,-1.718265,0.351807,0.003569,-0.012311
tent,K,3,5,0.05,1.6,1.000e-02,182,-1.713441,0.350098,0.002301,-0.011881
tent,K,3,5,0.05,1.6,1.000e-02,183,-1.715741,0.358521,-0.009393,0.003311
tent,K,3,5,0.05,1.6,1.000e-02,184,-1.717286,0.353638,-0.010720,0.009780
tent,K,3,5,0.05,1.6,1.000e-02,185,-1.718832,0.349365,-0.006766,0.000950
tent,K,3,5,0.05,1.6,1.000e-02,186,-1.714819,0.355408,-0.003872,-0.007494
tent,K,3,5,0.05,1.6,1.000e-02,187,-1.711872,0.350891,0.011140,0.010451
tent,K,3,5,0.05,1.6,1.000e-02,188,-1.717098,0.349060,-0.000254,0.004456
tent,K,3,5,0.05,1.6,1.000e-02,189,-1.711991,0.354553,-0.021215,-0.005079
tent,K,3,5,0.05,1.6,1.000e-02,190,-1.708970,0.354553,-0.022213,-0.010120
tent,K,3,5,0.05,1.6,1.000e-02,191,-1.713525,0.351562,-0.011010,0.004344
tent,K,3,5,0.05,1.6,1.000e-02,192,-1.715127,0.347351,-0.010538,0.009792
tent,K,3,5,0.05,1.6,1.000e-02,193,-1.710785,0.356262,-0.009704,0.002924
tent,K,3,5,0.05,1.6,1.000e-02,194,-1.712407,0.351013,-0.005009,0.002388
tent,K,3,5,0.05,1.6,1.000e-02,195,-1.717866,0.348816,0.010002,-0.002021
tent,K,3,5,0.05,1.6,1.000e-02,196,-1.715660,0.350220,0.005645,0.006534
tent,K,3,5,0.05,1.6,1.000e-02,197,-1.712550,0.349243,-0.000570,0.005535
tent,K,3,5,0.05,1.6,1.000e-02,198,-1.715108,0.353271,-0.013165,-0.001682
tent,K,3,5,0.05,1.6,1.000e-02,199,-1.710462,0.353943,-0.010259,-0.000298
tent,K,3,5,0.05,1.6,1.000e-02,200,-1.711512,0.353394,-0.008178,-0.007409
tent,K,3,5,0.05,1.6,1.000e-02,201,-1.713132,0.349060,0.001130,-0.014160
tent,K,3,5,0.05,1.6,1.000e-02,202,-1.710277,0.351440,-0.000901,-0.012244
tent,K,3,5,0.05,1.6,1.000e-02,203,-1.714695,0.355957,-0.003941,-0.005615
tent,K,3,5,0.05,1.6,1.000e-02,204,-1.720540,0.354614,-0.012031,-0.005232
tent,K,3,5,0.05,1.6,1.000e-02,205,-1.716625,0.351318,-0.003162,-0.003722
tent,K,3,5,0.05,1.6,1.000e-02,206,-1.726528,0.348267,-0.000498,0.020976
tent,K,3,5,0.05,1.6,1.000e-02,207,-1.728961,0.347290,0.000088,0.012455
tent,K,3,5,0.05,1.6,1.000e-02,208,-1.720734,0.349060,0.006400,-0.001114
tent,K,3,5,0.05,1.6,1.000e-02,209,-1.717773,0.351196,0.005345,-0.002474
tent,K,3,5,0.05,1.6,1.000e-02,210,-1.717813,0.350098,-0.003774,0.002619
tent,K,3,5,0.05,1.6,1.000e-02,211,-1.717063,0.347107,-0.008437,0.008632
tent,K,3,5,0.05,1.6,1.000e-02,212,-1.707651,0.350647,-0.009312,0.007736
tent,K,3,5,0.05,1.6,1.000e-02,213,-1.711814,0.361145,-0.009221,-0.008984
tent,K,3,5,0.05,1.6,1.000e-02,214,-1.717097,0.350037,0.002266,-0.009887
tent,K,3,5,0.05,1.6,1.000e-02,215,-1.723862,0.348145,0.006959,0.005017
tent,K,3,5,0.05,1.6,1.000e-02,216,-1.721312,0.349731,0.004275,0.006103
tent,K,3,5,0.05,1.6,1.000e-02,217,-1.718202,0.346313,-0.003957,0.003615
tent,K,3,5,0.05,1.6,1.000e-02,218,-1.714162,0.350403,0.008793,0.002620
tent,K,3,5,0.05,1.6,1.000e-02,219,-1.716080,0.351074,0.003182,-0.002431
tent,K,3,5,0.05,1.6,1.000e-02,220,-1.718112,0.344788,-0.000377,0.005969
tent,K,3,5,0.05,1.6,1.000e-02,221,-1.717743,0.347778,-0.003756,0.004949
tent,K,3,5,0.05,1.6,1.000e-02,222,-1.713135,0.356689,-0.006338,-0.008825
tent,K,3,5,0.05,1.6,1.000e-02,223,-1.713494,0.353394,-0.005539,0.006001
tent,K,3,5,0.05,1.6,1.000e-02,224,-1.720335,0.351013,0.001915,0.001051
tent,K,3,5,0.05,1.6,1.000e-02,225,-1.719131,0.350342,-0.001060,-0.001254
tent,K,3,5,0.05,1.6,1.000e-02,226,-1.721834,0.347839,0.005011,0.002704
tent,K,3,5,0.05,1.6,1.000e-02,227,-1.723751,0.349182,-0.003850,0.007103
tent,K,3,5,0.05,1.6,1.000e-02,228,-1.724563,0.350952,0.007804,0.011882
tent,K,3,5,0.05,1.6,1.000e-02,229,-1.720035,0.345337,0.009383,0.005113
tent,K,3,5,0.05,1.6,1.000e-02,230,-1.719375,0.348999,0.001869,0.006751
tent,K,3,5,0.05,1.6,1.000e-02,231,-1.722472,0.339905,0.002226,0.011889
tent,K,3,5,0.05,1.6,1.000e-02,232,-1.721763,0.346375,0.001244,0.011840
tent,K,3,5,0.05,1.6,1.000e-02,233,-1.718421,0.353088,-0.010235,-0.002827
tent,K,3,5,0.05,1.6,1.000e-02,234,-1.723433,0.349182,0.005829,-0.002395
tent,K,3,5,0.05,1.6,1.000e-02,235,-1.718503,0.350586,0.008411,-0.005117
tent,K,3,5,0.05,1.6,1.000e-02,236,-1.722580,0.347717,0.000990,-0.004040
tent,K,3,5,0.05,1.6,1.000e-02,237,-1.722239,0.346008,0.006994,-0.002130
tent,K,3,5,0.05,1.6,1.000e-02,238,-1.722363,0.345581,0.007598,-0.003288
tent,K,3,5,0.05,1.6,1.000e-02,239,-1.719417,0.347107,0.002535,-0.003575
tent,K,3,5,0.05,1.6,1.000e-02,240,-1.719735,0.352722,0.004055,0.004615
tent,K,3,5,0.05,1.6,1.000e-02,241,-1.719562,0.354614,0.001684,0.004385
tent,K,3,5,0.05,1.6,1.000e-02,242,-1.722856,0.348145,-0.005515,0.004849
tent,K,3,5,0.05,1.6,1.000e-02,243,-1.720801,0.352600,-0.002985,0.010218
tent,K,3,5,0.05,1.6,1.000e-02,244,-1.721166,0.348389,-0.007958,0.012867
tent,K,3,5,0.05,1.6,1.000e-02,245,-1.716064,0.351990,-0.007415,0.004607
tent,K,3,5,0.05,1.6,1.000e-02,246,-1.716907,0.343933,-0.005223,0.004914
tent,K,3,5,0.05,1.6,1.000e-02,247,-1.713399,0.352844,-0.007038,0.003735
tent,K,3,5,0.05,1.6,1.000e-02,248,-1.707422,0.357544,-0.008263,-0.006798
tent,K,3,5,0.05,1.6,1.000e-02,249,-1.716182,0.347961,-0.000816,0.002430
tent,K,3,5,0.05,1.6,1.000e-02,250,-1.718676,0.348206,0.008857,-0.003666
tent,K,3,5,0.05,1.6,1.000e-02,251,-1.717811,0.353943,-0.009800,-0.011786
tent,K,3,5,0.05,1.6,1.000e-02,252,-1.716517,0.347900,-0.008986,-0.000954
tent,K,3,5,0.05,1.6,1.000e-02,253,-1.715014,0.349854,-0.002411,0.005465
tent,K,3,5,0.05,1.6,1.000e-02,254,-1.720290,0.349060,0.010516,-0.010640
tent,K,3,5,0.05,1.6,1.000e-02,255,-1.721124,0.347351,0.003514,-0.004153
tent,K,3,5,0.05,1.6,1.000e-02,256,-1.714811,0.352661,-0.004467,-0.002205
tent,K,3,5,0.05,1.6,1.000e-02,257,-1.709292,0.355164,0.002413,-0.011870
tent,K,3,5,0.05,1.6,1.000e-02,258,-1.709289,0.355408,-0.002744,-0.017089
tent,K,3,5,0.05,1.6,1.000e-02,259,-1.714090,0.348999,-0.003667,-0.015777
tent,K,3,5,0.05,1.6,1.000e-02,260,-1.717577,0.351440,-0.006232,-0.008843
tent,K,3,5,0.05,1.6,1.000e-02,261,-1.723499,0.351868,-0.009716,0.002386
tent,K,3,5,0.05,1.6,1.000e-02,262,-1.727853,0.348389,0.001402,0.013163
tent,K,3,5,0.05,1.6,1.000e-02,263,-1.727478,0.346130,0.004788,0.010287
tent,K,3,5,0.05,1.6,1.000e-02,264,-1.719065,0.351929,0.005822,-0.004324
tent,K,3,5,0.05,1.6,1.000e-02,265,-1.715889,0.346069,0.016793,-0.008171
tent,K,3,5,0.05,1.6,1.000e-02,266,-1.713621,0.349854,-0.003688,-0.014653
tent,K,3,5,0.05,1.6,1.000e-02,267,-1.708614,0.356567,-0.012705,-0.013805
tent,K,3,5,0.05,1.6,1.000e-02,268,-1.715134,0.352051,-0.005013,-0.004863
tent,K,3,5,0.05,1.6,1.000e-02,269,-1.719281,0.346802,-0.005785,0.006276
tent,K,3,5,0.05,1.6,1.000e-02,270,-1.718675,0.350464,-0.014310,-0.001694
tent,K,3,5,0.05,1.6,1.000e-02,271,-1.714111,0.353638,-0.008027,-0.000960
tent,K,3,5,0.05,1.6,1.000e-02,272,-1.711901,0.355103,-0.005861,0.003271
tent,K,3,5,0.05,1.6,1.000e-02,273,-1.723957,0.345520,-0.002538,0.004004
tent,K,3,5,0.05,1.6,1.000e-02,274,-1.717240,0.345642,0.002253,-0.004703
tent,K,3,5,0.05,1.6,1.000e-02,275,-1.719488,0.346497,0.009752,-0.007747
tent,K,3,5,0.05,1.6,1.000e-02,276,-1.715905,0.347595,0.002051,-0.008146
tent,K,3,5,0.05,1.6,1.000e-02,277,-1.708214,0.360901,-0.005420,-0.012651
tent,K,3,5,0.05,1.6,1.000e-02,278,-1.712517,0.354919,-0.006972,-0.010472
tent,K,3,5,0.05,1.6,1.000e-02,279,-1.718409,0.344177,0.005981,0.007080
tent,K,3,5,0.05,1.6,1.000e-02,280,-1.723034,0.345825,0.006779,0.001870
tent,K,3,5,0.05,1.6,1.000e-02,281,-1.718898,0.349854,0.006923,-0.001728
tent,K,3,5,0.05,1.6,1.000e-02,282,-1.716053,0.349792,-0.003609,0.002013
tent,K,3,5,0.05,1.6,1.000e-02,283,-1.713568,0.350098,-0.005776,0.001332
tent,K,3,5,0.05,1.6,1.000e-02,284,-1.718227,0.349426,-0.001841,0.010301
tent,K,3,5,0.05,1.6,1.000e-02,285,-1.710879,0.358093,-0.013138,0.004446
tent,K,3,5,0.05,1.6,1.000e-02,286,-1.710067,0.351013,-0.015365,0.002322
tent,K,3,5,0.05,1.6,1.000e-02,287,-1.720585,0.348083,-0.014203,0.021303
tent,K,3,5,0.05,1.6,1.000e-02,288,-1.717054,0.345459,-0.008349,0.013944
tent,K,3,5,0.05,1.6,1.000e-02,289,-1.709992,0.351074,-0.004798,-0.010424
tent,K,3,5,0.05,1.6,1.000e-02,290,-1.708245,0.354187,-0.000945,-0.007644
tent,K,3,5,0.05,1.6,1.000e-02,291,-1.716794,0.348877,-0.002342,-0.001510
tent,K,3,5,0.05,1.6,1.000e-02,292,-1.715880,0.351440,-0.000223,-0.008799
tent,K,3,5,0.05,1.6,1.000e-02,293,-1.711614,0.353638,-0.007241,-0.005934
tent,K,3,5,0.05,1.6,1.000e-02,294,-1.721327,0.348511,0.005526,0.003283
tent,K,3,5,0.05,1.6,1.000e-02,295,-1.723143,0.348267,0.001045,0.007552
tent,K,3,5,0.05,1.6,1.000e-02,296,-1.717329,0.348083,0.000915,0.005071
tent,K,3,5,0.05,1.6,1.000e-02,297,-1.724225,0.346069,-0.001983,0.020683
tent,K,3,5,0.05,1.6,1.000e-02,298,-1.719478,0.348145,0.001308,0.005897
tent,K,3,5,0.05,1.6,1.000e-02,299,-1.715537,0.352173,-0.005036,-0.003731
tent,K,3,5,0.05,1.6,1.000e-02,300,-1.714044,0.343384,-0.006567,-0.001749
tent,K,3,5,0.05,1.6,1.000e-02,301,-1.710134,0.352600,-0.006934,0.004371
tent,K,3,5,0.05,1.6,1.000e-02,302,-1.715239,0.355164,-0.003231,-0.006985
tent,K,3,5,0.05,1.6,1.000e-02,303,-1.718408,0.347046,-0.003087,-0.020020
tent,K,3,5,0.05,1.6,1.000e-02,304,-1.716455,0.351074,-0.005398,-0.006232
tent,K,3,5,0.05,1.6,1.000e-02,305,-1.714623,0.350281,-0.006519,-0.011721
tent,K,3,5,0.05,1.6,1.000e-02,306,-1.716274,0.352356,-0.001508,-0.002920
tent,K,3,5,0.05,1.6,1.000e-02,307,-1.713281,0.352966,-0.009416,-0.004900
tent,K,3,5,0.05,1.6,1.000e-02,308,-1.712668,0.356262,-0.021733,0.002310
tent,K,3,5,0.05,1.6,1.000e-02,309,-1.721062,0.344910,-0.001121,0.013590
tent,K,3,5,0.05,1.6,1.000e-02,310,-1.709817,0.349731,0.009503,-0.002801
tent,K,3,5,0.05,1.6,1.000e-02,311,-1.703315,0.354431,-0.005530,-0.012088
tent,K,3,5,0.05,1.6,1.000e-02,312,-1.708639,0.353943,-0.011158,-0.006483
tent,K,3,5,0.05,1.6,1.000e-02,313,-1.713375,0.352051,-0.004328,-0.000762
tent,K,3,5,0.05,1.6,1.000e-02,314,-1.720132,0.347473,0.006140,-0.006826
tent,K,3,5,0.05,1.6,1.000e-02,315,-1.722924,0.352356,0.005263,0.001777
tent,K,3,5,0.05,1.6,1.000e-02,316,-1.720124,0.347595,-0.002012,0.006072
tent,K,3,5,0.05,1.6,1.000e-02,317,-1.719991,0.346130,-0.000515,-0.003843
tent,K,3,5,0.05,1.6,1.000e-02,318,-1.714380,0.349915,-0.000827,-0.005352
tent,K,3,5,0.05,1.6,1.000e-02,319,-1.715473,0.352173,0.002160,-0.001872
tent,K,3,5,0.05,1.6,1.000e-02,320,-1.712316,0.356079,-0.004204,-0.001950
tent,K,3,5,0.05,1.6,1.000e-02,321,-1.715691,0.348022,-0.000184,0.007030
tent,K,3,5,0.05,1.6,1.000e-02,322,-1.714729,0.348633,0.004814,-0.007376
tent,K,3,5,0.05,1.6,1.000e-02,323,-1.712868,0.356689,-0.011017,-0.015471
tent,K,3,5,0.05,1.6,1.000e-02,324,-1.719501,0.352661,-0.001984,-0.004160
tent,K,3,5,0.05,1.6,1.000e-02,325,-1.724976,0.345642,0.010512,-0.003110
tent,K,3,5,0.05,1.6,1.000e-02,326,-1.717087,0.351013,0.006968,-0.009604
tent,K,3,5,0.05,1.6,1.000e-02,327,-1.710848,0.350952,0.010615,-0.004286
tent,K,3,5,0.05,1.6,1.000e-02,328,-1.721471,0.344116,0.008261,-0.002104
tent,K,3,5,0.05,1.6,1.000e-02,329,-1.715244,0.350830,0.006831,-0.018681
tent,K,3,5,0.05,1.6,1.000e-02,330,-1.714841,0.348633,-0.001342,-0.014216
tent,K,3,5,0.05,1.6,1.000e-02,331,-1.712454,0.353149,0.001848,-0.015026
tent,K,3,5,0.05,1.6,1.000e-02,332,-1.718629,0.354553,0.005114,-0.007292
tent,K,3,5,0.05,1.6,1.000e-02,333,-1.715770,0.347229,0.008180,0.001323
tent,K,3,5,0.05,1.6,1.000e-02,334,-1.714504,0.352478,0.007789,0.000004
tent,K,3,5,0.05,1.6,1.000e-02,335,-1.709124,0.355591,-0.001742,-0.014459
tent,K,3,5,0.05,1.6,1.000e-02,336,-1.711384,0.350952,-0.006888,-0.016212
tent,K,3,5,0.05,1.6,1.000e-02,337,-1.710713,0.354431,-0.005965,-0.016536
tent,K,3,5,0.05,1.6,1.000e-02,338,-1.713782,0.354919,0.005457,-0.016424
tent,K,3,5,0.05,1.6,1.000e-02,339,-1.720861,0.349182,0.011470,-0.010292
tent,K,3,5,0.05,1.6,1.000e-02,340,-1.716606,0.351685,0.002392,-0.007631
tent,K,3,5,0.05,1.6,1.000e-02,341,-1.716654,0.349548,0.002185,-0.007793
tent,K,3,5,0.05,1.6,1.000e-02,342,-1.718331,0.353455,-0.000506,-0.003116
tent,K,3,5,0.05,1.6,1.000e-02,343,-1.720683,0.348877,0.005428,-0.009327
tent,K,3,5,0.05,1.6,1.000e-02,344,-1.716680,0.348938,-0.003758,0.002394
tent,K,3,5,0.05,1.6,1.000e-02,345,-1.713596,0.350525,-0.001811,0.001900
tent,K,3,5,0.05,1.6,1.000e-02,346,-1.722087,0.350159,0.006623,0.001033
tent,K,3,5,0.05,1.6,1.000e-02,347,-1.719984,0.346008,0.006054,-0.011143
tent,K,3,5,0.05,1.6,1.000e-02,348,-1.715554,0.350403,0.004062,0.000680
tent,K,3,5,0.05,1.6,1.000e-02,349,-1.717775,0.352356,-0.001248,-0.004359
tent,K,3,5,0.05,1.6,1.000e-02,350,-1.717783,0.353210,0.004709,-0.006173
tent,K,3,5,0.05,1.6,1.000e-02,351,-1.727789,0.346558,0.014041,0.006328
tent,K,3,5,0.05,1.6,1.000e-02,352,-1.721471,0.348877,-0.003982,0.000695
tent,K,3,5,0.05,1.6,1.000e-02,353,-1.717006,0.348877,-0.003951,0.003588
tent,K,3,5,0.05,1.6,1.000e-02,354,-1.719055,0.347778,0.008200,0.002146
tent,K,3,5,0.05,1.6,1.000e-02,355,-1.717014,0.348511,0.005323,-0.002768
tent,K,3,5,0.05,1.6,1.000e-02,356,-1.722414,0.345825,0.013790,-0.001346
tent,K,3,5,0.05,1.6,1.000e-02,357,-1.721711,0.344421,0.012315,0.007723
tent,K,3,5,0.05,1.6,1.000e-02,358,-1.718147,0.345703,0.008741,0.007349
tent,K,3,5,0.05,1.6,1.000e-02,359,-1.721838,0.345764,-0.009028,0.005771
tent,K,3,5,0.05,1.6,1.000e-02,360,-1.721343,0.345703,-0.005507,0.003975
tent,K,3,5,0.05,1.6,1.000e-02,361,-1.718063,0.344177,0.002869,0.004854
tent,K,3,5,0.05,1.6,1.000e-02,362,-1.718270,0.351318,-0.003371,-0.003585
tent,K,3,5,0.05,1.6,1.000e-02,363,-1.713773,0.350464,-0.011549,-0.007674
tent,K,3,5,0.05,1.6,1.000e-02,364,-1.711534,0.350281,-0.014132,-0.008902
tent,K,3,5,0.05,1.6,1.000e-02,365,-1.708199,0.355896,-0.013462,-0.004461
tent,K,3,5,0.05,1.6,1.000e-02,366,-1.715070,0.352051,0.002353,-0.008051
tent,K,3,5,0.05,1.6,1.000e-02,367,-1.709535,0.355042,-0.008084,-0.015674
tent,K,3,5,0.05,1.6,1.000e-02,368,-1.713540,0.351929,-0.012554,-0.012035
tent,K,3,5,0.05,1.6,1.000e-02,369,-1.719241,0.347168,-0.004877,0.000201
tent,K,3,5,0.05,1.6,1.000e-02,370,-1.718589,0.348938,-0.003994,0.003765
tent,K,3,5,0.05,1.6,1.000e-02,371,-1.718742,0.348511,-0.000876,0.010062
tent,K,3,5,0.05,1.6,1.000e-02,372,-1.723401,0.343811,0.005862,0.005839
tent,K,3,5,0.05,1.6,1.000e-02,373,-1.722423,0.349060,0.005290,0.008878
tent,K,3,5,0.05,1.6,1.000e-02,374,-1.722560,0.349426,-0.010007,0.004373
tent,K,3,5,0.05,1.6,1.000e-02,375,-1.715796,0.351074,-0.008581,0.012791
tent,K,3,5,0.05,1.6,1.000e-02,376,-1.715741,0.354370,-0.017526,0.017194
tent,K,3,5,0.05,1.6,1.000e-02,377,-1.717357,0.349548,-0.009807,0.006215
tent,K,3,5,0.05,1.6,1.000e-02,378,-1.719241,0.346863,0.002475,0.001267
tent,K,3,5,0.05,1.6,1.000e-02,379,-1.721434,0.347229,0.013125,-0.007725
tent,K,3,5,0.05,1.6,1.000e-02,380,-1.718655,0.349426,-0.000855,-0.005328
tent,K,3,5,0.05,1.6,1.000e-02,381,-1.717501,0.348328,0.000058,0.006166
tent,K,3,5,0.05,1.6,1.000e-02,382,-1.721075,0.348999,0.001919,0.010182
tent,K,3,5,0.05,1.6,1.000e-02,383,-1.717516,0.347046,0.010669,-0.006347
tent,K,3,5,0.05,1.6,1.000e-02,384,-1.725937,0.344360,0.002204,0.010195
tent,K,3,5,0.05,1.6,1.000e-02,385,-1.720606,0.349182,0.003284,0.007691
tent,K,3,5,0.05,1.6,1.000e-02,386,-1.718243,0.343079,0.003941,-0.000702
tent,K,3,5,0.05,1.6,1.000e-02,387,-1.713029,0.345032,0.004547,-0.004093
tent,K,3,5,0.05,1.6,1.000e-02,388,-1.711489,0.349915,-0.000783,-0.008619
tent,K,3,5,0.05,1.6,1.000e-02,389,-1.717671,0.347290,-0.009128,0.003311
tent,K,3,5,0.05,1.6,1.000e-02,390,-1.717019,0.349365,0.003021,0.010793
tent,K,3,5,0.05,1.6,1.000e-02,391,-1.714455,0.350708,-0.005686,0.002552
tent,K,3,5,0.05,1.6,1.000e-02,392,-1.715027,0.349182,-0.000247,0.002698
tent,K,3,5,0.05,1.6,1.000e-02,393,-1.718297,0.341858,0.008457,-0.009452
tent,K,3,5,0.05,1.6,1.000e-02,394,-1.717627,0.350464,0.006609,-0.006968
tent,K,3,5,0.05,1.6,1.000e-02,395,-1.714957,0.348694,0.006292,-0.000714
tent,K,3,5,0.05,1.6,1.000e-02,396,-1.720693,0.353638,-0.010319,0.004807
tent,K,3,5,0.05,1.6,1.000e-02,397,-1.722179,0.345886,0.000130,0.000887
tent,K,3,5,0.05,1.6,1.000e-02,398,-1.719103,0.351318,0.000769,-0.005723
tent,K,3,5,0.05,1.6,1.000e-02,399,-1.712614,0.354126,0.001747,-0.001468
tent,K,3,5,0.05,1.6,1.000e-02,400,-1.718761,0.347351,0.010506,0.004915
