VDF128-T4 v4 -- clock separation at structured clock offsets (engine 8.1.3)
states per cell 2^18; 4.5-sigma floor of a flip frequency 0.00439; standard error of a mean Hamming distance 0.0110
clock i = hi*2^32 + lo, hi uniform below 2^8; 'no wrap': lo + k stays below 2^32; 'wrap': lo + k passes 2^32

[CONTROL P] k = 2^31, no wrap, r = 1, battery input: largest deviation 0.4999 at w1.b0 -> PASS
[CONTROL N] two independent states at one clock, r = 1: mean 64.021 (z +1.94), bits above the floor 0 -> PASS

input 0 "VDF128-T4-battery-input"   parity of p - q for the pairs 12 13 14 23 24 34: odd even even even odd odd
   k uniform in [1,1000]         r=1 mean  63.988 z   -1.1 above   0 det  0 maxdev 0.0032 (none          )  r=2 mean  63.999 z   -0.0 above   0 det  0 maxdev 0.0026  r=3 mean  63.976 z   -2.2 above   0 det  0 maxdev 0.0026
   k = 1                         r=1 mean  63.992 z   -0.8 above   0 det  0 maxdev 0.0026 (none          )  r=2 mean  63.998 z   -0.2 above   0 det  0 maxdev 0.0027  r=3 mean  64.001 z   +0.1 above   0 det  0 maxdev 0.0029
   k = 2^16                      r=1 mean  63.993 z   -0.6 above   0 det  0 maxdev 0.0030 (none          )  r=2 mean  63.994 z   -0.5 above   0 det  0 maxdev 0.0024  r=3 mean  63.996 z   -0.4 above   0 det  0 maxdev 0.0027
   k = 2^24                      r=1 mean  63.987 z   -1.2 above   0 det  0 maxdev 0.0027 (none          )  r=2 mean  64.002 z   +0.1 above   0 det  0 maxdev 0.0025  r=3 mean  63.998 z   -0.2 above   0 det  0 maxdev 0.0031
   k = 2^28                      r=1 mean  64.008 z   +0.7 above   0 det  0 maxdev 0.0042 (none          )  r=2 mean  63.987 z   -1.1 above   0 det  0 maxdev 0.0027  r=3 mean  64.002 z   +0.2 above   0 det  0 maxdev 0.0026
   k = 2^29, no wrap             r=1 mean  63.992 z   -0.7 above   0 det  0 maxdev 0.0029 (none          )  r=2 mean  63.983 z   -1.6 above   0 det  0 maxdev 0.0028  r=3 mean  63.998 z   -0.2 above   0 det  0 maxdev 0.0030
   k = 2^30, no wrap             r=1 mean  64.043 z   +3.9 above   7 det  0 maxdev 0.0285 (w1.b28 f 0.5285)  r=2 mean  63.990 z   -0.9 above   0 det  0 maxdev 0.0033  r=3 mean  63.986 z   -1.3 above   0 det  0 maxdev 0.0027
   k = 3*2^30, no wrap           r=1 mean  64.039 z   +3.5 above   6 det  0 maxdev 0.0288 (w1.b28 f 0.5288)  r=2 mean  64.000 z   +0.0 above   0 det  0 maxdev 0.0024  r=3 mean  64.004 z   +0.4 above   0 det  0 maxdev 0.0019
   k = 2^31, no wrap             r=1 mean  64.473 z  +42.8 above   9 det  0 maxdev 0.4999 (w1.b0  f 0.9999)  r=2 mean  63.995 z   -0.5 above   0 det  0 maxdev 0.0025  r=3 mean  63.999 z   -0.1 above   0 det  0 maxdev 0.0034
   k = 2^31, wrap                r=1 mean  63.993 z   -0.7 above   0 det  0 maxdev 0.0025 (none          )  r=2 mean  64.008 z   +0.7 above   0 det  0 maxdev 0.0026  r=3 mean  63.994 z   -0.6 above   0 det  0 maxdev 0.0031
   k = 2^31, all clocks          r=1 mean  64.225 z  +20.4 above   7 det  0 maxdev 0.2505 (w1.b0  f 0.7505)  r=2 mean  63.995 z   -0.5 above   0 det  0 maxdev 0.0024  r=3 mean  64.006 z   +0.6 above   0 det  0 maxdev 0.0033
   k = 2^32 (one wrap of lo)     r=1 mean  63.995 z   -0.4 above   2 det  0 maxdev 0.0131 (w1.b31 f 0.4869)  r=2 mean  63.988 z   -1.0 above   0 det  0 maxdev 0.0025  r=3 mean  63.991 z   -0.8 above   0 det  0 maxdev 0.0022
   k = 2^33                      r=1 mean  64.012 z   +1.1 above   1 det  0 maxdev 0.0098 (w1.b31 f 0.5098)  r=2 mean  64.001 z   +0.1 above   0 det  0 maxdev 0.0025  r=3 mean  63.989 z   -1.0 above   0 det  0 maxdev 0.0043
input 1 "VDF128-T4-KAT-01"   parity of p - q for the pairs 12 13 14 23 24 34: odd odd odd even odd even
   k uniform in [1,1000]         r=1 mean  64.018 z   +1.7 above   0 det  0 maxdev 0.0025 (none          )  r=2 mean  64.022 z   +1.9 above   0 det  0 maxdev 0.0031  r=3 mean  64.012 z   +1.1 above   0 det  0 maxdev 0.0029
   k = 1                         r=1 mean  63.978 z   -2.0 above   0 det  0 maxdev 0.0023 (none          )  r=2 mean  64.000 z   +0.0 above   0 det  0 maxdev 0.0027  r=3 mean  63.989 z   -1.0 above   0 det  0 maxdev 0.0030
   k = 2^16                      r=1 mean  64.011 z   +1.0 above   0 det  0 maxdev 0.0034 (none          )  r=2 mean  64.008 z   +0.7 above   0 det  0 maxdev 0.0030  r=3 mean  64.012 z   +1.1 above   0 det  0 maxdev 0.0030
   k = 2^24                      r=1 mean  64.003 z   +0.3 above   0 det  0 maxdev 0.0033 (none          )  r=2 mean  63.995 z   -0.4 above   0 det  0 maxdev 0.0025  r=3 mean  64.001 z   +0.1 above   0 det  0 maxdev 0.0029
   k = 2^28                      r=1 mean  64.016 z   +1.5 above   0 det  0 maxdev 0.0024 (none          )  r=2 mean  63.996 z   -0.4 above   0 det  0 maxdev 0.0038  r=3 mean  64.006 z   +0.6 above   0 det  0 maxdev 0.0025
   k = 2^29, no wrap             r=1 mean  64.007 z   +0.6 above   0 det  0 maxdev 0.0028 (none          )  r=2 mean  64.003 z   +0.2 above   0 det  0 maxdev 0.0027  r=3 mean  63.999 z   -0.1 above   0 det  0 maxdev 0.0029
   k = 2^30, no wrap             r=1 mean  63.995 z   -0.5 above   0 det  0 maxdev 0.0030 (none          )  r=2 mean  63.991 z   -0.8 above   0 det  0 maxdev 0.0029  r=3 mean  63.990 z   -0.9 above   0 det  0 maxdev 0.0024
   k = 3*2^30, no wrap           r=1 mean  63.996 z   -0.4 above   0 det  0 maxdev 0.0028 (none          )  r=2 mean  64.005 z   +0.5 above   0 det  0 maxdev 0.0023  r=3 mean  63.987 z   -1.2 above   0 det  0 maxdev 0.0032
   k = 2^31, no wrap             r=1 mean  64.504 z  +45.6 above   1 det  0 maxdev 0.4998 (w1.b0  f 0.9998)  r=2 mean  63.977 z   -2.1 above   0 det  0 maxdev 0.0023  r=3 mean  64.021 z   +1.9 above   0 det  0 maxdev 0.0031
   k = 2^31, wrap                r=1 mean  63.994 z   -0.5 above   0 det  0 maxdev 0.0025 (none          )  r=2 mean  64.007 z   +0.7 above   0 det  0 maxdev 0.0027  r=3 mean  63.996 z   -0.3 above   0 det  0 maxdev 0.0024
   k = 2^31, all clocks          r=1 mean  64.244 z  +22.1 above   1 det  0 maxdev 0.2503 (w1.b0  f 0.7503)  r=2 mean  64.023 z   +2.1 above   0 det  0 maxdev 0.0028  r=3 mean  63.987 z   -1.2 above   0 det  0 maxdev 0.0028
   k = 2^32 (one wrap of lo)     r=1 mean  63.975 z   -2.2 above   0 det  0 maxdev 0.0040 (none          )  r=2 mean  63.989 z   -1.0 above   0 det  0 maxdev 0.0025  r=3 mean  64.002 z   +0.2 above   0 det  0 maxdev 0.0020
   k = 2^33                      r=1 mean  63.983 z   -1.6 above   0 det  0 maxdev 0.0027 (none          )  r=2 mean  64.009 z   +0.8 above   0 det  0 maxdev 0.0025  r=3 mean  63.981 z   -1.8 above   0 det  0 maxdev 0.0033
input 2 "VDF128-T4-clock-probe-0"   parity of p - q for the pairs 12 13 14 23 24 34: even even even even odd even
   k uniform in [1,1000]         r=1 mean  63.990 z   -0.9 above   0 det  0 maxdev 0.0026 (none          )  r=2 mean  64.004 z   +0.4 above   0 det  0 maxdev 0.0027  r=3 mean  64.003 z   +0.3 above   0 det  0 maxdev 0.0024
   k = 1                         r=1 mean  64.015 z   +1.4 above   0 det  0 maxdev 0.0027 (none          )  r=2 mean  64.002 z   +0.2 above   0 det  0 maxdev 0.0027  r=3 mean  63.999 z   -0.1 above   0 det  0 maxdev 0.0029
   k = 2^16                      r=1 mean  63.991 z   -0.8 above   0 det  0 maxdev 0.0028 (none          )  r=2 mean  64.032 z   +2.9 above   0 det  0 maxdev 0.0027  r=3 mean  63.984 z   -1.4 above   0 det  0 maxdev 0.0023
   k = 2^24                      r=1 mean  64.002 z   +0.2 above   1 det  0 maxdev 0.0082 (w1.b31 f 0.4918)  r=2 mean  64.001 z   +0.1 above   0 det  0 maxdev 0.0024  r=3 mean  64.016 z   +1.5 above   0 det  0 maxdev 0.0028
   k = 2^28                      r=1 mean  64.009 z   +0.8 above   0 det  0 maxdev 0.0028 (none          )  r=2 mean  64.007 z   +0.6 above   0 det  0 maxdev 0.0030  r=3 mean  63.999 z   -0.1 above   0 det  0 maxdev 0.0027
   k = 2^29, no wrap             r=1 mean  63.507 z  -44.6 above   1 det  0 maxdev 0.4999 (w1.b0  f 0.0001)  r=2 mean  64.033 z   +3.0 above   0 det  0 maxdev 0.0028  r=3 mean  64.000 z   +0.0 above   0 det  0 maxdev 0.0029
   k = 2^30, no wrap             r=1 mean  49.516 z -1311.0 above  38 det 31 maxdev 0.5000 (w1.b0  f 0.0000)  r=2 mean  63.985 z   -1.4 above   0 det  0 maxdev 0.0028  r=3 mean  64.005 z   +0.5 above   0 det  0 maxdev 0.0026
   k = 3*2^30, no wrap           r=1 mean  49.525 z -1310.1 above  40 det 31 maxdev 0.5000 (w1.b0  f 0.0000)  r=2 mean  63.991 z   -0.8 above   0 det  0 maxdev 0.0022  r=3 mean  64.011 z   +1.0 above   0 det  0 maxdev 0.0031
   k = 2^31, no wrap             r=1 mean  49.477 z -1314.5 above  44 det 32 maxdev 0.5000 (w1.b0  f 0.0000)  r=2 mean  63.980 z   -1.8 above   0 det  0 maxdev 0.0024  r=3 mean  63.991 z   -0.9 above   0 det  0 maxdev 0.0030
   k = 2^31, wrap                r=1 mean  63.984 z   -1.4 above   0 det  0 maxdev 0.0027 (none          )  r=2 mean  63.984 z   -1.4 above   0 det  0 maxdev 0.0026  r=3 mean  63.994 z   -0.5 above   0 det  0 maxdev 0.0024
   k = 2^31, all clocks          r=1 mean  56.728 z -658.2 above  39 det  0 maxdev 0.2515 (w1.b10 f 0.2485)  r=2 mean  63.999 z   -0.1 above   0 det  0 maxdev 0.0025  r=3 mean  63.998 z   -0.2 above   0 det  0 maxdev 0.0030
   k = 2^32 (one wrap of lo)     r=1 mean  64.005 z   +0.4 above   0 det  0 maxdev 0.0025 (none          )  r=2 mean  63.999 z   -0.1 above   0 det  0 maxdev 0.0025  r=3 mean  64.009 z   +0.8 above   0 det  0 maxdev 0.0025
   k = 2^33                      r=1 mean  64.001 z   +0.1 above   0 det  0 maxdev 0.0031 (none          )  r=2 mean  64.005 z   +0.4 above   0 det  0 maxdev 0.0025  r=3 mean  64.003 z   +0.3 above   0 det  0 maxdev 0.0030
input 3 "VDF128-T4-clock-probe-1"   parity of p - q for the pairs 12 13 14 23 24 34: odd even even even even odd
   k uniform in [1,1000]         r=1 mean  63.995 z   -0.5 above   0 det  0 maxdev 0.0028 (none          )  r=2 mean  64.007 z   +0.7 above   0 det  0 maxdev 0.0022  r=3 mean  63.991 z   -0.8 above   0 det  0 maxdev 0.0031
   k = 1                         r=1 mean  63.993 z   -0.6 above   0 det  0 maxdev 0.0027 (none          )  r=2 mean  64.000 z   -0.0 above   0 det  0 maxdev 0.0024  r=3 mean  63.995 z   -0.5 above   0 det  0 maxdev 0.0024
   k = 2^16                      r=1 mean  64.019 z   +1.7 above   0 det  0 maxdev 0.0025 (none          )  r=2 mean  63.989 z   -1.0 above   0 det  0 maxdev 0.0028  r=3 mean  64.009 z   +0.8 above   0 det  0 maxdev 0.0024
   k = 2^24                      r=1 mean  64.007 z   +0.6 above   0 det  0 maxdev 0.0030 (none          )  r=2 mean  64.004 z   +0.3 above   0 det  0 maxdev 0.0029  r=3 mean  63.998 z   -0.2 above   0 det  0 maxdev 0.0024
   k = 2^28                      r=1 mean  64.022 z   +2.0 above   0 det  0 maxdev 0.0028 (none          )  r=2 mean  63.997 z   -0.3 above   0 det  0 maxdev 0.0024  r=3 mean  64.023 z   +2.1 above   0 det  0 maxdev 0.0023
   k = 2^29, no wrap             r=1 mean  64.022 z   +2.0 above   0 det  0 maxdev 0.0025 (none          )  r=2 mean  63.995 z   -0.4 above   0 det  0 maxdev 0.0022  r=3 mean  63.990 z   -0.9 above   0 det  0 maxdev 0.0024
   k = 2^30, no wrap             r=1 mean  64.018 z   +1.6 above   0 det  0 maxdev 0.0023 (none          )  r=2 mean  64.001 z   +0.1 above   0 det  0 maxdev 0.0029  r=3 mean  64.007 z   +0.6 above   0 det  0 maxdev 0.0031
   k = 3*2^30, no wrap           r=1 mean  63.995 z   -0.4 above   0 det  0 maxdev 0.0026 (none          )  r=2 mean  63.995 z   -0.5 above   0 det  0 maxdev 0.0029  r=3 mean  64.006 z   +0.5 above   0 det  0 maxdev 0.0024
   k = 2^31, no wrap             r=1 mean  64.461 z  +41.8 above  11 det  0 maxdev 0.4999 (w1.b0  f 0.9999)  r=2 mean  63.997 z   -0.3 above   0 det  0 maxdev 0.0026  r=3 mean  64.013 z   +1.2 above   0 det  0 maxdev 0.0036
   k = 2^31, wrap                r=1 mean  63.992 z   -0.7 above   0 det  0 maxdev 0.0021 (none          )  r=2 mean  64.013 z   +1.2 above   0 det  0 maxdev 0.0026  r=3 mean  63.999 z   -0.1 above   0 det  0 maxdev 0.0027
   k = 2^31, all clocks          r=1 mean  64.230 z  +20.8 above   7 det  0 maxdev 0.2488 (w1.b0  f 0.7488)  r=2 mean  64.001 z   +0.1 above   0 det  0 maxdev 0.0037  r=3 mean  64.010 z   +0.9 above   0 det  0 maxdev 0.0033
   k = 2^32 (one wrap of lo)     r=1 mean  63.989 z   -1.0 above   0 det  0 maxdev 0.0027 (none          )  r=2 mean  63.977 z   -2.1 above   0 det  0 maxdev 0.0036  r=3 mean  64.000 z   -0.0 above   0 det  0 maxdev 0.0032
   k = 2^33                      r=1 mean  64.018 z   +1.7 above   0 det  0 maxdev 0.0027 (none          )  r=2 mean  64.015 z   +1.3 above   0 det  0 maxdev 0.0028  r=3 mean  64.011 z   +1.0 above   0 det  0 maxdev 0.0024
input 4 "VDF128-T4-clock-probe-2"   parity of p - q for the pairs 12 13 14 23 24 34: even odd even odd odd even
   k uniform in [1,1000]         r=1 mean  64.001 z   +0.1 above   0 det  0 maxdev 0.0026 (none          )  r=2 mean  63.987 z   -1.2 above   0 det  0 maxdev 0.0025  r=3 mean  64.005 z   +0.5 above   0 det  0 maxdev 0.0024
   k = 1                         r=1 mean  64.005 z   +0.5 above   0 det  0 maxdev 0.0022 (none          )  r=2 mean  63.998 z   -0.1 above   0 det  0 maxdev 0.0025  r=3 mean  64.000 z   -0.0 above   0 det  0 maxdev 0.0026
   k = 2^16                      r=1 mean  64.018 z   +1.6 above   0 det  0 maxdev 0.0038 (none          )  r=2 mean  64.013 z   +1.2 above   0 det  0 maxdev 0.0030  r=3 mean  63.997 z   -0.2 above   0 det  0 maxdev 0.0027
   k = 2^24                      r=1 mean  63.993 z   -0.6 above   1 det  0 maxdev 0.0078 (w1.b31 f 0.4922)  r=2 mean  63.992 z   -0.7 above   0 det  0 maxdev 0.0029  r=3 mean  64.012 z   +1.0 above   0 det  0 maxdev 0.0031
   k = 2^28                      r=1 mean  63.982 z   -1.6 above   0 det  0 maxdev 0.0025 (none          )  r=2 mean  63.995 z   -0.5 above   0 det  0 maxdev 0.0025  r=3 mean  63.989 z   -1.0 above   0 det  0 maxdev 0.0023
   k = 2^29, no wrap             r=1 mean  64.002 z   +0.2 above   0 det  0 maxdev 0.0021 (none          )  r=2 mean  64.016 z   +1.4 above   0 det  0 maxdev 0.0025  r=3 mean  63.990 z   -0.9 above   0 det  0 maxdev 0.0025
   k = 2^30, no wrap             r=1 mean  63.998 z   -0.2 above   0 det  0 maxdev 0.0023 (none          )  r=2 mean  63.993 z   -0.7 above   0 det  0 maxdev 0.0022  r=3 mean  64.019 z   +1.7 above   0 det  0 maxdev 0.0023
   k = 3*2^30, no wrap           r=1 mean  63.988 z   -1.1 above   0 det  0 maxdev 0.0025 (none          )  r=2 mean  64.006 z   +0.6 above   0 det  0 maxdev 0.0025  r=3 mean  64.001 z   +0.1 above   0 det  0 maxdev 0.0029
   k = 2^31, no wrap             r=1 mean  64.478 z  +43.3 above  11 det  0 maxdev 0.4999 (w1.b0  f 0.9999)  r=2 mean  63.987 z   -1.2 above   0 det  0 maxdev 0.0028  r=3 mean  64.009 z   +0.8 above   0 det  0 maxdev 0.0029
   k = 2^31, wrap                r=1 mean  64.008 z   +0.8 above   0 det  0 maxdev 0.0026 (none          )  r=2 mean  64.002 z   +0.2 above   0 det  0 maxdev 0.0028  r=3 mean  63.982 z   -1.6 above   0 det  0 maxdev 0.0027
   k = 2^31, all clocks          r=1 mean  64.245 z  +22.2 above   7 det  0 maxdev 0.2493 (w1.b0  f 0.7493)  r=2 mean  64.003 z   +0.3 above   0 det  0 maxdev 0.0022  r=3 mean  64.005 z   +0.4 above   0 det  0 maxdev 0.0022
   k = 2^32 (one wrap of lo)     r=1 mean  63.986 z   -1.3 above   0 det  0 maxdev 0.0028 (none          )  r=2 mean  63.999 z   -0.1 above   0 det  0 maxdev 0.0025  r=3 mean  63.995 z   -0.5 above   0 det  0 maxdev 0.0025
   k = 2^33                      r=1 mean  63.994 z   -0.6 above   0 det  0 maxdev 0.0027 (none          )  r=2 mean  64.008 z   +0.7 above   0 det  0 maxdev 0.0024  r=3 mean  63.987 z   -1.1 above   0 det  0 maxdev 0.0025
input 5 "VDF128-T4-clock-probe-3"   parity of p - q for the pairs 12 13 14 23 24 34: odd odd odd even even even
   k uniform in [1,1000]         r=1 mean  64.009 z   +0.8 above   0 det  0 maxdev 0.0028 (none          )  r=2 mean  63.982 z   -1.6 above   0 det  0 maxdev 0.0031  r=3 mean  63.989 z   -1.0 above   0 det  0 maxdev 0.0027
   k = 1                         r=1 mean  64.000 z   -0.0 above   0 det  0 maxdev 0.0023 (none          )  r=2 mean  64.003 z   +0.3 above   0 det  0 maxdev 0.0025  r=3 mean  64.011 z   +1.0 above   0 det  0 maxdev 0.0027
   k = 2^16                      r=1 mean  63.992 z   -0.7 above   0 det  0 maxdev 0.0025 (none          )  r=2 mean  64.001 z   +0.1 above   0 det  0 maxdev 0.0025  r=3 mean  63.995 z   -0.5 above   0 det  0 maxdev 0.0032
   k = 2^24                      r=1 mean  63.984 z   -1.5 above   0 det  0 maxdev 0.0028 (none          )  r=2 mean  63.982 z   -1.6 above   0 det  0 maxdev 0.0026  r=3 mean  63.991 z   -0.8 above   0 det  0 maxdev 0.0031
   k = 2^28                      r=1 mean  63.990 z   -0.9 above   0 det  0 maxdev 0.0042 (none          )  r=2 mean  64.009 z   +0.8 above   0 det  0 maxdev 0.0033  r=3 mean  64.002 z   +0.2 above   0 det  0 maxdev 0.0022
   k = 2^29, no wrap             r=1 mean  64.005 z   +0.4 above   0 det  0 maxdev 0.0032 (none          )  r=2 mean  63.993 z   -0.6 above   0 det  0 maxdev 0.0022  r=3 mean  63.989 z   -1.0 above   0 det  0 maxdev 0.0033
   k = 2^30, no wrap             r=1 mean  63.974 z   -2.4 above   0 det  0 maxdev 0.0028 (none          )  r=2 mean  64.009 z   +0.8 above   0 det  0 maxdev 0.0025  r=3 mean  64.018 z   +1.6 above   0 det  0 maxdev 0.0030
   k = 3*2^30, no wrap           r=1 mean  63.994 z   -0.5 above   0 det  0 maxdev 0.0029 (none          )  r=2 mean  63.993 z   -0.6 above   0 det  0 maxdev 0.0020  r=3 mean  63.985 z   -1.3 above   0 det  0 maxdev 0.0030
   k = 2^31, no wrap             r=1 mean  64.505 z  +45.7 above   2 det  0 maxdev 0.4998 (w1.b0  f 0.9998)  r=2 mean  63.997 z   -0.3 above   0 det  0 maxdev 0.0025  r=3 mean  64.002 z   +0.2 above   0 det  0 maxdev 0.0027
   k = 2^31, wrap                r=1 mean  63.998 z   -0.2 above   0 det  0 maxdev 0.0023 (none          )  r=2 mean  64.005 z   +0.4 above   0 det  0 maxdev 0.0029  r=3 mean  64.003 z   +0.3 above   0 det  0 maxdev 0.0033
   k = 2^31, all clocks          r=1 mean  64.262 z  +23.7 above   1 det  0 maxdev 0.2495 (w1.b0  f 0.7495)  r=2 mean  63.992 z   -0.8 above   0 det  0 maxdev 0.0023  r=3 mean  64.013 z   +1.2 above   0 det  0 maxdev 0.0026
   k = 2^32 (one wrap of lo)     r=1 mean  64.004 z   +0.4 above   1 det  0 maxdev 0.0073 (w1.b31 f 0.5073)  r=2 mean  63.992 z   -0.8 above   0 det  0 maxdev 0.0028  r=3 mean  64.021 z   +1.9 above   0 det  0 maxdev 0.0028
   k = 2^33                      r=1 mean  64.012 z   +1.0 above   0 det  0 maxdev 0.0023 (none          )  r=2 mean  64.011 z   +1.0 above   0 det  0 maxdev 0.0026  r=3 mean  64.015 z   +1.4 above   0 det  0 maxdev 0.0026
input 6 "VDF128-T4-clock-probe-4"   parity of p - q for the pairs 12 13 14 23 24 34: even even even odd even odd
   k uniform in [1,1000]         r=1 mean  64.014 z   +1.3 above   0 det  0 maxdev 0.0024 (none          )  r=2 mean  64.020 z   +1.8 above   0 det  0 maxdev 0.0029  r=3 mean  64.005 z   +0.5 above   0 det  0 maxdev 0.0032
   k = 1                         r=1 mean  63.984 z   -1.5 above   0 det  0 maxdev 0.0028 (none          )  r=2 mean  64.001 z   +0.1 above   0 det  0 maxdev 0.0027  r=3 mean  64.008 z   +0.7 above   0 det  0 maxdev 0.0028
   k = 2^16                      r=1 mean  63.995 z   -0.5 above   0 det  0 maxdev 0.0024 (none          )  r=2 mean  63.990 z   -0.9 above   0 det  0 maxdev 0.0037  r=3 mean  63.989 z   -1.0 above   0 det  0 maxdev 0.0027
   k = 2^24                      r=1 mean  63.995 z   -0.5 above   0 det  0 maxdev 0.0026 (none          )  r=2 mean  63.999 z   -0.1 above   0 det  0 maxdev 0.0023  r=3 mean  64.007 z   +0.7 above   0 det  0 maxdev 0.0028
   k = 2^28                      r=1 mean  63.998 z   -0.2 above   1 det  0 maxdev 0.0075 (w1.b31 f 0.4925)  r=2 mean  63.992 z   -0.7 above   0 det  0 maxdev 0.0023  r=3 mean  63.998 z   -0.2 above   0 det  0 maxdev 0.0023
   k = 2^29, no wrap             r=1 mean  63.985 z   -1.3 above   1 det  0 maxdev 0.0076 (w1.b31 f 0.4924)  r=2 mean  64.014 z   +1.3 above   0 det  0 maxdev 0.0023  r=3 mean  63.999 z   -0.1 above   0 det  0 maxdev 0.0030
   k = 2^30, no wrap             r=1 mean  63.489 z  -46.3 above   2 det  0 maxdev 0.4999 (w1.b0  f 0.0001)  r=2 mean  64.011 z   +1.0 above   0 det  0 maxdev 0.0034  r=3 mean  63.999 z   -0.1 above   0 det  0 maxdev 0.0036
   k = 3*2^30, no wrap           r=1 mean  63.492 z  -46.0 above   2 det  0 maxdev 0.4999 (w1.b0  f 0.0001)  r=2 mean  63.998 z   -0.2 above   0 det  0 maxdev 0.0023  r=3 mean  63.989 z   -1.0 above   0 det  0 maxdev 0.0031
   k = 2^31, no wrap             r=1 mean  49.479 z -1314.3 above  43 det 32 maxdev 0.5000 (w1.b0  f 0.0000)  r=2 mean  63.997 z   -0.3 above   0 det  0 maxdev 0.0037  r=3 mean  64.006 z   +0.5 above   0 det  0 maxdev 0.0028
   k = 2^31, wrap                r=1 mean  63.995 z   -0.5 above   0 det  0 maxdev 0.0026 (none          )  r=2 mean  64.005 z   +0.4 above   0 det  0 maxdev 0.0032  r=3 mean  63.998 z   -0.2 above   0 det  0 maxdev 0.0023
   k = 2^31, all clocks          r=1 mean  56.758 z -655.5 above  39 det  0 maxdev 0.2512 (w1.b31 f 0.7512)  r=2 mean  64.003 z   +0.3 above   0 det  0 maxdev 0.0025  r=3 mean  63.998 z   -0.2 above   0 det  0 maxdev 0.0020
   k = 2^32 (one wrap of lo)     r=1 mean  64.007 z   +0.6 above   0 det  0 maxdev 0.0028 (none          )  r=2 mean  64.001 z   +0.1 above   0 det  0 maxdev 0.0028  r=3 mean  64.004 z   +0.4 above   0 det  0 maxdev 0.0024
   k = 2^33                      r=1 mean  64.012 z   +1.1 above   1 det  0 maxdev 0.0092 (w1.b31 f 0.5092)  r=2 mean  64.020 z   +1.8 above   0 det  0 maxdev 0.0028  r=3 mean  64.005 z   +0.5 above   0 det  0 maxdev 0.0029
input 7 "VDF128-T4-clock-probe-5"   parity of p - q for the pairs 12 13 14 23 24 34: even odd odd odd even odd
   k uniform in [1,1000]         r=1 mean  64.014 z   +1.2 above   0 det  0 maxdev 0.0038 (none          )  r=2 mean  64.001 z   +0.1 above   0 det  0 maxdev 0.0027  r=3 mean  63.997 z   -0.2 above   0 det  0 maxdev 0.0025
   k = 1                         r=1 mean  64.003 z   +0.3 above   0 det  0 maxdev 0.0024 (none          )  r=2 mean  64.003 z   +0.3 above   0 det  0 maxdev 0.0028  r=3 mean  64.016 z   +1.4 above   0 det  0 maxdev 0.0028
   k = 2^16                      r=1 mean  63.993 z   -0.7 above   0 det  0 maxdev 0.0028 (none          )  r=2 mean  64.028 z   +2.5 above   0 det  0 maxdev 0.0035  r=3 mean  64.010 z   +0.9 above   0 det  0 maxdev 0.0021
   k = 2^24                      r=1 mean  64.014 z   +1.2 above   0 det  0 maxdev 0.0039 (none          )  r=2 mean  64.008 z   +0.7 above   0 det  0 maxdev 0.0030  r=3 mean  64.002 z   +0.2 above   0 det  0 maxdev 0.0025
   k = 2^28                      r=1 mean  63.986 z   -1.3 above   0 det  0 maxdev 0.0029 (none          )  r=2 mean  63.995 z   -0.5 above   0 det  0 maxdev 0.0024  r=3 mean  63.997 z   -0.3 above   0 det  0 maxdev 0.0032
   k = 2^29, no wrap             r=1 mean  63.985 z   -1.3 above   0 det  0 maxdev 0.0027 (none          )  r=2 mean  64.001 z   +0.1 above   0 det  0 maxdev 0.0026  r=3 mean  64.007 z   +0.7 above   0 det  0 maxdev 0.0025
   k = 2^30, no wrap             r=1 mean  64.006 z   +0.6 above   0 det  0 maxdev 0.0031 (none          )  r=2 mean  63.992 z   -0.8 above   0 det  0 maxdev 0.0026  r=3 mean  64.005 z   +0.5 above   0 det  0 maxdev 0.0031
   k = 3*2^30, no wrap           r=1 mean  64.011 z   +1.0 above   0 det  0 maxdev 0.0033 (none          )  r=2 mean  63.986 z   -1.3 above   0 det  0 maxdev 0.0026  r=3 mean  64.010 z   +0.9 above   0 det  0 maxdev 0.0027
   k = 2^31, no wrap             r=1 mean  63.499 z  -45.4 above   2 det  0 maxdev 0.4999 (w1.b0  f 0.0001)  r=2 mean  64.002 z   +0.2 above   0 det  0 maxdev 0.0025  r=3 mean  63.990 z   -0.9 above   0 det  0 maxdev 0.0025
   k = 2^31, wrap                r=1 mean  63.983 z   -1.5 above   0 det  0 maxdev 0.0035 (none          )  r=2 mean  64.013 z   +1.2 above   0 det  0 maxdev 0.0028  r=3 mean  64.007 z   +0.6 above   0 det  0 maxdev 0.0024
   k = 2^31, all clocks          r=1 mean  63.748 z  -22.8 above   1 det  0 maxdev 0.2486 (w1.b0  f 0.2514)  r=2 mean  63.994 z   -0.6 above   0 det  0 maxdev 0.0032  r=3 mean  63.998 z   -0.2 above   0 det  0 maxdev 0.0030
   k = 2^32 (one wrap of lo)     r=1 mean  64.015 z   +1.4 above   0 det  0 maxdev 0.0024 (none          )  r=2 mean  63.997 z   -0.3 above   0 det  0 maxdev 0.0029  r=3 mean  64.002 z   +0.2 above   0 det  0 maxdev 0.0027
   k = 2^33                      r=1 mean  64.002 z   +0.2 above   0 det  0 maxdev 0.0027 (none          )  r=2 mean  64.004 z   +0.4 above   0 det  0 maxdev 0.0024  r=3 mean  63.994 z   -0.5 above   0 det  0 maxdev 0.0031
input 8 "VDF128-T4-clock-probe-6"   parity of p - q for the pairs 12 13 14 23 24 34: even odd even even odd odd
   k uniform in [1,1000]         r=1 mean  64.016 z   +1.4 above   0 det  0 maxdev 0.0026 (none          )  r=2 mean  63.994 z   -0.5 above   0 det  0 maxdev 0.0029  r=3 mean  64.000 z   +0.0 above   0 det  0 maxdev 0.0036
   k = 1                         r=1 mean  63.998 z   -0.1 above   0 det  0 maxdev 0.0024 (none          )  r=2 mean  63.983 z   -1.6 above   0 det  0 maxdev 0.0029  r=3 mean  64.005 z   +0.5 above   0 det  0 maxdev 0.0032
   k = 2^16                      r=1 mean  64.006 z   +0.6 above   0 det  0 maxdev 0.0024 (none          )  r=2 mean  64.009 z   +0.8 above   0 det  0 maxdev 0.0029  r=3 mean  64.005 z   +0.4 above   0 det  0 maxdev 0.0027
   k = 2^24                      r=1 mean  64.006 z   +0.5 above   1 det  0 maxdev 0.0062 (w1.b31 f 0.4938)  r=2 mean  64.001 z   +0.1 above   0 det  0 maxdev 0.0025  r=3 mean  64.011 z   +1.0 above   0 det  0 maxdev 0.0026
   k = 2^28                      r=1 mean  63.978 z   -2.0 above   1 det  0 maxdev 0.0071 (w1.b31 f 0.4929)  r=2 mean  63.995 z   -0.4 above   0 det  0 maxdev 0.0031  r=3 mean  63.994 z   -0.5 above   0 det  0 maxdev 0.0034
   k = 2^29, no wrap             r=1 mean  63.996 z   -0.3 above   1 det  0 maxdev 0.0070 (w1.b31 f 0.4930)  r=2 mean  63.988 z   -1.1 above   0 det  0 maxdev 0.0027  r=3 mean  63.986 z   -1.2 above   0 det  0 maxdev 0.0030
   k = 2^30, no wrap             r=1 mean  63.991 z   -0.8 above   0 det  0 maxdev 0.0025 (none          )  r=2 mean  63.993 z   -0.7 above   0 det  0 maxdev 0.0034  r=3 mean  64.001 z   +0.1 above   0 det  0 maxdev 0.0028
   k = 3*2^30, no wrap           r=1 mean  63.984 z   -1.4 above   0 det  0 maxdev 0.0025 (none          )  r=2 mean  64.015 z   +1.4 above   0 det  0 maxdev 0.0025  r=3 mean  64.010 z   +0.9 above   0 det  0 maxdev 0.0028
   k = 2^31, no wrap             r=1 mean  64.496 z  +44.9 above  10 det  0 maxdev 0.4999 (w1.b0  f 0.9999)  r=2 mean  63.998 z   -0.2 above   0 det  0 maxdev 0.0027  r=3 mean  64.006 z   +0.5 above   0 det  0 maxdev 0.0031
   k = 2^31, wrap                r=1 mean  64.009 z   +0.9 above   1 det  0 maxdev 0.0069 (w1.b31 f 0.5069)  r=2 mean  64.011 z   +1.0 above   0 det  0 maxdev 0.0023  r=3 mean  64.004 z   +0.3 above   0 det  0 maxdev 0.0029
   k = 2^31, all clocks          r=1 mean  64.251 z  +22.8 above   7 det  0 maxdev 0.2505 (w1.b0  f 0.7505)  r=2 mean  64.007 z   +0.6 above   0 det  0 maxdev 0.0027  r=3 mean  63.996 z   -0.3 above   0 det  0 maxdev 0.0025
   k = 2^32 (one wrap of lo)     r=1 mean  64.005 z   +0.4 above   0 det  0 maxdev 0.0027 (none          )  r=2 mean  64.011 z   +1.0 above   0 det  0 maxdev 0.0030  r=3 mean  63.983 z   -1.5 above   0 det  0 maxdev 0.0024
   k = 2^33                      r=1 mean  64.005 z   +0.5 above   0 det  0 maxdev 0.0033 (none          )  r=2 mean  64.003 z   +0.3 above   0 det  0 maxdev 0.0026  r=3 mean  64.001 z   +0.1 above   0 det  0 maxdev 0.0033
input 9 "VDF128-T4-clock-probe-7"   parity of p - q for the pairs 12 13 14 23 24 34: even even even odd even odd
   k uniform in [1,1000]         r=1 mean  64.003 z   +0.3 above   0 det  0 maxdev 0.0029 (none          )  r=2 mean  63.997 z   -0.3 above   0 det  0 maxdev 0.0024  r=3 mean  64.018 z   +1.7 above   0 det  0 maxdev 0.0031
   k = 1                         r=1 mean  64.007 z   +0.6 above   0 det  0 maxdev 0.0030 (none          )  r=2 mean  63.972 z   -2.5 above   0 det  0 maxdev 0.0020  r=3 mean  63.991 z   -0.8 above   0 det  0 maxdev 0.0027
   k = 2^16                      r=1 mean  64.016 z   +1.5 above   1 det  0 maxdev 0.0113 (w1.b31 f 0.5113)  r=2 mean  63.991 z   -0.9 above   0 det  0 maxdev 0.0026  r=3 mean  63.998 z   -0.2 above   0 det  0 maxdev 0.0030
   k = 2^24                      r=1 mean  63.998 z   -0.2 above   0 det  0 maxdev 0.0034 (none          )  r=2 mean  64.006 z   +0.5 above   0 det  0 maxdev 0.0028  r=3 mean  63.990 z   -0.9 above   0 det  0 maxdev 0.0029
   k = 2^28                      r=1 mean  63.987 z   -1.2 above   1 det  0 maxdev 0.0121 (w1.b31 f 0.4879)  r=2 mean  64.006 z   +0.5 above   0 det  0 maxdev 0.0027  r=3 mean  64.016 z   +1.4 above   0 det  0 maxdev 0.0023
   k = 2^29, no wrap             r=1 mean  63.486 z  -46.5 above   1 det  0 maxdev 0.4999 (w1.b0  f 0.0001)  r=2 mean  64.009 z   +0.8 above   0 det  0 maxdev 0.0027  r=3 mean  64.006 z   +0.6 above   0 det  0 maxdev 0.0022
   k = 2^30, no wrap             r=1 mean  49.531 z -1309.6 above  39 det 31 maxdev 0.5000 (w1.b0  f 0.0000)  r=2 mean  63.987 z   -1.2 above   0 det  0 maxdev 0.0030  r=3 mean  64.003 z   +0.3 above   0 det  0 maxdev 0.0035
   k = 3*2^30, no wrap           r=1 mean  49.539 z -1308.9 above  40 det 31 maxdev 0.5000 (w1.b0  f 0.0000)  r=2 mean  63.996 z   -0.4 above   0 det  0 maxdev 0.0037  r=3 mean  64.011 z   +1.0 above   0 det  0 maxdev 0.0028
   k = 2^31, no wrap             r=1 mean  49.488 z -1313.4 above  44 det 32 maxdev 0.5000 (w1.b0  f 0.0000)  r=2 mean  64.003 z   +0.3 above   0 det  0 maxdev 0.0022  r=3 mean  63.996 z   -0.3 above   0 det  0 maxdev 0.0022
   k = 2^31, wrap                r=1 mean  63.984 z   -1.4 above   0 det  0 maxdev 0.0031 (none          )  r=2 mean  63.999 z   -0.1 above   0 det  0 maxdev 0.0025  r=3 mean  64.009 z   +0.9 above   0 det  0 maxdev 0.0030
   k = 2^31, all clocks          r=1 mean  56.702 z -660.5 above  38 det  0 maxdev 0.2531 (w1.b5  f 0.2469)  r=2 mean  63.999 z   -0.1 above   0 det  0 maxdev 0.0027  r=3 mean  64.007 z   +0.6 above   0 det  0 maxdev 0.0028
   k = 2^32 (one wrap of lo)     r=1 mean  63.998 z   -0.2 above   0 det  0 maxdev 0.0023 (none          )  r=2 mean  64.006 z   +0.5 above   0 det  0 maxdev 0.0031  r=3 mean  63.996 z   -0.4 above   0 det  0 maxdev 0.0023
   k = 2^33                      r=1 mean  63.996 z   -0.4 above   0 det  0 maxdev 0.0029 (none          )  r=2 mean  63.996 z   -0.4 above   0 det  0 maxdev 0.0029  r=3 mean  63.990 z   -0.9 above   0 det  0 maxdev 0.0025
input 10 "VDF128-T4-clock-probe-8"   parity of p - q for the pairs 12 13 14 23 24 34: odd odd even odd odd odd
   k uniform in [1,1000]         r=1 mean  63.980 z   -1.8 above   0 det  0 maxdev 0.0029 (none          )  r=2 mean  64.009 z   +0.8 above   0 det  0 maxdev 0.0028  r=3 mean  64.021 z   +1.9 above   0 det  0 maxdev 0.0031
   k = 1                         r=1 mean  64.013 z   +1.2 above   0 det  0 maxdev 0.0025 (none          )  r=2 mean  64.006 z   +0.6 above   0 det  0 maxdev 0.0030  r=3 mean  64.014 z   +1.2 above   0 det  0 maxdev 0.0029
   k = 2^16                      r=1 mean  64.004 z   +0.4 above   0 det  0 maxdev 0.0028 (none          )  r=2 mean  63.983 z   -1.5 above   0 det  0 maxdev 0.0028  r=3 mean  64.003 z   +0.3 above   0 det  0 maxdev 0.0025
   k = 2^24                      r=1 mean  64.004 z   +0.4 above   0 det  0 maxdev 0.0034 (none          )  r=2 mean  63.998 z   -0.2 above   0 det  0 maxdev 0.0028  r=3 mean  64.029 z   +2.6 above   0 det  0 maxdev 0.0032
   k = 2^28                      r=1 mean  64.005 z   +0.4 above   0 det  0 maxdev 0.0038 (none          )  r=2 mean  64.001 z   +0.1 above   0 det  0 maxdev 0.0026  r=3 mean  64.005 z   +0.4 above   0 det  0 maxdev 0.0029
   k = 2^29, no wrap             r=1 mean  64.016 z   +1.5 above   0 det  0 maxdev 0.0032 (none          )  r=2 mean  63.967 z   -3.0 above   0 det  0 maxdev 0.0029  r=3 mean  63.994 z   -0.6 above   0 det  0 maxdev 0.0027
   k = 2^30, no wrap             r=1 mean  63.993 z   -0.7 above   0 det  0 maxdev 0.0030 (none          )  r=2 mean  63.998 z   -0.2 above   0 det  0 maxdev 0.0023  r=3 mean  64.003 z   +0.2 above   0 det  0 maxdev 0.0025
   k = 3*2^30, no wrap           r=1 mean  63.998 z   -0.2 above   0 det  0 maxdev 0.0029 (none          )  r=2 mean  64.016 z   +1.4 above   0 det  0 maxdev 0.0025  r=3 mean  64.007 z   +0.7 above   0 det  0 maxdev 0.0029
   k = 2^31, no wrap             r=1 mean  63.480 z  -47.0 above   1 det  0 maxdev 0.4999 (w1.b0  f 0.0001)  r=2 mean  63.993 z   -0.6 above   0 det  0 maxdev 0.0028  r=3 mean  63.982 z   -1.6 above   0 det  0 maxdev 0.0020
   k = 2^31, wrap                r=1 mean  64.004 z   +0.3 above   0 det  0 maxdev 0.0034 (none          )  r=2 mean  63.994 z   -0.5 above   0 det  0 maxdev 0.0030  r=3 mean  64.019 z   +1.7 above   0 det  0 maxdev 0.0024
   k = 2^31, all clocks          r=1 mean  63.760 z  -21.7 above   1 det  0 maxdev 0.2493 (w1.b0  f 0.2507)  r=2 mean  64.021 z   +1.9 above   0 det  0 maxdev 0.0035  r=3 mean  63.996 z   -0.4 above   0 det  0 maxdev 0.0023
   k = 2^32 (one wrap of lo)     r=1 mean  64.018 z   +1.6 above   1 det  0 maxdev 0.0052 (w1.b31 f 0.5052)  r=2 mean  64.026 z   +2.3 above   0 det  0 maxdev 0.0035  r=3 mean  63.998 z   -0.1 above   0 det  0 maxdev 0.0030
   k = 2^33                      r=1 mean  63.981 z   -1.7 above   0 det  0 maxdev 0.0030 (none          )  r=2 mean  63.991 z   -0.8 above   0 det  0 maxdev 0.0025  r=3 mean  63.986 z   -1.3 above   0 det  0 maxdev 0.0023
input 11 "VDF128-T4-clock-probe-9"   parity of p - q for the pairs 12 13 14 23 24 34: even odd odd odd odd odd
   k uniform in [1,1000]         r=1 mean  63.992 z   -0.8 above   0 det  0 maxdev 0.0032 (none          )  r=2 mean  64.006 z   +0.6 above   0 det  0 maxdev 0.0033  r=3 mean  63.990 z   -0.9 above   0 det  0 maxdev 0.0028
   k = 1                         r=1 mean  63.992 z   -0.7 above   0 det  0 maxdev 0.0029 (none          )  r=2 mean  64.000 z   -0.0 above   0 det  0 maxdev 0.0028  r=3 mean  64.020 z   +1.8 above   0 det  0 maxdev 0.0037
   k = 2^16                      r=1 mean  63.979 z   -1.9 above   0 det  0 maxdev 0.0033 (none          )  r=2 mean  63.977 z   -2.1 above   0 det  0 maxdev 0.0031  r=3 mean  64.009 z   +0.8 above   0 det  0 maxdev 0.0030
   k = 2^24                      r=1 mean  64.004 z   +0.4 above   0 det  0 maxdev 0.0029 (none          )  r=2 mean  63.997 z   -0.3 above   0 det  0 maxdev 0.0028  r=3 mean  64.001 z   +0.0 above   0 det  0 maxdev 0.0027
   k = 2^28                      r=1 mean  64.012 z   +1.1 above   0 det  0 maxdev 0.0033 (none          )  r=2 mean  63.997 z   -0.3 above   0 det  0 maxdev 0.0028  r=3 mean  64.012 z   +1.1 above   0 det  0 maxdev 0.0025
   k = 2^29, no wrap             r=1 mean  64.014 z   +1.2 above   0 det  0 maxdev 0.0022 (none          )  r=2 mean  64.010 z   +0.9 above   0 det  0 maxdev 0.0025  r=3 mean  64.010 z   +0.9 above   0 det  0 maxdev 0.0026
   k = 2^30, no wrap             r=1 mean  64.000 z   +0.0 above   0 det  0 maxdev 0.0024 (none          )  r=2 mean  63.992 z   -0.7 above   0 det  0 maxdev 0.0027  r=3 mean  64.003 z   +0.3 above   0 det  0 maxdev 0.0026
   k = 3*2^30, no wrap           r=1 mean  63.996 z   -0.3 above   0 det  0 maxdev 0.0034 (none          )  r=2 mean  64.014 z   +1.3 above   0 det  0 maxdev 0.0026  r=3 mean  64.016 z   +1.4 above   0 det  0 maxdev 0.0030
   k = 2^31, no wrap             r=1 mean  63.499 z  -45.4 above   2 det  0 maxdev 0.4998 (w1.b0  f 0.0002)  r=2 mean  63.996 z   -0.4 above   0 det  0 maxdev 0.0022  r=3 mean  64.001 z   +0.1 above   0 det  0 maxdev 0.0032
   k = 2^31, wrap                r=1 mean  64.004 z   +0.3 above   0 det  0 maxdev 0.0030 (none          )  r=2 mean  63.998 z   -0.2 above   0 det  0 maxdev 0.0030  r=3 mean  63.984 z   -1.4 above   0 det  0 maxdev 0.0025
   k = 2^31, all clocks          r=1 mean  63.735 z  -24.0 above   1 det  0 maxdev 0.2496 (w1.b0  f 0.2504)  r=2 mean  63.991 z   -0.8 above   0 det  0 maxdev 0.0027  r=3 mean  64.006 z   +0.5 above   0 det  0 maxdev 0.0031
   k = 2^32 (one wrap of lo)     r=1 mean  63.990 z   -0.9 above   0 det  0 maxdev 0.0031 (none          )  r=2 mean  64.001 z   +0.1 above   0 det  0 maxdev 0.0030  r=3 mean  64.014 z   +1.3 above   0 det  0 maxdev 0.0030
   k = 2^33                      r=1 mean  64.012 z   +1.1 above   0 det  0 maxdev 0.0026 (none          )  r=2 mean  63.992 z   -0.8 above   0 det  0 maxdev 0.0033  r=3 mean  63.994 z   -0.5 above   0 det  0 maxdev 0.0025
input 12 "VDF128-T4-clock-probe-10"   parity of p - q for the pairs 12 13 14 23 24 34: even even odd odd odd even
   k uniform in [1,1000]         r=1 mean  64.001 z   +0.1 above   0 det  0 maxdev 0.0029 (none          )  r=2 mean  63.994 z   -0.6 above   0 det  0 maxdev 0.0021  r=3 mean  64.012 z   +1.1 above   0 det  0 maxdev 0.0027
   k = 1                         r=1 mean  63.989 z   -1.0 above   0 det  0 maxdev 0.0032 (none          )  r=2 mean  63.985 z   -1.4 above   0 det  0 maxdev 0.0027  r=3 mean  63.994 z   -0.5 above   0 det  0 maxdev 0.0024
   k = 2^16                      r=1 mean  64.023 z   +2.1 above   0 det  0 maxdev 0.0027 (none          )  r=2 mean  63.991 z   -0.8 above   0 det  0 maxdev 0.0027  r=3 mean  63.974 z   -2.3 above   0 det  0 maxdev 0.0031
   k = 2^24                      r=1 mean  63.998 z   -0.2 above   0 det  0 maxdev 0.0023 (none          )  r=2 mean  64.018 z   +1.7 above   0 det  0 maxdev 0.0026  r=3 mean  63.987 z   -1.1 above   0 det  0 maxdev 0.0027
   k = 2^28                      r=1 mean  64.006 z   +0.6 above   0 det  0 maxdev 0.0022 (none          )  r=2 mean  64.002 z   +0.2 above   0 det  0 maxdev 0.0024  r=3 mean  64.002 z   +0.2 above   0 det  0 maxdev 0.0025
   k = 2^29, no wrap             r=1 mean  63.977 z   -2.0 above   1 det  0 maxdev 0.0063 (w1.b31 f 0.4937)  r=2 mean  63.982 z   -1.6 above   0 det  0 maxdev 0.0028  r=3 mean  64.011 z   +1.0 above   0 det  0 maxdev 0.0029
   k = 2^30, no wrap             r=1 mean  63.990 z   -0.9 above   0 det  0 maxdev 0.0030 (none          )  r=2 mean  64.002 z   +0.1 above   0 det  0 maxdev 0.0023  r=3 mean  64.007 z   +0.6 above   0 det  0 maxdev 0.0027
   k = 3*2^30, no wrap           r=1 mean  63.994 z   -0.5 above   0 det  0 maxdev 0.0026 (none          )  r=2 mean  63.997 z   -0.2 above   0 det  0 maxdev 0.0026  r=3 mean  64.013 z   +1.2 above   0 det  0 maxdev 0.0027
   k = 2^31, no wrap             r=1 mean  64.478 z  +43.3 above  11 det  0 maxdev 0.4999 (w1.b0  f 0.9999)  r=2 mean  63.980 z   -1.8 above   0 det  0 maxdev 0.0030  r=3 mean  64.003 z   +0.3 above   0 det  0 maxdev 0.0028
   k = 2^31, wrap                r=1 mean  64.001 z   +0.1 above   0 det  0 maxdev 0.0027 (none          )  r=2 mean  64.008 z   +0.7 above   0 det  0 maxdev 0.0022  r=3 mean  63.992 z   -0.7 above   0 det  0 maxdev 0.0025
   k = 2^31, all clocks          r=1 mean  64.256 z  +23.2 above   6 det  0 maxdev 0.2497 (w1.b0  f 0.7497)  r=2 mean  64.009 z   +0.8 above   0 det  0 maxdev 0.0026  r=3 mean  63.996 z   -0.3 above   0 det  0 maxdev 0.0026
   k = 2^32 (one wrap of lo)     r=1 mean  64.006 z   +0.6 above   0 det  0 maxdev 0.0024 (none          )  r=2 mean  64.005 z   +0.5 above   0 det  0 maxdev 0.0026  r=3 mean  64.005 z   +0.5 above   0 det  0 maxdev 0.0025
   k = 2^33                      r=1 mean  64.014 z   +1.2 above   0 det  0 maxdev 0.0029 (none          )  r=2 mean  64.002 z   +0.2 above   0 det  0 maxdev 0.0032  r=3 mean  63.988 z   -1.1 above   0 det  0 maxdev 0.0035
input 13 "VDF128-T4-clock-probe-11"   parity of p - q for the pairs 12 13 14 23 24 34: odd odd odd odd odd even
   k uniform in [1,1000]         r=1 mean  63.997 z   -0.2 above   0 det  0 maxdev 0.0030 (none          )  r=2 mean  63.998 z   -0.1 above   0 det  0 maxdev 0.0026  r=3 mean  64.028 z   +2.6 above   0 det  0 maxdev 0.0030
   k = 1                         r=1 mean  63.987 z   -1.2 above   0 det  0 maxdev 0.0028 (none          )  r=2 mean  63.991 z   -0.8 above   0 det  0 maxdev 0.0028  r=3 mean  64.004 z   +0.3 above   0 det  0 maxdev 0.0028
   k = 2^16                      r=1 mean  64.007 z   +0.6 above   0 det  0 maxdev 0.0031 (none          )  r=2 mean  64.001 z   +0.1 above   0 det  0 maxdev 0.0028  r=3 mean  64.007 z   +0.6 above   0 det  0 maxdev 0.0027
   k = 2^24                      r=1 mean  63.997 z   -0.3 above   0 det  0 maxdev 0.0034 (none          )  r=2 mean  64.013 z   +1.2 above   0 det  0 maxdev 0.0033  r=3 mean  64.008 z   +0.7 above   0 det  0 maxdev 0.0025
   k = 2^28                      r=1 mean  64.003 z   +0.3 above   0 det  0 maxdev 0.0025 (none          )  r=2 mean  64.002 z   +0.2 above   0 det  0 maxdev 0.0030  r=3 mean  63.996 z   -0.3 above   0 det  0 maxdev 0.0034
   k = 2^29, no wrap             r=1 mean  63.988 z   -1.1 above   0 det  0 maxdev 0.0026 (none          )  r=2 mean  64.001 z   +0.1 above   0 det  0 maxdev 0.0029  r=3 mean  64.004 z   +0.4 above   0 det  0 maxdev 0.0032
   k = 2^30, no wrap             r=1 mean  64.006 z   +0.5 above   0 det  0 maxdev 0.0028 (none          )  r=2 mean  64.021 z   +1.9 above   0 det  0 maxdev 0.0024  r=3 mean  63.982 z   -1.6 above   0 det  0 maxdev 0.0026
   k = 3*2^30, no wrap           r=1 mean  64.012 z   +1.1 above   0 det  0 maxdev 0.0022 (none          )  r=2 mean  64.007 z   +0.6 above   0 det  0 maxdev 0.0027  r=3 mean  64.003 z   +0.3 above   0 det  0 maxdev 0.0021
   k = 2^31, no wrap             r=1 mean  64.509 z  +46.1 above   1 det  0 maxdev 0.4998 (w1.b0  f 0.9998)  r=2 mean  64.008 z   +0.7 above   0 det  0 maxdev 0.0031  r=3 mean  64.015 z   +1.4 above   0 det  0 maxdev 0.0029
   k = 2^31, wrap                r=1 mean  63.997 z   -0.3 above   0 det  0 maxdev 0.0032 (none          )  r=2 mean  63.999 z   -0.1 above   0 det  0 maxdev 0.0019  r=3 mean  63.988 z   -1.1 above   0 det  0 maxdev 0.0029
   k = 2^31, all clocks          r=1 mean  64.233 z  +21.1 above   1 det  0 maxdev 0.2502 (w1.b0  f 0.7502)  r=2 mean  64.024 z   +2.2 above   0 det  0 maxdev 0.0022  r=3 mean  64.002 z   +0.2 above   0 det  0 maxdev 0.0020
   k = 2^32 (one wrap of lo)     r=1 mean  64.005 z   +0.5 above   0 det  0 maxdev 0.0025 (none          )  r=2 mean  64.013 z   +1.2 above   0 det  0 maxdev 0.0038  r=3 mean  64.024 z   +2.2 above   0 det  0 maxdev 0.0031
   k = 2^33                      r=1 mean  63.998 z   -0.2 above   0 det  0 maxdev 0.0026 (none          )  r=2 mean  64.004 z   +0.4 above   0 det  0 maxdev 0.0036  r=3 mean  63.996 z   -0.4 above   0 det  0 maxdev 0.0031
input 14 "VDF128-T4-clock-probe-12"   parity of p - q for the pairs 12 13 14 23 24 34: odd odd odd odd even even
   k uniform in [1,1000]         r=1 mean  64.005 z   +0.5 above   0 det  0 maxdev 0.0025 (none          )  r=2 mean  63.997 z   -0.3 above   0 det  0 maxdev 0.0032  r=3 mean  63.981 z   -1.7 above   0 det  0 maxdev 0.0036
   k = 1                         r=1 mean  63.997 z   -0.3 above   0 det  0 maxdev 0.0024 (none          )  r=2 mean  63.985 z   -1.4 above   0 det  0 maxdev 0.0025  r=3 mean  63.997 z   -0.3 above   0 det  0 maxdev 0.0024
   k = 2^16                      r=1 mean  63.997 z   -0.3 above   0 det  0 maxdev 0.0041 (none          )  r=2 mean  64.008 z   +0.7 above   0 det  0 maxdev 0.0030  r=3 mean  64.015 z   +1.4 above   0 det  0 maxdev 0.0026
   k = 2^24                      r=1 mean  63.982 z   -1.6 above   0 det  0 maxdev 0.0033 (none          )  r=2 mean  64.002 z   +0.2 above   0 det  0 maxdev 0.0025  r=3 mean  63.994 z   -0.6 above   0 det  0 maxdev 0.0027
   k = 2^28                      r=1 mean  64.000 z   +0.0 above   0 det  0 maxdev 0.0040 (none          )  r=2 mean  63.999 z   -0.1 above   0 det  0 maxdev 0.0033  r=3 mean  64.022 z   +2.0 above   0 det  0 maxdev 0.0028
   k = 2^29, no wrap             r=1 mean  63.976 z   -2.2 above   0 det  0 maxdev 0.0025 (none          )  r=2 mean  63.999 z   -0.1 above   0 det  0 maxdev 0.0025  r=3 mean  63.992 z   -0.7 above   0 det  0 maxdev 0.0027
   k = 2^30, no wrap             r=1 mean  63.995 z   -0.4 above   0 det  0 maxdev 0.0024 (none          )  r=2 mean  63.994 z   -0.6 above   0 det  0 maxdev 0.0026  r=3 mean  64.003 z   +0.3 above   0 det  0 maxdev 0.0028
   k = 3*2^30, no wrap           r=1 mean  64.018 z   +1.7 above   0 det  0 maxdev 0.0024 (none          )  r=2 mean  63.998 z   -0.2 above   0 det  0 maxdev 0.0033  r=3 mean  64.023 z   +2.1 above   0 det  0 maxdev 0.0025
   k = 2^31, no wrap             r=1 mean  64.498 z  +45.1 above   1 det  0 maxdev 0.4998 (w1.b0  f 0.9998)  r=2 mean  63.982 z   -1.7 above   0 det  0 maxdev 0.0030  r=3 mean  64.004 z   +0.3 above   0 det  0 maxdev 0.0030
   k = 2^31, wrap                r=1 mean  63.991 z   -0.8 above   0 det  0 maxdev 0.0027 (none          )  r=2 mean  64.031 z   +2.8 above   0 det  0 maxdev 0.0028  r=3 mean  63.990 z   -0.9 above   0 det  0 maxdev 0.0025
   k = 2^31, all clocks          r=1 mean  64.265 z  +23.9 above   1 det  0 maxdev 0.2492 (w1.b0  f 0.7492)  r=2 mean  64.009 z   +0.8 above   0 det  0 maxdev 0.0025  r=3 mean  63.991 z   -0.8 above   0 det  0 maxdev 0.0028
   k = 2^32 (one wrap of lo)     r=1 mean  63.999 z   -0.1 above   0 det  0 maxdev 0.0025 (none          )  r=2 mean  64.009 z   +0.8 above   0 det  0 maxdev 0.0026  r=3 mean  63.998 z   -0.2 above   0 det  0 maxdev 0.0023
   k = 2^33                      r=1 mean  64.001 z   +0.1 above   0 det  0 maxdev 0.0027 (none          )  r=2 mean  64.028 z   +2.5 above   0 det  0 maxdev 0.0029  r=3 mean  63.986 z   -1.3 above   0 det  0 maxdev 0.0028
input 15 "VDF128-T4-clock-probe-13"   parity of p - q for the pairs 12 13 14 23 24 34: odd even odd even odd odd
   k uniform in [1,1000]         r=1 mean  63.990 z   -0.9 above   0 det  0 maxdev 0.0032 (none          )  r=2 mean  64.003 z   +0.3 above   0 det  0 maxdev 0.0025  r=3 mean  64.000 z   -0.0 above   0 det  0 maxdev 0.0021
   k = 1                         r=1 mean  64.009 z   +0.8 above   0 det  0 maxdev 0.0025 (none          )  r=2 mean  63.990 z   -0.9 above   0 det  0 maxdev 0.0024  r=3 mean  63.994 z   -0.6 above   0 det  0 maxdev 0.0029
   k = 2^16                      r=1 mean  64.000 z   -0.0 above   0 det  0 maxdev 0.0034 (none          )  r=2 mean  63.990 z   -0.9 above   0 det  0 maxdev 0.0026  r=3 mean  63.995 z   -0.5 above   0 det  0 maxdev 0.0034
   k = 2^24                      r=1 mean  64.015 z   +1.3 above   0 det  0 maxdev 0.0024 (none          )  r=2 mean  64.008 z   +0.7 above   0 det  0 maxdev 0.0022  r=3 mean  64.005 z   +0.4 above   0 det  0 maxdev 0.0030
   k = 2^28                      r=1 mean  63.999 z   -0.1 above   0 det  0 maxdev 0.0030 (none          )  r=2 mean  64.004 z   +0.4 above   0 det  0 maxdev 0.0032  r=3 mean  63.989 z   -1.0 above   0 det  0 maxdev 0.0028
   k = 2^29, no wrap             r=1 mean  63.996 z   -0.3 above   0 det  0 maxdev 0.0027 (none          )  r=2 mean  64.002 z   +0.2 above   0 det  0 maxdev 0.0033  r=3 mean  63.996 z   -0.3 above   0 det  0 maxdev 0.0027
   k = 2^30, no wrap             r=1 mean  63.986 z   -1.3 above   0 det  0 maxdev 0.0026 (none          )  r=2 mean  63.981 z   -1.7 above   0 det  0 maxdev 0.0038  r=3 mean  64.012 z   +1.1 above   0 det  0 maxdev 0.0020
   k = 3*2^30, no wrap           r=1 mean  64.015 z   +1.3 above   0 det  0 maxdev 0.0029 (none          )  r=2 mean  63.993 z   -0.7 above   0 det  0 maxdev 0.0026  r=3 mean  63.994 z   -0.6 above   0 det  0 maxdev 0.0026
   k = 2^31, no wrap             r=1 mean  63.484 z  -46.7 above   2 det  0 maxdev 0.4998 (w1.b0  f 0.0002)  r=2 mean  64.010 z   +0.9 above   0 det  0 maxdev 0.0032  r=3 mean  64.004 z   +0.3 above   0 det  0 maxdev 0.0025
   k = 2^31, wrap                r=1 mean  64.002 z   +0.2 above   0 det  0 maxdev 0.0030 (none          )  r=2 mean  64.008 z   +0.7 above   0 det  0 maxdev 0.0028  r=3 mean  63.987 z   -1.2 above   0 det  0 maxdev 0.0025
   k = 2^31, all clocks          r=1 mean  63.742 z  -23.3 above   1 det  0 maxdev 0.2493 (w1.b0  f 0.2507)  r=2 mean  64.006 z   +0.5 above   0 det  0 maxdev 0.0024  r=3 mean  63.998 z   -0.2 above   0 det  0 maxdev 0.0027
   k = 2^32 (one wrap of lo)     r=1 mean  63.991 z   -0.8 above   0 det  0 maxdev 0.0028 (none          )  r=2 mean  64.009 z   +0.8 above   0 det  0 maxdev 0.0025  r=3 mean  64.009 z   +0.9 above   0 det  0 maxdev 0.0025
   k = 2^33                      r=1 mean  63.973 z   -2.5 above   0 det  0 maxdev 0.0039 (none          )  r=2 mean  64.009 z   +0.9 above   0 det  0 maxdev 0.0029  r=3 mean  63.992 z   -0.7 above   0 det  0 maxdev 0.0031
input 16 "VDF128-T4-clock-probe-14"   parity of p - q for the pairs 12 13 14 23 24 34: even odd odd even odd even
   k uniform in [1,1000]         r=1 mean  63.995 z   -0.4 above   0 det  0 maxdev 0.0025 (none          )  r=2 mean  64.018 z   +1.6 above   0 det  0 maxdev 0.0025  r=3 mean  64.011 z   +1.0 above   0 det  0 maxdev 0.0026
   k = 1                         r=1 mean  64.013 z   +1.2 above   0 det  0 maxdev 0.0032 (none          )  r=2 mean  64.002 z   +0.1 above   0 det  0 maxdev 0.0023  r=3 mean  64.004 z   +0.4 above   0 det  0 maxdev 0.0024
   k = 2^16                      r=1 mean  64.015 z   +1.3 above   0 det  0 maxdev 0.0031 (none          )  r=2 mean  64.007 z   +0.7 above   0 det  0 maxdev 0.0027  r=3 mean  63.983 z   -1.5 above   0 det  0 maxdev 0.0028
   k = 2^24                      r=1 mean  63.997 z   -0.2 above   1 det  0 maxdev 0.0045 (w1.b31 f 0.5045)  r=2 mean  63.996 z   -0.3 above   0 det  0 maxdev 0.0032  r=3 mean  63.988 z   -1.1 above   0 det  0 maxdev 0.0024
   k = 2^28                      r=1 mean  64.021 z   +1.9 above   2 det  0 maxdev 0.0204 (w1.b31 f 0.5204)  r=2 mean  64.005 z   +0.4 above   0 det  0 maxdev 0.0030  r=3 mean  64.014 z   +1.3 above   0 det  0 maxdev 0.0024
   k = 2^29, no wrap             r=1 mean  64.014 z   +1.3 above   1 det  0 maxdev 0.0064 (w1.b31 f 0.4936)  r=2 mean  63.983 z   -1.6 above   0 det  0 maxdev 0.0023  r=3 mean  63.997 z   -0.2 above   0 det  0 maxdev 0.0026
   k = 2^30, no wrap             r=1 mean  63.989 z   -1.0 above   0 det  0 maxdev 0.0035 (none          )  r=2 mean  64.009 z   +0.9 above   0 det  0 maxdev 0.0028  r=3 mean  63.993 z   -0.7 above   0 det  0 maxdev 0.0023
   k = 3*2^30, no wrap           r=1 mean  63.990 z   -0.9 above   0 det  0 maxdev 0.0028 (none          )  r=2 mean  64.012 z   +1.1 above   0 det  0 maxdev 0.0029  r=3 mean  64.007 z   +0.6 above   0 det  0 maxdev 0.0029
   k = 2^31, no wrap             r=1 mean  63.481 z  -47.0 above   2 det  0 maxdev 0.4999 (w1.b0  f 0.0001)  r=2 mean  63.987 z   -1.2 above   0 det  0 maxdev 0.0023  r=3 mean  63.997 z   -0.3 above   0 det  0 maxdev 0.0023
   k = 2^31, wrap                r=1 mean  63.999 z   -0.1 above   0 det  0 maxdev 0.0027 (none          )  r=2 mean  63.984 z   -1.4 above   0 det  0 maxdev 0.0031  r=3 mean  64.014 z   +1.2 above   0 det  0 maxdev 0.0025
   k = 2^31, all clocks          r=1 mean  63.763 z  -21.5 above   1 det  0 maxdev 0.2497 (w1.b0  f 0.2503)  r=2 mean  63.994 z   -0.5 above   0 det  0 maxdev 0.0027  r=3 mean  64.020 z   +1.9 above   0 det  0 maxdev 0.0031
   k = 2^32 (one wrap of lo)     r=1 mean  64.012 z   +1.1 above   0 det  0 maxdev 0.0026 (none          )  r=2 mean  63.993 z   -0.7 above   0 det  0 maxdev 0.0026  r=3 mean  63.993 z   -0.7 above   0 det  0 maxdev 0.0027
   k = 2^33                      r=1 mean  64.002 z   +0.2 above   0 det  0 maxdev 0.0024 (none          )  r=2 mean  64.003 z   +0.3 above   0 det  0 maxdev 0.0025  r=3 mean  63.977 z   -2.0 above   0 det  0 maxdev 0.0025
input 17 "VDF128-T4-clock-probe-15"   parity of p - q for the pairs 12 13 14 23 24 34: even even even odd odd even
   k uniform in [1,1000]         r=1 mean  64.003 z   +0.3 above   0 det  0 maxdev 0.0025 (none          )  r=2 mean  64.002 z   +0.2 above   0 det  0 maxdev 0.0028  r=3 mean  64.013 z   +1.2 above   0 det  0 maxdev 0.0021
   k = 1                         r=1 mean  64.000 z   +0.0 above   0 det  0 maxdev 0.0025 (none          )  r=2 mean  63.994 z   -0.5 above   0 det  0 maxdev 0.0023  r=3 mean  64.011 z   +1.0 above   0 det  0 maxdev 0.0036
   k = 2^16                      r=1 mean  64.008 z   +0.7 above   0 det  0 maxdev 0.0026 (none          )  r=2 mean  64.009 z   +0.8 above   0 det  0 maxdev 0.0031  r=3 mean  63.996 z   -0.4 above   0 det  0 maxdev 0.0030
   k = 2^24                      r=1 mean  63.987 z   -1.2 above   0 det  0 maxdev 0.0026 (none          )  r=2 mean  64.019 z   +1.8 above   0 det  0 maxdev 0.0026  r=3 mean  64.000 z   -0.0 above   0 det  0 maxdev 0.0024
   k = 2^28                      r=1 mean  63.997 z   -0.3 above   0 det  0 maxdev 0.0025 (none          )  r=2 mean  63.989 z   -1.0 above   0 det  0 maxdev 0.0029  r=3 mean  64.006 z   +0.5 above   0 det  0 maxdev 0.0021
   k = 2^29, no wrap             r=1 mean  64.010 z   +0.9 above   0 det  0 maxdev 0.0024 (none          )  r=2 mean  63.993 z   -0.6 above   0 det  0 maxdev 0.0030  r=3 mean  64.009 z   +0.8 above   0 det  0 maxdev 0.0026
   k = 2^30, no wrap             r=1 mean  63.509 z  -44.4 above   2 det  0 maxdev 0.4999 (w1.b0  f 0.0001)  r=2 mean  64.013 z   +1.2 above   0 det  0 maxdev 0.0026  r=3 mean  63.975 z   -2.3 above   0 det  0 maxdev 0.0031
   k = 3*2^30, no wrap           r=1 mean  63.521 z  -43.4 above   2 det  0 maxdev 0.4999 (w1.b0  f 0.0001)  r=2 mean  63.988 z   -1.1 above   0 det  0 maxdev 0.0040  r=3 mean  64.019 z   +1.7 above   0 det  0 maxdev 0.0027
   k = 2^31, no wrap             r=1 mean  48.487 z -1404.1 above  35 det 32 maxdev 0.5000 (w1.b0  f 0.0000)  r=2 mean  64.022 z   +2.0 above   0 det  0 maxdev 0.0028  r=3 mean  63.993 z   -0.7 above   0 det  0 maxdev 0.0024
   k = 2^31, wrap                r=1 mean  63.991 z   -0.8 above   0 det  0 maxdev 0.0034 (none          )  r=2 mean  63.988 z   -1.0 above   0 det  0 maxdev 0.0026  r=3 mean  64.014 z   +1.3 above   0 det  0 maxdev 0.0023
   k = 2^31, all clocks          r=1 mean  56.216 z -704.6 above  33 det  0 maxdev 0.2531 (w1.b31 f 0.7531)  r=2 mean  63.989 z   -1.0 above   0 det  0 maxdev 0.0026  r=3 mean  64.020 z   +1.8 above   0 det  0 maxdev 0.0030
   k = 2^32 (one wrap of lo)     r=1 mean  64.012 z   +1.1 above   0 det  0 maxdev 0.0033 (none          )  r=2 mean  63.993 z   -0.6 above   0 det  0 maxdev 0.0027  r=3 mean  63.998 z   -0.2 above   0 det  0 maxdev 0.0029
   k = 2^33                      r=1 mean  63.985 z   -1.4 above   0 det  0 maxdev 0.0028 (none          )  r=2 mean  63.987 z   -1.1 above   0 det  0 maxdev 0.0037  r=3 mean  63.999 z   -0.1 above   0 det  0 maxdev 0.0030
input 18 "VDF128-T4-clock-probe-16"   parity of p - q for the pairs 12 13 14 23 24 34: even odd even odd even odd
   k uniform in [1,1000]         r=1 mean  64.003 z   +0.3 above   0 det  0 maxdev 0.0022 (none          )  r=2 mean  64.000 z   +0.0 above   0 det  0 maxdev 0.0028  r=3 mean  64.020 z   +1.8 above   0 det  0 maxdev 0.0027
   k = 1                         r=1 mean  64.008 z   +0.8 above   0 det  0 maxdev 0.0023 (none          )  r=2 mean  64.008 z   +0.8 above   0 det  0 maxdev 0.0032  r=3 mean  64.008 z   +0.7 above   0 det  0 maxdev 0.0030
   k = 2^16                      r=1 mean  63.990 z   -0.9 above   0 det  0 maxdev 0.0028 (none          )  r=2 mean  64.011 z   +1.0 above   0 det  0 maxdev 0.0027  r=3 mean  63.992 z   -0.7 above   0 det  0 maxdev 0.0022
   k = 2^24                      r=1 mean  63.985 z   -1.3 above   0 det  0 maxdev 0.0038 (none          )  r=2 mean  63.996 z   -0.4 above   0 det  0 maxdev 0.0028  r=3 mean  64.008 z   +0.7 above   0 det  0 maxdev 0.0022
   k = 2^28                      r=1 mean  64.022 z   +2.0 above   1 det  0 maxdev 0.0116 (w1.b31 f 0.5116)  r=2 mean  63.990 z   -0.9 above   0 det  0 maxdev 0.0022  r=3 mean  64.015 z   +1.4 above   0 det  0 maxdev 0.0030
   k = 2^29, no wrap             r=1 mean  64.011 z   +1.0 above   1 det  0 maxdev 0.0061 (w1.b31 f 0.4939)  r=2 mean  64.007 z   +0.7 above   0 det  0 maxdev 0.0030  r=3 mean  63.994 z   -0.6 above   0 det  0 maxdev 0.0019
   k = 2^30, no wrap             r=1 mean  63.989 z   -1.0 above   0 det  0 maxdev 0.0029 (none          )  r=2 mean  63.978 z   -2.0 above   0 det  0 maxdev 0.0031  r=3 mean  63.985 z   -1.4 above   0 det  0 maxdev 0.0023
   k = 3*2^30, no wrap           r=1 mean  63.993 z   -0.7 above   0 det  0 maxdev 0.0023 (none          )  r=2 mean  64.032 z   +2.9 above   0 det  0 maxdev 0.0025  r=3 mean  63.983 z   -1.5 above   0 det  0 maxdev 0.0023
   k = 2^31, no wrap             r=1 mean  64.484 z  +43.8 above  10 det  0 maxdev 0.4999 (w1.b0  f 0.9999)  r=2 mean  63.989 z   -1.0 above   0 det  0 maxdev 0.0027  r=3 mean  64.005 z   +0.5 above   0 det  0 maxdev 0.0036
   k = 2^31, wrap                r=1 mean  64.002 z   +0.2 above   0 det  0 maxdev 0.0032 (none          )  r=2 mean  63.990 z   -0.9 above   0 det  0 maxdev 0.0030  r=3 mean  64.001 z   +0.1 above   0 det  0 maxdev 0.0027
   k = 2^31, all clocks          r=1 mean  64.249 z  +22.6 above   6 det  0 maxdev 0.2496 (w1.b0  f 0.7496)  r=2 mean  64.001 z   +0.1 above   0 det  0 maxdev 0.0026  r=3 mean  64.011 z   +1.0 above   0 det  0 maxdev 0.0032
   k = 2^32 (one wrap of lo)     r=1 mean  63.997 z   -0.3 above   0 det  0 maxdev 0.0027 (none          )  r=2 mean  63.991 z   -0.8 above   0 det  0 maxdev 0.0037  r=3 mean  63.988 z   -1.1 above   0 det  0 maxdev 0.0024
   k = 2^33                      r=1 mean  64.001 z   +0.1 above   0 det  0 maxdev 0.0036 (none          )  r=2 mean  64.002 z   +0.2 above   0 det  0 maxdev 0.0021  r=3 mean  63.990 z   -0.9 above   0 det  0 maxdev 0.0030
input 19 "VDF128-T4-clock-probe-17"   parity of p - q for the pairs 12 13 14 23 24 34: odd odd even odd odd odd
   k uniform in [1,1000]         r=1 mean  63.992 z   -0.7 above   0 det  0 maxdev 0.0030 (none          )  r=2 mean  64.008 z   +0.7 above   0 det  0 maxdev 0.0026  r=3 mean  64.002 z   +0.2 above   0 det  0 maxdev 0.0025
   k = 1                         r=1 mean  64.004 z   +0.4 above   0 det  0 maxdev 0.0028 (none          )  r=2 mean  64.002 z   +0.2 above   0 det  0 maxdev 0.0023  r=3 mean  64.009 z   +0.8 above   0 det  0 maxdev 0.0034
   k = 2^16                      r=1 mean  63.993 z   -0.6 above   0 det  0 maxdev 0.0028 (none          )  r=2 mean  64.002 z   +0.2 above   0 det  0 maxdev 0.0023  r=3 mean  63.995 z   -0.4 above   0 det  0 maxdev 0.0026
   k = 2^24                      r=1 mean  64.004 z   +0.4 above   0 det  0 maxdev 0.0026 (none          )  r=2 mean  63.995 z   -0.4 above   0 det  0 maxdev 0.0029  r=3 mean  64.003 z   +0.3 above   0 det  0 maxdev 0.0031
   k = 2^28                      r=1 mean  64.013 z   +1.1 above   0 det  0 maxdev 0.0021 (none          )  r=2 mean  64.013 z   +1.2 above   0 det  0 maxdev 0.0032  r=3 mean  63.981 z   -1.7 above   0 det  0 maxdev 0.0023
   k = 2^29, no wrap             r=1 mean  64.015 z   +1.4 above   0 det  0 maxdev 0.0028 (none          )  r=2 mean  63.996 z   -0.3 above   0 det  0 maxdev 0.0040  r=3 mean  63.983 z   -1.6 above   0 det  0 maxdev 0.0039
   k = 2^30, no wrap             r=1 mean  63.993 z   -0.6 above   0 det  0 maxdev 0.0023 (none          )  r=2 mean  63.977 z   -2.1 above   0 det  0 maxdev 0.0030  r=3 mean  64.000 z   +0.0 above   0 det  0 maxdev 0.0030
   k = 3*2^30, no wrap           r=1 mean  63.997 z   -0.3 above   0 det  0 maxdev 0.0031 (none          )  r=2 mean  63.998 z   -0.2 above   0 det  0 maxdev 0.0026  r=3 mean  64.008 z   +0.7 above   0 det  0 maxdev 0.0026
   k = 2^31, no wrap             r=1 mean  63.475 z  -47.5 above   2 det  0 maxdev 0.4999 (w1.b0  f 0.0001)  r=2 mean  63.992 z   -0.7 above   0 det  0 maxdev 0.0025  r=3 mean  63.996 z   -0.4 above   0 det  0 maxdev 0.0032
   k = 2^31, wrap                r=1 mean  63.983 z   -1.5 above   0 det  0 maxdev 0.0028 (none          )  r=2 mean  64.012 z   +1.0 above   0 det  0 maxdev 0.0031  r=3 mean  64.002 z   +0.2 above   0 det  0 maxdev 0.0022
   k = 2^31, all clocks          r=1 mean  63.726 z  -24.8 above   1 det  0 maxdev 0.2494 (w1.b0  f 0.2506)  r=2 mean  63.998 z   -0.2 above   0 det  0 maxdev 0.0022  r=3 mean  63.999 z   -0.1 above   0 det  0 maxdev 0.0025
   k = 2^32 (one wrap of lo)     r=1 mean  64.005 z   +0.4 above   0 det  0 maxdev 0.0026 (none          )  r=2 mean  63.987 z   -1.1 above   0 det  0 maxdev 0.0023  r=3 mean  63.996 z   -0.4 above   0 det  0 maxdev 0.0026
   k = 2^33                      r=1 mean  64.027 z   +2.4 above   0 det  0 maxdev 0.0024 (none          )  r=2 mean  64.007 z   +0.6 above   0 det  0 maxdev 0.0027  r=3 mean  63.999 z   -0.1 above   0 det  0 maxdev 0.0025
input 20 "VDF128-T4-clock-probe-18"   parity of p - q for the pairs 12 13 14 23 24 34: odd even odd odd even odd
   k uniform in [1,1000]         r=1 mean  64.011 z   +1.0 above   0 det  0 maxdev 0.0023 (none          )  r=2 mean  63.999 z   -0.1 above   0 det  0 maxdev 0.0033  r=3 mean  63.998 z   -0.2 above   0 det  0 maxdev 0.0026
   k = 1                         r=1 mean  63.982 z   -1.6 above   0 det  0 maxdev 0.0021 (none          )  r=2 mean  63.997 z   -0.2 above   0 det  0 maxdev 0.0029  r=3 mean  63.975 z   -2.3 above   0 det  0 maxdev 0.0026
   k = 2^16                      r=1 mean  63.988 z   -1.1 above   0 det  0 maxdev 0.0024 (none          )  r=2 mean  64.010 z   +0.9 above   0 det  0 maxdev 0.0028  r=3 mean  63.997 z   -0.2 above   0 det  0 maxdev 0.0029
   k = 2^24                      r=1 mean  64.003 z   +0.2 above   0 det  0 maxdev 0.0029 (none          )  r=2 mean  64.005 z   +0.5 above   0 det  0 maxdev 0.0026  r=3 mean  63.995 z   -0.5 above   0 det  0 maxdev 0.0031
   k = 2^28                      r=1 mean  64.000 z   +0.0 above   0 det  0 maxdev 0.0037 (none          )  r=2 mean  63.999 z   -0.1 above   0 det  0 maxdev 0.0028  r=3 mean  63.991 z   -0.8 above   0 det  0 maxdev 0.0024
   k = 2^29, no wrap             r=1 mean  63.998 z   -0.1 above   0 det  0 maxdev 0.0025 (none          )  r=2 mean  63.994 z   -0.5 above   0 det  0 maxdev 0.0026  r=3 mean  63.999 z   -0.1 above   0 det  0 maxdev 0.0025
   k = 2^30, no wrap             r=1 mean  63.995 z   -0.4 above   0 det  0 maxdev 0.0032 (none          )  r=2 mean  63.997 z   -0.2 above   0 det  0 maxdev 0.0025  r=3 mean  64.005 z   +0.4 above   0 det  0 maxdev 0.0027
   k = 3*2^30, no wrap           r=1 mean  64.005 z   +0.5 above   0 det  0 maxdev 0.0039 (none          )  r=2 mean  64.001 z   +0.1 above   0 det  0 maxdev 0.0026  r=3 mean  63.987 z   -1.2 above   0 det  0 maxdev 0.0032
   k = 2^31, no wrap             r=1 mean  63.511 z  -44.3 above   2 det  0 maxdev 0.4999 (w1.b0  f 0.0001)  r=2 mean  63.979 z   -1.9 above   0 det  0 maxdev 0.0029  r=3 mean  63.999 z   -0.1 above   0 det  0 maxdev 0.0028
   k = 2^31, wrap                r=1 mean  63.997 z   -0.3 above   0 det  0 maxdev 0.0033 (none          )  r=2 mean  63.988 z   -1.1 above   0 det  0 maxdev 0.0022  r=3 mean  63.997 z   -0.3 above   0 det  0 maxdev 0.0031
   k = 2^31, all clocks          r=1 mean  63.753 z  -22.3 above   1 det  0 maxdev 0.2512 (w1.b0  f 0.2488)  r=2 mean  63.996 z   -0.4 above   0 det  0 maxdev 0.0024  r=3 mean  63.978 z   -2.0 above   0 det  0 maxdev 0.0028
   k = 2^32 (one wrap of lo)     r=1 mean  64.022 z   +2.0 above   0 det  0 maxdev 0.0029 (none          )  r=2 mean  63.991 z   -0.8 above   0 det  0 maxdev 0.0025  r=3 mean  64.000 z   -0.0 above   0 det  0 maxdev 0.0032
   k = 2^33                      r=1 mean  63.996 z   -0.3 above   0 det  0 maxdev 0.0029 (none          )  r=2 mean  63.988 z   -1.1 above   0 det  0 maxdev 0.0037  r=3 mean  64.003 z   +0.3 above   0 det  0 maxdev 0.0026
input 21 "VDF128-T4-clock-probe-19"   parity of p - q for the pairs 12 13 14 23 24 34: odd even odd even odd even
   k uniform in [1,1000]         r=1 mean  64.006 z   +0.5 above   0 det  0 maxdev 0.0029 (none          )  r=2 mean  64.002 z   +0.1 above   0 det  0 maxdev 0.0031  r=3 mean  63.995 z   -0.4 above   0 det  0 maxdev 0.0023
   k = 1                         r=1 mean  63.986 z   -1.3 above   0 det  0 maxdev 0.0028 (none          )  r=2 mean  63.993 z   -0.6 above   0 det  0 maxdev 0.0039  r=3 mean  63.985 z   -1.4 above   0 det  0 maxdev 0.0024
   k = 2^16                      r=1 mean  64.009 z   +0.8 above   0 det  0 maxdev 0.0025 (none          )  r=2 mean  63.994 z   -0.5 above   0 det  0 maxdev 0.0023  r=3 mean  63.987 z   -1.1 above   0 det  0 maxdev 0.0028
   k = 2^24                      r=1 mean  63.984 z   -1.5 above   0 det  0 maxdev 0.0032 (none          )  r=2 mean  63.999 z   -0.1 above   0 det  0 maxdev 0.0031  r=3 mean  63.996 z   -0.3 above   0 det  0 maxdev 0.0024
   k = 2^28                      r=1 mean  64.002 z   +0.1 above   0 det  0 maxdev 0.0031 (none          )  r=2 mean  63.993 z   -0.6 above   0 det  0 maxdev 0.0027  r=3 mean  63.989 z   -1.0 above   0 det  0 maxdev 0.0023
   k = 2^29, no wrap             r=1 mean  63.990 z   -0.9 above   0 det  0 maxdev 0.0022 (none          )  r=2 mean  63.996 z   -0.3 above   0 det  0 maxdev 0.0033  r=3 mean  63.989 z   -1.0 above   0 det  0 maxdev 0.0030
   k = 2^30, no wrap             r=1 mean  64.005 z   +0.4 above   0 det  0 maxdev 0.0030 (none          )  r=2 mean  64.007 z   +0.6 above   0 det  0 maxdev 0.0028  r=3 mean  63.995 z   -0.5 above   0 det  0 maxdev 0.0027
   k = 3*2^30, no wrap           r=1 mean  63.971 z   -2.6 above   0 det  0 maxdev 0.0031 (none          )  r=2 mean  63.973 z   -2.4 above   0 det  0 maxdev 0.0023  r=3 mean  63.986 z   -1.2 above   0 det  0 maxdev 0.0024
   k = 2^31, no wrap             r=1 mean  63.495 z  -45.7 above   2 det  0 maxdev 0.4999 (w1.b0  f 0.0001)  r=2 mean  63.983 z   -1.5 above   0 det  0 maxdev 0.0031  r=3 mean  63.986 z   -1.3 above   0 det  0 maxdev 0.0027
   k = 2^31, wrap                r=1 mean  64.002 z   +0.1 above   0 det  0 maxdev 0.0027 (none          )  r=2 mean  63.990 z   -0.9 above   0 det  0 maxdev 0.0023  r=3 mean  64.011 z   +1.0 above   0 det  0 maxdev 0.0029
   k = 2^31, all clocks          r=1 mean  63.736 z  -23.9 above   1 det  0 maxdev 0.2481 (w1.b0  f 0.2519)  r=2 mean  63.980 z   -1.8 above   0 det  0 maxdev 0.0027  r=3 mean  63.983 z   -1.6 above   0 det  0 maxdev 0.0025
   k = 2^32 (one wrap of lo)     r=1 mean  64.033 z   +3.0 above   1 det  0 maxdev 0.0348 (w1.b31 f 0.5348)  r=2 mean  64.008 z   +0.8 above   0 det  0 maxdev 0.0023  r=3 mean  63.991 z   -0.8 above   0 det  0 maxdev 0.0025
   k = 2^33                      r=1 mean  64.000 z   +0.0 above   0 det  0 maxdev 0.0031 (none          )  r=2 mean  64.002 z   +0.2 above   0 det  0 maxdev 0.0032  r=3 mean  64.006 z   +0.5 above   0 det  0 maxdev 0.0022
input 22 "VDF128-T4-clock-probe-20"   parity of p - q for the pairs 12 13 14 23 24 34: even even even odd even odd
   k uniform in [1,1000]         r=1 mean  63.992 z   -0.7 above   0 det  0 maxdev 0.0025 (none          )  r=2 mean  64.006 z   +0.6 above   0 det  0 maxdev 0.0031  r=3 mean  64.004 z   +0.3 above   0 det  0 maxdev 0.0030
   k = 1                         r=1 mean  64.000 z   -0.0 above   0 det  0 maxdev 0.0024 (none          )  r=2 mean  63.999 z   -0.1 above   0 det  0 maxdev 0.0026  r=3 mean  64.013 z   +1.1 above   0 det  0 maxdev 0.0030
   k = 2^16                      r=1 mean  64.001 z   +0.1 above   0 det  0 maxdev 0.0030 (none          )  r=2 mean  64.009 z   +0.9 above   0 det  0 maxdev 0.0034  r=3 mean  64.006 z   +0.5 above   0 det  0 maxdev 0.0029
   k = 2^24                      r=1 mean  64.009 z   +0.9 above   1 det  0 maxdev 0.0377 (w1.b31 f 0.5377)  r=2 mean  63.994 z   -0.6 above   0 det  0 maxdev 0.0024  r=3 mean  64.014 z   +1.3 above   0 det  0 maxdev 0.0022
   k = 2^28                      r=1 mean  63.990 z   -0.9 above   1 det  0 maxdev 0.0075 (w1.b31 f 0.4925)  r=2 mean  63.993 z   -0.6 above   0 det  0 maxdev 0.0036  r=3 mean  63.994 z   -0.6 above   0 det  0 maxdev 0.0023
   k = 2^29, no wrap             r=1 mean  63.977 z   -2.1 above   0 det  0 maxdev 0.0027 (none          )  r=2 mean  63.987 z   -1.2 above   0 det  0 maxdev 0.0026  r=3 mean  64.021 z   +1.9 above   0 det  0 maxdev 0.0026
   k = 2^30, no wrap             r=1 mean  64.417 z  +37.7 above   9 det  0 maxdev 0.4999 (w1.b0  f 0.9999)  r=2 mean  64.001 z   +0.1 above   0 det  0 maxdev 0.0022  r=3 mean  63.994 z   -0.6 above   0 det  0 maxdev 0.0025
   k = 3*2^30, no wrap           r=1 mean  64.405 z  +36.7 above   8 det  0 maxdev 0.4999 (w1.b0  f 0.9999)  r=2 mean  63.996 z   -0.4 above   0 det  0 maxdev 0.0033  r=3 mean  64.010 z   +0.9 above   0 det  0 maxdev 0.0027
   k = 2^31, no wrap             r=1 mean  49.479 z -1314.3 above  42 det 32 maxdev 0.5000 (w1.b0  f 0.0000)  r=2 mean  64.012 z   +1.0 above   0 det  0 maxdev 0.0028  r=3 mean  64.009 z   +0.8 above   0 det  0 maxdev 0.0025
   k = 2^31, wrap                r=1 mean  64.006 z   +0.5 above   0 det  0 maxdev 0.0036 (none          )  r=2 mean  63.995 z   -0.5 above   0 det  0 maxdev 0.0036  r=3 mean  63.989 z   -1.0 above   0 det  0 maxdev 0.0029
   k = 2^31, all clocks          r=1 mean  56.729 z -658.1 above  39 det  0 maxdev 0.2511 (w1.b3  f 0.2489)  r=2 mean  63.989 z   -1.0 above   0 det  0 maxdev 0.0027  r=3 mean  63.998 z   -0.2 above   0 det  0 maxdev 0.0031
   k = 2^32 (one wrap of lo)     r=1 mean  63.976 z   -2.2 above   0 det  0 maxdev 0.0023 (none          )  r=2 mean  63.993 z   -0.7 above   0 det  0 maxdev 0.0028  r=3 mean  63.995 z   -0.4 above   0 det  0 maxdev 0.0022
   k = 2^33                      r=1 mean  63.991 z   -0.8 above   0 det  0 maxdev 0.0023 (none          )  r=2 mean  63.998 z   -0.1 above   0 det  0 maxdev 0.0021  r=3 mean  63.996 z   -0.4 above   0 det  0 maxdev 0.0030
input 23 "VDF128-T4-clock-probe-21"   parity of p - q for the pairs 12 13 14 23 24 34: even odd even odd odd even
   k uniform in [1,1000]         r=1 mean  63.994 z   -0.6 above   0 det  0 maxdev 0.0023 (none          )  r=2 mean  63.996 z   -0.4 above   0 det  0 maxdev 0.0029  r=3 mean  64.000 z   -0.0 above   0 det  0 maxdev 0.0035
   k = 1                         r=1 mean  64.008 z   +0.7 above   0 det  0 maxdev 0.0027 (none          )  r=2 mean  63.992 z   -0.7 above   0 det  0 maxdev 0.0027  r=3 mean  64.012 z   +1.1 above   0 det  0 maxdev 0.0024
   k = 2^16                      r=1 mean  64.009 z   +0.8 above   0 det  0 maxdev 0.0024 (none          )  r=2 mean  64.006 z   +0.5 above   0 det  0 maxdev 0.0024  r=3 mean  63.990 z   -0.9 above   0 det  0 maxdev 0.0026
   k = 2^24                      r=1 mean  63.983 z   -1.6 above   1 det  0 maxdev 0.0084 (w1.b31 f 0.4916)  r=2 mean  64.001 z   +0.1 above   0 det  0 maxdev 0.0032  r=3 mean  63.993 z   -0.7 above   0 det  0 maxdev 0.0026
   k = 2^28                      r=1 mean  63.977 z   -2.0 above   0 det  0 maxdev 0.0028 (none          )  r=2 mean  63.977 z   -2.1 above   0 det  0 maxdev 0.0031  r=3 mean  64.007 z   +0.6 above   0 det  0 maxdev 0.0035
   k = 2^29, no wrap             r=1 mean  64.005 z   +0.4 above   0 det  0 maxdev 0.0022 (none          )  r=2 mean  64.000 z   -0.0 above   0 det  0 maxdev 0.0025  r=3 mean  64.012 z   +1.1 above   0 det  0 maxdev 0.0024
   k = 2^30, no wrap             r=1 mean  63.993 z   -0.7 above   0 det  0 maxdev 0.0027 (none          )  r=2 mean  63.997 z   -0.2 above   0 det  0 maxdev 0.0028  r=3 mean  63.987 z   -1.2 above   0 det  0 maxdev 0.0023
   k = 3*2^30, no wrap           r=1 mean  64.000 z   -0.0 above   0 det  0 maxdev 0.0028 (none          )  r=2 mean  63.991 z   -0.8 above   0 det  0 maxdev 0.0025  r=3 mean  64.008 z   +0.7 above   0 det  0 maxdev 0.0024
   k = 2^31, no wrap             r=1 mean  64.489 z  +44.3 above  10 det  0 maxdev 0.4999 (w1.b0  f 0.9999)  r=2 mean  64.000 z   +0.0 above   0 det  0 maxdev 0.0023  r=3 mean  64.003 z   +0.2 above   0 det  0 maxdev 0.0023
   k = 2^31, wrap                r=1 mean  64.013 z   +1.2 above   0 det  0 maxdev 0.0032 (none          )  r=2 mean  63.999 z   -0.0 above   0 det  0 maxdev 0.0025  r=3 mean  64.015 z   +1.4 above   0 det  0 maxdev 0.0032
   k = 2^31, all clocks          r=1 mean  64.241 z  +21.8 above   7 det  0 maxdev 0.2508 (w1.b0  f 0.7508)  r=2 mean  63.984 z   -1.5 above   0 det  0 maxdev 0.0022  r=3 mean  64.011 z   +1.0 above   0 det  0 maxdev 0.0034
   k = 2^32 (one wrap of lo)     r=1 mean  64.011 z   +1.0 above   0 det  0 maxdev 0.0023 (none          )  r=2 mean  63.997 z   -0.3 above   0 det  0 maxdev 0.0030  r=3 mean  63.999 z   -0.1 above   0 det  0 maxdev 0.0032
   k = 2^33                      r=1 mean  63.978 z   -2.0 above   0 det  0 maxdev 0.0028 (none          )  r=2 mean  64.011 z   +1.0 above   0 det  0 maxdev 0.0035  r=3 mean  64.005 z   +0.4 above   0 det  0 maxdev 0.0034
input 24 "VDF128-T4-clock-probe-22"   parity of p - q for the pairs 12 13 14 23 24 34: even even odd even odd even
   k uniform in [1,1000]         r=1 mean  64.017 z   +1.6 above   0 det  0 maxdev 0.0028 (none          )  r=2 mean  64.006 z   +0.6 above   0 det  0 maxdev 0.0029  r=3 mean  64.016 z   +1.5 above   0 det  0 maxdev 0.0025
   k = 1                         r=1 mean  63.963 z   -3.4 above   0 det  0 maxdev 0.0039 (none          )  r=2 mean  63.988 z   -1.1 above   0 det  0 maxdev 0.0032  r=3 mean  64.013 z   +1.2 above   0 det  0 maxdev 0.0026
   k = 2^16                      r=1 mean  64.007 z   +0.6 above   0 det  0 maxdev 0.0023 (none          )  r=2 mean  63.992 z   -0.8 above   0 det  0 maxdev 0.0028  r=3 mean  63.985 z   -1.4 above   0 det  0 maxdev 0.0027
   k = 2^24                      r=1 mean  63.984 z   -1.4 above   0 det  0 maxdev 0.0036 (none          )  r=2 mean  63.992 z   -0.8 above   0 det  0 maxdev 0.0021  r=3 mean  64.013 z   +1.2 above   0 det  0 maxdev 0.0030
   k = 2^28                      r=1 mean  64.013 z   +1.2 above   0 det  0 maxdev 0.0034 (none          )  r=2 mean  63.997 z   -0.2 above   0 det  0 maxdev 0.0025  r=3 mean  64.012 z   +1.1 above   0 det  0 maxdev 0.0023
   k = 2^29, no wrap             r=1 mean  63.990 z   -0.9 above   0 det  0 maxdev 0.0031 (none          )  r=2 mean  64.004 z   +0.4 above   0 det  0 maxdev 0.0023  r=3 mean  64.008 z   +0.8 above   0 det  0 maxdev 0.0027
   k = 2^30, no wrap             r=1 mean  64.049 z   +4.5 above   6 det  0 maxdev 0.0272 (w1.b28 f 0.5272)  r=2 mean  64.013 z   +1.2 above   0 det  0 maxdev 0.0027  r=3 mean  64.004 z   +0.3 above   0 det  0 maxdev 0.0032
   k = 3*2^30, no wrap           r=1 mean  64.048 z   +4.3 above   8 det  0 maxdev 0.0269 (w1.b28 f 0.5269)  r=2 mean  63.991 z   -0.9 above   0 det  0 maxdev 0.0031  r=3 mean  63.989 z   -1.0 above   0 det  0 maxdev 0.0024
   k = 2^31, no wrap             r=1 mean  64.471 z  +42.7 above  11 det  0 maxdev 0.5000 (w1.b0  f 1.0000)  r=2 mean  64.002 z   +0.2 above   0 det  0 maxdev 0.0027  r=3 mean  63.997 z   -0.3 above   0 det  0 maxdev 0.0028
   k = 2^31, wrap                r=1 mean  63.993 z   -0.7 above   0 det  0 maxdev 0.0034 (none          )  r=2 mean  64.015 z   +1.3 above   0 det  0 maxdev 0.0027  r=3 mean  63.987 z   -1.2 above   0 det  0 maxdev 0.0033
   k = 2^31, all clocks          r=1 mean  64.234 z  +21.2 above   7 det  0 maxdev 0.2507 (w1.b0  f 0.7507)  r=2 mean  63.985 z   -1.3 above   0 det  0 maxdev 0.0028  r=3 mean  63.990 z   -0.9 above   0 det  0 maxdev 0.0023
   k = 2^32 (one wrap of lo)     r=1 mean  64.003 z   +0.3 above   0 det  0 maxdev 0.0032 (none          )  r=2 mean  63.983 z   -1.5 above   0 det  0 maxdev 0.0026  r=3 mean  63.997 z   -0.3 above   0 det  0 maxdev 0.0019
   k = 2^33                      r=1 mean  63.994 z   -0.5 above   0 det  0 maxdev 0.0020 (none          )  r=2 mean  63.997 z   -0.3 above   0 det  0 maxdev 0.0027  r=3 mean  63.996 z   -0.4 above   0 det  0 maxdev 0.0025
input 25 "VDF128-T4-clock-probe-23"   parity of p - q for the pairs 12 13 14 23 24 34: even even odd even odd even
   k uniform in [1,1000]         r=1 mean  64.005 z   +0.5 above   0 det  0 maxdev 0.0030 (none          )  r=2 mean  63.993 z   -0.7 above   0 det  0 maxdev 0.0022  r=3 mean  63.998 z   -0.2 above   0 det  0 maxdev 0.0022
   k = 1                         r=1 mean  64.007 z   +0.6 above   0 det  0 maxdev 0.0026 (none          )  r=2 mean  63.993 z   -0.6 above   0 det  0 maxdev 0.0031  r=3 mean  64.009 z   +0.8 above   0 det  0 maxdev 0.0025
   k = 2^16                      r=1 mean  63.982 z   -1.6 above   1 det  0 maxdev 0.0084 (w1.b30 f 0.4916)  r=2 mean  63.991 z   -0.8 above   0 det  0 maxdev 0.0025  r=3 mean  63.977 z   -2.0 above   0 det  0 maxdev 0.0022
   k = 2^24                      r=1 mean  63.992 z   -0.8 above   0 det  0 maxdev 0.0028 (none          )  r=2 mean  64.015 z   +1.4 above   0 det  0 maxdev 0.0029  r=3 mean  63.991 z   -0.8 above   0 det  0 maxdev 0.0033
   k = 2^28                      r=1 mean  64.014 z   +1.3 above   1 det  0 maxdev 0.0115 (w1.b31 f 0.5115)  r=2 mean  64.006 z   +0.5 above   0 det  0 maxdev 0.0023  r=3 mean  64.015 z   +1.4 above   0 det  0 maxdev 0.0033
   k = 2^29, no wrap             r=1 mean  63.990 z   -0.9 above   0 det  0 maxdev 0.0029 (none          )  r=2 mean  63.970 z   -2.7 above   0 det  0 maxdev 0.0030  r=3 mean  63.994 z   -0.6 above   0 det  0 maxdev 0.0028
   k = 2^30, no wrap             r=1 mean  64.016 z   +1.4 above   7 det  0 maxdev 0.0292 (w1.b28 f 0.5292)  r=2 mean  64.008 z   +0.7 above   0 det  0 maxdev 0.0023  r=3 mean  63.979 z   -1.9 above   0 det  0 maxdev 0.0031
   k = 3*2^30, no wrap           r=1 mean  64.030 z   +2.7 above   7 det  0 maxdev 0.0270 (w1.b28 f 0.5270)  r=2 mean  63.992 z   -0.7 above   0 det  0 maxdev 0.0025  r=3 mean  63.994 z   -0.6 above   0 det  0 maxdev 0.0026
   k = 2^31, no wrap             r=1 mean  64.486 z  +44.0 above  12 det  0 maxdev 0.5000 (w1.b0  f 1.0000)  r=2 mean  64.004 z   +0.4 above   0 det  0 maxdev 0.0032  r=3 mean  63.979 z   -1.9 above   0 det  0 maxdev 0.0028
   k = 2^31, wrap                r=1 mean  63.991 z   -0.8 above   0 det  0 maxdev 0.0039 (none          )  r=2 mean  63.993 z   -0.7 above   0 det  0 maxdev 0.0032  r=3 mean  64.015 z   +1.3 above   0 det  0 maxdev 0.0035
   k = 2^31, all clocks          r=1 mean  64.223 z  +20.2 above   6 det  0 maxdev 0.2497 (w1.b0  f 0.7497)  r=2 mean  63.994 z   -0.5 above   0 det  0 maxdev 0.0028  r=3 mean  63.994 z   -0.5 above   0 det  0 maxdev 0.0040
   k = 2^32 (one wrap of lo)     r=1 mean  63.999 z   -0.1 above   1 det  0 maxdev 0.0047 (w1.b30 f 0.4953)  r=2 mean  63.992 z   -0.7 above   0 det  0 maxdev 0.0026  r=3 mean  63.991 z   -0.8 above   0 det  0 maxdev 0.0029
   k = 2^33                      r=1 mean  64.002 z   +0.1 above   0 det  0 maxdev 0.0037 (none          )  r=2 mean  63.992 z   -0.7 above   0 det  0 maxdev 0.0027  r=3 mean  63.998 z   -0.2 above   0 det  0 maxdev 0.0023
input 26 "VDF128-T4-clock-probe-24"   parity of p - q for the pairs 12 13 14 23 24 34: even even odd even even even
   k uniform in [1,1000]         r=1 mean  63.990 z   -0.9 above   0 det  0 maxdev 0.0024 (none          )  r=2 mean  64.004 z   +0.3 above   0 det  0 maxdev 0.0034  r=3 mean  64.009 z   +0.8 above   0 det  0 maxdev 0.0025
   k = 1                         r=1 mean  63.991 z   -0.8 above   0 det  0 maxdev 0.0028 (none          )  r=2 mean  63.989 z   -1.0 above   0 det  0 maxdev 0.0027  r=3 mean  64.004 z   +0.4 above   0 det  0 maxdev 0.0023
   k = 2^16                      r=1 mean  63.999 z   -0.1 above   0 det  0 maxdev 0.0028 (none          )  r=2 mean  63.997 z   -0.3 above   0 det  0 maxdev 0.0022  r=3 mean  63.972 z   -2.6 above   0 det  0 maxdev 0.0029
   k = 2^24                      r=1 mean  64.008 z   +0.7 above   0 det  0 maxdev 0.0027 (none          )  r=2 mean  64.004 z   +0.4 above   0 det  0 maxdev 0.0023  r=3 mean  63.976 z   -2.2 above   0 det  0 maxdev 0.0027
   k = 2^28                      r=1 mean  63.982 z   -1.6 above   0 det  0 maxdev 0.0027 (none          )  r=2 mean  63.998 z   -0.2 above   0 det  0 maxdev 0.0031  r=3 mean  64.005 z   +0.4 above   0 det  0 maxdev 0.0023
   k = 2^29, no wrap             r=1 mean  63.984 z   -1.5 above   0 det  0 maxdev 0.0026 (none          )  r=2 mean  63.995 z   -0.5 above   0 det  0 maxdev 0.0027  r=3 mean  63.994 z   -0.5 above   0 det  0 maxdev 0.0028
   k = 2^30, no wrap             r=1 mean  64.006 z   +0.6 above   1 det  0 maxdev 0.0045 (w2.b29 f 0.4955)  r=2 mean  64.001 z   +0.1 above   0 det  0 maxdev 0.0027  r=3 mean  64.011 z   +1.0 above   0 det  0 maxdev 0.0030
   k = 3*2^30, no wrap           r=1 mean  63.997 z   -0.3 above   1 det  0 maxdev 0.0053 (w2.b29 f 0.4947)  r=2 mean  63.996 z   -0.3 above   0 det  0 maxdev 0.0022  r=3 mean  63.999 z   -0.1 above   0 det  0 maxdev 0.0021
   k = 2^31, no wrap             r=1 mean  64.476 z  +43.1 above  11 det  0 maxdev 0.4999 (w1.b0  f 0.9999)  r=2 mean  63.998 z   -0.1 above   0 det  0 maxdev 0.0025  r=3 mean  63.977 z   -2.1 above   0 det  0 maxdev 0.0022
   k = 2^31, wrap                r=1 mean  63.999 z   -0.1 above   0 det  0 maxdev 0.0036 (none          )  r=2 mean  64.020 z   +1.8 above   0 det  0 maxdev 0.0032  r=3 mean  64.005 z   +0.4 above   0 det  0 maxdev 0.0029
   k = 2^31, all clocks          r=1 mean  64.257 z  +23.3 above   7 det  0 maxdev 0.2497 (w1.b0  f 0.7497)  r=2 mean  64.010 z   +0.9 above   0 det  0 maxdev 0.0025  r=3 mean  64.003 z   +0.3 above   0 det  0 maxdev 0.0028
   k = 2^32 (one wrap of lo)     r=1 mean  63.997 z   -0.3 above   0 det  0 maxdev 0.0025 (none          )  r=2 mean  63.989 z   -1.0 above   0 det  0 maxdev 0.0037  r=3 mean  63.985 z   -1.3 above   0 det  0 maxdev 0.0030
   k = 2^33                      r=1 mean  64.013 z   +1.2 above   0 det  0 maxdev 0.0027 (none          )  r=2 mean  64.007 z   +0.6 above   0 det  0 maxdev 0.0025  r=3 mean  63.982 z   -1.6 above   0 det  0 maxdev 0.0029
input 27 "VDF128-T4-clock-probe-25"   parity of p - q for the pairs 12 13 14 23 24 34: odd even odd even odd even
   k uniform in [1,1000]         r=1 mean  63.995 z   -0.5 above   0 det  0 maxdev 0.0025 (none          )  r=2 mean  64.009 z   +0.8 above   0 det  0 maxdev 0.0024  r=3 mean  64.020 z   +1.8 above   0 det  0 maxdev 0.0027
   k = 1                         r=1 mean  63.997 z   -0.3 above   0 det  0 maxdev 0.0034 (none          )  r=2 mean  63.984 z   -1.5 above   0 det  0 maxdev 0.0029  r=3 mean  63.997 z   -0.2 above   0 det  0 maxdev 0.0028
   k = 2^16                      r=1 mean  64.001 z   +0.1 above   0 det  0 maxdev 0.0034 (none          )  r=2 mean  63.991 z   -0.8 above   0 det  0 maxdev 0.0031  r=3 mean  64.013 z   +1.1 above   0 det  0 maxdev 0.0022
   k = 2^24                      r=1 mean  63.987 z   -1.1 above   0 det  0 maxdev 0.0025 (none          )  r=2 mean  63.994 z   -0.5 above   0 det  0 maxdev 0.0029  r=3 mean  64.008 z   +0.8 above   0 det  0 maxdev 0.0029
   k = 2^28                      r=1 mean  64.006 z   +0.6 above   0 det  0 maxdev 0.0027 (none          )  r=2 mean  63.991 z   -0.8 above   0 det  0 maxdev 0.0030  r=3 mean  64.000 z   +0.0 above   0 det  0 maxdev 0.0028
   k = 2^29, no wrap             r=1 mean  63.989 z   -1.0 above   0 det  0 maxdev 0.0028 (none          )  r=2 mean  63.998 z   -0.2 above   0 det  0 maxdev 0.0033  r=3 mean  64.007 z   +0.7 above   0 det  0 maxdev 0.0028
   k = 2^30, no wrap             r=1 mean  64.007 z   +0.6 above   0 det  0 maxdev 0.0027 (none          )  r=2 mean  64.005 z   +0.5 above   0 det  0 maxdev 0.0024  r=3 mean  64.002 z   +0.2 above   0 det  0 maxdev 0.0028
   k = 3*2^30, no wrap           r=1 mean  64.008 z   +0.7 above   0 det  0 maxdev 0.0030 (none          )  r=2 mean  63.995 z   -0.5 above   0 det  0 maxdev 0.0028  r=3 mean  64.018 z   +1.6 above   0 det  0 maxdev 0.0027
   k = 2^31, no wrap             r=1 mean  63.493 z  -45.9 above   2 det  0 maxdev 0.4998 (w1.b0  f 0.0002)  r=2 mean  64.005 z   +0.5 above   0 det  0 maxdev 0.0034  r=3 mean  64.012 z   +1.1 above   0 det  0 maxdev 0.0035
   k = 2^31, wrap                r=1 mean  64.010 z   +0.9 above   0 det  0 maxdev 0.0026 (none          )  r=2 mean  64.000 z   +0.0 above   0 det  0 maxdev 0.0026  r=3 mean  64.013 z   +1.2 above   0 det  0 maxdev 0.0025
   k = 2^31, all clocks          r=1 mean  63.753 z  -22.4 above   1 det  0 maxdev 0.2492 (w1.b0  f 0.2508)  r=2 mean  64.013 z   +1.2 above   0 det  0 maxdev 0.0031  r=3 mean  64.000 z   +0.0 above   0 det  0 maxdev 0.0037
   k = 2^32 (one wrap of lo)     r=1 mean  63.997 z   -0.3 above   0 det  0 maxdev 0.0025 (none          )  r=2 mean  63.991 z   -0.8 above   0 det  0 maxdev 0.0041  r=3 mean  63.994 z   -0.5 above   0 det  0 maxdev 0.0031
   k = 2^33                      r=1 mean  63.990 z   -0.9 above   0 det  0 maxdev 0.0022 (none          )  r=2 mean  64.028 z   +2.5 above   0 det  0 maxdev 0.0026  r=3 mean  63.989 z   -1.0 above   0 det  0 maxdev 0.0030
input 28 "VDF128-T4-clock-probe-26"   parity of p - q for the pairs 12 13 14 23 24 34: even odd odd odd even odd
   k uniform in [1,1000]         r=1 mean  63.979 z   -1.9 above   0 det  0 maxdev 0.0032 (none          )  r=2 mean  64.016 z   +1.5 above   0 det  0 maxdev 0.0028  r=3 mean  64.011 z   +1.0 above   0 det  0 maxdev 0.0031
   k = 1                         r=1 mean  63.988 z   -1.1 above   0 det  0 maxdev 0.0021 (none          )  r=2 mean  64.003 z   +0.3 above   0 det  0 maxdev 0.0025  r=3 mean  63.998 z   -0.2 above   0 det  0 maxdev 0.0025
   k = 2^16                      r=1 mean  64.024 z   +2.2 above   0 det  0 maxdev 0.0026 (none          )  r=2 mean  64.007 z   +0.6 above   0 det  0 maxdev 0.0026  r=3 mean  64.016 z   +1.4 above   0 det  0 maxdev 0.0025
   k = 2^24                      r=1 mean  64.016 z   +1.4 above   0 det  0 maxdev 0.0033 (none          )  r=2 mean  64.004 z   +0.3 above   0 det  0 maxdev 0.0029  r=3 mean  64.023 z   +2.1 above   0 det  0 maxdev 0.0026
   k = 2^28                      r=1 mean  63.988 z   -1.1 above   0 det  0 maxdev 0.0025 (none          )  r=2 mean  64.005 z   +0.5 above   0 det  0 maxdev 0.0027  r=3 mean  63.992 z   -0.8 above   0 det  0 maxdev 0.0027
   k = 2^29, no wrap             r=1 mean  64.033 z   +2.9 above   0 det  0 maxdev 0.0031 (none          )  r=2 mean  63.978 z   -2.0 above   0 det  0 maxdev 0.0021  r=3 mean  64.009 z   +0.8 above   0 det  0 maxdev 0.0031
   k = 2^30, no wrap             r=1 mean  63.987 z   -1.1 above   0 det  0 maxdev 0.0025 (none          )  r=2 mean  63.989 z   -1.0 above   0 det  0 maxdev 0.0025  r=3 mean  63.997 z   -0.3 above   0 det  0 maxdev 0.0027
   k = 3*2^30, no wrap           r=1 mean  63.999 z   -0.0 above   0 det  0 maxdev 0.0025 (none          )  r=2 mean  63.996 z   -0.3 above   0 det  0 maxdev 0.0027  r=3 mean  63.992 z   -0.7 above   0 det  0 maxdev 0.0033
   k = 2^31, no wrap             r=1 mean  63.475 z  -47.5 above   2 det  0 maxdev 0.4999 (w1.b0  f 0.0001)  r=2 mean  63.999 z   -0.1 above   0 det  0 maxdev 0.0027  r=3 mean  64.007 z   +0.6 above   0 det  0 maxdev 0.0025
   k = 2^31, wrap                r=1 mean  64.006 z   +0.6 above   0 det  0 maxdev 0.0033 (none          )  r=2 mean  64.004 z   +0.4 above   0 det  0 maxdev 0.0030  r=3 mean  63.980 z   -1.8 above   0 det  0 maxdev 0.0026
   k = 2^31, all clocks          r=1 mean  63.756 z  -22.1 above   1 det  0 maxdev 0.2505 (w1.b0  f 0.2495)  r=2 mean  64.004 z   +0.4 above   0 det  0 maxdev 0.0029  r=3 mean  63.989 z   -1.0 above   0 det  0 maxdev 0.0028
   k = 2^32 (one wrap of lo)     r=1 mean  64.034 z   +3.1 above   2 det  0 maxdev 0.0188 (w1.b31 f 0.5188)  r=2 mean  64.016 z   +1.4 above   0 det  0 maxdev 0.0037  r=3 mean  64.013 z   +1.2 above   0 det  0 maxdev 0.0030
   k = 2^33                      r=1 mean  64.019 z   +1.8 above   1 det  0 maxdev 0.0046 (w1.b31 f 0.4954)  r=2 mean  63.988 z   -1.1 above   0 det  0 maxdev 0.0024  r=3 mean  63.985 z   -1.4 above   0 det  0 maxdev 0.0032
input 29 "VDF128-T4-clock-probe-27"   parity of p - q for the pairs 12 13 14 23 24 34: odd odd even even even odd
   k uniform in [1,1000]         r=1 mean  64.011 z   +1.0 above   0 det  0 maxdev 0.0026 (none          )  r=2 mean  64.013 z   +1.2 above   0 det  0 maxdev 0.0019  r=3 mean  63.983 z   -1.6 above   0 det  0 maxdev 0.0029
   k = 1                         r=1 mean  64.016 z   +1.5 above   0 det  0 maxdev 0.0029 (none          )  r=2 mean  64.002 z   +0.1 above   0 det  0 maxdev 0.0022  r=3 mean  64.009 z   +0.8 above   0 det  0 maxdev 0.0027
   k = 2^16                      r=1 mean  64.003 z   +0.2 above   0 det  0 maxdev 0.0027 (none          )  r=2 mean  63.993 z   -0.6 above   0 det  0 maxdev 0.0024  r=3 mean  64.001 z   +0.1 above   0 det  0 maxdev 0.0035
   k = 2^24                      r=1 mean  64.013 z   +1.2 above   0 det  0 maxdev 0.0032 (none          )  r=2 mean  63.999 z   -0.1 above   0 det  0 maxdev 0.0031  r=3 mean  64.005 z   +0.5 above   0 det  0 maxdev 0.0023
   k = 2^28                      r=1 mean  63.994 z   -0.5 above   0 det  0 maxdev 0.0027 (none          )  r=2 mean  63.999 z   -0.1 above   0 det  0 maxdev 0.0028  r=3 mean  63.996 z   -0.4 above   0 det  0 maxdev 0.0030
   k = 2^29, no wrap             r=1 mean  63.990 z   -0.9 above   0 det  0 maxdev 0.0027 (none          )  r=2 mean  63.991 z   -0.8 above   0 det  0 maxdev 0.0028  r=3 mean  64.008 z   +0.7 above   0 det  0 maxdev 0.0034
   k = 2^30, no wrap             r=1 mean  64.000 z   -0.0 above   0 det  0 maxdev 0.0025 (none          )  r=2 mean  64.006 z   +0.6 above   0 det  0 maxdev 0.0032  r=3 mean  63.988 z   -1.0 above   0 det  0 maxdev 0.0035
   k = 3*2^30, no wrap           r=1 mean  63.986 z   -1.2 above   0 det  0 maxdev 0.0028 (none          )  r=2 mean  63.988 z   -1.1 above   0 det  0 maxdev 0.0033  r=3 mean  63.982 z   -1.6 above   0 det  0 maxdev 0.0031
   k = 2^31, no wrap             r=1 mean  63.502 z  -45.1 above   2 det  0 maxdev 0.4999 (w1.b0  f 0.0001)  r=2 mean  63.992 z   -0.7 above   0 det  0 maxdev 0.0027  r=3 mean  64.001 z   +0.1 above   0 det  0 maxdev 0.0023
   k = 2^31, wrap                r=1 mean  64.000 z   -0.0 above   0 det  0 maxdev 0.0026 (none          )  r=2 mean  64.008 z   +0.8 above   0 det  0 maxdev 0.0028  r=3 mean  64.004 z   +0.4 above   0 det  0 maxdev 0.0026
   k = 2^31, all clocks          r=1 mean  63.750 z  -22.6 above   1 det  0 maxdev 0.2508 (w1.b0  f 0.2492)  r=2 mean  63.997 z   -0.3 above   0 det  0 maxdev 0.0030  r=3 mean  63.986 z   -1.3 above   0 det  0 maxdev 0.0029
   k = 2^32 (one wrap of lo)     r=1 mean  63.991 z   -0.8 above   0 det  0 maxdev 0.0028 (none          )  r=2 mean  64.022 z   +2.0 above   0 det  0 maxdev 0.0027  r=3 mean  63.992 z   -0.7 above   0 det  0 maxdev 0.0019
   k = 2^33                      r=1 mean  64.013 z   +1.2 above   0 det  0 maxdev 0.0024 (none          )  r=2 mean  64.023 z   +2.0 above   0 det  0 maxdev 0.0037  r=3 mean  64.001 z   +0.1 above   0 det  0 maxdev 0.0028
input 30 "VDF128-T4-clock-probe-28"   parity of p - q for the pairs 12 13 14 23 24 34: even even even odd odd odd
   k uniform in [1,1000]         r=1 mean  63.986 z   -1.2 above   0 det  0 maxdev 0.0034 (none          )  r=2 mean  64.006 z   +0.5 above   0 det  0 maxdev 0.0028  r=3 mean  64.010 z   +0.9 above   0 det  0 maxdev 0.0031
   k = 1                         r=1 mean  63.998 z   -0.2 above   0 det  0 maxdev 0.0027 (none          )  r=2 mean  63.995 z   -0.5 above   0 det  0 maxdev 0.0027  r=3 mean  64.002 z   +0.2 above   0 det  0 maxdev 0.0027
   k = 2^16                      r=1 mean  64.017 z   +1.5 above   0 det  0 maxdev 0.0031 (none          )  r=2 mean  64.002 z   +0.2 above   0 det  0 maxdev 0.0021  r=3 mean  64.019 z   +1.7 above   0 det  0 maxdev 0.0033
   k = 2^24                      r=1 mean  63.989 z   -1.0 above   0 det  0 maxdev 0.0023 (none          )  r=2 mean  63.989 z   -1.0 above   0 det  0 maxdev 0.0027  r=3 mean  63.993 z   -0.6 above   0 det  0 maxdev 0.0032
   k = 2^28                      r=1 mean  63.996 z   -0.4 above   0 det  0 maxdev 0.0022 (none          )  r=2 mean  64.016 z   +1.4 above   0 det  0 maxdev 0.0025  r=3 mean  63.996 z   -0.4 above   0 det  0 maxdev 0.0022
   k = 2^29, no wrap             r=1 mean  63.981 z   -1.7 above   0 det  0 maxdev 0.0027 (none          )  r=2 mean  64.015 z   +1.3 above   0 det  0 maxdev 0.0029  r=3 mean  63.996 z   -0.4 above   0 det  0 maxdev 0.0023
   k = 2^30, no wrap             r=1 mean  63.514 z  -44.0 above   2 det  0 maxdev 0.4999 (w1.b0  f 0.0001)  r=2 mean  63.999 z   -0.1 above   0 det  0 maxdev 0.0028  r=3 mean  64.012 z   +1.1 above   0 det  0 maxdev 0.0027
   k = 3*2^30, no wrap           r=1 mean  63.510 z  -44.4 above   2 det  0 maxdev 0.4999 (w1.b0  f 0.0001)  r=2 mean  63.987 z   -1.2 above   0 det  0 maxdev 0.0025  r=3 mean  63.998 z   -0.2 above   0 det  0 maxdev 0.0024
   k = 2^31, no wrap             r=1 mean  48.494 z -1403.4 above  34 det 32 maxdev 0.5000 (w1.b0  f 0.0000)  r=2 mean  63.989 z   -1.0 above   0 det  0 maxdev 0.0028  r=3 mean  64.001 z   +0.1 above   0 det  0 maxdev 0.0027
   k = 2^31, wrap                r=1 mean  64.003 z   +0.3 above   0 det  0 maxdev 0.0032 (none          )  r=2 mean  64.007 z   +0.6 above   0 det  0 maxdev 0.0027  r=3 mean  63.979 z   -1.9 above   0 det  0 maxdev 0.0027
   k = 2^31, all clocks          r=1 mean  56.244 z -702.0 above  33 det  0 maxdev 0.2518 (w1.b0  f 0.2482)  r=2 mean  63.979 z   -1.9 above   0 det  0 maxdev 0.0032  r=3 mean  63.994 z   -0.6 above   0 det  0 maxdev 0.0023
   k = 2^32 (one wrap of lo)     r=1 mean  63.990 z   -0.9 above   0 det  0 maxdev 0.0022 (none          )  r=2 mean  64.002 z   +0.2 above   0 det  0 maxdev 0.0030  r=3 mean  64.025 z   +2.2 above   0 det  0 maxdev 0.0031
   k = 2^33                      r=1 mean  64.010 z   +0.9 above   0 det  0 maxdev 0.0023 (none          )  r=2 mean  64.004 z   +0.4 above   0 det  0 maxdev 0.0027  r=3 mean  64.016 z   +1.4 above   0 det  0 maxdev 0.0030
input 31 "VDF128-T4-clock-probe-29"   parity of p - q for the pairs 12 13 14 23 24 34: odd odd even even odd odd
   k uniform in [1,1000]         r=1 mean  63.978 z   -2.0 above   0 det  0 maxdev 0.0024 (none          )  r=2 mean  63.982 z   -1.7 above   0 det  0 maxdev 0.0023  r=3 mean  63.995 z   -0.4 above   0 det  0 maxdev 0.0029
   k = 1                         r=1 mean  63.989 z   -1.0 above   0 det  0 maxdev 0.0027 (none          )  r=2 mean  63.979 z   -1.9 above   0 det  0 maxdev 0.0023  r=3 mean  63.998 z   -0.2 above   0 det  0 maxdev 0.0028
   k = 2^16                      r=1 mean  64.017 z   +1.6 above   0 det  0 maxdev 0.0031 (none          )  r=2 mean  63.993 z   -0.6 above   0 det  0 maxdev 0.0033  r=3 mean  64.021 z   +1.9 above   0 det  0 maxdev 0.0029
   k = 2^24                      r=1 mean  64.017 z   +1.6 above   0 det  0 maxdev 0.0026 (none          )  r=2 mean  63.993 z   -0.6 above   0 det  0 maxdev 0.0028  r=3 mean  64.010 z   +0.9 above   0 det  0 maxdev 0.0031
   k = 2^28                      r=1 mean  64.019 z   +1.7 above   0 det  0 maxdev 0.0028 (none          )  r=2 mean  64.010 z   +0.9 above   0 det  0 maxdev 0.0025  r=3 mean  63.997 z   -0.2 above   0 det  0 maxdev 0.0026
   k = 2^29, no wrap             r=1 mean  63.987 z   -1.2 above   0 det  0 maxdev 0.0028 (none          )  r=2 mean  64.007 z   +0.7 above   0 det  0 maxdev 0.0022  r=3 mean  63.999 z   -0.1 above   0 det  0 maxdev 0.0028
   k = 2^30, no wrap             r=1 mean  64.004 z   +0.4 above   0 det  0 maxdev 0.0031 (none          )  r=2 mean  63.989 z   -1.0 above   0 det  0 maxdev 0.0023  r=3 mean  64.023 z   +2.0 above   0 det  0 maxdev 0.0027
   k = 3*2^30, no wrap           r=1 mean  63.985 z   -1.3 above   0 det  0 maxdev 0.0024 (none          )  r=2 mean  64.019 z   +1.7 above   0 det  0 maxdev 0.0028  r=3 mean  63.992 z   -0.7 above   0 det  0 maxdev 0.0031
   k = 2^31, no wrap             r=1 mean  63.500 z  -45.3 above   2 det  0 maxdev 0.4999 (w1.b0  f 0.0001)  r=2 mean  63.997 z   -0.3 above   0 det  0 maxdev 0.0032  r=3 mean  64.018 z   +1.6 above   0 det  0 maxdev 0.0032
   k = 2^31, wrap                r=1 mean  64.005 z   +0.5 above   0 det  0 maxdev 0.0032 (none          )  r=2 mean  64.006 z   +0.5 above   0 det  0 maxdev 0.0037  r=3 mean  63.978 z   -2.0 above   0 det  0 maxdev 0.0026
   k = 2^31, all clocks          r=1 mean  63.754 z  -22.2 above   1 det  0 maxdev 0.2512 (w1.b0  f 0.2488)  r=2 mean  64.012 z   +1.1 above   0 det  0 maxdev 0.0027  r=3 mean  64.005 z   +0.5 above   0 det  0 maxdev 0.0025
   k = 2^32 (one wrap of lo)     r=1 mean  63.994 z   -0.5 above   0 det  0 maxdev 0.0027 (none          )  r=2 mean  64.016 z   +1.4 above   0 det  0 maxdev 0.0032  r=3 mean  64.007 z   +0.6 above   0 det  0 maxdev 0.0029
   k = 2^33                      r=1 mean  63.993 z   -0.6 above   0 det  0 maxdev 0.0024 (none          )  r=2 mean  63.973 z   -2.4 above   0 det  0 maxdev 0.0024  r=3 mean  63.983 z   -1.5 above   0 det  0 maxdev 0.0034
input 32 "VDF128-T4-clock-probe-30"   parity of p - q for the pairs 12 13 14 23 24 34: odd odd odd odd even odd
   k uniform in [1,1000]         r=1 mean  63.994 z   -0.5 above   0 det  0 maxdev 0.0031 (none          )  r=2 mean  63.996 z   -0.3 above   0 det  0 maxdev 0.0025  r=3 mean  63.992 z   -0.7 above   0 det  0 maxdev 0.0023
   k = 1                         r=1 mean  64.021 z   +1.9 above   0 det  0 maxdev 0.0026 (none          )  r=2 mean  64.015 z   +1.4 above   0 det  0 maxdev 0.0028  r=3 mean  63.968 z   -2.9 above   0 det  0 maxdev 0.0033
   k = 2^16                      r=1 mean  63.975 z   -2.3 above   0 det  0 maxdev 0.0031 (none          )  r=2 mean  63.992 z   -0.7 above   0 det  0 maxdev 0.0025  r=3 mean  64.000 z   -0.0 above   0 det  0 maxdev 0.0027
   k = 2^24                      r=1 mean  63.995 z   -0.4 above   0 det  0 maxdev 0.0025 (none          )  r=2 mean  63.987 z   -1.2 above   0 det  0 maxdev 0.0023  r=3 mean  64.022 z   +2.0 above   0 det  0 maxdev 0.0027
   k = 2^28                      r=1 mean  63.999 z   -0.1 above   0 det  0 maxdev 0.0039 (none          )  r=2 mean  63.988 z   -1.0 above   0 det  0 maxdev 0.0033  r=3 mean  64.003 z   +0.2 above   0 det  0 maxdev 0.0032
   k = 2^29, no wrap             r=1 mean  64.003 z   +0.3 above   0 det  0 maxdev 0.0023 (none          )  r=2 mean  63.985 z   -1.3 above   0 det  0 maxdev 0.0026  r=3 mean  63.995 z   -0.5 above   0 det  0 maxdev 0.0024
   k = 2^30, no wrap             r=1 mean  64.004 z   +0.4 above   0 det  0 maxdev 0.0028 (none          )  r=2 mean  63.990 z   -0.9 above   0 det  0 maxdev 0.0033  r=3 mean  63.979 z   -1.9 above   0 det  0 maxdev 0.0025
   k = 3*2^30, no wrap           r=1 mean  64.016 z   +1.4 above   0 det  0 maxdev 0.0026 (none          )  r=2 mean  63.996 z   -0.3 above   0 det  0 maxdev 0.0025  r=3 mean  63.988 z   -1.0 above   0 det  0 maxdev 0.0028
   k = 2^31, no wrap             r=1 mean  64.487 z  +44.0 above   1 det  0 maxdev 0.4998 (w1.b0  f 0.9998)  r=2 mean  64.014 z   +1.3 above   0 det  0 maxdev 0.0032  r=3 mean  63.995 z   -0.4 above   0 det  0 maxdev 0.0021
   k = 2^31, wrap                r=1 mean  63.991 z   -0.8 above   0 det  0 maxdev 0.0021 (none          )  r=2 mean  64.006 z   +0.5 above   0 det  0 maxdev 0.0024  r=3 mean  64.003 z   +0.3 above   0 det  0 maxdev 0.0027
   k = 2^31, all clocks          r=1 mean  64.239 z  +21.6 above   1 det  0 maxdev 0.2486 (w1.b0  f 0.7486)  r=2 mean  64.000 z   +0.0 above   0 det  0 maxdev 0.0036  r=3 mean  64.011 z   +1.0 above   0 det  0 maxdev 0.0027
   k = 2^32 (one wrap of lo)     r=1 mean  64.009 z   +0.9 above   1 det  0 maxdev 0.0121 (w1.b31 f 0.5121)  r=2 mean  63.987 z   -1.2 above   0 det  0 maxdev 0.0027  r=3 mean  63.979 z   -1.9 above   0 det  0 maxdev 0.0023
   k = 2^33                      r=1 mean  63.991 z   -0.9 above   1 det  0 maxdev 0.0059 (w1.b31 f 0.4941)  r=2 mean  63.998 z   -0.2 above   0 det  0 maxdev 0.0027  r=3 mean  64.017 z   +1.5 above   0 det  0 maxdev 0.0029
input 33 "VDF128-T4-clock-probe-31"   parity of p - q for the pairs 12 13 14 23 24 34: even even odd even odd odd
   k uniform in [1,1000]         r=1 mean  63.985 z   -1.3 above   0 det  0 maxdev 0.0026 (none          )  r=2 mean  64.000 z   -0.0 above   0 det  0 maxdev 0.0031  r=3 mean  64.002 z   +0.2 above   0 det  0 maxdev 0.0021
   k = 1                         r=1 mean  63.992 z   -0.8 above   1 det  0 maxdev 0.0049 (w1.b31 f 0.5049)  r=2 mean  63.988 z   -1.1 above   0 det  0 maxdev 0.0023  r=3 mean  63.993 z   -0.6 above   0 det  0 maxdev 0.0028
   k = 2^16                      r=1 mean  63.991 z   -0.8 above   0 det  0 maxdev 0.0025 (none          )  r=2 mean  64.003 z   +0.3 above   0 det  0 maxdev 0.0028  r=3 mean  63.999 z   -0.1 above   0 det  0 maxdev 0.0027
   k = 2^24                      r=1 mean  63.985 z   -1.3 above   0 det  0 maxdev 0.0029 (none          )  r=2 mean  64.003 z   +0.3 above   0 det  0 maxdev 0.0032  r=3 mean  63.986 z   -1.3 above   0 det  0 maxdev 0.0028
   k = 2^28                      r=1 mean  64.010 z   +0.9 above   0 det  0 maxdev 0.0030 (none          )  r=2 mean  64.003 z   +0.2 above   0 det  0 maxdev 0.0028  r=3 mean  64.008 z   +0.7 above   0 det  0 maxdev 0.0026
   k = 2^29, no wrap             r=1 mean  64.013 z   +1.2 above   0 det  0 maxdev 0.0033 (none          )  r=2 mean  64.003 z   +0.3 above   0 det  0 maxdev 0.0035  r=3 mean  63.991 z   -0.8 above   0 det  0 maxdev 0.0032
   k = 2^30, no wrap             r=1 mean  64.007 z   +0.6 above   0 det  0 maxdev 0.0029 (none          )  r=2 mean  63.995 z   -0.4 above   0 det  0 maxdev 0.0025  r=3 mean  63.992 z   -0.7 above   0 det  0 maxdev 0.0030
   k = 3*2^30, no wrap           r=1 mean  64.017 z   +1.5 above   0 det  0 maxdev 0.0034 (none          )  r=2 mean  64.011 z   +1.0 above   0 det  0 maxdev 0.0027  r=3 mean  64.001 z   +0.1 above   0 det  0 maxdev 0.0028
   k = 2^31, no wrap             r=1 mean  64.482 z  +43.6 above  10 det  0 maxdev 0.4999 (w1.b0  f 0.9999)  r=2 mean  64.000 z   +0.0 above   0 det  0 maxdev 0.0025  r=3 mean  64.020 z   +1.8 above   0 det  0 maxdev 0.0031
   k = 2^31, wrap                r=1 mean  64.003 z   +0.3 above   0 det  0 maxdev 0.0030 (none          )  r=2 mean  63.989 z   -1.0 above   0 det  0 maxdev 0.0033  r=3 mean  63.984 z   -1.4 above   0 det  0 maxdev 0.0028
   k = 2^31, all clocks          r=1 mean  64.240 z  +21.7 above   7 det  0 maxdev 0.2499 (w1.b0  f 0.7499)  r=2 mean  63.989 z   -1.0 above   0 det  0 maxdev 0.0028  r=3 mean  63.995 z   -0.5 above   0 det  0 maxdev 0.0028
   k = 2^32 (one wrap of lo)     r=1 mean  64.007 z   +0.6 above   0 det  0 maxdev 0.0034 (none          )  r=2 mean  63.999 z   -0.1 above   0 det  0 maxdev 0.0029  r=3 mean  63.994 z   -0.5 above   0 det  0 maxdev 0.0022
   k = 2^33                      r=1 mean  64.010 z   +0.9 above   0 det  0 maxdev 0.0022 (none          )  r=2 mean  63.990 z   -0.9 above   0 det  0 maxdev 0.0025  r=3 mean  63.986 z   -1.3 above   0 det  0 maxdev 0.0031
input 34 "VDF128-T4-clock-probe-32"   parity of p - q for the pairs 12 13 14 23 24 34: odd odd even odd even even
   k uniform in [1,1000]         r=1 mean  63.978 z   -2.0 above   0 det  0 maxdev 0.0022 (none          )  r=2 mean  64.008 z   +0.7 above   0 det  0 maxdev 0.0023  r=3 mean  64.003 z   +0.3 above   0 det  0 maxdev 0.0022
   k = 1                         r=1 mean  64.009 z   +0.9 above   0 det  0 maxdev 0.0041 (none          )  r=2 mean  64.007 z   +0.6 above   0 det  0 maxdev 0.0028  r=3 mean  64.000 z   -0.0 above   0 det  0 maxdev 0.0030
   k = 2^16                      r=1 mean  63.999 z   -0.1 above   0 det  0 maxdev 0.0032 (none          )  r=2 mean  63.995 z   -0.5 above   0 det  0 maxdev 0.0033  r=3 mean  64.008 z   +0.8 above   0 det  0 maxdev 0.0028
   k = 2^24                      r=1 mean  63.994 z   -0.5 above   0 det  0 maxdev 0.0032 (none          )  r=2 mean  64.010 z   +0.9 above   0 det  0 maxdev 0.0027  r=3 mean  64.031 z   +2.8 above   0 det  0 maxdev 0.0031
   k = 2^28                      r=1 mean  64.007 z   +0.7 above   0 det  0 maxdev 0.0024 (none          )  r=2 mean  64.003 z   +0.3 above   0 det  0 maxdev 0.0024  r=3 mean  64.002 z   +0.2 above   0 det  0 maxdev 0.0028
   k = 2^29, no wrap             r=1 mean  63.994 z   -0.6 above   0 det  0 maxdev 0.0027 (none          )  r=2 mean  63.989 z   -1.0 above   0 det  0 maxdev 0.0029  r=3 mean  64.012 z   +1.1 above   0 det  0 maxdev 0.0027
   k = 2^30, no wrap             r=1 mean  64.004 z   +0.4 above   0 det  0 maxdev 0.0030 (none          )  r=2 mean  63.989 z   -1.0 above   0 det  0 maxdev 0.0034  r=3 mean  63.995 z   -0.5 above   0 det  0 maxdev 0.0032
   k = 3*2^30, no wrap           r=1 mean  63.986 z   -1.3 above   0 det  0 maxdev 0.0031 (none          )  r=2 mean  64.003 z   +0.3 above   0 det  0 maxdev 0.0031  r=3 mean  63.978 z   -2.0 above   0 det  0 maxdev 0.0024
   k = 2^31, no wrap             r=1 mean  63.517 z  -43.7 above   2 det  0 maxdev 0.4999 (w1.b0  f 0.0001)  r=2 mean  63.984 z   -1.4 above   0 det  0 maxdev 0.0027  r=3 mean  64.016 z   +1.5 above   0 det  0 maxdev 0.0031
   k = 2^31, wrap                r=1 mean  64.011 z   +1.0 above   0 det  0 maxdev 0.0026 (none          )  r=2 mean  63.978 z   -2.0 above   0 det  0 maxdev 0.0022  r=3 mean  64.003 z   +0.3 above   0 det  0 maxdev 0.0028
   k = 2^31, all clocks          r=1 mean  63.755 z  -22.2 above   1 det  0 maxdev 0.2491 (w1.b0  f 0.2509)  r=2 mean  63.991 z   -0.8 above   0 det  0 maxdev 0.0027  r=3 mean  64.014 z   +1.2 above   0 det  0 maxdev 0.0023
   k = 2^32 (one wrap of lo)     r=1 mean  64.006 z   +0.5 above   0 det  0 maxdev 0.0030 (none          )  r=2 mean  64.034 z   +3.1 above   0 det  0 maxdev 0.0026  r=3 mean  64.006 z   +0.5 above   0 det  0 maxdev 0.0029
   k = 2^33                      r=1 mean  63.995 z   -0.5 above   0 det  0 maxdev 0.0029 (none          )  r=2 mean  63.987 z   -1.2 above   0 det  0 maxdev 0.0024  r=3 mean  63.997 z   -0.3 above   0 det  0 maxdev 0.0031
input 35 "VDF128-T4-clock-probe-33"   parity of p - q for the pairs 12 13 14 23 24 34: even even even odd odd odd
   k uniform in [1,1000]         r=1 mean  64.006 z   +0.6 above   0 det  0 maxdev 0.0026 (none          )  r=2 mean  63.978 z   -2.0 above   0 det  0 maxdev 0.0029  r=3 mean  63.997 z   -0.3 above   0 det  0 maxdev 0.0029
   k = 1                         r=1 mean  64.009 z   +0.8 above   0 det  0 maxdev 0.0026 (none          )  r=2 mean  64.002 z   +0.2 above   0 det  0 maxdev 0.0028  r=3 mean  64.006 z   +0.5 above   0 det  0 maxdev 0.0026
   k = 2^16                      r=1 mean  64.002 z   +0.1 above   0 det  0 maxdev 0.0028 (none          )  r=2 mean  64.007 z   +0.6 above   0 det  0 maxdev 0.0029  r=3 mean  63.981 z   -1.7 above   0 det  0 maxdev 0.0026
   k = 2^24                      r=1 mean  63.997 z   -0.3 above   0 det  0 maxdev 0.0022 (none          )  r=2 mean  63.997 z   -0.2 above   0 det  0 maxdev 0.0026  r=3 mean  64.003 z   +0.3 above   0 det  0 maxdev 0.0030
   k = 2^28                      r=1 mean  64.008 z   +0.7 above   0 det  0 maxdev 0.0024 (none          )  r=2 mean  63.990 z   -0.9 above   0 det  0 maxdev 0.0025  r=3 mean  64.017 z   +1.6 above   0 det  0 maxdev 0.0031
   k = 2^29, no wrap             r=1 mean  64.013 z   +1.1 above   0 det  0 maxdev 0.0025 (none          )  r=2 mean  63.990 z   -0.9 above   0 det  0 maxdev 0.0024  r=3 mean  64.009 z   +0.8 above   0 det  0 maxdev 0.0027
   k = 2^30, no wrap             r=1 mean  64.522 z  +47.2 above   1 det  0 maxdev 0.4998 (w1.b0  f 0.9998)  r=2 mean  63.973 z   -2.5 above   0 det  0 maxdev 0.0030  r=3 mean  64.017 z   +1.6 above   0 det  0 maxdev 0.0024
   k = 3*2^30, no wrap           r=1 mean  64.509 z  +46.1 above   1 det  0 maxdev 0.4998 (w1.b0  f 0.9998)  r=2 mean  64.008 z   +0.7 above   0 det  0 maxdev 0.0028  r=3 mean  63.994 z   -0.5 above   0 det  0 maxdev 0.0026
   k = 2^31, no wrap             r=1 mean  48.504 z -1402.6 above  34 det 32 maxdev 0.5000 (w1.b0  f 0.0000)  r=2 mean  64.024 z   +2.1 above   0 det  0 maxdev 0.0036  r=3 mean  64.013 z   +1.1 above   0 det  0 maxdev 0.0031
   k = 2^31, wrap                r=1 mean  64.009 z   +0.8 above   0 det  0 maxdev 0.0041 (none          )  r=2 mean  63.995 z   -0.4 above   0 det  0 maxdev 0.0036  r=3 mean  64.009 z   +0.8 above   0 det  0 maxdev 0.0026
   k = 2^31, all clocks          r=1 mean  56.214 z -704.7 above  33 det  0 maxdev 0.2520 (w1.b6  f 0.2480)  r=2 mean  64.011 z   +1.0 above   0 det  0 maxdev 0.0029  r=3 mean  63.998 z   -0.2 above   0 det  0 maxdev 0.0026
   k = 2^32 (one wrap of lo)     r=1 mean  64.001 z   +0.1 above   0 det  0 maxdev 0.0032 (none          )  r=2 mean  64.026 z   +2.4 above   0 det  0 maxdev 0.0025  r=3 mean  63.999 z   -0.1 above   0 det  0 maxdev 0.0026
   k = 2^33                      r=1 mean  64.009 z   +0.8 above   0 det  0 maxdev 0.0025 (none          )  r=2 mean  64.005 z   +0.5 above   0 det  0 maxdev 0.0024  r=3 mean  64.003 z   +0.3 above   0 det  0 maxdev 0.0026
input 36 "VDF128-T4-clock-probe-34"   parity of p - q for the pairs 12 13 14 23 24 34: even even even odd odd even
   k uniform in [1,1000]         r=1 mean  63.996 z   -0.4 above   0 det  0 maxdev 0.0024 (none          )  r=2 mean  63.998 z   -0.2 above   0 det  0 maxdev 0.0029  r=3 mean  64.015 z   +1.3 above   0 det  0 maxdev 0.0029
   k = 1                         r=1 mean  63.997 z   -0.3 above   0 det  0 maxdev 0.0025 (none          )  r=2 mean  63.998 z   -0.1 above   0 det  0 maxdev 0.0030  r=3 mean  64.003 z   +0.3 above   0 det  0 maxdev 0.0029
   k = 2^16                      r=1 mean  64.023 z   +2.1 above   1 det  0 maxdev 0.0063 (w1.b31 f 0.5063)  r=2 mean  64.000 z   -0.0 above   0 det  0 maxdev 0.0030  r=3 mean  64.007 z   +0.6 above   0 det  0 maxdev 0.0030
   k = 2^24                      r=1 mean  63.967 z   -3.0 above   0 det  0 maxdev 0.0029 (none          )  r=2 mean  64.006 z   +0.5 above   0 det  0 maxdev 0.0024  r=3 mean  63.992 z   -0.8 above   0 det  0 maxdev 0.0029
   k = 2^28                      r=1 mean  63.987 z   -1.2 above   1 det  0 maxdev 0.0054 (w1.b31 f 0.4946)  r=2 mean  63.998 z   -0.2 above   0 det  0 maxdev 0.0024  r=3 mean  63.989 z   -1.0 above   0 det  0 maxdev 0.0024
   k = 2^29, no wrap             r=1 mean  63.992 z   -0.7 above   1 det  0 maxdev 0.0073 (w1.b31 f 0.4927)  r=2 mean  64.001 z   +0.1 above   0 det  0 maxdev 0.0027  r=3 mean  64.004 z   +0.4 above   0 det  0 maxdev 0.0027
   k = 2^30, no wrap             r=1 mean  63.514 z  -44.0 above   2 det  0 maxdev 0.4999 (w1.b0  f 0.0001)  r=2 mean  64.016 z   +1.5 above   0 det  0 maxdev 0.0032  r=3 mean  63.990 z   -0.9 above   0 det  0 maxdev 0.0035
   k = 3*2^30, no wrap           r=1 mean  63.494 z  -45.8 above   2 det  0 maxdev 0.4999 (w1.b0  f 0.0001)  r=2 mean  64.002 z   +0.2 above   0 det  0 maxdev 0.0025  r=3 mean  64.009 z   +0.8 above   0 det  0 maxdev 0.0028
   k = 2^31, no wrap             r=1 mean  48.478 z -1404.9 above  35 det 32 maxdev 0.5000 (w1.b0  f 0.0000)  r=2 mean  63.999 z   -0.1 above   0 det  0 maxdev 0.0028  r=3 mean  64.001 z   +0.1 above   0 det  0 maxdev 0.0031
   k = 2^31, wrap                r=1 mean  64.007 z   +0.7 above   0 det  0 maxdev 0.0027 (none          )  r=2 mean  64.017 z   +1.5 above   0 det  0 maxdev 0.0029  r=3 mean  63.990 z   -0.9 above   0 det  0 maxdev 0.0022
   k = 2^31, all clocks          r=1 mean  56.236 z -702.7 above  33 det  0 maxdev 0.2514 (w1.b12 f 0.2486)  r=2 mean  64.019 z   +1.7 above   0 det  0 maxdev 0.0026  r=3 mean  63.997 z   -0.2 above   0 det  0 maxdev 0.0033
   k = 2^32 (one wrap of lo)     r=1 mean  63.991 z   -0.8 above   0 det  0 maxdev 0.0027 (none          )  r=2 mean  64.021 z   +1.9 above   0 det  0 maxdev 0.0031  r=3 mean  63.980 z   -1.8 above   0 det  0 maxdev 0.0025
   k = 2^33                      r=1 mean  63.998 z   -0.2 above   0 det  0 maxdev 0.0027 (none          )  r=2 mean  64.010 z   +0.9 above   0 det  0 maxdev 0.0028  r=3 mean  63.997 z   -0.3 above   0 det  0 maxdev 0.0028
input 37 "VDF128-T4-clock-probe-35"   parity of p - q for the pairs 12 13 14 23 24 34: even odd even odd even even
   k uniform in [1,1000]         r=1 mean  64.007 z   +0.6 above   0 det  0 maxdev 0.0032 (none          )  r=2 mean  63.993 z   -0.6 above   0 det  0 maxdev 0.0030  r=3 mean  64.005 z   +0.4 above   0 det  0 maxdev 0.0023
   k = 1                         r=1 mean  63.999 z   -0.1 above   0 det  0 maxdev 0.0036 (none          )  r=2 mean  64.011 z   +1.0 above   0 det  0 maxdev 0.0027  r=3 mean  64.002 z   +0.2 above   0 det  0 maxdev 0.0033
   k = 2^16                      r=1 mean  63.972 z   -2.5 above   1 det  0 maxdev 0.0067 (w1.b31 f 0.4933)  r=2 mean  64.022 z   +2.0 above   0 det  0 maxdev 0.0031  r=3 mean  64.004 z   +0.4 above   0 det  0 maxdev 0.0024
   k = 2^24                      r=1 mean  64.011 z   +1.0 above   0 det  0 maxdev 0.0025 (none          )  r=2 mean  63.989 z   -1.0 above   0 det  0 maxdev 0.0029  r=3 mean  63.991 z   -0.8 above   0 det  0 maxdev 0.0023
   k = 2^28                      r=1 mean  63.922 z   -7.0 above   9 det  0 maxdev 0.0770 (w1.b31 f 0.4230)  r=2 mean  63.972 z   -2.6 above   0 det  0 maxdev 0.0022  r=3 mean  64.019 z   +1.7 above   0 det  0 maxdev 0.0030
   k = 2^29, no wrap             r=1 mean  64.078 z   +7.0 above   6 det  0 maxdev 0.0360 (w1.b31 f 0.5360)  r=2 mean  64.005 z   +0.5 above   0 det  0 maxdev 0.0022  r=3 mean  64.008 z   +0.8 above   0 det  0 maxdev 0.0023
   k = 2^30, no wrap             r=1 mean  64.039 z   +3.5 above   7 det  0 maxdev 0.0270 (w1.b28 f 0.5270)  r=2 mean  63.995 z   -0.4 above   0 det  0 maxdev 0.0033  r=3 mean  64.001 z   +0.0 above   0 det  0 maxdev 0.0027
   k = 3*2^30, no wrap           r=1 mean  64.058 z   +5.3 above   7 det  0 maxdev 0.0296 (w1.b28 f 0.5296)  r=2 mean  63.995 z   -0.5 above   0 det  0 maxdev 0.0023  r=3 mean  63.983 z   -1.5 above   0 det  0 maxdev 0.0022
   k = 2^31, no wrap             r=1 mean  64.494 z  +44.7 above  10 det  0 maxdev 0.4999 (w1.b0  f 0.9999)  r=2 mean  64.010 z   +0.9 above   0 det  0 maxdev 0.0025  r=3 mean  64.007 z   +0.6 above   0 det  0 maxdev 0.0026
   k = 2^31, wrap                r=1 mean  63.998 z   -0.2 above   0 det  0 maxdev 0.0030 (none          )  r=2 mean  64.022 z   +2.0 above   0 det  0 maxdev 0.0027  r=3 mean  64.017 z   +1.6 above   0 det  0 maxdev 0.0026
   k = 2^31, all clocks          r=1 mean  64.262 z  +23.7 above   6 det  0 maxdev 0.2514 (w1.b0  f 0.7514)  r=2 mean  63.977 z   -2.1 above   0 det  0 maxdev 0.0022  r=3 mean  63.982 z   -1.6 above   0 det  0 maxdev 0.0023
   k = 2^32 (one wrap of lo)     r=1 mean  63.978 z   -2.0 above   0 det  0 maxdev 0.0025 (none          )  r=2 mean  63.986 z   -1.3 above   0 det  0 maxdev 0.0030  r=3 mean  63.990 z   -0.9 above   0 det  0 maxdev 0.0031
   k = 2^33                      r=1 mean  64.010 z   +0.9 above   0 det  0 maxdev 0.0033 (none          )  r=2 mean  64.009 z   +0.8 above   0 det  0 maxdev 0.0029  r=3 mean  64.012 z   +1.1 above   0 det  0 maxdev 0.0031
input 38 "VDF128-T4-clock-probe-36"   parity of p - q for the pairs 12 13 14 23 24 34: even even odd odd even even
   k uniform in [1,1000]         r=1 mean  64.000 z   +0.0 above   0 det  0 maxdev 0.0021 (none          )  r=2 mean  64.009 z   +0.8 above   0 det  0 maxdev 0.0023  r=3 mean  63.991 z   -0.8 above   0 det  0 maxdev 0.0032
   k = 1                         r=1 mean  63.985 z   -1.3 above   1 det  0 maxdev 0.0052 (w1.b31 f 0.4948)  r=2 mean  63.986 z   -1.2 above   0 det  0 maxdev 0.0028  r=3 mean  63.999 z   -0.1 above   0 det  0 maxdev 0.0028
   k = 2^16                      r=1 mean  63.978 z   -2.0 above   0 det  0 maxdev 0.0032 (none          )  r=2 mean  63.994 z   -0.6 above   0 det  0 maxdev 0.0028  r=3 mean  64.001 z   +0.1 above   0 det  0 maxdev 0.0026
   k = 2^24                      r=1 mean  63.990 z   -0.9 above   1 det  0 maxdev 0.0054 (w1.b31 f 0.4946)  r=2 mean  64.007 z   +0.7 above   0 det  0 maxdev 0.0022  r=3 mean  64.001 z   +0.1 above   0 det  0 maxdev 0.0031
   k = 2^28                      r=1 mean  64.004 z   +0.4 above   1 det  0 maxdev 0.0130 (w1.b31 f 0.4870)  r=2 mean  64.018 z   +1.6 above   0 det  0 maxdev 0.0024  r=3 mean  63.992 z   -0.7 above   0 det  0 maxdev 0.0027
   k = 2^29, no wrap             r=1 mean  63.986 z   -1.3 above   2 det  0 maxdev 0.0073 (w1.b31 f 0.4927)  r=2 mean  63.997 z   -0.3 above   0 det  0 maxdev 0.0029  r=3 mean  63.978 z   -2.0 above   0 det  0 maxdev 0.0038
   k = 2^30, no wrap             r=1 mean  63.984 z   -1.4 above   0 det  0 maxdev 0.0022 (none          )  r=2 mean  64.004 z   +0.4 above   0 det  0 maxdev 0.0025  r=3 mean  64.000 z   +0.0 above   0 det  0 maxdev 0.0022
   k = 3*2^30, no wrap           r=1 mean  64.002 z   +0.1 above   0 det  0 maxdev 0.0025 (none          )  r=2 mean  64.007 z   +0.6 above   0 det  0 maxdev 0.0027  r=3 mean  64.008 z   +0.7 above   0 det  0 maxdev 0.0022
   k = 2^31, no wrap             r=1 mean  64.479 z  +43.3 above  10 det  0 maxdev 0.4999 (w1.b0  f 0.9999)  r=2 mean  63.992 z   -0.7 above   0 det  0 maxdev 0.0029  r=3 mean  63.989 z   -1.0 above   0 det  0 maxdev 0.0027
   k = 2^31, wrap                r=1 mean  63.996 z   -0.4 above   0 det  0 maxdev 0.0033 (none          )  r=2 mean  64.003 z   +0.3 above   0 det  0 maxdev 0.0033  r=3 mean  64.003 z   +0.2 above   0 det  0 maxdev 0.0025
   k = 2^31, all clocks          r=1 mean  64.233 z  +21.1 above   7 det  0 maxdev 0.2479 (w1.b0  f 0.7479)  r=2 mean  64.002 z   +0.1 above   0 det  0 maxdev 0.0029  r=3 mean  64.008 z   +0.7 above   0 det  0 maxdev 0.0027
   k = 2^32 (one wrap of lo)     r=1 mean  63.993 z   -0.6 above   0 det  0 maxdev 0.0026 (none          )  r=2 mean  63.982 z   -1.7 above   0 det  0 maxdev 0.0026  r=3 mean  63.997 z   -0.3 above   0 det  0 maxdev 0.0027
   k = 2^33                      r=1 mean  63.999 z   -0.1 above   0 det  0 maxdev 0.0028 (none          )  r=2 mean  64.000 z   -0.0 above   0 det  0 maxdev 0.0026  r=3 mean  64.010 z   +0.9 above   0 det  0 maxdev 0.0028
input 39 "VDF128-T4-clock-probe-37"   parity of p - q for the pairs 12 13 14 23 24 34: even even odd even odd even
   k uniform in [1,1000]         r=1 mean  63.997 z   -0.3 above   0 det  0 maxdev 0.0024 (none          )  r=2 mean  63.986 z   -1.3 above   0 det  0 maxdev 0.0036  r=3 mean  64.001 z   +0.1 above   0 det  0 maxdev 0.0024
   k = 1                         r=1 mean  63.997 z   -0.3 above   0 det  0 maxdev 0.0043 (none          )  r=2 mean  64.009 z   +0.8 above   0 det  0 maxdev 0.0027  r=3 mean  63.998 z   -0.2 above   0 det  0 maxdev 0.0023
   k = 2^16                      r=1 mean  63.999 z   -0.1 above   0 det  0 maxdev 0.0031 (none          )  r=2 mean  64.004 z   +0.3 above   0 det  0 maxdev 0.0031  r=3 mean  64.010 z   +0.9 above   0 det  0 maxdev 0.0034
   k = 2^24                      r=1 mean  63.975 z   -2.3 above   0 det  0 maxdev 0.0031 (none          )  r=2 mean  63.995 z   -0.4 above   0 det  0 maxdev 0.0027  r=3 mean  63.982 z   -1.6 above   0 det  0 maxdev 0.0028
   k = 2^28                      r=1 mean  63.980 z   -1.8 above   0 det  0 maxdev 0.0025 (none          )  r=2 mean  63.994 z   -0.6 above   0 det  0 maxdev 0.0031  r=3 mean  64.013 z   +1.2 above   0 det  0 maxdev 0.0027
   k = 2^29, no wrap             r=1 mean  64.007 z   +0.7 above   0 det  0 maxdev 0.0028 (none          )  r=2 mean  64.003 z   +0.3 above   0 det  0 maxdev 0.0026  r=3 mean  63.983 z   -1.5 above   0 det  0 maxdev 0.0023
   k = 2^30, no wrap             r=1 mean  63.997 z   -0.3 above   0 det  0 maxdev 0.0029 (none          )  r=2 mean  64.014 z   +1.2 above   0 det  0 maxdev 0.0032  r=3 mean  64.006 z   +0.5 above   0 det  0 maxdev 0.0026
   k = 3*2^30, no wrap           r=1 mean  63.993 z   -0.7 above   0 det  0 maxdev 0.0024 (none          )  r=2 mean  64.027 z   +2.5 above   0 det  0 maxdev 0.0030  r=3 mean  64.008 z   +0.8 above   0 det  0 maxdev 0.0023
   k = 2^31, no wrap             r=1 mean  64.483 z  +43.7 above  11 det  0 maxdev 0.4999 (w1.b0  f 0.9999)  r=2 mean  64.004 z   +0.3 above   0 det  0 maxdev 0.0030  r=3 mean  63.993 z   -0.7 above   0 det  0 maxdev 0.0028
   k = 2^31, wrap                r=1 mean  64.000 z   -0.0 above   0 det  0 maxdev 0.0023 (none          )  r=2 mean  63.996 z   -0.4 above   0 det  0 maxdev 0.0028  r=3 mean  64.012 z   +1.1 above   0 det  0 maxdev 0.0029
   k = 2^31, all clocks          r=1 mean  64.229 z  +20.7 above   6 det  0 maxdev 0.2499 (w1.b0  f 0.7499)  r=2 mean  64.003 z   +0.3 above   0 det  0 maxdev 0.0030  r=3 mean  64.010 z   +0.9 above   0 det  0 maxdev 0.0037
   k = 2^32 (one wrap of lo)     r=1 mean  64.003 z   +0.3 above   0 det  0 maxdev 0.0033 (none          )  r=2 mean  63.975 z   -2.2 above   0 det  0 maxdev 0.0023  r=3 mean  64.006 z   +0.6 above   0 det  0 maxdev 0.0021
   k = 2^33                      r=1 mean  64.006 z   +0.5 above   0 det  0 maxdev 0.0023 (none          )  r=2 mean  64.022 z   +2.0 above   0 det  0 maxdev 0.0027  r=3 mean  63.999 z   -0.1 above   0 det  0 maxdev 0.0028

SUMMARY
  inputs 40, offset cells 13, iteration counts 3: 1560 cells of 2^18 states
  r = 1: cells with a bit above the floor: 151; bits above the floor in all: 1198
  r = 1, offsets up to 2^28: largest |z| of a mean Hamming distance: 7.03
  r = 2 and 3: bit tests 133120, bits above the floor: 0 (expected by chance 0.91); largest |z| of a mean: 3.10
  controls: P PASS, N PASS

PER OFFSET (over the 40 inputs): inputs with a bit above the floor / bits above the floor / largest deviation / most determined bits / range of the mean
  r = 1
   k uniform in [1,1000]        inputs 0  bits    0  maxdev 0.0038  det  0  mean 63.978 .. 64.018  max|z| 2.0
   k = 1                        inputs 2  bits    2  maxdev 0.0052  det  0  mean 63.963 .. 64.021  max|z| 3.4
   k = 2^16                     inputs 4  bits    4  maxdev 0.0113  det  0  mean 63.972 .. 64.024  max|z| 2.5
   k = 2^24                     inputs 7  bits    7  maxdev 0.0377  det  0  mean 63.967 .. 64.017  max|z| 3.0
   k = 2^28                     inputs 10  bits   19  maxdev 0.0770  det  0  mean 63.922 .. 64.022  max|z| 7.0
   k = 2^29, no wrap            inputs 10  bits   16  maxdev 0.4999  det  0  mean 63.486 .. 64.078  max|z| 46.5
   k = 2^30, no wrap            inputs 13  bits  123  maxdev 0.5000  det 31  mean 49.516 .. 64.522  max|z| 1311.0
   k = 3*2^30, no wrap          inputs 13  bits  126  maxdev 0.5000  det 31  mean 49.525 .. 64.509  max|z| 1310.1
   k = 2^31, no wrap            inputs 40  bits  489  maxdev 0.5000  det 32  mean 48.478 .. 64.509  max|z| 1404.9
   k = 2^31, wrap               inputs 1  bits    1  maxdev 0.0069  det  0  mean 63.983 .. 64.013  max|z| 1.5
   k = 2^31, all clocks         inputs 40  bits  398  maxdev 0.2531  det  0  mean 56.214 .. 64.265  max|z| 704.7
   k = 2^32 (one wrap of lo)    inputs 7  bits    9  maxdev 0.0348  det  0  mean 63.975 .. 64.034  max|z| 3.1
   k = 2^33                     inputs 4  bits    4  maxdev 0.0098  det  0  mean 63.973 .. 64.027  max|z| 2.5
  r = 2
   k uniform in [1,1000]        inputs 0  bits    0  maxdev 0.0036  det  0  mean 63.978 .. 64.022  max|z| 2.0
   k = 1                        inputs 0  bits    0  maxdev 0.0039  det  0  mean 63.972 .. 64.015  max|z| 2.5
   k = 2^16                     inputs 0  bits    0  maxdev 0.0037  det  0  mean 63.977 .. 64.032  max|z| 2.9
   k = 2^24                     inputs 0  bits    0  maxdev 0.0033  det  0  mean 63.982 .. 64.019  max|z| 1.8
   k = 2^28                     inputs 0  bits    0  maxdev 0.0038  det  0  mean 63.972 .. 64.018  max|z| 2.6
   k = 2^29, no wrap            inputs 0  bits    0  maxdev 0.0040  det  0  mean 63.967 .. 64.033  max|z| 3.0
   k = 2^30, no wrap            inputs 0  bits    0  maxdev 0.0038  det  0  mean 63.973 .. 64.021  max|z| 2.5
   k = 3*2^30, no wrap          inputs 0  bits    0  maxdev 0.0040  det  0  mean 63.973 .. 64.032  max|z| 2.9
   k = 2^31, no wrap            inputs 0  bits    0  maxdev 0.0037  det  0  mean 63.977 .. 64.024  max|z| 2.1
   k = 2^31, wrap               inputs 0  bits    0  maxdev 0.0037  det  0  mean 63.978 .. 64.031  max|z| 2.8
   k = 2^31, all clocks         inputs 0  bits    0  maxdev 0.0037  det  0  mean 63.977 .. 64.024  max|z| 2.2
   k = 2^32 (one wrap of lo)    inputs 0  bits    0  maxdev 0.0041  det  0  mean 63.975 .. 64.034  max|z| 3.1
   k = 2^33                     inputs 0  bits    0  maxdev 0.0037  det  0  mean 63.973 .. 64.028  max|z| 2.5
  r = 3
   k uniform in [1,1000]        inputs 0  bits    0  maxdev 0.0036  det  0  mean 63.976 .. 64.028  max|z| 2.6
   k = 1                        inputs 0  bits    0  maxdev 0.0037  det  0  mean 63.968 .. 64.020  max|z| 2.9
   k = 2^16                     inputs 0  bits    0  maxdev 0.0035  det  0  mean 63.972 .. 64.021  max|z| 2.6
   k = 2^24                     inputs 0  bits    0  maxdev 0.0033  det  0  mean 63.976 .. 64.031  max|z| 2.8
   k = 2^28                     inputs 0  bits    0  maxdev 0.0035  det  0  mean 63.981 .. 64.023  max|z| 2.1
   k = 2^29, no wrap            inputs 0  bits    0  maxdev 0.0039  det  0  mean 63.978 .. 64.021  max|z| 2.0
   k = 2^30, no wrap            inputs 0  bits    0  maxdev 0.0036  det  0  mean 63.975 .. 64.023  max|z| 2.3
   k = 3*2^30, no wrap          inputs 0  bits    0  maxdev 0.0033  det  0  mean 63.978 .. 64.023  max|z| 2.1
   k = 2^31, no wrap            inputs 0  bits    0  maxdev 0.0036  det  0  mean 63.977 .. 64.021  max|z| 2.1
   k = 2^31, wrap               inputs 0  bits    0  maxdev 0.0035  det  0  mean 63.978 .. 64.019  max|z| 2.0
   k = 2^31, all clocks         inputs 0  bits    0  maxdev 0.0040  det  0  mean 63.978 .. 64.020  max|z| 2.0
   k = 2^32 (one wrap of lo)    inputs 0  bits    0  maxdev 0.0032  det  0  mean 63.979 .. 64.025  max|z| 2.2
   k = 2^33                     inputs 0  bits    0  maxdev 0.0043  det  0  mean 63.977 .. 64.017  max|z| 2.0
